family,m,n,instance,best_known,method,run,evaluations,ratio
reg3,60,6,reg3_m60_s0,83.0,genpce_es,0,10,0.5903614457831325
reg3,60,6,reg3_m60_s0,83.0,genpce_es,0,60,0.6506024096385542
reg3,60,6,reg3_m60_s0,83.0,genpce_es,0,110,0.6506024096385542
reg3,60,6,reg3_m60_s0,83.0,genpce_es,0,160,0.7228915662650602
reg3,60,6,reg3_m60_s0,83.0,genpce_es,0,210,0.6987951807228916
reg3,60,6,reg3_m60_s0,83.0,genpce_es,0,260,0.7228915662650602
reg3,60,6,reg3_m60_s0,83.0,genpce_es,0,310,0.7349397590361446
reg3,60,6,reg3_m60_s0,83.0,genpce_es,0,360,0.7710843373493976
reg3,60,6,reg3_m60_s0,83.0,genpce_es,0,410,0.7710843373493976
reg3,60,6,reg3_m60_s0,83.0,genpce_es,0,460,0.7590361445783133
reg3,60,6,reg3_m60_s0,83.0,genpce_es,0,510,0.7590361445783133
reg3,60,6,reg3_m60_s0,83.0,genpce_es,0,560,0.7831325301204819
reg3,60,6,reg3_m60_s0,83.0,genpce_es,0,610,0.7831325301204819
reg3,60,6,reg3_m60_s0,83.0,genpce_es,0,660,0.7831325301204819
reg3,60,6,reg3_m60_s0,83.0,genpce_es,0,710,0.7831325301204819
reg3,60,6,reg3_m60_s0,83.0,genpce_es,0,760,0.7831325301204819
reg3,60,6,reg3_m60_s0,83.0,genpce_es,0,810,0.7831325301204819
reg3,60,6,reg3_m60_s0,83.0,genpce_es,0,860,0.7951807228915663
reg3,60,6,reg3_m60_s0,83.0,genpce_es,0,910,0.7951807228915663
reg3,60,6,reg3_m60_s0,83.0,genpce_es,0,960,0.7951807228915663
reg3,60,6,reg3_m60_s0,83.0,genpce_es,0,1010,0.8072289156626506
reg3,60,6,reg3_m60_s0,83.0,genpce_es,0,1060,0.8072289156626506
reg3,60,6,reg3_m60_s0,83.0,genpce_es,0,1110,0.8072289156626506
reg3,60,6,reg3_m60_s0,83.0,genpce_es,0,1160,0.8072289156626506
reg3,60,6,reg3_m60_s0,83.0,genpce_es,0,1210,0.8072289156626506
reg3,60,6,reg3_m60_s0,83.0,genpce_es,0,1260,0.8072289156626506
reg3,60,6,reg3_m60_s0,83.0,genpce_es,0,1310,0.8072289156626506
reg3,60,6,reg3_m60_s0,83.0,genpce_es,0,1360,0.8072289156626506
reg3,60,6,reg3_m60_s0,83.0,genpce_es,0,1410,0.8072289156626506
reg3,60,6,reg3_m60_s0,83.0,genpce_es,0,1460,0.8072289156626506
reg3,60,6,reg3_m60_s0,83.0,genpce_es,0,1510,0.8072289156626506
reg3,60,6,reg3_m60_s0,83.0,genpce_es,0,1560,0.8192771084337349
reg3,60,6,reg3_m60_s0,83.0,genpce_es,0,1610,0.8192771084337349
reg3,60,6,reg3_m60_s0,83.0,genpce_es,0,1660,0.8192771084337349
reg3,60,6,reg3_m60_s0,83.0,genpce_es,0,1710,0.8192771084337349
reg3,60,6,reg3_m60_s0,83.0,genpce_es,0,1760,0.8192771084337349
reg3,60,6,reg3_m60_s0,83.0,genpce_es,0,1810,0.8192771084337349
reg3,60,6,reg3_m60_s0,83.0,genpce_es,0,1860,0.8192771084337349
reg3,60,6,reg3_m60_s0,83.0,genpce_es,0,1910,0.8192771084337349
reg3,60,6,reg3_m60_s0,83.0,genpce_es,0,1960,0.8192771084337349
reg3,60,6,reg3_m60_s0,83.0,genpce_es,0,2010,0.8192771084337349
reg3,60,6,reg3_m60_s0,83.0,genpce_es,0,2060,0.8192771084337349
reg3,60,6,reg3_m60_s0,83.0,genpce_es,0,2110,0.8192771084337349
reg3,60,6,reg3_m60_s0,83.0,genpce_es,0,2160,0.8192771084337349
reg3,60,6,reg3_m60_s0,83.0,genpce_es,0,2210,0.8192771084337349
reg3,60,6,reg3_m60_s0,83.0,genpce_es,0,2260,0.8192771084337349
reg3,60,6,reg3_m60_s0,83.0,genpce_es,0,2310,0.8192771084337349
reg3,60,6,reg3_m60_s0,83.0,genpce_es,0,2360,0.8313253012048193
reg3,60,6,reg3_m60_s0,83.0,genpce_es,0,2410,0.8313253012048193
reg3,60,6,reg3_m60_s0,83.0,genpce_es,0,2460,0.8313253012048193
reg3,60,6,reg3_m60_s0,83.0,genpce_es,0,2510,0.8313253012048193
reg3,60,6,reg3_m60_s0,83.0,genpce_es,0,2560,0.8313253012048193
reg3,60,6,reg3_m60_s0,83.0,genpce_es,0,2610,0.8313253012048193
reg3,60,6,reg3_m60_s0,83.0,genpce_es,0,2660,0.8313253012048193
reg3,60,6,reg3_m60_s0,83.0,genpce_es,0,2710,0.8313253012048193
reg3,60,6,reg3_m60_s0,83.0,genpce_es,0,2760,0.8313253012048193
reg3,60,6,reg3_m60_s0,83.0,genpce_es,0,2810,0.8313253012048193
reg3,60,6,reg3_m60_s0,83.0,genpce_es,0,2860,0.8313253012048193
reg3,60,6,reg3_m60_s0,83.0,genpce_es,0,2910,0.8313253012048193
reg3,60,6,reg3_m60_s0,83.0,genpce_es,0,2960,0.8313253012048193
reg3,60,6,reg3_m60_s0,83.0,genpce_es,0,3010,0.8313253012048193
reg3,60,6,reg3_m60_s0,83.0,genpce_es,0,3060,0.8313253012048193
reg3,60,6,reg3_m60_s0,83.0,genpce_es,0,3110,0.8313253012048193
reg3,60,6,reg3_m60_s0,83.0,genpce_es,0,3160,0.8313253012048193
reg3,60,6,reg3_m60_s0,83.0,genpce_es,0,3210,0.8313253012048193
reg3,60,6,reg3_m60_s0,83.0,genpce_es,0,3260,0.8313253012048193
reg3,60,6,reg3_m60_s0,83.0,genpce_es,0,3310,0.8313253012048193
reg3,60,6,reg3_m60_s0,83.0,genpce_es,0,3360,0.8313253012048193
reg3,60,6,reg3_m60_s0,83.0,genpce_es,0,3410,0.8313253012048193
reg3,60,6,reg3_m60_s0,83.0,genpce_es,0,3460,0.8313253012048193
reg3,60,6,reg3_m60_s0,83.0,genpce_es,0,3510,0.8313253012048193
reg3,60,6,reg3_m60_s0,83.0,genpce_es,0,3560,0.8433734939759037
reg3,60,6,reg3_m60_s0,83.0,genpce_es,0,3610,0.8433734939759037
reg3,60,6,reg3_m60_s0,83.0,genpce_es,0,3660,0.8433734939759037
reg3,60,6,reg3_m60_s0,83.0,genpce_es,0,3710,0.8433734939759037
reg3,60,6,reg3_m60_s0,83.0,genpce_es,0,3760,0.8433734939759037
reg3,60,6,reg3_m60_s0,83.0,genpce_es,0,3810,0.8433734939759037
reg3,60,6,reg3_m60_s0,83.0,genpce_es,0,3860,0.8433734939759037
reg3,60,6,reg3_m60_s0,83.0,genpce_es,0,3910,0.8433734939759037
reg3,60,6,reg3_m60_s0,83.0,genpce_es,0,3960,0.8433734939759037
reg3,60,6,reg3_m60_s0,83.0,genpce_es,0,4010,0.8433734939759037
reg3,60,6,reg3_m60_s0,83.0,genpce_es,0,4060,0.8433734939759037
reg3,60,6,reg3_m60_s0,83.0,genpce_es,0,4110,0.8433734939759037
reg3,60,6,reg3_m60_s0,83.0,genpce_es,0,4160,0.8433734939759037
reg3,60,6,reg3_m60_s0,83.0,genpce_es,0,4210,0.8433734939759037
reg3,60,6,reg3_m60_s0,83.0,genpce_es,0,4260,0.8433734939759037
reg3,60,6,reg3_m60_s0,83.0,genpce_es,0,4310,0.8433734939759037
reg3,60,6,reg3_m60_s0,83.0,genpce_es,0,4360,0.8433734939759037
reg3,60,6,reg3_m60_s0,83.0,genpce_es,0,4410,0.8433734939759037
reg3,60,6,reg3_m60_s0,83.0,genpce_es,0,4460,0.8433734939759037
reg3,60,6,reg3_m60_s0,83.0,genpce_es,0,4510,0.8433734939759037
reg3,60,6,reg3_m60_s0,83.0,genpce_es,0,4560,0.8433734939759037
reg3,60,6,reg3_m60_s0,83.0,genpce_es,0,4610,0.8433734939759037
reg3,60,6,reg3_m60_s0,83.0,genpce_es,0,4660,0.8433734939759037
reg3,60,6,reg3_m60_s0,83.0,genpce_es,0,4710,0.8433734939759037
reg3,60,6,reg3_m60_s0,83.0,genpce_es,0,4760,0.8433734939759037
reg3,60,6,reg3_m60_s0,83.0,genpce_es,0,4810,0.8433734939759037
reg3,60,6,reg3_m60_s0,83.0,genpce_es,0,4860,0.8433734939759037
reg3,60,6,reg3_m60_s0,83.0,genpce_es,0,4910,0.8433734939759037
reg3,60,6,reg3_m60_s0,83.0,genpce_es,0,4960,0.8433734939759037
reg3,60,6,reg3_m60_s0,83.0,genpce_es,0,5010,0.8433734939759037
reg3,60,6,reg3_m60_s0,83.0,genpce_es,0,5060,0.8433734939759037
reg3,60,6,reg3_m60_s0,83.0,genpce_es,0,5110,0.8433734939759037
reg3,60,6,reg3_m60_s0,83.0,genpce_es,0,5160,0.8433734939759037
reg3,60,6,reg3_m60_s0,83.0,genpce_es,0,5210,0.8433734939759037
reg3,60,6,reg3_m60_s0,83.0,genpce_es,0,5260,0.8433734939759037
reg3,60,6,reg3_m60_s0,83.0,genpce_es,0,5310,0.8433734939759037
reg3,60,6,reg3_m60_s0,83.0,genpce_es,0,5360,0.8433734939759037
reg3,60,6,reg3_m60_s0,83.0,genpce_es,0,5410,0.8433734939759037
reg3,60,6,reg3_m60_s0,83.0,genpce_es,0,5460,0.8433734939759037
reg3,60,6,reg3_m60_s0,83.0,genpce_es,0,5510,0.8433734939759037
reg3,60,6,reg3_m60_s0,83.0,genpce_es,0,5560,0.8433734939759037
reg3,60,6,reg3_m60_s0,83.0,genpce_es,0,5610,0.8433734939759037
reg3,60,6,reg3_m60_s0,83.0,genpce_es,0,5660,0.8433734939759037
reg3,60,6,reg3_m60_s0,83.0,genpce_es,0,5710,0.8433734939759037
reg3,60,6,reg3_m60_s0,83.0,genpce_es,0,5760,0.8433734939759037
reg3,60,6,reg3_m60_s0,83.0,genpce_es,0,5810,0.8433734939759037
reg3,60,6,reg3_m60_s0,83.0,genpce_es,0,5860,0.8433734939759037
reg3,60,6,reg3_m60_s0,83.0,genpce_es,0,5910,0.8433734939759037
reg3,60,6,reg3_m60_s0,83.0,genpce_es,0,5960,0.8433734939759037
reg3,60,6,reg3_m60_s0,83.0,genpce_es,0,6010,0.8433734939759037
reg3,60,6,reg3_m60_s0,83.0,genpce_es,0,6060,0.8433734939759037
reg3,60,6,reg3_m60_s0,83.0,genpce_es,0,6110,0.8433734939759037
reg3,60,6,reg3_m60_s0,83.0,genpce_es,0,6160,0.8433734939759037
reg3,60,6,reg3_m60_s0,83.0,genpce_es,0,6210,0.8433734939759037
reg3,60,6,reg3_m60_s0,83.0,genpce_es,0,6260,0.8433734939759037
reg3,60,6,reg3_m60_s0,83.0,genpce_es,0,6310,0.8433734939759037
reg3,60,6,reg3_m60_s0,83.0,genpce_es,0,6360,0.8433734939759037
reg3,60,6,reg3_m60_s0,83.0,genpce_es,0,6410,0.8433734939759037
reg3,60,6,reg3_m60_s0,83.0,genpce_es,0,6460,0.8433734939759037
reg3,60,6,reg3_m60_s0,83.0,genpce_es,0,6510,0.8433734939759037
reg3,60,6,reg3_m60_s0,83.0,genpce_es,0,6560,0.8433734939759037
reg3,60,6,reg3_m60_s0,83.0,genpce_es,0,6610,0.8433734939759037
reg3,60,6,reg3_m60_s0,83.0,genpce_es,0,6660,0.8433734939759037
reg3,60,6,reg3_m60_s0,83.0,genpce_es,0,6710,0.8433734939759037
reg3,60,6,reg3_m60_s0,83.0,genpce_es,0,6760,0.8433734939759037
reg3,60,6,reg3_m60_s0,83.0,genpce_es,0,6810,0.8433734939759037
reg3,60,6,reg3_m60_s0,83.0,genpce_es,0,6860,0.8433734939759037
reg3,60,6,reg3_m60_s0,83.0,genpce_es,0,6910,0.8433734939759037
reg3,60,6,reg3_m60_s0,83.0,genpce_es,0,6960,0.8433734939759037
reg3,60,6,reg3_m60_s0,83.0,genpce_es,0,7010,0.8433734939759037
reg3,60,6,reg3_m60_s0,83.0,genpce_es,0,7060,0.8433734939759037
reg3,60,6,reg3_m60_s0,83.0,genpce_es,0,7110,0.8433734939759037
reg3,60,6,reg3_m60_s0,83.0,genpce_es,0,7160,0.8433734939759037
reg3,60,6,reg3_m60_s0,83.0,genpce_es,0,7210,0.8433734939759037
reg3,60,6,reg3_m60_s0,83.0,genpce_es,0,7260,0.8433734939759037
reg3,60,6,reg3_m60_s0,83.0,genpce_es,0,7310,0.8433734939759037
reg3,60,6,reg3_m60_s0,83.0,genpce_es,0,7360,0.8433734939759037
reg3,60,6,reg3_m60_s0,83.0,genpce_es,0,7410,0.8433734939759037
reg3,60,6,reg3_m60_s0,83.0,genpce_es,0,7460,0.8433734939759037
reg3,60,6,reg3_m60_s0,83.0,genpce_es,0,7510,0.8433734939759037
reg3,60,6,reg3_m60_s0,83.0,genpce_es,0,7560,0.8433734939759037
reg3,60,6,reg3_m60_s0,83.0,genpce_es,0,7610,0.8433734939759037
reg3,60,6,reg3_m60_s0,83.0,genpce_es,0,7660,0.8554216867469879
reg3,60,6,reg3_m60_s0,83.0,genpce_es,0,7710,0.8554216867469879
reg3,60,6,reg3_m60_s0,83.0,genpce_es,0,7760,0.8554216867469879
reg3,60,6,reg3_m60_s0,83.0,genpce_es,0,7810,0.8554216867469879
reg3,60,6,reg3_m60_s0,83.0,genpce_es,0,7860,0.8554216867469879
reg3,60,6,reg3_m60_s0,83.0,genpce_es,0,7910,0.8554216867469879
reg3,60,6,reg3_m60_s0,83.0,genpce_es,0,7960,0.8554216867469879
reg3,60,6,reg3_m60_s0,83.0,genpce_es,0,8010,0.8554216867469879
reg3,60,6,reg3_m60_s0,83.0,genpce_es,0,8060,0.8554216867469879
reg3,60,6,reg3_m60_s0,83.0,genpce_es,0,8110,0.8554216867469879
reg3,60,6,reg3_m60_s0,83.0,genpce_es,0,8160,0.8554216867469879
reg3,60,6,reg3_m60_s0,83.0,genpce_es,0,8210,0.8554216867469879
reg3,60,6,reg3_m60_s0,83.0,genpce_es,0,8260,0.8674698795180723
reg3,60,6,reg3_m60_s0,83.0,genpce_es,0,8310,0.8674698795180723
reg3,60,6,reg3_m60_s0,83.0,genpce_es,0,8360,0.8674698795180723
reg3,60,6,reg3_m60_s0,83.0,genpce_es,0,8410,0.8674698795180723
reg3,60,6,reg3_m60_s0,83.0,genpce_es,0,8460,0.8674698795180723
reg3,60,6,reg3_m60_s0,83.0,genpce_es,0,8510,0.8674698795180723
reg3,60,6,reg3_m60_s0,83.0,genpce_es,0,8560,0.8674698795180723
reg3,60,6,reg3_m60_s0,83.0,genpce_es,0,8610,0.8674698795180723
reg3,60,6,reg3_m60_s0,83.0,genpce_es,0,8660,0.8674698795180723
reg3,60,6,reg3_m60_s0,83.0,genpce_es,0,8710,0.8674698795180723
reg3,60,6,reg3_m60_s0,83.0,genpce_es,0,8760,0.8674698795180723
reg3,60,6,reg3_m60_s0,83.0,genpce_es,0,8810,0.8674698795180723
reg3,60,6,reg3_m60_s0,83.0,genpce_es,0,8860,0.8674698795180723
reg3,60,6,reg3_m60_s0,83.0,genpce_es,0,8910,0.8674698795180723
reg3,60,6,reg3_m60_s0,83.0,genpce_es,0,8960,0.8674698795180723
reg3,60,6,reg3_m60_s0,83.0,genpce_es,0,9010,0.8674698795180723
reg3,60,6,reg3_m60_s0,83.0,genpce_es,0,9060,0.8674698795180723
reg3,60,6,reg3_m60_s0,83.0,genpce_es,0,9110,0.8674698795180723
reg3,60,6,reg3_m60_s0,83.0,genpce_es,0,9160,0.8674698795180723
reg3,60,6,reg3_m60_s0,83.0,genpce_es,0,9210,0.8674698795180723
reg3,60,6,reg3_m60_s0,83.0,genpce_es,0,9260,0.8674698795180723
reg3,60,6,reg3_m60_s0,83.0,genpce_es,0,9310,0.8674698795180723
reg3,60,6,reg3_m60_s0,83.0,genpce_es,0,9360,0.8674698795180723
reg3,60,6,reg3_m60_s0,83.0,genpce_es,0,9410,0.8674698795180723
reg3,60,6,reg3_m60_s0,83.0,genpce_es,0,9460,0.8674698795180723
reg3,60,6,reg3_m60_s0,83.0,genpce_es,0,9510,0.8674698795180723
reg3,60,6,reg3_m60_s0,83.0,genpce_es,0,9560,0.8674698795180723
reg3,60,6,reg3_m60_s0,83.0,genpce_es,0,9610,0.8674698795180723
reg3,60,6,reg3_m60_s0,83.0,genpce_es,0,9660,0.8674698795180723
reg3,60,6,reg3_m60_s0,83.0,genpce_es,0,9710,0.8674698795180723
reg3,60,6,reg3_m60_s0,83.0,genpce_es,0,9760,0.8674698795180723
reg3,60,6,reg3_m60_s0,83.0,genpce_es,0,9810,0.8674698795180723
reg3,60,6,reg3_m60_s0,83.0,genpce_es,0,9860,0.8674698795180723
reg3,60,6,reg3_m60_s0,83.0,genpce_es,0,9910,0.8674698795180723
reg3,60,6,reg3_m60_s0,83.0,genpce_es,0,9960,0.8674698795180723
reg3,60,6,reg3_m60_s0,83.0,genpce_es,0,10010,0.8674698795180723
reg3,60,6,reg3_m60_s0,83.0,genpce_es,0,10060,0.8674698795180723
reg3,60,6,reg3_m60_s0,83.0,genpce_es,0,10110,0.8674698795180723
reg3,60,6,reg3_m60_s0,83.0,genpce_es,0,10160,0.8674698795180723
reg3,60,6,reg3_m60_s0,83.0,genpce_es,0,10210,0.8674698795180723
reg3,60,6,reg3_m60_s0,83.0,genpce_es,0,10260,0.8674698795180723
reg3,60,6,reg3_m60_s0,83.0,genpce_es,0,10310,0.8674698795180723
reg3,60,6,reg3_m60_s0,83.0,genpce_es,0,10360,0.8674698795180723
reg3,60,6,reg3_m60_s0,83.0,genpce_es,0,10410,0.8674698795180723
reg3,60,6,reg3_m60_s0,83.0,genpce_es,0,10460,0.8674698795180723
reg3,60,6,reg3_m60_s0,83.0,genpce_es,0,10510,0.8674698795180723
reg3,60,6,reg3_m60_s0,83.0,genpce_es,0,10560,0.8674698795180723
reg3,60,6,reg3_m60_s0,83.0,genpce_es,0,10610,0.8674698795180723
reg3,60,6,reg3_m60_s0,83.0,genpce_es,0,10660,0.8674698795180723
reg3,60,6,reg3_m60_s0,83.0,genpce_es,0,10710,0.8674698795180723
reg3,60,6,reg3_m60_s0,83.0,genpce_es,0,10760,0.8674698795180723
reg3,60,6,reg3_m60_s0,83.0,genpce_es,0,10810,0.8674698795180723
reg3,60,6,reg3_m60_s0,83.0,genpce_es,0,10860,0.8674698795180723
reg3,60,6,reg3_m60_s0,83.0,genpce_es,0,10910,0.8674698795180723
reg3,60,6,reg3_m60_s0,83.0,genpce_es,0,10960,0.8674698795180723
reg3,60,6,reg3_m60_s0,83.0,genpce_es,0,11010,0.8674698795180723
reg3,60,6,reg3_m60_s0,83.0,genpce_es,0,11060,0.8674698795180723
reg3,60,6,reg3_m60_s0,83.0,genpce_es,0,11110,0.8674698795180723
reg3,60,6,reg3_m60_s0,83.0,genpce_es,0,11160,0.8674698795180723
reg3,60,6,reg3_m60_s0,83.0,genpce_es,0,11210,0.8674698795180723
reg3,60,6,reg3_m60_s0,83.0,genpce_es,0,11260,0.8674698795180723
reg3,60,6,reg3_m60_s0,83.0,genpce_es,0,11310,0.8674698795180723
reg3,60,6,reg3_m60_s0,83.0,genpce_es,0,11360,0.8674698795180723
reg3,60,6,reg3_m60_s0,83.0,genpce_es,0,11410,0.8674698795180723
reg3,60,6,reg3_m60_s0,83.0,genpce_es,0,11460,0.8674698795180723
reg3,60,6,reg3_m60_s0,83.0,genpce_es,0,11510,0.8674698795180723
reg3,60,6,reg3_m60_s0,83.0,genpce_es,0,11560,0.8674698795180723
reg3,60,6,reg3_m60_s0,83.0,genpce_es,0,11610,0.8674698795180723
reg3,60,6,reg3_m60_s0,83.0,genpce_es,0,11660,0.8674698795180723
reg3,60,6,reg3_m60_s0,83.0,genpce_es,0,11710,0.8674698795180723
reg3,60,6,reg3_m60_s0,83.0,genpce_es,0,11760,0.8674698795180723
reg3,60,6,reg3_m60_s0,83.0,genpce_es,0,11810,0.8674698795180723
reg3,60,6,reg3_m60_s0,83.0,genpce_es,0,11860,0.8674698795180723
reg3,60,6,reg3_m60_s0,83.0,genpce_es,0,11910,0.8674698795180723
reg3,60,6,reg3_m60_s0,83.0,genpce_es,0,11960,0.8674698795180723
reg3,60,6,reg3_m60_s0,83.0,genpce_es,0,12010,0.8674698795180723
reg3,60,6,reg3_m60_s0,83.0,genpce_es,0,12060,0.8674698795180723
reg3,60,6,reg3_m60_s0,83.0,genpce_es,0,12110,0.8674698795180723
reg3,60,6,reg3_m60_s0,83.0,genpce_es,0,12160,0.8674698795180723
reg3,60,6,reg3_m60_s0,83.0,genpce_es,0,12210,0.8674698795180723
reg3,60,6,reg3_m60_s0,83.0,genpce_es,0,12260,0.8674698795180723
reg3,60,6,reg3_m60_s0,83.0,genpce_es,0,12310,0.8674698795180723
reg3,60,6,reg3_m60_s0,83.0,genpce_es,0,12360,0.8674698795180723
reg3,60,6,reg3_m60_s0,83.0,genpce_es,0,12410,0.8674698795180723
reg3,60,6,reg3_m60_s0,83.0,genpce_es,0,12460,0.8674698795180723
reg3,60,6,reg3_m60_s0,83.0,genpce_es,0,12510,0.8674698795180723
reg3,60,6,reg3_m60_s0,83.0,genpce_es,0,12560,0.8674698795180723
reg3,60,6,reg3_m60_s0,83.0,genpce_es,0,12610,0.8674698795180723
reg3,60,6,reg3_m60_s0,83.0,genpce_es,0,12660,0.8674698795180723
reg3,60,6,reg3_m60_s0,83.0,genpce_es,0,12710,0.8674698795180723
reg3,60,6,reg3_m60_s0,83.0,genpce_es,0,12760,0.8674698795180723
reg3,60,6,reg3_m60_s0,83.0,genpce_es,0,12810,0.8674698795180723
reg3,60,6,reg3_m60_s0,83.0,genpce_es,0,12860,0.8674698795180723
reg3,60,6,reg3_m60_s0,83.0,genpce_es,0,12910,0.8674698795180723
reg3,60,6,reg3_m60_s0,83.0,genpce_es,0,12960,0.8674698795180723
reg3,60,6,reg3_m60_s0,83.0,genpce_es,0,13010,0.8674698795180723
reg3,60,6,reg3_m60_s0,83.0,genpce_es,0,13060,0.8674698795180723
reg3,60,6,reg3_m60_s0,83.0,genpce_es,0,13110,0.8674698795180723
reg3,60,6,reg3_m60_s0,83.0,genpce_es,0,13160,0.8674698795180723
reg3,60,6,reg3_m60_s0,83.0,genpce_es,0,13210,0.8674698795180723
reg3,60,6,reg3_m60_s0,83.0,genpce_es,0,13260,0.8674698795180723
reg3,60,6,reg3_m60_s0,83.0,genpce_es,0,13310,0.8674698795180723
reg3,60,6,reg3_m60_s0,83.0,genpce_es,0,13360,0.8674698795180723
reg3,60,6,reg3_m60_s0,83.0,genpce_es,0,13410,0.8674698795180723
reg3,60,6,reg3_m60_s0,83.0,genpce_es,0,13460,0.8674698795180723
reg3,60,6,reg3_m60_s0,83.0,genpce_es,0,13510,0.8674698795180723
reg3,60,6,reg3_m60_s0,83.0,genpce_es,0,13560,0.8674698795180723
reg3,60,6,reg3_m60_s0,83.0,genpce_es,0,13610,0.8674698795180723
reg3,60,6,reg3_m60_s0,83.0,genpce_es,0,13660,0.8674698795180723
reg3,60,6,reg3_m60_s0,83.0,genpce_es,0,13710,0.8674698795180723
reg3,60,6,reg3_m60_s0,83.0,genpce_es,0,13760,0.8674698795180723
reg3,60,6,reg3_m60_s0,83.0,genpce_es,0,13810,0.8674698795180723
reg3,60,6,reg3_m60_s0,83.0,genpce_es,0,13860,0.8674698795180723
reg3,60,6,reg3_m60_s0,83.0,genpce_es,0,13910,0.8674698795180723
reg3,60,6,reg3_m60_s0,83.0,genpce_es,0,13960,0.8674698795180723
reg3,60,6,reg3_m60_s0,83.0,genpce_es,0,14010,0.8674698795180723
reg3,60,6,reg3_m60_s0,83.0,genpce_es,0,14060,0.8674698795180723
reg3,60,6,reg3_m60_s0,83.0,genpce_es,0,14110,0.8674698795180723
reg3,60,6,reg3_m60_s0,83.0,genpce_es,0,14160,0.8674698795180723
reg3,60,6,reg3_m60_s0,83.0,genpce_es,0,14210,0.8674698795180723
reg3,60,6,reg3_m60_s0,83.0,genpce_es,0,14260,0.8674698795180723
reg3,60,6,reg3_m60_s0,83.0,genpce_es,0,14310,0.8674698795180723
reg3,60,6,reg3_m60_s0,83.0,genpce_es,0,14360,0.8674698795180723
reg3,60,6,reg3_m60_s0,83.0,genpce_es,0,14410,0.8674698795180723
reg3,60,6,reg3_m60_s0,83.0,genpce_es,0,14460,0.8674698795180723
reg3,60,6,reg3_m60_s0,83.0,genpce_es,0,14510,0.8674698795180723
reg3,60,6,reg3_m60_s0,83.0,genpce_es,0,14560,0.8674698795180723
reg3,60,6,reg3_m60_s0,83.0,genpce_es,0,14610,0.8674698795180723
reg3,60,6,reg3_m60_s0,83.0,genpce_es,0,14660,0.8674698795180723
reg3,60,6,reg3_m60_s0,83.0,genpce_es,0,14710,0.8674698795180723
reg3,60,6,reg3_m60_s0,83.0,genpce_es,0,14760,0.8674698795180723
reg3,60,6,reg3_m60_s0,83.0,genpce_es,0,14810,0.8674698795180723
reg3,60,6,reg3_m60_s0,83.0,genpce_es,0,14860,0.8674698795180723
reg3,60,6,reg3_m60_s0,83.0,genpce_es,0,14910,0.8674698795180723
reg3,60,6,reg3_m60_s0,83.0,genpce_es,0,14960,0.8674698795180723
reg3,60,6,reg3_m60_s0,83.0,genpce_es,0,15010,0.8674698795180723
reg3,60,6,reg3_m60_s0,83.0,genpce_es,0,15060,0.8674698795180723
reg3,60,6,reg3_m60_s0,83.0,genpce_es,0,15110,0.8674698795180723
reg3,60,6,reg3_m60_s0,83.0,genpce_es,0,15160,0.8674698795180723
reg3,60,6,reg3_m60_s0,83.0,genpce_es,0,15210,0.8674698795180723
reg3,60,6,reg3_m60_s0,83.0,genpce_es,0,15260,0.8674698795180723
reg3,60,6,reg3_m60_s0,83.0,genpce_es,0,15310,0.8674698795180723
reg3,60,6,reg3_m60_s0,83.0,genpce_es,0,15360,0.8674698795180723
reg3,60,6,reg3_m60_s0,83.0,genpce_es,0,15410,0.8674698795180723
reg3,60,6,reg3_m60_s0,83.0,genpce_es,0,15460,0.8674698795180723
reg3,60,6,reg3_m60_s0,83.0,genpce_es,0,15510,0.8674698795180723
reg3,60,6,reg3_m60_s0,83.0,genpce_es,0,15560,0.8674698795180723
reg3,60,6,reg3_m60_s0,83.0,genpce_es,0,15610,0.8674698795180723
reg3,60,6,reg3_m60_s0,83.0,genpce_es,0,15660,0.8674698795180723
reg3,60,6,reg3_m60_s0,83.0,genpce_es,0,15710,0.8674698795180723
reg3,60,6,reg3_m60_s0,83.0,genpce_es,0,15760,0.8674698795180723
reg3,60,6,reg3_m60_s0,83.0,genpce_es,0,15810,0.8674698795180723
reg3,60,6,reg3_m60_s0,83.0,genpce_es,0,15860,0.8674698795180723
reg3,60,6,reg3_m60_s0,83.0,genpce_es,0,15910,0.8674698795180723
reg3,60,6,reg3_m60_s0,83.0,genpce_es,0,15960,0.8674698795180723
reg3,60,6,reg3_m60_s0,83.0,genpce_es,0,16010,0.8674698795180723
reg3,60,6,reg3_m60_s0,83.0,genpce_es,0,16060,0.8674698795180723
reg3,60,6,reg3_m60_s0,83.0,genpce_es,0,16110,0.8674698795180723
reg3,60,6,reg3_m60_s0,83.0,genpce_es,0,16160,0.8674698795180723
reg3,60,6,reg3_m60_s0,83.0,genpce_es,0,16210,0.8674698795180723
reg3,60,6,reg3_m60_s0,83.0,genpce_es,0,16260,0.8674698795180723
reg3,60,6,reg3_m60_s0,83.0,genpce_es,0,16310,0.8674698795180723
reg3,60,6,reg3_m60_s0,83.0,genpce_es,0,16360,0.8674698795180723
reg3,60,6,reg3_m60_s0,83.0,genpce_es,0,16410,0.8674698795180723
reg3,60,6,reg3_m60_s0,83.0,genpce_es,0,16460,0.8674698795180723
reg3,60,6,reg3_m60_s0,83.0,genpce_es,0,16510,0.8674698795180723
reg3,60,6,reg3_m60_s0,83.0,genpce_es,0,16560,0.8674698795180723
reg3,60,6,reg3_m60_s0,83.0,genpce_es,0,16610,0.8674698795180723
reg3,60,6,reg3_m60_s0,83.0,genpce_es,0,16660,0.8674698795180723
reg3,60,6,reg3_m60_s0,83.0,genpce_es,0,16710,0.8674698795180723
reg3,60,6,reg3_m60_s0,83.0,genpce_es,0,16760,0.8674698795180723
reg3,60,6,reg3_m60_s0,83.0,genpce_es,0,16810,0.8674698795180723
reg3,60,6,reg3_m60_s0,83.0,genpce_es,0,16860,0.8674698795180723
reg3,60,6,reg3_m60_s0,83.0,genpce_es,0,16910,0.8674698795180723
reg3,60,6,reg3_m60_s0,83.0,genpce_es,0,16960,0.8674698795180723
reg3,60,6,reg3_m60_s0,83.0,genpce_es,0,17010,0.8674698795180723
reg3,60,6,reg3_m60_s0,83.0,genpce_es,0,17060,0.8674698795180723
reg3,60,6,reg3_m60_s0,83.0,genpce_es,0,17110,0.8674698795180723
reg3,60,6,reg3_m60_s0,83.0,genpce_es,0,17160,0.8674698795180723
reg3,60,6,reg3_m60_s0,83.0,genpce_es,0,17210,0.8674698795180723
reg3,60,6,reg3_m60_s0,83.0,genpce_es,0,17260,0.8674698795180723
reg3,60,6,reg3_m60_s0,83.0,genpce_es,0,17310,0.8674698795180723
reg3,60,6,reg3_m60_s0,83.0,genpce_es,0,17360,0.8674698795180723
reg3,60,6,reg3_m60_s0,83.0,genpce_es,0,17410,0.8674698795180723
reg3,60,6,reg3_m60_s0,83.0,genpce_es,0,17460,0.8674698795180723
reg3,60,6,reg3_m60_s0,83.0,genpce_es,0,17510,0.8674698795180723
reg3,60,6,reg3_m60_s0,83.0,genpce_es,0,17560,0.8674698795180723
reg3,60,6,reg3_m60_s0,83.0,genpce_es,0,17610,0.8674698795180723
reg3,60,6,reg3_m60_s0,83.0,genpce_es,0,17660,0.8674698795180723
reg3,60,6,reg3_m60_s0,83.0,genpce_es,0,17710,0.8674698795180723
reg3,60,6,reg3_m60_s0,83.0,genpce_es,0,17760,0.8674698795180723
reg3,60,6,reg3_m60_s0,83.0,genpce_es,0,17810,0.8674698795180723
reg3,60,6,reg3_m60_s0,83.0,genpce_es,0,17860,0.8674698795180723
reg3,60,6,reg3_m60_s0,83.0,genpce_es,0,17910,0.8674698795180723
reg3,60,6,reg3_m60_s0,83.0,genpce_es,0,17960,0.8674698795180723
reg3,60,6,reg3_m60_s0,83.0,genpce_es,0,18010,0.8674698795180723
reg3,60,6,reg3_m60_s0,83.0,genpce_es,0,18060,0.8674698795180723
reg3,60,6,reg3_m60_s0,83.0,genpce_es,0,18110,0.8674698795180723
reg3,60,6,reg3_m60_s0,83.0,genpce_es,0,18160,0.8674698795180723
reg3,60,6,reg3_m60_s0,83.0,genpce_es,0,18210,0.8674698795180723
reg3,60,6,reg3_m60_s0,83.0,genpce_es,0,18260,0.8674698795180723
reg3,60,6,reg3_m60_s0,83.0,genpce_es,0,18310,0.8674698795180723
reg3,60,6,reg3_m60_s0,83.0,genpce_es,0,18360,0.8674698795180723
reg3,60,6,reg3_m60_s0,83.0,genpce_es,0,18410,0.8674698795180723
reg3,60,6,reg3_m60_s0,83.0,genpce_es,0,18460,0.8674698795180723
reg3,60,6,reg3_m60_s0,83.0,genpce_es,0,18510,0.8674698795180723
reg3,60,6,reg3_m60_s0,83.0,genpce_es,0,18560,0.8674698795180723
reg3,60,6,reg3_m60_s0,83.0,genpce_es,0,18610,0.8674698795180723
reg3,60,6,reg3_m60_s0,83.0,genpce_es,0,18660,0.8674698795180723
reg3,60,6,reg3_m60_s0,83.0,genpce_es,0,18710,0.8674698795180723
reg3,60,6,reg3_m60_s0,83.0,genpce_es,0,18760,0.8674698795180723
reg3,60,6,reg3_m60_s0,83.0,genpce_es,0,18810,0.8674698795180723
reg3,60,6,reg3_m60_s0,83.0,genpce_es,0,18860,0.8674698795180723
reg3,60,6,reg3_m60_s0,83.0,genpce_es,0,18910,0.8674698795180723
reg3,60,6,reg3_m60_s0,83.0,genpce_es,0,18960,0.8674698795180723
reg3,60,6,reg3_m60_s0,83.0,genpce_es,0,19010,0.8674698795180723
reg3,60,6,reg3_m60_s0,83.0,genpce_es,0,19060,0.8674698795180723
reg3,60,6,reg3_m60_s0,83.0,genpce_es,0,19110,0.8674698795180723
reg3,60,6,reg3_m60_s0,83.0,genpce_es,0,19160,0.8674698795180723
reg3,60,6,reg3_m60_s0,83.0,genpce_es,0,19210,0.8674698795180723
reg3,60,6,reg3_m60_s0,83.0,genpce_es,0,19260,0.8674698795180723
reg3,60,6,reg3_m60_s0,83.0,genpce_es,0,19310,0.8674698795180723
reg3,60,6,reg3_m60_s0,83.0,genpce_es,0,19360,0.8674698795180723
reg3,60,6,reg3_m60_s0,83.0,genpce_es,0,19410,0.8674698795180723
reg3,60,6,reg3_m60_s0,83.0,genpce_es,0,19460,0.8674698795180723
reg3,60,6,reg3_m60_s0,83.0,genpce_es,0,19510,0.8674698795180723
reg3,60,6,reg3_m60_s0,83.0,genpce_es,0,19560,0.8674698795180723
reg3,60,6,reg3_m60_s0,83.0,genpce_es,0,19610,0.8674698795180723
reg3,60,6,reg3_m60_s0,83.0,genpce_es,0,19660,0.8674698795180723
reg3,60,6,reg3_m60_s0,83.0,genpce_es,0,19710,0.8674698795180723
reg3,60,6,reg3_m60_s0,83.0,genpce_es,0,19760,0.8674698795180723
reg3,60,6,reg3_m60_s0,83.0,genpce_es,0,19810,0.8674698795180723
reg3,60,6,reg3_m60_s0,83.0,genpce_es,0,19860,0.8674698795180723
reg3,60,6,reg3_m60_s0,83.0,genpce_es,0,19910,0.8674698795180723
reg3,60,6,reg3_m60_s0,83.0,genpce_es,0,19960,0.8674698795180723
reg3,60,6,reg3_m60_s0,83.0,genpce_es,0,20010,0.8674698795180723
reg3,60,6,reg3_m60_s0,83.0,random,0,50,0.7108433734939759
reg3,60,6,reg3_m60_s0,83.0,random,0,100,0.7108433734939759
reg3,60,6,reg3_m60_s0,83.0,random,0,150,0.7108433734939759
reg3,60,6,reg3_m60_s0,83.0,random,0,200,0.7108433734939759
reg3,60,6,reg3_m60_s0,83.0,random,0,250,0.7108433734939759
reg3,60,6,reg3_m60_s0,83.0,random,0,300,0.7108433734939759
reg3,60,6,reg3_m60_s0,83.0,random,0,350,0.7108433734939759
reg3,60,6,reg3_m60_s0,83.0,random,0,400,0.7108433734939759
reg3,60,6,reg3_m60_s0,83.0,random,0,450,0.7108433734939759
reg3,60,6,reg3_m60_s0,83.0,random,0,500,0.7108433734939759
reg3,60,6,reg3_m60_s0,83.0,random,0,550,0.7108433734939759
reg3,60,6,reg3_m60_s0,83.0,random,0,600,0.7108433734939759
reg3,60,6,reg3_m60_s0,83.0,random,0,650,0.7108433734939759
reg3,60,6,reg3_m60_s0,83.0,random,0,700,0.7108433734939759
reg3,60,6,reg3_m60_s0,83.0,random,0,750,0.7108433734939759
reg3,60,6,reg3_m60_s0,83.0,random,0,800,0.7108433734939759
reg3,60,6,reg3_m60_s0,83.0,random,0,850,0.7108433734939759
reg3,60,6,reg3_m60_s0,83.0,random,0,900,0.7108433734939759
reg3,60,6,reg3_m60_s0,83.0,random,0,950,0.7108433734939759
reg3,60,6,reg3_m60_s0,83.0,random,0,1000,0.7108433734939759
reg3,60,6,reg3_m60_s0,83.0,random,0,1050,0.7108433734939759
reg3,60,6,reg3_m60_s0,83.0,random,0,1100,0.7108433734939759
reg3,60,6,reg3_m60_s0,83.0,random,0,1150,0.7108433734939759
reg3,60,6,reg3_m60_s0,83.0,random,0,1200,0.7108433734939759
reg3,60,6,reg3_m60_s0,83.0,random,0,1250,0.7108433734939759
reg3,60,6,reg3_m60_s0,83.0,random,0,1300,0.7108433734939759
reg3,60,6,reg3_m60_s0,83.0,random,0,1350,0.7108433734939759
reg3,60,6,reg3_m60_s0,83.0,random,0,1400,0.7228915662650602
reg3,60,6,reg3_m60_s0,83.0,random,0,1450,0.7228915662650602
reg3,60,6,reg3_m60_s0,83.0,random,0,1500,0.7228915662650602
reg3,60,6,reg3_m60_s0,83.0,random,0,1550,0.7228915662650602
reg3,60,6,reg3_m60_s0,83.0,random,0,1600,0.7228915662650602
reg3,60,6,reg3_m60_s0,83.0,random,0,1650,0.7349397590361446
reg3,60,6,reg3_m60_s0,83.0,random,0,1700,0.7349397590361446
reg3,60,6,reg3_m60_s0,83.0,random,0,1750,0.7349397590361446
reg3,60,6,reg3_m60_s0,83.0,random,0,1800,0.7349397590361446
reg3,60,6,reg3_m60_s0,83.0,random,0,1850,0.7349397590361446
reg3,60,6,reg3_m60_s0,83.0,random,0,1900,0.7349397590361446
reg3,60,6,reg3_m60_s0,83.0,random,0,1950,0.7349397590361446
reg3,60,6,reg3_m60_s0,83.0,random,0,2000,0.7349397590361446
reg3,60,6,reg3_m60_s0,83.0,random,0,2050,0.7349397590361446
reg3,60,6,reg3_m60_s0,83.0,random,0,2100,0.7349397590361446
reg3,60,6,reg3_m60_s0,83.0,random,0,2150,0.7349397590361446
reg3,60,6,reg3_m60_s0,83.0,random,0,2200,0.7349397590361446
reg3,60,6,reg3_m60_s0,83.0,random,0,2250,0.7349397590361446
reg3,60,6,reg3_m60_s0,83.0,random,0,2300,0.7349397590361446
reg3,60,6,reg3_m60_s0,83.0,random,0,2350,0.7349397590361446
reg3,60,6,reg3_m60_s0,83.0,random,0,2400,0.7349397590361446
reg3,60,6,reg3_m60_s0,83.0,random,0,2450,0.7349397590361446
reg3,60,6,reg3_m60_s0,83.0,random,0,2500,0.7349397590361446
reg3,60,6,reg3_m60_s0,83.0,random,0,2550,0.7349397590361446
reg3,60,6,reg3_m60_s0,83.0,random,0,2600,0.7349397590361446
reg3,60,6,reg3_m60_s0,83.0,random,0,2650,0.7349397590361446
reg3,60,6,reg3_m60_s0,83.0,random,0,2700,0.7349397590361446
reg3,60,6,reg3_m60_s0,83.0,random,0,2750,0.7349397590361446
reg3,60,6,reg3_m60_s0,83.0,random,0,2800,0.7349397590361446
reg3,60,6,reg3_m60_s0,83.0,random,0,2850,0.7349397590361446
reg3,60,6,reg3_m60_s0,83.0,random,0,2900,0.7349397590361446
reg3,60,6,reg3_m60_s0,83.0,random,0,2950,0.7349397590361446
reg3,60,6,reg3_m60_s0,83.0,random,0,3000,0.7349397590361446
reg3,60,6,reg3_m60_s0,83.0,random,0,3050,0.7349397590361446
reg3,60,6,reg3_m60_s0,83.0,random,0,3100,0.7349397590361446
reg3,60,6,reg3_m60_s0,83.0,random,0,3150,0.7349397590361446
reg3,60,6,reg3_m60_s0,83.0,random,0,3200,0.7349397590361446
reg3,60,6,reg3_m60_s0,83.0,random,0,3250,0.7349397590361446
reg3,60,6,reg3_m60_s0,83.0,random,0,3300,0.7349397590361446
reg3,60,6,reg3_m60_s0,83.0,random,0,3350,0.7349397590361446
reg3,60,6,reg3_m60_s0,83.0,random,0,3400,0.7349397590361446
reg3,60,6,reg3_m60_s0,83.0,random,0,3450,0.7349397590361446
reg3,60,6,reg3_m60_s0,83.0,random,0,3500,0.7349397590361446
reg3,60,6,reg3_m60_s0,83.0,random,0,3550,0.7349397590361446
reg3,60,6,reg3_m60_s0,83.0,random,0,3600,0.7349397590361446
reg3,60,6,reg3_m60_s0,83.0,random,0,3650,0.7349397590361446
reg3,60,6,reg3_m60_s0,83.0,random,0,3700,0.7349397590361446
reg3,60,6,reg3_m60_s0,83.0,random,0,3750,0.7349397590361446
reg3,60,6,reg3_m60_s0,83.0,random,0,3800,0.7349397590361446
reg3,60,6,reg3_m60_s0,83.0,random,0,3850,0.7590361445783133
reg3,60,6,reg3_m60_s0,83.0,random,0,3900,0.7590361445783133
reg3,60,6,reg3_m60_s0,83.0,random,0,3950,0.7590361445783133
reg3,60,6,reg3_m60_s0,83.0,random,0,4000,0.7590361445783133
reg3,60,6,reg3_m60_s0,83.0,random,0,4050,0.7590361445783133
reg3,60,6,reg3_m60_s0,83.0,random,0,4100,0.7590361445783133
reg3,60,6,reg3_m60_s0,83.0,random,0,4150,0.7590361445783133
reg3,60,6,reg3_m60_s0,83.0,random,0,4200,0.7590361445783133
reg3,60,6,reg3_m60_s0,83.0,random,0,4250,0.7590361445783133
reg3,60,6,reg3_m60_s0,83.0,random,0,4300,0.7590361445783133
reg3,60,6,reg3_m60_s0,83.0,random,0,4350,0.7590361445783133
reg3,60,6,reg3_m60_s0,83.0,random,0,4400,0.7590361445783133
reg3,60,6,reg3_m60_s0,83.0,random,0,4450,0.7590361445783133
reg3,60,6,reg3_m60_s0,83.0,random,0,4500,0.7590361445783133
reg3,60,6,reg3_m60_s0,83.0,random,0,4550,0.7590361445783133
reg3,60,6,reg3_m60_s0,83.0,random,0,4600,0.7590361445783133
reg3,60,6,reg3_m60_s0,83.0,random,0,4650,0.7590361445783133
reg3,60,6,reg3_m60_s0,83.0,random,0,4700,0.7590361445783133
reg3,60,6,reg3_m60_s0,83.0,random,0,4750,0.7590361445783133
reg3,60,6,reg3_m60_s0,83.0,random,0,4800,0.7590361445783133
reg3,60,6,reg3_m60_s0,83.0,random,0,4850,0.7590361445783133
reg3,60,6,reg3_m60_s0,83.0,random,0,4900,0.7590361445783133
reg3,60,6,reg3_m60_s0,83.0,random,0,4950,0.7590361445783133
reg3,60,6,reg3_m60_s0,83.0,random,0,5000,0.7590361445783133
reg3,60,6,reg3_m60_s0,83.0,random,0,5050,0.7590361445783133
reg3,60,6,reg3_m60_s0,83.0,random,0,5100,0.7590361445783133
reg3,60,6,reg3_m60_s0,83.0,random,0,5150,0.7590361445783133
reg3,60,6,reg3_m60_s0,83.0,random,0,5200,0.7590361445783133
reg3,60,6,reg3_m60_s0,83.0,random,0,5250,0.7590361445783133
reg3,60,6,reg3_m60_s0,83.0,random,0,5300,0.7590361445783133
reg3,60,6,reg3_m60_s0,83.0,random,0,5350,0.7590361445783133
reg3,60,6,reg3_m60_s0,83.0,random,0,5400,0.7590361445783133
reg3,60,6,reg3_m60_s0,83.0,random,0,5450,0.7590361445783133
reg3,60,6,reg3_m60_s0,83.0,random,0,5500,0.7590361445783133
reg3,60,6,reg3_m60_s0,83.0,random,0,5550,0.7590361445783133
reg3,60,6,reg3_m60_s0,83.0,random,0,5600,0.7590361445783133
reg3,60,6,reg3_m60_s0,83.0,random,0,5650,0.7590361445783133
reg3,60,6,reg3_m60_s0,83.0,random,0,5700,0.7590361445783133
reg3,60,6,reg3_m60_s0,83.0,random,0,5750,0.7590361445783133
reg3,60,6,reg3_m60_s0,83.0,random,0,5800,0.7590361445783133
reg3,60,6,reg3_m60_s0,83.0,random,0,5850,0.7590361445783133
reg3,60,6,reg3_m60_s0,83.0,random,0,5900,0.7590361445783133
reg3,60,6,reg3_m60_s0,83.0,random,0,5950,0.7590361445783133
reg3,60,6,reg3_m60_s0,83.0,random,0,6000,0.7590361445783133
reg3,60,6,reg3_m60_s0,83.0,random,0,6050,0.7590361445783133
reg3,60,6,reg3_m60_s0,83.0,random,0,6100,0.7590361445783133
reg3,60,6,reg3_m60_s0,83.0,random,0,6150,0.7590361445783133
reg3,60,6,reg3_m60_s0,83.0,random,0,6200,0.7590361445783133
reg3,60,6,reg3_m60_s0,83.0,random,0,6250,0.7590361445783133
reg3,60,6,reg3_m60_s0,83.0,random,0,6300,0.7590361445783133
reg3,60,6,reg3_m60_s0,83.0,random,0,6350,0.7590361445783133
reg3,60,6,reg3_m60_s0,83.0,random,0,6400,0.7590361445783133
reg3,60,6,reg3_m60_s0,83.0,random,0,6450,0.7590361445783133
reg3,60,6,reg3_m60_s0,83.0,random,0,6500,0.7590361445783133
reg3,60,6,reg3_m60_s0,83.0,random,0,6550,0.7590361445783133
reg3,60,6,reg3_m60_s0,83.0,random,0,6600,0.7590361445783133
reg3,60,6,reg3_m60_s0,83.0,random,0,6650,0.7590361445783133
reg3,60,6,reg3_m60_s0,83.0,random,0,6700,0.7590361445783133
reg3,60,6,reg3_m60_s0,83.0,random,0,6750,0.7590361445783133
reg3,60,6,reg3_m60_s0,83.0,random,0,6800,0.7590361445783133
reg3,60,6,reg3_m60_s0,83.0,random,0,6850,0.7590361445783133
reg3,60,6,reg3_m60_s0,83.0,random,0,6900,0.7590361445783133
reg3,60,6,reg3_m60_s0,83.0,random,0,6950,0.7590361445783133
reg3,60,6,reg3_m60_s0,83.0,random,0,7000,0.7590361445783133
reg3,60,6,reg3_m60_s0,83.0,random,0,7050,0.7590361445783133
reg3,60,6,reg3_m60_s0,83.0,random,0,7100,0.7590361445783133
reg3,60,6,reg3_m60_s0,83.0,random,0,7150,0.7590361445783133
reg3,60,6,reg3_m60_s0,83.0,random,0,7200,0.7590361445783133
reg3,60,6,reg3_m60_s0,83.0,random,0,7250,0.7590361445783133
reg3,60,6,reg3_m60_s0,83.0,random,0,7300,0.7590361445783133
reg3,60,6,reg3_m60_s0,83.0,random,0,7350,0.7590361445783133
reg3,60,6,reg3_m60_s0,83.0,random,0,7400,0.7590361445783133
reg3,60,6,reg3_m60_s0,83.0,random,0,7450,0.7590361445783133
reg3,60,6,reg3_m60_s0,83.0,random,0,7500,0.7590361445783133
reg3,60,6,reg3_m60_s0,83.0,random,0,7550,0.7590361445783133
reg3,60,6,reg3_m60_s0,83.0,random,0,7600,0.7590361445783133
reg3,60,6,reg3_m60_s0,83.0,random,0,7650,0.7590361445783133
reg3,60,6,reg3_m60_s0,83.0,random,0,7700,0.7590361445783133
reg3,60,6,reg3_m60_s0,83.0,random,0,7750,0.7590361445783133
reg3,60,6,reg3_m60_s0,83.0,random,0,7800,0.7590361445783133
reg3,60,6,reg3_m60_s0,83.0,random,0,7850,0.7590361445783133
reg3,60,6,reg3_m60_s0,83.0,random,0,7900,0.7590361445783133
reg3,60,6,reg3_m60_s0,83.0,random,0,7950,0.7590361445783133
reg3,60,6,reg3_m60_s0,83.0,random,0,8000,0.7590361445783133
reg3,60,6,reg3_m60_s0,83.0,random,0,8050,0.7590361445783133
reg3,60,6,reg3_m60_s0,83.0,random,0,8100,0.7590361445783133
reg3,60,6,reg3_m60_s0,83.0,random,0,8150,0.7590361445783133
reg3,60,6,reg3_m60_s0,83.0,random,0,8200,0.7590361445783133
reg3,60,6,reg3_m60_s0,83.0,random,0,8250,0.7590361445783133
reg3,60,6,reg3_m60_s0,83.0,random,0,8300,0.7590361445783133
reg3,60,6,reg3_m60_s0,83.0,random,0,8350,0.7590361445783133
reg3,60,6,reg3_m60_s0,83.0,random,0,8400,0.7590361445783133
reg3,60,6,reg3_m60_s0,83.0,random,0,8450,0.7590361445783133
reg3,60,6,reg3_m60_s0,83.0,random,0,8500,0.7590361445783133
reg3,60,6,reg3_m60_s0,83.0,random,0,8550,0.7590361445783133
reg3,60,6,reg3_m60_s0,83.0,random,0,8600,0.7590361445783133
reg3,60,6,reg3_m60_s0,83.0,random,0,8650,0.7590361445783133
reg3,60,6,reg3_m60_s0,83.0,random,0,8700,0.7590361445783133
reg3,60,6,reg3_m60_s0,83.0,random,0,8750,0.7590361445783133
reg3,60,6,reg3_m60_s0,83.0,random,0,8800,0.7590361445783133
reg3,60,6,reg3_m60_s0,83.0,random,0,8850,0.7710843373493976
reg3,60,6,reg3_m60_s0,83.0,random,0,8900,0.7710843373493976
reg3,60,6,reg3_m60_s0,83.0,random,0,8950,0.7710843373493976
reg3,60,6,reg3_m60_s0,83.0,random,0,9000,0.7710843373493976
reg3,60,6,reg3_m60_s0,83.0,random,0,9050,0.7710843373493976
reg3,60,6,reg3_m60_s0,83.0,random,0,9100,0.7710843373493976
reg3,60,6,reg3_m60_s0,83.0,random,0,9150,0.7710843373493976
reg3,60,6,reg3_m60_s0,83.0,random,0,9200,0.7710843373493976
reg3,60,6,reg3_m60_s0,83.0,random,0,9250,0.7710843373493976
reg3,60,6,reg3_m60_s0,83.0,random,0,9300,0.7710843373493976
reg3,60,6,reg3_m60_s0,83.0,random,0,9350,0.7710843373493976
reg3,60,6,reg3_m60_s0,83.0,random,0,9400,0.7710843373493976
reg3,60,6,reg3_m60_s0,83.0,random,0,9450,0.7710843373493976
reg3,60,6,reg3_m60_s0,83.0,random,0,9500,0.7710843373493976
reg3,60,6,reg3_m60_s0,83.0,random,0,9550,0.7710843373493976
reg3,60,6,reg3_m60_s0,83.0,random,0,9600,0.7710843373493976
reg3,60,6,reg3_m60_s0,83.0,random,0,9650,0.7710843373493976
reg3,60,6,reg3_m60_s0,83.0,random,0,9700,0.7710843373493976
reg3,60,6,reg3_m60_s0,83.0,random,0,9750,0.7710843373493976
reg3,60,6,reg3_m60_s0,83.0,random,0,9800,0.7710843373493976
reg3,60,6,reg3_m60_s0,83.0,random,0,9850,0.7710843373493976
reg3,60,6,reg3_m60_s0,83.0,random,0,9900,0.7710843373493976
reg3,60,6,reg3_m60_s0,83.0,random,0,9950,0.7710843373493976
reg3,60,6,reg3_m60_s0,83.0,random,0,10000,0.7710843373493976
reg3,60,6,reg3_m60_s0,83.0,random,0,10050,0.7710843373493976
reg3,60,6,reg3_m60_s0,83.0,random,0,10100,0.7710843373493976
reg3,60,6,reg3_m60_s0,83.0,random,0,10150,0.7710843373493976
reg3,60,6,reg3_m60_s0,83.0,random,0,10200,0.7710843373493976
reg3,60,6,reg3_m60_s0,83.0,random,0,10250,0.7710843373493976
reg3,60,6,reg3_m60_s0,83.0,random,0,10300,0.7710843373493976
reg3,60,6,reg3_m60_s0,83.0,random,0,10350,0.7710843373493976
reg3,60,6,reg3_m60_s0,83.0,random,0,10400,0.7710843373493976
reg3,60,6,reg3_m60_s0,83.0,random,0,10450,0.7710843373493976
reg3,60,6,reg3_m60_s0,83.0,random,0,10500,0.7710843373493976
reg3,60,6,reg3_m60_s0,83.0,random,0,10550,0.7710843373493976
reg3,60,6,reg3_m60_s0,83.0,random,0,10600,0.7710843373493976
reg3,60,6,reg3_m60_s0,83.0,random,0,10650,0.7710843373493976
reg3,60,6,reg3_m60_s0,83.0,random,0,10700,0.7710843373493976
reg3,60,6,reg3_m60_s0,83.0,random,0,10750,0.7710843373493976
reg3,60,6,reg3_m60_s0,83.0,random,0,10800,0.7710843373493976
reg3,60,6,reg3_m60_s0,83.0,random,0,10850,0.7710843373493976
reg3,60,6,reg3_m60_s0,83.0,random,0,10900,0.7710843373493976
reg3,60,6,reg3_m60_s0,83.0,random,0,10950,0.7710843373493976
reg3,60,6,reg3_m60_s0,83.0,random,0,11000,0.7710843373493976
reg3,60,6,reg3_m60_s0,83.0,random,0,11050,0.7710843373493976
reg3,60,6,reg3_m60_s0,83.0,random,0,11100,0.7710843373493976
reg3,60,6,reg3_m60_s0,83.0,random,0,11150,0.7710843373493976
reg3,60,6,reg3_m60_s0,83.0,random,0,11200,0.7710843373493976
reg3,60,6,reg3_m60_s0,83.0,random,0,11250,0.7710843373493976
reg3,60,6,reg3_m60_s0,83.0,random,0,11300,0.7710843373493976
reg3,60,6,reg3_m60_s0,83.0,random,0,11350,0.7710843373493976
reg3,60,6,reg3_m60_s0,83.0,random,0,11400,0.7710843373493976
reg3,60,6,reg3_m60_s0,83.0,random,0,11450,0.7710843373493976
reg3,60,6,reg3_m60_s0,83.0,random,0,11500,0.7710843373493976
reg3,60,6,reg3_m60_s0,83.0,random,0,11550,0.7710843373493976
reg3,60,6,reg3_m60_s0,83.0,random,0,11600,0.7710843373493976
reg3,60,6,reg3_m60_s0,83.0,random,0,11650,0.7710843373493976
reg3,60,6,reg3_m60_s0,83.0,random,0,11700,0.7710843373493976
reg3,60,6,reg3_m60_s0,83.0,random,0,11750,0.7710843373493976
reg3,60,6,reg3_m60_s0,83.0,random,0,11800,0.7710843373493976
reg3,60,6,reg3_m60_s0,83.0,random,0,11850,0.7710843373493976
reg3,60,6,reg3_m60_s0,83.0,random,0,11900,0.7710843373493976
reg3,60,6,reg3_m60_s0,83.0,random,0,11950,0.7710843373493976
reg3,60,6,reg3_m60_s0,83.0,random,0,12000,0.7710843373493976
reg3,60,6,reg3_m60_s0,83.0,random,0,12050,0.7710843373493976
reg3,60,6,reg3_m60_s0,83.0,random,0,12100,0.7710843373493976
reg3,60,6,reg3_m60_s0,83.0,random,0,12150,0.7710843373493976
reg3,60,6,reg3_m60_s0,83.0,random,0,12200,0.7710843373493976
reg3,60,6,reg3_m60_s0,83.0,random,0,12250,0.7710843373493976
reg3,60,6,reg3_m60_s0,83.0,random,0,12300,0.7710843373493976
reg3,60,6,reg3_m60_s0,83.0,random,0,12350,0.7710843373493976
reg3,60,6,reg3_m60_s0,83.0,random,0,12400,0.7710843373493976
reg3,60,6,reg3_m60_s0,83.0,random,0,12450,0.7710843373493976
reg3,60,6,reg3_m60_s0,83.0,random,0,12500,0.7710843373493976
reg3,60,6,reg3_m60_s0,83.0,random,0,12550,0.7710843373493976
reg3,60,6,reg3_m60_s0,83.0,random,0,12600,0.7710843373493976
reg3,60,6,reg3_m60_s0,83.0,random,0,12650,0.7710843373493976
reg3,60,6,reg3_m60_s0,83.0,random,0,12700,0.7710843373493976
reg3,60,6,reg3_m60_s0,83.0,random,0,12750,0.7710843373493976
reg3,60,6,reg3_m60_s0,83.0,random,0,12800,0.7710843373493976
reg3,60,6,reg3_m60_s0,83.0,random,0,12850,0.7710843373493976
reg3,60,6,reg3_m60_s0,83.0,random,0,12900,0.7710843373493976
reg3,60,6,reg3_m60_s0,83.0,random,0,12950,0.7710843373493976
reg3,60,6,reg3_m60_s0,83.0,random,0,13000,0.7710843373493976
reg3,60,6,reg3_m60_s0,83.0,random,0,13050,0.7710843373493976
reg3,60,6,reg3_m60_s0,83.0,random,0,13100,0.7710843373493976
reg3,60,6,reg3_m60_s0,83.0,random,0,13150,0.7710843373493976
reg3,60,6,reg3_m60_s0,83.0,random,0,13200,0.7710843373493976
reg3,60,6,reg3_m60_s0,83.0,random,0,13250,0.7710843373493976
reg3,60,6,reg3_m60_s0,83.0,random,0,13300,0.7710843373493976
reg3,60,6,reg3_m60_s0,83.0,random,0,13350,0.7710843373493976
reg3,60,6,reg3_m60_s0,83.0,random,0,13400,0.7710843373493976
reg3,60,6,reg3_m60_s0,83.0,random,0,13450,0.7710843373493976
reg3,60,6,reg3_m60_s0,83.0,random,0,13500,0.7710843373493976
reg3,60,6,reg3_m60_s0,83.0,random,0,13550,0.7710843373493976
reg3,60,6,reg3_m60_s0,83.0,random,0,13600,0.7710843373493976
reg3,60,6,reg3_m60_s0,83.0,random,0,13650,0.7710843373493976
reg3,60,6,reg3_m60_s0,83.0,random,0,13700,0.7710843373493976
reg3,60,6,reg3_m60_s0,83.0,random,0,13750,0.7710843373493976
reg3,60,6,reg3_m60_s0,83.0,random,0,13800,0.7710843373493976
reg3,60,6,reg3_m60_s0,83.0,random,0,13850,0.7710843373493976
reg3,60,6,reg3_m60_s0,83.0,random,0,13900,0.7710843373493976
reg3,60,6,reg3_m60_s0,83.0,random,0,13950,0.7710843373493976
reg3,60,6,reg3_m60_s0,83.0,random,0,14000,0.7710843373493976
reg3,60,6,reg3_m60_s0,83.0,random,0,14050,0.7710843373493976
reg3,60,6,reg3_m60_s0,83.0,random,0,14100,0.7710843373493976
reg3,60,6,reg3_m60_s0,83.0,random,0,14150,0.7710843373493976
reg3,60,6,reg3_m60_s0,83.0,random,0,14200,0.7710843373493976
reg3,60,6,reg3_m60_s0,83.0,random,0,14250,0.7710843373493976
reg3,60,6,reg3_m60_s0,83.0,random,0,14300,0.7710843373493976
reg3,60,6,reg3_m60_s0,83.0,random,0,14350,0.7710843373493976
reg3,60,6,reg3_m60_s0,83.0,random,0,14400,0.7710843373493976
reg3,60,6,reg3_m60_s0,83.0,random,0,14450,0.7710843373493976
reg3,60,6,reg3_m60_s0,83.0,random,0,14500,0.7710843373493976
reg3,60,6,reg3_m60_s0,83.0,random,0,14550,0.7710843373493976
reg3,60,6,reg3_m60_s0,83.0,random,0,14600,0.7710843373493976
reg3,60,6,reg3_m60_s0,83.0,random,0,14650,0.7710843373493976
reg3,60,6,reg3_m60_s0,83.0,random,0,14700,0.7710843373493976
reg3,60,6,reg3_m60_s0,83.0,random,0,14750,0.7710843373493976
reg3,60,6,reg3_m60_s0,83.0,random,0,14800,0.7710843373493976
reg3,60,6,reg3_m60_s0,83.0,random,0,14850,0.7710843373493976
reg3,60,6,reg3_m60_s0,83.0,random,0,14900,0.7710843373493976
reg3,60,6,reg3_m60_s0,83.0,random,0,14950,0.7710843373493976
reg3,60,6,reg3_m60_s0,83.0,random,0,15000,0.7710843373493976
reg3,60,6,reg3_m60_s0,83.0,random,0,15050,0.7710843373493976
reg3,60,6,reg3_m60_s0,83.0,random,0,15100,0.7710843373493976
reg3,60,6,reg3_m60_s0,83.0,random,0,15150,0.7710843373493976
reg3,60,6,reg3_m60_s0,83.0,random,0,15200,0.7710843373493976
reg3,60,6,reg3_m60_s0,83.0,random,0,15250,0.7710843373493976
reg3,60,6,reg3_m60_s0,83.0,random,0,15300,0.7710843373493976
reg3,60,6,reg3_m60_s0,83.0,random,0,15350,0.7710843373493976
reg3,60,6,reg3_m60_s0,83.0,random,0,15400,0.7710843373493976
reg3,60,6,reg3_m60_s0,83.0,random,0,15450,0.7710843373493976
reg3,60,6,reg3_m60_s0,83.0,random,0,15500,0.7710843373493976
reg3,60,6,reg3_m60_s0,83.0,random,0,15550,0.7710843373493976
reg3,60,6,reg3_m60_s0,83.0,random,0,15600,0.7710843373493976
reg3,60,6,reg3_m60_s0,83.0,random,0,15650,0.7710843373493976
reg3,60,6,reg3_m60_s0,83.0,random,0,15700,0.7710843373493976
reg3,60,6,reg3_m60_s0,83.0,random,0,15750,0.7710843373493976
reg3,60,6,reg3_m60_s0,83.0,random,0,15800,0.7710843373493976
reg3,60,6,reg3_m60_s0,83.0,random,0,15850,0.7710843373493976
reg3,60,6,reg3_m60_s0,83.0,random,0,15900,0.7710843373493976
reg3,60,6,reg3_m60_s0,83.0,random,0,15950,0.7710843373493976
reg3,60,6,reg3_m60_s0,83.0,random,0,16000,0.7710843373493976
reg3,60,6,reg3_m60_s0,83.0,random,0,16050,0.7710843373493976
reg3,60,6,reg3_m60_s0,83.0,random,0,16100,0.7710843373493976
reg3,60,6,reg3_m60_s0,83.0,random,0,16150,0.7710843373493976
reg3,60,6,reg3_m60_s0,83.0,random,0,16200,0.7710843373493976
reg3,60,6,reg3_m60_s0,83.0,random,0,16250,0.7710843373493976
reg3,60,6,reg3_m60_s0,83.0,random,0,16300,0.7710843373493976
reg3,60,6,reg3_m60_s0,83.0,random,0,16350,0.7710843373493976
reg3,60,6,reg3_m60_s0,83.0,random,0,16400,0.7710843373493976
reg3,60,6,reg3_m60_s0,83.0,random,0,16450,0.7710843373493976
reg3,60,6,reg3_m60_s0,83.0,random,0,16500,0.7710843373493976
reg3,60,6,reg3_m60_s0,83.0,random,0,16550,0.7710843373493976
reg3,60,6,reg3_m60_s0,83.0,random,0,16600,0.7710843373493976
reg3,60,6,reg3_m60_s0,83.0,random,0,16650,0.7710843373493976
reg3,60,6,reg3_m60_s0,83.0,random,0,16700,0.7710843373493976
reg3,60,6,reg3_m60_s0,83.0,random,0,16750,0.7710843373493976
reg3,60,6,reg3_m60_s0,83.0,random,0,16800,0.7710843373493976
reg3,60,6,reg3_m60_s0,83.0,random,0,16850,0.7710843373493976
reg3,60,6,reg3_m60_s0,83.0,random,0,16900,0.7710843373493976
reg3,60,6,reg3_m60_s0,83.0,random,0,16950,0.7710843373493976
reg3,60,6,reg3_m60_s0,83.0,random,0,17000,0.7710843373493976
reg3,60,6,reg3_m60_s0,83.0,random,0,17050,0.7710843373493976
reg3,60,6,reg3_m60_s0,83.0,random,0,17100,0.7710843373493976
reg3,60,6,reg3_m60_s0,83.0,random,0,17150,0.7710843373493976
reg3,60,6,reg3_m60_s0,83.0,random,0,17200,0.7710843373493976
reg3,60,6,reg3_m60_s0,83.0,random,0,17250,0.7710843373493976
reg3,60,6,reg3_m60_s0,83.0,random,0,17300,0.7710843373493976
reg3,60,6,reg3_m60_s0,83.0,random,0,17350,0.7710843373493976
reg3,60,6,reg3_m60_s0,83.0,random,0,17400,0.7710843373493976
reg3,60,6,reg3_m60_s0,83.0,random,0,17450,0.7710843373493976
reg3,60,6,reg3_m60_s0,83.0,random,0,17500,0.7710843373493976
reg3,60,6,reg3_m60_s0,83.0,random,0,17550,0.7710843373493976
reg3,60,6,reg3_m60_s0,83.0,random,0,17600,0.7710843373493976
reg3,60,6,reg3_m60_s0,83.0,random,0,17650,0.7710843373493976
reg3,60,6,reg3_m60_s0,83.0,random,0,17700,0.7710843373493976
reg3,60,6,reg3_m60_s0,83.0,random,0,17750,0.7710843373493976
reg3,60,6,reg3_m60_s0,83.0,random,0,17800,0.7710843373493976
reg3,60,6,reg3_m60_s0,83.0,random,0,17850,0.7710843373493976
reg3,60,6,reg3_m60_s0,83.0,random,0,17900,0.7710843373493976
reg3,60,6,reg3_m60_s0,83.0,random,0,17950,0.7710843373493976
reg3,60,6,reg3_m60_s0,83.0,random,0,18000,0.7710843373493976
reg3,60,6,reg3_m60_s0,83.0,random,0,18050,0.7710843373493976
reg3,60,6,reg3_m60_s0,83.0,random,0,18100,0.7710843373493976
reg3,60,6,reg3_m60_s0,83.0,random,0,18150,0.7710843373493976
reg3,60,6,reg3_m60_s0,83.0,random,0,18200,0.7710843373493976
reg3,60,6,reg3_m60_s0,83.0,random,0,18250,0.7710843373493976
reg3,60,6,reg3_m60_s0,83.0,random,0,18300,0.7710843373493976
reg3,60,6,reg3_m60_s0,83.0,random,0,18350,0.7710843373493976
reg3,60,6,reg3_m60_s0,83.0,random,0,18400,0.7710843373493976
reg3,60,6,reg3_m60_s0,83.0,random,0,18450,0.7710843373493976
reg3,60,6,reg3_m60_s0,83.0,random,0,18500,0.7710843373493976
reg3,60,6,reg3_m60_s0,83.0,random,0,18550,0.7710843373493976
reg3,60,6,reg3_m60_s0,83.0,random,0,18600,0.7710843373493976
reg3,60,6,reg3_m60_s0,83.0,random,0,18650,0.7710843373493976
reg3,60,6,reg3_m60_s0,83.0,random,0,18700,0.7710843373493976
reg3,60,6,reg3_m60_s0,83.0,random,0,18750,0.7710843373493976
reg3,60,6,reg3_m60_s0,83.0,random,0,18800,0.7710843373493976
reg3,60,6,reg3_m60_s0,83.0,random,0,18850,0.7710843373493976
reg3,60,6,reg3_m60_s0,83.0,random,0,18900,0.7710843373493976
reg3,60,6,reg3_m60_s0,83.0,random,0,18950,0.7710843373493976
reg3,60,6,reg3_m60_s0,83.0,random,0,19000,0.7710843373493976
reg3,60,6,reg3_m60_s0,83.0,random,0,19050,0.7710843373493976
reg3,60,6,reg3_m60_s0,83.0,random,0,19100,0.7710843373493976
reg3,60,6,reg3_m60_s0,83.0,random,0,19150,0.7710843373493976
reg3,60,6,reg3_m60_s0,83.0,random,0,19200,0.7710843373493976
reg3,60,6,reg3_m60_s0,83.0,random,0,19250,0.7710843373493976
reg3,60,6,reg3_m60_s0,83.0,random,0,19300,0.7710843373493976
reg3,60,6,reg3_m60_s0,83.0,random,0,19350,0.7710843373493976
reg3,60,6,reg3_m60_s0,83.0,random,0,19400,0.7710843373493976
reg3,60,6,reg3_m60_s0,83.0,random,0,19450,0.7710843373493976
reg3,60,6,reg3_m60_s0,83.0,random,0,19500,0.7710843373493976
reg3,60,6,reg3_m60_s0,83.0,random,0,19550,0.7710843373493976
reg3,60,6,reg3_m60_s0,83.0,random,0,19600,0.7710843373493976
reg3,60,6,reg3_m60_s0,83.0,random,0,19650,0.7710843373493976
reg3,60,6,reg3_m60_s0,83.0,random,0,19700,0.7710843373493976
reg3,60,6,reg3_m60_s0,83.0,random,0,19750,0.7710843373493976
reg3,60,6,reg3_m60_s0,83.0,random,0,19800,0.7710843373493976
reg3,60,6,reg3_m60_s0,83.0,random,0,19850,0.7710843373493976
reg3,60,6,reg3_m60_s0,83.0,random,0,19900,0.7710843373493976
reg3,60,6,reg3_m60_s0,83.0,random,0,19950,0.7710843373493976
reg3,60,6,reg3_m60_s0,83.0,random,0,20000,0.7710843373493976
reg3,60,6,reg3_m60_s0,83.0,genpce_es,1,10,0.5301204819277109
reg3,60,6,reg3_m60_s0,83.0,genpce_es,1,60,0.6626506024096386
reg3,60,6,reg3_m60_s0,83.0,genpce_es,1,110,0.6746987951807228
reg3,60,6,reg3_m60_s0,83.0,genpce_es,1,160,0.6746987951807228
reg3,60,6,reg3_m60_s0,83.0,genpce_es,1,210,0.6867469879518072
reg3,60,6,reg3_m60_s0,83.0,genpce_es,1,260,0.6987951807228916
reg3,60,6,reg3_m60_s0,83.0,genpce_es,1,310,0.7349397590361446
reg3,60,6,reg3_m60_s0,83.0,genpce_es,1,360,0.7349397590361446
reg3,60,6,reg3_m60_s0,83.0,genpce_es,1,410,0.7349397590361446
reg3,60,6,reg3_m60_s0,83.0,genpce_es,1,460,0.7349397590361446
reg3,60,6,reg3_m60_s0,83.0,genpce_es,1,510,0.7349397590361446
reg3,60,6,reg3_m60_s0,83.0,genpce_es,1,560,0.7349397590361446
reg3,60,6,reg3_m60_s0,83.0,genpce_es,1,610,0.7349397590361446
reg3,60,6,reg3_m60_s0,83.0,genpce_es,1,660,0.7831325301204819
reg3,60,6,reg3_m60_s0,83.0,genpce_es,1,710,0.7951807228915663
reg3,60,6,reg3_m60_s0,83.0,genpce_es,1,760,0.7951807228915663
reg3,60,6,reg3_m60_s0,83.0,genpce_es,1,810,0.7951807228915663
reg3,60,6,reg3_m60_s0,83.0,genpce_es,1,860,0.7951807228915663
reg3,60,6,reg3_m60_s0,83.0,genpce_es,1,910,0.8072289156626506
reg3,60,6,reg3_m60_s0,83.0,genpce_es,1,960,0.8072289156626506
reg3,60,6,reg3_m60_s0,83.0,genpce_es,1,1010,0.8072289156626506
reg3,60,6,reg3_m60_s0,83.0,genpce_es,1,1060,0.8072289156626506
reg3,60,6,reg3_m60_s0,83.0,genpce_es,1,1110,0.8072289156626506
reg3,60,6,reg3_m60_s0,83.0,genpce_es,1,1160,0.8072289156626506
reg3,60,6,reg3_m60_s0,83.0,genpce_es,1,1210,0.8072289156626506
reg3,60,6,reg3_m60_s0,83.0,genpce_es,1,1260,0.8072289156626506
reg3,60,6,reg3_m60_s0,83.0,genpce_es,1,1310,0.8072289156626506
reg3,60,6,reg3_m60_s0,83.0,genpce_es,1,1360,0.8072289156626506
reg3,60,6,reg3_m60_s0,83.0,genpce_es,1,1410,0.8072289156626506
reg3,60,6,reg3_m60_s0,83.0,genpce_es,1,1460,0.8072289156626506
reg3,60,6,reg3_m60_s0,83.0,genpce_es,1,1510,0.8313253012048193
reg3,60,6,reg3_m60_s0,83.0,genpce_es,1,1560,0.8313253012048193
reg3,60,6,reg3_m60_s0,83.0,genpce_es,1,1610,0.8313253012048193
reg3,60,6,reg3_m60_s0,83.0,genpce_es,1,1660,0.8313253012048193
reg3,60,6,reg3_m60_s0,83.0,genpce_es,1,1710,0.8192771084337349
reg3,60,6,reg3_m60_s0,83.0,genpce_es,1,1760,0.8433734939759037
reg3,60,6,reg3_m60_s0,83.0,genpce_es,1,1810,0.8433734939759037
reg3,60,6,reg3_m60_s0,83.0,genpce_es,1,1860,0.8433734939759037
reg3,60,6,reg3_m60_s0,83.0,genpce_es,1,1910,0.8433734939759037
reg3,60,6,reg3_m60_s0,83.0,genpce_es,1,1960,0.8433734939759037
reg3,60,6,reg3_m60_s0,83.0,genpce_es,1,2010,0.8433734939759037
reg3,60,6,reg3_m60_s0,83.0,genpce_es,1,2060,0.8313253012048193
reg3,60,6,reg3_m60_s0,83.0,genpce_es,1,2110,0.8313253012048193
reg3,60,6,reg3_m60_s0,83.0,genpce_es,1,2160,0.8313253012048193
reg3,60,6,reg3_m60_s0,83.0,genpce_es,1,2210,0.8313253012048193
reg3,60,6,reg3_m60_s0,83.0,genpce_es,1,2260,0.8313253012048193
reg3,60,6,reg3_m60_s0,83.0,genpce_es,1,2310,0.8313253012048193
reg3,60,6,reg3_m60_s0,83.0,genpce_es,1,2360,0.8313253012048193
reg3,60,6,reg3_m60_s0,83.0,genpce_es,1,2410,0.8313253012048193
reg3,60,6,reg3_m60_s0,83.0,genpce_es,1,2460,0.8313253012048193
reg3,60,6,reg3_m60_s0,83.0,genpce_es,1,2510,0.8313253012048193
reg3,60,6,reg3_m60_s0,83.0,genpce_es,1,2560,0.8313253012048193
reg3,60,6,reg3_m60_s0,83.0,genpce_es,1,2610,0.8313253012048193
reg3,60,6,reg3_m60_s0,83.0,genpce_es,1,2660,0.8313253012048193
reg3,60,6,reg3_m60_s0,83.0,genpce_es,1,2710,0.8313253012048193
reg3,60,6,reg3_m60_s0,83.0,genpce_es,1,2760,0.8313253012048193
reg3,60,6,reg3_m60_s0,83.0,genpce_es,1,2810,0.8313253012048193
reg3,60,6,reg3_m60_s0,83.0,genpce_es,1,2860,0.8313253012048193
reg3,60,6,reg3_m60_s0,83.0,genpce_es,1,2910,0.8313253012048193
reg3,60,6,reg3_m60_s0,83.0,genpce_es,1,2960,0.8313253012048193
reg3,60,6,reg3_m60_s0,83.0,genpce_es,1,3010,0.8313253012048193
reg3,60,6,reg3_m60_s0,83.0,genpce_es,1,3060,0.8313253012048193
reg3,60,6,reg3_m60_s0,83.0,genpce_es,1,3110,0.8313253012048193
reg3,60,6,reg3_m60_s0,83.0,genpce_es,1,3160,0.8313253012048193
reg3,60,6,reg3_m60_s0,83.0,genpce_es,1,3210,0.8313253012048193
reg3,60,6,reg3_m60_s0,83.0,genpce_es,1,3260,0.8313253012048193
reg3,60,6,reg3_m60_s0,83.0,genpce_es,1,3310,0.8313253012048193
reg3,60,6,reg3_m60_s0,83.0,genpce_es,1,3360,0.8313253012048193
reg3,60,6,reg3_m60_s0,83.0,genpce_es,1,3410,0.8313253012048193
reg3,60,6,reg3_m60_s0,83.0,genpce_es,1,3460,0.8313253012048193
reg3,60,6,reg3_m60_s0,83.0,genpce_es,1,3510,0.8313253012048193
reg3,60,6,reg3_m60_s0,83.0,genpce_es,1,3560,0.8313253012048193
reg3,60,6,reg3_m60_s0,83.0,genpce_es,1,3610,0.8674698795180723
reg3,60,6,reg3_m60_s0,83.0,genpce_es,1,3660,0.8674698795180723
reg3,60,6,reg3_m60_s0,83.0,genpce_es,1,3710,0.8674698795180723
reg3,60,6,reg3_m60_s0,83.0,genpce_es,1,3760,0.8674698795180723
reg3,60,6,reg3_m60_s0,83.0,genpce_es,1,3810,0.8674698795180723
reg3,60,6,reg3_m60_s0,83.0,genpce_es,1,3860,0.8674698795180723
reg3,60,6,reg3_m60_s0,83.0,genpce_es,1,3910,0.8674698795180723
reg3,60,6,reg3_m60_s0,83.0,genpce_es,1,3960,0.8674698795180723
reg3,60,6,reg3_m60_s0,83.0,genpce_es,1,4010,0.8674698795180723
reg3,60,6,reg3_m60_s0,83.0,genpce_es,1,4060,0.8795180722891566
reg3,60,6,reg3_m60_s0,83.0,genpce_es,1,4110,0.8795180722891566
reg3,60,6,reg3_m60_s0,83.0,genpce_es,1,4160,0.8795180722891566
reg3,60,6,reg3_m60_s0,83.0,genpce_es,1,4210,0.8795180722891566
reg3,60,6,reg3_m60_s0,83.0,genpce_es,1,4260,0.8795180722891566
reg3,60,6,reg3_m60_s0,83.0,genpce_es,1,4310,0.8795180722891566
reg3,60,6,reg3_m60_s0,83.0,genpce_es,1,4360,0.8795180722891566
reg3,60,6,reg3_m60_s0,83.0,genpce_es,1,4410,0.8795180722891566
reg3,60,6,reg3_m60_s0,83.0,genpce_es,1,4460,0.8795180722891566
reg3,60,6,reg3_m60_s0,83.0,genpce_es,1,4510,0.8795180722891566
reg3,60,6,reg3_m60_s0,83.0,genpce_es,1,4560,0.8795180722891566
reg3,60,6,reg3_m60_s0,83.0,genpce_es,1,4610,0.8795180722891566
reg3,60,6,reg3_m60_s0,83.0,genpce_es,1,4660,0.8795180722891566
reg3,60,6,reg3_m60_s0,83.0,genpce_es,1,4710,0.8795180722891566
reg3,60,6,reg3_m60_s0,83.0,genpce_es,1,4760,0.8795180722891566
reg3,60,6,reg3_m60_s0,83.0,genpce_es,1,4810,0.8795180722891566
reg3,60,6,reg3_m60_s0,83.0,genpce_es,1,4860,0.8795180722891566
reg3,60,6,reg3_m60_s0,83.0,genpce_es,1,4910,0.8795180722891566
reg3,60,6,reg3_m60_s0,83.0,genpce_es,1,4960,0.8795180722891566
reg3,60,6,reg3_m60_s0,83.0,genpce_es,1,5010,0.8795180722891566
reg3,60,6,reg3_m60_s0,83.0,genpce_es,1,5060,0.8795180722891566
reg3,60,6,reg3_m60_s0,83.0,genpce_es,1,5110,0.8795180722891566
reg3,60,6,reg3_m60_s0,83.0,genpce_es,1,5160,0.8795180722891566
reg3,60,6,reg3_m60_s0,83.0,genpce_es,1,5210,0.8795180722891566
reg3,60,6,reg3_m60_s0,83.0,genpce_es,1,5260,0.8795180722891566
reg3,60,6,reg3_m60_s0,83.0,genpce_es,1,5310,0.8795180722891566
reg3,60,6,reg3_m60_s0,83.0,genpce_es,1,5360,0.8795180722891566
reg3,60,6,reg3_m60_s0,83.0,genpce_es,1,5410,0.8795180722891566
reg3,60,6,reg3_m60_s0,83.0,genpce_es,1,5460,0.8795180722891566
reg3,60,6,reg3_m60_s0,83.0,genpce_es,1,5510,0.8795180722891566
reg3,60,6,reg3_m60_s0,83.0,genpce_es,1,5560,0.8795180722891566
reg3,60,6,reg3_m60_s0,83.0,genpce_es,1,5610,0.8795180722891566
reg3,60,6,reg3_m60_s0,83.0,genpce_es,1,5660,0.8795180722891566
reg3,60,6,reg3_m60_s0,83.0,genpce_es,1,5710,0.8795180722891566
reg3,60,6,reg3_m60_s0,83.0,genpce_es,1,5760,0.8795180722891566
reg3,60,6,reg3_m60_s0,83.0,genpce_es,1,5810,0.8795180722891566
reg3,60,6,reg3_m60_s0,83.0,genpce_es,1,5860,0.8795180722891566
reg3,60,6,reg3_m60_s0,83.0,genpce_es,1,5910,0.8795180722891566
reg3,60,6,reg3_m60_s0,83.0,genpce_es,1,5960,0.8795180722891566
reg3,60,6,reg3_m60_s0,83.0,genpce_es,1,6010,0.8795180722891566
reg3,60,6,reg3_m60_s0,83.0,genpce_es,1,6060,0.8795180722891566
reg3,60,6,reg3_m60_s0,83.0,genpce_es,1,6110,0.8795180722891566
reg3,60,6,reg3_m60_s0,83.0,genpce_es,1,6160,0.8795180722891566
reg3,60,6,reg3_m60_s0,83.0,genpce_es,1,6210,0.8795180722891566
reg3,60,6,reg3_m60_s0,83.0,genpce_es,1,6260,0.8795180722891566
reg3,60,6,reg3_m60_s0,83.0,genpce_es,1,6310,0.8795180722891566
reg3,60,6,reg3_m60_s0,83.0,genpce_es,1,6360,0.8795180722891566
reg3,60,6,reg3_m60_s0,83.0,genpce_es,1,6410,0.8795180722891566
reg3,60,6,reg3_m60_s0,83.0,genpce_es,1,6460,0.8795180722891566
reg3,60,6,reg3_m60_s0,83.0,genpce_es,1,6510,0.8795180722891566
reg3,60,6,reg3_m60_s0,83.0,genpce_es,1,6560,0.8795180722891566
reg3,60,6,reg3_m60_s0,83.0,genpce_es,1,6610,0.8795180722891566
reg3,60,6,reg3_m60_s0,83.0,genpce_es,1,6660,0.8795180722891566
reg3,60,6,reg3_m60_s0,83.0,genpce_es,1,6710,0.8795180722891566
reg3,60,6,reg3_m60_s0,83.0,genpce_es,1,6760,0.8795180722891566
reg3,60,6,reg3_m60_s0,83.0,genpce_es,1,6810,0.8795180722891566
reg3,60,6,reg3_m60_s0,83.0,genpce_es,1,6860,0.8795180722891566
reg3,60,6,reg3_m60_s0,83.0,genpce_es,1,6910,0.8795180722891566
reg3,60,6,reg3_m60_s0,83.0,genpce_es,1,6960,0.8795180722891566
reg3,60,6,reg3_m60_s0,83.0,genpce_es,1,7010,0.8795180722891566
reg3,60,6,reg3_m60_s0,83.0,genpce_es,1,7060,0.8795180722891566
reg3,60,6,reg3_m60_s0,83.0,genpce_es,1,7110,0.8795180722891566
reg3,60,6,reg3_m60_s0,83.0,genpce_es,1,7160,0.8795180722891566
reg3,60,6,reg3_m60_s0,83.0,genpce_es,1,7210,0.8795180722891566
reg3,60,6,reg3_m60_s0,83.0,genpce_es,1,7260,0.8795180722891566
reg3,60,6,reg3_m60_s0,83.0,genpce_es,1,7310,0.8795180722891566
reg3,60,6,reg3_m60_s0,83.0,genpce_es,1,7360,0.8795180722891566
reg3,60,6,reg3_m60_s0,83.0,genpce_es,1,7410,0.8795180722891566
reg3,60,6,reg3_m60_s0,83.0,genpce_es,1,7460,0.8795180722891566
reg3,60,6,reg3_m60_s0,83.0,genpce_es,1,7510,0.8795180722891566
reg3,60,6,reg3_m60_s0,83.0,genpce_es,1,7560,0.8795180722891566
reg3,60,6,reg3_m60_s0,83.0,genpce_es,1,7610,0.8795180722891566
reg3,60,6,reg3_m60_s0,83.0,genpce_es,1,7660,0.8795180722891566
reg3,60,6,reg3_m60_s0,83.0,genpce_es,1,7710,0.8795180722891566
reg3,60,6,reg3_m60_s0,83.0,genpce_es,1,7760,0.8795180722891566
reg3,60,6,reg3_m60_s0,83.0,genpce_es,1,7810,0.8795180722891566
reg3,60,6,reg3_m60_s0,83.0,genpce_es,1,7860,0.8795180722891566
reg3,60,6,reg3_m60_s0,83.0,genpce_es,1,7910,0.8795180722891566
reg3,60,6,reg3_m60_s0,83.0,genpce_es,1,7960,0.8795180722891566
reg3,60,6,reg3_m60_s0,83.0,genpce_es,1,8010,0.8795180722891566
reg3,60,6,reg3_m60_s0,83.0,genpce_es,1,8060,0.8795180722891566
reg3,60,6,reg3_m60_s0,83.0,genpce_es,1,8110,0.8795180722891566
reg3,60,6,reg3_m60_s0,83.0,genpce_es,1,8160,0.8795180722891566
reg3,60,6,reg3_m60_s0,83.0,genpce_es,1,8210,0.8795180722891566
reg3,60,6,reg3_m60_s0,83.0,genpce_es,1,8260,0.8795180722891566
reg3,60,6,reg3_m60_s0,83.0,genpce_es,1,8310,0.8795180722891566
reg3,60,6,reg3_m60_s0,83.0,genpce_es,1,8360,0.8795180722891566
reg3,60,6,reg3_m60_s0,83.0,genpce_es,1,8410,0.8795180722891566
reg3,60,6,reg3_m60_s0,83.0,genpce_es,1,8460,0.8795180722891566
reg3,60,6,reg3_m60_s0,83.0,genpce_es,1,8510,0.8795180722891566
reg3,60,6,reg3_m60_s0,83.0,genpce_es,1,8560,0.8795180722891566
reg3,60,6,reg3_m60_s0,83.0,genpce_es,1,8610,0.8795180722891566
reg3,60,6,reg3_m60_s0,83.0,genpce_es,1,8660,0.8795180722891566
reg3,60,6,reg3_m60_s0,83.0,genpce_es,1,8710,0.8795180722891566
reg3,60,6,reg3_m60_s0,83.0,genpce_es,1,8760,0.8795180722891566
reg3,60,6,reg3_m60_s0,83.0,genpce_es,1,8810,0.8795180722891566
reg3,60,6,reg3_m60_s0,83.0,genpce_es,1,8860,0.8795180722891566
reg3,60,6,reg3_m60_s0,83.0,genpce_es,1,8910,0.8795180722891566
reg3,60,6,reg3_m60_s0,83.0,genpce_es,1,8960,0.8795180722891566
reg3,60,6,reg3_m60_s0,83.0,genpce_es,1,9010,0.8795180722891566
reg3,60,6,reg3_m60_s0,83.0,genpce_es,1,9060,0.8795180722891566
reg3,60,6,reg3_m60_s0,83.0,genpce_es,1,9110,0.8795180722891566
reg3,60,6,reg3_m60_s0,83.0,genpce_es,1,9160,0.8795180722891566
reg3,60,6,reg3_m60_s0,83.0,genpce_es,1,9210,0.8795180722891566
reg3,60,6,reg3_m60_s0,83.0,genpce_es,1,9260,0.8795180722891566
reg3,60,6,reg3_m60_s0,83.0,genpce_es,1,9310,0.8795180722891566
reg3,60,6,reg3_m60_s0,83.0,genpce_es,1,9360,0.8795180722891566
reg3,60,6,reg3_m60_s0,83.0,genpce_es,1,9410,0.8795180722891566
reg3,60,6,reg3_m60_s0,83.0,genpce_es,1,9460,0.8795180722891566
reg3,60,6,reg3_m60_s0,83.0,genpce_es,1,9510,0.8795180722891566
reg3,60,6,reg3_m60_s0,83.0,genpce_es,1,9560,0.8795180722891566
reg3,60,6,reg3_m60_s0,83.0,genpce_es,1,9610,0.8795180722891566
reg3,60,6,reg3_m60_s0,83.0,genpce_es,1,9660,0.8795180722891566
reg3,60,6,reg3_m60_s0,83.0,genpce_es,1,9710,0.8795180722891566
reg3,60,6,reg3_m60_s0,83.0,genpce_es,1,9760,0.8795180722891566
reg3,60,6,reg3_m60_s0,83.0,genpce_es,1,9810,0.8795180722891566
reg3,60,6,reg3_m60_s0,83.0,genpce_es,1,9860,0.8795180722891566
reg3,60,6,reg3_m60_s0,83.0,genpce_es,1,9910,0.8795180722891566
reg3,60,6,reg3_m60_s0,83.0,genpce_es,1,9960,0.8795180722891566
reg3,60,6,reg3_m60_s0,83.0,genpce_es,1,10010,0.8795180722891566
reg3,60,6,reg3_m60_s0,83.0,genpce_es,1,10060,0.8795180722891566
reg3,60,6,reg3_m60_s0,83.0,genpce_es,1,10110,0.8795180722891566
reg3,60,6,reg3_m60_s0,83.0,genpce_es,1,10160,0.8795180722891566
reg3,60,6,reg3_m60_s0,83.0,genpce_es,1,10210,0.8795180722891566
reg3,60,6,reg3_m60_s0,83.0,genpce_es,1,10260,0.8795180722891566
reg3,60,6,reg3_m60_s0,83.0,genpce_es,1,10310,0.8795180722891566
reg3,60,6,reg3_m60_s0,83.0,genpce_es,1,10360,0.8795180722891566
reg3,60,6,reg3_m60_s0,83.0,genpce_es,1,10410,0.8795180722891566
reg3,60,6,reg3_m60_s0,83.0,genpce_es,1,10460,0.8795180722891566
reg3,60,6,reg3_m60_s0,83.0,genpce_es,1,10510,0.8795180722891566
reg3,60,6,reg3_m60_s0,83.0,genpce_es,1,10560,0.8795180722891566
reg3,60,6,reg3_m60_s0,83.0,genpce_es,1,10610,0.8795180722891566
reg3,60,6,reg3_m60_s0,83.0,genpce_es,1,10660,0.8795180722891566
reg3,60,6,reg3_m60_s0,83.0,genpce_es,1,10710,0.8795180722891566
reg3,60,6,reg3_m60_s0,83.0,genpce_es,1,10760,0.8795180722891566
reg3,60,6,reg3_m60_s0,83.0,genpce_es,1,10810,0.8795180722891566
reg3,60,6,reg3_m60_s0,83.0,genpce_es,1,10860,0.8795180722891566
reg3,60,6,reg3_m60_s0,83.0,genpce_es,1,10910,0.8795180722891566
reg3,60,6,reg3_m60_s0,83.0,genpce_es,1,10960,0.8795180722891566
reg3,60,6,reg3_m60_s0,83.0,genpce_es,1,11010,0.8795180722891566
reg3,60,6,reg3_m60_s0,83.0,genpce_es,1,11060,0.8795180722891566
reg3,60,6,reg3_m60_s0,83.0,genpce_es,1,11110,0.8795180722891566
reg3,60,6,reg3_m60_s0,83.0,genpce_es,1,11160,0.8795180722891566
reg3,60,6,reg3_m60_s0,83.0,genpce_es,1,11210,0.8795180722891566
reg3,60,6,reg3_m60_s0,83.0,genpce_es,1,11260,0.8795180722891566
reg3,60,6,reg3_m60_s0,83.0,genpce_es,1,11310,0.8795180722891566
reg3,60,6,reg3_m60_s0,83.0,genpce_es,1,11360,0.8795180722891566
reg3,60,6,reg3_m60_s0,83.0,genpce_es,1,11410,0.8795180722891566
reg3,60,6,reg3_m60_s0,83.0,genpce_es,1,11460,0.8795180722891566
reg3,60,6,reg3_m60_s0,83.0,genpce_es,1,11510,0.8795180722891566
reg3,60,6,reg3_m60_s0,83.0,genpce_es,1,11560,0.8795180722891566
reg3,60,6,reg3_m60_s0,83.0,genpce_es,1,11610,0.8795180722891566
reg3,60,6,reg3_m60_s0,83.0,genpce_es,1,11660,0.8795180722891566
reg3,60,6,reg3_m60_s0,83.0,genpce_es,1,11710,0.8795180722891566
reg3,60,6,reg3_m60_s0,83.0,genpce_es,1,11760,0.8795180722891566
reg3,60,6,reg3_m60_s0,83.0,genpce_es,1,11810,0.8795180722891566
reg3,60,6,reg3_m60_s0,83.0,genpce_es,1,11860,0.8795180722891566
reg3,60,6,reg3_m60_s0,83.0,genpce_es,1,11910,0.8795180722891566
reg3,60,6,reg3_m60_s0,83.0,genpce_es,1,11960,0.8795180722891566
reg3,60,6,reg3_m60_s0,83.0,genpce_es,1,12010,0.8795180722891566
reg3,60,6,reg3_m60_s0,83.0,genpce_es,1,12060,0.8795180722891566
reg3,60,6,reg3_m60_s0,83.0,genpce_es,1,12110,0.8795180722891566
reg3,60,6,reg3_m60_s0,83.0,genpce_es,1,12160,0.8795180722891566
reg3,60,6,reg3_m60_s0,83.0,genpce_es,1,12210,0.8795180722891566
reg3,60,6,reg3_m60_s0,83.0,genpce_es,1,12260,0.8795180722891566
reg3,60,6,reg3_m60_s0,83.0,genpce_es,1,12310,0.8795180722891566
reg3,60,6,reg3_m60_s0,83.0,genpce_es,1,12360,0.8795180722891566
reg3,60,6,reg3_m60_s0,83.0,genpce_es,1,12410,0.8795180722891566
reg3,60,6,reg3_m60_s0,83.0,genpce_es,1,12460,0.8795180722891566
reg3,60,6,reg3_m60_s0,83.0,genpce_es,1,12510,0.8795180722891566
reg3,60,6,reg3_m60_s0,83.0,genpce_es,1,12560,0.8795180722891566
reg3,60,6,reg3_m60_s0,83.0,genpce_es,1,12610,0.8795180722891566
reg3,60,6,reg3_m60_s0,83.0,genpce_es,1,12660,0.8795180722891566
reg3,60,6,reg3_m60_s0,83.0,genpce_es,1,12710,0.8795180722891566
reg3,60,6,reg3_m60_s0,83.0,genpce_es,1,12760,0.8795180722891566
reg3,60,6,reg3_m60_s0,83.0,genpce_es,1,12810,0.8795180722891566
reg3,60,6,reg3_m60_s0,83.0,genpce_es,1,12860,0.8795180722891566
reg3,60,6,reg3_m60_s0,83.0,genpce_es,1,12910,0.8795180722891566
reg3,60,6,reg3_m60_s0,83.0,genpce_es,1,12960,0.8795180722891566
reg3,60,6,reg3_m60_s0,83.0,genpce_es,1,13010,0.8795180722891566
reg3,60,6,reg3_m60_s0,83.0,genpce_es,1,13060,0.8795180722891566
reg3,60,6,reg3_m60_s0,83.0,genpce_es,1,13110,0.8795180722891566
reg3,60,6,reg3_m60_s0,83.0,genpce_es,1,13160,0.8795180722891566
reg3,60,6,reg3_m60_s0,83.0,genpce_es,1,13210,0.8795180722891566
reg3,60,6,reg3_m60_s0,83.0,genpce_es,1,13260,0.8795180722891566
reg3,60,6,reg3_m60_s0,83.0,genpce_es,1,13310,0.8795180722891566
reg3,60,6,reg3_m60_s0,83.0,genpce_es,1,13360,0.8795180722891566
reg3,60,6,reg3_m60_s0,83.0,genpce_es,1,13410,0.8795180722891566
reg3,60,6,reg3_m60_s0,83.0,genpce_es,1,13460,0.8795180722891566
reg3,60,6,reg3_m60_s0,83.0,genpce_es,1,13510,0.8795180722891566
reg3,60,6,reg3_m60_s0,83.0,genpce_es,1,13560,0.8795180722891566
reg3,60,6,reg3_m60_s0,83.0,genpce_es,1,13610,0.8795180722891566
reg3,60,6,reg3_m60_s0,83.0,genpce_es,1,13660,0.8795180722891566
reg3,60,6,reg3_m60_s0,83.0,genpce_es,1,13710,0.8795180722891566
reg3,60,6,reg3_m60_s0,83.0,genpce_es,1,13760,0.8795180722891566
reg3,60,6,reg3_m60_s0,83.0,genpce_es,1,13810,0.8795180722891566
reg3,60,6,reg3_m60_s0,83.0,genpce_es,1,13860,0.8795180722891566
reg3,60,6,reg3_m60_s0,83.0,genpce_es,1,13910,0.8795180722891566
reg3,60,6,reg3_m60_s0,83.0,genpce_es,1,13960,0.8795180722891566
reg3,60,6,reg3_m60_s0,83.0,genpce_es,1,14010,0.8795180722891566
reg3,60,6,reg3_m60_s0,83.0,genpce_es,1,14060,0.8795180722891566
reg3,60,6,reg3_m60_s0,83.0,genpce_es,1,14110,0.8795180722891566
reg3,60,6,reg3_m60_s0,83.0,genpce_es,1,14160,0.8795180722891566
reg3,60,6,reg3_m60_s0,83.0,genpce_es,1,14210,0.8795180722891566
reg3,60,6,reg3_m60_s0,83.0,genpce_es,1,14260,0.8795180722891566
reg3,60,6,reg3_m60_s0,83.0,genpce_es,1,14310,0.8795180722891566
reg3,60,6,reg3_m60_s0,83.0,genpce_es,1,14360,0.8795180722891566
reg3,60,6,reg3_m60_s0,83.0,genpce_es,1,14410,0.8795180722891566
reg3,60,6,reg3_m60_s0,83.0,genpce_es,1,14460,0.8795180722891566
reg3,60,6,reg3_m60_s0,83.0,genpce_es,1,14510,0.8795180722891566
reg3,60,6,reg3_m60_s0,83.0,genpce_es,1,14560,0.8795180722891566
reg3,60,6,reg3_m60_s0,83.0,genpce_es,1,14610,0.8795180722891566
reg3,60,6,reg3_m60_s0,83.0,genpce_es,1,14660,0.8795180722891566
reg3,60,6,reg3_m60_s0,83.0,genpce_es,1,14710,0.8795180722891566
reg3,60,6,reg3_m60_s0,83.0,genpce_es,1,14760,0.8795180722891566
reg3,60,6,reg3_m60_s0,83.0,genpce_es,1,14810,0.8795180722891566
reg3,60,6,reg3_m60_s0,83.0,genpce_es,1,14860,0.8795180722891566
reg3,60,6,reg3_m60_s0,83.0,genpce_es,1,14910,0.8795180722891566
reg3,60,6,reg3_m60_s0,83.0,genpce_es,1,14960,0.8795180722891566
reg3,60,6,reg3_m60_s0,83.0,genpce_es,1,15010,0.8795180722891566
reg3,60,6,reg3_m60_s0,83.0,genpce_es,1,15060,0.8795180722891566
reg3,60,6,reg3_m60_s0,83.0,genpce_es,1,15110,0.8795180722891566
reg3,60,6,reg3_m60_s0,83.0,genpce_es,1,15160,0.8795180722891566
reg3,60,6,reg3_m60_s0,83.0,genpce_es,1,15210,0.8795180722891566
reg3,60,6,reg3_m60_s0,83.0,genpce_es,1,15260,0.8795180722891566
reg3,60,6,reg3_m60_s0,83.0,genpce_es,1,15310,0.8795180722891566
reg3,60,6,reg3_m60_s0,83.0,genpce_es,1,15360,0.8795180722891566
reg3,60,6,reg3_m60_s0,83.0,genpce_es,1,15410,0.8795180722891566
reg3,60,6,reg3_m60_s0,83.0,genpce_es,1,15460,0.8795180722891566
reg3,60,6,reg3_m60_s0,83.0,genpce_es,1,15510,0.8795180722891566
reg3,60,6,reg3_m60_s0,83.0,genpce_es,1,15560,0.8795180722891566
reg3,60,6,reg3_m60_s0,83.0,genpce_es,1,15610,0.8795180722891566
reg3,60,6,reg3_m60_s0,83.0,genpce_es,1,15660,0.8795180722891566
reg3,60,6,reg3_m60_s0,83.0,genpce_es,1,15710,0.8795180722891566
reg3,60,6,reg3_m60_s0,83.0,genpce_es,1,15760,0.8795180722891566
reg3,60,6,reg3_m60_s0,83.0,genpce_es,1,15810,0.8795180722891566
reg3,60,6,reg3_m60_s0,83.0,genpce_es,1,15860,0.8795180722891566
reg3,60,6,reg3_m60_s0,83.0,genpce_es,1,15910,0.8795180722891566
reg3,60,6,reg3_m60_s0,83.0,genpce_es,1,15960,0.8795180722891566
reg3,60,6,reg3_m60_s0,83.0,genpce_es,1,16010,0.8795180722891566
reg3,60,6,reg3_m60_s0,83.0,genpce_es,1,16060,0.8795180722891566
reg3,60,6,reg3_m60_s0,83.0,genpce_es,1,16110,0.8795180722891566
reg3,60,6,reg3_m60_s0,83.0,genpce_es,1,16160,0.8795180722891566
reg3,60,6,reg3_m60_s0,83.0,genpce_es,1,16210,0.8795180722891566
reg3,60,6,reg3_m60_s0,83.0,genpce_es,1,16260,0.8795180722891566
reg3,60,6,reg3_m60_s0,83.0,genpce_es,1,16310,0.8795180722891566
reg3,60,6,reg3_m60_s0,83.0,genpce_es,1,16360,0.8795180722891566
reg3,60,6,reg3_m60_s0,83.0,genpce_es,1,16410,0.8795180722891566
reg3,60,6,reg3_m60_s0,83.0,genpce_es,1,16460,0.8795180722891566
reg3,60,6,reg3_m60_s0,83.0,genpce_es,1,16510,0.8795180722891566
reg3,60,6,reg3_m60_s0,83.0,genpce_es,1,16560,0.8795180722891566
reg3,60,6,reg3_m60_s0,83.0,genpce_es,1,16610,0.8795180722891566
reg3,60,6,reg3_m60_s0,83.0,genpce_es,1,16660,0.8795180722891566
reg3,60,6,reg3_m60_s0,83.0,genpce_es,1,16710,0.8795180722891566
reg3,60,6,reg3_m60_s0,83.0,genpce_es,1,16760,0.8795180722891566
reg3,60,6,reg3_m60_s0,83.0,genpce_es,1,16810,0.8795180722891566
reg3,60,6,reg3_m60_s0,83.0,genpce_es,1,16860,0.8795180722891566
reg3,60,6,reg3_m60_s0,83.0,genpce_es,1,16910,0.8795180722891566
reg3,60,6,reg3_m60_s0,83.0,genpce_es,1,16960,0.8795180722891566
reg3,60,6,reg3_m60_s0,83.0,genpce_es,1,17010,0.8795180722891566
reg3,60,6,reg3_m60_s0,83.0,genpce_es,1,17060,0.8795180722891566
reg3,60,6,reg3_m60_s0,83.0,genpce_es,1,17110,0.8795180722891566
reg3,60,6,reg3_m60_s0,83.0,genpce_es,1,17160,0.8795180722891566
reg3,60,6,reg3_m60_s0,83.0,genpce_es,1,17210,0.8795180722891566
reg3,60,6,reg3_m60_s0,83.0,genpce_es,1,17260,0.8795180722891566
reg3,60,6,reg3_m60_s0,83.0,genpce_es,1,17310,0.8795180722891566
reg3,60,6,reg3_m60_s0,83.0,genpce_es,1,17360,0.8795180722891566
reg3,60,6,reg3_m60_s0,83.0,genpce_es,1,17410,0.8795180722891566
reg3,60,6,reg3_m60_s0,83.0,genpce_es,1,17460,0.8795180722891566
reg3,60,6,reg3_m60_s0,83.0,genpce_es,1,17510,0.8795180722891566
reg3,60,6,reg3_m60_s0,83.0,genpce_es,1,17560,0.8795180722891566
reg3,60,6,reg3_m60_s0,83.0,genpce_es,1,17610,0.8795180722891566
reg3,60,6,reg3_m60_s0,83.0,genpce_es,1,17660,0.8795180722891566
reg3,60,6,reg3_m60_s0,83.0,genpce_es,1,17710,0.8795180722891566
reg3,60,6,reg3_m60_s0,83.0,genpce_es,1,17760,0.8795180722891566
reg3,60,6,reg3_m60_s0,83.0,genpce_es,1,17810,0.8795180722891566
reg3,60,6,reg3_m60_s0,83.0,genpce_es,1,17860,0.8795180722891566
reg3,60,6,reg3_m60_s0,83.0,genpce_es,1,17910,0.8795180722891566
reg3,60,6,reg3_m60_s0,83.0,genpce_es,1,17960,0.8795180722891566
reg3,60,6,reg3_m60_s0,83.0,genpce_es,1,18010,0.8795180722891566
reg3,60,6,reg3_m60_s0,83.0,genpce_es,1,18060,0.8795180722891566
reg3,60,6,reg3_m60_s0,83.0,genpce_es,1,18110,0.8795180722891566
reg3,60,6,reg3_m60_s0,83.0,genpce_es,1,18160,0.8795180722891566
reg3,60,6,reg3_m60_s0,83.0,genpce_es,1,18210,0.8795180722891566
reg3,60,6,reg3_m60_s0,83.0,genpce_es,1,18260,0.8795180722891566
reg3,60,6,reg3_m60_s0,83.0,genpce_es,1,18310,0.8795180722891566
reg3,60,6,reg3_m60_s0,83.0,genpce_es,1,18360,0.8795180722891566
reg3,60,6,reg3_m60_s0,83.0,genpce_es,1,18410,0.8795180722891566
reg3,60,6,reg3_m60_s0,83.0,genpce_es,1,18460,0.8795180722891566
reg3,60,6,reg3_m60_s0,83.0,genpce_es,1,18510,0.8795180722891566
reg3,60,6,reg3_m60_s0,83.0,genpce_es,1,18560,0.8795180722891566
reg3,60,6,reg3_m60_s0,83.0,genpce_es,1,18610,0.8795180722891566
reg3,60,6,reg3_m60_s0,83.0,genpce_es,1,18660,0.8795180722891566
reg3,60,6,reg3_m60_s0,83.0,genpce_es,1,18710,0.8795180722891566
reg3,60,6,reg3_m60_s0,83.0,genpce_es,1,18760,0.8795180722891566
reg3,60,6,reg3_m60_s0,83.0,genpce_es,1,18810,0.8795180722891566
reg3,60,6,reg3_m60_s0,83.0,genpce_es,1,18860,0.8795180722891566
reg3,60,6,reg3_m60_s0,83.0,genpce_es,1,18910,0.8795180722891566
reg3,60,6,reg3_m60_s0,83.0,genpce_es,1,18960,0.8795180722891566
reg3,60,6,reg3_m60_s0,83.0,genpce_es,1,19010,0.8795180722891566
reg3,60,6,reg3_m60_s0,83.0,genpce_es,1,19060,0.8795180722891566
reg3,60,6,reg3_m60_s0,83.0,genpce_es,1,19110,0.8795180722891566
reg3,60,6,reg3_m60_s0,83.0,genpce_es,1,19160,0.8795180722891566
reg3,60,6,reg3_m60_s0,83.0,genpce_es,1,19210,0.8795180722891566
reg3,60,6,reg3_m60_s0,83.0,genpce_es,1,19260,0.8795180722891566
reg3,60,6,reg3_m60_s0,83.0,genpce_es,1,19310,0.8795180722891566
reg3,60,6,reg3_m60_s0,83.0,genpce_es,1,19360,0.8795180722891566
reg3,60,6,reg3_m60_s0,83.0,genpce_es,1,19410,0.8795180722891566
reg3,60,6,reg3_m60_s0,83.0,genpce_es,1,19460,0.8795180722891566
reg3,60,6,reg3_m60_s0,83.0,genpce_es,1,19510,0.8795180722891566
reg3,60,6,reg3_m60_s0,83.0,genpce_es,1,19560,0.8795180722891566
reg3,60,6,reg3_m60_s0,83.0,genpce_es,1,19610,0.8795180722891566
reg3,60,6,reg3_m60_s0,83.0,genpce_es,1,19660,0.8795180722891566
reg3,60,6,reg3_m60_s0,83.0,genpce_es,1,19710,0.8795180722891566
reg3,60,6,reg3_m60_s0,83.0,genpce_es,1,19760,0.8795180722891566
reg3,60,6,reg3_m60_s0,83.0,genpce_es,1,19810,0.8795180722891566
reg3,60,6,reg3_m60_s0,83.0,genpce_es,1,19860,0.8795180722891566
reg3,60,6,reg3_m60_s0,83.0,genpce_es,1,19910,0.8795180722891566
reg3,60,6,reg3_m60_s0,83.0,genpce_es,1,19960,0.8795180722891566
reg3,60,6,reg3_m60_s0,83.0,genpce_es,1,20010,0.8795180722891566
reg3,60,6,reg3_m60_s0,83.0,random,1,50,0.6626506024096386
reg3,60,6,reg3_m60_s0,83.0,random,1,100,0.6626506024096386
reg3,60,6,reg3_m60_s0,83.0,random,1,150,0.6867469879518072
reg3,60,6,reg3_m60_s0,83.0,random,1,200,0.6867469879518072
reg3,60,6,reg3_m60_s0,83.0,random,1,250,0.6987951807228916
reg3,60,6,reg3_m60_s0,83.0,random,1,300,0.6987951807228916
reg3,60,6,reg3_m60_s0,83.0,random,1,350,0.6987951807228916
reg3,60,6,reg3_m60_s0,83.0,random,1,400,0.6987951807228916
reg3,60,6,reg3_m60_s0,83.0,random,1,450,0.6987951807228916
reg3,60,6,reg3_m60_s0,83.0,random,1,500,0.6987951807228916
reg3,60,6,reg3_m60_s0,83.0,random,1,550,0.7108433734939759
reg3,60,6,reg3_m60_s0,83.0,random,1,600,0.7108433734939759
reg3,60,6,reg3_m60_s0,83.0,random,1,650,0.7108433734939759
reg3,60,6,reg3_m60_s0,83.0,random,1,700,0.7108433734939759
reg3,60,6,reg3_m60_s0,83.0,random,1,750,0.7108433734939759
reg3,60,6,reg3_m60_s0,83.0,random,1,800,0.7108433734939759
reg3,60,6,reg3_m60_s0,83.0,random,1,850,0.7108433734939759
reg3,60,6,reg3_m60_s0,83.0,random,1,900,0.7108433734939759
reg3,60,6,reg3_m60_s0,83.0,random,1,950,0.7108433734939759
reg3,60,6,reg3_m60_s0,83.0,random,1,1000,0.7108433734939759
reg3,60,6,reg3_m60_s0,83.0,random,1,1050,0.7108433734939759
reg3,60,6,reg3_m60_s0,83.0,random,1,1100,0.7108433734939759
reg3,60,6,reg3_m60_s0,83.0,random,1,1150,0.7108433734939759
reg3,60,6,reg3_m60_s0,83.0,random,1,1200,0.7108433734939759
reg3,60,6,reg3_m60_s0,83.0,random,1,1250,0.7108433734939759
reg3,60,6,reg3_m60_s0,83.0,random,1,1300,0.7108433734939759
reg3,60,6,reg3_m60_s0,83.0,random,1,1350,0.7108433734939759
reg3,60,6,reg3_m60_s0,83.0,random,1,1400,0.7108433734939759
reg3,60,6,reg3_m60_s0,83.0,random,1,1450,0.7108433734939759
reg3,60,6,reg3_m60_s0,83.0,random,1,1500,0.7108433734939759
reg3,60,6,reg3_m60_s0,83.0,random,1,1550,0.7108433734939759
reg3,60,6,reg3_m60_s0,83.0,random,1,1600,0.7108433734939759
reg3,60,6,reg3_m60_s0,83.0,random,1,1650,0.7108433734939759
reg3,60,6,reg3_m60_s0,83.0,random,1,1700,0.7108433734939759
reg3,60,6,reg3_m60_s0,83.0,random,1,1750,0.7108433734939759
reg3,60,6,reg3_m60_s0,83.0,random,1,1800,0.7108433734939759
reg3,60,6,reg3_m60_s0,83.0,random,1,1850,0.7108433734939759
reg3,60,6,reg3_m60_s0,83.0,random,1,1900,0.7108433734939759
reg3,60,6,reg3_m60_s0,83.0,random,1,1950,0.7108433734939759
reg3,60,6,reg3_m60_s0,83.0,random,1,2000,0.7108433734939759
reg3,60,6,reg3_m60_s0,83.0,random,1,2050,0.7108433734939759
reg3,60,6,reg3_m60_s0,83.0,random,1,2100,0.7108433734939759
reg3,60,6,reg3_m60_s0,83.0,random,1,2150,0.7108433734939759
reg3,60,6,reg3_m60_s0,83.0,random,1,2200,0.7108433734939759
reg3,60,6,reg3_m60_s0,83.0,random,1,2250,0.7108433734939759
reg3,60,6,reg3_m60_s0,83.0,random,1,2300,0.7108433734939759
reg3,60,6,reg3_m60_s0,83.0,random,1,2350,0.7108433734939759
reg3,60,6,reg3_m60_s0,83.0,random,1,2400,0.7108433734939759
reg3,60,6,reg3_m60_s0,83.0,random,1,2450,0.7108433734939759
reg3,60,6,reg3_m60_s0,83.0,random,1,2500,0.7108433734939759
reg3,60,6,reg3_m60_s0,83.0,random,1,2550,0.7108433734939759
reg3,60,6,reg3_m60_s0,83.0,random,1,2600,0.7108433734939759
reg3,60,6,reg3_m60_s0,83.0,random,1,2650,0.7108433734939759
reg3,60,6,reg3_m60_s0,83.0,random,1,2700,0.7108433734939759
reg3,60,6,reg3_m60_s0,83.0,random,1,2750,0.7108433734939759
reg3,60,6,reg3_m60_s0,83.0,random,1,2800,0.7108433734939759
reg3,60,6,reg3_m60_s0,83.0,random,1,2850,0.7108433734939759
reg3,60,6,reg3_m60_s0,83.0,random,1,2900,0.7108433734939759
reg3,60,6,reg3_m60_s0,83.0,random,1,2950,0.7108433734939759
reg3,60,6,reg3_m60_s0,83.0,random,1,3000,0.7108433734939759
reg3,60,6,reg3_m60_s0,83.0,random,1,3050,0.7108433734939759
reg3,60,6,reg3_m60_s0,83.0,random,1,3100,0.7108433734939759
reg3,60,6,reg3_m60_s0,83.0,random,1,3150,0.7228915662650602
reg3,60,6,reg3_m60_s0,83.0,random,1,3200,0.7228915662650602
reg3,60,6,reg3_m60_s0,83.0,random,1,3250,0.7228915662650602
reg3,60,6,reg3_m60_s0,83.0,random,1,3300,0.7228915662650602
reg3,60,6,reg3_m60_s0,83.0,random,1,3350,0.7228915662650602
reg3,60,6,reg3_m60_s0,83.0,random,1,3400,0.7228915662650602
reg3,60,6,reg3_m60_s0,83.0,random,1,3450,0.7228915662650602
reg3,60,6,reg3_m60_s0,83.0,random,1,3500,0.7228915662650602
reg3,60,6,reg3_m60_s0,83.0,random,1,3550,0.7228915662650602
reg3,60,6,reg3_m60_s0,83.0,random,1,3600,0.7228915662650602
reg3,60,6,reg3_m60_s0,83.0,random,1,3650,0.7228915662650602
reg3,60,6,reg3_m60_s0,83.0,random,1,3700,0.7228915662650602
reg3,60,6,reg3_m60_s0,83.0,random,1,3750,0.7228915662650602
reg3,60,6,reg3_m60_s0,83.0,random,1,3800,0.7228915662650602
reg3,60,6,reg3_m60_s0,83.0,random,1,3850,0.7228915662650602
reg3,60,6,reg3_m60_s0,83.0,random,1,3900,0.7228915662650602
reg3,60,6,reg3_m60_s0,83.0,random,1,3950,0.7228915662650602
reg3,60,6,reg3_m60_s0,83.0,random,1,4000,0.7228915662650602
reg3,60,6,reg3_m60_s0,83.0,random,1,4050,0.7349397590361446
reg3,60,6,reg3_m60_s0,83.0,random,1,4100,0.7349397590361446
reg3,60,6,reg3_m60_s0,83.0,random,1,4150,0.7349397590361446
reg3,60,6,reg3_m60_s0,83.0,random,1,4200,0.7349397590361446
reg3,60,6,reg3_m60_s0,83.0,random,1,4250,0.7349397590361446
reg3,60,6,reg3_m60_s0,83.0,random,1,4300,0.7349397590361446
reg3,60,6,reg3_m60_s0,83.0,random,1,4350,0.7469879518072289
reg3,60,6,reg3_m60_s0,83.0,random,1,4400,0.7469879518072289
reg3,60,6,reg3_m60_s0,83.0,random,1,4450,0.7469879518072289
reg3,60,6,reg3_m60_s0,83.0,random,1,4500,0.7469879518072289
reg3,60,6,reg3_m60_s0,83.0,random,1,4550,0.7469879518072289
reg3,60,6,reg3_m60_s0,83.0,random,1,4600,0.7469879518072289
reg3,60,6,reg3_m60_s0,83.0,random,1,4650,0.7469879518072289
reg3,60,6,reg3_m60_s0,83.0,random,1,4700,0.7469879518072289
reg3,60,6,reg3_m60_s0,83.0,random,1,4750,0.7469879518072289
reg3,60,6,reg3_m60_s0,83.0,random,1,4800,0.7469879518072289
reg3,60,6,reg3_m60_s0,83.0,random,1,4850,0.7469879518072289
reg3,60,6,reg3_m60_s0,83.0,random,1,4900,0.7590361445783133
reg3,60,6,reg3_m60_s0,83.0,random,1,4950,0.7590361445783133
reg3,60,6,reg3_m60_s0,83.0,random,1,5000,0.7590361445783133
reg3,60,6,reg3_m60_s0,83.0,random,1,5050,0.7590361445783133
reg3,60,6,reg3_m60_s0,83.0,random,1,5100,0.7590361445783133
reg3,60,6,reg3_m60_s0,83.0,random,1,5150,0.7590361445783133
reg3,60,6,reg3_m60_s0,83.0,random,1,5200,0.7590361445783133
reg3,60,6,reg3_m60_s0,83.0,random,1,5250,0.7590361445783133
reg3,60,6,reg3_m60_s0,83.0,random,1,5300,0.7590361445783133
reg3,60,6,reg3_m60_s0,83.0,random,1,5350,0.7590361445783133
reg3,60,6,reg3_m60_s0,83.0,random,1,5400,0.7590361445783133
reg3,60,6,reg3_m60_s0,83.0,random,1,5450,0.7590361445783133
reg3,60,6,reg3_m60_s0,83.0,random,1,5500,0.7590361445783133
reg3,60,6,reg3_m60_s0,83.0,random,1,5550,0.7590361445783133
reg3,60,6,reg3_m60_s0,83.0,random,1,5600,0.7590361445783133
reg3,60,6,reg3_m60_s0,83.0,random,1,5650,0.7590361445783133
reg3,60,6,reg3_m60_s0,83.0,random,1,5700,0.7590361445783133
reg3,60,6,reg3_m60_s0,83.0,random,1,5750,0.7590361445783133
reg3,60,6,reg3_m60_s0,83.0,random,1,5800,0.7590361445783133
reg3,60,6,reg3_m60_s0,83.0,random,1,5850,0.7590361445783133
reg3,60,6,reg3_m60_s0,83.0,random,1,5900,0.7590361445783133
reg3,60,6,reg3_m60_s0,83.0,random,1,5950,0.7590361445783133
reg3,60,6,reg3_m60_s0,83.0,random,1,6000,0.7590361445783133
reg3,60,6,reg3_m60_s0,83.0,random,1,6050,0.7590361445783133
reg3,60,6,reg3_m60_s0,83.0,random,1,6100,0.7590361445783133
reg3,60,6,reg3_m60_s0,83.0,random,1,6150,0.7590361445783133
reg3,60,6,reg3_m60_s0,83.0,random,1,6200,0.7590361445783133
reg3,60,6,reg3_m60_s0,83.0,random,1,6250,0.7590361445783133
reg3,60,6,reg3_m60_s0,83.0,random,1,6300,0.7590361445783133
reg3,60,6,reg3_m60_s0,83.0,random,1,6350,0.7590361445783133
reg3,60,6,reg3_m60_s0,83.0,random,1,6400,0.7590361445783133
reg3,60,6,reg3_m60_s0,83.0,random,1,6450,0.7590361445783133
reg3,60,6,reg3_m60_s0,83.0,random,1,6500,0.7590361445783133
reg3,60,6,reg3_m60_s0,83.0,random,1,6550,0.7590361445783133
reg3,60,6,reg3_m60_s0,83.0,random,1,6600,0.7590361445783133
reg3,60,6,reg3_m60_s0,83.0,random,1,6650,0.7590361445783133
reg3,60,6,reg3_m60_s0,83.0,random,1,6700,0.7590361445783133
reg3,60,6,reg3_m60_s0,83.0,random,1,6750,0.7590361445783133
reg3,60,6,reg3_m60_s0,83.0,random,1,6800,0.7590361445783133
reg3,60,6,reg3_m60_s0,83.0,random,1,6850,0.7590361445783133
reg3,60,6,reg3_m60_s0,83.0,random,1,6900,0.7590361445783133
reg3,60,6,reg3_m60_s0,83.0,random,1,6950,0.7590361445783133
reg3,60,6,reg3_m60_s0,83.0,random,1,7000,0.7590361445783133
reg3,60,6,reg3_m60_s0,83.0,random,1,7050,0.7590361445783133
reg3,60,6,reg3_m60_s0,83.0,random,1,7100,0.7590361445783133
reg3,60,6,reg3_m60_s0,83.0,random,1,7150,0.7590361445783133
reg3,60,6,reg3_m60_s0,83.0,random,1,7200,0.7590361445783133
reg3,60,6,reg3_m60_s0,83.0,random,1,7250,0.7590361445783133
reg3,60,6,reg3_m60_s0,83.0,random,1,7300,0.7590361445783133
reg3,60,6,reg3_m60_s0,83.0,random,1,7350,0.7590361445783133
reg3,60,6,reg3_m60_s0,83.0,random,1,7400,0.7590361445783133
reg3,60,6,reg3_m60_s0,83.0,random,1,7450,0.7590361445783133
reg3,60,6,reg3_m60_s0,83.0,random,1,7500,0.7590361445783133
reg3,60,6,reg3_m60_s0,83.0,random,1,7550,0.7590361445783133
reg3,60,6,reg3_m60_s0,83.0,random,1,7600,0.7590361445783133
reg3,60,6,reg3_m60_s0,83.0,random,1,7650,0.7590361445783133
reg3,60,6,reg3_m60_s0,83.0,random,1,7700,0.7590361445783133
reg3,60,6,reg3_m60_s0,83.0,random,1,7750,0.7590361445783133
reg3,60,6,reg3_m60_s0,83.0,random,1,7800,0.7590361445783133
reg3,60,6,reg3_m60_s0,83.0,random,1,7850,0.7590361445783133
reg3,60,6,reg3_m60_s0,83.0,random,1,7900,0.7590361445783133
reg3,60,6,reg3_m60_s0,83.0,random,1,7950,0.7590361445783133
reg3,60,6,reg3_m60_s0,83.0,random,1,8000,0.7590361445783133
reg3,60,6,reg3_m60_s0,83.0,random,1,8050,0.7590361445783133
reg3,60,6,reg3_m60_s0,83.0,random,1,8100,0.7590361445783133
reg3,60,6,reg3_m60_s0,83.0,random,1,8150,0.7590361445783133
reg3,60,6,reg3_m60_s0,83.0,random,1,8200,0.7590361445783133
reg3,60,6,reg3_m60_s0,83.0,random,1,8250,0.7590361445783133
reg3,60,6,reg3_m60_s0,83.0,random,1,8300,0.7590361445783133
reg3,60,6,reg3_m60_s0,83.0,random,1,8350,0.7590361445783133
reg3,60,6,reg3_m60_s0,83.0,random,1,8400,0.7590361445783133
reg3,60,6,reg3_m60_s0,83.0,random,1,8450,0.7590361445783133
reg3,60,6,reg3_m60_s0,83.0,random,1,8500,0.7590361445783133
reg3,60,6,reg3_m60_s0,83.0,random,1,8550,0.7590361445783133
reg3,60,6,reg3_m60_s0,83.0,random,1,8600,0.7590361445783133
reg3,60,6,reg3_m60_s0,83.0,random,1,8650,0.7590361445783133
reg3,60,6,reg3_m60_s0,83.0,random,1,8700,0.7590361445783133
reg3,60,6,reg3_m60_s0,83.0,random,1,8750,0.7590361445783133
reg3,60,6,reg3_m60_s0,83.0,random,1,8800,0.7590361445783133
reg3,60,6,reg3_m60_s0,83.0,random,1,8850,0.7590361445783133
reg3,60,6,reg3_m60_s0,83.0,random,1,8900,0.7590361445783133
reg3,60,6,reg3_m60_s0,83.0,random,1,8950,0.7590361445783133
reg3,60,6,reg3_m60_s0,83.0,random,1,9000,0.7590361445783133
reg3,60,6,reg3_m60_s0,83.0,random,1,9050,0.7590361445783133
reg3,60,6,reg3_m60_s0,83.0,random,1,9100,0.7590361445783133
reg3,60,6,reg3_m60_s0,83.0,random,1,9150,0.7590361445783133
reg3,60,6,reg3_m60_s0,83.0,random,1,9200,0.7590361445783133
reg3,60,6,reg3_m60_s0,83.0,random,1,9250,0.7590361445783133
reg3,60,6,reg3_m60_s0,83.0,random,1,9300,0.7590361445783133
reg3,60,6,reg3_m60_s0,83.0,random,1,9350,0.7590361445783133
reg3,60,6,reg3_m60_s0,83.0,random,1,9400,0.7590361445783133
reg3,60,6,reg3_m60_s0,83.0,random,1,9450,0.7590361445783133
reg3,60,6,reg3_m60_s0,83.0,random,1,9500,0.7590361445783133
reg3,60,6,reg3_m60_s0,83.0,random,1,9550,0.7590361445783133
reg3,60,6,reg3_m60_s0,83.0,random,1,9600,0.7590361445783133
reg3,60,6,reg3_m60_s0,83.0,random,1,9650,0.7590361445783133
reg3,60,6,reg3_m60_s0,83.0,random,1,9700,0.7590361445783133
reg3,60,6,reg3_m60_s0,83.0,random,1,9750,0.7590361445783133
reg3,60,6,reg3_m60_s0,83.0,random,1,9800,0.7590361445783133
reg3,60,6,reg3_m60_s0,83.0,random,1,9850,0.7590361445783133
reg3,60,6,reg3_m60_s0,83.0,random,1,9900,0.7590361445783133
reg3,60,6,reg3_m60_s0,83.0,random,1,9950,0.7590361445783133
reg3,60,6,reg3_m60_s0,83.0,random,1,10000,0.7590361445783133
reg3,60,6,reg3_m60_s0,83.0,random,1,10050,0.7590361445783133
reg3,60,6,reg3_m60_s0,83.0,random,1,10100,0.7590361445783133
reg3,60,6,reg3_m60_s0,83.0,random,1,10150,0.7590361445783133
reg3,60,6,reg3_m60_s0,83.0,random,1,10200,0.7590361445783133
reg3,60,6,reg3_m60_s0,83.0,random,1,10250,0.7590361445783133
reg3,60,6,reg3_m60_s0,83.0,random,1,10300,0.7590361445783133
reg3,60,6,reg3_m60_s0,83.0,random,1,10350,0.7590361445783133
reg3,60,6,reg3_m60_s0,83.0,random,1,10400,0.7590361445783133
reg3,60,6,reg3_m60_s0,83.0,random,1,10450,0.7590361445783133
reg3,60,6,reg3_m60_s0,83.0,random,1,10500,0.7590361445783133
reg3,60,6,reg3_m60_s0,83.0,random,1,10550,0.7590361445783133
reg3,60,6,reg3_m60_s0,83.0,random,1,10600,0.7590361445783133
reg3,60,6,reg3_m60_s0,83.0,random,1,10650,0.7590361445783133
reg3,60,6,reg3_m60_s0,83.0,random,1,10700,0.7590361445783133
reg3,60,6,reg3_m60_s0,83.0,random,1,10750,0.7590361445783133
reg3,60,6,reg3_m60_s0,83.0,random,1,10800,0.7590361445783133
reg3,60,6,reg3_m60_s0,83.0,random,1,10850,0.7590361445783133
reg3,60,6,reg3_m60_s0,83.0,random,1,10900,0.7590361445783133
reg3,60,6,reg3_m60_s0,83.0,random,1,10950,0.7590361445783133
reg3,60,6,reg3_m60_s0,83.0,random,1,11000,0.7590361445783133
reg3,60,6,reg3_m60_s0,83.0,random,1,11050,0.7590361445783133
reg3,60,6,reg3_m60_s0,83.0,random,1,11100,0.7590361445783133
reg3,60,6,reg3_m60_s0,83.0,random,1,11150,0.7590361445783133
reg3,60,6,reg3_m60_s0,83.0,random,1,11200,0.7590361445783133
reg3,60,6,reg3_m60_s0,83.0,random,1,11250,0.7590361445783133
reg3,60,6,reg3_m60_s0,83.0,random,1,11300,0.7590361445783133
reg3,60,6,reg3_m60_s0,83.0,random,1,11350,0.7590361445783133
reg3,60,6,reg3_m60_s0,83.0,random,1,11400,0.7590361445783133
reg3,60,6,reg3_m60_s0,83.0,random,1,11450,0.7590361445783133
reg3,60,6,reg3_m60_s0,83.0,random,1,11500,0.7590361445783133
reg3,60,6,reg3_m60_s0,83.0,random,1,11550,0.7590361445783133
reg3,60,6,reg3_m60_s0,83.0,random,1,11600,0.7590361445783133
reg3,60,6,reg3_m60_s0,83.0,random,1,11650,0.7590361445783133
reg3,60,6,reg3_m60_s0,83.0,random,1,11700,0.7590361445783133
reg3,60,6,reg3_m60_s0,83.0,random,1,11750,0.7590361445783133
reg3,60,6,reg3_m60_s0,83.0,random,1,11800,0.7590361445783133
reg3,60,6,reg3_m60_s0,83.0,random,1,11850,0.7590361445783133
reg3,60,6,reg3_m60_s0,83.0,random,1,11900,0.7590361445783133
reg3,60,6,reg3_m60_s0,83.0,random,1,11950,0.7590361445783133
reg3,60,6,reg3_m60_s0,83.0,random,1,12000,0.7590361445783133
reg3,60,6,reg3_m60_s0,83.0,random,1,12050,0.7590361445783133
reg3,60,6,reg3_m60_s0,83.0,random,1,12100,0.7590361445783133
reg3,60,6,reg3_m60_s0,83.0,random,1,12150,0.7590361445783133
reg3,60,6,reg3_m60_s0,83.0,random,1,12200,0.7590361445783133
reg3,60,6,reg3_m60_s0,83.0,random,1,12250,0.7590361445783133
reg3,60,6,reg3_m60_s0,83.0,random,1,12300,0.7590361445783133
reg3,60,6,reg3_m60_s0,83.0,random,1,12350,0.7590361445783133
reg3,60,6,reg3_m60_s0,83.0,random,1,12400,0.7590361445783133
reg3,60,6,reg3_m60_s0,83.0,random,1,12450,0.7590361445783133
reg3,60,6,reg3_m60_s0,83.0,random,1,12500,0.7590361445783133
reg3,60,6,reg3_m60_s0,83.0,random,1,12550,0.7590361445783133
reg3,60,6,reg3_m60_s0,83.0,random,1,12600,0.7590361445783133
reg3,60,6,reg3_m60_s0,83.0,random,1,12650,0.7590361445783133
reg3,60,6,reg3_m60_s0,83.0,random,1,12700,0.7590361445783133
reg3,60,6,reg3_m60_s0,83.0,random,1,12750,0.7590361445783133
reg3,60,6,reg3_m60_s0,83.0,random,1,12800,0.7590361445783133
reg3,60,6,reg3_m60_s0,83.0,random,1,12850,0.7590361445783133
reg3,60,6,reg3_m60_s0,83.0,random,1,12900,0.7590361445783133
reg3,60,6,reg3_m60_s0,83.0,random,1,12950,0.7590361445783133
reg3,60,6,reg3_m60_s0,83.0,random,1,13000,0.7590361445783133
reg3,60,6,reg3_m60_s0,83.0,random,1,13050,0.7590361445783133
reg3,60,6,reg3_m60_s0,83.0,random,1,13100,0.7590361445783133
reg3,60,6,reg3_m60_s0,83.0,random,1,13150,0.7590361445783133
reg3,60,6,reg3_m60_s0,83.0,random,1,13200,0.7590361445783133
reg3,60,6,reg3_m60_s0,83.0,random,1,13250,0.7590361445783133
reg3,60,6,reg3_m60_s0,83.0,random,1,13300,0.7590361445783133
reg3,60,6,reg3_m60_s0,83.0,random,1,13350,0.7590361445783133
reg3,60,6,reg3_m60_s0,83.0,random,1,13400,0.7590361445783133
reg3,60,6,reg3_m60_s0,83.0,random,1,13450,0.7590361445783133
reg3,60,6,reg3_m60_s0,83.0,random,1,13500,0.7590361445783133
reg3,60,6,reg3_m60_s0,83.0,random,1,13550,0.7590361445783133
reg3,60,6,reg3_m60_s0,83.0,random,1,13600,0.7590361445783133
reg3,60,6,reg3_m60_s0,83.0,random,1,13650,0.7590361445783133
reg3,60,6,reg3_m60_s0,83.0,random,1,13700,0.7590361445783133
reg3,60,6,reg3_m60_s0,83.0,random,1,13750,0.7590361445783133
reg3,60,6,reg3_m60_s0,83.0,random,1,13800,0.7590361445783133
reg3,60,6,reg3_m60_s0,83.0,random,1,13850,0.7590361445783133
reg3,60,6,reg3_m60_s0,83.0,random,1,13900,0.7590361445783133
reg3,60,6,reg3_m60_s0,83.0,random,1,13950,0.7590361445783133
reg3,60,6,reg3_m60_s0,83.0,random,1,14000,0.7590361445783133
reg3,60,6,reg3_m60_s0,83.0,random,1,14050,0.7590361445783133
reg3,60,6,reg3_m60_s0,83.0,random,1,14100,0.7590361445783133
reg3,60,6,reg3_m60_s0,83.0,random,1,14150,0.7590361445783133
reg3,60,6,reg3_m60_s0,83.0,random,1,14200,0.7590361445783133
reg3,60,6,reg3_m60_s0,83.0,random,1,14250,0.7590361445783133
reg3,60,6,reg3_m60_s0,83.0,random,1,14300,0.7590361445783133
reg3,60,6,reg3_m60_s0,83.0,random,1,14350,0.7590361445783133
reg3,60,6,reg3_m60_s0,83.0,random,1,14400,0.7590361445783133
reg3,60,6,reg3_m60_s0,83.0,random,1,14450,0.7590361445783133
reg3,60,6,reg3_m60_s0,83.0,random,1,14500,0.7590361445783133
reg3,60,6,reg3_m60_s0,83.0,random,1,14550,0.7590361445783133
reg3,60,6,reg3_m60_s0,83.0,random,1,14600,0.7590361445783133
reg3,60,6,reg3_m60_s0,83.0,random,1,14650,0.7590361445783133
reg3,60,6,reg3_m60_s0,83.0,random,1,14700,0.7590361445783133
reg3,60,6,reg3_m60_s0,83.0,random,1,14750,0.7590361445783133
reg3,60,6,reg3_m60_s0,83.0,random,1,14800,0.7590361445783133
reg3,60,6,reg3_m60_s0,83.0,random,1,14850,0.7590361445783133
reg3,60,6,reg3_m60_s0,83.0,random,1,14900,0.7590361445783133
reg3,60,6,reg3_m60_s0,83.0,random,1,14950,0.7590361445783133
reg3,60,6,reg3_m60_s0,83.0,random,1,15000,0.7590361445783133
reg3,60,6,reg3_m60_s0,83.0,random,1,15050,0.7590361445783133
reg3,60,6,reg3_m60_s0,83.0,random,1,15100,0.7590361445783133
reg3,60,6,reg3_m60_s0,83.0,random,1,15150,0.7590361445783133
reg3,60,6,reg3_m60_s0,83.0,random,1,15200,0.7590361445783133
reg3,60,6,reg3_m60_s0,83.0,random,1,15250,0.7590361445783133
reg3,60,6,reg3_m60_s0,83.0,random,1,15300,0.7590361445783133
reg3,60,6,reg3_m60_s0,83.0,random,1,15350,0.7590361445783133
reg3,60,6,reg3_m60_s0,83.0,random,1,15400,0.7590361445783133
reg3,60,6,reg3_m60_s0,83.0,random,1,15450,0.7590361445783133
reg3,60,6,reg3_m60_s0,83.0,random,1,15500,0.7590361445783133
reg3,60,6,reg3_m60_s0,83.0,random,1,15550,0.7590361445783133
reg3,60,6,reg3_m60_s0,83.0,random,1,15600,0.7590361445783133
reg3,60,6,reg3_m60_s0,83.0,random,1,15650,0.7590361445783133
reg3,60,6,reg3_m60_s0,83.0,random,1,15700,0.7590361445783133
reg3,60,6,reg3_m60_s0,83.0,random,1,15750,0.7590361445783133
reg3,60,6,reg3_m60_s0,83.0,random,1,15800,0.7590361445783133
reg3,60,6,reg3_m60_s0,83.0,random,1,15850,0.7590361445783133
reg3,60,6,reg3_m60_s0,83.0,random,1,15900,0.7590361445783133
reg3,60,6,reg3_m60_s0,83.0,random,1,15950,0.7590361445783133
reg3,60,6,reg3_m60_s0,83.0,random,1,16000,0.7590361445783133
reg3,60,6,reg3_m60_s0,83.0,random,1,16050,0.7590361445783133
reg3,60,6,reg3_m60_s0,83.0,random,1,16100,0.7590361445783133
reg3,60,6,reg3_m60_s0,83.0,random,1,16150,0.7590361445783133
reg3,60,6,reg3_m60_s0,83.0,random,1,16200,0.7590361445783133
reg3,60,6,reg3_m60_s0,83.0,random,1,16250,0.7590361445783133
reg3,60,6,reg3_m60_s0,83.0,random,1,16300,0.7590361445783133
reg3,60,6,reg3_m60_s0,83.0,random,1,16350,0.7590361445783133
reg3,60,6,reg3_m60_s0,83.0,random,1,16400,0.7590361445783133
reg3,60,6,reg3_m60_s0,83.0,random,1,16450,0.7590361445783133
reg3,60,6,reg3_m60_s0,83.0,random,1,16500,0.7590361445783133
reg3,60,6,reg3_m60_s0,83.0,random,1,16550,0.7590361445783133
reg3,60,6,reg3_m60_s0,83.0,random,1,16600,0.7590361445783133
reg3,60,6,reg3_m60_s0,83.0,random,1,16650,0.7590361445783133
reg3,60,6,reg3_m60_s0,83.0,random,1,16700,0.7590361445783133
reg3,60,6,reg3_m60_s0,83.0,random,1,16750,0.7590361445783133
reg3,60,6,reg3_m60_s0,83.0,random,1,16800,0.7590361445783133
reg3,60,6,reg3_m60_s0,83.0,random,1,16850,0.7590361445783133
reg3,60,6,reg3_m60_s0,83.0,random,1,16900,0.7590361445783133
reg3,60,6,reg3_m60_s0,83.0,random,1,16950,0.7590361445783133
reg3,60,6,reg3_m60_s0,83.0,random,1,17000,0.7590361445783133
reg3,60,6,reg3_m60_s0,83.0,random,1,17050,0.7590361445783133
reg3,60,6,reg3_m60_s0,83.0,random,1,17100,0.7590361445783133
reg3,60,6,reg3_m60_s0,83.0,random,1,17150,0.7590361445783133
reg3,60,6,reg3_m60_s0,83.0,random,1,17200,0.7590361445783133
reg3,60,6,reg3_m60_s0,83.0,random,1,17250,0.7590361445783133
reg3,60,6,reg3_m60_s0,83.0,random,1,17300,0.7590361445783133
reg3,60,6,reg3_m60_s0,83.0,random,1,17350,0.7590361445783133
reg3,60,6,reg3_m60_s0,83.0,random,1,17400,0.7590361445783133
reg3,60,6,reg3_m60_s0,83.0,random,1,17450,0.7590361445783133
reg3,60,6,reg3_m60_s0,83.0,random,1,17500,0.7590361445783133
reg3,60,6,reg3_m60_s0,83.0,random,1,17550,0.7590361445783133
reg3,60,6,reg3_m60_s0,83.0,random,1,17600,0.7590361445783133
reg3,60,6,reg3_m60_s0,83.0,random,1,17650,0.7590361445783133
reg3,60,6,reg3_m60_s0,83.0,random,1,17700,0.7590361445783133
reg3,60,6,reg3_m60_s0,83.0,random,1,17750,0.7590361445783133
reg3,60,6,reg3_m60_s0,83.0,random,1,17800,0.7590361445783133
reg3,60,6,reg3_m60_s0,83.0,random,1,17850,0.7590361445783133
reg3,60,6,reg3_m60_s0,83.0,random,1,17900,0.7590361445783133
reg3,60,6,reg3_m60_s0,83.0,random,1,17950,0.7590361445783133
reg3,60,6,reg3_m60_s0,83.0,random,1,18000,0.7590361445783133
reg3,60,6,reg3_m60_s0,83.0,random,1,18050,0.7590361445783133
reg3,60,6,reg3_m60_s0,83.0,random,1,18100,0.7590361445783133
reg3,60,6,reg3_m60_s0,83.0,random,1,18150,0.7590361445783133
reg3,60,6,reg3_m60_s0,83.0,random,1,18200,0.7590361445783133
reg3,60,6,reg3_m60_s0,83.0,random,1,18250,0.7590361445783133
reg3,60,6,reg3_m60_s0,83.0,random,1,18300,0.7590361445783133
reg3,60,6,reg3_m60_s0,83.0,random,1,18350,0.7590361445783133
reg3,60,6,reg3_m60_s0,83.0,random,1,18400,0.7590361445783133
reg3,60,6,reg3_m60_s0,83.0,random,1,18450,0.7590361445783133
reg3,60,6,reg3_m60_s0,83.0,random,1,18500,0.7590361445783133
reg3,60,6,reg3_m60_s0,83.0,random,1,18550,0.7590361445783133
reg3,60,6,reg3_m60_s0,83.0,random,1,18600,0.7590361445783133
reg3,60,6,reg3_m60_s0,83.0,random,1,18650,0.7590361445783133
reg3,60,6,reg3_m60_s0,83.0,random,1,18700,0.7590361445783133
reg3,60,6,reg3_m60_s0,83.0,random,1,18750,0.7590361445783133
reg3,60,6,reg3_m60_s0,83.0,random,1,18800,0.7590361445783133
reg3,60,6,reg3_m60_s0,83.0,random,1,18850,0.7590361445783133
reg3,60,6,reg3_m60_s0,83.0,random,1,18900,0.7590361445783133
reg3,60,6,reg3_m60_s0,83.0,random,1,18950,0.7590361445783133
reg3,60,6,reg3_m60_s0,83.0,random,1,19000,0.7590361445783133
reg3,60,6,reg3_m60_s0,83.0,random,1,19050,0.7590361445783133
reg3,60,6,reg3_m60_s0,83.0,random,1,19100,0.7590361445783133
reg3,60,6,reg3_m60_s0,83.0,random,1,19150,0.7590361445783133
reg3,60,6,reg3_m60_s0,83.0,random,1,19200,0.7590361445783133
reg3,60,6,reg3_m60_s0,83.0,random,1,19250,0.7590361445783133
reg3,60,6,reg3_m60_s0,83.0,random,1,19300,0.7590361445783133
reg3,60,6,reg3_m60_s0,83.0,random,1,19350,0.7590361445783133
reg3,60,6,reg3_m60_s0,83.0,random,1,19400,0.7590361445783133
reg3,60,6,reg3_m60_s0,83.0,random,1,19450,0.7590361445783133
reg3,60,6,reg3_m60_s0,83.0,random,1,19500,0.7590361445783133
reg3,60,6,reg3_m60_s0,83.0,random,1,19550,0.7590361445783133
reg3,60,6,reg3_m60_s0,83.0,random,1,19600,0.7590361445783133
reg3,60,6,reg3_m60_s0,83.0,random,1,19650,0.7590361445783133
reg3,60,6,reg3_m60_s0,83.0,random,1,19700,0.7590361445783133
reg3,60,6,reg3_m60_s0,83.0,random,1,19750,0.7590361445783133
reg3,60,6,reg3_m60_s0,83.0,random,1,19800,0.7590361445783133
reg3,60,6,reg3_m60_s0,83.0,random,1,19850,0.7590361445783133
reg3,60,6,reg3_m60_s0,83.0,random,1,19900,0.7590361445783133
reg3,60,6,reg3_m60_s0,83.0,random,1,19950,0.7590361445783133
reg3,60,6,reg3_m60_s0,83.0,random,1,20000,0.7590361445783133
reg3,60,6,reg3_m60_s0,83.0,pce_vqa_L4,0,109,0.5180722891566265
reg3,60,6,reg3_m60_s0,83.0,pce_vqa_L4,0,218,0.5421686746987951
reg3,60,6,reg3_m60_s0,83.0,pce_vqa_L4,0,327,0.5542168674698795
reg3,60,6,reg3_m60_s0,83.0,pce_vqa_L4,0,436,0.5662650602409639
reg3,60,6,reg3_m60_s0,83.0,pce_vqa_L4,0,545,0.6024096385542169
reg3,60,6,reg3_m60_s0,83.0,pce_vqa_L4,0,654,0.6024096385542169
reg3,60,6,reg3_m60_s0,83.0,pce_vqa_L4,0,763,0.6024096385542169
reg3,60,6,reg3_m60_s0,83.0,pce_vqa_L4,0,981,0.6144578313253012
reg3,60,6,reg3_m60_s0,83.0,pce_vqa_L4,0,1090,0.6144578313253012
reg3,60,6,reg3_m60_s0,83.0,pce_vqa_L4,0,1417,0.6265060240963856
reg3,60,6,reg3_m60_s0,83.0,pce_vqa_L4,0,1635,0.6385542168674698
reg3,60,6,reg3_m60_s0,83.0,pce_vqa_L4,0,2071,0.6506024096385542
reg3,60,6,reg3_m60_s0,83.0,pce_vqa_L4,0,2507,0.6385542168674698
reg3,60,6,reg3_m60_s0,83.0,pce_vqa_L4,0,2943,0.6265060240963856
reg3,60,6,reg3_m60_s0,83.0,pce_vqa_L4,0,3597,0.6385542168674698
reg3,60,6,reg3_m60_s0,83.0,pce_vqa_L4,0,4469,0.6626506024096386
reg3,60,6,reg3_m60_s0,83.0,pce_vqa_L4,0,5341,0.6626506024096386
reg3,60,6,reg3_m60_s0,83.0,pce_vqa_L4,0,6540,0.7108433734939759
reg3,60,6,reg3_m60_s0,83.0,pce_vqa_L4,0,7957,0.7349397590361446
reg3,60,6,reg3_m60_s0,83.0,pce_vqa_L4,0,9592,0.7349397590361446
reg3,60,6,reg3_m60_s0,83.0,pce_vqa_L4,0,11663,0.7349397590361446
reg3,60,6,reg3_m60_s0,83.0,pce_vqa_L4,0,14279,0.7831325301204819
reg3,60,6,reg3_m60_s0,83.0,pce_vqa_L4,0,17331,0.7951807228915663
reg3,60,6,reg3_m60_s0,83.0,pce_vqa_L4,0,21037,0.8072289156626506
reg3,60,6,reg3_m60_s0,83.0,pce_vqa_L4,0,25506,0.8192771084337349
reg3,60,6,reg3_m60_s0,83.0,pce_vqa_L4,0,31065,0.8433734939759037
reg3,60,6,reg3_m60_s0,83.0,pce_vqa_L4,0,37714,0.8433734939759037
reg3,60,6,reg3_m60_s0,83.0,pce_vqa_L4,0,45889,0.8433734939759037
reg3,60,6,reg3_m60_s0,83.0,pce_vqa_L4,0,55699,0.8433734939759037
reg3,60,6,reg3_m60_s0,83.0,pce_vqa_L4,0,67689,0.8433734939759037
reg3,60,6,reg3_m60_s0,83.0,pce_vqa_L4,0,82295,0.8433734939759037
reg3,60,6,reg3_m60_s0,83.0,pce_vqa_L4,0,99953,0.8433734939759037
reg3,60,6,reg3_m60_s0,83.0,pce_vqa_L4,0,121535,0.8433734939759037
reg3,60,6,reg3_m60_s0,83.0,pce_vqa_L4,0,126549,0.8433734939759037
reg3,60,6,reg3_m60_s0,83.0,pce_vqa_L4,1,109,0.5180722891566265
reg3,60,6,reg3_m60_s0,83.0,pce_vqa_L4,1,218,0.6144578313253012
reg3,60,6,reg3_m60_s0,83.0,pce_vqa_L4,1,327,0.6144578313253012
reg3,60,6,reg3_m60_s0,83.0,pce_vqa_L4,1,436,0.6144578313253012
reg3,60,6,reg3_m60_s0,83.0,pce_vqa_L4,1,545,0.6265060240963856
reg3,60,6,reg3_m60_s0,83.0,pce_vqa_L4,1,654,0.6265060240963856
reg3,60,6,reg3_m60_s0,83.0,pce_vqa_L4,1,763,0.6265060240963856
reg3,60,6,reg3_m60_s0,83.0,pce_vqa_L4,1,981,0.6024096385542169
reg3,60,6,reg3_m60_s0,83.0,pce_vqa_L4,1,1090,0.5542168674698795
reg3,60,6,reg3_m60_s0,83.0,pce_vqa_L4,1,1417,0.6265060240963856
reg3,60,6,reg3_m60_s0,83.0,pce_vqa_L4,1,1635,0.6265060240963856
reg3,60,6,reg3_m60_s0,83.0,pce_vqa_L4,1,2071,0.6626506024096386
reg3,60,6,reg3_m60_s0,83.0,pce_vqa_L4,1,2507,0.6265060240963856
reg3,60,6,reg3_m60_s0,83.0,pce_vqa_L4,1,2943,0.6265060240963856
reg3,60,6,reg3_m60_s0,83.0,pce_vqa_L4,1,3597,0.6265060240963856
reg3,60,6,reg3_m60_s0,83.0,pce_vqa_L4,1,4469,0.6506024096385542
reg3,60,6,reg3_m60_s0,83.0,pce_vqa_L4,1,5341,0.6746987951807228
reg3,60,6,reg3_m60_s0,83.0,pce_vqa_L4,1,6540,0.6987951807228916
reg3,60,6,reg3_m60_s0,83.0,pce_vqa_L4,1,7957,0.7349397590361446
reg3,60,6,reg3_m60_s0,83.0,pce_vqa_L4,1,9592,0.7349397590361446
reg3,60,6,reg3_m60_s0,83.0,pce_vqa_L4,1,11663,0.7349397590361446
reg3,60,6,reg3_m60_s0,83.0,pce_vqa_L4,1,14279,0.8554216867469879
reg3,60,6,reg3_m60_s0,83.0,pce_vqa_L4,1,17331,0.8192771084337349
reg3,60,6,reg3_m60_s0,83.0,pce_vqa_L4,1,21037,0.8554216867469879
reg3,60,6,reg3_m60_s0,83.0,pce_vqa_L4,1,25506,0.8674698795180723
reg3,60,6,reg3_m60_s0,83.0,pce_vqa_L4,1,31065,0.8674698795180723
reg3,60,6,reg3_m60_s0,83.0,pce_vqa_L4,1,37714,0.8674698795180723
reg3,60,6,reg3_m60_s0,83.0,pce_vqa_L4,1,45889,0.8674698795180723
reg3,60,6,reg3_m60_s0,83.0,pce_vqa_L4,1,55699,0.8554216867469879
reg3,60,6,reg3_m60_s0,83.0,pce_vqa_L4,1,67689,0.8554216867469879
reg3,60,6,reg3_m60_s0,83.0,pce_vqa_L4,1,82295,0.8554216867469879
reg3,60,6,reg3_m60_s0,83.0,pce_vqa_L4,1,99953,0.8554216867469879
reg3,60,6,reg3_m60_s0,83.0,pce_vqa_L4,1,121535,0.8433734939759037
reg3,60,6,reg3_m60_s0,83.0,pce_vqa_L4,1,130146,0.8554216867469879
reg3,60,6,reg3_m60_s0,83.0,pce_vqa_L8,0,217,0.5180722891566265
reg3,60,6,reg3_m60_s0,83.0,pce_vqa_L8,0,434,0.5783132530120482
reg3,60,6,reg3_m60_s0,83.0,pce_vqa_L8,0,651,0.5180722891566265
reg3,60,6,reg3_m60_s0,83.0,pce_vqa_L8,0,868,0.5542168674698795
reg3,60,6,reg3_m60_s0,83.0,pce_vqa_L8,0,1085,0.5783132530120482
reg3,60,6,reg3_m60_s0,83.0,pce_vqa_L8,0,1302,0.6506024096385542
reg3,60,6,reg3_m60_s0,83.0,pce_vqa_L8,0,1519,0.6506024096385542
reg3,60,6,reg3_m60_s0,83.0,pce_vqa_L8,0,1953,0.6506024096385542
reg3,60,6,reg3_m60_s0,83.0,pce_vqa_L8,0,2170,0.6626506024096386
reg3,60,6,reg3_m60_s0,83.0,pce_vqa_L8,0,2821,0.6987951807228916
reg3,60,6,reg3_m60_s0,83.0,pce_vqa_L8,0,3255,0.7108433734939759
reg3,60,6,reg3_m60_s0,83.0,pce_vqa_L8,0,4123,0.7951807228915663
reg3,60,6,reg3_m60_s0,83.0,pce_vqa_L8,0,4991,0.8072289156626506
reg3,60,6,reg3_m60_s0,83.0,pce_vqa_L8,0,5859,0.8192771084337349
reg3,60,6,reg3_m60_s0,83.0,pce_vqa_L8,0,7161,0.8313253012048193
reg3,60,6,reg3_m60_s0,83.0,pce_vqa_L8,0,8897,0.8433734939759037
reg3,60,6,reg3_m60_s0,83.0,pce_vqa_L8,0,10633,0.891566265060241
reg3,60,6,reg3_m60_s0,83.0,pce_vqa_L8,0,13020,0.8674698795180723
reg3,60,6,reg3_m60_s0,83.0,pce_vqa_L8,0,15841,0.8674698795180723
reg3,60,6,reg3_m60_s0,83.0,pce_vqa_L8,0,19096,0.8674698795180723
reg3,60,6,reg3_m60_s0,83.0,pce_vqa_L8,0,23219,0.8674698795180723
reg3,60,6,reg3_m60_s0,83.0,pce_vqa_L8,0,28427,0.8674698795180723
reg3,60,6,reg3_m60_s0,83.0,pce_vqa_L8,0,34503,0.891566265060241
reg3,60,6,reg3_m60_s0,83.0,pce_vqa_L8,0,41881,0.891566265060241
reg3,60,6,reg3_m60_s0,83.0,pce_vqa_L8,0,50778,0.891566265060241
reg3,60,6,reg3_m60_s0,83.0,pce_vqa_L8,0,61845,0.8795180722891566
reg3,60,6,reg3_m60_s0,83.0,pce_vqa_L8,0,75082,0.891566265060241
reg3,60,6,reg3_m60_s0,83.0,pce_vqa_L8,0,91357,0.9036144578313253
reg3,60,6,reg3_m60_s0,83.0,pce_vqa_L8,0,110887,0.9036144578313253
reg3,60,6,reg3_m60_s0,83.0,pce_vqa_L8,0,134757,0.9036144578313253
reg3,60,6,reg3_m60_s0,83.0,pce_vqa_L8,0,163835,0.9518072289156626
reg3,60,6,reg3_m60_s0,83.0,pce_vqa_L8,0,198989,0.9518072289156626
reg3,60,6,reg3_m60_s0,83.0,pce_vqa_L8,0,241955,0.9518072289156626
reg3,60,6,reg3_m60_s0,83.0,pce_vqa_L8,0,293818,0.9518072289156626
reg3,60,6,reg3_m60_s0,83.0,pce_vqa_L8,0,357182,0.9518072289156626
reg3,60,6,reg3_m60_s0,83.0,pce_vqa_L8,0,366513,0.9518072289156626
reg3,60,6,reg3_m60_s0,83.0,pce_vqa_L8,1,217,0.6626506024096386
reg3,60,6,reg3_m60_s0,83.0,pce_vqa_L8,1,434,0.6626506024096386
reg3,60,6,reg3_m60_s0,83.0,pce_vqa_L8,1,651,0.6506024096385542
reg3,60,6,reg3_m60_s0,83.0,pce_vqa_L8,1,868,0.7349397590361446
reg3,60,6,reg3_m60_s0,83.0,pce_vqa_L8,1,1085,0.7349397590361446
reg3,60,6,reg3_m60_s0,83.0,pce_vqa_L8,1,1302,0.7349397590361446
reg3,60,6,reg3_m60_s0,83.0,pce_vqa_L8,1,1519,0.7228915662650602
reg3,60,6,reg3_m60_s0,83.0,pce_vqa_L8,1,1953,0.7349397590361446
reg3,60,6,reg3_m60_s0,83.0,pce_vqa_L8,1,2170,0.7349397590361446
reg3,60,6,reg3_m60_s0,83.0,pce_vqa_L8,1,2821,0.8072289156626506
reg3,60,6,reg3_m60_s0,83.0,pce_vqa_L8,1,3255,0.8433734939759037
reg3,60,6,reg3_m60_s0,83.0,pce_vqa_L8,1,4123,0.8433734939759037
reg3,60,6,reg3_m60_s0,83.0,pce_vqa_L8,1,4991,0.8795180722891566
reg3,60,6,reg3_m60_s0,83.0,pce_vqa_L8,1,5859,0.9156626506024096
reg3,60,6,reg3_m60_s0,83.0,pce_vqa_L8,1,7161,0.9156626506024096
reg3,60,6,reg3_m60_s0,83.0,pce_vqa_L8,1,8897,0.927710843373494
reg3,60,6,reg3_m60_s0,83.0,pce_vqa_L8,1,10633,0.963855421686747
reg3,60,6,reg3_m60_s0,83.0,pce_vqa_L8,1,13020,0.927710843373494
reg3,60,6,reg3_m60_s0,83.0,pce_vqa_L8,1,15841,0.927710843373494
reg3,60,6,reg3_m60_s0,83.0,pce_vqa_L8,1,19096,0.927710843373494
reg3,60,6,reg3_m60_s0,83.0,pce_vqa_L8,1,23219,0.927710843373494
reg3,60,6,reg3_m60_s0,83.0,pce_vqa_L8,1,28427,0.927710843373494
reg3,60,6,reg3_m60_s0,83.0,pce_vqa_L8,1,34503,0.927710843373494
reg3,60,6,reg3_m60_s0,83.0,pce_vqa_L8,1,41881,0.927710843373494
reg3,60,6,reg3_m60_s0,83.0,pce_vqa_L8,1,50778,0.963855421686747
reg3,60,6,reg3_m60_s0,83.0,pce_vqa_L8,1,61845,0.963855421686747
reg3,60,6,reg3_m60_s0,83.0,pce_vqa_L8,1,75082,0.963855421686747
reg3,60,6,reg3_m60_s0,83.0,pce_vqa_L8,1,91357,0.963855421686747
reg3,60,6,reg3_m60_s0,83.0,pce_vqa_L8,1,110887,0.963855421686747
reg3,60,6,reg3_m60_s0,83.0,pce_vqa_L8,1,134757,0.963855421686747
reg3,60,6,reg3_m60_s0,83.0,pce_vqa_L8,1,163835,0.9759036144578314
reg3,60,6,reg3_m60_s0,83.0,pce_vqa_L8,1,198989,0.9759036144578314
reg3,60,6,reg3_m60_s0,83.0,pce_vqa_L8,1,241955,0.9759036144578314
reg3,60,6,reg3_m60_s0,83.0,pce_vqa_L8,1,293818,0.9759036144578314
reg3,60,6,reg3_m60_s0,83.0,pce_vqa_L8,1,357182,0.9759036144578314
reg3,60,6,reg3_m60_s0,83.0,pce_vqa_L8,1,412083,0.9759036144578314
reg3,60,6,reg3_m60_s1,81.0,genpce_es,0,10,0.5802469135802469
reg3,60,6,reg3_m60_s1,81.0,genpce_es,0,60,0.691358024691358
reg3,60,6,reg3_m60_s1,81.0,genpce_es,0,110,0.691358024691358
reg3,60,6,reg3_m60_s1,81.0,genpce_es,0,160,0.7160493827160493
reg3,60,6,reg3_m60_s1,81.0,genpce_es,0,210,0.7283950617283951
reg3,60,6,reg3_m60_s1,81.0,genpce_es,0,260,0.7283950617283951
reg3,60,6,reg3_m60_s1,81.0,genpce_es,0,310,0.7283950617283951
reg3,60,6,reg3_m60_s1,81.0,genpce_es,0,360,0.7407407407407407
reg3,60,6,reg3_m60_s1,81.0,genpce_es,0,410,0.7407407407407407
reg3,60,6,reg3_m60_s1,81.0,genpce_es,0,460,0.7407407407407407
reg3,60,6,reg3_m60_s1,81.0,genpce_es,0,510,0.7407407407407407
reg3,60,6,reg3_m60_s1,81.0,genpce_es,0,560,0.8024691358024691
reg3,60,6,reg3_m60_s1,81.0,genpce_es,0,610,0.8024691358024691
reg3,60,6,reg3_m60_s1,81.0,genpce_es,0,660,0.8271604938271605
reg3,60,6,reg3_m60_s1,81.0,genpce_es,0,710,0.8271604938271605
reg3,60,6,reg3_m60_s1,81.0,genpce_es,0,760,0.8271604938271605
reg3,60,6,reg3_m60_s1,81.0,genpce_es,0,810,0.8271604938271605
reg3,60,6,reg3_m60_s1,81.0,genpce_es,0,860,0.8271604938271605
reg3,60,6,reg3_m60_s1,81.0,genpce_es,0,910,0.8271604938271605
reg3,60,6,reg3_m60_s1,81.0,genpce_es,0,960,0.8395061728395061
reg3,60,6,reg3_m60_s1,81.0,genpce_es,0,1010,0.8395061728395061
reg3,60,6,reg3_m60_s1,81.0,genpce_es,0,1060,0.8395061728395061
reg3,60,6,reg3_m60_s1,81.0,genpce_es,0,1110,0.8395061728395061
reg3,60,6,reg3_m60_s1,81.0,genpce_es,0,1160,0.8395061728395061
reg3,60,6,reg3_m60_s1,81.0,genpce_es,0,1210,0.8395061728395061
reg3,60,6,reg3_m60_s1,81.0,genpce_es,0,1260,0.8395061728395061
reg3,60,6,reg3_m60_s1,81.0,genpce_es,0,1310,0.8395061728395061
reg3,60,6,reg3_m60_s1,81.0,genpce_es,0,1360,0.8395061728395061
reg3,60,6,reg3_m60_s1,81.0,genpce_es,0,1410,0.8395061728395061
reg3,60,6,reg3_m60_s1,81.0,genpce_es,0,1460,0.8395061728395061
reg3,60,6,reg3_m60_s1,81.0,genpce_es,0,1510,0.8395061728395061
reg3,60,6,reg3_m60_s1,81.0,genpce_es,0,1560,0.8395061728395061
reg3,60,6,reg3_m60_s1,81.0,genpce_es,0,1610,0.8395061728395061
reg3,60,6,reg3_m60_s1,81.0,genpce_es,0,1660,0.8395061728395061
reg3,60,6,reg3_m60_s1,81.0,genpce_es,0,1710,0.8395061728395061
reg3,60,6,reg3_m60_s1,81.0,genpce_es,0,1760,0.8395061728395061
reg3,60,6,reg3_m60_s1,81.0,genpce_es,0,1810,0.8395061728395061
reg3,60,6,reg3_m60_s1,81.0,genpce_es,0,1860,0.8395061728395061
reg3,60,6,reg3_m60_s1,81.0,genpce_es,0,1910,0.8395061728395061
reg3,60,6,reg3_m60_s1,81.0,genpce_es,0,1960,0.8395061728395061
reg3,60,6,reg3_m60_s1,81.0,genpce_es,0,2010,0.8395061728395061
reg3,60,6,reg3_m60_s1,81.0,genpce_es,0,2060,0.8395061728395061
reg3,60,6,reg3_m60_s1,81.0,genpce_es,0,2110,0.8395061728395061
reg3,60,6,reg3_m60_s1,81.0,genpce_es,0,2160,0.8518518518518519
reg3,60,6,reg3_m60_s1,81.0,genpce_es,0,2210,0.8518518518518519
reg3,60,6,reg3_m60_s1,81.0,genpce_es,0,2260,0.8518518518518519
reg3,60,6,reg3_m60_s1,81.0,genpce_es,0,2310,0.8518518518518519
reg3,60,6,reg3_m60_s1,81.0,genpce_es,0,2360,0.8518518518518519
reg3,60,6,reg3_m60_s1,81.0,genpce_es,0,2410,0.8518518518518519
reg3,60,6,reg3_m60_s1,81.0,genpce_es,0,2460,0.8518518518518519
reg3,60,6,reg3_m60_s1,81.0,genpce_es,0,2510,0.8518518518518519
reg3,60,6,reg3_m60_s1,81.0,genpce_es,0,2560,0.8518518518518519
reg3,60,6,reg3_m60_s1,81.0,genpce_es,0,2610,0.8518518518518519
reg3,60,6,reg3_m60_s1,81.0,genpce_es,0,2660,0.8518518518518519
reg3,60,6,reg3_m60_s1,81.0,genpce_es,0,2710,0.8518518518518519
reg3,60,6,reg3_m60_s1,81.0,genpce_es,0,2760,0.8518518518518519
reg3,60,6,reg3_m60_s1,81.0,genpce_es,0,2810,0.8518518518518519
reg3,60,6,reg3_m60_s1,81.0,genpce_es,0,2860,0.8518518518518519
reg3,60,6,reg3_m60_s1,81.0,genpce_es,0,2910,0.8518518518518519
reg3,60,6,reg3_m60_s1,81.0,genpce_es,0,2960,0.8518518518518519
reg3,60,6,reg3_m60_s1,81.0,genpce_es,0,3010,0.8518518518518519
reg3,60,6,reg3_m60_s1,81.0,genpce_es,0,3060,0.8765432098765432
reg3,60,6,reg3_m60_s1,81.0,genpce_es,0,3110,0.8765432098765432
reg3,60,6,reg3_m60_s1,81.0,genpce_es,0,3160,0.8765432098765432
reg3,60,6,reg3_m60_s1,81.0,genpce_es,0,3210,0.8765432098765432
reg3,60,6,reg3_m60_s1,81.0,genpce_es,0,3260,0.8765432098765432
reg3,60,6,reg3_m60_s1,81.0,genpce_es,0,3310,0.8765432098765432
reg3,60,6,reg3_m60_s1,81.0,genpce_es,0,3360,0.8765432098765432
reg3,60,6,reg3_m60_s1,81.0,genpce_es,0,3410,0.8765432098765432
reg3,60,6,reg3_m60_s1,81.0,genpce_es,0,3460,0.8765432098765432
reg3,60,6,reg3_m60_s1,81.0,genpce_es,0,3510,0.8765432098765432
reg3,60,6,reg3_m60_s1,81.0,genpce_es,0,3560,0.8765432098765432
reg3,60,6,reg3_m60_s1,81.0,genpce_es,0,3610,0.8765432098765432
reg3,60,6,reg3_m60_s1,81.0,genpce_es,0,3660,0.8765432098765432
reg3,60,6,reg3_m60_s1,81.0,genpce_es,0,3710,0.8765432098765432
reg3,60,6,reg3_m60_s1,81.0,genpce_es,0,3760,0.8765432098765432
reg3,60,6,reg3_m60_s1,81.0,genpce_es,0,3810,0.8765432098765432
reg3,60,6,reg3_m60_s1,81.0,genpce_es,0,3860,0.8888888888888888
reg3,60,6,reg3_m60_s1,81.0,genpce_es,0,3910,0.8888888888888888
reg3,60,6,reg3_m60_s1,81.0,genpce_es,0,3960,0.8888888888888888
reg3,60,6,reg3_m60_s1,81.0,genpce_es,0,4010,0.8888888888888888
reg3,60,6,reg3_m60_s1,81.0,genpce_es,0,4060,0.8888888888888888
reg3,60,6,reg3_m60_s1,81.0,genpce_es,0,4110,0.8888888888888888
reg3,60,6,reg3_m60_s1,81.0,genpce_es,0,4160,0.8888888888888888
reg3,60,6,reg3_m60_s1,81.0,genpce_es,0,4210,0.8888888888888888
reg3,60,6,reg3_m60_s1,81.0,genpce_es,0,4260,0.8888888888888888
reg3,60,6,reg3_m60_s1,81.0,genpce_es,0,4310,0.8888888888888888
reg3,60,6,reg3_m60_s1,81.0,genpce_es,0,4360,0.8888888888888888
reg3,60,6,reg3_m60_s1,81.0,genpce_es,0,4410,0.8888888888888888
reg3,60,6,reg3_m60_s1,81.0,genpce_es,0,4460,0.8888888888888888
reg3,60,6,reg3_m60_s1,81.0,genpce_es,0,4510,0.8888888888888888
reg3,60,6,reg3_m60_s1,81.0,genpce_es,0,4560,0.8888888888888888
reg3,60,6,reg3_m60_s1,81.0,genpce_es,0,4610,0.8888888888888888
reg3,60,6,reg3_m60_s1,81.0,genpce_es,0,4660,0.8888888888888888
reg3,60,6,reg3_m60_s1,81.0,genpce_es,0,4710,0.8888888888888888
reg3,60,6,reg3_m60_s1,81.0,genpce_es,0,4760,0.8888888888888888
reg3,60,6,reg3_m60_s1,81.0,genpce_es,0,4810,0.8888888888888888
reg3,60,6,reg3_m60_s1,81.0,genpce_es,0,4860,0.8888888888888888
reg3,60,6,reg3_m60_s1,81.0,genpce_es,0,4910,0.8888888888888888
reg3,60,6,reg3_m60_s1,81.0,genpce_es,0,4960,0.8888888888888888
reg3,60,6,reg3_m60_s1,81.0,genpce_es,0,5010,0.8888888888888888
reg3,60,6,reg3_m60_s1,81.0,genpce_es,0,5060,0.8888888888888888
reg3,60,6,reg3_m60_s1,81.0,genpce_es,0,5110,0.8888888888888888
reg3,60,6,reg3_m60_s1,81.0,genpce_es,0,5160,0.8888888888888888
reg3,60,6,reg3_m60_s1,81.0,genpce_es,0,5210,0.8888888888888888
reg3,60,6,reg3_m60_s1,81.0,genpce_es,0,5260,0.8888888888888888
reg3,60,6,reg3_m60_s1,81.0,genpce_es,0,5310,0.8888888888888888
reg3,60,6,reg3_m60_s1,81.0,genpce_es,0,5360,0.8888888888888888
reg3,60,6,reg3_m60_s1,81.0,genpce_es,0,5410,0.8888888888888888
reg3,60,6,reg3_m60_s1,81.0,genpce_es,0,5460,0.8888888888888888
reg3,60,6,reg3_m60_s1,81.0,genpce_es,0,5510,0.8888888888888888
reg3,60,6,reg3_m60_s1,81.0,genpce_es,0,5560,0.8888888888888888
reg3,60,6,reg3_m60_s1,81.0,genpce_es,0,5610,0.8888888888888888
reg3,60,6,reg3_m60_s1,81.0,genpce_es,0,5660,0.8888888888888888
reg3,60,6,reg3_m60_s1,81.0,genpce_es,0,5710,0.8888888888888888
reg3,60,6,reg3_m60_s1,81.0,genpce_es,0,5760,0.8888888888888888
reg3,60,6,reg3_m60_s1,81.0,genpce_es,0,5810,0.8888888888888888
reg3,60,6,reg3_m60_s1,81.0,genpce_es,0,5860,0.8888888888888888
reg3,60,6,reg3_m60_s1,81.0,genpce_es,0,5910,0.8888888888888888
reg3,60,6,reg3_m60_s1,81.0,genpce_es,0,5960,0.8888888888888888
reg3,60,6,reg3_m60_s1,81.0,genpce_es,0,6010,0.8888888888888888
reg3,60,6,reg3_m60_s1,81.0,genpce_es,0,6060,0.8888888888888888
reg3,60,6,reg3_m60_s1,81.0,genpce_es,0,6110,0.8888888888888888
reg3,60,6,reg3_m60_s1,81.0,genpce_es,0,6160,0.8888888888888888
reg3,60,6,reg3_m60_s1,81.0,genpce_es,0,6210,0.8888888888888888
reg3,60,6,reg3_m60_s1,81.0,genpce_es,0,6260,0.8888888888888888
reg3,60,6,reg3_m60_s1,81.0,genpce_es,0,6310,0.8888888888888888
reg3,60,6,reg3_m60_s1,81.0,genpce_es,0,6360,0.8888888888888888
reg3,60,6,reg3_m60_s1,81.0,genpce_es,0,6410,0.8888888888888888
reg3,60,6,reg3_m60_s1,81.0,genpce_es,0,6460,0.8888888888888888
reg3,60,6,reg3_m60_s1,81.0,genpce_es,0,6510,0.8888888888888888
reg3,60,6,reg3_m60_s1,81.0,genpce_es,0,6560,0.8888888888888888
reg3,60,6,reg3_m60_s1,81.0,genpce_es,0,6610,0.8888888888888888
reg3,60,6,reg3_m60_s1,81.0,genpce_es,0,6660,0.8888888888888888
reg3,60,6,reg3_m60_s1,81.0,genpce_es,0,6710,0.8888888888888888
reg3,60,6,reg3_m60_s1,81.0,genpce_es,0,6760,0.8888888888888888
reg3,60,6,reg3_m60_s1,81.0,genpce_es,0,6810,0.9012345679012346
reg3,60,6,reg3_m60_s1,81.0,genpce_es,0,6860,0.9012345679012346
reg3,60,6,reg3_m60_s1,81.0,genpce_es,0,6910,0.9012345679012346
reg3,60,6,reg3_m60_s1,81.0,genpce_es,0,6960,0.9012345679012346
reg3,60,6,reg3_m60_s1,81.0,genpce_es,0,7010,0.9012345679012346
reg3,60,6,reg3_m60_s1,81.0,genpce_es,0,7060,0.9012345679012346
reg3,60,6,reg3_m60_s1,81.0,genpce_es,0,7110,0.9012345679012346
reg3,60,6,reg3_m60_s1,81.0,genpce_es,0,7160,0.9012345679012346
reg3,60,6,reg3_m60_s1,81.0,genpce_es,0,7210,0.9012345679012346
reg3,60,6,reg3_m60_s1,81.0,genpce_es,0,7260,0.9012345679012346
reg3,60,6,reg3_m60_s1,81.0,genpce_es,0,7310,0.9012345679012346
reg3,60,6,reg3_m60_s1,81.0,genpce_es,0,7360,0.9012345679012346
reg3,60,6,reg3_m60_s1,81.0,genpce_es,0,7410,0.9012345679012346
reg3,60,6,reg3_m60_s1,81.0,genpce_es,0,7460,0.9012345679012346
reg3,60,6,reg3_m60_s1,81.0,genpce_es,0,7510,0.9012345679012346
reg3,60,6,reg3_m60_s1,81.0,genpce_es,0,7560,0.9012345679012346
reg3,60,6,reg3_m60_s1,81.0,genpce_es,0,7610,0.9012345679012346
reg3,60,6,reg3_m60_s1,81.0,genpce_es,0,7660,0.9012345679012346
reg3,60,6,reg3_m60_s1,81.0,genpce_es,0,7710,0.9012345679012346
reg3,60,6,reg3_m60_s1,81.0,genpce_es,0,7760,0.9012345679012346
reg3,60,6,reg3_m60_s1,81.0,genpce_es,0,7810,0.9012345679012346
reg3,60,6,reg3_m60_s1,81.0,genpce_es,0,7860,0.9012345679012346
reg3,60,6,reg3_m60_s1,81.0,genpce_es,0,7910,0.9012345679012346
reg3,60,6,reg3_m60_s1,81.0,genpce_es,0,7960,0.9012345679012346
reg3,60,6,reg3_m60_s1,81.0,genpce_es,0,8010,0.9012345679012346
reg3,60,6,reg3_m60_s1,81.0,genpce_es,0,8060,0.9012345679012346
reg3,60,6,reg3_m60_s1,81.0,genpce_es,0,8110,0.9012345679012346
reg3,60,6,reg3_m60_s1,81.0,genpce_es,0,8160,0.9012345679012346
reg3,60,6,reg3_m60_s1,81.0,genpce_es,0,8210,0.9012345679012346
reg3,60,6,reg3_m60_s1,81.0,genpce_es,0,8260,0.9012345679012346
reg3,60,6,reg3_m60_s1,81.0,genpce_es,0,8310,0.9012345679012346
reg3,60,6,reg3_m60_s1,81.0,genpce_es,0,8360,0.9012345679012346
reg3,60,6,reg3_m60_s1,81.0,genpce_es,0,8410,0.9012345679012346
reg3,60,6,reg3_m60_s1,81.0,genpce_es,0,8460,0.9012345679012346
reg3,60,6,reg3_m60_s1,81.0,genpce_es,0,8510,0.9012345679012346
reg3,60,6,reg3_m60_s1,81.0,genpce_es,0,8560,0.9012345679012346
reg3,60,6,reg3_m60_s1,81.0,genpce_es,0,8610,0.9012345679012346
reg3,60,6,reg3_m60_s1,81.0,genpce_es,0,8660,0.9012345679012346
reg3,60,6,reg3_m60_s1,81.0,genpce_es,0,8710,0.9012345679012346
reg3,60,6,reg3_m60_s1,81.0,genpce_es,0,8760,0.9012345679012346
reg3,60,6,reg3_m60_s1,81.0,genpce_es,0,8810,0.9012345679012346
reg3,60,6,reg3_m60_s1,81.0,genpce_es,0,8860,0.9012345679012346
reg3,60,6,reg3_m60_s1,81.0,genpce_es,0,8910,0.9012345679012346
reg3,60,6,reg3_m60_s1,81.0,genpce_es,0,8960,0.9012345679012346
reg3,60,6,reg3_m60_s1,81.0,genpce_es,0,9010,0.9012345679012346
reg3,60,6,reg3_m60_s1,81.0,genpce_es,0,9060,0.9012345679012346
reg3,60,6,reg3_m60_s1,81.0,genpce_es,0,9110,0.9012345679012346
reg3,60,6,reg3_m60_s1,81.0,genpce_es,0,9160,0.9012345679012346
reg3,60,6,reg3_m60_s1,81.0,genpce_es,0,9210,0.9012345679012346
reg3,60,6,reg3_m60_s1,81.0,genpce_es,0,9260,0.9012345679012346
reg3,60,6,reg3_m60_s1,81.0,genpce_es,0,9310,0.9012345679012346
reg3,60,6,reg3_m60_s1,81.0,genpce_es,0,9360,0.9012345679012346
reg3,60,6,reg3_m60_s1,81.0,genpce_es,0,9410,0.9012345679012346
reg3,60,6,reg3_m60_s1,81.0,genpce_es,0,9460,0.9012345679012346
reg3,60,6,reg3_m60_s1,81.0,genpce_es,0,9510,0.9012345679012346
reg3,60,6,reg3_m60_s1,81.0,genpce_es,0,9560,0.9012345679012346
reg3,60,6,reg3_m60_s1,81.0,genpce_es,0,9610,0.9012345679012346
reg3,60,6,reg3_m60_s1,81.0,genpce_es,0,9660,0.9012345679012346
reg3,60,6,reg3_m60_s1,81.0,genpce_es,0,9710,0.9012345679012346
reg3,60,6,reg3_m60_s1,81.0,genpce_es,0,9760,0.9012345679012346
reg3,60,6,reg3_m60_s1,81.0,genpce_es,0,9810,0.9012345679012346
reg3,60,6,reg3_m60_s1,81.0,genpce_es,0,9860,0.9012345679012346
reg3,60,6,reg3_m60_s1,81.0,genpce_es,0,9910,0.9012345679012346
reg3,60,6,reg3_m60_s1,81.0,genpce_es,0,9960,0.9012345679012346
reg3,60,6,reg3_m60_s1,81.0,genpce_es,0,10010,0.9012345679012346
reg3,60,6,reg3_m60_s1,81.0,genpce_es,0,10060,0.9012345679012346
reg3,60,6,reg3_m60_s1,81.0,genpce_es,0,10110,0.9012345679012346
reg3,60,6,reg3_m60_s1,81.0,genpce_es,0,10160,0.9012345679012346
reg3,60,6,reg3_m60_s1,81.0,genpce_es,0,10210,0.9012345679012346
reg3,60,6,reg3_m60_s1,81.0,genpce_es,0,10260,0.9012345679012346
reg3,60,6,reg3_m60_s1,81.0,genpce_es,0,10310,0.9012345679012346
reg3,60,6,reg3_m60_s1,81.0,genpce_es,0,10360,0.9012345679012346
reg3,60,6,reg3_m60_s1,81.0,genpce_es,0,10410,0.9012345679012346
reg3,60,6,reg3_m60_s1,81.0,genpce_es,0,10460,0.9012345679012346
reg3,60,6,reg3_m60_s1,81.0,genpce_es,0,10510,0.9012345679012346
reg3,60,6,reg3_m60_s1,81.0,genpce_es,0,10560,0.9012345679012346
reg3,60,6,reg3_m60_s1,81.0,genpce_es,0,10610,0.9012345679012346
reg3,60,6,reg3_m60_s1,81.0,genpce_es,0,10660,0.9012345679012346
reg3,60,6,reg3_m60_s1,81.0,genpce_es,0,10710,0.9012345679012346
reg3,60,6,reg3_m60_s1,81.0,genpce_es,0,10760,0.9012345679012346
reg3,60,6,reg3_m60_s1,81.0,genpce_es,0,10810,0.9012345679012346
reg3,60,6,reg3_m60_s1,81.0,genpce_es,0,10860,0.9012345679012346
reg3,60,6,reg3_m60_s1,81.0,genpce_es,0,10910,0.9012345679012346
reg3,60,6,reg3_m60_s1,81.0,genpce_es,0,10960,0.9012345679012346
reg3,60,6,reg3_m60_s1,81.0,genpce_es,0,11010,0.9012345679012346
reg3,60,6,reg3_m60_s1,81.0,genpce_es,0,11060,0.9012345679012346
reg3,60,6,reg3_m60_s1,81.0,genpce_es,0,11110,0.9012345679012346
reg3,60,6,reg3_m60_s1,81.0,genpce_es,0,11160,0.9012345679012346
reg3,60,6,reg3_m60_s1,81.0,genpce_es,0,11210,0.9012345679012346
reg3,60,6,reg3_m60_s1,81.0,genpce_es,0,11260,0.9012345679012346
reg3,60,6,reg3_m60_s1,81.0,genpce_es,0,11310,0.9012345679012346
reg3,60,6,reg3_m60_s1,81.0,genpce_es,0,11360,0.9012345679012346
reg3,60,6,reg3_m60_s1,81.0,genpce_es,0,11410,0.9012345679012346
reg3,60,6,reg3_m60_s1,81.0,genpce_es,0,11460,0.9012345679012346
reg3,60,6,reg3_m60_s1,81.0,genpce_es,0,11510,0.9012345679012346
reg3,60,6,reg3_m60_s1,81.0,genpce_es,0,11560,0.9012345679012346
reg3,60,6,reg3_m60_s1,81.0,genpce_es,0,11610,0.9012345679012346
reg3,60,6,reg3_m60_s1,81.0,genpce_es,0,11660,0.9012345679012346
reg3,60,6,reg3_m60_s1,81.0,genpce_es,0,11710,0.9012345679012346
reg3,60,6,reg3_m60_s1,81.0,genpce_es,0,11760,0.9012345679012346
reg3,60,6,reg3_m60_s1,81.0,genpce_es,0,11810,0.9012345679012346
reg3,60,6,reg3_m60_s1,81.0,genpce_es,0,11860,0.9012345679012346
reg3,60,6,reg3_m60_s1,81.0,genpce_es,0,11910,0.9012345679012346
reg3,60,6,reg3_m60_s1,81.0,genpce_es,0,11960,0.9012345679012346
reg3,60,6,reg3_m60_s1,81.0,genpce_es,0,12010,0.9012345679012346
reg3,60,6,reg3_m60_s1,81.0,genpce_es,0,12060,0.9012345679012346
reg3,60,6,reg3_m60_s1,81.0,genpce_es,0,12110,0.9012345679012346
reg3,60,6,reg3_m60_s1,81.0,genpce_es,0,12160,0.9012345679012346
reg3,60,6,reg3_m60_s1,81.0,genpce_es,0,12210,0.9012345679012346
reg3,60,6,reg3_m60_s1,81.0,genpce_es,0,12260,0.9012345679012346
reg3,60,6,reg3_m60_s1,81.0,genpce_es,0,12310,0.9012345679012346
reg3,60,6,reg3_m60_s1,81.0,genpce_es,0,12360,0.9012345679012346
reg3,60,6,reg3_m60_s1,81.0,genpce_es,0,12410,0.9012345679012346
reg3,60,6,reg3_m60_s1,81.0,genpce_es,0,12460,0.9012345679012346
reg3,60,6,reg3_m60_s1,81.0,genpce_es,0,12510,0.9012345679012346
reg3,60,6,reg3_m60_s1,81.0,genpce_es,0,12560,0.9012345679012346
reg3,60,6,reg3_m60_s1,81.0,genpce_es,0,12610,0.9012345679012346
reg3,60,6,reg3_m60_s1,81.0,genpce_es,0,12660,0.9012345679012346
reg3,60,6,reg3_m60_s1,81.0,genpce_es,0,12710,0.9012345679012346
reg3,60,6,reg3_m60_s1,81.0,genpce_es,0,12760,0.9012345679012346
reg3,60,6,reg3_m60_s1,81.0,genpce_es,0,12810,0.9012345679012346
reg3,60,6,reg3_m60_s1,81.0,genpce_es,0,12860,0.9012345679012346
reg3,60,6,reg3_m60_s1,81.0,genpce_es,0,12910,0.9012345679012346
reg3,60,6,reg3_m60_s1,81.0,genpce_es,0,12960,0.9012345679012346
reg3,60,6,reg3_m60_s1,81.0,genpce_es,0,13010,0.9012345679012346
reg3,60,6,reg3_m60_s1,81.0,genpce_es,0,13060,0.9012345679012346
reg3,60,6,reg3_m60_s1,81.0,genpce_es,0,13110,0.9012345679012346
reg3,60,6,reg3_m60_s1,81.0,genpce_es,0,13160,0.9012345679012346
reg3,60,6,reg3_m60_s1,81.0,genpce_es,0,13210,0.9012345679012346
reg3,60,6,reg3_m60_s1,81.0,genpce_es,0,13260,0.9012345679012346
reg3,60,6,reg3_m60_s1,81.0,genpce_es,0,13310,0.9012345679012346
reg3,60,6,reg3_m60_s1,81.0,genpce_es,0,13360,0.9012345679012346
reg3,60,6,reg3_m60_s1,81.0,genpce_es,0,13410,0.9012345679012346
reg3,60,6,reg3_m60_s1,81.0,genpce_es,0,13460,0.9012345679012346
reg3,60,6,reg3_m60_s1,81.0,genpce_es,0,13510,0.9012345679012346
reg3,60,6,reg3_m60_s1,81.0,genpce_es,0,13560,0.9012345679012346
reg3,60,6,reg3_m60_s1,81.0,genpce_es,0,13610,0.9012345679012346
reg3,60,6,reg3_m60_s1,81.0,genpce_es,0,13660,0.9012345679012346
reg3,60,6,reg3_m60_s1,81.0,genpce_es,0,13710,0.9012345679012346
reg3,60,6,reg3_m60_s1,81.0,genpce_es,0,13760,0.9012345679012346
reg3,60,6,reg3_m60_s1,81.0,genpce_es,0,13810,0.9012345679012346
reg3,60,6,reg3_m60_s1,81.0,genpce_es,0,13860,0.9012345679012346
reg3,60,6,reg3_m60_s1,81.0,genpce_es,0,13910,0.9012345679012346
reg3,60,6,reg3_m60_s1,81.0,genpce_es,0,13960,0.9012345679012346
reg3,60,6,reg3_m60_s1,81.0,genpce_es,0,14010,0.9012345679012346
reg3,60,6,reg3_m60_s1,81.0,genpce_es,0,14060,0.9012345679012346
reg3,60,6,reg3_m60_s1,81.0,genpce_es,0,14110,0.9012345679012346
reg3,60,6,reg3_m60_s1,81.0,genpce_es,0,14160,0.9012345679012346
reg3,60,6,reg3_m60_s1,81.0,genpce_es,0,14210,0.9012345679012346
reg3,60,6,reg3_m60_s1,81.0,genpce_es,0,14260,0.9012345679012346
reg3,60,6,reg3_m60_s1,81.0,genpce_es,0,14310,0.9012345679012346
reg3,60,6,reg3_m60_s1,81.0,genpce_es,0,14360,0.9012345679012346
reg3,60,6,reg3_m60_s1,81.0,genpce_es,0,14410,0.9012345679012346
reg3,60,6,reg3_m60_s1,81.0,genpce_es,0,14460,0.9012345679012346
reg3,60,6,reg3_m60_s1,81.0,genpce_es,0,14510,0.9012345679012346
reg3,60,6,reg3_m60_s1,81.0,genpce_es,0,14560,0.9012345679012346
reg3,60,6,reg3_m60_s1,81.0,genpce_es,0,14610,0.9012345679012346
reg3,60,6,reg3_m60_s1,81.0,genpce_es,0,14660,0.9012345679012346
reg3,60,6,reg3_m60_s1,81.0,genpce_es,0,14710,0.9012345679012346
reg3,60,6,reg3_m60_s1,81.0,genpce_es,0,14760,0.9012345679012346
reg3,60,6,reg3_m60_s1,81.0,genpce_es,0,14810,0.9012345679012346
reg3,60,6,reg3_m60_s1,81.0,genpce_es,0,14860,0.9012345679012346
reg3,60,6,reg3_m60_s1,81.0,genpce_es,0,14910,0.9012345679012346
reg3,60,6,reg3_m60_s1,81.0,genpce_es,0,14960,0.9012345679012346
reg3,60,6,reg3_m60_s1,81.0,genpce_es,0,15010,0.9012345679012346
reg3,60,6,reg3_m60_s1,81.0,genpce_es,0,15060,0.9012345679012346
reg3,60,6,reg3_m60_s1,81.0,genpce_es,0,15110,0.9012345679012346
reg3,60,6,reg3_m60_s1,81.0,genpce_es,0,15160,0.9012345679012346
reg3,60,6,reg3_m60_s1,81.0,genpce_es,0,15210,0.9012345679012346
reg3,60,6,reg3_m60_s1,81.0,genpce_es,0,15260,0.9012345679012346
reg3,60,6,reg3_m60_s1,81.0,genpce_es,0,15310,0.9012345679012346
reg3,60,6,reg3_m60_s1,81.0,genpce_es,0,15360,0.9012345679012346
reg3,60,6,reg3_m60_s1,81.0,genpce_es,0,15410,0.9012345679012346
reg3,60,6,reg3_m60_s1,81.0,genpce_es,0,15460,0.9012345679012346
reg3,60,6,reg3_m60_s1,81.0,genpce_es,0,15510,0.9012345679012346
reg3,60,6,reg3_m60_s1,81.0,genpce_es,0,15560,0.9012345679012346
reg3,60,6,reg3_m60_s1,81.0,genpce_es,0,15610,0.9012345679012346
reg3,60,6,reg3_m60_s1,81.0,genpce_es,0,15660,0.9012345679012346
reg3,60,6,reg3_m60_s1,81.0,genpce_es,0,15710,0.9012345679012346
reg3,60,6,reg3_m60_s1,81.0,genpce_es,0,15760,0.9012345679012346
reg3,60,6,reg3_m60_s1,81.0,genpce_es,0,15810,0.9012345679012346
reg3,60,6,reg3_m60_s1,81.0,genpce_es,0,15860,0.9012345679012346
reg3,60,6,reg3_m60_s1,81.0,genpce_es,0,15910,0.9012345679012346
reg3,60,6,reg3_m60_s1,81.0,genpce_es,0,15960,0.9012345679012346
reg3,60,6,reg3_m60_s1,81.0,genpce_es,0,16010,0.9012345679012346
reg3,60,6,reg3_m60_s1,81.0,genpce_es,0,16060,0.9012345679012346
reg3,60,6,reg3_m60_s1,81.0,genpce_es,0,16110,0.9012345679012346
reg3,60,6,reg3_m60_s1,81.0,genpce_es,0,16160,0.9012345679012346
reg3,60,6,reg3_m60_s1,81.0,genpce_es,0,16210,0.9012345679012346
reg3,60,6,reg3_m60_s1,81.0,genpce_es,0,16260,0.9012345679012346
reg3,60,6,reg3_m60_s1,81.0,genpce_es,0,16310,0.9012345679012346
reg3,60,6,reg3_m60_s1,81.0,genpce_es,0,16360,0.9012345679012346
reg3,60,6,reg3_m60_s1,81.0,genpce_es,0,16410,0.9012345679012346
reg3,60,6,reg3_m60_s1,81.0,genpce_es,0,16460,0.9012345679012346
reg3,60,6,reg3_m60_s1,81.0,genpce_es,0,16510,0.9012345679012346
reg3,60,6,reg3_m60_s1,81.0,genpce_es,0,16560,0.9012345679012346
reg3,60,6,reg3_m60_s1,81.0,genpce_es,0,16610,0.9012345679012346
reg3,60,6,reg3_m60_s1,81.0,genpce_es,0,16660,0.9012345679012346
reg3,60,6,reg3_m60_s1,81.0,genpce_es,0,16710,0.9012345679012346
reg3,60,6,reg3_m60_s1,81.0,genpce_es,0,16760,0.9012345679012346
reg3,60,6,reg3_m60_s1,81.0,genpce_es,0,16810,0.9012345679012346
reg3,60,6,reg3_m60_s1,81.0,genpce_es,0,16860,0.9012345679012346
reg3,60,6,reg3_m60_s1,81.0,genpce_es,0,16910,0.9012345679012346
reg3,60,6,reg3_m60_s1,81.0,genpce_es,0,16960,0.9012345679012346
reg3,60,6,reg3_m60_s1,81.0,genpce_es,0,17010,0.9012345679012346
reg3,60,6,reg3_m60_s1,81.0,genpce_es,0,17060,0.9012345679012346
reg3,60,6,reg3_m60_s1,81.0,genpce_es,0,17110,0.9012345679012346
reg3,60,6,reg3_m60_s1,81.0,genpce_es,0,17160,0.9012345679012346
reg3,60,6,reg3_m60_s1,81.0,genpce_es,0,17210,0.9012345679012346
reg3,60,6,reg3_m60_s1,81.0,genpce_es,0,17260,0.9012345679012346
reg3,60,6,reg3_m60_s1,81.0,genpce_es,0,17310,0.9012345679012346
reg3,60,6,reg3_m60_s1,81.0,genpce_es,0,17360,0.9012345679012346
reg3,60,6,reg3_m60_s1,81.0,genpce_es,0,17410,0.9012345679012346
reg3,60,6,reg3_m60_s1,81.0,genpce_es,0,17460,0.9012345679012346
reg3,60,6,reg3_m60_s1,81.0,genpce_es,0,17510,0.9012345679012346
reg3,60,6,reg3_m60_s1,81.0,genpce_es,0,17560,0.9012345679012346
reg3,60,6,reg3_m60_s1,81.0,genpce_es,0,17610,0.9012345679012346
reg3,60,6,reg3_m60_s1,81.0,genpce_es,0,17660,0.9012345679012346
reg3,60,6,reg3_m60_s1,81.0,genpce_es,0,17710,0.9012345679012346
reg3,60,6,reg3_m60_s1,81.0,genpce_es,0,17760,0.9012345679012346
reg3,60,6,reg3_m60_s1,81.0,genpce_es,0,17810,0.9012345679012346
reg3,60,6,reg3_m60_s1,81.0,genpce_es,0,17860,0.9012345679012346
reg3,60,6,reg3_m60_s1,81.0,genpce_es,0,17910,0.9012345679012346
reg3,60,6,reg3_m60_s1,81.0,genpce_es,0,17960,0.9012345679012346
reg3,60,6,reg3_m60_s1,81.0,genpce_es,0,18010,0.9012345679012346
reg3,60,6,reg3_m60_s1,81.0,genpce_es,0,18060,0.9012345679012346
reg3,60,6,reg3_m60_s1,81.0,genpce_es,0,18110,0.9012345679012346
reg3,60,6,reg3_m60_s1,81.0,genpce_es,0,18160,0.9012345679012346
reg3,60,6,reg3_m60_s1,81.0,genpce_es,0,18210,0.9012345679012346
reg3,60,6,reg3_m60_s1,81.0,genpce_es,0,18260,0.9012345679012346
reg3,60,6,reg3_m60_s1,81.0,genpce_es,0,18310,0.9012345679012346
reg3,60,6,reg3_m60_s1,81.0,genpce_es,0,18360,0.9012345679012346
reg3,60,6,reg3_m60_s1,81.0,genpce_es,0,18410,0.9012345679012346
reg3,60,6,reg3_m60_s1,81.0,genpce_es,0,18460,0.9012345679012346
reg3,60,6,reg3_m60_s1,81.0,genpce_es,0,18510,0.9012345679012346
reg3,60,6,reg3_m60_s1,81.0,genpce_es,0,18560,0.9012345679012346
reg3,60,6,reg3_m60_s1,81.0,genpce_es,0,18610,0.9012345679012346
reg3,60,6,reg3_m60_s1,81.0,genpce_es,0,18660,0.9012345679012346
reg3,60,6,reg3_m60_s1,81.0,genpce_es,0,18710,0.9012345679012346
reg3,60,6,reg3_m60_s1,81.0,genpce_es,0,18760,0.9012345679012346
reg3,60,6,reg3_m60_s1,81.0,genpce_es,0,18810,0.9012345679012346
reg3,60,6,reg3_m60_s1,81.0,genpce_es,0,18860,0.9012345679012346
reg3,60,6,reg3_m60_s1,81.0,genpce_es,0,18910,0.9012345679012346
reg3,60,6,reg3_m60_s1,81.0,genpce_es,0,18960,0.9012345679012346
reg3,60,6,reg3_m60_s1,81.0,genpce_es,0,19010,0.9012345679012346
reg3,60,6,reg3_m60_s1,81.0,genpce_es,0,19060,0.9012345679012346
reg3,60,6,reg3_m60_s1,81.0,genpce_es,0,19110,0.9012345679012346
reg3,60,6,reg3_m60_s1,81.0,genpce_es,0,19160,0.9012345679012346
reg3,60,6,reg3_m60_s1,81.0,genpce_es,0,19210,0.9012345679012346
reg3,60,6,reg3_m60_s1,81.0,genpce_es,0,19260,0.9012345679012346
reg3,60,6,reg3_m60_s1,81.0,genpce_es,0,19310,0.9012345679012346
reg3,60,6,reg3_m60_s1,81.0,genpce_es,0,19360,0.9012345679012346
reg3,60,6,reg3_m60_s1,81.0,genpce_es,0,19410,0.9012345679012346
reg3,60,6,reg3_m60_s1,81.0,genpce_es,0,19460,0.9012345679012346
reg3,60,6,reg3_m60_s1,81.0,genpce_es,0,19510,0.9012345679012346
reg3,60,6,reg3_m60_s1,81.0,genpce_es,0,19560,0.9012345679012346
reg3,60,6,reg3_m60_s1,81.0,genpce_es,0,19610,0.9012345679012346
reg3,60,6,reg3_m60_s1,81.0,genpce_es,0,19660,0.9012345679012346
reg3,60,6,reg3_m60_s1,81.0,genpce_es,0,19710,0.9012345679012346
reg3,60,6,reg3_m60_s1,81.0,genpce_es,0,19760,0.9012345679012346
reg3,60,6,reg3_m60_s1,81.0,genpce_es,0,19810,0.9012345679012346
reg3,60,6,reg3_m60_s1,81.0,genpce_es,0,19860,0.9012345679012346
reg3,60,6,reg3_m60_s1,81.0,genpce_es,0,19910,0.9012345679012346
reg3,60,6,reg3_m60_s1,81.0,genpce_es,0,19960,0.9012345679012346
reg3,60,6,reg3_m60_s1,81.0,genpce_es,0,20010,0.9012345679012346
reg3,60,6,reg3_m60_s1,81.0,random,0,50,0.6666666666666666
reg3,60,6,reg3_m60_s1,81.0,random,0,100,0.6666666666666666
reg3,60,6,reg3_m60_s1,81.0,random,0,150,0.7654320987654321
reg3,60,6,reg3_m60_s1,81.0,random,0,200,0.7654320987654321
reg3,60,6,reg3_m60_s1,81.0,random,0,250,0.7654320987654321
reg3,60,6,reg3_m60_s1,81.0,random,0,300,0.7654320987654321
reg3,60,6,reg3_m60_s1,81.0,random,0,350,0.7654320987654321
reg3,60,6,reg3_m60_s1,81.0,random,0,400,0.7654320987654321
reg3,60,6,reg3_m60_s1,81.0,random,0,450,0.7654320987654321
reg3,60,6,reg3_m60_s1,81.0,random,0,500,0.7654320987654321
reg3,60,6,reg3_m60_s1,81.0,random,0,550,0.7654320987654321
reg3,60,6,reg3_m60_s1,81.0,random,0,600,0.7654320987654321
reg3,60,6,reg3_m60_s1,81.0,random,0,650,0.7654320987654321
reg3,60,6,reg3_m60_s1,81.0,random,0,700,0.7654320987654321
reg3,60,6,reg3_m60_s1,81.0,random,0,750,0.7654320987654321
reg3,60,6,reg3_m60_s1,81.0,random,0,800,0.7654320987654321
reg3,60,6,reg3_m60_s1,81.0,random,0,850,0.7654320987654321
reg3,60,6,reg3_m60_s1,81.0,random,0,900,0.7654320987654321
reg3,60,6,reg3_m60_s1,81.0,random,0,950,0.7654320987654321
reg3,60,6,reg3_m60_s1,81.0,random,0,1000,0.7654320987654321
reg3,60,6,reg3_m60_s1,81.0,random,0,1050,0.7654320987654321
reg3,60,6,reg3_m60_s1,81.0,random,0,1100,0.7654320987654321
reg3,60,6,reg3_m60_s1,81.0,random,0,1150,0.7654320987654321
reg3,60,6,reg3_m60_s1,81.0,random,0,1200,0.7654320987654321
reg3,60,6,reg3_m60_s1,81.0,random,0,1250,0.7654320987654321
reg3,60,6,reg3_m60_s1,81.0,random,0,1300,0.7654320987654321
reg3,60,6,reg3_m60_s1,81.0,random,0,1350,0.7654320987654321
reg3,60,6,reg3_m60_s1,81.0,random,0,1400,0.7654320987654321
reg3,60,6,reg3_m60_s1,81.0,random,0,1450,0.7654320987654321
reg3,60,6,reg3_m60_s1,81.0,random,0,1500,0.7654320987654321
reg3,60,6,reg3_m60_s1,81.0,random,0,1550,0.7654320987654321
reg3,60,6,reg3_m60_s1,81.0,random,0,1600,0.7654320987654321
reg3,60,6,reg3_m60_s1,81.0,random,0,1650,0.7654320987654321
reg3,60,6,reg3_m60_s1,81.0,random,0,1700,0.7654320987654321
reg3,60,6,reg3_m60_s1,81.0,random,0,1750,0.7654320987654321
reg3,60,6,reg3_m60_s1,81.0,random,0,1800,0.7654320987654321
reg3,60,6,reg3_m60_s1,81.0,random,0,1850,0.7654320987654321
reg3,60,6,reg3_m60_s1,81.0,random,0,1900,0.7654320987654321
reg3,60,6,reg3_m60_s1,81.0,random,0,1950,0.7654320987654321
reg3,60,6,reg3_m60_s1,81.0,random,0,2000,0.7654320987654321
reg3,60,6,reg3_m60_s1,81.0,random,0,2050,0.7654320987654321
reg3,60,6,reg3_m60_s1,81.0,random,0,2100,0.7654320987654321
reg3,60,6,reg3_m60_s1,81.0,random,0,2150,0.7654320987654321
reg3,60,6,reg3_m60_s1,81.0,random,0,2200,0.7654320987654321
reg3,60,6,reg3_m60_s1,81.0,random,0,2250,0.7654320987654321
reg3,60,6,reg3_m60_s1,81.0,random,0,2300,0.7654320987654321
reg3,60,6,reg3_m60_s1,81.0,random,0,2350,0.7654320987654321
reg3,60,6,reg3_m60_s1,81.0,random,0,2400,0.7654320987654321
reg3,60,6,reg3_m60_s1,81.0,random,0,2450,0.7654320987654321
reg3,60,6,reg3_m60_s1,81.0,random,0,2500,0.7654320987654321
reg3,60,6,reg3_m60_s1,81.0,random,0,2550,0.7654320987654321
reg3,60,6,reg3_m60_s1,81.0,random,0,2600,0.7654320987654321
reg3,60,6,reg3_m60_s1,81.0,random,0,2650,0.7654320987654321
reg3,60,6,reg3_m60_s1,81.0,random,0,2700,0.7654320987654321
reg3,60,6,reg3_m60_s1,81.0,random,0,2750,0.7654320987654321
reg3,60,6,reg3_m60_s1,81.0,random,0,2800,0.7654320987654321
reg3,60,6,reg3_m60_s1,81.0,random,0,2850,0.7654320987654321
reg3,60,6,reg3_m60_s1,81.0,random,0,2900,0.7654320987654321
reg3,60,6,reg3_m60_s1,81.0,random,0,2950,0.7654320987654321
reg3,60,6,reg3_m60_s1,81.0,random,0,3000,0.7654320987654321
reg3,60,6,reg3_m60_s1,81.0,random,0,3050,0.7654320987654321
reg3,60,6,reg3_m60_s1,81.0,random,0,3100,0.7654320987654321
reg3,60,6,reg3_m60_s1,81.0,random,0,3150,0.7654320987654321
reg3,60,6,reg3_m60_s1,81.0,random,0,3200,0.7654320987654321
reg3,60,6,reg3_m60_s1,81.0,random,0,3250,0.7654320987654321
reg3,60,6,reg3_m60_s1,81.0,random,0,3300,0.7654320987654321
reg3,60,6,reg3_m60_s1,81.0,random,0,3350,0.7654320987654321
reg3,60,6,reg3_m60_s1,81.0,random,0,3400,0.7654320987654321
reg3,60,6,reg3_m60_s1,81.0,random,0,3450,0.7654320987654321
reg3,60,6,reg3_m60_s1,81.0,random,0,3500,0.7654320987654321
reg3,60,6,reg3_m60_s1,81.0,random,0,3550,0.7654320987654321
reg3,60,6,reg3_m60_s1,81.0,random,0,3600,0.7654320987654321
reg3,60,6,reg3_m60_s1,81.0,random,0,3650,0.7654320987654321
reg3,60,6,reg3_m60_s1,81.0,random,0,3700,0.7654320987654321
reg3,60,6,reg3_m60_s1,81.0,random,0,3750,0.7654320987654321
reg3,60,6,reg3_m60_s1,81.0,random,0,3800,0.7654320987654321
reg3,60,6,reg3_m60_s1,81.0,random,0,3850,0.7654320987654321
reg3,60,6,reg3_m60_s1,81.0,random,0,3900,0.7654320987654321
reg3,60,6,reg3_m60_s1,81.0,random,0,3950,0.7654320987654321
reg3,60,6,reg3_m60_s1,81.0,random,0,4000,0.7654320987654321
reg3,60,6,reg3_m60_s1,81.0,random,0,4050,0.7654320987654321
reg3,60,6,reg3_m60_s1,81.0,random,0,4100,0.7654320987654321
reg3,60,6,reg3_m60_s1,81.0,random,0,4150,0.7654320987654321
reg3,60,6,reg3_m60_s1,81.0,random,0,4200,0.7654320987654321
reg3,60,6,reg3_m60_s1,81.0,random,0,4250,0.7654320987654321
reg3,60,6,reg3_m60_s1,81.0,random,0,4300,0.7654320987654321
reg3,60,6,reg3_m60_s1,81.0,random,0,4350,0.7654320987654321
reg3,60,6,reg3_m60_s1,81.0,random,0,4400,0.7654320987654321
reg3,60,6,reg3_m60_s1,81.0,random,0,4450,0.7654320987654321
reg3,60,6,reg3_m60_s1,81.0,random,0,4500,0.7654320987654321
reg3,60,6,reg3_m60_s1,81.0,random,0,4550,0.7654320987654321
reg3,60,6,reg3_m60_s1,81.0,random,0,4600,0.7654320987654321
reg3,60,6,reg3_m60_s1,81.0,random,0,4650,0.7654320987654321
reg3,60,6,reg3_m60_s1,81.0,random,0,4700,0.7654320987654321
reg3,60,6,reg3_m60_s1,81.0,random,0,4750,0.7654320987654321
reg3,60,6,reg3_m60_s1,81.0,random,0,4800,0.7654320987654321
reg3,60,6,reg3_m60_s1,81.0,random,0,4850,0.7654320987654321
reg3,60,6,reg3_m60_s1,81.0,random,0,4900,0.7654320987654321
reg3,60,6,reg3_m60_s1,81.0,random,0,4950,0.7654320987654321
reg3,60,6,reg3_m60_s1,81.0,random,0,5000,0.7654320987654321
reg3,60,6,reg3_m60_s1,81.0,random,0,5050,0.7654320987654321
reg3,60,6,reg3_m60_s1,81.0,random,0,5100,0.7654320987654321
reg3,60,6,reg3_m60_s1,81.0,random,0,5150,0.7654320987654321
reg3,60,6,reg3_m60_s1,81.0,random,0,5200,0.7654320987654321
reg3,60,6,reg3_m60_s1,81.0,random,0,5250,0.7654320987654321
reg3,60,6,reg3_m60_s1,81.0,random,0,5300,0.7654320987654321
reg3,60,6,reg3_m60_s1,81.0,random,0,5350,0.7654320987654321
reg3,60,6,reg3_m60_s1,81.0,random,0,5400,0.7654320987654321
reg3,60,6,reg3_m60_s1,81.0,random,0,5450,0.7654320987654321
reg3,60,6,reg3_m60_s1,81.0,random,0,5500,0.7654320987654321
reg3,60,6,reg3_m60_s1,81.0,random,0,5550,0.7654320987654321
reg3,60,6,reg3_m60_s1,81.0,random,0,5600,0.7654320987654321
reg3,60,6,reg3_m60_s1,81.0,random,0,5650,0.7654320987654321
reg3,60,6,reg3_m60_s1,81.0,random,0,5700,0.7654320987654321
reg3,60,6,reg3_m60_s1,81.0,random,0,5750,0.7654320987654321
reg3,60,6,reg3_m60_s1,81.0,random,0,5800,0.7654320987654321
reg3,60,6,reg3_m60_s1,81.0,random,0,5850,0.7654320987654321
reg3,60,6,reg3_m60_s1,81.0,random,0,5900,0.7654320987654321
reg3,60,6,reg3_m60_s1,81.0,random,0,5950,0.7654320987654321
reg3,60,6,reg3_m60_s1,81.0,random,0,6000,0.7654320987654321
reg3,60,6,reg3_m60_s1,81.0,random,0,6050,0.7654320987654321
reg3,60,6,reg3_m60_s1,81.0,random,0,6100,0.7654320987654321
reg3,60,6,reg3_m60_s1,81.0,random,0,6150,0.7654320987654321
reg3,60,6,reg3_m60_s1,81.0,random,0,6200,0.7654320987654321
reg3,60,6,reg3_m60_s1,81.0,random,0,6250,0.7654320987654321
reg3,60,6,reg3_m60_s1,81.0,random,0,6300,0.7654320987654321
reg3,60,6,reg3_m60_s1,81.0,random,0,6350,0.7654320987654321
reg3,60,6,reg3_m60_s1,81.0,random,0,6400,0.7654320987654321
reg3,60,6,reg3_m60_s1,81.0,random,0,6450,0.7654320987654321
reg3,60,6,reg3_m60_s1,81.0,random,0,6500,0.7654320987654321
reg3,60,6,reg3_m60_s1,81.0,random,0,6550,0.7654320987654321
reg3,60,6,reg3_m60_s1,81.0,random,0,6600,0.7654320987654321
reg3,60,6,reg3_m60_s1,81.0,random,0,6650,0.7654320987654321
reg3,60,6,reg3_m60_s1,81.0,random,0,6700,0.7654320987654321
reg3,60,6,reg3_m60_s1,81.0,random,0,6750,0.7654320987654321
reg3,60,6,reg3_m60_s1,81.0,random,0,6800,0.7654320987654321
reg3,60,6,reg3_m60_s1,81.0,random,0,6850,0.7654320987654321
reg3,60,6,reg3_m60_s1,81.0,random,0,6900,0.7654320987654321
reg3,60,6,reg3_m60_s1,81.0,random,0,6950,0.7654320987654321
reg3,60,6,reg3_m60_s1,81.0,random,0,7000,0.7654320987654321
reg3,60,6,reg3_m60_s1,81.0,random,0,7050,0.7654320987654321
reg3,60,6,reg3_m60_s1,81.0,random,0,7100,0.7654320987654321
reg3,60,6,reg3_m60_s1,81.0,random,0,7150,0.7654320987654321
reg3,60,6,reg3_m60_s1,81.0,random,0,7200,0.7654320987654321
reg3,60,6,reg3_m60_s1,81.0,random,0,7250,0.7654320987654321
reg3,60,6,reg3_m60_s1,81.0,random,0,7300,0.7654320987654321
reg3,60,6,reg3_m60_s1,81.0,random,0,7350,0.7654320987654321
reg3,60,6,reg3_m60_s1,81.0,random,0,7400,0.7654320987654321
reg3,60,6,reg3_m60_s1,81.0,random,0,7450,0.7654320987654321
reg3,60,6,reg3_m60_s1,81.0,random,0,7500,0.7654320987654321
reg3,60,6,reg3_m60_s1,81.0,random,0,7550,0.7654320987654321
reg3,60,6,reg3_m60_s1,81.0,random,0,7600,0.7654320987654321
reg3,60,6,reg3_m60_s1,81.0,random,0,7650,0.7654320987654321
reg3,60,6,reg3_m60_s1,81.0,random,0,7700,0.7654320987654321
reg3,60,6,reg3_m60_s1,81.0,random,0,7750,0.7654320987654321
reg3,60,6,reg3_m60_s1,81.0,random,0,7800,0.7654320987654321
reg3,60,6,reg3_m60_s1,81.0,random,0,7850,0.7654320987654321
reg3,60,6,reg3_m60_s1,81.0,random,0,7900,0.7654320987654321
reg3,60,6,reg3_m60_s1,81.0,random,0,7950,0.7654320987654321
reg3,60,6,reg3_m60_s1,81.0,random,0,8000,0.7654320987654321
reg3,60,6,reg3_m60_s1,81.0,random,0,8050,0.7654320987654321
reg3,60,6,reg3_m60_s1,81.0,random,0,8100,0.7654320987654321
reg3,60,6,reg3_m60_s1,81.0,random,0,8150,0.7654320987654321
reg3,60,6,reg3_m60_s1,81.0,random,0,8200,0.7654320987654321
reg3,60,6,reg3_m60_s1,81.0,random,0,8250,0.7654320987654321
reg3,60,6,reg3_m60_s1,81.0,random,0,8300,0.7654320987654321
reg3,60,6,reg3_m60_s1,81.0,random,0,8350,0.7654320987654321
reg3,60,6,reg3_m60_s1,81.0,random,0,8400,0.7654320987654321
reg3,60,6,reg3_m60_s1,81.0,random,0,8450,0.7654320987654321
reg3,60,6,reg3_m60_s1,81.0,random,0,8500,0.7654320987654321
reg3,60,6,reg3_m60_s1,81.0,random,0,8550,0.7654320987654321
reg3,60,6,reg3_m60_s1,81.0,random,0,8600,0.7654320987654321
reg3,60,6,reg3_m60_s1,81.0,random,0,8650,0.7654320987654321
reg3,60,6,reg3_m60_s1,81.0,random,0,8700,0.7654320987654321
reg3,60,6,reg3_m60_s1,81.0,random,0,8750,0.7654320987654321
reg3,60,6,reg3_m60_s1,81.0,random,0,8800,0.7654320987654321
reg3,60,6,reg3_m60_s1,81.0,random,0,8850,0.7654320987654321
reg3,60,6,reg3_m60_s1,81.0,random,0,8900,0.7654320987654321
reg3,60,6,reg3_m60_s1,81.0,random,0,8950,0.7654320987654321
reg3,60,6,reg3_m60_s1,81.0,random,0,9000,0.7654320987654321
reg3,60,6,reg3_m60_s1,81.0,random,0,9050,0.7654320987654321
reg3,60,6,reg3_m60_s1,81.0,random,0,9100,0.7654320987654321
reg3,60,6,reg3_m60_s1,81.0,random,0,9150,0.7654320987654321
reg3,60,6,reg3_m60_s1,81.0,random,0,9200,0.7654320987654321
reg3,60,6,reg3_m60_s1,81.0,random,0,9250,0.7654320987654321
reg3,60,6,reg3_m60_s1,81.0,random,0,9300,0.7654320987654321
reg3,60,6,reg3_m60_s1,81.0,random,0,9350,0.7654320987654321
reg3,60,6,reg3_m60_s1,81.0,random,0,9400,0.7654320987654321
reg3,60,6,reg3_m60_s1,81.0,random,0,9450,0.7654320987654321
reg3,60,6,reg3_m60_s1,81.0,random,0,9500,0.7654320987654321
reg3,60,6,reg3_m60_s1,81.0,random,0,9550,0.7654320987654321
reg3,60,6,reg3_m60_s1,81.0,random,0,9600,0.7654320987654321
reg3,60,6,reg3_m60_s1,81.0,random,0,9650,0.7654320987654321
reg3,60,6,reg3_m60_s1,81.0,random,0,9700,0.7654320987654321
reg3,60,6,reg3_m60_s1,81.0,random,0,9750,0.7654320987654321
reg3,60,6,reg3_m60_s1,81.0,random,0,9800,0.7654320987654321
reg3,60,6,reg3_m60_s1,81.0,random,0,9850,0.7654320987654321
reg3,60,6,reg3_m60_s1,81.0,random,0,9900,0.7654320987654321
reg3,60,6,reg3_m60_s1,81.0,random,0,9950,0.7654320987654321
reg3,60,6,reg3_m60_s1,81.0,random,0,10000,0.7654320987654321
reg3,60,6,reg3_m60_s1,81.0,random,0,10050,0.7654320987654321
reg3,60,6,reg3_m60_s1,81.0,random,0,10100,0.7654320987654321
reg3,60,6,reg3_m60_s1,81.0,random,0,10150,0.7654320987654321
reg3,60,6,reg3_m60_s1,81.0,random,0,10200,0.7654320987654321
reg3,60,6,reg3_m60_s1,81.0,random,0,10250,0.7654320987654321
reg3,60,6,reg3_m60_s1,81.0,random,0,10300,0.7654320987654321
reg3,60,6,reg3_m60_s1,81.0,random,0,10350,0.7654320987654321
reg3,60,6,reg3_m60_s1,81.0,random,0,10400,0.7654320987654321
reg3,60,6,reg3_m60_s1,81.0,random,0,10450,0.7654320987654321
reg3,60,6,reg3_m60_s1,81.0,random,0,10500,0.7654320987654321
reg3,60,6,reg3_m60_s1,81.0,random,0,10550,0.7654320987654321
reg3,60,6,reg3_m60_s1,81.0,random,0,10600,0.7654320987654321
reg3,60,6,reg3_m60_s1,81.0,random,0,10650,0.7654320987654321
reg3,60,6,reg3_m60_s1,81.0,random,0,10700,0.7654320987654321
reg3,60,6,reg3_m60_s1,81.0,random,0,10750,0.7654320987654321
reg3,60,6,reg3_m60_s1,81.0,random,0,10800,0.7654320987654321
reg3,60,6,reg3_m60_s1,81.0,random,0,10850,0.7654320987654321
reg3,60,6,reg3_m60_s1,81.0,random,0,10900,0.7654320987654321
reg3,60,6,reg3_m60_s1,81.0,random,0,10950,0.7654320987654321
reg3,60,6,reg3_m60_s1,81.0,random,0,11000,0.7654320987654321
reg3,60,6,reg3_m60_s1,81.0,random,0,11050,0.7654320987654321
reg3,60,6,reg3_m60_s1,81.0,random,0,11100,0.7654320987654321
reg3,60,6,reg3_m60_s1,81.0,random,0,11150,0.7654320987654321
reg3,60,6,reg3_m60_s1,81.0,random,0,11200,0.7654320987654321
reg3,60,6,reg3_m60_s1,81.0,random,0,11250,0.7654320987654321
reg3,60,6,reg3_m60_s1,81.0,random,0,11300,0.7654320987654321
reg3,60,6,reg3_m60_s1,81.0,random,0,11350,0.7654320987654321
reg3,60,6,reg3_m60_s1,81.0,random,0,11400,0.7654320987654321
reg3,60,6,reg3_m60_s1,81.0,random,0,11450,0.7654320987654321
reg3,60,6,reg3_m60_s1,81.0,random,0,11500,0.7654320987654321
reg3,60,6,reg3_m60_s1,81.0,random,0,11550,0.7654320987654321
reg3,60,6,reg3_m60_s1,81.0,random,0,11600,0.7654320987654321
reg3,60,6,reg3_m60_s1,81.0,random,0,11650,0.7654320987654321
reg3,60,6,reg3_m60_s1,81.0,random,0,11700,0.7654320987654321
reg3,60,6,reg3_m60_s1,81.0,random,0,11750,0.7654320987654321
reg3,60,6,reg3_m60_s1,81.0,random,0,11800,0.7654320987654321
reg3,60,6,reg3_m60_s1,81.0,random,0,11850,0.7654320987654321
reg3,60,6,reg3_m60_s1,81.0,random,0,11900,0.7654320987654321
reg3,60,6,reg3_m60_s1,81.0,random,0,11950,0.7654320987654321
reg3,60,6,reg3_m60_s1,81.0,random,0,12000,0.7654320987654321
reg3,60,6,reg3_m60_s1,81.0,random,0,12050,0.7654320987654321
reg3,60,6,reg3_m60_s1,81.0,random,0,12100,0.7654320987654321
reg3,60,6,reg3_m60_s1,81.0,random,0,12150,0.7654320987654321
reg3,60,6,reg3_m60_s1,81.0,random,0,12200,0.7654320987654321
reg3,60,6,reg3_m60_s1,81.0,random,0,12250,0.7654320987654321
reg3,60,6,reg3_m60_s1,81.0,random,0,12300,0.7654320987654321
reg3,60,6,reg3_m60_s1,81.0,random,0,12350,0.7654320987654321
reg3,60,6,reg3_m60_s1,81.0,random,0,12400,0.7654320987654321
reg3,60,6,reg3_m60_s1,81.0,random,0,12450,0.7654320987654321
reg3,60,6,reg3_m60_s1,81.0,random,0,12500,0.7654320987654321
reg3,60,6,reg3_m60_s1,81.0,random,0,12550,0.7654320987654321
reg3,60,6,reg3_m60_s1,81.0,random,0,12600,0.7654320987654321
reg3,60,6,reg3_m60_s1,81.0,random,0,12650,0.7654320987654321
reg3,60,6,reg3_m60_s1,81.0,random,0,12700,0.7654320987654321
reg3,60,6,reg3_m60_s1,81.0,random,0,12750,0.7654320987654321
reg3,60,6,reg3_m60_s1,81.0,random,0,12800,0.7654320987654321
reg3,60,6,reg3_m60_s1,81.0,random,0,12850,0.7654320987654321
reg3,60,6,reg3_m60_s1,81.0,random,0,12900,0.7654320987654321
reg3,60,6,reg3_m60_s1,81.0,random,0,12950,0.7654320987654321
reg3,60,6,reg3_m60_s1,81.0,random,0,13000,0.7654320987654321
reg3,60,6,reg3_m60_s1,81.0,random,0,13050,0.7654320987654321
reg3,60,6,reg3_m60_s1,81.0,random,0,13100,0.7654320987654321
reg3,60,6,reg3_m60_s1,81.0,random,0,13150,0.7654320987654321
reg3,60,6,reg3_m60_s1,81.0,random,0,13200,0.7654320987654321
reg3,60,6,reg3_m60_s1,81.0,random,0,13250,0.7654320987654321
reg3,60,6,reg3_m60_s1,81.0,random,0,13300,0.7654320987654321
reg3,60,6,reg3_m60_s1,81.0,random,0,13350,0.7654320987654321
reg3,60,6,reg3_m60_s1,81.0,random,0,13400,0.7654320987654321
reg3,60,6,reg3_m60_s1,81.0,random,0,13450,0.7654320987654321
reg3,60,6,reg3_m60_s1,81.0,random,0,13500,0.7654320987654321
reg3,60,6,reg3_m60_s1,81.0,random,0,13550,0.7654320987654321
reg3,60,6,reg3_m60_s1,81.0,random,0,13600,0.7654320987654321
reg3,60,6,reg3_m60_s1,81.0,random,0,13650,0.7654320987654321
reg3,60,6,reg3_m60_s1,81.0,random,0,13700,0.7654320987654321
reg3,60,6,reg3_m60_s1,81.0,random,0,13750,0.7654320987654321
reg3,60,6,reg3_m60_s1,81.0,random,0,13800,0.7654320987654321
reg3,60,6,reg3_m60_s1,81.0,random,0,13850,0.7654320987654321
reg3,60,6,reg3_m60_s1,81.0,random,0,13900,0.7654320987654321
reg3,60,6,reg3_m60_s1,81.0,random,0,13950,0.7654320987654321
reg3,60,6,reg3_m60_s1,81.0,random,0,14000,0.7654320987654321
reg3,60,6,reg3_m60_s1,81.0,random,0,14050,0.7654320987654321
reg3,60,6,reg3_m60_s1,81.0,random,0,14100,0.7654320987654321
reg3,60,6,reg3_m60_s1,81.0,random,0,14150,0.7654320987654321
reg3,60,6,reg3_m60_s1,81.0,random,0,14200,0.7654320987654321
reg3,60,6,reg3_m60_s1,81.0,random,0,14250,0.7654320987654321
reg3,60,6,reg3_m60_s1,81.0,random,0,14300,0.7654320987654321
reg3,60,6,reg3_m60_s1,81.0,random,0,14350,0.7654320987654321
reg3,60,6,reg3_m60_s1,81.0,random,0,14400,0.7654320987654321
reg3,60,6,reg3_m60_s1,81.0,random,0,14450,0.7654320987654321
reg3,60,6,reg3_m60_s1,81.0,random,0,14500,0.7654320987654321
reg3,60,6,reg3_m60_s1,81.0,random,0,14550,0.7654320987654321
reg3,60,6,reg3_m60_s1,81.0,random,0,14600,0.7654320987654321
reg3,60,6,reg3_m60_s1,81.0,random,0,14650,0.7654320987654321
reg3,60,6,reg3_m60_s1,81.0,random,0,14700,0.7654320987654321
reg3,60,6,reg3_m60_s1,81.0,random,0,14750,0.7654320987654321
reg3,60,6,reg3_m60_s1,81.0,random,0,14800,0.7654320987654321
reg3,60,6,reg3_m60_s1,81.0,random,0,14850,0.7654320987654321
reg3,60,6,reg3_m60_s1,81.0,random,0,14900,0.7654320987654321
reg3,60,6,reg3_m60_s1,81.0,random,0,14950,0.7654320987654321
reg3,60,6,reg3_m60_s1,81.0,random,0,15000,0.7654320987654321
reg3,60,6,reg3_m60_s1,81.0,random,0,15050,0.7654320987654321
reg3,60,6,reg3_m60_s1,81.0,random,0,15100,0.7654320987654321
reg3,60,6,reg3_m60_s1,81.0,random,0,15150,0.7654320987654321
reg3,60,6,reg3_m60_s1,81.0,random,0,15200,0.7654320987654321
reg3,60,6,reg3_m60_s1,81.0,random,0,15250,0.7654320987654321
reg3,60,6,reg3_m60_s1,81.0,random,0,15300,0.7654320987654321
reg3,60,6,reg3_m60_s1,81.0,random,0,15350,0.7654320987654321
reg3,60,6,reg3_m60_s1,81.0,random,0,15400,0.7654320987654321
reg3,60,6,reg3_m60_s1,81.0,random,0,15450,0.7654320987654321
reg3,60,6,reg3_m60_s1,81.0,random,0,15500,0.7654320987654321
reg3,60,6,reg3_m60_s1,81.0,random,0,15550,0.7654320987654321
reg3,60,6,reg3_m60_s1,81.0,random,0,15600,0.7654320987654321
reg3,60,6,reg3_m60_s1,81.0,random,0,15650,0.7654320987654321
reg3,60,6,reg3_m60_s1,81.0,random,0,15700,0.7654320987654321
reg3,60,6,reg3_m60_s1,81.0,random,0,15750,0.7654320987654321
reg3,60,6,reg3_m60_s1,81.0,random,0,15800,0.7654320987654321
reg3,60,6,reg3_m60_s1,81.0,random,0,15850,0.7654320987654321
reg3,60,6,reg3_m60_s1,81.0,random,0,15900,0.7654320987654321
reg3,60,6,reg3_m60_s1,81.0,random,0,15950,0.7654320987654321
reg3,60,6,reg3_m60_s1,81.0,random,0,16000,0.7654320987654321
reg3,60,6,reg3_m60_s1,81.0,random,0,16050,0.7654320987654321
reg3,60,6,reg3_m60_s1,81.0,random,0,16100,0.7654320987654321
reg3,60,6,reg3_m60_s1,81.0,random,0,16150,0.7654320987654321
reg3,60,6,reg3_m60_s1,81.0,random,0,16200,0.7654320987654321
reg3,60,6,reg3_m60_s1,81.0,random,0,16250,0.7654320987654321
reg3,60,6,reg3_m60_s1,81.0,random,0,16300,0.7654320987654321
reg3,60,6,reg3_m60_s1,81.0,random,0,16350,0.7654320987654321
reg3,60,6,reg3_m60_s1,81.0,random,0,16400,0.7654320987654321
reg3,60,6,reg3_m60_s1,81.0,random,0,16450,0.7654320987654321
reg3,60,6,reg3_m60_s1,81.0,random,0,16500,0.7654320987654321
reg3,60,6,reg3_m60_s1,81.0,random,0,16550,0.7654320987654321
reg3,60,6,reg3_m60_s1,81.0,random,0,16600,0.7654320987654321
reg3,60,6,reg3_m60_s1,81.0,random,0,16650,0.7654320987654321
reg3,60,6,reg3_m60_s1,81.0,random,0,16700,0.7654320987654321
reg3,60,6,reg3_m60_s1,81.0,random,0,16750,0.7654320987654321
reg3,60,6,reg3_m60_s1,81.0,random,0,16800,0.7654320987654321
reg3,60,6,reg3_m60_s1,81.0,random,0,16850,0.7654320987654321
reg3,60,6,reg3_m60_s1,81.0,random,0,16900,0.7654320987654321
reg3,60,6,reg3_m60_s1,81.0,random,0,16950,0.7654320987654321
reg3,60,6,reg3_m60_s1,81.0,random,0,17000,0.7654320987654321
reg3,60,6,reg3_m60_s1,81.0,random,0,17050,0.7654320987654321
reg3,60,6,reg3_m60_s1,81.0,random,0,17100,0.7654320987654321
reg3,60,6,reg3_m60_s1,81.0,random,0,17150,0.7654320987654321
reg3,60,6,reg3_m60_s1,81.0,random,0,17200,0.7654320987654321
reg3,60,6,reg3_m60_s1,81.0,random,0,17250,0.7654320987654321
reg3,60,6,reg3_m60_s1,81.0,random,0,17300,0.7654320987654321
reg3,60,6,reg3_m60_s1,81.0,random,0,17350,0.7654320987654321
reg3,60,6,reg3_m60_s1,81.0,random,0,17400,0.7654320987654321
reg3,60,6,reg3_m60_s1,81.0,random,0,17450,0.7654320987654321
reg3,60,6,reg3_m60_s1,81.0,random,0,17500,0.7654320987654321
reg3,60,6,reg3_m60_s1,81.0,random,0,17550,0.7654320987654321
reg3,60,6,reg3_m60_s1,81.0,random,0,17600,0.7654320987654321
reg3,60,6,reg3_m60_s1,81.0,random,0,17650,0.7654320987654321
reg3,60,6,reg3_m60_s1,81.0,random,0,17700,0.7654320987654321
reg3,60,6,reg3_m60_s1,81.0,random,0,17750,0.7654320987654321
reg3,60,6,reg3_m60_s1,81.0,random,0,17800,0.7654320987654321
reg3,60,6,reg3_m60_s1,81.0,random,0,17850,0.7654320987654321
reg3,60,6,reg3_m60_s1,81.0,random,0,17900,0.7654320987654321
reg3,60,6,reg3_m60_s1,81.0,random,0,17950,0.7654320987654321
reg3,60,6,reg3_m60_s1,81.0,random,0,18000,0.7654320987654321
reg3,60,6,reg3_m60_s1,81.0,random,0,18050,0.7654320987654321
reg3,60,6,reg3_m60_s1,81.0,random,0,18100,0.7654320987654321
reg3,60,6,reg3_m60_s1,81.0,random,0,18150,0.7654320987654321
reg3,60,6,reg3_m60_s1,81.0,random,0,18200,0.7654320987654321
reg3,60,6,reg3_m60_s1,81.0,random,0,18250,0.7654320987654321
reg3,60,6,reg3_m60_s1,81.0,random,0,18300,0.7654320987654321
reg3,60,6,reg3_m60_s1,81.0,random,0,18350,0.7654320987654321
reg3,60,6,reg3_m60_s1,81.0,random,0,18400,0.7654320987654321
reg3,60,6,reg3_m60_s1,81.0,random,0,18450,0.7654320987654321
reg3,60,6,reg3_m60_s1,81.0,random,0,18500,0.7654320987654321
reg3,60,6,reg3_m60_s1,81.0,random,0,18550,0.7654320987654321
reg3,60,6,reg3_m60_s1,81.0,random,0,18600,0.7654320987654321
reg3,60,6,reg3_m60_s1,81.0,random,0,18650,0.7654320987654321
reg3,60,6,reg3_m60_s1,81.0,random,0,18700,0.7654320987654321
reg3,60,6,reg3_m60_s1,81.0,random,0,18750,0.7654320987654321
reg3,60,6,reg3_m60_s1,81.0,random,0,18800,0.7654320987654321
reg3,60,6,reg3_m60_s1,81.0,random,0,18850,0.7654320987654321
reg3,60,6,reg3_m60_s1,81.0,random,0,18900,0.7654320987654321
reg3,60,6,reg3_m60_s1,81.0,random,0,18950,0.7654320987654321
reg3,60,6,reg3_m60_s1,81.0,random,0,19000,0.7654320987654321
reg3,60,6,reg3_m60_s1,81.0,random,0,19050,0.7654320987654321
reg3,60,6,reg3_m60_s1,81.0,random,0,19100,0.7654320987654321
reg3,60,6,reg3_m60_s1,81.0,random,0,19150,0.7654320987654321
reg3,60,6,reg3_m60_s1,81.0,random,0,19200,0.7654320987654321
reg3,60,6,reg3_m60_s1,81.0,random,0,19250,0.7654320987654321
reg3,60,6,reg3_m60_s1,81.0,random,0,19300,0.7654320987654321
reg3,60,6,reg3_m60_s1,81.0,random,0,19350,0.7654320987654321
reg3,60,6,reg3_m60_s1,81.0,random,0,19400,0.7654320987654321
reg3,60,6,reg3_m60_s1,81.0,random,0,19450,0.7654320987654321
reg3,60,6,reg3_m60_s1,81.0,random,0,19500,0.7654320987654321
reg3,60,6,reg3_m60_s1,81.0,random,0,19550,0.7654320987654321
reg3,60,6,reg3_m60_s1,81.0,random,0,19600,0.7654320987654321
reg3,60,6,reg3_m60_s1,81.0,random,0,19650,0.7654320987654321
reg3,60,6,reg3_m60_s1,81.0,random,0,19700,0.7654320987654321
reg3,60,6,reg3_m60_s1,81.0,random,0,19750,0.7654320987654321
reg3,60,6,reg3_m60_s1,81.0,random,0,19800,0.7654320987654321
reg3,60,6,reg3_m60_s1,81.0,random,0,19850,0.7654320987654321
reg3,60,6,reg3_m60_s1,81.0,random,0,19900,0.7654320987654321
reg3,60,6,reg3_m60_s1,81.0,random,0,19950,0.7654320987654321
reg3,60,6,reg3_m60_s1,81.0,random,0,20000,0.7654320987654321
reg3,60,6,reg3_m60_s1,81.0,genpce_es,1,10,0.5432098765432098
reg3,60,6,reg3_m60_s1,81.0,genpce_es,1,60,0.7283950617283951
reg3,60,6,reg3_m60_s1,81.0,genpce_es,1,110,0.7283950617283951
reg3,60,6,reg3_m60_s1,81.0,genpce_es,1,160,0.7283950617283951
reg3,60,6,reg3_m60_s1,81.0,genpce_es,1,210,0.7160493827160493
reg3,60,6,reg3_m60_s1,81.0,genpce_es,1,260,0.7530864197530864
reg3,60,6,reg3_m60_s1,81.0,genpce_es,1,310,0.8024691358024691
reg3,60,6,reg3_m60_s1,81.0,genpce_es,1,360,0.8024691358024691
reg3,60,6,reg3_m60_s1,81.0,genpce_es,1,410,0.8024691358024691
reg3,60,6,reg3_m60_s1,81.0,genpce_es,1,460,0.8024691358024691
reg3,60,6,reg3_m60_s1,81.0,genpce_es,1,510,0.8148148148148148
reg3,60,6,reg3_m60_s1,81.0,genpce_es,1,560,0.8148148148148148
reg3,60,6,reg3_m60_s1,81.0,genpce_es,1,610,0.8148148148148148
reg3,60,6,reg3_m60_s1,81.0,genpce_es,1,660,0.8148148148148148
reg3,60,6,reg3_m60_s1,81.0,genpce_es,1,710,0.8148148148148148
reg3,60,6,reg3_m60_s1,81.0,genpce_es,1,760,0.8148148148148148
reg3,60,6,reg3_m60_s1,81.0,genpce_es,1,810,0.8148148148148148
reg3,60,6,reg3_m60_s1,81.0,genpce_es,1,860,0.8148148148148148
reg3,60,6,reg3_m60_s1,81.0,genpce_es,1,910,0.8148148148148148
reg3,60,6,reg3_m60_s1,81.0,genpce_es,1,960,0.8271604938271605
reg3,60,6,reg3_m60_s1,81.0,genpce_es,1,1010,0.8271604938271605
reg3,60,6,reg3_m60_s1,81.0,genpce_es,1,1060,0.8271604938271605
reg3,60,6,reg3_m60_s1,81.0,genpce_es,1,1110,0.8271604938271605
reg3,60,6,reg3_m60_s1,81.0,genpce_es,1,1160,0.8271604938271605
reg3,60,6,reg3_m60_s1,81.0,genpce_es,1,1210,0.8271604938271605
reg3,60,6,reg3_m60_s1,81.0,genpce_es,1,1260,0.8271604938271605
reg3,60,6,reg3_m60_s1,81.0,genpce_es,1,1310,0.8395061728395061
reg3,60,6,reg3_m60_s1,81.0,genpce_es,1,1360,0.8395061728395061
reg3,60,6,reg3_m60_s1,81.0,genpce_es,1,1410,0.8395061728395061
reg3,60,6,reg3_m60_s1,81.0,genpce_es,1,1460,0.8395061728395061
reg3,60,6,reg3_m60_s1,81.0,genpce_es,1,1510,0.8395061728395061
reg3,60,6,reg3_m60_s1,81.0,genpce_es,1,1560,0.8395061728395061
reg3,60,6,reg3_m60_s1,81.0,genpce_es,1,1610,0.8395061728395061
reg3,60,6,reg3_m60_s1,81.0,genpce_es,1,1660,0.8395061728395061
reg3,60,6,reg3_m60_s1,81.0,genpce_es,1,1710,0.8395061728395061
reg3,60,6,reg3_m60_s1,81.0,genpce_es,1,1760,0.8395061728395061
reg3,60,6,reg3_m60_s1,81.0,genpce_es,1,1810,0.8395061728395061
reg3,60,6,reg3_m60_s1,81.0,genpce_es,1,1860,0.8395061728395061
reg3,60,6,reg3_m60_s1,81.0,genpce_es,1,1910,0.8395061728395061
reg3,60,6,reg3_m60_s1,81.0,genpce_es,1,1960,0.8395061728395061
reg3,60,6,reg3_m60_s1,81.0,genpce_es,1,2010,0.8395061728395061
reg3,60,6,reg3_m60_s1,81.0,genpce_es,1,2060,0.8395061728395061
reg3,60,6,reg3_m60_s1,81.0,genpce_es,1,2110,0.8395061728395061
reg3,60,6,reg3_m60_s1,81.0,genpce_es,1,2160,0.8395061728395061
reg3,60,6,reg3_m60_s1,81.0,genpce_es,1,2210,0.8395061728395061
reg3,60,6,reg3_m60_s1,81.0,genpce_es,1,2260,0.8395061728395061
reg3,60,6,reg3_m60_s1,81.0,genpce_es,1,2310,0.8395061728395061
reg3,60,6,reg3_m60_s1,81.0,genpce_es,1,2360,0.8395061728395061
reg3,60,6,reg3_m60_s1,81.0,genpce_es,1,2410,0.8395061728395061
reg3,60,6,reg3_m60_s1,81.0,genpce_es,1,2460,0.8395061728395061
reg3,60,6,reg3_m60_s1,81.0,genpce_es,1,2510,0.8395061728395061
reg3,60,6,reg3_m60_s1,81.0,genpce_es,1,2560,0.8641975308641975
reg3,60,6,reg3_m60_s1,81.0,genpce_es,1,2610,0.8641975308641975
reg3,60,6,reg3_m60_s1,81.0,genpce_es,1,2660,0.8641975308641975
reg3,60,6,reg3_m60_s1,81.0,genpce_es,1,2710,0.8641975308641975
reg3,60,6,reg3_m60_s1,81.0,genpce_es,1,2760,0.8641975308641975
reg3,60,6,reg3_m60_s1,81.0,genpce_es,1,2810,0.8641975308641975
reg3,60,6,reg3_m60_s1,81.0,genpce_es,1,2860,0.8641975308641975
reg3,60,6,reg3_m60_s1,81.0,genpce_es,1,2910,0.8641975308641975
reg3,60,6,reg3_m60_s1,81.0,genpce_es,1,2960,0.8641975308641975
reg3,60,6,reg3_m60_s1,81.0,genpce_es,1,3010,0.8641975308641975
reg3,60,6,reg3_m60_s1,81.0,genpce_es,1,3060,0.8641975308641975
reg3,60,6,reg3_m60_s1,81.0,genpce_es,1,3110,0.8641975308641975
reg3,60,6,reg3_m60_s1,81.0,genpce_es,1,3160,0.8641975308641975
reg3,60,6,reg3_m60_s1,81.0,genpce_es,1,3210,0.8641975308641975
reg3,60,6,reg3_m60_s1,81.0,genpce_es,1,3260,0.8641975308641975
reg3,60,6,reg3_m60_s1,81.0,genpce_es,1,3310,0.8641975308641975
reg3,60,6,reg3_m60_s1,81.0,genpce_es,1,3360,0.8641975308641975
reg3,60,6,reg3_m60_s1,81.0,genpce_es,1,3410,0.8641975308641975
reg3,60,6,reg3_m60_s1,81.0,genpce_es,1,3460,0.8641975308641975
reg3,60,6,reg3_m60_s1,81.0,genpce_es,1,3510,0.8641975308641975
reg3,60,6,reg3_m60_s1,81.0,genpce_es,1,3560,0.8641975308641975
reg3,60,6,reg3_m60_s1,81.0,genpce_es,1,3610,0.8641975308641975
reg3,60,6,reg3_m60_s1,81.0,genpce_es,1,3660,0.8641975308641975
reg3,60,6,reg3_m60_s1,81.0,genpce_es,1,3710,0.8641975308641975
reg3,60,6,reg3_m60_s1,81.0,genpce_es,1,3760,0.8641975308641975
reg3,60,6,reg3_m60_s1,81.0,genpce_es,1,3810,0.8641975308641975
reg3,60,6,reg3_m60_s1,81.0,genpce_es,1,3860,0.8641975308641975
reg3,60,6,reg3_m60_s1,81.0,genpce_es,1,3910,0.8641975308641975
reg3,60,6,reg3_m60_s1,81.0,genpce_es,1,3960,0.8641975308641975
reg3,60,6,reg3_m60_s1,81.0,genpce_es,1,4010,0.8641975308641975
reg3,60,6,reg3_m60_s1,81.0,genpce_es,1,4060,0.8641975308641975
reg3,60,6,reg3_m60_s1,81.0,genpce_es,1,4110,0.8641975308641975
reg3,60,6,reg3_m60_s1,81.0,genpce_es,1,4160,0.8641975308641975
reg3,60,6,reg3_m60_s1,81.0,genpce_es,1,4210,0.8641975308641975
reg3,60,6,reg3_m60_s1,81.0,genpce_es,1,4260,0.8641975308641975
reg3,60,6,reg3_m60_s1,81.0,genpce_es,1,4310,0.8641975308641975
reg3,60,6,reg3_m60_s1,81.0,genpce_es,1,4360,0.8641975308641975
reg3,60,6,reg3_m60_s1,81.0,genpce_es,1,4410,0.8641975308641975
reg3,60,6,reg3_m60_s1,81.0,genpce_es,1,4460,0.8641975308641975
reg3,60,6,reg3_m60_s1,81.0,genpce_es,1,4510,0.8641975308641975
reg3,60,6,reg3_m60_s1,81.0,genpce_es,1,4560,0.8641975308641975
reg3,60,6,reg3_m60_s1,81.0,genpce_es,1,4610,0.8641975308641975
reg3,60,6,reg3_m60_s1,81.0,genpce_es,1,4660,0.8641975308641975
reg3,60,6,reg3_m60_s1,81.0,genpce_es,1,4710,0.8641975308641975
reg3,60,6,reg3_m60_s1,81.0,genpce_es,1,4760,0.8641975308641975
reg3,60,6,reg3_m60_s1,81.0,genpce_es,1,4810,0.8641975308641975
reg3,60,6,reg3_m60_s1,81.0,genpce_es,1,4860,0.8641975308641975
reg3,60,6,reg3_m60_s1,81.0,genpce_es,1,4910,0.8641975308641975
reg3,60,6,reg3_m60_s1,81.0,genpce_es,1,4960,0.8641975308641975
reg3,60,6,reg3_m60_s1,81.0,genpce_es,1,5010,0.8641975308641975
reg3,60,6,reg3_m60_s1,81.0,genpce_es,1,5060,0.8641975308641975
reg3,60,6,reg3_m60_s1,81.0,genpce_es,1,5110,0.8641975308641975
reg3,60,6,reg3_m60_s1,81.0,genpce_es,1,5160,0.8641975308641975
reg3,60,6,reg3_m60_s1,81.0,genpce_es,1,5210,0.8641975308641975
reg3,60,6,reg3_m60_s1,81.0,genpce_es,1,5260,0.8641975308641975
reg3,60,6,reg3_m60_s1,81.0,genpce_es,1,5310,0.8641975308641975
reg3,60,6,reg3_m60_s1,81.0,genpce_es,1,5360,0.8641975308641975
reg3,60,6,reg3_m60_s1,81.0,genpce_es,1,5410,0.8641975308641975
reg3,60,6,reg3_m60_s1,81.0,genpce_es,1,5460,0.8641975308641975
reg3,60,6,reg3_m60_s1,81.0,genpce_es,1,5510,0.8641975308641975
reg3,60,6,reg3_m60_s1,81.0,genpce_es,1,5560,0.8641975308641975
reg3,60,6,reg3_m60_s1,81.0,genpce_es,1,5610,0.8641975308641975
reg3,60,6,reg3_m60_s1,81.0,genpce_es,1,5660,0.8641975308641975
reg3,60,6,reg3_m60_s1,81.0,genpce_es,1,5710,0.8641975308641975
reg3,60,6,reg3_m60_s1,81.0,genpce_es,1,5760,0.8765432098765432
reg3,60,6,reg3_m60_s1,81.0,genpce_es,1,5810,0.8765432098765432
reg3,60,6,reg3_m60_s1,81.0,genpce_es,1,5860,0.8765432098765432
reg3,60,6,reg3_m60_s1,81.0,genpce_es,1,5910,0.8888888888888888
reg3,60,6,reg3_m60_s1,81.0,genpce_es,1,5960,0.8888888888888888
reg3,60,6,reg3_m60_s1,81.0,genpce_es,1,6010,0.8888888888888888
reg3,60,6,reg3_m60_s1,81.0,genpce_es,1,6060,0.8888888888888888
reg3,60,6,reg3_m60_s1,81.0,genpce_es,1,6110,0.8888888888888888
reg3,60,6,reg3_m60_s1,81.0,genpce_es,1,6160,0.8888888888888888
reg3,60,6,reg3_m60_s1,81.0,genpce_es,1,6210,0.8888888888888888
reg3,60,6,reg3_m60_s1,81.0,genpce_es,1,6260,0.8888888888888888
reg3,60,6,reg3_m60_s1,81.0,genpce_es,1,6310,0.8888888888888888
reg3,60,6,reg3_m60_s1,81.0,genpce_es,1,6360,0.8888888888888888
reg3,60,6,reg3_m60_s1,81.0,genpce_es,1,6410,0.8888888888888888
reg3,60,6,reg3_m60_s1,81.0,genpce_es,1,6460,0.8888888888888888
reg3,60,6,reg3_m60_s1,81.0,genpce_es,1,6510,0.8888888888888888
reg3,60,6,reg3_m60_s1,81.0,genpce_es,1,6560,0.8888888888888888
reg3,60,6,reg3_m60_s1,81.0,genpce_es,1,6610,0.8888888888888888
reg3,60,6,reg3_m60_s1,81.0,genpce_es,1,6660,0.8888888888888888
reg3,60,6,reg3_m60_s1,81.0,genpce_es,1,6710,0.8888888888888888
reg3,60,6,reg3_m60_s1,81.0,genpce_es,1,6760,0.8888888888888888
reg3,60,6,reg3_m60_s1,81.0,genpce_es,1,6810,0.8888888888888888
reg3,60,6,reg3_m60_s1,81.0,genpce_es,1,6860,0.8888888888888888
reg3,60,6,reg3_m60_s1,81.0,genpce_es,1,6910,0.8888888888888888
reg3,60,6,reg3_m60_s1,81.0,genpce_es,1,6960,0.8888888888888888
reg3,60,6,reg3_m60_s1,81.0,genpce_es,1,7010,0.8888888888888888
reg3,60,6,reg3_m60_s1,81.0,genpce_es,1,7060,0.8888888888888888
reg3,60,6,reg3_m60_s1,81.0,genpce_es,1,7110,0.8888888888888888
reg3,60,6,reg3_m60_s1,81.0,genpce_es,1,7160,0.8888888888888888
reg3,60,6,reg3_m60_s1,81.0,genpce_es,1,7210,0.8888888888888888
reg3,60,6,reg3_m60_s1,81.0,genpce_es,1,7260,0.8888888888888888
reg3,60,6,reg3_m60_s1,81.0,genpce_es,1,7310,0.8888888888888888
reg3,60,6,reg3_m60_s1,81.0,genpce_es,1,7360,0.8888888888888888
reg3,60,6,reg3_m60_s1,81.0,genpce_es,1,7410,0.8888888888888888
reg3,60,6,reg3_m60_s1,81.0,genpce_es,1,7460,0.8888888888888888
reg3,60,6,reg3_m60_s1,81.0,genpce_es,1,7510,0.8888888888888888
reg3,60,6,reg3_m60_s1,81.0,genpce_es,1,7560,0.8888888888888888
reg3,60,6,reg3_m60_s1,81.0,genpce_es,1,7610,0.8888888888888888
reg3,60,6,reg3_m60_s1,81.0,genpce_es,1,7660,0.8888888888888888
reg3,60,6,reg3_m60_s1,81.0,genpce_es,1,7710,0.8888888888888888
reg3,60,6,reg3_m60_s1,81.0,genpce_es,1,7760,0.8888888888888888
reg3,60,6,reg3_m60_s1,81.0,genpce_es,1,7810,0.8888888888888888
reg3,60,6,reg3_m60_s1,81.0,genpce_es,1,7860,0.8888888888888888
reg3,60,6,reg3_m60_s1,81.0,genpce_es,1,7910,0.8888888888888888
reg3,60,6,reg3_m60_s1,81.0,genpce_es,1,7960,0.8888888888888888
reg3,60,6,reg3_m60_s1,81.0,genpce_es,1,8010,0.8888888888888888
reg3,60,6,reg3_m60_s1,81.0,genpce_es,1,8060,0.8888888888888888
reg3,60,6,reg3_m60_s1,81.0,genpce_es,1,8110,0.8888888888888888
reg3,60,6,reg3_m60_s1,81.0,genpce_es,1,8160,0.8888888888888888
reg3,60,6,reg3_m60_s1,81.0,genpce_es,1,8210,0.8888888888888888
reg3,60,6,reg3_m60_s1,81.0,genpce_es,1,8260,0.8888888888888888
reg3,60,6,reg3_m60_s1,81.0,genpce_es,1,8310,0.8888888888888888
reg3,60,6,reg3_m60_s1,81.0,genpce_es,1,8360,0.8888888888888888
reg3,60,6,reg3_m60_s1,81.0,genpce_es,1,8410,0.8888888888888888
reg3,60,6,reg3_m60_s1,81.0,genpce_es,1,8460,0.8888888888888888
reg3,60,6,reg3_m60_s1,81.0,genpce_es,1,8510,0.8888888888888888
reg3,60,6,reg3_m60_s1,81.0,genpce_es,1,8560,0.8888888888888888
reg3,60,6,reg3_m60_s1,81.0,genpce_es,1,8610,0.8888888888888888
reg3,60,6,reg3_m60_s1,81.0,genpce_es,1,8660,0.8888888888888888
reg3,60,6,reg3_m60_s1,81.0,genpce_es,1,8710,0.8888888888888888
reg3,60,6,reg3_m60_s1,81.0,genpce_es,1,8760,0.8888888888888888
reg3,60,6,reg3_m60_s1,81.0,genpce_es,1,8810,0.8888888888888888
reg3,60,6,reg3_m60_s1,81.0,genpce_es,1,8860,0.8888888888888888
reg3,60,6,reg3_m60_s1,81.0,genpce_es,1,8910,0.8888888888888888
reg3,60,6,reg3_m60_s1,81.0,genpce_es,1,8960,0.8888888888888888
reg3,60,6,reg3_m60_s1,81.0,genpce_es,1,9010,0.8888888888888888
reg3,60,6,reg3_m60_s1,81.0,genpce_es,1,9060,0.8888888888888888
reg3,60,6,reg3_m60_s1,81.0,genpce_es,1,9110,0.8888888888888888
reg3,60,6,reg3_m60_s1,81.0,genpce_es,1,9160,0.8888888888888888
reg3,60,6,reg3_m60_s1,81.0,genpce_es,1,9210,0.8888888888888888
reg3,60,6,reg3_m60_s1,81.0,genpce_es,1,9260,0.8888888888888888
reg3,60,6,reg3_m60_s1,81.0,genpce_es,1,9310,0.8888888888888888
reg3,60,6,reg3_m60_s1,81.0,genpce_es,1,9360,0.8888888888888888
reg3,60,6,reg3_m60_s1,81.0,genpce_es,1,9410,0.8888888888888888
reg3,60,6,reg3_m60_s1,81.0,genpce_es,1,9460,0.8888888888888888
reg3,60,6,reg3_m60_s1,81.0,genpce_es,1,9510,0.8888888888888888
reg3,60,6,reg3_m60_s1,81.0,genpce_es,1,9560,0.8888888888888888
reg3,60,6,reg3_m60_s1,81.0,genpce_es,1,9610,0.8888888888888888
reg3,60,6,reg3_m60_s1,81.0,genpce_es,1,9660,0.8888888888888888
reg3,60,6,reg3_m60_s1,81.0,genpce_es,1,9710,0.8888888888888888
reg3,60,6,reg3_m60_s1,81.0,genpce_es,1,9760,0.8888888888888888
reg3,60,6,reg3_m60_s1,81.0,genpce_es,1,9810,0.8888888888888888
reg3,60,6,reg3_m60_s1,81.0,genpce_es,1,9860,0.8888888888888888
reg3,60,6,reg3_m60_s1,81.0,genpce_es,1,9910,0.8888888888888888
reg3,60,6,reg3_m60_s1,81.0,genpce_es,1,9960,0.8888888888888888
reg3,60,6,reg3_m60_s1,81.0,genpce_es,1,10010,0.8888888888888888
reg3,60,6,reg3_m60_s1,81.0,genpce_es,1,10060,0.8888888888888888
reg3,60,6,reg3_m60_s1,81.0,genpce_es,1,10110,0.8888888888888888
reg3,60,6,reg3_m60_s1,81.0,genpce_es,1,10160,0.8888888888888888
reg3,60,6,reg3_m60_s1,81.0,genpce_es,1,10210,0.8888888888888888
reg3,60,6,reg3_m60_s1,81.0,genpce_es,1,10260,0.8888888888888888
reg3,60,6,reg3_m60_s1,81.0,genpce_es,1,10310,0.8888888888888888
reg3,60,6,reg3_m60_s1,81.0,genpce_es,1,10360,0.8888888888888888
reg3,60,6,reg3_m60_s1,81.0,genpce_es,1,10410,0.8888888888888888
reg3,60,6,reg3_m60_s1,81.0,genpce_es,1,10460,0.8888888888888888
reg3,60,6,reg3_m60_s1,81.0,genpce_es,1,10510,0.8888888888888888
reg3,60,6,reg3_m60_s1,81.0,genpce_es,1,10560,0.8888888888888888
reg3,60,6,reg3_m60_s1,81.0,genpce_es,1,10610,0.8888888888888888
reg3,60,6,reg3_m60_s1,81.0,genpce_es,1,10660,0.8888888888888888
reg3,60,6,reg3_m60_s1,81.0,genpce_es,1,10710,0.8888888888888888
reg3,60,6,reg3_m60_s1,81.0,genpce_es,1,10760,0.8888888888888888
reg3,60,6,reg3_m60_s1,81.0,genpce_es,1,10810,0.8888888888888888
reg3,60,6,reg3_m60_s1,81.0,genpce_es,1,10860,0.8888888888888888
reg3,60,6,reg3_m60_s1,81.0,genpce_es,1,10910,0.8888888888888888
reg3,60,6,reg3_m60_s1,81.0,genpce_es,1,10960,0.8888888888888888
reg3,60,6,reg3_m60_s1,81.0,genpce_es,1,11010,0.8888888888888888
reg3,60,6,reg3_m60_s1,81.0,genpce_es,1,11060,0.8888888888888888
reg3,60,6,reg3_m60_s1,81.0,genpce_es,1,11110,0.8888888888888888
reg3,60,6,reg3_m60_s1,81.0,genpce_es,1,11160,0.8888888888888888
reg3,60,6,reg3_m60_s1,81.0,genpce_es,1,11210,0.8888888888888888
reg3,60,6,reg3_m60_s1,81.0,genpce_es,1,11260,0.8888888888888888
reg3,60,6,reg3_m60_s1,81.0,genpce_es,1,11310,0.8888888888888888
reg3,60,6,reg3_m60_s1,81.0,genpce_es,1,11360,0.8888888888888888
reg3,60,6,reg3_m60_s1,81.0,genpce_es,1,11410,0.8888888888888888
reg3,60,6,reg3_m60_s1,81.0,genpce_es,1,11460,0.8888888888888888
reg3,60,6,reg3_m60_s1,81.0,genpce_es,1,11510,0.8888888888888888
reg3,60,6,reg3_m60_s1,81.0,genpce_es,1,11560,0.8888888888888888
reg3,60,6,reg3_m60_s1,81.0,genpce_es,1,11610,0.8888888888888888
reg3,60,6,reg3_m60_s1,81.0,genpce_es,1,11660,0.8888888888888888
reg3,60,6,reg3_m60_s1,81.0,genpce_es,1,11710,0.8888888888888888
reg3,60,6,reg3_m60_s1,81.0,genpce_es,1,11760,0.8888888888888888
reg3,60,6,reg3_m60_s1,81.0,genpce_es,1,11810,0.8888888888888888
reg3,60,6,reg3_m60_s1,81.0,genpce_es,1,11860,0.8888888888888888
reg3,60,6,reg3_m60_s1,81.0,genpce_es,1,11910,0.8888888888888888
reg3,60,6,reg3_m60_s1,81.0,genpce_es,1,11960,0.8888888888888888
reg3,60,6,reg3_m60_s1,81.0,genpce_es,1,12010,0.8888888888888888
reg3,60,6,reg3_m60_s1,81.0,genpce_es,1,12060,0.8888888888888888
reg3,60,6,reg3_m60_s1,81.0,genpce_es,1,12110,0.8888888888888888
reg3,60,6,reg3_m60_s1,81.0,genpce_es,1,12160,0.8888888888888888
reg3,60,6,reg3_m60_s1,81.0,genpce_es,1,12210,0.8888888888888888
reg3,60,6,reg3_m60_s1,81.0,genpce_es,1,12260,0.8888888888888888
reg3,60,6,reg3_m60_s1,81.0,genpce_es,1,12310,0.8888888888888888
reg3,60,6,reg3_m60_s1,81.0,genpce_es,1,12360,0.8888888888888888
reg3,60,6,reg3_m60_s1,81.0,genpce_es,1,12410,0.8888888888888888
reg3,60,6,reg3_m60_s1,81.0,genpce_es,1,12460,0.8888888888888888
reg3,60,6,reg3_m60_s1,81.0,genpce_es,1,12510,0.8888888888888888
reg3,60,6,reg3_m60_s1,81.0,genpce_es,1,12560,0.8888888888888888
reg3,60,6,reg3_m60_s1,81.0,genpce_es,1,12610,0.8888888888888888
reg3,60,6,reg3_m60_s1,81.0,genpce_es,1,12660,0.8888888888888888
reg3,60,6,reg3_m60_s1,81.0,genpce_es,1,12710,0.8888888888888888
reg3,60,6,reg3_m60_s1,81.0,genpce_es,1,12760,0.8888888888888888
reg3,60,6,reg3_m60_s1,81.0,genpce_es,1,12810,0.8888888888888888
reg3,60,6,reg3_m60_s1,81.0,genpce_es,1,12860,0.8888888888888888
reg3,60,6,reg3_m60_s1,81.0,genpce_es,1,12910,0.8888888888888888
reg3,60,6,reg3_m60_s1,81.0,genpce_es,1,12960,0.8888888888888888
reg3,60,6,reg3_m60_s1,81.0,genpce_es,1,13010,0.8888888888888888
reg3,60,6,reg3_m60_s1,81.0,genpce_es,1,13060,0.8888888888888888
reg3,60,6,reg3_m60_s1,81.0,genpce_es,1,13110,0.8888888888888888
reg3,60,6,reg3_m60_s1,81.0,genpce_es,1,13160,0.8888888888888888
reg3,60,6,reg3_m60_s1,81.0,genpce_es,1,13210,0.8888888888888888
reg3,60,6,reg3_m60_s1,81.0,genpce_es,1,13260,0.8888888888888888
reg3,60,6,reg3_m60_s1,81.0,genpce_es,1,13310,0.8888888888888888
reg3,60,6,reg3_m60_s1,81.0,genpce_es,1,13360,0.8888888888888888
reg3,60,6,reg3_m60_s1,81.0,genpce_es,1,13410,0.8888888888888888
reg3,60,6,reg3_m60_s1,81.0,genpce_es,1,13460,0.8888888888888888
reg3,60,6,reg3_m60_s1,81.0,genpce_es,1,13510,0.8888888888888888
reg3,60,6,reg3_m60_s1,81.0,genpce_es,1,13560,0.8888888888888888
reg3,60,6,reg3_m60_s1,81.0,genpce_es,1,13610,0.8888888888888888
reg3,60,6,reg3_m60_s1,81.0,genpce_es,1,13660,0.8888888888888888
reg3,60,6,reg3_m60_s1,81.0,genpce_es,1,13710,0.8888888888888888
reg3,60,6,reg3_m60_s1,81.0,genpce_es,1,13760,0.8888888888888888
reg3,60,6,reg3_m60_s1,81.0,genpce_es,1,13810,0.8888888888888888
reg3,60,6,reg3_m60_s1,81.0,genpce_es,1,13860,0.8888888888888888
reg3,60,6,reg3_m60_s1,81.0,genpce_es,1,13910,0.8888888888888888
reg3,60,6,reg3_m60_s1,81.0,genpce_es,1,13960,0.8888888888888888
reg3,60,6,reg3_m60_s1,81.0,genpce_es,1,14010,0.8888888888888888
reg3,60,6,reg3_m60_s1,81.0,genpce_es,1,14060,0.8888888888888888
reg3,60,6,reg3_m60_s1,81.0,genpce_es,1,14110,0.8888888888888888
reg3,60,6,reg3_m60_s1,81.0,genpce_es,1,14160,0.8888888888888888
reg3,60,6,reg3_m60_s1,81.0,genpce_es,1,14210,0.8888888888888888
reg3,60,6,reg3_m60_s1,81.0,genpce_es,1,14260,0.8888888888888888
reg3,60,6,reg3_m60_s1,81.0,genpce_es,1,14310,0.8888888888888888
reg3,60,6,reg3_m60_s1,81.0,genpce_es,1,14360,0.8888888888888888
reg3,60,6,reg3_m60_s1,81.0,genpce_es,1,14410,0.8888888888888888
reg3,60,6,reg3_m60_s1,81.0,genpce_es,1,14460,0.8888888888888888
reg3,60,6,reg3_m60_s1,81.0,genpce_es,1,14510,0.8888888888888888
reg3,60,6,reg3_m60_s1,81.0,genpce_es,1,14560,0.8888888888888888
reg3,60,6,reg3_m60_s1,81.0,genpce_es,1,14610,0.8888888888888888
reg3,60,6,reg3_m60_s1,81.0,genpce_es,1,14660,0.8888888888888888
reg3,60,6,reg3_m60_s1,81.0,genpce_es,1,14710,0.8888888888888888
reg3,60,6,reg3_m60_s1,81.0,genpce_es,1,14760,0.8888888888888888
reg3,60,6,reg3_m60_s1,81.0,genpce_es,1,14810,0.8888888888888888
reg3,60,6,reg3_m60_s1,81.0,genpce_es,1,14860,0.8888888888888888
reg3,60,6,reg3_m60_s1,81.0,genpce_es,1,14910,0.8888888888888888
reg3,60,6,reg3_m60_s1,81.0,genpce_es,1,14960,0.8888888888888888
reg3,60,6,reg3_m60_s1,81.0,genpce_es,1,15010,0.8888888888888888
reg3,60,6,reg3_m60_s1,81.0,genpce_es,1,15060,0.8888888888888888
reg3,60,6,reg3_m60_s1,81.0,genpce_es,1,15110,0.8888888888888888
reg3,60,6,reg3_m60_s1,81.0,genpce_es,1,15160,0.8888888888888888
reg3,60,6,reg3_m60_s1,81.0,genpce_es,1,15210,0.8888888888888888
reg3,60,6,reg3_m60_s1,81.0,genpce_es,1,15260,0.8888888888888888
reg3,60,6,reg3_m60_s1,81.0,genpce_es,1,15310,0.8888888888888888
reg3,60,6,reg3_m60_s1,81.0,genpce_es,1,15360,0.8888888888888888
reg3,60,6,reg3_m60_s1,81.0,genpce_es,1,15410,0.8888888888888888
reg3,60,6,reg3_m60_s1,81.0,genpce_es,1,15460,0.8888888888888888
reg3,60,6,reg3_m60_s1,81.0,genpce_es,1,15510,0.8888888888888888
reg3,60,6,reg3_m60_s1,81.0,genpce_es,1,15560,0.8888888888888888
reg3,60,6,reg3_m60_s1,81.0,genpce_es,1,15610,0.8888888888888888
reg3,60,6,reg3_m60_s1,81.0,genpce_es,1,15660,0.8888888888888888
reg3,60,6,reg3_m60_s1,81.0,genpce_es,1,15710,0.8888888888888888
reg3,60,6,reg3_m60_s1,81.0,genpce_es,1,15760,0.8888888888888888
reg3,60,6,reg3_m60_s1,81.0,genpce_es,1,15810,0.8888888888888888
reg3,60,6,reg3_m60_s1,81.0,genpce_es,1,15860,0.8888888888888888
reg3,60,6,reg3_m60_s1,81.0,genpce_es,1,15910,0.8888888888888888
reg3,60,6,reg3_m60_s1,81.0,genpce_es,1,15960,0.8888888888888888
reg3,60,6,reg3_m60_s1,81.0,genpce_es,1,16010,0.8888888888888888
reg3,60,6,reg3_m60_s1,81.0,genpce_es,1,16060,0.8888888888888888
reg3,60,6,reg3_m60_s1,81.0,genpce_es,1,16110,0.8888888888888888
reg3,60,6,reg3_m60_s1,81.0,genpce_es,1,16160,0.8888888888888888
reg3,60,6,reg3_m60_s1,81.0,genpce_es,1,16210,0.8888888888888888
reg3,60,6,reg3_m60_s1,81.0,genpce_es,1,16260,0.8888888888888888
reg3,60,6,reg3_m60_s1,81.0,genpce_es,1,16310,0.8888888888888888
reg3,60,6,reg3_m60_s1,81.0,genpce_es,1,16360,0.8888888888888888
reg3,60,6,reg3_m60_s1,81.0,genpce_es,1,16410,0.8888888888888888
reg3,60,6,reg3_m60_s1,81.0,genpce_es,1,16460,0.8888888888888888
reg3,60,6,reg3_m60_s1,81.0,genpce_es,1,16510,0.8888888888888888
reg3,60,6,reg3_m60_s1,81.0,genpce_es,1,16560,0.8888888888888888
reg3,60,6,reg3_m60_s1,81.0,genpce_es,1,16610,0.8888888888888888
reg3,60,6,reg3_m60_s1,81.0,genpce_es,1,16660,0.8888888888888888
reg3,60,6,reg3_m60_s1,81.0,genpce_es,1,16710,0.8888888888888888
reg3,60,6,reg3_m60_s1,81.0,genpce_es,1,16760,0.8888888888888888
reg3,60,6,reg3_m60_s1,81.0,genpce_es,1,16810,0.8888888888888888
reg3,60,6,reg3_m60_s1,81.0,genpce_es,1,16860,0.8888888888888888
reg3,60,6,reg3_m60_s1,81.0,genpce_es,1,16910,0.8888888888888888
reg3,60,6,reg3_m60_s1,81.0,genpce_es,1,16960,0.8888888888888888
reg3,60,6,reg3_m60_s1,81.0,genpce_es,1,17010,0.8888888888888888
reg3,60,6,reg3_m60_s1,81.0,genpce_es,1,17060,0.8888888888888888
reg3,60,6,reg3_m60_s1,81.0,genpce_es,1,17110,0.8888888888888888
reg3,60,6,reg3_m60_s1,81.0,genpce_es,1,17160,0.8888888888888888
reg3,60,6,reg3_m60_s1,81.0,genpce_es,1,17210,0.8888888888888888
reg3,60,6,reg3_m60_s1,81.0,genpce_es,1,17260,0.8888888888888888
reg3,60,6,reg3_m60_s1,81.0,genpce_es,1,17310,0.8888888888888888
reg3,60,6,reg3_m60_s1,81.0,genpce_es,1,17360,0.8888888888888888
reg3,60,6,reg3_m60_s1,81.0,genpce_es,1,17410,0.8888888888888888
reg3,60,6,reg3_m60_s1,81.0,genpce_es,1,17460,0.8888888888888888
reg3,60,6,reg3_m60_s1,81.0,genpce_es,1,17510,0.8888888888888888
reg3,60,6,reg3_m60_s1,81.0,genpce_es,1,17560,0.8888888888888888
reg3,60,6,reg3_m60_s1,81.0,genpce_es,1,17610,0.8888888888888888
reg3,60,6,reg3_m60_s1,81.0,genpce_es,1,17660,0.8888888888888888
reg3,60,6,reg3_m60_s1,81.0,genpce_es,1,17710,0.8888888888888888
reg3,60,6,reg3_m60_s1,81.0,genpce_es,1,17760,0.8888888888888888
reg3,60,6,reg3_m60_s1,81.0,genpce_es,1,17810,0.8888888888888888
reg3,60,6,reg3_m60_s1,81.0,genpce_es,1,17860,0.8888888888888888
reg3,60,6,reg3_m60_s1,81.0,genpce_es,1,17910,0.8888888888888888
reg3,60,6,reg3_m60_s1,81.0,genpce_es,1,17960,0.8888888888888888
reg3,60,6,reg3_m60_s1,81.0,genpce_es,1,18010,0.8888888888888888
reg3,60,6,reg3_m60_s1,81.0,genpce_es,1,18060,0.8888888888888888
reg3,60,6,reg3_m60_s1,81.0,genpce_es,1,18110,0.8888888888888888
reg3,60,6,reg3_m60_s1,81.0,genpce_es,1,18160,0.8888888888888888
reg3,60,6,reg3_m60_s1,81.0,genpce_es,1,18210,0.8888888888888888
reg3,60,6,reg3_m60_s1,81.0,genpce_es,1,18260,0.8888888888888888
reg3,60,6,reg3_m60_s1,81.0,genpce_es,1,18310,0.8888888888888888
reg3,60,6,reg3_m60_s1,81.0,genpce_es,1,18360,0.8888888888888888
reg3,60,6,reg3_m60_s1,81.0,genpce_es,1,18410,0.8888888888888888
reg3,60,6,reg3_m60_s1,81.0,genpce_es,1,18460,0.8888888888888888
reg3,60,6,reg3_m60_s1,81.0,genpce_es,1,18510,0.8888888888888888
reg3,60,6,reg3_m60_s1,81.0,genpce_es,1,18560,0.8888888888888888
reg3,60,6,reg3_m60_s1,81.0,genpce_es,1,18610,0.8888888888888888
reg3,60,6,reg3_m60_s1,81.0,genpce_es,1,18660,0.8888888888888888
reg3,60,6,reg3_m60_s1,81.0,genpce_es,1,18710,0.8888888888888888
reg3,60,6,reg3_m60_s1,81.0,genpce_es,1,18760,0.8888888888888888
reg3,60,6,reg3_m60_s1,81.0,genpce_es,1,18810,0.8888888888888888
reg3,60,6,reg3_m60_s1,81.0,genpce_es,1,18860,0.8888888888888888
reg3,60,6,reg3_m60_s1,81.0,genpce_es,1,18910,0.8888888888888888
reg3,60,6,reg3_m60_s1,81.0,genpce_es,1,18960,0.8888888888888888
reg3,60,6,reg3_m60_s1,81.0,genpce_es,1,19010,0.8888888888888888
reg3,60,6,reg3_m60_s1,81.0,genpce_es,1,19060,0.8888888888888888
reg3,60,6,reg3_m60_s1,81.0,genpce_es,1,19110,0.8888888888888888
reg3,60,6,reg3_m60_s1,81.0,genpce_es,1,19160,0.8888888888888888
reg3,60,6,reg3_m60_s1,81.0,genpce_es,1,19210,0.8888888888888888
reg3,60,6,reg3_m60_s1,81.0,genpce_es,1,19260,0.8888888888888888
reg3,60,6,reg3_m60_s1,81.0,genpce_es,1,19310,0.8888888888888888
reg3,60,6,reg3_m60_s1,81.0,genpce_es,1,19360,0.8888888888888888
reg3,60,6,reg3_m60_s1,81.0,genpce_es,1,19410,0.8888888888888888
reg3,60,6,reg3_m60_s1,81.0,genpce_es,1,19460,0.8888888888888888
reg3,60,6,reg3_m60_s1,81.0,genpce_es,1,19510,0.8888888888888888
reg3,60,6,reg3_m60_s1,81.0,genpce_es,1,19560,0.8888888888888888
reg3,60,6,reg3_m60_s1,81.0,genpce_es,1,19610,0.8888888888888888
reg3,60,6,reg3_m60_s1,81.0,genpce_es,1,19660,0.8888888888888888
reg3,60,6,reg3_m60_s1,81.0,genpce_es,1,19710,0.8888888888888888
reg3,60,6,reg3_m60_s1,81.0,genpce_es,1,19760,0.8888888888888888
reg3,60,6,reg3_m60_s1,81.0,genpce_es,1,19810,0.8888888888888888
reg3,60,6,reg3_m60_s1,81.0,genpce_es,1,19860,0.8888888888888888
reg3,60,6,reg3_m60_s1,81.0,genpce_es,1,19910,0.8888888888888888
reg3,60,6,reg3_m60_s1,81.0,genpce_es,1,19960,0.8888888888888888
reg3,60,6,reg3_m60_s1,81.0,genpce_es,1,20010,0.8888888888888888
reg3,60,6,reg3_m60_s1,81.0,random,1,50,0.6790123456790124
reg3,60,6,reg3_m60_s1,81.0,random,1,100,0.6790123456790124
reg3,60,6,reg3_m60_s1,81.0,random,1,150,0.6790123456790124
reg3,60,6,reg3_m60_s1,81.0,random,1,200,0.691358024691358
reg3,60,6,reg3_m60_s1,81.0,random,1,250,0.691358024691358
reg3,60,6,reg3_m60_s1,81.0,random,1,300,0.691358024691358
reg3,60,6,reg3_m60_s1,81.0,random,1,350,0.691358024691358
reg3,60,6,reg3_m60_s1,81.0,random,1,400,0.691358024691358
reg3,60,6,reg3_m60_s1,81.0,random,1,450,0.691358024691358
reg3,60,6,reg3_m60_s1,81.0,random,1,500,0.691358024691358
reg3,60,6,reg3_m60_s1,81.0,random,1,550,0.7160493827160493
reg3,60,6,reg3_m60_s1,81.0,random,1,600,0.7160493827160493
reg3,60,6,reg3_m60_s1,81.0,random,1,650,0.7160493827160493
reg3,60,6,reg3_m60_s1,81.0,random,1,700,0.7160493827160493
reg3,60,6,reg3_m60_s1,81.0,random,1,750,0.7160493827160493
reg3,60,6,reg3_m60_s1,81.0,random,1,800,0.7160493827160493
reg3,60,6,reg3_m60_s1,81.0,random,1,850,0.7160493827160493
reg3,60,6,reg3_m60_s1,81.0,random,1,900,0.7160493827160493
reg3,60,6,reg3_m60_s1,81.0,random,1,950,0.7160493827160493
reg3,60,6,reg3_m60_s1,81.0,random,1,1000,0.7160493827160493
reg3,60,6,reg3_m60_s1,81.0,random,1,1050,0.7160493827160493
reg3,60,6,reg3_m60_s1,81.0,random,1,1100,0.7160493827160493
reg3,60,6,reg3_m60_s1,81.0,random,1,1150,0.7160493827160493
reg3,60,6,reg3_m60_s1,81.0,random,1,1200,0.7160493827160493
reg3,60,6,reg3_m60_s1,81.0,random,1,1250,0.7160493827160493
reg3,60,6,reg3_m60_s1,81.0,random,1,1300,0.7160493827160493
reg3,60,6,reg3_m60_s1,81.0,random,1,1350,0.7160493827160493
reg3,60,6,reg3_m60_s1,81.0,random,1,1400,0.7160493827160493
reg3,60,6,reg3_m60_s1,81.0,random,1,1450,0.7160493827160493
reg3,60,6,reg3_m60_s1,81.0,random,1,1500,0.7160493827160493
reg3,60,6,reg3_m60_s1,81.0,random,1,1550,0.7160493827160493
reg3,60,6,reg3_m60_s1,81.0,random,1,1600,0.7160493827160493
reg3,60,6,reg3_m60_s1,81.0,random,1,1650,0.7160493827160493
reg3,60,6,reg3_m60_s1,81.0,random,1,1700,0.7160493827160493
reg3,60,6,reg3_m60_s1,81.0,random,1,1750,0.7160493827160493
reg3,60,6,reg3_m60_s1,81.0,random,1,1800,0.7160493827160493
reg3,60,6,reg3_m60_s1,81.0,random,1,1850,0.7160493827160493
reg3,60,6,reg3_m60_s1,81.0,random,1,1900,0.7160493827160493
reg3,60,6,reg3_m60_s1,81.0,random,1,1950,0.7160493827160493
reg3,60,6,reg3_m60_s1,81.0,random,1,2000,0.7160493827160493
reg3,60,6,reg3_m60_s1,81.0,random,1,2050,0.7160493827160493
reg3,60,6,reg3_m60_s1,81.0,random,1,2100,0.7160493827160493
reg3,60,6,reg3_m60_s1,81.0,random,1,2150,0.7160493827160493
reg3,60,6,reg3_m60_s1,81.0,random,1,2200,0.7160493827160493
reg3,60,6,reg3_m60_s1,81.0,random,1,2250,0.7160493827160493
reg3,60,6,reg3_m60_s1,81.0,random,1,2300,0.7530864197530864
reg3,60,6,reg3_m60_s1,81.0,random,1,2350,0.7530864197530864
reg3,60,6,reg3_m60_s1,81.0,random,1,2400,0.7530864197530864
reg3,60,6,reg3_m60_s1,81.0,random,1,2450,0.7530864197530864
reg3,60,6,reg3_m60_s1,81.0,random,1,2500,0.7530864197530864
reg3,60,6,reg3_m60_s1,81.0,random,1,2550,0.7530864197530864
reg3,60,6,reg3_m60_s1,81.0,random,1,2600,0.7530864197530864
reg3,60,6,reg3_m60_s1,81.0,random,1,2650,0.7530864197530864
reg3,60,6,reg3_m60_s1,81.0,random,1,2700,0.7530864197530864
reg3,60,6,reg3_m60_s1,81.0,random,1,2750,0.7530864197530864
reg3,60,6,reg3_m60_s1,81.0,random,1,2800,0.7530864197530864
reg3,60,6,reg3_m60_s1,81.0,random,1,2850,0.7530864197530864
reg3,60,6,reg3_m60_s1,81.0,random,1,2900,0.7530864197530864
reg3,60,6,reg3_m60_s1,81.0,random,1,2950,0.7530864197530864
reg3,60,6,reg3_m60_s1,81.0,random,1,3000,0.7530864197530864
reg3,60,6,reg3_m60_s1,81.0,random,1,3050,0.7530864197530864
reg3,60,6,reg3_m60_s1,81.0,random,1,3100,0.7530864197530864
reg3,60,6,reg3_m60_s1,81.0,random,1,3150,0.7530864197530864
reg3,60,6,reg3_m60_s1,81.0,random,1,3200,0.7530864197530864
reg3,60,6,reg3_m60_s1,81.0,random,1,3250,0.7530864197530864
reg3,60,6,reg3_m60_s1,81.0,random,1,3300,0.7530864197530864
reg3,60,6,reg3_m60_s1,81.0,random,1,3350,0.7530864197530864
reg3,60,6,reg3_m60_s1,81.0,random,1,3400,0.7530864197530864
reg3,60,6,reg3_m60_s1,81.0,random,1,3450,0.7530864197530864
reg3,60,6,reg3_m60_s1,81.0,random,1,3500,0.7530864197530864
reg3,60,6,reg3_m60_s1,81.0,random,1,3550,0.7530864197530864
reg3,60,6,reg3_m60_s1,81.0,random,1,3600,0.7530864197530864
reg3,60,6,reg3_m60_s1,81.0,random,1,3650,0.7530864197530864
reg3,60,6,reg3_m60_s1,81.0,random,1,3700,0.7530864197530864
reg3,60,6,reg3_m60_s1,81.0,random,1,3750,0.7530864197530864
reg3,60,6,reg3_m60_s1,81.0,random,1,3800,0.7530864197530864
reg3,60,6,reg3_m60_s1,81.0,random,1,3850,0.7530864197530864
reg3,60,6,reg3_m60_s1,81.0,random,1,3900,0.7530864197530864
reg3,60,6,reg3_m60_s1,81.0,random,1,3950,0.7530864197530864
reg3,60,6,reg3_m60_s1,81.0,random,1,4000,0.7530864197530864
reg3,60,6,reg3_m60_s1,81.0,random,1,4050,0.7530864197530864
reg3,60,6,reg3_m60_s1,81.0,random,1,4100,0.7530864197530864
reg3,60,6,reg3_m60_s1,81.0,random,1,4150,0.7530864197530864
reg3,60,6,reg3_m60_s1,81.0,random,1,4200,0.7530864197530864
reg3,60,6,reg3_m60_s1,81.0,random,1,4250,0.7530864197530864
reg3,60,6,reg3_m60_s1,81.0,random,1,4300,0.7530864197530864
reg3,60,6,reg3_m60_s1,81.0,random,1,4350,0.7530864197530864
reg3,60,6,reg3_m60_s1,81.0,random,1,4400,0.7530864197530864
reg3,60,6,reg3_m60_s1,81.0,random,1,4450,0.7530864197530864
reg3,60,6,reg3_m60_s1,81.0,random,1,4500,0.7530864197530864
reg3,60,6,reg3_m60_s1,81.0,random,1,4550,0.7530864197530864
reg3,60,6,reg3_m60_s1,81.0,random,1,4600,0.7530864197530864
reg3,60,6,reg3_m60_s1,81.0,random,1,4650,0.7530864197530864
reg3,60,6,reg3_m60_s1,81.0,random,1,4700,0.7530864197530864
reg3,60,6,reg3_m60_s1,81.0,random,1,4750,0.7530864197530864
reg3,60,6,reg3_m60_s1,81.0,random,1,4800,0.7530864197530864
reg3,60,6,reg3_m60_s1,81.0,random,1,4850,0.7530864197530864
reg3,60,6,reg3_m60_s1,81.0,random,1,4900,0.7530864197530864
reg3,60,6,reg3_m60_s1,81.0,random,1,4950,0.7530864197530864
reg3,60,6,reg3_m60_s1,81.0,random,1,5000,0.7530864197530864
reg3,60,6,reg3_m60_s1,81.0,random,1,5050,0.7530864197530864
reg3,60,6,reg3_m60_s1,81.0,random,1,5100,0.7530864197530864
reg3,60,6,reg3_m60_s1,81.0,random,1,5150,0.7530864197530864
reg3,60,6,reg3_m60_s1,81.0,random,1,5200,0.7530864197530864
reg3,60,6,reg3_m60_s1,81.0,random,1,5250,0.7530864197530864
reg3,60,6,reg3_m60_s1,81.0,random,1,5300,0.7530864197530864
reg3,60,6,reg3_m60_s1,81.0,random,1,5350,0.7530864197530864
reg3,60,6,reg3_m60_s1,81.0,random,1,5400,0.7530864197530864
reg3,60,6,reg3_m60_s1,81.0,random,1,5450,0.7530864197530864
reg3,60,6,reg3_m60_s1,81.0,random,1,5500,0.7530864197530864
reg3,60,6,reg3_m60_s1,81.0,random,1,5550,0.7530864197530864
reg3,60,6,reg3_m60_s1,81.0,random,1,5600,0.7530864197530864
reg3,60,6,reg3_m60_s1,81.0,random,1,5650,0.7530864197530864
reg3,60,6,reg3_m60_s1,81.0,random,1,5700,0.7530864197530864
reg3,60,6,reg3_m60_s1,81.0,random,1,5750,0.7530864197530864
reg3,60,6,reg3_m60_s1,81.0,random,1,5800,0.7530864197530864
reg3,60,6,reg3_m60_s1,81.0,random,1,5850,0.7530864197530864
reg3,60,6,reg3_m60_s1,81.0,random,1,5900,0.7530864197530864
reg3,60,6,reg3_m60_s1,81.0,random,1,5950,0.7530864197530864
reg3,60,6,reg3_m60_s1,81.0,random,1,6000,0.7530864197530864
reg3,60,6,reg3_m60_s1,81.0,random,1,6050,0.7530864197530864
reg3,60,6,reg3_m60_s1,81.0,random,1,6100,0.7530864197530864
reg3,60,6,reg3_m60_s1,81.0,random,1,6150,0.7530864197530864
reg3,60,6,reg3_m60_s1,81.0,random,1,6200,0.7530864197530864
reg3,60,6,reg3_m60_s1,81.0,random,1,6250,0.7530864197530864
reg3,60,6,reg3_m60_s1,81.0,random,1,6300,0.7530864197530864
reg3,60,6,reg3_m60_s1,81.0,random,1,6350,0.7530864197530864
reg3,60,6,reg3_m60_s1,81.0,random,1,6400,0.7530864197530864
reg3,60,6,reg3_m60_s1,81.0,random,1,6450,0.7530864197530864
reg3,60,6,reg3_m60_s1,81.0,random,1,6500,0.7530864197530864
reg3,60,6,reg3_m60_s1,81.0,random,1,6550,0.7530864197530864
reg3,60,6,reg3_m60_s1,81.0,random,1,6600,0.7530864197530864
reg3,60,6,reg3_m60_s1,81.0,random,1,6650,0.7530864197530864
reg3,60,6,reg3_m60_s1,81.0,random,1,6700,0.7530864197530864
reg3,60,6,reg3_m60_s1,81.0,random,1,6750,0.7530864197530864
reg3,60,6,reg3_m60_s1,81.0,random,1,6800,0.7530864197530864
reg3,60,6,reg3_m60_s1,81.0,random,1,6850,0.7530864197530864
reg3,60,6,reg3_m60_s1,81.0,random,1,6900,0.7530864197530864
reg3,60,6,reg3_m60_s1,81.0,random,1,6950,0.7530864197530864
reg3,60,6,reg3_m60_s1,81.0,random,1,7000,0.7530864197530864
reg3,60,6,reg3_m60_s1,81.0,random,1,7050,0.7530864197530864
reg3,60,6,reg3_m60_s1,81.0,random,1,7100,0.7530864197530864
reg3,60,6,reg3_m60_s1,81.0,random,1,7150,0.7530864197530864
reg3,60,6,reg3_m60_s1,81.0,random,1,7200,0.7530864197530864
reg3,60,6,reg3_m60_s1,81.0,random,1,7250,0.7530864197530864
reg3,60,6,reg3_m60_s1,81.0,random,1,7300,0.7530864197530864
reg3,60,6,reg3_m60_s1,81.0,random,1,7350,0.7530864197530864
reg3,60,6,reg3_m60_s1,81.0,random,1,7400,0.7530864197530864
reg3,60,6,reg3_m60_s1,81.0,random,1,7450,0.7530864197530864
reg3,60,6,reg3_m60_s1,81.0,random,1,7500,0.7530864197530864
reg3,60,6,reg3_m60_s1,81.0,random,1,7550,0.7530864197530864
reg3,60,6,reg3_m60_s1,81.0,random,1,7600,0.7530864197530864
reg3,60,6,reg3_m60_s1,81.0,random,1,7650,0.7530864197530864
reg3,60,6,reg3_m60_s1,81.0,random,1,7700,0.7530864197530864
reg3,60,6,reg3_m60_s1,81.0,random,1,7750,0.7530864197530864
reg3,60,6,reg3_m60_s1,81.0,random,1,7800,0.7530864197530864
reg3,60,6,reg3_m60_s1,81.0,random,1,7850,0.7530864197530864
reg3,60,6,reg3_m60_s1,81.0,random,1,7900,0.7530864197530864
reg3,60,6,reg3_m60_s1,81.0,random,1,7950,0.7530864197530864
reg3,60,6,reg3_m60_s1,81.0,random,1,8000,0.7530864197530864
reg3,60,6,reg3_m60_s1,81.0,random,1,8050,0.7530864197530864
reg3,60,6,reg3_m60_s1,81.0,random,1,8100,0.7530864197530864
reg3,60,6,reg3_m60_s1,81.0,random,1,8150,0.7530864197530864
reg3,60,6,reg3_m60_s1,81.0,random,1,8200,0.7530864197530864
reg3,60,6,reg3_m60_s1,81.0,random,1,8250,0.7530864197530864
reg3,60,6,reg3_m60_s1,81.0,random,1,8300,0.7530864197530864
reg3,60,6,reg3_m60_s1,81.0,random,1,8350,0.7530864197530864
reg3,60,6,reg3_m60_s1,81.0,random,1,8400,0.7530864197530864
reg3,60,6,reg3_m60_s1,81.0,random,1,8450,0.7530864197530864
reg3,60,6,reg3_m60_s1,81.0,random,1,8500,0.7530864197530864
reg3,60,6,reg3_m60_s1,81.0,random,1,8550,0.7530864197530864
reg3,60,6,reg3_m60_s1,81.0,random,1,8600,0.7530864197530864
reg3,60,6,reg3_m60_s1,81.0,random,1,8650,0.7530864197530864
reg3,60,6,reg3_m60_s1,81.0,random,1,8700,0.7530864197530864
reg3,60,6,reg3_m60_s1,81.0,random,1,8750,0.7530864197530864
reg3,60,6,reg3_m60_s1,81.0,random,1,8800,0.7530864197530864
reg3,60,6,reg3_m60_s1,81.0,random,1,8850,0.7530864197530864
reg3,60,6,reg3_m60_s1,81.0,random,1,8900,0.7530864197530864
reg3,60,6,reg3_m60_s1,81.0,random,1,8950,0.7530864197530864
reg3,60,6,reg3_m60_s1,81.0,random,1,9000,0.7530864197530864
reg3,60,6,reg3_m60_s1,81.0,random,1,9050,0.7530864197530864
reg3,60,6,reg3_m60_s1,81.0,random,1,9100,0.7530864197530864
reg3,60,6,reg3_m60_s1,81.0,random,1,9150,0.7530864197530864
reg3,60,6,reg3_m60_s1,81.0,random,1,9200,0.7530864197530864
reg3,60,6,reg3_m60_s1,81.0,random,1,9250,0.7530864197530864
reg3,60,6,reg3_m60_s1,81.0,random,1,9300,0.7530864197530864
reg3,60,6,reg3_m60_s1,81.0,random,1,9350,0.7530864197530864
reg3,60,6,reg3_m60_s1,81.0,random,1,9400,0.7530864197530864
reg3,60,6,reg3_m60_s1,81.0,random,1,9450,0.7530864197530864
reg3,60,6,reg3_m60_s1,81.0,random,1,9500,0.7530864197530864
reg3,60,6,reg3_m60_s1,81.0,random,1,9550,0.7530864197530864
reg3,60,6,reg3_m60_s1,81.0,random,1,9600,0.7530864197530864
reg3,60,6,reg3_m60_s1,81.0,random,1,9650,0.7530864197530864
reg3,60,6,reg3_m60_s1,81.0,random,1,9700,0.7530864197530864
reg3,60,6,reg3_m60_s1,81.0,random,1,9750,0.7530864197530864
reg3,60,6,reg3_m60_s1,81.0,random,1,9800,0.7530864197530864
reg3,60,6,reg3_m60_s1,81.0,random,1,9850,0.7530864197530864
reg3,60,6,reg3_m60_s1,81.0,random,1,9900,0.7530864197530864
reg3,60,6,reg3_m60_s1,81.0,random,1,9950,0.7530864197530864
reg3,60,6,reg3_m60_s1,81.0,random,1,10000,0.7530864197530864
reg3,60,6,reg3_m60_s1,81.0,random,1,10050,0.7530864197530864
reg3,60,6,reg3_m60_s1,81.0,random,1,10100,0.7530864197530864
reg3,60,6,reg3_m60_s1,81.0,random,1,10150,0.7530864197530864
reg3,60,6,reg3_m60_s1,81.0,random,1,10200,0.7530864197530864
reg3,60,6,reg3_m60_s1,81.0,random,1,10250,0.7530864197530864
reg3,60,6,reg3_m60_s1,81.0,random,1,10300,0.7530864197530864
reg3,60,6,reg3_m60_s1,81.0,random,1,10350,0.7530864197530864
reg3,60,6,reg3_m60_s1,81.0,random,1,10400,0.7530864197530864
reg3,60,6,reg3_m60_s1,81.0,random,1,10450,0.7530864197530864
reg3,60,6,reg3_m60_s1,81.0,random,1,10500,0.7530864197530864
reg3,60,6,reg3_m60_s1,81.0,random,1,10550,0.7530864197530864
reg3,60,6,reg3_m60_s1,81.0,random,1,10600,0.7530864197530864
reg3,60,6,reg3_m60_s1,81.0,random,1,10650,0.7530864197530864
reg3,60,6,reg3_m60_s1,81.0,random,1,10700,0.7530864197530864
reg3,60,6,reg3_m60_s1,81.0,random,1,10750,0.7530864197530864
reg3,60,6,reg3_m60_s1,81.0,random,1,10800,0.7530864197530864
reg3,60,6,reg3_m60_s1,81.0,random,1,10850,0.7530864197530864
reg3,60,6,reg3_m60_s1,81.0,random,1,10900,0.7530864197530864
reg3,60,6,reg3_m60_s1,81.0,random,1,10950,0.7530864197530864
reg3,60,6,reg3_m60_s1,81.0,random,1,11000,0.7530864197530864
reg3,60,6,reg3_m60_s1,81.0,random,1,11050,0.7530864197530864
reg3,60,6,reg3_m60_s1,81.0,random,1,11100,0.7530864197530864
reg3,60,6,reg3_m60_s1,81.0,random,1,11150,0.7530864197530864
reg3,60,6,reg3_m60_s1,81.0,random,1,11200,0.7530864197530864
reg3,60,6,reg3_m60_s1,81.0,random,1,11250,0.7530864197530864
reg3,60,6,reg3_m60_s1,81.0,random,1,11300,0.7530864197530864
reg3,60,6,reg3_m60_s1,81.0,random,1,11350,0.7530864197530864
reg3,60,6,reg3_m60_s1,81.0,random,1,11400,0.7530864197530864
reg3,60,6,reg3_m60_s1,81.0,random,1,11450,0.7530864197530864
reg3,60,6,reg3_m60_s1,81.0,random,1,11500,0.7530864197530864
reg3,60,6,reg3_m60_s1,81.0,random,1,11550,0.7530864197530864
reg3,60,6,reg3_m60_s1,81.0,random,1,11600,0.7530864197530864
reg3,60,6,reg3_m60_s1,81.0,random,1,11650,0.7530864197530864
reg3,60,6,reg3_m60_s1,81.0,random,1,11700,0.7530864197530864
reg3,60,6,reg3_m60_s1,81.0,random,1,11750,0.7530864197530864
reg3,60,6,reg3_m60_s1,81.0,random,1,11800,0.7530864197530864
reg3,60,6,reg3_m60_s1,81.0,random,1,11850,0.7530864197530864
reg3,60,6,reg3_m60_s1,81.0,random,1,11900,0.7530864197530864
reg3,60,6,reg3_m60_s1,81.0,random,1,11950,0.7530864197530864
reg3,60,6,reg3_m60_s1,81.0,random,1,12000,0.7530864197530864
reg3,60,6,reg3_m60_s1,81.0,random,1,12050,0.7654320987654321
reg3,60,6,reg3_m60_s1,81.0,random,1,12100,0.7654320987654321
reg3,60,6,reg3_m60_s1,81.0,random,1,12150,0.7654320987654321
reg3,60,6,reg3_m60_s1,81.0,random,1,12200,0.7654320987654321
reg3,60,6,reg3_m60_s1,81.0,random,1,12250,0.7654320987654321
reg3,60,6,reg3_m60_s1,81.0,random,1,12300,0.7654320987654321
reg3,60,6,reg3_m60_s1,81.0,random,1,12350,0.7654320987654321
reg3,60,6,reg3_m60_s1,81.0,random,1,12400,0.7654320987654321
reg3,60,6,reg3_m60_s1,81.0,random,1,12450,0.7654320987654321
reg3,60,6,reg3_m60_s1,81.0,random,1,12500,0.7654320987654321
reg3,60,6,reg3_m60_s1,81.0,random,1,12550,0.7654320987654321
reg3,60,6,reg3_m60_s1,81.0,random,1,12600,0.7654320987654321
reg3,60,6,reg3_m60_s1,81.0,random,1,12650,0.7654320987654321
reg3,60,6,reg3_m60_s1,81.0,random,1,12700,0.7654320987654321
reg3,60,6,reg3_m60_s1,81.0,random,1,12750,0.7654320987654321
reg3,60,6,reg3_m60_s1,81.0,random,1,12800,0.7654320987654321
reg3,60,6,reg3_m60_s1,81.0,random,1,12850,0.7654320987654321
reg3,60,6,reg3_m60_s1,81.0,random,1,12900,0.7654320987654321
reg3,60,6,reg3_m60_s1,81.0,random,1,12950,0.7654320987654321
reg3,60,6,reg3_m60_s1,81.0,random,1,13000,0.7654320987654321
reg3,60,6,reg3_m60_s1,81.0,random,1,13050,0.7654320987654321
reg3,60,6,reg3_m60_s1,81.0,random,1,13100,0.7654320987654321
reg3,60,6,reg3_m60_s1,81.0,random,1,13150,0.7654320987654321
reg3,60,6,reg3_m60_s1,81.0,random,1,13200,0.7654320987654321
reg3,60,6,reg3_m60_s1,81.0,random,1,13250,0.7654320987654321
reg3,60,6,reg3_m60_s1,81.0,random,1,13300,0.7654320987654321
reg3,60,6,reg3_m60_s1,81.0,random,1,13350,0.7654320987654321
reg3,60,6,reg3_m60_s1,81.0,random,1,13400,0.7654320987654321
reg3,60,6,reg3_m60_s1,81.0,random,1,13450,0.7654320987654321
reg3,60,6,reg3_m60_s1,81.0,random,1,13500,0.7654320987654321
reg3,60,6,reg3_m60_s1,81.0,random,1,13550,0.7654320987654321
reg3,60,6,reg3_m60_s1,81.0,random,1,13600,0.7654320987654321
reg3,60,6,reg3_m60_s1,81.0,random,1,13650,0.7654320987654321
reg3,60,6,reg3_m60_s1,81.0,random,1,13700,0.7654320987654321
reg3,60,6,reg3_m60_s1,81.0,random,1,13750,0.7654320987654321
reg3,60,6,reg3_m60_s1,81.0,random,1,13800,0.7654320987654321
reg3,60,6,reg3_m60_s1,81.0,random,1,13850,0.7654320987654321
reg3,60,6,reg3_m60_s1,81.0,random,1,13900,0.7654320987654321
reg3,60,6,reg3_m60_s1,81.0,random,1,13950,0.7654320987654321
reg3,60,6,reg3_m60_s1,81.0,random,1,14000,0.7654320987654321
reg3,60,6,reg3_m60_s1,81.0,random,1,14050,0.7654320987654321
reg3,60,6,reg3_m60_s1,81.0,random,1,14100,0.7654320987654321
reg3,60,6,reg3_m60_s1,81.0,random,1,14150,0.7654320987654321
reg3,60,6,reg3_m60_s1,81.0,random,1,14200,0.7654320987654321
reg3,60,6,reg3_m60_s1,81.0,random,1,14250,0.7654320987654321
reg3,60,6,reg3_m60_s1,81.0,random,1,14300,0.7654320987654321
reg3,60,6,reg3_m60_s1,81.0,random,1,14350,0.7654320987654321
reg3,60,6,reg3_m60_s1,81.0,random,1,14400,0.7654320987654321
reg3,60,6,reg3_m60_s1,81.0,random,1,14450,0.7654320987654321
reg3,60,6,reg3_m60_s1,81.0,random,1,14500,0.7654320987654321
reg3,60,6,reg3_m60_s1,81.0,random,1,14550,0.7654320987654321
reg3,60,6,reg3_m60_s1,81.0,random,1,14600,0.7654320987654321
reg3,60,6,reg3_m60_s1,81.0,random,1,14650,0.7654320987654321
reg3,60,6,reg3_m60_s1,81.0,random,1,14700,0.7654320987654321
reg3,60,6,reg3_m60_s1,81.0,random,1,14750,0.7654320987654321
reg3,60,6,reg3_m60_s1,81.0,random,1,14800,0.7654320987654321
reg3,60,6,reg3_m60_s1,81.0,random,1,14850,0.7654320987654321
reg3,60,6,reg3_m60_s1,81.0,random,1,14900,0.7654320987654321
reg3,60,6,reg3_m60_s1,81.0,random,1,14950,0.7654320987654321
reg3,60,6,reg3_m60_s1,81.0,random,1,15000,0.7654320987654321
reg3,60,6,reg3_m60_s1,81.0,random,1,15050,0.7654320987654321
reg3,60,6,reg3_m60_s1,81.0,random,1,15100,0.7654320987654321
reg3,60,6,reg3_m60_s1,81.0,random,1,15150,0.7654320987654321
reg3,60,6,reg3_m60_s1,81.0,random,1,15200,0.7654320987654321
reg3,60,6,reg3_m60_s1,81.0,random,1,15250,0.7654320987654321
reg3,60,6,reg3_m60_s1,81.0,random,1,15300,0.7654320987654321
reg3,60,6,reg3_m60_s1,81.0,random,1,15350,0.7654320987654321
reg3,60,6,reg3_m60_s1,81.0,random,1,15400,0.7654320987654321
reg3,60,6,reg3_m60_s1,81.0,random,1,15450,0.7654320987654321
reg3,60,6,reg3_m60_s1,81.0,random,1,15500,0.7654320987654321
reg3,60,6,reg3_m60_s1,81.0,random,1,15550,0.7654320987654321
reg3,60,6,reg3_m60_s1,81.0,random,1,15600,0.7654320987654321
reg3,60,6,reg3_m60_s1,81.0,random,1,15650,0.7654320987654321
reg3,60,6,reg3_m60_s1,81.0,random,1,15700,0.7654320987654321
reg3,60,6,reg3_m60_s1,81.0,random,1,15750,0.7654320987654321
reg3,60,6,reg3_m60_s1,81.0,random,1,15800,0.7654320987654321
reg3,60,6,reg3_m60_s1,81.0,random,1,15850,0.7654320987654321
reg3,60,6,reg3_m60_s1,81.0,random,1,15900,0.7654320987654321
reg3,60,6,reg3_m60_s1,81.0,random,1,15950,0.7654320987654321
reg3,60,6,reg3_m60_s1,81.0,random,1,16000,0.7654320987654321
reg3,60,6,reg3_m60_s1,81.0,random,1,16050,0.7654320987654321
reg3,60,6,reg3_m60_s1,81.0,random,1,16100,0.7654320987654321
reg3,60,6,reg3_m60_s1,81.0,random,1,16150,0.7654320987654321
reg3,60,6,reg3_m60_s1,81.0,random,1,16200,0.7654320987654321
reg3,60,6,reg3_m60_s1,81.0,random,1,16250,0.7654320987654321
reg3,60,6,reg3_m60_s1,81.0,random,1,16300,0.7654320987654321
reg3,60,6,reg3_m60_s1,81.0,random,1,16350,0.7654320987654321
reg3,60,6,reg3_m60_s1,81.0,random,1,16400,0.7654320987654321
reg3,60,6,reg3_m60_s1,81.0,random,1,16450,0.7654320987654321
reg3,60,6,reg3_m60_s1,81.0,random,1,16500,0.7654320987654321
reg3,60,6,reg3_m60_s1,81.0,random,1,16550,0.7654320987654321
reg3,60,6,reg3_m60_s1,81.0,random,1,16600,0.7654320987654321
reg3,60,6,reg3_m60_s1,81.0,random,1,16650,0.7654320987654321
reg3,60,6,reg3_m60_s1,81.0,random,1,16700,0.7654320987654321
reg3,60,6,reg3_m60_s1,81.0,random,1,16750,0.7654320987654321
reg3,60,6,reg3_m60_s1,81.0,random,1,16800,0.7654320987654321
reg3,60,6,reg3_m60_s1,81.0,random,1,16850,0.7654320987654321
reg3,60,6,reg3_m60_s1,81.0,random,1,16900,0.7654320987654321
reg3,60,6,reg3_m60_s1,81.0,random,1,16950,0.7654320987654321
reg3,60,6,reg3_m60_s1,81.0,random,1,17000,0.7654320987654321
reg3,60,6,reg3_m60_s1,81.0,random,1,17050,0.7654320987654321
reg3,60,6,reg3_m60_s1,81.0,random,1,17100,0.7654320987654321
reg3,60,6,reg3_m60_s1,81.0,random,1,17150,0.7654320987654321
reg3,60,6,reg3_m60_s1,81.0,random,1,17200,0.7654320987654321
reg3,60,6,reg3_m60_s1,81.0,random,1,17250,0.7654320987654321
reg3,60,6,reg3_m60_s1,81.0,random,1,17300,0.7654320987654321
reg3,60,6,reg3_m60_s1,81.0,random,1,17350,0.7654320987654321
reg3,60,6,reg3_m60_s1,81.0,random,1,17400,0.7654320987654321
reg3,60,6,reg3_m60_s1,81.0,random,1,17450,0.7654320987654321
reg3,60,6,reg3_m60_s1,81.0,random,1,17500,0.7654320987654321
reg3,60,6,reg3_m60_s1,81.0,random,1,17550,0.7654320987654321
reg3,60,6,reg3_m60_s1,81.0,random,1,17600,0.7654320987654321
reg3,60,6,reg3_m60_s1,81.0,random,1,17650,0.7654320987654321
reg3,60,6,reg3_m60_s1,81.0,random,1,17700,0.7654320987654321
reg3,60,6,reg3_m60_s1,81.0,random,1,17750,0.7654320987654321
reg3,60,6,reg3_m60_s1,81.0,random,1,17800,0.7654320987654321
reg3,60,6,reg3_m60_s1,81.0,random,1,17850,0.7654320987654321
reg3,60,6,reg3_m60_s1,81.0,random,1,17900,0.7654320987654321
reg3,60,6,reg3_m60_s1,81.0,random,1,17950,0.7654320987654321
reg3,60,6,reg3_m60_s1,81.0,random,1,18000,0.7654320987654321
reg3,60,6,reg3_m60_s1,81.0,random,1,18050,0.7654320987654321
reg3,60,6,reg3_m60_s1,81.0,random,1,18100,0.7654320987654321
reg3,60,6,reg3_m60_s1,81.0,random,1,18150,0.7654320987654321
reg3,60,6,reg3_m60_s1,81.0,random,1,18200,0.7654320987654321
reg3,60,6,reg3_m60_s1,81.0,random,1,18250,0.7654320987654321
reg3,60,6,reg3_m60_s1,81.0,random,1,18300,0.7654320987654321
reg3,60,6,reg3_m60_s1,81.0,random,1,18350,0.7654320987654321
reg3,60,6,reg3_m60_s1,81.0,random,1,18400,0.7654320987654321
reg3,60,6,reg3_m60_s1,81.0,random,1,18450,0.7654320987654321
reg3,60,6,reg3_m60_s1,81.0,random,1,18500,0.7654320987654321
reg3,60,6,reg3_m60_s1,81.0,random,1,18550,0.7654320987654321
reg3,60,6,reg3_m60_s1,81.0,random,1,18600,0.7654320987654321
reg3,60,6,reg3_m60_s1,81.0,random,1,18650,0.7654320987654321
reg3,60,6,reg3_m60_s1,81.0,random,1,18700,0.7654320987654321
reg3,60,6,reg3_m60_s1,81.0,random,1,18750,0.7654320987654321
reg3,60,6,reg3_m60_s1,81.0,random,1,18800,0.7654320987654321
reg3,60,6,reg3_m60_s1,81.0,random,1,18850,0.7654320987654321
reg3,60,6,reg3_m60_s1,81.0,random,1,18900,0.7654320987654321
reg3,60,6,reg3_m60_s1,81.0,random,1,18950,0.7654320987654321
reg3,60,6,reg3_m60_s1,81.0,random,1,19000,0.7654320987654321
reg3,60,6,reg3_m60_s1,81.0,random,1,19050,0.7654320987654321
reg3,60,6,reg3_m60_s1,81.0,random,1,19100,0.7654320987654321
reg3,60,6,reg3_m60_s1,81.0,random,1,19150,0.7654320987654321
reg3,60,6,reg3_m60_s1,81.0,random,1,19200,0.7654320987654321
reg3,60,6,reg3_m60_s1,81.0,random,1,19250,0.7654320987654321
reg3,60,6,reg3_m60_s1,81.0,random,1,19300,0.7654320987654321
reg3,60,6,reg3_m60_s1,81.0,random,1,19350,0.7654320987654321
reg3,60,6,reg3_m60_s1,81.0,random,1,19400,0.7654320987654321
reg3,60,6,reg3_m60_s1,81.0,random,1,19450,0.7654320987654321
reg3,60,6,reg3_m60_s1,81.0,random,1,19500,0.7654320987654321
reg3,60,6,reg3_m60_s1,81.0,random,1,19550,0.7654320987654321
reg3,60,6,reg3_m60_s1,81.0,random,1,19600,0.7654320987654321
reg3,60,6,reg3_m60_s1,81.0,random,1,19650,0.7654320987654321
reg3,60,6,reg3_m60_s1,81.0,random,1,19700,0.7654320987654321
reg3,60,6,reg3_m60_s1,81.0,random,1,19750,0.7654320987654321
reg3,60,6,reg3_m60_s1,81.0,random,1,19800,0.7654320987654321
reg3,60,6,reg3_m60_s1,81.0,random,1,19850,0.7654320987654321
reg3,60,6,reg3_m60_s1,81.0,random,1,19900,0.7654320987654321
reg3,60,6,reg3_m60_s1,81.0,random,1,19950,0.7654320987654321
reg3,60,6,reg3_m60_s1,81.0,random,1,20000,0.7654320987654321
reg3,60,6,reg3_m60_s1,81.0,pce_vqa_L4,0,109,0.5679012345679012
reg3,60,6,reg3_m60_s1,81.0,pce_vqa_L4,0,218,0.5802469135802469
reg3,60,6,reg3_m60_s1,81.0,pce_vqa_L4,0,327,0.5679012345679012
reg3,60,6,reg3_m60_s1,81.0,pce_vqa_L4,0,436,0.5802469135802469
reg3,60,6,reg3_m60_s1,81.0,pce_vqa_L4,0,545,0.5802469135802469
reg3,60,6,reg3_m60_s1,81.0,pce_vqa_L4,0,654,0.6296296296296297
reg3,60,6,reg3_m60_s1,81.0,pce_vqa_L4,0,763,0.6296296296296297
reg3,60,6,reg3_m60_s1,81.0,pce_vqa_L4,0,981,0.691358024691358
reg3,60,6,reg3_m60_s1,81.0,pce_vqa_L4,0,1090,0.691358024691358
reg3,60,6,reg3_m60_s1,81.0,pce_vqa_L4,0,1417,0.7283950617283951
reg3,60,6,reg3_m60_s1,81.0,pce_vqa_L4,0,1635,0.7283950617283951
reg3,60,6,reg3_m60_s1,81.0,pce_vqa_L4,0,2071,0.6790123456790124
reg3,60,6,reg3_m60_s1,81.0,pce_vqa_L4,0,2507,0.691358024691358
reg3,60,6,reg3_m60_s1,81.0,pce_vqa_L4,0,2943,0.6790123456790124
reg3,60,6,reg3_m60_s1,81.0,pce_vqa_L4,0,3597,0.654320987654321
reg3,60,6,reg3_m60_s1,81.0,pce_vqa_L4,0,4469,0.7407407407407407
reg3,60,6,reg3_m60_s1,81.0,pce_vqa_L4,0,5341,0.7407407407407407
reg3,60,6,reg3_m60_s1,81.0,pce_vqa_L4,0,6540,0.7901234567901234
reg3,60,6,reg3_m60_s1,81.0,pce_vqa_L4,0,7957,0.7654320987654321
reg3,60,6,reg3_m60_s1,81.0,pce_vqa_L4,0,9592,0.8148148148148148
reg3,60,6,reg3_m60_s1,81.0,pce_vqa_L4,0,11663,0.8024691358024691
reg3,60,6,reg3_m60_s1,81.0,pce_vqa_L4,0,14279,0.7901234567901234
reg3,60,6,reg3_m60_s1,81.0,pce_vqa_L4,0,17331,0.8024691358024691
reg3,60,6,reg3_m60_s1,81.0,pce_vqa_L4,0,21037,0.8148148148148148
reg3,60,6,reg3_m60_s1,81.0,pce_vqa_L4,0,25506,0.8148148148148148
reg3,60,6,reg3_m60_s1,81.0,pce_vqa_L4,0,31065,0.8148148148148148
reg3,60,6,reg3_m60_s1,81.0,pce_vqa_L4,0,37714,0.8148148148148148
reg3,60,6,reg3_m60_s1,81.0,pce_vqa_L4,0,45889,0.8148148148148148
reg3,60,6,reg3_m60_s1,81.0,pce_vqa_L4,0,55699,0.8518518518518519
reg3,60,6,reg3_m60_s1,81.0,pce_vqa_L4,0,67689,0.8395061728395061
reg3,60,6,reg3_m60_s1,81.0,pce_vqa_L4,0,82295,0.8395061728395061
reg3,60,6,reg3_m60_s1,81.0,pce_vqa_L4,0,99953,0.8395061728395061
reg3,60,6,reg3_m60_s1,81.0,pce_vqa_L4,0,121535,0.8395061728395061
reg3,60,6,reg3_m60_s1,81.0,pce_vqa_L4,0,123061,0.8395061728395061
reg3,60,6,reg3_m60_s1,81.0,pce_vqa_L4,1,109,0.5308641975308642
reg3,60,6,reg3_m60_s1,81.0,pce_vqa_L4,1,218,0.5432098765432098
reg3,60,6,reg3_m60_s1,81.0,pce_vqa_L4,1,327,0.5061728395061729
reg3,60,6,reg3_m60_s1,81.0,pce_vqa_L4,1,436,0.6049382716049383
reg3,60,6,reg3_m60_s1,81.0,pce_vqa_L4,1,545,0.6419753086419753
reg3,60,6,reg3_m60_s1,81.0,pce_vqa_L4,1,654,0.6419753086419753
reg3,60,6,reg3_m60_s1,81.0,pce_vqa_L4,1,763,0.6419753086419753
reg3,60,6,reg3_m60_s1,81.0,pce_vqa_L4,1,981,0.7407407407407407
reg3,60,6,reg3_m60_s1,81.0,pce_vqa_L4,1,1090,0.7283950617283951
reg3,60,6,reg3_m60_s1,81.0,pce_vqa_L4,1,1417,0.7283950617283951
reg3,60,6,reg3_m60_s1,81.0,pce_vqa_L4,1,1635,0.7283950617283951
reg3,60,6,reg3_m60_s1,81.0,pce_vqa_L4,1,2071,0.7283950617283951
reg3,60,6,reg3_m60_s1,81.0,pce_vqa_L4,1,2507,0.7407407407407407
reg3,60,6,reg3_m60_s1,81.0,pce_vqa_L4,1,2943,0.7407407407407407
reg3,60,6,reg3_m60_s1,81.0,pce_vqa_L4,1,3597,0.7283950617283951
reg3,60,6,reg3_m60_s1,81.0,pce_vqa_L4,1,4469,0.7283950617283951
reg3,60,6,reg3_m60_s1,81.0,pce_vqa_L4,1,5341,0.7407407407407407
reg3,60,6,reg3_m60_s1,81.0,pce_vqa_L4,1,6540,0.7283950617283951
reg3,60,6,reg3_m60_s1,81.0,pce_vqa_L4,1,7957,0.7160493827160493
reg3,60,6,reg3_m60_s1,81.0,pce_vqa_L4,1,9592,0.7160493827160493
reg3,60,6,reg3_m60_s1,81.0,pce_vqa_L4,1,11663,0.7407407407407407
reg3,60,6,reg3_m60_s1,81.0,pce_vqa_L4,1,14279,0.7283950617283951
reg3,60,6,reg3_m60_s1,81.0,pce_vqa_L4,1,17331,0.7654320987654321
reg3,60,6,reg3_m60_s1,81.0,pce_vqa_L4,1,21037,0.7654320987654321
reg3,60,6,reg3_m60_s1,81.0,pce_vqa_L4,1,25506,0.7777777777777778
reg3,60,6,reg3_m60_s1,81.0,pce_vqa_L4,1,31065,0.7901234567901234
reg3,60,6,reg3_m60_s1,81.0,pce_vqa_L4,1,37714,0.7901234567901234
reg3,60,6,reg3_m60_s1,81.0,pce_vqa_L4,1,45889,0.8271604938271605
reg3,60,6,reg3_m60_s1,81.0,pce_vqa_L4,1,55699,0.8395061728395061
reg3,60,6,reg3_m60_s1,81.0,pce_vqa_L4,1,67689,0.8395061728395061
reg3,60,6,reg3_m60_s1,81.0,pce_vqa_L4,1,82295,0.8765432098765432
reg3,60,6,reg3_m60_s1,81.0,pce_vqa_L4,1,99953,0.8765432098765432
reg3,60,6,reg3_m60_s1,81.0,pce_vqa_L4,1,121535,0.8765432098765432
reg3,60,6,reg3_m60_s1,81.0,pce_vqa_L4,1,147586,0.8765432098765432
reg3,60,6,reg3_m60_s1,81.0,pce_vqa_L4,1,165026,0.8765432098765432
reg3,60,6,reg3_m60_s1,81.0,pce_vqa_L8,0,217,0.6049382716049383
reg3,60,6,reg3_m60_s1,81.0,pce_vqa_L8,0,434,0.6172839506172839
reg3,60,6,reg3_m60_s1,81.0,pce_vqa_L8,0,651,0.6296296296296297
reg3,60,6,reg3_m60_s1,81.0,pce_vqa_L8,0,868,0.654320987654321
reg3,60,6,reg3_m60_s1,81.0,pce_vqa_L8,0,1085,0.6790123456790124
reg3,60,6,reg3_m60_s1,81.0,pce_vqa_L8,0,1302,0.6790123456790124
reg3,60,6,reg3_m60_s1,81.0,pce_vqa_L8,0,1519,0.6790123456790124
reg3,60,6,reg3_m60_s1,81.0,pce_vqa_L8,0,1953,0.7037037037037037
reg3,60,6,reg3_m60_s1,81.0,pce_vqa_L8,0,2170,0.7283950617283951
reg3,60,6,reg3_m60_s1,81.0,pce_vqa_L8,0,2821,0.8024691358024691
reg3,60,6,reg3_m60_s1,81.0,pce_vqa_L8,0,3255,0.8024691358024691
reg3,60,6,reg3_m60_s1,81.0,pce_vqa_L8,0,4123,0.7901234567901234
reg3,60,6,reg3_m60_s1,81.0,pce_vqa_L8,0,4991,0.8024691358024691
reg3,60,6,reg3_m60_s1,81.0,pce_vqa_L8,0,5859,0.8148148148148148
reg3,60,6,reg3_m60_s1,81.0,pce_vqa_L8,0,7161,0.8024691358024691
reg3,60,6,reg3_m60_s1,81.0,pce_vqa_L8,0,8897,0.7901234567901234
reg3,60,6,reg3_m60_s1,81.0,pce_vqa_L8,0,10633,0.8024691358024691
reg3,60,6,reg3_m60_s1,81.0,pce_vqa_L8,0,13020,0.8271604938271605
reg3,60,6,reg3_m60_s1,81.0,pce_vqa_L8,0,15841,0.8271604938271605
reg3,60,6,reg3_m60_s1,81.0,pce_vqa_L8,0,19096,0.7901234567901234
reg3,60,6,reg3_m60_s1,81.0,pce_vqa_L8,0,23219,0.8518518518518519
reg3,60,6,reg3_m60_s1,81.0,pce_vqa_L8,0,28427,0.8641975308641975
reg3,60,6,reg3_m60_s1,81.0,pce_vqa_L8,0,34503,0.8765432098765432
reg3,60,6,reg3_m60_s1,81.0,pce_vqa_L8,0,41881,0.8765432098765432
reg3,60,6,reg3_m60_s1,81.0,pce_vqa_L8,0,50778,0.8765432098765432
reg3,60,6,reg3_m60_s1,81.0,pce_vqa_L8,0,61845,0.8888888888888888
reg3,60,6,reg3_m60_s1,81.0,pce_vqa_L8,0,75082,0.9259259259259259
reg3,60,6,reg3_m60_s1,81.0,pce_vqa_L8,0,91357,0.9382716049382716
reg3,60,6,reg3_m60_s1,81.0,pce_vqa_L8,0,110887,0.9382716049382716
reg3,60,6,reg3_m60_s1,81.0,pce_vqa_L8,0,134757,0.9382716049382716
reg3,60,6,reg3_m60_s1,81.0,pce_vqa_L8,0,163835,0.9382716049382716
reg3,60,6,reg3_m60_s1,81.0,pce_vqa_L8,0,198989,0.9382716049382716
reg3,60,6,reg3_m60_s1,81.0,pce_vqa_L8,0,241955,0.9382716049382716
reg3,60,6,reg3_m60_s1,81.0,pce_vqa_L8,0,293818,0.9382716049382716
reg3,60,6,reg3_m60_s1,81.0,pce_vqa_L8,0,357182,0.9382716049382716
reg3,60,6,reg3_m60_s1,81.0,pce_vqa_L8,0,434000,0.9382716049382716
reg3,60,6,reg3_m60_s1,81.0,pce_vqa_L8,1,217,0.6419753086419753
reg3,60,6,reg3_m60_s1,81.0,pce_vqa_L8,1,434,0.6666666666666666
reg3,60,6,reg3_m60_s1,81.0,pce_vqa_L8,1,651,0.6666666666666666
reg3,60,6,reg3_m60_s1,81.0,pce_vqa_L8,1,868,0.6666666666666666
reg3,60,6,reg3_m60_s1,81.0,pce_vqa_L8,1,1085,0.6666666666666666
reg3,60,6,reg3_m60_s1,81.0,pce_vqa_L8,1,1302,0.6790123456790124
reg3,60,6,reg3_m60_s1,81.0,pce_vqa_L8,1,1519,0.6790123456790124
reg3,60,6,reg3_m60_s1,81.0,pce_vqa_L8,1,1953,0.6790123456790124
reg3,60,6,reg3_m60_s1,81.0,pce_vqa_L8,1,2170,0.6790123456790124
reg3,60,6,reg3_m60_s1,81.0,pce_vqa_L8,1,2821,0.691358024691358
reg3,60,6,reg3_m60_s1,81.0,pce_vqa_L8,1,3255,0.7037037037037037
reg3,60,6,reg3_m60_s1,81.0,pce_vqa_L8,1,4123,0.7654320987654321
reg3,60,6,reg3_m60_s1,81.0,pce_vqa_L8,1,4991,0.7530864197530864
reg3,60,6,reg3_m60_s1,81.0,pce_vqa_L8,1,5859,0.7530864197530864
reg3,60,6,reg3_m60_s1,81.0,pce_vqa_L8,1,7161,0.8024691358024691
reg3,60,6,reg3_m60_s1,81.0,pce_vqa_L8,1,8897,0.8148148148148148
reg3,60,6,reg3_m60_s1,81.0,pce_vqa_L8,1,10633,0.8148148148148148
reg3,60,6,reg3_m60_s1,81.0,pce_vqa_L8,1,13020,0.8148148148148148
reg3,60,6,reg3_m60_s1,81.0,pce_vqa_L8,1,15841,0.8271604938271605
reg3,60,6,reg3_m60_s1,81.0,pce_vqa_L8,1,19096,0.8395061728395061
reg3,60,6,reg3_m60_s1,81.0,pce_vqa_L8,1,23219,0.8395061728395061
reg3,60,6,reg3_m60_s1,81.0,pce_vqa_L8,1,28427,0.8395061728395061
reg3,60,6,reg3_m60_s1,81.0,pce_vqa_L8,1,34503,0.8518518518518519
reg3,60,6,reg3_m60_s1,81.0,pce_vqa_L8,1,41881,0.8888888888888888
reg3,60,6,reg3_m60_s1,81.0,pce_vqa_L8,1,50778,0.8888888888888888
reg3,60,6,reg3_m60_s1,81.0,pce_vqa_L8,1,61845,0.9012345679012346
reg3,60,6,reg3_m60_s1,81.0,pce_vqa_L8,1,75082,0.9135802469135802
reg3,60,6,reg3_m60_s1,81.0,pce_vqa_L8,1,91357,0.9135802469135802
reg3,60,6,reg3_m60_s1,81.0,pce_vqa_L8,1,110887,0.9135802469135802
reg3,60,6,reg3_m60_s1,81.0,pce_vqa_L8,1,134757,0.9135802469135802
reg3,60,6,reg3_m60_s1,81.0,pce_vqa_L8,1,163835,0.9135802469135802
reg3,60,6,reg3_m60_s1,81.0,pce_vqa_L8,1,198989,0.9135802469135802
reg3,60,6,reg3_m60_s1,81.0,pce_vqa_L8,1,241955,0.9135802469135802
reg3,60,6,reg3_m60_s1,81.0,pce_vqa_L8,1,293818,0.9259259259259259
reg3,60,6,reg3_m60_s1,81.0,pce_vqa_L8,1,357182,0.9259259259259259
reg3,60,6,reg3_m60_s1,81.0,pce_vqa_L8,1,414904,0.9259259259259259
reg3,252,9,reg3_m252_s0,348.0,genpce_es,0,10,0.5229885057471264
reg3,252,9,reg3_m252_s0,348.0,genpce_es,0,60,0.5948275862068966
reg3,252,9,reg3_m252_s0,348.0,genpce_es,0,110,0.6063218390804598
reg3,252,9,reg3_m252_s0,348.0,genpce_es,0,160,0.646551724137931
reg3,252,9,reg3_m252_s0,348.0,genpce_es,0,210,0.646551724137931
reg3,252,9,reg3_m252_s0,348.0,genpce_es,0,260,0.646551724137931
reg3,252,9,reg3_m252_s0,348.0,genpce_es,0,310,0.646551724137931
reg3,252,9,reg3_m252_s0,348.0,genpce_es,0,360,0.646551724137931
reg3,252,9,reg3_m252_s0,348.0,genpce_es,0,410,0.6436781609195402
reg3,252,9,reg3_m252_s0,348.0,genpce_es,0,460,0.6436781609195402
reg3,252,9,reg3_m252_s0,348.0,genpce_es,0,510,0.6436781609195402
reg3,252,9,reg3_m252_s0,348.0,genpce_es,0,560,0.6436781609195402
reg3,252,9,reg3_m252_s0,348.0,genpce_es,0,610,0.6436781609195402
reg3,252,9,reg3_m252_s0,348.0,genpce_es,0,660,0.6609195402298851
reg3,252,9,reg3_m252_s0,348.0,genpce_es,0,710,0.6609195402298851
reg3,252,9,reg3_m252_s0,348.0,genpce_es,0,760,0.6666666666666666
reg3,252,9,reg3_m252_s0,348.0,genpce_es,0,810,0.6695402298850575
reg3,252,9,reg3_m252_s0,348.0,genpce_es,0,860,0.6695402298850575
reg3,252,9,reg3_m252_s0,348.0,genpce_es,0,910,0.6695402298850575
reg3,252,9,reg3_m252_s0,348.0,genpce_es,0,960,0.6666666666666666
reg3,252,9,reg3_m252_s0,348.0,genpce_es,0,1010,0.6666666666666666
reg3,252,9,reg3_m252_s0,348.0,genpce_es,0,1060,0.6666666666666666
reg3,252,9,reg3_m252_s0,348.0,genpce_es,0,1110,0.6781609195402298
reg3,252,9,reg3_m252_s0,348.0,genpce_es,0,1160,0.6781609195402298
reg3,252,9,reg3_m252_s0,348.0,genpce_es,0,1210,0.6781609195402298
reg3,252,9,reg3_m252_s0,348.0,genpce_es,0,1260,0.6781609195402298
reg3,252,9,reg3_m252_s0,348.0,genpce_es,0,1310,0.6781609195402298
reg3,252,9,reg3_m252_s0,348.0,genpce_es,0,1360,0.6781609195402298
reg3,252,9,reg3_m252_s0,348.0,genpce_es,0,1410,0.6781609195402298
reg3,252,9,reg3_m252_s0,348.0,genpce_es,0,1460,0.6781609195402298
reg3,252,9,reg3_m252_s0,348.0,genpce_es,0,1510,0.6781609195402298
reg3,252,9,reg3_m252_s0,348.0,genpce_es,0,1560,0.6839080459770115
reg3,252,9,reg3_m252_s0,348.0,genpce_es,0,1610,0.6839080459770115
reg3,252,9,reg3_m252_s0,348.0,genpce_es,0,1660,0.6839080459770115
reg3,252,9,reg3_m252_s0,348.0,genpce_es,0,1710,0.6839080459770115
reg3,252,9,reg3_m252_s0,348.0,genpce_es,0,1760,0.6839080459770115
reg3,252,9,reg3_m252_s0,348.0,genpce_es,0,1810,0.6839080459770115
reg3,252,9,reg3_m252_s0,348.0,genpce_es,0,1860,0.6839080459770115
reg3,252,9,reg3_m252_s0,348.0,genpce_es,0,1910,0.6839080459770115
reg3,252,9,reg3_m252_s0,348.0,genpce_es,0,1960,0.6839080459770115
reg3,252,9,reg3_m252_s0,348.0,genpce_es,0,2010,0.6839080459770115
reg3,252,9,reg3_m252_s0,348.0,genpce_es,0,2060,0.6839080459770115
reg3,252,9,reg3_m252_s0,348.0,genpce_es,0,2110,0.6839080459770115
reg3,252,9,reg3_m252_s0,348.0,genpce_es,0,2160,0.6839080459770115
reg3,252,9,reg3_m252_s0,348.0,genpce_es,0,2210,0.6839080459770115
reg3,252,9,reg3_m252_s0,348.0,genpce_es,0,2260,0.6839080459770115
reg3,252,9,reg3_m252_s0,348.0,genpce_es,0,2310,0.6867816091954023
reg3,252,9,reg3_m252_s0,348.0,genpce_es,0,2360,0.6867816091954023
reg3,252,9,reg3_m252_s0,348.0,genpce_es,0,2410,0.6867816091954023
reg3,252,9,reg3_m252_s0,348.0,genpce_es,0,2460,0.6867816091954023
reg3,252,9,reg3_m252_s0,348.0,genpce_es,0,2510,0.6867816091954023
reg3,252,9,reg3_m252_s0,348.0,genpce_es,0,2560,0.6867816091954023
reg3,252,9,reg3_m252_s0,348.0,genpce_es,0,2610,0.6867816091954023
reg3,252,9,reg3_m252_s0,348.0,genpce_es,0,2660,0.6867816091954023
reg3,252,9,reg3_m252_s0,348.0,genpce_es,0,2710,0.6867816091954023
reg3,252,9,reg3_m252_s0,348.0,genpce_es,0,2760,0.6867816091954023
reg3,252,9,reg3_m252_s0,348.0,genpce_es,0,2810,0.6925287356321839
reg3,252,9,reg3_m252_s0,348.0,genpce_es,0,2860,0.6925287356321839
reg3,252,9,reg3_m252_s0,348.0,genpce_es,0,2910,0.6867816091954023
reg3,252,9,reg3_m252_s0,348.0,genpce_es,0,2960,0.6867816091954023
reg3,252,9,reg3_m252_s0,348.0,genpce_es,0,3010,0.6982758620689655
reg3,252,9,reg3_m252_s0,348.0,genpce_es,0,3060,0.6982758620689655
reg3,252,9,reg3_m252_s0,348.0,genpce_es,0,3110,0.6982758620689655
reg3,252,9,reg3_m252_s0,348.0,genpce_es,0,3160,0.6982758620689655
reg3,252,9,reg3_m252_s0,348.0,genpce_es,0,3210,0.6982758620689655
reg3,252,9,reg3_m252_s0,348.0,genpce_es,0,3260,0.6982758620689655
reg3,252,9,reg3_m252_s0,348.0,genpce_es,0,3310,0.6954022988505747
reg3,252,9,reg3_m252_s0,348.0,genpce_es,0,3360,0.6982758620689655
reg3,252,9,reg3_m252_s0,348.0,genpce_es,0,3410,0.6982758620689655
reg3,252,9,reg3_m252_s0,348.0,genpce_es,0,3460,0.6982758620689655
reg3,252,9,reg3_m252_s0,348.0,genpce_es,0,3510,0.6982758620689655
reg3,252,9,reg3_m252_s0,348.0,genpce_es,0,3560,0.7040229885057471
reg3,252,9,reg3_m252_s0,348.0,genpce_es,0,3610,0.7040229885057471
reg3,252,9,reg3_m252_s0,348.0,genpce_es,0,3660,0.7040229885057471
reg3,252,9,reg3_m252_s0,348.0,genpce_es,0,3710,0.7040229885057471
reg3,252,9,reg3_m252_s0,348.0,genpce_es,0,3760,0.7040229885057471
reg3,252,9,reg3_m252_s0,348.0,genpce_es,0,3810,0.7040229885057471
reg3,252,9,reg3_m252_s0,348.0,genpce_es,0,3860,0.7040229885057471
reg3,252,9,reg3_m252_s0,348.0,genpce_es,0,3910,0.7040229885057471
reg3,252,9,reg3_m252_s0,348.0,genpce_es,0,3960,0.7040229885057471
reg3,252,9,reg3_m252_s0,348.0,genpce_es,0,4010,0.7040229885057471
reg3,252,9,reg3_m252_s0,348.0,genpce_es,0,4060,0.7040229885057471
reg3,252,9,reg3_m252_s0,348.0,genpce_es,0,4110,0.7040229885057471
reg3,252,9,reg3_m252_s0,348.0,genpce_es,0,4160,0.7040229885057471
reg3,252,9,reg3_m252_s0,348.0,genpce_es,0,4210,0.7068965517241379
reg3,252,9,reg3_m252_s0,348.0,genpce_es,0,4260,0.7068965517241379
reg3,252,9,reg3_m252_s0,348.0,genpce_es,0,4310,0.7126436781609196
reg3,252,9,reg3_m252_s0,348.0,genpce_es,0,4360,0.7126436781609196
reg3,252,9,reg3_m252_s0,348.0,genpce_es,0,4410,0.7126436781609196
reg3,252,9,reg3_m252_s0,348.0,genpce_es,0,4460,0.7126436781609196
reg3,252,9,reg3_m252_s0,348.0,genpce_es,0,4510,0.7126436781609196
reg3,252,9,reg3_m252_s0,348.0,genpce_es,0,4560,0.7126436781609196
reg3,252,9,reg3_m252_s0,348.0,genpce_es,0,4610,0.7126436781609196
reg3,252,9,reg3_m252_s0,348.0,genpce_es,0,4660,0.7126436781609196
reg3,252,9,reg3_m252_s0,348.0,genpce_es,0,4710,0.7126436781609196
reg3,252,9,reg3_m252_s0,348.0,genpce_es,0,4760,0.7126436781609196
reg3,252,9,reg3_m252_s0,348.0,genpce_es,0,4810,0.7126436781609196
reg3,252,9,reg3_m252_s0,348.0,genpce_es,0,4860,0.7126436781609196
reg3,252,9,reg3_m252_s0,348.0,genpce_es,0,4910,0.7126436781609196
reg3,252,9,reg3_m252_s0,348.0,genpce_es,0,4960,0.7126436781609196
reg3,252,9,reg3_m252_s0,348.0,genpce_es,0,5010,0.7126436781609196
reg3,252,9,reg3_m252_s0,348.0,genpce_es,0,5060,0.7126436781609196
reg3,252,9,reg3_m252_s0,348.0,genpce_es,0,5110,0.7126436781609196
reg3,252,9,reg3_m252_s0,348.0,genpce_es,0,5160,0.7126436781609196
reg3,252,9,reg3_m252_s0,348.0,genpce_es,0,5210,0.7155172413793104
reg3,252,9,reg3_m252_s0,348.0,genpce_es,0,5260,0.7155172413793104
reg3,252,9,reg3_m252_s0,348.0,genpce_es,0,5310,0.7155172413793104
reg3,252,9,reg3_m252_s0,348.0,genpce_es,0,5360,0.7155172413793104
reg3,252,9,reg3_m252_s0,348.0,genpce_es,0,5410,0.7155172413793104
reg3,252,9,reg3_m252_s0,348.0,genpce_es,0,5460,0.7155172413793104
reg3,252,9,reg3_m252_s0,348.0,genpce_es,0,5510,0.7155172413793104
reg3,252,9,reg3_m252_s0,348.0,genpce_es,0,5560,0.7155172413793104
reg3,252,9,reg3_m252_s0,348.0,genpce_es,0,5610,0.7155172413793104
reg3,252,9,reg3_m252_s0,348.0,genpce_es,0,5660,0.7155172413793104
reg3,252,9,reg3_m252_s0,348.0,genpce_es,0,5710,0.7155172413793104
reg3,252,9,reg3_m252_s0,348.0,genpce_es,0,5760,0.7155172413793104
reg3,252,9,reg3_m252_s0,348.0,genpce_es,0,5810,0.7155172413793104
reg3,252,9,reg3_m252_s0,348.0,genpce_es,0,5860,0.7155172413793104
reg3,252,9,reg3_m252_s0,348.0,genpce_es,0,5910,0.7155172413793104
reg3,252,9,reg3_m252_s0,348.0,genpce_es,0,5960,0.7155172413793104
reg3,252,9,reg3_m252_s0,348.0,genpce_es,0,6010,0.7155172413793104
reg3,252,9,reg3_m252_s0,348.0,genpce_es,0,6060,0.7155172413793104
reg3,252,9,reg3_m252_s0,348.0,genpce_es,0,6110,0.7155172413793104
reg3,252,9,reg3_m252_s0,348.0,genpce_es,0,6160,0.7155172413793104
reg3,252,9,reg3_m252_s0,348.0,genpce_es,0,6210,0.7155172413793104
reg3,252,9,reg3_m252_s0,348.0,genpce_es,0,6260,0.7155172413793104
reg3,252,9,reg3_m252_s0,348.0,genpce_es,0,6310,0.7155172413793104
reg3,252,9,reg3_m252_s0,348.0,genpce_es,0,6360,0.7155172413793104
reg3,252,9,reg3_m252_s0,348.0,genpce_es,0,6410,0.7155172413793104
reg3,252,9,reg3_m252_s0,348.0,genpce_es,0,6460,0.7155172413793104
reg3,252,9,reg3_m252_s0,348.0,genpce_es,0,6510,0.7155172413793104
reg3,252,9,reg3_m252_s0,348.0,genpce_es,0,6560,0.7155172413793104
reg3,252,9,reg3_m252_s0,348.0,genpce_es,0,6610,0.7155172413793104
reg3,252,9,reg3_m252_s0,348.0,genpce_es,0,6660,0.7155172413793104
reg3,252,9,reg3_m252_s0,348.0,genpce_es,0,6710,0.7155172413793104
reg3,252,9,reg3_m252_s0,348.0,genpce_es,0,6760,0.7155172413793104
reg3,252,9,reg3_m252_s0,348.0,genpce_es,0,6810,0.7155172413793104
reg3,252,9,reg3_m252_s0,348.0,genpce_es,0,6860,0.7155172413793104
reg3,252,9,reg3_m252_s0,348.0,genpce_es,0,6910,0.7155172413793104
reg3,252,9,reg3_m252_s0,348.0,genpce_es,0,6960,0.7155172413793104
reg3,252,9,reg3_m252_s0,348.0,genpce_es,0,7010,0.7155172413793104
reg3,252,9,reg3_m252_s0,348.0,genpce_es,0,7060,0.7155172413793104
reg3,252,9,reg3_m252_s0,348.0,genpce_es,0,7110,0.7155172413793104
reg3,252,9,reg3_m252_s0,348.0,genpce_es,0,7160,0.7155172413793104
reg3,252,9,reg3_m252_s0,348.0,genpce_es,0,7210,0.7155172413793104
reg3,252,9,reg3_m252_s0,348.0,genpce_es,0,7260,0.7155172413793104
reg3,252,9,reg3_m252_s0,348.0,genpce_es,0,7310,0.7155172413793104
reg3,252,9,reg3_m252_s0,348.0,genpce_es,0,7360,0.7155172413793104
reg3,252,9,reg3_m252_s0,348.0,genpce_es,0,7410,0.7155172413793104
reg3,252,9,reg3_m252_s0,348.0,genpce_es,0,7460,0.7155172413793104
reg3,252,9,reg3_m252_s0,348.0,genpce_es,0,7510,0.7155172413793104
reg3,252,9,reg3_m252_s0,348.0,genpce_es,0,7560,0.7155172413793104
reg3,252,9,reg3_m252_s0,348.0,genpce_es,0,7610,0.7155172413793104
reg3,252,9,reg3_m252_s0,348.0,genpce_es,0,7660,0.7155172413793104
reg3,252,9,reg3_m252_s0,348.0,genpce_es,0,7710,0.7155172413793104
reg3,252,9,reg3_m252_s0,348.0,genpce_es,0,7760,0.7155172413793104
reg3,252,9,reg3_m252_s0,348.0,genpce_es,0,7810,0.7155172413793104
reg3,252,9,reg3_m252_s0,348.0,genpce_es,0,7860,0.7155172413793104
reg3,252,9,reg3_m252_s0,348.0,genpce_es,0,7910,0.7155172413793104
reg3,252,9,reg3_m252_s0,348.0,genpce_es,0,7960,0.7155172413793104
reg3,252,9,reg3_m252_s0,348.0,genpce_es,0,8010,0.7155172413793104
reg3,252,9,reg3_m252_s0,348.0,genpce_es,0,8060,0.7212643678160919
reg3,252,9,reg3_m252_s0,348.0,genpce_es,0,8110,0.7212643678160919
reg3,252,9,reg3_m252_s0,348.0,genpce_es,0,8160,0.7212643678160919
reg3,252,9,reg3_m252_s0,348.0,genpce_es,0,8210,0.7212643678160919
reg3,252,9,reg3_m252_s0,348.0,genpce_es,0,8260,0.7212643678160919
reg3,252,9,reg3_m252_s0,348.0,genpce_es,0,8310,0.7212643678160919
reg3,252,9,reg3_m252_s0,348.0,genpce_es,0,8360,0.7212643678160919
reg3,252,9,reg3_m252_s0,348.0,genpce_es,0,8410,0.7212643678160919
reg3,252,9,reg3_m252_s0,348.0,genpce_es,0,8460,0.7212643678160919
reg3,252,9,reg3_m252_s0,348.0,genpce_es,0,8510,0.7212643678160919
reg3,252,9,reg3_m252_s0,348.0,genpce_es,0,8560,0.7212643678160919
reg3,252,9,reg3_m252_s0,348.0,genpce_es,0,8610,0.7212643678160919
reg3,252,9,reg3_m252_s0,348.0,genpce_es,0,8660,0.7212643678160919
reg3,252,9,reg3_m252_s0,348.0,genpce_es,0,8710,0.7212643678160919
reg3,252,9,reg3_m252_s0,348.0,genpce_es,0,8760,0.7212643678160919
reg3,252,9,reg3_m252_s0,348.0,genpce_es,0,8810,0.7212643678160919
reg3,252,9,reg3_m252_s0,348.0,genpce_es,0,8860,0.7212643678160919
reg3,252,9,reg3_m252_s0,348.0,genpce_es,0,8910,0.7212643678160919
reg3,252,9,reg3_m252_s0,348.0,genpce_es,0,8960,0.7212643678160919
reg3,252,9,reg3_m252_s0,348.0,genpce_es,0,9010,0.7212643678160919
reg3,252,9,reg3_m252_s0,348.0,genpce_es,0,9060,0.7212643678160919
reg3,252,9,reg3_m252_s0,348.0,genpce_es,0,9110,0.7212643678160919
reg3,252,9,reg3_m252_s0,348.0,genpce_es,0,9160,0.7212643678160919
reg3,252,9,reg3_m252_s0,348.0,genpce_es,0,9210,0.7212643678160919
reg3,252,9,reg3_m252_s0,348.0,genpce_es,0,9260,0.7212643678160919
reg3,252,9,reg3_m252_s0,348.0,genpce_es,0,9310,0.7212643678160919
reg3,252,9,reg3_m252_s0,348.0,genpce_es,0,9360,0.7212643678160919
reg3,252,9,reg3_m252_s0,348.0,genpce_es,0,9410,0.7212643678160919
reg3,252,9,reg3_m252_s0,348.0,genpce_es,0,9460,0.7212643678160919
reg3,252,9,reg3_m252_s0,348.0,genpce_es,0,9510,0.7212643678160919
reg3,252,9,reg3_m252_s0,348.0,genpce_es,0,9560,0.7212643678160919
reg3,252,9,reg3_m252_s0,348.0,genpce_es,0,9610,0.7212643678160919
reg3,252,9,reg3_m252_s0,348.0,genpce_es,0,9660,0.7212643678160919
reg3,252,9,reg3_m252_s0,348.0,genpce_es,0,9710,0.7212643678160919
reg3,252,9,reg3_m252_s0,348.0,genpce_es,0,9760,0.7212643678160919
reg3,252,9,reg3_m252_s0,348.0,genpce_es,0,9810,0.7212643678160919
reg3,252,9,reg3_m252_s0,348.0,genpce_es,0,9860,0.7212643678160919
reg3,252,9,reg3_m252_s0,348.0,genpce_es,0,9910,0.7212643678160919
reg3,252,9,reg3_m252_s0,348.0,genpce_es,0,9960,0.7212643678160919
reg3,252,9,reg3_m252_s0,348.0,genpce_es,0,10010,0.7212643678160919
reg3,252,9,reg3_m252_s0,348.0,genpce_es,0,10060,0.7212643678160919
reg3,252,9,reg3_m252_s0,348.0,genpce_es,0,10110,0.7212643678160919
reg3,252,9,reg3_m252_s0,348.0,genpce_es,0,10160,0.7212643678160919
reg3,252,9,reg3_m252_s0,348.0,genpce_es,0,10210,0.7212643678160919
reg3,252,9,reg3_m252_s0,348.0,genpce_es,0,10260,0.7212643678160919
reg3,252,9,reg3_m252_s0,348.0,genpce_es,0,10310,0.7212643678160919
reg3,252,9,reg3_m252_s0,348.0,genpce_es,0,10360,0.7212643678160919
reg3,252,9,reg3_m252_s0,348.0,genpce_es,0,10410,0.7212643678160919
reg3,252,9,reg3_m252_s0,348.0,genpce_es,0,10460,0.7212643678160919
reg3,252,9,reg3_m252_s0,348.0,genpce_es,0,10510,0.7212643678160919
reg3,252,9,reg3_m252_s0,348.0,genpce_es,0,10560,0.7212643678160919
reg3,252,9,reg3_m252_s0,348.0,genpce_es,0,10610,0.7212643678160919
reg3,252,9,reg3_m252_s0,348.0,genpce_es,0,10660,0.7212643678160919
reg3,252,9,reg3_m252_s0,348.0,genpce_es,0,10710,0.7212643678160919
reg3,252,9,reg3_m252_s0,348.0,genpce_es,0,10760,0.7212643678160919
reg3,252,9,reg3_m252_s0,348.0,genpce_es,0,10810,0.7212643678160919
reg3,252,9,reg3_m252_s0,348.0,genpce_es,0,10860,0.7212643678160919
reg3,252,9,reg3_m252_s0,348.0,genpce_es,0,10910,0.7212643678160919
reg3,252,9,reg3_m252_s0,348.0,genpce_es,0,10960,0.7212643678160919
reg3,252,9,reg3_m252_s0,348.0,genpce_es,0,11010,0.7212643678160919
reg3,252,9,reg3_m252_s0,348.0,genpce_es,0,11060,0.7212643678160919
reg3,252,9,reg3_m252_s0,348.0,genpce_es,0,11110,0.7212643678160919
reg3,252,9,reg3_m252_s0,348.0,genpce_es,0,11160,0.7212643678160919
reg3,252,9,reg3_m252_s0,348.0,genpce_es,0,11210,0.7212643678160919
reg3,252,9,reg3_m252_s0,348.0,genpce_es,0,11260,0.7212643678160919
reg3,252,9,reg3_m252_s0,348.0,genpce_es,0,11310,0.7212643678160919
reg3,252,9,reg3_m252_s0,348.0,genpce_es,0,11360,0.7212643678160919
reg3,252,9,reg3_m252_s0,348.0,genpce_es,0,11410,0.7212643678160919
reg3,252,9,reg3_m252_s0,348.0,genpce_es,0,11460,0.7212643678160919
reg3,252,9,reg3_m252_s0,348.0,genpce_es,0,11510,0.7212643678160919
reg3,252,9,reg3_m252_s0,348.0,genpce_es,0,11560,0.7212643678160919
reg3,252,9,reg3_m252_s0,348.0,genpce_es,0,11610,0.7212643678160919
reg3,252,9,reg3_m252_s0,348.0,genpce_es,0,11660,0.7212643678160919
reg3,252,9,reg3_m252_s0,348.0,genpce_es,0,11710,0.7212643678160919
reg3,252,9,reg3_m252_s0,348.0,genpce_es,0,11760,0.7212643678160919
reg3,252,9,reg3_m252_s0,348.0,genpce_es,0,11810,0.7212643678160919
reg3,252,9,reg3_m252_s0,348.0,genpce_es,0,11860,0.7212643678160919
reg3,252,9,reg3_m252_s0,348.0,genpce_es,0,11910,0.7212643678160919
reg3,252,9,reg3_m252_s0,348.0,genpce_es,0,11960,0.7212643678160919
reg3,252,9,reg3_m252_s0,348.0,genpce_es,0,12010,0.7212643678160919
reg3,252,9,reg3_m252_s0,348.0,genpce_es,0,12060,0.7212643678160919
reg3,252,9,reg3_m252_s0,348.0,genpce_es,0,12110,0.7212643678160919
reg3,252,9,reg3_m252_s0,348.0,genpce_es,0,12160,0.7212643678160919
reg3,252,9,reg3_m252_s0,348.0,genpce_es,0,12210,0.7212643678160919
reg3,252,9,reg3_m252_s0,348.0,genpce_es,0,12260,0.7212643678160919
reg3,252,9,reg3_m252_s0,348.0,genpce_es,0,12310,0.7212643678160919
reg3,252,9,reg3_m252_s0,348.0,genpce_es,0,12360,0.7212643678160919
reg3,252,9,reg3_m252_s0,348.0,genpce_es,0,12410,0.7212643678160919
reg3,252,9,reg3_m252_s0,348.0,genpce_es,0,12460,0.7212643678160919
reg3,252,9,reg3_m252_s0,348.0,genpce_es,0,12510,0.7212643678160919
reg3,252,9,reg3_m252_s0,348.0,genpce_es,0,12560,0.7212643678160919
reg3,252,9,reg3_m252_s0,348.0,genpce_es,0,12610,0.7212643678160919
reg3,252,9,reg3_m252_s0,348.0,genpce_es,0,12660,0.7212643678160919
reg3,252,9,reg3_m252_s0,348.0,genpce_es,0,12710,0.7212643678160919
reg3,252,9,reg3_m252_s0,348.0,genpce_es,0,12760,0.7212643678160919
reg3,252,9,reg3_m252_s0,348.0,genpce_es,0,12810,0.7212643678160919
reg3,252,9,reg3_m252_s0,348.0,genpce_es,0,12860,0.7212643678160919
reg3,252,9,reg3_m252_s0,348.0,genpce_es,0,12910,0.7212643678160919
reg3,252,9,reg3_m252_s0,348.0,genpce_es,0,12960,0.7212643678160919
reg3,252,9,reg3_m252_s0,348.0,genpce_es,0,13010,0.7212643678160919
reg3,252,9,reg3_m252_s0,348.0,genpce_es,0,13060,0.7212643678160919
reg3,252,9,reg3_m252_s0,348.0,genpce_es,0,13110,0.7212643678160919
reg3,252,9,reg3_m252_s0,348.0,genpce_es,0,13160,0.7212643678160919
reg3,252,9,reg3_m252_s0,348.0,genpce_es,0,13210,0.7212643678160919
reg3,252,9,reg3_m252_s0,348.0,genpce_es,0,13260,0.7212643678160919
reg3,252,9,reg3_m252_s0,348.0,genpce_es,0,13310,0.7241379310344828
reg3,252,9,reg3_m252_s0,348.0,genpce_es,0,13360,0.7241379310344828
reg3,252,9,reg3_m252_s0,348.0,genpce_es,0,13410,0.7241379310344828
reg3,252,9,reg3_m252_s0,348.0,genpce_es,0,13460,0.7241379310344828
reg3,252,9,reg3_m252_s0,348.0,genpce_es,0,13510,0.7241379310344828
reg3,252,9,reg3_m252_s0,348.0,genpce_es,0,13560,0.7241379310344828
reg3,252,9,reg3_m252_s0,348.0,genpce_es,0,13610,0.7241379310344828
reg3,252,9,reg3_m252_s0,348.0,genpce_es,0,13660,0.7241379310344828
reg3,252,9,reg3_m252_s0,348.0,genpce_es,0,13710,0.7241379310344828
reg3,252,9,reg3_m252_s0,348.0,genpce_es,0,13760,0.7241379310344828
reg3,252,9,reg3_m252_s0,348.0,genpce_es,0,13810,0.7241379310344828
reg3,252,9,reg3_m252_s0,348.0,genpce_es,0,13860,0.7241379310344828
reg3,252,9,reg3_m252_s0,348.0,genpce_es,0,13910,0.7241379310344828
reg3,252,9,reg3_m252_s0,348.0,genpce_es,0,13960,0.7241379310344828
reg3,252,9,reg3_m252_s0,348.0,genpce_es,0,14010,0.7241379310344828
reg3,252,9,reg3_m252_s0,348.0,genpce_es,0,14060,0.7241379310344828
reg3,252,9,reg3_m252_s0,348.0,genpce_es,0,14110,0.7241379310344828
reg3,252,9,reg3_m252_s0,348.0,genpce_es,0,14160,0.7241379310344828
reg3,252,9,reg3_m252_s0,348.0,genpce_es,0,14210,0.7241379310344828
reg3,252,9,reg3_m252_s0,348.0,genpce_es,0,14260,0.7241379310344828
reg3,252,9,reg3_m252_s0,348.0,genpce_es,0,14310,0.7241379310344828
reg3,252,9,reg3_m252_s0,348.0,genpce_es,0,14360,0.7241379310344828
reg3,252,9,reg3_m252_s0,348.0,genpce_es,0,14410,0.7241379310344828
reg3,252,9,reg3_m252_s0,348.0,genpce_es,0,14460,0.7241379310344828
reg3,252,9,reg3_m252_s0,348.0,genpce_es,0,14510,0.7241379310344828
reg3,252,9,reg3_m252_s0,348.0,genpce_es,0,14560,0.7241379310344828
reg3,252,9,reg3_m252_s0,348.0,genpce_es,0,14610,0.7241379310344828
reg3,252,9,reg3_m252_s0,348.0,genpce_es,0,14660,0.7241379310344828
reg3,252,9,reg3_m252_s0,348.0,genpce_es,0,14710,0.7241379310344828
reg3,252,9,reg3_m252_s0,348.0,genpce_es,0,14760,0.7241379310344828
reg3,252,9,reg3_m252_s0,348.0,genpce_es,0,14810,0.7241379310344828
reg3,252,9,reg3_m252_s0,348.0,genpce_es,0,14860,0.7241379310344828
reg3,252,9,reg3_m252_s0,348.0,genpce_es,0,14910,0.7241379310344828
reg3,252,9,reg3_m252_s0,348.0,genpce_es,0,14960,0.7241379310344828
reg3,252,9,reg3_m252_s0,348.0,genpce_es,0,15010,0.7241379310344828
reg3,252,9,reg3_m252_s0,348.0,genpce_es,0,15060,0.7241379310344828
reg3,252,9,reg3_m252_s0,348.0,genpce_es,0,15110,0.7241379310344828
reg3,252,9,reg3_m252_s0,348.0,genpce_es,0,15160,0.7241379310344828
reg3,252,9,reg3_m252_s0,348.0,genpce_es,0,15210,0.7241379310344828
reg3,252,9,reg3_m252_s0,348.0,genpce_es,0,15260,0.7241379310344828
reg3,252,9,reg3_m252_s0,348.0,genpce_es,0,15310,0.7241379310344828
reg3,252,9,reg3_m252_s0,348.0,genpce_es,0,15360,0.7241379310344828
reg3,252,9,reg3_m252_s0,348.0,genpce_es,0,15410,0.7241379310344828
reg3,252,9,reg3_m252_s0,348.0,genpce_es,0,15460,0.7241379310344828
reg3,252,9,reg3_m252_s0,348.0,genpce_es,0,15510,0.7241379310344828
reg3,252,9,reg3_m252_s0,348.0,genpce_es,0,15560,0.7241379310344828
reg3,252,9,reg3_m252_s0,348.0,genpce_es,0,15610,0.7241379310344828
reg3,252,9,reg3_m252_s0,348.0,genpce_es,0,15660,0.7241379310344828
reg3,252,9,reg3_m252_s0,348.0,genpce_es,0,15710,0.7241379310344828
reg3,252,9,reg3_m252_s0,348.0,genpce_es,0,15760,0.7241379310344828
reg3,252,9,reg3_m252_s0,348.0,genpce_es,0,15810,0.7241379310344828
reg3,252,9,reg3_m252_s0,348.0,genpce_es,0,15860,0.7241379310344828
reg3,252,9,reg3_m252_s0,348.0,genpce_es,0,15910,0.7241379310344828
reg3,252,9,reg3_m252_s0,348.0,genpce_es,0,15960,0.7241379310344828
reg3,252,9,reg3_m252_s0,348.0,genpce_es,0,16010,0.7241379310344828
reg3,252,9,reg3_m252_s0,348.0,genpce_es,0,16060,0.7241379310344828
reg3,252,9,reg3_m252_s0,348.0,genpce_es,0,16110,0.7241379310344828
reg3,252,9,reg3_m252_s0,348.0,genpce_es,0,16160,0.7241379310344828
reg3,252,9,reg3_m252_s0,348.0,genpce_es,0,16210,0.7241379310344828
reg3,252,9,reg3_m252_s0,348.0,genpce_es,0,16260,0.7241379310344828
reg3,252,9,reg3_m252_s0,348.0,genpce_es,0,16310,0.7241379310344828
reg3,252,9,reg3_m252_s0,348.0,genpce_es,0,16360,0.7241379310344828
reg3,252,9,reg3_m252_s0,348.0,genpce_es,0,16410,0.7241379310344828
reg3,252,9,reg3_m252_s0,348.0,genpce_es,0,16460,0.7241379310344828
reg3,252,9,reg3_m252_s0,348.0,genpce_es,0,16510,0.7241379310344828
reg3,252,9,reg3_m252_s0,348.0,genpce_es,0,16560,0.7241379310344828
reg3,252,9,reg3_m252_s0,348.0,genpce_es,0,16610,0.7241379310344828
reg3,252,9,reg3_m252_s0,348.0,genpce_es,0,16660,0.7241379310344828
reg3,252,9,reg3_m252_s0,348.0,genpce_es,0,16710,0.7241379310344828
reg3,252,9,reg3_m252_s0,348.0,genpce_es,0,16760,0.7241379310344828
reg3,252,9,reg3_m252_s0,348.0,genpce_es,0,16810,0.7241379310344828
reg3,252,9,reg3_m252_s0,348.0,genpce_es,0,16860,0.7241379310344828
reg3,252,9,reg3_m252_s0,348.0,genpce_es,0,16910,0.7241379310344828
reg3,252,9,reg3_m252_s0,348.0,genpce_es,0,16960,0.7241379310344828
reg3,252,9,reg3_m252_s0,348.0,genpce_es,0,17010,0.7241379310344828
reg3,252,9,reg3_m252_s0,348.0,genpce_es,0,17060,0.7241379310344828
reg3,252,9,reg3_m252_s0,348.0,genpce_es,0,17110,0.7241379310344828
reg3,252,9,reg3_m252_s0,348.0,genpce_es,0,17160,0.7241379310344828
reg3,252,9,reg3_m252_s0,348.0,genpce_es,0,17210,0.7241379310344828
reg3,252,9,reg3_m252_s0,348.0,genpce_es,0,17260,0.7241379310344828
reg3,252,9,reg3_m252_s0,348.0,genpce_es,0,17310,0.7241379310344828
reg3,252,9,reg3_m252_s0,348.0,genpce_es,0,17360,0.7241379310344828
reg3,252,9,reg3_m252_s0,348.0,genpce_es,0,17410,0.7241379310344828
reg3,252,9,reg3_m252_s0,348.0,genpce_es,0,17460,0.7241379310344828
reg3,252,9,reg3_m252_s0,348.0,genpce_es,0,17510,0.7241379310344828
reg3,252,9,reg3_m252_s0,348.0,genpce_es,0,17560,0.7241379310344828
reg3,252,9,reg3_m252_s0,348.0,genpce_es,0,17610,0.7241379310344828
reg3,252,9,reg3_m252_s0,348.0,genpce_es,0,17660,0.7241379310344828
reg3,252,9,reg3_m252_s0,348.0,genpce_es,0,17710,0.7241379310344828
reg3,252,9,reg3_m252_s0,348.0,genpce_es,0,17760,0.7241379310344828
reg3,252,9,reg3_m252_s0,348.0,genpce_es,0,17810,0.7241379310344828
reg3,252,9,reg3_m252_s0,348.0,genpce_es,0,17860,0.7241379310344828
reg3,252,9,reg3_m252_s0,348.0,genpce_es,0,17910,0.7241379310344828
reg3,252,9,reg3_m252_s0,348.0,genpce_es,0,17960,0.7241379310344828
reg3,252,9,reg3_m252_s0,348.0,genpce_es,0,18010,0.7241379310344828
reg3,252,9,reg3_m252_s0,348.0,genpce_es,0,18060,0.7241379310344828
reg3,252,9,reg3_m252_s0,348.0,genpce_es,0,18110,0.7241379310344828
reg3,252,9,reg3_m252_s0,348.0,genpce_es,0,18160,0.7241379310344828
reg3,252,9,reg3_m252_s0,348.0,genpce_es,0,18210,0.7241379310344828
reg3,252,9,reg3_m252_s0,348.0,genpce_es,0,18260,0.7241379310344828
reg3,252,9,reg3_m252_s0,348.0,genpce_es,0,18310,0.7241379310344828
reg3,252,9,reg3_m252_s0,348.0,genpce_es,0,18360,0.7241379310344828
reg3,252,9,reg3_m252_s0,348.0,genpce_es,0,18410,0.7241379310344828
reg3,252,9,reg3_m252_s0,348.0,genpce_es,0,18460,0.7241379310344828
reg3,252,9,reg3_m252_s0,348.0,genpce_es,0,18510,0.7241379310344828
reg3,252,9,reg3_m252_s0,348.0,genpce_es,0,18560,0.7241379310344828
reg3,252,9,reg3_m252_s0,348.0,genpce_es,0,18610,0.7241379310344828
reg3,252,9,reg3_m252_s0,348.0,genpce_es,0,18660,0.7241379310344828
reg3,252,9,reg3_m252_s0,348.0,genpce_es,0,18710,0.7241379310344828
reg3,252,9,reg3_m252_s0,348.0,genpce_es,0,18760,0.7241379310344828
reg3,252,9,reg3_m252_s0,348.0,genpce_es,0,18810,0.7241379310344828
reg3,252,9,reg3_m252_s0,348.0,genpce_es,0,18860,0.7241379310344828
reg3,252,9,reg3_m252_s0,348.0,genpce_es,0,18910,0.7241379310344828
reg3,252,9,reg3_m252_s0,348.0,genpce_es,0,18960,0.7241379310344828
reg3,252,9,reg3_m252_s0,348.0,genpce_es,0,19010,0.7241379310344828
reg3,252,9,reg3_m252_s0,348.0,genpce_es,0,19060,0.7241379310344828
reg3,252,9,reg3_m252_s0,348.0,genpce_es,0,19110,0.7241379310344828
reg3,252,9,reg3_m252_s0,348.0,genpce_es,0,19160,0.7241379310344828
reg3,252,9,reg3_m252_s0,348.0,genpce_es,0,19210,0.7241379310344828
reg3,252,9,reg3_m252_s0,348.0,genpce_es,0,19260,0.7241379310344828
reg3,252,9,reg3_m252_s0,348.0,genpce_es,0,19310,0.7241379310344828
reg3,252,9,reg3_m252_s0,348.0,genpce_es,0,19360,0.7241379310344828
reg3,252,9,reg3_m252_s0,348.0,genpce_es,0,19410,0.7241379310344828
reg3,252,9,reg3_m252_s0,348.0,genpce_es,0,19460,0.7241379310344828
reg3,252,9,reg3_m252_s0,348.0,genpce_es,0,19510,0.7241379310344828
reg3,252,9,reg3_m252_s0,348.0,genpce_es,0,19560,0.7241379310344828
reg3,252,9,reg3_m252_s0,348.0,genpce_es,0,19610,0.7241379310344828
reg3,252,9,reg3_m252_s0,348.0,genpce_es,0,19660,0.7241379310344828
reg3,252,9,reg3_m252_s0,348.0,genpce_es,0,19710,0.7241379310344828
reg3,252,9,reg3_m252_s0,348.0,genpce_es,0,19760,0.7241379310344828
reg3,252,9,reg3_m252_s0,348.0,genpce_es,0,19810,0.7241379310344828
reg3,252,9,reg3_m252_s0,348.0,genpce_es,0,19860,0.7241379310344828
reg3,252,9,reg3_m252_s0,348.0,genpce_es,0,19910,0.7241379310344828
reg3,252,9,reg3_m252_s0,348.0,genpce_es,0,19960,0.7241379310344828
reg3,252,9,reg3_m252_s0,348.0,genpce_es,0,20010,0.7241379310344828
reg3,252,9,reg3_m252_s0,348.0,random,0,50,0.6264367816091954
reg3,252,9,reg3_m252_s0,348.0,random,0,100,0.6264367816091954
reg3,252,9,reg3_m252_s0,348.0,random,0,150,0.6264367816091954
reg3,252,9,reg3_m252_s0,348.0,random,0,200,0.6264367816091954
reg3,252,9,reg3_m252_s0,348.0,random,0,250,0.6264367816091954
reg3,252,9,reg3_m252_s0,348.0,random,0,300,0.6264367816091954
reg3,252,9,reg3_m252_s0,348.0,random,0,350,0.6264367816091954
reg3,252,9,reg3_m252_s0,348.0,random,0,400,0.6264367816091954
reg3,252,9,reg3_m252_s0,348.0,random,0,450,0.6264367816091954
reg3,252,9,reg3_m252_s0,348.0,random,0,500,0.6264367816091954
reg3,252,9,reg3_m252_s0,348.0,random,0,550,0.6264367816091954
reg3,252,9,reg3_m252_s0,348.0,random,0,600,0.6264367816091954
reg3,252,9,reg3_m252_s0,348.0,random,0,650,0.6264367816091954
reg3,252,9,reg3_m252_s0,348.0,random,0,700,0.6264367816091954
reg3,252,9,reg3_m252_s0,348.0,random,0,750,0.6264367816091954
reg3,252,9,reg3_m252_s0,348.0,random,0,800,0.6264367816091954
reg3,252,9,reg3_m252_s0,348.0,random,0,850,0.6264367816091954
reg3,252,9,reg3_m252_s0,348.0,random,0,900,0.6264367816091954
reg3,252,9,reg3_m252_s0,348.0,random,0,950,0.6379310344827587
reg3,252,9,reg3_m252_s0,348.0,random,0,1000,0.6379310344827587
reg3,252,9,reg3_m252_s0,348.0,random,0,1050,0.6379310344827587
reg3,252,9,reg3_m252_s0,348.0,random,0,1100,0.6379310344827587
reg3,252,9,reg3_m252_s0,348.0,random,0,1150,0.6379310344827587
reg3,252,9,reg3_m252_s0,348.0,random,0,1200,0.6379310344827587
reg3,252,9,reg3_m252_s0,348.0,random,0,1250,0.6379310344827587
reg3,252,9,reg3_m252_s0,348.0,random,0,1300,0.6379310344827587
reg3,252,9,reg3_m252_s0,348.0,random,0,1350,0.6379310344827587
reg3,252,9,reg3_m252_s0,348.0,random,0,1400,0.6379310344827587
reg3,252,9,reg3_m252_s0,348.0,random,0,1450,0.6379310344827587
reg3,252,9,reg3_m252_s0,348.0,random,0,1500,0.6379310344827587
reg3,252,9,reg3_m252_s0,348.0,random,0,1550,0.6379310344827587
reg3,252,9,reg3_m252_s0,348.0,random,0,1600,0.6379310344827587
reg3,252,9,reg3_m252_s0,348.0,random,0,1650,0.6379310344827587
reg3,252,9,reg3_m252_s0,348.0,random,0,1700,0.6379310344827587
reg3,252,9,reg3_m252_s0,348.0,random,0,1750,0.6379310344827587
reg3,252,9,reg3_m252_s0,348.0,random,0,1800,0.6379310344827587
reg3,252,9,reg3_m252_s0,348.0,random,0,1850,0.6379310344827587
reg3,252,9,reg3_m252_s0,348.0,random,0,1900,0.6379310344827587
reg3,252,9,reg3_m252_s0,348.0,random,0,1950,0.6379310344827587
reg3,252,9,reg3_m252_s0,348.0,random,0,2000,0.6379310344827587
reg3,252,9,reg3_m252_s0,348.0,random,0,2050,0.6379310344827587
reg3,252,9,reg3_m252_s0,348.0,random,0,2100,0.6379310344827587
reg3,252,9,reg3_m252_s0,348.0,random,0,2150,0.6379310344827587
reg3,252,9,reg3_m252_s0,348.0,random,0,2200,0.6379310344827587
reg3,252,9,reg3_m252_s0,348.0,random,0,2250,0.6379310344827587
reg3,252,9,reg3_m252_s0,348.0,random,0,2300,0.6379310344827587
reg3,252,9,reg3_m252_s0,348.0,random,0,2350,0.6379310344827587
reg3,252,9,reg3_m252_s0,348.0,random,0,2400,0.6379310344827587
reg3,252,9,reg3_m252_s0,348.0,random,0,2450,0.6379310344827587
reg3,252,9,reg3_m252_s0,348.0,random,0,2500,0.6379310344827587
reg3,252,9,reg3_m252_s0,348.0,random,0,2550,0.6379310344827587
reg3,252,9,reg3_m252_s0,348.0,random,0,2600,0.6379310344827587
reg3,252,9,reg3_m252_s0,348.0,random,0,2650,0.6379310344827587
reg3,252,9,reg3_m252_s0,348.0,random,0,2700,0.6379310344827587
reg3,252,9,reg3_m252_s0,348.0,random,0,2750,0.6379310344827587
reg3,252,9,reg3_m252_s0,348.0,random,0,2800,0.6379310344827587
reg3,252,9,reg3_m252_s0,348.0,random,0,2850,0.6379310344827587
reg3,252,9,reg3_m252_s0,348.0,random,0,2900,0.6379310344827587
reg3,252,9,reg3_m252_s0,348.0,random,0,2950,0.6379310344827587
reg3,252,9,reg3_m252_s0,348.0,random,0,3000,0.6379310344827587
reg3,252,9,reg3_m252_s0,348.0,random,0,3050,0.6379310344827587
reg3,252,9,reg3_m252_s0,348.0,random,0,3100,0.6379310344827587
reg3,252,9,reg3_m252_s0,348.0,random,0,3150,0.6379310344827587
reg3,252,9,reg3_m252_s0,348.0,random,0,3200,0.6379310344827587
reg3,252,9,reg3_m252_s0,348.0,random,0,3250,0.6379310344827587
reg3,252,9,reg3_m252_s0,348.0,random,0,3300,0.6379310344827587
reg3,252,9,reg3_m252_s0,348.0,random,0,3350,0.6379310344827587
reg3,252,9,reg3_m252_s0,348.0,random,0,3400,0.6379310344827587
reg3,252,9,reg3_m252_s0,348.0,random,0,3450,0.6379310344827587
reg3,252,9,reg3_m252_s0,348.0,random,0,3500,0.6379310344827587
reg3,252,9,reg3_m252_s0,348.0,random,0,3550,0.6379310344827587
reg3,252,9,reg3_m252_s0,348.0,random,0,3600,0.6379310344827587
reg3,252,9,reg3_m252_s0,348.0,random,0,3650,0.6379310344827587
reg3,252,9,reg3_m252_s0,348.0,random,0,3700,0.6379310344827587
reg3,252,9,reg3_m252_s0,348.0,random,0,3750,0.6379310344827587
reg3,252,9,reg3_m252_s0,348.0,random,0,3800,0.6379310344827587
reg3,252,9,reg3_m252_s0,348.0,random,0,3850,0.6379310344827587
reg3,252,9,reg3_m252_s0,348.0,random,0,3900,0.6379310344827587
reg3,252,9,reg3_m252_s0,348.0,random,0,3950,0.6379310344827587
reg3,252,9,reg3_m252_s0,348.0,random,0,4000,0.6379310344827587
reg3,252,9,reg3_m252_s0,348.0,random,0,4050,0.6379310344827587
reg3,252,9,reg3_m252_s0,348.0,random,0,4100,0.6379310344827587
reg3,252,9,reg3_m252_s0,348.0,random,0,4150,0.6379310344827587
reg3,252,9,reg3_m252_s0,348.0,random,0,4200,0.6379310344827587
reg3,252,9,reg3_m252_s0,348.0,random,0,4250,0.6379310344827587
reg3,252,9,reg3_m252_s0,348.0,random,0,4300,0.6379310344827587
reg3,252,9,reg3_m252_s0,348.0,random,0,4350,0.6379310344827587
reg3,252,9,reg3_m252_s0,348.0,random,0,4400,0.6379310344827587
reg3,252,9,reg3_m252_s0,348.0,random,0,4450,0.6379310344827587
reg3,252,9,reg3_m252_s0,348.0,random,0,4500,0.6379310344827587
reg3,252,9,reg3_m252_s0,348.0,random,0,4550,0.6379310344827587
reg3,252,9,reg3_m252_s0,348.0,random,0,4600,0.6379310344827587
reg3,252,9,reg3_m252_s0,348.0,random,0,4650,0.6379310344827587
reg3,252,9,reg3_m252_s0,348.0,random,0,4700,0.6379310344827587
reg3,252,9,reg3_m252_s0,348.0,random,0,4750,0.6379310344827587
reg3,252,9,reg3_m252_s0,348.0,random,0,4800,0.6379310344827587
reg3,252,9,reg3_m252_s0,348.0,random,0,4850,0.6379310344827587
reg3,252,9,reg3_m252_s0,348.0,random,0,4900,0.6379310344827587
reg3,252,9,reg3_m252_s0,348.0,random,0,4950,0.6379310344827587
reg3,252,9,reg3_m252_s0,348.0,random,0,5000,0.6379310344827587
reg3,252,9,reg3_m252_s0,348.0,random,0,5050,0.6379310344827587
reg3,252,9,reg3_m252_s0,348.0,random,0,5100,0.6379310344827587
reg3,252,9,reg3_m252_s0,348.0,random,0,5150,0.6379310344827587
reg3,252,9,reg3_m252_s0,348.0,random,0,5200,0.6379310344827587
reg3,252,9,reg3_m252_s0,348.0,random,0,5250,0.6379310344827587
reg3,252,9,reg3_m252_s0,348.0,random,0,5300,0.6379310344827587
reg3,252,9,reg3_m252_s0,348.0,random,0,5350,0.6379310344827587
reg3,252,9,reg3_m252_s0,348.0,random,0,5400,0.6379310344827587
reg3,252,9,reg3_m252_s0,348.0,random,0,5450,0.6379310344827587
reg3,252,9,reg3_m252_s0,348.0,random,0,5500,0.6379310344827587
reg3,252,9,reg3_m252_s0,348.0,random,0,5550,0.6379310344827587
reg3,252,9,reg3_m252_s0,348.0,random,0,5600,0.6379310344827587
reg3,252,9,reg3_m252_s0,348.0,random,0,5650,0.6379310344827587
reg3,252,9,reg3_m252_s0,348.0,random,0,5700,0.6379310344827587
reg3,252,9,reg3_m252_s0,348.0,random,0,5750,0.6379310344827587
reg3,252,9,reg3_m252_s0,348.0,random,0,5800,0.6379310344827587
reg3,252,9,reg3_m252_s0,348.0,random,0,5850,0.6379310344827587
reg3,252,9,reg3_m252_s0,348.0,random,0,5900,0.6379310344827587
reg3,252,9,reg3_m252_s0,348.0,random,0,5950,0.6379310344827587
reg3,252,9,reg3_m252_s0,348.0,random,0,6000,0.6379310344827587
reg3,252,9,reg3_m252_s0,348.0,random,0,6050,0.6379310344827587
reg3,252,9,reg3_m252_s0,348.0,random,0,6100,0.6379310344827587
reg3,252,9,reg3_m252_s0,348.0,random,0,6150,0.6379310344827587
reg3,252,9,reg3_m252_s0,348.0,random,0,6200,0.6379310344827587
reg3,252,9,reg3_m252_s0,348.0,random,0,6250,0.6379310344827587
reg3,252,9,reg3_m252_s0,348.0,random,0,6300,0.6379310344827587
reg3,252,9,reg3_m252_s0,348.0,random,0,6350,0.6379310344827587
reg3,252,9,reg3_m252_s0,348.0,random,0,6400,0.6379310344827587
reg3,252,9,reg3_m252_s0,348.0,random,0,6450,0.6379310344827587
reg3,252,9,reg3_m252_s0,348.0,random,0,6500,0.6379310344827587
reg3,252,9,reg3_m252_s0,348.0,random,0,6550,0.6379310344827587
reg3,252,9,reg3_m252_s0,348.0,random,0,6600,0.6379310344827587
reg3,252,9,reg3_m252_s0,348.0,random,0,6650,0.6379310344827587
reg3,252,9,reg3_m252_s0,348.0,random,0,6700,0.6379310344827587
reg3,252,9,reg3_m252_s0,348.0,random,0,6750,0.6379310344827587
reg3,252,9,reg3_m252_s0,348.0,random,0,6800,0.6379310344827587
reg3,252,9,reg3_m252_s0,348.0,random,0,6850,0.6379310344827587
reg3,252,9,reg3_m252_s0,348.0,random,0,6900,0.6379310344827587
reg3,252,9,reg3_m252_s0,348.0,random,0,6950,0.6379310344827587
reg3,252,9,reg3_m252_s0,348.0,random,0,7000,0.6379310344827587
reg3,252,9,reg3_m252_s0,348.0,random,0,7050,0.6379310344827587
reg3,252,9,reg3_m252_s0,348.0,random,0,7100,0.6379310344827587
reg3,252,9,reg3_m252_s0,348.0,random,0,7150,0.6379310344827587
reg3,252,9,reg3_m252_s0,348.0,random,0,7200,0.6379310344827587
reg3,252,9,reg3_m252_s0,348.0,random,0,7250,0.6379310344827587
reg3,252,9,reg3_m252_s0,348.0,random,0,7300,0.6379310344827587
reg3,252,9,reg3_m252_s0,348.0,random,0,7350,0.6379310344827587
reg3,252,9,reg3_m252_s0,348.0,random,0,7400,0.6379310344827587
reg3,252,9,reg3_m252_s0,348.0,random,0,7450,0.6379310344827587
reg3,252,9,reg3_m252_s0,348.0,random,0,7500,0.6379310344827587
reg3,252,9,reg3_m252_s0,348.0,random,0,7550,0.6379310344827587
reg3,252,9,reg3_m252_s0,348.0,random,0,7600,0.6379310344827587
reg3,252,9,reg3_m252_s0,348.0,random,0,7650,0.6379310344827587
reg3,252,9,reg3_m252_s0,348.0,random,0,7700,0.6379310344827587
reg3,252,9,reg3_m252_s0,348.0,random,0,7750,0.6379310344827587
reg3,252,9,reg3_m252_s0,348.0,random,0,7800,0.6379310344827587
reg3,252,9,reg3_m252_s0,348.0,random,0,7850,0.6379310344827587
reg3,252,9,reg3_m252_s0,348.0,random,0,7900,0.6379310344827587
reg3,252,9,reg3_m252_s0,348.0,random,0,7950,0.6379310344827587
reg3,252,9,reg3_m252_s0,348.0,random,0,8000,0.6379310344827587
reg3,252,9,reg3_m252_s0,348.0,random,0,8050,0.6379310344827587
reg3,252,9,reg3_m252_s0,348.0,random,0,8100,0.6379310344827587
reg3,252,9,reg3_m252_s0,348.0,random,0,8150,0.6379310344827587
reg3,252,9,reg3_m252_s0,348.0,random,0,8200,0.6379310344827587
reg3,252,9,reg3_m252_s0,348.0,random,0,8250,0.6379310344827587
reg3,252,9,reg3_m252_s0,348.0,random,0,8300,0.6379310344827587
reg3,252,9,reg3_m252_s0,348.0,random,0,8350,0.6379310344827587
reg3,252,9,reg3_m252_s0,348.0,random,0,8400,0.6379310344827587
reg3,252,9,reg3_m252_s0,348.0,random,0,8450,0.6379310344827587
reg3,252,9,reg3_m252_s0,348.0,random,0,8500,0.6379310344827587
reg3,252,9,reg3_m252_s0,348.0,random,0,8550,0.6379310344827587
reg3,252,9,reg3_m252_s0,348.0,random,0,8600,0.6379310344827587
reg3,252,9,reg3_m252_s0,348.0,random,0,8650,0.6379310344827587
reg3,252,9,reg3_m252_s0,348.0,random,0,8700,0.6379310344827587
reg3,252,9,reg3_m252_s0,348.0,random,0,8750,0.6379310344827587
reg3,252,9,reg3_m252_s0,348.0,random,0,8800,0.6379310344827587
reg3,252,9,reg3_m252_s0,348.0,random,0,8850,0.6379310344827587
reg3,252,9,reg3_m252_s0,348.0,random,0,8900,0.6379310344827587
reg3,252,9,reg3_m252_s0,348.0,random,0,8950,0.6379310344827587
reg3,252,9,reg3_m252_s0,348.0,random,0,9000,0.6379310344827587
reg3,252,9,reg3_m252_s0,348.0,random,0,9050,0.6379310344827587
reg3,252,9,reg3_m252_s0,348.0,random,0,9100,0.6379310344827587
reg3,252,9,reg3_m252_s0,348.0,random,0,9150,0.6379310344827587
reg3,252,9,reg3_m252_s0,348.0,random,0,9200,0.6379310344827587
reg3,252,9,reg3_m252_s0,348.0,random,0,9250,0.6379310344827587
reg3,252,9,reg3_m252_s0,348.0,random,0,9300,0.6379310344827587
reg3,252,9,reg3_m252_s0,348.0,random,0,9350,0.6379310344827587
reg3,252,9,reg3_m252_s0,348.0,random,0,9400,0.6379310344827587
reg3,252,9,reg3_m252_s0,348.0,random,0,9450,0.6379310344827587
reg3,252,9,reg3_m252_s0,348.0,random,0,9500,0.6379310344827587
reg3,252,9,reg3_m252_s0,348.0,random,0,9550,0.6379310344827587
reg3,252,9,reg3_m252_s0,348.0,random,0,9600,0.6379310344827587
reg3,252,9,reg3_m252_s0,348.0,random,0,9650,0.6379310344827587
reg3,252,9,reg3_m252_s0,348.0,random,0,9700,0.6379310344827587
reg3,252,9,reg3_m252_s0,348.0,random,0,9750,0.6379310344827587
reg3,252,9,reg3_m252_s0,348.0,random,0,9800,0.6379310344827587
reg3,252,9,reg3_m252_s0,348.0,random,0,9850,0.6379310344827587
reg3,252,9,reg3_m252_s0,348.0,random,0,9900,0.6379310344827587
reg3,252,9,reg3_m252_s0,348.0,random,0,9950,0.6379310344827587
reg3,252,9,reg3_m252_s0,348.0,random,0,10000,0.6379310344827587
reg3,252,9,reg3_m252_s0,348.0,random,0,10050,0.6379310344827587
reg3,252,9,reg3_m252_s0,348.0,random,0,10100,0.6379310344827587
reg3,252,9,reg3_m252_s0,348.0,random,0,10150,0.6379310344827587
reg3,252,9,reg3_m252_s0,348.0,random,0,10200,0.6379310344827587
reg3,252,9,reg3_m252_s0,348.0,random,0,10250,0.6379310344827587
reg3,252,9,reg3_m252_s0,348.0,random,0,10300,0.6379310344827587
reg3,252,9,reg3_m252_s0,348.0,random,0,10350,0.6379310344827587
reg3,252,9,reg3_m252_s0,348.0,random,0,10400,0.6379310344827587
reg3,252,9,reg3_m252_s0,348.0,random,0,10450,0.6379310344827587
reg3,252,9,reg3_m252_s0,348.0,random,0,10500,0.6379310344827587
reg3,252,9,reg3_m252_s0,348.0,random,0,10550,0.6379310344827587
reg3,252,9,reg3_m252_s0,348.0,random,0,10600,0.6379310344827587
reg3,252,9,reg3_m252_s0,348.0,random,0,10650,0.6379310344827587
reg3,252,9,reg3_m252_s0,348.0,random,0,10700,0.6379310344827587
reg3,252,9,reg3_m252_s0,348.0,random,0,10750,0.6379310344827587
reg3,252,9,reg3_m252_s0,348.0,random,0,10800,0.6379310344827587
reg3,252,9,reg3_m252_s0,348.0,random,0,10850,0.6379310344827587
reg3,252,9,reg3_m252_s0,348.0,random,0,10900,0.6379310344827587
reg3,252,9,reg3_m252_s0,348.0,random,0,10950,0.6379310344827587
reg3,252,9,reg3_m252_s0,348.0,random,0,11000,0.6379310344827587
reg3,252,9,reg3_m252_s0,348.0,random,0,11050,0.6379310344827587
reg3,252,9,reg3_m252_s0,348.0,random,0,11100,0.6379310344827587
reg3,252,9,reg3_m252_s0,348.0,random,0,11150,0.6379310344827587
reg3,252,9,reg3_m252_s0,348.0,random,0,11200,0.6379310344827587
reg3,252,9,reg3_m252_s0,348.0,random,0,11250,0.6379310344827587
reg3,252,9,reg3_m252_s0,348.0,random,0,11300,0.6379310344827587
reg3,252,9,reg3_m252_s0,348.0,random,0,11350,0.6379310344827587
reg3,252,9,reg3_m252_s0,348.0,random,0,11400,0.6379310344827587
reg3,252,9,reg3_m252_s0,348.0,random,0,11450,0.6379310344827587
reg3,252,9,reg3_m252_s0,348.0,random,0,11500,0.6379310344827587
reg3,252,9,reg3_m252_s0,348.0,random,0,11550,0.6379310344827587
reg3,252,9,reg3_m252_s0,348.0,random,0,11600,0.6379310344827587
reg3,252,9,reg3_m252_s0,348.0,random,0,11650,0.6379310344827587
reg3,252,9,reg3_m252_s0,348.0,random,0,11700,0.6379310344827587
reg3,252,9,reg3_m252_s0,348.0,random,0,11750,0.6379310344827587
reg3,252,9,reg3_m252_s0,348.0,random,0,11800,0.6379310344827587
reg3,252,9,reg3_m252_s0,348.0,random,0,11850,0.6379310344827587
reg3,252,9,reg3_m252_s0,348.0,random,0,11900,0.6379310344827587
reg3,252,9,reg3_m252_s0,348.0,random,0,11950,0.6379310344827587
reg3,252,9,reg3_m252_s0,348.0,random,0,12000,0.6379310344827587
reg3,252,9,reg3_m252_s0,348.0,random,0,12050,0.6379310344827587
reg3,252,9,reg3_m252_s0,348.0,random,0,12100,0.6379310344827587
reg3,252,9,reg3_m252_s0,348.0,random,0,12150,0.6379310344827587
reg3,252,9,reg3_m252_s0,348.0,random,0,12200,0.6379310344827587
reg3,252,9,reg3_m252_s0,348.0,random,0,12250,0.6379310344827587
reg3,252,9,reg3_m252_s0,348.0,random,0,12300,0.6379310344827587
reg3,252,9,reg3_m252_s0,348.0,random,0,12350,0.6379310344827587
reg3,252,9,reg3_m252_s0,348.0,random,0,12400,0.6379310344827587
reg3,252,9,reg3_m252_s0,348.0,random,0,12450,0.6379310344827587
reg3,252,9,reg3_m252_s0,348.0,random,0,12500,0.6379310344827587
reg3,252,9,reg3_m252_s0,348.0,random,0,12550,0.6379310344827587
reg3,252,9,reg3_m252_s0,348.0,random,0,12600,0.6379310344827587
reg3,252,9,reg3_m252_s0,348.0,random,0,12650,0.6379310344827587
reg3,252,9,reg3_m252_s0,348.0,random,0,12700,0.6379310344827587
reg3,252,9,reg3_m252_s0,348.0,random,0,12750,0.6379310344827587
reg3,252,9,reg3_m252_s0,348.0,random,0,12800,0.6379310344827587
reg3,252,9,reg3_m252_s0,348.0,random,0,12850,0.6379310344827587
reg3,252,9,reg3_m252_s0,348.0,random,0,12900,0.6379310344827587
reg3,252,9,reg3_m252_s0,348.0,random,0,12950,0.6379310344827587
reg3,252,9,reg3_m252_s0,348.0,random,0,13000,0.6379310344827587
reg3,252,9,reg3_m252_s0,348.0,random,0,13050,0.6379310344827587
reg3,252,9,reg3_m252_s0,348.0,random,0,13100,0.6379310344827587
reg3,252,9,reg3_m252_s0,348.0,random,0,13150,0.6379310344827587
reg3,252,9,reg3_m252_s0,348.0,random,0,13200,0.6379310344827587
reg3,252,9,reg3_m252_s0,348.0,random,0,13250,0.6379310344827587
reg3,252,9,reg3_m252_s0,348.0,random,0,13300,0.6408045977011494
reg3,252,9,reg3_m252_s0,348.0,random,0,13350,0.6408045977011494
reg3,252,9,reg3_m252_s0,348.0,random,0,13400,0.6408045977011494
reg3,252,9,reg3_m252_s0,348.0,random,0,13450,0.6408045977011494
reg3,252,9,reg3_m252_s0,348.0,random,0,13500,0.6408045977011494
reg3,252,9,reg3_m252_s0,348.0,random,0,13550,0.6408045977011494
reg3,252,9,reg3_m252_s0,348.0,random,0,13600,0.6408045977011494
reg3,252,9,reg3_m252_s0,348.0,random,0,13650,0.6408045977011494
reg3,252,9,reg3_m252_s0,348.0,random,0,13700,0.6408045977011494
reg3,252,9,reg3_m252_s0,348.0,random,0,13750,0.6408045977011494
reg3,252,9,reg3_m252_s0,348.0,random,0,13800,0.6408045977011494
reg3,252,9,reg3_m252_s0,348.0,random,0,13850,0.6408045977011494
reg3,252,9,reg3_m252_s0,348.0,random,0,13900,0.6408045977011494
reg3,252,9,reg3_m252_s0,348.0,random,0,13950,0.6408045977011494
reg3,252,9,reg3_m252_s0,348.0,random,0,14000,0.6408045977011494
reg3,252,9,reg3_m252_s0,348.0,random,0,14050,0.6408045977011494
reg3,252,9,reg3_m252_s0,348.0,random,0,14100,0.6408045977011494
reg3,252,9,reg3_m252_s0,348.0,random,0,14150,0.6408045977011494
reg3,252,9,reg3_m252_s0,348.0,random,0,14200,0.6408045977011494
reg3,252,9,reg3_m252_s0,348.0,random,0,14250,0.6408045977011494
reg3,252,9,reg3_m252_s0,348.0,random,0,14300,0.6408045977011494
reg3,252,9,reg3_m252_s0,348.0,random,0,14350,0.6408045977011494
reg3,252,9,reg3_m252_s0,348.0,random,0,14400,0.6408045977011494
reg3,252,9,reg3_m252_s0,348.0,random,0,14450,0.6408045977011494
reg3,252,9,reg3_m252_s0,348.0,random,0,14500,0.6408045977011494
reg3,252,9,reg3_m252_s0,348.0,random,0,14550,0.6408045977011494
reg3,252,9,reg3_m252_s0,348.0,random,0,14600,0.6408045977011494
reg3,252,9,reg3_m252_s0,348.0,random,0,14650,0.6408045977011494
reg3,252,9,reg3_m252_s0,348.0,random,0,14700,0.6408045977011494
reg3,252,9,reg3_m252_s0,348.0,random,0,14750,0.6408045977011494
reg3,252,9,reg3_m252_s0,348.0,random,0,14800,0.6408045977011494
reg3,252,9,reg3_m252_s0,348.0,random,0,14850,0.6408045977011494
reg3,252,9,reg3_m252_s0,348.0,random,0,14900,0.6408045977011494
reg3,252,9,reg3_m252_s0,348.0,random,0,14950,0.6408045977011494
reg3,252,9,reg3_m252_s0,348.0,random,0,15000,0.6408045977011494
reg3,252,9,reg3_m252_s0,348.0,random,0,15050,0.6408045977011494
reg3,252,9,reg3_m252_s0,348.0,random,0,15100,0.6408045977011494
reg3,252,9,reg3_m252_s0,348.0,random,0,15150,0.6408045977011494
reg3,252,9,reg3_m252_s0,348.0,random,0,15200,0.6408045977011494
reg3,252,9,reg3_m252_s0,348.0,random,0,15250,0.6408045977011494
reg3,252,9,reg3_m252_s0,348.0,random,0,15300,0.6408045977011494
reg3,252,9,reg3_m252_s0,348.0,random,0,15350,0.6408045977011494
reg3,252,9,reg3_m252_s0,348.0,random,0,15400,0.6408045977011494
reg3,252,9,reg3_m252_s0,348.0,random,0,15450,0.6408045977011494
reg3,252,9,reg3_m252_s0,348.0,random,0,15500,0.6408045977011494
reg3,252,9,reg3_m252_s0,348.0,random,0,15550,0.6408045977011494
reg3,252,9,reg3_m252_s0,348.0,random,0,15600,0.6408045977011494
reg3,252,9,reg3_m252_s0,348.0,random,0,15650,0.6408045977011494
reg3,252,9,reg3_m252_s0,348.0,random,0,15700,0.6408045977011494
reg3,252,9,reg3_m252_s0,348.0,random,0,15750,0.6408045977011494
reg3,252,9,reg3_m252_s0,348.0,random,0,15800,0.6408045977011494
reg3,252,9,reg3_m252_s0,348.0,random,0,15850,0.6408045977011494
reg3,252,9,reg3_m252_s0,348.0,random,0,15900,0.6408045977011494
reg3,252,9,reg3_m252_s0,348.0,random,0,15950,0.6408045977011494
reg3,252,9,reg3_m252_s0,348.0,random,0,16000,0.6408045977011494
reg3,252,9,reg3_m252_s0,348.0,random,0,16050,0.6408045977011494
reg3,252,9,reg3_m252_s0,348.0,random,0,16100,0.6408045977011494
reg3,252,9,reg3_m252_s0,348.0,random,0,16150,0.6408045977011494
reg3,252,9,reg3_m252_s0,348.0,random,0,16200,0.6408045977011494
reg3,252,9,reg3_m252_s0,348.0,random,0,16250,0.6408045977011494
reg3,252,9,reg3_m252_s0,348.0,random,0,16300,0.6408045977011494
reg3,252,9,reg3_m252_s0,348.0,random,0,16350,0.6408045977011494
reg3,252,9,reg3_m252_s0,348.0,random,0,16400,0.6408045977011494
reg3,252,9,reg3_m252_s0,348.0,random,0,16450,0.6408045977011494
reg3,252,9,reg3_m252_s0,348.0,random,0,16500,0.6408045977011494
reg3,252,9,reg3_m252_s0,348.0,random,0,16550,0.6408045977011494
reg3,252,9,reg3_m252_s0,348.0,random,0,16600,0.6408045977011494
reg3,252,9,reg3_m252_s0,348.0,random,0,16650,0.6408045977011494
reg3,252,9,reg3_m252_s0,348.0,random,0,16700,0.6408045977011494
reg3,252,9,reg3_m252_s0,348.0,random,0,16750,0.6408045977011494
reg3,252,9,reg3_m252_s0,348.0,random,0,16800,0.6408045977011494
reg3,252,9,reg3_m252_s0,348.0,random,0,16850,0.6408045977011494
reg3,252,9,reg3_m252_s0,348.0,random,0,16900,0.6408045977011494
reg3,252,9,reg3_m252_s0,348.0,random,0,16950,0.6408045977011494
reg3,252,9,reg3_m252_s0,348.0,random,0,17000,0.6408045977011494
reg3,252,9,reg3_m252_s0,348.0,random,0,17050,0.6408045977011494
reg3,252,9,reg3_m252_s0,348.0,random,0,17100,0.6408045977011494
reg3,252,9,reg3_m252_s0,348.0,random,0,17150,0.6408045977011494
reg3,252,9,reg3_m252_s0,348.0,random,0,17200,0.6408045977011494
reg3,252,9,reg3_m252_s0,348.0,random,0,17250,0.6408045977011494
reg3,252,9,reg3_m252_s0,348.0,random,0,17300,0.6408045977011494
reg3,252,9,reg3_m252_s0,348.0,random,0,17350,0.6408045977011494
reg3,252,9,reg3_m252_s0,348.0,random,0,17400,0.6408045977011494
reg3,252,9,reg3_m252_s0,348.0,random,0,17450,0.6408045977011494
reg3,252,9,reg3_m252_s0,348.0,random,0,17500,0.6408045977011494
reg3,252,9,reg3_m252_s0,348.0,random,0,17550,0.6408045977011494
reg3,252,9,reg3_m252_s0,348.0,random,0,17600,0.6408045977011494
reg3,252,9,reg3_m252_s0,348.0,random,0,17650,0.6408045977011494
reg3,252,9,reg3_m252_s0,348.0,random,0,17700,0.6408045977011494
reg3,252,9,reg3_m252_s0,348.0,random,0,17750,0.6408045977011494
reg3,252,9,reg3_m252_s0,348.0,random,0,17800,0.6408045977011494
reg3,252,9,reg3_m252_s0,348.0,random,0,17850,0.6408045977011494
reg3,252,9,reg3_m252_s0,348.0,random,0,17900,0.6408045977011494
reg3,252,9,reg3_m252_s0,348.0,random,0,17950,0.6408045977011494
reg3,252,9,reg3_m252_s0,348.0,random,0,18000,0.6408045977011494
reg3,252,9,reg3_m252_s0,348.0,random,0,18050,0.6408045977011494
reg3,252,9,reg3_m252_s0,348.0,random,0,18100,0.6408045977011494
reg3,252,9,reg3_m252_s0,348.0,random,0,18150,0.6408045977011494
reg3,252,9,reg3_m252_s0,348.0,random,0,18200,0.6408045977011494
reg3,252,9,reg3_m252_s0,348.0,random,0,18250,0.6408045977011494
reg3,252,9,reg3_m252_s0,348.0,random,0,18300,0.6408045977011494
reg3,252,9,reg3_m252_s0,348.0,random,0,18350,0.6408045977011494
reg3,252,9,reg3_m252_s0,348.0,random,0,18400,0.6408045977011494
reg3,252,9,reg3_m252_s0,348.0,random,0,18450,0.6408045977011494
reg3,252,9,reg3_m252_s0,348.0,random,0,18500,0.6408045977011494
reg3,252,9,reg3_m252_s0,348.0,random,0,18550,0.6408045977011494
reg3,252,9,reg3_m252_s0,348.0,random,0,18600,0.6408045977011494
reg3,252,9,reg3_m252_s0,348.0,random,0,18650,0.6408045977011494
reg3,252,9,reg3_m252_s0,348.0,random,0,18700,0.6408045977011494
reg3,252,9,reg3_m252_s0,348.0,random,0,18750,0.6408045977011494
reg3,252,9,reg3_m252_s0,348.0,random,0,18800,0.6408045977011494
reg3,252,9,reg3_m252_s0,348.0,random,0,18850,0.6408045977011494
reg3,252,9,reg3_m252_s0,348.0,random,0,18900,0.6408045977011494
reg3,252,9,reg3_m252_s0,348.0,random,0,18950,0.6408045977011494
reg3,252,9,reg3_m252_s0,348.0,random,0,19000,0.6408045977011494
reg3,252,9,reg3_m252_s0,348.0,random,0,19050,0.6408045977011494
reg3,252,9,reg3_m252_s0,348.0,random,0,19100,0.6408045977011494
reg3,252,9,reg3_m252_s0,348.0,random,0,19150,0.6408045977011494
reg3,252,9,reg3_m252_s0,348.0,random,0,19200,0.6408045977011494
reg3,252,9,reg3_m252_s0,348.0,random,0,19250,0.6408045977011494
reg3,252,9,reg3_m252_s0,348.0,random,0,19300,0.6408045977011494
reg3,252,9,reg3_m252_s0,348.0,random,0,19350,0.6408045977011494
reg3,252,9,reg3_m252_s0,348.0,random,0,19400,0.6408045977011494
reg3,252,9,reg3_m252_s0,348.0,random,0,19450,0.6408045977011494
reg3,252,9,reg3_m252_s0,348.0,random,0,19500,0.6408045977011494
reg3,252,9,reg3_m252_s0,348.0,random,0,19550,0.6408045977011494
reg3,252,9,reg3_m252_s0,348.0,random,0,19600,0.6408045977011494
reg3,252,9,reg3_m252_s0,348.0,random,0,19650,0.6408045977011494
reg3,252,9,reg3_m252_s0,348.0,random,0,19700,0.6408045977011494
reg3,252,9,reg3_m252_s0,348.0,random,0,19750,0.6408045977011494
reg3,252,9,reg3_m252_s0,348.0,random,0,19800,0.6408045977011494
reg3,252,9,reg3_m252_s0,348.0,random,0,19850,0.6408045977011494
reg3,252,9,reg3_m252_s0,348.0,random,0,19900,0.6408045977011494
reg3,252,9,reg3_m252_s0,348.0,random,0,19950,0.6408045977011494
reg3,252,9,reg3_m252_s0,348.0,random,0,20000,0.6408045977011494
reg3,252,9,reg3_m252_s0,348.0,genpce_es,1,10,0.5201149425287356
reg3,252,9,reg3_m252_s0,348.0,genpce_es,1,60,0.6091954022988506
reg3,252,9,reg3_m252_s0,348.0,genpce_es,1,110,0.6091954022988506
reg3,252,9,reg3_m252_s0,348.0,genpce_es,1,160,0.632183908045977
reg3,252,9,reg3_m252_s0,348.0,genpce_es,1,210,0.632183908045977
reg3,252,9,reg3_m252_s0,348.0,genpce_es,1,260,0.632183908045977
reg3,252,9,reg3_m252_s0,348.0,genpce_es,1,310,0.6235632183908046
reg3,252,9,reg3_m252_s0,348.0,genpce_es,1,360,0.6494252873563219
reg3,252,9,reg3_m252_s0,348.0,genpce_es,1,410,0.6494252873563219
reg3,252,9,reg3_m252_s0,348.0,genpce_es,1,460,0.6494252873563219
reg3,252,9,reg3_m252_s0,348.0,genpce_es,1,510,0.6379310344827587
reg3,252,9,reg3_m252_s0,348.0,genpce_es,1,560,0.646551724137931
reg3,252,9,reg3_m252_s0,348.0,genpce_es,1,610,0.646551724137931
reg3,252,9,reg3_m252_s0,348.0,genpce_es,1,660,0.646551724137931
reg3,252,9,reg3_m252_s0,348.0,genpce_es,1,710,0.646551724137931
reg3,252,9,reg3_m252_s0,348.0,genpce_es,1,760,0.6752873563218391
reg3,252,9,reg3_m252_s0,348.0,genpce_es,1,810,0.6752873563218391
reg3,252,9,reg3_m252_s0,348.0,genpce_es,1,860,0.6752873563218391
reg3,252,9,reg3_m252_s0,348.0,genpce_es,1,910,0.6810344827586207
reg3,252,9,reg3_m252_s0,348.0,genpce_es,1,960,0.6810344827586207
reg3,252,9,reg3_m252_s0,348.0,genpce_es,1,1010,0.6810344827586207
reg3,252,9,reg3_m252_s0,348.0,genpce_es,1,1060,0.6752873563218391
reg3,252,9,reg3_m252_s0,348.0,genpce_es,1,1110,0.6752873563218391
reg3,252,9,reg3_m252_s0,348.0,genpce_es,1,1160,0.6867816091954023
reg3,252,9,reg3_m252_s0,348.0,genpce_es,1,1210,0.6867816091954023
reg3,252,9,reg3_m252_s0,348.0,genpce_es,1,1260,0.6867816091954023
reg3,252,9,reg3_m252_s0,348.0,genpce_es,1,1310,0.6867816091954023
reg3,252,9,reg3_m252_s0,348.0,genpce_es,1,1360,0.6867816091954023
reg3,252,9,reg3_m252_s0,348.0,genpce_es,1,1410,0.6867816091954023
reg3,252,9,reg3_m252_s0,348.0,genpce_es,1,1460,0.6867816091954023
reg3,252,9,reg3_m252_s0,348.0,genpce_es,1,1510,0.6867816091954023
reg3,252,9,reg3_m252_s0,348.0,genpce_es,1,1560,0.6867816091954023
reg3,252,9,reg3_m252_s0,348.0,genpce_es,1,1610,0.6867816091954023
reg3,252,9,reg3_m252_s0,348.0,genpce_es,1,1660,0.6867816091954023
reg3,252,9,reg3_m252_s0,348.0,genpce_es,1,1710,0.6867816091954023
reg3,252,9,reg3_m252_s0,348.0,genpce_es,1,1760,0.6867816091954023
reg3,252,9,reg3_m252_s0,348.0,genpce_es,1,1810,0.6867816091954023
reg3,252,9,reg3_m252_s0,348.0,genpce_es,1,1860,0.6867816091954023
reg3,252,9,reg3_m252_s0,348.0,genpce_es,1,1910,0.6867816091954023
reg3,252,9,reg3_m252_s0,348.0,genpce_es,1,1960,0.6867816091954023
reg3,252,9,reg3_m252_s0,348.0,genpce_es,1,2010,0.6867816091954023
reg3,252,9,reg3_m252_s0,348.0,genpce_es,1,2060,0.6867816091954023
reg3,252,9,reg3_m252_s0,348.0,genpce_es,1,2110,0.6867816091954023
reg3,252,9,reg3_m252_s0,348.0,genpce_es,1,2160,0.6867816091954023
reg3,252,9,reg3_m252_s0,348.0,genpce_es,1,2210,0.6896551724137931
reg3,252,9,reg3_m252_s0,348.0,genpce_es,1,2260,0.6896551724137931
reg3,252,9,reg3_m252_s0,348.0,genpce_es,1,2310,0.6896551724137931
reg3,252,9,reg3_m252_s0,348.0,genpce_es,1,2360,0.6896551724137931
reg3,252,9,reg3_m252_s0,348.0,genpce_es,1,2410,0.6896551724137931
reg3,252,9,reg3_m252_s0,348.0,genpce_es,1,2460,0.6896551724137931
reg3,252,9,reg3_m252_s0,348.0,genpce_es,1,2510,0.6896551724137931
reg3,252,9,reg3_m252_s0,348.0,genpce_es,1,2560,0.6954022988505747
reg3,252,9,reg3_m252_s0,348.0,genpce_es,1,2610,0.6954022988505747
reg3,252,9,reg3_m252_s0,348.0,genpce_es,1,2660,0.6982758620689655
reg3,252,9,reg3_m252_s0,348.0,genpce_es,1,2710,0.6982758620689655
reg3,252,9,reg3_m252_s0,348.0,genpce_es,1,2760,0.6982758620689655
reg3,252,9,reg3_m252_s0,348.0,genpce_es,1,2810,0.6982758620689655
reg3,252,9,reg3_m252_s0,348.0,genpce_es,1,2860,0.6982758620689655
reg3,252,9,reg3_m252_s0,348.0,genpce_es,1,2910,0.6982758620689655
reg3,252,9,reg3_m252_s0,348.0,genpce_es,1,2960,0.7040229885057471
reg3,252,9,reg3_m252_s0,348.0,genpce_es,1,3010,0.7040229885057471
reg3,252,9,reg3_m252_s0,348.0,genpce_es,1,3060,0.7068965517241379
reg3,252,9,reg3_m252_s0,348.0,genpce_es,1,3110,0.7068965517241379
reg3,252,9,reg3_m252_s0,348.0,genpce_es,1,3160,0.7068965517241379
reg3,252,9,reg3_m252_s0,348.0,genpce_es,1,3210,0.7068965517241379
reg3,252,9,reg3_m252_s0,348.0,genpce_es,1,3260,0.7068965517241379
reg3,252,9,reg3_m252_s0,348.0,genpce_es,1,3310,0.7068965517241379
reg3,252,9,reg3_m252_s0,348.0,genpce_es,1,3360,0.7068965517241379
reg3,252,9,reg3_m252_s0,348.0,genpce_es,1,3410,0.7068965517241379
reg3,252,9,reg3_m252_s0,348.0,genpce_es,1,3460,0.7068965517241379
reg3,252,9,reg3_m252_s0,348.0,genpce_es,1,3510,0.7068965517241379
reg3,252,9,reg3_m252_s0,348.0,genpce_es,1,3560,0.7068965517241379
reg3,252,9,reg3_m252_s0,348.0,genpce_es,1,3610,0.7068965517241379
reg3,252,9,reg3_m252_s0,348.0,genpce_es,1,3660,0.7068965517241379
reg3,252,9,reg3_m252_s0,348.0,genpce_es,1,3710,0.7068965517241379
reg3,252,9,reg3_m252_s0,348.0,genpce_es,1,3760,0.7068965517241379
reg3,252,9,reg3_m252_s0,348.0,genpce_es,1,3810,0.7068965517241379
reg3,252,9,reg3_m252_s0,348.0,genpce_es,1,3860,0.7068965517241379
reg3,252,9,reg3_m252_s0,348.0,genpce_es,1,3910,0.7068965517241379
reg3,252,9,reg3_m252_s0,348.0,genpce_es,1,3960,0.7068965517241379
reg3,252,9,reg3_m252_s0,348.0,genpce_es,1,4010,0.7068965517241379
reg3,252,9,reg3_m252_s0,348.0,genpce_es,1,4060,0.7183908045977011
reg3,252,9,reg3_m252_s0,348.0,genpce_es,1,4110,0.7183908045977011
reg3,252,9,reg3_m252_s0,348.0,genpce_es,1,4160,0.7183908045977011
reg3,252,9,reg3_m252_s0,348.0,genpce_es,1,4210,0.7183908045977011
reg3,252,9,reg3_m252_s0,348.0,genpce_es,1,4260,0.7183908045977011
reg3,252,9,reg3_m252_s0,348.0,genpce_es,1,4310,0.7183908045977011
reg3,252,9,reg3_m252_s0,348.0,genpce_es,1,4360,0.7183908045977011
reg3,252,9,reg3_m252_s0,348.0,genpce_es,1,4410,0.7183908045977011
reg3,252,9,reg3_m252_s0,348.0,genpce_es,1,4460,0.7183908045977011
reg3,252,9,reg3_m252_s0,348.0,genpce_es,1,4510,0.7183908045977011
reg3,252,9,reg3_m252_s0,348.0,genpce_es,1,4560,0.7183908045977011
reg3,252,9,reg3_m252_s0,348.0,genpce_es,1,4610,0.7183908045977011
reg3,252,9,reg3_m252_s0,348.0,genpce_es,1,4660,0.7183908045977011
reg3,252,9,reg3_m252_s0,348.0,genpce_es,1,4710,0.7183908045977011
reg3,252,9,reg3_m252_s0,348.0,genpce_es,1,4760,0.7183908045977011
reg3,252,9,reg3_m252_s0,348.0,genpce_es,1,4810,0.7183908045977011
reg3,252,9,reg3_m252_s0,348.0,genpce_es,1,4860,0.7183908045977011
reg3,252,9,reg3_m252_s0,348.0,genpce_es,1,4910,0.7183908045977011
reg3,252,9,reg3_m252_s0,348.0,genpce_es,1,4960,0.7183908045977011
reg3,252,9,reg3_m252_s0,348.0,genpce_es,1,5010,0.7183908045977011
reg3,252,9,reg3_m252_s0,348.0,genpce_es,1,5060,0.7183908045977011
reg3,252,9,reg3_m252_s0,348.0,genpce_es,1,5110,0.7183908045977011
reg3,252,9,reg3_m252_s0,348.0,genpce_es,1,5160,0.7183908045977011
reg3,252,9,reg3_m252_s0,348.0,genpce_es,1,5210,0.7183908045977011
reg3,252,9,reg3_m252_s0,348.0,genpce_es,1,5260,0.7183908045977011
reg3,252,9,reg3_m252_s0,348.0,genpce_es,1,5310,0.7183908045977011
reg3,252,9,reg3_m252_s0,348.0,genpce_es,1,5360,0.7183908045977011
reg3,252,9,reg3_m252_s0,348.0,genpce_es,1,5410,0.7183908045977011
reg3,252,9,reg3_m252_s0,348.0,genpce_es,1,5460,0.7183908045977011
reg3,252,9,reg3_m252_s0,348.0,genpce_es,1,5510,0.7183908045977011
reg3,252,9,reg3_m252_s0,348.0,genpce_es,1,5560,0.7183908045977011
reg3,252,9,reg3_m252_s0,348.0,genpce_es,1,5610,0.7183908045977011
reg3,252,9,reg3_m252_s0,348.0,genpce_es,1,5660,0.7183908045977011
reg3,252,9,reg3_m252_s0,348.0,genpce_es,1,5710,0.7183908045977011
reg3,252,9,reg3_m252_s0,348.0,genpce_es,1,5760,0.7183908045977011
reg3,252,9,reg3_m252_s0,348.0,genpce_es,1,5810,0.7183908045977011
reg3,252,9,reg3_m252_s0,348.0,genpce_es,1,5860,0.7183908045977011
reg3,252,9,reg3_m252_s0,348.0,genpce_es,1,5910,0.7183908045977011
reg3,252,9,reg3_m252_s0,348.0,genpce_es,1,5960,0.7183908045977011
reg3,252,9,reg3_m252_s0,348.0,genpce_es,1,6010,0.7183908045977011
reg3,252,9,reg3_m252_s0,348.0,genpce_es,1,6060,0.7183908045977011
reg3,252,9,reg3_m252_s0,348.0,genpce_es,1,6110,0.7183908045977011
reg3,252,9,reg3_m252_s0,348.0,genpce_es,1,6160,0.7183908045977011
reg3,252,9,reg3_m252_s0,348.0,genpce_es,1,6210,0.7183908045977011
reg3,252,9,reg3_m252_s0,348.0,genpce_es,1,6260,0.7183908045977011
reg3,252,9,reg3_m252_s0,348.0,genpce_es,1,6310,0.7183908045977011
reg3,252,9,reg3_m252_s0,348.0,genpce_es,1,6360,0.7183908045977011
reg3,252,9,reg3_m252_s0,348.0,genpce_es,1,6410,0.7183908045977011
reg3,252,9,reg3_m252_s0,348.0,genpce_es,1,6460,0.7183908045977011
reg3,252,9,reg3_m252_s0,348.0,genpce_es,1,6510,0.7183908045977011
reg3,252,9,reg3_m252_s0,348.0,genpce_es,1,6560,0.7183908045977011
reg3,252,9,reg3_m252_s0,348.0,genpce_es,1,6610,0.7183908045977011
reg3,252,9,reg3_m252_s0,348.0,genpce_es,1,6660,0.7183908045977011
reg3,252,9,reg3_m252_s0,348.0,genpce_es,1,6710,0.7183908045977011
reg3,252,9,reg3_m252_s0,348.0,genpce_es,1,6760,0.7183908045977011
reg3,252,9,reg3_m252_s0,348.0,genpce_es,1,6810,0.7183908045977011
reg3,252,9,reg3_m252_s0,348.0,genpce_es,1,6860,0.7183908045977011
reg3,252,9,reg3_m252_s0,348.0,genpce_es,1,6910,0.7183908045977011
reg3,252,9,reg3_m252_s0,348.0,genpce_es,1,6960,0.7183908045977011
reg3,252,9,reg3_m252_s0,348.0,genpce_es,1,7010,0.7183908045977011
reg3,252,9,reg3_m252_s0,348.0,genpce_es,1,7060,0.7183908045977011
reg3,252,9,reg3_m252_s0,348.0,genpce_es,1,7110,0.7183908045977011
reg3,252,9,reg3_m252_s0,348.0,genpce_es,1,7160,0.7183908045977011
reg3,252,9,reg3_m252_s0,348.0,genpce_es,1,7210,0.7183908045977011
reg3,252,9,reg3_m252_s0,348.0,genpce_es,1,7260,0.7183908045977011
reg3,252,9,reg3_m252_s0,348.0,genpce_es,1,7310,0.7183908045977011
reg3,252,9,reg3_m252_s0,348.0,genpce_es,1,7360,0.7183908045977011
reg3,252,9,reg3_m252_s0,348.0,genpce_es,1,7410,0.7183908045977011
reg3,252,9,reg3_m252_s0,348.0,genpce_es,1,7460,0.7183908045977011
reg3,252,9,reg3_m252_s0,348.0,genpce_es,1,7510,0.7183908045977011
reg3,252,9,reg3_m252_s0,348.0,genpce_es,1,7560,0.7183908045977011
reg3,252,9,reg3_m252_s0,348.0,genpce_es,1,7610,0.7183908045977011
reg3,252,9,reg3_m252_s0,348.0,genpce_es,1,7660,0.7183908045977011
reg3,252,9,reg3_m252_s0,348.0,genpce_es,1,7710,0.7183908045977011
reg3,252,9,reg3_m252_s0,348.0,genpce_es,1,7760,0.7183908045977011
reg3,252,9,reg3_m252_s0,348.0,genpce_es,1,7810,0.7183908045977011
reg3,252,9,reg3_m252_s0,348.0,genpce_es,1,7860,0.7183908045977011
reg3,252,9,reg3_m252_s0,348.0,genpce_es,1,7910,0.7183908045977011
reg3,252,9,reg3_m252_s0,348.0,genpce_es,1,7960,0.7183908045977011
reg3,252,9,reg3_m252_s0,348.0,genpce_es,1,8010,0.7183908045977011
reg3,252,9,reg3_m252_s0,348.0,genpce_es,1,8060,0.7183908045977011
reg3,252,9,reg3_m252_s0,348.0,genpce_es,1,8110,0.7183908045977011
reg3,252,9,reg3_m252_s0,348.0,genpce_es,1,8160,0.7183908045977011
reg3,252,9,reg3_m252_s0,348.0,genpce_es,1,8210,0.7183908045977011
reg3,252,9,reg3_m252_s0,348.0,genpce_es,1,8260,0.7183908045977011
reg3,252,9,reg3_m252_s0,348.0,genpce_es,1,8310,0.7183908045977011
reg3,252,9,reg3_m252_s0,348.0,genpce_es,1,8360,0.7183908045977011
reg3,252,9,reg3_m252_s0,348.0,genpce_es,1,8410,0.7183908045977011
reg3,252,9,reg3_m252_s0,348.0,genpce_es,1,8460,0.7183908045977011
reg3,252,9,reg3_m252_s0,348.0,genpce_es,1,8510,0.7183908045977011
reg3,252,9,reg3_m252_s0,348.0,genpce_es,1,8560,0.7183908045977011
reg3,252,9,reg3_m252_s0,348.0,genpce_es,1,8610,0.7212643678160919
reg3,252,9,reg3_m252_s0,348.0,genpce_es,1,8660,0.7212643678160919
reg3,252,9,reg3_m252_s0,348.0,genpce_es,1,8710,0.7212643678160919
reg3,252,9,reg3_m252_s0,348.0,genpce_es,1,8760,0.7212643678160919
reg3,252,9,reg3_m252_s0,348.0,genpce_es,1,8810,0.7212643678160919
reg3,252,9,reg3_m252_s0,348.0,genpce_es,1,8860,0.7212643678160919
reg3,252,9,reg3_m252_s0,348.0,genpce_es,1,8910,0.7212643678160919
reg3,252,9,reg3_m252_s0,348.0,genpce_es,1,8960,0.7212643678160919
reg3,252,9,reg3_m252_s0,348.0,genpce_es,1,9010,0.7212643678160919
reg3,252,9,reg3_m252_s0,348.0,genpce_es,1,9060,0.7212643678160919
reg3,252,9,reg3_m252_s0,348.0,genpce_es,1,9110,0.7212643678160919
reg3,252,9,reg3_m252_s0,348.0,genpce_es,1,9160,0.7212643678160919
reg3,252,9,reg3_m252_s0,348.0,genpce_es,1,9210,0.7212643678160919
reg3,252,9,reg3_m252_s0,348.0,genpce_es,1,9260,0.7212643678160919
reg3,252,9,reg3_m252_s0,348.0,genpce_es,1,9310,0.7212643678160919
reg3,252,9,reg3_m252_s0,348.0,genpce_es,1,9360,0.7212643678160919
reg3,252,9,reg3_m252_s0,348.0,genpce_es,1,9410,0.7212643678160919
reg3,252,9,reg3_m252_s0,348.0,genpce_es,1,9460,0.7212643678160919
reg3,252,9,reg3_m252_s0,348.0,genpce_es,1,9510,0.7212643678160919
reg3,252,9,reg3_m252_s0,348.0,genpce_es,1,9560,0.7212643678160919
reg3,252,9,reg3_m252_s0,348.0,genpce_es,1,9610,0.7212643678160919
reg3,252,9,reg3_m252_s0,348.0,genpce_es,1,9660,0.7212643678160919
reg3,252,9,reg3_m252_s0,348.0,genpce_es,1,9710,0.7212643678160919
reg3,252,9,reg3_m252_s0,348.0,genpce_es,1,9760,0.7212643678160919
reg3,252,9,reg3_m252_s0,348.0,genpce_es,1,9810,0.7212643678160919
reg3,252,9,reg3_m252_s0,348.0,genpce_es,1,9860,0.7212643678160919
reg3,252,9,reg3_m252_s0,348.0,genpce_es,1,9910,0.7212643678160919
reg3,252,9,reg3_m252_s0,348.0,genpce_es,1,9960,0.7212643678160919
reg3,252,9,reg3_m252_s0,348.0,genpce_es,1,10010,0.7270114942528736
reg3,252,9,reg3_m252_s0,348.0,genpce_es,1,10060,0.7270114942528736
reg3,252,9,reg3_m252_s0,348.0,genpce_es,1,10110,0.7270114942528736
reg3,252,9,reg3_m252_s0,348.0,genpce_es,1,10160,0.7270114942528736
reg3,252,9,reg3_m252_s0,348.0,genpce_es,1,10210,0.7270114942528736
reg3,252,9,reg3_m252_s0,348.0,genpce_es,1,10260,0.7270114942528736
reg3,252,9,reg3_m252_s0,348.0,genpce_es,1,10310,0.7270114942528736
reg3,252,9,reg3_m252_s0,348.0,genpce_es,1,10360,0.7270114942528736
reg3,252,9,reg3_m252_s0,348.0,genpce_es,1,10410,0.7270114942528736
reg3,252,9,reg3_m252_s0,348.0,genpce_es,1,10460,0.7270114942528736
reg3,252,9,reg3_m252_s0,348.0,genpce_es,1,10510,0.7270114942528736
reg3,252,9,reg3_m252_s0,348.0,genpce_es,1,10560,0.7270114942528736
reg3,252,9,reg3_m252_s0,348.0,genpce_es,1,10610,0.7270114942528736
reg3,252,9,reg3_m252_s0,348.0,genpce_es,1,10660,0.7270114942528736
reg3,252,9,reg3_m252_s0,348.0,genpce_es,1,10710,0.7270114942528736
reg3,252,9,reg3_m252_s0,348.0,genpce_es,1,10760,0.7270114942528736
reg3,252,9,reg3_m252_s0,348.0,genpce_es,1,10810,0.7270114942528736
reg3,252,9,reg3_m252_s0,348.0,genpce_es,1,10860,0.7270114942528736
reg3,252,9,reg3_m252_s0,348.0,genpce_es,1,10910,0.7270114942528736
reg3,252,9,reg3_m252_s0,348.0,genpce_es,1,10960,0.7270114942528736
reg3,252,9,reg3_m252_s0,348.0,genpce_es,1,11010,0.7270114942528736
reg3,252,9,reg3_m252_s0,348.0,genpce_es,1,11060,0.7270114942528736
reg3,252,9,reg3_m252_s0,348.0,genpce_es,1,11110,0.7270114942528736
reg3,252,9,reg3_m252_s0,348.0,genpce_es,1,11160,0.7270114942528736
reg3,252,9,reg3_m252_s0,348.0,genpce_es,1,11210,0.7270114942528736
reg3,252,9,reg3_m252_s0,348.0,genpce_es,1,11260,0.7270114942528736
reg3,252,9,reg3_m252_s0,348.0,genpce_es,1,11310,0.7270114942528736
reg3,252,9,reg3_m252_s0,348.0,genpce_es,1,11360,0.7270114942528736
reg3,252,9,reg3_m252_s0,348.0,genpce_es,1,11410,0.7270114942528736
reg3,252,9,reg3_m252_s0,348.0,genpce_es,1,11460,0.7270114942528736
reg3,252,9,reg3_m252_s0,348.0,genpce_es,1,11510,0.7270114942528736
reg3,252,9,reg3_m252_s0,348.0,genpce_es,1,11560,0.7270114942528736
reg3,252,9,reg3_m252_s0,348.0,genpce_es,1,11610,0.7270114942528736
reg3,252,9,reg3_m252_s0,348.0,genpce_es,1,11660,0.7270114942528736
reg3,252,9,reg3_m252_s0,348.0,genpce_es,1,11710,0.7270114942528736
reg3,252,9,reg3_m252_s0,348.0,genpce_es,1,11760,0.7270114942528736
reg3,252,9,reg3_m252_s0,348.0,genpce_es,1,11810,0.7270114942528736
reg3,252,9,reg3_m252_s0,348.0,genpce_es,1,11860,0.7270114942528736
reg3,252,9,reg3_m252_s0,348.0,genpce_es,1,11910,0.7270114942528736
reg3,252,9,reg3_m252_s0,348.0,genpce_es,1,11960,0.7270114942528736
reg3,252,9,reg3_m252_s0,348.0,genpce_es,1,12010,0.7270114942528736
reg3,252,9,reg3_m252_s0,348.0,genpce_es,1,12060,0.7270114942528736
reg3,252,9,reg3_m252_s0,348.0,genpce_es,1,12110,0.7270114942528736
reg3,252,9,reg3_m252_s0,348.0,genpce_es,1,12160,0.7270114942528736
reg3,252,9,reg3_m252_s0,348.0,genpce_es,1,12210,0.7270114942528736
reg3,252,9,reg3_m252_s0,348.0,genpce_es,1,12260,0.7270114942528736
reg3,252,9,reg3_m252_s0,348.0,genpce_es,1,12310,0.7270114942528736
reg3,252,9,reg3_m252_s0,348.0,genpce_es,1,12360,0.7270114942528736
reg3,252,9,reg3_m252_s0,348.0,genpce_es,1,12410,0.7270114942528736
reg3,252,9,reg3_m252_s0,348.0,genpce_es,1,12460,0.7270114942528736
reg3,252,9,reg3_m252_s0,348.0,genpce_es,1,12510,0.7270114942528736
reg3,252,9,reg3_m252_s0,348.0,genpce_es,1,12560,0.7270114942528736
reg3,252,9,reg3_m252_s0,348.0,genpce_es,1,12610,0.7270114942528736
reg3,252,9,reg3_m252_s0,348.0,genpce_es,1,12660,0.7270114942528736
reg3,252,9,reg3_m252_s0,348.0,genpce_es,1,12710,0.7270114942528736
reg3,252,9,reg3_m252_s0,348.0,genpce_es,1,12760,0.7270114942528736
reg3,252,9,reg3_m252_s0,348.0,genpce_es,1,12810,0.7270114942528736
reg3,252,9,reg3_m252_s0,348.0,genpce_es,1,12860,0.7270114942528736
reg3,252,9,reg3_m252_s0,348.0,genpce_es,1,12910,0.7270114942528736
reg3,252,9,reg3_m252_s0,348.0,genpce_es,1,12960,0.7270114942528736
reg3,252,9,reg3_m252_s0,348.0,genpce_es,1,13010,0.7270114942528736
reg3,252,9,reg3_m252_s0,348.0,genpce_es,1,13060,0.7270114942528736
reg3,252,9,reg3_m252_s0,348.0,genpce_es,1,13110,0.7270114942528736
reg3,252,9,reg3_m252_s0,348.0,genpce_es,1,13160,0.7270114942528736
reg3,252,9,reg3_m252_s0,348.0,genpce_es,1,13210,0.7270114942528736
reg3,252,9,reg3_m252_s0,348.0,genpce_es,1,13260,0.7270114942528736
reg3,252,9,reg3_m252_s0,348.0,genpce_es,1,13310,0.7270114942528736
reg3,252,9,reg3_m252_s0,348.0,genpce_es,1,13360,0.7270114942528736
reg3,252,9,reg3_m252_s0,348.0,genpce_es,1,13410,0.7270114942528736
reg3,252,9,reg3_m252_s0,348.0,genpce_es,1,13460,0.7270114942528736
reg3,252,9,reg3_m252_s0,348.0,genpce_es,1,13510,0.7270114942528736
reg3,252,9,reg3_m252_s0,348.0,genpce_es,1,13560,0.7270114942528736
reg3,252,9,reg3_m252_s0,348.0,genpce_es,1,13610,0.7270114942528736
reg3,252,9,reg3_m252_s0,348.0,genpce_es,1,13660,0.7270114942528736
reg3,252,9,reg3_m252_s0,348.0,genpce_es,1,13710,0.7270114942528736
reg3,252,9,reg3_m252_s0,348.0,genpce_es,1,13760,0.7270114942528736
reg3,252,9,reg3_m252_s0,348.0,genpce_es,1,13810,0.7270114942528736
reg3,252,9,reg3_m252_s0,348.0,genpce_es,1,13860,0.7270114942528736
reg3,252,9,reg3_m252_s0,348.0,genpce_es,1,13910,0.7270114942528736
reg3,252,9,reg3_m252_s0,348.0,genpce_es,1,13960,0.7270114942528736
reg3,252,9,reg3_m252_s0,348.0,genpce_es,1,14010,0.7270114942528736
reg3,252,9,reg3_m252_s0,348.0,genpce_es,1,14060,0.7270114942528736
reg3,252,9,reg3_m252_s0,348.0,genpce_es,1,14110,0.7270114942528736
reg3,252,9,reg3_m252_s0,348.0,genpce_es,1,14160,0.7270114942528736
reg3,252,9,reg3_m252_s0,348.0,genpce_es,1,14210,0.7270114942528736
reg3,252,9,reg3_m252_s0,348.0,genpce_es,1,14260,0.7270114942528736
reg3,252,9,reg3_m252_s0,348.0,genpce_es,1,14310,0.7270114942528736
reg3,252,9,reg3_m252_s0,348.0,genpce_es,1,14360,0.7270114942528736
reg3,252,9,reg3_m252_s0,348.0,genpce_es,1,14410,0.7270114942528736
reg3,252,9,reg3_m252_s0,348.0,genpce_es,1,14460,0.7270114942528736
reg3,252,9,reg3_m252_s0,348.0,genpce_es,1,14510,0.7270114942528736
reg3,252,9,reg3_m252_s0,348.0,genpce_es,1,14560,0.7270114942528736
reg3,252,9,reg3_m252_s0,348.0,genpce_es,1,14610,0.7270114942528736
reg3,252,9,reg3_m252_s0,348.0,genpce_es,1,14660,0.7270114942528736
reg3,252,9,reg3_m252_s0,348.0,genpce_es,1,14710,0.7270114942528736
reg3,252,9,reg3_m252_s0,348.0,genpce_es,1,14760,0.7270114942528736
reg3,252,9,reg3_m252_s0,348.0,genpce_es,1,14810,0.7270114942528736
reg3,252,9,reg3_m252_s0,348.0,genpce_es,1,14860,0.7270114942528736
reg3,252,9,reg3_m252_s0,348.0,genpce_es,1,14910,0.7270114942528736
reg3,252,9,reg3_m252_s0,348.0,genpce_es,1,14960,0.7270114942528736
reg3,252,9,reg3_m252_s0,348.0,genpce_es,1,15010,0.7270114942528736
reg3,252,9,reg3_m252_s0,348.0,genpce_es,1,15060,0.7270114942528736
reg3,252,9,reg3_m252_s0,348.0,genpce_es,1,15110,0.7270114942528736
reg3,252,9,reg3_m252_s0,348.0,genpce_es,1,15160,0.7270114942528736
reg3,252,9,reg3_m252_s0,348.0,genpce_es,1,15210,0.7270114942528736
reg3,252,9,reg3_m252_s0,348.0,genpce_es,1,15260,0.7270114942528736
reg3,252,9,reg3_m252_s0,348.0,genpce_es,1,15310,0.7270114942528736
reg3,252,9,reg3_m252_s0,348.0,genpce_es,1,15360,0.7270114942528736
reg3,252,9,reg3_m252_s0,348.0,genpce_es,1,15410,0.7270114942528736
reg3,252,9,reg3_m252_s0,348.0,genpce_es,1,15460,0.7270114942528736
reg3,252,9,reg3_m252_s0,348.0,genpce_es,1,15510,0.7270114942528736
reg3,252,9,reg3_m252_s0,348.0,genpce_es,1,15560,0.7270114942528736
reg3,252,9,reg3_m252_s0,348.0,genpce_es,1,15610,0.7270114942528736
reg3,252,9,reg3_m252_s0,348.0,genpce_es,1,15660,0.7270114942528736
reg3,252,9,reg3_m252_s0,348.0,genpce_es,1,15710,0.7270114942528736
reg3,252,9,reg3_m252_s0,348.0,genpce_es,1,15760,0.7270114942528736
reg3,252,9,reg3_m252_s0,348.0,genpce_es,1,15810,0.7270114942528736
reg3,252,9,reg3_m252_s0,348.0,genpce_es,1,15860,0.7270114942528736
reg3,252,9,reg3_m252_s0,348.0,genpce_es,1,15910,0.7270114942528736
reg3,252,9,reg3_m252_s0,348.0,genpce_es,1,15960,0.7270114942528736
reg3,252,9,reg3_m252_s0,348.0,genpce_es,1,16010,0.7270114942528736
reg3,252,9,reg3_m252_s0,348.0,genpce_es,1,16060,0.7270114942528736
reg3,252,9,reg3_m252_s0,348.0,genpce_es,1,16110,0.7270114942528736
reg3,252,9,reg3_m252_s0,348.0,genpce_es,1,16160,0.7270114942528736
reg3,252,9,reg3_m252_s0,348.0,genpce_es,1,16210,0.7270114942528736
reg3,252,9,reg3_m252_s0,348.0,genpce_es,1,16260,0.7270114942528736
reg3,252,9,reg3_m252_s0,348.0,genpce_es,1,16310,0.7270114942528736
reg3,252,9,reg3_m252_s0,348.0,genpce_es,1,16360,0.7270114942528736
reg3,252,9,reg3_m252_s0,348.0,genpce_es,1,16410,0.7270114942528736
reg3,252,9,reg3_m252_s0,348.0,genpce_es,1,16460,0.7270114942528736
reg3,252,9,reg3_m252_s0,348.0,genpce_es,1,16510,0.7270114942528736
reg3,252,9,reg3_m252_s0,348.0,genpce_es,1,16560,0.7270114942528736
reg3,252,9,reg3_m252_s0,348.0,genpce_es,1,16610,0.7270114942528736
reg3,252,9,reg3_m252_s0,348.0,genpce_es,1,16660,0.7270114942528736
reg3,252,9,reg3_m252_s0,348.0,genpce_es,1,16710,0.7270114942528736
reg3,252,9,reg3_m252_s0,348.0,genpce_es,1,16760,0.7270114942528736
reg3,252,9,reg3_m252_s0,348.0,genpce_es,1,16810,0.7270114942528736
reg3,252,9,reg3_m252_s0,348.0,genpce_es,1,16860,0.7270114942528736
reg3,252,9,reg3_m252_s0,348.0,genpce_es,1,16910,0.7270114942528736
reg3,252,9,reg3_m252_s0,348.0,genpce_es,1,16960,0.7270114942528736
reg3,252,9,reg3_m252_s0,348.0,genpce_es,1,17010,0.7270114942528736
reg3,252,9,reg3_m252_s0,348.0,genpce_es,1,17060,0.7270114942528736
reg3,252,9,reg3_m252_s0,348.0,genpce_es,1,17110,0.7270114942528736
reg3,252,9,reg3_m252_s0,348.0,genpce_es,1,17160,0.7270114942528736
reg3,252,9,reg3_m252_s0,348.0,genpce_es,1,17210,0.7270114942528736
reg3,252,9,reg3_m252_s0,348.0,genpce_es,1,17260,0.7270114942528736
reg3,252,9,reg3_m252_s0,348.0,genpce_es,1,17310,0.7270114942528736
reg3,252,9,reg3_m252_s0,348.0,genpce_es,1,17360,0.7270114942528736
reg3,252,9,reg3_m252_s0,348.0,genpce_es,1,17410,0.7270114942528736
reg3,252,9,reg3_m252_s0,348.0,genpce_es,1,17460,0.7270114942528736
reg3,252,9,reg3_m252_s0,348.0,genpce_es,1,17510,0.7270114942528736
reg3,252,9,reg3_m252_s0,348.0,genpce_es,1,17560,0.7270114942528736
reg3,252,9,reg3_m252_s0,348.0,genpce_es,1,17610,0.7270114942528736
reg3,252,9,reg3_m252_s0,348.0,genpce_es,1,17660,0.7270114942528736
reg3,252,9,reg3_m252_s0,348.0,genpce_es,1,17710,0.7270114942528736
reg3,252,9,reg3_m252_s0,348.0,genpce_es,1,17760,0.7270114942528736
reg3,252,9,reg3_m252_s0,348.0,genpce_es,1,17810,0.7270114942528736
reg3,252,9,reg3_m252_s0,348.0,genpce_es,1,17860,0.7270114942528736
reg3,252,9,reg3_m252_s0,348.0,genpce_es,1,17910,0.7270114942528736
reg3,252,9,reg3_m252_s0,348.0,genpce_es,1,17960,0.7270114942528736
reg3,252,9,reg3_m252_s0,348.0,genpce_es,1,18010,0.7270114942528736
reg3,252,9,reg3_m252_s0,348.0,genpce_es,1,18060,0.7270114942528736
reg3,252,9,reg3_m252_s0,348.0,genpce_es,1,18110,0.7270114942528736
reg3,252,9,reg3_m252_s0,348.0,genpce_es,1,18160,0.7270114942528736
reg3,252,9,reg3_m252_s0,348.0,genpce_es,1,18210,0.7270114942528736
reg3,252,9,reg3_m252_s0,348.0,genpce_es,1,18260,0.7270114942528736
reg3,252,9,reg3_m252_s0,348.0,genpce_es,1,18310,0.7270114942528736
reg3,252,9,reg3_m252_s0,348.0,genpce_es,1,18360,0.7270114942528736
reg3,252,9,reg3_m252_s0,348.0,genpce_es,1,18410,0.7270114942528736
reg3,252,9,reg3_m252_s0,348.0,genpce_es,1,18460,0.7270114942528736
reg3,252,9,reg3_m252_s0,348.0,genpce_es,1,18510,0.7270114942528736
reg3,252,9,reg3_m252_s0,348.0,genpce_es,1,18560,0.7270114942528736
reg3,252,9,reg3_m252_s0,348.0,genpce_es,1,18610,0.7270114942528736
reg3,252,9,reg3_m252_s0,348.0,genpce_es,1,18660,0.7270114942528736
reg3,252,9,reg3_m252_s0,348.0,genpce_es,1,18710,0.7270114942528736
reg3,252,9,reg3_m252_s0,348.0,genpce_es,1,18760,0.7270114942528736
reg3,252,9,reg3_m252_s0,348.0,genpce_es,1,18810,0.7270114942528736
reg3,252,9,reg3_m252_s0,348.0,genpce_es,1,18860,0.7270114942528736
reg3,252,9,reg3_m252_s0,348.0,genpce_es,1,18910,0.7270114942528736
reg3,252,9,reg3_m252_s0,348.0,genpce_es,1,18960,0.7270114942528736
reg3,252,9,reg3_m252_s0,348.0,genpce_es,1,19010,0.7270114942528736
reg3,252,9,reg3_m252_s0,348.0,genpce_es,1,19060,0.7270114942528736
reg3,252,9,reg3_m252_s0,348.0,genpce_es,1,19110,0.7270114942528736
reg3,252,9,reg3_m252_s0,348.0,genpce_es,1,19160,0.7270114942528736
reg3,252,9,reg3_m252_s0,348.0,genpce_es,1,19210,0.7270114942528736
reg3,252,9,reg3_m252_s0,348.0,genpce_es,1,19260,0.7270114942528736
reg3,252,9,reg3_m252_s0,348.0,genpce_es,1,19310,0.7270114942528736
reg3,252,9,reg3_m252_s0,348.0,genpce_es,1,19360,0.7270114942528736
reg3,252,9,reg3_m252_s0,348.0,genpce_es,1,19410,0.7270114942528736
reg3,252,9,reg3_m252_s0,348.0,genpce_es,1,19460,0.7270114942528736
reg3,252,9,reg3_m252_s0,348.0,genpce_es,1,19510,0.7270114942528736
reg3,252,9,reg3_m252_s0,348.0,genpce_es,1,19560,0.7270114942528736
reg3,252,9,reg3_m252_s0,348.0,genpce_es,1,19610,0.7270114942528736
reg3,252,9,reg3_m252_s0,348.0,genpce_es,1,19660,0.7270114942528736
reg3,252,9,reg3_m252_s0,348.0,genpce_es,1,19710,0.7270114942528736
reg3,252,9,reg3_m252_s0,348.0,genpce_es,1,19760,0.7270114942528736
reg3,252,9,reg3_m252_s0,348.0,genpce_es,1,19810,0.7270114942528736
reg3,252,9,reg3_m252_s0,348.0,genpce_es,1,19860,0.7270114942528736
reg3,252,9,reg3_m252_s0,348.0,genpce_es,1,19910,0.7270114942528736
reg3,252,9,reg3_m252_s0,348.0,genpce_es,1,19960,0.7270114942528736
reg3,252,9,reg3_m252_s0,348.0,genpce_es,1,20010,0.7270114942528736
reg3,252,9,reg3_m252_s0,348.0,random,1,50,0.5977011494252874
reg3,252,9,reg3_m252_s0,348.0,random,1,100,0.5977011494252874
reg3,252,9,reg3_m252_s0,348.0,random,1,150,0.6063218390804598
reg3,252,9,reg3_m252_s0,348.0,random,1,200,0.6235632183908046
reg3,252,9,reg3_m252_s0,348.0,random,1,250,0.6235632183908046
reg3,252,9,reg3_m252_s0,348.0,random,1,300,0.6235632183908046
reg3,252,9,reg3_m252_s0,348.0,random,1,350,0.6235632183908046
reg3,252,9,reg3_m252_s0,348.0,random,1,400,0.6235632183908046
reg3,252,9,reg3_m252_s0,348.0,random,1,450,0.6235632183908046
reg3,252,9,reg3_m252_s0,348.0,random,1,500,0.6264367816091954
reg3,252,9,reg3_m252_s0,348.0,random,1,550,0.6264367816091954
reg3,252,9,reg3_m252_s0,348.0,random,1,600,0.6264367816091954
reg3,252,9,reg3_m252_s0,348.0,random,1,650,0.6264367816091954
reg3,252,9,reg3_m252_s0,348.0,random,1,700,0.6264367816091954
reg3,252,9,reg3_m252_s0,348.0,random,1,750,0.6264367816091954
reg3,252,9,reg3_m252_s0,348.0,random,1,800,0.6264367816091954
reg3,252,9,reg3_m252_s0,348.0,random,1,850,0.6264367816091954
reg3,252,9,reg3_m252_s0,348.0,random,1,900,0.6264367816091954
reg3,252,9,reg3_m252_s0,348.0,random,1,950,0.6264367816091954
reg3,252,9,reg3_m252_s0,348.0,random,1,1000,0.6264367816091954
reg3,252,9,reg3_m252_s0,348.0,random,1,1050,0.6264367816091954
reg3,252,9,reg3_m252_s0,348.0,random,1,1100,0.6264367816091954
reg3,252,9,reg3_m252_s0,348.0,random,1,1150,0.6264367816091954
reg3,252,9,reg3_m252_s0,348.0,random,1,1200,0.6264367816091954
reg3,252,9,reg3_m252_s0,348.0,random,1,1250,0.6264367816091954
reg3,252,9,reg3_m252_s0,348.0,random,1,1300,0.6264367816091954
reg3,252,9,reg3_m252_s0,348.0,random,1,1350,0.6264367816091954
reg3,252,9,reg3_m252_s0,348.0,random,1,1400,0.6264367816091954
reg3,252,9,reg3_m252_s0,348.0,random,1,1450,0.6264367816091954
reg3,252,9,reg3_m252_s0,348.0,random,1,1500,0.6264367816091954
reg3,252,9,reg3_m252_s0,348.0,random,1,1550,0.6264367816091954
reg3,252,9,reg3_m252_s0,348.0,random,1,1600,0.6264367816091954
reg3,252,9,reg3_m252_s0,348.0,random,1,1650,0.6264367816091954
reg3,252,9,reg3_m252_s0,348.0,random,1,1700,0.6264367816091954
reg3,252,9,reg3_m252_s0,348.0,random,1,1750,0.6293103448275862
reg3,252,9,reg3_m252_s0,348.0,random,1,1800,0.6293103448275862
reg3,252,9,reg3_m252_s0,348.0,random,1,1850,0.6293103448275862
reg3,252,9,reg3_m252_s0,348.0,random,1,1900,0.6293103448275862
reg3,252,9,reg3_m252_s0,348.0,random,1,1950,0.6293103448275862
reg3,252,9,reg3_m252_s0,348.0,random,1,2000,0.6293103448275862
reg3,252,9,reg3_m252_s0,348.0,random,1,2050,0.6293103448275862
reg3,252,9,reg3_m252_s0,348.0,random,1,2100,0.6293103448275862
reg3,252,9,reg3_m252_s0,348.0,random,1,2150,0.6293103448275862
reg3,252,9,reg3_m252_s0,348.0,random,1,2200,0.6293103448275862
reg3,252,9,reg3_m252_s0,348.0,random,1,2250,0.6293103448275862
reg3,252,9,reg3_m252_s0,348.0,random,1,2300,0.6293103448275862
reg3,252,9,reg3_m252_s0,348.0,random,1,2350,0.6293103448275862
reg3,252,9,reg3_m252_s0,348.0,random,1,2400,0.6293103448275862
reg3,252,9,reg3_m252_s0,348.0,random,1,2450,0.6293103448275862
reg3,252,9,reg3_m252_s0,348.0,random,1,2500,0.6293103448275862
reg3,252,9,reg3_m252_s0,348.0,random,1,2550,0.6293103448275862
reg3,252,9,reg3_m252_s0,348.0,random,1,2600,0.6293103448275862
reg3,252,9,reg3_m252_s0,348.0,random,1,2650,0.6293103448275862
reg3,252,9,reg3_m252_s0,348.0,random,1,2700,0.6293103448275862
reg3,252,9,reg3_m252_s0,348.0,random,1,2750,0.6293103448275862
reg3,252,9,reg3_m252_s0,348.0,random,1,2800,0.6293103448275862
reg3,252,9,reg3_m252_s0,348.0,random,1,2850,0.6293103448275862
reg3,252,9,reg3_m252_s0,348.0,random,1,2900,0.6293103448275862
reg3,252,9,reg3_m252_s0,348.0,random,1,2950,0.6293103448275862
reg3,252,9,reg3_m252_s0,348.0,random,1,3000,0.6293103448275862
reg3,252,9,reg3_m252_s0,348.0,random,1,3050,0.6293103448275862
reg3,252,9,reg3_m252_s0,348.0,random,1,3100,0.6293103448275862
reg3,252,9,reg3_m252_s0,348.0,random,1,3150,0.6293103448275862
reg3,252,9,reg3_m252_s0,348.0,random,1,3200,0.6293103448275862
reg3,252,9,reg3_m252_s0,348.0,random,1,3250,0.6293103448275862
reg3,252,9,reg3_m252_s0,348.0,random,1,3300,0.6293103448275862
reg3,252,9,reg3_m252_s0,348.0,random,1,3350,0.6293103448275862
reg3,252,9,reg3_m252_s0,348.0,random,1,3400,0.6293103448275862
reg3,252,9,reg3_m252_s0,348.0,random,1,3450,0.6293103448275862
reg3,252,9,reg3_m252_s0,348.0,random,1,3500,0.6379310344827587
reg3,252,9,reg3_m252_s0,348.0,random,1,3550,0.6379310344827587
reg3,252,9,reg3_m252_s0,348.0,random,1,3600,0.6379310344827587
reg3,252,9,reg3_m252_s0,348.0,random,1,3650,0.6379310344827587
reg3,252,9,reg3_m252_s0,348.0,random,1,3700,0.6379310344827587
reg3,252,9,reg3_m252_s0,348.0,random,1,3750,0.6379310344827587
reg3,252,9,reg3_m252_s0,348.0,random,1,3800,0.6379310344827587
reg3,252,9,reg3_m252_s0,348.0,random,1,3850,0.6379310344827587
reg3,252,9,reg3_m252_s0,348.0,random,1,3900,0.6379310344827587
reg3,252,9,reg3_m252_s0,348.0,random,1,3950,0.6379310344827587
reg3,252,9,reg3_m252_s0,348.0,random,1,4000,0.6379310344827587
reg3,252,9,reg3_m252_s0,348.0,random,1,4050,0.6379310344827587
reg3,252,9,reg3_m252_s0,348.0,random,1,4100,0.6379310344827587
reg3,252,9,reg3_m252_s0,348.0,random,1,4150,0.6379310344827587
reg3,252,9,reg3_m252_s0,348.0,random,1,4200,0.6379310344827587
reg3,252,9,reg3_m252_s0,348.0,random,1,4250,0.6379310344827587
reg3,252,9,reg3_m252_s0,348.0,random,1,4300,0.6379310344827587
reg3,252,9,reg3_m252_s0,348.0,random,1,4350,0.6379310344827587
reg3,252,9,reg3_m252_s0,348.0,random,1,4400,0.6379310344827587
reg3,252,9,reg3_m252_s0,348.0,random,1,4450,0.6379310344827587
reg3,252,9,reg3_m252_s0,348.0,random,1,4500,0.6379310344827587
reg3,252,9,reg3_m252_s0,348.0,random,1,4550,0.6379310344827587
reg3,252,9,reg3_m252_s0,348.0,random,1,4600,0.6379310344827587
reg3,252,9,reg3_m252_s0,348.0,random,1,4650,0.6379310344827587
reg3,252,9,reg3_m252_s0,348.0,random,1,4700,0.6379310344827587
reg3,252,9,reg3_m252_s0,348.0,random,1,4750,0.6379310344827587
reg3,252,9,reg3_m252_s0,348.0,random,1,4800,0.6379310344827587
reg3,252,9,reg3_m252_s0,348.0,random,1,4850,0.6379310344827587
reg3,252,9,reg3_m252_s0,348.0,random,1,4900,0.6379310344827587
reg3,252,9,reg3_m252_s0,348.0,random,1,4950,0.6379310344827587
reg3,252,9,reg3_m252_s0,348.0,random,1,5000,0.6379310344827587
reg3,252,9,reg3_m252_s0,348.0,random,1,5050,0.6379310344827587
reg3,252,9,reg3_m252_s0,348.0,random,1,5100,0.6379310344827587
reg3,252,9,reg3_m252_s0,348.0,random,1,5150,0.6379310344827587
reg3,252,9,reg3_m252_s0,348.0,random,1,5200,0.6379310344827587
reg3,252,9,reg3_m252_s0,348.0,random,1,5250,0.6379310344827587
reg3,252,9,reg3_m252_s0,348.0,random,1,5300,0.6379310344827587
reg3,252,9,reg3_m252_s0,348.0,random,1,5350,0.6379310344827587
reg3,252,9,reg3_m252_s0,348.0,random,1,5400,0.6379310344827587
reg3,252,9,reg3_m252_s0,348.0,random,1,5450,0.6379310344827587
reg3,252,9,reg3_m252_s0,348.0,random,1,5500,0.6379310344827587
reg3,252,9,reg3_m252_s0,348.0,random,1,5550,0.6379310344827587
reg3,252,9,reg3_m252_s0,348.0,random,1,5600,0.6379310344827587
reg3,252,9,reg3_m252_s0,348.0,random,1,5650,0.6379310344827587
reg3,252,9,reg3_m252_s0,348.0,random,1,5700,0.6379310344827587
reg3,252,9,reg3_m252_s0,348.0,random,1,5750,0.6379310344827587
reg3,252,9,reg3_m252_s0,348.0,random,1,5800,0.6379310344827587
reg3,252,9,reg3_m252_s0,348.0,random,1,5850,0.6379310344827587
reg3,252,9,reg3_m252_s0,348.0,random,1,5900,0.6379310344827587
reg3,252,9,reg3_m252_s0,348.0,random,1,5950,0.6379310344827587
reg3,252,9,reg3_m252_s0,348.0,random,1,6000,0.6379310344827587
reg3,252,9,reg3_m252_s0,348.0,random,1,6050,0.6379310344827587
reg3,252,9,reg3_m252_s0,348.0,random,1,6100,0.6379310344827587
reg3,252,9,reg3_m252_s0,348.0,random,1,6150,0.6379310344827587
reg3,252,9,reg3_m252_s0,348.0,random,1,6200,0.6379310344827587
reg3,252,9,reg3_m252_s0,348.0,random,1,6250,0.6379310344827587
reg3,252,9,reg3_m252_s0,348.0,random,1,6300,0.6379310344827587
reg3,252,9,reg3_m252_s0,348.0,random,1,6350,0.6379310344827587
reg3,252,9,reg3_m252_s0,348.0,random,1,6400,0.6379310344827587
reg3,252,9,reg3_m252_s0,348.0,random,1,6450,0.6379310344827587
reg3,252,9,reg3_m252_s0,348.0,random,1,6500,0.6379310344827587
reg3,252,9,reg3_m252_s0,348.0,random,1,6550,0.6379310344827587
reg3,252,9,reg3_m252_s0,348.0,random,1,6600,0.6379310344827587
reg3,252,9,reg3_m252_s0,348.0,random,1,6650,0.6379310344827587
reg3,252,9,reg3_m252_s0,348.0,random,1,6700,0.6379310344827587
reg3,252,9,reg3_m252_s0,348.0,random,1,6750,0.6379310344827587
reg3,252,9,reg3_m252_s0,348.0,random,1,6800,0.6379310344827587
reg3,252,9,reg3_m252_s0,348.0,random,1,6850,0.6379310344827587
reg3,252,9,reg3_m252_s0,348.0,random,1,6900,0.6379310344827587
reg3,252,9,reg3_m252_s0,348.0,random,1,6950,0.6379310344827587
reg3,252,9,reg3_m252_s0,348.0,random,1,7000,0.6379310344827587
reg3,252,9,reg3_m252_s0,348.0,random,1,7050,0.6379310344827587
reg3,252,9,reg3_m252_s0,348.0,random,1,7100,0.6379310344827587
reg3,252,9,reg3_m252_s0,348.0,random,1,7150,0.6379310344827587
reg3,252,9,reg3_m252_s0,348.0,random,1,7200,0.6494252873563219
reg3,252,9,reg3_m252_s0,348.0,random,1,7250,0.6494252873563219
reg3,252,9,reg3_m252_s0,348.0,random,1,7300,0.6494252873563219
reg3,252,9,reg3_m252_s0,348.0,random,1,7350,0.6494252873563219
reg3,252,9,reg3_m252_s0,348.0,random,1,7400,0.6494252873563219
reg3,252,9,reg3_m252_s0,348.0,random,1,7450,0.6494252873563219
reg3,252,9,reg3_m252_s0,348.0,random,1,7500,0.6494252873563219
reg3,252,9,reg3_m252_s0,348.0,random,1,7550,0.6494252873563219
reg3,252,9,reg3_m252_s0,348.0,random,1,7600,0.6494252873563219
reg3,252,9,reg3_m252_s0,348.0,random,1,7650,0.6494252873563219
reg3,252,9,reg3_m252_s0,348.0,random,1,7700,0.6494252873563219
reg3,252,9,reg3_m252_s0,348.0,random,1,7750,0.6494252873563219
reg3,252,9,reg3_m252_s0,348.0,random,1,7800,0.6494252873563219
reg3,252,9,reg3_m252_s0,348.0,random,1,7850,0.6494252873563219
reg3,252,9,reg3_m252_s0,348.0,random,1,7900,0.6494252873563219
reg3,252,9,reg3_m252_s0,348.0,random,1,7950,0.6494252873563219
reg3,252,9,reg3_m252_s0,348.0,random,1,8000,0.6494252873563219
reg3,252,9,reg3_m252_s0,348.0,random,1,8050,0.6494252873563219
reg3,252,9,reg3_m252_s0,348.0,random,1,8100,0.6494252873563219
reg3,252,9,reg3_m252_s0,348.0,random,1,8150,0.6494252873563219
reg3,252,9,reg3_m252_s0,348.0,random,1,8200,0.6494252873563219
reg3,252,9,reg3_m252_s0,348.0,random,1,8250,0.6494252873563219
reg3,252,9,reg3_m252_s0,348.0,random,1,8300,0.6494252873563219
reg3,252,9,reg3_m252_s0,348.0,random,1,8350,0.6494252873563219
reg3,252,9,reg3_m252_s0,348.0,random,1,8400,0.6494252873563219
reg3,252,9,reg3_m252_s0,348.0,random,1,8450,0.6494252873563219
reg3,252,9,reg3_m252_s0,348.0,random,1,8500,0.6494252873563219
reg3,252,9,reg3_m252_s0,348.0,random,1,8550,0.6494252873563219
reg3,252,9,reg3_m252_s0,348.0,random,1,8600,0.6494252873563219
reg3,252,9,reg3_m252_s0,348.0,random,1,8650,0.6494252873563219
reg3,252,9,reg3_m252_s0,348.0,random,1,8700,0.6494252873563219
reg3,252,9,reg3_m252_s0,348.0,random,1,8750,0.6494252873563219
reg3,252,9,reg3_m252_s0,348.0,random,1,8800,0.6494252873563219
reg3,252,9,reg3_m252_s0,348.0,random,1,8850,0.6494252873563219
reg3,252,9,reg3_m252_s0,348.0,random,1,8900,0.6494252873563219
reg3,252,9,reg3_m252_s0,348.0,random,1,8950,0.6494252873563219
reg3,252,9,reg3_m252_s0,348.0,random,1,9000,0.6494252873563219
reg3,252,9,reg3_m252_s0,348.0,random,1,9050,0.6494252873563219
reg3,252,9,reg3_m252_s0,348.0,random,1,9100,0.6494252873563219
reg3,252,9,reg3_m252_s0,348.0,random,1,9150,0.6494252873563219
reg3,252,9,reg3_m252_s0,348.0,random,1,9200,0.6494252873563219
reg3,252,9,reg3_m252_s0,348.0,random,1,9250,0.6494252873563219
reg3,252,9,reg3_m252_s0,348.0,random,1,9300,0.6494252873563219
reg3,252,9,reg3_m252_s0,348.0,random,1,9350,0.6494252873563219
reg3,252,9,reg3_m252_s0,348.0,random,1,9400,0.6494252873563219
reg3,252,9,reg3_m252_s0,348.0,random,1,9450,0.6494252873563219
reg3,252,9,reg3_m252_s0,348.0,random,1,9500,0.6494252873563219
reg3,252,9,reg3_m252_s0,348.0,random,1,9550,0.6494252873563219
reg3,252,9,reg3_m252_s0,348.0,random,1,9600,0.6494252873563219
reg3,252,9,reg3_m252_s0,348.0,random,1,9650,0.6494252873563219
reg3,252,9,reg3_m252_s0,348.0,random,1,9700,0.6494252873563219
reg3,252,9,reg3_m252_s0,348.0,random,1,9750,0.6494252873563219
reg3,252,9,reg3_m252_s0,348.0,random,1,9800,0.6494252873563219
reg3,252,9,reg3_m252_s0,348.0,random,1,9850,0.6494252873563219
reg3,252,9,reg3_m252_s0,348.0,random,1,9900,0.6494252873563219
reg3,252,9,reg3_m252_s0,348.0,random,1,9950,0.6494252873563219
reg3,252,9,reg3_m252_s0,348.0,random,1,10000,0.6494252873563219
reg3,252,9,reg3_m252_s0,348.0,random,1,10050,0.6494252873563219
reg3,252,9,reg3_m252_s0,348.0,random,1,10100,0.6494252873563219
reg3,252,9,reg3_m252_s0,348.0,random,1,10150,0.6494252873563219
reg3,252,9,reg3_m252_s0,348.0,random,1,10200,0.6494252873563219
reg3,252,9,reg3_m252_s0,348.0,random,1,10250,0.6494252873563219
reg3,252,9,reg3_m252_s0,348.0,random,1,10300,0.6494252873563219
reg3,252,9,reg3_m252_s0,348.0,random,1,10350,0.6494252873563219
reg3,252,9,reg3_m252_s0,348.0,random,1,10400,0.6494252873563219
reg3,252,9,reg3_m252_s0,348.0,random,1,10450,0.6494252873563219
reg3,252,9,reg3_m252_s0,348.0,random,1,10500,0.6494252873563219
reg3,252,9,reg3_m252_s0,348.0,random,1,10550,0.6494252873563219
reg3,252,9,reg3_m252_s0,348.0,random,1,10600,0.6494252873563219
reg3,252,9,reg3_m252_s0,348.0,random,1,10650,0.6494252873563219
reg3,252,9,reg3_m252_s0,348.0,random,1,10700,0.6494252873563219
reg3,252,9,reg3_m252_s0,348.0,random,1,10750,0.6494252873563219
reg3,252,9,reg3_m252_s0,348.0,random,1,10800,0.6494252873563219
reg3,252,9,reg3_m252_s0,348.0,random,1,10850,0.6494252873563219
reg3,252,9,reg3_m252_s0,348.0,random,1,10900,0.6494252873563219
reg3,252,9,reg3_m252_s0,348.0,random,1,10950,0.6494252873563219
reg3,252,9,reg3_m252_s0,348.0,random,1,11000,0.6494252873563219
reg3,252,9,reg3_m252_s0,348.0,random,1,11050,0.6494252873563219
reg3,252,9,reg3_m252_s0,348.0,random,1,11100,0.6494252873563219
reg3,252,9,reg3_m252_s0,348.0,random,1,11150,0.6494252873563219
reg3,252,9,reg3_m252_s0,348.0,random,1,11200,0.6494252873563219
reg3,252,9,reg3_m252_s0,348.0,random,1,11250,0.6494252873563219
reg3,252,9,reg3_m252_s0,348.0,random,1,11300,0.6494252873563219
reg3,252,9,reg3_m252_s0,348.0,random,1,11350,0.6494252873563219
reg3,252,9,reg3_m252_s0,348.0,random,1,11400,0.6494252873563219
reg3,252,9,reg3_m252_s0,348.0,random,1,11450,0.6494252873563219
reg3,252,9,reg3_m252_s0,348.0,random,1,11500,0.6494252873563219
reg3,252,9,reg3_m252_s0,348.0,random,1,11550,0.6494252873563219
reg3,252,9,reg3_m252_s0,348.0,random,1,11600,0.6494252873563219
reg3,252,9,reg3_m252_s0,348.0,random,1,11650,0.6494252873563219
reg3,252,9,reg3_m252_s0,348.0,random,1,11700,0.6494252873563219
reg3,252,9,reg3_m252_s0,348.0,random,1,11750,0.6494252873563219
reg3,252,9,reg3_m252_s0,348.0,random,1,11800,0.6494252873563219
reg3,252,9,reg3_m252_s0,348.0,random,1,11850,0.6494252873563219
reg3,252,9,reg3_m252_s0,348.0,random,1,11900,0.6494252873563219
reg3,252,9,reg3_m252_s0,348.0,random,1,11950,0.6494252873563219
reg3,252,9,reg3_m252_s0,348.0,random,1,12000,0.6494252873563219
reg3,252,9,reg3_m252_s0,348.0,random,1,12050,0.6494252873563219
reg3,252,9,reg3_m252_s0,348.0,random,1,12100,0.6494252873563219
reg3,252,9,reg3_m252_s0,348.0,random,1,12150,0.6494252873563219
reg3,252,9,reg3_m252_s0,348.0,random,1,12200,0.6494252873563219
reg3,252,9,reg3_m252_s0,348.0,random,1,12250,0.6494252873563219
reg3,252,9,reg3_m252_s0,348.0,random,1,12300,0.6494252873563219
reg3,252,9,reg3_m252_s0,348.0,random,1,12350,0.6494252873563219
reg3,252,9,reg3_m252_s0,348.0,random,1,12400,0.6494252873563219
reg3,252,9,reg3_m252_s0,348.0,random,1,12450,0.6494252873563219
reg3,252,9,reg3_m252_s0,348.0,random,1,12500,0.6494252873563219
reg3,252,9,reg3_m252_s0,348.0,random,1,12550,0.6494252873563219
reg3,252,9,reg3_m252_s0,348.0,random,1,12600,0.6494252873563219
reg3,252,9,reg3_m252_s0,348.0,random,1,12650,0.6494252873563219
reg3,252,9,reg3_m252_s0,348.0,random,1,12700,0.6494252873563219
reg3,252,9,reg3_m252_s0,348.0,random,1,12750,0.6494252873563219
reg3,252,9,reg3_m252_s0,348.0,random,1,12800,0.6494252873563219
reg3,252,9,reg3_m252_s0,348.0,random,1,12850,0.6494252873563219
reg3,252,9,reg3_m252_s0,348.0,random,1,12900,0.6494252873563219
reg3,252,9,reg3_m252_s0,348.0,random,1,12950,0.6494252873563219
reg3,252,9,reg3_m252_s0,348.0,random,1,13000,0.6494252873563219
reg3,252,9,reg3_m252_s0,348.0,random,1,13050,0.6494252873563219
reg3,252,9,reg3_m252_s0,348.0,random,1,13100,0.6494252873563219
reg3,252,9,reg3_m252_s0,348.0,random,1,13150,0.6494252873563219
reg3,252,9,reg3_m252_s0,348.0,random,1,13200,0.6494252873563219
reg3,252,9,reg3_m252_s0,348.0,random,1,13250,0.6494252873563219
reg3,252,9,reg3_m252_s0,348.0,random,1,13300,0.6494252873563219
reg3,252,9,reg3_m252_s0,348.0,random,1,13350,0.6494252873563219
reg3,252,9,reg3_m252_s0,348.0,random,1,13400,0.6494252873563219
reg3,252,9,reg3_m252_s0,348.0,random,1,13450,0.6494252873563219
reg3,252,9,reg3_m252_s0,348.0,random,1,13500,0.6494252873563219
reg3,252,9,reg3_m252_s0,348.0,random,1,13550,0.6494252873563219
reg3,252,9,reg3_m252_s0,348.0,random,1,13600,0.6494252873563219
reg3,252,9,reg3_m252_s0,348.0,random,1,13650,0.6494252873563219
reg3,252,9,reg3_m252_s0,348.0,random,1,13700,0.6494252873563219
reg3,252,9,reg3_m252_s0,348.0,random,1,13750,0.6494252873563219
reg3,252,9,reg3_m252_s0,348.0,random,1,13800,0.6494252873563219
reg3,252,9,reg3_m252_s0,348.0,random,1,13850,0.6494252873563219
reg3,252,9,reg3_m252_s0,348.0,random,1,13900,0.6494252873563219
reg3,252,9,reg3_m252_s0,348.0,random,1,13950,0.6494252873563219
reg3,252,9,reg3_m252_s0,348.0,random,1,14000,0.6494252873563219
reg3,252,9,reg3_m252_s0,348.0,random,1,14050,0.6494252873563219
reg3,252,9,reg3_m252_s0,348.0,random,1,14100,0.6494252873563219
reg3,252,9,reg3_m252_s0,348.0,random,1,14150,0.6494252873563219
reg3,252,9,reg3_m252_s0,348.0,random,1,14200,0.6494252873563219
reg3,252,9,reg3_m252_s0,348.0,random,1,14250,0.6494252873563219
reg3,252,9,reg3_m252_s0,348.0,random,1,14300,0.6494252873563219
reg3,252,9,reg3_m252_s0,348.0,random,1,14350,0.6494252873563219
reg3,252,9,reg3_m252_s0,348.0,random,1,14400,0.6494252873563219
reg3,252,9,reg3_m252_s0,348.0,random,1,14450,0.6494252873563219
reg3,252,9,reg3_m252_s0,348.0,random,1,14500,0.6494252873563219
reg3,252,9,reg3_m252_s0,348.0,random,1,14550,0.6494252873563219
reg3,252,9,reg3_m252_s0,348.0,random,1,14600,0.6494252873563219
reg3,252,9,reg3_m252_s0,348.0,random,1,14650,0.6494252873563219
reg3,252,9,reg3_m252_s0,348.0,random,1,14700,0.6494252873563219
reg3,252,9,reg3_m252_s0,348.0,random,1,14750,0.6494252873563219
reg3,252,9,reg3_m252_s0,348.0,random,1,14800,0.6494252873563219
reg3,252,9,reg3_m252_s0,348.0,random,1,14850,0.6494252873563219
reg3,252,9,reg3_m252_s0,348.0,random,1,14900,0.6494252873563219
reg3,252,9,reg3_m252_s0,348.0,random,1,14950,0.6494252873563219
reg3,252,9,reg3_m252_s0,348.0,random,1,15000,0.6494252873563219
reg3,252,9,reg3_m252_s0,348.0,random,1,15050,0.6494252873563219
reg3,252,9,reg3_m252_s0,348.0,random,1,15100,0.6494252873563219
reg3,252,9,reg3_m252_s0,348.0,random,1,15150,0.6494252873563219
reg3,252,9,reg3_m252_s0,348.0,random,1,15200,0.6494252873563219
reg3,252,9,reg3_m252_s0,348.0,random,1,15250,0.6494252873563219
reg3,252,9,reg3_m252_s0,348.0,random,1,15300,0.6494252873563219
reg3,252,9,reg3_m252_s0,348.0,random,1,15350,0.6494252873563219
reg3,252,9,reg3_m252_s0,348.0,random,1,15400,0.6494252873563219
reg3,252,9,reg3_m252_s0,348.0,random,1,15450,0.6494252873563219
reg3,252,9,reg3_m252_s0,348.0,random,1,15500,0.6494252873563219
reg3,252,9,reg3_m252_s0,348.0,random,1,15550,0.6494252873563219
reg3,252,9,reg3_m252_s0,348.0,random,1,15600,0.6494252873563219
reg3,252,9,reg3_m252_s0,348.0,random,1,15650,0.6494252873563219
reg3,252,9,reg3_m252_s0,348.0,random,1,15700,0.6494252873563219
reg3,252,9,reg3_m252_s0,348.0,random,1,15750,0.6494252873563219
reg3,252,9,reg3_m252_s0,348.0,random,1,15800,0.6494252873563219
reg3,252,9,reg3_m252_s0,348.0,random,1,15850,0.6494252873563219
reg3,252,9,reg3_m252_s0,348.0,random,1,15900,0.6494252873563219
reg3,252,9,reg3_m252_s0,348.0,random,1,15950,0.6494252873563219
reg3,252,9,reg3_m252_s0,348.0,random,1,16000,0.6494252873563219
reg3,252,9,reg3_m252_s0,348.0,random,1,16050,0.6494252873563219
reg3,252,9,reg3_m252_s0,348.0,random,1,16100,0.6494252873563219
reg3,252,9,reg3_m252_s0,348.0,random,1,16150,0.6494252873563219
reg3,252,9,reg3_m252_s0,348.0,random,1,16200,0.6494252873563219
reg3,252,9,reg3_m252_s0,348.0,random,1,16250,0.6494252873563219
reg3,252,9,reg3_m252_s0,348.0,random,1,16300,0.6494252873563219
reg3,252,9,reg3_m252_s0,348.0,random,1,16350,0.6494252873563219
reg3,252,9,reg3_m252_s0,348.0,random,1,16400,0.6494252873563219
reg3,252,9,reg3_m252_s0,348.0,random,1,16450,0.6494252873563219
reg3,252,9,reg3_m252_s0,348.0,random,1,16500,0.6494252873563219
reg3,252,9,reg3_m252_s0,348.0,random,1,16550,0.6494252873563219
reg3,252,9,reg3_m252_s0,348.0,random,1,16600,0.6494252873563219
reg3,252,9,reg3_m252_s0,348.0,random,1,16650,0.6494252873563219
reg3,252,9,reg3_m252_s0,348.0,random,1,16700,0.6494252873563219
reg3,252,9,reg3_m252_s0,348.0,random,1,16750,0.6494252873563219
reg3,252,9,reg3_m252_s0,348.0,random,1,16800,0.6494252873563219
reg3,252,9,reg3_m252_s0,348.0,random,1,16850,0.6494252873563219
reg3,252,9,reg3_m252_s0,348.0,random,1,16900,0.6494252873563219
reg3,252,9,reg3_m252_s0,348.0,random,1,16950,0.6494252873563219
reg3,252,9,reg3_m252_s0,348.0,random,1,17000,0.6494252873563219
reg3,252,9,reg3_m252_s0,348.0,random,1,17050,0.6494252873563219
reg3,252,9,reg3_m252_s0,348.0,random,1,17100,0.6494252873563219
reg3,252,9,reg3_m252_s0,348.0,random,1,17150,0.6494252873563219
reg3,252,9,reg3_m252_s0,348.0,random,1,17200,0.6494252873563219
reg3,252,9,reg3_m252_s0,348.0,random,1,17250,0.6494252873563219
reg3,252,9,reg3_m252_s0,348.0,random,1,17300,0.6494252873563219
reg3,252,9,reg3_m252_s0,348.0,random,1,17350,0.6494252873563219
reg3,252,9,reg3_m252_s0,348.0,random,1,17400,0.6494252873563219
reg3,252,9,reg3_m252_s0,348.0,random,1,17450,0.6494252873563219
reg3,252,9,reg3_m252_s0,348.0,random,1,17500,0.6494252873563219
reg3,252,9,reg3_m252_s0,348.0,random,1,17550,0.6494252873563219
reg3,252,9,reg3_m252_s0,348.0,random,1,17600,0.6494252873563219
reg3,252,9,reg3_m252_s0,348.0,random,1,17650,0.6494252873563219
reg3,252,9,reg3_m252_s0,348.0,random,1,17700,0.6494252873563219
reg3,252,9,reg3_m252_s0,348.0,random,1,17750,0.6494252873563219
reg3,252,9,reg3_m252_s0,348.0,random,1,17800,0.6494252873563219
reg3,252,9,reg3_m252_s0,348.0,random,1,17850,0.6494252873563219
reg3,252,9,reg3_m252_s0,348.0,random,1,17900,0.6494252873563219
reg3,252,9,reg3_m252_s0,348.0,random,1,17950,0.6494252873563219
reg3,252,9,reg3_m252_s0,348.0,random,1,18000,0.6494252873563219
reg3,252,9,reg3_m252_s0,348.0,random,1,18050,0.6494252873563219
reg3,252,9,reg3_m252_s0,348.0,random,1,18100,0.6494252873563219
reg3,252,9,reg3_m252_s0,348.0,random,1,18150,0.6494252873563219
reg3,252,9,reg3_m252_s0,348.0,random,1,18200,0.6494252873563219
reg3,252,9,reg3_m252_s0,348.0,random,1,18250,0.6494252873563219
reg3,252,9,reg3_m252_s0,348.0,random,1,18300,0.6494252873563219
reg3,252,9,reg3_m252_s0,348.0,random,1,18350,0.6494252873563219
reg3,252,9,reg3_m252_s0,348.0,random,1,18400,0.6494252873563219
reg3,252,9,reg3_m252_s0,348.0,random,1,18450,0.6494252873563219
reg3,252,9,reg3_m252_s0,348.0,random,1,18500,0.6494252873563219
reg3,252,9,reg3_m252_s0,348.0,random,1,18550,0.6494252873563219
reg3,252,9,reg3_m252_s0,348.0,random,1,18600,0.6494252873563219
reg3,252,9,reg3_m252_s0,348.0,random,1,18650,0.6494252873563219
reg3,252,9,reg3_m252_s0,348.0,random,1,18700,0.6494252873563219
reg3,252,9,reg3_m252_s0,348.0,random,1,18750,0.6494252873563219
reg3,252,9,reg3_m252_s0,348.0,random,1,18800,0.6494252873563219
reg3,252,9,reg3_m252_s0,348.0,random,1,18850,0.6494252873563219
reg3,252,9,reg3_m252_s0,348.0,random,1,18900,0.6494252873563219
reg3,252,9,reg3_m252_s0,348.0,random,1,18950,0.6494252873563219
reg3,252,9,reg3_m252_s0,348.0,random,1,19000,0.6494252873563219
reg3,252,9,reg3_m252_s0,348.0,random,1,19050,0.6494252873563219
reg3,252,9,reg3_m252_s0,348.0,random,1,19100,0.6494252873563219
reg3,252,9,reg3_m252_s0,348.0,random,1,19150,0.6494252873563219
reg3,252,9,reg3_m252_s0,348.0,random,1,19200,0.6494252873563219
reg3,252,9,reg3_m252_s0,348.0,random,1,19250,0.6494252873563219
reg3,252,9,reg3_m252_s0,348.0,random,1,19300,0.6494252873563219
reg3,252,9,reg3_m252_s0,348.0,random,1,19350,0.6494252873563219
reg3,252,9,reg3_m252_s0,348.0,random,1,19400,0.6494252873563219
reg3,252,9,reg3_m252_s0,348.0,random,1,19450,0.6494252873563219
reg3,252,9,reg3_m252_s0,348.0,random,1,19500,0.6494252873563219
reg3,252,9,reg3_m252_s0,348.0,random,1,19550,0.6494252873563219
reg3,252,9,reg3_m252_s0,348.0,random,1,19600,0.6494252873563219
reg3,252,9,reg3_m252_s0,348.0,random,1,19650,0.6494252873563219
reg3,252,9,reg3_m252_s0,348.0,random,1,19700,0.6494252873563219
reg3,252,9,reg3_m252_s0,348.0,random,1,19750,0.6494252873563219
reg3,252,9,reg3_m252_s0,348.0,random,1,19800,0.6494252873563219
reg3,252,9,reg3_m252_s0,348.0,random,1,19850,0.6494252873563219
reg3,252,9,reg3_m252_s0,348.0,random,1,19900,0.6494252873563219
reg3,252,9,reg3_m252_s0,348.0,random,1,19950,0.6494252873563219
reg3,252,9,reg3_m252_s0,348.0,random,1,20000,0.6494252873563219
reg3,252,9,reg3_m252_s0,348.0,pce_vqa_L4,0,169,0.5833333333333334
reg3,252,9,reg3_m252_s0,348.0,pce_vqa_L4,0,338,0.5603448275862069
reg3,252,9,reg3_m252_s0,348.0,pce_vqa_L4,0,507,0.5488505747126436
reg3,252,9,reg3_m252_s0,348.0,pce_vqa_L4,0,676,0.5545977011494253
reg3,252,9,reg3_m252_s0,348.0,pce_vqa_L4,0,845,0.5603448275862069
reg3,252,9,reg3_m252_s0,348.0,pce_vqa_L4,0,1014,0.5517241379310345
reg3,252,9,reg3_m252_s0,348.0,pce_vqa_L4,0,1183,0.5775862068965517
reg3,252,9,reg3_m252_s0,348.0,pce_vqa_L4,0,1521,0.5747126436781609
reg3,252,9,reg3_m252_s0,348.0,pce_vqa_L4,0,1690,0.5890804597701149
reg3,252,9,reg3_m252_s0,348.0,pce_vqa_L4,0,2197,0.5948275862068966
reg3,252,9,reg3_m252_s0,348.0,pce_vqa_L4,0,2535,0.5775862068965517
reg3,252,9,reg3_m252_s0,348.0,pce_vqa_L4,0,3211,0.5517241379310345
reg3,252,9,reg3_m252_s0,348.0,pce_vqa_L4,0,3887,0.5517241379310345
reg3,252,9,reg3_m252_s0,348.0,pce_vqa_L4,0,4563,0.617816091954023
reg3,252,9,reg3_m252_s0,348.0,pce_vqa_L4,0,5577,0.6350574712643678
reg3,252,9,reg3_m252_s0,348.0,pce_vqa_L4,0,6929,0.6350574712643678
reg3,252,9,reg3_m252_s0,348.0,pce_vqa_L4,0,8281,0.6494252873563219
reg3,252,9,reg3_m252_s0,348.0,pce_vqa_L4,0,10140,0.6666666666666666
reg3,252,9,reg3_m252_s0,348.0,pce_vqa_L4,0,12337,0.6925287356321839
reg3,252,9,reg3_m252_s0,348.0,pce_vqa_L4,0,14872,0.6925287356321839
reg3,252,9,reg3_m252_s0,348.0,pce_vqa_L4,0,18083,0.7183908045977011
reg3,252,9,reg3_m252_s0,348.0,pce_vqa_L4,0,22139,0.7183908045977011
reg3,252,9,reg3_m252_s0,348.0,pce_vqa_L4,0,26871,0.7183908045977011
reg3,252,9,reg3_m252_s0,348.0,pce_vqa_L4,0,32617,0.7241379310344828
reg3,252,9,reg3_m252_s0,348.0,pce_vqa_L4,0,39546,0.7241379310344828
reg3,252,9,reg3_m252_s0,348.0,pce_vqa_L4,0,48165,0.7241379310344828
reg3,252,9,reg3_m252_s0,348.0,pce_vqa_L4,0,58474,0.7270114942528736
reg3,252,9,reg3_m252_s0,348.0,pce_vqa_L4,0,71149,0.7270114942528736
reg3,252,9,reg3_m252_s0,348.0,pce_vqa_L4,0,86359,0.7270114942528736
reg3,252,9,reg3_m252_s0,348.0,pce_vqa_L4,0,104949,0.7586206896551724
reg3,252,9,reg3_m252_s0,348.0,pce_vqa_L4,0,127595,0.7557471264367817
reg3,252,9,reg3_m252_s0,348.0,pce_vqa_L4,0,154973,0.7442528735632183
reg3,252,9,reg3_m252_s0,348.0,pce_vqa_L4,0,188435,0.764367816091954
reg3,252,9,reg3_m252_s0,348.0,pce_vqa_L4,0,228826,0.7672413793103449
reg3,252,9,reg3_m252_s0,348.0,pce_vqa_L4,0,278174,0.764367816091954
reg3,252,9,reg3_m252_s0,348.0,pce_vqa_L4,0,338000,0.7787356321839081
reg3,252,9,reg3_m252_s0,348.0,pce_vqa_L4,1,169,0.5660919540229885
reg3,252,9,reg3_m252_s0,348.0,pce_vqa_L4,1,338,0.6091954022988506
reg3,252,9,reg3_m252_s0,348.0,pce_vqa_L4,1,507,0.6063218390804598
reg3,252,9,reg3_m252_s0,348.0,pce_vqa_L4,1,676,0.5977011494252874
reg3,252,9,reg3_m252_s0,348.0,pce_vqa_L4,1,845,0.6149425287356322
reg3,252,9,reg3_m252_s0,348.0,pce_vqa_L4,1,1014,0.6149425287356322
reg3,252,9,reg3_m252_s0,348.0,pce_vqa_L4,1,1183,0.617816091954023
reg3,252,9,reg3_m252_s0,348.0,pce_vqa_L4,1,1521,0.6206896551724138
reg3,252,9,reg3_m252_s0,348.0,pce_vqa_L4,1,1690,0.6264367816091954
reg3,252,9,reg3_m252_s0,348.0,pce_vqa_L4,1,2197,0.6293103448275862
reg3,252,9,reg3_m252_s0,348.0,pce_vqa_L4,1,2535,0.6293103448275862
reg3,252,9,reg3_m252_s0,348.0,pce_vqa_L4,1,3211,0.6379310344827587
reg3,252,9,reg3_m252_s0,348.0,pce_vqa_L4,1,3887,0.6293103448275862
reg3,252,9,reg3_m252_s0,348.0,pce_vqa_L4,1,4563,0.632183908045977
reg3,252,9,reg3_m252_s0,348.0,pce_vqa_L4,1,5577,0.6436781609195402
reg3,252,9,reg3_m252_s0,348.0,pce_vqa_L4,1,6929,0.6408045977011494
reg3,252,9,reg3_m252_s0,348.0,pce_vqa_L4,1,8281,0.646551724137931
reg3,252,9,reg3_m252_s0,348.0,pce_vqa_L4,1,10140,0.6609195402298851
reg3,252,9,reg3_m252_s0,348.0,pce_vqa_L4,1,12337,0.6609195402298851
reg3,252,9,reg3_m252_s0,348.0,pce_vqa_L4,1,14872,0.6982758620689655
reg3,252,9,reg3_m252_s0,348.0,pce_vqa_L4,1,18083,0.7040229885057471
reg3,252,9,reg3_m252_s0,348.0,pce_vqa_L4,1,22139,0.7241379310344828
reg3,252,9,reg3_m252_s0,348.0,pce_vqa_L4,1,26871,0.7327586206896551
reg3,252,9,reg3_m252_s0,348.0,pce_vqa_L4,1,32617,0.7471264367816092
reg3,252,9,reg3_m252_s0,348.0,pce_vqa_L4,1,39546,0.7528735632183908
reg3,252,9,reg3_m252_s0,348.0,pce_vqa_L4,1,48165,0.7528735632183908
reg3,252,9,reg3_m252_s0,348.0,pce_vqa_L4,1,58474,0.75
reg3,252,9,reg3_m252_s0,348.0,pce_vqa_L4,1,71149,0.7528735632183908
reg3,252,9,reg3_m252_s0,348.0,pce_vqa_L4,1,86359,0.7557471264367817
reg3,252,9,reg3_m252_s0,348.0,pce_vqa_L4,1,104949,0.7586206896551724
reg3,252,9,reg3_m252_s0,348.0,pce_vqa_L4,1,127595,0.7614942528735632
reg3,252,9,reg3_m252_s0,348.0,pce_vqa_L4,1,154973,0.7528735632183908
reg3,252,9,reg3_m252_s0,348.0,pce_vqa_L4,1,188435,0.764367816091954
reg3,252,9,reg3_m252_s0,348.0,pce_vqa_L4,1,228826,0.7614942528735632
reg3,252,9,reg3_m252_s0,348.0,pce_vqa_L4,1,278174,0.764367816091954
reg3,252,9,reg3_m252_s0,348.0,pce_vqa_L4,1,295919,0.764367816091954
reg3,252,9,reg3_m252_s0,348.0,pce_vqa_L8,0,337,0.5431034482758621
reg3,252,9,reg3_m252_s0,348.0,pce_vqa_L8,0,674,0.5603448275862069
reg3,252,9,reg3_m252_s0,348.0,pce_vqa_L8,0,1011,0.5574712643678161
reg3,252,9,reg3_m252_s0,348.0,pce_vqa_L8,0,1348,0.5804597701149425
reg3,252,9,reg3_m252_s0,348.0,pce_vqa_L8,0,1685,0.5747126436781609
reg3,252,9,reg3_m252_s0,348.0,pce_vqa_L8,0,2022,0.5747126436781609
reg3,252,9,reg3_m252_s0,348.0,pce_vqa_L8,0,2359,0.5919540229885057
reg3,252,9,reg3_m252_s0,348.0,pce_vqa_L8,0,3033,0.5890804597701149
reg3,252,9,reg3_m252_s0,348.0,pce_vqa_L8,0,3370,0.5890804597701149
reg3,252,9,reg3_m252_s0,348.0,pce_vqa_L8,0,4381,0.6264367816091954
reg3,252,9,reg3_m252_s0,348.0,pce_vqa_L8,0,5055,0.6408045977011494
reg3,252,9,reg3_m252_s0,348.0,pce_vqa_L8,0,6403,0.6350574712643678
reg3,252,9,reg3_m252_s0,348.0,pce_vqa_L8,0,7751,0.6494252873563219
reg3,252,9,reg3_m252_s0,348.0,pce_vqa_L8,0,9099,0.6580459770114943
reg3,252,9,reg3_m252_s0,348.0,pce_vqa_L8,0,11121,0.6781609195402298
reg3,252,9,reg3_m252_s0,348.0,pce_vqa_L8,0,13817,0.6982758620689655
reg3,252,9,reg3_m252_s0,348.0,pce_vqa_L8,0,16513,0.6867816091954023
reg3,252,9,reg3_m252_s0,348.0,pce_vqa_L8,0,20220,0.6925287356321839
reg3,252,9,reg3_m252_s0,348.0,pce_vqa_L8,0,24601,0.7270114942528736
reg3,252,9,reg3_m252_s0,348.0,pce_vqa_L8,0,29656,0.7327586206896551
reg3,252,9,reg3_m252_s0,348.0,pce_vqa_L8,0,36059,0.7385057471264368
reg3,252,9,reg3_m252_s0,348.0,pce_vqa_L8,0,44147,0.75
reg3,252,9,reg3_m252_s0,348.0,pce_vqa_L8,0,53583,0.764367816091954
reg3,252,9,reg3_m252_s0,348.0,pce_vqa_L8,0,65041,0.7672413793103449
reg3,252,9,reg3_m252_s0,348.0,pce_vqa_L8,0,78858,0.7902298850574713
reg3,252,9,reg3_m252_s0,348.0,pce_vqa_L8,0,96045,0.7988505747126436
reg3,252,9,reg3_m252_s0,348.0,pce_vqa_L8,0,116602,0.8045977011494253
reg3,252,9,reg3_m252_s0,348.0,pce_vqa_L8,0,141877,0.7959770114942529
reg3,252,9,reg3_m252_s0,348.0,pce_vqa_L8,0,172207,0.8017241379310345
reg3,252,9,reg3_m252_s0,348.0,pce_vqa_L8,0,209277,0.8045977011494253
reg3,252,9,reg3_m252_s0,348.0,pce_vqa_L8,0,254435,0.8045977011494253
reg3,252,9,reg3_m252_s0,348.0,pce_vqa_L8,0,309029,0.8017241379310345
reg3,252,9,reg3_m252_s0,348.0,pce_vqa_L8,0,375755,0.8045977011494253
reg3,252,9,reg3_m252_s0,348.0,pce_vqa_L8,0,456298,0.8045977011494253
reg3,252,9,reg3_m252_s0,348.0,pce_vqa_L8,0,554702,0.8160919540229885
reg3,252,9,reg3_m252_s0,348.0,pce_vqa_L8,0,585032,0.8160919540229885
reg3,252,9,reg3_m252_s0,348.0,pce_vqa_L8,1,337,0.5344827586206896
reg3,252,9,reg3_m252_s0,348.0,pce_vqa_L8,1,674,0.5660919540229885
reg3,252,9,reg3_m252_s0,348.0,pce_vqa_L8,1,1011,0.5747126436781609
reg3,252,9,reg3_m252_s0,348.0,pce_vqa_L8,1,1348,0.6005747126436781
reg3,252,9,reg3_m252_s0,348.0,pce_vqa_L8,1,1685,0.6264367816091954
reg3,252,9,reg3_m252_s0,348.0,pce_vqa_L8,1,2022,0.6005747126436781
reg3,252,9,reg3_m252_s0,348.0,pce_vqa_L8,1,2359,0.5833333333333334
reg3,252,9,reg3_m252_s0,348.0,pce_vqa_L8,1,3033,0.6005747126436781
reg3,252,9,reg3_m252_s0,348.0,pce_vqa_L8,1,3370,0.6120689655172413
reg3,252,9,reg3_m252_s0,348.0,pce_vqa_L8,1,4381,0.5890804597701149
reg3,252,9,reg3_m252_s0,348.0,pce_vqa_L8,1,5055,0.6350574712643678
reg3,252,9,reg3_m252_s0,348.0,pce_vqa_L8,1,6403,0.6839080459770115
reg3,252,9,reg3_m252_s0,348.0,pce_vqa_L8,1,7751,0.6867816091954023
reg3,252,9,reg3_m252_s0,348.0,pce_vqa_L8,1,9099,0.6781609195402298
reg3,252,9,reg3_m252_s0,348.0,pce_vqa_L8,1,11121,0.6695402298850575
reg3,252,9,reg3_m252_s0,348.0,pce_vqa_L8,1,13817,0.6982758620689655
reg3,252,9,reg3_m252_s0,348.0,pce_vqa_L8,1,16513,0.7241379310344828
reg3,252,9,reg3_m252_s0,348.0,pce_vqa_L8,1,20220,0.735632183908046
reg3,252,9,reg3_m252_s0,348.0,pce_vqa_L8,1,24601,0.7413793103448276
reg3,252,9,reg3_m252_s0,348.0,pce_vqa_L8,1,29656,0.7327586206896551
reg3,252,9,reg3_m252_s0,348.0,pce_vqa_L8,1,36059,0.7471264367816092
reg3,252,9,reg3_m252_s0,348.0,pce_vqa_L8,1,44147,0.7471264367816092
reg3,252,9,reg3_m252_s0,348.0,pce_vqa_L8,1,53583,0.7442528735632183
reg3,252,9,reg3_m252_s0,348.0,pce_vqa_L8,1,65041,0.7586206896551724
reg3,252,9,reg3_m252_s0,348.0,pce_vqa_L8,1,78858,0.7586206896551724
reg3,252,9,reg3_m252_s0,348.0,pce_vqa_L8,1,96045,0.7873563218390804
reg3,252,9,reg3_m252_s0,348.0,pce_vqa_L8,1,116602,0.8074712643678161
reg3,252,9,reg3_m252_s0,348.0,pce_vqa_L8,1,141877,0.8103448275862069
reg3,252,9,reg3_m252_s0,348.0,pce_vqa_L8,1,172207,0.8103448275862069
reg3,252,9,reg3_m252_s0,348.0,pce_vqa_L8,1,209277,0.8160919540229885
reg3,252,9,reg3_m252_s0,348.0,pce_vqa_L8,1,254435,0.8275862068965517
reg3,252,9,reg3_m252_s0,348.0,pce_vqa_L8,1,309029,0.8362068965517241
reg3,252,9,reg3_m252_s0,348.0,pce_vqa_L8,1,375755,0.8304597701149425
reg3,252,9,reg3_m252_s0,348.0,pce_vqa_L8,1,456298,0.8275862068965517
reg3,252,9,reg3_m252_s0,348.0,pce_vqa_L8,1,554702,0.8333333333333334
reg3,252,9,reg3_m252_s0,348.0,pce_vqa_L8,1,666249,0.8304597701149425
reg3,252,9,reg3_m252_s1,346.0,genpce_es,0,10,0.5375722543352601
reg3,252,9,reg3_m252_s1,346.0,genpce_es,0,60,0.6040462427745664
reg3,252,9,reg3_m252_s1,346.0,genpce_es,0,110,0.6329479768786127
reg3,252,9,reg3_m252_s1,346.0,genpce_es,0,160,0.6329479768786127
reg3,252,9,reg3_m252_s1,346.0,genpce_es,0,210,0.6329479768786127
reg3,252,9,reg3_m252_s1,346.0,genpce_es,0,260,0.6445086705202312
reg3,252,9,reg3_m252_s1,346.0,genpce_es,0,310,0.6445086705202312
reg3,252,9,reg3_m252_s1,346.0,genpce_es,0,360,0.653179190751445
reg3,252,9,reg3_m252_s1,346.0,genpce_es,0,410,0.653179190751445
reg3,252,9,reg3_m252_s1,346.0,genpce_es,0,460,0.653179190751445
reg3,252,9,reg3_m252_s1,346.0,genpce_es,0,510,0.6589595375722543
reg3,252,9,reg3_m252_s1,346.0,genpce_es,0,560,0.6676300578034682
reg3,252,9,reg3_m252_s1,346.0,genpce_es,0,610,0.6676300578034682
reg3,252,9,reg3_m252_s1,346.0,genpce_es,0,660,0.6676300578034682
reg3,252,9,reg3_m252_s1,346.0,genpce_es,0,710,0.6676300578034682
reg3,252,9,reg3_m252_s1,346.0,genpce_es,0,760,0.6705202312138728
reg3,252,9,reg3_m252_s1,346.0,genpce_es,0,810,0.6705202312138728
reg3,252,9,reg3_m252_s1,346.0,genpce_es,0,860,0.6705202312138728
reg3,252,9,reg3_m252_s1,346.0,genpce_es,0,910,0.6705202312138728
reg3,252,9,reg3_m252_s1,346.0,genpce_es,0,960,0.6676300578034682
reg3,252,9,reg3_m252_s1,346.0,genpce_es,0,1010,0.684971098265896
reg3,252,9,reg3_m252_s1,346.0,genpce_es,0,1060,0.684971098265896
reg3,252,9,reg3_m252_s1,346.0,genpce_es,0,1110,0.684971098265896
reg3,252,9,reg3_m252_s1,346.0,genpce_es,0,1160,0.684971098265896
reg3,252,9,reg3_m252_s1,346.0,genpce_es,0,1210,0.684971098265896
reg3,252,9,reg3_m252_s1,346.0,genpce_es,0,1260,0.684971098265896
reg3,252,9,reg3_m252_s1,346.0,genpce_es,0,1310,0.684971098265896
reg3,252,9,reg3_m252_s1,346.0,genpce_es,0,1360,0.684971098265896
reg3,252,9,reg3_m252_s1,346.0,genpce_es,0,1410,0.684971098265896
reg3,252,9,reg3_m252_s1,346.0,genpce_es,0,1460,0.684971098265896
reg3,252,9,reg3_m252_s1,346.0,genpce_es,0,1510,0.684971098265896
reg3,252,9,reg3_m252_s1,346.0,genpce_es,0,1560,0.6965317919075145
reg3,252,9,reg3_m252_s1,346.0,genpce_es,0,1610,0.6965317919075145
reg3,252,9,reg3_m252_s1,346.0,genpce_es,0,1660,0.6965317919075145
reg3,252,9,reg3_m252_s1,346.0,genpce_es,0,1710,0.6965317919075145
reg3,252,9,reg3_m252_s1,346.0,genpce_es,0,1760,0.6965317919075145
reg3,252,9,reg3_m252_s1,346.0,genpce_es,0,1810,0.6965317919075145
reg3,252,9,reg3_m252_s1,346.0,genpce_es,0,1860,0.6965317919075145
reg3,252,9,reg3_m252_s1,346.0,genpce_es,0,1910,0.6965317919075145
reg3,252,9,reg3_m252_s1,346.0,genpce_es,0,1960,0.6965317919075145
reg3,252,9,reg3_m252_s1,346.0,genpce_es,0,2010,0.6965317919075145
reg3,252,9,reg3_m252_s1,346.0,genpce_es,0,2060,0.7023121387283237
reg3,252,9,reg3_m252_s1,346.0,genpce_es,0,2110,0.7109826589595376
reg3,252,9,reg3_m252_s1,346.0,genpce_es,0,2160,0.7109826589595376
reg3,252,9,reg3_m252_s1,346.0,genpce_es,0,2210,0.7109826589595376
reg3,252,9,reg3_m252_s1,346.0,genpce_es,0,2260,0.7109826589595376
reg3,252,9,reg3_m252_s1,346.0,genpce_es,0,2310,0.7109826589595376
reg3,252,9,reg3_m252_s1,346.0,genpce_es,0,2360,0.7138728323699421
reg3,252,9,reg3_m252_s1,346.0,genpce_es,0,2410,0.7138728323699421
reg3,252,9,reg3_m252_s1,346.0,genpce_es,0,2460,0.7138728323699421
reg3,252,9,reg3_m252_s1,346.0,genpce_es,0,2510,0.7138728323699421
reg3,252,9,reg3_m252_s1,346.0,genpce_es,0,2560,0.7138728323699421
reg3,252,9,reg3_m252_s1,346.0,genpce_es,0,2610,0.7138728323699421
reg3,252,9,reg3_m252_s1,346.0,genpce_es,0,2660,0.7138728323699421
reg3,252,9,reg3_m252_s1,346.0,genpce_es,0,2710,0.7138728323699421
reg3,252,9,reg3_m252_s1,346.0,genpce_es,0,2760,0.7138728323699421
reg3,252,9,reg3_m252_s1,346.0,genpce_es,0,2810,0.7138728323699421
reg3,252,9,reg3_m252_s1,346.0,genpce_es,0,2860,0.7138728323699421
reg3,252,9,reg3_m252_s1,346.0,genpce_es,0,2910,0.7138728323699421
reg3,252,9,reg3_m252_s1,346.0,genpce_es,0,2960,0.7138728323699421
reg3,252,9,reg3_m252_s1,346.0,genpce_es,0,3010,0.7138728323699421
reg3,252,9,reg3_m252_s1,346.0,genpce_es,0,3060,0.7138728323699421
reg3,252,9,reg3_m252_s1,346.0,genpce_es,0,3110,0.7138728323699421
reg3,252,9,reg3_m252_s1,346.0,genpce_es,0,3160,0.7138728323699421
reg3,252,9,reg3_m252_s1,346.0,genpce_es,0,3210,0.7138728323699421
reg3,252,9,reg3_m252_s1,346.0,genpce_es,0,3260,0.7138728323699421
reg3,252,9,reg3_m252_s1,346.0,genpce_es,0,3310,0.7138728323699421
reg3,252,9,reg3_m252_s1,346.0,genpce_es,0,3360,0.7138728323699421
reg3,252,9,reg3_m252_s1,346.0,genpce_es,0,3410,0.7138728323699421
reg3,252,9,reg3_m252_s1,346.0,genpce_es,0,3460,0.7138728323699421
reg3,252,9,reg3_m252_s1,346.0,genpce_es,0,3510,0.7138728323699421
reg3,252,9,reg3_m252_s1,346.0,genpce_es,0,3560,0.7138728323699421
reg3,252,9,reg3_m252_s1,346.0,genpce_es,0,3610,0.7138728323699421
reg3,252,9,reg3_m252_s1,346.0,genpce_es,0,3660,0.7138728323699421
reg3,252,9,reg3_m252_s1,346.0,genpce_es,0,3710,0.7138728323699421
reg3,252,9,reg3_m252_s1,346.0,genpce_es,0,3760,0.7138728323699421
reg3,252,9,reg3_m252_s1,346.0,genpce_es,0,3810,0.7138728323699421
reg3,252,9,reg3_m252_s1,346.0,genpce_es,0,3860,0.7138728323699421
reg3,252,9,reg3_m252_s1,346.0,genpce_es,0,3910,0.7138728323699421
reg3,252,9,reg3_m252_s1,346.0,genpce_es,0,3960,0.7138728323699421
reg3,252,9,reg3_m252_s1,346.0,genpce_es,0,4010,0.7138728323699421
reg3,252,9,reg3_m252_s1,346.0,genpce_es,0,4060,0.7138728323699421
reg3,252,9,reg3_m252_s1,346.0,genpce_es,0,4110,0.7138728323699421
reg3,252,9,reg3_m252_s1,346.0,genpce_es,0,4160,0.7138728323699421
reg3,252,9,reg3_m252_s1,346.0,genpce_es,0,4210,0.7138728323699421
reg3,252,9,reg3_m252_s1,346.0,genpce_es,0,4260,0.7138728323699421
reg3,252,9,reg3_m252_s1,346.0,genpce_es,0,4310,0.7138728323699421
reg3,252,9,reg3_m252_s1,346.0,genpce_es,0,4360,0.7138728323699421
reg3,252,9,reg3_m252_s1,346.0,genpce_es,0,4410,0.7138728323699421
reg3,252,9,reg3_m252_s1,346.0,genpce_es,0,4460,0.7138728323699421
reg3,252,9,reg3_m252_s1,346.0,genpce_es,0,4510,0.7138728323699421
reg3,252,9,reg3_m252_s1,346.0,genpce_es,0,4560,0.7138728323699421
reg3,252,9,reg3_m252_s1,346.0,genpce_es,0,4610,0.7138728323699421
reg3,252,9,reg3_m252_s1,346.0,genpce_es,0,4660,0.7138728323699421
reg3,252,9,reg3_m252_s1,346.0,genpce_es,0,4710,0.7138728323699421
reg3,252,9,reg3_m252_s1,346.0,genpce_es,0,4760,0.7138728323699421
reg3,252,9,reg3_m252_s1,346.0,genpce_es,0,4810,0.7138728323699421
reg3,252,9,reg3_m252_s1,346.0,genpce_es,0,4860,0.7138728323699421
reg3,252,9,reg3_m252_s1,346.0,genpce_es,0,4910,0.7138728323699421
reg3,252,9,reg3_m252_s1,346.0,genpce_es,0,4960,0.7138728323699421
reg3,252,9,reg3_m252_s1,346.0,genpce_es,0,5010,0.7138728323699421
reg3,252,9,reg3_m252_s1,346.0,genpce_es,0,5060,0.7138728323699421
reg3,252,9,reg3_m252_s1,346.0,genpce_es,0,5110,0.7138728323699421
reg3,252,9,reg3_m252_s1,346.0,genpce_es,0,5160,0.7138728323699421
reg3,252,9,reg3_m252_s1,346.0,genpce_es,0,5210,0.7138728323699421
reg3,252,9,reg3_m252_s1,346.0,genpce_es,0,5260,0.7138728323699421
reg3,252,9,reg3_m252_s1,346.0,genpce_es,0,5310,0.7138728323699421
reg3,252,9,reg3_m252_s1,346.0,genpce_es,0,5360,0.7138728323699421
reg3,252,9,reg3_m252_s1,346.0,genpce_es,0,5410,0.7138728323699421
reg3,252,9,reg3_m252_s1,346.0,genpce_es,0,5460,0.7138728323699421
reg3,252,9,reg3_m252_s1,346.0,genpce_es,0,5510,0.7138728323699421
reg3,252,9,reg3_m252_s1,346.0,genpce_es,0,5560,0.7138728323699421
reg3,252,9,reg3_m252_s1,346.0,genpce_es,0,5610,0.7138728323699421
reg3,252,9,reg3_m252_s1,346.0,genpce_es,0,5660,0.7138728323699421
reg3,252,9,reg3_m252_s1,346.0,genpce_es,0,5710,0.7138728323699421
reg3,252,9,reg3_m252_s1,346.0,genpce_es,0,5760,0.7138728323699421
reg3,252,9,reg3_m252_s1,346.0,genpce_es,0,5810,0.7138728323699421
reg3,252,9,reg3_m252_s1,346.0,genpce_es,0,5860,0.7138728323699421
reg3,252,9,reg3_m252_s1,346.0,genpce_es,0,5910,0.7138728323699421
reg3,252,9,reg3_m252_s1,346.0,genpce_es,0,5960,0.7138728323699421
reg3,252,9,reg3_m252_s1,346.0,genpce_es,0,6010,0.7138728323699421
reg3,252,9,reg3_m252_s1,346.0,genpce_es,0,6060,0.7138728323699421
reg3,252,9,reg3_m252_s1,346.0,genpce_es,0,6110,0.7138728323699421
reg3,252,9,reg3_m252_s1,346.0,genpce_es,0,6160,0.7138728323699421
reg3,252,9,reg3_m252_s1,346.0,genpce_es,0,6210,0.7138728323699421
reg3,252,9,reg3_m252_s1,346.0,genpce_es,0,6260,0.7138728323699421
reg3,252,9,reg3_m252_s1,346.0,genpce_es,0,6310,0.7138728323699421
reg3,252,9,reg3_m252_s1,346.0,genpce_es,0,6360,0.7138728323699421
reg3,252,9,reg3_m252_s1,346.0,genpce_es,0,6410,0.7138728323699421
reg3,252,9,reg3_m252_s1,346.0,genpce_es,0,6460,0.7138728323699421
reg3,252,9,reg3_m252_s1,346.0,genpce_es,0,6510,0.7138728323699421
reg3,252,9,reg3_m252_s1,346.0,genpce_es,0,6560,0.7138728323699421
reg3,252,9,reg3_m252_s1,346.0,genpce_es,0,6610,0.7138728323699421
reg3,252,9,reg3_m252_s1,346.0,genpce_es,0,6660,0.7138728323699421
reg3,252,9,reg3_m252_s1,346.0,genpce_es,0,6710,0.7138728323699421
reg3,252,9,reg3_m252_s1,346.0,genpce_es,0,6760,0.7138728323699421
reg3,252,9,reg3_m252_s1,346.0,genpce_es,0,6810,0.7138728323699421
reg3,252,9,reg3_m252_s1,346.0,genpce_es,0,6860,0.7138728323699421
reg3,252,9,reg3_m252_s1,346.0,genpce_es,0,6910,0.7138728323699421
reg3,252,9,reg3_m252_s1,346.0,genpce_es,0,6960,0.7138728323699421
reg3,252,9,reg3_m252_s1,346.0,genpce_es,0,7010,0.7138728323699421
reg3,252,9,reg3_m252_s1,346.0,genpce_es,0,7060,0.7138728323699421
reg3,252,9,reg3_m252_s1,346.0,genpce_es,0,7110,0.7138728323699421
reg3,252,9,reg3_m252_s1,346.0,genpce_es,0,7160,0.7138728323699421
reg3,252,9,reg3_m252_s1,346.0,genpce_es,0,7210,0.7138728323699421
reg3,252,9,reg3_m252_s1,346.0,genpce_es,0,7260,0.7138728323699421
reg3,252,9,reg3_m252_s1,346.0,genpce_es,0,7310,0.7138728323699421
reg3,252,9,reg3_m252_s1,346.0,genpce_es,0,7360,0.7138728323699421
reg3,252,9,reg3_m252_s1,346.0,genpce_es,0,7410,0.7138728323699421
reg3,252,9,reg3_m252_s1,346.0,genpce_es,0,7460,0.7138728323699421
reg3,252,9,reg3_m252_s1,346.0,genpce_es,0,7510,0.7138728323699421
reg3,252,9,reg3_m252_s1,346.0,genpce_es,0,7560,0.7138728323699421
reg3,252,9,reg3_m252_s1,346.0,genpce_es,0,7610,0.7138728323699421
reg3,252,9,reg3_m252_s1,346.0,genpce_es,0,7660,0.7138728323699421
reg3,252,9,reg3_m252_s1,346.0,genpce_es,0,7710,0.7138728323699421
reg3,252,9,reg3_m252_s1,346.0,genpce_es,0,7760,0.7138728323699421
reg3,252,9,reg3_m252_s1,346.0,genpce_es,0,7810,0.7138728323699421
reg3,252,9,reg3_m252_s1,346.0,genpce_es,0,7860,0.7138728323699421
reg3,252,9,reg3_m252_s1,346.0,genpce_es,0,7910,0.7138728323699421
reg3,252,9,reg3_m252_s1,346.0,genpce_es,0,7960,0.7138728323699421
reg3,252,9,reg3_m252_s1,346.0,genpce_es,0,8010,0.7138728323699421
reg3,252,9,reg3_m252_s1,346.0,genpce_es,0,8060,0.7138728323699421
reg3,252,9,reg3_m252_s1,346.0,genpce_es,0,8110,0.7138728323699421
reg3,252,9,reg3_m252_s1,346.0,genpce_es,0,8160,0.7138728323699421
reg3,252,9,reg3_m252_s1,346.0,genpce_es,0,8210,0.7138728323699421
reg3,252,9,reg3_m252_s1,346.0,genpce_es,0,8260,0.7138728323699421
reg3,252,9,reg3_m252_s1,346.0,genpce_es,0,8310,0.7138728323699421
reg3,252,9,reg3_m252_s1,346.0,genpce_es,0,8360,0.7138728323699421
reg3,252,9,reg3_m252_s1,346.0,genpce_es,0,8410,0.7138728323699421
reg3,252,9,reg3_m252_s1,346.0,genpce_es,0,8460,0.7138728323699421
reg3,252,9,reg3_m252_s1,346.0,genpce_es,0,8510,0.7138728323699421
reg3,252,9,reg3_m252_s1,346.0,genpce_es,0,8560,0.7138728323699421
reg3,252,9,reg3_m252_s1,346.0,genpce_es,0,8610,0.7138728323699421
reg3,252,9,reg3_m252_s1,346.0,genpce_es,0,8660,0.7138728323699421
reg3,252,9,reg3_m252_s1,346.0,genpce_es,0,8710,0.7138728323699421
reg3,252,9,reg3_m252_s1,346.0,genpce_es,0,8760,0.7138728323699421
reg3,252,9,reg3_m252_s1,346.0,genpce_es,0,8810,0.7138728323699421
reg3,252,9,reg3_m252_s1,346.0,genpce_es,0,8860,0.7138728323699421
reg3,252,9,reg3_m252_s1,346.0,genpce_es,0,8910,0.7138728323699421
reg3,252,9,reg3_m252_s1,346.0,genpce_es,0,8960,0.7138728323699421
reg3,252,9,reg3_m252_s1,346.0,genpce_es,0,9010,0.7138728323699421
reg3,252,9,reg3_m252_s1,346.0,genpce_es,0,9060,0.7138728323699421
reg3,252,9,reg3_m252_s1,346.0,genpce_es,0,9110,0.7138728323699421
reg3,252,9,reg3_m252_s1,346.0,genpce_es,0,9160,0.7138728323699421
reg3,252,9,reg3_m252_s1,346.0,genpce_es,0,9210,0.7138728323699421
reg3,252,9,reg3_m252_s1,346.0,genpce_es,0,9260,0.7138728323699421
reg3,252,9,reg3_m252_s1,346.0,genpce_es,0,9310,0.7138728323699421
reg3,252,9,reg3_m252_s1,346.0,genpce_es,0,9360,0.7138728323699421
reg3,252,9,reg3_m252_s1,346.0,genpce_es,0,9410,0.7138728323699421
reg3,252,9,reg3_m252_s1,346.0,genpce_es,0,9460,0.7138728323699421
reg3,252,9,reg3_m252_s1,346.0,genpce_es,0,9510,0.7138728323699421
reg3,252,9,reg3_m252_s1,346.0,genpce_es,0,9560,0.7138728323699421
reg3,252,9,reg3_m252_s1,346.0,genpce_es,0,9610,0.7138728323699421
reg3,252,9,reg3_m252_s1,346.0,genpce_es,0,9660,0.7138728323699421
reg3,252,9,reg3_m252_s1,346.0,genpce_es,0,9710,0.7138728323699421
reg3,252,9,reg3_m252_s1,346.0,genpce_es,0,9760,0.7138728323699421
reg3,252,9,reg3_m252_s1,346.0,genpce_es,0,9810,0.7138728323699421
reg3,252,9,reg3_m252_s1,346.0,genpce_es,0,9860,0.7138728323699421
reg3,252,9,reg3_m252_s1,346.0,genpce_es,0,9910,0.7138728323699421
reg3,252,9,reg3_m252_s1,346.0,genpce_es,0,9960,0.7138728323699421
reg3,252,9,reg3_m252_s1,346.0,genpce_es,0,10010,0.7138728323699421
reg3,252,9,reg3_m252_s1,346.0,genpce_es,0,10060,0.7138728323699421
reg3,252,9,reg3_m252_s1,346.0,genpce_es,0,10110,0.7138728323699421
reg3,252,9,reg3_m252_s1,346.0,genpce_es,0,10160,0.7138728323699421
reg3,252,9,reg3_m252_s1,346.0,genpce_es,0,10210,0.7138728323699421
reg3,252,9,reg3_m252_s1,346.0,genpce_es,0,10260,0.7138728323699421
reg3,252,9,reg3_m252_s1,346.0,genpce_es,0,10310,0.7138728323699421
reg3,252,9,reg3_m252_s1,346.0,genpce_es,0,10360,0.7138728323699421
reg3,252,9,reg3_m252_s1,346.0,genpce_es,0,10410,0.7138728323699421
reg3,252,9,reg3_m252_s1,346.0,genpce_es,0,10460,0.7138728323699421
reg3,252,9,reg3_m252_s1,346.0,genpce_es,0,10510,0.7138728323699421
reg3,252,9,reg3_m252_s1,346.0,genpce_es,0,10560,0.7138728323699421
reg3,252,9,reg3_m252_s1,346.0,genpce_es,0,10610,0.7138728323699421
reg3,252,9,reg3_m252_s1,346.0,genpce_es,0,10660,0.7138728323699421
reg3,252,9,reg3_m252_s1,346.0,genpce_es,0,10710,0.7138728323699421
reg3,252,9,reg3_m252_s1,346.0,genpce_es,0,10760,0.7138728323699421
reg3,252,9,reg3_m252_s1,346.0,genpce_es,0,10810,0.7138728323699421
reg3,252,9,reg3_m252_s1,346.0,genpce_es,0,10860,0.7138728323699421
reg3,252,9,reg3_m252_s1,346.0,genpce_es,0,10910,0.7138728323699421
reg3,252,9,reg3_m252_s1,346.0,genpce_es,0,10960,0.7138728323699421
reg3,252,9,reg3_m252_s1,346.0,genpce_es,0,11010,0.7138728323699421
reg3,252,9,reg3_m252_s1,346.0,genpce_es,0,11060,0.7138728323699421
reg3,252,9,reg3_m252_s1,346.0,genpce_es,0,11110,0.7138728323699421
reg3,252,9,reg3_m252_s1,346.0,genpce_es,0,11160,0.7138728323699421
reg3,252,9,reg3_m252_s1,346.0,genpce_es,0,11210,0.7138728323699421
reg3,252,9,reg3_m252_s1,346.0,genpce_es,0,11260,0.7138728323699421
reg3,252,9,reg3_m252_s1,346.0,genpce_es,0,11310,0.7138728323699421
reg3,252,9,reg3_m252_s1,346.0,genpce_es,0,11360,0.7138728323699421
reg3,252,9,reg3_m252_s1,346.0,genpce_es,0,11410,0.7167630057803468
reg3,252,9,reg3_m252_s1,346.0,genpce_es,0,11460,0.7167630057803468
reg3,252,9,reg3_m252_s1,346.0,genpce_es,0,11510,0.7167630057803468
reg3,252,9,reg3_m252_s1,346.0,genpce_es,0,11560,0.7167630057803468
reg3,252,9,reg3_m252_s1,346.0,genpce_es,0,11610,0.7167630057803468
reg3,252,9,reg3_m252_s1,346.0,genpce_es,0,11660,0.7167630057803468
reg3,252,9,reg3_m252_s1,346.0,genpce_es,0,11710,0.7167630057803468
reg3,252,9,reg3_m252_s1,346.0,genpce_es,0,11760,0.7167630057803468
reg3,252,9,reg3_m252_s1,346.0,genpce_es,0,11810,0.7167630057803468
reg3,252,9,reg3_m252_s1,346.0,genpce_es,0,11860,0.7167630057803468
reg3,252,9,reg3_m252_s1,346.0,genpce_es,0,11910,0.7167630057803468
reg3,252,9,reg3_m252_s1,346.0,genpce_es,0,11960,0.7167630057803468
reg3,252,9,reg3_m252_s1,346.0,genpce_es,0,12010,0.7167630057803468
reg3,252,9,reg3_m252_s1,346.0,genpce_es,0,12060,0.7167630057803468
reg3,252,9,reg3_m252_s1,346.0,genpce_es,0,12110,0.7167630057803468
reg3,252,9,reg3_m252_s1,346.0,genpce_es,0,12160,0.7167630057803468
reg3,252,9,reg3_m252_s1,346.0,genpce_es,0,12210,0.7167630057803468
reg3,252,9,reg3_m252_s1,346.0,genpce_es,0,12260,0.7167630057803468
reg3,252,9,reg3_m252_s1,346.0,genpce_es,0,12310,0.7167630057803468
reg3,252,9,reg3_m252_s1,346.0,genpce_es,0,12360,0.7167630057803468
reg3,252,9,reg3_m252_s1,346.0,genpce_es,0,12410,0.7167630057803468
reg3,252,9,reg3_m252_s1,346.0,genpce_es,0,12460,0.7167630057803468
reg3,252,9,reg3_m252_s1,346.0,genpce_es,0,12510,0.7167630057803468
reg3,252,9,reg3_m252_s1,346.0,genpce_es,0,12560,0.7167630057803468
reg3,252,9,reg3_m252_s1,346.0,genpce_es,0,12610,0.7167630057803468
reg3,252,9,reg3_m252_s1,346.0,genpce_es,0,12660,0.7167630057803468
reg3,252,9,reg3_m252_s1,346.0,genpce_es,0,12710,0.7167630057803468
reg3,252,9,reg3_m252_s1,346.0,genpce_es,0,12760,0.7167630057803468
reg3,252,9,reg3_m252_s1,346.0,genpce_es,0,12810,0.7167630057803468
reg3,252,9,reg3_m252_s1,346.0,genpce_es,0,12860,0.7167630057803468
reg3,252,9,reg3_m252_s1,346.0,genpce_es,0,12910,0.7167630057803468
reg3,252,9,reg3_m252_s1,346.0,genpce_es,0,12960,0.7167630057803468
reg3,252,9,reg3_m252_s1,346.0,genpce_es,0,13010,0.7167630057803468
reg3,252,9,reg3_m252_s1,346.0,genpce_es,0,13060,0.7167630057803468
reg3,252,9,reg3_m252_s1,346.0,genpce_es,0,13110,0.7167630057803468
reg3,252,9,reg3_m252_s1,346.0,genpce_es,0,13160,0.7167630057803468
reg3,252,9,reg3_m252_s1,346.0,genpce_es,0,13210,0.7167630057803468
reg3,252,9,reg3_m252_s1,346.0,genpce_es,0,13260,0.7167630057803468
reg3,252,9,reg3_m252_s1,346.0,genpce_es,0,13310,0.7167630057803468
reg3,252,9,reg3_m252_s1,346.0,genpce_es,0,13360,0.7167630057803468
reg3,252,9,reg3_m252_s1,346.0,genpce_es,0,13410,0.7167630057803468
reg3,252,9,reg3_m252_s1,346.0,genpce_es,0,13460,0.7167630057803468
reg3,252,9,reg3_m252_s1,346.0,genpce_es,0,13510,0.7167630057803468
reg3,252,9,reg3_m252_s1,346.0,genpce_es,0,13560,0.7167630057803468
reg3,252,9,reg3_m252_s1,346.0,genpce_es,0,13610,0.7167630057803468
reg3,252,9,reg3_m252_s1,346.0,genpce_es,0,13660,0.7167630057803468
reg3,252,9,reg3_m252_s1,346.0,genpce_es,0,13710,0.7167630057803468
reg3,252,9,reg3_m252_s1,346.0,genpce_es,0,13760,0.7167630057803468
reg3,252,9,reg3_m252_s1,346.0,genpce_es,0,13810,0.7167630057803468
reg3,252,9,reg3_m252_s1,346.0,genpce_es,0,13860,0.7167630057803468
reg3,252,9,reg3_m252_s1,346.0,genpce_es,0,13910,0.7167630057803468
reg3,252,9,reg3_m252_s1,346.0,genpce_es,0,13960,0.7167630057803468
reg3,252,9,reg3_m252_s1,346.0,genpce_es,0,14010,0.7167630057803468
reg3,252,9,reg3_m252_s1,346.0,genpce_es,0,14060,0.7167630057803468
reg3,252,9,reg3_m252_s1,346.0,genpce_es,0,14110,0.7167630057803468
reg3,252,9,reg3_m252_s1,346.0,genpce_es,0,14160,0.7167630057803468
reg3,252,9,reg3_m252_s1,346.0,genpce_es,0,14210,0.7167630057803468
reg3,252,9,reg3_m252_s1,346.0,genpce_es,0,14260,0.7167630057803468
reg3,252,9,reg3_m252_s1,346.0,genpce_es,0,14310,0.7167630057803468
reg3,252,9,reg3_m252_s1,346.0,genpce_es,0,14360,0.7167630057803468
reg3,252,9,reg3_m252_s1,346.0,genpce_es,0,14410,0.7167630057803468
reg3,252,9,reg3_m252_s1,346.0,genpce_es,0,14460,0.7167630057803468
reg3,252,9,reg3_m252_s1,346.0,genpce_es,0,14510,0.7167630057803468
reg3,252,9,reg3_m252_s1,346.0,genpce_es,0,14560,0.7167630057803468
reg3,252,9,reg3_m252_s1,346.0,genpce_es,0,14610,0.7167630057803468
reg3,252,9,reg3_m252_s1,346.0,genpce_es,0,14660,0.7167630057803468
reg3,252,9,reg3_m252_s1,346.0,genpce_es,0,14710,0.7167630057803468
reg3,252,9,reg3_m252_s1,346.0,genpce_es,0,14760,0.7167630057803468
reg3,252,9,reg3_m252_s1,346.0,genpce_es,0,14810,0.7167630057803468
reg3,252,9,reg3_m252_s1,346.0,genpce_es,0,14860,0.7167630057803468
reg3,252,9,reg3_m252_s1,346.0,genpce_es,0,14910,0.7167630057803468
reg3,252,9,reg3_m252_s1,346.0,genpce_es,0,14960,0.7167630057803468
reg3,252,9,reg3_m252_s1,346.0,genpce_es,0,15010,0.7167630057803468
reg3,252,9,reg3_m252_s1,346.0,genpce_es,0,15060,0.7167630057803468
reg3,252,9,reg3_m252_s1,346.0,genpce_es,0,15110,0.7167630057803468
reg3,252,9,reg3_m252_s1,346.0,genpce_es,0,15160,0.7167630057803468
reg3,252,9,reg3_m252_s1,346.0,genpce_es,0,15210,0.7167630057803468
reg3,252,9,reg3_m252_s1,346.0,genpce_es,0,15260,0.7167630057803468
reg3,252,9,reg3_m252_s1,346.0,genpce_es,0,15310,0.7167630057803468
reg3,252,9,reg3_m252_s1,346.0,genpce_es,0,15360,0.7167630057803468
reg3,252,9,reg3_m252_s1,346.0,genpce_es,0,15410,0.7167630057803468
reg3,252,9,reg3_m252_s1,346.0,genpce_es,0,15460,0.7167630057803468
reg3,252,9,reg3_m252_s1,346.0,genpce_es,0,15510,0.7167630057803468
reg3,252,9,reg3_m252_s1,346.0,genpce_es,0,15560,0.7167630057803468
reg3,252,9,reg3_m252_s1,346.0,genpce_es,0,15610,0.7167630057803468
reg3,252,9,reg3_m252_s1,346.0,genpce_es,0,15660,0.7167630057803468
reg3,252,9,reg3_m252_s1,346.0,genpce_es,0,15710,0.7167630057803468
reg3,252,9,reg3_m252_s1,346.0,genpce_es,0,15760,0.7167630057803468
reg3,252,9,reg3_m252_s1,346.0,genpce_es,0,15810,0.7167630057803468
reg3,252,9,reg3_m252_s1,346.0,genpce_es,0,15860,0.7167630057803468
reg3,252,9,reg3_m252_s1,346.0,genpce_es,0,15910,0.7167630057803468
reg3,252,9,reg3_m252_s1,346.0,genpce_es,0,15960,0.7167630057803468
reg3,252,9,reg3_m252_s1,346.0,genpce_es,0,16010,0.7167630057803468
reg3,252,9,reg3_m252_s1,346.0,genpce_es,0,16060,0.7167630057803468
reg3,252,9,reg3_m252_s1,346.0,genpce_es,0,16110,0.7167630057803468
reg3,252,9,reg3_m252_s1,346.0,genpce_es,0,16160,0.7167630057803468
reg3,252,9,reg3_m252_s1,346.0,genpce_es,0,16210,0.7167630057803468
reg3,252,9,reg3_m252_s1,346.0,genpce_es,0,16260,0.7167630057803468
reg3,252,9,reg3_m252_s1,346.0,genpce_es,0,16310,0.7167630057803468
reg3,252,9,reg3_m252_s1,346.0,genpce_es,0,16360,0.7167630057803468
reg3,252,9,reg3_m252_s1,346.0,genpce_es,0,16410,0.7167630057803468
reg3,252,9,reg3_m252_s1,346.0,genpce_es,0,16460,0.7167630057803468
reg3,252,9,reg3_m252_s1,346.0,genpce_es,0,16510,0.7167630057803468
reg3,252,9,reg3_m252_s1,346.0,genpce_es,0,16560,0.7167630057803468
reg3,252,9,reg3_m252_s1,346.0,genpce_es,0,16610,0.7167630057803468
reg3,252,9,reg3_m252_s1,346.0,genpce_es,0,16660,0.7167630057803468
reg3,252,9,reg3_m252_s1,346.0,genpce_es,0,16710,0.7167630057803468
reg3,252,9,reg3_m252_s1,346.0,genpce_es,0,16760,0.7167630057803468
reg3,252,9,reg3_m252_s1,346.0,genpce_es,0,16810,0.7167630057803468
reg3,252,9,reg3_m252_s1,346.0,genpce_es,0,16860,0.7167630057803468
reg3,252,9,reg3_m252_s1,346.0,genpce_es,0,16910,0.7167630057803468
reg3,252,9,reg3_m252_s1,346.0,genpce_es,0,16960,0.7167630057803468
reg3,252,9,reg3_m252_s1,346.0,genpce_es,0,17010,0.7167630057803468
reg3,252,9,reg3_m252_s1,346.0,genpce_es,0,17060,0.7167630057803468
reg3,252,9,reg3_m252_s1,346.0,genpce_es,0,17110,0.7167630057803468
reg3,252,9,reg3_m252_s1,346.0,genpce_es,0,17160,0.7167630057803468
reg3,252,9,reg3_m252_s1,346.0,genpce_es,0,17210,0.7167630057803468
reg3,252,9,reg3_m252_s1,346.0,genpce_es,0,17260,0.7167630057803468
reg3,252,9,reg3_m252_s1,346.0,genpce_es,0,17310,0.7167630057803468
reg3,252,9,reg3_m252_s1,346.0,genpce_es,0,17360,0.7167630057803468
reg3,252,9,reg3_m252_s1,346.0,genpce_es,0,17410,0.7167630057803468
reg3,252,9,reg3_m252_s1,346.0,genpce_es,0,17460,0.7167630057803468
reg3,252,9,reg3_m252_s1,346.0,genpce_es,0,17510,0.7167630057803468
reg3,252,9,reg3_m252_s1,346.0,genpce_es,0,17560,0.7167630057803468
reg3,252,9,reg3_m252_s1,346.0,genpce_es,0,17610,0.7167630057803468
reg3,252,9,reg3_m252_s1,346.0,genpce_es,0,17660,0.7167630057803468
reg3,252,9,reg3_m252_s1,346.0,genpce_es,0,17710,0.7167630057803468
reg3,252,9,reg3_m252_s1,346.0,genpce_es,0,17760,0.7167630057803468
reg3,252,9,reg3_m252_s1,346.0,genpce_es,0,17810,0.7167630057803468
reg3,252,9,reg3_m252_s1,346.0,genpce_es,0,17860,0.7167630057803468
reg3,252,9,reg3_m252_s1,346.0,genpce_es,0,17910,0.7167630057803468
reg3,252,9,reg3_m252_s1,346.0,genpce_es,0,17960,0.7167630057803468
reg3,252,9,reg3_m252_s1,346.0,genpce_es,0,18010,0.7167630057803468
reg3,252,9,reg3_m252_s1,346.0,genpce_es,0,18060,0.7167630057803468
reg3,252,9,reg3_m252_s1,346.0,genpce_es,0,18110,0.7167630057803468
reg3,252,9,reg3_m252_s1,346.0,genpce_es,0,18160,0.7167630057803468
reg3,252,9,reg3_m252_s1,346.0,genpce_es,0,18210,0.7167630057803468
reg3,252,9,reg3_m252_s1,346.0,genpce_es,0,18260,0.7167630057803468
reg3,252,9,reg3_m252_s1,346.0,genpce_es,0,18310,0.7167630057803468
reg3,252,9,reg3_m252_s1,346.0,genpce_es,0,18360,0.7167630057803468
reg3,252,9,reg3_m252_s1,346.0,genpce_es,0,18410,0.7167630057803468
reg3,252,9,reg3_m252_s1,346.0,genpce_es,0,18460,0.7167630057803468
reg3,252,9,reg3_m252_s1,346.0,genpce_es,0,18510,0.7167630057803468
reg3,252,9,reg3_m252_s1,346.0,genpce_es,0,18560,0.7167630057803468
reg3,252,9,reg3_m252_s1,346.0,genpce_es,0,18610,0.7167630057803468
reg3,252,9,reg3_m252_s1,346.0,genpce_es,0,18660,0.7167630057803468
reg3,252,9,reg3_m252_s1,346.0,genpce_es,0,18710,0.7167630057803468
reg3,252,9,reg3_m252_s1,346.0,genpce_es,0,18760,0.7167630057803468
reg3,252,9,reg3_m252_s1,346.0,genpce_es,0,18810,0.7167630057803468
reg3,252,9,reg3_m252_s1,346.0,genpce_es,0,18860,0.7167630057803468
reg3,252,9,reg3_m252_s1,346.0,genpce_es,0,18910,0.7167630057803468
reg3,252,9,reg3_m252_s1,346.0,genpce_es,0,18960,0.7167630057803468
reg3,252,9,reg3_m252_s1,346.0,genpce_es,0,19010,0.7167630057803468
reg3,252,9,reg3_m252_s1,346.0,genpce_es,0,19060,0.7167630057803468
reg3,252,9,reg3_m252_s1,346.0,genpce_es,0,19110,0.7167630057803468
reg3,252,9,reg3_m252_s1,346.0,genpce_es,0,19160,0.7167630057803468
reg3,252,9,reg3_m252_s1,346.0,genpce_es,0,19210,0.7167630057803468
reg3,252,9,reg3_m252_s1,346.0,genpce_es,0,19260,0.7167630057803468
reg3,252,9,reg3_m252_s1,346.0,genpce_es,0,19310,0.7167630057803468
reg3,252,9,reg3_m252_s1,346.0,genpce_es,0,19360,0.7167630057803468
reg3,252,9,reg3_m252_s1,346.0,genpce_es,0,19410,0.7167630057803468
reg3,252,9,reg3_m252_s1,346.0,genpce_es,0,19460,0.7167630057803468
reg3,252,9,reg3_m252_s1,346.0,genpce_es,0,19510,0.7167630057803468
reg3,252,9,reg3_m252_s1,346.0,genpce_es,0,19560,0.7167630057803468
reg3,252,9,reg3_m252_s1,346.0,genpce_es,0,19610,0.7167630057803468
reg3,252,9,reg3_m252_s1,346.0,genpce_es,0,19660,0.7167630057803468
reg3,252,9,reg3_m252_s1,346.0,genpce_es,0,19710,0.7167630057803468
reg3,252,9,reg3_m252_s1,346.0,genpce_es,0,19760,0.7167630057803468
reg3,252,9,reg3_m252_s1,346.0,genpce_es,0,19810,0.7167630057803468
reg3,252,9,reg3_m252_s1,346.0,genpce_es,0,19860,0.7167630057803468
reg3,252,9,reg3_m252_s1,346.0,genpce_es,0,19910,0.7167630057803468
reg3,252,9,reg3_m252_s1,346.0,genpce_es,0,19960,0.7167630057803468
reg3,252,9,reg3_m252_s1,346.0,genpce_es,0,20010,0.7167630057803468
reg3,252,9,reg3_m252_s1,346.0,random,0,50,0.6040462427745664
reg3,252,9,reg3_m252_s1,346.0,random,0,100,0.6040462427745664
reg3,252,9,reg3_m252_s1,346.0,random,0,150,0.6040462427745664
reg3,252,9,reg3_m252_s1,346.0,random,0,200,0.6098265895953757
reg3,252,9,reg3_m252_s1,346.0,random,0,250,0.6329479768786127
reg3,252,9,reg3_m252_s1,346.0,random,0,300,0.6329479768786127
reg3,252,9,reg3_m252_s1,346.0,random,0,350,0.6329479768786127
reg3,252,9,reg3_m252_s1,346.0,random,0,400,0.6329479768786127
reg3,252,9,reg3_m252_s1,346.0,random,0,450,0.6329479768786127
reg3,252,9,reg3_m252_s1,346.0,random,0,500,0.6329479768786127
reg3,252,9,reg3_m252_s1,346.0,random,0,550,0.6329479768786127
reg3,252,9,reg3_m252_s1,346.0,random,0,600,0.6329479768786127
reg3,252,9,reg3_m252_s1,346.0,random,0,650,0.6329479768786127
reg3,252,9,reg3_m252_s1,346.0,random,0,700,0.6329479768786127
reg3,252,9,reg3_m252_s1,346.0,random,0,750,0.6329479768786127
reg3,252,9,reg3_m252_s1,346.0,random,0,800,0.6329479768786127
reg3,252,9,reg3_m252_s1,346.0,random,0,850,0.6329479768786127
reg3,252,9,reg3_m252_s1,346.0,random,0,900,0.6329479768786127
reg3,252,9,reg3_m252_s1,346.0,random,0,950,0.638728323699422
reg3,252,9,reg3_m252_s1,346.0,random,0,1000,0.638728323699422
reg3,252,9,reg3_m252_s1,346.0,random,0,1050,0.638728323699422
reg3,252,9,reg3_m252_s1,346.0,random,0,1100,0.638728323699422
reg3,252,9,reg3_m252_s1,346.0,random,0,1150,0.638728323699422
reg3,252,9,reg3_m252_s1,346.0,random,0,1200,0.638728323699422
reg3,252,9,reg3_m252_s1,346.0,random,0,1250,0.638728323699422
reg3,252,9,reg3_m252_s1,346.0,random,0,1300,0.638728323699422
reg3,252,9,reg3_m252_s1,346.0,random,0,1350,0.638728323699422
reg3,252,9,reg3_m252_s1,346.0,random,0,1400,0.638728323699422
reg3,252,9,reg3_m252_s1,346.0,random,0,1450,0.638728323699422
reg3,252,9,reg3_m252_s1,346.0,random,0,1500,0.638728323699422
reg3,252,9,reg3_m252_s1,346.0,random,0,1550,0.638728323699422
reg3,252,9,reg3_m252_s1,346.0,random,0,1600,0.638728323699422
reg3,252,9,reg3_m252_s1,346.0,random,0,1650,0.638728323699422
reg3,252,9,reg3_m252_s1,346.0,random,0,1700,0.638728323699422
reg3,252,9,reg3_m252_s1,346.0,random,0,1750,0.638728323699422
reg3,252,9,reg3_m252_s1,346.0,random,0,1800,0.638728323699422
reg3,252,9,reg3_m252_s1,346.0,random,0,1850,0.638728323699422
reg3,252,9,reg3_m252_s1,346.0,random,0,1900,0.638728323699422
reg3,252,9,reg3_m252_s1,346.0,random,0,1950,0.638728323699422
reg3,252,9,reg3_m252_s1,346.0,random,0,2000,0.638728323699422
reg3,252,9,reg3_m252_s1,346.0,random,0,2050,0.638728323699422
reg3,252,9,reg3_m252_s1,346.0,random,0,2100,0.638728323699422
reg3,252,9,reg3_m252_s1,346.0,random,0,2150,0.638728323699422
reg3,252,9,reg3_m252_s1,346.0,random,0,2200,0.638728323699422
reg3,252,9,reg3_m252_s1,346.0,random,0,2250,0.638728323699422
reg3,252,9,reg3_m252_s1,346.0,random,0,2300,0.638728323699422
reg3,252,9,reg3_m252_s1,346.0,random,0,2350,0.638728323699422
reg3,252,9,reg3_m252_s1,346.0,random,0,2400,0.638728323699422
reg3,252,9,reg3_m252_s1,346.0,random,0,2450,0.638728323699422
reg3,252,9,reg3_m252_s1,346.0,random,0,2500,0.638728323699422
reg3,252,9,reg3_m252_s1,346.0,random,0,2550,0.638728323699422
reg3,252,9,reg3_m252_s1,346.0,random,0,2600,0.638728323699422
reg3,252,9,reg3_m252_s1,346.0,random,0,2650,0.638728323699422
reg3,252,9,reg3_m252_s1,346.0,random,0,2700,0.638728323699422
reg3,252,9,reg3_m252_s1,346.0,random,0,2750,0.638728323699422
reg3,252,9,reg3_m252_s1,346.0,random,0,2800,0.638728323699422
reg3,252,9,reg3_m252_s1,346.0,random,0,2850,0.638728323699422
reg3,252,9,reg3_m252_s1,346.0,random,0,2900,0.638728323699422
reg3,252,9,reg3_m252_s1,346.0,random,0,2950,0.638728323699422
reg3,252,9,reg3_m252_s1,346.0,random,0,3000,0.638728323699422
reg3,252,9,reg3_m252_s1,346.0,random,0,3050,0.638728323699422
reg3,252,9,reg3_m252_s1,346.0,random,0,3100,0.638728323699422
reg3,252,9,reg3_m252_s1,346.0,random,0,3150,0.638728323699422
reg3,252,9,reg3_m252_s1,346.0,random,0,3200,0.638728323699422
reg3,252,9,reg3_m252_s1,346.0,random,0,3250,0.638728323699422
reg3,252,9,reg3_m252_s1,346.0,random,0,3300,0.638728323699422
reg3,252,9,reg3_m252_s1,346.0,random,0,3350,0.638728323699422
reg3,252,9,reg3_m252_s1,346.0,random,0,3400,0.638728323699422
reg3,252,9,reg3_m252_s1,346.0,random,0,3450,0.638728323699422
reg3,252,9,reg3_m252_s1,346.0,random,0,3500,0.638728323699422
reg3,252,9,reg3_m252_s1,346.0,random,0,3550,0.638728323699422
reg3,252,9,reg3_m252_s1,346.0,random,0,3600,0.638728323699422
reg3,252,9,reg3_m252_s1,346.0,random,0,3650,0.638728323699422
reg3,252,9,reg3_m252_s1,346.0,random,0,3700,0.638728323699422
reg3,252,9,reg3_m252_s1,346.0,random,0,3750,0.638728323699422
reg3,252,9,reg3_m252_s1,346.0,random,0,3800,0.638728323699422
reg3,252,9,reg3_m252_s1,346.0,random,0,3850,0.638728323699422
reg3,252,9,reg3_m252_s1,346.0,random,0,3900,0.638728323699422
reg3,252,9,reg3_m252_s1,346.0,random,0,3950,0.638728323699422
reg3,252,9,reg3_m252_s1,346.0,random,0,4000,0.638728323699422
reg3,252,9,reg3_m252_s1,346.0,random,0,4050,0.638728323699422
reg3,252,9,reg3_m252_s1,346.0,random,0,4100,0.638728323699422
reg3,252,9,reg3_m252_s1,346.0,random,0,4150,0.638728323699422
reg3,252,9,reg3_m252_s1,346.0,random,0,4200,0.638728323699422
reg3,252,9,reg3_m252_s1,346.0,random,0,4250,0.638728323699422
reg3,252,9,reg3_m252_s1,346.0,random,0,4300,0.638728323699422
reg3,252,9,reg3_m252_s1,346.0,random,0,4350,0.638728323699422
reg3,252,9,reg3_m252_s1,346.0,random,0,4400,0.638728323699422
reg3,252,9,reg3_m252_s1,346.0,random,0,4450,0.638728323699422
reg3,252,9,reg3_m252_s1,346.0,random,0,4500,0.638728323699422
reg3,252,9,reg3_m252_s1,346.0,random,0,4550,0.638728323699422
reg3,252,9,reg3_m252_s1,346.0,random,0,4600,0.638728323699422
reg3,252,9,reg3_m252_s1,346.0,random,0,4650,0.638728323699422
reg3,252,9,reg3_m252_s1,346.0,random,0,4700,0.638728323699422
reg3,252,9,reg3_m252_s1,346.0,random,0,4750,0.638728323699422
reg3,252,9,reg3_m252_s1,346.0,random,0,4800,0.638728323699422
reg3,252,9,reg3_m252_s1,346.0,random,0,4850,0.638728323699422
reg3,252,9,reg3_m252_s1,346.0,random,0,4900,0.638728323699422
reg3,252,9,reg3_m252_s1,346.0,random,0,4950,0.638728323699422
reg3,252,9,reg3_m252_s1,346.0,random,0,5000,0.638728323699422
reg3,252,9,reg3_m252_s1,346.0,random,0,5050,0.638728323699422
reg3,252,9,reg3_m252_s1,346.0,random,0,5100,0.638728323699422
reg3,252,9,reg3_m252_s1,346.0,random,0,5150,0.638728323699422
reg3,252,9,reg3_m252_s1,346.0,random,0,5200,0.638728323699422
reg3,252,9,reg3_m252_s1,346.0,random,0,5250,0.638728323699422
reg3,252,9,reg3_m252_s1,346.0,random,0,5300,0.638728323699422
reg3,252,9,reg3_m252_s1,346.0,random,0,5350,0.638728323699422
reg3,252,9,reg3_m252_s1,346.0,random,0,5400,0.638728323699422
reg3,252,9,reg3_m252_s1,346.0,random,0,5450,0.638728323699422
reg3,252,9,reg3_m252_s1,346.0,random,0,5500,0.6416184971098265
reg3,252,9,reg3_m252_s1,346.0,random,0,5550,0.6416184971098265
reg3,252,9,reg3_m252_s1,346.0,random,0,5600,0.6416184971098265
reg3,252,9,reg3_m252_s1,346.0,random,0,5650,0.6416184971098265
reg3,252,9,reg3_m252_s1,346.0,random,0,5700,0.6416184971098265
reg3,252,9,reg3_m252_s1,346.0,random,0,5750,0.6416184971098265
reg3,252,9,reg3_m252_s1,346.0,random,0,5800,0.6416184971098265
reg3,252,9,reg3_m252_s1,346.0,random,0,5850,0.6416184971098265
reg3,252,9,reg3_m252_s1,346.0,random,0,5900,0.6416184971098265
reg3,252,9,reg3_m252_s1,346.0,random,0,5950,0.6416184971098265
reg3,252,9,reg3_m252_s1,346.0,random,0,6000,0.6416184971098265
reg3,252,9,reg3_m252_s1,346.0,random,0,6050,0.6416184971098265
reg3,252,9,reg3_m252_s1,346.0,random,0,6100,0.6416184971098265
reg3,252,9,reg3_m252_s1,346.0,random,0,6150,0.6416184971098265
reg3,252,9,reg3_m252_s1,346.0,random,0,6200,0.6416184971098265
reg3,252,9,reg3_m252_s1,346.0,random,0,6250,0.6445086705202312
reg3,252,9,reg3_m252_s1,346.0,random,0,6300,0.6445086705202312
reg3,252,9,reg3_m252_s1,346.0,random,0,6350,0.6445086705202312
reg3,252,9,reg3_m252_s1,346.0,random,0,6400,0.6445086705202312
reg3,252,9,reg3_m252_s1,346.0,random,0,6450,0.6445086705202312
reg3,252,9,reg3_m252_s1,346.0,random,0,6500,0.6445086705202312
reg3,252,9,reg3_m252_s1,346.0,random,0,6550,0.6445086705202312
reg3,252,9,reg3_m252_s1,346.0,random,0,6600,0.6445086705202312
reg3,252,9,reg3_m252_s1,346.0,random,0,6650,0.6445086705202312
reg3,252,9,reg3_m252_s1,346.0,random,0,6700,0.6445086705202312
reg3,252,9,reg3_m252_s1,346.0,random,0,6750,0.6445086705202312
reg3,252,9,reg3_m252_s1,346.0,random,0,6800,0.6445086705202312
reg3,252,9,reg3_m252_s1,346.0,random,0,6850,0.6445086705202312
reg3,252,9,reg3_m252_s1,346.0,random,0,6900,0.6445086705202312
reg3,252,9,reg3_m252_s1,346.0,random,0,6950,0.6445086705202312
reg3,252,9,reg3_m252_s1,346.0,random,0,7000,0.6445086705202312
reg3,252,9,reg3_m252_s1,346.0,random,0,7050,0.6445086705202312
reg3,252,9,reg3_m252_s1,346.0,random,0,7100,0.6445086705202312
reg3,252,9,reg3_m252_s1,346.0,random,0,7150,0.6445086705202312
reg3,252,9,reg3_m252_s1,346.0,random,0,7200,0.6445086705202312
reg3,252,9,reg3_m252_s1,346.0,random,0,7250,0.6445086705202312
reg3,252,9,reg3_m252_s1,346.0,random,0,7300,0.6445086705202312
reg3,252,9,reg3_m252_s1,346.0,random,0,7350,0.6445086705202312
reg3,252,9,reg3_m252_s1,346.0,random,0,7400,0.6445086705202312
reg3,252,9,reg3_m252_s1,346.0,random,0,7450,0.6445086705202312
reg3,252,9,reg3_m252_s1,346.0,random,0,7500,0.6445086705202312
reg3,252,9,reg3_m252_s1,346.0,random,0,7550,0.6445086705202312
reg3,252,9,reg3_m252_s1,346.0,random,0,7600,0.6445086705202312
reg3,252,9,reg3_m252_s1,346.0,random,0,7650,0.6445086705202312
reg3,252,9,reg3_m252_s1,346.0,random,0,7700,0.6445086705202312
reg3,252,9,reg3_m252_s1,346.0,random,0,7750,0.6445086705202312
reg3,252,9,reg3_m252_s1,346.0,random,0,7800,0.6445086705202312
reg3,252,9,reg3_m252_s1,346.0,random,0,7850,0.6445086705202312
reg3,252,9,reg3_m252_s1,346.0,random,0,7900,0.6445086705202312
reg3,252,9,reg3_m252_s1,346.0,random,0,7950,0.6445086705202312
reg3,252,9,reg3_m252_s1,346.0,random,0,8000,0.6445086705202312
reg3,252,9,reg3_m252_s1,346.0,random,0,8050,0.6445086705202312
reg3,252,9,reg3_m252_s1,346.0,random,0,8100,0.6445086705202312
reg3,252,9,reg3_m252_s1,346.0,random,0,8150,0.6445086705202312
reg3,252,9,reg3_m252_s1,346.0,random,0,8200,0.6445086705202312
reg3,252,9,reg3_m252_s1,346.0,random,0,8250,0.6445086705202312
reg3,252,9,reg3_m252_s1,346.0,random,0,8300,0.6445086705202312
reg3,252,9,reg3_m252_s1,346.0,random,0,8350,0.6445086705202312
reg3,252,9,reg3_m252_s1,346.0,random,0,8400,0.6445086705202312
reg3,252,9,reg3_m252_s1,346.0,random,0,8450,0.6445086705202312
reg3,252,9,reg3_m252_s1,346.0,random,0,8500,0.6445086705202312
reg3,252,9,reg3_m252_s1,346.0,random,0,8550,0.6445086705202312
reg3,252,9,reg3_m252_s1,346.0,random,0,8600,0.6445086705202312
reg3,252,9,reg3_m252_s1,346.0,random,0,8650,0.6445086705202312
reg3,252,9,reg3_m252_s1,346.0,random,0,8700,0.6445086705202312
reg3,252,9,reg3_m252_s1,346.0,random,0,8750,0.6445086705202312
reg3,252,9,reg3_m252_s1,346.0,random,0,8800,0.6445086705202312
reg3,252,9,reg3_m252_s1,346.0,random,0,8850,0.6445086705202312
reg3,252,9,reg3_m252_s1,346.0,random,0,8900,0.6445086705202312
reg3,252,9,reg3_m252_s1,346.0,random,0,8950,0.6445086705202312
reg3,252,9,reg3_m252_s1,346.0,random,0,9000,0.6445086705202312
reg3,252,9,reg3_m252_s1,346.0,random,0,9050,0.6445086705202312
reg3,252,9,reg3_m252_s1,346.0,random,0,9100,0.6445086705202312
reg3,252,9,reg3_m252_s1,346.0,random,0,9150,0.6445086705202312
reg3,252,9,reg3_m252_s1,346.0,random,0,9200,0.6445086705202312
reg3,252,9,reg3_m252_s1,346.0,random,0,9250,0.6445086705202312
reg3,252,9,reg3_m252_s1,346.0,random,0,9300,0.6445086705202312
reg3,252,9,reg3_m252_s1,346.0,random,0,9350,0.6445086705202312
reg3,252,9,reg3_m252_s1,346.0,random,0,9400,0.6445086705202312
reg3,252,9,reg3_m252_s1,346.0,random,0,9450,0.6445086705202312
reg3,252,9,reg3_m252_s1,346.0,random,0,9500,0.6445086705202312
reg3,252,9,reg3_m252_s1,346.0,random,0,9550,0.6445086705202312
reg3,252,9,reg3_m252_s1,346.0,random,0,9600,0.6445086705202312
reg3,252,9,reg3_m252_s1,346.0,random,0,9650,0.6445086705202312
reg3,252,9,reg3_m252_s1,346.0,random,0,9700,0.6445086705202312
reg3,252,9,reg3_m252_s1,346.0,random,0,9750,0.6445086705202312
reg3,252,9,reg3_m252_s1,346.0,random,0,9800,0.6445086705202312
reg3,252,9,reg3_m252_s1,346.0,random,0,9850,0.6445086705202312
reg3,252,9,reg3_m252_s1,346.0,random,0,9900,0.6445086705202312
reg3,252,9,reg3_m252_s1,346.0,random,0,9950,0.6445086705202312
reg3,252,9,reg3_m252_s1,346.0,random,0,10000,0.6445086705202312
reg3,252,9,reg3_m252_s1,346.0,random,0,10050,0.6445086705202312
reg3,252,9,reg3_m252_s1,346.0,random,0,10100,0.6445086705202312
reg3,252,9,reg3_m252_s1,346.0,random,0,10150,0.6445086705202312
reg3,252,9,reg3_m252_s1,346.0,random,0,10200,0.6445086705202312
reg3,252,9,reg3_m252_s1,346.0,random,0,10250,0.6445086705202312
reg3,252,9,reg3_m252_s1,346.0,random,0,10300,0.6445086705202312
reg3,252,9,reg3_m252_s1,346.0,random,0,10350,0.6445086705202312
reg3,252,9,reg3_m252_s1,346.0,random,0,10400,0.6445086705202312
reg3,252,9,reg3_m252_s1,346.0,random,0,10450,0.6445086705202312
reg3,252,9,reg3_m252_s1,346.0,random,0,10500,0.6445086705202312
reg3,252,9,reg3_m252_s1,346.0,random,0,10550,0.6445086705202312
reg3,252,9,reg3_m252_s1,346.0,random,0,10600,0.6445086705202312
reg3,252,9,reg3_m252_s1,346.0,random,0,10650,0.6445086705202312
reg3,252,9,reg3_m252_s1,346.0,random,0,10700,0.6445086705202312
reg3,252,9,reg3_m252_s1,346.0,random,0,10750,0.6445086705202312
reg3,252,9,reg3_m252_s1,346.0,random,0,10800,0.6445086705202312
reg3,252,9,reg3_m252_s1,346.0,random,0,10850,0.6445086705202312
reg3,252,9,reg3_m252_s1,346.0,random,0,10900,0.6445086705202312
reg3,252,9,reg3_m252_s1,346.0,random,0,10950,0.6445086705202312
reg3,252,9,reg3_m252_s1,346.0,random,0,11000,0.6445086705202312
reg3,252,9,reg3_m252_s1,346.0,random,0,11050,0.6445086705202312
reg3,252,9,reg3_m252_s1,346.0,random,0,11100,0.6445086705202312
reg3,252,9,reg3_m252_s1,346.0,random,0,11150,0.6445086705202312
reg3,252,9,reg3_m252_s1,346.0,random,0,11200,0.6445086705202312
reg3,252,9,reg3_m252_s1,346.0,random,0,11250,0.6445086705202312
reg3,252,9,reg3_m252_s1,346.0,random,0,11300,0.6445086705202312
reg3,252,9,reg3_m252_s1,346.0,random,0,11350,0.6445086705202312
reg3,252,9,reg3_m252_s1,346.0,random,0,11400,0.6445086705202312
reg3,252,9,reg3_m252_s1,346.0,random,0,11450,0.6445086705202312
reg3,252,9,reg3_m252_s1,346.0,random,0,11500,0.6445086705202312
reg3,252,9,reg3_m252_s1,346.0,random,0,11550,0.6445086705202312
reg3,252,9,reg3_m252_s1,346.0,random,0,11600,0.6445086705202312
reg3,252,9,reg3_m252_s1,346.0,random,0,11650,0.6445086705202312
reg3,252,9,reg3_m252_s1,346.0,random,0,11700,0.6445086705202312
reg3,252,9,reg3_m252_s1,346.0,random,0,11750,0.6445086705202312
reg3,252,9,reg3_m252_s1,346.0,random,0,11800,0.6445086705202312
reg3,252,9,reg3_m252_s1,346.0,random,0,11850,0.6445086705202312
reg3,252,9,reg3_m252_s1,346.0,random,0,11900,0.6445086705202312
reg3,252,9,reg3_m252_s1,346.0,random,0,11950,0.6445086705202312
reg3,252,9,reg3_m252_s1,346.0,random,0,12000,0.6445086705202312
reg3,252,9,reg3_m252_s1,346.0,random,0,12050,0.6445086705202312
reg3,252,9,reg3_m252_s1,346.0,random,0,12100,0.6445086705202312
reg3,252,9,reg3_m252_s1,346.0,random,0,12150,0.6445086705202312
reg3,252,9,reg3_m252_s1,346.0,random,0,12200,0.6445086705202312
reg3,252,9,reg3_m252_s1,346.0,random,0,12250,0.6445086705202312
reg3,252,9,reg3_m252_s1,346.0,random,0,12300,0.6445086705202312
reg3,252,9,reg3_m252_s1,346.0,random,0,12350,0.6445086705202312
reg3,252,9,reg3_m252_s1,346.0,random,0,12400,0.6445086705202312
reg3,252,9,reg3_m252_s1,346.0,random,0,12450,0.6445086705202312
reg3,252,9,reg3_m252_s1,346.0,random,0,12500,0.6445086705202312
reg3,252,9,reg3_m252_s1,346.0,random,0,12550,0.6445086705202312
reg3,252,9,reg3_m252_s1,346.0,random,0,12600,0.6445086705202312
reg3,252,9,reg3_m252_s1,346.0,random,0,12650,0.6445086705202312
reg3,252,9,reg3_m252_s1,346.0,random,0,12700,0.6445086705202312
reg3,252,9,reg3_m252_s1,346.0,random,0,12750,0.6445086705202312
reg3,252,9,reg3_m252_s1,346.0,random,0,12800,0.6445086705202312
reg3,252,9,reg3_m252_s1,346.0,random,0,12850,0.6445086705202312
reg3,252,9,reg3_m252_s1,346.0,random,0,12900,0.6445086705202312
reg3,252,9,reg3_m252_s1,346.0,random,0,12950,0.6445086705202312
reg3,252,9,reg3_m252_s1,346.0,random,0,13000,0.6445086705202312
reg3,252,9,reg3_m252_s1,346.0,random,0,13050,0.6445086705202312
reg3,252,9,reg3_m252_s1,346.0,random,0,13100,0.6445086705202312
reg3,252,9,reg3_m252_s1,346.0,random,0,13150,0.6445086705202312
reg3,252,9,reg3_m252_s1,346.0,random,0,13200,0.6445086705202312
reg3,252,9,reg3_m252_s1,346.0,random,0,13250,0.6445086705202312
reg3,252,9,reg3_m252_s1,346.0,random,0,13300,0.6445086705202312
reg3,252,9,reg3_m252_s1,346.0,random,0,13350,0.6445086705202312
reg3,252,9,reg3_m252_s1,346.0,random,0,13400,0.6445086705202312
reg3,252,9,reg3_m252_s1,346.0,random,0,13450,0.6445086705202312
reg3,252,9,reg3_m252_s1,346.0,random,0,13500,0.6445086705202312
reg3,252,9,reg3_m252_s1,346.0,random,0,13550,0.6445086705202312
reg3,252,9,reg3_m252_s1,346.0,random,0,13600,0.6445086705202312
reg3,252,9,reg3_m252_s1,346.0,random,0,13650,0.6445086705202312
reg3,252,9,reg3_m252_s1,346.0,random,0,13700,0.6445086705202312
reg3,252,9,reg3_m252_s1,346.0,random,0,13750,0.6445086705202312
reg3,252,9,reg3_m252_s1,346.0,random,0,13800,0.6445086705202312
reg3,252,9,reg3_m252_s1,346.0,random,0,13850,0.6473988439306358
reg3,252,9,reg3_m252_s1,346.0,random,0,13900,0.6473988439306358
reg3,252,9,reg3_m252_s1,346.0,random,0,13950,0.6473988439306358
reg3,252,9,reg3_m252_s1,346.0,random,0,14000,0.6473988439306358
reg3,252,9,reg3_m252_s1,346.0,random,0,14050,0.6473988439306358
reg3,252,9,reg3_m252_s1,346.0,random,0,14100,0.6473988439306358
reg3,252,9,reg3_m252_s1,346.0,random,0,14150,0.6473988439306358
reg3,252,9,reg3_m252_s1,346.0,random,0,14200,0.6473988439306358
reg3,252,9,reg3_m252_s1,346.0,random,0,14250,0.6473988439306358
reg3,252,9,reg3_m252_s1,346.0,random,0,14300,0.6473988439306358
reg3,252,9,reg3_m252_s1,346.0,random,0,14350,0.6473988439306358
reg3,252,9,reg3_m252_s1,346.0,random,0,14400,0.6473988439306358
reg3,252,9,reg3_m252_s1,346.0,random,0,14450,0.6473988439306358
reg3,252,9,reg3_m252_s1,346.0,random,0,14500,0.6473988439306358
reg3,252,9,reg3_m252_s1,346.0,random,0,14550,0.6473988439306358
reg3,252,9,reg3_m252_s1,346.0,random,0,14600,0.6473988439306358
reg3,252,9,reg3_m252_s1,346.0,random,0,14650,0.6473988439306358
reg3,252,9,reg3_m252_s1,346.0,random,0,14700,0.6473988439306358
reg3,252,9,reg3_m252_s1,346.0,random,0,14750,0.6473988439306358
reg3,252,9,reg3_m252_s1,346.0,random,0,14800,0.6473988439306358
reg3,252,9,reg3_m252_s1,346.0,random,0,14850,0.6473988439306358
reg3,252,9,reg3_m252_s1,346.0,random,0,14900,0.6473988439306358
reg3,252,9,reg3_m252_s1,346.0,random,0,14950,0.6473988439306358
reg3,252,9,reg3_m252_s1,346.0,random,0,15000,0.6473988439306358
reg3,252,9,reg3_m252_s1,346.0,random,0,15050,0.6473988439306358
reg3,252,9,reg3_m252_s1,346.0,random,0,15100,0.6473988439306358
reg3,252,9,reg3_m252_s1,346.0,random,0,15150,0.6473988439306358
reg3,252,9,reg3_m252_s1,346.0,random,0,15200,0.6473988439306358
reg3,252,9,reg3_m252_s1,346.0,random,0,15250,0.6473988439306358
reg3,252,9,reg3_m252_s1,346.0,random,0,15300,0.6473988439306358
reg3,252,9,reg3_m252_s1,346.0,random,0,15350,0.6473988439306358
reg3,252,9,reg3_m252_s1,346.0,random,0,15400,0.6473988439306358
reg3,252,9,reg3_m252_s1,346.0,random,0,15450,0.6473988439306358
reg3,252,9,reg3_m252_s1,346.0,random,0,15500,0.6473988439306358
reg3,252,9,reg3_m252_s1,346.0,random,0,15550,0.6473988439306358
reg3,252,9,reg3_m252_s1,346.0,random,0,15600,0.6473988439306358
reg3,252,9,reg3_m252_s1,346.0,random,0,15650,0.6473988439306358
reg3,252,9,reg3_m252_s1,346.0,random,0,15700,0.6473988439306358
reg3,252,9,reg3_m252_s1,346.0,random,0,15750,0.6473988439306358
reg3,252,9,reg3_m252_s1,346.0,random,0,15800,0.6473988439306358
reg3,252,9,reg3_m252_s1,346.0,random,0,15850,0.6473988439306358
reg3,252,9,reg3_m252_s1,346.0,random,0,15900,0.6473988439306358
reg3,252,9,reg3_m252_s1,346.0,random,0,15950,0.6473988439306358
reg3,252,9,reg3_m252_s1,346.0,random,0,16000,0.6473988439306358
reg3,252,9,reg3_m252_s1,346.0,random,0,16050,0.6473988439306358
reg3,252,9,reg3_m252_s1,346.0,random,0,16100,0.6473988439306358
reg3,252,9,reg3_m252_s1,346.0,random,0,16150,0.6473988439306358
reg3,252,9,reg3_m252_s1,346.0,random,0,16200,0.6473988439306358
reg3,252,9,reg3_m252_s1,346.0,random,0,16250,0.6473988439306358
reg3,252,9,reg3_m252_s1,346.0,random,0,16300,0.6473988439306358
reg3,252,9,reg3_m252_s1,346.0,random,0,16350,0.6878612716763006
reg3,252,9,reg3_m252_s1,346.0,random,0,16400,0.6878612716763006
reg3,252,9,reg3_m252_s1,346.0,random,0,16450,0.6878612716763006
reg3,252,9,reg3_m252_s1,346.0,random,0,16500,0.6878612716763006
reg3,252,9,reg3_m252_s1,346.0,random,0,16550,0.6878612716763006
reg3,252,9,reg3_m252_s1,346.0,random,0,16600,0.6878612716763006
reg3,252,9,reg3_m252_s1,346.0,random,0,16650,0.6878612716763006
reg3,252,9,reg3_m252_s1,346.0,random,0,16700,0.6878612716763006
reg3,252,9,reg3_m252_s1,346.0,random,0,16750,0.6878612716763006
reg3,252,9,reg3_m252_s1,346.0,random,0,16800,0.6878612716763006
reg3,252,9,reg3_m252_s1,346.0,random,0,16850,0.6878612716763006
reg3,252,9,reg3_m252_s1,346.0,random,0,16900,0.6878612716763006
reg3,252,9,reg3_m252_s1,346.0,random,0,16950,0.6878612716763006
reg3,252,9,reg3_m252_s1,346.0,random,0,17000,0.6878612716763006
reg3,252,9,reg3_m252_s1,346.0,random,0,17050,0.6878612716763006
reg3,252,9,reg3_m252_s1,346.0,random,0,17100,0.6878612716763006
reg3,252,9,reg3_m252_s1,346.0,random,0,17150,0.6878612716763006
reg3,252,9,reg3_m252_s1,346.0,random,0,17200,0.6878612716763006
reg3,252,9,reg3_m252_s1,346.0,random,0,17250,0.6878612716763006
reg3,252,9,reg3_m252_s1,346.0,random,0,17300,0.6878612716763006
reg3,252,9,reg3_m252_s1,346.0,random,0,17350,0.6878612716763006
reg3,252,9,reg3_m252_s1,346.0,random,0,17400,0.6878612716763006
reg3,252,9,reg3_m252_s1,346.0,random,0,17450,0.6878612716763006
reg3,252,9,reg3_m252_s1,346.0,random,0,17500,0.6878612716763006
reg3,252,9,reg3_m252_s1,346.0,random,0,17550,0.6878612716763006
reg3,252,9,reg3_m252_s1,346.0,random,0,17600,0.6878612716763006
reg3,252,9,reg3_m252_s1,346.0,random,0,17650,0.6878612716763006
reg3,252,9,reg3_m252_s1,346.0,random,0,17700,0.6878612716763006
reg3,252,9,reg3_m252_s1,346.0,random,0,17750,0.6878612716763006
reg3,252,9,reg3_m252_s1,346.0,random,0,17800,0.6878612716763006
reg3,252,9,reg3_m252_s1,346.0,random,0,17850,0.6878612716763006
reg3,252,9,reg3_m252_s1,346.0,random,0,17900,0.6878612716763006
reg3,252,9,reg3_m252_s1,346.0,random,0,17950,0.6878612716763006
reg3,252,9,reg3_m252_s1,346.0,random,0,18000,0.6878612716763006
reg3,252,9,reg3_m252_s1,346.0,random,0,18050,0.6878612716763006
reg3,252,9,reg3_m252_s1,346.0,random,0,18100,0.6878612716763006
reg3,252,9,reg3_m252_s1,346.0,random,0,18150,0.6878612716763006
reg3,252,9,reg3_m252_s1,346.0,random,0,18200,0.6878612716763006
reg3,252,9,reg3_m252_s1,346.0,random,0,18250,0.6878612716763006
reg3,252,9,reg3_m252_s1,346.0,random,0,18300,0.6878612716763006
reg3,252,9,reg3_m252_s1,346.0,random,0,18350,0.6878612716763006
reg3,252,9,reg3_m252_s1,346.0,random,0,18400,0.6878612716763006
reg3,252,9,reg3_m252_s1,346.0,random,0,18450,0.6878612716763006
reg3,252,9,reg3_m252_s1,346.0,random,0,18500,0.6878612716763006
reg3,252,9,reg3_m252_s1,346.0,random,0,18550,0.6878612716763006
reg3,252,9,reg3_m252_s1,346.0,random,0,18600,0.6878612716763006
reg3,252,9,reg3_m252_s1,346.0,random,0,18650,0.6878612716763006
reg3,252,9,reg3_m252_s1,346.0,random,0,18700,0.6878612716763006
reg3,252,9,reg3_m252_s1,346.0,random,0,18750,0.6878612716763006
reg3,252,9,reg3_m252_s1,346.0,random,0,18800,0.6878612716763006
reg3,252,9,reg3_m252_s1,346.0,random,0,18850,0.6878612716763006
reg3,252,9,reg3_m252_s1,346.0,random,0,18900,0.6878612716763006
reg3,252,9,reg3_m252_s1,346.0,random,0,18950,0.6878612716763006
reg3,252,9,reg3_m252_s1,346.0,random,0,19000,0.6878612716763006
reg3,252,9,reg3_m252_s1,346.0,random,0,19050,0.6878612716763006
reg3,252,9,reg3_m252_s1,346.0,random,0,19100,0.6878612716763006
reg3,252,9,reg3_m252_s1,346.0,random,0,19150,0.6878612716763006
reg3,252,9,reg3_m252_s1,346.0,random,0,19200,0.6878612716763006
reg3,252,9,reg3_m252_s1,346.0,random,0,19250,0.6878612716763006
reg3,252,9,reg3_m252_s1,346.0,random,0,19300,0.6878612716763006
reg3,252,9,reg3_m252_s1,346.0,random,0,19350,0.6878612716763006
reg3,252,9,reg3_m252_s1,346.0,random,0,19400,0.6878612716763006
reg3,252,9,reg3_m252_s1,346.0,random,0,19450,0.6878612716763006
reg3,252,9,reg3_m252_s1,346.0,random,0,19500,0.6878612716763006
reg3,252,9,reg3_m252_s1,346.0,random,0,19550,0.6878612716763006
reg3,252,9,reg3_m252_s1,346.0,random,0,19600,0.6878612716763006
reg3,252,9,reg3_m252_s1,346.0,random,0,19650,0.6878612716763006
reg3,252,9,reg3_m252_s1,346.0,random,0,19700,0.6878612716763006
reg3,252,9,reg3_m252_s1,346.0,random,0,19750,0.6878612716763006
reg3,252,9,reg3_m252_s1,346.0,random,0,19800,0.6878612716763006
reg3,252,9,reg3_m252_s1,346.0,random,0,19850,0.6878612716763006
reg3,252,9,reg3_m252_s1,346.0,random,0,19900,0.6878612716763006
reg3,252,9,reg3_m252_s1,346.0,random,0,19950,0.6878612716763006
reg3,252,9,reg3_m252_s1,346.0,random,0,20000,0.6878612716763006
reg3,252,9,reg3_m252_s1,346.0,genpce_es,1,10,0.5
reg3,252,9,reg3_m252_s1,346.0,genpce_es,1,60,0.5982658959537572
reg3,252,9,reg3_m252_s1,346.0,genpce_es,1,110,0.6040462427745664
reg3,252,9,reg3_m252_s1,346.0,genpce_es,1,160,0.6271676300578035
reg3,252,9,reg3_m252_s1,346.0,genpce_es,1,210,0.6271676300578035
reg3,252,9,reg3_m252_s1,346.0,genpce_es,1,260,0.6271676300578035
reg3,252,9,reg3_m252_s1,346.0,genpce_es,1,310,0.6502890173410405
reg3,252,9,reg3_m252_s1,346.0,genpce_es,1,360,0.6502890173410405
reg3,252,9,reg3_m252_s1,346.0,genpce_es,1,410,0.6502890173410405
reg3,252,9,reg3_m252_s1,346.0,genpce_es,1,460,0.6502890173410405
reg3,252,9,reg3_m252_s1,346.0,genpce_es,1,510,0.661849710982659
reg3,252,9,reg3_m252_s1,346.0,genpce_es,1,560,0.661849710982659
reg3,252,9,reg3_m252_s1,346.0,genpce_es,1,610,0.6763005780346821
reg3,252,9,reg3_m252_s1,346.0,genpce_es,1,660,0.6763005780346821
reg3,252,9,reg3_m252_s1,346.0,genpce_es,1,710,0.6763005780346821
reg3,252,9,reg3_m252_s1,346.0,genpce_es,1,760,0.6763005780346821
reg3,252,9,reg3_m252_s1,346.0,genpce_es,1,810,0.6763005780346821
reg3,252,9,reg3_m252_s1,346.0,genpce_es,1,860,0.6734104046242775
reg3,252,9,reg3_m252_s1,346.0,genpce_es,1,910,0.6734104046242775
reg3,252,9,reg3_m252_s1,346.0,genpce_es,1,960,0.684971098265896
reg3,252,9,reg3_m252_s1,346.0,genpce_es,1,1010,0.6878612716763006
reg3,252,9,reg3_m252_s1,346.0,genpce_es,1,1060,0.6878612716763006
reg3,252,9,reg3_m252_s1,346.0,genpce_es,1,1110,0.6878612716763006
reg3,252,9,reg3_m252_s1,346.0,genpce_es,1,1160,0.6878612716763006
reg3,252,9,reg3_m252_s1,346.0,genpce_es,1,1210,0.6965317919075145
reg3,252,9,reg3_m252_s1,346.0,genpce_es,1,1260,0.6965317919075145
reg3,252,9,reg3_m252_s1,346.0,genpce_es,1,1310,0.6965317919075145
reg3,252,9,reg3_m252_s1,346.0,genpce_es,1,1360,0.6965317919075145
reg3,252,9,reg3_m252_s1,346.0,genpce_es,1,1410,0.6965317919075145
reg3,252,9,reg3_m252_s1,346.0,genpce_es,1,1460,0.6965317919075145
reg3,252,9,reg3_m252_s1,346.0,genpce_es,1,1510,0.6965317919075145
reg3,252,9,reg3_m252_s1,346.0,genpce_es,1,1560,0.6965317919075145
reg3,252,9,reg3_m252_s1,346.0,genpce_es,1,1610,0.6965317919075145
reg3,252,9,reg3_m252_s1,346.0,genpce_es,1,1660,0.6965317919075145
reg3,252,9,reg3_m252_s1,346.0,genpce_es,1,1710,0.6965317919075145
reg3,252,9,reg3_m252_s1,346.0,genpce_es,1,1760,0.6965317919075145
reg3,252,9,reg3_m252_s1,346.0,genpce_es,1,1810,0.6965317919075145
reg3,252,9,reg3_m252_s1,346.0,genpce_es,1,1860,0.6965317919075145
reg3,252,9,reg3_m252_s1,346.0,genpce_es,1,1910,0.7023121387283237
reg3,252,9,reg3_m252_s1,346.0,genpce_es,1,1960,0.7023121387283237
reg3,252,9,reg3_m252_s1,346.0,genpce_es,1,2010,0.7023121387283237
reg3,252,9,reg3_m252_s1,346.0,genpce_es,1,2060,0.7023121387283237
reg3,252,9,reg3_m252_s1,346.0,genpce_es,1,2110,0.7023121387283237
reg3,252,9,reg3_m252_s1,346.0,genpce_es,1,2160,0.7023121387283237
reg3,252,9,reg3_m252_s1,346.0,genpce_es,1,2210,0.7023121387283237
reg3,252,9,reg3_m252_s1,346.0,genpce_es,1,2260,0.7023121387283237
reg3,252,9,reg3_m252_s1,346.0,genpce_es,1,2310,0.7023121387283237
reg3,252,9,reg3_m252_s1,346.0,genpce_es,1,2360,0.7023121387283237
reg3,252,9,reg3_m252_s1,346.0,genpce_es,1,2410,0.7023121387283237
reg3,252,9,reg3_m252_s1,346.0,genpce_es,1,2460,0.7023121387283237
reg3,252,9,reg3_m252_s1,346.0,genpce_es,1,2510,0.7023121387283237
reg3,252,9,reg3_m252_s1,346.0,genpce_es,1,2560,0.7023121387283237
reg3,252,9,reg3_m252_s1,346.0,genpce_es,1,2610,0.7023121387283237
reg3,252,9,reg3_m252_s1,346.0,genpce_es,1,2660,0.7052023121387283
reg3,252,9,reg3_m252_s1,346.0,genpce_es,1,2710,0.7052023121387283
reg3,252,9,reg3_m252_s1,346.0,genpce_es,1,2760,0.7052023121387283
reg3,252,9,reg3_m252_s1,346.0,genpce_es,1,2810,0.7052023121387283
reg3,252,9,reg3_m252_s1,346.0,genpce_es,1,2860,0.7052023121387283
reg3,252,9,reg3_m252_s1,346.0,genpce_es,1,2910,0.7052023121387283
reg3,252,9,reg3_m252_s1,346.0,genpce_es,1,2960,0.7052023121387283
reg3,252,9,reg3_m252_s1,346.0,genpce_es,1,3010,0.7052023121387283
reg3,252,9,reg3_m252_s1,346.0,genpce_es,1,3060,0.7023121387283237
reg3,252,9,reg3_m252_s1,346.0,genpce_es,1,3110,0.7023121387283237
reg3,252,9,reg3_m252_s1,346.0,genpce_es,1,3160,0.7023121387283237
reg3,252,9,reg3_m252_s1,346.0,genpce_es,1,3210,0.7023121387283237
reg3,252,9,reg3_m252_s1,346.0,genpce_es,1,3260,0.7023121387283237
reg3,252,9,reg3_m252_s1,346.0,genpce_es,1,3310,0.7023121387283237
reg3,252,9,reg3_m252_s1,346.0,genpce_es,1,3360,0.7023121387283237
reg3,252,9,reg3_m252_s1,346.0,genpce_es,1,3410,0.7023121387283237
reg3,252,9,reg3_m252_s1,346.0,genpce_es,1,3460,0.7023121387283237
reg3,252,9,reg3_m252_s1,346.0,genpce_es,1,3510,0.7023121387283237
reg3,252,9,reg3_m252_s1,346.0,genpce_es,1,3560,0.7023121387283237
reg3,252,9,reg3_m252_s1,346.0,genpce_es,1,3610,0.7023121387283237
reg3,252,9,reg3_m252_s1,346.0,genpce_es,1,3660,0.708092485549133
reg3,252,9,reg3_m252_s1,346.0,genpce_es,1,3710,0.708092485549133
reg3,252,9,reg3_m252_s1,346.0,genpce_es,1,3760,0.708092485549133
reg3,252,9,reg3_m252_s1,346.0,genpce_es,1,3810,0.708092485549133
reg3,252,9,reg3_m252_s1,346.0,genpce_es,1,3860,0.7138728323699421
reg3,252,9,reg3_m252_s1,346.0,genpce_es,1,3910,0.7023121387283237
reg3,252,9,reg3_m252_s1,346.0,genpce_es,1,3960,0.7052023121387283
reg3,252,9,reg3_m252_s1,346.0,genpce_es,1,4010,0.7254335260115607
reg3,252,9,reg3_m252_s1,346.0,genpce_es,1,4060,0.7254335260115607
reg3,252,9,reg3_m252_s1,346.0,genpce_es,1,4110,0.7254335260115607
reg3,252,9,reg3_m252_s1,346.0,genpce_es,1,4160,0.7254335260115607
reg3,252,9,reg3_m252_s1,346.0,genpce_es,1,4210,0.7254335260115607
reg3,252,9,reg3_m252_s1,346.0,genpce_es,1,4260,0.7254335260115607
reg3,252,9,reg3_m252_s1,346.0,genpce_es,1,4310,0.7254335260115607
reg3,252,9,reg3_m252_s1,346.0,genpce_es,1,4360,0.7312138728323699
reg3,252,9,reg3_m252_s1,346.0,genpce_es,1,4410,0.7312138728323699
reg3,252,9,reg3_m252_s1,346.0,genpce_es,1,4460,0.7312138728323699
reg3,252,9,reg3_m252_s1,346.0,genpce_es,1,4510,0.7312138728323699
reg3,252,9,reg3_m252_s1,346.0,genpce_es,1,4560,0.7312138728323699
reg3,252,9,reg3_m252_s1,346.0,genpce_es,1,4610,0.7312138728323699
reg3,252,9,reg3_m252_s1,346.0,genpce_es,1,4660,0.7312138728323699
reg3,252,9,reg3_m252_s1,346.0,genpce_es,1,4710,0.7312138728323699
reg3,252,9,reg3_m252_s1,346.0,genpce_es,1,4760,0.7312138728323699
reg3,252,9,reg3_m252_s1,346.0,genpce_es,1,4810,0.7312138728323699
reg3,252,9,reg3_m252_s1,346.0,genpce_es,1,4860,0.7312138728323699
reg3,252,9,reg3_m252_s1,346.0,genpce_es,1,4910,0.7312138728323699
reg3,252,9,reg3_m252_s1,346.0,genpce_es,1,4960,0.7312138728323699
reg3,252,9,reg3_m252_s1,346.0,genpce_es,1,5010,0.7312138728323699
reg3,252,9,reg3_m252_s1,346.0,genpce_es,1,5060,0.7398843930635838
reg3,252,9,reg3_m252_s1,346.0,genpce_es,1,5110,0.7398843930635838
reg3,252,9,reg3_m252_s1,346.0,genpce_es,1,5160,0.7398843930635838
reg3,252,9,reg3_m252_s1,346.0,genpce_es,1,5210,0.7398843930635838
reg3,252,9,reg3_m252_s1,346.0,genpce_es,1,5260,0.7398843930635838
reg3,252,9,reg3_m252_s1,346.0,genpce_es,1,5310,0.7398843930635838
reg3,252,9,reg3_m252_s1,346.0,genpce_es,1,5360,0.7398843930635838
reg3,252,9,reg3_m252_s1,346.0,genpce_es,1,5410,0.7398843930635838
reg3,252,9,reg3_m252_s1,346.0,genpce_es,1,5460,0.7398843930635838
reg3,252,9,reg3_m252_s1,346.0,genpce_es,1,5510,0.7398843930635838
reg3,252,9,reg3_m252_s1,346.0,genpce_es,1,5560,0.7398843930635838
reg3,252,9,reg3_m252_s1,346.0,genpce_es,1,5610,0.7398843930635838
reg3,252,9,reg3_m252_s1,346.0,genpce_es,1,5660,0.7398843930635838
reg3,252,9,reg3_m252_s1,346.0,genpce_es,1,5710,0.7398843930635838
reg3,252,9,reg3_m252_s1,346.0,genpce_es,1,5760,0.7398843930635838
reg3,252,9,reg3_m252_s1,346.0,genpce_es,1,5810,0.7398843930635838
reg3,252,9,reg3_m252_s1,346.0,genpce_es,1,5860,0.7398843930635838
reg3,252,9,reg3_m252_s1,346.0,genpce_es,1,5910,0.7398843930635838
reg3,252,9,reg3_m252_s1,346.0,genpce_es,1,5960,0.7398843930635838
reg3,252,9,reg3_m252_s1,346.0,genpce_es,1,6010,0.7398843930635838
reg3,252,9,reg3_m252_s1,346.0,genpce_es,1,6060,0.7398843930635838
reg3,252,9,reg3_m252_s1,346.0,genpce_es,1,6110,0.7398843930635838
reg3,252,9,reg3_m252_s1,346.0,genpce_es,1,6160,0.7398843930635838
reg3,252,9,reg3_m252_s1,346.0,genpce_es,1,6210,0.7398843930635838
reg3,252,9,reg3_m252_s1,346.0,genpce_es,1,6260,0.7398843930635838
reg3,252,9,reg3_m252_s1,346.0,genpce_es,1,6310,0.7398843930635838
reg3,252,9,reg3_m252_s1,346.0,genpce_es,1,6360,0.7398843930635838
reg3,252,9,reg3_m252_s1,346.0,genpce_es,1,6410,0.7398843930635838
reg3,252,9,reg3_m252_s1,346.0,genpce_es,1,6460,0.7398843930635838
reg3,252,9,reg3_m252_s1,346.0,genpce_es,1,6510,0.7398843930635838
reg3,252,9,reg3_m252_s1,346.0,genpce_es,1,6560,0.7398843930635838
reg3,252,9,reg3_m252_s1,346.0,genpce_es,1,6610,0.7398843930635838
reg3,252,9,reg3_m252_s1,346.0,genpce_es,1,6660,0.7398843930635838
reg3,252,9,reg3_m252_s1,346.0,genpce_es,1,6710,0.7398843930635838
reg3,252,9,reg3_m252_s1,346.0,genpce_es,1,6760,0.7398843930635838
reg3,252,9,reg3_m252_s1,346.0,genpce_es,1,6810,0.7398843930635838
reg3,252,9,reg3_m252_s1,346.0,genpce_es,1,6860,0.7398843930635838
reg3,252,9,reg3_m252_s1,346.0,genpce_es,1,6910,0.7398843930635838
reg3,252,9,reg3_m252_s1,346.0,genpce_es,1,6960,0.7398843930635838
reg3,252,9,reg3_m252_s1,346.0,genpce_es,1,7010,0.7398843930635838
reg3,252,9,reg3_m252_s1,346.0,genpce_es,1,7060,0.7398843930635838
reg3,252,9,reg3_m252_s1,346.0,genpce_es,1,7110,0.7398843930635838
reg3,252,9,reg3_m252_s1,346.0,genpce_es,1,7160,0.7398843930635838
reg3,252,9,reg3_m252_s1,346.0,genpce_es,1,7210,0.7398843930635838
reg3,252,9,reg3_m252_s1,346.0,genpce_es,1,7260,0.7398843930635838
reg3,252,9,reg3_m252_s1,346.0,genpce_es,1,7310,0.7398843930635838
reg3,252,9,reg3_m252_s1,346.0,genpce_es,1,7360,0.7398843930635838
reg3,252,9,reg3_m252_s1,346.0,genpce_es,1,7410,0.7398843930635838
reg3,252,9,reg3_m252_s1,346.0,genpce_es,1,7460,0.7398843930635838
reg3,252,9,reg3_m252_s1,346.0,genpce_es,1,7510,0.7427745664739884
reg3,252,9,reg3_m252_s1,346.0,genpce_es,1,7560,0.7427745664739884
reg3,252,9,reg3_m252_s1,346.0,genpce_es,1,7610,0.7427745664739884
reg3,252,9,reg3_m252_s1,346.0,genpce_es,1,7660,0.7427745664739884
reg3,252,9,reg3_m252_s1,346.0,genpce_es,1,7710,0.7427745664739884
reg3,252,9,reg3_m252_s1,346.0,genpce_es,1,7760,0.7427745664739884
reg3,252,9,reg3_m252_s1,346.0,genpce_es,1,7810,0.7427745664739884
reg3,252,9,reg3_m252_s1,346.0,genpce_es,1,7860,0.7427745664739884
reg3,252,9,reg3_m252_s1,346.0,genpce_es,1,7910,0.7427745664739884
reg3,252,9,reg3_m252_s1,346.0,genpce_es,1,7960,0.7427745664739884
reg3,252,9,reg3_m252_s1,346.0,genpce_es,1,8010,0.7427745664739884
reg3,252,9,reg3_m252_s1,346.0,genpce_es,1,8060,0.7427745664739884
reg3,252,9,reg3_m252_s1,346.0,genpce_es,1,8110,0.7427745664739884
reg3,252,9,reg3_m252_s1,346.0,genpce_es,1,8160,0.7427745664739884
reg3,252,9,reg3_m252_s1,346.0,genpce_es,1,8210,0.7427745664739884
reg3,252,9,reg3_m252_s1,346.0,genpce_es,1,8260,0.7427745664739884
reg3,252,9,reg3_m252_s1,346.0,genpce_es,1,8310,0.7427745664739884
reg3,252,9,reg3_m252_s1,346.0,genpce_es,1,8360,0.7427745664739884
reg3,252,9,reg3_m252_s1,346.0,genpce_es,1,8410,0.7427745664739884
reg3,252,9,reg3_m252_s1,346.0,genpce_es,1,8460,0.7427745664739884
reg3,252,9,reg3_m252_s1,346.0,genpce_es,1,8510,0.7427745664739884
reg3,252,9,reg3_m252_s1,346.0,genpce_es,1,8560,0.7427745664739884
reg3,252,9,reg3_m252_s1,346.0,genpce_es,1,8610,0.7427745664739884
reg3,252,9,reg3_m252_s1,346.0,genpce_es,1,8660,0.7427745664739884
reg3,252,9,reg3_m252_s1,346.0,genpce_es,1,8710,0.7427745664739884
reg3,252,9,reg3_m252_s1,346.0,genpce_es,1,8760,0.7427745664739884
reg3,252,9,reg3_m252_s1,346.0,genpce_es,1,8810,0.7427745664739884
reg3,252,9,reg3_m252_s1,346.0,genpce_es,1,8860,0.7427745664739884
reg3,252,9,reg3_m252_s1,346.0,genpce_es,1,8910,0.7427745664739884
reg3,252,9,reg3_m252_s1,346.0,genpce_es,1,8960,0.7427745664739884
reg3,252,9,reg3_m252_s1,346.0,genpce_es,1,9010,0.7427745664739884
reg3,252,9,reg3_m252_s1,346.0,genpce_es,1,9060,0.7427745664739884
reg3,252,9,reg3_m252_s1,346.0,genpce_es,1,9110,0.7427745664739884
reg3,252,9,reg3_m252_s1,346.0,genpce_es,1,9160,0.7427745664739884
reg3,252,9,reg3_m252_s1,346.0,genpce_es,1,9210,0.7427745664739884
reg3,252,9,reg3_m252_s1,346.0,genpce_es,1,9260,0.7427745664739884
reg3,252,9,reg3_m252_s1,346.0,genpce_es,1,9310,0.7427745664739884
reg3,252,9,reg3_m252_s1,346.0,genpce_es,1,9360,0.7427745664739884
reg3,252,9,reg3_m252_s1,346.0,genpce_es,1,9410,0.7427745664739884
reg3,252,9,reg3_m252_s1,346.0,genpce_es,1,9460,0.7427745664739884
reg3,252,9,reg3_m252_s1,346.0,genpce_es,1,9510,0.7427745664739884
reg3,252,9,reg3_m252_s1,346.0,genpce_es,1,9560,0.7427745664739884
reg3,252,9,reg3_m252_s1,346.0,genpce_es,1,9610,0.7427745664739884
reg3,252,9,reg3_m252_s1,346.0,genpce_es,1,9660,0.7427745664739884
reg3,252,9,reg3_m252_s1,346.0,genpce_es,1,9710,0.7427745664739884
reg3,252,9,reg3_m252_s1,346.0,genpce_es,1,9760,0.7427745664739884
reg3,252,9,reg3_m252_s1,346.0,genpce_es,1,9810,0.7427745664739884
reg3,252,9,reg3_m252_s1,346.0,genpce_es,1,9860,0.7427745664739884
reg3,252,9,reg3_m252_s1,346.0,genpce_es,1,9910,0.7427745664739884
reg3,252,9,reg3_m252_s1,346.0,genpce_es,1,9960,0.7427745664739884
reg3,252,9,reg3_m252_s1,346.0,genpce_es,1,10010,0.7427745664739884
reg3,252,9,reg3_m252_s1,346.0,genpce_es,1,10060,0.7427745664739884
reg3,252,9,reg3_m252_s1,346.0,genpce_es,1,10110,0.7427745664739884
reg3,252,9,reg3_m252_s1,346.0,genpce_es,1,10160,0.7427745664739884
reg3,252,9,reg3_m252_s1,346.0,genpce_es,1,10210,0.7427745664739884
reg3,252,9,reg3_m252_s1,346.0,genpce_es,1,10260,0.7427745664739884
reg3,252,9,reg3_m252_s1,346.0,genpce_es,1,10310,0.7427745664739884
reg3,252,9,reg3_m252_s1,346.0,genpce_es,1,10360,0.7427745664739884
reg3,252,9,reg3_m252_s1,346.0,genpce_es,1,10410,0.7427745664739884
reg3,252,9,reg3_m252_s1,346.0,genpce_es,1,10460,0.7427745664739884
reg3,252,9,reg3_m252_s1,346.0,genpce_es,1,10510,0.7427745664739884
reg3,252,9,reg3_m252_s1,346.0,genpce_es,1,10560,0.7427745664739884
reg3,252,9,reg3_m252_s1,346.0,genpce_es,1,10610,0.7427745664739884
reg3,252,9,reg3_m252_s1,346.0,genpce_es,1,10660,0.7427745664739884
reg3,252,9,reg3_m252_s1,346.0,genpce_es,1,10710,0.7427745664739884
reg3,252,9,reg3_m252_s1,346.0,genpce_es,1,10760,0.7427745664739884
reg3,252,9,reg3_m252_s1,346.0,genpce_es,1,10810,0.7427745664739884
reg3,252,9,reg3_m252_s1,346.0,genpce_es,1,10860,0.7427745664739884
reg3,252,9,reg3_m252_s1,346.0,genpce_es,1,10910,0.7427745664739884
reg3,252,9,reg3_m252_s1,346.0,genpce_es,1,10960,0.7427745664739884
reg3,252,9,reg3_m252_s1,346.0,genpce_es,1,11010,0.7427745664739884
reg3,252,9,reg3_m252_s1,346.0,genpce_es,1,11060,0.7427745664739884
reg3,252,9,reg3_m252_s1,346.0,genpce_es,1,11110,0.7427745664739884
reg3,252,9,reg3_m252_s1,346.0,genpce_es,1,11160,0.7427745664739884
reg3,252,9,reg3_m252_s1,346.0,genpce_es,1,11210,0.7427745664739884
reg3,252,9,reg3_m252_s1,346.0,genpce_es,1,11260,0.7427745664739884
reg3,252,9,reg3_m252_s1,346.0,genpce_es,1,11310,0.7427745664739884
reg3,252,9,reg3_m252_s1,346.0,genpce_es,1,11360,0.7427745664739884
reg3,252,9,reg3_m252_s1,346.0,genpce_es,1,11410,0.7427745664739884
reg3,252,9,reg3_m252_s1,346.0,genpce_es,1,11460,0.7427745664739884
reg3,252,9,reg3_m252_s1,346.0,genpce_es,1,11510,0.7427745664739884
reg3,252,9,reg3_m252_s1,346.0,genpce_es,1,11560,0.7427745664739884
reg3,252,9,reg3_m252_s1,346.0,genpce_es,1,11610,0.7427745664739884
reg3,252,9,reg3_m252_s1,346.0,genpce_es,1,11660,0.7427745664739884
reg3,252,9,reg3_m252_s1,346.0,genpce_es,1,11710,0.7427745664739884
reg3,252,9,reg3_m252_s1,346.0,genpce_es,1,11760,0.7427745664739884
reg3,252,9,reg3_m252_s1,346.0,genpce_es,1,11810,0.7427745664739884
reg3,252,9,reg3_m252_s1,346.0,genpce_es,1,11860,0.7427745664739884
reg3,252,9,reg3_m252_s1,346.0,genpce_es,1,11910,0.7427745664739884
reg3,252,9,reg3_m252_s1,346.0,genpce_es,1,11960,0.7427745664739884
reg3,252,9,reg3_m252_s1,346.0,genpce_es,1,12010,0.7427745664739884
reg3,252,9,reg3_m252_s1,346.0,genpce_es,1,12060,0.7427745664739884
reg3,252,9,reg3_m252_s1,346.0,genpce_es,1,12110,0.7427745664739884
reg3,252,9,reg3_m252_s1,346.0,genpce_es,1,12160,0.7427745664739884
reg3,252,9,reg3_m252_s1,346.0,genpce_es,1,12210,0.7427745664739884
reg3,252,9,reg3_m252_s1,346.0,genpce_es,1,12260,0.7427745664739884
reg3,252,9,reg3_m252_s1,346.0,genpce_es,1,12310,0.7427745664739884
reg3,252,9,reg3_m252_s1,346.0,genpce_es,1,12360,0.7427745664739884
reg3,252,9,reg3_m252_s1,346.0,genpce_es,1,12410,0.7427745664739884
reg3,252,9,reg3_m252_s1,346.0,genpce_es,1,12460,0.7427745664739884
reg3,252,9,reg3_m252_s1,346.0,genpce_es,1,12510,0.7427745664739884
reg3,252,9,reg3_m252_s1,346.0,genpce_es,1,12560,0.7427745664739884
reg3,252,9,reg3_m252_s1,346.0,genpce_es,1,12610,0.7427745664739884
reg3,252,9,reg3_m252_s1,346.0,genpce_es,1,12660,0.7427745664739884
reg3,252,9,reg3_m252_s1,346.0,genpce_es,1,12710,0.7427745664739884
reg3,252,9,reg3_m252_s1,346.0,genpce_es,1,12760,0.7427745664739884
reg3,252,9,reg3_m252_s1,346.0,genpce_es,1,12810,0.7427745664739884
reg3,252,9,reg3_m252_s1,346.0,genpce_es,1,12860,0.7427745664739884
reg3,252,9,reg3_m252_s1,346.0,genpce_es,1,12910,0.7427745664739884
reg3,252,9,reg3_m252_s1,346.0,genpce_es,1,12960,0.7427745664739884
reg3,252,9,reg3_m252_s1,346.0,genpce_es,1,13010,0.7427745664739884
reg3,252,9,reg3_m252_s1,346.0,genpce_es,1,13060,0.7427745664739884
reg3,252,9,reg3_m252_s1,346.0,genpce_es,1,13110,0.7427745664739884
reg3,252,9,reg3_m252_s1,346.0,genpce_es,1,13160,0.7427745664739884
reg3,252,9,reg3_m252_s1,346.0,genpce_es,1,13210,0.7427745664739884
reg3,252,9,reg3_m252_s1,346.0,genpce_es,1,13260,0.7427745664739884
reg3,252,9,reg3_m252_s1,346.0,genpce_es,1,13310,0.7427745664739884
reg3,252,9,reg3_m252_s1,346.0,genpce_es,1,13360,0.7427745664739884
reg3,252,9,reg3_m252_s1,346.0,genpce_es,1,13410,0.7427745664739884
reg3,252,9,reg3_m252_s1,346.0,genpce_es,1,13460,0.7427745664739884
reg3,252,9,reg3_m252_s1,346.0,genpce_es,1,13510,0.7427745664739884
reg3,252,9,reg3_m252_s1,346.0,genpce_es,1,13560,0.7427745664739884
reg3,252,9,reg3_m252_s1,346.0,genpce_es,1,13610,0.7427745664739884
reg3,252,9,reg3_m252_s1,346.0,genpce_es,1,13660,0.7427745664739884
reg3,252,9,reg3_m252_s1,346.0,genpce_es,1,13710,0.7427745664739884
reg3,252,9,reg3_m252_s1,346.0,genpce_es,1,13760,0.7427745664739884
reg3,252,9,reg3_m252_s1,346.0,genpce_es,1,13810,0.7427745664739884
reg3,252,9,reg3_m252_s1,346.0,genpce_es,1,13860,0.7427745664739884
reg3,252,9,reg3_m252_s1,346.0,genpce_es,1,13910,0.7427745664739884
reg3,252,9,reg3_m252_s1,346.0,genpce_es,1,13960,0.7427745664739884
reg3,252,9,reg3_m252_s1,346.0,genpce_es,1,14010,0.7427745664739884
reg3,252,9,reg3_m252_s1,346.0,genpce_es,1,14060,0.7427745664739884
reg3,252,9,reg3_m252_s1,346.0,genpce_es,1,14110,0.7427745664739884
reg3,252,9,reg3_m252_s1,346.0,genpce_es,1,14160,0.7427745664739884
reg3,252,9,reg3_m252_s1,346.0,genpce_es,1,14210,0.7427745664739884
reg3,252,9,reg3_m252_s1,346.0,genpce_es,1,14260,0.7427745664739884
reg3,252,9,reg3_m252_s1,346.0,genpce_es,1,14310,0.7427745664739884
reg3,252,9,reg3_m252_s1,346.0,genpce_es,1,14360,0.7427745664739884
reg3,252,9,reg3_m252_s1,346.0,genpce_es,1,14410,0.7427745664739884
reg3,252,9,reg3_m252_s1,346.0,genpce_es,1,14460,0.7427745664739884
reg3,252,9,reg3_m252_s1,346.0,genpce_es,1,14510,0.7427745664739884
reg3,252,9,reg3_m252_s1,346.0,genpce_es,1,14560,0.7427745664739884
reg3,252,9,reg3_m252_s1,346.0,genpce_es,1,14610,0.7427745664739884
reg3,252,9,reg3_m252_s1,346.0,genpce_es,1,14660,0.7427745664739884
reg3,252,9,reg3_m252_s1,346.0,genpce_es,1,14710,0.7427745664739884
reg3,252,9,reg3_m252_s1,346.0,genpce_es,1,14760,0.7427745664739884
reg3,252,9,reg3_m252_s1,346.0,genpce_es,1,14810,0.7427745664739884
reg3,252,9,reg3_m252_s1,346.0,genpce_es,1,14860,0.7427745664739884
reg3,252,9,reg3_m252_s1,346.0,genpce_es,1,14910,0.7427745664739884
reg3,252,9,reg3_m252_s1,346.0,genpce_es,1,14960,0.7427745664739884
reg3,252,9,reg3_m252_s1,346.0,genpce_es,1,15010,0.7427745664739884
reg3,252,9,reg3_m252_s1,346.0,genpce_es,1,15060,0.7427745664739884
reg3,252,9,reg3_m252_s1,346.0,genpce_es,1,15110,0.7427745664739884
reg3,252,9,reg3_m252_s1,346.0,genpce_es,1,15160,0.7427745664739884
reg3,252,9,reg3_m252_s1,346.0,genpce_es,1,15210,0.7427745664739884
reg3,252,9,reg3_m252_s1,346.0,genpce_es,1,15260,0.7427745664739884
reg3,252,9,reg3_m252_s1,346.0,genpce_es,1,15310,0.7427745664739884
reg3,252,9,reg3_m252_s1,346.0,genpce_es,1,15360,0.7427745664739884
reg3,252,9,reg3_m252_s1,346.0,genpce_es,1,15410,0.7427745664739884
reg3,252,9,reg3_m252_s1,346.0,genpce_es,1,15460,0.7427745664739884
reg3,252,9,reg3_m252_s1,346.0,genpce_es,1,15510,0.7427745664739884
reg3,252,9,reg3_m252_s1,346.0,genpce_es,1,15560,0.7427745664739884
reg3,252,9,reg3_m252_s1,346.0,genpce_es,1,15610,0.7427745664739884
reg3,252,9,reg3_m252_s1,346.0,genpce_es,1,15660,0.7427745664739884
reg3,252,9,reg3_m252_s1,346.0,genpce_es,1,15710,0.7427745664739884
reg3,252,9,reg3_m252_s1,346.0,genpce_es,1,15760,0.7427745664739884
reg3,252,9,reg3_m252_s1,346.0,genpce_es,1,15810,0.7427745664739884
reg3,252,9,reg3_m252_s1,346.0,genpce_es,1,15860,0.7427745664739884
reg3,252,9,reg3_m252_s1,346.0,genpce_es,1,15910,0.7427745664739884
reg3,252,9,reg3_m252_s1,346.0,genpce_es,1,15960,0.7427745664739884
reg3,252,9,reg3_m252_s1,346.0,genpce_es,1,16010,0.7427745664739884
reg3,252,9,reg3_m252_s1,346.0,genpce_es,1,16060,0.7427745664739884
reg3,252,9,reg3_m252_s1,346.0,genpce_es,1,16110,0.7427745664739884
reg3,252,9,reg3_m252_s1,346.0,genpce_es,1,16160,0.7427745664739884
reg3,252,9,reg3_m252_s1,346.0,genpce_es,1,16210,0.7427745664739884
reg3,252,9,reg3_m252_s1,346.0,genpce_es,1,16260,0.7427745664739884
reg3,252,9,reg3_m252_s1,346.0,genpce_es,1,16310,0.7427745664739884
reg3,252,9,reg3_m252_s1,346.0,genpce_es,1,16360,0.7427745664739884
reg3,252,9,reg3_m252_s1,346.0,genpce_es,1,16410,0.7427745664739884
reg3,252,9,reg3_m252_s1,346.0,genpce_es,1,16460,0.7427745664739884
reg3,252,9,reg3_m252_s1,346.0,genpce_es,1,16510,0.7427745664739884
reg3,252,9,reg3_m252_s1,346.0,genpce_es,1,16560,0.7427745664739884
reg3,252,9,reg3_m252_s1,346.0,genpce_es,1,16610,0.7427745664739884
reg3,252,9,reg3_m252_s1,346.0,genpce_es,1,16660,0.7427745664739884
reg3,252,9,reg3_m252_s1,346.0,genpce_es,1,16710,0.7427745664739884
reg3,252,9,reg3_m252_s1,346.0,genpce_es,1,16760,0.7427745664739884
reg3,252,9,reg3_m252_s1,346.0,genpce_es,1,16810,0.7427745664739884
reg3,252,9,reg3_m252_s1,346.0,genpce_es,1,16860,0.7427745664739884
reg3,252,9,reg3_m252_s1,346.0,genpce_es,1,16910,0.7427745664739884
reg3,252,9,reg3_m252_s1,346.0,genpce_es,1,16960,0.7427745664739884
reg3,252,9,reg3_m252_s1,346.0,genpce_es,1,17010,0.7427745664739884
reg3,252,9,reg3_m252_s1,346.0,genpce_es,1,17060,0.7427745664739884
reg3,252,9,reg3_m252_s1,346.0,genpce_es,1,17110,0.7427745664739884
reg3,252,9,reg3_m252_s1,346.0,genpce_es,1,17160,0.7427745664739884
reg3,252,9,reg3_m252_s1,346.0,genpce_es,1,17210,0.7427745664739884
reg3,252,9,reg3_m252_s1,346.0,genpce_es,1,17260,0.7427745664739884
reg3,252,9,reg3_m252_s1,346.0,genpce_es,1,17310,0.7427745664739884
reg3,252,9,reg3_m252_s1,346.0,genpce_es,1,17360,0.7427745664739884
reg3,252,9,reg3_m252_s1,346.0,genpce_es,1,17410,0.7427745664739884
reg3,252,9,reg3_m252_s1,346.0,genpce_es,1,17460,0.7427745664739884
reg3,252,9,reg3_m252_s1,346.0,genpce_es,1,17510,0.7427745664739884
reg3,252,9,reg3_m252_s1,346.0,genpce_es,1,17560,0.7427745664739884
reg3,252,9,reg3_m252_s1,346.0,genpce_es,1,17610,0.7427745664739884
reg3,252,9,reg3_m252_s1,346.0,genpce_es,1,17660,0.7427745664739884
reg3,252,9,reg3_m252_s1,346.0,genpce_es,1,17710,0.7427745664739884
reg3,252,9,reg3_m252_s1,346.0,genpce_es,1,17760,0.7427745664739884
reg3,252,9,reg3_m252_s1,346.0,genpce_es,1,17810,0.7427745664739884
reg3,252,9,reg3_m252_s1,346.0,genpce_es,1,17860,0.7427745664739884
reg3,252,9,reg3_m252_s1,346.0,genpce_es,1,17910,0.7427745664739884
reg3,252,9,reg3_m252_s1,346.0,genpce_es,1,17960,0.7427745664739884
reg3,252,9,reg3_m252_s1,346.0,genpce_es,1,18010,0.7427745664739884
reg3,252,9,reg3_m252_s1,346.0,genpce_es,1,18060,0.7427745664739884
reg3,252,9,reg3_m252_s1,346.0,genpce_es,1,18110,0.7427745664739884
reg3,252,9,reg3_m252_s1,346.0,genpce_es,1,18160,0.7427745664739884
reg3,252,9,reg3_m252_s1,346.0,genpce_es,1,18210,0.7427745664739884
reg3,252,9,reg3_m252_s1,346.0,genpce_es,1,18260,0.7427745664739884
reg3,252,9,reg3_m252_s1,346.0,genpce_es,1,18310,0.7427745664739884
reg3,252,9,reg3_m252_s1,346.0,genpce_es,1,18360,0.7427745664739884
reg3,252,9,reg3_m252_s1,346.0,genpce_es,1,18410,0.7427745664739884
reg3,252,9,reg3_m252_s1,346.0,genpce_es,1,18460,0.7427745664739884
reg3,252,9,reg3_m252_s1,346.0,genpce_es,1,18510,0.7427745664739884
reg3,252,9,reg3_m252_s1,346.0,genpce_es,1,18560,0.7427745664739884
reg3,252,9,reg3_m252_s1,346.0,genpce_es,1,18610,0.7427745664739884
reg3,252,9,reg3_m252_s1,346.0,genpce_es,1,18660,0.7427745664739884
reg3,252,9,reg3_m252_s1,346.0,genpce_es,1,18710,0.7427745664739884
reg3,252,9,reg3_m252_s1,346.0,genpce_es,1,18760,0.7427745664739884
reg3,252,9,reg3_m252_s1,346.0,genpce_es,1,18810,0.7427745664739884
reg3,252,9,reg3_m252_s1,346.0,genpce_es,1,18860,0.7427745664739884
reg3,252,9,reg3_m252_s1,346.0,genpce_es,1,18910,0.7427745664739884
reg3,252,9,reg3_m252_s1,346.0,genpce_es,1,18960,0.7427745664739884
reg3,252,9,reg3_m252_s1,346.0,genpce_es,1,19010,0.7427745664739884
reg3,252,9,reg3_m252_s1,346.0,genpce_es,1,19060,0.7427745664739884
reg3,252,9,reg3_m252_s1,346.0,genpce_es,1,19110,0.7427745664739884
reg3,252,9,reg3_m252_s1,346.0,genpce_es,1,19160,0.7427745664739884
reg3,252,9,reg3_m252_s1,346.0,genpce_es,1,19210,0.7427745664739884
reg3,252,9,reg3_m252_s1,346.0,genpce_es,1,19260,0.7427745664739884
reg3,252,9,reg3_m252_s1,346.0,genpce_es,1,19310,0.7427745664739884
reg3,252,9,reg3_m252_s1,346.0,genpce_es,1,19360,0.7427745664739884
reg3,252,9,reg3_m252_s1,346.0,genpce_es,1,19410,0.7427745664739884
reg3,252,9,reg3_m252_s1,346.0,genpce_es,1,19460,0.7427745664739884
reg3,252,9,reg3_m252_s1,346.0,genpce_es,1,19510,0.7427745664739884
reg3,252,9,reg3_m252_s1,346.0,genpce_es,1,19560,0.7427745664739884
reg3,252,9,reg3_m252_s1,346.0,genpce_es,1,19610,0.7427745664739884
reg3,252,9,reg3_m252_s1,346.0,genpce_es,1,19660,0.7427745664739884
reg3,252,9,reg3_m252_s1,346.0,genpce_es,1,19710,0.7427745664739884
reg3,252,9,reg3_m252_s1,346.0,genpce_es,1,19760,0.7427745664739884
reg3,252,9,reg3_m252_s1,346.0,genpce_es,1,19810,0.7427745664739884
reg3,252,9,reg3_m252_s1,346.0,genpce_es,1,19860,0.7427745664739884
reg3,252,9,reg3_m252_s1,346.0,genpce_es,1,19910,0.7427745664739884
reg3,252,9,reg3_m252_s1,346.0,genpce_es,1,19960,0.7427745664739884
reg3,252,9,reg3_m252_s1,346.0,genpce_es,1,20010,0.7427745664739884
reg3,252,9,reg3_m252_s1,346.0,random,1,50,0.6098265895953757
reg3,252,9,reg3_m252_s1,346.0,random,1,100,0.6098265895953757
reg3,252,9,reg3_m252_s1,346.0,random,1,150,0.6098265895953757
reg3,252,9,reg3_m252_s1,346.0,random,1,200,0.6098265895953757
reg3,252,9,reg3_m252_s1,346.0,random,1,250,0.630057803468208
reg3,252,9,reg3_m252_s1,346.0,random,1,300,0.630057803468208
reg3,252,9,reg3_m252_s1,346.0,random,1,350,0.630057803468208
reg3,252,9,reg3_m252_s1,346.0,random,1,400,0.630057803468208
reg3,252,9,reg3_m252_s1,346.0,random,1,450,0.630057803468208
reg3,252,9,reg3_m252_s1,346.0,random,1,500,0.630057803468208
reg3,252,9,reg3_m252_s1,346.0,random,1,550,0.630057803468208
reg3,252,9,reg3_m252_s1,346.0,random,1,600,0.630057803468208
reg3,252,9,reg3_m252_s1,346.0,random,1,650,0.630057803468208
reg3,252,9,reg3_m252_s1,346.0,random,1,700,0.630057803468208
reg3,252,9,reg3_m252_s1,346.0,random,1,750,0.630057803468208
reg3,252,9,reg3_m252_s1,346.0,random,1,800,0.630057803468208
reg3,252,9,reg3_m252_s1,346.0,random,1,850,0.630057803468208
reg3,252,9,reg3_m252_s1,346.0,random,1,900,0.6502890173410405
reg3,252,9,reg3_m252_s1,346.0,random,1,950,0.6502890173410405
reg3,252,9,reg3_m252_s1,346.0,random,1,1000,0.6502890173410405
reg3,252,9,reg3_m252_s1,346.0,random,1,1050,0.6502890173410405
reg3,252,9,reg3_m252_s1,346.0,random,1,1100,0.6502890173410405
reg3,252,9,reg3_m252_s1,346.0,random,1,1150,0.6502890173410405
reg3,252,9,reg3_m252_s1,346.0,random,1,1200,0.6502890173410405
reg3,252,9,reg3_m252_s1,346.0,random,1,1250,0.6502890173410405
reg3,252,9,reg3_m252_s1,346.0,random,1,1300,0.6502890173410405
reg3,252,9,reg3_m252_s1,346.0,random,1,1350,0.6502890173410405
reg3,252,9,reg3_m252_s1,346.0,random,1,1400,0.6502890173410405
reg3,252,9,reg3_m252_s1,346.0,random,1,1450,0.6502890173410405
reg3,252,9,reg3_m252_s1,346.0,random,1,1500,0.6502890173410405
reg3,252,9,reg3_m252_s1,346.0,random,1,1550,0.6502890173410405
reg3,252,9,reg3_m252_s1,346.0,random,1,1600,0.6502890173410405
reg3,252,9,reg3_m252_s1,346.0,random,1,1650,0.6502890173410405
reg3,252,9,reg3_m252_s1,346.0,random,1,1700,0.6502890173410405
reg3,252,9,reg3_m252_s1,346.0,random,1,1750,0.6502890173410405
reg3,252,9,reg3_m252_s1,346.0,random,1,1800,0.6502890173410405
reg3,252,9,reg3_m252_s1,346.0,random,1,1850,0.6502890173410405
reg3,252,9,reg3_m252_s1,346.0,random,1,1900,0.661849710982659
reg3,252,9,reg3_m252_s1,346.0,random,1,1950,0.661849710982659
reg3,252,9,reg3_m252_s1,346.0,random,1,2000,0.661849710982659
reg3,252,9,reg3_m252_s1,346.0,random,1,2050,0.661849710982659
reg3,252,9,reg3_m252_s1,346.0,random,1,2100,0.661849710982659
reg3,252,9,reg3_m252_s1,346.0,random,1,2150,0.661849710982659
reg3,252,9,reg3_m252_s1,346.0,random,1,2200,0.661849710982659
reg3,252,9,reg3_m252_s1,346.0,random,1,2250,0.661849710982659
reg3,252,9,reg3_m252_s1,346.0,random,1,2300,0.661849710982659
reg3,252,9,reg3_m252_s1,346.0,random,1,2350,0.661849710982659
reg3,252,9,reg3_m252_s1,346.0,random,1,2400,0.661849710982659
reg3,252,9,reg3_m252_s1,346.0,random,1,2450,0.661849710982659
reg3,252,9,reg3_m252_s1,346.0,random,1,2500,0.661849710982659
reg3,252,9,reg3_m252_s1,346.0,random,1,2550,0.661849710982659
reg3,252,9,reg3_m252_s1,346.0,random,1,2600,0.661849710982659
reg3,252,9,reg3_m252_s1,346.0,random,1,2650,0.661849710982659
reg3,252,9,reg3_m252_s1,346.0,random,1,2700,0.661849710982659
reg3,252,9,reg3_m252_s1,346.0,random,1,2750,0.661849710982659
reg3,252,9,reg3_m252_s1,346.0,random,1,2800,0.661849710982659
reg3,252,9,reg3_m252_s1,346.0,random,1,2850,0.661849710982659
reg3,252,9,reg3_m252_s1,346.0,random,1,2900,0.661849710982659
reg3,252,9,reg3_m252_s1,346.0,random,1,2950,0.661849710982659
reg3,252,9,reg3_m252_s1,346.0,random,1,3000,0.661849710982659
reg3,252,9,reg3_m252_s1,346.0,random,1,3050,0.661849710982659
reg3,252,9,reg3_m252_s1,346.0,random,1,3100,0.661849710982659
reg3,252,9,reg3_m252_s1,346.0,random,1,3150,0.661849710982659
reg3,252,9,reg3_m252_s1,346.0,random,1,3200,0.661849710982659
reg3,252,9,reg3_m252_s1,346.0,random,1,3250,0.661849710982659
reg3,252,9,reg3_m252_s1,346.0,random,1,3300,0.661849710982659
reg3,252,9,reg3_m252_s1,346.0,random,1,3350,0.661849710982659
reg3,252,9,reg3_m252_s1,346.0,random,1,3400,0.661849710982659
reg3,252,9,reg3_m252_s1,346.0,random,1,3450,0.661849710982659
reg3,252,9,reg3_m252_s1,346.0,random,1,3500,0.661849710982659
reg3,252,9,reg3_m252_s1,346.0,random,1,3550,0.661849710982659
reg3,252,9,reg3_m252_s1,346.0,random,1,3600,0.661849710982659
reg3,252,9,reg3_m252_s1,346.0,random,1,3650,0.661849710982659
reg3,252,9,reg3_m252_s1,346.0,random,1,3700,0.661849710982659
reg3,252,9,reg3_m252_s1,346.0,random,1,3750,0.661849710982659
reg3,252,9,reg3_m252_s1,346.0,random,1,3800,0.661849710982659
reg3,252,9,reg3_m252_s1,346.0,random,1,3850,0.661849710982659
reg3,252,9,reg3_m252_s1,346.0,random,1,3900,0.661849710982659
reg3,252,9,reg3_m252_s1,346.0,random,1,3950,0.661849710982659
reg3,252,9,reg3_m252_s1,346.0,random,1,4000,0.661849710982659
reg3,252,9,reg3_m252_s1,346.0,random,1,4050,0.661849710982659
reg3,252,9,reg3_m252_s1,346.0,random,1,4100,0.661849710982659
reg3,252,9,reg3_m252_s1,346.0,random,1,4150,0.661849710982659
reg3,252,9,reg3_m252_s1,346.0,random,1,4200,0.661849710982659
reg3,252,9,reg3_m252_s1,346.0,random,1,4250,0.661849710982659
reg3,252,9,reg3_m252_s1,346.0,random,1,4300,0.661849710982659
reg3,252,9,reg3_m252_s1,346.0,random,1,4350,0.661849710982659
reg3,252,9,reg3_m252_s1,346.0,random,1,4400,0.661849710982659
reg3,252,9,reg3_m252_s1,346.0,random,1,4450,0.661849710982659
reg3,252,9,reg3_m252_s1,346.0,random,1,4500,0.661849710982659
reg3,252,9,reg3_m252_s1,346.0,random,1,4550,0.661849710982659
reg3,252,9,reg3_m252_s1,346.0,random,1,4600,0.661849710982659
reg3,252,9,reg3_m252_s1,346.0,random,1,4650,0.661849710982659
reg3,252,9,reg3_m252_s1,346.0,random,1,4700,0.661849710982659
reg3,252,9,reg3_m252_s1,346.0,random,1,4750,0.661849710982659
reg3,252,9,reg3_m252_s1,346.0,random,1,4800,0.661849710982659
reg3,252,9,reg3_m252_s1,346.0,random,1,4850,0.661849710982659
reg3,252,9,reg3_m252_s1,346.0,random,1,4900,0.661849710982659
reg3,252,9,reg3_m252_s1,346.0,random,1,4950,0.661849710982659
reg3,252,9,reg3_m252_s1,346.0,random,1,5000,0.661849710982659
reg3,252,9,reg3_m252_s1,346.0,random,1,5050,0.661849710982659
reg3,252,9,reg3_m252_s1,346.0,random,1,5100,0.661849710982659
reg3,252,9,reg3_m252_s1,346.0,random,1,5150,0.661849710982659
reg3,252,9,reg3_m252_s1,346.0,random,1,5200,0.661849710982659
reg3,252,9,reg3_m252_s1,346.0,random,1,5250,0.661849710982659
reg3,252,9,reg3_m252_s1,346.0,random,1,5300,0.661849710982659
reg3,252,9,reg3_m252_s1,346.0,random,1,5350,0.661849710982659
reg3,252,9,reg3_m252_s1,346.0,random,1,5400,0.661849710982659
reg3,252,9,reg3_m252_s1,346.0,random,1,5450,0.661849710982659
reg3,252,9,reg3_m252_s1,346.0,random,1,5500,0.661849710982659
reg3,252,9,reg3_m252_s1,346.0,random,1,5550,0.661849710982659
reg3,252,9,reg3_m252_s1,346.0,random,1,5600,0.661849710982659
reg3,252,9,reg3_m252_s1,346.0,random,1,5650,0.661849710982659
reg3,252,9,reg3_m252_s1,346.0,random,1,5700,0.661849710982659
reg3,252,9,reg3_m252_s1,346.0,random,1,5750,0.661849710982659
reg3,252,9,reg3_m252_s1,346.0,random,1,5800,0.661849710982659
reg3,252,9,reg3_m252_s1,346.0,random,1,5850,0.661849710982659
reg3,252,9,reg3_m252_s1,346.0,random,1,5900,0.661849710982659
reg3,252,9,reg3_m252_s1,346.0,random,1,5950,0.661849710982659
reg3,252,9,reg3_m252_s1,346.0,random,1,6000,0.661849710982659
reg3,252,9,reg3_m252_s1,346.0,random,1,6050,0.661849710982659
reg3,252,9,reg3_m252_s1,346.0,random,1,6100,0.661849710982659
reg3,252,9,reg3_m252_s1,346.0,random,1,6150,0.661849710982659
reg3,252,9,reg3_m252_s1,346.0,random,1,6200,0.661849710982659
reg3,252,9,reg3_m252_s1,346.0,random,1,6250,0.661849710982659
reg3,252,9,reg3_m252_s1,346.0,random,1,6300,0.661849710982659
reg3,252,9,reg3_m252_s1,346.0,random,1,6350,0.661849710982659
reg3,252,9,reg3_m252_s1,346.0,random,1,6400,0.661849710982659
reg3,252,9,reg3_m252_s1,346.0,random,1,6450,0.661849710982659
reg3,252,9,reg3_m252_s1,346.0,random,1,6500,0.661849710982659
reg3,252,9,reg3_m252_s1,346.0,random,1,6550,0.661849710982659
reg3,252,9,reg3_m252_s1,346.0,random,1,6600,0.661849710982659
reg3,252,9,reg3_m252_s1,346.0,random,1,6650,0.661849710982659
reg3,252,9,reg3_m252_s1,346.0,random,1,6700,0.661849710982659
reg3,252,9,reg3_m252_s1,346.0,random,1,6750,0.661849710982659
reg3,252,9,reg3_m252_s1,346.0,random,1,6800,0.661849710982659
reg3,252,9,reg3_m252_s1,346.0,random,1,6850,0.661849710982659
reg3,252,9,reg3_m252_s1,346.0,random,1,6900,0.661849710982659
reg3,252,9,reg3_m252_s1,346.0,random,1,6950,0.661849710982659
reg3,252,9,reg3_m252_s1,346.0,random,1,7000,0.661849710982659
reg3,252,9,reg3_m252_s1,346.0,random,1,7050,0.661849710982659
reg3,252,9,reg3_m252_s1,346.0,random,1,7100,0.661849710982659
reg3,252,9,reg3_m252_s1,346.0,random,1,7150,0.661849710982659
reg3,252,9,reg3_m252_s1,346.0,random,1,7200,0.661849710982659
reg3,252,9,reg3_m252_s1,346.0,random,1,7250,0.661849710982659
reg3,252,9,reg3_m252_s1,346.0,random,1,7300,0.661849710982659
reg3,252,9,reg3_m252_s1,346.0,random,1,7350,0.661849710982659
reg3,252,9,reg3_m252_s1,346.0,random,1,7400,0.661849710982659
reg3,252,9,reg3_m252_s1,346.0,random,1,7450,0.661849710982659
reg3,252,9,reg3_m252_s1,346.0,random,1,7500,0.661849710982659
reg3,252,9,reg3_m252_s1,346.0,random,1,7550,0.661849710982659
reg3,252,9,reg3_m252_s1,346.0,random,1,7600,0.661849710982659
reg3,252,9,reg3_m252_s1,346.0,random,1,7650,0.661849710982659
reg3,252,9,reg3_m252_s1,346.0,random,1,7700,0.661849710982659
reg3,252,9,reg3_m252_s1,346.0,random,1,7750,0.661849710982659
reg3,252,9,reg3_m252_s1,346.0,random,1,7800,0.661849710982659
reg3,252,9,reg3_m252_s1,346.0,random,1,7850,0.661849710982659
reg3,252,9,reg3_m252_s1,346.0,random,1,7900,0.661849710982659
reg3,252,9,reg3_m252_s1,346.0,random,1,7950,0.661849710982659
reg3,252,9,reg3_m252_s1,346.0,random,1,8000,0.661849710982659
reg3,252,9,reg3_m252_s1,346.0,random,1,8050,0.661849710982659
reg3,252,9,reg3_m252_s1,346.0,random,1,8100,0.661849710982659
reg3,252,9,reg3_m252_s1,346.0,random,1,8150,0.661849710982659
reg3,252,9,reg3_m252_s1,346.0,random,1,8200,0.661849710982659
reg3,252,9,reg3_m252_s1,346.0,random,1,8250,0.661849710982659
reg3,252,9,reg3_m252_s1,346.0,random,1,8300,0.661849710982659
reg3,252,9,reg3_m252_s1,346.0,random,1,8350,0.661849710982659
reg3,252,9,reg3_m252_s1,346.0,random,1,8400,0.661849710982659
reg3,252,9,reg3_m252_s1,346.0,random,1,8450,0.661849710982659
reg3,252,9,reg3_m252_s1,346.0,random,1,8500,0.661849710982659
reg3,252,9,reg3_m252_s1,346.0,random,1,8550,0.661849710982659
reg3,252,9,reg3_m252_s1,346.0,random,1,8600,0.661849710982659
reg3,252,9,reg3_m252_s1,346.0,random,1,8650,0.661849710982659
reg3,252,9,reg3_m252_s1,346.0,random,1,8700,0.661849710982659
reg3,252,9,reg3_m252_s1,346.0,random,1,8750,0.661849710982659
reg3,252,9,reg3_m252_s1,346.0,random,1,8800,0.661849710982659
reg3,252,9,reg3_m252_s1,346.0,random,1,8850,0.661849710982659
reg3,252,9,reg3_m252_s1,346.0,random,1,8900,0.661849710982659
reg3,252,9,reg3_m252_s1,346.0,random,1,8950,0.661849710982659
reg3,252,9,reg3_m252_s1,346.0,random,1,9000,0.661849710982659
reg3,252,9,reg3_m252_s1,346.0,random,1,9050,0.661849710982659
reg3,252,9,reg3_m252_s1,346.0,random,1,9100,0.661849710982659
reg3,252,9,reg3_m252_s1,346.0,random,1,9150,0.661849710982659
reg3,252,9,reg3_m252_s1,346.0,random,1,9200,0.661849710982659
reg3,252,9,reg3_m252_s1,346.0,random,1,9250,0.661849710982659
reg3,252,9,reg3_m252_s1,346.0,random,1,9300,0.661849710982659
reg3,252,9,reg3_m252_s1,346.0,random,1,9350,0.661849710982659
reg3,252,9,reg3_m252_s1,346.0,random,1,9400,0.661849710982659
reg3,252,9,reg3_m252_s1,346.0,random,1,9450,0.661849710982659
reg3,252,9,reg3_m252_s1,346.0,random,1,9500,0.661849710982659
reg3,252,9,reg3_m252_s1,346.0,random,1,9550,0.661849710982659
reg3,252,9,reg3_m252_s1,346.0,random,1,9600,0.661849710982659
reg3,252,9,reg3_m252_s1,346.0,random,1,9650,0.661849710982659
reg3,252,9,reg3_m252_s1,346.0,random,1,9700,0.661849710982659
reg3,252,9,reg3_m252_s1,346.0,random,1,9750,0.661849710982659
reg3,252,9,reg3_m252_s1,346.0,random,1,9800,0.661849710982659
reg3,252,9,reg3_m252_s1,346.0,random,1,9850,0.661849710982659
reg3,252,9,reg3_m252_s1,346.0,random,1,9900,0.661849710982659
reg3,252,9,reg3_m252_s1,346.0,random,1,9950,0.661849710982659
reg3,252,9,reg3_m252_s1,346.0,random,1,10000,0.661849710982659
reg3,252,9,reg3_m252_s1,346.0,random,1,10050,0.661849710982659
reg3,252,9,reg3_m252_s1,346.0,random,1,10100,0.661849710982659
reg3,252,9,reg3_m252_s1,346.0,random,1,10150,0.661849710982659
reg3,252,9,reg3_m252_s1,346.0,random,1,10200,0.661849710982659
reg3,252,9,reg3_m252_s1,346.0,random,1,10250,0.661849710982659
reg3,252,9,reg3_m252_s1,346.0,random,1,10300,0.661849710982659
reg3,252,9,reg3_m252_s1,346.0,random,1,10350,0.661849710982659
reg3,252,9,reg3_m252_s1,346.0,random,1,10400,0.661849710982659
reg3,252,9,reg3_m252_s1,346.0,random,1,10450,0.661849710982659
reg3,252,9,reg3_m252_s1,346.0,random,1,10500,0.661849710982659
reg3,252,9,reg3_m252_s1,346.0,random,1,10550,0.661849710982659
reg3,252,9,reg3_m252_s1,346.0,random,1,10600,0.661849710982659
reg3,252,9,reg3_m252_s1,346.0,random,1,10650,0.661849710982659
reg3,252,9,reg3_m252_s1,346.0,random,1,10700,0.661849710982659
reg3,252,9,reg3_m252_s1,346.0,random,1,10750,0.661849710982659
reg3,252,9,reg3_m252_s1,346.0,random,1,10800,0.661849710982659
reg3,252,9,reg3_m252_s1,346.0,random,1,10850,0.661849710982659
reg3,252,9,reg3_m252_s1,346.0,random,1,10900,0.661849710982659
reg3,252,9,reg3_m252_s1,346.0,random,1,10950,0.661849710982659
reg3,252,9,reg3_m252_s1,346.0,random,1,11000,0.661849710982659
reg3,252,9,reg3_m252_s1,346.0,random,1,11050,0.661849710982659
reg3,252,9,reg3_m252_s1,346.0,random,1,11100,0.661849710982659
reg3,252,9,reg3_m252_s1,346.0,random,1,11150,0.661849710982659
reg3,252,9,reg3_m252_s1,346.0,random,1,11200,0.661849710982659
reg3,252,9,reg3_m252_s1,346.0,random,1,11250,0.661849710982659
reg3,252,9,reg3_m252_s1,346.0,random,1,11300,0.661849710982659
reg3,252,9,reg3_m252_s1,346.0,random,1,11350,0.661849710982659
reg3,252,9,reg3_m252_s1,346.0,random,1,11400,0.661849710982659
reg3,252,9,reg3_m252_s1,346.0,random,1,11450,0.661849710982659
reg3,252,9,reg3_m252_s1,346.0,random,1,11500,0.661849710982659
reg3,252,9,reg3_m252_s1,346.0,random,1,11550,0.661849710982659
reg3,252,9,reg3_m252_s1,346.0,random,1,11600,0.661849710982659
reg3,252,9,reg3_m252_s1,346.0,random,1,11650,0.661849710982659
reg3,252,9,reg3_m252_s1,346.0,random,1,11700,0.661849710982659
reg3,252,9,reg3_m252_s1,346.0,random,1,11750,0.661849710982659
reg3,252,9,reg3_m252_s1,346.0,random,1,11800,0.661849710982659
reg3,252,9,reg3_m252_s1,346.0,random,1,11850,0.661849710982659
reg3,252,9,reg3_m252_s1,346.0,random,1,11900,0.661849710982659
reg3,252,9,reg3_m252_s1,346.0,random,1,11950,0.661849710982659
reg3,252,9,reg3_m252_s1,346.0,random,1,12000,0.661849710982659
reg3,252,9,reg3_m252_s1,346.0,random,1,12050,0.661849710982659
reg3,252,9,reg3_m252_s1,346.0,random,1,12100,0.661849710982659
reg3,252,9,reg3_m252_s1,346.0,random,1,12150,0.661849710982659
reg3,252,9,reg3_m252_s1,346.0,random,1,12200,0.661849710982659
reg3,252,9,reg3_m252_s1,346.0,random,1,12250,0.661849710982659
reg3,252,9,reg3_m252_s1,346.0,random,1,12300,0.661849710982659
reg3,252,9,reg3_m252_s1,346.0,random,1,12350,0.661849710982659
reg3,252,9,reg3_m252_s1,346.0,random,1,12400,0.661849710982659
reg3,252,9,reg3_m252_s1,346.0,random,1,12450,0.661849710982659
reg3,252,9,reg3_m252_s1,346.0,random,1,12500,0.661849710982659
reg3,252,9,reg3_m252_s1,346.0,random,1,12550,0.661849710982659
reg3,252,9,reg3_m252_s1,346.0,random,1,12600,0.661849710982659
reg3,252,9,reg3_m252_s1,346.0,random,1,12650,0.661849710982659
reg3,252,9,reg3_m252_s1,346.0,random,1,12700,0.661849710982659
reg3,252,9,reg3_m252_s1,346.0,random,1,12750,0.661849710982659
reg3,252,9,reg3_m252_s1,346.0,random,1,12800,0.661849710982659
reg3,252,9,reg3_m252_s1,346.0,random,1,12850,0.661849710982659
reg3,252,9,reg3_m252_s1,346.0,random,1,12900,0.661849710982659
reg3,252,9,reg3_m252_s1,346.0,random,1,12950,0.661849710982659
reg3,252,9,reg3_m252_s1,346.0,random,1,13000,0.661849710982659
reg3,252,9,reg3_m252_s1,346.0,random,1,13050,0.661849710982659
reg3,252,9,reg3_m252_s1,346.0,random,1,13100,0.661849710982659
reg3,252,9,reg3_m252_s1,346.0,random,1,13150,0.661849710982659
reg3,252,9,reg3_m252_s1,346.0,random,1,13200,0.661849710982659
reg3,252,9,reg3_m252_s1,346.0,random,1,13250,0.661849710982659
reg3,252,9,reg3_m252_s1,346.0,random,1,13300,0.661849710982659
reg3,252,9,reg3_m252_s1,346.0,random,1,13350,0.661849710982659
reg3,252,9,reg3_m252_s1,346.0,random,1,13400,0.661849710982659
reg3,252,9,reg3_m252_s1,346.0,random,1,13450,0.661849710982659
reg3,252,9,reg3_m252_s1,346.0,random,1,13500,0.661849710982659
reg3,252,9,reg3_m252_s1,346.0,random,1,13550,0.661849710982659
reg3,252,9,reg3_m252_s1,346.0,random,1,13600,0.661849710982659
reg3,252,9,reg3_m252_s1,346.0,random,1,13650,0.6763005780346821
reg3,252,9,reg3_m252_s1,346.0,random,1,13700,0.6763005780346821
reg3,252,9,reg3_m252_s1,346.0,random,1,13750,0.6763005780346821
reg3,252,9,reg3_m252_s1,346.0,random,1,13800,0.6763005780346821
reg3,252,9,reg3_m252_s1,346.0,random,1,13850,0.6763005780346821
reg3,252,9,reg3_m252_s1,346.0,random,1,13900,0.6763005780346821
reg3,252,9,reg3_m252_s1,346.0,random,1,13950,0.6763005780346821
reg3,252,9,reg3_m252_s1,346.0,random,1,14000,0.6763005780346821
reg3,252,9,reg3_m252_s1,346.0,random,1,14050,0.6763005780346821
reg3,252,9,reg3_m252_s1,346.0,random,1,14100,0.6763005780346821
reg3,252,9,reg3_m252_s1,346.0,random,1,14150,0.6763005780346821
reg3,252,9,reg3_m252_s1,346.0,random,1,14200,0.6763005780346821
reg3,252,9,reg3_m252_s1,346.0,random,1,14250,0.6763005780346821
reg3,252,9,reg3_m252_s1,346.0,random,1,14300,0.6763005780346821
reg3,252,9,reg3_m252_s1,346.0,random,1,14350,0.6763005780346821
reg3,252,9,reg3_m252_s1,346.0,random,1,14400,0.6763005780346821
reg3,252,9,reg3_m252_s1,346.0,random,1,14450,0.6763005780346821
reg3,252,9,reg3_m252_s1,346.0,random,1,14500,0.6763005780346821
reg3,252,9,reg3_m252_s1,346.0,random,1,14550,0.6763005780346821
reg3,252,9,reg3_m252_s1,346.0,random,1,14600,0.6763005780346821
reg3,252,9,reg3_m252_s1,346.0,random,1,14650,0.6763005780346821
reg3,252,9,reg3_m252_s1,346.0,random,1,14700,0.6763005780346821
reg3,252,9,reg3_m252_s1,346.0,random,1,14750,0.6763005780346821
reg3,252,9,reg3_m252_s1,346.0,random,1,14800,0.6763005780346821
reg3,252,9,reg3_m252_s1,346.0,random,1,14850,0.6763005780346821
reg3,252,9,reg3_m252_s1,346.0,random,1,14900,0.6763005780346821
reg3,252,9,reg3_m252_s1,346.0,random,1,14950,0.6763005780346821
reg3,252,9,reg3_m252_s1,346.0,random,1,15000,0.6763005780346821
reg3,252,9,reg3_m252_s1,346.0,random,1,15050,0.6763005780346821
reg3,252,9,reg3_m252_s1,346.0,random,1,15100,0.6763005780346821
reg3,252,9,reg3_m252_s1,346.0,random,1,15150,0.6763005780346821
reg3,252,9,reg3_m252_s1,346.0,random,1,15200,0.6763005780346821
reg3,252,9,reg3_m252_s1,346.0,random,1,15250,0.6763005780346821
reg3,252,9,reg3_m252_s1,346.0,random,1,15300,0.6763005780346821
reg3,252,9,reg3_m252_s1,346.0,random,1,15350,0.6763005780346821
reg3,252,9,reg3_m252_s1,346.0,random,1,15400,0.6763005780346821
reg3,252,9,reg3_m252_s1,346.0,random,1,15450,0.6763005780346821
reg3,252,9,reg3_m252_s1,346.0,random,1,15500,0.6763005780346821
reg3,252,9,reg3_m252_s1,346.0,random,1,15550,0.6763005780346821
reg3,252,9,reg3_m252_s1,346.0,random,1,15600,0.6763005780346821
reg3,252,9,reg3_m252_s1,346.0,random,1,15650,0.6763005780346821
reg3,252,9,reg3_m252_s1,346.0,random,1,15700,0.6763005780346821
reg3,252,9,reg3_m252_s1,346.0,random,1,15750,0.6763005780346821
reg3,252,9,reg3_m252_s1,346.0,random,1,15800,0.6763005780346821
reg3,252,9,reg3_m252_s1,346.0,random,1,15850,0.6763005780346821
reg3,252,9,reg3_m252_s1,346.0,random,1,15900,0.6763005780346821
reg3,252,9,reg3_m252_s1,346.0,random,1,15950,0.6763005780346821
reg3,252,9,reg3_m252_s1,346.0,random,1,16000,0.6763005780346821
reg3,252,9,reg3_m252_s1,346.0,random,1,16050,0.6763005780346821
reg3,252,9,reg3_m252_s1,346.0,random,1,16100,0.6763005780346821
reg3,252,9,reg3_m252_s1,346.0,random,1,16150,0.6763005780346821
reg3,252,9,reg3_m252_s1,346.0,random,1,16200,0.6763005780346821
reg3,252,9,reg3_m252_s1,346.0,random,1,16250,0.6763005780346821
reg3,252,9,reg3_m252_s1,346.0,random,1,16300,0.6763005780346821
reg3,252,9,reg3_m252_s1,346.0,random,1,16350,0.6763005780346821
reg3,252,9,reg3_m252_s1,346.0,random,1,16400,0.6763005780346821
reg3,252,9,reg3_m252_s1,346.0,random,1,16450,0.6763005780346821
reg3,252,9,reg3_m252_s1,346.0,random,1,16500,0.6763005780346821
reg3,252,9,reg3_m252_s1,346.0,random,1,16550,0.6763005780346821
reg3,252,9,reg3_m252_s1,346.0,random,1,16600,0.6763005780346821
reg3,252,9,reg3_m252_s1,346.0,random,1,16650,0.6763005780346821
reg3,252,9,reg3_m252_s1,346.0,random,1,16700,0.6763005780346821
reg3,252,9,reg3_m252_s1,346.0,random,1,16750,0.6763005780346821
reg3,252,9,reg3_m252_s1,346.0,random,1,16800,0.6763005780346821
reg3,252,9,reg3_m252_s1,346.0,random,1,16850,0.6763005780346821
reg3,252,9,reg3_m252_s1,346.0,random,1,16900,0.6763005780346821
reg3,252,9,reg3_m252_s1,346.0,random,1,16950,0.6763005780346821
reg3,252,9,reg3_m252_s1,346.0,random,1,17000,0.6763005780346821
reg3,252,9,reg3_m252_s1,346.0,random,1,17050,0.6763005780346821
reg3,252,9,reg3_m252_s1,346.0,random,1,17100,0.6763005780346821
reg3,252,9,reg3_m252_s1,346.0,random,1,17150,0.6763005780346821
reg3,252,9,reg3_m252_s1,346.0,random,1,17200,0.6763005780346821
reg3,252,9,reg3_m252_s1,346.0,random,1,17250,0.6763005780346821
reg3,252,9,reg3_m252_s1,346.0,random,1,17300,0.6763005780346821
reg3,252,9,reg3_m252_s1,346.0,random,1,17350,0.6763005780346821
reg3,252,9,reg3_m252_s1,346.0,random,1,17400,0.6763005780346821
reg3,252,9,reg3_m252_s1,346.0,random,1,17450,0.6763005780346821
reg3,252,9,reg3_m252_s1,346.0,random,1,17500,0.6763005780346821
reg3,252,9,reg3_m252_s1,346.0,random,1,17550,0.6763005780346821
reg3,252,9,reg3_m252_s1,346.0,random,1,17600,0.6763005780346821
reg3,252,9,reg3_m252_s1,346.0,random,1,17650,0.6763005780346821
reg3,252,9,reg3_m252_s1,346.0,random,1,17700,0.6763005780346821
reg3,252,9,reg3_m252_s1,346.0,random,1,17750,0.6763005780346821
reg3,252,9,reg3_m252_s1,346.0,random,1,17800,0.6763005780346821
reg3,252,9,reg3_m252_s1,346.0,random,1,17850,0.6763005780346821
reg3,252,9,reg3_m252_s1,346.0,random,1,17900,0.6763005780346821
reg3,252,9,reg3_m252_s1,346.0,random,1,17950,0.6763005780346821
reg3,252,9,reg3_m252_s1,346.0,random,1,18000,0.6763005780346821
reg3,252,9,reg3_m252_s1,346.0,random,1,18050,0.6763005780346821
reg3,252,9,reg3_m252_s1,346.0,random,1,18100,0.6763005780346821
reg3,252,9,reg3_m252_s1,346.0,random,1,18150,0.6763005780346821
reg3,252,9,reg3_m252_s1,346.0,random,1,18200,0.6763005780346821
reg3,252,9,reg3_m252_s1,346.0,random,1,18250,0.6763005780346821
reg3,252,9,reg3_m252_s1,346.0,random,1,18300,0.6763005780346821
reg3,252,9,reg3_m252_s1,346.0,random,1,18350,0.6763005780346821
reg3,252,9,reg3_m252_s1,346.0,random,1,18400,0.6763005780346821
reg3,252,9,reg3_m252_s1,346.0,random,1,18450,0.6763005780346821
reg3,252,9,reg3_m252_s1,346.0,random,1,18500,0.6763005780346821
reg3,252,9,reg3_m252_s1,346.0,random,1,18550,0.6763005780346821
reg3,252,9,reg3_m252_s1,346.0,random,1,18600,0.6763005780346821
reg3,252,9,reg3_m252_s1,346.0,random,1,18650,0.6763005780346821
reg3,252,9,reg3_m252_s1,346.0,random,1,18700,0.6763005780346821
reg3,252,9,reg3_m252_s1,346.0,random,1,18750,0.6763005780346821
reg3,252,9,reg3_m252_s1,346.0,random,1,18800,0.6763005780346821
reg3,252,9,reg3_m252_s1,346.0,random,1,18850,0.6763005780346821
reg3,252,9,reg3_m252_s1,346.0,random,1,18900,0.6763005780346821
reg3,252,9,reg3_m252_s1,346.0,random,1,18950,0.6763005780346821
reg3,252,9,reg3_m252_s1,346.0,random,1,19000,0.6763005780346821
reg3,252,9,reg3_m252_s1,346.0,random,1,19050,0.6763005780346821
reg3,252,9,reg3_m252_s1,346.0,random,1,19100,0.6763005780346821
reg3,252,9,reg3_m252_s1,346.0,random,1,19150,0.6763005780346821
reg3,252,9,reg3_m252_s1,346.0,random,1,19200,0.6763005780346821
reg3,252,9,reg3_m252_s1,346.0,random,1,19250,0.6763005780346821
reg3,252,9,reg3_m252_s1,346.0,random,1,19300,0.6763005780346821
reg3,252,9,reg3_m252_s1,346.0,random,1,19350,0.6763005780346821
reg3,252,9,reg3_m252_s1,346.0,random,1,19400,0.6763005780346821
reg3,252,9,reg3_m252_s1,346.0,random,1,19450,0.6763005780346821
reg3,252,9,reg3_m252_s1,346.0,random,1,19500,0.6763005780346821
reg3,252,9,reg3_m252_s1,346.0,random,1,19550,0.6763005780346821
reg3,252,9,reg3_m252_s1,346.0,random,1,19600,0.6763005780346821
reg3,252,9,reg3_m252_s1,346.0,random,1,19650,0.6763005780346821
reg3,252,9,reg3_m252_s1,346.0,random,1,19700,0.6763005780346821
reg3,252,9,reg3_m252_s1,346.0,random,1,19750,0.6763005780346821
reg3,252,9,reg3_m252_s1,346.0,random,1,19800,0.6763005780346821
reg3,252,9,reg3_m252_s1,346.0,random,1,19850,0.6763005780346821
reg3,252,9,reg3_m252_s1,346.0,random,1,19900,0.6763005780346821
reg3,252,9,reg3_m252_s1,346.0,random,1,19950,0.6763005780346821
reg3,252,9,reg3_m252_s1,346.0,random,1,20000,0.6763005780346821
reg3,252,9,reg3_m252_s1,346.0,pce_vqa_L4,0,169,0.569364161849711
reg3,252,9,reg3_m252_s1,346.0,pce_vqa_L4,0,338,0.5895953757225434
reg3,252,9,reg3_m252_s1,346.0,pce_vqa_L4,0,507,0.5838150289017341
reg3,252,9,reg3_m252_s1,346.0,pce_vqa_L4,0,676,0.6069364161849711
reg3,252,9,reg3_m252_s1,346.0,pce_vqa_L4,0,845,0.615606936416185
reg3,252,9,reg3_m252_s1,346.0,pce_vqa_L4,0,1014,0.615606936416185
reg3,252,9,reg3_m252_s1,346.0,pce_vqa_L4,0,1183,0.615606936416185
reg3,252,9,reg3_m252_s1,346.0,pce_vqa_L4,0,1521,0.6242774566473989
reg3,252,9,reg3_m252_s1,346.0,pce_vqa_L4,0,1690,0.6271676300578035
reg3,252,9,reg3_m252_s1,346.0,pce_vqa_L4,0,2197,0.6560693641618497
reg3,252,9,reg3_m252_s1,346.0,pce_vqa_L4,0,2535,0.6560693641618497
reg3,252,9,reg3_m252_s1,346.0,pce_vqa_L4,0,3211,0.6676300578034682
reg3,252,9,reg3_m252_s1,346.0,pce_vqa_L4,0,3887,0.6647398843930635
reg3,252,9,reg3_m252_s1,346.0,pce_vqa_L4,0,4563,0.6445086705202312
reg3,252,9,reg3_m252_s1,346.0,pce_vqa_L4,0,5577,0.6473988439306358
reg3,252,9,reg3_m252_s1,346.0,pce_vqa_L4,0,6929,0.6647398843930635
reg3,252,9,reg3_m252_s1,346.0,pce_vqa_L4,0,8281,0.6820809248554913
reg3,252,9,reg3_m252_s1,346.0,pce_vqa_L4,0,10140,0.6763005780346821
reg3,252,9,reg3_m252_s1,346.0,pce_vqa_L4,0,12337,0.6965317919075145
reg3,252,9,reg3_m252_s1,346.0,pce_vqa_L4,0,14872,0.6965317919075145
reg3,252,9,reg3_m252_s1,346.0,pce_vqa_L4,0,18083,0.6965317919075145
reg3,252,9,reg3_m252_s1,346.0,pce_vqa_L4,0,22139,0.6965317919075145
reg3,252,9,reg3_m252_s1,346.0,pce_vqa_L4,0,26871,0.7109826589595376
reg3,252,9,reg3_m252_s1,346.0,pce_vqa_L4,0,32617,0.7109826589595376
reg3,252,9,reg3_m252_s1,346.0,pce_vqa_L4,0,39546,0.7196531791907514
reg3,252,9,reg3_m252_s1,346.0,pce_vqa_L4,0,48165,0.7196531791907514
reg3,252,9,reg3_m252_s1,346.0,pce_vqa_L4,0,58474,0.7196531791907514
reg3,252,9,reg3_m252_s1,346.0,pce_vqa_L4,0,71149,0.7196531791907514
reg3,252,9,reg3_m252_s1,346.0,pce_vqa_L4,0,86359,0.7312138728323699
reg3,252,9,reg3_m252_s1,346.0,pce_vqa_L4,0,104949,0.7427745664739884
reg3,252,9,reg3_m252_s1,346.0,pce_vqa_L4,0,127595,0.7456647398843931
reg3,252,9,reg3_m252_s1,346.0,pce_vqa_L4,0,154973,0.7543352601156069
reg3,252,9,reg3_m252_s1,346.0,pce_vqa_L4,0,188435,0.7514450867052023
reg3,252,9,reg3_m252_s1,346.0,pce_vqa_L4,0,228826,0.7514450867052023
reg3,252,9,reg3_m252_s1,346.0,pce_vqa_L4,0,244036,0.7514450867052023
reg3,252,9,reg3_m252_s1,346.0,pce_vqa_L4,1,169,0.5115606936416185
reg3,252,9,reg3_m252_s1,346.0,pce_vqa_L4,1,338,0.5115606936416185
reg3,252,9,reg3_m252_s1,346.0,pce_vqa_L4,1,507,0.5404624277456648
reg3,252,9,reg3_m252_s1,346.0,pce_vqa_L4,1,676,0.5722543352601156
reg3,252,9,reg3_m252_s1,346.0,pce_vqa_L4,1,845,0.5751445086705202
reg3,252,9,reg3_m252_s1,346.0,pce_vqa_L4,1,1014,0.5751445086705202
reg3,252,9,reg3_m252_s1,346.0,pce_vqa_L4,1,1183,0.6098265895953757
reg3,252,9,reg3_m252_s1,346.0,pce_vqa_L4,1,1521,0.630057803468208
reg3,252,9,reg3_m252_s1,346.0,pce_vqa_L4,1,1690,0.6213872832369942
reg3,252,9,reg3_m252_s1,346.0,pce_vqa_L4,1,2197,0.6647398843930635
reg3,252,9,reg3_m252_s1,346.0,pce_vqa_L4,1,2535,0.6734104046242775
reg3,252,9,reg3_m252_s1,346.0,pce_vqa_L4,1,3211,0.6647398843930635
reg3,252,9,reg3_m252_s1,346.0,pce_vqa_L4,1,3887,0.6647398843930635
reg3,252,9,reg3_m252_s1,346.0,pce_vqa_L4,1,4563,0.6647398843930635
reg3,252,9,reg3_m252_s1,346.0,pce_vqa_L4,1,5577,0.6647398843930635
reg3,252,9,reg3_m252_s1,346.0,pce_vqa_L4,1,6929,0.6560693641618497
reg3,252,9,reg3_m252_s1,346.0,pce_vqa_L4,1,8281,0.6734104046242775
reg3,252,9,reg3_m252_s1,346.0,pce_vqa_L4,1,10140,0.6763005780346821
reg3,252,9,reg3_m252_s1,346.0,pce_vqa_L4,1,12337,0.6878612716763006
reg3,252,9,reg3_m252_s1,346.0,pce_vqa_L4,1,14872,0.6878612716763006
reg3,252,9,reg3_m252_s1,346.0,pce_vqa_L4,1,18083,0.684971098265896
reg3,252,9,reg3_m252_s1,346.0,pce_vqa_L4,1,22139,0.684971098265896
reg3,252,9,reg3_m252_s1,346.0,pce_vqa_L4,1,26871,0.6878612716763006
reg3,252,9,reg3_m252_s1,346.0,pce_vqa_L4,1,32617,0.684971098265896
reg3,252,9,reg3_m252_s1,346.0,pce_vqa_L4,1,39546,0.6936416184971098
reg3,252,9,reg3_m252_s1,346.0,pce_vqa_L4,1,48165,0.708092485549133
reg3,252,9,reg3_m252_s1,346.0,pce_vqa_L4,1,58474,0.7109826589595376
reg3,252,9,reg3_m252_s1,346.0,pce_vqa_L4,1,71149,0.7196531791907514
reg3,252,9,reg3_m252_s1,346.0,pce_vqa_L4,1,86359,0.7109826589595376
reg3,252,9,reg3_m252_s1,346.0,pce_vqa_L4,1,104949,0.7167630057803468
reg3,252,9,reg3_m252_s1,346.0,pce_vqa_L4,1,127595,0.7283236994219653
reg3,252,9,reg3_m252_s1,346.0,pce_vqa_L4,1,154973,0.7283236994219653
reg3,252,9,reg3_m252_s1,346.0,pce_vqa_L4,1,188435,0.7341040462427746
reg3,252,9,reg3_m252_s1,346.0,pce_vqa_L4,1,228826,0.7341040462427746
reg3,252,9,reg3_m252_s1,346.0,pce_vqa_L4,1,278174,0.7716763005780347
reg3,252,9,reg3_m252_s1,346.0,pce_vqa_L4,1,317889,0.7687861271676301
reg3,252,9,reg3_m252_s1,346.0,pce_vqa_L8,0,337,0.5953757225433526
reg3,252,9,reg3_m252_s1,346.0,pce_vqa_L8,0,674,0.5895953757225434
reg3,252,9,reg3_m252_s1,346.0,pce_vqa_L8,0,1011,0.6184971098265896
reg3,252,9,reg3_m252_s1,346.0,pce_vqa_L8,0,1348,0.6213872832369942
reg3,252,9,reg3_m252_s1,346.0,pce_vqa_L8,0,1685,0.6213872832369942
reg3,252,9,reg3_m252_s1,346.0,pce_vqa_L8,0,2022,0.6358381502890174
reg3,252,9,reg3_m252_s1,346.0,pce_vqa_L8,0,2359,0.653179190751445
reg3,252,9,reg3_m252_s1,346.0,pce_vqa_L8,0,3033,0.6416184971098265
reg3,252,9,reg3_m252_s1,346.0,pce_vqa_L8,0,3370,0.6445086705202312
reg3,252,9,reg3_m252_s1,346.0,pce_vqa_L8,0,4381,0.6791907514450867
reg3,252,9,reg3_m252_s1,346.0,pce_vqa_L8,0,5055,0.684971098265896
reg3,252,9,reg3_m252_s1,346.0,pce_vqa_L8,0,6403,0.6820809248554913
reg3,252,9,reg3_m252_s1,346.0,pce_vqa_L8,0,7751,0.684971098265896
reg3,252,9,reg3_m252_s1,346.0,pce_vqa_L8,0,9099,0.684971098265896
reg3,252,9,reg3_m252_s1,346.0,pce_vqa_L8,0,11121,0.6878612716763006
reg3,252,9,reg3_m252_s1,346.0,pce_vqa_L8,0,13817,0.6820809248554913
reg3,252,9,reg3_m252_s1,346.0,pce_vqa_L8,0,16513,0.6820809248554913
reg3,252,9,reg3_m252_s1,346.0,pce_vqa_L8,0,20220,0.6994219653179191
reg3,252,9,reg3_m252_s1,346.0,pce_vqa_L8,0,24601,0.7023121387283237
reg3,252,9,reg3_m252_s1,346.0,pce_vqa_L8,0,29656,0.7138728323699421
reg3,252,9,reg3_m252_s1,346.0,pce_vqa_L8,0,36059,0.7138728323699421
reg3,252,9,reg3_m252_s1,346.0,pce_vqa_L8,0,44147,0.7254335260115607
reg3,252,9,reg3_m252_s1,346.0,pce_vqa_L8,0,53583,0.7283236994219653
reg3,252,9,reg3_m252_s1,346.0,pce_vqa_L8,0,65041,0.7398843930635838
reg3,252,9,reg3_m252_s1,346.0,pce_vqa_L8,0,78858,0.7543352601156069
reg3,252,9,reg3_m252_s1,346.0,pce_vqa_L8,0,96045,0.7658959537572254
reg3,252,9,reg3_m252_s1,346.0,pce_vqa_L8,0,116602,0.7716763005780347
reg3,252,9,reg3_m252_s1,346.0,pce_vqa_L8,0,141877,0.7832369942196532
reg3,252,9,reg3_m252_s1,346.0,pce_vqa_L8,0,172207,0.7861271676300579
reg3,252,9,reg3_m252_s1,346.0,pce_vqa_L8,0,209277,0.8063583815028902
reg3,252,9,reg3_m252_s1,346.0,pce_vqa_L8,0,254435,0.8063583815028902
reg3,252,9,reg3_m252_s1,346.0,pce_vqa_L8,0,309029,0.8034682080924855
reg3,252,9,reg3_m252_s1,346.0,pce_vqa_L8,0,375755,0.8063583815028902
reg3,252,9,reg3_m252_s1,346.0,pce_vqa_L8,0,456298,0.8265895953757225
reg3,252,9,reg3_m252_s1,346.0,pce_vqa_L8,0,554702,0.8294797687861272
reg3,252,9,reg3_m252_s1,346.0,pce_vqa_L8,0,674000,0.8497109826589595
reg3,252,9,reg3_m252_s1,346.0,pce_vqa_L8,1,337,0.5780346820809249
reg3,252,9,reg3_m252_s1,346.0,pce_vqa_L8,1,674,0.5895953757225434
reg3,252,9,reg3_m252_s1,346.0,pce_vqa_L8,1,1011,0.5953757225433526
reg3,252,9,reg3_m252_s1,346.0,pce_vqa_L8,1,1348,0.5982658959537572
reg3,252,9,reg3_m252_s1,346.0,pce_vqa_L8,1,1685,0.615606936416185
reg3,252,9,reg3_m252_s1,346.0,pce_vqa_L8,1,2022,0.6184971098265896
reg3,252,9,reg3_m252_s1,346.0,pce_vqa_L8,1,2359,0.630057803468208
reg3,252,9,reg3_m252_s1,346.0,pce_vqa_L8,1,3033,0.6213872832369942
reg3,252,9,reg3_m252_s1,346.0,pce_vqa_L8,1,3370,0.615606936416185
reg3,252,9,reg3_m252_s1,346.0,pce_vqa_L8,1,4381,0.615606936416185
reg3,252,9,reg3_m252_s1,346.0,pce_vqa_L8,1,5055,0.630057803468208
reg3,252,9,reg3_m252_s1,346.0,pce_vqa_L8,1,6403,0.6213872832369942
reg3,252,9,reg3_m252_s1,346.0,pce_vqa_L8,1,7751,0.6502890173410405
reg3,252,9,reg3_m252_s1,346.0,pce_vqa_L8,1,9099,0.6445086705202312
reg3,252,9,reg3_m252_s1,346.0,pce_vqa_L8,1,11121,0.6734104046242775
reg3,252,9,reg3_m252_s1,346.0,pce_vqa_L8,1,13817,0.6791907514450867
reg3,252,9,reg3_m252_s1,346.0,pce_vqa_L8,1,16513,0.6878612716763006
reg3,252,9,reg3_m252_s1,346.0,pce_vqa_L8,1,20220,0.7138728323699421
reg3,252,9,reg3_m252_s1,346.0,pce_vqa_L8,1,24601,0.7369942196531792
reg3,252,9,reg3_m252_s1,346.0,pce_vqa_L8,1,29656,0.7398843930635838
reg3,252,9,reg3_m252_s1,346.0,pce_vqa_L8,1,36059,0.7369942196531792
reg3,252,9,reg3_m252_s1,346.0,pce_vqa_L8,1,44147,0.7398843930635838
reg3,252,9,reg3_m252_s1,346.0,pce_vqa_L8,1,53583,0.7427745664739884
reg3,252,9,reg3_m252_s1,346.0,pce_vqa_L8,1,65041,0.7658959537572254
reg3,252,9,reg3_m252_s1,346.0,pce_vqa_L8,1,78858,0.7803468208092486
reg3,252,9,reg3_m252_s1,346.0,pce_vqa_L8,1,96045,0.7774566473988439
reg3,252,9,reg3_m252_s1,346.0,pce_vqa_L8,1,116602,0.7774566473988439
reg3,252,9,reg3_m252_s1,346.0,pce_vqa_L8,1,141877,0.7890173410404624
reg3,252,9,reg3_m252_s1,346.0,pce_vqa_L8,1,172207,0.7890173410404624
reg3,252,9,reg3_m252_s1,346.0,pce_vqa_L8,1,209277,0.7947976878612717
reg3,252,9,reg3_m252_s1,346.0,pce_vqa_L8,1,254435,0.8063583815028902
reg3,252,9,reg3_m252_s1,346.0,pce_vqa_L8,1,309029,0.8121387283236994
reg3,252,9,reg3_m252_s1,346.0,pce_vqa_L8,1,375755,0.7947976878612717
reg3,252,9,reg3_m252_s1,346.0,pce_vqa_L8,1,456298,0.7976878612716763
reg3,252,9,reg3_m252_s1,346.0,pce_vqa_L8,1,554702,0.8034682080924855
reg3,252,9,reg3_m252_s1,346.0,pce_vqa_L8,1,674000,0.8092485549132948
er4,60,6,er4_m60_s0,99.0,genpce_es,0,10,0.5757575757575758
er4,60,6,er4_m60_s0,99.0,genpce_es,0,60,0.7070707070707071
er4,60,6,er4_m60_s0,99.0,genpce_es,0,110,0.7474747474747475
er4,60,6,er4_m60_s0,99.0,genpce_es,0,160,0.7474747474747475
er4,60,6,er4_m60_s0,99.0,genpce_es,0,210,0.8282828282828283
er4,60,6,er4_m60_s0,99.0,genpce_es,0,260,0.797979797979798
er4,60,6,er4_m60_s0,99.0,genpce_es,0,310,0.797979797979798
er4,60,6,er4_m60_s0,99.0,genpce_es,0,360,0.797979797979798
er4,60,6,er4_m60_s0,99.0,genpce_es,0,410,0.797979797979798
er4,60,6,er4_m60_s0,99.0,genpce_es,0,460,0.797979797979798
er4,60,6,er4_m60_s0,99.0,genpce_es,0,510,0.797979797979798
er4,60,6,er4_m60_s0,99.0,genpce_es,0,560,0.797979797979798
er4,60,6,er4_m60_s0,99.0,genpce_es,0,610,0.8181818181818182
er4,60,6,er4_m60_s0,99.0,genpce_es,0,660,0.8181818181818182
er4,60,6,er4_m60_s0,99.0,genpce_es,0,710,0.8282828282828283
er4,60,6,er4_m60_s0,99.0,genpce_es,0,760,0.8282828282828283
er4,60,6,er4_m60_s0,99.0,genpce_es,0,810,0.8282828282828283
er4,60,6,er4_m60_s0,99.0,genpce_es,0,860,0.8282828282828283
er4,60,6,er4_m60_s0,99.0,genpce_es,0,910,0.8282828282828283
er4,60,6,er4_m60_s0,99.0,genpce_es,0,960,0.8282828282828283
er4,60,6,er4_m60_s0,99.0,genpce_es,0,1010,0.8282828282828283
er4,60,6,er4_m60_s0,99.0,genpce_es,0,1060,0.8282828282828283
er4,60,6,er4_m60_s0,99.0,genpce_es,0,1110,0.8282828282828283
er4,60,6,er4_m60_s0,99.0,genpce_es,0,1160,0.8282828282828283
er4,60,6,er4_m60_s0,99.0,genpce_es,0,1210,0.8282828282828283
er4,60,6,er4_m60_s0,99.0,genpce_es,0,1260,0.8585858585858586
er4,60,6,er4_m60_s0,99.0,genpce_es,0,1310,0.8585858585858586
er4,60,6,er4_m60_s0,99.0,genpce_es,0,1360,0.8585858585858586
er4,60,6,er4_m60_s0,99.0,genpce_es,0,1410,0.8585858585858586
er4,60,6,er4_m60_s0,99.0,genpce_es,0,1460,0.8585858585858586
er4,60,6,er4_m60_s0,99.0,genpce_es,0,1510,0.8585858585858586
er4,60,6,er4_m60_s0,99.0,genpce_es,0,1560,0.8585858585858586
er4,60,6,er4_m60_s0,99.0,genpce_es,0,1610,0.8585858585858586
er4,60,6,er4_m60_s0,99.0,genpce_es,0,1660,0.8585858585858586
er4,60,6,er4_m60_s0,99.0,genpce_es,0,1710,0.8585858585858586
er4,60,6,er4_m60_s0,99.0,genpce_es,0,1760,0.8585858585858586
er4,60,6,er4_m60_s0,99.0,genpce_es,0,1810,0.8585858585858586
er4,60,6,er4_m60_s0,99.0,genpce_es,0,1860,0.8585858585858586
er4,60,6,er4_m60_s0,99.0,genpce_es,0,1910,0.8585858585858586
er4,60,6,er4_m60_s0,99.0,genpce_es,0,1960,0.8585858585858586
er4,60,6,er4_m60_s0,99.0,genpce_es,0,2010,0.8585858585858586
er4,60,6,er4_m60_s0,99.0,genpce_es,0,2060,0.8585858585858586
er4,60,6,er4_m60_s0,99.0,genpce_es,0,2110,0.8585858585858586
er4,60,6,er4_m60_s0,99.0,genpce_es,0,2160,0.8585858585858586
er4,60,6,er4_m60_s0,99.0,genpce_es,0,2210,0.8585858585858586
er4,60,6,er4_m60_s0,99.0,genpce_es,0,2260,0.8585858585858586
er4,60,6,er4_m60_s0,99.0,genpce_es,0,2310,0.8585858585858586
er4,60,6,er4_m60_s0,99.0,genpce_es,0,2360,0.8585858585858586
er4,60,6,er4_m60_s0,99.0,genpce_es,0,2410,0.8585858585858586
er4,60,6,er4_m60_s0,99.0,genpce_es,0,2460,0.8585858585858586
er4,60,6,er4_m60_s0,99.0,genpce_es,0,2510,0.8585858585858586
er4,60,6,er4_m60_s0,99.0,genpce_es,0,2560,0.8585858585858586
er4,60,6,er4_m60_s0,99.0,genpce_es,0,2610,0.8585858585858586
er4,60,6,er4_m60_s0,99.0,genpce_es,0,2660,0.8585858585858586
er4,60,6,er4_m60_s0,99.0,genpce_es,0,2710,0.8585858585858586
er4,60,6,er4_m60_s0,99.0,genpce_es,0,2760,0.8585858585858586
er4,60,6,er4_m60_s0,99.0,genpce_es,0,2810,0.8585858585858586
er4,60,6,er4_m60_s0,99.0,genpce_es,0,2860,0.8585858585858586
er4,60,6,er4_m60_s0,99.0,genpce_es,0,2910,0.8585858585858586
er4,60,6,er4_m60_s0,99.0,genpce_es,0,2960,0.8585858585858586
er4,60,6,er4_m60_s0,99.0,genpce_es,0,3010,0.8585858585858586
er4,60,6,er4_m60_s0,99.0,genpce_es,0,3060,0.8585858585858586
er4,60,6,er4_m60_s0,99.0,genpce_es,0,3110,0.8585858585858586
er4,60,6,er4_m60_s0,99.0,genpce_es,0,3160,0.8585858585858586
er4,60,6,er4_m60_s0,99.0,genpce_es,0,3210,0.8585858585858586
er4,60,6,er4_m60_s0,99.0,genpce_es,0,3260,0.8585858585858586
er4,60,6,er4_m60_s0,99.0,genpce_es,0,3310,0.8585858585858586
er4,60,6,er4_m60_s0,99.0,genpce_es,0,3360,0.8585858585858586
er4,60,6,er4_m60_s0,99.0,genpce_es,0,3410,0.8585858585858586
er4,60,6,er4_m60_s0,99.0,genpce_es,0,3460,0.8585858585858586
er4,60,6,er4_m60_s0,99.0,genpce_es,0,3510,0.8585858585858586
er4,60,6,er4_m60_s0,99.0,genpce_es,0,3560,0.8585858585858586
er4,60,6,er4_m60_s0,99.0,genpce_es,0,3610,0.8585858585858586
er4,60,6,er4_m60_s0,99.0,genpce_es,0,3660,0.8585858585858586
er4,60,6,er4_m60_s0,99.0,genpce_es,0,3710,0.8585858585858586
er4,60,6,er4_m60_s0,99.0,genpce_es,0,3760,0.8585858585858586
er4,60,6,er4_m60_s0,99.0,genpce_es,0,3810,0.8585858585858586
er4,60,6,er4_m60_s0,99.0,genpce_es,0,3860,0.8585858585858586
er4,60,6,er4_m60_s0,99.0,genpce_es,0,3910,0.8585858585858586
er4,60,6,er4_m60_s0,99.0,genpce_es,0,3960,0.8585858585858586
er4,60,6,er4_m60_s0,99.0,genpce_es,0,4010,0.8585858585858586
er4,60,6,er4_m60_s0,99.0,genpce_es,0,4060,0.8585858585858586
er4,60,6,er4_m60_s0,99.0,genpce_es,0,4110,0.8686868686868687
er4,60,6,er4_m60_s0,99.0,genpce_es,0,4160,0.8686868686868687
er4,60,6,er4_m60_s0,99.0,genpce_es,0,4210,0.8686868686868687
er4,60,6,er4_m60_s0,99.0,genpce_es,0,4260,0.8686868686868687
er4,60,6,er4_m60_s0,99.0,genpce_es,0,4310,0.8686868686868687
er4,60,6,er4_m60_s0,99.0,genpce_es,0,4360,0.8686868686868687
er4,60,6,er4_m60_s0,99.0,genpce_es,0,4410,0.8686868686868687
er4,60,6,er4_m60_s0,99.0,genpce_es,0,4460,0.8686868686868687
er4,60,6,er4_m60_s0,99.0,genpce_es,0,4510,0.8686868686868687
er4,60,6,er4_m60_s0,99.0,genpce_es,0,4560,0.8686868686868687
er4,60,6,er4_m60_s0,99.0,genpce_es,0,4610,0.8686868686868687
er4,60,6,er4_m60_s0,99.0,genpce_es,0,4660,0.8686868686868687
er4,60,6,er4_m60_s0,99.0,genpce_es,0,4710,0.8686868686868687
er4,60,6,er4_m60_s0,99.0,genpce_es,0,4760,0.8686868686868687
er4,60,6,er4_m60_s0,99.0,genpce_es,0,4810,0.8686868686868687
er4,60,6,er4_m60_s0,99.0,genpce_es,0,4860,0.8686868686868687
er4,60,6,er4_m60_s0,99.0,genpce_es,0,4910,0.8686868686868687
er4,60,6,er4_m60_s0,99.0,genpce_es,0,4960,0.8686868686868687
er4,60,6,er4_m60_s0,99.0,genpce_es,0,5010,0.8686868686868687
er4,60,6,er4_m60_s0,99.0,genpce_es,0,5060,0.8686868686868687
er4,60,6,er4_m60_s0,99.0,genpce_es,0,5110,0.8686868686868687
er4,60,6,er4_m60_s0,99.0,genpce_es,0,5160,0.8686868686868687
er4,60,6,er4_m60_s0,99.0,genpce_es,0,5210,0.8686868686868687
er4,60,6,er4_m60_s0,99.0,genpce_es,0,5260,0.8686868686868687
er4,60,6,er4_m60_s0,99.0,genpce_es,0,5310,0.8686868686868687
er4,60,6,er4_m60_s0,99.0,genpce_es,0,5360,0.8686868686868687
er4,60,6,er4_m60_s0,99.0,genpce_es,0,5410,0.8686868686868687
er4,60,6,er4_m60_s0,99.0,genpce_es,0,5460,0.8686868686868687
er4,60,6,er4_m60_s0,99.0,genpce_es,0,5510,0.8686868686868687
er4,60,6,er4_m60_s0,99.0,genpce_es,0,5560,0.8686868686868687
er4,60,6,er4_m60_s0,99.0,genpce_es,0,5610,0.8686868686868687
er4,60,6,er4_m60_s0,99.0,genpce_es,0,5660,0.8686868686868687
er4,60,6,er4_m60_s0,99.0,genpce_es,0,5710,0.8686868686868687
er4,60,6,er4_m60_s0,99.0,genpce_es,0,5760,0.8686868686868687
er4,60,6,er4_m60_s0,99.0,genpce_es,0,5810,0.8686868686868687
er4,60,6,er4_m60_s0,99.0,genpce_es,0,5860,0.8686868686868687
er4,60,6,er4_m60_s0,99.0,genpce_es,0,5910,0.8686868686868687
er4,60,6,er4_m60_s0,99.0,genpce_es,0,5960,0.8686868686868687
er4,60,6,er4_m60_s0,99.0,genpce_es,0,6010,0.8686868686868687
er4,60,6,er4_m60_s0,99.0,genpce_es,0,6060,0.8686868686868687
er4,60,6,er4_m60_s0,99.0,genpce_es,0,6110,0.8686868686868687
er4,60,6,er4_m60_s0,99.0,genpce_es,0,6160,0.8686868686868687
er4,60,6,er4_m60_s0,99.0,genpce_es,0,6210,0.8686868686868687
er4,60,6,er4_m60_s0,99.0,genpce_es,0,6260,0.8686868686868687
er4,60,6,er4_m60_s0,99.0,genpce_es,0,6310,0.8686868686868687
er4,60,6,er4_m60_s0,99.0,genpce_es,0,6360,0.8686868686868687
er4,60,6,er4_m60_s0,99.0,genpce_es,0,6410,0.8686868686868687
er4,60,6,er4_m60_s0,99.0,genpce_es,0,6460,0.8686868686868687
er4,60,6,er4_m60_s0,99.0,genpce_es,0,6510,0.8686868686868687
er4,60,6,er4_m60_s0,99.0,genpce_es,0,6560,0.8686868686868687
er4,60,6,er4_m60_s0,99.0,genpce_es,0,6610,0.8686868686868687
er4,60,6,er4_m60_s0,99.0,genpce_es,0,6660,0.8686868686868687
er4,60,6,er4_m60_s0,99.0,genpce_es,0,6710,0.8686868686868687
er4,60,6,er4_m60_s0,99.0,genpce_es,0,6760,0.8686868686868687
er4,60,6,er4_m60_s0,99.0,genpce_es,0,6810,0.8686868686868687
er4,60,6,er4_m60_s0,99.0,genpce_es,0,6860,0.8686868686868687
er4,60,6,er4_m60_s0,99.0,genpce_es,0,6910,0.8686868686868687
er4,60,6,er4_m60_s0,99.0,genpce_es,0,6960,0.8686868686868687
er4,60,6,er4_m60_s0,99.0,genpce_es,0,7010,0.8686868686868687
er4,60,6,er4_m60_s0,99.0,genpce_es,0,7060,0.8686868686868687
er4,60,6,er4_m60_s0,99.0,genpce_es,0,7110,0.8686868686868687
er4,60,6,er4_m60_s0,99.0,genpce_es,0,7160,0.8686868686868687
er4,60,6,er4_m60_s0,99.0,genpce_es,0,7210,0.8686868686868687
er4,60,6,er4_m60_s0,99.0,genpce_es,0,7260,0.8686868686868687
er4,60,6,er4_m60_s0,99.0,genpce_es,0,7310,0.8686868686868687
er4,60,6,er4_m60_s0,99.0,genpce_es,0,7360,0.8686868686868687
er4,60,6,er4_m60_s0,99.0,genpce_es,0,7410,0.8686868686868687
er4,60,6,er4_m60_s0,99.0,genpce_es,0,7460,0.8686868686868687
er4,60,6,er4_m60_s0,99.0,genpce_es,0,7510,0.8686868686868687
er4,60,6,er4_m60_s0,99.0,genpce_es,0,7560,0.8686868686868687
er4,60,6,er4_m60_s0,99.0,genpce_es,0,7610,0.8686868686868687
er4,60,6,er4_m60_s0,99.0,genpce_es,0,7660,0.8686868686868687
er4,60,6,er4_m60_s0,99.0,genpce_es,0,7710,0.8686868686868687
er4,60,6,er4_m60_s0,99.0,genpce_es,0,7760,0.8686868686868687
er4,60,6,er4_m60_s0,99.0,genpce_es,0,7810,0.8686868686868687
er4,60,6,er4_m60_s0,99.0,genpce_es,0,7860,0.8686868686868687
er4,60,6,er4_m60_s0,99.0,genpce_es,0,7910,0.8686868686868687
er4,60,6,er4_m60_s0,99.0,genpce_es,0,7960,0.8686868686868687
er4,60,6,er4_m60_s0,99.0,genpce_es,0,8010,0.8686868686868687
er4,60,6,er4_m60_s0,99.0,genpce_es,0,8060,0.8686868686868687
er4,60,6,er4_m60_s0,99.0,genpce_es,0,8110,0.8686868686868687
er4,60,6,er4_m60_s0,99.0,genpce_es,0,8160,0.8686868686868687
er4,60,6,er4_m60_s0,99.0,genpce_es,0,8210,0.8686868686868687
er4,60,6,er4_m60_s0,99.0,genpce_es,0,8260,0.8686868686868687
er4,60,6,er4_m60_s0,99.0,genpce_es,0,8310,0.8686868686868687
er4,60,6,er4_m60_s0,99.0,genpce_es,0,8360,0.8686868686868687
er4,60,6,er4_m60_s0,99.0,genpce_es,0,8410,0.8686868686868687
er4,60,6,er4_m60_s0,99.0,genpce_es,0,8460,0.8686868686868687
er4,60,6,er4_m60_s0,99.0,genpce_es,0,8510,0.8686868686868687
er4,60,6,er4_m60_s0,99.0,genpce_es,0,8560,0.8686868686868687
er4,60,6,er4_m60_s0,99.0,genpce_es,0,8610,0.8686868686868687
er4,60,6,er4_m60_s0,99.0,genpce_es,0,8660,0.8686868686868687
er4,60,6,er4_m60_s0,99.0,genpce_es,0,8710,0.8686868686868687
er4,60,6,er4_m60_s0,99.0,genpce_es,0,8760,0.8686868686868687
er4,60,6,er4_m60_s0,99.0,genpce_es,0,8810,0.8686868686868687
er4,60,6,er4_m60_s0,99.0,genpce_es,0,8860,0.8686868686868687
er4,60,6,er4_m60_s0,99.0,genpce_es,0,8910,0.8686868686868687
er4,60,6,er4_m60_s0,99.0,genpce_es,0,8960,0.8686868686868687
er4,60,6,er4_m60_s0,99.0,genpce_es,0,9010,0.8686868686868687
er4,60,6,er4_m60_s0,99.0,genpce_es,0,9060,0.8686868686868687
er4,60,6,er4_m60_s0,99.0,genpce_es,0,9110,0.8686868686868687
er4,60,6,er4_m60_s0,99.0,genpce_es,0,9160,0.8686868686868687
er4,60,6,er4_m60_s0,99.0,genpce_es,0,9210,0.8686868686868687
er4,60,6,er4_m60_s0,99.0,genpce_es,0,9260,0.8686868686868687
er4,60,6,er4_m60_s0,99.0,genpce_es,0,9310,0.8686868686868687
er4,60,6,er4_m60_s0,99.0,genpce_es,0,9360,0.8686868686868687
er4,60,6,er4_m60_s0,99.0,genpce_es,0,9410,0.8686868686868687
er4,60,6,er4_m60_s0,99.0,genpce_es,0,9460,0.8686868686868687
er4,60,6,er4_m60_s0,99.0,genpce_es,0,9510,0.8686868686868687
er4,60,6,er4_m60_s0,99.0,genpce_es,0,9560,0.8686868686868687
er4,60,6,er4_m60_s0,99.0,genpce_es,0,9610,0.8686868686868687
er4,60,6,er4_m60_s0,99.0,genpce_es,0,9660,0.8686868686868687
er4,60,6,er4_m60_s0,99.0,genpce_es,0,9710,0.8686868686868687
er4,60,6,er4_m60_s0,99.0,genpce_es,0,9760,0.8686868686868687
er4,60,6,er4_m60_s0,99.0,genpce_es,0,9810,0.8686868686868687
er4,60,6,er4_m60_s0,99.0,genpce_es,0,9860,0.8686868686868687
er4,60,6,er4_m60_s0,99.0,genpce_es,0,9910,0.8686868686868687
er4,60,6,er4_m60_s0,99.0,genpce_es,0,9960,0.8686868686868687
er4,60,6,er4_m60_s0,99.0,genpce_es,0,10010,0.8686868686868687
er4,60,6,er4_m60_s0,99.0,genpce_es,0,10060,0.8686868686868687
er4,60,6,er4_m60_s0,99.0,genpce_es,0,10110,0.8686868686868687
er4,60,6,er4_m60_s0,99.0,genpce_es,0,10160,0.8686868686868687
er4,60,6,er4_m60_s0,99.0,genpce_es,0,10210,0.8686868686868687
er4,60,6,er4_m60_s0,99.0,genpce_es,0,10260,0.8686868686868687
er4,60,6,er4_m60_s0,99.0,genpce_es,0,10310,0.8686868686868687
er4,60,6,er4_m60_s0,99.0,genpce_es,0,10360,0.8686868686868687
er4,60,6,er4_m60_s0,99.0,genpce_es,0,10410,0.8686868686868687
er4,60,6,er4_m60_s0,99.0,genpce_es,0,10460,0.8686868686868687
er4,60,6,er4_m60_s0,99.0,genpce_es,0,10510,0.8686868686868687
er4,60,6,er4_m60_s0,99.0,genpce_es,0,10560,0.8686868686868687
er4,60,6,er4_m60_s0,99.0,genpce_es,0,10610,0.8686868686868687
er4,60,6,er4_m60_s0,99.0,genpce_es,0,10660,0.8686868686868687
er4,60,6,er4_m60_s0,99.0,genpce_es,0,10710,0.8686868686868687
er4,60,6,er4_m60_s0,99.0,genpce_es,0,10760,0.8686868686868687
er4,60,6,er4_m60_s0,99.0,genpce_es,0,10810,0.8686868686868687
er4,60,6,er4_m60_s0,99.0,genpce_es,0,10860,0.8686868686868687
er4,60,6,er4_m60_s0,99.0,genpce_es,0,10910,0.8686868686868687
er4,60,6,er4_m60_s0,99.0,genpce_es,0,10960,0.8686868686868687
er4,60,6,er4_m60_s0,99.0,genpce_es,0,11010,0.8686868686868687
er4,60,6,er4_m60_s0,99.0,genpce_es,0,11060,0.8686868686868687
er4,60,6,er4_m60_s0,99.0,genpce_es,0,11110,0.8686868686868687
er4,60,6,er4_m60_s0,99.0,genpce_es,0,11160,0.8686868686868687
er4,60,6,er4_m60_s0,99.0,genpce_es,0,11210,0.8686868686868687
er4,60,6,er4_m60_s0,99.0,genpce_es,0,11260,0.8686868686868687
er4,60,6,er4_m60_s0,99.0,genpce_es,0,11310,0.8686868686868687
er4,60,6,er4_m60_s0,99.0,genpce_es,0,11360,0.8686868686868687
er4,60,6,er4_m60_s0,99.0,genpce_es,0,11410,0.8686868686868687
er4,60,6,er4_m60_s0,99.0,genpce_es,0,11460,0.8686868686868687
er4,60,6,er4_m60_s0,99.0,genpce_es,0,11510,0.8686868686868687
er4,60,6,er4_m60_s0,99.0,genpce_es,0,11560,0.8686868686868687
er4,60,6,er4_m60_s0,99.0,genpce_es,0,11610,0.8686868686868687
er4,60,6,er4_m60_s0,99.0,genpce_es,0,11660,0.8686868686868687
er4,60,6,er4_m60_s0,99.0,genpce_es,0,11710,0.8686868686868687
er4,60,6,er4_m60_s0,99.0,genpce_es,0,11760,0.8686868686868687
er4,60,6,er4_m60_s0,99.0,genpce_es,0,11810,0.8686868686868687
er4,60,6,er4_m60_s0,99.0,genpce_es,0,11860,0.8686868686868687
er4,60,6,er4_m60_s0,99.0,genpce_es,0,11910,0.8686868686868687
er4,60,6,er4_m60_s0,99.0,genpce_es,0,11960,0.8686868686868687
er4,60,6,er4_m60_s0,99.0,genpce_es,0,12010,0.8686868686868687
er4,60,6,er4_m60_s0,99.0,genpce_es,0,12060,0.8686868686868687
er4,60,6,er4_m60_s0,99.0,genpce_es,0,12110,0.8686868686868687
er4,60,6,er4_m60_s0,99.0,genpce_es,0,12160,0.8686868686868687
er4,60,6,er4_m60_s0,99.0,genpce_es,0,12210,0.8686868686868687
er4,60,6,er4_m60_s0,99.0,genpce_es,0,12260,0.8686868686868687
er4,60,6,er4_m60_s0,99.0,genpce_es,0,12310,0.8686868686868687
er4,60,6,er4_m60_s0,99.0,genpce_es,0,12360,0.8686868686868687
er4,60,6,er4_m60_s0,99.0,genpce_es,0,12410,0.8686868686868687
er4,60,6,er4_m60_s0,99.0,genpce_es,0,12460,0.8686868686868687
er4,60,6,er4_m60_s0,99.0,genpce_es,0,12510,0.8686868686868687
er4,60,6,er4_m60_s0,99.0,genpce_es,0,12560,0.8686868686868687
er4,60,6,er4_m60_s0,99.0,genpce_es,0,12610,0.8686868686868687
er4,60,6,er4_m60_s0,99.0,genpce_es,0,12660,0.8686868686868687
er4,60,6,er4_m60_s0,99.0,genpce_es,0,12710,0.8686868686868687
er4,60,6,er4_m60_s0,99.0,genpce_es,0,12760,0.8686868686868687
er4,60,6,er4_m60_s0,99.0,genpce_es,0,12810,0.8686868686868687
er4,60,6,er4_m60_s0,99.0,genpce_es,0,12860,0.8686868686868687
er4,60,6,er4_m60_s0,99.0,genpce_es,0,12910,0.8686868686868687
er4,60,6,er4_m60_s0,99.0,genpce_es,0,12960,0.8686868686868687
er4,60,6,er4_m60_s0,99.0,genpce_es,0,13010,0.8686868686868687
er4,60,6,er4_m60_s0,99.0,genpce_es,0,13060,0.8686868686868687
er4,60,6,er4_m60_s0,99.0,genpce_es,0,13110,0.8686868686868687
er4,60,6,er4_m60_s0,99.0,genpce_es,0,13160,0.8686868686868687
er4,60,6,er4_m60_s0,99.0,genpce_es,0,13210,0.8686868686868687
er4,60,6,er4_m60_s0,99.0,genpce_es,0,13260,0.8686868686868687
er4,60,6,er4_m60_s0,99.0,genpce_es,0,13310,0.8686868686868687
er4,60,6,er4_m60_s0,99.0,genpce_es,0,13360,0.8686868686868687
er4,60,6,er4_m60_s0,99.0,genpce_es,0,13410,0.8686868686868687
er4,60,6,er4_m60_s0,99.0,genpce_es,0,13460,0.8686868686868687
er4,60,6,er4_m60_s0,99.0,genpce_es,0,13510,0.8686868686868687
er4,60,6,er4_m60_s0,99.0,genpce_es,0,13560,0.8686868686868687
er4,60,6,er4_m60_s0,99.0,genpce_es,0,13610,0.8686868686868687
er4,60,6,er4_m60_s0,99.0,genpce_es,0,13660,0.8686868686868687
er4,60,6,er4_m60_s0,99.0,genpce_es,0,13710,0.8686868686868687
er4,60,6,er4_m60_s0,99.0,genpce_es,0,13760,0.8686868686868687
er4,60,6,er4_m60_s0,99.0,genpce_es,0,13810,0.8686868686868687
er4,60,6,er4_m60_s0,99.0,genpce_es,0,13860,0.8686868686868687
er4,60,6,er4_m60_s0,99.0,genpce_es,0,13910,0.8686868686868687
er4,60,6,er4_m60_s0,99.0,genpce_es,0,13960,0.8686868686868687
er4,60,6,er4_m60_s0,99.0,genpce_es,0,14010,0.8686868686868687
er4,60,6,er4_m60_s0,99.0,genpce_es,0,14060,0.8686868686868687
er4,60,6,er4_m60_s0,99.0,genpce_es,0,14110,0.8686868686868687
er4,60,6,er4_m60_s0,99.0,genpce_es,0,14160,0.8686868686868687
er4,60,6,er4_m60_s0,99.0,genpce_es,0,14210,0.8686868686868687
er4,60,6,er4_m60_s0,99.0,genpce_es,0,14260,0.8686868686868687
er4,60,6,er4_m60_s0,99.0,genpce_es,0,14310,0.8686868686868687
er4,60,6,er4_m60_s0,99.0,genpce_es,0,14360,0.8686868686868687
er4,60,6,er4_m60_s0,99.0,genpce_es,0,14410,0.8686868686868687
er4,60,6,er4_m60_s0,99.0,genpce_es,0,14460,0.8686868686868687
er4,60,6,er4_m60_s0,99.0,genpce_es,0,14510,0.8686868686868687
er4,60,6,er4_m60_s0,99.0,genpce_es,0,14560,0.8686868686868687
er4,60,6,er4_m60_s0,99.0,genpce_es,0,14610,0.8686868686868687
er4,60,6,er4_m60_s0,99.0,genpce_es,0,14660,0.8686868686868687
er4,60,6,er4_m60_s0,99.0,genpce_es,0,14710,0.8686868686868687
er4,60,6,er4_m60_s0,99.0,genpce_es,0,14760,0.8686868686868687
er4,60,6,er4_m60_s0,99.0,genpce_es,0,14810,0.8686868686868687
er4,60,6,er4_m60_s0,99.0,genpce_es,0,14860,0.8686868686868687
er4,60,6,er4_m60_s0,99.0,genpce_es,0,14910,0.8686868686868687
er4,60,6,er4_m60_s0,99.0,genpce_es,0,14960,0.8686868686868687
er4,60,6,er4_m60_s0,99.0,genpce_es,0,15010,0.8686868686868687
er4,60,6,er4_m60_s0,99.0,genpce_es,0,15060,0.8686868686868687
er4,60,6,er4_m60_s0,99.0,genpce_es,0,15110,0.8686868686868687
er4,60,6,er4_m60_s0,99.0,genpce_es,0,15160,0.8686868686868687
er4,60,6,er4_m60_s0,99.0,genpce_es,0,15210,0.8686868686868687
er4,60,6,er4_m60_s0,99.0,genpce_es,0,15260,0.8686868686868687
er4,60,6,er4_m60_s0,99.0,genpce_es,0,15310,0.8686868686868687
er4,60,6,er4_m60_s0,99.0,genpce_es,0,15360,0.8686868686868687
er4,60,6,er4_m60_s0,99.0,genpce_es,0,15410,0.8686868686868687
er4,60,6,er4_m60_s0,99.0,genpce_es,0,15460,0.8686868686868687
er4,60,6,er4_m60_s0,99.0,genpce_es,0,15510,0.8686868686868687
er4,60,6,er4_m60_s0,99.0,genpce_es,0,15560,0.8686868686868687
er4,60,6,er4_m60_s0,99.0,genpce_es,0,15610,0.8686868686868687
er4,60,6,er4_m60_s0,99.0,genpce_es,0,15660,0.8686868686868687
er4,60,6,er4_m60_s0,99.0,genpce_es,0,15710,0.8686868686868687
er4,60,6,er4_m60_s0,99.0,genpce_es,0,15760,0.8686868686868687
er4,60,6,er4_m60_s0,99.0,genpce_es,0,15810,0.8686868686868687
er4,60,6,er4_m60_s0,99.0,genpce_es,0,15860,0.8686868686868687
er4,60,6,er4_m60_s0,99.0,genpce_es,0,15910,0.8686868686868687
er4,60,6,er4_m60_s0,99.0,genpce_es,0,15960,0.8686868686868687
er4,60,6,er4_m60_s0,99.0,genpce_es,0,16010,0.8686868686868687
er4,60,6,er4_m60_s0,99.0,genpce_es,0,16060,0.8686868686868687
er4,60,6,er4_m60_s0,99.0,genpce_es,0,16110,0.8686868686868687
er4,60,6,er4_m60_s0,99.0,genpce_es,0,16160,0.8686868686868687
er4,60,6,er4_m60_s0,99.0,genpce_es,0,16210,0.8686868686868687
er4,60,6,er4_m60_s0,99.0,genpce_es,0,16260,0.8686868686868687
er4,60,6,er4_m60_s0,99.0,genpce_es,0,16310,0.8686868686868687
er4,60,6,er4_m60_s0,99.0,genpce_es,0,16360,0.8686868686868687
er4,60,6,er4_m60_s0,99.0,genpce_es,0,16410,0.8686868686868687
er4,60,6,er4_m60_s0,99.0,genpce_es,0,16460,0.8686868686868687
er4,60,6,er4_m60_s0,99.0,genpce_es,0,16510,0.8686868686868687
er4,60,6,er4_m60_s0,99.0,genpce_es,0,16560,0.8686868686868687
er4,60,6,er4_m60_s0,99.0,genpce_es,0,16610,0.8686868686868687
er4,60,6,er4_m60_s0,99.0,genpce_es,0,16660,0.8686868686868687
er4,60,6,er4_m60_s0,99.0,genpce_es,0,16710,0.8686868686868687
er4,60,6,er4_m60_s0,99.0,genpce_es,0,16760,0.8686868686868687
er4,60,6,er4_m60_s0,99.0,genpce_es,0,16810,0.8686868686868687
er4,60,6,er4_m60_s0,99.0,genpce_es,0,16860,0.8686868686868687
er4,60,6,er4_m60_s0,99.0,genpce_es,0,16910,0.8686868686868687
er4,60,6,er4_m60_s0,99.0,genpce_es,0,16960,0.8686868686868687
er4,60,6,er4_m60_s0,99.0,genpce_es,0,17010,0.8686868686868687
er4,60,6,er4_m60_s0,99.0,genpce_es,0,17060,0.8686868686868687
er4,60,6,er4_m60_s0,99.0,genpce_es,0,17110,0.8686868686868687
er4,60,6,er4_m60_s0,99.0,genpce_es,0,17160,0.8686868686868687
er4,60,6,er4_m60_s0,99.0,genpce_es,0,17210,0.8686868686868687
er4,60,6,er4_m60_s0,99.0,genpce_es,0,17260,0.8686868686868687
er4,60,6,er4_m60_s0,99.0,genpce_es,0,17310,0.8686868686868687
er4,60,6,er4_m60_s0,99.0,genpce_es,0,17360,0.8686868686868687
er4,60,6,er4_m60_s0,99.0,genpce_es,0,17410,0.8686868686868687
er4,60,6,er4_m60_s0,99.0,genpce_es,0,17460,0.8686868686868687
er4,60,6,er4_m60_s0,99.0,genpce_es,0,17510,0.8686868686868687
er4,60,6,er4_m60_s0,99.0,genpce_es,0,17560,0.8686868686868687
er4,60,6,er4_m60_s0,99.0,genpce_es,0,17610,0.8686868686868687
er4,60,6,er4_m60_s0,99.0,genpce_es,0,17660,0.8686868686868687
er4,60,6,er4_m60_s0,99.0,genpce_es,0,17710,0.8686868686868687
er4,60,6,er4_m60_s0,99.0,genpce_es,0,17760,0.8686868686868687
er4,60,6,er4_m60_s0,99.0,genpce_es,0,17810,0.8686868686868687
er4,60,6,er4_m60_s0,99.0,genpce_es,0,17860,0.8686868686868687
er4,60,6,er4_m60_s0,99.0,genpce_es,0,17910,0.8686868686868687
er4,60,6,er4_m60_s0,99.0,genpce_es,0,17960,0.8686868686868687
er4,60,6,er4_m60_s0,99.0,genpce_es,0,18010,0.8686868686868687
er4,60,6,er4_m60_s0,99.0,genpce_es,0,18060,0.8686868686868687
er4,60,6,er4_m60_s0,99.0,genpce_es,0,18110,0.8686868686868687
er4,60,6,er4_m60_s0,99.0,genpce_es,0,18160,0.8686868686868687
er4,60,6,er4_m60_s0,99.0,genpce_es,0,18210,0.8686868686868687
er4,60,6,er4_m60_s0,99.0,genpce_es,0,18260,0.8686868686868687
er4,60,6,er4_m60_s0,99.0,genpce_es,0,18310,0.8686868686868687
er4,60,6,er4_m60_s0,99.0,genpce_es,0,18360,0.8686868686868687
er4,60,6,er4_m60_s0,99.0,genpce_es,0,18410,0.8686868686868687
er4,60,6,er4_m60_s0,99.0,genpce_es,0,18460,0.8686868686868687
er4,60,6,er4_m60_s0,99.0,genpce_es,0,18510,0.8686868686868687
er4,60,6,er4_m60_s0,99.0,genpce_es,0,18560,0.8686868686868687
er4,60,6,er4_m60_s0,99.0,genpce_es,0,18610,0.8686868686868687
er4,60,6,er4_m60_s0,99.0,genpce_es,0,18660,0.8686868686868687
er4,60,6,er4_m60_s0,99.0,genpce_es,0,18710,0.8686868686868687
er4,60,6,er4_m60_s0,99.0,genpce_es,0,18760,0.8686868686868687
er4,60,6,er4_m60_s0,99.0,genpce_es,0,18810,0.8686868686868687
er4,60,6,er4_m60_s0,99.0,genpce_es,0,18860,0.8686868686868687
er4,60,6,er4_m60_s0,99.0,genpce_es,0,18910,0.8686868686868687
er4,60,6,er4_m60_s0,99.0,genpce_es,0,18960,0.8686868686868687
er4,60,6,er4_m60_s0,99.0,genpce_es,0,19010,0.8686868686868687
er4,60,6,er4_m60_s0,99.0,genpce_es,0,19060,0.8686868686868687
er4,60,6,er4_m60_s0,99.0,genpce_es,0,19110,0.8686868686868687
er4,60,6,er4_m60_s0,99.0,genpce_es,0,19160,0.8686868686868687
er4,60,6,er4_m60_s0,99.0,genpce_es,0,19210,0.8686868686868687
er4,60,6,er4_m60_s0,99.0,genpce_es,0,19260,0.8686868686868687
er4,60,6,er4_m60_s0,99.0,genpce_es,0,19310,0.8686868686868687
er4,60,6,er4_m60_s0,99.0,genpce_es,0,19360,0.8686868686868687
er4,60,6,er4_m60_s0,99.0,genpce_es,0,19410,0.8686868686868687
er4,60,6,er4_m60_s0,99.0,genpce_es,0,19460,0.8686868686868687
er4,60,6,er4_m60_s0,99.0,genpce_es,0,19510,0.8686868686868687
er4,60,6,er4_m60_s0,99.0,genpce_es,0,19560,0.8686868686868687
er4,60,6,er4_m60_s0,99.0,genpce_es,0,19610,0.8686868686868687
er4,60,6,er4_m60_s0,99.0,genpce_es,0,19660,0.8686868686868687
er4,60,6,er4_m60_s0,99.0,genpce_es,0,19710,0.8686868686868687
er4,60,6,er4_m60_s0,99.0,genpce_es,0,19760,0.8686868686868687
er4,60,6,er4_m60_s0,99.0,genpce_es,0,19810,0.8686868686868687
er4,60,6,er4_m60_s0,99.0,genpce_es,0,19860,0.8686868686868687
er4,60,6,er4_m60_s0,99.0,genpce_es,0,19910,0.8686868686868687
er4,60,6,er4_m60_s0,99.0,genpce_es,0,19960,0.8686868686868687
er4,60,6,er4_m60_s0,99.0,genpce_es,0,20010,0.8686868686868687
er4,60,6,er4_m60_s0,99.0,random,0,50,0.7070707070707071
er4,60,6,er4_m60_s0,99.0,random,0,100,0.7575757575757576
er4,60,6,er4_m60_s0,99.0,random,0,150,0.7575757575757576
er4,60,6,er4_m60_s0,99.0,random,0,200,0.7575757575757576
er4,60,6,er4_m60_s0,99.0,random,0,250,0.7575757575757576
er4,60,6,er4_m60_s0,99.0,random,0,300,0.7575757575757576
er4,60,6,er4_m60_s0,99.0,random,0,350,0.7575757575757576
er4,60,6,er4_m60_s0,99.0,random,0,400,0.7575757575757576
er4,60,6,er4_m60_s0,99.0,random,0,450,0.7575757575757576
er4,60,6,er4_m60_s0,99.0,random,0,500,0.7676767676767676
er4,60,6,er4_m60_s0,99.0,random,0,550,0.7676767676767676
er4,60,6,er4_m60_s0,99.0,random,0,600,0.7676767676767676
er4,60,6,er4_m60_s0,99.0,random,0,650,0.7676767676767676
er4,60,6,er4_m60_s0,99.0,random,0,700,0.7676767676767676
er4,60,6,er4_m60_s0,99.0,random,0,750,0.7676767676767676
er4,60,6,er4_m60_s0,99.0,random,0,800,0.7676767676767676
er4,60,6,er4_m60_s0,99.0,random,0,850,0.7676767676767676
er4,60,6,er4_m60_s0,99.0,random,0,900,0.7676767676767676
er4,60,6,er4_m60_s0,99.0,random,0,950,0.7878787878787878
er4,60,6,er4_m60_s0,99.0,random,0,1000,0.7878787878787878
er4,60,6,er4_m60_s0,99.0,random,0,1050,0.7878787878787878
er4,60,6,er4_m60_s0,99.0,random,0,1100,0.7878787878787878
er4,60,6,er4_m60_s0,99.0,random,0,1150,0.7878787878787878
er4,60,6,er4_m60_s0,99.0,random,0,1200,0.7878787878787878
er4,60,6,er4_m60_s0,99.0,random,0,1250,0.7878787878787878
er4,60,6,er4_m60_s0,99.0,random,0,1300,0.7878787878787878
er4,60,6,er4_m60_s0,99.0,random,0,1350,0.7878787878787878
er4,60,6,er4_m60_s0,99.0,random,0,1400,0.7878787878787878
er4,60,6,er4_m60_s0,99.0,random,0,1450,0.7878787878787878
er4,60,6,er4_m60_s0,99.0,random,0,1500,0.7878787878787878
er4,60,6,er4_m60_s0,99.0,random,0,1550,0.7878787878787878
er4,60,6,er4_m60_s0,99.0,random,0,1600,0.7878787878787878
er4,60,6,er4_m60_s0,99.0,random,0,1650,0.7878787878787878
er4,60,6,er4_m60_s0,99.0,random,0,1700,0.7878787878787878
er4,60,6,er4_m60_s0,99.0,random,0,1750,0.7878787878787878
er4,60,6,er4_m60_s0,99.0,random,0,1800,0.7878787878787878
er4,60,6,er4_m60_s0,99.0,random,0,1850,0.7878787878787878
er4,60,6,er4_m60_s0,99.0,random,0,1900,0.7878787878787878
er4,60,6,er4_m60_s0,99.0,random,0,1950,0.7878787878787878
er4,60,6,er4_m60_s0,99.0,random,0,2000,0.7878787878787878
er4,60,6,er4_m60_s0,99.0,random,0,2050,0.7878787878787878
er4,60,6,er4_m60_s0,99.0,random,0,2100,0.7878787878787878
er4,60,6,er4_m60_s0,99.0,random,0,2150,0.7878787878787878
er4,60,6,er4_m60_s0,99.0,random,0,2200,0.7878787878787878
er4,60,6,er4_m60_s0,99.0,random,0,2250,0.7878787878787878
er4,60,6,er4_m60_s0,99.0,random,0,2300,0.7878787878787878
er4,60,6,er4_m60_s0,99.0,random,0,2350,0.7878787878787878
er4,60,6,er4_m60_s0,99.0,random,0,2400,0.7878787878787878
er4,60,6,er4_m60_s0,99.0,random,0,2450,0.7878787878787878
er4,60,6,er4_m60_s0,99.0,random,0,2500,0.7878787878787878
er4,60,6,er4_m60_s0,99.0,random,0,2550,0.7878787878787878
er4,60,6,er4_m60_s0,99.0,random,0,2600,0.7878787878787878
er4,60,6,er4_m60_s0,99.0,random,0,2650,0.7878787878787878
er4,60,6,er4_m60_s0,99.0,random,0,2700,0.7878787878787878
er4,60,6,er4_m60_s0,99.0,random,0,2750,0.7878787878787878
er4,60,6,er4_m60_s0,99.0,random,0,2800,0.7878787878787878
er4,60,6,er4_m60_s0,99.0,random,0,2850,0.7878787878787878
er4,60,6,er4_m60_s0,99.0,random,0,2900,0.7878787878787878
er4,60,6,er4_m60_s0,99.0,random,0,2950,0.7878787878787878
er4,60,6,er4_m60_s0,99.0,random,0,3000,0.7878787878787878
er4,60,6,er4_m60_s0,99.0,random,0,3050,0.7878787878787878
er4,60,6,er4_m60_s0,99.0,random,0,3100,0.7878787878787878
er4,60,6,er4_m60_s0,99.0,random,0,3150,0.7878787878787878
er4,60,6,er4_m60_s0,99.0,random,0,3200,0.7878787878787878
er4,60,6,er4_m60_s0,99.0,random,0,3250,0.7878787878787878
er4,60,6,er4_m60_s0,99.0,random,0,3300,0.7878787878787878
er4,60,6,er4_m60_s0,99.0,random,0,3350,0.7878787878787878
er4,60,6,er4_m60_s0,99.0,random,0,3400,0.7878787878787878
er4,60,6,er4_m60_s0,99.0,random,0,3450,0.7878787878787878
er4,60,6,er4_m60_s0,99.0,random,0,3500,0.7878787878787878
er4,60,6,er4_m60_s0,99.0,random,0,3550,0.7878787878787878
er4,60,6,er4_m60_s0,99.0,random,0,3600,0.7878787878787878
er4,60,6,er4_m60_s0,99.0,random,0,3650,0.7878787878787878
er4,60,6,er4_m60_s0,99.0,random,0,3700,0.7878787878787878
er4,60,6,er4_m60_s0,99.0,random,0,3750,0.7878787878787878
er4,60,6,er4_m60_s0,99.0,random,0,3800,0.7878787878787878
er4,60,6,er4_m60_s0,99.0,random,0,3850,0.7878787878787878
er4,60,6,er4_m60_s0,99.0,random,0,3900,0.7878787878787878
er4,60,6,er4_m60_s0,99.0,random,0,3950,0.7878787878787878
er4,60,6,er4_m60_s0,99.0,random,0,4000,0.7878787878787878
er4,60,6,er4_m60_s0,99.0,random,0,4050,0.7878787878787878
er4,60,6,er4_m60_s0,99.0,random,0,4100,0.7878787878787878
er4,60,6,er4_m60_s0,99.0,random,0,4150,0.7878787878787878
er4,60,6,er4_m60_s0,99.0,random,0,4200,0.7878787878787878
er4,60,6,er4_m60_s0,99.0,random,0,4250,0.7878787878787878
er4,60,6,er4_m60_s0,99.0,random,0,4300,0.7878787878787878
er4,60,6,er4_m60_s0,99.0,random,0,4350,0.7878787878787878
er4,60,6,er4_m60_s0,99.0,random,0,4400,0.7878787878787878
er4,60,6,er4_m60_s0,99.0,random,0,4450,0.7878787878787878
er4,60,6,er4_m60_s0,99.0,random,0,4500,0.7878787878787878
er4,60,6,er4_m60_s0,99.0,random,0,4550,0.7878787878787878
er4,60,6,er4_m60_s0,99.0,random,0,4600,0.7878787878787878
er4,60,6,er4_m60_s0,99.0,random,0,4650,0.7878787878787878
er4,60,6,er4_m60_s0,99.0,random,0,4700,0.797979797979798
er4,60,6,er4_m60_s0,99.0,random,0,4750,0.797979797979798
er4,60,6,er4_m60_s0,99.0,random,0,4800,0.797979797979798
er4,60,6,er4_m60_s0,99.0,random,0,4850,0.797979797979798
er4,60,6,er4_m60_s0,99.0,random,0,4900,0.797979797979798
er4,60,6,er4_m60_s0,99.0,random,0,4950,0.797979797979798
er4,60,6,er4_m60_s0,99.0,random,0,5000,0.797979797979798
er4,60,6,er4_m60_s0,99.0,random,0,5050,0.797979797979798
er4,60,6,er4_m60_s0,99.0,random,0,5100,0.797979797979798
er4,60,6,er4_m60_s0,99.0,random,0,5150,0.797979797979798
er4,60,6,er4_m60_s0,99.0,random,0,5200,0.797979797979798
er4,60,6,er4_m60_s0,99.0,random,0,5250,0.797979797979798
er4,60,6,er4_m60_s0,99.0,random,0,5300,0.797979797979798
er4,60,6,er4_m60_s0,99.0,random,0,5350,0.797979797979798
er4,60,6,er4_m60_s0,99.0,random,0,5400,0.797979797979798
er4,60,6,er4_m60_s0,99.0,random,0,5450,0.797979797979798
er4,60,6,er4_m60_s0,99.0,random,0,5500,0.797979797979798
er4,60,6,er4_m60_s0,99.0,random,0,5550,0.797979797979798
er4,60,6,er4_m60_s0,99.0,random,0,5600,0.797979797979798
er4,60,6,er4_m60_s0,99.0,random,0,5650,0.797979797979798
er4,60,6,er4_m60_s0,99.0,random,0,5700,0.797979797979798
er4,60,6,er4_m60_s0,99.0,random,0,5750,0.797979797979798
er4,60,6,er4_m60_s0,99.0,random,0,5800,0.797979797979798
er4,60,6,er4_m60_s0,99.0,random,0,5850,0.797979797979798
er4,60,6,er4_m60_s0,99.0,random,0,5900,0.797979797979798
er4,60,6,er4_m60_s0,99.0,random,0,5950,0.797979797979798
er4,60,6,er4_m60_s0,99.0,random,0,6000,0.797979797979798
er4,60,6,er4_m60_s0,99.0,random,0,6050,0.797979797979798
er4,60,6,er4_m60_s0,99.0,random,0,6100,0.797979797979798
er4,60,6,er4_m60_s0,99.0,random,0,6150,0.797979797979798
er4,60,6,er4_m60_s0,99.0,random,0,6200,0.797979797979798
er4,60,6,er4_m60_s0,99.0,random,0,6250,0.797979797979798
er4,60,6,er4_m60_s0,99.0,random,0,6300,0.797979797979798
er4,60,6,er4_m60_s0,99.0,random,0,6350,0.797979797979798
er4,60,6,er4_m60_s0,99.0,random,0,6400,0.797979797979798
er4,60,6,er4_m60_s0,99.0,random,0,6450,0.797979797979798
er4,60,6,er4_m60_s0,99.0,random,0,6500,0.797979797979798
er4,60,6,er4_m60_s0,99.0,random,0,6550,0.797979797979798
er4,60,6,er4_m60_s0,99.0,random,0,6600,0.797979797979798
er4,60,6,er4_m60_s0,99.0,random,0,6650,0.797979797979798
er4,60,6,er4_m60_s0,99.0,random,0,6700,0.797979797979798
er4,60,6,er4_m60_s0,99.0,random,0,6750,0.797979797979798
er4,60,6,er4_m60_s0,99.0,random,0,6800,0.797979797979798
er4,60,6,er4_m60_s0,99.0,random,0,6850,0.797979797979798
er4,60,6,er4_m60_s0,99.0,random,0,6900,0.797979797979798
er4,60,6,er4_m60_s0,99.0,random,0,6950,0.797979797979798
er4,60,6,er4_m60_s0,99.0,random,0,7000,0.797979797979798
er4,60,6,er4_m60_s0,99.0,random,0,7050,0.797979797979798
er4,60,6,er4_m60_s0,99.0,random,0,7100,0.797979797979798
er4,60,6,er4_m60_s0,99.0,random,0,7150,0.797979797979798
er4,60,6,er4_m60_s0,99.0,random,0,7200,0.797979797979798
er4,60,6,er4_m60_s0,99.0,random,0,7250,0.797979797979798
er4,60,6,er4_m60_s0,99.0,random,0,7300,0.797979797979798
er4,60,6,er4_m60_s0,99.0,random,0,7350,0.797979797979798
er4,60,6,er4_m60_s0,99.0,random,0,7400,0.797979797979798
er4,60,6,er4_m60_s0,99.0,random,0,7450,0.797979797979798
er4,60,6,er4_m60_s0,99.0,random,0,7500,0.797979797979798
er4,60,6,er4_m60_s0,99.0,random,0,7550,0.797979797979798
er4,60,6,er4_m60_s0,99.0,random,0,7600,0.797979797979798
er4,60,6,er4_m60_s0,99.0,random,0,7650,0.797979797979798
er4,60,6,er4_m60_s0,99.0,random,0,7700,0.797979797979798
er4,60,6,er4_m60_s0,99.0,random,0,7750,0.797979797979798
er4,60,6,er4_m60_s0,99.0,random,0,7800,0.797979797979798
er4,60,6,er4_m60_s0,99.0,random,0,7850,0.797979797979798
er4,60,6,er4_m60_s0,99.0,random,0,7900,0.797979797979798
er4,60,6,er4_m60_s0,99.0,random,0,7950,0.797979797979798
er4,60,6,er4_m60_s0,99.0,random,0,8000,0.797979797979798
er4,60,6,er4_m60_s0,99.0,random,0,8050,0.797979797979798
er4,60,6,er4_m60_s0,99.0,random,0,8100,0.797979797979798
er4,60,6,er4_m60_s0,99.0,random,0,8150,0.797979797979798
er4,60,6,er4_m60_s0,99.0,random,0,8200,0.797979797979798
er4,60,6,er4_m60_s0,99.0,random,0,8250,0.797979797979798
er4,60,6,er4_m60_s0,99.0,random,0,8300,0.797979797979798
er4,60,6,er4_m60_s0,99.0,random,0,8350,0.797979797979798
er4,60,6,er4_m60_s0,99.0,random,0,8400,0.797979797979798
er4,60,6,er4_m60_s0,99.0,random,0,8450,0.797979797979798
er4,60,6,er4_m60_s0,99.0,random,0,8500,0.797979797979798
er4,60,6,er4_m60_s0,99.0,random,0,8550,0.797979797979798
er4,60,6,er4_m60_s0,99.0,random,0,8600,0.797979797979798
er4,60,6,er4_m60_s0,99.0,random,0,8650,0.797979797979798
er4,60,6,er4_m60_s0,99.0,random,0,8700,0.797979797979798
er4,60,6,er4_m60_s0,99.0,random,0,8750,0.797979797979798
er4,60,6,er4_m60_s0,99.0,random,0,8800,0.797979797979798
er4,60,6,er4_m60_s0,99.0,random,0,8850,0.797979797979798
er4,60,6,er4_m60_s0,99.0,random,0,8900,0.797979797979798
er4,60,6,er4_m60_s0,99.0,random,0,8950,0.797979797979798
er4,60,6,er4_m60_s0,99.0,random,0,9000,0.797979797979798
er4,60,6,er4_m60_s0,99.0,random,0,9050,0.797979797979798
er4,60,6,er4_m60_s0,99.0,random,0,9100,0.797979797979798
er4,60,6,er4_m60_s0,99.0,random,0,9150,0.797979797979798
er4,60,6,er4_m60_s0,99.0,random,0,9200,0.797979797979798
er4,60,6,er4_m60_s0,99.0,random,0,9250,0.797979797979798
er4,60,6,er4_m60_s0,99.0,random,0,9300,0.797979797979798
er4,60,6,er4_m60_s0,99.0,random,0,9350,0.797979797979798
er4,60,6,er4_m60_s0,99.0,random,0,9400,0.797979797979798
er4,60,6,er4_m60_s0,99.0,random,0,9450,0.797979797979798
er4,60,6,er4_m60_s0,99.0,random,0,9500,0.797979797979798
er4,60,6,er4_m60_s0,99.0,random,0,9550,0.797979797979798
er4,60,6,er4_m60_s0,99.0,random,0,9600,0.797979797979798
er4,60,6,er4_m60_s0,99.0,random,0,9650,0.797979797979798
er4,60,6,er4_m60_s0,99.0,random,0,9700,0.797979797979798
er4,60,6,er4_m60_s0,99.0,random,0,9750,0.797979797979798
er4,60,6,er4_m60_s0,99.0,random,0,9800,0.797979797979798
er4,60,6,er4_m60_s0,99.0,random,0,9850,0.797979797979798
er4,60,6,er4_m60_s0,99.0,random,0,9900,0.797979797979798
er4,60,6,er4_m60_s0,99.0,random,0,9950,0.797979797979798
er4,60,6,er4_m60_s0,99.0,random,0,10000,0.797979797979798
er4,60,6,er4_m60_s0,99.0,random,0,10050,0.797979797979798
er4,60,6,er4_m60_s0,99.0,random,0,10100,0.797979797979798
er4,60,6,er4_m60_s0,99.0,random,0,10150,0.797979797979798
er4,60,6,er4_m60_s0,99.0,random,0,10200,0.797979797979798
er4,60,6,er4_m60_s0,99.0,random,0,10250,0.797979797979798
er4,60,6,er4_m60_s0,99.0,random,0,10300,0.797979797979798
er4,60,6,er4_m60_s0,99.0,random,0,10350,0.797979797979798
er4,60,6,er4_m60_s0,99.0,random,0,10400,0.797979797979798
er4,60,6,er4_m60_s0,99.0,random,0,10450,0.797979797979798
er4,60,6,er4_m60_s0,99.0,random,0,10500,0.797979797979798
er4,60,6,er4_m60_s0,99.0,random,0,10550,0.797979797979798
er4,60,6,er4_m60_s0,99.0,random,0,10600,0.797979797979798
er4,60,6,er4_m60_s0,99.0,random,0,10650,0.797979797979798
er4,60,6,er4_m60_s0,99.0,random,0,10700,0.797979797979798
er4,60,6,er4_m60_s0,99.0,random,0,10750,0.797979797979798
er4,60,6,er4_m60_s0,99.0,random,0,10800,0.797979797979798
er4,60,6,er4_m60_s0,99.0,random,0,10850,0.797979797979798
er4,60,6,er4_m60_s0,99.0,random,0,10900,0.797979797979798
er4,60,6,er4_m60_s0,99.0,random,0,10950,0.797979797979798
er4,60,6,er4_m60_s0,99.0,random,0,11000,0.797979797979798
er4,60,6,er4_m60_s0,99.0,random,0,11050,0.797979797979798
er4,60,6,er4_m60_s0,99.0,random,0,11100,0.797979797979798
er4,60,6,er4_m60_s0,99.0,random,0,11150,0.797979797979798
er4,60,6,er4_m60_s0,99.0,random,0,11200,0.797979797979798
er4,60,6,er4_m60_s0,99.0,random,0,11250,0.797979797979798
er4,60,6,er4_m60_s0,99.0,random,0,11300,0.797979797979798
er4,60,6,er4_m60_s0,99.0,random,0,11350,0.797979797979798
er4,60,6,er4_m60_s0,99.0,random,0,11400,0.797979797979798
er4,60,6,er4_m60_s0,99.0,random,0,11450,0.797979797979798
er4,60,6,er4_m60_s0,99.0,random,0,11500,0.797979797979798
er4,60,6,er4_m60_s0,99.0,random,0,11550,0.797979797979798
er4,60,6,er4_m60_s0,99.0,random,0,11600,0.797979797979798
er4,60,6,er4_m60_s0,99.0,random,0,11650,0.797979797979798
er4,60,6,er4_m60_s0,99.0,random,0,11700,0.797979797979798
er4,60,6,er4_m60_s0,99.0,random,0,11750,0.797979797979798
er4,60,6,er4_m60_s0,99.0,random,0,11800,0.797979797979798
er4,60,6,er4_m60_s0,99.0,random,0,11850,0.797979797979798
er4,60,6,er4_m60_s0,99.0,random,0,11900,0.797979797979798
er4,60,6,er4_m60_s0,99.0,random,0,11950,0.797979797979798
er4,60,6,er4_m60_s0,99.0,random,0,12000,0.797979797979798
er4,60,6,er4_m60_s0,99.0,random,0,12050,0.797979797979798
er4,60,6,er4_m60_s0,99.0,random,0,12100,0.797979797979798
er4,60,6,er4_m60_s0,99.0,random,0,12150,0.797979797979798
er4,60,6,er4_m60_s0,99.0,random,0,12200,0.797979797979798
er4,60,6,er4_m60_s0,99.0,random,0,12250,0.797979797979798
er4,60,6,er4_m60_s0,99.0,random,0,12300,0.797979797979798
er4,60,6,er4_m60_s0,99.0,random,0,12350,0.797979797979798
er4,60,6,er4_m60_s0,99.0,random,0,12400,0.797979797979798
er4,60,6,er4_m60_s0,99.0,random,0,12450,0.797979797979798
er4,60,6,er4_m60_s0,99.0,random,0,12500,0.797979797979798
er4,60,6,er4_m60_s0,99.0,random,0,12550,0.797979797979798
er4,60,6,er4_m60_s0,99.0,random,0,12600,0.797979797979798
er4,60,6,er4_m60_s0,99.0,random,0,12650,0.797979797979798
er4,60,6,er4_m60_s0,99.0,random,0,12700,0.797979797979798
er4,60,6,er4_m60_s0,99.0,random,0,12750,0.797979797979798
er4,60,6,er4_m60_s0,99.0,random,0,12800,0.797979797979798
er4,60,6,er4_m60_s0,99.0,random,0,12850,0.797979797979798
er4,60,6,er4_m60_s0,99.0,random,0,12900,0.797979797979798
er4,60,6,er4_m60_s0,99.0,random,0,12950,0.797979797979798
er4,60,6,er4_m60_s0,99.0,random,0,13000,0.797979797979798
er4,60,6,er4_m60_s0,99.0,random,0,13050,0.797979797979798
er4,60,6,er4_m60_s0,99.0,random,0,13100,0.797979797979798
er4,60,6,er4_m60_s0,99.0,random,0,13150,0.797979797979798
er4,60,6,er4_m60_s0,99.0,random,0,13200,0.797979797979798
er4,60,6,er4_m60_s0,99.0,random,0,13250,0.797979797979798
er4,60,6,er4_m60_s0,99.0,random,0,13300,0.797979797979798
er4,60,6,er4_m60_s0,99.0,random,0,13350,0.797979797979798
er4,60,6,er4_m60_s0,99.0,random,0,13400,0.797979797979798
er4,60,6,er4_m60_s0,99.0,random,0,13450,0.797979797979798
er4,60,6,er4_m60_s0,99.0,random,0,13500,0.797979797979798
er4,60,6,er4_m60_s0,99.0,random,0,13550,0.797979797979798
er4,60,6,er4_m60_s0,99.0,random,0,13600,0.797979797979798
er4,60,6,er4_m60_s0,99.0,random,0,13650,0.797979797979798
er4,60,6,er4_m60_s0,99.0,random,0,13700,0.797979797979798
er4,60,6,er4_m60_s0,99.0,random,0,13750,0.797979797979798
er4,60,6,er4_m60_s0,99.0,random,0,13800,0.797979797979798
er4,60,6,er4_m60_s0,99.0,random,0,13850,0.797979797979798
er4,60,6,er4_m60_s0,99.0,random,0,13900,0.797979797979798
er4,60,6,er4_m60_s0,99.0,random,0,13950,0.797979797979798
er4,60,6,er4_m60_s0,99.0,random,0,14000,0.797979797979798
er4,60,6,er4_m60_s0,99.0,random,0,14050,0.797979797979798
er4,60,6,er4_m60_s0,99.0,random,0,14100,0.797979797979798
er4,60,6,er4_m60_s0,99.0,random,0,14150,0.797979797979798
er4,60,6,er4_m60_s0,99.0,random,0,14200,0.797979797979798
er4,60,6,er4_m60_s0,99.0,random,0,14250,0.797979797979798
er4,60,6,er4_m60_s0,99.0,random,0,14300,0.797979797979798
er4,60,6,er4_m60_s0,99.0,random,0,14350,0.797979797979798
er4,60,6,er4_m60_s0,99.0,random,0,14400,0.797979797979798
er4,60,6,er4_m60_s0,99.0,random,0,14450,0.797979797979798
er4,60,6,er4_m60_s0,99.0,random,0,14500,0.797979797979798
er4,60,6,er4_m60_s0,99.0,random,0,14550,0.797979797979798
er4,60,6,er4_m60_s0,99.0,random,0,14600,0.797979797979798
er4,60,6,er4_m60_s0,99.0,random,0,14650,0.797979797979798
er4,60,6,er4_m60_s0,99.0,random,0,14700,0.797979797979798
er4,60,6,er4_m60_s0,99.0,random,0,14750,0.797979797979798
er4,60,6,er4_m60_s0,99.0,random,0,14800,0.797979797979798
er4,60,6,er4_m60_s0,99.0,random,0,14850,0.797979797979798
er4,60,6,er4_m60_s0,99.0,random,0,14900,0.797979797979798
er4,60,6,er4_m60_s0,99.0,random,0,14950,0.797979797979798
er4,60,6,er4_m60_s0,99.0,random,0,15000,0.797979797979798
er4,60,6,er4_m60_s0,99.0,random,0,15050,0.797979797979798
er4,60,6,er4_m60_s0,99.0,random,0,15100,0.797979797979798
er4,60,6,er4_m60_s0,99.0,random,0,15150,0.797979797979798
er4,60,6,er4_m60_s0,99.0,random,0,15200,0.797979797979798
er4,60,6,er4_m60_s0,99.0,random,0,15250,0.797979797979798
er4,60,6,er4_m60_s0,99.0,random,0,15300,0.797979797979798
er4,60,6,er4_m60_s0,99.0,random,0,15350,0.797979797979798
er4,60,6,er4_m60_s0,99.0,random,0,15400,0.797979797979798
er4,60,6,er4_m60_s0,99.0,random,0,15450,0.797979797979798
er4,60,6,er4_m60_s0,99.0,random,0,15500,0.797979797979798
er4,60,6,er4_m60_s0,99.0,random,0,15550,0.797979797979798
er4,60,6,er4_m60_s0,99.0,random,0,15600,0.797979797979798
er4,60,6,er4_m60_s0,99.0,random,0,15650,0.797979797979798
er4,60,6,er4_m60_s0,99.0,random,0,15700,0.797979797979798
er4,60,6,er4_m60_s0,99.0,random,0,15750,0.797979797979798
er4,60,6,er4_m60_s0,99.0,random,0,15800,0.797979797979798
er4,60,6,er4_m60_s0,99.0,random,0,15850,0.797979797979798
er4,60,6,er4_m60_s0,99.0,random,0,15900,0.797979797979798
er4,60,6,er4_m60_s0,99.0,random,0,15950,0.797979797979798
er4,60,6,er4_m60_s0,99.0,random,0,16000,0.797979797979798
er4,60,6,er4_m60_s0,99.0,random,0,16050,0.797979797979798
er4,60,6,er4_m60_s0,99.0,random,0,16100,0.797979797979798
er4,60,6,er4_m60_s0,99.0,random,0,16150,0.797979797979798
er4,60,6,er4_m60_s0,99.0,random,0,16200,0.797979797979798
er4,60,6,er4_m60_s0,99.0,random,0,16250,0.797979797979798
er4,60,6,er4_m60_s0,99.0,random,0,16300,0.797979797979798
er4,60,6,er4_m60_s0,99.0,random,0,16350,0.797979797979798
er4,60,6,er4_m60_s0,99.0,random,0,16400,0.797979797979798
er4,60,6,er4_m60_s0,99.0,random,0,16450,0.797979797979798
er4,60,6,er4_m60_s0,99.0,random,0,16500,0.797979797979798
er4,60,6,er4_m60_s0,99.0,random,0,16550,0.797979797979798
er4,60,6,er4_m60_s0,99.0,random,0,16600,0.797979797979798
er4,60,6,er4_m60_s0,99.0,random,0,16650,0.797979797979798
er4,60,6,er4_m60_s0,99.0,random,0,16700,0.797979797979798
er4,60,6,er4_m60_s0,99.0,random,0,16750,0.797979797979798
er4,60,6,er4_m60_s0,99.0,random,0,16800,0.797979797979798
er4,60,6,er4_m60_s0,99.0,random,0,16850,0.797979797979798
er4,60,6,er4_m60_s0,99.0,random,0,16900,0.797979797979798
er4,60,6,er4_m60_s0,99.0,random,0,16950,0.797979797979798
er4,60,6,er4_m60_s0,99.0,random,0,17000,0.797979797979798
er4,60,6,er4_m60_s0,99.0,random,0,17050,0.8181818181818182
er4,60,6,er4_m60_s0,99.0,random,0,17100,0.8181818181818182
er4,60,6,er4_m60_s0,99.0,random,0,17150,0.8181818181818182
er4,60,6,er4_m60_s0,99.0,random,0,17200,0.8181818181818182
er4,60,6,er4_m60_s0,99.0,random,0,17250,0.8181818181818182
er4,60,6,er4_m60_s0,99.0,random,0,17300,0.8181818181818182
er4,60,6,er4_m60_s0,99.0,random,0,17350,0.8181818181818182
er4,60,6,er4_m60_s0,99.0,random,0,17400,0.8181818181818182
er4,60,6,er4_m60_s0,99.0,random,0,17450,0.8181818181818182
er4,60,6,er4_m60_s0,99.0,random,0,17500,0.8181818181818182
er4,60,6,er4_m60_s0,99.0,random,0,17550,0.8181818181818182
er4,60,6,er4_m60_s0,99.0,random,0,17600,0.8181818181818182
er4,60,6,er4_m60_s0,99.0,random,0,17650,0.8181818181818182
er4,60,6,er4_m60_s0,99.0,random,0,17700,0.8181818181818182
er4,60,6,er4_m60_s0,99.0,random,0,17750,0.8181818181818182
er4,60,6,er4_m60_s0,99.0,random,0,17800,0.8181818181818182
er4,60,6,er4_m60_s0,99.0,random,0,17850,0.8181818181818182
er4,60,6,er4_m60_s0,99.0,random,0,17900,0.8181818181818182
er4,60,6,er4_m60_s0,99.0,random,0,17950,0.8181818181818182
er4,60,6,er4_m60_s0,99.0,random,0,18000,0.8181818181818182
er4,60,6,er4_m60_s0,99.0,random,0,18050,0.8181818181818182
er4,60,6,er4_m60_s0,99.0,random,0,18100,0.8181818181818182
er4,60,6,er4_m60_s0,99.0,random,0,18150,0.8181818181818182
er4,60,6,er4_m60_s0,99.0,random,0,18200,0.8181818181818182
er4,60,6,er4_m60_s0,99.0,random,0,18250,0.8181818181818182
er4,60,6,er4_m60_s0,99.0,random,0,18300,0.8181818181818182
er4,60,6,er4_m60_s0,99.0,random,0,18350,0.8181818181818182
er4,60,6,er4_m60_s0,99.0,random,0,18400,0.8181818181818182
er4,60,6,er4_m60_s0,99.0,random,0,18450,0.8181818181818182
er4,60,6,er4_m60_s0,99.0,random,0,18500,0.8181818181818182
er4,60,6,er4_m60_s0,99.0,random,0,18550,0.8181818181818182
er4,60,6,er4_m60_s0,99.0,random,0,18600,0.8181818181818182
er4,60,6,er4_m60_s0,99.0,random,0,18650,0.8181818181818182
er4,60,6,er4_m60_s0,99.0,random,0,18700,0.8181818181818182
er4,60,6,er4_m60_s0,99.0,random,0,18750,0.8181818181818182
er4,60,6,er4_m60_s0,99.0,random,0,18800,0.8181818181818182
er4,60,6,er4_m60_s0,99.0,random,0,18850,0.8181818181818182
er4,60,6,er4_m60_s0,99.0,random,0,18900,0.8181818181818182
er4,60,6,er4_m60_s0,99.0,random,0,18950,0.8181818181818182
er4,60,6,er4_m60_s0,99.0,random,0,19000,0.8181818181818182
er4,60,6,er4_m60_s0,99.0,random,0,19050,0.8181818181818182
er4,60,6,er4_m60_s0,99.0,random,0,19100,0.8181818181818182
er4,60,6,er4_m60_s0,99.0,random,0,19150,0.8181818181818182
er4,60,6,er4_m60_s0,99.0,random,0,19200,0.8181818181818182
er4,60,6,er4_m60_s0,99.0,random,0,19250,0.8181818181818182
er4,60,6,er4_m60_s0,99.0,random,0,19300,0.8181818181818182
er4,60,6,er4_m60_s0,99.0,random,0,19350,0.8181818181818182
er4,60,6,er4_m60_s0,99.0,random,0,19400,0.8181818181818182
er4,60,6,er4_m60_s0,99.0,random,0,19450,0.8181818181818182
er4,60,6,er4_m60_s0,99.0,random,0,19500,0.8181818181818182
er4,60,6,er4_m60_s0,99.0,random,0,19550,0.8181818181818182
er4,60,6,er4_m60_s0,99.0,random,0,19600,0.8181818181818182
er4,60,6,er4_m60_s0,99.0,random,0,19650,0.8181818181818182
er4,60,6,er4_m60_s0,99.0,random,0,19700,0.8181818181818182
er4,60,6,er4_m60_s0,99.0,random,0,19750,0.8181818181818182
er4,60,6,er4_m60_s0,99.0,random,0,19800,0.8181818181818182
er4,60,6,er4_m60_s0,99.0,random,0,19850,0.8181818181818182
er4,60,6,er4_m60_s0,99.0,random,0,19900,0.8181818181818182
er4,60,6,er4_m60_s0,99.0,random,0,19950,0.8181818181818182
er4,60,6,er4_m60_s0,99.0,random,0,20000,0.8181818181818182
er4,60,6,er4_m60_s0,99.0,genpce_es,1,10,0.5050505050505051
er4,60,6,er4_m60_s0,99.0,genpce_es,1,60,0.7070707070707071
er4,60,6,er4_m60_s0,99.0,genpce_es,1,110,0.7070707070707071
er4,60,6,er4_m60_s0,99.0,genpce_es,1,160,0.7777777777777778
er4,60,6,er4_m60_s0,99.0,genpce_es,1,210,0.7777777777777778
er4,60,6,er4_m60_s0,99.0,genpce_es,1,260,0.7878787878787878
er4,60,6,er4_m60_s0,99.0,genpce_es,1,310,0.7878787878787878
er4,60,6,er4_m60_s0,99.0,genpce_es,1,360,0.8181818181818182
er4,60,6,er4_m60_s0,99.0,genpce_es,1,410,0.8181818181818182
er4,60,6,er4_m60_s0,99.0,genpce_es,1,460,0.8181818181818182
er4,60,6,er4_m60_s0,99.0,genpce_es,1,510,0.8181818181818182
er4,60,6,er4_m60_s0,99.0,genpce_es,1,560,0.8181818181818182
er4,60,6,er4_m60_s0,99.0,genpce_es,1,610,0.8181818181818182
er4,60,6,er4_m60_s0,99.0,genpce_es,1,660,0.8181818181818182
er4,60,6,er4_m60_s0,99.0,genpce_es,1,710,0.8181818181818182
er4,60,6,er4_m60_s0,99.0,genpce_es,1,760,0.8181818181818182
er4,60,6,er4_m60_s0,99.0,genpce_es,1,810,0.8181818181818182
er4,60,6,er4_m60_s0,99.0,genpce_es,1,860,0.8080808080808081
er4,60,6,er4_m60_s0,99.0,genpce_es,1,910,0.8080808080808081
er4,60,6,er4_m60_s0,99.0,genpce_es,1,960,0.8181818181818182
er4,60,6,er4_m60_s0,99.0,genpce_es,1,1010,0.8181818181818182
er4,60,6,er4_m60_s0,99.0,genpce_es,1,1060,0.8181818181818182
er4,60,6,er4_m60_s0,99.0,genpce_es,1,1110,0.8383838383838383
er4,60,6,er4_m60_s0,99.0,genpce_es,1,1160,0.8383838383838383
er4,60,6,er4_m60_s0,99.0,genpce_es,1,1210,0.8383838383838383
er4,60,6,er4_m60_s0,99.0,genpce_es,1,1260,0.8383838383838383
er4,60,6,er4_m60_s0,99.0,genpce_es,1,1310,0.8383838383838383
er4,60,6,er4_m60_s0,99.0,genpce_es,1,1360,0.8383838383838383
er4,60,6,er4_m60_s0,99.0,genpce_es,1,1410,0.8383838383838383
er4,60,6,er4_m60_s0,99.0,genpce_es,1,1460,0.8282828282828283
er4,60,6,er4_m60_s0,99.0,genpce_es,1,1510,0.8282828282828283
er4,60,6,er4_m60_s0,99.0,genpce_es,1,1560,0.8282828282828283
er4,60,6,er4_m60_s0,99.0,genpce_es,1,1610,0.8282828282828283
er4,60,6,er4_m60_s0,99.0,genpce_es,1,1660,0.8383838383838383
er4,60,6,er4_m60_s0,99.0,genpce_es,1,1710,0.8585858585858586
er4,60,6,er4_m60_s0,99.0,genpce_es,1,1760,0.8686868686868687
er4,60,6,er4_m60_s0,99.0,genpce_es,1,1810,0.8686868686868687
er4,60,6,er4_m60_s0,99.0,genpce_es,1,1860,0.8686868686868687
er4,60,6,er4_m60_s0,99.0,genpce_es,1,1910,0.8888888888888888
er4,60,6,er4_m60_s0,99.0,genpce_es,1,1960,0.8888888888888888
er4,60,6,er4_m60_s0,99.0,genpce_es,1,2010,0.8888888888888888
er4,60,6,er4_m60_s0,99.0,genpce_es,1,2060,0.8888888888888888
er4,60,6,er4_m60_s0,99.0,genpce_es,1,2110,0.8888888888888888
er4,60,6,er4_m60_s0,99.0,genpce_es,1,2160,0.8787878787878788
er4,60,6,er4_m60_s0,99.0,genpce_es,1,2210,0.8787878787878788
er4,60,6,er4_m60_s0,99.0,genpce_es,1,2260,0.8787878787878788
er4,60,6,er4_m60_s0,99.0,genpce_es,1,2310,0.8888888888888888
er4,60,6,er4_m60_s0,99.0,genpce_es,1,2360,0.8888888888888888
er4,60,6,er4_m60_s0,99.0,genpce_es,1,2410,0.8888888888888888
er4,60,6,er4_m60_s0,99.0,genpce_es,1,2460,0.8888888888888888
er4,60,6,er4_m60_s0,99.0,genpce_es,1,2510,0.8888888888888888
er4,60,6,er4_m60_s0,99.0,genpce_es,1,2560,0.8888888888888888
er4,60,6,er4_m60_s0,99.0,genpce_es,1,2610,0.8888888888888888
er4,60,6,er4_m60_s0,99.0,genpce_es,1,2660,0.8888888888888888
er4,60,6,er4_m60_s0,99.0,genpce_es,1,2710,0.8888888888888888
er4,60,6,er4_m60_s0,99.0,genpce_es,1,2760,0.8888888888888888
er4,60,6,er4_m60_s0,99.0,genpce_es,1,2810,0.8888888888888888
er4,60,6,er4_m60_s0,99.0,genpce_es,1,2860,0.8888888888888888
er4,60,6,er4_m60_s0,99.0,genpce_es,1,2910,0.8787878787878788
er4,60,6,er4_m60_s0,99.0,genpce_es,1,2960,0.8787878787878788
er4,60,6,er4_m60_s0,99.0,genpce_es,1,3010,0.8787878787878788
er4,60,6,er4_m60_s0,99.0,genpce_es,1,3060,0.8787878787878788
er4,60,6,er4_m60_s0,99.0,genpce_es,1,3110,0.8787878787878788
er4,60,6,er4_m60_s0,99.0,genpce_es,1,3160,0.8787878787878788
er4,60,6,er4_m60_s0,99.0,genpce_es,1,3210,0.8787878787878788
er4,60,6,er4_m60_s0,99.0,genpce_es,1,3260,0.8787878787878788
er4,60,6,er4_m60_s0,99.0,genpce_es,1,3310,0.8787878787878788
er4,60,6,er4_m60_s0,99.0,genpce_es,1,3360,0.8888888888888888
er4,60,6,er4_m60_s0,99.0,genpce_es,1,3410,0.8888888888888888
er4,60,6,er4_m60_s0,99.0,genpce_es,1,3460,0.8888888888888888
er4,60,6,er4_m60_s0,99.0,genpce_es,1,3510,0.8888888888888888
er4,60,6,er4_m60_s0,99.0,genpce_es,1,3560,0.8888888888888888
er4,60,6,er4_m60_s0,99.0,genpce_es,1,3610,0.8888888888888888
er4,60,6,er4_m60_s0,99.0,genpce_es,1,3660,0.8888888888888888
er4,60,6,er4_m60_s0,99.0,genpce_es,1,3710,0.8888888888888888
er4,60,6,er4_m60_s0,99.0,genpce_es,1,3760,0.8888888888888888
er4,60,6,er4_m60_s0,99.0,genpce_es,1,3810,0.8888888888888888
er4,60,6,er4_m60_s0,99.0,genpce_es,1,3860,0.8888888888888888
er4,60,6,er4_m60_s0,99.0,genpce_es,1,3910,0.8888888888888888
er4,60,6,er4_m60_s0,99.0,genpce_es,1,3960,0.8888888888888888
er4,60,6,er4_m60_s0,99.0,genpce_es,1,4010,0.8888888888888888
er4,60,6,er4_m60_s0,99.0,genpce_es,1,4060,0.8888888888888888
er4,60,6,er4_m60_s0,99.0,genpce_es,1,4110,0.8888888888888888
er4,60,6,er4_m60_s0,99.0,genpce_es,1,4160,0.8888888888888888
er4,60,6,er4_m60_s0,99.0,genpce_es,1,4210,0.8888888888888888
er4,60,6,er4_m60_s0,99.0,genpce_es,1,4260,0.8888888888888888
er4,60,6,er4_m60_s0,99.0,genpce_es,1,4310,0.8888888888888888
er4,60,6,er4_m60_s0,99.0,genpce_es,1,4360,0.8888888888888888
er4,60,6,er4_m60_s0,99.0,genpce_es,1,4410,0.8888888888888888
er4,60,6,er4_m60_s0,99.0,genpce_es,1,4460,0.8888888888888888
er4,60,6,er4_m60_s0,99.0,genpce_es,1,4510,0.8888888888888888
er4,60,6,er4_m60_s0,99.0,genpce_es,1,4560,0.8888888888888888
er4,60,6,er4_m60_s0,99.0,genpce_es,1,4610,0.8888888888888888
er4,60,6,er4_m60_s0,99.0,genpce_es,1,4660,0.8888888888888888
er4,60,6,er4_m60_s0,99.0,genpce_es,1,4710,0.8888888888888888
er4,60,6,er4_m60_s0,99.0,genpce_es,1,4760,0.8888888888888888
er4,60,6,er4_m60_s0,99.0,genpce_es,1,4810,0.8888888888888888
er4,60,6,er4_m60_s0,99.0,genpce_es,1,4860,0.8888888888888888
er4,60,6,er4_m60_s0,99.0,genpce_es,1,4910,0.8888888888888888
er4,60,6,er4_m60_s0,99.0,genpce_es,1,4960,0.8888888888888888
er4,60,6,er4_m60_s0,99.0,genpce_es,1,5010,0.8888888888888888
er4,60,6,er4_m60_s0,99.0,genpce_es,1,5060,0.8888888888888888
er4,60,6,er4_m60_s0,99.0,genpce_es,1,5110,0.8888888888888888
er4,60,6,er4_m60_s0,99.0,genpce_es,1,5160,0.8888888888888888
er4,60,6,er4_m60_s0,99.0,genpce_es,1,5210,0.8888888888888888
er4,60,6,er4_m60_s0,99.0,genpce_es,1,5260,0.8888888888888888
er4,60,6,er4_m60_s0,99.0,genpce_es,1,5310,0.8888888888888888
er4,60,6,er4_m60_s0,99.0,genpce_es,1,5360,0.8888888888888888
er4,60,6,er4_m60_s0,99.0,genpce_es,1,5410,0.8888888888888888
er4,60,6,er4_m60_s0,99.0,genpce_es,1,5460,0.8888888888888888
er4,60,6,er4_m60_s0,99.0,genpce_es,1,5510,0.8888888888888888
er4,60,6,er4_m60_s0,99.0,genpce_es,1,5560,0.8888888888888888
er4,60,6,er4_m60_s0,99.0,genpce_es,1,5610,0.8888888888888888
er4,60,6,er4_m60_s0,99.0,genpce_es,1,5660,0.8888888888888888
er4,60,6,er4_m60_s0,99.0,genpce_es,1,5710,0.8888888888888888
er4,60,6,er4_m60_s0,99.0,genpce_es,1,5760,0.8888888888888888
er4,60,6,er4_m60_s0,99.0,genpce_es,1,5810,0.8888888888888888
er4,60,6,er4_m60_s0,99.0,genpce_es,1,5860,0.8888888888888888
er4,60,6,er4_m60_s0,99.0,genpce_es,1,5910,0.8888888888888888
er4,60,6,er4_m60_s0,99.0,genpce_es,1,5960,0.8888888888888888
er4,60,6,er4_m60_s0,99.0,genpce_es,1,6010,0.8888888888888888
er4,60,6,er4_m60_s0,99.0,genpce_es,1,6060,0.8888888888888888
er4,60,6,er4_m60_s0,99.0,genpce_es,1,6110,0.8888888888888888
er4,60,6,er4_m60_s0,99.0,genpce_es,1,6160,0.8888888888888888
er4,60,6,er4_m60_s0,99.0,genpce_es,1,6210,0.8888888888888888
er4,60,6,er4_m60_s0,99.0,genpce_es,1,6260,0.8888888888888888
er4,60,6,er4_m60_s0,99.0,genpce_es,1,6310,0.8888888888888888
er4,60,6,er4_m60_s0,99.0,genpce_es,1,6360,0.8888888888888888
er4,60,6,er4_m60_s0,99.0,genpce_es,1,6410,0.8888888888888888
er4,60,6,er4_m60_s0,99.0,genpce_es,1,6460,0.8888888888888888
er4,60,6,er4_m60_s0,99.0,genpce_es,1,6510,0.8888888888888888
er4,60,6,er4_m60_s0,99.0,genpce_es,1,6560,0.8888888888888888
er4,60,6,er4_m60_s0,99.0,genpce_es,1,6610,0.8888888888888888
er4,60,6,er4_m60_s0,99.0,genpce_es,1,6660,0.8888888888888888
er4,60,6,er4_m60_s0,99.0,genpce_es,1,6710,0.8888888888888888
er4,60,6,er4_m60_s0,99.0,genpce_es,1,6760,0.8888888888888888
er4,60,6,er4_m60_s0,99.0,genpce_es,1,6810,0.8888888888888888
er4,60,6,er4_m60_s0,99.0,genpce_es,1,6860,0.8888888888888888
er4,60,6,er4_m60_s0,99.0,genpce_es,1,6910,0.8888888888888888
er4,60,6,er4_m60_s0,99.0,genpce_es,1,6960,0.8888888888888888
er4,60,6,er4_m60_s0,99.0,genpce_es,1,7010,0.8888888888888888
er4,60,6,er4_m60_s0,99.0,genpce_es,1,7060,0.8888888888888888
er4,60,6,er4_m60_s0,99.0,genpce_es,1,7110,0.8888888888888888
er4,60,6,er4_m60_s0,99.0,genpce_es,1,7160,0.8888888888888888
er4,60,6,er4_m60_s0,99.0,genpce_es,1,7210,0.8888888888888888
er4,60,6,er4_m60_s0,99.0,genpce_es,1,7260,0.8888888888888888
er4,60,6,er4_m60_s0,99.0,genpce_es,1,7310,0.8888888888888888
er4,60,6,er4_m60_s0,99.0,genpce_es,1,7360,0.8888888888888888
er4,60,6,er4_m60_s0,99.0,genpce_es,1,7410,0.8888888888888888
er4,60,6,er4_m60_s0,99.0,genpce_es,1,7460,0.8888888888888888
er4,60,6,er4_m60_s0,99.0,genpce_es,1,7510,0.8888888888888888
er4,60,6,er4_m60_s0,99.0,genpce_es,1,7560,0.8888888888888888
er4,60,6,er4_m60_s0,99.0,genpce_es,1,7610,0.8888888888888888
er4,60,6,er4_m60_s0,99.0,genpce_es,1,7660,0.8888888888888888
er4,60,6,er4_m60_s0,99.0,genpce_es,1,7710,0.8888888888888888
er4,60,6,er4_m60_s0,99.0,genpce_es,1,7760,0.8888888888888888
er4,60,6,er4_m60_s0,99.0,genpce_es,1,7810,0.8888888888888888
er4,60,6,er4_m60_s0,99.0,genpce_es,1,7860,0.8888888888888888
er4,60,6,er4_m60_s0,99.0,genpce_es,1,7910,0.8888888888888888
er4,60,6,er4_m60_s0,99.0,genpce_es,1,7960,0.8888888888888888
er4,60,6,er4_m60_s0,99.0,genpce_es,1,8010,0.8888888888888888
er4,60,6,er4_m60_s0,99.0,genpce_es,1,8060,0.8888888888888888
er4,60,6,er4_m60_s0,99.0,genpce_es,1,8110,0.8888888888888888
er4,60,6,er4_m60_s0,99.0,genpce_es,1,8160,0.8888888888888888
er4,60,6,er4_m60_s0,99.0,genpce_es,1,8210,0.8888888888888888
er4,60,6,er4_m60_s0,99.0,genpce_es,1,8260,0.8888888888888888
er4,60,6,er4_m60_s0,99.0,genpce_es,1,8310,0.8888888888888888
er4,60,6,er4_m60_s0,99.0,genpce_es,1,8360,0.8888888888888888
er4,60,6,er4_m60_s0,99.0,genpce_es,1,8410,0.8888888888888888
er4,60,6,er4_m60_s0,99.0,genpce_es,1,8460,0.8888888888888888
er4,60,6,er4_m60_s0,99.0,genpce_es,1,8510,0.8888888888888888
er4,60,6,er4_m60_s0,99.0,genpce_es,1,8560,0.8888888888888888
er4,60,6,er4_m60_s0,99.0,genpce_es,1,8610,0.8888888888888888
er4,60,6,er4_m60_s0,99.0,genpce_es,1,8660,0.8888888888888888
er4,60,6,er4_m60_s0,99.0,genpce_es,1,8710,0.8888888888888888
er4,60,6,er4_m60_s0,99.0,genpce_es,1,8760,0.8888888888888888
er4,60,6,er4_m60_s0,99.0,genpce_es,1,8810,0.8888888888888888
er4,60,6,er4_m60_s0,99.0,genpce_es,1,8860,0.8888888888888888
er4,60,6,er4_m60_s0,99.0,genpce_es,1,8910,0.8888888888888888
er4,60,6,er4_m60_s0,99.0,genpce_es,1,8960,0.8888888888888888
er4,60,6,er4_m60_s0,99.0,genpce_es,1,9010,0.8888888888888888
er4,60,6,er4_m60_s0,99.0,genpce_es,1,9060,0.8888888888888888
er4,60,6,er4_m60_s0,99.0,genpce_es,1,9110,0.8888888888888888
er4,60,6,er4_m60_s0,99.0,genpce_es,1,9160,0.8888888888888888
er4,60,6,er4_m60_s0,99.0,genpce_es,1,9210,0.8888888888888888
er4,60,6,er4_m60_s0,99.0,genpce_es,1,9260,0.8888888888888888
er4,60,6,er4_m60_s0,99.0,genpce_es,1,9310,0.8888888888888888
er4,60,6,er4_m60_s0,99.0,genpce_es,1,9360,0.8888888888888888
er4,60,6,er4_m60_s0,99.0,genpce_es,1,9410,0.8888888888888888
er4,60,6,er4_m60_s0,99.0,genpce_es,1,9460,0.8888888888888888
er4,60,6,er4_m60_s0,99.0,genpce_es,1,9510,0.8888888888888888
er4,60,6,er4_m60_s0,99.0,genpce_es,1,9560,0.8888888888888888
er4,60,6,er4_m60_s0,99.0,genpce_es,1,9610,0.8888888888888888
er4,60,6,er4_m60_s0,99.0,genpce_es,1,9660,0.8888888888888888
er4,60,6,er4_m60_s0,99.0,genpce_es,1,9710,0.8888888888888888
er4,60,6,er4_m60_s0,99.0,genpce_es,1,9760,0.8888888888888888
er4,60,6,er4_m60_s0,99.0,genpce_es,1,9810,0.8888888888888888
er4,60,6,er4_m60_s0,99.0,genpce_es,1,9860,0.8888888888888888
er4,60,6,er4_m60_s0,99.0,genpce_es,1,9910,0.8888888888888888
er4,60,6,er4_m60_s0,99.0,genpce_es,1,9960,0.8888888888888888
er4,60,6,er4_m60_s0,99.0,genpce_es,1,10010,0.8888888888888888
er4,60,6,er4_m60_s0,99.0,genpce_es,1,10060,0.8888888888888888
er4,60,6,er4_m60_s0,99.0,genpce_es,1,10110,0.8888888888888888
er4,60,6,er4_m60_s0,99.0,genpce_es,1,10160,0.8888888888888888
er4,60,6,er4_m60_s0,99.0,genpce_es,1,10210,0.8888888888888888
er4,60,6,er4_m60_s0,99.0,genpce_es,1,10260,0.8888888888888888
er4,60,6,er4_m60_s0,99.0,genpce_es,1,10310,0.8888888888888888
er4,60,6,er4_m60_s0,99.0,genpce_es,1,10360,0.8888888888888888
er4,60,6,er4_m60_s0,99.0,genpce_es,1,10410,0.8888888888888888
er4,60,6,er4_m60_s0,99.0,genpce_es,1,10460,0.8888888888888888
er4,60,6,er4_m60_s0,99.0,genpce_es,1,10510,0.8888888888888888
er4,60,6,er4_m60_s0,99.0,genpce_es,1,10560,0.8888888888888888
er4,60,6,er4_m60_s0,99.0,genpce_es,1,10610,0.8888888888888888
er4,60,6,er4_m60_s0,99.0,genpce_es,1,10660,0.8888888888888888
er4,60,6,er4_m60_s0,99.0,genpce_es,1,10710,0.8888888888888888
er4,60,6,er4_m60_s0,99.0,genpce_es,1,10760,0.8888888888888888
er4,60,6,er4_m60_s0,99.0,genpce_es,1,10810,0.8888888888888888
er4,60,6,er4_m60_s0,99.0,genpce_es,1,10860,0.8888888888888888
er4,60,6,er4_m60_s0,99.0,genpce_es,1,10910,0.8888888888888888
er4,60,6,er4_m60_s0,99.0,genpce_es,1,10960,0.8888888888888888
er4,60,6,er4_m60_s0,99.0,genpce_es,1,11010,0.8888888888888888
er4,60,6,er4_m60_s0,99.0,genpce_es,1,11060,0.8888888888888888
er4,60,6,er4_m60_s0,99.0,genpce_es,1,11110,0.8888888888888888
er4,60,6,er4_m60_s0,99.0,genpce_es,1,11160,0.8888888888888888
er4,60,6,er4_m60_s0,99.0,genpce_es,1,11210,0.8888888888888888
er4,60,6,er4_m60_s0,99.0,genpce_es,1,11260,0.8888888888888888
er4,60,6,er4_m60_s0,99.0,genpce_es,1,11310,0.8888888888888888
er4,60,6,er4_m60_s0,99.0,genpce_es,1,11360,0.8888888888888888
er4,60,6,er4_m60_s0,99.0,genpce_es,1,11410,0.8888888888888888
er4,60,6,er4_m60_s0,99.0,genpce_es,1,11460,0.8888888888888888
er4,60,6,er4_m60_s0,99.0,genpce_es,1,11510,0.8888888888888888
er4,60,6,er4_m60_s0,99.0,genpce_es,1,11560,0.8888888888888888
er4,60,6,er4_m60_s0,99.0,genpce_es,1,11610,0.8888888888888888
er4,60,6,er4_m60_s0,99.0,genpce_es,1,11660,0.8888888888888888
er4,60,6,er4_m60_s0,99.0,genpce_es,1,11710,0.8888888888888888
er4,60,6,er4_m60_s0,99.0,genpce_es,1,11760,0.8888888888888888
er4,60,6,er4_m60_s0,99.0,genpce_es,1,11810,0.8888888888888888
er4,60,6,er4_m60_s0,99.0,genpce_es,1,11860,0.8888888888888888
er4,60,6,er4_m60_s0,99.0,genpce_es,1,11910,0.898989898989899
er4,60,6,er4_m60_s0,99.0,genpce_es,1,11960,0.898989898989899
er4,60,6,er4_m60_s0,99.0,genpce_es,1,12010,0.898989898989899
er4,60,6,er4_m60_s0,99.0,genpce_es,1,12060,0.898989898989899
er4,60,6,er4_m60_s0,99.0,genpce_es,1,12110,0.898989898989899
er4,60,6,er4_m60_s0,99.0,genpce_es,1,12160,0.898989898989899
er4,60,6,er4_m60_s0,99.0,genpce_es,1,12210,0.898989898989899
er4,60,6,er4_m60_s0,99.0,genpce_es,1,12260,0.898989898989899
er4,60,6,er4_m60_s0,99.0,genpce_es,1,12310,0.898989898989899
er4,60,6,er4_m60_s0,99.0,genpce_es,1,12360,0.898989898989899
er4,60,6,er4_m60_s0,99.0,genpce_es,1,12410,0.898989898989899
er4,60,6,er4_m60_s0,99.0,genpce_es,1,12460,0.898989898989899
er4,60,6,er4_m60_s0,99.0,genpce_es,1,12510,0.898989898989899
er4,60,6,er4_m60_s0,99.0,genpce_es,1,12560,0.898989898989899
er4,60,6,er4_m60_s0,99.0,genpce_es,1,12610,0.898989898989899
er4,60,6,er4_m60_s0,99.0,genpce_es,1,12660,0.898989898989899
er4,60,6,er4_m60_s0,99.0,genpce_es,1,12710,0.898989898989899
er4,60,6,er4_m60_s0,99.0,genpce_es,1,12760,0.898989898989899
er4,60,6,er4_m60_s0,99.0,genpce_es,1,12810,0.898989898989899
er4,60,6,er4_m60_s0,99.0,genpce_es,1,12860,0.898989898989899
er4,60,6,er4_m60_s0,99.0,genpce_es,1,12910,0.898989898989899
er4,60,6,er4_m60_s0,99.0,genpce_es,1,12960,0.898989898989899
er4,60,6,er4_m60_s0,99.0,genpce_es,1,13010,0.898989898989899
er4,60,6,er4_m60_s0,99.0,genpce_es,1,13060,0.898989898989899
er4,60,6,er4_m60_s0,99.0,genpce_es,1,13110,0.898989898989899
er4,60,6,er4_m60_s0,99.0,genpce_es,1,13160,0.898989898989899
er4,60,6,er4_m60_s0,99.0,genpce_es,1,13210,0.898989898989899
er4,60,6,er4_m60_s0,99.0,genpce_es,1,13260,0.898989898989899
er4,60,6,er4_m60_s0,99.0,genpce_es,1,13310,0.898989898989899
er4,60,6,er4_m60_s0,99.0,genpce_es,1,13360,0.898989898989899
er4,60,6,er4_m60_s0,99.0,genpce_es,1,13410,0.898989898989899
er4,60,6,er4_m60_s0,99.0,genpce_es,1,13460,0.898989898989899
er4,60,6,er4_m60_s0,99.0,genpce_es,1,13510,0.898989898989899
er4,60,6,er4_m60_s0,99.0,genpce_es,1,13560,0.898989898989899
er4,60,6,er4_m60_s0,99.0,genpce_es,1,13610,0.898989898989899
er4,60,6,er4_m60_s0,99.0,genpce_es,1,13660,0.898989898989899
er4,60,6,er4_m60_s0,99.0,genpce_es,1,13710,0.898989898989899
er4,60,6,er4_m60_s0,99.0,genpce_es,1,13760,0.898989898989899
er4,60,6,er4_m60_s0,99.0,genpce_es,1,13810,0.898989898989899
er4,60,6,er4_m60_s0,99.0,genpce_es,1,13860,0.898989898989899
er4,60,6,er4_m60_s0,99.0,genpce_es,1,13910,0.898989898989899
er4,60,6,er4_m60_s0,99.0,genpce_es,1,13960,0.898989898989899
er4,60,6,er4_m60_s0,99.0,genpce_es,1,14010,0.898989898989899
er4,60,6,er4_m60_s0,99.0,genpce_es,1,14060,0.898989898989899
er4,60,6,er4_m60_s0,99.0,genpce_es,1,14110,0.898989898989899
er4,60,6,er4_m60_s0,99.0,genpce_es,1,14160,0.898989898989899
er4,60,6,er4_m60_s0,99.0,genpce_es,1,14210,0.898989898989899
er4,60,6,er4_m60_s0,99.0,genpce_es,1,14260,0.898989898989899
er4,60,6,er4_m60_s0,99.0,genpce_es,1,14310,0.898989898989899
er4,60,6,er4_m60_s0,99.0,genpce_es,1,14360,0.898989898989899
er4,60,6,er4_m60_s0,99.0,genpce_es,1,14410,0.898989898989899
er4,60,6,er4_m60_s0,99.0,genpce_es,1,14460,0.898989898989899
er4,60,6,er4_m60_s0,99.0,genpce_es,1,14510,0.898989898989899
er4,60,6,er4_m60_s0,99.0,genpce_es,1,14560,0.898989898989899
er4,60,6,er4_m60_s0,99.0,genpce_es,1,14610,0.898989898989899
er4,60,6,er4_m60_s0,99.0,genpce_es,1,14660,0.898989898989899
er4,60,6,er4_m60_s0,99.0,genpce_es,1,14710,0.898989898989899
er4,60,6,er4_m60_s0,99.0,genpce_es,1,14760,0.898989898989899
er4,60,6,er4_m60_s0,99.0,genpce_es,1,14810,0.898989898989899
er4,60,6,er4_m60_s0,99.0,genpce_es,1,14860,0.898989898989899
er4,60,6,er4_m60_s0,99.0,genpce_es,1,14910,0.898989898989899
er4,60,6,er4_m60_s0,99.0,genpce_es,1,14960,0.898989898989899
er4,60,6,er4_m60_s0,99.0,genpce_es,1,15010,0.898989898989899
er4,60,6,er4_m60_s0,99.0,genpce_es,1,15060,0.898989898989899
er4,60,6,er4_m60_s0,99.0,genpce_es,1,15110,0.898989898989899
er4,60,6,er4_m60_s0,99.0,genpce_es,1,15160,0.898989898989899
er4,60,6,er4_m60_s0,99.0,genpce_es,1,15210,0.898989898989899
er4,60,6,er4_m60_s0,99.0,genpce_es,1,15260,0.898989898989899
er4,60,6,er4_m60_s0,99.0,genpce_es,1,15310,0.898989898989899
er4,60,6,er4_m60_s0,99.0,genpce_es,1,15360,0.898989898989899
er4,60,6,er4_m60_s0,99.0,genpce_es,1,15410,0.898989898989899
er4,60,6,er4_m60_s0,99.0,genpce_es,1,15460,0.898989898989899
er4,60,6,er4_m60_s0,99.0,genpce_es,1,15510,0.898989898989899
er4,60,6,er4_m60_s0,99.0,genpce_es,1,15560,0.898989898989899
er4,60,6,er4_m60_s0,99.0,genpce_es,1,15610,0.898989898989899
er4,60,6,er4_m60_s0,99.0,genpce_es,1,15660,0.898989898989899
er4,60,6,er4_m60_s0,99.0,genpce_es,1,15710,0.898989898989899
er4,60,6,er4_m60_s0,99.0,genpce_es,1,15760,0.898989898989899
er4,60,6,er4_m60_s0,99.0,genpce_es,1,15810,0.898989898989899
er4,60,6,er4_m60_s0,99.0,genpce_es,1,15860,0.898989898989899
er4,60,6,er4_m60_s0,99.0,genpce_es,1,15910,0.898989898989899
er4,60,6,er4_m60_s0,99.0,genpce_es,1,15960,0.898989898989899
er4,60,6,er4_m60_s0,99.0,genpce_es,1,16010,0.898989898989899
er4,60,6,er4_m60_s0,99.0,genpce_es,1,16060,0.898989898989899
er4,60,6,er4_m60_s0,99.0,genpce_es,1,16110,0.898989898989899
er4,60,6,er4_m60_s0,99.0,genpce_es,1,16160,0.898989898989899
er4,60,6,er4_m60_s0,99.0,genpce_es,1,16210,0.898989898989899
er4,60,6,er4_m60_s0,99.0,genpce_es,1,16260,0.898989898989899
er4,60,6,er4_m60_s0,99.0,genpce_es,1,16310,0.898989898989899
er4,60,6,er4_m60_s0,99.0,genpce_es,1,16360,0.898989898989899
er4,60,6,er4_m60_s0,99.0,genpce_es,1,16410,0.898989898989899
er4,60,6,er4_m60_s0,99.0,genpce_es,1,16460,0.898989898989899
er4,60,6,er4_m60_s0,99.0,genpce_es,1,16510,0.898989898989899
er4,60,6,er4_m60_s0,99.0,genpce_es,1,16560,0.898989898989899
er4,60,6,er4_m60_s0,99.0,genpce_es,1,16610,0.898989898989899
er4,60,6,er4_m60_s0,99.0,genpce_es,1,16660,0.898989898989899
er4,60,6,er4_m60_s0,99.0,genpce_es,1,16710,0.898989898989899
er4,60,6,er4_m60_s0,99.0,genpce_es,1,16760,0.898989898989899
er4,60,6,er4_m60_s0,99.0,genpce_es,1,16810,0.898989898989899
er4,60,6,er4_m60_s0,99.0,genpce_es,1,16860,0.898989898989899
er4,60,6,er4_m60_s0,99.0,genpce_es,1,16910,0.898989898989899
er4,60,6,er4_m60_s0,99.0,genpce_es,1,16960,0.898989898989899
er4,60,6,er4_m60_s0,99.0,genpce_es,1,17010,0.898989898989899
er4,60,6,er4_m60_s0,99.0,genpce_es,1,17060,0.898989898989899
er4,60,6,er4_m60_s0,99.0,genpce_es,1,17110,0.898989898989899
er4,60,6,er4_m60_s0,99.0,genpce_es,1,17160,0.898989898989899
er4,60,6,er4_m60_s0,99.0,genpce_es,1,17210,0.898989898989899
er4,60,6,er4_m60_s0,99.0,genpce_es,1,17260,0.898989898989899
er4,60,6,er4_m60_s0,99.0,genpce_es,1,17310,0.898989898989899
er4,60,6,er4_m60_s0,99.0,genpce_es,1,17360,0.898989898989899
er4,60,6,er4_m60_s0,99.0,genpce_es,1,17410,0.898989898989899
er4,60,6,er4_m60_s0,99.0,genpce_es,1,17460,0.898989898989899
er4,60,6,er4_m60_s0,99.0,genpce_es,1,17510,0.898989898989899
er4,60,6,er4_m60_s0,99.0,genpce_es,1,17560,0.898989898989899
er4,60,6,er4_m60_s0,99.0,genpce_es,1,17610,0.898989898989899
er4,60,6,er4_m60_s0,99.0,genpce_es,1,17660,0.898989898989899
er4,60,6,er4_m60_s0,99.0,genpce_es,1,17710,0.898989898989899
er4,60,6,er4_m60_s0,99.0,genpce_es,1,17760,0.898989898989899
er4,60,6,er4_m60_s0,99.0,genpce_es,1,17810,0.898989898989899
er4,60,6,er4_m60_s0,99.0,genpce_es,1,17860,0.898989898989899
er4,60,6,er4_m60_s0,99.0,genpce_es,1,17910,0.898989898989899
er4,60,6,er4_m60_s0,99.0,genpce_es,1,17960,0.898989898989899
er4,60,6,er4_m60_s0,99.0,genpce_es,1,18010,0.898989898989899
er4,60,6,er4_m60_s0,99.0,genpce_es,1,18060,0.898989898989899
er4,60,6,er4_m60_s0,99.0,genpce_es,1,18110,0.898989898989899
er4,60,6,er4_m60_s0,99.0,genpce_es,1,18160,0.898989898989899
er4,60,6,er4_m60_s0,99.0,genpce_es,1,18210,0.898989898989899
er4,60,6,er4_m60_s0,99.0,genpce_es,1,18260,0.898989898989899
er4,60,6,er4_m60_s0,99.0,genpce_es,1,18310,0.898989898989899
er4,60,6,er4_m60_s0,99.0,genpce_es,1,18360,0.898989898989899
er4,60,6,er4_m60_s0,99.0,genpce_es,1,18410,0.898989898989899
er4,60,6,er4_m60_s0,99.0,genpce_es,1,18460,0.898989898989899
er4,60,6,er4_m60_s0,99.0,genpce_es,1,18510,0.898989898989899
er4,60,6,er4_m60_s0,99.0,genpce_es,1,18560,0.898989898989899
er4,60,6,er4_m60_s0,99.0,genpce_es,1,18610,0.898989898989899
er4,60,6,er4_m60_s0,99.0,genpce_es,1,18660,0.898989898989899
er4,60,6,er4_m60_s0,99.0,genpce_es,1,18710,0.898989898989899
er4,60,6,er4_m60_s0,99.0,genpce_es,1,18760,0.898989898989899
er4,60,6,er4_m60_s0,99.0,genpce_es,1,18810,0.898989898989899
er4,60,6,er4_m60_s0,99.0,genpce_es,1,18860,0.898989898989899
er4,60,6,er4_m60_s0,99.0,genpce_es,1,18910,0.898989898989899
er4,60,6,er4_m60_s0,99.0,genpce_es,1,18960,0.898989898989899
er4,60,6,er4_m60_s0,99.0,genpce_es,1,19010,0.898989898989899
er4,60,6,er4_m60_s0,99.0,genpce_es,1,19060,0.898989898989899
er4,60,6,er4_m60_s0,99.0,genpce_es,1,19110,0.898989898989899
er4,60,6,er4_m60_s0,99.0,genpce_es,1,19160,0.898989898989899
er4,60,6,er4_m60_s0,99.0,genpce_es,1,19210,0.898989898989899
er4,60,6,er4_m60_s0,99.0,genpce_es,1,19260,0.898989898989899
er4,60,6,er4_m60_s0,99.0,genpce_es,1,19310,0.898989898989899
er4,60,6,er4_m60_s0,99.0,genpce_es,1,19360,0.898989898989899
er4,60,6,er4_m60_s0,99.0,genpce_es,1,19410,0.898989898989899
er4,60,6,er4_m60_s0,99.0,genpce_es,1,19460,0.898989898989899
er4,60,6,er4_m60_s0,99.0,genpce_es,1,19510,0.898989898989899
er4,60,6,er4_m60_s0,99.0,genpce_es,1,19560,0.898989898989899
er4,60,6,er4_m60_s0,99.0,genpce_es,1,19610,0.898989898989899
er4,60,6,er4_m60_s0,99.0,genpce_es,1,19660,0.898989898989899
er4,60,6,er4_m60_s0,99.0,genpce_es,1,19710,0.898989898989899
er4,60,6,er4_m60_s0,99.0,genpce_es,1,19760,0.898989898989899
er4,60,6,er4_m60_s0,99.0,genpce_es,1,19810,0.898989898989899
er4,60,6,er4_m60_s0,99.0,genpce_es,1,19860,0.898989898989899
er4,60,6,er4_m60_s0,99.0,genpce_es,1,19910,0.898989898989899
er4,60,6,er4_m60_s0,99.0,genpce_es,1,19960,0.898989898989899
er4,60,6,er4_m60_s0,99.0,genpce_es,1,20010,0.898989898989899
er4,60,6,er4_m60_s0,99.0,random,1,50,0.7373737373737373
er4,60,6,er4_m60_s0,99.0,random,1,100,0.7373737373737373
er4,60,6,er4_m60_s0,99.0,random,1,150,0.7373737373737373
er4,60,6,er4_m60_s0,99.0,random,1,200,0.7373737373737373
er4,60,6,er4_m60_s0,99.0,random,1,250,0.7373737373737373
er4,60,6,er4_m60_s0,99.0,random,1,300,0.7474747474747475
er4,60,6,er4_m60_s0,99.0,random,1,350,0.7474747474747475
er4,60,6,er4_m60_s0,99.0,random,1,400,0.7474747474747475
er4,60,6,er4_m60_s0,99.0,random,1,450,0.7474747474747475
er4,60,6,er4_m60_s0,99.0,random,1,500,0.7474747474747475
er4,60,6,er4_m60_s0,99.0,random,1,550,0.7676767676767676
er4,60,6,er4_m60_s0,99.0,random,1,600,0.7676767676767676
er4,60,6,er4_m60_s0,99.0,random,1,650,0.7676767676767676
er4,60,6,er4_m60_s0,99.0,random,1,700,0.7676767676767676
er4,60,6,er4_m60_s0,99.0,random,1,750,0.7676767676767676
er4,60,6,er4_m60_s0,99.0,random,1,800,0.7676767676767676
er4,60,6,er4_m60_s0,99.0,random,1,850,0.7777777777777778
er4,60,6,er4_m60_s0,99.0,random,1,900,0.7777777777777778
er4,60,6,er4_m60_s0,99.0,random,1,950,0.7777777777777778
er4,60,6,er4_m60_s0,99.0,random,1,1000,0.7777777777777778
er4,60,6,er4_m60_s0,99.0,random,1,1050,0.7777777777777778
er4,60,6,er4_m60_s0,99.0,random,1,1100,0.7777777777777778
er4,60,6,er4_m60_s0,99.0,random,1,1150,0.7777777777777778
er4,60,6,er4_m60_s0,99.0,random,1,1200,0.7777777777777778
er4,60,6,er4_m60_s0,99.0,random,1,1250,0.797979797979798
er4,60,6,er4_m60_s0,99.0,random,1,1300,0.797979797979798
er4,60,6,er4_m60_s0,99.0,random,1,1350,0.797979797979798
er4,60,6,er4_m60_s0,99.0,random,1,1400,0.797979797979798
er4,60,6,er4_m60_s0,99.0,random,1,1450,0.797979797979798
er4,60,6,er4_m60_s0,99.0,random,1,1500,0.797979797979798
er4,60,6,er4_m60_s0,99.0,random,1,1550,0.797979797979798
er4,60,6,er4_m60_s0,99.0,random,1,1600,0.797979797979798
er4,60,6,er4_m60_s0,99.0,random,1,1650,0.797979797979798
er4,60,6,er4_m60_s0,99.0,random,1,1700,0.797979797979798
er4,60,6,er4_m60_s0,99.0,random,1,1750,0.797979797979798
er4,60,6,er4_m60_s0,99.0,random,1,1800,0.797979797979798
er4,60,6,er4_m60_s0,99.0,random,1,1850,0.797979797979798
er4,60,6,er4_m60_s0,99.0,random,1,1900,0.797979797979798
er4,60,6,er4_m60_s0,99.0,random,1,1950,0.797979797979798
er4,60,6,er4_m60_s0,99.0,random,1,2000,0.797979797979798
er4,60,6,er4_m60_s0,99.0,random,1,2050,0.797979797979798
er4,60,6,er4_m60_s0,99.0,random,1,2100,0.797979797979798
er4,60,6,er4_m60_s0,99.0,random,1,2150,0.797979797979798
er4,60,6,er4_m60_s0,99.0,random,1,2200,0.797979797979798
er4,60,6,er4_m60_s0,99.0,random,1,2250,0.797979797979798
er4,60,6,er4_m60_s0,99.0,random,1,2300,0.797979797979798
er4,60,6,er4_m60_s0,99.0,random,1,2350,0.797979797979798
er4,60,6,er4_m60_s0,99.0,random,1,2400,0.797979797979798
er4,60,6,er4_m60_s0,99.0,random,1,2450,0.797979797979798
er4,60,6,er4_m60_s0,99.0,random,1,2500,0.797979797979798
er4,60,6,er4_m60_s0,99.0,random,1,2550,0.797979797979798
er4,60,6,er4_m60_s0,99.0,random,1,2600,0.797979797979798
er4,60,6,er4_m60_s0,99.0,random,1,2650,0.797979797979798
er4,60,6,er4_m60_s0,99.0,random,1,2700,0.797979797979798
er4,60,6,er4_m60_s0,99.0,random,1,2750,0.797979797979798
er4,60,6,er4_m60_s0,99.0,random,1,2800,0.797979797979798
er4,60,6,er4_m60_s0,99.0,random,1,2850,0.797979797979798
er4,60,6,er4_m60_s0,99.0,random,1,2900,0.797979797979798
er4,60,6,er4_m60_s0,99.0,random,1,2950,0.797979797979798
er4,60,6,er4_m60_s0,99.0,random,1,3000,0.797979797979798
er4,60,6,er4_m60_s0,99.0,random,1,3050,0.797979797979798
er4,60,6,er4_m60_s0,99.0,random,1,3100,0.797979797979798
er4,60,6,er4_m60_s0,99.0,random,1,3150,0.797979797979798
er4,60,6,er4_m60_s0,99.0,random,1,3200,0.797979797979798
er4,60,6,er4_m60_s0,99.0,random,1,3250,0.797979797979798
er4,60,6,er4_m60_s0,99.0,random,1,3300,0.797979797979798
er4,60,6,er4_m60_s0,99.0,random,1,3350,0.797979797979798
er4,60,6,er4_m60_s0,99.0,random,1,3400,0.797979797979798
er4,60,6,er4_m60_s0,99.0,random,1,3450,0.797979797979798
er4,60,6,er4_m60_s0,99.0,random,1,3500,0.797979797979798
er4,60,6,er4_m60_s0,99.0,random,1,3550,0.797979797979798
er4,60,6,er4_m60_s0,99.0,random,1,3600,0.797979797979798
er4,60,6,er4_m60_s0,99.0,random,1,3650,0.797979797979798
er4,60,6,er4_m60_s0,99.0,random,1,3700,0.797979797979798
er4,60,6,er4_m60_s0,99.0,random,1,3750,0.797979797979798
er4,60,6,er4_m60_s0,99.0,random,1,3800,0.797979797979798
er4,60,6,er4_m60_s0,99.0,random,1,3850,0.797979797979798
er4,60,6,er4_m60_s0,99.0,random,1,3900,0.797979797979798
er4,60,6,er4_m60_s0,99.0,random,1,3950,0.797979797979798
er4,60,6,er4_m60_s0,99.0,random,1,4000,0.797979797979798
er4,60,6,er4_m60_s0,99.0,random,1,4050,0.797979797979798
er4,60,6,er4_m60_s0,99.0,random,1,4100,0.797979797979798
er4,60,6,er4_m60_s0,99.0,random,1,4150,0.797979797979798
er4,60,6,er4_m60_s0,99.0,random,1,4200,0.797979797979798
er4,60,6,er4_m60_s0,99.0,random,1,4250,0.797979797979798
er4,60,6,er4_m60_s0,99.0,random,1,4300,0.797979797979798
er4,60,6,er4_m60_s0,99.0,random,1,4350,0.797979797979798
er4,60,6,er4_m60_s0,99.0,random,1,4400,0.797979797979798
er4,60,6,er4_m60_s0,99.0,random,1,4450,0.797979797979798
er4,60,6,er4_m60_s0,99.0,random,1,4500,0.797979797979798
er4,60,6,er4_m60_s0,99.0,random,1,4550,0.797979797979798
er4,60,6,er4_m60_s0,99.0,random,1,4600,0.797979797979798
er4,60,6,er4_m60_s0,99.0,random,1,4650,0.797979797979798
er4,60,6,er4_m60_s0,99.0,random,1,4700,0.797979797979798
er4,60,6,er4_m60_s0,99.0,random,1,4750,0.797979797979798
er4,60,6,er4_m60_s0,99.0,random,1,4800,0.797979797979798
er4,60,6,er4_m60_s0,99.0,random,1,4850,0.797979797979798
er4,60,6,er4_m60_s0,99.0,random,1,4900,0.797979797979798
er4,60,6,er4_m60_s0,99.0,random,1,4950,0.797979797979798
er4,60,6,er4_m60_s0,99.0,random,1,5000,0.797979797979798
er4,60,6,er4_m60_s0,99.0,random,1,5050,0.797979797979798
er4,60,6,er4_m60_s0,99.0,random,1,5100,0.797979797979798
er4,60,6,er4_m60_s0,99.0,random,1,5150,0.797979797979798
er4,60,6,er4_m60_s0,99.0,random,1,5200,0.797979797979798
er4,60,6,er4_m60_s0,99.0,random,1,5250,0.797979797979798
er4,60,6,er4_m60_s0,99.0,random,1,5300,0.797979797979798
er4,60,6,er4_m60_s0,99.0,random,1,5350,0.797979797979798
er4,60,6,er4_m60_s0,99.0,random,1,5400,0.797979797979798
er4,60,6,er4_m60_s0,99.0,random,1,5450,0.797979797979798
er4,60,6,er4_m60_s0,99.0,random,1,5500,0.797979797979798
er4,60,6,er4_m60_s0,99.0,random,1,5550,0.797979797979798
er4,60,6,er4_m60_s0,99.0,random,1,5600,0.797979797979798
er4,60,6,er4_m60_s0,99.0,random,1,5650,0.797979797979798
er4,60,6,er4_m60_s0,99.0,random,1,5700,0.797979797979798
er4,60,6,er4_m60_s0,99.0,random,1,5750,0.797979797979798
er4,60,6,er4_m60_s0,99.0,random,1,5800,0.797979797979798
er4,60,6,er4_m60_s0,99.0,random,1,5850,0.797979797979798
er4,60,6,er4_m60_s0,99.0,random,1,5900,0.797979797979798
er4,60,6,er4_m60_s0,99.0,random,1,5950,0.797979797979798
er4,60,6,er4_m60_s0,99.0,random,1,6000,0.797979797979798
er4,60,6,er4_m60_s0,99.0,random,1,6050,0.797979797979798
er4,60,6,er4_m60_s0,99.0,random,1,6100,0.797979797979798
er4,60,6,er4_m60_s0,99.0,random,1,6150,0.797979797979798
er4,60,6,er4_m60_s0,99.0,random,1,6200,0.797979797979798
er4,60,6,er4_m60_s0,99.0,random,1,6250,0.797979797979798
er4,60,6,er4_m60_s0,99.0,random,1,6300,0.797979797979798
er4,60,6,er4_m60_s0,99.0,random,1,6350,0.797979797979798
er4,60,6,er4_m60_s0,99.0,random,1,6400,0.797979797979798
er4,60,6,er4_m60_s0,99.0,random,1,6450,0.797979797979798
er4,60,6,er4_m60_s0,99.0,random,1,6500,0.797979797979798
er4,60,6,er4_m60_s0,99.0,random,1,6550,0.797979797979798
er4,60,6,er4_m60_s0,99.0,random,1,6600,0.797979797979798
er4,60,6,er4_m60_s0,99.0,random,1,6650,0.797979797979798
er4,60,6,er4_m60_s0,99.0,random,1,6700,0.797979797979798
er4,60,6,er4_m60_s0,99.0,random,1,6750,0.797979797979798
er4,60,6,er4_m60_s0,99.0,random,1,6800,0.797979797979798
er4,60,6,er4_m60_s0,99.0,random,1,6850,0.797979797979798
er4,60,6,er4_m60_s0,99.0,random,1,6900,0.797979797979798
er4,60,6,er4_m60_s0,99.0,random,1,6950,0.797979797979798
er4,60,6,er4_m60_s0,99.0,random,1,7000,0.797979797979798
er4,60,6,er4_m60_s0,99.0,random,1,7050,0.797979797979798
er4,60,6,er4_m60_s0,99.0,random,1,7100,0.797979797979798
er4,60,6,er4_m60_s0,99.0,random,1,7150,0.797979797979798
er4,60,6,er4_m60_s0,99.0,random,1,7200,0.797979797979798
er4,60,6,er4_m60_s0,99.0,random,1,7250,0.797979797979798
er4,60,6,er4_m60_s0,99.0,random,1,7300,0.797979797979798
er4,60,6,er4_m60_s0,99.0,random,1,7350,0.797979797979798
er4,60,6,er4_m60_s0,99.0,random,1,7400,0.797979797979798
er4,60,6,er4_m60_s0,99.0,random,1,7450,0.797979797979798
er4,60,6,er4_m60_s0,99.0,random,1,7500,0.797979797979798
er4,60,6,er4_m60_s0,99.0,random,1,7550,0.797979797979798
er4,60,6,er4_m60_s0,99.0,random,1,7600,0.797979797979798
er4,60,6,er4_m60_s0,99.0,random,1,7650,0.797979797979798
er4,60,6,er4_m60_s0,99.0,random,1,7700,0.797979797979798
er4,60,6,er4_m60_s0,99.0,random,1,7750,0.797979797979798
er4,60,6,er4_m60_s0,99.0,random,1,7800,0.797979797979798
er4,60,6,er4_m60_s0,99.0,random,1,7850,0.797979797979798
er4,60,6,er4_m60_s0,99.0,random,1,7900,0.797979797979798
er4,60,6,er4_m60_s0,99.0,random,1,7950,0.797979797979798
er4,60,6,er4_m60_s0,99.0,random,1,8000,0.797979797979798
er4,60,6,er4_m60_s0,99.0,random,1,8050,0.797979797979798
er4,60,6,er4_m60_s0,99.0,random,1,8100,0.797979797979798
er4,60,6,er4_m60_s0,99.0,random,1,8150,0.797979797979798
er4,60,6,er4_m60_s0,99.0,random,1,8200,0.797979797979798
er4,60,6,er4_m60_s0,99.0,random,1,8250,0.797979797979798
er4,60,6,er4_m60_s0,99.0,random,1,8300,0.797979797979798
er4,60,6,er4_m60_s0,99.0,random,1,8350,0.797979797979798
er4,60,6,er4_m60_s0,99.0,random,1,8400,0.797979797979798
er4,60,6,er4_m60_s0,99.0,random,1,8450,0.797979797979798
er4,60,6,er4_m60_s0,99.0,random,1,8500,0.797979797979798
er4,60,6,er4_m60_s0,99.0,random,1,8550,0.797979797979798
er4,60,6,er4_m60_s0,99.0,random,1,8600,0.797979797979798
er4,60,6,er4_m60_s0,99.0,random,1,8650,0.797979797979798
er4,60,6,er4_m60_s0,99.0,random,1,8700,0.797979797979798
er4,60,6,er4_m60_s0,99.0,random,1,8750,0.797979797979798
er4,60,6,er4_m60_s0,99.0,random,1,8800,0.797979797979798
er4,60,6,er4_m60_s0,99.0,random,1,8850,0.797979797979798
er4,60,6,er4_m60_s0,99.0,random,1,8900,0.797979797979798
er4,60,6,er4_m60_s0,99.0,random,1,8950,0.797979797979798
er4,60,6,er4_m60_s0,99.0,random,1,9000,0.797979797979798
er4,60,6,er4_m60_s0,99.0,random,1,9050,0.797979797979798
er4,60,6,er4_m60_s0,99.0,random,1,9100,0.797979797979798
er4,60,6,er4_m60_s0,99.0,random,1,9150,0.797979797979798
er4,60,6,er4_m60_s0,99.0,random,1,9200,0.797979797979798
er4,60,6,er4_m60_s0,99.0,random,1,9250,0.797979797979798
er4,60,6,er4_m60_s0,99.0,random,1,9300,0.797979797979798
er4,60,6,er4_m60_s0,99.0,random,1,9350,0.797979797979798
er4,60,6,er4_m60_s0,99.0,random,1,9400,0.797979797979798
er4,60,6,er4_m60_s0,99.0,random,1,9450,0.797979797979798
er4,60,6,er4_m60_s0,99.0,random,1,9500,0.797979797979798
er4,60,6,er4_m60_s0,99.0,random,1,9550,0.797979797979798
er4,60,6,er4_m60_s0,99.0,random,1,9600,0.797979797979798
er4,60,6,er4_m60_s0,99.0,random,1,9650,0.797979797979798
er4,60,6,er4_m60_s0,99.0,random,1,9700,0.797979797979798
er4,60,6,er4_m60_s0,99.0,random,1,9750,0.797979797979798
er4,60,6,er4_m60_s0,99.0,random,1,9800,0.797979797979798
er4,60,6,er4_m60_s0,99.0,random,1,9850,0.797979797979798
er4,60,6,er4_m60_s0,99.0,random,1,9900,0.797979797979798
er4,60,6,er4_m60_s0,99.0,random,1,9950,0.797979797979798
er4,60,6,er4_m60_s0,99.0,random,1,10000,0.797979797979798
er4,60,6,er4_m60_s0,99.0,random,1,10050,0.797979797979798
er4,60,6,er4_m60_s0,99.0,random,1,10100,0.797979797979798
er4,60,6,er4_m60_s0,99.0,random,1,10150,0.797979797979798
er4,60,6,er4_m60_s0,99.0,random,1,10200,0.797979797979798
er4,60,6,er4_m60_s0,99.0,random,1,10250,0.797979797979798
er4,60,6,er4_m60_s0,99.0,random,1,10300,0.797979797979798
er4,60,6,er4_m60_s0,99.0,random,1,10350,0.797979797979798
er4,60,6,er4_m60_s0,99.0,random,1,10400,0.797979797979798
er4,60,6,er4_m60_s0,99.0,random,1,10450,0.797979797979798
er4,60,6,er4_m60_s0,99.0,random,1,10500,0.797979797979798
er4,60,6,er4_m60_s0,99.0,random,1,10550,0.797979797979798
er4,60,6,er4_m60_s0,99.0,random,1,10600,0.797979797979798
er4,60,6,er4_m60_s0,99.0,random,1,10650,0.797979797979798
er4,60,6,er4_m60_s0,99.0,random,1,10700,0.797979797979798
er4,60,6,er4_m60_s0,99.0,random,1,10750,0.797979797979798
er4,60,6,er4_m60_s0,99.0,random,1,10800,0.797979797979798
er4,60,6,er4_m60_s0,99.0,random,1,10850,0.797979797979798
er4,60,6,er4_m60_s0,99.0,random,1,10900,0.797979797979798
er4,60,6,er4_m60_s0,99.0,random,1,10950,0.797979797979798
er4,60,6,er4_m60_s0,99.0,random,1,11000,0.797979797979798
er4,60,6,er4_m60_s0,99.0,random,1,11050,0.797979797979798
er4,60,6,er4_m60_s0,99.0,random,1,11100,0.797979797979798
er4,60,6,er4_m60_s0,99.0,random,1,11150,0.797979797979798
er4,60,6,er4_m60_s0,99.0,random,1,11200,0.797979797979798
er4,60,6,er4_m60_s0,99.0,random,1,11250,0.797979797979798
er4,60,6,er4_m60_s0,99.0,random,1,11300,0.797979797979798
er4,60,6,er4_m60_s0,99.0,random,1,11350,0.797979797979798
er4,60,6,er4_m60_s0,99.0,random,1,11400,0.797979797979798
er4,60,6,er4_m60_s0,99.0,random,1,11450,0.797979797979798
er4,60,6,er4_m60_s0,99.0,random,1,11500,0.797979797979798
er4,60,6,er4_m60_s0,99.0,random,1,11550,0.797979797979798
er4,60,6,er4_m60_s0,99.0,random,1,11600,0.797979797979798
er4,60,6,er4_m60_s0,99.0,random,1,11650,0.797979797979798
er4,60,6,er4_m60_s0,99.0,random,1,11700,0.797979797979798
er4,60,6,er4_m60_s0,99.0,random,1,11750,0.797979797979798
er4,60,6,er4_m60_s0,99.0,random,1,11800,0.797979797979798
er4,60,6,er4_m60_s0,99.0,random,1,11850,0.797979797979798
er4,60,6,er4_m60_s0,99.0,random,1,11900,0.797979797979798
er4,60,6,er4_m60_s0,99.0,random,1,11950,0.797979797979798
er4,60,6,er4_m60_s0,99.0,random,1,12000,0.797979797979798
er4,60,6,er4_m60_s0,99.0,random,1,12050,0.797979797979798
er4,60,6,er4_m60_s0,99.0,random,1,12100,0.797979797979798
er4,60,6,er4_m60_s0,99.0,random,1,12150,0.797979797979798
er4,60,6,er4_m60_s0,99.0,random,1,12200,0.797979797979798
er4,60,6,er4_m60_s0,99.0,random,1,12250,0.797979797979798
er4,60,6,er4_m60_s0,99.0,random,1,12300,0.797979797979798
er4,60,6,er4_m60_s0,99.0,random,1,12350,0.797979797979798
er4,60,6,er4_m60_s0,99.0,random,1,12400,0.797979797979798
er4,60,6,er4_m60_s0,99.0,random,1,12450,0.797979797979798
er4,60,6,er4_m60_s0,99.0,random,1,12500,0.797979797979798
er4,60,6,er4_m60_s0,99.0,random,1,12550,0.797979797979798
er4,60,6,er4_m60_s0,99.0,random,1,12600,0.797979797979798
er4,60,6,er4_m60_s0,99.0,random,1,12650,0.797979797979798
er4,60,6,er4_m60_s0,99.0,random,1,12700,0.797979797979798
er4,60,6,er4_m60_s0,99.0,random,1,12750,0.797979797979798
er4,60,6,er4_m60_s0,99.0,random,1,12800,0.797979797979798
er4,60,6,er4_m60_s0,99.0,random,1,12850,0.797979797979798
er4,60,6,er4_m60_s0,99.0,random,1,12900,0.797979797979798
er4,60,6,er4_m60_s0,99.0,random,1,12950,0.797979797979798
er4,60,6,er4_m60_s0,99.0,random,1,13000,0.797979797979798
er4,60,6,er4_m60_s0,99.0,random,1,13050,0.797979797979798
er4,60,6,er4_m60_s0,99.0,random,1,13100,0.797979797979798
er4,60,6,er4_m60_s0,99.0,random,1,13150,0.797979797979798
er4,60,6,er4_m60_s0,99.0,random,1,13200,0.797979797979798
er4,60,6,er4_m60_s0,99.0,random,1,13250,0.797979797979798
er4,60,6,er4_m60_s0,99.0,random,1,13300,0.797979797979798
er4,60,6,er4_m60_s0,99.0,random,1,13350,0.797979797979798
er4,60,6,er4_m60_s0,99.0,random,1,13400,0.797979797979798
er4,60,6,er4_m60_s0,99.0,random,1,13450,0.797979797979798
er4,60,6,er4_m60_s0,99.0,random,1,13500,0.797979797979798
er4,60,6,er4_m60_s0,99.0,random,1,13550,0.797979797979798
er4,60,6,er4_m60_s0,99.0,random,1,13600,0.797979797979798
er4,60,6,er4_m60_s0,99.0,random,1,13650,0.797979797979798
er4,60,6,er4_m60_s0,99.0,random,1,13700,0.797979797979798
er4,60,6,er4_m60_s0,99.0,random,1,13750,0.797979797979798
er4,60,6,er4_m60_s0,99.0,random,1,13800,0.797979797979798
er4,60,6,er4_m60_s0,99.0,random,1,13850,0.797979797979798
er4,60,6,er4_m60_s0,99.0,random,1,13900,0.797979797979798
er4,60,6,er4_m60_s0,99.0,random,1,13950,0.797979797979798
er4,60,6,er4_m60_s0,99.0,random,1,14000,0.797979797979798
er4,60,6,er4_m60_s0,99.0,random,1,14050,0.797979797979798
er4,60,6,er4_m60_s0,99.0,random,1,14100,0.797979797979798
er4,60,6,er4_m60_s0,99.0,random,1,14150,0.797979797979798
er4,60,6,er4_m60_s0,99.0,random,1,14200,0.797979797979798
er4,60,6,er4_m60_s0,99.0,random,1,14250,0.797979797979798
er4,60,6,er4_m60_s0,99.0,random,1,14300,0.797979797979798
er4,60,6,er4_m60_s0,99.0,random,1,14350,0.797979797979798
er4,60,6,er4_m60_s0,99.0,random,1,14400,0.797979797979798
er4,60,6,er4_m60_s0,99.0,random,1,14450,0.797979797979798
er4,60,6,er4_m60_s0,99.0,random,1,14500,0.797979797979798
er4,60,6,er4_m60_s0,99.0,random,1,14550,0.797979797979798
er4,60,6,er4_m60_s0,99.0,random,1,14600,0.797979797979798
er4,60,6,er4_m60_s0,99.0,random,1,14650,0.797979797979798
er4,60,6,er4_m60_s0,99.0,random,1,14700,0.797979797979798
er4,60,6,er4_m60_s0,99.0,random,1,14750,0.797979797979798
er4,60,6,er4_m60_s0,99.0,random,1,14800,0.797979797979798
er4,60,6,er4_m60_s0,99.0,random,1,14850,0.797979797979798
er4,60,6,er4_m60_s0,99.0,random,1,14900,0.797979797979798
er4,60,6,er4_m60_s0,99.0,random,1,14950,0.797979797979798
er4,60,6,er4_m60_s0,99.0,random,1,15000,0.797979797979798
er4,60,6,er4_m60_s0,99.0,random,1,15050,0.797979797979798
er4,60,6,er4_m60_s0,99.0,random,1,15100,0.797979797979798
er4,60,6,er4_m60_s0,99.0,random,1,15150,0.797979797979798
er4,60,6,er4_m60_s0,99.0,random,1,15200,0.797979797979798
er4,60,6,er4_m60_s0,99.0,random,1,15250,0.797979797979798
er4,60,6,er4_m60_s0,99.0,random,1,15300,0.797979797979798
er4,60,6,er4_m60_s0,99.0,random,1,15350,0.797979797979798
er4,60,6,er4_m60_s0,99.0,random,1,15400,0.797979797979798
er4,60,6,er4_m60_s0,99.0,random,1,15450,0.797979797979798
er4,60,6,er4_m60_s0,99.0,random,1,15500,0.797979797979798
er4,60,6,er4_m60_s0,99.0,random,1,15550,0.797979797979798
er4,60,6,er4_m60_s0,99.0,random,1,15600,0.8080808080808081
er4,60,6,er4_m60_s0,99.0,random,1,15650,0.8080808080808081
er4,60,6,er4_m60_s0,99.0,random,1,15700,0.8080808080808081
er4,60,6,er4_m60_s0,99.0,random,1,15750,0.8080808080808081
er4,60,6,er4_m60_s0,99.0,random,1,15800,0.8080808080808081
er4,60,6,er4_m60_s0,99.0,random,1,15850,0.8080808080808081
er4,60,6,er4_m60_s0,99.0,random,1,15900,0.8080808080808081
er4,60,6,er4_m60_s0,99.0,random,1,15950,0.8080808080808081
er4,60,6,er4_m60_s0,99.0,random,1,16000,0.8080808080808081
er4,60,6,er4_m60_s0,99.0,random,1,16050,0.8080808080808081
er4,60,6,er4_m60_s0,99.0,random,1,16100,0.8080808080808081
er4,60,6,er4_m60_s0,99.0,random,1,16150,0.8080808080808081
er4,60,6,er4_m60_s0,99.0,random,1,16200,0.8080808080808081
er4,60,6,er4_m60_s0,99.0,random,1,16250,0.8080808080808081
er4,60,6,er4_m60_s0,99.0,random,1,16300,0.8080808080808081
er4,60,6,er4_m60_s0,99.0,random,1,16350,0.8080808080808081
er4,60,6,er4_m60_s0,99.0,random,1,16400,0.8080808080808081
er4,60,6,er4_m60_s0,99.0,random,1,16450,0.8080808080808081
er4,60,6,er4_m60_s0,99.0,random,1,16500,0.8080808080808081
er4,60,6,er4_m60_s0,99.0,random,1,16550,0.8080808080808081
er4,60,6,er4_m60_s0,99.0,random,1,16600,0.8080808080808081
er4,60,6,er4_m60_s0,99.0,random,1,16650,0.8080808080808081
er4,60,6,er4_m60_s0,99.0,random,1,16700,0.8080808080808081
er4,60,6,er4_m60_s0,99.0,random,1,16750,0.8080808080808081
er4,60,6,er4_m60_s0,99.0,random,1,16800,0.8080808080808081
er4,60,6,er4_m60_s0,99.0,random,1,16850,0.8080808080808081
er4,60,6,er4_m60_s0,99.0,random,1,16900,0.8080808080808081
er4,60,6,er4_m60_s0,99.0,random,1,16950,0.8080808080808081
er4,60,6,er4_m60_s0,99.0,random,1,17000,0.8080808080808081
er4,60,6,er4_m60_s0,99.0,random,1,17050,0.8080808080808081
er4,60,6,er4_m60_s0,99.0,random,1,17100,0.8080808080808081
er4,60,6,er4_m60_s0,99.0,random,1,17150,0.8080808080808081
er4,60,6,er4_m60_s0,99.0,random,1,17200,0.8080808080808081
er4,60,6,er4_m60_s0,99.0,random,1,17250,0.8080808080808081
er4,60,6,er4_m60_s0,99.0,random,1,17300,0.8080808080808081
er4,60,6,er4_m60_s0,99.0,random,1,17350,0.8080808080808081
er4,60,6,er4_m60_s0,99.0,random,1,17400,0.8080808080808081
er4,60,6,er4_m60_s0,99.0,random,1,17450,0.8080808080808081
er4,60,6,er4_m60_s0,99.0,random,1,17500,0.8080808080808081
er4,60,6,er4_m60_s0,99.0,random,1,17550,0.8080808080808081
er4,60,6,er4_m60_s0,99.0,random,1,17600,0.8080808080808081
er4,60,6,er4_m60_s0,99.0,random,1,17650,0.8080808080808081
er4,60,6,er4_m60_s0,99.0,random,1,17700,0.8080808080808081
er4,60,6,er4_m60_s0,99.0,random,1,17750,0.8080808080808081
er4,60,6,er4_m60_s0,99.0,random,1,17800,0.8080808080808081
er4,60,6,er4_m60_s0,99.0,random,1,17850,0.8080808080808081
er4,60,6,er4_m60_s0,99.0,random,1,17900,0.8080808080808081
er4,60,6,er4_m60_s0,99.0,random,1,17950,0.8080808080808081
er4,60,6,er4_m60_s0,99.0,random,1,18000,0.8080808080808081
er4,60,6,er4_m60_s0,99.0,random,1,18050,0.8080808080808081
er4,60,6,er4_m60_s0,99.0,random,1,18100,0.8080808080808081
er4,60,6,er4_m60_s0,99.0,random,1,18150,0.8080808080808081
er4,60,6,er4_m60_s0,99.0,random,1,18200,0.8080808080808081
er4,60,6,er4_m60_s0,99.0,random,1,18250,0.8080808080808081
er4,60,6,er4_m60_s0,99.0,random,1,18300,0.8080808080808081
er4,60,6,er4_m60_s0,99.0,random,1,18350,0.8080808080808081
er4,60,6,er4_m60_s0,99.0,random,1,18400,0.8080808080808081
er4,60,6,er4_m60_s0,99.0,random,1,18450,0.8080808080808081
er4,60,6,er4_m60_s0,99.0,random,1,18500,0.8080808080808081
er4,60,6,er4_m60_s0,99.0,random,1,18550,0.8383838383838383
er4,60,6,er4_m60_s0,99.0,random,1,18600,0.8383838383838383
er4,60,6,er4_m60_s0,99.0,random,1,18650,0.8383838383838383
er4,60,6,er4_m60_s0,99.0,random,1,18700,0.8383838383838383
er4,60,6,er4_m60_s0,99.0,random,1,18750,0.8383838383838383
er4,60,6,er4_m60_s0,99.0,random,1,18800,0.8383838383838383
er4,60,6,er4_m60_s0,99.0,random,1,18850,0.8383838383838383
er4,60,6,er4_m60_s0,99.0,random,1,18900,0.8383838383838383
er4,60,6,er4_m60_s0,99.0,random,1,18950,0.8383838383838383
er4,60,6,er4_m60_s0,99.0,random,1,19000,0.8383838383838383
er4,60,6,er4_m60_s0,99.0,random,1,19050,0.8383838383838383
er4,60,6,er4_m60_s0,99.0,random,1,19100,0.8383838383838383
er4,60,6,er4_m60_s0,99.0,random,1,19150,0.8383838383838383
er4,60,6,er4_m60_s0,99.0,random,1,19200,0.8383838383838383
er4,60,6,er4_m60_s0,99.0,random,1,19250,0.8383838383838383
er4,60,6,er4_m60_s0,99.0,random,1,19300,0.8383838383838383
er4,60,6,er4_m60_s0,99.0,random,1,19350,0.8383838383838383
er4,60,6,er4_m60_s0,99.0,random,1,19400,0.8383838383838383
er4,60,6,er4_m60_s0,99.0,random,1,19450,0.8383838383838383
er4,60,6,er4_m60_s0,99.0,random,1,19500,0.8383838383838383
er4,60,6,er4_m60_s0,99.0,random,1,19550,0.8383838383838383
er4,60,6,er4_m60_s0,99.0,random,1,19600,0.8383838383838383
er4,60,6,er4_m60_s0,99.0,random,1,19650,0.8383838383838383
er4,60,6,er4_m60_s0,99.0,random,1,19700,0.8383838383838383
er4,60,6,er4_m60_s0,99.0,random,1,19750,0.8383838383838383
er4,60,6,er4_m60_s0,99.0,random,1,19800,0.8383838383838383
er4,60,6,er4_m60_s0,99.0,random,1,19850,0.8383838383838383
er4,60,6,er4_m60_s0,99.0,random,1,19900,0.8383838383838383
er4,60,6,er4_m60_s0,99.0,random,1,19950,0.8383838383838383
er4,60,6,er4_m60_s0,99.0,random,1,20000,0.8383838383838383
er4,60,6,er4_m60_s0,99.0,pce_vqa_L4,0,109,0.5959595959595959
er4,60,6,er4_m60_s0,99.0,pce_vqa_L4,0,218,0.6363636363636364
er4,60,6,er4_m60_s0,99.0,pce_vqa_L4,0,327,0.6565656565656566
er4,60,6,er4_m60_s0,99.0,pce_vqa_L4,0,436,0.696969696969697
er4,60,6,er4_m60_s0,99.0,pce_vqa_L4,0,545,0.696969696969697
er4,60,6,er4_m60_s0,99.0,pce_vqa_L4,0,654,0.7272727272727273
er4,60,6,er4_m60_s0,99.0,pce_vqa_L4,0,763,0.7272727272727273
er4,60,6,er4_m60_s0,99.0,pce_vqa_L4,0,981,0.7070707070707071
er4,60,6,er4_m60_s0,99.0,pce_vqa_L4,0,1090,0.696969696969697
er4,60,6,er4_m60_s0,99.0,pce_vqa_L4,0,1417,0.7474747474747475
er4,60,6,er4_m60_s0,99.0,pce_vqa_L4,0,1635,0.7373737373737373
er4,60,6,er4_m60_s0,99.0,pce_vqa_L4,0,2071,0.7575757575757576
er4,60,6,er4_m60_s0,99.0,pce_vqa_L4,0,2507,0.7474747474747475
er4,60,6,er4_m60_s0,99.0,pce_vqa_L4,0,2943,0.7474747474747475
er4,60,6,er4_m60_s0,99.0,pce_vqa_L4,0,3597,0.7171717171717171
er4,60,6,er4_m60_s0,99.0,pce_vqa_L4,0,4469,0.7272727272727273
er4,60,6,er4_m60_s0,99.0,pce_vqa_L4,0,5341,0.7171717171717171
er4,60,6,er4_m60_s0,99.0,pce_vqa_L4,0,6540,0.7676767676767676
er4,60,6,er4_m60_s0,99.0,pce_vqa_L4,0,7957,0.7676767676767676
er4,60,6,er4_m60_s0,99.0,pce_vqa_L4,0,9592,0.797979797979798
er4,60,6,er4_m60_s0,99.0,pce_vqa_L4,0,11663,0.7878787878787878
er4,60,6,er4_m60_s0,99.0,pce_vqa_L4,0,14279,0.797979797979798
er4,60,6,er4_m60_s0,99.0,pce_vqa_L4,0,17331,0.8181818181818182
er4,60,6,er4_m60_s0,99.0,pce_vqa_L4,0,21037,0.8080808080808081
er4,60,6,er4_m60_s0,99.0,pce_vqa_L4,0,25506,0.8181818181818182
er4,60,6,er4_m60_s0,99.0,pce_vqa_L4,0,31065,0.8080808080808081
er4,60,6,er4_m60_s0,99.0,pce_vqa_L4,0,37714,0.8484848484848485
er4,60,6,er4_m60_s0,99.0,pce_vqa_L4,0,45889,0.8585858585858586
er4,60,6,er4_m60_s0,99.0,pce_vqa_L4,0,55699,0.8484848484848485
er4,60,6,er4_m60_s0,99.0,pce_vqa_L4,0,67689,0.8484848484848485
er4,60,6,er4_m60_s0,99.0,pce_vqa_L4,0,82295,0.8484848484848485
er4,60,6,er4_m60_s0,99.0,pce_vqa_L4,0,99953,0.8787878787878788
er4,60,6,er4_m60_s0,99.0,pce_vqa_L4,0,116085,0.8686868686868687
er4,60,6,er4_m60_s0,99.0,pce_vqa_L4,1,109,0.696969696969697
er4,60,6,er4_m60_s0,99.0,pce_vqa_L4,1,218,0.696969696969697
er4,60,6,er4_m60_s0,99.0,pce_vqa_L4,1,327,0.696969696969697
er4,60,6,er4_m60_s0,99.0,pce_vqa_L4,1,436,0.7272727272727273
er4,60,6,er4_m60_s0,99.0,pce_vqa_L4,1,545,0.7474747474747475
er4,60,6,er4_m60_s0,99.0,pce_vqa_L4,1,654,0.7575757575757576
er4,60,6,er4_m60_s0,99.0,pce_vqa_L4,1,763,0.7575757575757576
er4,60,6,er4_m60_s0,99.0,pce_vqa_L4,1,981,0.7575757575757576
er4,60,6,er4_m60_s0,99.0,pce_vqa_L4,1,1090,0.7575757575757576
er4,60,6,er4_m60_s0,99.0,pce_vqa_L4,1,1417,0.7474747474747475
er4,60,6,er4_m60_s0,99.0,pce_vqa_L4,1,1635,0.7474747474747475
er4,60,6,er4_m60_s0,99.0,pce_vqa_L4,1,2071,0.7474747474747475
er4,60,6,er4_m60_s0,99.0,pce_vqa_L4,1,2507,0.7474747474747475
er4,60,6,er4_m60_s0,99.0,pce_vqa_L4,1,2943,0.7474747474747475
er4,60,6,er4_m60_s0,99.0,pce_vqa_L4,1,3597,0.7575757575757576
er4,60,6,er4_m60_s0,99.0,pce_vqa_L4,1,4469,0.7575757575757576
er4,60,6,er4_m60_s0,99.0,pce_vqa_L4,1,5341,0.7373737373737373
er4,60,6,er4_m60_s0,99.0,pce_vqa_L4,1,6540,0.7070707070707071
er4,60,6,er4_m60_s0,99.0,pce_vqa_L4,1,7957,0.7575757575757576
er4,60,6,er4_m60_s0,99.0,pce_vqa_L4,1,9592,0.8383838383838383
er4,60,6,er4_m60_s0,99.0,pce_vqa_L4,1,11663,0.8585858585858586
er4,60,6,er4_m60_s0,99.0,pce_vqa_L4,1,14279,0.8686868686868687
er4,60,6,er4_m60_s0,99.0,pce_vqa_L4,1,17331,0.8585858585858586
er4,60,6,er4_m60_s0,99.0,pce_vqa_L4,1,21037,0.8585858585858586
er4,60,6,er4_m60_s0,99.0,pce_vqa_L4,1,25506,0.8585858585858586
er4,60,6,er4_m60_s0,99.0,pce_vqa_L4,1,31065,0.8585858585858586
er4,60,6,er4_m60_s0,99.0,pce_vqa_L4,1,37714,0.8585858585858586
er4,60,6,er4_m60_s0,99.0,pce_vqa_L4,1,45889,0.8585858585858586
er4,60,6,er4_m60_s0,99.0,pce_vqa_L4,1,55699,0.8484848484848485
er4,60,6,er4_m60_s0,99.0,pce_vqa_L4,1,67689,0.8383838383838383
er4,60,6,er4_m60_s0,99.0,pce_vqa_L4,1,82295,0.9393939393939394
er4,60,6,er4_m60_s0,99.0,pce_vqa_L4,1,99953,0.9393939393939394
er4,60,6,er4_m60_s0,99.0,pce_vqa_L4,1,109109,0.9393939393939394
er4,60,6,er4_m60_s0,99.0,pce_vqa_L8,0,217,0.7575757575757576
er4,60,6,er4_m60_s0,99.0,pce_vqa_L8,0,434,0.7676767676767676
er4,60,6,er4_m60_s0,99.0,pce_vqa_L8,0,651,0.8383838383838383
er4,60,6,er4_m60_s0,99.0,pce_vqa_L8,0,868,0.8282828282828283
er4,60,6,er4_m60_s0,99.0,pce_vqa_L8,0,1085,0.8282828282828283
er4,60,6,er4_m60_s0,99.0,pce_vqa_L8,0,1302,0.7777777777777778
er4,60,6,er4_m60_s0,99.0,pce_vqa_L8,0,1519,0.7777777777777778
er4,60,6,er4_m60_s0,99.0,pce_vqa_L8,0,1953,0.7777777777777778
er4,60,6,er4_m60_s0,99.0,pce_vqa_L8,0,2170,0.797979797979798
er4,60,6,er4_m60_s0,99.0,pce_vqa_L8,0,2821,0.8383838383838383
er4,60,6,er4_m60_s0,99.0,pce_vqa_L8,0,3255,0.8080808080808081
er4,60,6,er4_m60_s0,99.0,pce_vqa_L8,0,4123,0.8282828282828283
er4,60,6,er4_m60_s0,99.0,pce_vqa_L8,0,4991,0.8282828282828283
er4,60,6,er4_m60_s0,99.0,pce_vqa_L8,0,5859,0.8282828282828283
er4,60,6,er4_m60_s0,99.0,pce_vqa_L8,0,7161,0.8383838383838383
er4,60,6,er4_m60_s0,99.0,pce_vqa_L8,0,8897,0.8484848484848485
er4,60,6,er4_m60_s0,99.0,pce_vqa_L8,0,10633,0.8080808080808081
er4,60,6,er4_m60_s0,99.0,pce_vqa_L8,0,13020,0.8282828282828283
er4,60,6,er4_m60_s0,99.0,pce_vqa_L8,0,15841,0.8282828282828283
er4,60,6,er4_m60_s0,99.0,pce_vqa_L8,0,19096,0.8282828282828283
er4,60,6,er4_m60_s0,99.0,pce_vqa_L8,0,23219,0.8282828282828283
er4,60,6,er4_m60_s0,99.0,pce_vqa_L8,0,28427,0.8282828282828283
er4,60,6,er4_m60_s0,99.0,pce_vqa_L8,0,34503,0.8383838383838383
er4,60,6,er4_m60_s0,99.0,pce_vqa_L8,0,41881,0.8383838383838383
er4,60,6,er4_m60_s0,99.0,pce_vqa_L8,0,50778,0.8383838383838383
er4,60,6,er4_m60_s0,99.0,pce_vqa_L8,0,61845,0.8484848484848485
er4,60,6,er4_m60_s0,99.0,pce_vqa_L8,0,75082,0.8484848484848485
er4,60,6,er4_m60_s0,99.0,pce_vqa_L8,0,91357,0.8888888888888888
er4,60,6,er4_m60_s0,99.0,pce_vqa_L8,0,110887,0.8888888888888888
er4,60,6,er4_m60_s0,99.0,pce_vqa_L8,0,134757,0.898989898989899
er4,60,6,er4_m60_s0,99.0,pce_vqa_L8,0,163835,0.898989898989899
er4,60,6,er4_m60_s0,99.0,pce_vqa_L8,0,198989,0.898989898989899
er4,60,6,er4_m60_s0,99.0,pce_vqa_L8,0,241955,0.898989898989899
er4,60,6,er4_m60_s0,99.0,pce_vqa_L8,0,293818,0.898989898989899
er4,60,6,er4_m60_s0,99.0,pce_vqa_L8,0,357182,0.898989898989899
er4,60,6,er4_m60_s0,99.0,pce_vqa_L8,0,434000,0.9393939393939394
er4,60,6,er4_m60_s0,99.0,pce_vqa_L8,1,217,0.6363636363636364
er4,60,6,er4_m60_s0,99.0,pce_vqa_L8,1,434,0.6464646464646465
er4,60,6,er4_m60_s0,99.0,pce_vqa_L8,1,651,0.7171717171717171
er4,60,6,er4_m60_s0,99.0,pce_vqa_L8,1,868,0.7474747474747475
er4,60,6,er4_m60_s0,99.0,pce_vqa_L8,1,1085,0.7575757575757576
er4,60,6,er4_m60_s0,99.0,pce_vqa_L8,1,1302,0.7575757575757576
er4,60,6,er4_m60_s0,99.0,pce_vqa_L8,1,1519,0.7575757575757576
er4,60,6,er4_m60_s0,99.0,pce_vqa_L8,1,1953,0.7575757575757576
er4,60,6,er4_m60_s0,99.0,pce_vqa_L8,1,2170,0.7373737373737373
er4,60,6,er4_m60_s0,99.0,pce_vqa_L8,1,2821,0.7676767676767676
er4,60,6,er4_m60_s0,99.0,pce_vqa_L8,1,3255,0.7575757575757576
er4,60,6,er4_m60_s0,99.0,pce_vqa_L8,1,4123,0.7676767676767676
er4,60,6,er4_m60_s0,99.0,pce_vqa_L8,1,4991,0.7676767676767676
er4,60,6,er4_m60_s0,99.0,pce_vqa_L8,1,5859,0.797979797979798
er4,60,6,er4_m60_s0,99.0,pce_vqa_L8,1,7161,0.8181818181818182
er4,60,6,er4_m60_s0,99.0,pce_vqa_L8,1,8897,0.8181818181818182
er4,60,6,er4_m60_s0,99.0,pce_vqa_L8,1,10633,0.8282828282828283
er4,60,6,er4_m60_s0,99.0,pce_vqa_L8,1,13020,0.8383838383838383
er4,60,6,er4_m60_s0,99.0,pce_vqa_L8,1,15841,0.8484848484848485
er4,60,6,er4_m60_s0,99.0,pce_vqa_L8,1,19096,0.8585858585858586
er4,60,6,er4_m60_s0,99.0,pce_vqa_L8,1,23219,0.8686868686868687
er4,60,6,er4_m60_s0,99.0,pce_vqa_L8,1,28427,0.8686868686868687
er4,60,6,er4_m60_s0,99.0,pce_vqa_L8,1,34503,0.8686868686868687
er4,60,6,er4_m60_s0,99.0,pce_vqa_L8,1,41881,0.8686868686868687
er4,60,6,er4_m60_s0,99.0,pce_vqa_L8,1,50778,0.8787878787878788
er4,60,6,er4_m60_s0,99.0,pce_vqa_L8,1,61845,0.8787878787878788
er4,60,6,er4_m60_s0,99.0,pce_vqa_L8,1,75082,0.8888888888888888
er4,60,6,er4_m60_s0,99.0,pce_vqa_L8,1,91357,0.9191919191919192
er4,60,6,er4_m60_s0,99.0,pce_vqa_L8,1,110887,0.9090909090909091
er4,60,6,er4_m60_s0,99.0,pce_vqa_L8,1,134757,0.9292929292929293
er4,60,6,er4_m60_s0,99.0,pce_vqa_L8,1,163835,0.9797979797979798
er4,60,6,er4_m60_s0,99.0,pce_vqa_L8,1,198989,1.0
er4,60,6,er4_m60_s0,99.0,pce_vqa_L8,1,241955,1.0
er4,60,6,er4_m60_s0,99.0,pce_vqa_L8,1,293818,1.0
er4,60,6,er4_m60_s0,99.0,pce_vqa_L8,1,357182,1.0
er4,60,6,er4_m60_s0,99.0,pce_vqa_L8,1,390383,1.0
er4,60,6,er4_m60_s1,100.0,genpce_es,0,10,0.55
er4,60,6,er4_m60_s1,100.0,genpce_es,0,60,0.7
er4,60,6,er4_m60_s1,100.0,genpce_es,0,110,0.76
er4,60,6,er4_m60_s1,100.0,genpce_es,0,160,0.76
er4,60,6,er4_m60_s1,100.0,genpce_es,0,210,0.76
er4,60,6,er4_m60_s1,100.0,genpce_es,0,260,0.76
er4,60,6,er4_m60_s1,100.0,genpce_es,0,310,0.76
er4,60,6,er4_m60_s1,100.0,genpce_es,0,360,0.78
er4,60,6,er4_m60_s1,100.0,genpce_es,0,410,0.8
er4,60,6,er4_m60_s1,100.0,genpce_es,0,460,0.8
er4,60,6,er4_m60_s1,100.0,genpce_es,0,510,0.8
er4,60,6,er4_m60_s1,100.0,genpce_es,0,560,0.83
er4,60,6,er4_m60_s1,100.0,genpce_es,0,610,0.83
er4,60,6,er4_m60_s1,100.0,genpce_es,0,660,0.83
er4,60,6,er4_m60_s1,100.0,genpce_es,0,710,0.83
er4,60,6,er4_m60_s1,100.0,genpce_es,0,760,0.85
er4,60,6,er4_m60_s1,100.0,genpce_es,0,810,0.85
er4,60,6,er4_m60_s1,100.0,genpce_es,0,860,0.85
er4,60,6,er4_m60_s1,100.0,genpce_es,0,910,0.85
er4,60,6,er4_m60_s1,100.0,genpce_es,0,960,0.85
er4,60,6,er4_m60_s1,100.0,genpce_es,0,1010,0.85
er4,60,6,er4_m60_s1,100.0,genpce_es,0,1060,0.85
er4,60,6,er4_m60_s1,100.0,genpce_es,0,1110,0.85
er4,60,6,er4_m60_s1,100.0,genpce_es,0,1160,0.85
er4,60,6,er4_m60_s1,100.0,genpce_es,0,1210,0.85
er4,60,6,er4_m60_s1,100.0,genpce_es,0,1260,0.85
er4,60,6,er4_m60_s1,100.0,genpce_es,0,1310,0.85
er4,60,6,er4_m60_s1,100.0,genpce_es,0,1360,0.85
er4,60,6,er4_m60_s1,100.0,genpce_es,0,1410,0.85
er4,60,6,er4_m60_s1,100.0,genpce_es,0,1460,0.85
er4,60,6,er4_m60_s1,100.0,genpce_es,0,1510,0.85
er4,60,6,er4_m60_s1,100.0,genpce_es,0,1560,0.85
er4,60,6,er4_m60_s1,100.0,genpce_es,0,1610,0.86
er4,60,6,er4_m60_s1,100.0,genpce_es,0,1660,0.86
er4,60,6,er4_m60_s1,100.0,genpce_es,0,1710,0.86
er4,60,6,er4_m60_s1,100.0,genpce_es,0,1760,0.86
er4,60,6,er4_m60_s1,100.0,genpce_es,0,1810,0.86
er4,60,6,er4_m60_s1,100.0,genpce_es,0,1860,0.86
er4,60,6,er4_m60_s1,100.0,genpce_es,0,1910,0.86
er4,60,6,er4_m60_s1,100.0,genpce_es,0,1960,0.86
er4,60,6,er4_m60_s1,100.0,genpce_es,0,2010,0.86
er4,60,6,er4_m60_s1,100.0,genpce_es,0,2060,0.87
er4,60,6,er4_m60_s1,100.0,genpce_es,0,2110,0.87
er4,60,6,er4_m60_s1,100.0,genpce_es,0,2160,0.87
er4,60,6,er4_m60_s1,100.0,genpce_es,0,2210,0.87
er4,60,6,er4_m60_s1,100.0,genpce_es,0,2260,0.87
er4,60,6,er4_m60_s1,100.0,genpce_es,0,2310,0.87
er4,60,6,er4_m60_s1,100.0,genpce_es,0,2360,0.87
er4,60,6,er4_m60_s1,100.0,genpce_es,0,2410,0.87
er4,60,6,er4_m60_s1,100.0,genpce_es,0,2460,0.87
er4,60,6,er4_m60_s1,100.0,genpce_es,0,2510,0.87
er4,60,6,er4_m60_s1,100.0,genpce_es,0,2560,0.87
er4,60,6,er4_m60_s1,100.0,genpce_es,0,2610,0.87
er4,60,6,er4_m60_s1,100.0,genpce_es,0,2660,0.87
er4,60,6,er4_m60_s1,100.0,genpce_es,0,2710,0.87
er4,60,6,er4_m60_s1,100.0,genpce_es,0,2760,0.88
er4,60,6,er4_m60_s1,100.0,genpce_es,0,2810,0.88
er4,60,6,er4_m60_s1,100.0,genpce_es,0,2860,0.87
er4,60,6,er4_m60_s1,100.0,genpce_es,0,2910,0.87
er4,60,6,er4_m60_s1,100.0,genpce_es,0,2960,0.87
er4,60,6,er4_m60_s1,100.0,genpce_es,0,3010,0.87
er4,60,6,er4_m60_s1,100.0,genpce_es,0,3060,0.87
er4,60,6,er4_m60_s1,100.0,genpce_es,0,3110,0.85
er4,60,6,er4_m60_s1,100.0,genpce_es,0,3160,0.9
er4,60,6,er4_m60_s1,100.0,genpce_es,0,3210,0.9
er4,60,6,er4_m60_s1,100.0,genpce_es,0,3260,0.9
er4,60,6,er4_m60_s1,100.0,genpce_es,0,3310,0.9
er4,60,6,er4_m60_s1,100.0,genpce_es,0,3360,0.9
er4,60,6,er4_m60_s1,100.0,genpce_es,0,3410,0.9
er4,60,6,er4_m60_s1,100.0,genpce_es,0,3460,0.89
er4,60,6,er4_m60_s1,100.0,genpce_es,0,3510,0.89
er4,60,6,er4_m60_s1,100.0,genpce_es,0,3560,0.89
er4,60,6,er4_m60_s1,100.0,genpce_es,0,3610,0.89
er4,60,6,er4_m60_s1,100.0,genpce_es,0,3660,0.89
er4,60,6,er4_m60_s1,100.0,genpce_es,0,3710,0.9
er4,60,6,er4_m60_s1,100.0,genpce_es,0,3760,0.9
er4,60,6,er4_m60_s1,100.0,genpce_es,0,3810,0.91
er4,60,6,er4_m60_s1,100.0,genpce_es,0,3860,0.91
er4,60,6,er4_m60_s1,100.0,genpce_es,0,3910,0.91
er4,60,6,er4_m60_s1,100.0,genpce_es,0,3960,0.91
er4,60,6,er4_m60_s1,100.0,genpce_es,0,4010,0.9
er4,60,6,er4_m60_s1,100.0,genpce_es,0,4060,0.9
er4,60,6,er4_m60_s1,100.0,genpce_es,0,4110,0.9
er4,60,6,er4_m60_s1,100.0,genpce_es,0,4160,0.9
er4,60,6,er4_m60_s1,100.0,genpce_es,0,4210,0.9
er4,60,6,er4_m60_s1,100.0,genpce_es,0,4260,0.9
er4,60,6,er4_m60_s1,100.0,genpce_es,0,4310,0.9
er4,60,6,er4_m60_s1,100.0,genpce_es,0,4360,0.9
er4,60,6,er4_m60_s1,100.0,genpce_es,0,4410,0.91
er4,60,6,er4_m60_s1,100.0,genpce_es,0,4460,0.92
er4,60,6,er4_m60_s1,100.0,genpce_es,0,4510,0.92
er4,60,6,er4_m60_s1,100.0,genpce_es,0,4560,0.92
er4,60,6,er4_m60_s1,100.0,genpce_es,0,4610,0.92
er4,60,6,er4_m60_s1,100.0,genpce_es,0,4660,0.92
er4,60,6,er4_m60_s1,100.0,genpce_es,0,4710,0.92
er4,60,6,er4_m60_s1,100.0,genpce_es,0,4760,0.92
er4,60,6,er4_m60_s1,100.0,genpce_es,0,4810,0.92
er4,60,6,er4_m60_s1,100.0,genpce_es,0,4860,0.92
er4,60,6,er4_m60_s1,100.0,genpce_es,0,4910,0.92
er4,60,6,er4_m60_s1,100.0,genpce_es,0,4960,0.92
er4,60,6,er4_m60_s1,100.0,genpce_es,0,5010,0.92
er4,60,6,er4_m60_s1,100.0,genpce_es,0,5060,0.92
er4,60,6,er4_m60_s1,100.0,genpce_es,0,5110,0.92
er4,60,6,er4_m60_s1,100.0,genpce_es,0,5160,0.92
er4,60,6,er4_m60_s1,100.0,genpce_es,0,5210,0.92
er4,60,6,er4_m60_s1,100.0,genpce_es,0,5260,0.92
er4,60,6,er4_m60_s1,100.0,genpce_es,0,5310,0.92
er4,60,6,er4_m60_s1,100.0,genpce_es,0,5360,0.92
er4,60,6,er4_m60_s1,100.0,genpce_es,0,5410,0.92
er4,60,6,er4_m60_s1,100.0,genpce_es,0,5460,0.92
er4,60,6,er4_m60_s1,100.0,genpce_es,0,5510,0.92
er4,60,6,er4_m60_s1,100.0,genpce_es,0,5560,0.92
er4,60,6,er4_m60_s1,100.0,genpce_es,0,5610,0.92
er4,60,6,er4_m60_s1,100.0,genpce_es,0,5660,0.92
er4,60,6,er4_m60_s1,100.0,genpce_es,0,5710,0.92
er4,60,6,er4_m60_s1,100.0,genpce_es,0,5760,0.92
er4,60,6,er4_m60_s1,100.0,genpce_es,0,5810,0.92
er4,60,6,er4_m60_s1,100.0,genpce_es,0,5860,0.92
er4,60,6,er4_m60_s1,100.0,genpce_es,0,5910,0.92
er4,60,6,er4_m60_s1,100.0,genpce_es,0,5960,0.92
er4,60,6,er4_m60_s1,100.0,genpce_es,0,6010,0.92
er4,60,6,er4_m60_s1,100.0,genpce_es,0,6060,0.92
er4,60,6,er4_m60_s1,100.0,genpce_es,0,6110,0.92
er4,60,6,er4_m60_s1,100.0,genpce_es,0,6160,0.92
er4,60,6,er4_m60_s1,100.0,genpce_es,0,6210,0.92
er4,60,6,er4_m60_s1,100.0,genpce_es,0,6260,0.92
er4,60,6,er4_m60_s1,100.0,genpce_es,0,6310,0.92
er4,60,6,er4_m60_s1,100.0,genpce_es,0,6360,0.92
er4,60,6,er4_m60_s1,100.0,genpce_es,0,6410,0.92
er4,60,6,er4_m60_s1,100.0,genpce_es,0,6460,0.92
er4,60,6,er4_m60_s1,100.0,genpce_es,0,6510,0.92
er4,60,6,er4_m60_s1,100.0,genpce_es,0,6560,0.92
er4,60,6,er4_m60_s1,100.0,genpce_es,0,6610,0.92
er4,60,6,er4_m60_s1,100.0,genpce_es,0,6660,0.92
er4,60,6,er4_m60_s1,100.0,genpce_es,0,6710,0.92
er4,60,6,er4_m60_s1,100.0,genpce_es,0,6760,0.92
er4,60,6,er4_m60_s1,100.0,genpce_es,0,6810,0.92
er4,60,6,er4_m60_s1,100.0,genpce_es,0,6860,0.92
er4,60,6,er4_m60_s1,100.0,genpce_es,0,6910,0.92
er4,60,6,er4_m60_s1,100.0,genpce_es,0,6960,0.92
er4,60,6,er4_m60_s1,100.0,genpce_es,0,7010,0.92
er4,60,6,er4_m60_s1,100.0,genpce_es,0,7060,0.92
er4,60,6,er4_m60_s1,100.0,genpce_es,0,7110,0.92
er4,60,6,er4_m60_s1,100.0,genpce_es,0,7160,0.92
er4,60,6,er4_m60_s1,100.0,genpce_es,0,7210,0.92
er4,60,6,er4_m60_s1,100.0,genpce_es,0,7260,0.92
er4,60,6,er4_m60_s1,100.0,genpce_es,0,7310,0.92
er4,60,6,er4_m60_s1,100.0,genpce_es,0,7360,0.92
er4,60,6,er4_m60_s1,100.0,genpce_es,0,7410,0.92
er4,60,6,er4_m60_s1,100.0,genpce_es,0,7460,0.92
er4,60,6,er4_m60_s1,100.0,genpce_es,0,7510,0.92
er4,60,6,er4_m60_s1,100.0,genpce_es,0,7560,0.92
er4,60,6,er4_m60_s1,100.0,genpce_es,0,7610,0.92
er4,60,6,er4_m60_s1,100.0,genpce_es,0,7660,0.92
er4,60,6,er4_m60_s1,100.0,genpce_es,0,7710,0.92
er4,60,6,er4_m60_s1,100.0,genpce_es,0,7760,0.92
er4,60,6,er4_m60_s1,100.0,genpce_es,0,7810,0.92
er4,60,6,er4_m60_s1,100.0,genpce_es,0,7860,0.92
er4,60,6,er4_m60_s1,100.0,genpce_es,0,7910,0.92
er4,60,6,er4_m60_s1,100.0,genpce_es,0,7960,0.92
er4,60,6,er4_m60_s1,100.0,genpce_es,0,8010,0.92
er4,60,6,er4_m60_s1,100.0,genpce_es,0,8060,0.94
er4,60,6,er4_m60_s1,100.0,genpce_es,0,8110,0.94
er4,60,6,er4_m60_s1,100.0,genpce_es,0,8160,0.94
er4,60,6,er4_m60_s1,100.0,genpce_es,0,8210,0.94
er4,60,6,er4_m60_s1,100.0,genpce_es,0,8260,0.94
er4,60,6,er4_m60_s1,100.0,genpce_es,0,8310,0.94
er4,60,6,er4_m60_s1,100.0,genpce_es,0,8360,0.94
er4,60,6,er4_m60_s1,100.0,genpce_es,0,8410,0.94
er4,60,6,er4_m60_s1,100.0,genpce_es,0,8460,0.94
er4,60,6,er4_m60_s1,100.0,genpce_es,0,8510,0.94
er4,60,6,er4_m60_s1,100.0,genpce_es,0,8560,0.94
er4,60,6,er4_m60_s1,100.0,genpce_es,0,8610,0.94
er4,60,6,er4_m60_s1,100.0,genpce_es,0,8660,0.94
er4,60,6,er4_m60_s1,100.0,genpce_es,0,8710,0.94
er4,60,6,er4_m60_s1,100.0,genpce_es,0,8760,0.94
er4,60,6,er4_m60_s1,100.0,genpce_es,0,8810,0.94
er4,60,6,er4_m60_s1,100.0,genpce_es,0,8860,0.94
er4,60,6,er4_m60_s1,100.0,genpce_es,0,8910,0.94
er4,60,6,er4_m60_s1,100.0,genpce_es,0,8960,0.94
er4,60,6,er4_m60_s1,100.0,genpce_es,0,9010,0.94
er4,60,6,er4_m60_s1,100.0,genpce_es,0,9060,0.94
er4,60,6,er4_m60_s1,100.0,genpce_es,0,9110,0.94
er4,60,6,er4_m60_s1,100.0,genpce_es,0,9160,0.94
er4,60,6,er4_m60_s1,100.0,genpce_es,0,9210,0.94
er4,60,6,er4_m60_s1,100.0,genpce_es,0,9260,0.94
er4,60,6,er4_m60_s1,100.0,genpce_es,0,9310,0.94
er4,60,6,er4_m60_s1,100.0,genpce_es,0,9360,0.94
er4,60,6,er4_m60_s1,100.0,genpce_es,0,9410,0.94
er4,60,6,er4_m60_s1,100.0,genpce_es,0,9460,0.94
er4,60,6,er4_m60_s1,100.0,genpce_es,0,9510,0.94
er4,60,6,er4_m60_s1,100.0,genpce_es,0,9560,0.94
er4,60,6,er4_m60_s1,100.0,genpce_es,0,9610,0.94
er4,60,6,er4_m60_s1,100.0,genpce_es,0,9660,0.94
er4,60,6,er4_m60_s1,100.0,genpce_es,0,9710,0.94
er4,60,6,er4_m60_s1,100.0,genpce_es,0,9760,0.94
er4,60,6,er4_m60_s1,100.0,genpce_es,0,9810,0.94
er4,60,6,er4_m60_s1,100.0,genpce_es,0,9860,0.94
er4,60,6,er4_m60_s1,100.0,genpce_es,0,9910,0.94
er4,60,6,er4_m60_s1,100.0,genpce_es,0,9960,0.94
er4,60,6,er4_m60_s1,100.0,genpce_es,0,10010,0.94
er4,60,6,er4_m60_s1,100.0,genpce_es,0,10060,0.94
er4,60,6,er4_m60_s1,100.0,genpce_es,0,10110,0.94
er4,60,6,er4_m60_s1,100.0,genpce_es,0,10160,0.94
er4,60,6,er4_m60_s1,100.0,genpce_es,0,10210,0.94
er4,60,6,er4_m60_s1,100.0,genpce_es,0,10260,0.94
er4,60,6,er4_m60_s1,100.0,genpce_es,0,10310,0.94
er4,60,6,er4_m60_s1,100.0,genpce_es,0,10360,0.94
er4,60,6,er4_m60_s1,100.0,genpce_es,0,10410,0.94
er4,60,6,er4_m60_s1,100.0,genpce_es,0,10460,0.94
er4,60,6,er4_m60_s1,100.0,genpce_es,0,10510,0.94
er4,60,6,er4_m60_s1,100.0,genpce_es,0,10560,0.94
er4,60,6,er4_m60_s1,100.0,genpce_es,0,10610,0.94
er4,60,6,er4_m60_s1,100.0,genpce_es,0,10660,0.94
er4,60,6,er4_m60_s1,100.0,genpce_es,0,10710,0.94
er4,60,6,er4_m60_s1,100.0,genpce_es,0,10760,0.94
er4,60,6,er4_m60_s1,100.0,genpce_es,0,10810,0.94
er4,60,6,er4_m60_s1,100.0,genpce_es,0,10860,0.94
er4,60,6,er4_m60_s1,100.0,genpce_es,0,10910,0.94
er4,60,6,er4_m60_s1,100.0,genpce_es,0,10960,0.94
er4,60,6,er4_m60_s1,100.0,genpce_es,0,11010,0.94
er4,60,6,er4_m60_s1,100.0,genpce_es,0,11060,0.94
er4,60,6,er4_m60_s1,100.0,genpce_es,0,11110,0.94
er4,60,6,er4_m60_s1,100.0,genpce_es,0,11160,0.94
er4,60,6,er4_m60_s1,100.0,genpce_es,0,11210,0.94
er4,60,6,er4_m60_s1,100.0,genpce_es,0,11260,0.94
er4,60,6,er4_m60_s1,100.0,genpce_es,0,11310,0.94
er4,60,6,er4_m60_s1,100.0,genpce_es,0,11360,0.94
er4,60,6,er4_m60_s1,100.0,genpce_es,0,11410,0.94
er4,60,6,er4_m60_s1,100.0,genpce_es,0,11460,0.94
er4,60,6,er4_m60_s1,100.0,genpce_es,0,11510,0.94
er4,60,6,er4_m60_s1,100.0,genpce_es,0,11560,0.94
er4,60,6,er4_m60_s1,100.0,genpce_es,0,11610,0.94
er4,60,6,er4_m60_s1,100.0,genpce_es,0,11660,0.94
er4,60,6,er4_m60_s1,100.0,genpce_es,0,11710,0.94
er4,60,6,er4_m60_s1,100.0,genpce_es,0,11760,0.94
er4,60,6,er4_m60_s1,100.0,genpce_es,0,11810,0.94
er4,60,6,er4_m60_s1,100.0,genpce_es,0,11860,0.94
er4,60,6,er4_m60_s1,100.0,genpce_es,0,11910,0.94
er4,60,6,er4_m60_s1,100.0,genpce_es,0,11960,0.94
er4,60,6,er4_m60_s1,100.0,genpce_es,0,12010,0.94
er4,60,6,er4_m60_s1,100.0,genpce_es,0,12060,0.94
er4,60,6,er4_m60_s1,100.0,genpce_es,0,12110,0.94
er4,60,6,er4_m60_s1,100.0,genpce_es,0,12160,0.94
er4,60,6,er4_m60_s1,100.0,genpce_es,0,12210,0.94
er4,60,6,er4_m60_s1,100.0,genpce_es,0,12260,0.94
er4,60,6,er4_m60_s1,100.0,genpce_es,0,12310,0.94
er4,60,6,er4_m60_s1,100.0,genpce_es,0,12360,0.94
er4,60,6,er4_m60_s1,100.0,genpce_es,0,12410,0.94
er4,60,6,er4_m60_s1,100.0,genpce_es,0,12460,0.94
er4,60,6,er4_m60_s1,100.0,genpce_es,0,12510,0.94
er4,60,6,er4_m60_s1,100.0,genpce_es,0,12560,0.94
er4,60,6,er4_m60_s1,100.0,genpce_es,0,12610,0.94
er4,60,6,er4_m60_s1,100.0,genpce_es,0,12660,0.94
er4,60,6,er4_m60_s1,100.0,genpce_es,0,12710,0.94
er4,60,6,er4_m60_s1,100.0,genpce_es,0,12760,0.94
er4,60,6,er4_m60_s1,100.0,genpce_es,0,12810,0.94
er4,60,6,er4_m60_s1,100.0,genpce_es,0,12860,0.94
er4,60,6,er4_m60_s1,100.0,genpce_es,0,12910,0.94
er4,60,6,er4_m60_s1,100.0,genpce_es,0,12960,0.94
er4,60,6,er4_m60_s1,100.0,genpce_es,0,13010,0.94
er4,60,6,er4_m60_s1,100.0,genpce_es,0,13060,0.94
er4,60,6,er4_m60_s1,100.0,genpce_es,0,13110,0.94
er4,60,6,er4_m60_s1,100.0,genpce_es,0,13160,0.94
er4,60,6,er4_m60_s1,100.0,genpce_es,0,13210,0.94
er4,60,6,er4_m60_s1,100.0,genpce_es,0,13260,0.94
er4,60,6,er4_m60_s1,100.0,genpce_es,0,13310,0.94
er4,60,6,er4_m60_s1,100.0,genpce_es,0,13360,0.94
er4,60,6,er4_m60_s1,100.0,genpce_es,0,13410,0.94
er4,60,6,er4_m60_s1,100.0,genpce_es,0,13460,0.94
er4,60,6,er4_m60_s1,100.0,genpce_es,0,13510,0.94
er4,60,6,er4_m60_s1,100.0,genpce_es,0,13560,0.94
er4,60,6,er4_m60_s1,100.0,genpce_es,0,13610,0.94
er4,60,6,er4_m60_s1,100.0,genpce_es,0,13660,0.94
er4,60,6,er4_m60_s1,100.0,genpce_es,0,13710,0.94
er4,60,6,er4_m60_s1,100.0,genpce_es,0,13760,0.94
er4,60,6,er4_m60_s1,100.0,genpce_es,0,13810,0.94
er4,60,6,er4_m60_s1,100.0,genpce_es,0,13860,0.94
er4,60,6,er4_m60_s1,100.0,genpce_es,0,13910,0.94
er4,60,6,er4_m60_s1,100.0,genpce_es,0,13960,0.94
er4,60,6,er4_m60_s1,100.0,genpce_es,0,14010,0.94
er4,60,6,er4_m60_s1,100.0,genpce_es,0,14060,0.94
er4,60,6,er4_m60_s1,100.0,genpce_es,0,14110,0.94
er4,60,6,er4_m60_s1,100.0,genpce_es,0,14160,0.94
er4,60,6,er4_m60_s1,100.0,genpce_es,0,14210,0.94
er4,60,6,er4_m60_s1,100.0,genpce_es,0,14260,0.94
er4,60,6,er4_m60_s1,100.0,genpce_es,0,14310,0.94
er4,60,6,er4_m60_s1,100.0,genpce_es,0,14360,0.94
er4,60,6,er4_m60_s1,100.0,genpce_es,0,14410,0.94
er4,60,6,er4_m60_s1,100.0,genpce_es,0,14460,0.94
er4,60,6,er4_m60_s1,100.0,genpce_es,0,14510,0.94
er4,60,6,er4_m60_s1,100.0,genpce_es,0,14560,0.94
er4,60,6,er4_m60_s1,100.0,genpce_es,0,14610,0.94
er4,60,6,er4_m60_s1,100.0,genpce_es,0,14660,0.94
er4,60,6,er4_m60_s1,100.0,genpce_es,0,14710,0.94
er4,60,6,er4_m60_s1,100.0,genpce_es,0,14760,0.94
er4,60,6,er4_m60_s1,100.0,genpce_es,0,14810,0.94
er4,60,6,er4_m60_s1,100.0,genpce_es,0,14860,0.94
er4,60,6,er4_m60_s1,100.0,genpce_es,0,14910,0.94
er4,60,6,er4_m60_s1,100.0,genpce_es,0,14960,0.94
er4,60,6,er4_m60_s1,100.0,genpce_es,0,15010,0.94
er4,60,6,er4_m60_s1,100.0,genpce_es,0,15060,0.94
er4,60,6,er4_m60_s1,100.0,genpce_es,0,15110,0.94
er4,60,6,er4_m60_s1,100.0,genpce_es,0,15160,0.94
er4,60,6,er4_m60_s1,100.0,genpce_es,0,15210,0.94
er4,60,6,er4_m60_s1,100.0,genpce_es,0,15260,0.94
er4,60,6,er4_m60_s1,100.0,genpce_es,0,15310,0.94
er4,60,6,er4_m60_s1,100.0,genpce_es,0,15360,0.94
er4,60,6,er4_m60_s1,100.0,genpce_es,0,15410,0.94
er4,60,6,er4_m60_s1,100.0,genpce_es,0,15460,0.94
er4,60,6,er4_m60_s1,100.0,genpce_es,0,15510,0.94
er4,60,6,er4_m60_s1,100.0,genpce_es,0,15560,0.94
er4,60,6,er4_m60_s1,100.0,genpce_es,0,15610,0.94
er4,60,6,er4_m60_s1,100.0,genpce_es,0,15660,0.94
er4,60,6,er4_m60_s1,100.0,genpce_es,0,15710,0.94
er4,60,6,er4_m60_s1,100.0,genpce_es,0,15760,0.94
er4,60,6,er4_m60_s1,100.0,genpce_es,0,15810,0.94
er4,60,6,er4_m60_s1,100.0,genpce_es,0,15860,0.94
er4,60,6,er4_m60_s1,100.0,genpce_es,0,15910,0.94
er4,60,6,er4_m60_s1,100.0,genpce_es,0,15960,0.94
er4,60,6,er4_m60_s1,100.0,genpce_es,0,16010,0.94
er4,60,6,er4_m60_s1,100.0,genpce_es,0,16060,0.94
er4,60,6,er4_m60_s1,100.0,genpce_es,0,16110,0.94
er4,60,6,er4_m60_s1,100.0,genpce_es,0,16160,0.94
er4,60,6,er4_m60_s1,100.0,genpce_es,0,16210,0.94
er4,60,6,er4_m60_s1,100.0,genpce_es,0,16260,0.94
er4,60,6,er4_m60_s1,100.0,genpce_es,0,16310,0.94
er4,60,6,er4_m60_s1,100.0,genpce_es,0,16360,0.94
er4,60,6,er4_m60_s1,100.0,genpce_es,0,16410,0.94
er4,60,6,er4_m60_s1,100.0,genpce_es,0,16460,0.94
er4,60,6,er4_m60_s1,100.0,genpce_es,0,16510,0.94
er4,60,6,er4_m60_s1,100.0,genpce_es,0,16560,0.94
er4,60,6,er4_m60_s1,100.0,genpce_es,0,16610,0.94
er4,60,6,er4_m60_s1,100.0,genpce_es,0,16660,0.94
er4,60,6,er4_m60_s1,100.0,genpce_es,0,16710,0.94
er4,60,6,er4_m60_s1,100.0,genpce_es,0,16760,0.94
er4,60,6,er4_m60_s1,100.0,genpce_es,0,16810,0.94
er4,60,6,er4_m60_s1,100.0,genpce_es,0,16860,0.94
er4,60,6,er4_m60_s1,100.0,genpce_es,0,16910,0.94
er4,60,6,er4_m60_s1,100.0,genpce_es,0,16960,0.94
er4,60,6,er4_m60_s1,100.0,genpce_es,0,17010,0.94
er4,60,6,er4_m60_s1,100.0,genpce_es,0,17060,0.94
er4,60,6,er4_m60_s1,100.0,genpce_es,0,17110,0.94
er4,60,6,er4_m60_s1,100.0,genpce_es,0,17160,0.94
er4,60,6,er4_m60_s1,100.0,genpce_es,0,17210,0.94
er4,60,6,er4_m60_s1,100.0,genpce_es,0,17260,0.94
er4,60,6,er4_m60_s1,100.0,genpce_es,0,17310,0.94
er4,60,6,er4_m60_s1,100.0,genpce_es,0,17360,0.94
er4,60,6,er4_m60_s1,100.0,genpce_es,0,17410,0.94
er4,60,6,er4_m60_s1,100.0,genpce_es,0,17460,0.94
er4,60,6,er4_m60_s1,100.0,genpce_es,0,17510,0.94
er4,60,6,er4_m60_s1,100.0,genpce_es,0,17560,0.94
er4,60,6,er4_m60_s1,100.0,genpce_es,0,17610,0.94
er4,60,6,er4_m60_s1,100.0,genpce_es,0,17660,0.94
er4,60,6,er4_m60_s1,100.0,genpce_es,0,17710,0.94
er4,60,6,er4_m60_s1,100.0,genpce_es,0,17760,0.94
er4,60,6,er4_m60_s1,100.0,genpce_es,0,17810,0.94
er4,60,6,er4_m60_s1,100.0,genpce_es,0,17860,0.94
er4,60,6,er4_m60_s1,100.0,genpce_es,0,17910,0.94
er4,60,6,er4_m60_s1,100.0,genpce_es,0,17960,0.94
er4,60,6,er4_m60_s1,100.0,genpce_es,0,18010,0.94
er4,60,6,er4_m60_s1,100.0,genpce_es,0,18060,0.94
er4,60,6,er4_m60_s1,100.0,genpce_es,0,18110,0.94
er4,60,6,er4_m60_s1,100.0,genpce_es,0,18160,0.94
er4,60,6,er4_m60_s1,100.0,genpce_es,0,18210,0.94
er4,60,6,er4_m60_s1,100.0,genpce_es,0,18260,0.94
er4,60,6,er4_m60_s1,100.0,genpce_es,0,18310,0.94
er4,60,6,er4_m60_s1,100.0,genpce_es,0,18360,0.94
er4,60,6,er4_m60_s1,100.0,genpce_es,0,18410,0.94
er4,60,6,er4_m60_s1,100.0,genpce_es,0,18460,0.94
er4,60,6,er4_m60_s1,100.0,genpce_es,0,18510,0.94
er4,60,6,er4_m60_s1,100.0,genpce_es,0,18560,0.94
er4,60,6,er4_m60_s1,100.0,genpce_es,0,18610,0.94
er4,60,6,er4_m60_s1,100.0,genpce_es,0,18660,0.94
er4,60,6,er4_m60_s1,100.0,genpce_es,0,18710,0.94
er4,60,6,er4_m60_s1,100.0,genpce_es,0,18760,0.94
er4,60,6,er4_m60_s1,100.0,genpce_es,0,18810,0.94
er4,60,6,er4_m60_s1,100.0,genpce_es,0,18860,0.94
er4,60,6,er4_m60_s1,100.0,genpce_es,0,18910,0.94
er4,60,6,er4_m60_s1,100.0,genpce_es,0,18960,0.94
er4,60,6,er4_m60_s1,100.0,genpce_es,0,19010,0.94
er4,60,6,er4_m60_s1,100.0,genpce_es,0,19060,0.94
er4,60,6,er4_m60_s1,100.0,genpce_es,0,19110,0.94
er4,60,6,er4_m60_s1,100.0,genpce_es,0,19160,0.94
er4,60,6,er4_m60_s1,100.0,genpce_es,0,19210,0.94
er4,60,6,er4_m60_s1,100.0,genpce_es,0,19260,0.94
er4,60,6,er4_m60_s1,100.0,genpce_es,0,19310,0.94
er4,60,6,er4_m60_s1,100.0,genpce_es,0,19360,0.94
er4,60,6,er4_m60_s1,100.0,genpce_es,0,19410,0.94
er4,60,6,er4_m60_s1,100.0,genpce_es,0,19460,0.94
er4,60,6,er4_m60_s1,100.0,genpce_es,0,19510,0.94
er4,60,6,er4_m60_s1,100.0,genpce_es,0,19560,0.94
er4,60,6,er4_m60_s1,100.0,genpce_es,0,19610,0.94
er4,60,6,er4_m60_s1,100.0,genpce_es,0,19660,0.94
er4,60,6,er4_m60_s1,100.0,genpce_es,0,19710,0.94
er4,60,6,er4_m60_s1,100.0,genpce_es,0,19760,0.94
er4,60,6,er4_m60_s1,100.0,genpce_es,0,19810,0.94
er4,60,6,er4_m60_s1,100.0,genpce_es,0,19860,0.94
er4,60,6,er4_m60_s1,100.0,genpce_es,0,19910,0.94
er4,60,6,er4_m60_s1,100.0,genpce_es,0,19960,0.94
er4,60,6,er4_m60_s1,100.0,genpce_es,0,20010,0.94
er4,60,6,er4_m60_s1,100.0,random,0,50,0.71
er4,60,6,er4_m60_s1,100.0,random,0,100,0.75
er4,60,6,er4_m60_s1,100.0,random,0,150,0.75
er4,60,6,er4_m60_s1,100.0,random,0,200,0.75
er4,60,6,er4_m60_s1,100.0,random,0,250,0.75
er4,60,6,er4_m60_s1,100.0,random,0,300,0.78
er4,60,6,er4_m60_s1,100.0,random,0,350,0.78
er4,60,6,er4_m60_s1,100.0,random,0,400,0.78
er4,60,6,er4_m60_s1,100.0,random,0,450,0.78
er4,60,6,er4_m60_s1,100.0,random,0,500,0.78
er4,60,6,er4_m60_s1,100.0,random,0,550,0.78
er4,60,6,er4_m60_s1,100.0,random,0,600,0.78
er4,60,6,er4_m60_s1,100.0,random,0,650,0.78
er4,60,6,er4_m60_s1,100.0,random,0,700,0.78
er4,60,6,er4_m60_s1,100.0,random,0,750,0.78
er4,60,6,er4_m60_s1,100.0,random,0,800,0.78
er4,60,6,er4_m60_s1,100.0,random,0,850,0.78
er4,60,6,er4_m60_s1,100.0,random,0,900,0.78
er4,60,6,er4_m60_s1,100.0,random,0,950,0.78
er4,60,6,er4_m60_s1,100.0,random,0,1000,0.78
er4,60,6,er4_m60_s1,100.0,random,0,1050,0.78
er4,60,6,er4_m60_s1,100.0,random,0,1100,0.78
er4,60,6,er4_m60_s1,100.0,random,0,1150,0.78
er4,60,6,er4_m60_s1,100.0,random,0,1200,0.78
er4,60,6,er4_m60_s1,100.0,random,0,1250,0.78
er4,60,6,er4_m60_s1,100.0,random,0,1300,0.78
er4,60,6,er4_m60_s1,100.0,random,0,1350,0.8
er4,60,6,er4_m60_s1,100.0,random,0,1400,0.8
er4,60,6,er4_m60_s1,100.0,random,0,1450,0.8
er4,60,6,er4_m60_s1,100.0,random,0,1500,0.8
er4,60,6,er4_m60_s1,100.0,random,0,1550,0.8
er4,60,6,er4_m60_s1,100.0,random,0,1600,0.8
er4,60,6,er4_m60_s1,100.0,random,0,1650,0.8
er4,60,6,er4_m60_s1,100.0,random,0,1700,0.8
er4,60,6,er4_m60_s1,100.0,random,0,1750,0.8
er4,60,6,er4_m60_s1,100.0,random,0,1800,0.8
er4,60,6,er4_m60_s1,100.0,random,0,1850,0.8
er4,60,6,er4_m60_s1,100.0,random,0,1900,0.8
er4,60,6,er4_m60_s1,100.0,random,0,1950,0.8
er4,60,6,er4_m60_s1,100.0,random,0,2000,0.8
er4,60,6,er4_m60_s1,100.0,random,0,2050,0.8
er4,60,6,er4_m60_s1,100.0,random,0,2100,0.8
er4,60,6,er4_m60_s1,100.0,random,0,2150,0.8
er4,60,6,er4_m60_s1,100.0,random,0,2200,0.8
er4,60,6,er4_m60_s1,100.0,random,0,2250,0.8
er4,60,6,er4_m60_s1,100.0,random,0,2300,0.8
er4,60,6,er4_m60_s1,100.0,random,0,2350,0.8
er4,60,6,er4_m60_s1,100.0,random,0,2400,0.8
er4,60,6,er4_m60_s1,100.0,random,0,2450,0.8
er4,60,6,er4_m60_s1,100.0,random,0,2500,0.8
er4,60,6,er4_m60_s1,100.0,random,0,2550,0.8
er4,60,6,er4_m60_s1,100.0,random,0,2600,0.8
er4,60,6,er4_m60_s1,100.0,random,0,2650,0.8
er4,60,6,er4_m60_s1,100.0,random,0,2700,0.8
er4,60,6,er4_m60_s1,100.0,random,0,2750,0.8
er4,60,6,er4_m60_s1,100.0,random,0,2800,0.8
er4,60,6,er4_m60_s1,100.0,random,0,2850,0.8
er4,60,6,er4_m60_s1,100.0,random,0,2900,0.8
er4,60,6,er4_m60_s1,100.0,random,0,2950,0.8
er4,60,6,er4_m60_s1,100.0,random,0,3000,0.8
er4,60,6,er4_m60_s1,100.0,random,0,3050,0.8
er4,60,6,er4_m60_s1,100.0,random,0,3100,0.8
er4,60,6,er4_m60_s1,100.0,random,0,3150,0.8
er4,60,6,er4_m60_s1,100.0,random,0,3200,0.8
er4,60,6,er4_m60_s1,100.0,random,0,3250,0.8
er4,60,6,er4_m60_s1,100.0,random,0,3300,0.8
er4,60,6,er4_m60_s1,100.0,random,0,3350,0.8
er4,60,6,er4_m60_s1,100.0,random,0,3400,0.8
er4,60,6,er4_m60_s1,100.0,random,0,3450,0.8
er4,60,6,er4_m60_s1,100.0,random,0,3500,0.8
er4,60,6,er4_m60_s1,100.0,random,0,3550,0.8
er4,60,6,er4_m60_s1,100.0,random,0,3600,0.8
er4,60,6,er4_m60_s1,100.0,random,0,3650,0.8
er4,60,6,er4_m60_s1,100.0,random,0,3700,0.8
er4,60,6,er4_m60_s1,100.0,random,0,3750,0.8
er4,60,6,er4_m60_s1,100.0,random,0,3800,0.8
er4,60,6,er4_m60_s1,100.0,random,0,3850,0.8
er4,60,6,er4_m60_s1,100.0,random,0,3900,0.8
er4,60,6,er4_m60_s1,100.0,random,0,3950,0.8
er4,60,6,er4_m60_s1,100.0,random,0,4000,0.8
er4,60,6,er4_m60_s1,100.0,random,0,4050,0.8
er4,60,6,er4_m60_s1,100.0,random,0,4100,0.8
er4,60,6,er4_m60_s1,100.0,random,0,4150,0.8
er4,60,6,er4_m60_s1,100.0,random,0,4200,0.8
er4,60,6,er4_m60_s1,100.0,random,0,4250,0.8
er4,60,6,er4_m60_s1,100.0,random,0,4300,0.8
er4,60,6,er4_m60_s1,100.0,random,0,4350,0.8
er4,60,6,er4_m60_s1,100.0,random,0,4400,0.8
er4,60,6,er4_m60_s1,100.0,random,0,4450,0.8
er4,60,6,er4_m60_s1,100.0,random,0,4500,0.8
er4,60,6,er4_m60_s1,100.0,random,0,4550,0.8
er4,60,6,er4_m60_s1,100.0,random,0,4600,0.8
er4,60,6,er4_m60_s1,100.0,random,0,4650,0.8
er4,60,6,er4_m60_s1,100.0,random,0,4700,0.8
er4,60,6,er4_m60_s1,100.0,random,0,4750,0.8
er4,60,6,er4_m60_s1,100.0,random,0,4800,0.8
er4,60,6,er4_m60_s1,100.0,random,0,4850,0.8
er4,60,6,er4_m60_s1,100.0,random,0,4900,0.8
er4,60,6,er4_m60_s1,100.0,random,0,4950,0.8
er4,60,6,er4_m60_s1,100.0,random,0,5000,0.8
er4,60,6,er4_m60_s1,100.0,random,0,5050,0.8
er4,60,6,er4_m60_s1,100.0,random,0,5100,0.8
er4,60,6,er4_m60_s1,100.0,random,0,5150,0.8
er4,60,6,er4_m60_s1,100.0,random,0,5200,0.8
er4,60,6,er4_m60_s1,100.0,random,0,5250,0.8
er4,60,6,er4_m60_s1,100.0,random,0,5300,0.8
er4,60,6,er4_m60_s1,100.0,random,0,5350,0.8
er4,60,6,er4_m60_s1,100.0,random,0,5400,0.8
er4,60,6,er4_m60_s1,100.0,random,0,5450,0.8
er4,60,6,er4_m60_s1,100.0,random,0,5500,0.8
er4,60,6,er4_m60_s1,100.0,random,0,5550,0.8
er4,60,6,er4_m60_s1,100.0,random,0,5600,0.8
er4,60,6,er4_m60_s1,100.0,random,0,5650,0.8
er4,60,6,er4_m60_s1,100.0,random,0,5700,0.8
er4,60,6,er4_m60_s1,100.0,random,0,5750,0.8
er4,60,6,er4_m60_s1,100.0,random,0,5800,0.8
er4,60,6,er4_m60_s1,100.0,random,0,5850,0.8
er4,60,6,er4_m60_s1,100.0,random,0,5900,0.8
er4,60,6,er4_m60_s1,100.0,random,0,5950,0.8
er4,60,6,er4_m60_s1,100.0,random,0,6000,0.8
er4,60,6,er4_m60_s1,100.0,random,0,6050,0.8
er4,60,6,er4_m60_s1,100.0,random,0,6100,0.8
er4,60,6,er4_m60_s1,100.0,random,0,6150,0.8
er4,60,6,er4_m60_s1,100.0,random,0,6200,0.8
er4,60,6,er4_m60_s1,100.0,random,0,6250,0.8
er4,60,6,er4_m60_s1,100.0,random,0,6300,0.8
er4,60,6,er4_m60_s1,100.0,random,0,6350,0.8
er4,60,6,er4_m60_s1,100.0,random,0,6400,0.8
er4,60,6,er4_m60_s1,100.0,random,0,6450,0.8
er4,60,6,er4_m60_s1,100.0,random,0,6500,0.8
er4,60,6,er4_m60_s1,100.0,random,0,6550,0.8
er4,60,6,er4_m60_s1,100.0,random,0,6600,0.8
er4,60,6,er4_m60_s1,100.0,random,0,6650,0.8
er4,60,6,er4_m60_s1,100.0,random,0,6700,0.8
er4,60,6,er4_m60_s1,100.0,random,0,6750,0.8
er4,60,6,er4_m60_s1,100.0,random,0,6800,0.8
er4,60,6,er4_m60_s1,100.0,random,0,6850,0.8
er4,60,6,er4_m60_s1,100.0,random,0,6900,0.8
er4,60,6,er4_m60_s1,100.0,random,0,6950,0.8
er4,60,6,er4_m60_s1,100.0,random,0,7000,0.8
er4,60,6,er4_m60_s1,100.0,random,0,7050,0.8
er4,60,6,er4_m60_s1,100.0,random,0,7100,0.8
er4,60,6,er4_m60_s1,100.0,random,0,7150,0.8
er4,60,6,er4_m60_s1,100.0,random,0,7200,0.8
er4,60,6,er4_m60_s1,100.0,random,0,7250,0.8
er4,60,6,er4_m60_s1,100.0,random,0,7300,0.8
er4,60,6,er4_m60_s1,100.0,random,0,7350,0.8
er4,60,6,er4_m60_s1,100.0,random,0,7400,0.8
er4,60,6,er4_m60_s1,100.0,random,0,7450,0.8
er4,60,6,er4_m60_s1,100.0,random,0,7500,0.8
er4,60,6,er4_m60_s1,100.0,random,0,7550,0.8
er4,60,6,er4_m60_s1,100.0,random,0,7600,0.8
er4,60,6,er4_m60_s1,100.0,random,0,7650,0.8
er4,60,6,er4_m60_s1,100.0,random,0,7700,0.8
er4,60,6,er4_m60_s1,100.0,random,0,7750,0.8
er4,60,6,er4_m60_s1,100.0,random,0,7800,0.8
er4,60,6,er4_m60_s1,100.0,random,0,7850,0.8
er4,60,6,er4_m60_s1,100.0,random,0,7900,0.8
er4,60,6,er4_m60_s1,100.0,random,0,7950,0.8
er4,60,6,er4_m60_s1,100.0,random,0,8000,0.8
er4,60,6,er4_m60_s1,100.0,random,0,8050,0.8
er4,60,6,er4_m60_s1,100.0,random,0,8100,0.8
er4,60,6,er4_m60_s1,100.0,random,0,8150,0.8
er4,60,6,er4_m60_s1,100.0,random,0,8200,0.8
er4,60,6,er4_m60_s1,100.0,random,0,8250,0.8
er4,60,6,er4_m60_s1,100.0,random,0,8300,0.8
er4,60,6,er4_m60_s1,100.0,random,0,8350,0.8
er4,60,6,er4_m60_s1,100.0,random,0,8400,0.8
er4,60,6,er4_m60_s1,100.0,random,0,8450,0.8
er4,60,6,er4_m60_s1,100.0,random,0,8500,0.8
er4,60,6,er4_m60_s1,100.0,random,0,8550,0.8
er4,60,6,er4_m60_s1,100.0,random,0,8600,0.8
er4,60,6,er4_m60_s1,100.0,random,0,8650,0.8
er4,60,6,er4_m60_s1,100.0,random,0,8700,0.8
er4,60,6,er4_m60_s1,100.0,random,0,8750,0.8
er4,60,6,er4_m60_s1,100.0,random,0,8800,0.81
er4,60,6,er4_m60_s1,100.0,random,0,8850,0.81
er4,60,6,er4_m60_s1,100.0,random,0,8900,0.81
er4,60,6,er4_m60_s1,100.0,random,0,8950,0.81
er4,60,6,er4_m60_s1,100.0,random,0,9000,0.81
er4,60,6,er4_m60_s1,100.0,random,0,9050,0.81
er4,60,6,er4_m60_s1,100.0,random,0,9100,0.81
er4,60,6,er4_m60_s1,100.0,random,0,9150,0.81
er4,60,6,er4_m60_s1,100.0,random,0,9200,0.81
er4,60,6,er4_m60_s1,100.0,random,0,9250,0.81
er4,60,6,er4_m60_s1,100.0,random,0,9300,0.81
er4,60,6,er4_m60_s1,100.0,random,0,9350,0.81
er4,60,6,er4_m60_s1,100.0,random,0,9400,0.81
er4,60,6,er4_m60_s1,100.0,random,0,9450,0.81
er4,60,6,er4_m60_s1,100.0,random,0,9500,0.81
er4,60,6,er4_m60_s1,100.0,random,0,9550,0.81
er4,60,6,er4_m60_s1,100.0,random,0,9600,0.81
er4,60,6,er4_m60_s1,100.0,random,0,9650,0.81
er4,60,6,er4_m60_s1,100.0,random,0,9700,0.81
er4,60,6,er4_m60_s1,100.0,random,0,9750,0.81
er4,60,6,er4_m60_s1,100.0,random,0,9800,0.81
er4,60,6,er4_m60_s1,100.0,random,0,9850,0.81
er4,60,6,er4_m60_s1,100.0,random,0,9900,0.81
er4,60,6,er4_m60_s1,100.0,random,0,9950,0.81
er4,60,6,er4_m60_s1,100.0,random,0,10000,0.81
er4,60,6,er4_m60_s1,100.0,random,0,10050,0.81
er4,60,6,er4_m60_s1,100.0,random,0,10100,0.81
er4,60,6,er4_m60_s1,100.0,random,0,10150,0.81
er4,60,6,er4_m60_s1,100.0,random,0,10200,0.81
er4,60,6,er4_m60_s1,100.0,random,0,10250,0.81
er4,60,6,er4_m60_s1,100.0,random,0,10300,0.81
er4,60,6,er4_m60_s1,100.0,random,0,10350,0.81
er4,60,6,er4_m60_s1,100.0,random,0,10400,0.81
er4,60,6,er4_m60_s1,100.0,random,0,10450,0.81
er4,60,6,er4_m60_s1,100.0,random,0,10500,0.81
er4,60,6,er4_m60_s1,100.0,random,0,10550,0.81
er4,60,6,er4_m60_s1,100.0,random,0,10600,0.81
er4,60,6,er4_m60_s1,100.0,random,0,10650,0.81
er4,60,6,er4_m60_s1,100.0,random,0,10700,0.81
er4,60,6,er4_m60_s1,100.0,random,0,10750,0.81
er4,60,6,er4_m60_s1,100.0,random,0,10800,0.81
er4,60,6,er4_m60_s1,100.0,random,0,10850,0.81
er4,60,6,er4_m60_s1,100.0,random,0,10900,0.81
er4,60,6,er4_m60_s1,100.0,random,0,10950,0.81
er4,60,6,er4_m60_s1,100.0,random,0,11000,0.81
er4,60,6,er4_m60_s1,100.0,random,0,11050,0.81
er4,60,6,er4_m60_s1,100.0,random,0,11100,0.81
er4,60,6,er4_m60_s1,100.0,random,0,11150,0.81
er4,60,6,er4_m60_s1,100.0,random,0,11200,0.81
er4,60,6,er4_m60_s1,100.0,random,0,11250,0.81
er4,60,6,er4_m60_s1,100.0,random,0,11300,0.81
er4,60,6,er4_m60_s1,100.0,random,0,11350,0.81
er4,60,6,er4_m60_s1,100.0,random,0,11400,0.81
er4,60,6,er4_m60_s1,100.0,random,0,11450,0.81
er4,60,6,er4_m60_s1,100.0,random,0,11500,0.81
er4,60,6,er4_m60_s1,100.0,random,0,11550,0.81
er4,60,6,er4_m60_s1,100.0,random,0,11600,0.81
er4,60,6,er4_m60_s1,100.0,random,0,11650,0.81
er4,60,6,er4_m60_s1,100.0,random,0,11700,0.81
er4,60,6,er4_m60_s1,100.0,random,0,11750,0.81
er4,60,6,er4_m60_s1,100.0,random,0,11800,0.81
er4,60,6,er4_m60_s1,100.0,random,0,11850,0.81
er4,60,6,er4_m60_s1,100.0,random,0,11900,0.81
er4,60,6,er4_m60_s1,100.0,random,0,11950,0.81
er4,60,6,er4_m60_s1,100.0,random,0,12000,0.81
er4,60,6,er4_m60_s1,100.0,random,0,12050,0.81
er4,60,6,er4_m60_s1,100.0,random,0,12100,0.81
er4,60,6,er4_m60_s1,100.0,random,0,12150,0.81
er4,60,6,er4_m60_s1,100.0,random,0,12200,0.81
er4,60,6,er4_m60_s1,100.0,random,0,12250,0.81
er4,60,6,er4_m60_s1,100.0,random,0,12300,0.81
er4,60,6,er4_m60_s1,100.0,random,0,12350,0.81
er4,60,6,er4_m60_s1,100.0,random,0,12400,0.81
er4,60,6,er4_m60_s1,100.0,random,0,12450,0.81
er4,60,6,er4_m60_s1,100.0,random,0,12500,0.81
er4,60,6,er4_m60_s1,100.0,random,0,12550,0.81
er4,60,6,er4_m60_s1,100.0,random,0,12600,0.81
er4,60,6,er4_m60_s1,100.0,random,0,12650,0.81
er4,60,6,er4_m60_s1,100.0,random,0,12700,0.81
er4,60,6,er4_m60_s1,100.0,random,0,12750,0.81
er4,60,6,er4_m60_s1,100.0,random,0,12800,0.81
er4,60,6,er4_m60_s1,100.0,random,0,12850,0.81
er4,60,6,er4_m60_s1,100.0,random,0,12900,0.81
er4,60,6,er4_m60_s1,100.0,random,0,12950,0.81
er4,60,6,er4_m60_s1,100.0,random,0,13000,0.81
er4,60,6,er4_m60_s1,100.0,random,0,13050,0.81
er4,60,6,er4_m60_s1,100.0,random,0,13100,0.81
er4,60,6,er4_m60_s1,100.0,random,0,13150,0.81
er4,60,6,er4_m60_s1,100.0,random,0,13200,0.81
er4,60,6,er4_m60_s1,100.0,random,0,13250,0.81
er4,60,6,er4_m60_s1,100.0,random,0,13300,0.81
er4,60,6,er4_m60_s1,100.0,random,0,13350,0.81
er4,60,6,er4_m60_s1,100.0,random,0,13400,0.81
er4,60,6,er4_m60_s1,100.0,random,0,13450,0.81
er4,60,6,er4_m60_s1,100.0,random,0,13500,0.81
er4,60,6,er4_m60_s1,100.0,random,0,13550,0.81
er4,60,6,er4_m60_s1,100.0,random,0,13600,0.81
er4,60,6,er4_m60_s1,100.0,random,0,13650,0.81
er4,60,6,er4_m60_s1,100.0,random,0,13700,0.81
er4,60,6,er4_m60_s1,100.0,random,0,13750,0.81
er4,60,6,er4_m60_s1,100.0,random,0,13800,0.81
er4,60,6,er4_m60_s1,100.0,random,0,13850,0.81
er4,60,6,er4_m60_s1,100.0,random,0,13900,0.81
er4,60,6,er4_m60_s1,100.0,random,0,13950,0.81
er4,60,6,er4_m60_s1,100.0,random,0,14000,0.81
er4,60,6,er4_m60_s1,100.0,random,0,14050,0.81
er4,60,6,er4_m60_s1,100.0,random,0,14100,0.81
er4,60,6,er4_m60_s1,100.0,random,0,14150,0.81
er4,60,6,er4_m60_s1,100.0,random,0,14200,0.81
er4,60,6,er4_m60_s1,100.0,random,0,14250,0.81
er4,60,6,er4_m60_s1,100.0,random,0,14300,0.81
er4,60,6,er4_m60_s1,100.0,random,0,14350,0.81
er4,60,6,er4_m60_s1,100.0,random,0,14400,0.81
er4,60,6,er4_m60_s1,100.0,random,0,14450,0.81
er4,60,6,er4_m60_s1,100.0,random,0,14500,0.81
er4,60,6,er4_m60_s1,100.0,random,0,14550,0.81
er4,60,6,er4_m60_s1,100.0,random,0,14600,0.81
er4,60,6,er4_m60_s1,100.0,random,0,14650,0.81
er4,60,6,er4_m60_s1,100.0,random,0,14700,0.81
er4,60,6,er4_m60_s1,100.0,random,0,14750,0.81
er4,60,6,er4_m60_s1,100.0,random,0,14800,0.81
er4,60,6,er4_m60_s1,100.0,random,0,14850,0.81
er4,60,6,er4_m60_s1,100.0,random,0,14900,0.81
er4,60,6,er4_m60_s1,100.0,random,0,14950,0.81
er4,60,6,er4_m60_s1,100.0,random,0,15000,0.81
er4,60,6,er4_m60_s1,100.0,random,0,15050,0.81
er4,60,6,er4_m60_s1,100.0,random,0,15100,0.81
er4,60,6,er4_m60_s1,100.0,random,0,15150,0.81
er4,60,6,er4_m60_s1,100.0,random,0,15200,0.81
er4,60,6,er4_m60_s1,100.0,random,0,15250,0.81
er4,60,6,er4_m60_s1,100.0,random,0,15300,0.81
er4,60,6,er4_m60_s1,100.0,random,0,15350,0.81
er4,60,6,er4_m60_s1,100.0,random,0,15400,0.81
er4,60,6,er4_m60_s1,100.0,random,0,15450,0.81
er4,60,6,er4_m60_s1,100.0,random,0,15500,0.81
er4,60,6,er4_m60_s1,100.0,random,0,15550,0.81
er4,60,6,er4_m60_s1,100.0,random,0,15600,0.81
er4,60,6,er4_m60_s1,100.0,random,0,15650,0.81
er4,60,6,er4_m60_s1,100.0,random,0,15700,0.81
er4,60,6,er4_m60_s1,100.0,random,0,15750,0.81
er4,60,6,er4_m60_s1,100.0,random,0,15800,0.81
er4,60,6,er4_m60_s1,100.0,random,0,15850,0.81
er4,60,6,er4_m60_s1,100.0,random,0,15900,0.81
er4,60,6,er4_m60_s1,100.0,random,0,15950,0.81
er4,60,6,er4_m60_s1,100.0,random,0,16000,0.81
er4,60,6,er4_m60_s1,100.0,random,0,16050,0.81
er4,60,6,er4_m60_s1,100.0,random,0,16100,0.81
er4,60,6,er4_m60_s1,100.0,random,0,16150,0.81
er4,60,6,er4_m60_s1,100.0,random,0,16200,0.81
er4,60,6,er4_m60_s1,100.0,random,0,16250,0.81
er4,60,6,er4_m60_s1,100.0,random,0,16300,0.81
er4,60,6,er4_m60_s1,100.0,random,0,16350,0.81
er4,60,6,er4_m60_s1,100.0,random,0,16400,0.81
er4,60,6,er4_m60_s1,100.0,random,0,16450,0.81
er4,60,6,er4_m60_s1,100.0,random,0,16500,0.81
er4,60,6,er4_m60_s1,100.0,random,0,16550,0.81
er4,60,6,er4_m60_s1,100.0,random,0,16600,0.81
er4,60,6,er4_m60_s1,100.0,random,0,16650,0.81
er4,60,6,er4_m60_s1,100.0,random,0,16700,0.81
er4,60,6,er4_m60_s1,100.0,random,0,16750,0.81
er4,60,6,er4_m60_s1,100.0,random,0,16800,0.81
er4,60,6,er4_m60_s1,100.0,random,0,16850,0.81
er4,60,6,er4_m60_s1,100.0,random,0,16900,0.81
er4,60,6,er4_m60_s1,100.0,random,0,16950,0.81
er4,60,6,er4_m60_s1,100.0,random,0,17000,0.81
er4,60,6,er4_m60_s1,100.0,random,0,17050,0.81
er4,60,6,er4_m60_s1,100.0,random,0,17100,0.81
er4,60,6,er4_m60_s1,100.0,random,0,17150,0.81
er4,60,6,er4_m60_s1,100.0,random,0,17200,0.81
er4,60,6,er4_m60_s1,100.0,random,0,17250,0.81
er4,60,6,er4_m60_s1,100.0,random,0,17300,0.81
er4,60,6,er4_m60_s1,100.0,random,0,17350,0.81
er4,60,6,er4_m60_s1,100.0,random,0,17400,0.81
er4,60,6,er4_m60_s1,100.0,random,0,17450,0.81
er4,60,6,er4_m60_s1,100.0,random,0,17500,0.81
er4,60,6,er4_m60_s1,100.0,random,0,17550,0.81
er4,60,6,er4_m60_s1,100.0,random,0,17600,0.81
er4,60,6,er4_m60_s1,100.0,random,0,17650,0.81
er4,60,6,er4_m60_s1,100.0,random,0,17700,0.81
er4,60,6,er4_m60_s1,100.0,random,0,17750,0.81
er4,60,6,er4_m60_s1,100.0,random,0,17800,0.81
er4,60,6,er4_m60_s1,100.0,random,0,17850,0.81
er4,60,6,er4_m60_s1,100.0,random,0,17900,0.81
er4,60,6,er4_m60_s1,100.0,random,0,17950,0.81
er4,60,6,er4_m60_s1,100.0,random,0,18000,0.81
er4,60,6,er4_m60_s1,100.0,random,0,18050,0.81
er4,60,6,er4_m60_s1,100.0,random,0,18100,0.81
er4,60,6,er4_m60_s1,100.0,random,0,18150,0.81
er4,60,6,er4_m60_s1,100.0,random,0,18200,0.81
er4,60,6,er4_m60_s1,100.0,random,0,18250,0.81
er4,60,6,er4_m60_s1,100.0,random,0,18300,0.81
er4,60,6,er4_m60_s1,100.0,random,0,18350,0.81
er4,60,6,er4_m60_s1,100.0,random,0,18400,0.81
er4,60,6,er4_m60_s1,100.0,random,0,18450,0.81
er4,60,6,er4_m60_s1,100.0,random,0,18500,0.81
er4,60,6,er4_m60_s1,100.0,random,0,18550,0.81
er4,60,6,er4_m60_s1,100.0,random,0,18600,0.81
er4,60,6,er4_m60_s1,100.0,random,0,18650,0.81
er4,60,6,er4_m60_s1,100.0,random,0,18700,0.81
er4,60,6,er4_m60_s1,100.0,random,0,18750,0.81
er4,60,6,er4_m60_s1,100.0,random,0,18800,0.81
er4,60,6,er4_m60_s1,100.0,random,0,18850,0.81
er4,60,6,er4_m60_s1,100.0,random,0,18900,0.81
er4,60,6,er4_m60_s1,100.0,random,0,18950,0.81
er4,60,6,er4_m60_s1,100.0,random,0,19000,0.81
er4,60,6,er4_m60_s1,100.0,random,0,19050,0.81
er4,60,6,er4_m60_s1,100.0,random,0,19100,0.81
er4,60,6,er4_m60_s1,100.0,random,0,19150,0.81
er4,60,6,er4_m60_s1,100.0,random,0,19200,0.81
er4,60,6,er4_m60_s1,100.0,random,0,19250,0.81
er4,60,6,er4_m60_s1,100.0,random,0,19300,0.81
er4,60,6,er4_m60_s1,100.0,random,0,19350,0.81
er4,60,6,er4_m60_s1,100.0,random,0,19400,0.81
er4,60,6,er4_m60_s1,100.0,random,0,19450,0.81
er4,60,6,er4_m60_s1,100.0,random,0,19500,0.81
er4,60,6,er4_m60_s1,100.0,random,0,19550,0.81
er4,60,6,er4_m60_s1,100.0,random,0,19600,0.81
er4,60,6,er4_m60_s1,100.0,random,0,19650,0.81
er4,60,6,er4_m60_s1,100.0,random,0,19700,0.81
er4,60,6,er4_m60_s1,100.0,random,0,19750,0.81
er4,60,6,er4_m60_s1,100.0,random,0,19800,0.81
er4,60,6,er4_m60_s1,100.0,random,0,19850,0.81
er4,60,6,er4_m60_s1,100.0,random,0,19900,0.81
er4,60,6,er4_m60_s1,100.0,random,0,19950,0.81
er4,60,6,er4_m60_s1,100.0,random,0,20000,0.81
er4,60,6,er4_m60_s1,100.0,genpce_es,1,10,0.54
er4,60,6,er4_m60_s1,100.0,genpce_es,1,60,0.74
er4,60,6,er4_m60_s1,100.0,genpce_es,1,110,0.74
er4,60,6,er4_m60_s1,100.0,genpce_es,1,160,0.77
er4,60,6,er4_m60_s1,100.0,genpce_es,1,210,0.77
er4,60,6,er4_m60_s1,100.0,genpce_es,1,260,0.77
er4,60,6,er4_m60_s1,100.0,genpce_es,1,310,0.81
er4,60,6,er4_m60_s1,100.0,genpce_es,1,360,0.8
er4,60,6,er4_m60_s1,100.0,genpce_es,1,410,0.8
er4,60,6,er4_m60_s1,100.0,genpce_es,1,460,0.8
er4,60,6,er4_m60_s1,100.0,genpce_es,1,510,0.83
er4,60,6,er4_m60_s1,100.0,genpce_es,1,560,0.83
er4,60,6,er4_m60_s1,100.0,genpce_es,1,610,0.85
er4,60,6,er4_m60_s1,100.0,genpce_es,1,660,0.87
er4,60,6,er4_m60_s1,100.0,genpce_es,1,710,0.87
er4,60,6,er4_m60_s1,100.0,genpce_es,1,760,0.87
er4,60,6,er4_m60_s1,100.0,genpce_es,1,810,0.87
er4,60,6,er4_m60_s1,100.0,genpce_es,1,860,0.87
er4,60,6,er4_m60_s1,100.0,genpce_es,1,910,0.87
er4,60,6,er4_m60_s1,100.0,genpce_es,1,960,0.88
er4,60,6,er4_m60_s1,100.0,genpce_es,1,1010,0.88
er4,60,6,er4_m60_s1,100.0,genpce_es,1,1060,0.89
er4,60,6,er4_m60_s1,100.0,genpce_es,1,1110,0.89
er4,60,6,er4_m60_s1,100.0,genpce_es,1,1160,0.89
er4,60,6,er4_m60_s1,100.0,genpce_es,1,1210,0.9
er4,60,6,er4_m60_s1,100.0,genpce_es,1,1260,0.9
er4,60,6,er4_m60_s1,100.0,genpce_es,1,1310,0.9
er4,60,6,er4_m60_s1,100.0,genpce_es,1,1360,0.9
er4,60,6,er4_m60_s1,100.0,genpce_es,1,1410,0.9
er4,60,6,er4_m60_s1,100.0,genpce_es,1,1460,0.9
er4,60,6,er4_m60_s1,100.0,genpce_es,1,1510,0.9
er4,60,6,er4_m60_s1,100.0,genpce_es,1,1560,0.91
er4,60,6,er4_m60_s1,100.0,genpce_es,1,1610,0.91
er4,60,6,er4_m60_s1,100.0,genpce_es,1,1660,0.91
er4,60,6,er4_m60_s1,100.0,genpce_es,1,1710,0.91
er4,60,6,er4_m60_s1,100.0,genpce_es,1,1760,0.92
er4,60,6,er4_m60_s1,100.0,genpce_es,1,1810,0.92
er4,60,6,er4_m60_s1,100.0,genpce_es,1,1860,0.92
er4,60,6,er4_m60_s1,100.0,genpce_es,1,1910,0.92
er4,60,6,er4_m60_s1,100.0,genpce_es,1,1960,0.92
er4,60,6,er4_m60_s1,100.0,genpce_es,1,2010,0.92
er4,60,6,er4_m60_s1,100.0,genpce_es,1,2060,0.92
er4,60,6,er4_m60_s1,100.0,genpce_es,1,2110,0.92
er4,60,6,er4_m60_s1,100.0,genpce_es,1,2160,0.92
er4,60,6,er4_m60_s1,100.0,genpce_es,1,2210,0.92
er4,60,6,er4_m60_s1,100.0,genpce_es,1,2260,0.92
er4,60,6,er4_m60_s1,100.0,genpce_es,1,2310,0.92
er4,60,6,er4_m60_s1,100.0,genpce_es,1,2360,0.92
er4,60,6,er4_m60_s1,100.0,genpce_es,1,2410,0.92
er4,60,6,er4_m60_s1,100.0,genpce_es,1,2460,0.92
er4,60,6,er4_m60_s1,100.0,genpce_es,1,2510,0.93
er4,60,6,er4_m60_s1,100.0,genpce_es,1,2560,0.93
er4,60,6,er4_m60_s1,100.0,genpce_es,1,2610,0.93
er4,60,6,er4_m60_s1,100.0,genpce_es,1,2660,0.93
er4,60,6,er4_m60_s1,100.0,genpce_es,1,2710,0.93
er4,60,6,er4_m60_s1,100.0,genpce_es,1,2760,0.93
er4,60,6,er4_m60_s1,100.0,genpce_es,1,2810,0.93
er4,60,6,er4_m60_s1,100.0,genpce_es,1,2860,0.93
er4,60,6,er4_m60_s1,100.0,genpce_es,1,2910,0.93
er4,60,6,er4_m60_s1,100.0,genpce_es,1,2960,0.93
er4,60,6,er4_m60_s1,100.0,genpce_es,1,3010,0.93
er4,60,6,er4_m60_s1,100.0,genpce_es,1,3060,0.93
er4,60,6,er4_m60_s1,100.0,genpce_es,1,3110,0.93
er4,60,6,er4_m60_s1,100.0,genpce_es,1,3160,0.93
er4,60,6,er4_m60_s1,100.0,genpce_es,1,3210,0.93
er4,60,6,er4_m60_s1,100.0,genpce_es,1,3260,0.93
er4,60,6,er4_m60_s1,100.0,genpce_es,1,3310,0.93
er4,60,6,er4_m60_s1,100.0,genpce_es,1,3360,0.93
er4,60,6,er4_m60_s1,100.0,genpce_es,1,3410,0.93
er4,60,6,er4_m60_s1,100.0,genpce_es,1,3460,0.93
er4,60,6,er4_m60_s1,100.0,genpce_es,1,3510,0.93
er4,60,6,er4_m60_s1,100.0,genpce_es,1,3560,0.93
er4,60,6,er4_m60_s1,100.0,genpce_es,1,3610,0.93
er4,60,6,er4_m60_s1,100.0,genpce_es,1,3660,0.93
er4,60,6,er4_m60_s1,100.0,genpce_es,1,3710,0.93
er4,60,6,er4_m60_s1,100.0,genpce_es,1,3760,0.93
er4,60,6,er4_m60_s1,100.0,genpce_es,1,3810,0.93
er4,60,6,er4_m60_s1,100.0,genpce_es,1,3860,0.93
er4,60,6,er4_m60_s1,100.0,genpce_es,1,3910,0.93
er4,60,6,er4_m60_s1,100.0,genpce_es,1,3960,0.93
er4,60,6,er4_m60_s1,100.0,genpce_es,1,4010,0.93
er4,60,6,er4_m60_s1,100.0,genpce_es,1,4060,0.93
er4,60,6,er4_m60_s1,100.0,genpce_es,1,4110,0.93
er4,60,6,er4_m60_s1,100.0,genpce_es,1,4160,0.93
er4,60,6,er4_m60_s1,100.0,genpce_es,1,4210,0.93
er4,60,6,er4_m60_s1,100.0,genpce_es,1,4260,0.93
er4,60,6,er4_m60_s1,100.0,genpce_es,1,4310,0.93
er4,60,6,er4_m60_s1,100.0,genpce_es,1,4360,0.93
er4,60,6,er4_m60_s1,100.0,genpce_es,1,4410,0.93
er4,60,6,er4_m60_s1,100.0,genpce_es,1,4460,0.93
er4,60,6,er4_m60_s1,100.0,genpce_es,1,4510,0.93
er4,60,6,er4_m60_s1,100.0,genpce_es,1,4560,0.93
er4,60,6,er4_m60_s1,100.0,genpce_es,1,4610,0.93
er4,60,6,er4_m60_s1,100.0,genpce_es,1,4660,0.93
er4,60,6,er4_m60_s1,100.0,genpce_es,1,4710,0.93
er4,60,6,er4_m60_s1,100.0,genpce_es,1,4760,0.93
er4,60,6,er4_m60_s1,100.0,genpce_es,1,4810,0.93
er4,60,6,er4_m60_s1,100.0,genpce_es,1,4860,0.93
er4,60,6,er4_m60_s1,100.0,genpce_es,1,4910,0.93
er4,60,6,er4_m60_s1,100.0,genpce_es,1,4960,0.93
er4,60,6,er4_m60_s1,100.0,genpce_es,1,5010,0.93
er4,60,6,er4_m60_s1,100.0,genpce_es,1,5060,0.93
er4,60,6,er4_m60_s1,100.0,genpce_es,1,5110,0.93
er4,60,6,er4_m60_s1,100.0,genpce_es,1,5160,0.93
er4,60,6,er4_m60_s1,100.0,genpce_es,1,5210,0.93
er4,60,6,er4_m60_s1,100.0,genpce_es,1,5260,0.93
er4,60,6,er4_m60_s1,100.0,genpce_es,1,5310,0.93
er4,60,6,er4_m60_s1,100.0,genpce_es,1,5360,0.93
er4,60,6,er4_m60_s1,100.0,genpce_es,1,5410,0.93
er4,60,6,er4_m60_s1,100.0,genpce_es,1,5460,0.93
er4,60,6,er4_m60_s1,100.0,genpce_es,1,5510,0.93
er4,60,6,er4_m60_s1,100.0,genpce_es,1,5560,0.93
er4,60,6,er4_m60_s1,100.0,genpce_es,1,5610,0.93
er4,60,6,er4_m60_s1,100.0,genpce_es,1,5660,0.93
er4,60,6,er4_m60_s1,100.0,genpce_es,1,5710,0.93
er4,60,6,er4_m60_s1,100.0,genpce_es,1,5760,0.93
er4,60,6,er4_m60_s1,100.0,genpce_es,1,5810,0.93
er4,60,6,er4_m60_s1,100.0,genpce_es,1,5860,0.93
er4,60,6,er4_m60_s1,100.0,genpce_es,1,5910,0.93
er4,60,6,er4_m60_s1,100.0,genpce_es,1,5960,0.93
er4,60,6,er4_m60_s1,100.0,genpce_es,1,6010,0.93
er4,60,6,er4_m60_s1,100.0,genpce_es,1,6060,0.93
er4,60,6,er4_m60_s1,100.0,genpce_es,1,6110,0.93
er4,60,6,er4_m60_s1,100.0,genpce_es,1,6160,0.93
er4,60,6,er4_m60_s1,100.0,genpce_es,1,6210,0.93
er4,60,6,er4_m60_s1,100.0,genpce_es,1,6260,0.93
er4,60,6,er4_m60_s1,100.0,genpce_es,1,6310,0.93
er4,60,6,er4_m60_s1,100.0,genpce_es,1,6360,0.93
er4,60,6,er4_m60_s1,100.0,genpce_es,1,6410,0.93
er4,60,6,er4_m60_s1,100.0,genpce_es,1,6460,0.93
er4,60,6,er4_m60_s1,100.0,genpce_es,1,6510,0.93
er4,60,6,er4_m60_s1,100.0,genpce_es,1,6560,0.93
er4,60,6,er4_m60_s1,100.0,genpce_es,1,6610,0.93
er4,60,6,er4_m60_s1,100.0,genpce_es,1,6660,0.93
er4,60,6,er4_m60_s1,100.0,genpce_es,1,6710,0.93
er4,60,6,er4_m60_s1,100.0,genpce_es,1,6760,0.93
er4,60,6,er4_m60_s1,100.0,genpce_es,1,6810,0.93
er4,60,6,er4_m60_s1,100.0,genpce_es,1,6860,0.93
er4,60,6,er4_m60_s1,100.0,genpce_es,1,6910,0.93
er4,60,6,er4_m60_s1,100.0,genpce_es,1,6960,0.93
er4,60,6,er4_m60_s1,100.0,genpce_es,1,7010,0.93
er4,60,6,er4_m60_s1,100.0,genpce_es,1,7060,0.93
er4,60,6,er4_m60_s1,100.0,genpce_es,1,7110,0.93
er4,60,6,er4_m60_s1,100.0,genpce_es,1,7160,0.93
er4,60,6,er4_m60_s1,100.0,genpce_es,1,7210,0.93
er4,60,6,er4_m60_s1,100.0,genpce_es,1,7260,0.93
er4,60,6,er4_m60_s1,100.0,genpce_es,1,7310,0.93
er4,60,6,er4_m60_s1,100.0,genpce_es,1,7360,0.93
er4,60,6,er4_m60_s1,100.0,genpce_es,1,7410,0.93
er4,60,6,er4_m60_s1,100.0,genpce_es,1,7460,0.93
er4,60,6,er4_m60_s1,100.0,genpce_es,1,7510,0.93
er4,60,6,er4_m60_s1,100.0,genpce_es,1,7560,0.93
er4,60,6,er4_m60_s1,100.0,genpce_es,1,7610,0.93
er4,60,6,er4_m60_s1,100.0,genpce_es,1,7660,0.93
er4,60,6,er4_m60_s1,100.0,genpce_es,1,7710,0.93
er4,60,6,er4_m60_s1,100.0,genpce_es,1,7760,0.93
er4,60,6,er4_m60_s1,100.0,genpce_es,1,7810,0.93
er4,60,6,er4_m60_s1,100.0,genpce_es,1,7860,0.93
er4,60,6,er4_m60_s1,100.0,genpce_es,1,7910,0.93
er4,60,6,er4_m60_s1,100.0,genpce_es,1,7960,0.93
er4,60,6,er4_m60_s1,100.0,genpce_es,1,8010,0.93
er4,60,6,er4_m60_s1,100.0,genpce_es,1,8060,0.93
er4,60,6,er4_m60_s1,100.0,genpce_es,1,8110,0.93
er4,60,6,er4_m60_s1,100.0,genpce_es,1,8160,0.93
er4,60,6,er4_m60_s1,100.0,genpce_es,1,8210,0.93
er4,60,6,er4_m60_s1,100.0,genpce_es,1,8260,0.93
er4,60,6,er4_m60_s1,100.0,genpce_es,1,8310,0.93
er4,60,6,er4_m60_s1,100.0,genpce_es,1,8360,0.93
er4,60,6,er4_m60_s1,100.0,genpce_es,1,8410,0.93
er4,60,6,er4_m60_s1,100.0,genpce_es,1,8460,0.93
er4,60,6,er4_m60_s1,100.0,genpce_es,1,8510,0.93
er4,60,6,er4_m60_s1,100.0,genpce_es,1,8560,0.93
er4,60,6,er4_m60_s1,100.0,genpce_es,1,8610,0.93
er4,60,6,er4_m60_s1,100.0,genpce_es,1,8660,0.93
er4,60,6,er4_m60_s1,100.0,genpce_es,1,8710,0.93
er4,60,6,er4_m60_s1,100.0,genpce_es,1,8760,0.93
er4,60,6,er4_m60_s1,100.0,genpce_es,1,8810,0.93
er4,60,6,er4_m60_s1,100.0,genpce_es,1,8860,0.93
er4,60,6,er4_m60_s1,100.0,genpce_es,1,8910,0.93
er4,60,6,er4_m60_s1,100.0,genpce_es,1,8960,0.93
er4,60,6,er4_m60_s1,100.0,genpce_es,1,9010,0.93
er4,60,6,er4_m60_s1,100.0,genpce_es,1,9060,0.93
er4,60,6,er4_m60_s1,100.0,genpce_es,1,9110,0.93
er4,60,6,er4_m60_s1,100.0,genpce_es,1,9160,0.93
er4,60,6,er4_m60_s1,100.0,genpce_es,1,9210,0.93
er4,60,6,er4_m60_s1,100.0,genpce_es,1,9260,0.93
er4,60,6,er4_m60_s1,100.0,genpce_es,1,9310,0.93
er4,60,6,er4_m60_s1,100.0,genpce_es,1,9360,0.93
er4,60,6,er4_m60_s1,100.0,genpce_es,1,9410,0.93
er4,60,6,er4_m60_s1,100.0,genpce_es,1,9460,0.93
er4,60,6,er4_m60_s1,100.0,genpce_es,1,9510,0.93
er4,60,6,er4_m60_s1,100.0,genpce_es,1,9560,0.93
er4,60,6,er4_m60_s1,100.0,genpce_es,1,9610,0.93
er4,60,6,er4_m60_s1,100.0,genpce_es,1,9660,0.93
er4,60,6,er4_m60_s1,100.0,genpce_es,1,9710,0.93
er4,60,6,er4_m60_s1,100.0,genpce_es,1,9760,0.93
er4,60,6,er4_m60_s1,100.0,genpce_es,1,9810,0.93
er4,60,6,er4_m60_s1,100.0,genpce_es,1,9860,0.93
er4,60,6,er4_m60_s1,100.0,genpce_es,1,9910,0.93
er4,60,6,er4_m60_s1,100.0,genpce_es,1,9960,0.93
er4,60,6,er4_m60_s1,100.0,genpce_es,1,10010,0.93
er4,60,6,er4_m60_s1,100.0,genpce_es,1,10060,0.93
er4,60,6,er4_m60_s1,100.0,genpce_es,1,10110,0.93
er4,60,6,er4_m60_s1,100.0,genpce_es,1,10160,0.93
er4,60,6,er4_m60_s1,100.0,genpce_es,1,10210,0.93
er4,60,6,er4_m60_s1,100.0,genpce_es,1,10260,0.93
er4,60,6,er4_m60_s1,100.0,genpce_es,1,10310,0.93
er4,60,6,er4_m60_s1,100.0,genpce_es,1,10360,0.93
er4,60,6,er4_m60_s1,100.0,genpce_es,1,10410,0.93
er4,60,6,er4_m60_s1,100.0,genpce_es,1,10460,0.93
er4,60,6,er4_m60_s1,100.0,genpce_es,1,10510,0.93
er4,60,6,er4_m60_s1,100.0,genpce_es,1,10560,0.93
er4,60,6,er4_m60_s1,100.0,genpce_es,1,10610,0.93
er4,60,6,er4_m60_s1,100.0,genpce_es,1,10660,0.93
er4,60,6,er4_m60_s1,100.0,genpce_es,1,10710,0.93
er4,60,6,er4_m60_s1,100.0,genpce_es,1,10760,0.93
er4,60,6,er4_m60_s1,100.0,genpce_es,1,10810,0.93
er4,60,6,er4_m60_s1,100.0,genpce_es,1,10860,0.93
er4,60,6,er4_m60_s1,100.0,genpce_es,1,10910,0.93
er4,60,6,er4_m60_s1,100.0,genpce_es,1,10960,0.93
er4,60,6,er4_m60_s1,100.0,genpce_es,1,11010,0.93
er4,60,6,er4_m60_s1,100.0,genpce_es,1,11060,0.93
er4,60,6,er4_m60_s1,100.0,genpce_es,1,11110,0.93
er4,60,6,er4_m60_s1,100.0,genpce_es,1,11160,0.93
er4,60,6,er4_m60_s1,100.0,genpce_es,1,11210,0.93
er4,60,6,er4_m60_s1,100.0,genpce_es,1,11260,0.93
er4,60,6,er4_m60_s1,100.0,genpce_es,1,11310,0.93
er4,60,6,er4_m60_s1,100.0,genpce_es,1,11360,0.93
er4,60,6,er4_m60_s1,100.0,genpce_es,1,11410,0.93
er4,60,6,er4_m60_s1,100.0,genpce_es,1,11460,0.93
er4,60,6,er4_m60_s1,100.0,genpce_es,1,11510,0.93
er4,60,6,er4_m60_s1,100.0,genpce_es,1,11560,0.93
er4,60,6,er4_m60_s1,100.0,genpce_es,1,11610,0.93
er4,60,6,er4_m60_s1,100.0,genpce_es,1,11660,0.93
er4,60,6,er4_m60_s1,100.0,genpce_es,1,11710,0.93
er4,60,6,er4_m60_s1,100.0,genpce_es,1,11760,0.93
er4,60,6,er4_m60_s1,100.0,genpce_es,1,11810,0.93
er4,60,6,er4_m60_s1,100.0,genpce_es,1,11860,0.93
er4,60,6,er4_m60_s1,100.0,genpce_es,1,11910,0.93
er4,60,6,er4_m60_s1,100.0,genpce_es,1,11960,0.93
er4,60,6,er4_m60_s1,100.0,genpce_es,1,12010,0.93
er4,60,6,er4_m60_s1,100.0,genpce_es,1,12060,0.93
er4,60,6,er4_m60_s1,100.0,genpce_es,1,12110,0.93
er4,60,6,er4_m60_s1,100.0,genpce_es,1,12160,0.93
er4,60,6,er4_m60_s1,100.0,genpce_es,1,12210,0.93
er4,60,6,er4_m60_s1,100.0,genpce_es,1,12260,0.93
er4,60,6,er4_m60_s1,100.0,genpce_es,1,12310,0.93
er4,60,6,er4_m60_s1,100.0,genpce_es,1,12360,0.93
er4,60,6,er4_m60_s1,100.0,genpce_es,1,12410,0.93
er4,60,6,er4_m60_s1,100.0,genpce_es,1,12460,0.93
er4,60,6,er4_m60_s1,100.0,genpce_es,1,12510,0.93
er4,60,6,er4_m60_s1,100.0,genpce_es,1,12560,0.93
er4,60,6,er4_m60_s1,100.0,genpce_es,1,12610,0.93
er4,60,6,er4_m60_s1,100.0,genpce_es,1,12660,0.93
er4,60,6,er4_m60_s1,100.0,genpce_es,1,12710,0.93
er4,60,6,er4_m60_s1,100.0,genpce_es,1,12760,0.93
er4,60,6,er4_m60_s1,100.0,genpce_es,1,12810,0.93
er4,60,6,er4_m60_s1,100.0,genpce_es,1,12860,0.93
er4,60,6,er4_m60_s1,100.0,genpce_es,1,12910,0.93
er4,60,6,er4_m60_s1,100.0,genpce_es,1,12960,0.93
er4,60,6,er4_m60_s1,100.0,genpce_es,1,13010,0.93
er4,60,6,er4_m60_s1,100.0,genpce_es,1,13060,0.93
er4,60,6,er4_m60_s1,100.0,genpce_es,1,13110,0.93
er4,60,6,er4_m60_s1,100.0,genpce_es,1,13160,0.93
er4,60,6,er4_m60_s1,100.0,genpce_es,1,13210,0.93
er4,60,6,er4_m60_s1,100.0,genpce_es,1,13260,0.93
er4,60,6,er4_m60_s1,100.0,genpce_es,1,13310,0.93
er4,60,6,er4_m60_s1,100.0,genpce_es,1,13360,0.93
er4,60,6,er4_m60_s1,100.0,genpce_es,1,13410,0.93
er4,60,6,er4_m60_s1,100.0,genpce_es,1,13460,0.93
er4,60,6,er4_m60_s1,100.0,genpce_es,1,13510,0.93
er4,60,6,er4_m60_s1,100.0,genpce_es,1,13560,0.93
er4,60,6,er4_m60_s1,100.0,genpce_es,1,13610,0.93
er4,60,6,er4_m60_s1,100.0,genpce_es,1,13660,0.93
er4,60,6,er4_m60_s1,100.0,genpce_es,1,13710,0.93
er4,60,6,er4_m60_s1,100.0,genpce_es,1,13760,0.93
er4,60,6,er4_m60_s1,100.0,genpce_es,1,13810,0.93
er4,60,6,er4_m60_s1,100.0,genpce_es,1,13860,0.93
er4,60,6,er4_m60_s1,100.0,genpce_es,1,13910,0.93
er4,60,6,er4_m60_s1,100.0,genpce_es,1,13960,0.93
er4,60,6,er4_m60_s1,100.0,genpce_es,1,14010,0.93
er4,60,6,er4_m60_s1,100.0,genpce_es,1,14060,0.93
er4,60,6,er4_m60_s1,100.0,genpce_es,1,14110,0.93
er4,60,6,er4_m60_s1,100.0,genpce_es,1,14160,0.93
er4,60,6,er4_m60_s1,100.0,genpce_es,1,14210,0.93
er4,60,6,er4_m60_s1,100.0,genpce_es,1,14260,0.93
er4,60,6,er4_m60_s1,100.0,genpce_es,1,14310,0.93
er4,60,6,er4_m60_s1,100.0,genpce_es,1,14360,0.93
er4,60,6,er4_m60_s1,100.0,genpce_es,1,14410,0.93
er4,60,6,er4_m60_s1,100.0,genpce_es,1,14460,0.93
er4,60,6,er4_m60_s1,100.0,genpce_es,1,14510,0.93
er4,60,6,er4_m60_s1,100.0,genpce_es,1,14560,0.93
er4,60,6,er4_m60_s1,100.0,genpce_es,1,14610,0.93
er4,60,6,er4_m60_s1,100.0,genpce_es,1,14660,0.93
er4,60,6,er4_m60_s1,100.0,genpce_es,1,14710,0.93
er4,60,6,er4_m60_s1,100.0,genpce_es,1,14760,0.93
er4,60,6,er4_m60_s1,100.0,genpce_es,1,14810,0.93
er4,60,6,er4_m60_s1,100.0,genpce_es,1,14860,0.93
er4,60,6,er4_m60_s1,100.0,genpce_es,1,14910,0.93
er4,60,6,er4_m60_s1,100.0,genpce_es,1,14960,0.93
er4,60,6,er4_m60_s1,100.0,genpce_es,1,15010,0.93
er4,60,6,er4_m60_s1,100.0,genpce_es,1,15060,0.93
er4,60,6,er4_m60_s1,100.0,genpce_es,1,15110,0.93
er4,60,6,er4_m60_s1,100.0,genpce_es,1,15160,0.93
er4,60,6,er4_m60_s1,100.0,genpce_es,1,15210,0.93
er4,60,6,er4_m60_s1,100.0,genpce_es,1,15260,0.93
er4,60,6,er4_m60_s1,100.0,genpce_es,1,15310,0.93
er4,60,6,er4_m60_s1,100.0,genpce_es,1,15360,0.93
er4,60,6,er4_m60_s1,100.0,genpce_es,1,15410,0.93
er4,60,6,er4_m60_s1,100.0,genpce_es,1,15460,0.93
er4,60,6,er4_m60_s1,100.0,genpce_es,1,15510,0.93
er4,60,6,er4_m60_s1,100.0,genpce_es,1,15560,0.93
er4,60,6,er4_m60_s1,100.0,genpce_es,1,15610,0.93
er4,60,6,er4_m60_s1,100.0,genpce_es,1,15660,0.93
er4,60,6,er4_m60_s1,100.0,genpce_es,1,15710,0.93
er4,60,6,er4_m60_s1,100.0,genpce_es,1,15760,0.93
er4,60,6,er4_m60_s1,100.0,genpce_es,1,15810,0.93
er4,60,6,er4_m60_s1,100.0,genpce_es,1,15860,0.93
er4,60,6,er4_m60_s1,100.0,genpce_es,1,15910,0.93
er4,60,6,er4_m60_s1,100.0,genpce_es,1,15960,0.93
er4,60,6,er4_m60_s1,100.0,genpce_es,1,16010,0.93
er4,60,6,er4_m60_s1,100.0,genpce_es,1,16060,0.93
er4,60,6,er4_m60_s1,100.0,genpce_es,1,16110,0.93
er4,60,6,er4_m60_s1,100.0,genpce_es,1,16160,0.93
er4,60,6,er4_m60_s1,100.0,genpce_es,1,16210,0.93
er4,60,6,er4_m60_s1,100.0,genpce_es,1,16260,0.93
er4,60,6,er4_m60_s1,100.0,genpce_es,1,16310,0.93
er4,60,6,er4_m60_s1,100.0,genpce_es,1,16360,0.93
er4,60,6,er4_m60_s1,100.0,genpce_es,1,16410,0.93
er4,60,6,er4_m60_s1,100.0,genpce_es,1,16460,0.93
er4,60,6,er4_m60_s1,100.0,genpce_es,1,16510,0.93
er4,60,6,er4_m60_s1,100.0,genpce_es,1,16560,0.93
er4,60,6,er4_m60_s1,100.0,genpce_es,1,16610,0.93
er4,60,6,er4_m60_s1,100.0,genpce_es,1,16660,0.93
er4,60,6,er4_m60_s1,100.0,genpce_es,1,16710,0.93
er4,60,6,er4_m60_s1,100.0,genpce_es,1,16760,0.93
er4,60,6,er4_m60_s1,100.0,genpce_es,1,16810,0.93
er4,60,6,er4_m60_s1,100.0,genpce_es,1,16860,0.93
er4,60,6,er4_m60_s1,100.0,genpce_es,1,16910,0.93
er4,60,6,er4_m60_s1,100.0,genpce_es,1,16960,0.93
er4,60,6,er4_m60_s1,100.0,genpce_es,1,17010,0.93
er4,60,6,er4_m60_s1,100.0,genpce_es,1,17060,0.93
er4,60,6,er4_m60_s1,100.0,genpce_es,1,17110,0.93
er4,60,6,er4_m60_s1,100.0,genpce_es,1,17160,0.93
er4,60,6,er4_m60_s1,100.0,genpce_es,1,17210,0.93
er4,60,6,er4_m60_s1,100.0,genpce_es,1,17260,0.93
er4,60,6,er4_m60_s1,100.0,genpce_es,1,17310,0.93
er4,60,6,er4_m60_s1,100.0,genpce_es,1,17360,0.93
er4,60,6,er4_m60_s1,100.0,genpce_es,1,17410,0.93
er4,60,6,er4_m60_s1,100.0,genpce_es,1,17460,0.93
er4,60,6,er4_m60_s1,100.0,genpce_es,1,17510,0.93
er4,60,6,er4_m60_s1,100.0,genpce_es,1,17560,0.93
er4,60,6,er4_m60_s1,100.0,genpce_es,1,17610,0.93
er4,60,6,er4_m60_s1,100.0,genpce_es,1,17660,0.93
er4,60,6,er4_m60_s1,100.0,genpce_es,1,17710,0.93
er4,60,6,er4_m60_s1,100.0,genpce_es,1,17760,0.93
er4,60,6,er4_m60_s1,100.0,genpce_es,1,17810,0.93
er4,60,6,er4_m60_s1,100.0,genpce_es,1,17860,0.93
er4,60,6,er4_m60_s1,100.0,genpce_es,1,17910,0.93
er4,60,6,er4_m60_s1,100.0,genpce_es,1,17960,0.93
er4,60,6,er4_m60_s1,100.0,genpce_es,1,18010,0.93
er4,60,6,er4_m60_s1,100.0,genpce_es,1,18060,0.93
er4,60,6,er4_m60_s1,100.0,genpce_es,1,18110,0.93
er4,60,6,er4_m60_s1,100.0,genpce_es,1,18160,0.93
er4,60,6,er4_m60_s1,100.0,genpce_es,1,18210,0.93
er4,60,6,er4_m60_s1,100.0,genpce_es,1,18260,0.93
er4,60,6,er4_m60_s1,100.0,genpce_es,1,18310,0.93
er4,60,6,er4_m60_s1,100.0,genpce_es,1,18360,0.93
er4,60,6,er4_m60_s1,100.0,genpce_es,1,18410,0.93
er4,60,6,er4_m60_s1,100.0,genpce_es,1,18460,0.93
er4,60,6,er4_m60_s1,100.0,genpce_es,1,18510,0.93
er4,60,6,er4_m60_s1,100.0,genpce_es,1,18560,0.93
er4,60,6,er4_m60_s1,100.0,genpce_es,1,18610,0.93
er4,60,6,er4_m60_s1,100.0,genpce_es,1,18660,0.93
er4,60,6,er4_m60_s1,100.0,genpce_es,1,18710,0.93
er4,60,6,er4_m60_s1,100.0,genpce_es,1,18760,0.93
er4,60,6,er4_m60_s1,100.0,genpce_es,1,18810,0.93
er4,60,6,er4_m60_s1,100.0,genpce_es,1,18860,0.93
er4,60,6,er4_m60_s1,100.0,genpce_es,1,18910,0.93
er4,60,6,er4_m60_s1,100.0,genpce_es,1,18960,0.93
er4,60,6,er4_m60_s1,100.0,genpce_es,1,19010,0.93
er4,60,6,er4_m60_s1,100.0,genpce_es,1,19060,0.93
er4,60,6,er4_m60_s1,100.0,genpce_es,1,19110,0.93
er4,60,6,er4_m60_s1,100.0,genpce_es,1,19160,0.93
er4,60,6,er4_m60_s1,100.0,genpce_es,1,19210,0.93
er4,60,6,er4_m60_s1,100.0,genpce_es,1,19260,0.93
er4,60,6,er4_m60_s1,100.0,genpce_es,1,19310,0.93
er4,60,6,er4_m60_s1,100.0,genpce_es,1,19360,0.93
er4,60,6,er4_m60_s1,100.0,genpce_es,1,19410,0.93
er4,60,6,er4_m60_s1,100.0,genpce_es,1,19460,0.93
er4,60,6,er4_m60_s1,100.0,genpce_es,1,19510,0.93
er4,60,6,er4_m60_s1,100.0,genpce_es,1,19560,0.93
er4,60,6,er4_m60_s1,100.0,genpce_es,1,19610,0.93
er4,60,6,er4_m60_s1,100.0,genpce_es,1,19660,0.93
er4,60,6,er4_m60_s1,100.0,genpce_es,1,19710,0.93
er4,60,6,er4_m60_s1,100.0,genpce_es,1,19760,0.93
er4,60,6,er4_m60_s1,100.0,genpce_es,1,19810,0.93
er4,60,6,er4_m60_s1,100.0,genpce_es,1,19860,0.93
er4,60,6,er4_m60_s1,100.0,genpce_es,1,19910,0.93
er4,60,6,er4_m60_s1,100.0,genpce_es,1,19960,0.93
er4,60,6,er4_m60_s1,100.0,genpce_es,1,20010,0.93
er4,60,6,er4_m60_s1,100.0,random,1,50,0.74
er4,60,6,er4_m60_s1,100.0,random,1,100,0.74
er4,60,6,er4_m60_s1,100.0,random,1,150,0.74
er4,60,6,er4_m60_s1,100.0,random,1,200,0.78
er4,60,6,er4_m60_s1,100.0,random,1,250,0.78
er4,60,6,er4_m60_s1,100.0,random,1,300,0.78
er4,60,6,er4_m60_s1,100.0,random,1,350,0.78
er4,60,6,er4_m60_s1,100.0,random,1,400,0.78
er4,60,6,er4_m60_s1,100.0,random,1,450,0.78
er4,60,6,er4_m60_s1,100.0,random,1,500,0.78
er4,60,6,er4_m60_s1,100.0,random,1,550,0.78
er4,60,6,er4_m60_s1,100.0,random,1,600,0.78
er4,60,6,er4_m60_s1,100.0,random,1,650,0.78
er4,60,6,er4_m60_s1,100.0,random,1,700,0.78
er4,60,6,er4_m60_s1,100.0,random,1,750,0.78
er4,60,6,er4_m60_s1,100.0,random,1,800,0.78
er4,60,6,er4_m60_s1,100.0,random,1,850,0.78
er4,60,6,er4_m60_s1,100.0,random,1,900,0.78
er4,60,6,er4_m60_s1,100.0,random,1,950,0.78
er4,60,6,er4_m60_s1,100.0,random,1,1000,0.78
er4,60,6,er4_m60_s1,100.0,random,1,1050,0.78
er4,60,6,er4_m60_s1,100.0,random,1,1100,0.79
er4,60,6,er4_m60_s1,100.0,random,1,1150,0.79
er4,60,6,er4_m60_s1,100.0,random,1,1200,0.79
er4,60,6,er4_m60_s1,100.0,random,1,1250,0.79
er4,60,6,er4_m60_s1,100.0,random,1,1300,0.79
er4,60,6,er4_m60_s1,100.0,random,1,1350,0.79
er4,60,6,er4_m60_s1,100.0,random,1,1400,0.79
er4,60,6,er4_m60_s1,100.0,random,1,1450,0.79
er4,60,6,er4_m60_s1,100.0,random,1,1500,0.79
er4,60,6,er4_m60_s1,100.0,random,1,1550,0.79
er4,60,6,er4_m60_s1,100.0,random,1,1600,0.79
er4,60,6,er4_m60_s1,100.0,random,1,1650,0.79
er4,60,6,er4_m60_s1,100.0,random,1,1700,0.79
er4,60,6,er4_m60_s1,100.0,random,1,1750,0.79
er4,60,6,er4_m60_s1,100.0,random,1,1800,0.79
er4,60,6,er4_m60_s1,100.0,random,1,1850,0.79
er4,60,6,er4_m60_s1,100.0,random,1,1900,0.79
er4,60,6,er4_m60_s1,100.0,random,1,1950,0.79
er4,60,6,er4_m60_s1,100.0,random,1,2000,0.79
er4,60,6,er4_m60_s1,100.0,random,1,2050,0.79
er4,60,6,er4_m60_s1,100.0,random,1,2100,0.79
er4,60,6,er4_m60_s1,100.0,random,1,2150,0.79
er4,60,6,er4_m60_s1,100.0,random,1,2200,0.79
er4,60,6,er4_m60_s1,100.0,random,1,2250,0.79
er4,60,6,er4_m60_s1,100.0,random,1,2300,0.79
er4,60,6,er4_m60_s1,100.0,random,1,2350,0.79
er4,60,6,er4_m60_s1,100.0,random,1,2400,0.79
er4,60,6,er4_m60_s1,100.0,random,1,2450,0.79
er4,60,6,er4_m60_s1,100.0,random,1,2500,0.79
er4,60,6,er4_m60_s1,100.0,random,1,2550,0.79
er4,60,6,er4_m60_s1,100.0,random,1,2600,0.79
er4,60,6,er4_m60_s1,100.0,random,1,2650,0.79
er4,60,6,er4_m60_s1,100.0,random,1,2700,0.79
er4,60,6,er4_m60_s1,100.0,random,1,2750,0.79
er4,60,6,er4_m60_s1,100.0,random,1,2800,0.79
er4,60,6,er4_m60_s1,100.0,random,1,2850,0.79
er4,60,6,er4_m60_s1,100.0,random,1,2900,0.79
er4,60,6,er4_m60_s1,100.0,random,1,2950,0.79
er4,60,6,er4_m60_s1,100.0,random,1,3000,0.79
er4,60,6,er4_m60_s1,100.0,random,1,3050,0.79
er4,60,6,er4_m60_s1,100.0,random,1,3100,0.79
er4,60,6,er4_m60_s1,100.0,random,1,3150,0.79
er4,60,6,er4_m60_s1,100.0,random,1,3200,0.79
er4,60,6,er4_m60_s1,100.0,random,1,3250,0.79
er4,60,6,er4_m60_s1,100.0,random,1,3300,0.79
er4,60,6,er4_m60_s1,100.0,random,1,3350,0.79
er4,60,6,er4_m60_s1,100.0,random,1,3400,0.79
er4,60,6,er4_m60_s1,100.0,random,1,3450,0.79
er4,60,6,er4_m60_s1,100.0,random,1,3500,0.79
er4,60,6,er4_m60_s1,100.0,random,1,3550,0.79
er4,60,6,er4_m60_s1,100.0,random,1,3600,0.79
er4,60,6,er4_m60_s1,100.0,random,1,3650,0.79
er4,60,6,er4_m60_s1,100.0,random,1,3700,0.79
er4,60,6,er4_m60_s1,100.0,random,1,3750,0.79
er4,60,6,er4_m60_s1,100.0,random,1,3800,0.79
er4,60,6,er4_m60_s1,100.0,random,1,3850,0.79
er4,60,6,er4_m60_s1,100.0,random,1,3900,0.79
er4,60,6,er4_m60_s1,100.0,random,1,3950,0.79
er4,60,6,er4_m60_s1,100.0,random,1,4000,0.79
er4,60,6,er4_m60_s1,100.0,random,1,4050,0.79
er4,60,6,er4_m60_s1,100.0,random,1,4100,0.79
er4,60,6,er4_m60_s1,100.0,random,1,4150,0.79
er4,60,6,er4_m60_s1,100.0,random,1,4200,0.79
er4,60,6,er4_m60_s1,100.0,random,1,4250,0.79
er4,60,6,er4_m60_s1,100.0,random,1,4300,0.79
er4,60,6,er4_m60_s1,100.0,random,1,4350,0.79
er4,60,6,er4_m60_s1,100.0,random,1,4400,0.79
er4,60,6,er4_m60_s1,100.0,random,1,4450,0.79
er4,60,6,er4_m60_s1,100.0,random,1,4500,0.79
er4,60,6,er4_m60_s1,100.0,random,1,4550,0.79
er4,60,6,er4_m60_s1,100.0,random,1,4600,0.79
er4,60,6,er4_m60_s1,100.0,random,1,4650,0.79
er4,60,6,er4_m60_s1,100.0,random,1,4700,0.79
er4,60,6,er4_m60_s1,100.0,random,1,4750,0.79
er4,60,6,er4_m60_s1,100.0,random,1,4800,0.79
er4,60,6,er4_m60_s1,100.0,random,1,4850,0.79
er4,60,6,er4_m60_s1,100.0,random,1,4900,0.79
er4,60,6,er4_m60_s1,100.0,random,1,4950,0.79
er4,60,6,er4_m60_s1,100.0,random,1,5000,0.79
er4,60,6,er4_m60_s1,100.0,random,1,5050,0.79
er4,60,6,er4_m60_s1,100.0,random,1,5100,0.79
er4,60,6,er4_m60_s1,100.0,random,1,5150,0.79
er4,60,6,er4_m60_s1,100.0,random,1,5200,0.79
er4,60,6,er4_m60_s1,100.0,random,1,5250,0.79
er4,60,6,er4_m60_s1,100.0,random,1,5300,0.79
er4,60,6,er4_m60_s1,100.0,random,1,5350,0.79
er4,60,6,er4_m60_s1,100.0,random,1,5400,0.79
er4,60,6,er4_m60_s1,100.0,random,1,5450,0.79
er4,60,6,er4_m60_s1,100.0,random,1,5500,0.79
er4,60,6,er4_m60_s1,100.0,random,1,5550,0.79
er4,60,6,er4_m60_s1,100.0,random,1,5600,0.79
er4,60,6,er4_m60_s1,100.0,random,1,5650,0.79
er4,60,6,er4_m60_s1,100.0,random,1,5700,0.79
er4,60,6,er4_m60_s1,100.0,random,1,5750,0.79
er4,60,6,er4_m60_s1,100.0,random,1,5800,0.79
er4,60,6,er4_m60_s1,100.0,random,1,5850,0.79
er4,60,6,er4_m60_s1,100.0,random,1,5900,0.79
er4,60,6,er4_m60_s1,100.0,random,1,5950,0.79
er4,60,6,er4_m60_s1,100.0,random,1,6000,0.79
er4,60,6,er4_m60_s1,100.0,random,1,6050,0.79
er4,60,6,er4_m60_s1,100.0,random,1,6100,0.79
er4,60,6,er4_m60_s1,100.0,random,1,6150,0.79
er4,60,6,er4_m60_s1,100.0,random,1,6200,0.79
er4,60,6,er4_m60_s1,100.0,random,1,6250,0.79
er4,60,6,er4_m60_s1,100.0,random,1,6300,0.79
er4,60,6,er4_m60_s1,100.0,random,1,6350,0.79
er4,60,6,er4_m60_s1,100.0,random,1,6400,0.79
er4,60,6,er4_m60_s1,100.0,random,1,6450,0.79
er4,60,6,er4_m60_s1,100.0,random,1,6500,0.79
er4,60,6,er4_m60_s1,100.0,random,1,6550,0.79
er4,60,6,er4_m60_s1,100.0,random,1,6600,0.81
er4,60,6,er4_m60_s1,100.0,random,1,6650,0.81
er4,60,6,er4_m60_s1,100.0,random,1,6700,0.81
er4,60,6,er4_m60_s1,100.0,random,1,6750,0.81
er4,60,6,er4_m60_s1,100.0,random,1,6800,0.81
er4,60,6,er4_m60_s1,100.0,random,1,6850,0.81
er4,60,6,er4_m60_s1,100.0,random,1,6900,0.81
er4,60,6,er4_m60_s1,100.0,random,1,6950,0.81
er4,60,6,er4_m60_s1,100.0,random,1,7000,0.81
er4,60,6,er4_m60_s1,100.0,random,1,7050,0.81
er4,60,6,er4_m60_s1,100.0,random,1,7100,0.81
er4,60,6,er4_m60_s1,100.0,random,1,7150,0.81
er4,60,6,er4_m60_s1,100.0,random,1,7200,0.81
er4,60,6,er4_m60_s1,100.0,random,1,7250,0.81
er4,60,6,er4_m60_s1,100.0,random,1,7300,0.81
er4,60,6,er4_m60_s1,100.0,random,1,7350,0.81
er4,60,6,er4_m60_s1,100.0,random,1,7400,0.81
er4,60,6,er4_m60_s1,100.0,random,1,7450,0.81
er4,60,6,er4_m60_s1,100.0,random,1,7500,0.81
er4,60,6,er4_m60_s1,100.0,random,1,7550,0.81
er4,60,6,er4_m60_s1,100.0,random,1,7600,0.81
er4,60,6,er4_m60_s1,100.0,random,1,7650,0.81
er4,60,6,er4_m60_s1,100.0,random,1,7700,0.81
er4,60,6,er4_m60_s1,100.0,random,1,7750,0.81
er4,60,6,er4_m60_s1,100.0,random,1,7800,0.81
er4,60,6,er4_m60_s1,100.0,random,1,7850,0.81
er4,60,6,er4_m60_s1,100.0,random,1,7900,0.81
er4,60,6,er4_m60_s1,100.0,random,1,7950,0.81
er4,60,6,er4_m60_s1,100.0,random,1,8000,0.81
er4,60,6,er4_m60_s1,100.0,random,1,8050,0.81
er4,60,6,er4_m60_s1,100.0,random,1,8100,0.81
er4,60,6,er4_m60_s1,100.0,random,1,8150,0.81
er4,60,6,er4_m60_s1,100.0,random,1,8200,0.81
er4,60,6,er4_m60_s1,100.0,random,1,8250,0.81
er4,60,6,er4_m60_s1,100.0,random,1,8300,0.81
er4,60,6,er4_m60_s1,100.0,random,1,8350,0.81
er4,60,6,er4_m60_s1,100.0,random,1,8400,0.81
er4,60,6,er4_m60_s1,100.0,random,1,8450,0.81
er4,60,6,er4_m60_s1,100.0,random,1,8500,0.81
er4,60,6,er4_m60_s1,100.0,random,1,8550,0.81
er4,60,6,er4_m60_s1,100.0,random,1,8600,0.81
er4,60,6,er4_m60_s1,100.0,random,1,8650,0.81
er4,60,6,er4_m60_s1,100.0,random,1,8700,0.81
er4,60,6,er4_m60_s1,100.0,random,1,8750,0.81
er4,60,6,er4_m60_s1,100.0,random,1,8800,0.81
er4,60,6,er4_m60_s1,100.0,random,1,8850,0.81
er4,60,6,er4_m60_s1,100.0,random,1,8900,0.81
er4,60,6,er4_m60_s1,100.0,random,1,8950,0.81
er4,60,6,er4_m60_s1,100.0,random,1,9000,0.81
er4,60,6,er4_m60_s1,100.0,random,1,9050,0.81
er4,60,6,er4_m60_s1,100.0,random,1,9100,0.81
er4,60,6,er4_m60_s1,100.0,random,1,9150,0.81
er4,60,6,er4_m60_s1,100.0,random,1,9200,0.81
er4,60,6,er4_m60_s1,100.0,random,1,9250,0.81
er4,60,6,er4_m60_s1,100.0,random,1,9300,0.81
er4,60,6,er4_m60_s1,100.0,random,1,9350,0.81
er4,60,6,er4_m60_s1,100.0,random,1,9400,0.81
er4,60,6,er4_m60_s1,100.0,random,1,9450,0.81
er4,60,6,er4_m60_s1,100.0,random,1,9500,0.81
er4,60,6,er4_m60_s1,100.0,random,1,9550,0.81
er4,60,6,er4_m60_s1,100.0,random,1,9600,0.81
er4,60,6,er4_m60_s1,100.0,random,1,9650,0.81
er4,60,6,er4_m60_s1,100.0,random,1,9700,0.81
er4,60,6,er4_m60_s1,100.0,random,1,9750,0.81
er4,60,6,er4_m60_s1,100.0,random,1,9800,0.81
er4,60,6,er4_m60_s1,100.0,random,1,9850,0.81
er4,60,6,er4_m60_s1,100.0,random,1,9900,0.81
er4,60,6,er4_m60_s1,100.0,random,1,9950,0.81
er4,60,6,er4_m60_s1,100.0,random,1,10000,0.81
er4,60,6,er4_m60_s1,100.0,random,1,10050,0.81
er4,60,6,er4_m60_s1,100.0,random,1,10100,0.81
er4,60,6,er4_m60_s1,100.0,random,1,10150,0.81
er4,60,6,er4_m60_s1,100.0,random,1,10200,0.81
er4,60,6,er4_m60_s1,100.0,random,1,10250,0.81
er4,60,6,er4_m60_s1,100.0,random,1,10300,0.81
er4,60,6,er4_m60_s1,100.0,random,1,10350,0.81
er4,60,6,er4_m60_s1,100.0,random,1,10400,0.81
er4,60,6,er4_m60_s1,100.0,random,1,10450,0.81
er4,60,6,er4_m60_s1,100.0,random,1,10500,0.81
er4,60,6,er4_m60_s1,100.0,random,1,10550,0.81
er4,60,6,er4_m60_s1,100.0,random,1,10600,0.81
er4,60,6,er4_m60_s1,100.0,random,1,10650,0.81
er4,60,6,er4_m60_s1,100.0,random,1,10700,0.81
er4,60,6,er4_m60_s1,100.0,random,1,10750,0.81
er4,60,6,er4_m60_s1,100.0,random,1,10800,0.81
er4,60,6,er4_m60_s1,100.0,random,1,10850,0.81
er4,60,6,er4_m60_s1,100.0,random,1,10900,0.81
er4,60,6,er4_m60_s1,100.0,random,1,10950,0.81
er4,60,6,er4_m60_s1,100.0,random,1,11000,0.81
er4,60,6,er4_m60_s1,100.0,random,1,11050,0.81
er4,60,6,er4_m60_s1,100.0,random,1,11100,0.81
er4,60,6,er4_m60_s1,100.0,random,1,11150,0.81
er4,60,6,er4_m60_s1,100.0,random,1,11200,0.81
er4,60,6,er4_m60_s1,100.0,random,1,11250,0.81
er4,60,6,er4_m60_s1,100.0,random,1,11300,0.81
er4,60,6,er4_m60_s1,100.0,random,1,11350,0.81
er4,60,6,er4_m60_s1,100.0,random,1,11400,0.81
er4,60,6,er4_m60_s1,100.0,random,1,11450,0.81
er4,60,6,er4_m60_s1,100.0,random,1,11500,0.81
er4,60,6,er4_m60_s1,100.0,random,1,11550,0.81
er4,60,6,er4_m60_s1,100.0,random,1,11600,0.81
er4,60,6,er4_m60_s1,100.0,random,1,11650,0.81
er4,60,6,er4_m60_s1,100.0,random,1,11700,0.81
er4,60,6,er4_m60_s1,100.0,random,1,11750,0.81
er4,60,6,er4_m60_s1,100.0,random,1,11800,0.81
er4,60,6,er4_m60_s1,100.0,random,1,11850,0.81
er4,60,6,er4_m60_s1,100.0,random,1,11900,0.81
er4,60,6,er4_m60_s1,100.0,random,1,11950,0.81
er4,60,6,er4_m60_s1,100.0,random,1,12000,0.81
er4,60,6,er4_m60_s1,100.0,random,1,12050,0.81
er4,60,6,er4_m60_s1,100.0,random,1,12100,0.81
er4,60,6,er4_m60_s1,100.0,random,1,12150,0.81
er4,60,6,er4_m60_s1,100.0,random,1,12200,0.81
er4,60,6,er4_m60_s1,100.0,random,1,12250,0.81
er4,60,6,er4_m60_s1,100.0,random,1,12300,0.81
er4,60,6,er4_m60_s1,100.0,random,1,12350,0.81
er4,60,6,er4_m60_s1,100.0,random,1,12400,0.81
er4,60,6,er4_m60_s1,100.0,random,1,12450,0.81
er4,60,6,er4_m60_s1,100.0,random,1,12500,0.81
er4,60,6,er4_m60_s1,100.0,random,1,12550,0.81
er4,60,6,er4_m60_s1,100.0,random,1,12600,0.81
er4,60,6,er4_m60_s1,100.0,random,1,12650,0.81
er4,60,6,er4_m60_s1,100.0,random,1,12700,0.81
er4,60,6,er4_m60_s1,100.0,random,1,12750,0.81
er4,60,6,er4_m60_s1,100.0,random,1,12800,0.81
er4,60,6,er4_m60_s1,100.0,random,1,12850,0.81
er4,60,6,er4_m60_s1,100.0,random,1,12900,0.81
er4,60,6,er4_m60_s1,100.0,random,1,12950,0.81
er4,60,6,er4_m60_s1,100.0,random,1,13000,0.81
er4,60,6,er4_m60_s1,100.0,random,1,13050,0.81
er4,60,6,er4_m60_s1,100.0,random,1,13100,0.81
er4,60,6,er4_m60_s1,100.0,random,1,13150,0.81
er4,60,6,er4_m60_s1,100.0,random,1,13200,0.81
er4,60,6,er4_m60_s1,100.0,random,1,13250,0.81
er4,60,6,er4_m60_s1,100.0,random,1,13300,0.81
er4,60,6,er4_m60_s1,100.0,random,1,13350,0.81
er4,60,6,er4_m60_s1,100.0,random,1,13400,0.81
er4,60,6,er4_m60_s1,100.0,random,1,13450,0.81
er4,60,6,er4_m60_s1,100.0,random,1,13500,0.81
er4,60,6,er4_m60_s1,100.0,random,1,13550,0.81
er4,60,6,er4_m60_s1,100.0,random,1,13600,0.81
er4,60,6,er4_m60_s1,100.0,random,1,13650,0.81
er4,60,6,er4_m60_s1,100.0,random,1,13700,0.81
er4,60,6,er4_m60_s1,100.0,random,1,13750,0.81
er4,60,6,er4_m60_s1,100.0,random,1,13800,0.81
er4,60,6,er4_m60_s1,100.0,random,1,13850,0.81
er4,60,6,er4_m60_s1,100.0,random,1,13900,0.81
er4,60,6,er4_m60_s1,100.0,random,1,13950,0.81
er4,60,6,er4_m60_s1,100.0,random,1,14000,0.81
er4,60,6,er4_m60_s1,100.0,random,1,14050,0.81
er4,60,6,er4_m60_s1,100.0,random,1,14100,0.81
er4,60,6,er4_m60_s1,100.0,random,1,14150,0.81
er4,60,6,er4_m60_s1,100.0,random,1,14200,0.81
er4,60,6,er4_m60_s1,100.0,random,1,14250,0.81
er4,60,6,er4_m60_s1,100.0,random,1,14300,0.81
er4,60,6,er4_m60_s1,100.0,random,1,14350,0.81
er4,60,6,er4_m60_s1,100.0,random,1,14400,0.81
er4,60,6,er4_m60_s1,100.0,random,1,14450,0.81
er4,60,6,er4_m60_s1,100.0,random,1,14500,0.81
er4,60,6,er4_m60_s1,100.0,random,1,14550,0.81
er4,60,6,er4_m60_s1,100.0,random,1,14600,0.81
er4,60,6,er4_m60_s1,100.0,random,1,14650,0.81
er4,60,6,er4_m60_s1,100.0,random,1,14700,0.81
er4,60,6,er4_m60_s1,100.0,random,1,14750,0.81
er4,60,6,er4_m60_s1,100.0,random,1,14800,0.81
er4,60,6,er4_m60_s1,100.0,random,1,14850,0.81
er4,60,6,er4_m60_s1,100.0,random,1,14900,0.81
er4,60,6,er4_m60_s1,100.0,random,1,14950,0.81
er4,60,6,er4_m60_s1,100.0,random,1,15000,0.81
er4,60,6,er4_m60_s1,100.0,random,1,15050,0.81
er4,60,6,er4_m60_s1,100.0,random,1,15100,0.81
er4,60,6,er4_m60_s1,100.0,random,1,15150,0.81
er4,60,6,er4_m60_s1,100.0,random,1,15200,0.81
er4,60,6,er4_m60_s1,100.0,random,1,15250,0.81
er4,60,6,er4_m60_s1,100.0,random,1,15300,0.81
er4,60,6,er4_m60_s1,100.0,random,1,15350,0.81
er4,60,6,er4_m60_s1,100.0,random,1,15400,0.81
er4,60,6,er4_m60_s1,100.0,random,1,15450,0.81
er4,60,6,er4_m60_s1,100.0,random,1,15500,0.81
er4,60,6,er4_m60_s1,100.0,random,1,15550,0.81
er4,60,6,er4_m60_s1,100.0,random,1,15600,0.81
er4,60,6,er4_m60_s1,100.0,random,1,15650,0.81
er4,60,6,er4_m60_s1,100.0,random,1,15700,0.81
er4,60,6,er4_m60_s1,100.0,random,1,15750,0.81
er4,60,6,er4_m60_s1,100.0,random,1,15800,0.81
er4,60,6,er4_m60_s1,100.0,random,1,15850,0.81
er4,60,6,er4_m60_s1,100.0,random,1,15900,0.81
er4,60,6,er4_m60_s1,100.0,random,1,15950,0.81
er4,60,6,er4_m60_s1,100.0,random,1,16000,0.81
er4,60,6,er4_m60_s1,100.0,random,1,16050,0.81
er4,60,6,er4_m60_s1,100.0,random,1,16100,0.81
er4,60,6,er4_m60_s1,100.0,random,1,16150,0.81
er4,60,6,er4_m60_s1,100.0,random,1,16200,0.81
er4,60,6,er4_m60_s1,100.0,random,1,16250,0.81
er4,60,6,er4_m60_s1,100.0,random,1,16300,0.81
er4,60,6,er4_m60_s1,100.0,random,1,16350,0.81
er4,60,6,er4_m60_s1,100.0,random,1,16400,0.81
er4,60,6,er4_m60_s1,100.0,random,1,16450,0.81
er4,60,6,er4_m60_s1,100.0,random,1,16500,0.81
er4,60,6,er4_m60_s1,100.0,random,1,16550,0.81
er4,60,6,er4_m60_s1,100.0,random,1,16600,0.81
er4,60,6,er4_m60_s1,100.0,random,1,16650,0.81
er4,60,6,er4_m60_s1,100.0,random,1,16700,0.81
er4,60,6,er4_m60_s1,100.0,random,1,16750,0.81
er4,60,6,er4_m60_s1,100.0,random,1,16800,0.81
er4,60,6,er4_m60_s1,100.0,random,1,16850,0.81
er4,60,6,er4_m60_s1,100.0,random,1,16900,0.81
er4,60,6,er4_m60_s1,100.0,random,1,16950,0.81
er4,60,6,er4_m60_s1,100.0,random,1,17000,0.81
er4,60,6,er4_m60_s1,100.0,random,1,17050,0.81
er4,60,6,er4_m60_s1,100.0,random,1,17100,0.81
er4,60,6,er4_m60_s1,100.0,random,1,17150,0.81
er4,60,6,er4_m60_s1,100.0,random,1,17200,0.81
er4,60,6,er4_m60_s1,100.0,random,1,17250,0.81
er4,60,6,er4_m60_s1,100.0,random,1,17300,0.81
er4,60,6,er4_m60_s1,100.0,random,1,17350,0.81
er4,60,6,er4_m60_s1,100.0,random,1,17400,0.81
er4,60,6,er4_m60_s1,100.0,random,1,17450,0.81
er4,60,6,er4_m60_s1,100.0,random,1,17500,0.81
er4,60,6,er4_m60_s1,100.0,random,1,17550,0.81
er4,60,6,er4_m60_s1,100.0,random,1,17600,0.81
er4,60,6,er4_m60_s1,100.0,random,1,17650,0.81
er4,60,6,er4_m60_s1,100.0,random,1,17700,0.81
er4,60,6,er4_m60_s1,100.0,random,1,17750,0.81
er4,60,6,er4_m60_s1,100.0,random,1,17800,0.81
er4,60,6,er4_m60_s1,100.0,random,1,17850,0.81
er4,60,6,er4_m60_s1,100.0,random,1,17900,0.81
er4,60,6,er4_m60_s1,100.0,random,1,17950,0.81
er4,60,6,er4_m60_s1,100.0,random,1,18000,0.81
er4,60,6,er4_m60_s1,100.0,random,1,18050,0.81
er4,60,6,er4_m60_s1,100.0,random,1,18100,0.81
er4,60,6,er4_m60_s1,100.0,random,1,18150,0.81
er4,60,6,er4_m60_s1,100.0,random,1,18200,0.81
er4,60,6,er4_m60_s1,100.0,random,1,18250,0.81
er4,60,6,er4_m60_s1,100.0,random,1,18300,0.81
er4,60,6,er4_m60_s1,100.0,random,1,18350,0.81
er4,60,6,er4_m60_s1,100.0,random,1,18400,0.81
er4,60,6,er4_m60_s1,100.0,random,1,18450,0.81
er4,60,6,er4_m60_s1,100.0,random,1,18500,0.81
er4,60,6,er4_m60_s1,100.0,random,1,18550,0.81
er4,60,6,er4_m60_s1,100.0,random,1,18600,0.81
er4,60,6,er4_m60_s1,100.0,random,1,18650,0.81
er4,60,6,er4_m60_s1,100.0,random,1,18700,0.81
er4,60,6,er4_m60_s1,100.0,random,1,18750,0.81
er4,60,6,er4_m60_s1,100.0,random,1,18800,0.81
er4,60,6,er4_m60_s1,100.0,random,1,18850,0.81
er4,60,6,er4_m60_s1,100.0,random,1,18900,0.81
er4,60,6,er4_m60_s1,100.0,random,1,18950,0.81
er4,60,6,er4_m60_s1,100.0,random,1,19000,0.81
er4,60,6,er4_m60_s1,100.0,random,1,19050,0.81
er4,60,6,er4_m60_s1,100.0,random,1,19100,0.81
er4,60,6,er4_m60_s1,100.0,random,1,19150,0.81
er4,60,6,er4_m60_s1,100.0,random,1,19200,0.81
er4,60,6,er4_m60_s1,100.0,random,1,19250,0.81
er4,60,6,er4_m60_s1,100.0,random,1,19300,0.81
er4,60,6,er4_m60_s1,100.0,random,1,19350,0.81
er4,60,6,er4_m60_s1,100.0,random,1,19400,0.81
er4,60,6,er4_m60_s1,100.0,random,1,19450,0.81
er4,60,6,er4_m60_s1,100.0,random,1,19500,0.81
er4,60,6,er4_m60_s1,100.0,random,1,19550,0.81
er4,60,6,er4_m60_s1,100.0,random,1,19600,0.81
er4,60,6,er4_m60_s1,100.0,random,1,19650,0.81
er4,60,6,er4_m60_s1,100.0,random,1,19700,0.81
er4,60,6,er4_m60_s1,100.0,random,1,19750,0.81
er4,60,6,er4_m60_s1,100.0,random,1,19800,0.81
er4,60,6,er4_m60_s1,100.0,random,1,19850,0.81
er4,60,6,er4_m60_s1,100.0,random,1,19900,0.81
er4,60,6,er4_m60_s1,100.0,random,1,19950,0.81
er4,60,6,er4_m60_s1,100.0,random,1,20000,0.81
er4,60,6,er4_m60_s1,100.0,pce_vqa_L4,0,109,0.57
er4,60,6,er4_m60_s1,100.0,pce_vqa_L4,0,218,0.56
er4,60,6,er4_m60_s1,100.0,pce_vqa_L4,0,327,0.57
er4,60,6,er4_m60_s1,100.0,pce_vqa_L4,0,436,0.57
er4,60,6,er4_m60_s1,100.0,pce_vqa_L4,0,545,0.61
er4,60,6,er4_m60_s1,100.0,pce_vqa_L4,0,654,0.62
er4,60,6,er4_m60_s1,100.0,pce_vqa_L4,0,763,0.62
er4,60,6,er4_m60_s1,100.0,pce_vqa_L4,0,981,0.62
er4,60,6,er4_m60_s1,100.0,pce_vqa_L4,0,1090,0.62
er4,60,6,er4_m60_s1,100.0,pce_vqa_L4,0,1417,0.64
er4,60,6,er4_m60_s1,100.0,pce_vqa_L4,0,1635,0.65
er4,60,6,er4_m60_s1,100.0,pce_vqa_L4,0,2071,0.68
er4,60,6,er4_m60_s1,100.0,pce_vqa_L4,0,2507,0.68
er4,60,6,er4_m60_s1,100.0,pce_vqa_L4,0,2943,0.71
er4,60,6,er4_m60_s1,100.0,pce_vqa_L4,0,3597,0.69
er4,60,6,er4_m60_s1,100.0,pce_vqa_L4,0,4469,0.69
er4,60,6,er4_m60_s1,100.0,pce_vqa_L4,0,5341,0.7
er4,60,6,er4_m60_s1,100.0,pce_vqa_L4,0,6540,0.78
er4,60,6,er4_m60_s1,100.0,pce_vqa_L4,0,7957,0.79
er4,60,6,er4_m60_s1,100.0,pce_vqa_L4,0,9592,0.79
er4,60,6,er4_m60_s1,100.0,pce_vqa_L4,0,11663,0.79
er4,60,6,er4_m60_s1,100.0,pce_vqa_L4,0,14279,0.79
er4,60,6,er4_m60_s1,100.0,pce_vqa_L4,0,17331,0.79
er4,60,6,er4_m60_s1,100.0,pce_vqa_L4,0,21037,0.79
er4,60,6,er4_m60_s1,100.0,pce_vqa_L4,0,25506,0.79
er4,60,6,er4_m60_s1,100.0,pce_vqa_L4,0,31065,0.84
er4,60,6,er4_m60_s1,100.0,pce_vqa_L4,0,37714,0.85
er4,60,6,er4_m60_s1,100.0,pce_vqa_L4,0,45889,0.87
er4,60,6,er4_m60_s1,100.0,pce_vqa_L4,0,55699,0.9
er4,60,6,er4_m60_s1,100.0,pce_vqa_L4,0,67689,0.9
er4,60,6,er4_m60_s1,100.0,pce_vqa_L4,0,82295,0.88
er4,60,6,er4_m60_s1,100.0,pce_vqa_L4,0,99953,0.91
er4,60,6,er4_m60_s1,100.0,pce_vqa_L4,0,113796,0.93
er4,60,6,er4_m60_s1,100.0,pce_vqa_L4,1,109,0.63
er4,60,6,er4_m60_s1,100.0,pce_vqa_L4,1,218,0.64
er4,60,6,er4_m60_s1,100.0,pce_vqa_L4,1,327,0.64
er4,60,6,er4_m60_s1,100.0,pce_vqa_L4,1,436,0.64
er4,60,6,er4_m60_s1,100.0,pce_vqa_L4,1,545,0.64
er4,60,6,er4_m60_s1,100.0,pce_vqa_L4,1,654,0.67
er4,60,6,er4_m60_s1,100.0,pce_vqa_L4,1,763,0.67
er4,60,6,er4_m60_s1,100.0,pce_vqa_L4,1,981,0.66
er4,60,6,er4_m60_s1,100.0,pce_vqa_L4,1,1090,0.7
er4,60,6,er4_m60_s1,100.0,pce_vqa_L4,1,1417,0.75
er4,60,6,er4_m60_s1,100.0,pce_vqa_L4,1,1635,0.75
er4,60,6,er4_m60_s1,100.0,pce_vqa_L4,1,2071,0.75
er4,60,6,er4_m60_s1,100.0,pce_vqa_L4,1,2507,0.75
er4,60,6,er4_m60_s1,100.0,pce_vqa_L4,1,2943,0.81
er4,60,6,er4_m60_s1,100.0,pce_vqa_L4,1,3597,0.83
er4,60,6,er4_m60_s1,100.0,pce_vqa_L4,1,4469,0.84
er4,60,6,er4_m60_s1,100.0,pce_vqa_L4,1,5341,0.84
er4,60,6,er4_m60_s1,100.0,pce_vqa_L4,1,6540,0.81
er4,60,6,er4_m60_s1,100.0,pce_vqa_L4,1,7957,0.87
er4,60,6,er4_m60_s1,100.0,pce_vqa_L4,1,9592,0.84
er4,60,6,er4_m60_s1,100.0,pce_vqa_L4,1,11663,0.88
er4,60,6,er4_m60_s1,100.0,pce_vqa_L4,1,14279,0.88
er4,60,6,er4_m60_s1,100.0,pce_vqa_L4,1,17331,0.88
er4,60,6,er4_m60_s1,100.0,pce_vqa_L4,1,21037,0.87
er4,60,6,er4_m60_s1,100.0,pce_vqa_L4,1,25506,0.87
er4,60,6,er4_m60_s1,100.0,pce_vqa_L4,1,31065,0.87
er4,60,6,er4_m60_s1,100.0,pce_vqa_L4,1,37714,0.87
er4,60,6,er4_m60_s1,100.0,pce_vqa_L4,1,45889,0.87
er4,60,6,er4_m60_s1,100.0,pce_vqa_L4,1,55699,0.87
er4,60,6,er4_m60_s1,100.0,pce_vqa_L4,1,67689,0.85
er4,60,6,er4_m60_s1,100.0,pce_vqa_L4,1,82295,0.87
er4,60,6,er4_m60_s1,100.0,pce_vqa_L4,1,99953,0.89
er4,60,6,er4_m60_s1,100.0,pce_vqa_L4,1,121535,0.92
er4,60,6,er4_m60_s1,100.0,pce_vqa_L4,1,141591,0.89
er4,60,6,er4_m60_s1,100.0,pce_vqa_L8,0,217,0.6
er4,60,6,er4_m60_s1,100.0,pce_vqa_L8,0,434,0.71
er4,60,6,er4_m60_s1,100.0,pce_vqa_L8,0,651,0.71
er4,60,6,er4_m60_s1,100.0,pce_vqa_L8,0,868,0.71
er4,60,6,er4_m60_s1,100.0,pce_vqa_L8,0,1085,0.68
er4,60,6,er4_m60_s1,100.0,pce_vqa_L8,0,1302,0.71
er4,60,6,er4_m60_s1,100.0,pce_vqa_L8,0,1519,0.72
er4,60,6,er4_m60_s1,100.0,pce_vqa_L8,0,1953,0.77
er4,60,6,er4_m60_s1,100.0,pce_vqa_L8,0,2170,0.77
er4,60,6,er4_m60_s1,100.0,pce_vqa_L8,0,2821,0.81
er4,60,6,er4_m60_s1,100.0,pce_vqa_L8,0,3255,0.85
er4,60,6,er4_m60_s1,100.0,pce_vqa_L8,0,4123,0.84
er4,60,6,er4_m60_s1,100.0,pce_vqa_L8,0,4991,0.84
er4,60,6,er4_m60_s1,100.0,pce_vqa_L8,0,5859,0.86
er4,60,6,er4_m60_s1,100.0,pce_vqa_L8,0,7161,0.82
er4,60,6,er4_m60_s1,100.0,pce_vqa_L8,0,8897,0.82
er4,60,6,er4_m60_s1,100.0,pce_vqa_L8,0,10633,0.84
er4,60,6,er4_m60_s1,100.0,pce_vqa_L8,0,13020,0.84
er4,60,6,er4_m60_s1,100.0,pce_vqa_L8,0,15841,0.84
er4,60,6,er4_m60_s1,100.0,pce_vqa_L8,0,19096,0.84
er4,60,6,er4_m60_s1,100.0,pce_vqa_L8,0,23219,0.88
er4,60,6,er4_m60_s1,100.0,pce_vqa_L8,0,28427,0.89
er4,60,6,er4_m60_s1,100.0,pce_vqa_L8,0,34503,0.9
er4,60,6,er4_m60_s1,100.0,pce_vqa_L8,0,41881,0.9
er4,60,6,er4_m60_s1,100.0,pce_vqa_L8,0,50778,0.91
er4,60,6,er4_m60_s1,100.0,pce_vqa_L8,0,61845,0.92
er4,60,6,er4_m60_s1,100.0,pce_vqa_L8,0,75082,0.92
er4,60,6,er4_m60_s1,100.0,pce_vqa_L8,0,91357,0.94
er4,60,6,er4_m60_s1,100.0,pce_vqa_L8,0,110887,0.95
er4,60,6,er4_m60_s1,100.0,pce_vqa_L8,0,134757,0.95
er4,60,6,er4_m60_s1,100.0,pce_vqa_L8,0,163835,0.99
er4,60,6,er4_m60_s1,100.0,pce_vqa_L8,0,198989,0.99
er4,60,6,er4_m60_s1,100.0,pce_vqa_L8,0,241955,0.99
er4,60,6,er4_m60_s1,100.0,pce_vqa_L8,0,293818,0.99
er4,60,6,er4_m60_s1,100.0,pce_vqa_L8,0,357182,0.99
er4,60,6,er4_m60_s1,100.0,pce_vqa_L8,0,434000,0.99
er4,60,6,er4_m60_s1,100.0,pce_vqa_L8,1,217,0.62
er4,60,6,er4_m60_s1,100.0,pce_vqa_L8,1,434,0.64
er4,60,6,er4_m60_s1,100.0,pce_vqa_L8,1,651,0.71
er4,60,6,er4_m60_s1,100.0,pce_vqa_L8,1,868,0.72
er4,60,6,er4_m60_s1,100.0,pce_vqa_L8,1,1085,0.72
er4,60,6,er4_m60_s1,100.0,pce_vqa_L8,1,1302,0.69
er4,60,6,er4_m60_s1,100.0,pce_vqa_L8,1,1519,0.75
er4,60,6,er4_m60_s1,100.0,pce_vqa_L8,1,1953,0.72
er4,60,6,er4_m60_s1,100.0,pce_vqa_L8,1,2170,0.73
er4,60,6,er4_m60_s1,100.0,pce_vqa_L8,1,2821,0.73
er4,60,6,er4_m60_s1,100.0,pce_vqa_L8,1,3255,0.78
er4,60,6,er4_m60_s1,100.0,pce_vqa_L8,1,4123,0.77
er4,60,6,er4_m60_s1,100.0,pce_vqa_L8,1,4991,0.78
er4,60,6,er4_m60_s1,100.0,pce_vqa_L8,1,5859,0.78
er4,60,6,er4_m60_s1,100.0,pce_vqa_L8,1,7161,0.78
er4,60,6,er4_m60_s1,100.0,pce_vqa_L8,1,8897,0.79
er4,60,6,er4_m60_s1,100.0,pce_vqa_L8,1,10633,0.79
er4,60,6,er4_m60_s1,100.0,pce_vqa_L8,1,13020,0.79
er4,60,6,er4_m60_s1,100.0,pce_vqa_L8,1,15841,0.79
er4,60,6,er4_m60_s1,100.0,pce_vqa_L8,1,19096,0.81
er4,60,6,er4_m60_s1,100.0,pce_vqa_L8,1,23219,0.83
er4,60,6,er4_m60_s1,100.0,pce_vqa_L8,1,28427,0.81
er4,60,6,er4_m60_s1,100.0,pce_vqa_L8,1,34503,0.83
er4,60,6,er4_m60_s1,100.0,pce_vqa_L8,1,41881,0.84
er4,60,6,er4_m60_s1,100.0,pce_vqa_L8,1,50778,0.87
er4,60,6,er4_m60_s1,100.0,pce_vqa_L8,1,61845,0.9
er4,60,6,er4_m60_s1,100.0,pce_vqa_L8,1,75082,0.9
er4,60,6,er4_m60_s1,100.0,pce_vqa_L8,1,91357,0.91
er4,60,6,er4_m60_s1,100.0,pce_vqa_L8,1,110887,0.91
er4,60,6,er4_m60_s1,100.0,pce_vqa_L8,1,134757,0.91
er4,60,6,er4_m60_s1,100.0,pce_vqa_L8,1,163835,0.93
er4,60,6,er4_m60_s1,100.0,pce_vqa_L8,1,198989,0.95
er4,60,6,er4_m60_s1,100.0,pce_vqa_L8,1,241955,0.95
er4,60,6,er4_m60_s1,100.0,pce_vqa_L8,1,293818,0.95
er4,60,6,er4_m60_s1,100.0,pce_vqa_L8,1,357182,0.95
er4,60,6,er4_m60_s1,100.0,pce_vqa_L8,1,425103,0.95
er4,252,9,er4_m252_s0,428.0,genpce_es,0,10,0.5771028037383178
er4,252,9,er4_m252_s0,428.0,genpce_es,0,60,0.6495327102803738
er4,252,9,er4_m252_s0,428.0,genpce_es,0,110,0.6425233644859814
er4,252,9,er4_m252_s0,428.0,genpce_es,0,160,0.6565420560747663
er4,252,9,er4_m252_s0,428.0,genpce_es,0,210,0.6612149532710281
er4,252,9,er4_m252_s0,428.0,genpce_es,0,260,0.677570093457944
er4,252,9,er4_m252_s0,428.0,genpce_es,0,310,0.677570093457944
er4,252,9,er4_m252_s0,428.0,genpce_es,0,360,0.6892523364485982
er4,252,9,er4_m252_s0,428.0,genpce_es,0,410,0.7009345794392523
er4,252,9,er4_m252_s0,428.0,genpce_es,0,460,0.7009345794392523
er4,252,9,er4_m252_s0,428.0,genpce_es,0,510,0.7009345794392523
er4,252,9,er4_m252_s0,428.0,genpce_es,0,560,0.7009345794392523
er4,252,9,er4_m252_s0,428.0,genpce_es,0,610,0.7383177570093458
er4,252,9,er4_m252_s0,428.0,genpce_es,0,660,0.7383177570093458
er4,252,9,er4_m252_s0,428.0,genpce_es,0,710,0.7383177570093458
er4,252,9,er4_m252_s0,428.0,genpce_es,0,760,0.7383177570093458
er4,252,9,er4_m252_s0,428.0,genpce_es,0,810,0.735981308411215
er4,252,9,er4_m252_s0,428.0,genpce_es,0,860,0.735981308411215
er4,252,9,er4_m252_s0,428.0,genpce_es,0,910,0.735981308411215
er4,252,9,er4_m252_s0,428.0,genpce_es,0,960,0.735981308411215
er4,252,9,er4_m252_s0,428.0,genpce_es,0,1010,0.735981308411215
er4,252,9,er4_m252_s0,428.0,genpce_es,0,1060,0.735981308411215
er4,252,9,er4_m252_s0,428.0,genpce_es,0,1110,0.735981308411215
er4,252,9,er4_m252_s0,428.0,genpce_es,0,1160,0.735981308411215
er4,252,9,er4_m252_s0,428.0,genpce_es,0,1210,0.735981308411215
er4,252,9,er4_m252_s0,428.0,genpce_es,0,1260,0.735981308411215
er4,252,9,er4_m252_s0,428.0,genpce_es,0,1310,0.735981308411215
er4,252,9,er4_m252_s0,428.0,genpce_es,0,1360,0.735981308411215
er4,252,9,er4_m252_s0,428.0,genpce_es,0,1410,0.735981308411215
er4,252,9,er4_m252_s0,428.0,genpce_es,0,1460,0.735981308411215
er4,252,9,er4_m252_s0,428.0,genpce_es,0,1510,0.735981308411215
er4,252,9,er4_m252_s0,428.0,genpce_es,0,1560,0.735981308411215
er4,252,9,er4_m252_s0,428.0,genpce_es,0,1610,0.735981308411215
er4,252,9,er4_m252_s0,428.0,genpce_es,0,1660,0.735981308411215
er4,252,9,er4_m252_s0,428.0,genpce_es,0,1710,0.735981308411215
er4,252,9,er4_m252_s0,428.0,genpce_es,0,1760,0.735981308411215
er4,252,9,er4_m252_s0,428.0,genpce_es,0,1810,0.735981308411215
er4,252,9,er4_m252_s0,428.0,genpce_es,0,1860,0.735981308411215
er4,252,9,er4_m252_s0,428.0,genpce_es,0,1910,0.735981308411215
er4,252,9,er4_m252_s0,428.0,genpce_es,0,1960,0.735981308411215
er4,252,9,er4_m252_s0,428.0,genpce_es,0,2010,0.735981308411215
er4,252,9,er4_m252_s0,428.0,genpce_es,0,2060,0.735981308411215
er4,252,9,er4_m252_s0,428.0,genpce_es,0,2110,0.735981308411215
er4,252,9,er4_m252_s0,428.0,genpce_es,0,2160,0.7383177570093458
er4,252,9,er4_m252_s0,428.0,genpce_es,0,2210,0.7383177570093458
er4,252,9,er4_m252_s0,428.0,genpce_es,0,2260,0.7383177570093458
er4,252,9,er4_m252_s0,428.0,genpce_es,0,2310,0.7383177570093458
er4,252,9,er4_m252_s0,428.0,genpce_es,0,2360,0.7383177570093458
er4,252,9,er4_m252_s0,428.0,genpce_es,0,2410,0.7383177570093458
er4,252,9,er4_m252_s0,428.0,genpce_es,0,2460,0.7383177570093458
er4,252,9,er4_m252_s0,428.0,genpce_es,0,2510,0.7383177570093458
er4,252,9,er4_m252_s0,428.0,genpce_es,0,2560,0.7383177570093458
er4,252,9,er4_m252_s0,428.0,genpce_es,0,2610,0.7383177570093458
er4,252,9,er4_m252_s0,428.0,genpce_es,0,2660,0.7383177570093458
er4,252,9,er4_m252_s0,428.0,genpce_es,0,2710,0.7383177570093458
er4,252,9,er4_m252_s0,428.0,genpce_es,0,2760,0.7406542056074766
er4,252,9,er4_m252_s0,428.0,genpce_es,0,2810,0.7406542056074766
er4,252,9,er4_m252_s0,428.0,genpce_es,0,2860,0.7406542056074766
er4,252,9,er4_m252_s0,428.0,genpce_es,0,2910,0.7406542056074766
er4,252,9,er4_m252_s0,428.0,genpce_es,0,2960,0.7406542056074766
er4,252,9,er4_m252_s0,428.0,genpce_es,0,3010,0.7406542056074766
er4,252,9,er4_m252_s0,428.0,genpce_es,0,3060,0.7406542056074766
er4,252,9,er4_m252_s0,428.0,genpce_es,0,3110,0.7406542056074766
er4,252,9,er4_m252_s0,428.0,genpce_es,0,3160,0.7406542056074766
er4,252,9,er4_m252_s0,428.0,genpce_es,0,3210,0.7406542056074766
er4,252,9,er4_m252_s0,428.0,genpce_es,0,3260,0.7406542056074766
er4,252,9,er4_m252_s0,428.0,genpce_es,0,3310,0.7406542056074766
er4,252,9,er4_m252_s0,428.0,genpce_es,0,3360,0.7406542056074766
er4,252,9,er4_m252_s0,428.0,genpce_es,0,3410,0.7406542056074766
er4,252,9,er4_m252_s0,428.0,genpce_es,0,3460,0.7406542056074766
er4,252,9,er4_m252_s0,428.0,genpce_es,0,3510,0.7406542056074766
er4,252,9,er4_m252_s0,428.0,genpce_es,0,3560,0.7406542056074766
er4,252,9,er4_m252_s0,428.0,genpce_es,0,3610,0.7406542056074766
er4,252,9,er4_m252_s0,428.0,genpce_es,0,3660,0.7406542056074766
er4,252,9,er4_m252_s0,428.0,genpce_es,0,3710,0.7406542056074766
er4,252,9,er4_m252_s0,428.0,genpce_es,0,3760,0.7406542056074766
er4,252,9,er4_m252_s0,428.0,genpce_es,0,3810,0.7406542056074766
er4,252,9,er4_m252_s0,428.0,genpce_es,0,3860,0.7406542056074766
er4,252,9,er4_m252_s0,428.0,genpce_es,0,3910,0.7406542056074766
er4,252,9,er4_m252_s0,428.0,genpce_es,0,3960,0.7406542056074766
er4,252,9,er4_m252_s0,428.0,genpce_es,0,4010,0.7406542056074766
er4,252,9,er4_m252_s0,428.0,genpce_es,0,4060,0.7406542056074766
er4,252,9,er4_m252_s0,428.0,genpce_es,0,4110,0.7406542056074766
er4,252,9,er4_m252_s0,428.0,genpce_es,0,4160,0.7406542056074766
er4,252,9,er4_m252_s0,428.0,genpce_es,0,4210,0.7429906542056075
er4,252,9,er4_m252_s0,428.0,genpce_es,0,4260,0.7429906542056075
er4,252,9,er4_m252_s0,428.0,genpce_es,0,4310,0.7429906542056075
er4,252,9,er4_m252_s0,428.0,genpce_es,0,4360,0.7429906542056075
er4,252,9,er4_m252_s0,428.0,genpce_es,0,4410,0.7429906542056075
er4,252,9,er4_m252_s0,428.0,genpce_es,0,4460,0.7429906542056075
er4,252,9,er4_m252_s0,428.0,genpce_es,0,4510,0.7429906542056075
er4,252,9,er4_m252_s0,428.0,genpce_es,0,4560,0.7429906542056075
er4,252,9,er4_m252_s0,428.0,genpce_es,0,4610,0.7429906542056075
er4,252,9,er4_m252_s0,428.0,genpce_es,0,4660,0.7429906542056075
er4,252,9,er4_m252_s0,428.0,genpce_es,0,4710,0.7429906542056075
er4,252,9,er4_m252_s0,428.0,genpce_es,0,4760,0.7429906542056075
er4,252,9,er4_m252_s0,428.0,genpce_es,0,4810,0.7429906542056075
er4,252,9,er4_m252_s0,428.0,genpce_es,0,4860,0.7429906542056075
er4,252,9,er4_m252_s0,428.0,genpce_es,0,4910,0.7429906542056075
er4,252,9,er4_m252_s0,428.0,genpce_es,0,4960,0.7429906542056075
er4,252,9,er4_m252_s0,428.0,genpce_es,0,5010,0.7429906542056075
er4,252,9,er4_m252_s0,428.0,genpce_es,0,5060,0.7429906542056075
er4,252,9,er4_m252_s0,428.0,genpce_es,0,5110,0.7429906542056075
er4,252,9,er4_m252_s0,428.0,genpce_es,0,5160,0.7429906542056075
er4,252,9,er4_m252_s0,428.0,genpce_es,0,5210,0.7429906542056075
er4,252,9,er4_m252_s0,428.0,genpce_es,0,5260,0.7429906542056075
er4,252,9,er4_m252_s0,428.0,genpce_es,0,5310,0.7429906542056075
er4,252,9,er4_m252_s0,428.0,genpce_es,0,5360,0.7429906542056075
er4,252,9,er4_m252_s0,428.0,genpce_es,0,5410,0.7429906542056075
er4,252,9,er4_m252_s0,428.0,genpce_es,0,5460,0.7429906542056075
er4,252,9,er4_m252_s0,428.0,genpce_es,0,5510,0.7429906542056075
er4,252,9,er4_m252_s0,428.0,genpce_es,0,5560,0.7429906542056075
er4,252,9,er4_m252_s0,428.0,genpce_es,0,5610,0.7429906542056075
er4,252,9,er4_m252_s0,428.0,genpce_es,0,5660,0.7476635514018691
er4,252,9,er4_m252_s0,428.0,genpce_es,0,5710,0.7476635514018691
er4,252,9,er4_m252_s0,428.0,genpce_es,0,5760,0.7476635514018691
er4,252,9,er4_m252_s0,428.0,genpce_es,0,5810,0.7476635514018691
er4,252,9,er4_m252_s0,428.0,genpce_es,0,5860,0.7476635514018691
er4,252,9,er4_m252_s0,428.0,genpce_es,0,5910,0.75
er4,252,9,er4_m252_s0,428.0,genpce_es,0,5960,0.75
er4,252,9,er4_m252_s0,428.0,genpce_es,0,6010,0.75
er4,252,9,er4_m252_s0,428.0,genpce_es,0,6060,0.75
er4,252,9,er4_m252_s0,428.0,genpce_es,0,6110,0.75
er4,252,9,er4_m252_s0,428.0,genpce_es,0,6160,0.75
er4,252,9,er4_m252_s0,428.0,genpce_es,0,6210,0.75
er4,252,9,er4_m252_s0,428.0,genpce_es,0,6260,0.75
er4,252,9,er4_m252_s0,428.0,genpce_es,0,6310,0.75
er4,252,9,er4_m252_s0,428.0,genpce_es,0,6360,0.75
er4,252,9,er4_m252_s0,428.0,genpce_es,0,6410,0.75
er4,252,9,er4_m252_s0,428.0,genpce_es,0,6460,0.75
er4,252,9,er4_m252_s0,428.0,genpce_es,0,6510,0.75
er4,252,9,er4_m252_s0,428.0,genpce_es,0,6560,0.75
er4,252,9,er4_m252_s0,428.0,genpce_es,0,6610,0.75
er4,252,9,er4_m252_s0,428.0,genpce_es,0,6660,0.75
er4,252,9,er4_m252_s0,428.0,genpce_es,0,6710,0.75
er4,252,9,er4_m252_s0,428.0,genpce_es,0,6760,0.75
er4,252,9,er4_m252_s0,428.0,genpce_es,0,6810,0.75
er4,252,9,er4_m252_s0,428.0,genpce_es,0,6860,0.75
er4,252,9,er4_m252_s0,428.0,genpce_es,0,6910,0.75
er4,252,9,er4_m252_s0,428.0,genpce_es,0,6960,0.75
er4,252,9,er4_m252_s0,428.0,genpce_es,0,7010,0.75
er4,252,9,er4_m252_s0,428.0,genpce_es,0,7060,0.75
er4,252,9,er4_m252_s0,428.0,genpce_es,0,7110,0.7523364485981309
er4,252,9,er4_m252_s0,428.0,genpce_es,0,7160,0.7523364485981309
er4,252,9,er4_m252_s0,428.0,genpce_es,0,7210,0.7523364485981309
er4,252,9,er4_m252_s0,428.0,genpce_es,0,7260,0.7523364485981309
er4,252,9,er4_m252_s0,428.0,genpce_es,0,7310,0.7523364485981309
er4,252,9,er4_m252_s0,428.0,genpce_es,0,7360,0.7523364485981309
er4,252,9,er4_m252_s0,428.0,genpce_es,0,7410,0.7523364485981309
er4,252,9,er4_m252_s0,428.0,genpce_es,0,7460,0.7523364485981309
er4,252,9,er4_m252_s0,428.0,genpce_es,0,7510,0.7523364485981309
er4,252,9,er4_m252_s0,428.0,genpce_es,0,7560,0.7523364485981309
er4,252,9,er4_m252_s0,428.0,genpce_es,0,7610,0.7523364485981309
er4,252,9,er4_m252_s0,428.0,genpce_es,0,7660,0.7523364485981309
er4,252,9,er4_m252_s0,428.0,genpce_es,0,7710,0.7523364485981309
er4,252,9,er4_m252_s0,428.0,genpce_es,0,7760,0.7523364485981309
er4,252,9,er4_m252_s0,428.0,genpce_es,0,7810,0.7523364485981309
er4,252,9,er4_m252_s0,428.0,genpce_es,0,7860,0.7523364485981309
er4,252,9,er4_m252_s0,428.0,genpce_es,0,7910,0.7523364485981309
er4,252,9,er4_m252_s0,428.0,genpce_es,0,7960,0.7523364485981309
er4,252,9,er4_m252_s0,428.0,genpce_es,0,8010,0.7523364485981309
er4,252,9,er4_m252_s0,428.0,genpce_es,0,8060,0.7523364485981309
er4,252,9,er4_m252_s0,428.0,genpce_es,0,8110,0.7523364485981309
er4,252,9,er4_m252_s0,428.0,genpce_es,0,8160,0.7523364485981309
er4,252,9,er4_m252_s0,428.0,genpce_es,0,8210,0.7523364485981309
er4,252,9,er4_m252_s0,428.0,genpce_es,0,8260,0.7523364485981309
er4,252,9,er4_m252_s0,428.0,genpce_es,0,8310,0.7523364485981309
er4,252,9,er4_m252_s0,428.0,genpce_es,0,8360,0.7523364485981309
er4,252,9,er4_m252_s0,428.0,genpce_es,0,8410,0.7523364485981309
er4,252,9,er4_m252_s0,428.0,genpce_es,0,8460,0.7523364485981309
er4,252,9,er4_m252_s0,428.0,genpce_es,0,8510,0.7523364485981309
er4,252,9,er4_m252_s0,428.0,genpce_es,0,8560,0.7523364485981309
er4,252,9,er4_m252_s0,428.0,genpce_es,0,8610,0.7523364485981309
er4,252,9,er4_m252_s0,428.0,genpce_es,0,8660,0.7523364485981309
er4,252,9,er4_m252_s0,428.0,genpce_es,0,8710,0.7523364485981309
er4,252,9,er4_m252_s0,428.0,genpce_es,0,8760,0.7523364485981309
er4,252,9,er4_m252_s0,428.0,genpce_es,0,8810,0.7523364485981309
er4,252,9,er4_m252_s0,428.0,genpce_es,0,8860,0.7523364485981309
er4,252,9,er4_m252_s0,428.0,genpce_es,0,8910,0.7523364485981309
er4,252,9,er4_m252_s0,428.0,genpce_es,0,8960,0.7523364485981309
er4,252,9,er4_m252_s0,428.0,genpce_es,0,9010,0.7523364485981309
er4,252,9,er4_m252_s0,428.0,genpce_es,0,9060,0.7523364485981309
er4,252,9,er4_m252_s0,428.0,genpce_es,0,9110,0.7523364485981309
er4,252,9,er4_m252_s0,428.0,genpce_es,0,9160,0.7523364485981309
er4,252,9,er4_m252_s0,428.0,genpce_es,0,9210,0.7523364485981309
er4,252,9,er4_m252_s0,428.0,genpce_es,0,9260,0.7523364485981309
er4,252,9,er4_m252_s0,428.0,genpce_es,0,9310,0.7523364485981309
er4,252,9,er4_m252_s0,428.0,genpce_es,0,9360,0.7523364485981309
er4,252,9,er4_m252_s0,428.0,genpce_es,0,9410,0.7523364485981309
er4,252,9,er4_m252_s0,428.0,genpce_es,0,9460,0.7523364485981309
er4,252,9,er4_m252_s0,428.0,genpce_es,0,9510,0.7523364485981309
er4,252,9,er4_m252_s0,428.0,genpce_es,0,9560,0.7523364485981309
er4,252,9,er4_m252_s0,428.0,genpce_es,0,9610,0.7523364485981309
er4,252,9,er4_m252_s0,428.0,genpce_es,0,9660,0.7523364485981309
er4,252,9,er4_m252_s0,428.0,genpce_es,0,9710,0.7523364485981309
er4,252,9,er4_m252_s0,428.0,genpce_es,0,9760,0.7523364485981309
er4,252,9,er4_m252_s0,428.0,genpce_es,0,9810,0.7523364485981309
er4,252,9,er4_m252_s0,428.0,genpce_es,0,9860,0.7523364485981309
er4,252,9,er4_m252_s0,428.0,genpce_es,0,9910,0.7523364485981309
er4,252,9,er4_m252_s0,428.0,genpce_es,0,9960,0.7523364485981309
er4,252,9,er4_m252_s0,428.0,genpce_es,0,10010,0.7523364485981309
er4,252,9,er4_m252_s0,428.0,genpce_es,0,10060,0.7523364485981309
er4,252,9,er4_m252_s0,428.0,genpce_es,0,10110,0.7523364485981309
er4,252,9,er4_m252_s0,428.0,genpce_es,0,10160,0.7523364485981309
er4,252,9,er4_m252_s0,428.0,genpce_es,0,10210,0.7523364485981309
er4,252,9,er4_m252_s0,428.0,genpce_es,0,10260,0.7523364485981309
er4,252,9,er4_m252_s0,428.0,genpce_es,0,10310,0.7523364485981309
er4,252,9,er4_m252_s0,428.0,genpce_es,0,10360,0.7523364485981309
er4,252,9,er4_m252_s0,428.0,genpce_es,0,10410,0.7523364485981309
er4,252,9,er4_m252_s0,428.0,genpce_es,0,10460,0.7523364485981309
er4,252,9,er4_m252_s0,428.0,genpce_es,0,10510,0.7523364485981309
er4,252,9,er4_m252_s0,428.0,genpce_es,0,10560,0.7523364485981309
er4,252,9,er4_m252_s0,428.0,genpce_es,0,10610,0.7523364485981309
er4,252,9,er4_m252_s0,428.0,genpce_es,0,10660,0.7523364485981309
er4,252,9,er4_m252_s0,428.0,genpce_es,0,10710,0.7523364485981309
er4,252,9,er4_m252_s0,428.0,genpce_es,0,10760,0.7523364485981309
er4,252,9,er4_m252_s0,428.0,genpce_es,0,10810,0.7523364485981309
er4,252,9,er4_m252_s0,428.0,genpce_es,0,10860,0.7523364485981309
er4,252,9,er4_m252_s0,428.0,genpce_es,0,10910,0.7523364485981309
er4,252,9,er4_m252_s0,428.0,genpce_es,0,10960,0.7523364485981309
er4,252,9,er4_m252_s0,428.0,genpce_es,0,11010,0.7523364485981309
er4,252,9,er4_m252_s0,428.0,genpce_es,0,11060,0.7523364485981309
er4,252,9,er4_m252_s0,428.0,genpce_es,0,11110,0.7523364485981309
er4,252,9,er4_m252_s0,428.0,genpce_es,0,11160,0.7523364485981309
er4,252,9,er4_m252_s0,428.0,genpce_es,0,11210,0.7523364485981309
er4,252,9,er4_m252_s0,428.0,genpce_es,0,11260,0.7523364485981309
er4,252,9,er4_m252_s0,428.0,genpce_es,0,11310,0.7523364485981309
er4,252,9,er4_m252_s0,428.0,genpce_es,0,11360,0.7523364485981309
er4,252,9,er4_m252_s0,428.0,genpce_es,0,11410,0.7523364485981309
er4,252,9,er4_m252_s0,428.0,genpce_es,0,11460,0.7523364485981309
er4,252,9,er4_m252_s0,428.0,genpce_es,0,11510,0.7523364485981309
er4,252,9,er4_m252_s0,428.0,genpce_es,0,11560,0.7523364485981309
er4,252,9,er4_m252_s0,428.0,genpce_es,0,11610,0.7523364485981309
er4,252,9,er4_m252_s0,428.0,genpce_es,0,11660,0.7523364485981309
er4,252,9,er4_m252_s0,428.0,genpce_es,0,11710,0.7523364485981309
er4,252,9,er4_m252_s0,428.0,genpce_es,0,11760,0.7523364485981309
er4,252,9,er4_m252_s0,428.0,genpce_es,0,11810,0.7523364485981309
er4,252,9,er4_m252_s0,428.0,genpce_es,0,11860,0.7523364485981309
er4,252,9,er4_m252_s0,428.0,genpce_es,0,11910,0.7523364485981309
er4,252,9,er4_m252_s0,428.0,genpce_es,0,11960,0.7523364485981309
er4,252,9,er4_m252_s0,428.0,genpce_es,0,12010,0.7523364485981309
er4,252,9,er4_m252_s0,428.0,genpce_es,0,12060,0.7523364485981309
er4,252,9,er4_m252_s0,428.0,genpce_es,0,12110,0.7523364485981309
er4,252,9,er4_m252_s0,428.0,genpce_es,0,12160,0.7523364485981309
er4,252,9,er4_m252_s0,428.0,genpce_es,0,12210,0.7523364485981309
er4,252,9,er4_m252_s0,428.0,genpce_es,0,12260,0.7523364485981309
er4,252,9,er4_m252_s0,428.0,genpce_es,0,12310,0.7523364485981309
er4,252,9,er4_m252_s0,428.0,genpce_es,0,12360,0.7523364485981309
er4,252,9,er4_m252_s0,428.0,genpce_es,0,12410,0.7523364485981309
er4,252,9,er4_m252_s0,428.0,genpce_es,0,12460,0.7523364485981309
er4,252,9,er4_m252_s0,428.0,genpce_es,0,12510,0.7523364485981309
er4,252,9,er4_m252_s0,428.0,genpce_es,0,12560,0.7523364485981309
er4,252,9,er4_m252_s0,428.0,genpce_es,0,12610,0.7523364485981309
er4,252,9,er4_m252_s0,428.0,genpce_es,0,12660,0.7523364485981309
er4,252,9,er4_m252_s0,428.0,genpce_es,0,12710,0.7546728971962616
er4,252,9,er4_m252_s0,428.0,genpce_es,0,12760,0.7546728971962616
er4,252,9,er4_m252_s0,428.0,genpce_es,0,12810,0.7546728971962616
er4,252,9,er4_m252_s0,428.0,genpce_es,0,12860,0.7546728971962616
er4,252,9,er4_m252_s0,428.0,genpce_es,0,12910,0.7546728971962616
er4,252,9,er4_m252_s0,428.0,genpce_es,0,12960,0.7546728971962616
er4,252,9,er4_m252_s0,428.0,genpce_es,0,13010,0.7546728971962616
er4,252,9,er4_m252_s0,428.0,genpce_es,0,13060,0.7546728971962616
er4,252,9,er4_m252_s0,428.0,genpce_es,0,13110,0.7546728971962616
er4,252,9,er4_m252_s0,428.0,genpce_es,0,13160,0.7546728971962616
er4,252,9,er4_m252_s0,428.0,genpce_es,0,13210,0.7546728971962616
er4,252,9,er4_m252_s0,428.0,genpce_es,0,13260,0.7546728971962616
er4,252,9,er4_m252_s0,428.0,genpce_es,0,13310,0.7546728971962616
er4,252,9,er4_m252_s0,428.0,genpce_es,0,13360,0.7546728971962616
er4,252,9,er4_m252_s0,428.0,genpce_es,0,13410,0.7546728971962616
er4,252,9,er4_m252_s0,428.0,genpce_es,0,13460,0.7546728971962616
er4,252,9,er4_m252_s0,428.0,genpce_es,0,13510,0.7546728971962616
er4,252,9,er4_m252_s0,428.0,genpce_es,0,13560,0.7546728971962616
er4,252,9,er4_m252_s0,428.0,genpce_es,0,13610,0.7546728971962616
er4,252,9,er4_m252_s0,428.0,genpce_es,0,13660,0.7546728971962616
er4,252,9,er4_m252_s0,428.0,genpce_es,0,13710,0.7546728971962616
er4,252,9,er4_m252_s0,428.0,genpce_es,0,13760,0.7546728971962616
er4,252,9,er4_m252_s0,428.0,genpce_es,0,13810,0.7546728971962616
er4,252,9,er4_m252_s0,428.0,genpce_es,0,13860,0.7546728971962616
er4,252,9,er4_m252_s0,428.0,genpce_es,0,13910,0.7546728971962616
er4,252,9,er4_m252_s0,428.0,genpce_es,0,13960,0.7546728971962616
er4,252,9,er4_m252_s0,428.0,genpce_es,0,14010,0.7546728971962616
er4,252,9,er4_m252_s0,428.0,genpce_es,0,14060,0.7546728971962616
er4,252,9,er4_m252_s0,428.0,genpce_es,0,14110,0.7546728971962616
er4,252,9,er4_m252_s0,428.0,genpce_es,0,14160,0.7546728971962616
er4,252,9,er4_m252_s0,428.0,genpce_es,0,14210,0.7546728971962616
er4,252,9,er4_m252_s0,428.0,genpce_es,0,14260,0.7546728971962616
er4,252,9,er4_m252_s0,428.0,genpce_es,0,14310,0.7546728971962616
er4,252,9,er4_m252_s0,428.0,genpce_es,0,14360,0.7546728971962616
er4,252,9,er4_m252_s0,428.0,genpce_es,0,14410,0.7546728971962616
er4,252,9,er4_m252_s0,428.0,genpce_es,0,14460,0.7546728971962616
er4,252,9,er4_m252_s0,428.0,genpce_es,0,14510,0.7546728971962616
er4,252,9,er4_m252_s0,428.0,genpce_es,0,14560,0.7546728971962616
er4,252,9,er4_m252_s0,428.0,genpce_es,0,14610,0.7546728971962616
er4,252,9,er4_m252_s0,428.0,genpce_es,0,14660,0.7593457943925234
er4,252,9,er4_m252_s0,428.0,genpce_es,0,14710,0.7593457943925234
er4,252,9,er4_m252_s0,428.0,genpce_es,0,14760,0.7593457943925234
er4,252,9,er4_m252_s0,428.0,genpce_es,0,14810,0.7593457943925234
er4,252,9,er4_m252_s0,428.0,genpce_es,0,14860,0.7593457943925234
er4,252,9,er4_m252_s0,428.0,genpce_es,0,14910,0.7593457943925234
er4,252,9,er4_m252_s0,428.0,genpce_es,0,14960,0.7593457943925234
er4,252,9,er4_m252_s0,428.0,genpce_es,0,15010,0.7593457943925234
er4,252,9,er4_m252_s0,428.0,genpce_es,0,15060,0.7593457943925234
er4,252,9,er4_m252_s0,428.0,genpce_es,0,15110,0.7593457943925234
er4,252,9,er4_m252_s0,428.0,genpce_es,0,15160,0.7593457943925234
er4,252,9,er4_m252_s0,428.0,genpce_es,0,15210,0.7593457943925234
er4,252,9,er4_m252_s0,428.0,genpce_es,0,15260,0.7593457943925234
er4,252,9,er4_m252_s0,428.0,genpce_es,0,15310,0.7593457943925234
er4,252,9,er4_m252_s0,428.0,genpce_es,0,15360,0.7593457943925234
er4,252,9,er4_m252_s0,428.0,genpce_es,0,15410,0.7593457943925234
er4,252,9,er4_m252_s0,428.0,genpce_es,0,15460,0.7593457943925234
er4,252,9,er4_m252_s0,428.0,genpce_es,0,15510,0.7593457943925234
er4,252,9,er4_m252_s0,428.0,genpce_es,0,15560,0.7593457943925234
er4,252,9,er4_m252_s0,428.0,genpce_es,0,15610,0.7593457943925234
er4,252,9,er4_m252_s0,428.0,genpce_es,0,15660,0.7593457943925234
er4,252,9,er4_m252_s0,428.0,genpce_es,0,15710,0.7593457943925234
er4,252,9,er4_m252_s0,428.0,genpce_es,0,15760,0.7593457943925234
er4,252,9,er4_m252_s0,428.0,genpce_es,0,15810,0.7593457943925234
er4,252,9,er4_m252_s0,428.0,genpce_es,0,15860,0.7593457943925234
er4,252,9,er4_m252_s0,428.0,genpce_es,0,15910,0.7593457943925234
er4,252,9,er4_m252_s0,428.0,genpce_es,0,15960,0.7593457943925234
er4,252,9,er4_m252_s0,428.0,genpce_es,0,16010,0.7593457943925234
er4,252,9,er4_m252_s0,428.0,genpce_es,0,16060,0.7593457943925234
er4,252,9,er4_m252_s0,428.0,genpce_es,0,16110,0.7593457943925234
er4,252,9,er4_m252_s0,428.0,genpce_es,0,16160,0.7593457943925234
er4,252,9,er4_m252_s0,428.0,genpce_es,0,16210,0.7593457943925234
er4,252,9,er4_m252_s0,428.0,genpce_es,0,16260,0.7593457943925234
er4,252,9,er4_m252_s0,428.0,genpce_es,0,16310,0.7593457943925234
er4,252,9,er4_m252_s0,428.0,genpce_es,0,16360,0.7593457943925234
er4,252,9,er4_m252_s0,428.0,genpce_es,0,16410,0.7593457943925234
er4,252,9,er4_m252_s0,428.0,genpce_es,0,16460,0.7593457943925234
er4,252,9,er4_m252_s0,428.0,genpce_es,0,16510,0.7593457943925234
er4,252,9,er4_m252_s0,428.0,genpce_es,0,16560,0.7593457943925234
er4,252,9,er4_m252_s0,428.0,genpce_es,0,16610,0.7593457943925234
er4,252,9,er4_m252_s0,428.0,genpce_es,0,16660,0.7593457943925234
er4,252,9,er4_m252_s0,428.0,genpce_es,0,16710,0.7593457943925234
er4,252,9,er4_m252_s0,428.0,genpce_es,0,16760,0.7593457943925234
er4,252,9,er4_m252_s0,428.0,genpce_es,0,16810,0.7593457943925234
er4,252,9,er4_m252_s0,428.0,genpce_es,0,16860,0.7593457943925234
er4,252,9,er4_m252_s0,428.0,genpce_es,0,16910,0.7593457943925234
er4,252,9,er4_m252_s0,428.0,genpce_es,0,16960,0.7593457943925234
er4,252,9,er4_m252_s0,428.0,genpce_es,0,17010,0.7593457943925234
er4,252,9,er4_m252_s0,428.0,genpce_es,0,17060,0.7593457943925234
er4,252,9,er4_m252_s0,428.0,genpce_es,0,17110,0.7593457943925234
er4,252,9,er4_m252_s0,428.0,genpce_es,0,17160,0.7593457943925234
er4,252,9,er4_m252_s0,428.0,genpce_es,0,17210,0.7593457943925234
er4,252,9,er4_m252_s0,428.0,genpce_es,0,17260,0.7593457943925234
er4,252,9,er4_m252_s0,428.0,genpce_es,0,17310,0.7593457943925234
er4,252,9,er4_m252_s0,428.0,genpce_es,0,17360,0.7593457943925234
er4,252,9,er4_m252_s0,428.0,genpce_es,0,17410,0.7593457943925234
er4,252,9,er4_m252_s0,428.0,genpce_es,0,17460,0.7593457943925234
er4,252,9,er4_m252_s0,428.0,genpce_es,0,17510,0.7593457943925234
er4,252,9,er4_m252_s0,428.0,genpce_es,0,17560,0.7593457943925234
er4,252,9,er4_m252_s0,428.0,genpce_es,0,17610,0.7593457943925234
er4,252,9,er4_m252_s0,428.0,genpce_es,0,17660,0.7593457943925234
er4,252,9,er4_m252_s0,428.0,genpce_es,0,17710,0.7593457943925234
er4,252,9,er4_m252_s0,428.0,genpce_es,0,17760,0.7593457943925234
er4,252,9,er4_m252_s0,428.0,genpce_es,0,17810,0.7593457943925234
er4,252,9,er4_m252_s0,428.0,genpce_es,0,17860,0.7593457943925234
er4,252,9,er4_m252_s0,428.0,genpce_es,0,17910,0.7593457943925234
er4,252,9,er4_m252_s0,428.0,genpce_es,0,17960,0.7593457943925234
er4,252,9,er4_m252_s0,428.0,genpce_es,0,18010,0.7593457943925234
er4,252,9,er4_m252_s0,428.0,genpce_es,0,18060,0.7593457943925234
er4,252,9,er4_m252_s0,428.0,genpce_es,0,18110,0.7593457943925234
er4,252,9,er4_m252_s0,428.0,genpce_es,0,18160,0.7593457943925234
er4,252,9,er4_m252_s0,428.0,genpce_es,0,18210,0.7593457943925234
er4,252,9,er4_m252_s0,428.0,genpce_es,0,18260,0.7593457943925234
er4,252,9,er4_m252_s0,428.0,genpce_es,0,18310,0.7593457943925234
er4,252,9,er4_m252_s0,428.0,genpce_es,0,18360,0.7593457943925234
er4,252,9,er4_m252_s0,428.0,genpce_es,0,18410,0.7593457943925234
er4,252,9,er4_m252_s0,428.0,genpce_es,0,18460,0.7593457943925234
er4,252,9,er4_m252_s0,428.0,genpce_es,0,18510,0.7593457943925234
er4,252,9,er4_m252_s0,428.0,genpce_es,0,18560,0.7593457943925234
er4,252,9,er4_m252_s0,428.0,genpce_es,0,18610,0.7593457943925234
er4,252,9,er4_m252_s0,428.0,genpce_es,0,18660,0.7593457943925234
er4,252,9,er4_m252_s0,428.0,genpce_es,0,18710,0.7593457943925234
er4,252,9,er4_m252_s0,428.0,genpce_es,0,18760,0.7593457943925234
er4,252,9,er4_m252_s0,428.0,genpce_es,0,18810,0.7593457943925234
er4,252,9,er4_m252_s0,428.0,genpce_es,0,18860,0.7593457943925234
er4,252,9,er4_m252_s0,428.0,genpce_es,0,18910,0.7593457943925234
er4,252,9,er4_m252_s0,428.0,genpce_es,0,18960,0.7593457943925234
er4,252,9,er4_m252_s0,428.0,genpce_es,0,19010,0.7593457943925234
er4,252,9,er4_m252_s0,428.0,genpce_es,0,19060,0.7593457943925234
er4,252,9,er4_m252_s0,428.0,genpce_es,0,19110,0.7593457943925234
er4,252,9,er4_m252_s0,428.0,genpce_es,0,19160,0.7593457943925234
er4,252,9,er4_m252_s0,428.0,genpce_es,0,19210,0.7593457943925234
er4,252,9,er4_m252_s0,428.0,genpce_es,0,19260,0.7593457943925234
er4,252,9,er4_m252_s0,428.0,genpce_es,0,19310,0.7593457943925234
er4,252,9,er4_m252_s0,428.0,genpce_es,0,19360,0.7593457943925234
er4,252,9,er4_m252_s0,428.0,genpce_es,0,19410,0.7593457943925234
er4,252,9,er4_m252_s0,428.0,genpce_es,0,19460,0.7593457943925234
er4,252,9,er4_m252_s0,428.0,genpce_es,0,19510,0.7593457943925234
er4,252,9,er4_m252_s0,428.0,genpce_es,0,19560,0.7593457943925234
er4,252,9,er4_m252_s0,428.0,genpce_es,0,19610,0.7593457943925234
er4,252,9,er4_m252_s0,428.0,genpce_es,0,19660,0.7593457943925234
er4,252,9,er4_m252_s0,428.0,genpce_es,0,19710,0.7593457943925234
er4,252,9,er4_m252_s0,428.0,genpce_es,0,19760,0.7593457943925234
er4,252,9,er4_m252_s0,428.0,genpce_es,0,19810,0.7593457943925234
er4,252,9,er4_m252_s0,428.0,genpce_es,0,19860,0.7593457943925234
er4,252,9,er4_m252_s0,428.0,genpce_es,0,19910,0.7593457943925234
er4,252,9,er4_m252_s0,428.0,genpce_es,0,19960,0.7593457943925234
er4,252,9,er4_m252_s0,428.0,genpce_es,0,20010,0.7593457943925234
er4,252,9,er4_m252_s0,428.0,random,0,50,0.647196261682243
er4,252,9,er4_m252_s0,428.0,random,0,100,0.6635514018691588
er4,252,9,er4_m252_s0,428.0,random,0,150,0.6635514018691588
er4,252,9,er4_m252_s0,428.0,random,0,200,0.6635514018691588
er4,252,9,er4_m252_s0,428.0,random,0,250,0.6635514018691588
er4,252,9,er4_m252_s0,428.0,random,0,300,0.6635514018691588
er4,252,9,er4_m252_s0,428.0,random,0,350,0.6635514018691588
er4,252,9,er4_m252_s0,428.0,random,0,400,0.6635514018691588
er4,252,9,er4_m252_s0,428.0,random,0,450,0.6799065420560748
er4,252,9,er4_m252_s0,428.0,random,0,500,0.6799065420560748
er4,252,9,er4_m252_s0,428.0,random,0,550,0.6799065420560748
er4,252,9,er4_m252_s0,428.0,random,0,600,0.6799065420560748
er4,252,9,er4_m252_s0,428.0,random,0,650,0.6799065420560748
er4,252,9,er4_m252_s0,428.0,random,0,700,0.6799065420560748
er4,252,9,er4_m252_s0,428.0,random,0,750,0.6799065420560748
er4,252,9,er4_m252_s0,428.0,random,0,800,0.6799065420560748
er4,252,9,er4_m252_s0,428.0,random,0,850,0.6799065420560748
er4,252,9,er4_m252_s0,428.0,random,0,900,0.6799065420560748
er4,252,9,er4_m252_s0,428.0,random,0,950,0.6799065420560748
er4,252,9,er4_m252_s0,428.0,random,0,1000,0.6799065420560748
er4,252,9,er4_m252_s0,428.0,random,0,1050,0.6799065420560748
er4,252,9,er4_m252_s0,428.0,random,0,1100,0.6799065420560748
er4,252,9,er4_m252_s0,428.0,random,0,1150,0.6799065420560748
er4,252,9,er4_m252_s0,428.0,random,0,1200,0.6799065420560748
er4,252,9,er4_m252_s0,428.0,random,0,1250,0.6799065420560748
er4,252,9,er4_m252_s0,428.0,random,0,1300,0.6799065420560748
er4,252,9,er4_m252_s0,428.0,random,0,1350,0.6799065420560748
er4,252,9,er4_m252_s0,428.0,random,0,1400,0.6799065420560748
er4,252,9,er4_m252_s0,428.0,random,0,1450,0.6799065420560748
er4,252,9,er4_m252_s0,428.0,random,0,1500,0.6799065420560748
er4,252,9,er4_m252_s0,428.0,random,0,1550,0.6799065420560748
er4,252,9,er4_m252_s0,428.0,random,0,1600,0.6799065420560748
er4,252,9,er4_m252_s0,428.0,random,0,1650,0.6799065420560748
er4,252,9,er4_m252_s0,428.0,random,0,1700,0.6799065420560748
er4,252,9,er4_m252_s0,428.0,random,0,1750,0.6799065420560748
er4,252,9,er4_m252_s0,428.0,random,0,1800,0.6799065420560748
er4,252,9,er4_m252_s0,428.0,random,0,1850,0.6822429906542056
er4,252,9,er4_m252_s0,428.0,random,0,1900,0.6822429906542056
er4,252,9,er4_m252_s0,428.0,random,0,1950,0.6822429906542056
er4,252,9,er4_m252_s0,428.0,random,0,2000,0.6822429906542056
er4,252,9,er4_m252_s0,428.0,random,0,2050,0.6822429906542056
er4,252,9,er4_m252_s0,428.0,random,0,2100,0.6822429906542056
er4,252,9,er4_m252_s0,428.0,random,0,2150,0.6822429906542056
er4,252,9,er4_m252_s0,428.0,random,0,2200,0.6822429906542056
er4,252,9,er4_m252_s0,428.0,random,0,2250,0.6822429906542056
er4,252,9,er4_m252_s0,428.0,random,0,2300,0.6822429906542056
er4,252,9,er4_m252_s0,428.0,random,0,2350,0.6822429906542056
er4,252,9,er4_m252_s0,428.0,random,0,2400,0.6822429906542056
er4,252,9,er4_m252_s0,428.0,random,0,2450,0.6822429906542056
er4,252,9,er4_m252_s0,428.0,random,0,2500,0.6822429906542056
er4,252,9,er4_m252_s0,428.0,random,0,2550,0.6822429906542056
er4,252,9,er4_m252_s0,428.0,random,0,2600,0.6822429906542056
er4,252,9,er4_m252_s0,428.0,random,0,2650,0.6822429906542056
er4,252,9,er4_m252_s0,428.0,random,0,2700,0.6822429906542056
er4,252,9,er4_m252_s0,428.0,random,0,2750,0.6822429906542056
er4,252,9,er4_m252_s0,428.0,random,0,2800,0.6822429906542056
er4,252,9,er4_m252_s0,428.0,random,0,2850,0.6822429906542056
er4,252,9,er4_m252_s0,428.0,random,0,2900,0.6822429906542056
er4,252,9,er4_m252_s0,428.0,random,0,2950,0.6822429906542056
er4,252,9,er4_m252_s0,428.0,random,0,3000,0.6822429906542056
er4,252,9,er4_m252_s0,428.0,random,0,3050,0.6822429906542056
er4,252,9,er4_m252_s0,428.0,random,0,3100,0.6822429906542056
er4,252,9,er4_m252_s0,428.0,random,0,3150,0.6822429906542056
er4,252,9,er4_m252_s0,428.0,random,0,3200,0.6822429906542056
er4,252,9,er4_m252_s0,428.0,random,0,3250,0.6822429906542056
er4,252,9,er4_m252_s0,428.0,random,0,3300,0.6822429906542056
er4,252,9,er4_m252_s0,428.0,random,0,3350,0.6822429906542056
er4,252,9,er4_m252_s0,428.0,random,0,3400,0.6822429906542056
er4,252,9,er4_m252_s0,428.0,random,0,3450,0.6822429906542056
er4,252,9,er4_m252_s0,428.0,random,0,3500,0.6845794392523364
er4,252,9,er4_m252_s0,428.0,random,0,3550,0.6845794392523364
er4,252,9,er4_m252_s0,428.0,random,0,3600,0.6845794392523364
er4,252,9,er4_m252_s0,428.0,random,0,3650,0.6845794392523364
er4,252,9,er4_m252_s0,428.0,random,0,3700,0.6845794392523364
er4,252,9,er4_m252_s0,428.0,random,0,3750,0.6845794392523364
er4,252,9,er4_m252_s0,428.0,random,0,3800,0.6845794392523364
er4,252,9,er4_m252_s0,428.0,random,0,3850,0.6845794392523364
er4,252,9,er4_m252_s0,428.0,random,0,3900,0.6845794392523364
er4,252,9,er4_m252_s0,428.0,random,0,3950,0.6845794392523364
er4,252,9,er4_m252_s0,428.0,random,0,4000,0.6845794392523364
er4,252,9,er4_m252_s0,428.0,random,0,4050,0.6845794392523364
er4,252,9,er4_m252_s0,428.0,random,0,4100,0.6845794392523364
er4,252,9,er4_m252_s0,428.0,random,0,4150,0.6845794392523364
er4,252,9,er4_m252_s0,428.0,random,0,4200,0.6845794392523364
er4,252,9,er4_m252_s0,428.0,random,0,4250,0.6845794392523364
er4,252,9,er4_m252_s0,428.0,random,0,4300,0.6845794392523364
er4,252,9,er4_m252_s0,428.0,random,0,4350,0.6845794392523364
er4,252,9,er4_m252_s0,428.0,random,0,4400,0.6845794392523364
er4,252,9,er4_m252_s0,428.0,random,0,4450,0.6845794392523364
er4,252,9,er4_m252_s0,428.0,random,0,4500,0.6845794392523364
er4,252,9,er4_m252_s0,428.0,random,0,4550,0.6845794392523364
er4,252,9,er4_m252_s0,428.0,random,0,4600,0.6845794392523364
er4,252,9,er4_m252_s0,428.0,random,0,4650,0.6845794392523364
er4,252,9,er4_m252_s0,428.0,random,0,4700,0.6845794392523364
er4,252,9,er4_m252_s0,428.0,random,0,4750,0.6845794392523364
er4,252,9,er4_m252_s0,428.0,random,0,4800,0.6845794392523364
er4,252,9,er4_m252_s0,428.0,random,0,4850,0.6845794392523364
er4,252,9,er4_m252_s0,428.0,random,0,4900,0.6845794392523364
er4,252,9,er4_m252_s0,428.0,random,0,4950,0.6845794392523364
er4,252,9,er4_m252_s0,428.0,random,0,5000,0.6845794392523364
er4,252,9,er4_m252_s0,428.0,random,0,5050,0.6845794392523364
er4,252,9,er4_m252_s0,428.0,random,0,5100,0.6845794392523364
er4,252,9,er4_m252_s0,428.0,random,0,5150,0.6845794392523364
er4,252,9,er4_m252_s0,428.0,random,0,5200,0.6845794392523364
er4,252,9,er4_m252_s0,428.0,random,0,5250,0.6845794392523364
er4,252,9,er4_m252_s0,428.0,random,0,5300,0.6845794392523364
er4,252,9,er4_m252_s0,428.0,random,0,5350,0.6845794392523364
er4,252,9,er4_m252_s0,428.0,random,0,5400,0.6845794392523364
er4,252,9,er4_m252_s0,428.0,random,0,5450,0.6845794392523364
er4,252,9,er4_m252_s0,428.0,random,0,5500,0.6845794392523364
er4,252,9,er4_m252_s0,428.0,random,0,5550,0.6845794392523364
er4,252,9,er4_m252_s0,428.0,random,0,5600,0.6845794392523364
er4,252,9,er4_m252_s0,428.0,random,0,5650,0.6845794392523364
er4,252,9,er4_m252_s0,428.0,random,0,5700,0.6845794392523364
er4,252,9,er4_m252_s0,428.0,random,0,5750,0.6845794392523364
er4,252,9,er4_m252_s0,428.0,random,0,5800,0.6845794392523364
er4,252,9,er4_m252_s0,428.0,random,0,5850,0.6845794392523364
er4,252,9,er4_m252_s0,428.0,random,0,5900,0.6845794392523364
er4,252,9,er4_m252_s0,428.0,random,0,5950,0.6845794392523364
er4,252,9,er4_m252_s0,428.0,random,0,6000,0.6845794392523364
er4,252,9,er4_m252_s0,428.0,random,0,6050,0.6845794392523364
er4,252,9,er4_m252_s0,428.0,random,0,6100,0.6845794392523364
er4,252,9,er4_m252_s0,428.0,random,0,6150,0.6845794392523364
er4,252,9,er4_m252_s0,428.0,random,0,6200,0.6845794392523364
er4,252,9,er4_m252_s0,428.0,random,0,6250,0.6845794392523364
er4,252,9,er4_m252_s0,428.0,random,0,6300,0.6845794392523364
er4,252,9,er4_m252_s0,428.0,random,0,6350,0.6845794392523364
er4,252,9,er4_m252_s0,428.0,random,0,6400,0.6845794392523364
er4,252,9,er4_m252_s0,428.0,random,0,6450,0.6845794392523364
er4,252,9,er4_m252_s0,428.0,random,0,6500,0.6845794392523364
er4,252,9,er4_m252_s0,428.0,random,0,6550,0.6845794392523364
er4,252,9,er4_m252_s0,428.0,random,0,6600,0.6845794392523364
er4,252,9,er4_m252_s0,428.0,random,0,6650,0.6845794392523364
er4,252,9,er4_m252_s0,428.0,random,0,6700,0.6845794392523364
er4,252,9,er4_m252_s0,428.0,random,0,6750,0.6845794392523364
er4,252,9,er4_m252_s0,428.0,random,0,6800,0.6845794392523364
er4,252,9,er4_m252_s0,428.0,random,0,6850,0.6845794392523364
er4,252,9,er4_m252_s0,428.0,random,0,6900,0.6845794392523364
er4,252,9,er4_m252_s0,428.0,random,0,6950,0.6845794392523364
er4,252,9,er4_m252_s0,428.0,random,0,7000,0.6845794392523364
er4,252,9,er4_m252_s0,428.0,random,0,7050,0.6845794392523364
er4,252,9,er4_m252_s0,428.0,random,0,7100,0.6845794392523364
er4,252,9,er4_m252_s0,428.0,random,0,7150,0.6845794392523364
er4,252,9,er4_m252_s0,428.0,random,0,7200,0.6845794392523364
er4,252,9,er4_m252_s0,428.0,random,0,7250,0.6845794392523364
er4,252,9,er4_m252_s0,428.0,random,0,7300,0.6845794392523364
er4,252,9,er4_m252_s0,428.0,random,0,7350,0.6845794392523364
er4,252,9,er4_m252_s0,428.0,random,0,7400,0.6845794392523364
er4,252,9,er4_m252_s0,428.0,random,0,7450,0.6845794392523364
er4,252,9,er4_m252_s0,428.0,random,0,7500,0.6845794392523364
er4,252,9,er4_m252_s0,428.0,random,0,7550,0.6845794392523364
er4,252,9,er4_m252_s0,428.0,random,0,7600,0.6845794392523364
er4,252,9,er4_m252_s0,428.0,random,0,7650,0.6845794392523364
er4,252,9,er4_m252_s0,428.0,random,0,7700,0.6845794392523364
er4,252,9,er4_m252_s0,428.0,random,0,7750,0.6845794392523364
er4,252,9,er4_m252_s0,428.0,random,0,7800,0.6845794392523364
er4,252,9,er4_m252_s0,428.0,random,0,7850,0.6845794392523364
er4,252,9,er4_m252_s0,428.0,random,0,7900,0.6845794392523364
er4,252,9,er4_m252_s0,428.0,random,0,7950,0.6845794392523364
er4,252,9,er4_m252_s0,428.0,random,0,8000,0.6845794392523364
er4,252,9,er4_m252_s0,428.0,random,0,8050,0.6845794392523364
er4,252,9,er4_m252_s0,428.0,random,0,8100,0.6845794392523364
er4,252,9,er4_m252_s0,428.0,random,0,8150,0.6845794392523364
er4,252,9,er4_m252_s0,428.0,random,0,8200,0.6845794392523364
er4,252,9,er4_m252_s0,428.0,random,0,8250,0.6845794392523364
er4,252,9,er4_m252_s0,428.0,random,0,8300,0.6845794392523364
er4,252,9,er4_m252_s0,428.0,random,0,8350,0.6845794392523364
er4,252,9,er4_m252_s0,428.0,random,0,8400,0.6845794392523364
er4,252,9,er4_m252_s0,428.0,random,0,8450,0.6845794392523364
er4,252,9,er4_m252_s0,428.0,random,0,8500,0.6845794392523364
er4,252,9,er4_m252_s0,428.0,random,0,8550,0.6845794392523364
er4,252,9,er4_m252_s0,428.0,random,0,8600,0.6845794392523364
er4,252,9,er4_m252_s0,428.0,random,0,8650,0.6845794392523364
er4,252,9,er4_m252_s0,428.0,random,0,8700,0.6845794392523364
er4,252,9,er4_m252_s0,428.0,random,0,8750,0.6845794392523364
er4,252,9,er4_m252_s0,428.0,random,0,8800,0.6845794392523364
er4,252,9,er4_m252_s0,428.0,random,0,8850,0.6845794392523364
er4,252,9,er4_m252_s0,428.0,random,0,8900,0.6845794392523364
er4,252,9,er4_m252_s0,428.0,random,0,8950,0.6845794392523364
er4,252,9,er4_m252_s0,428.0,random,0,9000,0.6845794392523364
er4,252,9,er4_m252_s0,428.0,random,0,9050,0.6845794392523364
er4,252,9,er4_m252_s0,428.0,random,0,9100,0.6845794392523364
er4,252,9,er4_m252_s0,428.0,random,0,9150,0.6845794392523364
er4,252,9,er4_m252_s0,428.0,random,0,9200,0.6845794392523364
er4,252,9,er4_m252_s0,428.0,random,0,9250,0.6845794392523364
er4,252,9,er4_m252_s0,428.0,random,0,9300,0.6845794392523364
er4,252,9,er4_m252_s0,428.0,random,0,9350,0.6845794392523364
er4,252,9,er4_m252_s0,428.0,random,0,9400,0.6845794392523364
er4,252,9,er4_m252_s0,428.0,random,0,9450,0.6845794392523364
er4,252,9,er4_m252_s0,428.0,random,0,9500,0.6845794392523364
er4,252,9,er4_m252_s0,428.0,random,0,9550,0.6845794392523364
er4,252,9,er4_m252_s0,428.0,random,0,9600,0.6845794392523364
er4,252,9,er4_m252_s0,428.0,random,0,9650,0.6845794392523364
er4,252,9,er4_m252_s0,428.0,random,0,9700,0.6845794392523364
er4,252,9,er4_m252_s0,428.0,random,0,9750,0.6845794392523364
er4,252,9,er4_m252_s0,428.0,random,0,9800,0.6845794392523364
er4,252,9,er4_m252_s0,428.0,random,0,9850,0.6845794392523364
er4,252,9,er4_m252_s0,428.0,random,0,9900,0.6845794392523364
er4,252,9,er4_m252_s0,428.0,random,0,9950,0.6845794392523364
er4,252,9,er4_m252_s0,428.0,random,0,10000,0.6845794392523364
er4,252,9,er4_m252_s0,428.0,random,0,10050,0.6845794392523364
er4,252,9,er4_m252_s0,428.0,random,0,10100,0.6845794392523364
er4,252,9,er4_m252_s0,428.0,random,0,10150,0.6845794392523364
er4,252,9,er4_m252_s0,428.0,random,0,10200,0.6845794392523364
er4,252,9,er4_m252_s0,428.0,random,0,10250,0.6845794392523364
er4,252,9,er4_m252_s0,428.0,random,0,10300,0.6845794392523364
er4,252,9,er4_m252_s0,428.0,random,0,10350,0.6845794392523364
er4,252,9,er4_m252_s0,428.0,random,0,10400,0.6845794392523364
er4,252,9,er4_m252_s0,428.0,random,0,10450,0.6845794392523364
er4,252,9,er4_m252_s0,428.0,random,0,10500,0.6845794392523364
er4,252,9,er4_m252_s0,428.0,random,0,10550,0.6845794392523364
er4,252,9,er4_m252_s0,428.0,random,0,10600,0.6845794392523364
er4,252,9,er4_m252_s0,428.0,random,0,10650,0.6845794392523364
er4,252,9,er4_m252_s0,428.0,random,0,10700,0.6845794392523364
er4,252,9,er4_m252_s0,428.0,random,0,10750,0.6845794392523364
er4,252,9,er4_m252_s0,428.0,random,0,10800,0.6845794392523364
er4,252,9,er4_m252_s0,428.0,random,0,10850,0.6845794392523364
er4,252,9,er4_m252_s0,428.0,random,0,10900,0.6845794392523364
er4,252,9,er4_m252_s0,428.0,random,0,10950,0.6845794392523364
er4,252,9,er4_m252_s0,428.0,random,0,11000,0.6845794392523364
er4,252,9,er4_m252_s0,428.0,random,0,11050,0.6845794392523364
er4,252,9,er4_m252_s0,428.0,random,0,11100,0.6845794392523364
er4,252,9,er4_m252_s0,428.0,random,0,11150,0.6845794392523364
er4,252,9,er4_m252_s0,428.0,random,0,11200,0.6845794392523364
er4,252,9,er4_m252_s0,428.0,random,0,11250,0.6845794392523364
er4,252,9,er4_m252_s0,428.0,random,0,11300,0.6845794392523364
er4,252,9,er4_m252_s0,428.0,random,0,11350,0.6845794392523364
er4,252,9,er4_m252_s0,428.0,random,0,11400,0.6845794392523364
er4,252,9,er4_m252_s0,428.0,random,0,11450,0.6845794392523364
er4,252,9,er4_m252_s0,428.0,random,0,11500,0.6845794392523364
er4,252,9,er4_m252_s0,428.0,random,0,11550,0.6845794392523364
er4,252,9,er4_m252_s0,428.0,random,0,11600,0.6845794392523364
er4,252,9,er4_m252_s0,428.0,random,0,11650,0.6845794392523364
er4,252,9,er4_m252_s0,428.0,random,0,11700,0.6845794392523364
er4,252,9,er4_m252_s0,428.0,random,0,11750,0.6845794392523364
er4,252,9,er4_m252_s0,428.0,random,0,11800,0.6845794392523364
er4,252,9,er4_m252_s0,428.0,random,0,11850,0.6845794392523364
er4,252,9,er4_m252_s0,428.0,random,0,11900,0.6845794392523364
er4,252,9,er4_m252_s0,428.0,random,0,11950,0.6845794392523364
er4,252,9,er4_m252_s0,428.0,random,0,12000,0.6845794392523364
er4,252,9,er4_m252_s0,428.0,random,0,12050,0.6845794392523364
er4,252,9,er4_m252_s0,428.0,random,0,12100,0.6845794392523364
er4,252,9,er4_m252_s0,428.0,random,0,12150,0.6845794392523364
er4,252,9,er4_m252_s0,428.0,random,0,12200,0.6845794392523364
er4,252,9,er4_m252_s0,428.0,random,0,12250,0.6845794392523364
er4,252,9,er4_m252_s0,428.0,random,0,12300,0.6845794392523364
er4,252,9,er4_m252_s0,428.0,random,0,12350,0.6845794392523364
er4,252,9,er4_m252_s0,428.0,random,0,12400,0.6845794392523364
er4,252,9,er4_m252_s0,428.0,random,0,12450,0.6845794392523364
er4,252,9,er4_m252_s0,428.0,random,0,12500,0.6845794392523364
er4,252,9,er4_m252_s0,428.0,random,0,12550,0.6845794392523364
er4,252,9,er4_m252_s0,428.0,random,0,12600,0.6845794392523364
er4,252,9,er4_m252_s0,428.0,random,0,12650,0.6845794392523364
er4,252,9,er4_m252_s0,428.0,random,0,12700,0.6845794392523364
er4,252,9,er4_m252_s0,428.0,random,0,12750,0.6845794392523364
er4,252,9,er4_m252_s0,428.0,random,0,12800,0.6845794392523364
er4,252,9,er4_m252_s0,428.0,random,0,12850,0.6845794392523364
er4,252,9,er4_m252_s0,428.0,random,0,12900,0.6845794392523364
er4,252,9,er4_m252_s0,428.0,random,0,12950,0.6845794392523364
er4,252,9,er4_m252_s0,428.0,random,0,13000,0.6845794392523364
er4,252,9,er4_m252_s0,428.0,random,0,13050,0.6845794392523364
er4,252,9,er4_m252_s0,428.0,random,0,13100,0.6845794392523364
er4,252,9,er4_m252_s0,428.0,random,0,13150,0.6845794392523364
er4,252,9,er4_m252_s0,428.0,random,0,13200,0.6845794392523364
er4,252,9,er4_m252_s0,428.0,random,0,13250,0.6845794392523364
er4,252,9,er4_m252_s0,428.0,random,0,13300,0.6845794392523364
er4,252,9,er4_m252_s0,428.0,random,0,13350,0.6845794392523364
er4,252,9,er4_m252_s0,428.0,random,0,13400,0.6845794392523364
er4,252,9,er4_m252_s0,428.0,random,0,13450,0.6845794392523364
er4,252,9,er4_m252_s0,428.0,random,0,13500,0.6845794392523364
er4,252,9,er4_m252_s0,428.0,random,0,13550,0.6845794392523364
er4,252,9,er4_m252_s0,428.0,random,0,13600,0.6845794392523364
er4,252,9,er4_m252_s0,428.0,random,0,13650,0.6845794392523364
er4,252,9,er4_m252_s0,428.0,random,0,13700,0.6845794392523364
er4,252,9,er4_m252_s0,428.0,random,0,13750,0.6845794392523364
er4,252,9,er4_m252_s0,428.0,random,0,13800,0.6845794392523364
er4,252,9,er4_m252_s0,428.0,random,0,13850,0.6845794392523364
er4,252,9,er4_m252_s0,428.0,random,0,13900,0.6845794392523364
er4,252,9,er4_m252_s0,428.0,random,0,13950,0.6845794392523364
er4,252,9,er4_m252_s0,428.0,random,0,14000,0.6845794392523364
er4,252,9,er4_m252_s0,428.0,random,0,14050,0.6845794392523364
er4,252,9,er4_m252_s0,428.0,random,0,14100,0.6845794392523364
er4,252,9,er4_m252_s0,428.0,random,0,14150,0.6845794392523364
er4,252,9,er4_m252_s0,428.0,random,0,14200,0.6845794392523364
er4,252,9,er4_m252_s0,428.0,random,0,14250,0.6845794392523364
er4,252,9,er4_m252_s0,428.0,random,0,14300,0.6845794392523364
er4,252,9,er4_m252_s0,428.0,random,0,14350,0.6845794392523364
er4,252,9,er4_m252_s0,428.0,random,0,14400,0.6845794392523364
er4,252,9,er4_m252_s0,428.0,random,0,14450,0.6845794392523364
er4,252,9,er4_m252_s0,428.0,random,0,14500,0.6845794392523364
er4,252,9,er4_m252_s0,428.0,random,0,14550,0.6845794392523364
er4,252,9,er4_m252_s0,428.0,random,0,14600,0.6845794392523364
er4,252,9,er4_m252_s0,428.0,random,0,14650,0.6845794392523364
er4,252,9,er4_m252_s0,428.0,random,0,14700,0.6845794392523364
er4,252,9,er4_m252_s0,428.0,random,0,14750,0.6845794392523364
er4,252,9,er4_m252_s0,428.0,random,0,14800,0.6845794392523364
er4,252,9,er4_m252_s0,428.0,random,0,14850,0.6845794392523364
er4,252,9,er4_m252_s0,428.0,random,0,14900,0.6845794392523364
er4,252,9,er4_m252_s0,428.0,random,0,14950,0.6845794392523364
er4,252,9,er4_m252_s0,428.0,random,0,15000,0.6845794392523364
er4,252,9,er4_m252_s0,428.0,random,0,15050,0.6845794392523364
er4,252,9,er4_m252_s0,428.0,random,0,15100,0.6845794392523364
er4,252,9,er4_m252_s0,428.0,random,0,15150,0.6845794392523364
er4,252,9,er4_m252_s0,428.0,random,0,15200,0.6845794392523364
er4,252,9,er4_m252_s0,428.0,random,0,15250,0.6845794392523364
er4,252,9,er4_m252_s0,428.0,random,0,15300,0.6845794392523364
er4,252,9,er4_m252_s0,428.0,random,0,15350,0.6845794392523364
er4,252,9,er4_m252_s0,428.0,random,0,15400,0.6845794392523364
er4,252,9,er4_m252_s0,428.0,random,0,15450,0.6845794392523364
er4,252,9,er4_m252_s0,428.0,random,0,15500,0.6845794392523364
er4,252,9,er4_m252_s0,428.0,random,0,15550,0.6845794392523364
er4,252,9,er4_m252_s0,428.0,random,0,15600,0.6845794392523364
er4,252,9,er4_m252_s0,428.0,random,0,15650,0.6845794392523364
er4,252,9,er4_m252_s0,428.0,random,0,15700,0.6845794392523364
er4,252,9,er4_m252_s0,428.0,random,0,15750,0.6845794392523364
er4,252,9,er4_m252_s0,428.0,random,0,15800,0.6845794392523364
er4,252,9,er4_m252_s0,428.0,random,0,15850,0.6845794392523364
er4,252,9,er4_m252_s0,428.0,random,0,15900,0.6845794392523364
er4,252,9,er4_m252_s0,428.0,random,0,15950,0.6845794392523364
er4,252,9,er4_m252_s0,428.0,random,0,16000,0.6845794392523364
er4,252,9,er4_m252_s0,428.0,random,0,16050,0.6845794392523364
er4,252,9,er4_m252_s0,428.0,random,0,16100,0.6845794392523364
er4,252,9,er4_m252_s0,428.0,random,0,16150,0.6845794392523364
er4,252,9,er4_m252_s0,428.0,random,0,16200,0.6845794392523364
er4,252,9,er4_m252_s0,428.0,random,0,16250,0.6845794392523364
er4,252,9,er4_m252_s0,428.0,random,0,16300,0.6845794392523364
er4,252,9,er4_m252_s0,428.0,random,0,16350,0.6845794392523364
er4,252,9,er4_m252_s0,428.0,random,0,16400,0.6845794392523364
er4,252,9,er4_m252_s0,428.0,random,0,16450,0.6845794392523364
er4,252,9,er4_m252_s0,428.0,random,0,16500,0.6845794392523364
er4,252,9,er4_m252_s0,428.0,random,0,16550,0.6845794392523364
er4,252,9,er4_m252_s0,428.0,random,0,16600,0.6845794392523364
er4,252,9,er4_m252_s0,428.0,random,0,16650,0.6845794392523364
er4,252,9,er4_m252_s0,428.0,random,0,16700,0.6845794392523364
er4,252,9,er4_m252_s0,428.0,random,0,16750,0.6845794392523364
er4,252,9,er4_m252_s0,428.0,random,0,16800,0.6845794392523364
er4,252,9,er4_m252_s0,428.0,random,0,16850,0.6845794392523364
er4,252,9,er4_m252_s0,428.0,random,0,16900,0.6845794392523364
er4,252,9,er4_m252_s0,428.0,random,0,16950,0.6845794392523364
er4,252,9,er4_m252_s0,428.0,random,0,17000,0.6845794392523364
er4,252,9,er4_m252_s0,428.0,random,0,17050,0.6845794392523364
er4,252,9,er4_m252_s0,428.0,random,0,17100,0.6845794392523364
er4,252,9,er4_m252_s0,428.0,random,0,17150,0.6845794392523364
er4,252,9,er4_m252_s0,428.0,random,0,17200,0.6845794392523364
er4,252,9,er4_m252_s0,428.0,random,0,17250,0.6845794392523364
er4,252,9,er4_m252_s0,428.0,random,0,17300,0.6845794392523364
er4,252,9,er4_m252_s0,428.0,random,0,17350,0.6845794392523364
er4,252,9,er4_m252_s0,428.0,random,0,17400,0.6845794392523364
er4,252,9,er4_m252_s0,428.0,random,0,17450,0.6845794392523364
er4,252,9,er4_m252_s0,428.0,random,0,17500,0.6845794392523364
er4,252,9,er4_m252_s0,428.0,random,0,17550,0.6845794392523364
er4,252,9,er4_m252_s0,428.0,random,0,17600,0.6845794392523364
er4,252,9,er4_m252_s0,428.0,random,0,17650,0.6845794392523364
er4,252,9,er4_m252_s0,428.0,random,0,17700,0.6845794392523364
er4,252,9,er4_m252_s0,428.0,random,0,17750,0.6845794392523364
er4,252,9,er4_m252_s0,428.0,random,0,17800,0.6845794392523364
er4,252,9,er4_m252_s0,428.0,random,0,17850,0.6845794392523364
er4,252,9,er4_m252_s0,428.0,random,0,17900,0.6845794392523364
er4,252,9,er4_m252_s0,428.0,random,0,17950,0.6845794392523364
er4,252,9,er4_m252_s0,428.0,random,0,18000,0.6845794392523364
er4,252,9,er4_m252_s0,428.0,random,0,18050,0.6845794392523364
er4,252,9,er4_m252_s0,428.0,random,0,18100,0.6845794392523364
er4,252,9,er4_m252_s0,428.0,random,0,18150,0.6845794392523364
er4,252,9,er4_m252_s0,428.0,random,0,18200,0.6845794392523364
er4,252,9,er4_m252_s0,428.0,random,0,18250,0.6845794392523364
er4,252,9,er4_m252_s0,428.0,random,0,18300,0.6845794392523364
er4,252,9,er4_m252_s0,428.0,random,0,18350,0.6845794392523364
er4,252,9,er4_m252_s0,428.0,random,0,18400,0.6845794392523364
er4,252,9,er4_m252_s0,428.0,random,0,18450,0.6845794392523364
er4,252,9,er4_m252_s0,428.0,random,0,18500,0.6845794392523364
er4,252,9,er4_m252_s0,428.0,random,0,18550,0.6845794392523364
er4,252,9,er4_m252_s0,428.0,random,0,18600,0.6845794392523364
er4,252,9,er4_m252_s0,428.0,random,0,18650,0.6845794392523364
er4,252,9,er4_m252_s0,428.0,random,0,18700,0.6845794392523364
er4,252,9,er4_m252_s0,428.0,random,0,18750,0.6845794392523364
er4,252,9,er4_m252_s0,428.0,random,0,18800,0.6845794392523364
er4,252,9,er4_m252_s0,428.0,random,0,18850,0.6845794392523364
er4,252,9,er4_m252_s0,428.0,random,0,18900,0.6845794392523364
er4,252,9,er4_m252_s0,428.0,random,0,18950,0.6845794392523364
er4,252,9,er4_m252_s0,428.0,random,0,19000,0.6845794392523364
er4,252,9,er4_m252_s0,428.0,random,0,19050,0.6845794392523364
er4,252,9,er4_m252_s0,428.0,random,0,19100,0.6845794392523364
er4,252,9,er4_m252_s0,428.0,random,0,19150,0.6845794392523364
er4,252,9,er4_m252_s0,428.0,random,0,19200,0.6845794392523364
er4,252,9,er4_m252_s0,428.0,random,0,19250,0.6845794392523364
er4,252,9,er4_m252_s0,428.0,random,0,19300,0.6845794392523364
er4,252,9,er4_m252_s0,428.0,random,0,19350,0.6845794392523364
er4,252,9,er4_m252_s0,428.0,random,0,19400,0.6845794392523364
er4,252,9,er4_m252_s0,428.0,random,0,19450,0.6845794392523364
er4,252,9,er4_m252_s0,428.0,random,0,19500,0.6845794392523364
er4,252,9,er4_m252_s0,428.0,random,0,19550,0.6845794392523364
er4,252,9,er4_m252_s0,428.0,random,0,19600,0.6845794392523364
er4,252,9,er4_m252_s0,428.0,random,0,19650,0.6845794392523364
er4,252,9,er4_m252_s0,428.0,random,0,19700,0.6845794392523364
er4,252,9,er4_m252_s0,428.0,random,0,19750,0.6845794392523364
er4,252,9,er4_m252_s0,428.0,random,0,19800,0.6845794392523364
er4,252,9,er4_m252_s0,428.0,random,0,19850,0.6845794392523364
er4,252,9,er4_m252_s0,428.0,random,0,19900,0.6845794392523364
er4,252,9,er4_m252_s0,428.0,random,0,19950,0.6845794392523364
er4,252,9,er4_m252_s0,428.0,random,0,20000,0.6845794392523364
er4,252,9,er4_m252_s0,428.0,genpce_es,1,10,0.572429906542056
er4,252,9,er4_m252_s0,428.0,genpce_es,1,60,0.6752336448598131
er4,252,9,er4_m252_s0,428.0,genpce_es,1,110,0.6752336448598131
er4,252,9,er4_m252_s0,428.0,genpce_es,1,160,0.6705607476635514
er4,252,9,er4_m252_s0,428.0,genpce_es,1,210,0.6869158878504673
er4,252,9,er4_m252_s0,428.0,genpce_es,1,260,0.6869158878504673
er4,252,9,er4_m252_s0,428.0,genpce_es,1,310,0.6869158878504673
er4,252,9,er4_m252_s0,428.0,genpce_es,1,360,0.6915887850467289
er4,252,9,er4_m252_s0,428.0,genpce_es,1,410,0.6915887850467289
er4,252,9,er4_m252_s0,428.0,genpce_es,1,460,0.6915887850467289
er4,252,9,er4_m252_s0,428.0,genpce_es,1,510,0.6915887850467289
er4,252,9,er4_m252_s0,428.0,genpce_es,1,560,0.6985981308411215
er4,252,9,er4_m252_s0,428.0,genpce_es,1,610,0.6985981308411215
er4,252,9,er4_m252_s0,428.0,genpce_es,1,660,0.6985981308411215
er4,252,9,er4_m252_s0,428.0,genpce_es,1,710,0.6985981308411215
er4,252,9,er4_m252_s0,428.0,genpce_es,1,760,0.6985981308411215
er4,252,9,er4_m252_s0,428.0,genpce_es,1,810,0.6985981308411215
er4,252,9,er4_m252_s0,428.0,genpce_es,1,860,0.6985981308411215
er4,252,9,er4_m252_s0,428.0,genpce_es,1,910,0.6985981308411215
er4,252,9,er4_m252_s0,428.0,genpce_es,1,960,0.6985981308411215
er4,252,9,er4_m252_s0,428.0,genpce_es,1,1010,0.705607476635514
er4,252,9,er4_m252_s0,428.0,genpce_es,1,1060,0.705607476635514
er4,252,9,er4_m252_s0,428.0,genpce_es,1,1110,0.705607476635514
er4,252,9,er4_m252_s0,428.0,genpce_es,1,1160,0.705607476635514
er4,252,9,er4_m252_s0,428.0,genpce_es,1,1210,0.705607476635514
er4,252,9,er4_m252_s0,428.0,genpce_es,1,1260,0.7126168224299065
er4,252,9,er4_m252_s0,428.0,genpce_es,1,1310,0.7149532710280374
er4,252,9,er4_m252_s0,428.0,genpce_es,1,1360,0.7149532710280374
er4,252,9,er4_m252_s0,428.0,genpce_es,1,1410,0.7149532710280374
er4,252,9,er4_m252_s0,428.0,genpce_es,1,1460,0.7172897196261683
er4,252,9,er4_m252_s0,428.0,genpce_es,1,1510,0.7242990654205608
er4,252,9,er4_m252_s0,428.0,genpce_es,1,1560,0.7242990654205608
er4,252,9,er4_m252_s0,428.0,genpce_es,1,1610,0.7242990654205608
er4,252,9,er4_m252_s0,428.0,genpce_es,1,1660,0.7242990654205608
er4,252,9,er4_m252_s0,428.0,genpce_es,1,1710,0.7242990654205608
er4,252,9,er4_m252_s0,428.0,genpce_es,1,1760,0.7242990654205608
er4,252,9,er4_m252_s0,428.0,genpce_es,1,1810,0.7242990654205608
er4,252,9,er4_m252_s0,428.0,genpce_es,1,1860,0.7242990654205608
er4,252,9,er4_m252_s0,428.0,genpce_es,1,1910,0.7242990654205608
er4,252,9,er4_m252_s0,428.0,genpce_es,1,1960,0.7289719626168224
er4,252,9,er4_m252_s0,428.0,genpce_es,1,2010,0.7289719626168224
er4,252,9,er4_m252_s0,428.0,genpce_es,1,2060,0.7289719626168224
er4,252,9,er4_m252_s0,428.0,genpce_es,1,2110,0.7289719626168224
er4,252,9,er4_m252_s0,428.0,genpce_es,1,2160,0.7289719626168224
er4,252,9,er4_m252_s0,428.0,genpce_es,1,2210,0.7289719626168224
er4,252,9,er4_m252_s0,428.0,genpce_es,1,2260,0.7289719626168224
er4,252,9,er4_m252_s0,428.0,genpce_es,1,2310,0.7289719626168224
er4,252,9,er4_m252_s0,428.0,genpce_es,1,2360,0.7289719626168224
er4,252,9,er4_m252_s0,428.0,genpce_es,1,2410,0.7289719626168224
er4,252,9,er4_m252_s0,428.0,genpce_es,1,2460,0.7289719626168224
er4,252,9,er4_m252_s0,428.0,genpce_es,1,2510,0.7289719626168224
er4,252,9,er4_m252_s0,428.0,genpce_es,1,2560,0.7313084112149533
er4,252,9,er4_m252_s0,428.0,genpce_es,1,2610,0.7313084112149533
er4,252,9,er4_m252_s0,428.0,genpce_es,1,2660,0.7313084112149533
er4,252,9,er4_m252_s0,428.0,genpce_es,1,2710,0.7313084112149533
er4,252,9,er4_m252_s0,428.0,genpce_es,1,2760,0.7313084112149533
er4,252,9,er4_m252_s0,428.0,genpce_es,1,2810,0.7429906542056075
er4,252,9,er4_m252_s0,428.0,genpce_es,1,2860,0.7429906542056075
er4,252,9,er4_m252_s0,428.0,genpce_es,1,2910,0.7429906542056075
er4,252,9,er4_m252_s0,428.0,genpce_es,1,2960,0.7429906542056075
er4,252,9,er4_m252_s0,428.0,genpce_es,1,3010,0.7429906542056075
er4,252,9,er4_m252_s0,428.0,genpce_es,1,3060,0.7429906542056075
er4,252,9,er4_m252_s0,428.0,genpce_es,1,3110,0.7429906542056075
er4,252,9,er4_m252_s0,428.0,genpce_es,1,3160,0.7523364485981309
er4,252,9,er4_m252_s0,428.0,genpce_es,1,3210,0.7523364485981309
er4,252,9,er4_m252_s0,428.0,genpce_es,1,3260,0.7523364485981309
er4,252,9,er4_m252_s0,428.0,genpce_es,1,3310,0.7523364485981309
er4,252,9,er4_m252_s0,428.0,genpce_es,1,3360,0.7523364485981309
er4,252,9,er4_m252_s0,428.0,genpce_es,1,3410,0.7523364485981309
er4,252,9,er4_m252_s0,428.0,genpce_es,1,3460,0.7523364485981309
er4,252,9,er4_m252_s0,428.0,genpce_es,1,3510,0.7523364485981309
er4,252,9,er4_m252_s0,428.0,genpce_es,1,3560,0.7523364485981309
er4,252,9,er4_m252_s0,428.0,genpce_es,1,3610,0.7523364485981309
er4,252,9,er4_m252_s0,428.0,genpce_es,1,3660,0.7523364485981309
er4,252,9,er4_m252_s0,428.0,genpce_es,1,3710,0.7523364485981309
er4,252,9,er4_m252_s0,428.0,genpce_es,1,3760,0.7523364485981309
er4,252,9,er4_m252_s0,428.0,genpce_es,1,3810,0.7523364485981309
er4,252,9,er4_m252_s0,428.0,genpce_es,1,3860,0.7523364485981309
er4,252,9,er4_m252_s0,428.0,genpce_es,1,3910,0.7523364485981309
er4,252,9,er4_m252_s0,428.0,genpce_es,1,3960,0.7523364485981309
er4,252,9,er4_m252_s0,428.0,genpce_es,1,4010,0.7523364485981309
er4,252,9,er4_m252_s0,428.0,genpce_es,1,4060,0.7523364485981309
er4,252,9,er4_m252_s0,428.0,genpce_es,1,4110,0.7523364485981309
er4,252,9,er4_m252_s0,428.0,genpce_es,1,4160,0.7523364485981309
er4,252,9,er4_m252_s0,428.0,genpce_es,1,4210,0.7523364485981309
er4,252,9,er4_m252_s0,428.0,genpce_es,1,4260,0.7546728971962616
er4,252,9,er4_m252_s0,428.0,genpce_es,1,4310,0.7546728971962616
er4,252,9,er4_m252_s0,428.0,genpce_es,1,4360,0.7546728971962616
er4,252,9,er4_m252_s0,428.0,genpce_es,1,4410,0.7546728971962616
er4,252,9,er4_m252_s0,428.0,genpce_es,1,4460,0.7546728971962616
er4,252,9,er4_m252_s0,428.0,genpce_es,1,4510,0.7546728971962616
er4,252,9,er4_m252_s0,428.0,genpce_es,1,4560,0.7546728971962616
er4,252,9,er4_m252_s0,428.0,genpce_es,1,4610,0.7546728971962616
er4,252,9,er4_m252_s0,428.0,genpce_es,1,4660,0.7570093457943925
er4,252,9,er4_m252_s0,428.0,genpce_es,1,4710,0.7570093457943925
er4,252,9,er4_m252_s0,428.0,genpce_es,1,4760,0.7570093457943925
er4,252,9,er4_m252_s0,428.0,genpce_es,1,4810,0.7570093457943925
er4,252,9,er4_m252_s0,428.0,genpce_es,1,4860,0.7570093457943925
er4,252,9,er4_m252_s0,428.0,genpce_es,1,4910,0.7570093457943925
er4,252,9,er4_m252_s0,428.0,genpce_es,1,4960,0.7570093457943925
er4,252,9,er4_m252_s0,428.0,genpce_es,1,5010,0.7570093457943925
er4,252,9,er4_m252_s0,428.0,genpce_es,1,5060,0.7593457943925234
er4,252,9,er4_m252_s0,428.0,genpce_es,1,5110,0.7593457943925234
er4,252,9,er4_m252_s0,428.0,genpce_es,1,5160,0.7593457943925234
er4,252,9,er4_m252_s0,428.0,genpce_es,1,5210,0.7593457943925234
er4,252,9,er4_m252_s0,428.0,genpce_es,1,5260,0.7593457943925234
er4,252,9,er4_m252_s0,428.0,genpce_es,1,5310,0.7593457943925234
er4,252,9,er4_m252_s0,428.0,genpce_es,1,5360,0.7593457943925234
er4,252,9,er4_m252_s0,428.0,genpce_es,1,5410,0.7593457943925234
er4,252,9,er4_m252_s0,428.0,genpce_es,1,5460,0.7616822429906542
er4,252,9,er4_m252_s0,428.0,genpce_es,1,5510,0.7616822429906542
er4,252,9,er4_m252_s0,428.0,genpce_es,1,5560,0.7616822429906542
er4,252,9,er4_m252_s0,428.0,genpce_es,1,5610,0.7616822429906542
er4,252,9,er4_m252_s0,428.0,genpce_es,1,5660,0.7616822429906542
er4,252,9,er4_m252_s0,428.0,genpce_es,1,5710,0.7616822429906542
er4,252,9,er4_m252_s0,428.0,genpce_es,1,5760,0.7616822429906542
er4,252,9,er4_m252_s0,428.0,genpce_es,1,5810,0.7616822429906542
er4,252,9,er4_m252_s0,428.0,genpce_es,1,5860,0.7616822429906542
er4,252,9,er4_m252_s0,428.0,genpce_es,1,5910,0.7616822429906542
er4,252,9,er4_m252_s0,428.0,genpce_es,1,5960,0.7616822429906542
er4,252,9,er4_m252_s0,428.0,genpce_es,1,6010,0.7616822429906542
er4,252,9,er4_m252_s0,428.0,genpce_es,1,6060,0.7616822429906542
er4,252,9,er4_m252_s0,428.0,genpce_es,1,6110,0.7616822429906542
er4,252,9,er4_m252_s0,428.0,genpce_es,1,6160,0.7616822429906542
er4,252,9,er4_m252_s0,428.0,genpce_es,1,6210,0.7616822429906542
er4,252,9,er4_m252_s0,428.0,genpce_es,1,6260,0.7616822429906542
er4,252,9,er4_m252_s0,428.0,genpce_es,1,6310,0.7686915887850467
er4,252,9,er4_m252_s0,428.0,genpce_es,1,6360,0.7686915887850467
er4,252,9,er4_m252_s0,428.0,genpce_es,1,6410,0.7686915887850467
er4,252,9,er4_m252_s0,428.0,genpce_es,1,6460,0.7686915887850467
er4,252,9,er4_m252_s0,428.0,genpce_es,1,6510,0.7686915887850467
er4,252,9,er4_m252_s0,428.0,genpce_es,1,6560,0.7686915887850467
er4,252,9,er4_m252_s0,428.0,genpce_es,1,6610,0.7686915887850467
er4,252,9,er4_m252_s0,428.0,genpce_es,1,6660,0.7686915887850467
er4,252,9,er4_m252_s0,428.0,genpce_es,1,6710,0.7686915887850467
er4,252,9,er4_m252_s0,428.0,genpce_es,1,6760,0.7686915887850467
er4,252,9,er4_m252_s0,428.0,genpce_es,1,6810,0.7686915887850467
er4,252,9,er4_m252_s0,428.0,genpce_es,1,6860,0.7686915887850467
er4,252,9,er4_m252_s0,428.0,genpce_es,1,6910,0.7686915887850467
er4,252,9,er4_m252_s0,428.0,genpce_es,1,6960,0.7663551401869159
er4,252,9,er4_m252_s0,428.0,genpce_es,1,7010,0.7663551401869159
er4,252,9,er4_m252_s0,428.0,genpce_es,1,7060,0.7663551401869159
er4,252,9,er4_m252_s0,428.0,genpce_es,1,7110,0.7663551401869159
er4,252,9,er4_m252_s0,428.0,genpce_es,1,7160,0.7663551401869159
er4,252,9,er4_m252_s0,428.0,genpce_es,1,7210,0.7663551401869159
er4,252,9,er4_m252_s0,428.0,genpce_es,1,7260,0.7663551401869159
er4,252,9,er4_m252_s0,428.0,genpce_es,1,7310,0.7663551401869159
er4,252,9,er4_m252_s0,428.0,genpce_es,1,7360,0.7663551401869159
er4,252,9,er4_m252_s0,428.0,genpce_es,1,7410,0.7663551401869159
er4,252,9,er4_m252_s0,428.0,genpce_es,1,7460,0.7663551401869159
er4,252,9,er4_m252_s0,428.0,genpce_es,1,7510,0.7663551401869159
er4,252,9,er4_m252_s0,428.0,genpce_es,1,7560,0.7663551401869159
er4,252,9,er4_m252_s0,428.0,genpce_es,1,7610,0.7663551401869159
er4,252,9,er4_m252_s0,428.0,genpce_es,1,7660,0.7663551401869159
er4,252,9,er4_m252_s0,428.0,genpce_es,1,7710,0.7663551401869159
er4,252,9,er4_m252_s0,428.0,genpce_es,1,7760,0.7663551401869159
er4,252,9,er4_m252_s0,428.0,genpce_es,1,7810,0.7663551401869159
er4,252,9,er4_m252_s0,428.0,genpce_es,1,7860,0.7663551401869159
er4,252,9,er4_m252_s0,428.0,genpce_es,1,7910,0.7663551401869159
er4,252,9,er4_m252_s0,428.0,genpce_es,1,7960,0.7663551401869159
er4,252,9,er4_m252_s0,428.0,genpce_es,1,8010,0.7663551401869159
er4,252,9,er4_m252_s0,428.0,genpce_es,1,8060,0.7663551401869159
er4,252,9,er4_m252_s0,428.0,genpce_es,1,8110,0.7663551401869159
er4,252,9,er4_m252_s0,428.0,genpce_es,1,8160,0.7663551401869159
er4,252,9,er4_m252_s0,428.0,genpce_es,1,8210,0.7663551401869159
er4,252,9,er4_m252_s0,428.0,genpce_es,1,8260,0.7663551401869159
er4,252,9,er4_m252_s0,428.0,genpce_es,1,8310,0.7663551401869159
er4,252,9,er4_m252_s0,428.0,genpce_es,1,8360,0.7663551401869159
er4,252,9,er4_m252_s0,428.0,genpce_es,1,8410,0.7686915887850467
er4,252,9,er4_m252_s0,428.0,genpce_es,1,8460,0.7686915887850467
er4,252,9,er4_m252_s0,428.0,genpce_es,1,8510,0.7686915887850467
er4,252,9,er4_m252_s0,428.0,genpce_es,1,8560,0.7686915887850467
er4,252,9,er4_m252_s0,428.0,genpce_es,1,8610,0.7686915887850467
er4,252,9,er4_m252_s0,428.0,genpce_es,1,8660,0.7686915887850467
er4,252,9,er4_m252_s0,428.0,genpce_es,1,8710,0.7686915887850467
er4,252,9,er4_m252_s0,428.0,genpce_es,1,8760,0.7686915887850467
er4,252,9,er4_m252_s0,428.0,genpce_es,1,8810,0.7686915887850467
er4,252,9,er4_m252_s0,428.0,genpce_es,1,8860,0.7686915887850467
er4,252,9,er4_m252_s0,428.0,genpce_es,1,8910,0.7686915887850467
er4,252,9,er4_m252_s0,428.0,genpce_es,1,8960,0.7686915887850467
er4,252,9,er4_m252_s0,428.0,genpce_es,1,9010,0.7686915887850467
er4,252,9,er4_m252_s0,428.0,genpce_es,1,9060,0.7686915887850467
er4,252,9,er4_m252_s0,428.0,genpce_es,1,9110,0.7686915887850467
er4,252,9,er4_m252_s0,428.0,genpce_es,1,9160,0.7686915887850467
er4,252,9,er4_m252_s0,428.0,genpce_es,1,9210,0.7686915887850467
er4,252,9,er4_m252_s0,428.0,genpce_es,1,9260,0.7686915887850467
er4,252,9,er4_m252_s0,428.0,genpce_es,1,9310,0.7686915887850467
er4,252,9,er4_m252_s0,428.0,genpce_es,1,9360,0.7686915887850467
er4,252,9,er4_m252_s0,428.0,genpce_es,1,9410,0.7686915887850467
er4,252,9,er4_m252_s0,428.0,genpce_es,1,9460,0.7686915887850467
er4,252,9,er4_m252_s0,428.0,genpce_es,1,9510,0.7686915887850467
er4,252,9,er4_m252_s0,428.0,genpce_es,1,9560,0.7686915887850467
er4,252,9,er4_m252_s0,428.0,genpce_es,1,9610,0.7686915887850467
er4,252,9,er4_m252_s0,428.0,genpce_es,1,9660,0.7686915887850467
er4,252,9,er4_m252_s0,428.0,genpce_es,1,9710,0.7686915887850467
er4,252,9,er4_m252_s0,428.0,genpce_es,1,9760,0.7686915887850467
er4,252,9,er4_m252_s0,428.0,genpce_es,1,9810,0.7686915887850467
er4,252,9,er4_m252_s0,428.0,genpce_es,1,9860,0.7686915887850467
er4,252,9,er4_m252_s0,428.0,genpce_es,1,9910,0.7686915887850467
er4,252,9,er4_m252_s0,428.0,genpce_es,1,9960,0.7686915887850467
er4,252,9,er4_m252_s0,428.0,genpce_es,1,10010,0.7686915887850467
er4,252,9,er4_m252_s0,428.0,genpce_es,1,10060,0.7686915887850467
er4,252,9,er4_m252_s0,428.0,genpce_es,1,10110,0.7686915887850467
er4,252,9,er4_m252_s0,428.0,genpce_es,1,10160,0.7686915887850467
er4,252,9,er4_m252_s0,428.0,genpce_es,1,10210,0.7686915887850467
er4,252,9,er4_m252_s0,428.0,genpce_es,1,10260,0.7686915887850467
er4,252,9,er4_m252_s0,428.0,genpce_es,1,10310,0.7686915887850467
er4,252,9,er4_m252_s0,428.0,genpce_es,1,10360,0.7686915887850467
er4,252,9,er4_m252_s0,428.0,genpce_es,1,10410,0.7686915887850467
er4,252,9,er4_m252_s0,428.0,genpce_es,1,10460,0.7686915887850467
er4,252,9,er4_m252_s0,428.0,genpce_es,1,10510,0.7686915887850467
er4,252,9,er4_m252_s0,428.0,genpce_es,1,10560,0.7686915887850467
er4,252,9,er4_m252_s0,428.0,genpce_es,1,10610,0.7686915887850467
er4,252,9,er4_m252_s0,428.0,genpce_es,1,10660,0.7686915887850467
er4,252,9,er4_m252_s0,428.0,genpce_es,1,10710,0.7686915887850467
er4,252,9,er4_m252_s0,428.0,genpce_es,1,10760,0.7686915887850467
er4,252,9,er4_m252_s0,428.0,genpce_es,1,10810,0.7686915887850467
er4,252,9,er4_m252_s0,428.0,genpce_es,1,10860,0.7686915887850467
er4,252,9,er4_m252_s0,428.0,genpce_es,1,10910,0.7686915887850467
er4,252,9,er4_m252_s0,428.0,genpce_es,1,10960,0.7686915887850467
er4,252,9,er4_m252_s0,428.0,genpce_es,1,11010,0.7686915887850467
er4,252,9,er4_m252_s0,428.0,genpce_es,1,11060,0.7686915887850467
er4,252,9,er4_m252_s0,428.0,genpce_es,1,11110,0.7686915887850467
er4,252,9,er4_m252_s0,428.0,genpce_es,1,11160,0.7686915887850467
er4,252,9,er4_m252_s0,428.0,genpce_es,1,11210,0.7686915887850467
er4,252,9,er4_m252_s0,428.0,genpce_es,1,11260,0.7686915887850467
er4,252,9,er4_m252_s0,428.0,genpce_es,1,11310,0.7686915887850467
er4,252,9,er4_m252_s0,428.0,genpce_es,1,11360,0.7686915887850467
er4,252,9,er4_m252_s0,428.0,genpce_es,1,11410,0.7686915887850467
er4,252,9,er4_m252_s0,428.0,genpce_es,1,11460,0.7686915887850467
er4,252,9,er4_m252_s0,428.0,genpce_es,1,11510,0.7686915887850467
er4,252,9,er4_m252_s0,428.0,genpce_es,1,11560,0.7686915887850467
er4,252,9,er4_m252_s0,428.0,genpce_es,1,11610,0.7686915887850467
er4,252,9,er4_m252_s0,428.0,genpce_es,1,11660,0.7686915887850467
er4,252,9,er4_m252_s0,428.0,genpce_es,1,11710,0.7686915887850467
er4,252,9,er4_m252_s0,428.0,genpce_es,1,11760,0.7686915887850467
er4,252,9,er4_m252_s0,428.0,genpce_es,1,11810,0.7686915887850467
er4,252,9,er4_m252_s0,428.0,genpce_es,1,11860,0.7686915887850467
er4,252,9,er4_m252_s0,428.0,genpce_es,1,11910,0.7686915887850467
er4,252,9,er4_m252_s0,428.0,genpce_es,1,11960,0.7686915887850467
er4,252,9,er4_m252_s0,428.0,genpce_es,1,12010,0.7686915887850467
er4,252,9,er4_m252_s0,428.0,genpce_es,1,12060,0.7686915887850467
er4,252,9,er4_m252_s0,428.0,genpce_es,1,12110,0.7686915887850467
er4,252,9,er4_m252_s0,428.0,genpce_es,1,12160,0.7686915887850467
er4,252,9,er4_m252_s0,428.0,genpce_es,1,12210,0.7686915887850467
er4,252,9,er4_m252_s0,428.0,genpce_es,1,12260,0.7686915887850467
er4,252,9,er4_m252_s0,428.0,genpce_es,1,12310,0.7686915887850467
er4,252,9,er4_m252_s0,428.0,genpce_es,1,12360,0.7686915887850467
er4,252,9,er4_m252_s0,428.0,genpce_es,1,12410,0.7686915887850467
er4,252,9,er4_m252_s0,428.0,genpce_es,1,12460,0.7686915887850467
er4,252,9,er4_m252_s0,428.0,genpce_es,1,12510,0.7686915887850467
er4,252,9,er4_m252_s0,428.0,genpce_es,1,12560,0.7686915887850467
er4,252,9,er4_m252_s0,428.0,genpce_es,1,12610,0.7686915887850467
er4,252,9,er4_m252_s0,428.0,genpce_es,1,12660,0.7686915887850467
er4,252,9,er4_m252_s0,428.0,genpce_es,1,12710,0.7686915887850467
er4,252,9,er4_m252_s0,428.0,genpce_es,1,12760,0.7686915887850467
er4,252,9,er4_m252_s0,428.0,genpce_es,1,12810,0.7686915887850467
er4,252,9,er4_m252_s0,428.0,genpce_es,1,12860,0.7686915887850467
er4,252,9,er4_m252_s0,428.0,genpce_es,1,12910,0.7686915887850467
er4,252,9,er4_m252_s0,428.0,genpce_es,1,12960,0.7686915887850467
er4,252,9,er4_m252_s0,428.0,genpce_es,1,13010,0.7686915887850467
er4,252,9,er4_m252_s0,428.0,genpce_es,1,13060,0.7686915887850467
er4,252,9,er4_m252_s0,428.0,genpce_es,1,13110,0.7686915887850467
er4,252,9,er4_m252_s0,428.0,genpce_es,1,13160,0.7686915887850467
er4,252,9,er4_m252_s0,428.0,genpce_es,1,13210,0.7686915887850467
er4,252,9,er4_m252_s0,428.0,genpce_es,1,13260,0.7686915887850467
er4,252,9,er4_m252_s0,428.0,genpce_es,1,13310,0.7686915887850467
er4,252,9,er4_m252_s0,428.0,genpce_es,1,13360,0.7686915887850467
er4,252,9,er4_m252_s0,428.0,genpce_es,1,13410,0.7686915887850467
er4,252,9,er4_m252_s0,428.0,genpce_es,1,13460,0.7686915887850467
er4,252,9,er4_m252_s0,428.0,genpce_es,1,13510,0.7686915887850467
er4,252,9,er4_m252_s0,428.0,genpce_es,1,13560,0.7686915887850467
er4,252,9,er4_m252_s0,428.0,genpce_es,1,13610,0.7686915887850467
er4,252,9,er4_m252_s0,428.0,genpce_es,1,13660,0.7686915887850467
er4,252,9,er4_m252_s0,428.0,genpce_es,1,13710,0.7686915887850467
er4,252,9,er4_m252_s0,428.0,genpce_es,1,13760,0.7686915887850467
er4,252,9,er4_m252_s0,428.0,genpce_es,1,13810,0.7686915887850467
er4,252,9,er4_m252_s0,428.0,genpce_es,1,13860,0.7686915887850467
er4,252,9,er4_m252_s0,428.0,genpce_es,1,13910,0.7686915887850467
er4,252,9,er4_m252_s0,428.0,genpce_es,1,13960,0.7686915887850467
er4,252,9,er4_m252_s0,428.0,genpce_es,1,14010,0.7686915887850467
er4,252,9,er4_m252_s0,428.0,genpce_es,1,14060,0.7686915887850467
er4,252,9,er4_m252_s0,428.0,genpce_es,1,14110,0.7686915887850467
er4,252,9,er4_m252_s0,428.0,genpce_es,1,14160,0.7686915887850467
er4,252,9,er4_m252_s0,428.0,genpce_es,1,14210,0.7686915887850467
er4,252,9,er4_m252_s0,428.0,genpce_es,1,14260,0.7686915887850467
er4,252,9,er4_m252_s0,428.0,genpce_es,1,14310,0.7757009345794392
er4,252,9,er4_m252_s0,428.0,genpce_es,1,14360,0.7757009345794392
er4,252,9,er4_m252_s0,428.0,genpce_es,1,14410,0.7757009345794392
er4,252,9,er4_m252_s0,428.0,genpce_es,1,14460,0.7757009345794392
er4,252,9,er4_m252_s0,428.0,genpce_es,1,14510,0.7757009345794392
er4,252,9,er4_m252_s0,428.0,genpce_es,1,14560,0.7757009345794392
er4,252,9,er4_m252_s0,428.0,genpce_es,1,14610,0.7757009345794392
er4,252,9,er4_m252_s0,428.0,genpce_es,1,14660,0.7757009345794392
er4,252,9,er4_m252_s0,428.0,genpce_es,1,14710,0.7757009345794392
er4,252,9,er4_m252_s0,428.0,genpce_es,1,14760,0.7757009345794392
er4,252,9,er4_m252_s0,428.0,genpce_es,1,14810,0.7757009345794392
er4,252,9,er4_m252_s0,428.0,genpce_es,1,14860,0.7757009345794392
er4,252,9,er4_m252_s0,428.0,genpce_es,1,14910,0.7757009345794392
er4,252,9,er4_m252_s0,428.0,genpce_es,1,14960,0.7757009345794392
er4,252,9,er4_m252_s0,428.0,genpce_es,1,15010,0.7757009345794392
er4,252,9,er4_m252_s0,428.0,genpce_es,1,15060,0.7757009345794392
er4,252,9,er4_m252_s0,428.0,genpce_es,1,15110,0.7757009345794392
er4,252,9,er4_m252_s0,428.0,genpce_es,1,15160,0.7757009345794392
er4,252,9,er4_m252_s0,428.0,genpce_es,1,15210,0.7757009345794392
er4,252,9,er4_m252_s0,428.0,genpce_es,1,15260,0.7757009345794392
er4,252,9,er4_m252_s0,428.0,genpce_es,1,15310,0.7757009345794392
er4,252,9,er4_m252_s0,428.0,genpce_es,1,15360,0.7757009345794392
er4,252,9,er4_m252_s0,428.0,genpce_es,1,15410,0.7757009345794392
er4,252,9,er4_m252_s0,428.0,genpce_es,1,15460,0.7757009345794392
er4,252,9,er4_m252_s0,428.0,genpce_es,1,15510,0.7757009345794392
er4,252,9,er4_m252_s0,428.0,genpce_es,1,15560,0.7757009345794392
er4,252,9,er4_m252_s0,428.0,genpce_es,1,15610,0.7757009345794392
er4,252,9,er4_m252_s0,428.0,genpce_es,1,15660,0.7757009345794392
er4,252,9,er4_m252_s0,428.0,genpce_es,1,15710,0.7757009345794392
er4,252,9,er4_m252_s0,428.0,genpce_es,1,15760,0.7757009345794392
er4,252,9,er4_m252_s0,428.0,genpce_es,1,15810,0.7757009345794392
er4,252,9,er4_m252_s0,428.0,genpce_es,1,15860,0.7757009345794392
er4,252,9,er4_m252_s0,428.0,genpce_es,1,15910,0.7757009345794392
er4,252,9,er4_m252_s0,428.0,genpce_es,1,15960,0.7757009345794392
er4,252,9,er4_m252_s0,428.0,genpce_es,1,16010,0.7757009345794392
er4,252,9,er4_m252_s0,428.0,genpce_es,1,16060,0.7757009345794392
er4,252,9,er4_m252_s0,428.0,genpce_es,1,16110,0.7757009345794392
er4,252,9,er4_m252_s0,428.0,genpce_es,1,16160,0.7757009345794392
er4,252,9,er4_m252_s0,428.0,genpce_es,1,16210,0.7757009345794392
er4,252,9,er4_m252_s0,428.0,genpce_es,1,16260,0.7757009345794392
er4,252,9,er4_m252_s0,428.0,genpce_es,1,16310,0.7757009345794392
er4,252,9,er4_m252_s0,428.0,genpce_es,1,16360,0.7757009345794392
er4,252,9,er4_m252_s0,428.0,genpce_es,1,16410,0.7757009345794392
er4,252,9,er4_m252_s0,428.0,genpce_es,1,16460,0.7757009345794392
er4,252,9,er4_m252_s0,428.0,genpce_es,1,16510,0.7757009345794392
er4,252,9,er4_m252_s0,428.0,genpce_es,1,16560,0.7757009345794392
er4,252,9,er4_m252_s0,428.0,genpce_es,1,16610,0.7757009345794392
er4,252,9,er4_m252_s0,428.0,genpce_es,1,16660,0.7757009345794392
er4,252,9,er4_m252_s0,428.0,genpce_es,1,16710,0.7757009345794392
er4,252,9,er4_m252_s0,428.0,genpce_es,1,16760,0.7757009345794392
er4,252,9,er4_m252_s0,428.0,genpce_es,1,16810,0.7757009345794392
er4,252,9,er4_m252_s0,428.0,genpce_es,1,16860,0.7757009345794392
er4,252,9,er4_m252_s0,428.0,genpce_es,1,16910,0.7757009345794392
er4,252,9,er4_m252_s0,428.0,genpce_es,1,16960,0.7757009345794392
er4,252,9,er4_m252_s0,428.0,genpce_es,1,17010,0.7757009345794392
er4,252,9,er4_m252_s0,428.0,genpce_es,1,17060,0.7757009345794392
er4,252,9,er4_m252_s0,428.0,genpce_es,1,17110,0.7757009345794392
er4,252,9,er4_m252_s0,428.0,genpce_es,1,17160,0.7757009345794392
er4,252,9,er4_m252_s0,428.0,genpce_es,1,17210,0.7757009345794392
er4,252,9,er4_m252_s0,428.0,genpce_es,1,17260,0.7757009345794392
er4,252,9,er4_m252_s0,428.0,genpce_es,1,17310,0.7757009345794392
er4,252,9,er4_m252_s0,428.0,genpce_es,1,17360,0.7757009345794392
er4,252,9,er4_m252_s0,428.0,genpce_es,1,17410,0.7757009345794392
er4,252,9,er4_m252_s0,428.0,genpce_es,1,17460,0.7757009345794392
er4,252,9,er4_m252_s0,428.0,genpce_es,1,17510,0.7757009345794392
er4,252,9,er4_m252_s0,428.0,genpce_es,1,17560,0.7757009345794392
er4,252,9,er4_m252_s0,428.0,genpce_es,1,17610,0.7757009345794392
er4,252,9,er4_m252_s0,428.0,genpce_es,1,17660,0.7757009345794392
er4,252,9,er4_m252_s0,428.0,genpce_es,1,17710,0.7757009345794392
er4,252,9,er4_m252_s0,428.0,genpce_es,1,17760,0.7757009345794392
er4,252,9,er4_m252_s0,428.0,genpce_es,1,17810,0.7757009345794392
er4,252,9,er4_m252_s0,428.0,genpce_es,1,17860,0.7757009345794392
er4,252,9,er4_m252_s0,428.0,genpce_es,1,17910,0.7757009345794392
er4,252,9,er4_m252_s0,428.0,genpce_es,1,17960,0.7757009345794392
er4,252,9,er4_m252_s0,428.0,genpce_es,1,18010,0.7757009345794392
er4,252,9,er4_m252_s0,428.0,genpce_es,1,18060,0.7757009345794392
er4,252,9,er4_m252_s0,428.0,genpce_es,1,18110,0.7757009345794392
er4,252,9,er4_m252_s0,428.0,genpce_es,1,18160,0.7757009345794392
er4,252,9,er4_m252_s0,428.0,genpce_es,1,18210,0.7757009345794392
er4,252,9,er4_m252_s0,428.0,genpce_es,1,18260,0.7757009345794392
er4,252,9,er4_m252_s0,428.0,genpce_es,1,18310,0.7757009345794392
er4,252,9,er4_m252_s0,428.0,genpce_es,1,18360,0.7757009345794392
er4,252,9,er4_m252_s0,428.0,genpce_es,1,18410,0.7757009345794392
er4,252,9,er4_m252_s0,428.0,genpce_es,1,18460,0.7757009345794392
er4,252,9,er4_m252_s0,428.0,genpce_es,1,18510,0.7757009345794392
er4,252,9,er4_m252_s0,428.0,genpce_es,1,18560,0.7757009345794392
er4,252,9,er4_m252_s0,428.0,genpce_es,1,18610,0.7757009345794392
er4,252,9,er4_m252_s0,428.0,genpce_es,1,18660,0.7757009345794392
er4,252,9,er4_m252_s0,428.0,genpce_es,1,18710,0.7757009345794392
er4,252,9,er4_m252_s0,428.0,genpce_es,1,18760,0.7757009345794392
er4,252,9,er4_m252_s0,428.0,genpce_es,1,18810,0.7757009345794392
er4,252,9,er4_m252_s0,428.0,genpce_es,1,18860,0.7757009345794392
er4,252,9,er4_m252_s0,428.0,genpce_es,1,18910,0.7757009345794392
er4,252,9,er4_m252_s0,428.0,genpce_es,1,18960,0.7757009345794392
er4,252,9,er4_m252_s0,428.0,genpce_es,1,19010,0.7757009345794392
er4,252,9,er4_m252_s0,428.0,genpce_es,1,19060,0.7757009345794392
er4,252,9,er4_m252_s0,428.0,genpce_es,1,19110,0.7757009345794392
er4,252,9,er4_m252_s0,428.0,genpce_es,1,19160,0.7757009345794392
er4,252,9,er4_m252_s0,428.0,genpce_es,1,19210,0.7757009345794392
er4,252,9,er4_m252_s0,428.0,genpce_es,1,19260,0.7757009345794392
er4,252,9,er4_m252_s0,428.0,genpce_es,1,19310,0.7757009345794392
er4,252,9,er4_m252_s0,428.0,genpce_es,1,19360,0.7757009345794392
er4,252,9,er4_m252_s0,428.0,genpce_es,1,19410,0.7757009345794392
er4,252,9,er4_m252_s0,428.0,genpce_es,1,19460,0.7757009345794392
er4,252,9,er4_m252_s0,428.0,genpce_es,1,19510,0.7757009345794392
er4,252,9,er4_m252_s0,428.0,genpce_es,1,19560,0.7757009345794392
er4,252,9,er4_m252_s0,428.0,genpce_es,1,19610,0.7757009345794392
er4,252,9,er4_m252_s0,428.0,genpce_es,1,19660,0.7757009345794392
er4,252,9,er4_m252_s0,428.0,genpce_es,1,19710,0.7757009345794392
er4,252,9,er4_m252_s0,428.0,genpce_es,1,19760,0.7757009345794392
er4,252,9,er4_m252_s0,428.0,genpce_es,1,19810,0.7757009345794392
er4,252,9,er4_m252_s0,428.0,genpce_es,1,19860,0.7757009345794392
er4,252,9,er4_m252_s0,428.0,genpce_es,1,19910,0.7757009345794392
er4,252,9,er4_m252_s0,428.0,genpce_es,1,19960,0.7757009345794392
er4,252,9,er4_m252_s0,428.0,genpce_es,1,20010,0.7757009345794392
er4,252,9,er4_m252_s0,428.0,random,1,50,0.6425233644859814
er4,252,9,er4_m252_s0,428.0,random,1,100,0.6425233644859814
er4,252,9,er4_m252_s0,428.0,random,1,150,0.6635514018691588
er4,252,9,er4_m252_s0,428.0,random,1,200,0.6635514018691588
er4,252,9,er4_m252_s0,428.0,random,1,250,0.6635514018691588
er4,252,9,er4_m252_s0,428.0,random,1,300,0.6635514018691588
er4,252,9,er4_m252_s0,428.0,random,1,350,0.6658878504672897
er4,252,9,er4_m252_s0,428.0,random,1,400,0.6658878504672897
er4,252,9,er4_m252_s0,428.0,random,1,450,0.6658878504672897
er4,252,9,er4_m252_s0,428.0,random,1,500,0.6658878504672897
er4,252,9,er4_m252_s0,428.0,random,1,550,0.6658878504672897
er4,252,9,er4_m252_s0,428.0,random,1,600,0.6658878504672897
er4,252,9,er4_m252_s0,428.0,random,1,650,0.6658878504672897
er4,252,9,er4_m252_s0,428.0,random,1,700,0.6658878504672897
er4,252,9,er4_m252_s0,428.0,random,1,750,0.6658878504672897
er4,252,9,er4_m252_s0,428.0,random,1,800,0.6658878504672897
er4,252,9,er4_m252_s0,428.0,random,1,850,0.6658878504672897
er4,252,9,er4_m252_s0,428.0,random,1,900,0.6658878504672897
er4,252,9,er4_m252_s0,428.0,random,1,950,0.6658878504672897
er4,252,9,er4_m252_s0,428.0,random,1,1000,0.6658878504672897
er4,252,9,er4_m252_s0,428.0,random,1,1050,0.6658878504672897
er4,252,9,er4_m252_s0,428.0,random,1,1100,0.6658878504672897
er4,252,9,er4_m252_s0,428.0,random,1,1150,0.6658878504672897
er4,252,9,er4_m252_s0,428.0,random,1,1200,0.6658878504672897
er4,252,9,er4_m252_s0,428.0,random,1,1250,0.6658878504672897
er4,252,9,er4_m252_s0,428.0,random,1,1300,0.6682242990654206
er4,252,9,er4_m252_s0,428.0,random,1,1350,0.6682242990654206
er4,252,9,er4_m252_s0,428.0,random,1,1400,0.6682242990654206
er4,252,9,er4_m252_s0,428.0,random,1,1450,0.6682242990654206
er4,252,9,er4_m252_s0,428.0,random,1,1500,0.6682242990654206
er4,252,9,er4_m252_s0,428.0,random,1,1550,0.6682242990654206
er4,252,9,er4_m252_s0,428.0,random,1,1600,0.6682242990654206
er4,252,9,er4_m252_s0,428.0,random,1,1650,0.6682242990654206
er4,252,9,er4_m252_s0,428.0,random,1,1700,0.6682242990654206
er4,252,9,er4_m252_s0,428.0,random,1,1750,0.6682242990654206
er4,252,9,er4_m252_s0,428.0,random,1,1800,0.6682242990654206
er4,252,9,er4_m252_s0,428.0,random,1,1850,0.6682242990654206
er4,252,9,er4_m252_s0,428.0,random,1,1900,0.6682242990654206
er4,252,9,er4_m252_s0,428.0,random,1,1950,0.6682242990654206
er4,252,9,er4_m252_s0,428.0,random,1,2000,0.6682242990654206
er4,252,9,er4_m252_s0,428.0,random,1,2050,0.6682242990654206
er4,252,9,er4_m252_s0,428.0,random,1,2100,0.6682242990654206
er4,252,9,er4_m252_s0,428.0,random,1,2150,0.6682242990654206
er4,252,9,er4_m252_s0,428.0,random,1,2200,0.6682242990654206
er4,252,9,er4_m252_s0,428.0,random,1,2250,0.6682242990654206
er4,252,9,er4_m252_s0,428.0,random,1,2300,0.6682242990654206
er4,252,9,er4_m252_s0,428.0,random,1,2350,0.6682242990654206
er4,252,9,er4_m252_s0,428.0,random,1,2400,0.6682242990654206
er4,252,9,er4_m252_s0,428.0,random,1,2450,0.6682242990654206
er4,252,9,er4_m252_s0,428.0,random,1,2500,0.6682242990654206
er4,252,9,er4_m252_s0,428.0,random,1,2550,0.6682242990654206
er4,252,9,er4_m252_s0,428.0,random,1,2600,0.6682242990654206
er4,252,9,er4_m252_s0,428.0,random,1,2650,0.6682242990654206
er4,252,9,er4_m252_s0,428.0,random,1,2700,0.6682242990654206
er4,252,9,er4_m252_s0,428.0,random,1,2750,0.6682242990654206
er4,252,9,er4_m252_s0,428.0,random,1,2800,0.6682242990654206
er4,252,9,er4_m252_s0,428.0,random,1,2850,0.6682242990654206
er4,252,9,er4_m252_s0,428.0,random,1,2900,0.6682242990654206
er4,252,9,er4_m252_s0,428.0,random,1,2950,0.6682242990654206
er4,252,9,er4_m252_s0,428.0,random,1,3000,0.6682242990654206
er4,252,9,er4_m252_s0,428.0,random,1,3050,0.6682242990654206
er4,252,9,er4_m252_s0,428.0,random,1,3100,0.6682242990654206
er4,252,9,er4_m252_s0,428.0,random,1,3150,0.6682242990654206
er4,252,9,er4_m252_s0,428.0,random,1,3200,0.6682242990654206
er4,252,9,er4_m252_s0,428.0,random,1,3250,0.6682242990654206
er4,252,9,er4_m252_s0,428.0,random,1,3300,0.6822429906542056
er4,252,9,er4_m252_s0,428.0,random,1,3350,0.6822429906542056
er4,252,9,er4_m252_s0,428.0,random,1,3400,0.6822429906542056
er4,252,9,er4_m252_s0,428.0,random,1,3450,0.6822429906542056
er4,252,9,er4_m252_s0,428.0,random,1,3500,0.6822429906542056
er4,252,9,er4_m252_s0,428.0,random,1,3550,0.6822429906542056
er4,252,9,er4_m252_s0,428.0,random,1,3600,0.6822429906542056
er4,252,9,er4_m252_s0,428.0,random,1,3650,0.6822429906542056
er4,252,9,er4_m252_s0,428.0,random,1,3700,0.6822429906542056
er4,252,9,er4_m252_s0,428.0,random,1,3750,0.6822429906542056
er4,252,9,er4_m252_s0,428.0,random,1,3800,0.6822429906542056
er4,252,9,er4_m252_s0,428.0,random,1,3850,0.6822429906542056
er4,252,9,er4_m252_s0,428.0,random,1,3900,0.6822429906542056
er4,252,9,er4_m252_s0,428.0,random,1,3950,0.6822429906542056
er4,252,9,er4_m252_s0,428.0,random,1,4000,0.6822429906542056
er4,252,9,er4_m252_s0,428.0,random,1,4050,0.6822429906542056
er4,252,9,er4_m252_s0,428.0,random,1,4100,0.6822429906542056
er4,252,9,er4_m252_s0,428.0,random,1,4150,0.6822429906542056
er4,252,9,er4_m252_s0,428.0,random,1,4200,0.6822429906542056
er4,252,9,er4_m252_s0,428.0,random,1,4250,0.6822429906542056
er4,252,9,er4_m252_s0,428.0,random,1,4300,0.6822429906542056
er4,252,9,er4_m252_s0,428.0,random,1,4350,0.6822429906542056
er4,252,9,er4_m252_s0,428.0,random,1,4400,0.6822429906542056
er4,252,9,er4_m252_s0,428.0,random,1,4450,0.6822429906542056
er4,252,9,er4_m252_s0,428.0,random,1,4500,0.6822429906542056
er4,252,9,er4_m252_s0,428.0,random,1,4550,0.6822429906542056
er4,252,9,er4_m252_s0,428.0,random,1,4600,0.6822429906542056
er4,252,9,er4_m252_s0,428.0,random,1,4650,0.6822429906542056
er4,252,9,er4_m252_s0,428.0,random,1,4700,0.6822429906542056
er4,252,9,er4_m252_s0,428.0,random,1,4750,0.6822429906542056
er4,252,9,er4_m252_s0,428.0,random,1,4800,0.6822429906542056
er4,252,9,er4_m252_s0,428.0,random,1,4850,0.6822429906542056
er4,252,9,er4_m252_s0,428.0,random,1,4900,0.6822429906542056
er4,252,9,er4_m252_s0,428.0,random,1,4950,0.6822429906542056
er4,252,9,er4_m252_s0,428.0,random,1,5000,0.6822429906542056
er4,252,9,er4_m252_s0,428.0,random,1,5050,0.6822429906542056
er4,252,9,er4_m252_s0,428.0,random,1,5100,0.6822429906542056
er4,252,9,er4_m252_s0,428.0,random,1,5150,0.6822429906542056
er4,252,9,er4_m252_s0,428.0,random,1,5200,0.6822429906542056
er4,252,9,er4_m252_s0,428.0,random,1,5250,0.6822429906542056
er4,252,9,er4_m252_s0,428.0,random,1,5300,0.6822429906542056
er4,252,9,er4_m252_s0,428.0,random,1,5350,0.6822429906542056
er4,252,9,er4_m252_s0,428.0,random,1,5400,0.6822429906542056
er4,252,9,er4_m252_s0,428.0,random,1,5450,0.6822429906542056
er4,252,9,er4_m252_s0,428.0,random,1,5500,0.6822429906542056
er4,252,9,er4_m252_s0,428.0,random,1,5550,0.6822429906542056
er4,252,9,er4_m252_s0,428.0,random,1,5600,0.6822429906542056
er4,252,9,er4_m252_s0,428.0,random,1,5650,0.6822429906542056
er4,252,9,er4_m252_s0,428.0,random,1,5700,0.6822429906542056
er4,252,9,er4_m252_s0,428.0,random,1,5750,0.6822429906542056
er4,252,9,er4_m252_s0,428.0,random,1,5800,0.6822429906542056
er4,252,9,er4_m252_s0,428.0,random,1,5850,0.6822429906542056
er4,252,9,er4_m252_s0,428.0,random,1,5900,0.6822429906542056
er4,252,9,er4_m252_s0,428.0,random,1,5950,0.6822429906542056
er4,252,9,er4_m252_s0,428.0,random,1,6000,0.6822429906542056
er4,252,9,er4_m252_s0,428.0,random,1,6050,0.6822429906542056
er4,252,9,er4_m252_s0,428.0,random,1,6100,0.6822429906542056
er4,252,9,er4_m252_s0,428.0,random,1,6150,0.6822429906542056
er4,252,9,er4_m252_s0,428.0,random,1,6200,0.6822429906542056
er4,252,9,er4_m252_s0,428.0,random,1,6250,0.6822429906542056
er4,252,9,er4_m252_s0,428.0,random,1,6300,0.6822429906542056
er4,252,9,er4_m252_s0,428.0,random,1,6350,0.6822429906542056
er4,252,9,er4_m252_s0,428.0,random,1,6400,0.6822429906542056
er4,252,9,er4_m252_s0,428.0,random,1,6450,0.6822429906542056
er4,252,9,er4_m252_s0,428.0,random,1,6500,0.6822429906542056
er4,252,9,er4_m252_s0,428.0,random,1,6550,0.6822429906542056
er4,252,9,er4_m252_s0,428.0,random,1,6600,0.6822429906542056
er4,252,9,er4_m252_s0,428.0,random,1,6650,0.6822429906542056
er4,252,9,er4_m252_s0,428.0,random,1,6700,0.6822429906542056
er4,252,9,er4_m252_s0,428.0,random,1,6750,0.6822429906542056
er4,252,9,er4_m252_s0,428.0,random,1,6800,0.6822429906542056
er4,252,9,er4_m252_s0,428.0,random,1,6850,0.6822429906542056
er4,252,9,er4_m252_s0,428.0,random,1,6900,0.6822429906542056
er4,252,9,er4_m252_s0,428.0,random,1,6950,0.6822429906542056
er4,252,9,er4_m252_s0,428.0,random,1,7000,0.6822429906542056
er4,252,9,er4_m252_s0,428.0,random,1,7050,0.6822429906542056
er4,252,9,er4_m252_s0,428.0,random,1,7100,0.6822429906542056
er4,252,9,er4_m252_s0,428.0,random,1,7150,0.6822429906542056
er4,252,9,er4_m252_s0,428.0,random,1,7200,0.6822429906542056
er4,252,9,er4_m252_s0,428.0,random,1,7250,0.6822429906542056
er4,252,9,er4_m252_s0,428.0,random,1,7300,0.6822429906542056
er4,252,9,er4_m252_s0,428.0,random,1,7350,0.6822429906542056
er4,252,9,er4_m252_s0,428.0,random,1,7400,0.6822429906542056
er4,252,9,er4_m252_s0,428.0,random,1,7450,0.6822429906542056
er4,252,9,er4_m252_s0,428.0,random,1,7500,0.6822429906542056
er4,252,9,er4_m252_s0,428.0,random,1,7550,0.6822429906542056
er4,252,9,er4_m252_s0,428.0,random,1,7600,0.6822429906542056
er4,252,9,er4_m252_s0,428.0,random,1,7650,0.6822429906542056
er4,252,9,er4_m252_s0,428.0,random,1,7700,0.6822429906542056
er4,252,9,er4_m252_s0,428.0,random,1,7750,0.6892523364485982
er4,252,9,er4_m252_s0,428.0,random,1,7800,0.6892523364485982
er4,252,9,er4_m252_s0,428.0,random,1,7850,0.6892523364485982
er4,252,9,er4_m252_s0,428.0,random,1,7900,0.6892523364485982
er4,252,9,er4_m252_s0,428.0,random,1,7950,0.6892523364485982
er4,252,9,er4_m252_s0,428.0,random,1,8000,0.6892523364485982
er4,252,9,er4_m252_s0,428.0,random,1,8050,0.6892523364485982
er4,252,9,er4_m252_s0,428.0,random,1,8100,0.6892523364485982
er4,252,9,er4_m252_s0,428.0,random,1,8150,0.6892523364485982
er4,252,9,er4_m252_s0,428.0,random,1,8200,0.6892523364485982
er4,252,9,er4_m252_s0,428.0,random,1,8250,0.6892523364485982
er4,252,9,er4_m252_s0,428.0,random,1,8300,0.6892523364485982
er4,252,9,er4_m252_s0,428.0,random,1,8350,0.6892523364485982
er4,252,9,er4_m252_s0,428.0,random,1,8400,0.6892523364485982
er4,252,9,er4_m252_s0,428.0,random,1,8450,0.6892523364485982
er4,252,9,er4_m252_s0,428.0,random,1,8500,0.6892523364485982
er4,252,9,er4_m252_s0,428.0,random,1,8550,0.6892523364485982
er4,252,9,er4_m252_s0,428.0,random,1,8600,0.6892523364485982
er4,252,9,er4_m252_s0,428.0,random,1,8650,0.6892523364485982
er4,252,9,er4_m252_s0,428.0,random,1,8700,0.6892523364485982
er4,252,9,er4_m252_s0,428.0,random,1,8750,0.6892523364485982
er4,252,9,er4_m252_s0,428.0,random,1,8800,0.6892523364485982
er4,252,9,er4_m252_s0,428.0,random,1,8850,0.6892523364485982
er4,252,9,er4_m252_s0,428.0,random,1,8900,0.6892523364485982
er4,252,9,er4_m252_s0,428.0,random,1,8950,0.6892523364485982
er4,252,9,er4_m252_s0,428.0,random,1,9000,0.6892523364485982
er4,252,9,er4_m252_s0,428.0,random,1,9050,0.6892523364485982
er4,252,9,er4_m252_s0,428.0,random,1,9100,0.6892523364485982
er4,252,9,er4_m252_s0,428.0,random,1,9150,0.6892523364485982
er4,252,9,er4_m252_s0,428.0,random,1,9200,0.6962616822429907
er4,252,9,er4_m252_s0,428.0,random,1,9250,0.6962616822429907
er4,252,9,er4_m252_s0,428.0,random,1,9300,0.6962616822429907
er4,252,9,er4_m252_s0,428.0,random,1,9350,0.6962616822429907
er4,252,9,er4_m252_s0,428.0,random,1,9400,0.6962616822429907
er4,252,9,er4_m252_s0,428.0,random,1,9450,0.6962616822429907
er4,252,9,er4_m252_s0,428.0,random,1,9500,0.6962616822429907
er4,252,9,er4_m252_s0,428.0,random,1,9550,0.6962616822429907
er4,252,9,er4_m252_s0,428.0,random,1,9600,0.6962616822429907
er4,252,9,er4_m252_s0,428.0,random,1,9650,0.6962616822429907
er4,252,9,er4_m252_s0,428.0,random,1,9700,0.6962616822429907
er4,252,9,er4_m252_s0,428.0,random,1,9750,0.6962616822429907
er4,252,9,er4_m252_s0,428.0,random,1,9800,0.6962616822429907
er4,252,9,er4_m252_s0,428.0,random,1,9850,0.6962616822429907
er4,252,9,er4_m252_s0,428.0,random,1,9900,0.6962616822429907
er4,252,9,er4_m252_s0,428.0,random,1,9950,0.6962616822429907
er4,252,9,er4_m252_s0,428.0,random,1,10000,0.6962616822429907
er4,252,9,er4_m252_s0,428.0,random,1,10050,0.6962616822429907
er4,252,9,er4_m252_s0,428.0,random,1,10100,0.6962616822429907
er4,252,9,er4_m252_s0,428.0,random,1,10150,0.6962616822429907
er4,252,9,er4_m252_s0,428.0,random,1,10200,0.6962616822429907
er4,252,9,er4_m252_s0,428.0,random,1,10250,0.6962616822429907
er4,252,9,er4_m252_s0,428.0,random,1,10300,0.6962616822429907
er4,252,9,er4_m252_s0,428.0,random,1,10350,0.6962616822429907
er4,252,9,er4_m252_s0,428.0,random,1,10400,0.6962616822429907
er4,252,9,er4_m252_s0,428.0,random,1,10450,0.6962616822429907
er4,252,9,er4_m252_s0,428.0,random,1,10500,0.6962616822429907
er4,252,9,er4_m252_s0,428.0,random,1,10550,0.6962616822429907
er4,252,9,er4_m252_s0,428.0,random,1,10600,0.6962616822429907
er4,252,9,er4_m252_s0,428.0,random,1,10650,0.6962616822429907
er4,252,9,er4_m252_s0,428.0,random,1,10700,0.6962616822429907
er4,252,9,er4_m252_s0,428.0,random,1,10750,0.6962616822429907
er4,252,9,er4_m252_s0,428.0,random,1,10800,0.6962616822429907
er4,252,9,er4_m252_s0,428.0,random,1,10850,0.6962616822429907
er4,252,9,er4_m252_s0,428.0,random,1,10900,0.6962616822429907
er4,252,9,er4_m252_s0,428.0,random,1,10950,0.6962616822429907
er4,252,9,er4_m252_s0,428.0,random,1,11000,0.6962616822429907
er4,252,9,er4_m252_s0,428.0,random,1,11050,0.6962616822429907
er4,252,9,er4_m252_s0,428.0,random,1,11100,0.6962616822429907
er4,252,9,er4_m252_s0,428.0,random,1,11150,0.6962616822429907
er4,252,9,er4_m252_s0,428.0,random,1,11200,0.6962616822429907
er4,252,9,er4_m252_s0,428.0,random,1,11250,0.6962616822429907
er4,252,9,er4_m252_s0,428.0,random,1,11300,0.6962616822429907
er4,252,9,er4_m252_s0,428.0,random,1,11350,0.6962616822429907
er4,252,9,er4_m252_s0,428.0,random,1,11400,0.6962616822429907
er4,252,9,er4_m252_s0,428.0,random,1,11450,0.6962616822429907
er4,252,9,er4_m252_s0,428.0,random,1,11500,0.6962616822429907
er4,252,9,er4_m252_s0,428.0,random,1,11550,0.6962616822429907
er4,252,9,er4_m252_s0,428.0,random,1,11600,0.6962616822429907
er4,252,9,er4_m252_s0,428.0,random,1,11650,0.6962616822429907
er4,252,9,er4_m252_s0,428.0,random,1,11700,0.6962616822429907
er4,252,9,er4_m252_s0,428.0,random,1,11750,0.6962616822429907
er4,252,9,er4_m252_s0,428.0,random,1,11800,0.6962616822429907
er4,252,9,er4_m252_s0,428.0,random,1,11850,0.6962616822429907
er4,252,9,er4_m252_s0,428.0,random,1,11900,0.6962616822429907
er4,252,9,er4_m252_s0,428.0,random,1,11950,0.6962616822429907
er4,252,9,er4_m252_s0,428.0,random,1,12000,0.6962616822429907
er4,252,9,er4_m252_s0,428.0,random,1,12050,0.6962616822429907
er4,252,9,er4_m252_s0,428.0,random,1,12100,0.6962616822429907
er4,252,9,er4_m252_s0,428.0,random,1,12150,0.6962616822429907
er4,252,9,er4_m252_s0,428.0,random,1,12200,0.6962616822429907
er4,252,9,er4_m252_s0,428.0,random,1,12250,0.6962616822429907
er4,252,9,er4_m252_s0,428.0,random,1,12300,0.6962616822429907
er4,252,9,er4_m252_s0,428.0,random,1,12350,0.6962616822429907
er4,252,9,er4_m252_s0,428.0,random,1,12400,0.6962616822429907
er4,252,9,er4_m252_s0,428.0,random,1,12450,0.6962616822429907
er4,252,9,er4_m252_s0,428.0,random,1,12500,0.6962616822429907
er4,252,9,er4_m252_s0,428.0,random,1,12550,0.6962616822429907
er4,252,9,er4_m252_s0,428.0,random,1,12600,0.6962616822429907
er4,252,9,er4_m252_s0,428.0,random,1,12650,0.6962616822429907
er4,252,9,er4_m252_s0,428.0,random,1,12700,0.6962616822429907
er4,252,9,er4_m252_s0,428.0,random,1,12750,0.6962616822429907
er4,252,9,er4_m252_s0,428.0,random,1,12800,0.6962616822429907
er4,252,9,er4_m252_s0,428.0,random,1,12850,0.6962616822429907
er4,252,9,er4_m252_s0,428.0,random,1,12900,0.6962616822429907
er4,252,9,er4_m252_s0,428.0,random,1,12950,0.6962616822429907
er4,252,9,er4_m252_s0,428.0,random,1,13000,0.6962616822429907
er4,252,9,er4_m252_s0,428.0,random,1,13050,0.6962616822429907
er4,252,9,er4_m252_s0,428.0,random,1,13100,0.6962616822429907
er4,252,9,er4_m252_s0,428.0,random,1,13150,0.6962616822429907
er4,252,9,er4_m252_s0,428.0,random,1,13200,0.6962616822429907
er4,252,9,er4_m252_s0,428.0,random,1,13250,0.6962616822429907
er4,252,9,er4_m252_s0,428.0,random,1,13300,0.6962616822429907
er4,252,9,er4_m252_s0,428.0,random,1,13350,0.6962616822429907
er4,252,9,er4_m252_s0,428.0,random,1,13400,0.6962616822429907
er4,252,9,er4_m252_s0,428.0,random,1,13450,0.6962616822429907
er4,252,9,er4_m252_s0,428.0,random,1,13500,0.6962616822429907
er4,252,9,er4_m252_s0,428.0,random,1,13550,0.6962616822429907
er4,252,9,er4_m252_s0,428.0,random,1,13600,0.6962616822429907
er4,252,9,er4_m252_s0,428.0,random,1,13650,0.6962616822429907
er4,252,9,er4_m252_s0,428.0,random,1,13700,0.6962616822429907
er4,252,9,er4_m252_s0,428.0,random,1,13750,0.6962616822429907
er4,252,9,er4_m252_s0,428.0,random,1,13800,0.6962616822429907
er4,252,9,er4_m252_s0,428.0,random,1,13850,0.6962616822429907
er4,252,9,er4_m252_s0,428.0,random,1,13900,0.6962616822429907
er4,252,9,er4_m252_s0,428.0,random,1,13950,0.6962616822429907
er4,252,9,er4_m252_s0,428.0,random,1,14000,0.6962616822429907
er4,252,9,er4_m252_s0,428.0,random,1,14050,0.6962616822429907
er4,252,9,er4_m252_s0,428.0,random,1,14100,0.6962616822429907
er4,252,9,er4_m252_s0,428.0,random,1,14150,0.6962616822429907
er4,252,9,er4_m252_s0,428.0,random,1,14200,0.6962616822429907
er4,252,9,er4_m252_s0,428.0,random,1,14250,0.6962616822429907
er4,252,9,er4_m252_s0,428.0,random,1,14300,0.6962616822429907
er4,252,9,er4_m252_s0,428.0,random,1,14350,0.6962616822429907
er4,252,9,er4_m252_s0,428.0,random,1,14400,0.6962616822429907
er4,252,9,er4_m252_s0,428.0,random,1,14450,0.6962616822429907
er4,252,9,er4_m252_s0,428.0,random,1,14500,0.6962616822429907
er4,252,9,er4_m252_s0,428.0,random,1,14550,0.6962616822429907
er4,252,9,er4_m252_s0,428.0,random,1,14600,0.6962616822429907
er4,252,9,er4_m252_s0,428.0,random,1,14650,0.6962616822429907
er4,252,9,er4_m252_s0,428.0,random,1,14700,0.6962616822429907
er4,252,9,er4_m252_s0,428.0,random,1,14750,0.6962616822429907
er4,252,9,er4_m252_s0,428.0,random,1,14800,0.6962616822429907
er4,252,9,er4_m252_s0,428.0,random,1,14850,0.6962616822429907
er4,252,9,er4_m252_s0,428.0,random,1,14900,0.6962616822429907
er4,252,9,er4_m252_s0,428.0,random,1,14950,0.6962616822429907
er4,252,9,er4_m252_s0,428.0,random,1,15000,0.6962616822429907
er4,252,9,er4_m252_s0,428.0,random,1,15050,0.6962616822429907
er4,252,9,er4_m252_s0,428.0,random,1,15100,0.6962616822429907
er4,252,9,er4_m252_s0,428.0,random,1,15150,0.6962616822429907
er4,252,9,er4_m252_s0,428.0,random,1,15200,0.6962616822429907
er4,252,9,er4_m252_s0,428.0,random,1,15250,0.6962616822429907
er4,252,9,er4_m252_s0,428.0,random,1,15300,0.6962616822429907
er4,252,9,er4_m252_s0,428.0,random,1,15350,0.6962616822429907
er4,252,9,er4_m252_s0,428.0,random,1,15400,0.6962616822429907
er4,252,9,er4_m252_s0,428.0,random,1,15450,0.6962616822429907
er4,252,9,er4_m252_s0,428.0,random,1,15500,0.6962616822429907
er4,252,9,er4_m252_s0,428.0,random,1,15550,0.6962616822429907
er4,252,9,er4_m252_s0,428.0,random,1,15600,0.6962616822429907
er4,252,9,er4_m252_s0,428.0,random,1,15650,0.6962616822429907
er4,252,9,er4_m252_s0,428.0,random,1,15700,0.6962616822429907
er4,252,9,er4_m252_s0,428.0,random,1,15750,0.6962616822429907
er4,252,9,er4_m252_s0,428.0,random,1,15800,0.6962616822429907
er4,252,9,er4_m252_s0,428.0,random,1,15850,0.6962616822429907
er4,252,9,er4_m252_s0,428.0,random,1,15900,0.6962616822429907
er4,252,9,er4_m252_s0,428.0,random,1,15950,0.6962616822429907
er4,252,9,er4_m252_s0,428.0,random,1,16000,0.6962616822429907
er4,252,9,er4_m252_s0,428.0,random,1,16050,0.6962616822429907
er4,252,9,er4_m252_s0,428.0,random,1,16100,0.6962616822429907
er4,252,9,er4_m252_s0,428.0,random,1,16150,0.6962616822429907
er4,252,9,er4_m252_s0,428.0,random,1,16200,0.6962616822429907
er4,252,9,er4_m252_s0,428.0,random,1,16250,0.6962616822429907
er4,252,9,er4_m252_s0,428.0,random,1,16300,0.6962616822429907
er4,252,9,er4_m252_s0,428.0,random,1,16350,0.6962616822429907
er4,252,9,er4_m252_s0,428.0,random,1,16400,0.6962616822429907
er4,252,9,er4_m252_s0,428.0,random,1,16450,0.6962616822429907
er4,252,9,er4_m252_s0,428.0,random,1,16500,0.6962616822429907
er4,252,9,er4_m252_s0,428.0,random,1,16550,0.6962616822429907
er4,252,9,er4_m252_s0,428.0,random,1,16600,0.6962616822429907
er4,252,9,er4_m252_s0,428.0,random,1,16650,0.6962616822429907
er4,252,9,er4_m252_s0,428.0,random,1,16700,0.6962616822429907
er4,252,9,er4_m252_s0,428.0,random,1,16750,0.6962616822429907
er4,252,9,er4_m252_s0,428.0,random,1,16800,0.6962616822429907
er4,252,9,er4_m252_s0,428.0,random,1,16850,0.6962616822429907
er4,252,9,er4_m252_s0,428.0,random,1,16900,0.6962616822429907
er4,252,9,er4_m252_s0,428.0,random,1,16950,0.6962616822429907
er4,252,9,er4_m252_s0,428.0,random,1,17000,0.6962616822429907
er4,252,9,er4_m252_s0,428.0,random,1,17050,0.6962616822429907
er4,252,9,er4_m252_s0,428.0,random,1,17100,0.6962616822429907
er4,252,9,er4_m252_s0,428.0,random,1,17150,0.6962616822429907
er4,252,9,er4_m252_s0,428.0,random,1,17200,0.6962616822429907
er4,252,9,er4_m252_s0,428.0,random,1,17250,0.6962616822429907
er4,252,9,er4_m252_s0,428.0,random,1,17300,0.6962616822429907
er4,252,9,er4_m252_s0,428.0,random,1,17350,0.6962616822429907
er4,252,9,er4_m252_s0,428.0,random,1,17400,0.6962616822429907
er4,252,9,er4_m252_s0,428.0,random,1,17450,0.6962616822429907
er4,252,9,er4_m252_s0,428.0,random,1,17500,0.6962616822429907
er4,252,9,er4_m252_s0,428.0,random,1,17550,0.6962616822429907
er4,252,9,er4_m252_s0,428.0,random,1,17600,0.6962616822429907
er4,252,9,er4_m252_s0,428.0,random,1,17650,0.6962616822429907
er4,252,9,er4_m252_s0,428.0,random,1,17700,0.6962616822429907
er4,252,9,er4_m252_s0,428.0,random,1,17750,0.6962616822429907
er4,252,9,er4_m252_s0,428.0,random,1,17800,0.6962616822429907
er4,252,9,er4_m252_s0,428.0,random,1,17850,0.6962616822429907
er4,252,9,er4_m252_s0,428.0,random,1,17900,0.6962616822429907
er4,252,9,er4_m252_s0,428.0,random,1,17950,0.6962616822429907
er4,252,9,er4_m252_s0,428.0,random,1,18000,0.6962616822429907
er4,252,9,er4_m252_s0,428.0,random,1,18050,0.6962616822429907
er4,252,9,er4_m252_s0,428.0,random,1,18100,0.6962616822429907
er4,252,9,er4_m252_s0,428.0,random,1,18150,0.6962616822429907
er4,252,9,er4_m252_s0,428.0,random,1,18200,0.6962616822429907
er4,252,9,er4_m252_s0,428.0,random,1,18250,0.6962616822429907
er4,252,9,er4_m252_s0,428.0,random,1,18300,0.6962616822429907
er4,252,9,er4_m252_s0,428.0,random,1,18350,0.6962616822429907
er4,252,9,er4_m252_s0,428.0,random,1,18400,0.6962616822429907
er4,252,9,er4_m252_s0,428.0,random,1,18450,0.6962616822429907
er4,252,9,er4_m252_s0,428.0,random,1,18500,0.6962616822429907
er4,252,9,er4_m252_s0,428.0,random,1,18550,0.6962616822429907
er4,252,9,er4_m252_s0,428.0,random,1,18600,0.6962616822429907
er4,252,9,er4_m252_s0,428.0,random,1,18650,0.6962616822429907
er4,252,9,er4_m252_s0,428.0,random,1,18700,0.6962616822429907
er4,252,9,er4_m252_s0,428.0,random,1,18750,0.6962616822429907
er4,252,9,er4_m252_s0,428.0,random,1,18800,0.6962616822429907
er4,252,9,er4_m252_s0,428.0,random,1,18850,0.6962616822429907
er4,252,9,er4_m252_s0,428.0,random,1,18900,0.6962616822429907
er4,252,9,er4_m252_s0,428.0,random,1,18950,0.6962616822429907
er4,252,9,er4_m252_s0,428.0,random,1,19000,0.6962616822429907
er4,252,9,er4_m252_s0,428.0,random,1,19050,0.6962616822429907
er4,252,9,er4_m252_s0,428.0,random,1,19100,0.6962616822429907
er4,252,9,er4_m252_s0,428.0,random,1,19150,0.6962616822429907
er4,252,9,er4_m252_s0,428.0,random,1,19200,0.6962616822429907
er4,252,9,er4_m252_s0,428.0,random,1,19250,0.6962616822429907
er4,252,9,er4_m252_s0,428.0,random,1,19300,0.6962616822429907
er4,252,9,er4_m252_s0,428.0,random,1,19350,0.6962616822429907
er4,252,9,er4_m252_s0,428.0,random,1,19400,0.6962616822429907
er4,252,9,er4_m252_s0,428.0,random,1,19450,0.6962616822429907
er4,252,9,er4_m252_s0,428.0,random,1,19500,0.6962616822429907
er4,252,9,er4_m252_s0,428.0,random,1,19550,0.6962616822429907
er4,252,9,er4_m252_s0,428.0,random,1,19600,0.6962616822429907
er4,252,9,er4_m252_s0,428.0,random,1,19650,0.6962616822429907
er4,252,9,er4_m252_s0,428.0,random,1,19700,0.6962616822429907
er4,252,9,er4_m252_s0,428.0,random,1,19750,0.6962616822429907
er4,252,9,er4_m252_s0,428.0,random,1,19800,0.6962616822429907
er4,252,9,er4_m252_s0,428.0,random,1,19850,0.6962616822429907
er4,252,9,er4_m252_s0,428.0,random,1,19900,0.6962616822429907
er4,252,9,er4_m252_s0,428.0,random,1,19950,0.6962616822429907
er4,252,9,er4_m252_s0,428.0,random,1,20000,0.6962616822429907
er4,252,9,er4_m252_s0,428.0,pce_vqa_L4,0,169,0.6308411214953271
er4,252,9,er4_m252_s0,428.0,pce_vqa_L4,0,338,0.6635514018691588
er4,252,9,er4_m252_s0,428.0,pce_vqa_L4,0,507,0.677570093457944
er4,252,9,er4_m252_s0,428.0,pce_vqa_L4,0,676,0.6915887850467289
er4,252,9,er4_m252_s0,428.0,pce_vqa_L4,0,845,0.6892523364485982
er4,252,9,er4_m252_s0,428.0,pce_vqa_L4,0,1014,0.6985981308411215
er4,252,9,er4_m252_s0,428.0,pce_vqa_L4,0,1183,0.7079439252336449
er4,252,9,er4_m252_s0,428.0,pce_vqa_L4,0,1521,0.7079439252336449
er4,252,9,er4_m252_s0,428.0,pce_vqa_L4,0,1690,0.7032710280373832
er4,252,9,er4_m252_s0,428.0,pce_vqa_L4,0,2197,0.705607476635514
er4,252,9,er4_m252_s0,428.0,pce_vqa_L4,0,2535,0.705607476635514
er4,252,9,er4_m252_s0,428.0,pce_vqa_L4,0,3211,0.7009345794392523
er4,252,9,er4_m252_s0,428.0,pce_vqa_L4,0,3887,0.7009345794392523
er4,252,9,er4_m252_s0,428.0,pce_vqa_L4,0,4563,0.7172897196261683
er4,252,9,er4_m252_s0,428.0,pce_vqa_L4,0,5577,0.7102803738317757
er4,252,9,er4_m252_s0,428.0,pce_vqa_L4,0,6929,0.6869158878504673
er4,252,9,er4_m252_s0,428.0,pce_vqa_L4,0,8281,0.6962616822429907
er4,252,9,er4_m252_s0,428.0,pce_vqa_L4,0,10140,0.705607476635514
er4,252,9,er4_m252_s0,428.0,pce_vqa_L4,0,12337,0.7453271028037384
er4,252,9,er4_m252_s0,428.0,pce_vqa_L4,0,14872,0.7476635514018691
er4,252,9,er4_m252_s0,428.0,pce_vqa_L4,0,18083,0.7476635514018691
er4,252,9,er4_m252_s0,428.0,pce_vqa_L4,0,22139,0.7616822429906542
er4,252,9,er4_m252_s0,428.0,pce_vqa_L4,0,26871,0.7920560747663551
er4,252,9,er4_m252_s0,428.0,pce_vqa_L4,0,32617,0.7967289719626168
er4,252,9,er4_m252_s0,428.0,pce_vqa_L4,0,39546,0.8014018691588785
er4,252,9,er4_m252_s0,428.0,pce_vqa_L4,0,48165,0.7990654205607477
er4,252,9,er4_m252_s0,428.0,pce_vqa_L4,0,58474,0.7990654205607477
er4,252,9,er4_m252_s0,428.0,pce_vqa_L4,0,71149,0.8060747663551402
er4,252,9,er4_m252_s0,428.0,pce_vqa_L4,0,86359,0.8107476635514018
er4,252,9,er4_m252_s0,428.0,pce_vqa_L4,0,104949,0.8130841121495327
er4,252,9,er4_m252_s0,428.0,pce_vqa_L4,0,127595,0.8271028037383178
er4,252,9,er4_m252_s0,428.0,pce_vqa_L4,0,154973,0.8200934579439252
er4,252,9,er4_m252_s0,428.0,pce_vqa_L4,0,162071,0.8200934579439252
er4,252,9,er4_m252_s0,428.0,pce_vqa_L4,1,169,0.5981308411214953
er4,252,9,er4_m252_s0,428.0,pce_vqa_L4,1,338,0.6051401869158879
er4,252,9,er4_m252_s0,428.0,pce_vqa_L4,1,507,0.6285046728971962
er4,252,9,er4_m252_s0,428.0,pce_vqa_L4,1,676,0.6238317757009346
er4,252,9,er4_m252_s0,428.0,pce_vqa_L4,1,845,0.6191588785046729
er4,252,9,er4_m252_s0,428.0,pce_vqa_L4,1,1014,0.6144859813084113
er4,252,9,er4_m252_s0,428.0,pce_vqa_L4,1,1183,0.6074766355140186
er4,252,9,er4_m252_s0,428.0,pce_vqa_L4,1,1521,0.6261682242990654
er4,252,9,er4_m252_s0,428.0,pce_vqa_L4,1,1690,0.6378504672897196
er4,252,9,er4_m252_s0,428.0,pce_vqa_L4,1,2197,0.6425233644859814
er4,252,9,er4_m252_s0,428.0,pce_vqa_L4,1,2535,0.6495327102803738
er4,252,9,er4_m252_s0,428.0,pce_vqa_L4,1,3211,0.6728971962616822
er4,252,9,er4_m252_s0,428.0,pce_vqa_L4,1,3887,0.6705607476635514
er4,252,9,er4_m252_s0,428.0,pce_vqa_L4,1,4563,0.6635514018691588
er4,252,9,er4_m252_s0,428.0,pce_vqa_L4,1,5577,0.6682242990654206
er4,252,9,er4_m252_s0,428.0,pce_vqa_L4,1,6929,0.6892523364485982
er4,252,9,er4_m252_s0,428.0,pce_vqa_L4,1,8281,0.6892523364485982
er4,252,9,er4_m252_s0,428.0,pce_vqa_L4,1,10140,0.7032710280373832
er4,252,9,er4_m252_s0,428.0,pce_vqa_L4,1,12337,0.6892523364485982
er4,252,9,er4_m252_s0,428.0,pce_vqa_L4,1,14872,0.6985981308411215
er4,252,9,er4_m252_s0,428.0,pce_vqa_L4,1,18083,0.7172897196261683
er4,252,9,er4_m252_s0,428.0,pce_vqa_L4,1,22139,0.7126168224299065
er4,252,9,er4_m252_s0,428.0,pce_vqa_L4,1,26871,0.719626168224299
er4,252,9,er4_m252_s0,428.0,pce_vqa_L4,1,32617,0.735981308411215
er4,252,9,er4_m252_s0,428.0,pce_vqa_L4,1,39546,0.7453271028037384
er4,252,9,er4_m252_s0,428.0,pce_vqa_L4,1,48165,0.7546728971962616
er4,252,9,er4_m252_s0,428.0,pce_vqa_L4,1,58474,0.7546728971962616
er4,252,9,er4_m252_s0,428.0,pce_vqa_L4,1,71149,0.7593457943925234
er4,252,9,er4_m252_s0,428.0,pce_vqa_L4,1,86359,0.7663551401869159
er4,252,9,er4_m252_s0,428.0,pce_vqa_L4,1,104949,0.7733644859813084
er4,252,9,er4_m252_s0,428.0,pce_vqa_L4,1,127595,0.7733644859813084
er4,252,9,er4_m252_s0,428.0,pce_vqa_L4,1,154973,0.7733644859813084
er4,252,9,er4_m252_s0,428.0,pce_vqa_L4,1,188435,0.7733644859813084
er4,252,9,er4_m252_s0,428.0,pce_vqa_L4,1,228826,0.7733644859813084
er4,252,9,er4_m252_s0,428.0,pce_vqa_L4,1,278174,0.7733644859813084
er4,252,9,er4_m252_s0,428.0,pce_vqa_L4,1,335127,0.7920560747663551
er4,252,9,er4_m252_s0,428.0,pce_vqa_L8,0,337,0.5911214953271028
er4,252,9,er4_m252_s0,428.0,pce_vqa_L8,0,674,0.5934579439252337
er4,252,9,er4_m252_s0,428.0,pce_vqa_L8,0,1011,0.6308411214953271
er4,252,9,er4_m252_s0,428.0,pce_vqa_L8,0,1348,0.6448598130841121
er4,252,9,er4_m252_s0,428.0,pce_vqa_L8,0,1685,0.6495327102803738
er4,252,9,er4_m252_s0,428.0,pce_vqa_L8,0,2022,0.6565420560747663
er4,252,9,er4_m252_s0,428.0,pce_vqa_L8,0,2359,0.6658878504672897
er4,252,9,er4_m252_s0,428.0,pce_vqa_L8,0,3033,0.6518691588785047
er4,252,9,er4_m252_s0,428.0,pce_vqa_L8,0,3370,0.647196261682243
er4,252,9,er4_m252_s0,428.0,pce_vqa_L8,0,4381,0.6752336448598131
er4,252,9,er4_m252_s0,428.0,pce_vqa_L8,0,5055,0.677570093457944
er4,252,9,er4_m252_s0,428.0,pce_vqa_L8,0,6403,0.6915887850467289
er4,252,9,er4_m252_s0,428.0,pce_vqa_L8,0,7751,0.6869158878504673
er4,252,9,er4_m252_s0,428.0,pce_vqa_L8,0,9099,0.6985981308411215
er4,252,9,er4_m252_s0,428.0,pce_vqa_L8,0,11121,0.7102803738317757
er4,252,9,er4_m252_s0,428.0,pce_vqa_L8,0,13817,0.7126168224299065
er4,252,9,er4_m252_s0,428.0,pce_vqa_L8,0,16513,0.7079439252336449
er4,252,9,er4_m252_s0,428.0,pce_vqa_L8,0,20220,0.719626168224299
er4,252,9,er4_m252_s0,428.0,pce_vqa_L8,0,24601,0.719626168224299
er4,252,9,er4_m252_s0,428.0,pce_vqa_L8,0,29656,0.7242990654205608
er4,252,9,er4_m252_s0,428.0,pce_vqa_L8,0,36059,0.7313084112149533
er4,252,9,er4_m252_s0,428.0,pce_vqa_L8,0,44147,0.7289719626168224
er4,252,9,er4_m252_s0,428.0,pce_vqa_L8,0,53583,0.7313084112149533
er4,252,9,er4_m252_s0,428.0,pce_vqa_L8,0,65041,0.7453271028037384
er4,252,9,er4_m252_s0,428.0,pce_vqa_L8,0,78858,0.7757009345794392
er4,252,9,er4_m252_s0,428.0,pce_vqa_L8,0,96045,0.780373831775701
er4,252,9,er4_m252_s0,428.0,pce_vqa_L8,0,116602,0.7990654205607477
er4,252,9,er4_m252_s0,428.0,pce_vqa_L8,0,141877,0.8107476635514018
er4,252,9,er4_m252_s0,428.0,pce_vqa_L8,0,172207,0.8247663551401869
er4,252,9,er4_m252_s0,428.0,pce_vqa_L8,0,209277,0.8691588785046729
er4,252,9,er4_m252_s0,428.0,pce_vqa_L8,0,254435,0.8714953271028038
er4,252,9,er4_m252_s0,428.0,pce_vqa_L8,0,309029,0.8714953271028038
er4,252,9,er4_m252_s0,428.0,pce_vqa_L8,0,375755,0.8761682242990654
er4,252,9,er4_m252_s0,428.0,pce_vqa_L8,0,456298,0.8808411214953271
er4,252,9,er4_m252_s0,428.0,pce_vqa_L8,0,554702,0.8808411214953271
er4,252,9,er4_m252_s0,428.0,pce_vqa_L8,0,586380,0.883177570093458
er4,252,9,er4_m252_s0,428.0,pce_vqa_L8,1,337,0.5957943925233645
er4,252,9,er4_m252_s0,428.0,pce_vqa_L8,1,674,0.6121495327102804
er4,252,9,er4_m252_s0,428.0,pce_vqa_L8,1,1011,0.6261682242990654
er4,252,9,er4_m252_s0,428.0,pce_vqa_L8,1,1348,0.647196261682243
er4,252,9,er4_m252_s0,428.0,pce_vqa_L8,1,1685,0.6518691588785047
er4,252,9,er4_m252_s0,428.0,pce_vqa_L8,1,2022,0.6495327102803738
er4,252,9,er4_m252_s0,428.0,pce_vqa_L8,1,2359,0.6565420560747663
er4,252,9,er4_m252_s0,428.0,pce_vqa_L8,1,3033,0.6822429906542056
er4,252,9,er4_m252_s0,428.0,pce_vqa_L8,1,3370,0.6869158878504673
er4,252,9,er4_m252_s0,428.0,pce_vqa_L8,1,4381,0.7032710280373832
er4,252,9,er4_m252_s0,428.0,pce_vqa_L8,1,5055,0.7032710280373832
er4,252,9,er4_m252_s0,428.0,pce_vqa_L8,1,6403,0.719626168224299
er4,252,9,er4_m252_s0,428.0,pce_vqa_L8,1,7751,0.7406542056074766
er4,252,9,er4_m252_s0,428.0,pce_vqa_L8,1,9099,0.7546728971962616
er4,252,9,er4_m252_s0,428.0,pce_vqa_L8,1,11121,0.7546728971962616
er4,252,9,er4_m252_s0,428.0,pce_vqa_L8,1,13817,0.735981308411215
er4,252,9,er4_m252_s0,428.0,pce_vqa_L8,1,16513,0.764018691588785
er4,252,9,er4_m252_s0,428.0,pce_vqa_L8,1,20220,0.7757009345794392
er4,252,9,er4_m252_s0,428.0,pce_vqa_L8,1,24601,0.7897196261682243
er4,252,9,er4_m252_s0,428.0,pce_vqa_L8,1,29656,0.794392523364486
er4,252,9,er4_m252_s0,428.0,pce_vqa_L8,1,36059,0.7967289719626168
er4,252,9,er4_m252_s0,428.0,pce_vqa_L8,1,44147,0.8014018691588785
er4,252,9,er4_m252_s0,428.0,pce_vqa_L8,1,53583,0.8177570093457944
er4,252,9,er4_m252_s0,428.0,pce_vqa_L8,1,65041,0.822429906542056
er4,252,9,er4_m252_s0,428.0,pce_vqa_L8,1,78858,0.8294392523364486
er4,252,9,er4_m252_s0,428.0,pce_vqa_L8,1,96045,0.8434579439252337
er4,252,9,er4_m252_s0,428.0,pce_vqa_L8,1,116602,0.8341121495327103
er4,252,9,er4_m252_s0,428.0,pce_vqa_L8,1,141877,0.852803738317757
er4,252,9,er4_m252_s0,428.0,pce_vqa_L8,1,172207,0.852803738317757
er4,252,9,er4_m252_s0,428.0,pce_vqa_L8,1,209277,0.8574766355140186
er4,252,9,er4_m252_s0,428.0,pce_vqa_L8,1,254435,0.8574766355140186
er4,252,9,er4_m252_s0,428.0,pce_vqa_L8,1,309029,0.8574766355140186
er4,252,9,er4_m252_s0,428.0,pce_vqa_L8,1,375755,0.8621495327102804
er4,252,9,er4_m252_s0,428.0,pce_vqa_L8,1,456298,0.8878504672897196
er4,252,9,er4_m252_s0,428.0,pce_vqa_L8,1,554702,0.8808411214953271
er4,252,9,er4_m252_s0,428.0,pce_vqa_L8,1,674000,0.8878504672897196
er4,252,9,er4_m252_s1,426.0,genpce_es,0,10,0.5892018779342723
er4,252,9,er4_m252_s1,426.0,genpce_es,0,60,0.6596244131455399
er4,252,9,er4_m252_s1,426.0,genpce_es,0,110,0.6596244131455399
er4,252,9,er4_m252_s1,426.0,genpce_es,0,160,0.6596244131455399
er4,252,9,er4_m252_s1,426.0,genpce_es,0,210,0.676056338028169
er4,252,9,er4_m252_s1,426.0,genpce_es,0,260,0.6854460093896714
er4,252,9,er4_m252_s1,426.0,genpce_es,0,310,0.6854460093896714
er4,252,9,er4_m252_s1,426.0,genpce_es,0,360,0.687793427230047
er4,252,9,er4_m252_s1,426.0,genpce_es,0,410,0.687793427230047
er4,252,9,er4_m252_s1,426.0,genpce_es,0,460,0.687793427230047
er4,252,9,er4_m252_s1,426.0,genpce_es,0,510,0.687793427230047
er4,252,9,er4_m252_s1,426.0,genpce_es,0,560,0.687793427230047
er4,252,9,er4_m252_s1,426.0,genpce_es,0,610,0.6924882629107981
er4,252,9,er4_m252_s1,426.0,genpce_es,0,660,0.6924882629107981
er4,252,9,er4_m252_s1,426.0,genpce_es,0,710,0.6924882629107981
er4,252,9,er4_m252_s1,426.0,genpce_es,0,760,0.6924882629107981
er4,252,9,er4_m252_s1,426.0,genpce_es,0,810,0.6924882629107981
er4,252,9,er4_m252_s1,426.0,genpce_es,0,860,0.6924882629107981
er4,252,9,er4_m252_s1,426.0,genpce_es,0,910,0.6924882629107981
er4,252,9,er4_m252_s1,426.0,genpce_es,0,960,0.6924882629107981
er4,252,9,er4_m252_s1,426.0,genpce_es,0,1010,0.6924882629107981
er4,252,9,er4_m252_s1,426.0,genpce_es,0,1060,0.6924882629107981
er4,252,9,er4_m252_s1,426.0,genpce_es,0,1110,0.6924882629107981
er4,252,9,er4_m252_s1,426.0,genpce_es,0,1160,0.6924882629107981
er4,252,9,er4_m252_s1,426.0,genpce_es,0,1210,0.6924882629107981
er4,252,9,er4_m252_s1,426.0,genpce_es,0,1260,0.6924882629107981
er4,252,9,er4_m252_s1,426.0,genpce_es,0,1310,0.6924882629107981
er4,252,9,er4_m252_s1,426.0,genpce_es,0,1360,0.6924882629107981
er4,252,9,er4_m252_s1,426.0,genpce_es,0,1410,0.704225352112676
er4,252,9,er4_m252_s1,426.0,genpce_es,0,1460,0.704225352112676
er4,252,9,er4_m252_s1,426.0,genpce_es,0,1510,0.704225352112676
er4,252,9,er4_m252_s1,426.0,genpce_es,0,1560,0.704225352112676
er4,252,9,er4_m252_s1,426.0,genpce_es,0,1610,0.704225352112676
er4,252,9,er4_m252_s1,426.0,genpce_es,0,1660,0.704225352112676
er4,252,9,er4_m252_s1,426.0,genpce_es,0,1710,0.7065727699530516
er4,252,9,er4_m252_s1,426.0,genpce_es,0,1760,0.7065727699530516
er4,252,9,er4_m252_s1,426.0,genpce_es,0,1810,0.7065727699530516
er4,252,9,er4_m252_s1,426.0,genpce_es,0,1860,0.7065727699530516
er4,252,9,er4_m252_s1,426.0,genpce_es,0,1910,0.7065727699530516
er4,252,9,er4_m252_s1,426.0,genpce_es,0,1960,0.7065727699530516
er4,252,9,er4_m252_s1,426.0,genpce_es,0,2010,0.7065727699530516
er4,252,9,er4_m252_s1,426.0,genpce_es,0,2060,0.7065727699530516
er4,252,9,er4_m252_s1,426.0,genpce_es,0,2110,0.7065727699530516
er4,252,9,er4_m252_s1,426.0,genpce_es,0,2160,0.7065727699530516
er4,252,9,er4_m252_s1,426.0,genpce_es,0,2210,0.7065727699530516
er4,252,9,er4_m252_s1,426.0,genpce_es,0,2260,0.7065727699530516
er4,252,9,er4_m252_s1,426.0,genpce_es,0,2310,0.7065727699530516
er4,252,9,er4_m252_s1,426.0,genpce_es,0,2360,0.7089201877934272
er4,252,9,er4_m252_s1,426.0,genpce_es,0,2410,0.7089201877934272
er4,252,9,er4_m252_s1,426.0,genpce_es,0,2460,0.7089201877934272
er4,252,9,er4_m252_s1,426.0,genpce_es,0,2510,0.7089201877934272
er4,252,9,er4_m252_s1,426.0,genpce_es,0,2560,0.7183098591549296
er4,252,9,er4_m252_s1,426.0,genpce_es,0,2610,0.7183098591549296
er4,252,9,er4_m252_s1,426.0,genpce_es,0,2660,0.7183098591549296
er4,252,9,er4_m252_s1,426.0,genpce_es,0,2710,0.7183098591549296
er4,252,9,er4_m252_s1,426.0,genpce_es,0,2760,0.7183098591549296
er4,252,9,er4_m252_s1,426.0,genpce_es,0,2810,0.7183098591549296
er4,252,9,er4_m252_s1,426.0,genpce_es,0,2860,0.7206572769953051
er4,252,9,er4_m252_s1,426.0,genpce_es,0,2910,0.7206572769953051
er4,252,9,er4_m252_s1,426.0,genpce_es,0,2960,0.7206572769953051
er4,252,9,er4_m252_s1,426.0,genpce_es,0,3010,0.7206572769953051
er4,252,9,er4_m252_s1,426.0,genpce_es,0,3060,0.7206572769953051
er4,252,9,er4_m252_s1,426.0,genpce_es,0,3110,0.7206572769953051
er4,252,9,er4_m252_s1,426.0,genpce_es,0,3160,0.7206572769953051
er4,252,9,er4_m252_s1,426.0,genpce_es,0,3210,0.7206572769953051
er4,252,9,er4_m252_s1,426.0,genpce_es,0,3260,0.7253521126760564
er4,252,9,er4_m252_s1,426.0,genpce_es,0,3310,0.7253521126760564
er4,252,9,er4_m252_s1,426.0,genpce_es,0,3360,0.7253521126760564
er4,252,9,er4_m252_s1,426.0,genpce_es,0,3410,0.7253521126760564
er4,252,9,er4_m252_s1,426.0,genpce_es,0,3460,0.7347417840375586
er4,252,9,er4_m252_s1,426.0,genpce_es,0,3510,0.7347417840375586
er4,252,9,er4_m252_s1,426.0,genpce_es,0,3560,0.7347417840375586
er4,252,9,er4_m252_s1,426.0,genpce_es,0,3610,0.7370892018779343
er4,252,9,er4_m252_s1,426.0,genpce_es,0,3660,0.7370892018779343
er4,252,9,er4_m252_s1,426.0,genpce_es,0,3710,0.7370892018779343
er4,252,9,er4_m252_s1,426.0,genpce_es,0,3760,0.7370892018779343
er4,252,9,er4_m252_s1,426.0,genpce_es,0,3810,0.7370892018779343
er4,252,9,er4_m252_s1,426.0,genpce_es,0,3860,0.7370892018779343
er4,252,9,er4_m252_s1,426.0,genpce_es,0,3910,0.7370892018779343
er4,252,9,er4_m252_s1,426.0,genpce_es,0,3960,0.7370892018779343
er4,252,9,er4_m252_s1,426.0,genpce_es,0,4010,0.7370892018779343
er4,252,9,er4_m252_s1,426.0,genpce_es,0,4060,0.7370892018779343
er4,252,9,er4_m252_s1,426.0,genpce_es,0,4110,0.7370892018779343
er4,252,9,er4_m252_s1,426.0,genpce_es,0,4160,0.7370892018779343
er4,252,9,er4_m252_s1,426.0,genpce_es,0,4210,0.7370892018779343
er4,252,9,er4_m252_s1,426.0,genpce_es,0,4260,0.7370892018779343
er4,252,9,er4_m252_s1,426.0,genpce_es,0,4310,0.7370892018779343
er4,252,9,er4_m252_s1,426.0,genpce_es,0,4360,0.7370892018779343
er4,252,9,er4_m252_s1,426.0,genpce_es,0,4410,0.7370892018779343
er4,252,9,er4_m252_s1,426.0,genpce_es,0,4460,0.7370892018779343
er4,252,9,er4_m252_s1,426.0,genpce_es,0,4510,0.7370892018779343
er4,252,9,er4_m252_s1,426.0,genpce_es,0,4560,0.7370892018779343
er4,252,9,er4_m252_s1,426.0,genpce_es,0,4610,0.7370892018779343
er4,252,9,er4_m252_s1,426.0,genpce_es,0,4660,0.7394366197183099
er4,252,9,er4_m252_s1,426.0,genpce_es,0,4710,0.7394366197183099
er4,252,9,er4_m252_s1,426.0,genpce_es,0,4760,0.7394366197183099
er4,252,9,er4_m252_s1,426.0,genpce_es,0,4810,0.7394366197183099
er4,252,9,er4_m252_s1,426.0,genpce_es,0,4860,0.7394366197183099
er4,252,9,er4_m252_s1,426.0,genpce_es,0,4910,0.7394366197183099
er4,252,9,er4_m252_s1,426.0,genpce_es,0,4960,0.7394366197183099
er4,252,9,er4_m252_s1,426.0,genpce_es,0,5010,0.7394366197183099
er4,252,9,er4_m252_s1,426.0,genpce_es,0,5060,0.7394366197183099
er4,252,9,er4_m252_s1,426.0,genpce_es,0,5110,0.7394366197183099
er4,252,9,er4_m252_s1,426.0,genpce_es,0,5160,0.7394366197183099
er4,252,9,er4_m252_s1,426.0,genpce_es,0,5210,0.7394366197183099
er4,252,9,er4_m252_s1,426.0,genpce_es,0,5260,0.7394366197183099
er4,252,9,er4_m252_s1,426.0,genpce_es,0,5310,0.7394366197183099
er4,252,9,er4_m252_s1,426.0,genpce_es,0,5360,0.7394366197183099
er4,252,9,er4_m252_s1,426.0,genpce_es,0,5410,0.7394366197183099
er4,252,9,er4_m252_s1,426.0,genpce_es,0,5460,0.7394366197183099
er4,252,9,er4_m252_s1,426.0,genpce_es,0,5510,0.7394366197183099
er4,252,9,er4_m252_s1,426.0,genpce_es,0,5560,0.7394366197183099
er4,252,9,er4_m252_s1,426.0,genpce_es,0,5610,0.7394366197183099
er4,252,9,er4_m252_s1,426.0,genpce_es,0,5660,0.7394366197183099
er4,252,9,er4_m252_s1,426.0,genpce_es,0,5710,0.7394366197183099
er4,252,9,er4_m252_s1,426.0,genpce_es,0,5760,0.7394366197183099
er4,252,9,er4_m252_s1,426.0,genpce_es,0,5810,0.7394366197183099
er4,252,9,er4_m252_s1,426.0,genpce_es,0,5860,0.7394366197183099
er4,252,9,er4_m252_s1,426.0,genpce_es,0,5910,0.7394366197183099
er4,252,9,er4_m252_s1,426.0,genpce_es,0,5960,0.7394366197183099
er4,252,9,er4_m252_s1,426.0,genpce_es,0,6010,0.7394366197183099
er4,252,9,er4_m252_s1,426.0,genpce_es,0,6060,0.7394366197183099
er4,252,9,er4_m252_s1,426.0,genpce_es,0,6110,0.7394366197183099
er4,252,9,er4_m252_s1,426.0,genpce_es,0,6160,0.7394366197183099
er4,252,9,er4_m252_s1,426.0,genpce_es,0,6210,0.7394366197183099
er4,252,9,er4_m252_s1,426.0,genpce_es,0,6260,0.7394366197183099
er4,252,9,er4_m252_s1,426.0,genpce_es,0,6310,0.7394366197183099
er4,252,9,er4_m252_s1,426.0,genpce_es,0,6360,0.7394366197183099
er4,252,9,er4_m252_s1,426.0,genpce_es,0,6410,0.7394366197183099
er4,252,9,er4_m252_s1,426.0,genpce_es,0,6460,0.7394366197183099
er4,252,9,er4_m252_s1,426.0,genpce_es,0,6510,0.7394366197183099
er4,252,9,er4_m252_s1,426.0,genpce_es,0,6560,0.7394366197183099
er4,252,9,er4_m252_s1,426.0,genpce_es,0,6610,0.7394366197183099
er4,252,9,er4_m252_s1,426.0,genpce_es,0,6660,0.7394366197183099
er4,252,9,er4_m252_s1,426.0,genpce_es,0,6710,0.7394366197183099
er4,252,9,er4_m252_s1,426.0,genpce_es,0,6760,0.7394366197183099
er4,252,9,er4_m252_s1,426.0,genpce_es,0,6810,0.7394366197183099
er4,252,9,er4_m252_s1,426.0,genpce_es,0,6860,0.7394366197183099
er4,252,9,er4_m252_s1,426.0,genpce_es,0,6910,0.7394366197183099
er4,252,9,er4_m252_s1,426.0,genpce_es,0,6960,0.7394366197183099
er4,252,9,er4_m252_s1,426.0,genpce_es,0,7010,0.7394366197183099
er4,252,9,er4_m252_s1,426.0,genpce_es,0,7060,0.7394366197183099
er4,252,9,er4_m252_s1,426.0,genpce_es,0,7110,0.7394366197183099
er4,252,9,er4_m252_s1,426.0,genpce_es,0,7160,0.7394366197183099
er4,252,9,er4_m252_s1,426.0,genpce_es,0,7210,0.7394366197183099
er4,252,9,er4_m252_s1,426.0,genpce_es,0,7260,0.7394366197183099
er4,252,9,er4_m252_s1,426.0,genpce_es,0,7310,0.7394366197183099
er4,252,9,er4_m252_s1,426.0,genpce_es,0,7360,0.7394366197183099
er4,252,9,er4_m252_s1,426.0,genpce_es,0,7410,0.7394366197183099
er4,252,9,er4_m252_s1,426.0,genpce_es,0,7460,0.7394366197183099
er4,252,9,er4_m252_s1,426.0,genpce_es,0,7510,0.7394366197183099
er4,252,9,er4_m252_s1,426.0,genpce_es,0,7560,0.7394366197183099
er4,252,9,er4_m252_s1,426.0,genpce_es,0,7610,0.7394366197183099
er4,252,9,er4_m252_s1,426.0,genpce_es,0,7660,0.7394366197183099
er4,252,9,er4_m252_s1,426.0,genpce_es,0,7710,0.7394366197183099
er4,252,9,er4_m252_s1,426.0,genpce_es,0,7760,0.7394366197183099
er4,252,9,er4_m252_s1,426.0,genpce_es,0,7810,0.7394366197183099
er4,252,9,er4_m252_s1,426.0,genpce_es,0,7860,0.7394366197183099
er4,252,9,er4_m252_s1,426.0,genpce_es,0,7910,0.7394366197183099
er4,252,9,er4_m252_s1,426.0,genpce_es,0,7960,0.7394366197183099
er4,252,9,er4_m252_s1,426.0,genpce_es,0,8010,0.7394366197183099
er4,252,9,er4_m252_s1,426.0,genpce_es,0,8060,0.7394366197183099
er4,252,9,er4_m252_s1,426.0,genpce_es,0,8110,0.7394366197183099
er4,252,9,er4_m252_s1,426.0,genpce_es,0,8160,0.7394366197183099
er4,252,9,er4_m252_s1,426.0,genpce_es,0,8210,0.7394366197183099
er4,252,9,er4_m252_s1,426.0,genpce_es,0,8260,0.7394366197183099
er4,252,9,er4_m252_s1,426.0,genpce_es,0,8310,0.7394366197183099
er4,252,9,er4_m252_s1,426.0,genpce_es,0,8360,0.7394366197183099
er4,252,9,er4_m252_s1,426.0,genpce_es,0,8410,0.7394366197183099
er4,252,9,er4_m252_s1,426.0,genpce_es,0,8460,0.7394366197183099
er4,252,9,er4_m252_s1,426.0,genpce_es,0,8510,0.7394366197183099
er4,252,9,er4_m252_s1,426.0,genpce_es,0,8560,0.7394366197183099
er4,252,9,er4_m252_s1,426.0,genpce_es,0,8610,0.7394366197183099
er4,252,9,er4_m252_s1,426.0,genpce_es,0,8660,0.7394366197183099
er4,252,9,er4_m252_s1,426.0,genpce_es,0,8710,0.7394366197183099
er4,252,9,er4_m252_s1,426.0,genpce_es,0,8760,0.7394366197183099
er4,252,9,er4_m252_s1,426.0,genpce_es,0,8810,0.7394366197183099
er4,252,9,er4_m252_s1,426.0,genpce_es,0,8860,0.7394366197183099
er4,252,9,er4_m252_s1,426.0,genpce_es,0,8910,0.7394366197183099
er4,252,9,er4_m252_s1,426.0,genpce_es,0,8960,0.7394366197183099
er4,252,9,er4_m252_s1,426.0,genpce_es,0,9010,0.7394366197183099
er4,252,9,er4_m252_s1,426.0,genpce_es,0,9060,0.7394366197183099
er4,252,9,er4_m252_s1,426.0,genpce_es,0,9110,0.7394366197183099
er4,252,9,er4_m252_s1,426.0,genpce_es,0,9160,0.7394366197183099
er4,252,9,er4_m252_s1,426.0,genpce_es,0,9210,0.7394366197183099
er4,252,9,er4_m252_s1,426.0,genpce_es,0,9260,0.7394366197183099
er4,252,9,er4_m252_s1,426.0,genpce_es,0,9310,0.7394366197183099
er4,252,9,er4_m252_s1,426.0,genpce_es,0,9360,0.7394366197183099
er4,252,9,er4_m252_s1,426.0,genpce_es,0,9410,0.7394366197183099
er4,252,9,er4_m252_s1,426.0,genpce_es,0,9460,0.7394366197183099
er4,252,9,er4_m252_s1,426.0,genpce_es,0,9510,0.7394366197183099
er4,252,9,er4_m252_s1,426.0,genpce_es,0,9560,0.7394366197183099
er4,252,9,er4_m252_s1,426.0,genpce_es,0,9610,0.7394366197183099
er4,252,9,er4_m252_s1,426.0,genpce_es,0,9660,0.7394366197183099
er4,252,9,er4_m252_s1,426.0,genpce_es,0,9710,0.7394366197183099
er4,252,9,er4_m252_s1,426.0,genpce_es,0,9760,0.7394366197183099
er4,252,9,er4_m252_s1,426.0,genpce_es,0,9810,0.7394366197183099
er4,252,9,er4_m252_s1,426.0,genpce_es,0,9860,0.7394366197183099
er4,252,9,er4_m252_s1,426.0,genpce_es,0,9910,0.7394366197183099
er4,252,9,er4_m252_s1,426.0,genpce_es,0,9960,0.7394366197183099
er4,252,9,er4_m252_s1,426.0,genpce_es,0,10010,0.7394366197183099
er4,252,9,er4_m252_s1,426.0,genpce_es,0,10060,0.7394366197183099
er4,252,9,er4_m252_s1,426.0,genpce_es,0,10110,0.7394366197183099
er4,252,9,er4_m252_s1,426.0,genpce_es,0,10160,0.7394366197183099
er4,252,9,er4_m252_s1,426.0,genpce_es,0,10210,0.7394366197183099
er4,252,9,er4_m252_s1,426.0,genpce_es,0,10260,0.7394366197183099
er4,252,9,er4_m252_s1,426.0,genpce_es,0,10310,0.7394366197183099
er4,252,9,er4_m252_s1,426.0,genpce_es,0,10360,0.7394366197183099
er4,252,9,er4_m252_s1,426.0,genpce_es,0,10410,0.7394366197183099
er4,252,9,er4_m252_s1,426.0,genpce_es,0,10460,0.7394366197183099
er4,252,9,er4_m252_s1,426.0,genpce_es,0,10510,0.7394366197183099
er4,252,9,er4_m252_s1,426.0,genpce_es,0,10560,0.7394366197183099
er4,252,9,er4_m252_s1,426.0,genpce_es,0,10610,0.7394366197183099
er4,252,9,er4_m252_s1,426.0,genpce_es,0,10660,0.7394366197183099
er4,252,9,er4_m252_s1,426.0,genpce_es,0,10710,0.7394366197183099
er4,252,9,er4_m252_s1,426.0,genpce_es,0,10760,0.7394366197183099
er4,252,9,er4_m252_s1,426.0,genpce_es,0,10810,0.7394366197183099
er4,252,9,er4_m252_s1,426.0,genpce_es,0,10860,0.7394366197183099
er4,252,9,er4_m252_s1,426.0,genpce_es,0,10910,0.7394366197183099
er4,252,9,er4_m252_s1,426.0,genpce_es,0,10960,0.7394366197183099
er4,252,9,er4_m252_s1,426.0,genpce_es,0,11010,0.7394366197183099
er4,252,9,er4_m252_s1,426.0,genpce_es,0,11060,0.7394366197183099
er4,252,9,er4_m252_s1,426.0,genpce_es,0,11110,0.7394366197183099
er4,252,9,er4_m252_s1,426.0,genpce_es,0,11160,0.7394366197183099
er4,252,9,er4_m252_s1,426.0,genpce_es,0,11210,0.7394366197183099
er4,252,9,er4_m252_s1,426.0,genpce_es,0,11260,0.7394366197183099
er4,252,9,er4_m252_s1,426.0,genpce_es,0,11310,0.7394366197183099
er4,252,9,er4_m252_s1,426.0,genpce_es,0,11360,0.7394366197183099
er4,252,9,er4_m252_s1,426.0,genpce_es,0,11410,0.7394366197183099
er4,252,9,er4_m252_s1,426.0,genpce_es,0,11460,0.7394366197183099
er4,252,9,er4_m252_s1,426.0,genpce_es,0,11510,0.7394366197183099
er4,252,9,er4_m252_s1,426.0,genpce_es,0,11560,0.7394366197183099
er4,252,9,er4_m252_s1,426.0,genpce_es,0,11610,0.7394366197183099
er4,252,9,er4_m252_s1,426.0,genpce_es,0,11660,0.7394366197183099
er4,252,9,er4_m252_s1,426.0,genpce_es,0,11710,0.7394366197183099
er4,252,9,er4_m252_s1,426.0,genpce_es,0,11760,0.7394366197183099
er4,252,9,er4_m252_s1,426.0,genpce_es,0,11810,0.7394366197183099
er4,252,9,er4_m252_s1,426.0,genpce_es,0,11860,0.7394366197183099
er4,252,9,er4_m252_s1,426.0,genpce_es,0,11910,0.7394366197183099
er4,252,9,er4_m252_s1,426.0,genpce_es,0,11960,0.7394366197183099
er4,252,9,er4_m252_s1,426.0,genpce_es,0,12010,0.7394366197183099
er4,252,9,er4_m252_s1,426.0,genpce_es,0,12060,0.7394366197183099
er4,252,9,er4_m252_s1,426.0,genpce_es,0,12110,0.7394366197183099
er4,252,9,er4_m252_s1,426.0,genpce_es,0,12160,0.7394366197183099
er4,252,9,er4_m252_s1,426.0,genpce_es,0,12210,0.7394366197183099
er4,252,9,er4_m252_s1,426.0,genpce_es,0,12260,0.7394366197183099
er4,252,9,er4_m252_s1,426.0,genpce_es,0,12310,0.7394366197183099
er4,252,9,er4_m252_s1,426.0,genpce_es,0,12360,0.7394366197183099
er4,252,9,er4_m252_s1,426.0,genpce_es,0,12410,0.7394366197183099
er4,252,9,er4_m252_s1,426.0,genpce_es,0,12460,0.7394366197183099
er4,252,9,er4_m252_s1,426.0,genpce_es,0,12510,0.7394366197183099
er4,252,9,er4_m252_s1,426.0,genpce_es,0,12560,0.7394366197183099
er4,252,9,er4_m252_s1,426.0,genpce_es,0,12610,0.7394366197183099
er4,252,9,er4_m252_s1,426.0,genpce_es,0,12660,0.7394366197183099
er4,252,9,er4_m252_s1,426.0,genpce_es,0,12710,0.7394366197183099
er4,252,9,er4_m252_s1,426.0,genpce_es,0,12760,0.7394366197183099
er4,252,9,er4_m252_s1,426.0,genpce_es,0,12810,0.7394366197183099
er4,252,9,er4_m252_s1,426.0,genpce_es,0,12860,0.7394366197183099
er4,252,9,er4_m252_s1,426.0,genpce_es,0,12910,0.7394366197183099
er4,252,9,er4_m252_s1,426.0,genpce_es,0,12960,0.7394366197183099
er4,252,9,er4_m252_s1,426.0,genpce_es,0,13010,0.7394366197183099
er4,252,9,er4_m252_s1,426.0,genpce_es,0,13060,0.7394366197183099
er4,252,9,er4_m252_s1,426.0,genpce_es,0,13110,0.7394366197183099
er4,252,9,er4_m252_s1,426.0,genpce_es,0,13160,0.7394366197183099
er4,252,9,er4_m252_s1,426.0,genpce_es,0,13210,0.7394366197183099
er4,252,9,er4_m252_s1,426.0,genpce_es,0,13260,0.7394366197183099
er4,252,9,er4_m252_s1,426.0,genpce_es,0,13310,0.7394366197183099
er4,252,9,er4_m252_s1,426.0,genpce_es,0,13360,0.7394366197183099
er4,252,9,er4_m252_s1,426.0,genpce_es,0,13410,0.7394366197183099
er4,252,9,er4_m252_s1,426.0,genpce_es,0,13460,0.7394366197183099
er4,252,9,er4_m252_s1,426.0,genpce_es,0,13510,0.7394366197183099
er4,252,9,er4_m252_s1,426.0,genpce_es,0,13560,0.7394366197183099
er4,252,9,er4_m252_s1,426.0,genpce_es,0,13610,0.7394366197183099
er4,252,9,er4_m252_s1,426.0,genpce_es,0,13660,0.7394366197183099
er4,252,9,er4_m252_s1,426.0,genpce_es,0,13710,0.7394366197183099
er4,252,9,er4_m252_s1,426.0,genpce_es,0,13760,0.7394366197183099
er4,252,9,er4_m252_s1,426.0,genpce_es,0,13810,0.7394366197183099
er4,252,9,er4_m252_s1,426.0,genpce_es,0,13860,0.7394366197183099
er4,252,9,er4_m252_s1,426.0,genpce_es,0,13910,0.7394366197183099
er4,252,9,er4_m252_s1,426.0,genpce_es,0,13960,0.7394366197183099
er4,252,9,er4_m252_s1,426.0,genpce_es,0,14010,0.7394366197183099
er4,252,9,er4_m252_s1,426.0,genpce_es,0,14060,0.7394366197183099
er4,252,9,er4_m252_s1,426.0,genpce_es,0,14110,0.7394366197183099
er4,252,9,er4_m252_s1,426.0,genpce_es,0,14160,0.7394366197183099
er4,252,9,er4_m252_s1,426.0,genpce_es,0,14210,0.7394366197183099
er4,252,9,er4_m252_s1,426.0,genpce_es,0,14260,0.7394366197183099
er4,252,9,er4_m252_s1,426.0,genpce_es,0,14310,0.7394366197183099
er4,252,9,er4_m252_s1,426.0,genpce_es,0,14360,0.7394366197183099
er4,252,9,er4_m252_s1,426.0,genpce_es,0,14410,0.7394366197183099
er4,252,9,er4_m252_s1,426.0,genpce_es,0,14460,0.7394366197183099
er4,252,9,er4_m252_s1,426.0,genpce_es,0,14510,0.7394366197183099
er4,252,9,er4_m252_s1,426.0,genpce_es,0,14560,0.7394366197183099
er4,252,9,er4_m252_s1,426.0,genpce_es,0,14610,0.7394366197183099
er4,252,9,er4_m252_s1,426.0,genpce_es,0,14660,0.7394366197183099
er4,252,9,er4_m252_s1,426.0,genpce_es,0,14710,0.7394366197183099
er4,252,9,er4_m252_s1,426.0,genpce_es,0,14760,0.7394366197183099
er4,252,9,er4_m252_s1,426.0,genpce_es,0,14810,0.7394366197183099
er4,252,9,er4_m252_s1,426.0,genpce_es,0,14860,0.7394366197183099
er4,252,9,er4_m252_s1,426.0,genpce_es,0,14910,0.7394366197183099
er4,252,9,er4_m252_s1,426.0,genpce_es,0,14960,0.7394366197183099
er4,252,9,er4_m252_s1,426.0,genpce_es,0,15010,0.7394366197183099
er4,252,9,er4_m252_s1,426.0,genpce_es,0,15060,0.7394366197183099
er4,252,9,er4_m252_s1,426.0,genpce_es,0,15110,0.7394366197183099
er4,252,9,er4_m252_s1,426.0,genpce_es,0,15160,0.7394366197183099
er4,252,9,er4_m252_s1,426.0,genpce_es,0,15210,0.7394366197183099
er4,252,9,er4_m252_s1,426.0,genpce_es,0,15260,0.7394366197183099
er4,252,9,er4_m252_s1,426.0,genpce_es,0,15310,0.7394366197183099
er4,252,9,er4_m252_s1,426.0,genpce_es,0,15360,0.7394366197183099
er4,252,9,er4_m252_s1,426.0,genpce_es,0,15410,0.7394366197183099
er4,252,9,er4_m252_s1,426.0,genpce_es,0,15460,0.7394366197183099
er4,252,9,er4_m252_s1,426.0,genpce_es,0,15510,0.7394366197183099
er4,252,9,er4_m252_s1,426.0,genpce_es,0,15560,0.7394366197183099
er4,252,9,er4_m252_s1,426.0,genpce_es,0,15610,0.7394366197183099
er4,252,9,er4_m252_s1,426.0,genpce_es,0,15660,0.7394366197183099
er4,252,9,er4_m252_s1,426.0,genpce_es,0,15710,0.7394366197183099
er4,252,9,er4_m252_s1,426.0,genpce_es,0,15760,0.7394366197183099
er4,252,9,er4_m252_s1,426.0,genpce_es,0,15810,0.7394366197183099
er4,252,9,er4_m252_s1,426.0,genpce_es,0,15860,0.7394366197183099
er4,252,9,er4_m252_s1,426.0,genpce_es,0,15910,0.7394366197183099
er4,252,9,er4_m252_s1,426.0,genpce_es,0,15960,0.7394366197183099
er4,252,9,er4_m252_s1,426.0,genpce_es,0,16010,0.7394366197183099
er4,252,9,er4_m252_s1,426.0,genpce_es,0,16060,0.7394366197183099
er4,252,9,er4_m252_s1,426.0,genpce_es,0,16110,0.7394366197183099
er4,252,9,er4_m252_s1,426.0,genpce_es,0,16160,0.7394366197183099
er4,252,9,er4_m252_s1,426.0,genpce_es,0,16210,0.7394366197183099
er4,252,9,er4_m252_s1,426.0,genpce_es,0,16260,0.7394366197183099
er4,252,9,er4_m252_s1,426.0,genpce_es,0,16310,0.7394366197183099
er4,252,9,er4_m252_s1,426.0,genpce_es,0,16360,0.7394366197183099
er4,252,9,er4_m252_s1,426.0,genpce_es,0,16410,0.7394366197183099
er4,252,9,er4_m252_s1,426.0,genpce_es,0,16460,0.7394366197183099
er4,252,9,er4_m252_s1,426.0,genpce_es,0,16510,0.7394366197183099
er4,252,9,er4_m252_s1,426.0,genpce_es,0,16560,0.7394366197183099
er4,252,9,er4_m252_s1,426.0,genpce_es,0,16610,0.7394366197183099
er4,252,9,er4_m252_s1,426.0,genpce_es,0,16660,0.7394366197183099
er4,252,9,er4_m252_s1,426.0,genpce_es,0,16710,0.7394366197183099
er4,252,9,er4_m252_s1,426.0,genpce_es,0,16760,0.7394366197183099
er4,252,9,er4_m252_s1,426.0,genpce_es,0,16810,0.7394366197183099
er4,252,9,er4_m252_s1,426.0,genpce_es,0,16860,0.7394366197183099
er4,252,9,er4_m252_s1,426.0,genpce_es,0,16910,0.7394366197183099
er4,252,9,er4_m252_s1,426.0,genpce_es,0,16960,0.7394366197183099
er4,252,9,er4_m252_s1,426.0,genpce_es,0,17010,0.7394366197183099
er4,252,9,er4_m252_s1,426.0,genpce_es,0,17060,0.7394366197183099
er4,252,9,er4_m252_s1,426.0,genpce_es,0,17110,0.7394366197183099
er4,252,9,er4_m252_s1,426.0,genpce_es,0,17160,0.7394366197183099
er4,252,9,er4_m252_s1,426.0,genpce_es,0,17210,0.7394366197183099
er4,252,9,er4_m252_s1,426.0,genpce_es,0,17260,0.7394366197183099
er4,252,9,er4_m252_s1,426.0,genpce_es,0,17310,0.7394366197183099
er4,252,9,er4_m252_s1,426.0,genpce_es,0,17360,0.7394366197183099
er4,252,9,er4_m252_s1,426.0,genpce_es,0,17410,0.7394366197183099
er4,252,9,er4_m252_s1,426.0,genpce_es,0,17460,0.7394366197183099
er4,252,9,er4_m252_s1,426.0,genpce_es,0,17510,0.7394366197183099
er4,252,9,er4_m252_s1,426.0,genpce_es,0,17560,0.7394366197183099
er4,252,9,er4_m252_s1,426.0,genpce_es,0,17610,0.7394366197183099
er4,252,9,er4_m252_s1,426.0,genpce_es,0,17660,0.7394366197183099
er4,252,9,er4_m252_s1,426.0,genpce_es,0,17710,0.7394366197183099
er4,252,9,er4_m252_s1,426.0,genpce_es,0,17760,0.7394366197183099
er4,252,9,er4_m252_s1,426.0,genpce_es,0,17810,0.7394366197183099
er4,252,9,er4_m252_s1,426.0,genpce_es,0,17860,0.7394366197183099
er4,252,9,er4_m252_s1,426.0,genpce_es,0,17910,0.7394366197183099
er4,252,9,er4_m252_s1,426.0,genpce_es,0,17960,0.7394366197183099
er4,252,9,er4_m252_s1,426.0,genpce_es,0,18010,0.7394366197183099
er4,252,9,er4_m252_s1,426.0,genpce_es,0,18060,0.7394366197183099
er4,252,9,er4_m252_s1,426.0,genpce_es,0,18110,0.7394366197183099
er4,252,9,er4_m252_s1,426.0,genpce_es,0,18160,0.7394366197183099
er4,252,9,er4_m252_s1,426.0,genpce_es,0,18210,0.7394366197183099
er4,252,9,er4_m252_s1,426.0,genpce_es,0,18260,0.7394366197183099
er4,252,9,er4_m252_s1,426.0,genpce_es,0,18310,0.7394366197183099
er4,252,9,er4_m252_s1,426.0,genpce_es,0,18360,0.7394366197183099
er4,252,9,er4_m252_s1,426.0,genpce_es,0,18410,0.7394366197183099
er4,252,9,er4_m252_s1,426.0,genpce_es,0,18460,0.7394366197183099
er4,252,9,er4_m252_s1,426.0,genpce_es,0,18510,0.7394366197183099
er4,252,9,er4_m252_s1,426.0,genpce_es,0,18560,0.7394366197183099
er4,252,9,er4_m252_s1,426.0,genpce_es,0,18610,0.7394366197183099
er4,252,9,er4_m252_s1,426.0,genpce_es,0,18660,0.7394366197183099
er4,252,9,er4_m252_s1,426.0,genpce_es,0,18710,0.7394366197183099
er4,252,9,er4_m252_s1,426.0,genpce_es,0,18760,0.7394366197183099
er4,252,9,er4_m252_s1,426.0,genpce_es,0,18810,0.7394366197183099
er4,252,9,er4_m252_s1,426.0,genpce_es,0,18860,0.7394366197183099
er4,252,9,er4_m252_s1,426.0,genpce_es,0,18910,0.7394366197183099
er4,252,9,er4_m252_s1,426.0,genpce_es,0,18960,0.7394366197183099
er4,252,9,er4_m252_s1,426.0,genpce_es,0,19010,0.7394366197183099
er4,252,9,er4_m252_s1,426.0,genpce_es,0,19060,0.7394366197183099
er4,252,9,er4_m252_s1,426.0,genpce_es,0,19110,0.7394366197183099
er4,252,9,er4_m252_s1,426.0,genpce_es,0,19160,0.7394366197183099
er4,252,9,er4_m252_s1,426.0,genpce_es,0,19210,0.7394366197183099
er4,252,9,er4_m252_s1,426.0,genpce_es,0,19260,0.7394366197183099
er4,252,9,er4_m252_s1,426.0,genpce_es,0,19310,0.7394366197183099
er4,252,9,er4_m252_s1,426.0,genpce_es,0,19360,0.7394366197183099
er4,252,9,er4_m252_s1,426.0,genpce_es,0,19410,0.7394366197183099
er4,252,9,er4_m252_s1,426.0,genpce_es,0,19460,0.7394366197183099
er4,252,9,er4_m252_s1,426.0,genpce_es,0,19510,0.7394366197183099
er4,252,9,er4_m252_s1,426.0,genpce_es,0,19560,0.7394366197183099
er4,252,9,er4_m252_s1,426.0,genpce_es,0,19610,0.7394366197183099
er4,252,9,er4_m252_s1,426.0,genpce_es,0,19660,0.7394366197183099
er4,252,9,er4_m252_s1,426.0,genpce_es,0,19710,0.7394366197183099
er4,252,9,er4_m252_s1,426.0,genpce_es,0,19760,0.7394366197183099
er4,252,9,er4_m252_s1,426.0,genpce_es,0,19810,0.7394366197183099
er4,252,9,er4_m252_s1,426.0,genpce_es,0,19860,0.7394366197183099
er4,252,9,er4_m252_s1,426.0,genpce_es,0,19910,0.7394366197183099
er4,252,9,er4_m252_s1,426.0,genpce_es,0,19960,0.7394366197183099
er4,252,9,er4_m252_s1,426.0,genpce_es,0,20010,0.7394366197183099
er4,252,9,er4_m252_s1,426.0,random,0,50,0.636150234741784
er4,252,9,er4_m252_s1,426.0,random,0,100,0.6431924882629108
er4,252,9,er4_m252_s1,426.0,random,0,150,0.6549295774647887
er4,252,9,er4_m252_s1,426.0,random,0,200,0.6807511737089202
er4,252,9,er4_m252_s1,426.0,random,0,250,0.6807511737089202
er4,252,9,er4_m252_s1,426.0,random,0,300,0.6807511737089202
er4,252,9,er4_m252_s1,426.0,random,0,350,0.6807511737089202
er4,252,9,er4_m252_s1,426.0,random,0,400,0.6807511737089202
er4,252,9,er4_m252_s1,426.0,random,0,450,0.6807511737089202
er4,252,9,er4_m252_s1,426.0,random,0,500,0.6807511737089202
er4,252,9,er4_m252_s1,426.0,random,0,550,0.6807511737089202
er4,252,9,er4_m252_s1,426.0,random,0,600,0.6807511737089202
er4,252,9,er4_m252_s1,426.0,random,0,650,0.6807511737089202
er4,252,9,er4_m252_s1,426.0,random,0,700,0.6807511737089202
er4,252,9,er4_m252_s1,426.0,random,0,750,0.6807511737089202
er4,252,9,er4_m252_s1,426.0,random,0,800,0.6807511737089202
er4,252,9,er4_m252_s1,426.0,random,0,850,0.6807511737089202
er4,252,9,er4_m252_s1,426.0,random,0,900,0.6807511737089202
er4,252,9,er4_m252_s1,426.0,random,0,950,0.6807511737089202
er4,252,9,er4_m252_s1,426.0,random,0,1000,0.6807511737089202
er4,252,9,er4_m252_s1,426.0,random,0,1050,0.6807511737089202
er4,252,9,er4_m252_s1,426.0,random,0,1100,0.6807511737089202
er4,252,9,er4_m252_s1,426.0,random,0,1150,0.6807511737089202
er4,252,9,er4_m252_s1,426.0,random,0,1200,0.6807511737089202
er4,252,9,er4_m252_s1,426.0,random,0,1250,0.6807511737089202
er4,252,9,er4_m252_s1,426.0,random,0,1300,0.6807511737089202
er4,252,9,er4_m252_s1,426.0,random,0,1350,0.6807511737089202
er4,252,9,er4_m252_s1,426.0,random,0,1400,0.6807511737089202
er4,252,9,er4_m252_s1,426.0,random,0,1450,0.6807511737089202
er4,252,9,er4_m252_s1,426.0,random,0,1500,0.6807511737089202
er4,252,9,er4_m252_s1,426.0,random,0,1550,0.6807511737089202
er4,252,9,er4_m252_s1,426.0,random,0,1600,0.6807511737089202
er4,252,9,er4_m252_s1,426.0,random,0,1650,0.6807511737089202
er4,252,9,er4_m252_s1,426.0,random,0,1700,0.6807511737089202
er4,252,9,er4_m252_s1,426.0,random,0,1750,0.6807511737089202
er4,252,9,er4_m252_s1,426.0,random,0,1800,0.6807511737089202
er4,252,9,er4_m252_s1,426.0,random,0,1850,0.6807511737089202
er4,252,9,er4_m252_s1,426.0,random,0,1900,0.6807511737089202
er4,252,9,er4_m252_s1,426.0,random,0,1950,0.6807511737089202
er4,252,9,er4_m252_s1,426.0,random,0,2000,0.6807511737089202
er4,252,9,er4_m252_s1,426.0,random,0,2050,0.6807511737089202
er4,252,9,er4_m252_s1,426.0,random,0,2100,0.6807511737089202
er4,252,9,er4_m252_s1,426.0,random,0,2150,0.6807511737089202
er4,252,9,er4_m252_s1,426.0,random,0,2200,0.6807511737089202
er4,252,9,er4_m252_s1,426.0,random,0,2250,0.6807511737089202
er4,252,9,er4_m252_s1,426.0,random,0,2300,0.6807511737089202
er4,252,9,er4_m252_s1,426.0,random,0,2350,0.6807511737089202
er4,252,9,er4_m252_s1,426.0,random,0,2400,0.6807511737089202
er4,252,9,er4_m252_s1,426.0,random,0,2450,0.6807511737089202
er4,252,9,er4_m252_s1,426.0,random,0,2500,0.6807511737089202
er4,252,9,er4_m252_s1,426.0,random,0,2550,0.6807511737089202
er4,252,9,er4_m252_s1,426.0,random,0,2600,0.6807511737089202
er4,252,9,er4_m252_s1,426.0,random,0,2650,0.6807511737089202
er4,252,9,er4_m252_s1,426.0,random,0,2700,0.6807511737089202
er4,252,9,er4_m252_s1,426.0,random,0,2750,0.6807511737089202
er4,252,9,er4_m252_s1,426.0,random,0,2800,0.6807511737089202
er4,252,9,er4_m252_s1,426.0,random,0,2850,0.6807511737089202
er4,252,9,er4_m252_s1,426.0,random,0,2900,0.6807511737089202
er4,252,9,er4_m252_s1,426.0,random,0,2950,0.6807511737089202
er4,252,9,er4_m252_s1,426.0,random,0,3000,0.6807511737089202
er4,252,9,er4_m252_s1,426.0,random,0,3050,0.6807511737089202
er4,252,9,er4_m252_s1,426.0,random,0,3100,0.6807511737089202
er4,252,9,er4_m252_s1,426.0,random,0,3150,0.6807511737089202
er4,252,9,er4_m252_s1,426.0,random,0,3200,0.6807511737089202
er4,252,9,er4_m252_s1,426.0,random,0,3250,0.6807511737089202
er4,252,9,er4_m252_s1,426.0,random,0,3300,0.6807511737089202
er4,252,9,er4_m252_s1,426.0,random,0,3350,0.6807511737089202
er4,252,9,er4_m252_s1,426.0,random,0,3400,0.6807511737089202
er4,252,9,er4_m252_s1,426.0,random,0,3450,0.6854460093896714
er4,252,9,er4_m252_s1,426.0,random,0,3500,0.6854460093896714
er4,252,9,er4_m252_s1,426.0,random,0,3550,0.6854460093896714
er4,252,9,er4_m252_s1,426.0,random,0,3600,0.6854460093896714
er4,252,9,er4_m252_s1,426.0,random,0,3650,0.6854460093896714
er4,252,9,er4_m252_s1,426.0,random,0,3700,0.6854460093896714
er4,252,9,er4_m252_s1,426.0,random,0,3750,0.6854460093896714
er4,252,9,er4_m252_s1,426.0,random,0,3800,0.6854460093896714
er4,252,9,er4_m252_s1,426.0,random,0,3850,0.6854460093896714
er4,252,9,er4_m252_s1,426.0,random,0,3900,0.6854460093896714
er4,252,9,er4_m252_s1,426.0,random,0,3950,0.6854460093896714
er4,252,9,er4_m252_s1,426.0,random,0,4000,0.6854460093896714
er4,252,9,er4_m252_s1,426.0,random,0,4050,0.6854460093896714
er4,252,9,er4_m252_s1,426.0,random,0,4100,0.6854460093896714
er4,252,9,er4_m252_s1,426.0,random,0,4150,0.6854460093896714
er4,252,9,er4_m252_s1,426.0,random,0,4200,0.6854460093896714
er4,252,9,er4_m252_s1,426.0,random,0,4250,0.6854460093896714
er4,252,9,er4_m252_s1,426.0,random,0,4300,0.6854460093896714
er4,252,9,er4_m252_s1,426.0,random,0,4350,0.6854460093896714
er4,252,9,er4_m252_s1,426.0,random,0,4400,0.6854460093896714
er4,252,9,er4_m252_s1,426.0,random,0,4450,0.6854460093896714
er4,252,9,er4_m252_s1,426.0,random,0,4500,0.6854460093896714
er4,252,9,er4_m252_s1,426.0,random,0,4550,0.6854460093896714
er4,252,9,er4_m252_s1,426.0,random,0,4600,0.6854460093896714
er4,252,9,er4_m252_s1,426.0,random,0,4650,0.6854460093896714
er4,252,9,er4_m252_s1,426.0,random,0,4700,0.6854460093896714
er4,252,9,er4_m252_s1,426.0,random,0,4750,0.6854460093896714
er4,252,9,er4_m252_s1,426.0,random,0,4800,0.6854460093896714
er4,252,9,er4_m252_s1,426.0,random,0,4850,0.6854460093896714
er4,252,9,er4_m252_s1,426.0,random,0,4900,0.6854460093896714
er4,252,9,er4_m252_s1,426.0,random,0,4950,0.6854460093896714
er4,252,9,er4_m252_s1,426.0,random,0,5000,0.6854460093896714
er4,252,9,er4_m252_s1,426.0,random,0,5050,0.6854460093896714
er4,252,9,er4_m252_s1,426.0,random,0,5100,0.6854460093896714
er4,252,9,er4_m252_s1,426.0,random,0,5150,0.6854460093896714
er4,252,9,er4_m252_s1,426.0,random,0,5200,0.6854460093896714
er4,252,9,er4_m252_s1,426.0,random,0,5250,0.6854460093896714
er4,252,9,er4_m252_s1,426.0,random,0,5300,0.6854460093896714
er4,252,9,er4_m252_s1,426.0,random,0,5350,0.6854460093896714
er4,252,9,er4_m252_s1,426.0,random,0,5400,0.6854460093896714
er4,252,9,er4_m252_s1,426.0,random,0,5450,0.6854460093896714
er4,252,9,er4_m252_s1,426.0,random,0,5500,0.6854460093896714
er4,252,9,er4_m252_s1,426.0,random,0,5550,0.6854460093896714
er4,252,9,er4_m252_s1,426.0,random,0,5600,0.6854460093896714
er4,252,9,er4_m252_s1,426.0,random,0,5650,0.6854460093896714
er4,252,9,er4_m252_s1,426.0,random,0,5700,0.6854460093896714
er4,252,9,er4_m252_s1,426.0,random,0,5750,0.6854460093896714
er4,252,9,er4_m252_s1,426.0,random,0,5800,0.6854460093896714
er4,252,9,er4_m252_s1,426.0,random,0,5850,0.6854460093896714
er4,252,9,er4_m252_s1,426.0,random,0,5900,0.6854460093896714
er4,252,9,er4_m252_s1,426.0,random,0,5950,0.6854460093896714
er4,252,9,er4_m252_s1,426.0,random,0,6000,0.6854460093896714
er4,252,9,er4_m252_s1,426.0,random,0,6050,0.6854460093896714
er4,252,9,er4_m252_s1,426.0,random,0,6100,0.6854460093896714
er4,252,9,er4_m252_s1,426.0,random,0,6150,0.6854460093896714
er4,252,9,er4_m252_s1,426.0,random,0,6200,0.6854460093896714
er4,252,9,er4_m252_s1,426.0,random,0,6250,0.6854460093896714
er4,252,9,er4_m252_s1,426.0,random,0,6300,0.6854460093896714
er4,252,9,er4_m252_s1,426.0,random,0,6350,0.6854460093896714
er4,252,9,er4_m252_s1,426.0,random,0,6400,0.6854460093896714
er4,252,9,er4_m252_s1,426.0,random,0,6450,0.6854460093896714
er4,252,9,er4_m252_s1,426.0,random,0,6500,0.6854460093896714
er4,252,9,er4_m252_s1,426.0,random,0,6550,0.6854460093896714
er4,252,9,er4_m252_s1,426.0,random,0,6600,0.6854460093896714
er4,252,9,er4_m252_s1,426.0,random,0,6650,0.6854460093896714
er4,252,9,er4_m252_s1,426.0,random,0,6700,0.6854460093896714
er4,252,9,er4_m252_s1,426.0,random,0,6750,0.6854460093896714
er4,252,9,er4_m252_s1,426.0,random,0,6800,0.6854460093896714
er4,252,9,er4_m252_s1,426.0,random,0,6850,0.6854460093896714
er4,252,9,er4_m252_s1,426.0,random,0,6900,0.6854460093896714
er4,252,9,er4_m252_s1,426.0,random,0,6950,0.6854460093896714
er4,252,9,er4_m252_s1,426.0,random,0,7000,0.6854460093896714
er4,252,9,er4_m252_s1,426.0,random,0,7050,0.6854460093896714
er4,252,9,er4_m252_s1,426.0,random,0,7100,0.6854460093896714
er4,252,9,er4_m252_s1,426.0,random,0,7150,0.6854460093896714
er4,252,9,er4_m252_s1,426.0,random,0,7200,0.6854460093896714
er4,252,9,er4_m252_s1,426.0,random,0,7250,0.6854460093896714
er4,252,9,er4_m252_s1,426.0,random,0,7300,0.6854460093896714
er4,252,9,er4_m252_s1,426.0,random,0,7350,0.6854460093896714
er4,252,9,er4_m252_s1,426.0,random,0,7400,0.6854460093896714
er4,252,9,er4_m252_s1,426.0,random,0,7450,0.6854460093896714
er4,252,9,er4_m252_s1,426.0,random,0,7500,0.6854460093896714
er4,252,9,er4_m252_s1,426.0,random,0,7550,0.6854460093896714
er4,252,9,er4_m252_s1,426.0,random,0,7600,0.6854460093896714
er4,252,9,er4_m252_s1,426.0,random,0,7650,0.6854460093896714
er4,252,9,er4_m252_s1,426.0,random,0,7700,0.6854460093896714
er4,252,9,er4_m252_s1,426.0,random,0,7750,0.6854460093896714
er4,252,9,er4_m252_s1,426.0,random,0,7800,0.6854460093896714
er4,252,9,er4_m252_s1,426.0,random,0,7850,0.6854460093896714
er4,252,9,er4_m252_s1,426.0,random,0,7900,0.6854460093896714
er4,252,9,er4_m252_s1,426.0,random,0,7950,0.6854460093896714
er4,252,9,er4_m252_s1,426.0,random,0,8000,0.6854460093896714
er4,252,9,er4_m252_s1,426.0,random,0,8050,0.6854460093896714
er4,252,9,er4_m252_s1,426.0,random,0,8100,0.6854460093896714
er4,252,9,er4_m252_s1,426.0,random,0,8150,0.6854460093896714
er4,252,9,er4_m252_s1,426.0,random,0,8200,0.6948356807511737
er4,252,9,er4_m252_s1,426.0,random,0,8250,0.6948356807511737
er4,252,9,er4_m252_s1,426.0,random,0,8300,0.6948356807511737
er4,252,9,er4_m252_s1,426.0,random,0,8350,0.6948356807511737
er4,252,9,er4_m252_s1,426.0,random,0,8400,0.6948356807511737
er4,252,9,er4_m252_s1,426.0,random,0,8450,0.6948356807511737
er4,252,9,er4_m252_s1,426.0,random,0,8500,0.6948356807511737
er4,252,9,er4_m252_s1,426.0,random,0,8550,0.6948356807511737
er4,252,9,er4_m252_s1,426.0,random,0,8600,0.6948356807511737
er4,252,9,er4_m252_s1,426.0,random,0,8650,0.6948356807511737
er4,252,9,er4_m252_s1,426.0,random,0,8700,0.6948356807511737
er4,252,9,er4_m252_s1,426.0,random,0,8750,0.6948356807511737
er4,252,9,er4_m252_s1,426.0,random,0,8800,0.6948356807511737
er4,252,9,er4_m252_s1,426.0,random,0,8850,0.6948356807511737
er4,252,9,er4_m252_s1,426.0,random,0,8900,0.6948356807511737
er4,252,9,er4_m252_s1,426.0,random,0,8950,0.6948356807511737
er4,252,9,er4_m252_s1,426.0,random,0,9000,0.6948356807511737
er4,252,9,er4_m252_s1,426.0,random,0,9050,0.6948356807511737
er4,252,9,er4_m252_s1,426.0,random,0,9100,0.6948356807511737
er4,252,9,er4_m252_s1,426.0,random,0,9150,0.6948356807511737
er4,252,9,er4_m252_s1,426.0,random,0,9200,0.6948356807511737
er4,252,9,er4_m252_s1,426.0,random,0,9250,0.6948356807511737
er4,252,9,er4_m252_s1,426.0,random,0,9300,0.6948356807511737
er4,252,9,er4_m252_s1,426.0,random,0,9350,0.6948356807511737
er4,252,9,er4_m252_s1,426.0,random,0,9400,0.6948356807511737
er4,252,9,er4_m252_s1,426.0,random,0,9450,0.6948356807511737
er4,252,9,er4_m252_s1,426.0,random,0,9500,0.6948356807511737
er4,252,9,er4_m252_s1,426.0,random,0,9550,0.6948356807511737
er4,252,9,er4_m252_s1,426.0,random,0,9600,0.6948356807511737
er4,252,9,er4_m252_s1,426.0,random,0,9650,0.6948356807511737
er4,252,9,er4_m252_s1,426.0,random,0,9700,0.6948356807511737
er4,252,9,er4_m252_s1,426.0,random,0,9750,0.6948356807511737
er4,252,9,er4_m252_s1,426.0,random,0,9800,0.6948356807511737
er4,252,9,er4_m252_s1,426.0,random,0,9850,0.6948356807511737
er4,252,9,er4_m252_s1,426.0,random,0,9900,0.6948356807511737
er4,252,9,er4_m252_s1,426.0,random,0,9950,0.6948356807511737
er4,252,9,er4_m252_s1,426.0,random,0,10000,0.6948356807511737
er4,252,9,er4_m252_s1,426.0,random,0,10050,0.6948356807511737
er4,252,9,er4_m252_s1,426.0,random,0,10100,0.6948356807511737
er4,252,9,er4_m252_s1,426.0,random,0,10150,0.6948356807511737
er4,252,9,er4_m252_s1,426.0,random,0,10200,0.6948356807511737
er4,252,9,er4_m252_s1,426.0,random,0,10250,0.6948356807511737
er4,252,9,er4_m252_s1,426.0,random,0,10300,0.6948356807511737
er4,252,9,er4_m252_s1,426.0,random,0,10350,0.6948356807511737
er4,252,9,er4_m252_s1,426.0,random,0,10400,0.6948356807511737
er4,252,9,er4_m252_s1,426.0,random,0,10450,0.6948356807511737
er4,252,9,er4_m252_s1,426.0,random,0,10500,0.6948356807511737
er4,252,9,er4_m252_s1,426.0,random,0,10550,0.6948356807511737
er4,252,9,er4_m252_s1,426.0,random,0,10600,0.6948356807511737
er4,252,9,er4_m252_s1,426.0,random,0,10650,0.6948356807511737
er4,252,9,er4_m252_s1,426.0,random,0,10700,0.6948356807511737
er4,252,9,er4_m252_s1,426.0,random,0,10750,0.6948356807511737
er4,252,9,er4_m252_s1,426.0,random,0,10800,0.6948356807511737
er4,252,9,er4_m252_s1,426.0,random,0,10850,0.6948356807511737
er4,252,9,er4_m252_s1,426.0,random,0,10900,0.6948356807511737
er4,252,9,er4_m252_s1,426.0,random,0,10950,0.6948356807511737
er4,252,9,er4_m252_s1,426.0,random,0,11000,0.6948356807511737
er4,252,9,er4_m252_s1,426.0,random,0,11050,0.6948356807511737
er4,252,9,er4_m252_s1,426.0,random,0,11100,0.6948356807511737
er4,252,9,er4_m252_s1,426.0,random,0,11150,0.6948356807511737
er4,252,9,er4_m252_s1,426.0,random,0,11200,0.6948356807511737
er4,252,9,er4_m252_s1,426.0,random,0,11250,0.6948356807511737
er4,252,9,er4_m252_s1,426.0,random,0,11300,0.6948356807511737
er4,252,9,er4_m252_s1,426.0,random,0,11350,0.6948356807511737
er4,252,9,er4_m252_s1,426.0,random,0,11400,0.6948356807511737
er4,252,9,er4_m252_s1,426.0,random,0,11450,0.6948356807511737
er4,252,9,er4_m252_s1,426.0,random,0,11500,0.6948356807511737
er4,252,9,er4_m252_s1,426.0,random,0,11550,0.6948356807511737
er4,252,9,er4_m252_s1,426.0,random,0,11600,0.6948356807511737
er4,252,9,er4_m252_s1,426.0,random,0,11650,0.6948356807511737
er4,252,9,er4_m252_s1,426.0,random,0,11700,0.6948356807511737
er4,252,9,er4_m252_s1,426.0,random,0,11750,0.6948356807511737
er4,252,9,er4_m252_s1,426.0,random,0,11800,0.6948356807511737
er4,252,9,er4_m252_s1,426.0,random,0,11850,0.6948356807511737
er4,252,9,er4_m252_s1,426.0,random,0,11900,0.6948356807511737
er4,252,9,er4_m252_s1,426.0,random,0,11950,0.6948356807511737
er4,252,9,er4_m252_s1,426.0,random,0,12000,0.6948356807511737
er4,252,9,er4_m252_s1,426.0,random,0,12050,0.6948356807511737
er4,252,9,er4_m252_s1,426.0,random,0,12100,0.6948356807511737
er4,252,9,er4_m252_s1,426.0,random,0,12150,0.6948356807511737
er4,252,9,er4_m252_s1,426.0,random,0,12200,0.6948356807511737
er4,252,9,er4_m252_s1,426.0,random,0,12250,0.6948356807511737
er4,252,9,er4_m252_s1,426.0,random,0,12300,0.6948356807511737
er4,252,9,er4_m252_s1,426.0,random,0,12350,0.6948356807511737
er4,252,9,er4_m252_s1,426.0,random,0,12400,0.6948356807511737
er4,252,9,er4_m252_s1,426.0,random,0,12450,0.6948356807511737
er4,252,9,er4_m252_s1,426.0,random,0,12500,0.6948356807511737
er4,252,9,er4_m252_s1,426.0,random,0,12550,0.6948356807511737
er4,252,9,er4_m252_s1,426.0,random,0,12600,0.6948356807511737
er4,252,9,er4_m252_s1,426.0,random,0,12650,0.6948356807511737
er4,252,9,er4_m252_s1,426.0,random,0,12700,0.6948356807511737
er4,252,9,er4_m252_s1,426.0,random,0,12750,0.6948356807511737
er4,252,9,er4_m252_s1,426.0,random,0,12800,0.6948356807511737
er4,252,9,er4_m252_s1,426.0,random,0,12850,0.6948356807511737
er4,252,9,er4_m252_s1,426.0,random,0,12900,0.6948356807511737
er4,252,9,er4_m252_s1,426.0,random,0,12950,0.6948356807511737
er4,252,9,er4_m252_s1,426.0,random,0,13000,0.6948356807511737
er4,252,9,er4_m252_s1,426.0,random,0,13050,0.6948356807511737
er4,252,9,er4_m252_s1,426.0,random,0,13100,0.6948356807511737
er4,252,9,er4_m252_s1,426.0,random,0,13150,0.6948356807511737
er4,252,9,er4_m252_s1,426.0,random,0,13200,0.6948356807511737
er4,252,9,er4_m252_s1,426.0,random,0,13250,0.6948356807511737
er4,252,9,er4_m252_s1,426.0,random,0,13300,0.6948356807511737
er4,252,9,er4_m252_s1,426.0,random,0,13350,0.6948356807511737
er4,252,9,er4_m252_s1,426.0,random,0,13400,0.6948356807511737
er4,252,9,er4_m252_s1,426.0,random,0,13450,0.6948356807511737
er4,252,9,er4_m252_s1,426.0,random,0,13500,0.6948356807511737
er4,252,9,er4_m252_s1,426.0,random,0,13550,0.6948356807511737
er4,252,9,er4_m252_s1,426.0,random,0,13600,0.6948356807511737
er4,252,9,er4_m252_s1,426.0,random,0,13650,0.6948356807511737
er4,252,9,er4_m252_s1,426.0,random,0,13700,0.6948356807511737
er4,252,9,er4_m252_s1,426.0,random,0,13750,0.6948356807511737
er4,252,9,er4_m252_s1,426.0,random,0,13800,0.6948356807511737
er4,252,9,er4_m252_s1,426.0,random,0,13850,0.6948356807511737
er4,252,9,er4_m252_s1,426.0,random,0,13900,0.6948356807511737
er4,252,9,er4_m252_s1,426.0,random,0,13950,0.6948356807511737
er4,252,9,er4_m252_s1,426.0,random,0,14000,0.6948356807511737
er4,252,9,er4_m252_s1,426.0,random,0,14050,0.6948356807511737
er4,252,9,er4_m252_s1,426.0,random,0,14100,0.6948356807511737
er4,252,9,er4_m252_s1,426.0,random,0,14150,0.6948356807511737
er4,252,9,er4_m252_s1,426.0,random,0,14200,0.6948356807511737
er4,252,9,er4_m252_s1,426.0,random,0,14250,0.6948356807511737
er4,252,9,er4_m252_s1,426.0,random,0,14300,0.6948356807511737
er4,252,9,er4_m252_s1,426.0,random,0,14350,0.6948356807511737
er4,252,9,er4_m252_s1,426.0,random,0,14400,0.6948356807511737
er4,252,9,er4_m252_s1,426.0,random,0,14450,0.6948356807511737
er4,252,9,er4_m252_s1,426.0,random,0,14500,0.6948356807511737
er4,252,9,er4_m252_s1,426.0,random,0,14550,0.6948356807511737
er4,252,9,er4_m252_s1,426.0,random,0,14600,0.6948356807511737
er4,252,9,er4_m252_s1,426.0,random,0,14650,0.6948356807511737
er4,252,9,er4_m252_s1,426.0,random,0,14700,0.6948356807511737
er4,252,9,er4_m252_s1,426.0,random,0,14750,0.6948356807511737
er4,252,9,er4_m252_s1,426.0,random,0,14800,0.6948356807511737
er4,252,9,er4_m252_s1,426.0,random,0,14850,0.6948356807511737
er4,252,9,er4_m252_s1,426.0,random,0,14900,0.6948356807511737
er4,252,9,er4_m252_s1,426.0,random,0,14950,0.6948356807511737
er4,252,9,er4_m252_s1,426.0,random,0,15000,0.6948356807511737
er4,252,9,er4_m252_s1,426.0,random,0,15050,0.6948356807511737
er4,252,9,er4_m252_s1,426.0,random,0,15100,0.6948356807511737
er4,252,9,er4_m252_s1,426.0,random,0,15150,0.6948356807511737
er4,252,9,er4_m252_s1,426.0,random,0,15200,0.6948356807511737
er4,252,9,er4_m252_s1,426.0,random,0,15250,0.6948356807511737
er4,252,9,er4_m252_s1,426.0,random,0,15300,0.6948356807511737
er4,252,9,er4_m252_s1,426.0,random,0,15350,0.6948356807511737
er4,252,9,er4_m252_s1,426.0,random,0,15400,0.6948356807511737
er4,252,9,er4_m252_s1,426.0,random,0,15450,0.6948356807511737
er4,252,9,er4_m252_s1,426.0,random,0,15500,0.6948356807511737
er4,252,9,er4_m252_s1,426.0,random,0,15550,0.6948356807511737
er4,252,9,er4_m252_s1,426.0,random,0,15600,0.6948356807511737
er4,252,9,er4_m252_s1,426.0,random,0,15650,0.6948356807511737
er4,252,9,er4_m252_s1,426.0,random,0,15700,0.6948356807511737
er4,252,9,er4_m252_s1,426.0,random,0,15750,0.6948356807511737
er4,252,9,er4_m252_s1,426.0,random,0,15800,0.6948356807511737
er4,252,9,er4_m252_s1,426.0,random,0,15850,0.6948356807511737
er4,252,9,er4_m252_s1,426.0,random,0,15900,0.6948356807511737
er4,252,9,er4_m252_s1,426.0,random,0,15950,0.6948356807511737
er4,252,9,er4_m252_s1,426.0,random,0,16000,0.6948356807511737
er4,252,9,er4_m252_s1,426.0,random,0,16050,0.6948356807511737
er4,252,9,er4_m252_s1,426.0,random,0,16100,0.6948356807511737
er4,252,9,er4_m252_s1,426.0,random,0,16150,0.6948356807511737
er4,252,9,er4_m252_s1,426.0,random,0,16200,0.6948356807511737
er4,252,9,er4_m252_s1,426.0,random,0,16250,0.6948356807511737
er4,252,9,er4_m252_s1,426.0,random,0,16300,0.6948356807511737
er4,252,9,er4_m252_s1,426.0,random,0,16350,0.6948356807511737
er4,252,9,er4_m252_s1,426.0,random,0,16400,0.6948356807511737
er4,252,9,er4_m252_s1,426.0,random,0,16450,0.6948356807511737
er4,252,9,er4_m252_s1,426.0,random,0,16500,0.6948356807511737
er4,252,9,er4_m252_s1,426.0,random,0,16550,0.6948356807511737
er4,252,9,er4_m252_s1,426.0,random,0,16600,0.6948356807511737
er4,252,9,er4_m252_s1,426.0,random,0,16650,0.6948356807511737
er4,252,9,er4_m252_s1,426.0,random,0,16700,0.6948356807511737
er4,252,9,er4_m252_s1,426.0,random,0,16750,0.6948356807511737
er4,252,9,er4_m252_s1,426.0,random,0,16800,0.6948356807511737
er4,252,9,er4_m252_s1,426.0,random,0,16850,0.6948356807511737
er4,252,9,er4_m252_s1,426.0,random,0,16900,0.6948356807511737
er4,252,9,er4_m252_s1,426.0,random,0,16950,0.6948356807511737
er4,252,9,er4_m252_s1,426.0,random,0,17000,0.6948356807511737
er4,252,9,er4_m252_s1,426.0,random,0,17050,0.6948356807511737
er4,252,9,er4_m252_s1,426.0,random,0,17100,0.6948356807511737
er4,252,9,er4_m252_s1,426.0,random,0,17150,0.6948356807511737
er4,252,9,er4_m252_s1,426.0,random,0,17200,0.6948356807511737
er4,252,9,er4_m252_s1,426.0,random,0,17250,0.6948356807511737
er4,252,9,er4_m252_s1,426.0,random,0,17300,0.6948356807511737
er4,252,9,er4_m252_s1,426.0,random,0,17350,0.6948356807511737
er4,252,9,er4_m252_s1,426.0,random,0,17400,0.6948356807511737
er4,252,9,er4_m252_s1,426.0,random,0,17450,0.6948356807511737
er4,252,9,er4_m252_s1,426.0,random,0,17500,0.6948356807511737
er4,252,9,er4_m252_s1,426.0,random,0,17550,0.6948356807511737
er4,252,9,er4_m252_s1,426.0,random,0,17600,0.6948356807511737
er4,252,9,er4_m252_s1,426.0,random,0,17650,0.6948356807511737
er4,252,9,er4_m252_s1,426.0,random,0,17700,0.6948356807511737
er4,252,9,er4_m252_s1,426.0,random,0,17750,0.6948356807511737
er4,252,9,er4_m252_s1,426.0,random,0,17800,0.6948356807511737
er4,252,9,er4_m252_s1,426.0,random,0,17850,0.6948356807511737
er4,252,9,er4_m252_s1,426.0,random,0,17900,0.6948356807511737
er4,252,9,er4_m252_s1,426.0,random,0,17950,0.6948356807511737
er4,252,9,er4_m252_s1,426.0,random,0,18000,0.6948356807511737
er4,252,9,er4_m252_s1,426.0,random,0,18050,0.6948356807511737
er4,252,9,er4_m252_s1,426.0,random,0,18100,0.6948356807511737
er4,252,9,er4_m252_s1,426.0,random,0,18150,0.6948356807511737
er4,252,9,er4_m252_s1,426.0,random,0,18200,0.6948356807511737
er4,252,9,er4_m252_s1,426.0,random,0,18250,0.6948356807511737
er4,252,9,er4_m252_s1,426.0,random,0,18300,0.6948356807511737
er4,252,9,er4_m252_s1,426.0,random,0,18350,0.6948356807511737
er4,252,9,er4_m252_s1,426.0,random,0,18400,0.6948356807511737
er4,252,9,er4_m252_s1,426.0,random,0,18450,0.6948356807511737
er4,252,9,er4_m252_s1,426.0,random,0,18500,0.6948356807511737
er4,252,9,er4_m252_s1,426.0,random,0,18550,0.6948356807511737
er4,252,9,er4_m252_s1,426.0,random,0,18600,0.6948356807511737
er4,252,9,er4_m252_s1,426.0,random,0,18650,0.6948356807511737
er4,252,9,er4_m252_s1,426.0,random,0,18700,0.6948356807511737
er4,252,9,er4_m252_s1,426.0,random,0,18750,0.6948356807511737
er4,252,9,er4_m252_s1,426.0,random,0,18800,0.6948356807511737
er4,252,9,er4_m252_s1,426.0,random,0,18850,0.6948356807511737
er4,252,9,er4_m252_s1,426.0,random,0,18900,0.6948356807511737
er4,252,9,er4_m252_s1,426.0,random,0,18950,0.6948356807511737
er4,252,9,er4_m252_s1,426.0,random,0,19000,0.6948356807511737
er4,252,9,er4_m252_s1,426.0,random,0,19050,0.6948356807511737
er4,252,9,er4_m252_s1,426.0,random,0,19100,0.6948356807511737
er4,252,9,er4_m252_s1,426.0,random,0,19150,0.6948356807511737
er4,252,9,er4_m252_s1,426.0,random,0,19200,0.6948356807511737
er4,252,9,er4_m252_s1,426.0,random,0,19250,0.6948356807511737
er4,252,9,er4_m252_s1,426.0,random,0,19300,0.6948356807511737
er4,252,9,er4_m252_s1,426.0,random,0,19350,0.6948356807511737
er4,252,9,er4_m252_s1,426.0,random,0,19400,0.6948356807511737
er4,252,9,er4_m252_s1,426.0,random,0,19450,0.6948356807511737
er4,252,9,er4_m252_s1,426.0,random,0,19500,0.6948356807511737
er4,252,9,er4_m252_s1,426.0,random,0,19550,0.6948356807511737
er4,252,9,er4_m252_s1,426.0,random,0,19600,0.6948356807511737
er4,252,9,er4_m252_s1,426.0,random,0,19650,0.6948356807511737
er4,252,9,er4_m252_s1,426.0,random,0,19700,0.6948356807511737
er4,252,9,er4_m252_s1,426.0,random,0,19750,0.6948356807511737
er4,252,9,er4_m252_s1,426.0,random,0,19800,0.6948356807511737
er4,252,9,er4_m252_s1,426.0,random,0,19850,0.6948356807511737
er4,252,9,er4_m252_s1,426.0,random,0,19900,0.6948356807511737
er4,252,9,er4_m252_s1,426.0,random,0,19950,0.6948356807511737
er4,252,9,er4_m252_s1,426.0,random,0,20000,0.6948356807511737
er4,252,9,er4_m252_s1,426.0,genpce_es,1,10,0.6150234741784038
er4,252,9,er4_m252_s1,426.0,genpce_es,1,60,0.6525821596244131
er4,252,9,er4_m252_s1,426.0,genpce_es,1,110,0.6619718309859155
er4,252,9,er4_m252_s1,426.0,genpce_es,1,160,0.6596244131455399
er4,252,9,er4_m252_s1,426.0,genpce_es,1,210,0.6830985915492958
er4,252,9,er4_m252_s1,426.0,genpce_es,1,260,0.7018779342723005
er4,252,9,er4_m252_s1,426.0,genpce_es,1,310,0.7018779342723005
er4,252,9,er4_m252_s1,426.0,genpce_es,1,360,0.7018779342723005
er4,252,9,er4_m252_s1,426.0,genpce_es,1,410,0.7018779342723005
er4,252,9,er4_m252_s1,426.0,genpce_es,1,460,0.7018779342723005
er4,252,9,er4_m252_s1,426.0,genpce_es,1,510,0.704225352112676
er4,252,9,er4_m252_s1,426.0,genpce_es,1,560,0.704225352112676
er4,252,9,er4_m252_s1,426.0,genpce_es,1,610,0.704225352112676
er4,252,9,er4_m252_s1,426.0,genpce_es,1,660,0.7089201877934272
er4,252,9,er4_m252_s1,426.0,genpce_es,1,710,0.7183098591549296
er4,252,9,er4_m252_s1,426.0,genpce_es,1,760,0.7183098591549296
er4,252,9,er4_m252_s1,426.0,genpce_es,1,810,0.7136150234741784
er4,252,9,er4_m252_s1,426.0,genpce_es,1,860,0.7183098591549296
er4,252,9,er4_m252_s1,426.0,genpce_es,1,910,0.7276995305164319
er4,252,9,er4_m252_s1,426.0,genpce_es,1,960,0.7347417840375586
er4,252,9,er4_m252_s1,426.0,genpce_es,1,1010,0.7370892018779343
er4,252,9,er4_m252_s1,426.0,genpce_es,1,1060,0.7370892018779343
er4,252,9,er4_m252_s1,426.0,genpce_es,1,1110,0.7370892018779343
er4,252,9,er4_m252_s1,426.0,genpce_es,1,1160,0.7370892018779343
er4,252,9,er4_m252_s1,426.0,genpce_es,1,1210,0.7370892018779343
er4,252,9,er4_m252_s1,426.0,genpce_es,1,1260,0.7370892018779343
er4,252,9,er4_m252_s1,426.0,genpce_es,1,1310,0.7370892018779343
er4,252,9,er4_m252_s1,426.0,genpce_es,1,1360,0.7370892018779343
er4,252,9,er4_m252_s1,426.0,genpce_es,1,1410,0.7370892018779343
er4,252,9,er4_m252_s1,426.0,genpce_es,1,1460,0.7370892018779343
er4,252,9,er4_m252_s1,426.0,genpce_es,1,1510,0.7370892018779343
er4,252,9,er4_m252_s1,426.0,genpce_es,1,1560,0.7370892018779343
er4,252,9,er4_m252_s1,426.0,genpce_es,1,1610,0.7370892018779343
er4,252,9,er4_m252_s1,426.0,genpce_es,1,1660,0.7370892018779343
er4,252,9,er4_m252_s1,426.0,genpce_es,1,1710,0.7370892018779343
er4,252,9,er4_m252_s1,426.0,genpce_es,1,1760,0.7370892018779343
er4,252,9,er4_m252_s1,426.0,genpce_es,1,1810,0.7370892018779343
er4,252,9,er4_m252_s1,426.0,genpce_es,1,1860,0.7370892018779343
er4,252,9,er4_m252_s1,426.0,genpce_es,1,1910,0.7370892018779343
er4,252,9,er4_m252_s1,426.0,genpce_es,1,1960,0.7370892018779343
er4,252,9,er4_m252_s1,426.0,genpce_es,1,2010,0.7370892018779343
er4,252,9,er4_m252_s1,426.0,genpce_es,1,2060,0.7370892018779343
er4,252,9,er4_m252_s1,426.0,genpce_es,1,2110,0.7370892018779343
er4,252,9,er4_m252_s1,426.0,genpce_es,1,2160,0.7370892018779343
er4,252,9,er4_m252_s1,426.0,genpce_es,1,2210,0.7370892018779343
er4,252,9,er4_m252_s1,426.0,genpce_es,1,2260,0.7370892018779343
er4,252,9,er4_m252_s1,426.0,genpce_es,1,2310,0.7370892018779343
er4,252,9,er4_m252_s1,426.0,genpce_es,1,2360,0.7370892018779343
er4,252,9,er4_m252_s1,426.0,genpce_es,1,2410,0.7370892018779343
er4,252,9,er4_m252_s1,426.0,genpce_es,1,2460,0.7370892018779343
er4,252,9,er4_m252_s1,426.0,genpce_es,1,2510,0.7370892018779343
er4,252,9,er4_m252_s1,426.0,genpce_es,1,2560,0.7370892018779343
er4,252,9,er4_m252_s1,426.0,genpce_es,1,2610,0.7488262910798122
er4,252,9,er4_m252_s1,426.0,genpce_es,1,2660,0.7488262910798122
er4,252,9,er4_m252_s1,426.0,genpce_es,1,2710,0.7488262910798122
er4,252,9,er4_m252_s1,426.0,genpce_es,1,2760,0.7488262910798122
er4,252,9,er4_m252_s1,426.0,genpce_es,1,2810,0.7535211267605634
er4,252,9,er4_m252_s1,426.0,genpce_es,1,2860,0.7535211267605634
er4,252,9,er4_m252_s1,426.0,genpce_es,1,2910,0.7535211267605634
er4,252,9,er4_m252_s1,426.0,genpce_es,1,2960,0.7535211267605634
er4,252,9,er4_m252_s1,426.0,genpce_es,1,3010,0.7535211267605634
er4,252,9,er4_m252_s1,426.0,genpce_es,1,3060,0.7535211267605634
er4,252,9,er4_m252_s1,426.0,genpce_es,1,3110,0.7535211267605634
er4,252,9,er4_m252_s1,426.0,genpce_es,1,3160,0.7535211267605634
er4,252,9,er4_m252_s1,426.0,genpce_es,1,3210,0.7535211267605634
er4,252,9,er4_m252_s1,426.0,genpce_es,1,3260,0.7535211267605634
er4,252,9,er4_m252_s1,426.0,genpce_es,1,3310,0.7535211267605634
er4,252,9,er4_m252_s1,426.0,genpce_es,1,3360,0.7535211267605634
er4,252,9,er4_m252_s1,426.0,genpce_es,1,3410,0.7535211267605634
er4,252,9,er4_m252_s1,426.0,genpce_es,1,3460,0.7535211267605634
er4,252,9,er4_m252_s1,426.0,genpce_es,1,3510,0.7535211267605634
er4,252,9,er4_m252_s1,426.0,genpce_es,1,3560,0.7535211267605634
er4,252,9,er4_m252_s1,426.0,genpce_es,1,3610,0.7535211267605634
er4,252,9,er4_m252_s1,426.0,genpce_es,1,3660,0.7535211267605634
er4,252,9,er4_m252_s1,426.0,genpce_es,1,3710,0.7535211267605634
er4,252,9,er4_m252_s1,426.0,genpce_es,1,3760,0.7535211267605634
er4,252,9,er4_m252_s1,426.0,genpce_es,1,3810,0.7535211267605634
er4,252,9,er4_m252_s1,426.0,genpce_es,1,3860,0.7535211267605634
er4,252,9,er4_m252_s1,426.0,genpce_es,1,3910,0.7535211267605634
er4,252,9,er4_m252_s1,426.0,genpce_es,1,3960,0.7535211267605634
er4,252,9,er4_m252_s1,426.0,genpce_es,1,4010,0.7535211267605634
er4,252,9,er4_m252_s1,426.0,genpce_es,1,4060,0.7535211267605634
er4,252,9,er4_m252_s1,426.0,genpce_es,1,4110,0.7535211267605634
er4,252,9,er4_m252_s1,426.0,genpce_es,1,4160,0.7535211267605634
er4,252,9,er4_m252_s1,426.0,genpce_es,1,4210,0.7535211267605634
er4,252,9,er4_m252_s1,426.0,genpce_es,1,4260,0.7535211267605634
er4,252,9,er4_m252_s1,426.0,genpce_es,1,4310,0.7535211267605634
er4,252,9,er4_m252_s1,426.0,genpce_es,1,4360,0.7535211267605634
er4,252,9,er4_m252_s1,426.0,genpce_es,1,4410,0.7535211267605634
er4,252,9,er4_m252_s1,426.0,genpce_es,1,4460,0.7535211267605634
er4,252,9,er4_m252_s1,426.0,genpce_es,1,4510,0.7535211267605634
er4,252,9,er4_m252_s1,426.0,genpce_es,1,4560,0.7535211267605634
er4,252,9,er4_m252_s1,426.0,genpce_es,1,4610,0.7535211267605634
er4,252,9,er4_m252_s1,426.0,genpce_es,1,4660,0.7535211267605634
er4,252,9,er4_m252_s1,426.0,genpce_es,1,4710,0.7535211267605634
er4,252,9,er4_m252_s1,426.0,genpce_es,1,4760,0.7535211267605634
er4,252,9,er4_m252_s1,426.0,genpce_es,1,4810,0.7535211267605634
er4,252,9,er4_m252_s1,426.0,genpce_es,1,4860,0.7535211267605634
er4,252,9,er4_m252_s1,426.0,genpce_es,1,4910,0.7535211267605634
er4,252,9,er4_m252_s1,426.0,genpce_es,1,4960,0.7535211267605634
er4,252,9,er4_m252_s1,426.0,genpce_es,1,5010,0.7535211267605634
er4,252,9,er4_m252_s1,426.0,genpce_es,1,5060,0.7535211267605634
er4,252,9,er4_m252_s1,426.0,genpce_es,1,5110,0.7535211267605634
er4,252,9,er4_m252_s1,426.0,genpce_es,1,5160,0.7535211267605634
er4,252,9,er4_m252_s1,426.0,genpce_es,1,5210,0.7535211267605634
er4,252,9,er4_m252_s1,426.0,genpce_es,1,5260,0.7535211267605634
er4,252,9,er4_m252_s1,426.0,genpce_es,1,5310,0.7535211267605634
er4,252,9,er4_m252_s1,426.0,genpce_es,1,5360,0.7535211267605634
er4,252,9,er4_m252_s1,426.0,genpce_es,1,5410,0.7535211267605634
er4,252,9,er4_m252_s1,426.0,genpce_es,1,5460,0.7535211267605634
er4,252,9,er4_m252_s1,426.0,genpce_es,1,5510,0.7535211267605634
er4,252,9,er4_m252_s1,426.0,genpce_es,1,5560,0.7535211267605634
er4,252,9,er4_m252_s1,426.0,genpce_es,1,5610,0.7535211267605634
er4,252,9,er4_m252_s1,426.0,genpce_es,1,5660,0.7535211267605634
er4,252,9,er4_m252_s1,426.0,genpce_es,1,5710,0.7535211267605634
er4,252,9,er4_m252_s1,426.0,genpce_es,1,5760,0.7535211267605634
er4,252,9,er4_m252_s1,426.0,genpce_es,1,5810,0.7535211267605634
er4,252,9,er4_m252_s1,426.0,genpce_es,1,5860,0.7535211267605634
er4,252,9,er4_m252_s1,426.0,genpce_es,1,5910,0.7535211267605634
er4,252,9,er4_m252_s1,426.0,genpce_es,1,5960,0.7535211267605634
er4,252,9,er4_m252_s1,426.0,genpce_es,1,6010,0.7535211267605634
er4,252,9,er4_m252_s1,426.0,genpce_es,1,6060,0.7535211267605634
er4,252,9,er4_m252_s1,426.0,genpce_es,1,6110,0.7535211267605634
er4,252,9,er4_m252_s1,426.0,genpce_es,1,6160,0.7535211267605634
er4,252,9,er4_m252_s1,426.0,genpce_es,1,6210,0.7535211267605634
er4,252,9,er4_m252_s1,426.0,genpce_es,1,6260,0.7535211267605634
er4,252,9,er4_m252_s1,426.0,genpce_es,1,6310,0.7535211267605634
er4,252,9,er4_m252_s1,426.0,genpce_es,1,6360,0.7535211267605634
er4,252,9,er4_m252_s1,426.0,genpce_es,1,6410,0.7535211267605634
er4,252,9,er4_m252_s1,426.0,genpce_es,1,6460,0.7535211267605634
er4,252,9,er4_m252_s1,426.0,genpce_es,1,6510,0.7535211267605634
er4,252,9,er4_m252_s1,426.0,genpce_es,1,6560,0.7535211267605634
er4,252,9,er4_m252_s1,426.0,genpce_es,1,6610,0.7535211267605634
er4,252,9,er4_m252_s1,426.0,genpce_es,1,6660,0.7535211267605634
er4,252,9,er4_m252_s1,426.0,genpce_es,1,6710,0.7535211267605634
er4,252,9,er4_m252_s1,426.0,genpce_es,1,6760,0.7535211267605634
er4,252,9,er4_m252_s1,426.0,genpce_es,1,6810,0.7535211267605634
er4,252,9,er4_m252_s1,426.0,genpce_es,1,6860,0.7535211267605634
er4,252,9,er4_m252_s1,426.0,genpce_es,1,6910,0.7535211267605634
er4,252,9,er4_m252_s1,426.0,genpce_es,1,6960,0.7535211267605634
er4,252,9,er4_m252_s1,426.0,genpce_es,1,7010,0.7535211267605634
er4,252,9,er4_m252_s1,426.0,genpce_es,1,7060,0.7535211267605634
er4,252,9,er4_m252_s1,426.0,genpce_es,1,7110,0.7535211267605634
er4,252,9,er4_m252_s1,426.0,genpce_es,1,7160,0.7535211267605634
er4,252,9,er4_m252_s1,426.0,genpce_es,1,7210,0.7535211267605634
er4,252,9,er4_m252_s1,426.0,genpce_es,1,7260,0.7535211267605634
er4,252,9,er4_m252_s1,426.0,genpce_es,1,7310,0.7535211267605634
er4,252,9,er4_m252_s1,426.0,genpce_es,1,7360,0.7535211267605634
er4,252,9,er4_m252_s1,426.0,genpce_es,1,7410,0.7535211267605634
er4,252,9,er4_m252_s1,426.0,genpce_es,1,7460,0.755868544600939
er4,252,9,er4_m252_s1,426.0,genpce_es,1,7510,0.755868544600939
er4,252,9,er4_m252_s1,426.0,genpce_es,1,7560,0.755868544600939
er4,252,9,er4_m252_s1,426.0,genpce_es,1,7610,0.755868544600939
er4,252,9,er4_m252_s1,426.0,genpce_es,1,7660,0.755868544600939
er4,252,9,er4_m252_s1,426.0,genpce_es,1,7710,0.755868544600939
er4,252,9,er4_m252_s1,426.0,genpce_es,1,7760,0.755868544600939
er4,252,9,er4_m252_s1,426.0,genpce_es,1,7810,0.755868544600939
er4,252,9,er4_m252_s1,426.0,genpce_es,1,7860,0.755868544600939
er4,252,9,er4_m252_s1,426.0,genpce_es,1,7910,0.755868544600939
er4,252,9,er4_m252_s1,426.0,genpce_es,1,7960,0.755868544600939
er4,252,9,er4_m252_s1,426.0,genpce_es,1,8010,0.755868544600939
er4,252,9,er4_m252_s1,426.0,genpce_es,1,8060,0.755868544600939
er4,252,9,er4_m252_s1,426.0,genpce_es,1,8110,0.755868544600939
er4,252,9,er4_m252_s1,426.0,genpce_es,1,8160,0.755868544600939
er4,252,9,er4_m252_s1,426.0,genpce_es,1,8210,0.755868544600939
er4,252,9,er4_m252_s1,426.0,genpce_es,1,8260,0.755868544600939
er4,252,9,er4_m252_s1,426.0,genpce_es,1,8310,0.755868544600939
er4,252,9,er4_m252_s1,426.0,genpce_es,1,8360,0.755868544600939
er4,252,9,er4_m252_s1,426.0,genpce_es,1,8410,0.755868544600939
er4,252,9,er4_m252_s1,426.0,genpce_es,1,8460,0.755868544600939
er4,252,9,er4_m252_s1,426.0,genpce_es,1,8510,0.755868544600939
er4,252,9,er4_m252_s1,426.0,genpce_es,1,8560,0.755868544600939
er4,252,9,er4_m252_s1,426.0,genpce_es,1,8610,0.755868544600939
er4,252,9,er4_m252_s1,426.0,genpce_es,1,8660,0.755868544600939
er4,252,9,er4_m252_s1,426.0,genpce_es,1,8710,0.755868544600939
er4,252,9,er4_m252_s1,426.0,genpce_es,1,8760,0.755868544600939
er4,252,9,er4_m252_s1,426.0,genpce_es,1,8810,0.755868544600939
er4,252,9,er4_m252_s1,426.0,genpce_es,1,8860,0.755868544600939
er4,252,9,er4_m252_s1,426.0,genpce_es,1,8910,0.755868544600939
er4,252,9,er4_m252_s1,426.0,genpce_es,1,8960,0.755868544600939
er4,252,9,er4_m252_s1,426.0,genpce_es,1,9010,0.755868544600939
er4,252,9,er4_m252_s1,426.0,genpce_es,1,9060,0.755868544600939
er4,252,9,er4_m252_s1,426.0,genpce_es,1,9110,0.755868544600939
er4,252,9,er4_m252_s1,426.0,genpce_es,1,9160,0.755868544600939
er4,252,9,er4_m252_s1,426.0,genpce_es,1,9210,0.755868544600939
er4,252,9,er4_m252_s1,426.0,genpce_es,1,9260,0.755868544600939
er4,252,9,er4_m252_s1,426.0,genpce_es,1,9310,0.755868544600939
er4,252,9,er4_m252_s1,426.0,genpce_es,1,9360,0.755868544600939
er4,252,9,er4_m252_s1,426.0,genpce_es,1,9410,0.755868544600939
er4,252,9,er4_m252_s1,426.0,genpce_es,1,9460,0.755868544600939
er4,252,9,er4_m252_s1,426.0,genpce_es,1,9510,0.755868544600939
er4,252,9,er4_m252_s1,426.0,genpce_es,1,9560,0.7582159624413145
er4,252,9,er4_m252_s1,426.0,genpce_es,1,9610,0.7582159624413145
er4,252,9,er4_m252_s1,426.0,genpce_es,1,9660,0.7582159624413145
er4,252,9,er4_m252_s1,426.0,genpce_es,1,9710,0.7582159624413145
er4,252,9,er4_m252_s1,426.0,genpce_es,1,9760,0.7582159624413145
er4,252,9,er4_m252_s1,426.0,genpce_es,1,9810,0.7582159624413145
er4,252,9,er4_m252_s1,426.0,genpce_es,1,9860,0.7582159624413145
er4,252,9,er4_m252_s1,426.0,genpce_es,1,9910,0.7582159624413145
er4,252,9,er4_m252_s1,426.0,genpce_es,1,9960,0.7582159624413145
er4,252,9,er4_m252_s1,426.0,genpce_es,1,10010,0.7582159624413145
er4,252,9,er4_m252_s1,426.0,genpce_es,1,10060,0.7582159624413145
er4,252,9,er4_m252_s1,426.0,genpce_es,1,10110,0.7582159624413145
er4,252,9,er4_m252_s1,426.0,genpce_es,1,10160,0.7582159624413145
er4,252,9,er4_m252_s1,426.0,genpce_es,1,10210,0.7582159624413145
er4,252,9,er4_m252_s1,426.0,genpce_es,1,10260,0.7582159624413145
er4,252,9,er4_m252_s1,426.0,genpce_es,1,10310,0.7582159624413145
er4,252,9,er4_m252_s1,426.0,genpce_es,1,10360,0.7582159624413145
er4,252,9,er4_m252_s1,426.0,genpce_es,1,10410,0.7582159624413145
er4,252,9,er4_m252_s1,426.0,genpce_es,1,10460,0.7582159624413145
er4,252,9,er4_m252_s1,426.0,genpce_es,1,10510,0.7582159624413145
er4,252,9,er4_m252_s1,426.0,genpce_es,1,10560,0.7582159624413145
er4,252,9,er4_m252_s1,426.0,genpce_es,1,10610,0.7582159624413145
er4,252,9,er4_m252_s1,426.0,genpce_es,1,10660,0.7582159624413145
er4,252,9,er4_m252_s1,426.0,genpce_es,1,10710,0.7582159624413145
er4,252,9,er4_m252_s1,426.0,genpce_es,1,10760,0.7582159624413145
er4,252,9,er4_m252_s1,426.0,genpce_es,1,10810,0.7582159624413145
er4,252,9,er4_m252_s1,426.0,genpce_es,1,10860,0.7582159624413145
er4,252,9,er4_m252_s1,426.0,genpce_es,1,10910,0.7582159624413145
er4,252,9,er4_m252_s1,426.0,genpce_es,1,10960,0.7582159624413145
er4,252,9,er4_m252_s1,426.0,genpce_es,1,11010,0.7582159624413145
er4,252,9,er4_m252_s1,426.0,genpce_es,1,11060,0.7582159624413145
er4,252,9,er4_m252_s1,426.0,genpce_es,1,11110,0.7582159624413145
er4,252,9,er4_m252_s1,426.0,genpce_es,1,11160,0.7582159624413145
er4,252,9,er4_m252_s1,426.0,genpce_es,1,11210,0.7582159624413145
er4,252,9,er4_m252_s1,426.0,genpce_es,1,11260,0.7582159624413145
er4,252,9,er4_m252_s1,426.0,genpce_es,1,11310,0.7582159624413145
er4,252,9,er4_m252_s1,426.0,genpce_es,1,11360,0.7582159624413145
er4,252,9,er4_m252_s1,426.0,genpce_es,1,11410,0.7582159624413145
er4,252,9,er4_m252_s1,426.0,genpce_es,1,11460,0.7582159624413145
er4,252,9,er4_m252_s1,426.0,genpce_es,1,11510,0.7582159624413145
er4,252,9,er4_m252_s1,426.0,genpce_es,1,11560,0.7582159624413145
er4,252,9,er4_m252_s1,426.0,genpce_es,1,11610,0.7582159624413145
er4,252,9,er4_m252_s1,426.0,genpce_es,1,11660,0.7582159624413145
er4,252,9,er4_m252_s1,426.0,genpce_es,1,11710,0.7582159624413145
er4,252,9,er4_m252_s1,426.0,genpce_es,1,11760,0.7582159624413145
er4,252,9,er4_m252_s1,426.0,genpce_es,1,11810,0.7582159624413145
er4,252,9,er4_m252_s1,426.0,genpce_es,1,11860,0.7582159624413145
er4,252,9,er4_m252_s1,426.0,genpce_es,1,11910,0.7582159624413145
er4,252,9,er4_m252_s1,426.0,genpce_es,1,11960,0.7582159624413145
er4,252,9,er4_m252_s1,426.0,genpce_es,1,12010,0.7582159624413145
er4,252,9,er4_m252_s1,426.0,genpce_es,1,12060,0.7582159624413145
er4,252,9,er4_m252_s1,426.0,genpce_es,1,12110,0.7582159624413145
er4,252,9,er4_m252_s1,426.0,genpce_es,1,12160,0.7582159624413145
er4,252,9,er4_m252_s1,426.0,genpce_es,1,12210,0.7582159624413145
er4,252,9,er4_m252_s1,426.0,genpce_es,1,12260,0.7582159624413145
er4,252,9,er4_m252_s1,426.0,genpce_es,1,12310,0.7582159624413145
er4,252,9,er4_m252_s1,426.0,genpce_es,1,12360,0.7582159624413145
er4,252,9,er4_m252_s1,426.0,genpce_es,1,12410,0.7582159624413145
er4,252,9,er4_m252_s1,426.0,genpce_es,1,12460,0.7582159624413145
er4,252,9,er4_m252_s1,426.0,genpce_es,1,12510,0.7582159624413145
er4,252,9,er4_m252_s1,426.0,genpce_es,1,12560,0.7582159624413145
er4,252,9,er4_m252_s1,426.0,genpce_es,1,12610,0.7582159624413145
er4,252,9,er4_m252_s1,426.0,genpce_es,1,12660,0.7582159624413145
er4,252,9,er4_m252_s1,426.0,genpce_es,1,12710,0.7582159624413145
er4,252,9,er4_m252_s1,426.0,genpce_es,1,12760,0.7582159624413145
er4,252,9,er4_m252_s1,426.0,genpce_es,1,12810,0.7582159624413145
er4,252,9,er4_m252_s1,426.0,genpce_es,1,12860,0.7582159624413145
er4,252,9,er4_m252_s1,426.0,genpce_es,1,12910,0.7582159624413145
er4,252,9,er4_m252_s1,426.0,genpce_es,1,12960,0.7582159624413145
er4,252,9,er4_m252_s1,426.0,genpce_es,1,13010,0.7582159624413145
er4,252,9,er4_m252_s1,426.0,genpce_es,1,13060,0.7582159624413145
er4,252,9,er4_m252_s1,426.0,genpce_es,1,13110,0.7582159624413145
er4,252,9,er4_m252_s1,426.0,genpce_es,1,13160,0.7582159624413145
er4,252,9,er4_m252_s1,426.0,genpce_es,1,13210,0.7582159624413145
er4,252,9,er4_m252_s1,426.0,genpce_es,1,13260,0.7582159624413145
er4,252,9,er4_m252_s1,426.0,genpce_es,1,13310,0.7582159624413145
er4,252,9,er4_m252_s1,426.0,genpce_es,1,13360,0.7582159624413145
er4,252,9,er4_m252_s1,426.0,genpce_es,1,13410,0.7582159624413145
er4,252,9,er4_m252_s1,426.0,genpce_es,1,13460,0.7582159624413145
er4,252,9,er4_m252_s1,426.0,genpce_es,1,13510,0.7582159624413145
er4,252,9,er4_m252_s1,426.0,genpce_es,1,13560,0.7582159624413145
er4,252,9,er4_m252_s1,426.0,genpce_es,1,13610,0.7582159624413145
er4,252,9,er4_m252_s1,426.0,genpce_es,1,13660,0.7582159624413145
er4,252,9,er4_m252_s1,426.0,genpce_es,1,13710,0.7582159624413145
er4,252,9,er4_m252_s1,426.0,genpce_es,1,13760,0.7582159624413145
er4,252,9,er4_m252_s1,426.0,genpce_es,1,13810,0.7582159624413145
er4,252,9,er4_m252_s1,426.0,genpce_es,1,13860,0.7582159624413145
er4,252,9,er4_m252_s1,426.0,genpce_es,1,13910,0.7582159624413145
er4,252,9,er4_m252_s1,426.0,genpce_es,1,13960,0.7582159624413145
er4,252,9,er4_m252_s1,426.0,genpce_es,1,14010,0.7582159624413145
er4,252,9,er4_m252_s1,426.0,genpce_es,1,14060,0.7582159624413145
er4,252,9,er4_m252_s1,426.0,genpce_es,1,14110,0.7582159624413145
er4,252,9,er4_m252_s1,426.0,genpce_es,1,14160,0.7582159624413145
er4,252,9,er4_m252_s1,426.0,genpce_es,1,14210,0.7582159624413145
er4,252,9,er4_m252_s1,426.0,genpce_es,1,14260,0.7582159624413145
er4,252,9,er4_m252_s1,426.0,genpce_es,1,14310,0.7582159624413145
er4,252,9,er4_m252_s1,426.0,genpce_es,1,14360,0.7582159624413145
er4,252,9,er4_m252_s1,426.0,genpce_es,1,14410,0.7582159624413145
er4,252,9,er4_m252_s1,426.0,genpce_es,1,14460,0.7582159624413145
er4,252,9,er4_m252_s1,426.0,genpce_es,1,14510,0.7582159624413145
er4,252,9,er4_m252_s1,426.0,genpce_es,1,14560,0.7582159624413145
er4,252,9,er4_m252_s1,426.0,genpce_es,1,14610,0.7582159624413145
er4,252,9,er4_m252_s1,426.0,genpce_es,1,14660,0.7582159624413145
er4,252,9,er4_m252_s1,426.0,genpce_es,1,14710,0.7582159624413145
er4,252,9,er4_m252_s1,426.0,genpce_es,1,14760,0.7582159624413145
er4,252,9,er4_m252_s1,426.0,genpce_es,1,14810,0.7582159624413145
er4,252,9,er4_m252_s1,426.0,genpce_es,1,14860,0.7582159624413145
er4,252,9,er4_m252_s1,426.0,genpce_es,1,14910,0.7582159624413145
er4,252,9,er4_m252_s1,426.0,genpce_es,1,14960,0.7582159624413145
er4,252,9,er4_m252_s1,426.0,genpce_es,1,15010,0.7582159624413145
er4,252,9,er4_m252_s1,426.0,genpce_es,1,15060,0.7582159624413145
er4,252,9,er4_m252_s1,426.0,genpce_es,1,15110,0.7582159624413145
er4,252,9,er4_m252_s1,426.0,genpce_es,1,15160,0.7582159624413145
er4,252,9,er4_m252_s1,426.0,genpce_es,1,15210,0.7582159624413145
er4,252,9,er4_m252_s1,426.0,genpce_es,1,15260,0.7582159624413145
er4,252,9,er4_m252_s1,426.0,genpce_es,1,15310,0.7582159624413145
er4,252,9,er4_m252_s1,426.0,genpce_es,1,15360,0.7582159624413145
er4,252,9,er4_m252_s1,426.0,genpce_es,1,15410,0.7582159624413145
er4,252,9,er4_m252_s1,426.0,genpce_es,1,15460,0.7582159624413145
er4,252,9,er4_m252_s1,426.0,genpce_es,1,15510,0.7582159624413145
er4,252,9,er4_m252_s1,426.0,genpce_es,1,15560,0.7582159624413145
er4,252,9,er4_m252_s1,426.0,genpce_es,1,15610,0.7582159624413145
er4,252,9,er4_m252_s1,426.0,genpce_es,1,15660,0.7582159624413145
er4,252,9,er4_m252_s1,426.0,genpce_es,1,15710,0.7582159624413145
er4,252,9,er4_m252_s1,426.0,genpce_es,1,15760,0.7582159624413145
er4,252,9,er4_m252_s1,426.0,genpce_es,1,15810,0.7582159624413145
er4,252,9,er4_m252_s1,426.0,genpce_es,1,15860,0.7582159624413145
er4,252,9,er4_m252_s1,426.0,genpce_es,1,15910,0.7582159624413145
er4,252,9,er4_m252_s1,426.0,genpce_es,1,15960,0.7582159624413145
er4,252,9,er4_m252_s1,426.0,genpce_es,1,16010,0.7582159624413145
er4,252,9,er4_m252_s1,426.0,genpce_es,1,16060,0.7582159624413145
er4,252,9,er4_m252_s1,426.0,genpce_es,1,16110,0.7582159624413145
er4,252,9,er4_m252_s1,426.0,genpce_es,1,16160,0.7582159624413145
er4,252,9,er4_m252_s1,426.0,genpce_es,1,16210,0.7582159624413145
er4,252,9,er4_m252_s1,426.0,genpce_es,1,16260,0.7582159624413145
er4,252,9,er4_m252_s1,426.0,genpce_es,1,16310,0.7582159624413145
er4,252,9,er4_m252_s1,426.0,genpce_es,1,16360,0.7582159624413145
er4,252,9,er4_m252_s1,426.0,genpce_es,1,16410,0.7582159624413145
er4,252,9,er4_m252_s1,426.0,genpce_es,1,16460,0.7582159624413145
er4,252,9,er4_m252_s1,426.0,genpce_es,1,16510,0.7582159624413145
er4,252,9,er4_m252_s1,426.0,genpce_es,1,16560,0.7582159624413145
er4,252,9,er4_m252_s1,426.0,genpce_es,1,16610,0.7582159624413145
er4,252,9,er4_m252_s1,426.0,genpce_es,1,16660,0.7582159624413145
er4,252,9,er4_m252_s1,426.0,genpce_es,1,16710,0.7582159624413145
er4,252,9,er4_m252_s1,426.0,genpce_es,1,16760,0.7582159624413145
er4,252,9,er4_m252_s1,426.0,genpce_es,1,16810,0.7582159624413145
er4,252,9,er4_m252_s1,426.0,genpce_es,1,16860,0.7582159624413145
er4,252,9,er4_m252_s1,426.0,genpce_es,1,16910,0.7582159624413145
er4,252,9,er4_m252_s1,426.0,genpce_es,1,16960,0.7582159624413145
er4,252,9,er4_m252_s1,426.0,genpce_es,1,17010,0.7582159624413145
er4,252,9,er4_m252_s1,426.0,genpce_es,1,17060,0.7582159624413145
er4,252,9,er4_m252_s1,426.0,genpce_es,1,17110,0.7582159624413145
er4,252,9,er4_m252_s1,426.0,genpce_es,1,17160,0.7582159624413145
er4,252,9,er4_m252_s1,426.0,genpce_es,1,17210,0.7582159624413145
er4,252,9,er4_m252_s1,426.0,genpce_es,1,17260,0.7582159624413145
er4,252,9,er4_m252_s1,426.0,genpce_es,1,17310,0.7582159624413145
er4,252,9,er4_m252_s1,426.0,genpce_es,1,17360,0.7582159624413145
er4,252,9,er4_m252_s1,426.0,genpce_es,1,17410,0.7582159624413145
er4,252,9,er4_m252_s1,426.0,genpce_es,1,17460,0.7582159624413145
er4,252,9,er4_m252_s1,426.0,genpce_es,1,17510,0.7582159624413145
er4,252,9,er4_m252_s1,426.0,genpce_es,1,17560,0.7582159624413145
er4,252,9,er4_m252_s1,426.0,genpce_es,1,17610,0.7582159624413145
er4,252,9,er4_m252_s1,426.0,genpce_es,1,17660,0.7582159624413145
er4,252,9,er4_m252_s1,426.0,genpce_es,1,17710,0.7582159624413145
er4,252,9,er4_m252_s1,426.0,genpce_es,1,17760,0.7582159624413145
er4,252,9,er4_m252_s1,426.0,genpce_es,1,17810,0.7582159624413145
er4,252,9,er4_m252_s1,426.0,genpce_es,1,17860,0.7582159624413145
er4,252,9,er4_m252_s1,426.0,genpce_es,1,17910,0.7582159624413145
er4,252,9,er4_m252_s1,426.0,genpce_es,1,17960,0.7582159624413145
er4,252,9,er4_m252_s1,426.0,genpce_es,1,18010,0.7582159624413145
er4,252,9,er4_m252_s1,426.0,genpce_es,1,18060,0.7582159624413145
er4,252,9,er4_m252_s1,426.0,genpce_es,1,18110,0.7582159624413145
er4,252,9,er4_m252_s1,426.0,genpce_es,1,18160,0.7582159624413145
er4,252,9,er4_m252_s1,426.0,genpce_es,1,18210,0.7582159624413145
er4,252,9,er4_m252_s1,426.0,genpce_es,1,18260,0.7582159624413145
er4,252,9,er4_m252_s1,426.0,genpce_es,1,18310,0.7582159624413145
er4,252,9,er4_m252_s1,426.0,genpce_es,1,18360,0.7582159624413145
er4,252,9,er4_m252_s1,426.0,genpce_es,1,18410,0.7582159624413145
er4,252,9,er4_m252_s1,426.0,genpce_es,1,18460,0.7582159624413145
er4,252,9,er4_m252_s1,426.0,genpce_es,1,18510,0.7582159624413145
er4,252,9,er4_m252_s1,426.0,genpce_es,1,18560,0.7582159624413145
er4,252,9,er4_m252_s1,426.0,genpce_es,1,18610,0.7582159624413145
er4,252,9,er4_m252_s1,426.0,genpce_es,1,18660,0.7582159624413145
er4,252,9,er4_m252_s1,426.0,genpce_es,1,18710,0.7582159624413145
er4,252,9,er4_m252_s1,426.0,genpce_es,1,18760,0.7582159624413145
er4,252,9,er4_m252_s1,426.0,genpce_es,1,18810,0.7582159624413145
er4,252,9,er4_m252_s1,426.0,genpce_es,1,18860,0.7582159624413145
er4,252,9,er4_m252_s1,426.0,genpce_es,1,18910,0.7582159624413145
er4,252,9,er4_m252_s1,426.0,genpce_es,1,18960,0.7582159624413145
er4,252,9,er4_m252_s1,426.0,genpce_es,1,19010,0.7582159624413145
er4,252,9,er4_m252_s1,426.0,genpce_es,1,19060,0.7582159624413145
er4,252,9,er4_m252_s1,426.0,genpce_es,1,19110,0.7582159624413145
er4,252,9,er4_m252_s1,426.0,genpce_es,1,19160,0.7582159624413145
er4,252,9,er4_m252_s1,426.0,genpce_es,1,19210,0.7582159624413145
er4,252,9,er4_m252_s1,426.0,genpce_es,1,19260,0.7582159624413145
er4,252,9,er4_m252_s1,426.0,genpce_es,1,19310,0.7582159624413145
er4,252,9,er4_m252_s1,426.0,genpce_es,1,19360,0.7582159624413145
er4,252,9,er4_m252_s1,426.0,genpce_es,1,19410,0.7582159624413145
er4,252,9,er4_m252_s1,426.0,genpce_es,1,19460,0.7582159624413145
er4,252,9,er4_m252_s1,426.0,genpce_es,1,19510,0.7582159624413145
er4,252,9,er4_m252_s1,426.0,genpce_es,1,19560,0.7582159624413145
er4,252,9,er4_m252_s1,426.0,genpce_es,1,19610,0.7582159624413145
er4,252,9,er4_m252_s1,426.0,genpce_es,1,19660,0.7582159624413145
er4,252,9,er4_m252_s1,426.0,genpce_es,1,19710,0.7582159624413145
er4,252,9,er4_m252_s1,426.0,genpce_es,1,19760,0.7582159624413145
er4,252,9,er4_m252_s1,426.0,genpce_es,1,19810,0.7582159624413145
er4,252,9,er4_m252_s1,426.0,genpce_es,1,19860,0.7582159624413145
er4,252,9,er4_m252_s1,426.0,genpce_es,1,19910,0.7582159624413145
er4,252,9,er4_m252_s1,426.0,genpce_es,1,19960,0.7582159624413145
er4,252,9,er4_m252_s1,426.0,genpce_es,1,20010,0.7582159624413145
er4,252,9,er4_m252_s1,426.0,random,1,50,0.6384976525821596
er4,252,9,er4_m252_s1,426.0,random,1,100,0.6784037558685446
er4,252,9,er4_m252_s1,426.0,random,1,150,0.7276995305164319
er4,252,9,er4_m252_s1,426.0,random,1,200,0.7276995305164319
er4,252,9,er4_m252_s1,426.0,random,1,250,0.7276995305164319
er4,252,9,er4_m252_s1,426.0,random,1,300,0.7276995305164319
er4,252,9,er4_m252_s1,426.0,random,1,350,0.7276995305164319
er4,252,9,er4_m252_s1,426.0,random,1,400,0.7276995305164319
er4,252,9,er4_m252_s1,426.0,random,1,450,0.7276995305164319
er4,252,9,er4_m252_s1,426.0,random,1,500,0.7276995305164319
er4,252,9,er4_m252_s1,426.0,random,1,550,0.7276995305164319
er4,252,9,er4_m252_s1,426.0,random,1,600,0.7276995305164319
er4,252,9,er4_m252_s1,426.0,random,1,650,0.7276995305164319
er4,252,9,er4_m252_s1,426.0,random,1,700,0.7276995305164319
er4,252,9,er4_m252_s1,426.0,random,1,750,0.7276995305164319
er4,252,9,er4_m252_s1,426.0,random,1,800,0.7276995305164319
er4,252,9,er4_m252_s1,426.0,random,1,850,0.7276995305164319
er4,252,9,er4_m252_s1,426.0,random,1,900,0.7276995305164319
er4,252,9,er4_m252_s1,426.0,random,1,950,0.7276995305164319
er4,252,9,er4_m252_s1,426.0,random,1,1000,0.7276995305164319
er4,252,9,er4_m252_s1,426.0,random,1,1050,0.7276995305164319
er4,252,9,er4_m252_s1,426.0,random,1,1100,0.7276995305164319
er4,252,9,er4_m252_s1,426.0,random,1,1150,0.7276995305164319
er4,252,9,er4_m252_s1,426.0,random,1,1200,0.7276995305164319
er4,252,9,er4_m252_s1,426.0,random,1,1250,0.7276995305164319
er4,252,9,er4_m252_s1,426.0,random,1,1300,0.7276995305164319
er4,252,9,er4_m252_s1,426.0,random,1,1350,0.7276995305164319
er4,252,9,er4_m252_s1,426.0,random,1,1400,0.7276995305164319
er4,252,9,er4_m252_s1,426.0,random,1,1450,0.7276995305164319
er4,252,9,er4_m252_s1,426.0,random,1,1500,0.7276995305164319
er4,252,9,er4_m252_s1,426.0,random,1,1550,0.7276995305164319
er4,252,9,er4_m252_s1,426.0,random,1,1600,0.7276995305164319
er4,252,9,er4_m252_s1,426.0,random,1,1650,0.7276995305164319
er4,252,9,er4_m252_s1,426.0,random,1,1700,0.7276995305164319
er4,252,9,er4_m252_s1,426.0,random,1,1750,0.7276995305164319
er4,252,9,er4_m252_s1,426.0,random,1,1800,0.7276995305164319
er4,252,9,er4_m252_s1,426.0,random,1,1850,0.7276995305164319
er4,252,9,er4_m252_s1,426.0,random,1,1900,0.7276995305164319
er4,252,9,er4_m252_s1,426.0,random,1,1950,0.7276995305164319
er4,252,9,er4_m252_s1,426.0,random,1,2000,0.7276995305164319
er4,252,9,er4_m252_s1,426.0,random,1,2050,0.7276995305164319
er4,252,9,er4_m252_s1,426.0,random,1,2100,0.7276995305164319
er4,252,9,er4_m252_s1,426.0,random,1,2150,0.7276995305164319
er4,252,9,er4_m252_s1,426.0,random,1,2200,0.7276995305164319
er4,252,9,er4_m252_s1,426.0,random,1,2250,0.7276995305164319
er4,252,9,er4_m252_s1,426.0,random,1,2300,0.7276995305164319
er4,252,9,er4_m252_s1,426.0,random,1,2350,0.7276995305164319
er4,252,9,er4_m252_s1,426.0,random,1,2400,0.7276995305164319
er4,252,9,er4_m252_s1,426.0,random,1,2450,0.7276995305164319
er4,252,9,er4_m252_s1,426.0,random,1,2500,0.7276995305164319
er4,252,9,er4_m252_s1,426.0,random,1,2550,0.7276995305164319
er4,252,9,er4_m252_s1,426.0,random,1,2600,0.7276995305164319
er4,252,9,er4_m252_s1,426.0,random,1,2650,0.7276995305164319
er4,252,9,er4_m252_s1,426.0,random,1,2700,0.7276995305164319
er4,252,9,er4_m252_s1,426.0,random,1,2750,0.7276995305164319
er4,252,9,er4_m252_s1,426.0,random,1,2800,0.7276995305164319
er4,252,9,er4_m252_s1,426.0,random,1,2850,0.7276995305164319
er4,252,9,er4_m252_s1,426.0,random,1,2900,0.7276995305164319
er4,252,9,er4_m252_s1,426.0,random,1,2950,0.7276995305164319
er4,252,9,er4_m252_s1,426.0,random,1,3000,0.7276995305164319
er4,252,9,er4_m252_s1,426.0,random,1,3050,0.7276995305164319
er4,252,9,er4_m252_s1,426.0,random,1,3100,0.7276995305164319
er4,252,9,er4_m252_s1,426.0,random,1,3150,0.7276995305164319
er4,252,9,er4_m252_s1,426.0,random,1,3200,0.7276995305164319
er4,252,9,er4_m252_s1,426.0,random,1,3250,0.7276995305164319
er4,252,9,er4_m252_s1,426.0,random,1,3300,0.7276995305164319
er4,252,9,er4_m252_s1,426.0,random,1,3350,0.7276995305164319
er4,252,9,er4_m252_s1,426.0,random,1,3400,0.7276995305164319
er4,252,9,er4_m252_s1,426.0,random,1,3450,0.7276995305164319
er4,252,9,er4_m252_s1,426.0,random,1,3500,0.7276995305164319
er4,252,9,er4_m252_s1,426.0,random,1,3550,0.7276995305164319
er4,252,9,er4_m252_s1,426.0,random,1,3600,0.7276995305164319
er4,252,9,er4_m252_s1,426.0,random,1,3650,0.7276995305164319
er4,252,9,er4_m252_s1,426.0,random,1,3700,0.7276995305164319
er4,252,9,er4_m252_s1,426.0,random,1,3750,0.7276995305164319
er4,252,9,er4_m252_s1,426.0,random,1,3800,0.7276995305164319
er4,252,9,er4_m252_s1,426.0,random,1,3850,0.7276995305164319
er4,252,9,er4_m252_s1,426.0,random,1,3900,0.7276995305164319
er4,252,9,er4_m252_s1,426.0,random,1,3950,0.7276995305164319
er4,252,9,er4_m252_s1,426.0,random,1,4000,0.7276995305164319
er4,252,9,er4_m252_s1,426.0,random,1,4050,0.7276995305164319
er4,252,9,er4_m252_s1,426.0,random,1,4100,0.7276995305164319
er4,252,9,er4_m252_s1,426.0,random,1,4150,0.7276995305164319
er4,252,9,er4_m252_s1,426.0,random,1,4200,0.7276995305164319
er4,252,9,er4_m252_s1,426.0,random,1,4250,0.7276995305164319
er4,252,9,er4_m252_s1,426.0,random,1,4300,0.7276995305164319
er4,252,9,er4_m252_s1,426.0,random,1,4350,0.7276995305164319
er4,252,9,er4_m252_s1,426.0,random,1,4400,0.7276995305164319
er4,252,9,er4_m252_s1,426.0,random,1,4450,0.7276995305164319
er4,252,9,er4_m252_s1,426.0,random,1,4500,0.7276995305164319
er4,252,9,er4_m252_s1,426.0,random,1,4550,0.7276995305164319
er4,252,9,er4_m252_s1,426.0,random,1,4600,0.7276995305164319
er4,252,9,er4_m252_s1,426.0,random,1,4650,0.7276995305164319
er4,252,9,er4_m252_s1,426.0,random,1,4700,0.7276995305164319
er4,252,9,er4_m252_s1,426.0,random,1,4750,0.7276995305164319
er4,252,9,er4_m252_s1,426.0,random,1,4800,0.7276995305164319
er4,252,9,er4_m252_s1,426.0,random,1,4850,0.7276995305164319
er4,252,9,er4_m252_s1,426.0,random,1,4900,0.7276995305164319
er4,252,9,er4_m252_s1,426.0,random,1,4950,0.7276995305164319
er4,252,9,er4_m252_s1,426.0,random,1,5000,0.7276995305164319
er4,252,9,er4_m252_s1,426.0,random,1,5050,0.7276995305164319
er4,252,9,er4_m252_s1,426.0,random,1,5100,0.7276995305164319
er4,252,9,er4_m252_s1,426.0,random,1,5150,0.7276995305164319
er4,252,9,er4_m252_s1,426.0,random,1,5200,0.7276995305164319
er4,252,9,er4_m252_s1,426.0,random,1,5250,0.7276995305164319
er4,252,9,er4_m252_s1,426.0,random,1,5300,0.7276995305164319
er4,252,9,er4_m252_s1,426.0,random,1,5350,0.7276995305164319
er4,252,9,er4_m252_s1,426.0,random,1,5400,0.7276995305164319
er4,252,9,er4_m252_s1,426.0,random,1,5450,0.7276995305164319
er4,252,9,er4_m252_s1,426.0,random,1,5500,0.7276995305164319
er4,252,9,er4_m252_s1,426.0,random,1,5550,0.7276995305164319
er4,252,9,er4_m252_s1,426.0,random,1,5600,0.7276995305164319
er4,252,9,er4_m252_s1,426.0,random,1,5650,0.7276995305164319
er4,252,9,er4_m252_s1,426.0,random,1,5700,0.7276995305164319
er4,252,9,er4_m252_s1,426.0,random,1,5750,0.7276995305164319
er4,252,9,er4_m252_s1,426.0,random,1,5800,0.7276995305164319
er4,252,9,er4_m252_s1,426.0,random,1,5850,0.7276995305164319
er4,252,9,er4_m252_s1,426.0,random,1,5900,0.7276995305164319
er4,252,9,er4_m252_s1,426.0,random,1,5950,0.7276995305164319
er4,252,9,er4_m252_s1,426.0,random,1,6000,0.7276995305164319
er4,252,9,er4_m252_s1,426.0,random,1,6050,0.7276995305164319
er4,252,9,er4_m252_s1,426.0,random,1,6100,0.7276995305164319
er4,252,9,er4_m252_s1,426.0,random,1,6150,0.7276995305164319
er4,252,9,er4_m252_s1,426.0,random,1,6200,0.7276995305164319
er4,252,9,er4_m252_s1,426.0,random,1,6250,0.7276995305164319
er4,252,9,er4_m252_s1,426.0,random,1,6300,0.7276995305164319
er4,252,9,er4_m252_s1,426.0,random,1,6350,0.7276995305164319
er4,252,9,er4_m252_s1,426.0,random,1,6400,0.7276995305164319
er4,252,9,er4_m252_s1,426.0,random,1,6450,0.7276995305164319
er4,252,9,er4_m252_s1,426.0,random,1,6500,0.7276995305164319
er4,252,9,er4_m252_s1,426.0,random,1,6550,0.7276995305164319
er4,252,9,er4_m252_s1,426.0,random,1,6600,0.7276995305164319
er4,252,9,er4_m252_s1,426.0,random,1,6650,0.7276995305164319
er4,252,9,er4_m252_s1,426.0,random,1,6700,0.7276995305164319
er4,252,9,er4_m252_s1,426.0,random,1,6750,0.7276995305164319
er4,252,9,er4_m252_s1,426.0,random,1,6800,0.7276995305164319
er4,252,9,er4_m252_s1,426.0,random,1,6850,0.7276995305164319
er4,252,9,er4_m252_s1,426.0,random,1,6900,0.7276995305164319
er4,252,9,er4_m252_s1,426.0,random,1,6950,0.7276995305164319
er4,252,9,er4_m252_s1,426.0,random,1,7000,0.7276995305164319
er4,252,9,er4_m252_s1,426.0,random,1,7050,0.7276995305164319
er4,252,9,er4_m252_s1,426.0,random,1,7100,0.7276995305164319
er4,252,9,er4_m252_s1,426.0,random,1,7150,0.7276995305164319
er4,252,9,er4_m252_s1,426.0,random,1,7200,0.7276995305164319
er4,252,9,er4_m252_s1,426.0,random,1,7250,0.7276995305164319
er4,252,9,er4_m252_s1,426.0,random,1,7300,0.7276995305164319
er4,252,9,er4_m252_s1,426.0,random,1,7350,0.7276995305164319
er4,252,9,er4_m252_s1,426.0,random,1,7400,0.7276995305164319
er4,252,9,er4_m252_s1,426.0,random,1,7450,0.7276995305164319
er4,252,9,er4_m252_s1,426.0,random,1,7500,0.7276995305164319
er4,252,9,er4_m252_s1,426.0,random,1,7550,0.7276995305164319
er4,252,9,er4_m252_s1,426.0,random,1,7600,0.7276995305164319
er4,252,9,er4_m252_s1,426.0,random,1,7650,0.7276995305164319
er4,252,9,er4_m252_s1,426.0,random,1,7700,0.7276995305164319
er4,252,9,er4_m252_s1,426.0,random,1,7750,0.7276995305164319
er4,252,9,er4_m252_s1,426.0,random,1,7800,0.7276995305164319
er4,252,9,er4_m252_s1,426.0,random,1,7850,0.7276995305164319
er4,252,9,er4_m252_s1,426.0,random,1,7900,0.7276995305164319
er4,252,9,er4_m252_s1,426.0,random,1,7950,0.7276995305164319
er4,252,9,er4_m252_s1,426.0,random,1,8000,0.7276995305164319
er4,252,9,er4_m252_s1,426.0,random,1,8050,0.7276995305164319
er4,252,9,er4_m252_s1,426.0,random,1,8100,0.7276995305164319
er4,252,9,er4_m252_s1,426.0,random,1,8150,0.7276995305164319
er4,252,9,er4_m252_s1,426.0,random,1,8200,0.7276995305164319
er4,252,9,er4_m252_s1,426.0,random,1,8250,0.7276995305164319
er4,252,9,er4_m252_s1,426.0,random,1,8300,0.7276995305164319
er4,252,9,er4_m252_s1,426.0,random,1,8350,0.7276995305164319
er4,252,9,er4_m252_s1,426.0,random,1,8400,0.7276995305164319
er4,252,9,er4_m252_s1,426.0,random,1,8450,0.7276995305164319
er4,252,9,er4_m252_s1,426.0,random,1,8500,0.7276995305164319
er4,252,9,er4_m252_s1,426.0,random,1,8550,0.7276995305164319
er4,252,9,er4_m252_s1,426.0,random,1,8600,0.7276995305164319
er4,252,9,er4_m252_s1,426.0,random,1,8650,0.7276995305164319
er4,252,9,er4_m252_s1,426.0,random,1,8700,0.7276995305164319
er4,252,9,er4_m252_s1,426.0,random,1,8750,0.7276995305164319
er4,252,9,er4_m252_s1,426.0,random,1,8800,0.7276995305164319
er4,252,9,er4_m252_s1,426.0,random,1,8850,0.7276995305164319
er4,252,9,er4_m252_s1,426.0,random,1,8900,0.7276995305164319
er4,252,9,er4_m252_s1,426.0,random,1,8950,0.7276995305164319
er4,252,9,er4_m252_s1,426.0,random,1,9000,0.7276995305164319
er4,252,9,er4_m252_s1,426.0,random,1,9050,0.7276995305164319
er4,252,9,er4_m252_s1,426.0,random,1,9100,0.7276995305164319
er4,252,9,er4_m252_s1,426.0,random,1,9150,0.7276995305164319
er4,252,9,er4_m252_s1,426.0,random,1,9200,0.7276995305164319
er4,252,9,er4_m252_s1,426.0,random,1,9250,0.7276995305164319
er4,252,9,er4_m252_s1,426.0,random,1,9300,0.7276995305164319
er4,252,9,er4_m252_s1,426.0,random,1,9350,0.7276995305164319
er4,252,9,er4_m252_s1,426.0,random,1,9400,0.7276995305164319
er4,252,9,er4_m252_s1,426.0,random,1,9450,0.7276995305164319
er4,252,9,er4_m252_s1,426.0,random,1,9500,0.7276995305164319
er4,252,9,er4_m252_s1,426.0,random,1,9550,0.7276995305164319
er4,252,9,er4_m252_s1,426.0,random,1,9600,0.7276995305164319
er4,252,9,er4_m252_s1,426.0,random,1,9650,0.7276995305164319
er4,252,9,er4_m252_s1,426.0,random,1,9700,0.7276995305164319
er4,252,9,er4_m252_s1,426.0,random,1,9750,0.7276995305164319
er4,252,9,er4_m252_s1,426.0,random,1,9800,0.7276995305164319
er4,252,9,er4_m252_s1,426.0,random,1,9850,0.7276995305164319
er4,252,9,er4_m252_s1,426.0,random,1,9900,0.7276995305164319
er4,252,9,er4_m252_s1,426.0,random,1,9950,0.7276995305164319
er4,252,9,er4_m252_s1,426.0,random,1,10000,0.7276995305164319
er4,252,9,er4_m252_s1,426.0,random,1,10050,0.7276995305164319
er4,252,9,er4_m252_s1,426.0,random,1,10100,0.7276995305164319
er4,252,9,er4_m252_s1,426.0,random,1,10150,0.7276995305164319
er4,252,9,er4_m252_s1,426.0,random,1,10200,0.7276995305164319
er4,252,9,er4_m252_s1,426.0,random,1,10250,0.7276995305164319
er4,252,9,er4_m252_s1,426.0,random,1,10300,0.7276995305164319
er4,252,9,er4_m252_s1,426.0,random,1,10350,0.7276995305164319
er4,252,9,er4_m252_s1,426.0,random,1,10400,0.7276995305164319
er4,252,9,er4_m252_s1,426.0,random,1,10450,0.7276995305164319
er4,252,9,er4_m252_s1,426.0,random,1,10500,0.7276995305164319
er4,252,9,er4_m252_s1,426.0,random,1,10550,0.7276995305164319
er4,252,9,er4_m252_s1,426.0,random,1,10600,0.7276995305164319
er4,252,9,er4_m252_s1,426.0,random,1,10650,0.7276995305164319
er4,252,9,er4_m252_s1,426.0,random,1,10700,0.7276995305164319
er4,252,9,er4_m252_s1,426.0,random,1,10750,0.7276995305164319
er4,252,9,er4_m252_s1,426.0,random,1,10800,0.7276995305164319
er4,252,9,er4_m252_s1,426.0,random,1,10850,0.7276995305164319
er4,252,9,er4_m252_s1,426.0,random,1,10900,0.7276995305164319
er4,252,9,er4_m252_s1,426.0,random,1,10950,0.7276995305164319
er4,252,9,er4_m252_s1,426.0,random,1,11000,0.7276995305164319
er4,252,9,er4_m252_s1,426.0,random,1,11050,0.7276995305164319
er4,252,9,er4_m252_s1,426.0,random,1,11100,0.7276995305164319
er4,252,9,er4_m252_s1,426.0,random,1,11150,0.7276995305164319
er4,252,9,er4_m252_s1,426.0,random,1,11200,0.7276995305164319
er4,252,9,er4_m252_s1,426.0,random,1,11250,0.7276995305164319
er4,252,9,er4_m252_s1,426.0,random,1,11300,0.7276995305164319
er4,252,9,er4_m252_s1,426.0,random,1,11350,0.7276995305164319
er4,252,9,er4_m252_s1,426.0,random,1,11400,0.7276995305164319
er4,252,9,er4_m252_s1,426.0,random,1,11450,0.7276995305164319
er4,252,9,er4_m252_s1,426.0,random,1,11500,0.7276995305164319
er4,252,9,er4_m252_s1,426.0,random,1,11550,0.7276995305164319
er4,252,9,er4_m252_s1,426.0,random,1,11600,0.7276995305164319
er4,252,9,er4_m252_s1,426.0,random,1,11650,0.7276995305164319
er4,252,9,er4_m252_s1,426.0,random,1,11700,0.7276995305164319
er4,252,9,er4_m252_s1,426.0,random,1,11750,0.7276995305164319
er4,252,9,er4_m252_s1,426.0,random,1,11800,0.7276995305164319
er4,252,9,er4_m252_s1,426.0,random,1,11850,0.7276995305164319
er4,252,9,er4_m252_s1,426.0,random,1,11900,0.7276995305164319
er4,252,9,er4_m252_s1,426.0,random,1,11950,0.7276995305164319
er4,252,9,er4_m252_s1,426.0,random,1,12000,0.7276995305164319
er4,252,9,er4_m252_s1,426.0,random,1,12050,0.7276995305164319
er4,252,9,er4_m252_s1,426.0,random,1,12100,0.7276995305164319
er4,252,9,er4_m252_s1,426.0,random,1,12150,0.7276995305164319
er4,252,9,er4_m252_s1,426.0,random,1,12200,0.7276995305164319
er4,252,9,er4_m252_s1,426.0,random,1,12250,0.7276995305164319
er4,252,9,er4_m252_s1,426.0,random,1,12300,0.7276995305164319
er4,252,9,er4_m252_s1,426.0,random,1,12350,0.7276995305164319
er4,252,9,er4_m252_s1,426.0,random,1,12400,0.7276995305164319
er4,252,9,er4_m252_s1,426.0,random,1,12450,0.7276995305164319
er4,252,9,er4_m252_s1,426.0,random,1,12500,0.7276995305164319
er4,252,9,er4_m252_s1,426.0,random,1,12550,0.7276995305164319
er4,252,9,er4_m252_s1,426.0,random,1,12600,0.7276995305164319
er4,252,9,er4_m252_s1,426.0,random,1,12650,0.7276995305164319
er4,252,9,er4_m252_s1,426.0,random,1,12700,0.7276995305164319
er4,252,9,er4_m252_s1,426.0,random,1,12750,0.7276995305164319
er4,252,9,er4_m252_s1,426.0,random,1,12800,0.7276995305164319
er4,252,9,er4_m252_s1,426.0,random,1,12850,0.7276995305164319
er4,252,9,er4_m252_s1,426.0,random,1,12900,0.7276995305164319
er4,252,9,er4_m252_s1,426.0,random,1,12950,0.7276995305164319
er4,252,9,er4_m252_s1,426.0,random,1,13000,0.7276995305164319
er4,252,9,er4_m252_s1,426.0,random,1,13050,0.7276995305164319
er4,252,9,er4_m252_s1,426.0,random,1,13100,0.7276995305164319
er4,252,9,er4_m252_s1,426.0,random,1,13150,0.7276995305164319
er4,252,9,er4_m252_s1,426.0,random,1,13200,0.7276995305164319
er4,252,9,er4_m252_s1,426.0,random,1,13250,0.7276995305164319
er4,252,9,er4_m252_s1,426.0,random,1,13300,0.7276995305164319
er4,252,9,er4_m252_s1,426.0,random,1,13350,0.7276995305164319
er4,252,9,er4_m252_s1,426.0,random,1,13400,0.7276995305164319
er4,252,9,er4_m252_s1,426.0,random,1,13450,0.7276995305164319
er4,252,9,er4_m252_s1,426.0,random,1,13500,0.7276995305164319
er4,252,9,er4_m252_s1,426.0,random,1,13550,0.7276995305164319
er4,252,9,er4_m252_s1,426.0,random,1,13600,0.7276995305164319
er4,252,9,er4_m252_s1,426.0,random,1,13650,0.7276995305164319
er4,252,9,er4_m252_s1,426.0,random,1,13700,0.7276995305164319
er4,252,9,er4_m252_s1,426.0,random,1,13750,0.7276995305164319
er4,252,9,er4_m252_s1,426.0,random,1,13800,0.7276995305164319
er4,252,9,er4_m252_s1,426.0,random,1,13850,0.7276995305164319
er4,252,9,er4_m252_s1,426.0,random,1,13900,0.7276995305164319
er4,252,9,er4_m252_s1,426.0,random,1,13950,0.7276995305164319
er4,252,9,er4_m252_s1,426.0,random,1,14000,0.7276995305164319
er4,252,9,er4_m252_s1,426.0,random,1,14050,0.7276995305164319
er4,252,9,er4_m252_s1,426.0,random,1,14100,0.7276995305164319
er4,252,9,er4_m252_s1,426.0,random,1,14150,0.7276995305164319
er4,252,9,er4_m252_s1,426.0,random,1,14200,0.7276995305164319
er4,252,9,er4_m252_s1,426.0,random,1,14250,0.7276995305164319
er4,252,9,er4_m252_s1,426.0,random,1,14300,0.7276995305164319
er4,252,9,er4_m252_s1,426.0,random,1,14350,0.7276995305164319
er4,252,9,er4_m252_s1,426.0,random,1,14400,0.7276995305164319
er4,252,9,er4_m252_s1,426.0,random,1,14450,0.7276995305164319
er4,252,9,er4_m252_s1,426.0,random,1,14500,0.7276995305164319
er4,252,9,er4_m252_s1,426.0,random,1,14550,0.7276995305164319
er4,252,9,er4_m252_s1,426.0,random,1,14600,0.7276995305164319
er4,252,9,er4_m252_s1,426.0,random,1,14650,0.7276995305164319
er4,252,9,er4_m252_s1,426.0,random,1,14700,0.7276995305164319
er4,252,9,er4_m252_s1,426.0,random,1,14750,0.7276995305164319
er4,252,9,er4_m252_s1,426.0,random,1,14800,0.7276995305164319
er4,252,9,er4_m252_s1,426.0,random,1,14850,0.7276995305164319
er4,252,9,er4_m252_s1,426.0,random,1,14900,0.7276995305164319
er4,252,9,er4_m252_s1,426.0,random,1,14950,0.7276995305164319
er4,252,9,er4_m252_s1,426.0,random,1,15000,0.7276995305164319
er4,252,9,er4_m252_s1,426.0,random,1,15050,0.7276995305164319
er4,252,9,er4_m252_s1,426.0,random,1,15100,0.7276995305164319
er4,252,9,er4_m252_s1,426.0,random,1,15150,0.7276995305164319
er4,252,9,er4_m252_s1,426.0,random,1,15200,0.7276995305164319
er4,252,9,er4_m252_s1,426.0,random,1,15250,0.7276995305164319
er4,252,9,er4_m252_s1,426.0,random,1,15300,0.7276995305164319
er4,252,9,er4_m252_s1,426.0,random,1,15350,0.7276995305164319
er4,252,9,er4_m252_s1,426.0,random,1,15400,0.7276995305164319
er4,252,9,er4_m252_s1,426.0,random,1,15450,0.7276995305164319
er4,252,9,er4_m252_s1,426.0,random,1,15500,0.7276995305164319
er4,252,9,er4_m252_s1,426.0,random,1,15550,0.7276995305164319
er4,252,9,er4_m252_s1,426.0,random,1,15600,0.7276995305164319
er4,252,9,er4_m252_s1,426.0,random,1,15650,0.7276995305164319
er4,252,9,er4_m252_s1,426.0,random,1,15700,0.7276995305164319
er4,252,9,er4_m252_s1,426.0,random,1,15750,0.7276995305164319
er4,252,9,er4_m252_s1,426.0,random,1,15800,0.7276995305164319
er4,252,9,er4_m252_s1,426.0,random,1,15850,0.7276995305164319
er4,252,9,er4_m252_s1,426.0,random,1,15900,0.7276995305164319
er4,252,9,er4_m252_s1,426.0,random,1,15950,0.7276995305164319
er4,252,9,er4_m252_s1,426.0,random,1,16000,0.7276995305164319
er4,252,9,er4_m252_s1,426.0,random,1,16050,0.7276995305164319
er4,252,9,er4_m252_s1,426.0,random,1,16100,0.7276995305164319
er4,252,9,er4_m252_s1,426.0,random,1,16150,0.7276995305164319
er4,252,9,er4_m252_s1,426.0,random,1,16200,0.7276995305164319
er4,252,9,er4_m252_s1,426.0,random,1,16250,0.7276995305164319
er4,252,9,er4_m252_s1,426.0,random,1,16300,0.7276995305164319
er4,252,9,er4_m252_s1,426.0,random,1,16350,0.7276995305164319
er4,252,9,er4_m252_s1,426.0,random,1,16400,0.7276995305164319
er4,252,9,er4_m252_s1,426.0,random,1,16450,0.7276995305164319
er4,252,9,er4_m252_s1,426.0,random,1,16500,0.7276995305164319
er4,252,9,er4_m252_s1,426.0,random,1,16550,0.7276995305164319
er4,252,9,er4_m252_s1,426.0,random,1,16600,0.7276995305164319
er4,252,9,er4_m252_s1,426.0,random,1,16650,0.7276995305164319
er4,252,9,er4_m252_s1,426.0,random,1,16700,0.7276995305164319
er4,252,9,er4_m252_s1,426.0,random,1,16750,0.7276995305164319
er4,252,9,er4_m252_s1,426.0,random,1,16800,0.7276995305164319
er4,252,9,er4_m252_s1,426.0,random,1,16850,0.7276995305164319
er4,252,9,er4_m252_s1,426.0,random,1,16900,0.7276995305164319
er4,252,9,er4_m252_s1,426.0,random,1,16950,0.7276995305164319
er4,252,9,er4_m252_s1,426.0,random,1,17000,0.7276995305164319
er4,252,9,er4_m252_s1,426.0,random,1,17050,0.7276995305164319
er4,252,9,er4_m252_s1,426.0,random,1,17100,0.7276995305164319
er4,252,9,er4_m252_s1,426.0,random,1,17150,0.7276995305164319
er4,252,9,er4_m252_s1,426.0,random,1,17200,0.7276995305164319
er4,252,9,er4_m252_s1,426.0,random,1,17250,0.7276995305164319
er4,252,9,er4_m252_s1,426.0,random,1,17300,0.7276995305164319
er4,252,9,er4_m252_s1,426.0,random,1,17350,0.7276995305164319
er4,252,9,er4_m252_s1,426.0,random,1,17400,0.7276995305164319
er4,252,9,er4_m252_s1,426.0,random,1,17450,0.7276995305164319
er4,252,9,er4_m252_s1,426.0,random,1,17500,0.7276995305164319
er4,252,9,er4_m252_s1,426.0,random,1,17550,0.7276995305164319
er4,252,9,er4_m252_s1,426.0,random,1,17600,0.7276995305164319
er4,252,9,er4_m252_s1,426.0,random,1,17650,0.7276995305164319
er4,252,9,er4_m252_s1,426.0,random,1,17700,0.7276995305164319
er4,252,9,er4_m252_s1,426.0,random,1,17750,0.7276995305164319
er4,252,9,er4_m252_s1,426.0,random,1,17800,0.7276995305164319
er4,252,9,er4_m252_s1,426.0,random,1,17850,0.7276995305164319
er4,252,9,er4_m252_s1,426.0,random,1,17900,0.7276995305164319
er4,252,9,er4_m252_s1,426.0,random,1,17950,0.7276995305164319
er4,252,9,er4_m252_s1,426.0,random,1,18000,0.7276995305164319
er4,252,9,er4_m252_s1,426.0,random,1,18050,0.7276995305164319
er4,252,9,er4_m252_s1,426.0,random,1,18100,0.7276995305164319
er4,252,9,er4_m252_s1,426.0,random,1,18150,0.7276995305164319
er4,252,9,er4_m252_s1,426.0,random,1,18200,0.7276995305164319
er4,252,9,er4_m252_s1,426.0,random,1,18250,0.7276995305164319
er4,252,9,er4_m252_s1,426.0,random,1,18300,0.7276995305164319
er4,252,9,er4_m252_s1,426.0,random,1,18350,0.7276995305164319
er4,252,9,er4_m252_s1,426.0,random,1,18400,0.7276995305164319
er4,252,9,er4_m252_s1,426.0,random,1,18450,0.7276995305164319
er4,252,9,er4_m252_s1,426.0,random,1,18500,0.7276995305164319
er4,252,9,er4_m252_s1,426.0,random,1,18550,0.7276995305164319
er4,252,9,er4_m252_s1,426.0,random,1,18600,0.7276995305164319
er4,252,9,er4_m252_s1,426.0,random,1,18650,0.7276995305164319
er4,252,9,er4_m252_s1,426.0,random,1,18700,0.7276995305164319
er4,252,9,er4_m252_s1,426.0,random,1,18750,0.7276995305164319
er4,252,9,er4_m252_s1,426.0,random,1,18800,0.7276995305164319
er4,252,9,er4_m252_s1,426.0,random,1,18850,0.7276995305164319
er4,252,9,er4_m252_s1,426.0,random,1,18900,0.7276995305164319
er4,252,9,er4_m252_s1,426.0,random,1,18950,0.7276995305164319
er4,252,9,er4_m252_s1,426.0,random,1,19000,0.7276995305164319
er4,252,9,er4_m252_s1,426.0,random,1,19050,0.7276995305164319
er4,252,9,er4_m252_s1,426.0,random,1,19100,0.7276995305164319
er4,252,9,er4_m252_s1,426.0,random,1,19150,0.7276995305164319
er4,252,9,er4_m252_s1,426.0,random,1,19200,0.7276995305164319
er4,252,9,er4_m252_s1,426.0,random,1,19250,0.7276995305164319
er4,252,9,er4_m252_s1,426.0,random,1,19300,0.7276995305164319
er4,252,9,er4_m252_s1,426.0,random,1,19350,0.7276995305164319
er4,252,9,er4_m252_s1,426.0,random,1,19400,0.7276995305164319
er4,252,9,er4_m252_s1,426.0,random,1,19450,0.7276995305164319
er4,252,9,er4_m252_s1,426.0,random,1,19500,0.7276995305164319
er4,252,9,er4_m252_s1,426.0,random,1,19550,0.7276995305164319
er4,252,9,er4_m252_s1,426.0,random,1,19600,0.7276995305164319
er4,252,9,er4_m252_s1,426.0,random,1,19650,0.7276995305164319
er4,252,9,er4_m252_s1,426.0,random,1,19700,0.7276995305164319
er4,252,9,er4_m252_s1,426.0,random,1,19750,0.7276995305164319
er4,252,9,er4_m252_s1,426.0,random,1,19800,0.7276995305164319
er4,252,9,er4_m252_s1,426.0,random,1,19850,0.7276995305164319
er4,252,9,er4_m252_s1,426.0,random,1,19900,0.7276995305164319
er4,252,9,er4_m252_s1,426.0,random,1,19950,0.7276995305164319
er4,252,9,er4_m252_s1,426.0,random,1,20000,0.7276995305164319
er4,252,9,er4_m252_s1,426.0,pce_vqa_L4,0,169,0.5845070422535211
er4,252,9,er4_m252_s1,426.0,pce_vqa_L4,0,338,0.5915492957746479
er4,252,9,er4_m252_s1,426.0,pce_vqa_L4,0,507,0.6103286384976526
er4,252,9,er4_m252_s1,426.0,pce_vqa_L4,0,676,0.6173708920187794
er4,252,9,er4_m252_s1,426.0,pce_vqa_L4,0,845,0.6150234741784038
er4,252,9,er4_m252_s1,426.0,pce_vqa_L4,0,1014,0.6220657276995305
er4,252,9,er4_m252_s1,426.0,pce_vqa_L4,0,1183,0.6525821596244131
er4,252,9,er4_m252_s1,426.0,pce_vqa_L4,0,1521,0.6502347417840375
er4,252,9,er4_m252_s1,426.0,pce_vqa_L4,0,1690,0.6502347417840375
er4,252,9,er4_m252_s1,426.0,pce_vqa_L4,0,2197,0.6525821596244131
er4,252,9,er4_m252_s1,426.0,pce_vqa_L4,0,2535,0.6549295774647887
er4,252,9,er4_m252_s1,426.0,pce_vqa_L4,0,3211,0.676056338028169
er4,252,9,er4_m252_s1,426.0,pce_vqa_L4,0,3887,0.6713615023474179
er4,252,9,er4_m252_s1,426.0,pce_vqa_L4,0,4563,0.6854460093896714
er4,252,9,er4_m252_s1,426.0,pce_vqa_L4,0,5577,0.6948356807511737
er4,252,9,er4_m252_s1,426.0,pce_vqa_L4,0,6929,0.7065727699530516
er4,252,9,er4_m252_s1,426.0,pce_vqa_L4,0,8281,0.7253521126760564
er4,252,9,er4_m252_s1,426.0,pce_vqa_L4,0,10140,0.7300469483568075
er4,252,9,er4_m252_s1,426.0,pce_vqa_L4,0,12337,0.7276995305164319
er4,252,9,er4_m252_s1,426.0,pce_vqa_L4,0,14872,0.7276995305164319
er4,252,9,er4_m252_s1,426.0,pce_vqa_L4,0,18083,0.744131455399061
er4,252,9,er4_m252_s1,426.0,pce_vqa_L4,0,22139,0.744131455399061
er4,252,9,er4_m252_s1,426.0,pce_vqa_L4,0,26871,0.744131455399061
er4,252,9,er4_m252_s1,426.0,pce_vqa_L4,0,32617,0.7417840375586855
er4,252,9,er4_m252_s1,426.0,pce_vqa_L4,0,39546,0.7535211267605634
er4,252,9,er4_m252_s1,426.0,pce_vqa_L4,0,48165,0.7511737089201878
er4,252,9,er4_m252_s1,426.0,pce_vqa_L4,0,58474,0.7582159624413145
er4,252,9,er4_m252_s1,426.0,pce_vqa_L4,0,71149,0.7769953051643192
er4,252,9,er4_m252_s1,426.0,pce_vqa_L4,0,86359,0.7769953051643192
er4,252,9,er4_m252_s1,426.0,pce_vqa_L4,0,104949,0.7746478873239436
er4,252,9,er4_m252_s1,426.0,pce_vqa_L4,0,127595,0.7723004694835681
er4,252,9,er4_m252_s1,426.0,pce_vqa_L4,0,154973,0.7723004694835681
er4,252,9,er4_m252_s1,426.0,pce_vqa_L4,0,188435,0.7723004694835681
er4,252,9,er4_m252_s1,426.0,pce_vqa_L4,0,228826,0.7769953051643192
er4,252,9,er4_m252_s1,426.0,pce_vqa_L4,0,278174,0.7816901408450704
er4,252,9,er4_m252_s1,426.0,pce_vqa_L4,0,338000,0.8051643192488263
er4,252,9,er4_m252_s1,426.0,pce_vqa_L4,1,169,0.6690140845070423
er4,252,9,er4_m252_s1,426.0,pce_vqa_L4,1,338,0.6690140845070423
er4,252,9,er4_m252_s1,426.0,pce_vqa_L4,1,507,0.6666666666666666
er4,252,9,er4_m252_s1,426.0,pce_vqa_L4,1,676,0.6666666666666666
er4,252,9,er4_m252_s1,426.0,pce_vqa_L4,1,845,0.6666666666666666
er4,252,9,er4_m252_s1,426.0,pce_vqa_L4,1,1014,0.6713615023474179
er4,252,9,er4_m252_s1,426.0,pce_vqa_L4,1,1183,0.676056338028169
er4,252,9,er4_m252_s1,426.0,pce_vqa_L4,1,1521,0.6737089201877934
er4,252,9,er4_m252_s1,426.0,pce_vqa_L4,1,1690,0.676056338028169
er4,252,9,er4_m252_s1,426.0,pce_vqa_L4,1,2197,0.6713615023474179
er4,252,9,er4_m252_s1,426.0,pce_vqa_L4,1,2535,0.6713615023474179
er4,252,9,er4_m252_s1,426.0,pce_vqa_L4,1,3211,0.6713615023474179
er4,252,9,er4_m252_s1,426.0,pce_vqa_L4,1,3887,0.6690140845070423
er4,252,9,er4_m252_s1,426.0,pce_vqa_L4,1,4563,0.6830985915492958
er4,252,9,er4_m252_s1,426.0,pce_vqa_L4,1,5577,0.704225352112676
er4,252,9,er4_m252_s1,426.0,pce_vqa_L4,1,6929,0.704225352112676
er4,252,9,er4_m252_s1,426.0,pce_vqa_L4,1,8281,0.7136150234741784
er4,252,9,er4_m252_s1,426.0,pce_vqa_L4,1,10140,0.7112676056338029
er4,252,9,er4_m252_s1,426.0,pce_vqa_L4,1,12337,0.715962441314554
er4,252,9,er4_m252_s1,426.0,pce_vqa_L4,1,14872,0.7230046948356808
er4,252,9,er4_m252_s1,426.0,pce_vqa_L4,1,18083,0.7253521126760564
er4,252,9,er4_m252_s1,426.0,pce_vqa_L4,1,22139,0.7253521126760564
er4,252,9,er4_m252_s1,426.0,pce_vqa_L4,1,26871,0.7253521126760564
er4,252,9,er4_m252_s1,426.0,pce_vqa_L4,1,32617,0.7323943661971831
er4,252,9,er4_m252_s1,426.0,pce_vqa_L4,1,39546,0.7323943661971831
er4,252,9,er4_m252_s1,426.0,pce_vqa_L4,1,48165,0.7464788732394366
er4,252,9,er4_m252_s1,426.0,pce_vqa_L4,1,58474,0.7652582159624414
er4,252,9,er4_m252_s1,426.0,pce_vqa_L4,1,71149,0.7676056338028169
er4,252,9,er4_m252_s1,426.0,pce_vqa_L4,1,86359,0.7723004694835681
er4,252,9,er4_m252_s1,426.0,pce_vqa_L4,1,104949,0.7535211267605634
er4,252,9,er4_m252_s1,426.0,pce_vqa_L4,1,127595,0.7629107981220657
er4,252,9,er4_m252_s1,426.0,pce_vqa_L4,1,154973,0.7676056338028169
er4,252,9,er4_m252_s1,426.0,pce_vqa_L4,1,188435,0.7582159624413145
er4,252,9,er4_m252_s1,426.0,pce_vqa_L4,1,228826,0.7629107981220657
er4,252,9,er4_m252_s1,426.0,pce_vqa_L4,1,278174,0.7582159624413145
er4,252,9,er4_m252_s1,426.0,pce_vqa_L4,1,338000,0.7652582159624414
er4,252,9,er4_m252_s1,426.0,pce_vqa_L8,0,337,0.5938967136150235
er4,252,9,er4_m252_s1,426.0,pce_vqa_L8,0,674,0.5938967136150235
er4,252,9,er4_m252_s1,426.0,pce_vqa_L8,0,1011,0.6056338028169014
er4,252,9,er4_m252_s1,426.0,pce_vqa_L8,0,1348,0.5915492957746479
er4,252,9,er4_m252_s1,426.0,pce_vqa_L8,0,1685,0.6056338028169014
er4,252,9,er4_m252_s1,426.0,pce_vqa_L8,0,2022,0.6173708920187794
er4,252,9,er4_m252_s1,426.0,pce_vqa_L8,0,2359,0.6314553990610329
er4,252,9,er4_m252_s1,426.0,pce_vqa_L8,0,3033,0.6619718309859155
er4,252,9,er4_m252_s1,426.0,pce_vqa_L8,0,3370,0.647887323943662
er4,252,9,er4_m252_s1,426.0,pce_vqa_L8,0,4381,0.6807511737089202
er4,252,9,er4_m252_s1,426.0,pce_vqa_L8,0,5055,0.7089201877934272
er4,252,9,er4_m252_s1,426.0,pce_vqa_L8,0,6403,0.7089201877934272
er4,252,9,er4_m252_s1,426.0,pce_vqa_L8,0,7751,0.7065727699530516
er4,252,9,er4_m252_s1,426.0,pce_vqa_L8,0,9099,0.7183098591549296
er4,252,9,er4_m252_s1,426.0,pce_vqa_L8,0,11121,0.7323943661971831
er4,252,9,er4_m252_s1,426.0,pce_vqa_L8,0,13817,0.7370892018779343
er4,252,9,er4_m252_s1,426.0,pce_vqa_L8,0,16513,0.7394366197183099
er4,252,9,er4_m252_s1,426.0,pce_vqa_L8,0,20220,0.7535211267605634
er4,252,9,er4_m252_s1,426.0,pce_vqa_L8,0,24601,0.755868544600939
er4,252,9,er4_m252_s1,426.0,pce_vqa_L8,0,29656,0.7934272300469484
er4,252,9,er4_m252_s1,426.0,pce_vqa_L8,0,36059,0.8098591549295775
er4,252,9,er4_m252_s1,426.0,pce_vqa_L8,0,44147,0.8098591549295775
er4,252,9,er4_m252_s1,426.0,pce_vqa_L8,0,53583,0.8333333333333334
er4,252,9,er4_m252_s1,426.0,pce_vqa_L8,0,65041,0.823943661971831
er4,252,9,er4_m252_s1,426.0,pce_vqa_L8,0,78858,0.8145539906103286
er4,252,9,er4_m252_s1,426.0,pce_vqa_L8,0,96045,0.8309859154929577
er4,252,9,er4_m252_s1,426.0,pce_vqa_L8,0,116602,0.8333333333333334
er4,252,9,er4_m252_s1,426.0,pce_vqa_L8,0,141877,0.8356807511737089
er4,252,9,er4_m252_s1,426.0,pce_vqa_L8,0,172207,0.8427230046948356
er4,252,9,er4_m252_s1,426.0,pce_vqa_L8,0,209277,0.8474178403755869
er4,252,9,er4_m252_s1,426.0,pce_vqa_L8,0,254435,0.8568075117370892
er4,252,9,er4_m252_s1,426.0,pce_vqa_L8,0,309029,0.8591549295774648
er4,252,9,er4_m252_s1,426.0,pce_vqa_L8,0,375755,0.8591549295774648
er4,252,9,er4_m252_s1,426.0,pce_vqa_L8,0,456298,0.8497652582159625
er4,252,9,er4_m252_s1,426.0,pce_vqa_L8,0,554702,0.863849765258216
er4,252,9,er4_m252_s1,426.0,pce_vqa_L8,0,674000,0.8896713615023474
er4,252,9,er4_m252_s1,426.0,pce_vqa_L8,1,337,0.596244131455399
er4,252,9,er4_m252_s1,426.0,pce_vqa_L8,1,674,0.5892018779342723
er4,252,9,er4_m252_s1,426.0,pce_vqa_L8,1,1011,0.6056338028169014
er4,252,9,er4_m252_s1,426.0,pce_vqa_L8,1,1348,0.6197183098591549
er4,252,9,er4_m252_s1,426.0,pce_vqa_L8,1,1685,0.6291079812206573
er4,252,9,er4_m252_s1,426.0,pce_vqa_L8,1,2022,0.636150234741784
er4,252,9,er4_m252_s1,426.0,pce_vqa_L8,1,2359,0.6314553990610329
er4,252,9,er4_m252_s1,426.0,pce_vqa_L8,1,3033,0.6596244131455399
er4,252,9,er4_m252_s1,426.0,pce_vqa_L8,1,3370,0.6643192488262911
er4,252,9,er4_m252_s1,426.0,pce_vqa_L8,1,4381,0.6948356807511737
er4,252,9,er4_m252_s1,426.0,pce_vqa_L8,1,5055,0.6901408450704225
er4,252,9,er4_m252_s1,426.0,pce_vqa_L8,1,6403,0.6807511737089202
er4,252,9,er4_m252_s1,426.0,pce_vqa_L8,1,7751,0.6690140845070423
er4,252,9,er4_m252_s1,426.0,pce_vqa_L8,1,9099,0.6924882629107981
er4,252,9,er4_m252_s1,426.0,pce_vqa_L8,1,11121,0.7370892018779343
er4,252,9,er4_m252_s1,426.0,pce_vqa_L8,1,13817,0.7347417840375586
er4,252,9,er4_m252_s1,426.0,pce_vqa_L8,1,16513,0.7535211267605634
er4,252,9,er4_m252_s1,426.0,pce_vqa_L8,1,20220,0.755868544600939
er4,252,9,er4_m252_s1,426.0,pce_vqa_L8,1,24601,0.7488262910798122
er4,252,9,er4_m252_s1,426.0,pce_vqa_L8,1,29656,0.7676056338028169
er4,252,9,er4_m252_s1,426.0,pce_vqa_L8,1,36059,0.7793427230046949
er4,252,9,er4_m252_s1,426.0,pce_vqa_L8,1,44147,0.795774647887324
er4,252,9,er4_m252_s1,426.0,pce_vqa_L8,1,53583,0.8028169014084507
er4,252,9,er4_m252_s1,426.0,pce_vqa_L8,1,65041,0.8215962441314554
er4,252,9,er4_m252_s1,426.0,pce_vqa_L8,1,78858,0.8192488262910798
er4,252,9,er4_m252_s1,426.0,pce_vqa_L8,1,96045,0.8145539906103286
er4,252,9,er4_m252_s1,426.0,pce_vqa_L8,1,116602,0.8169014084507042
er4,252,9,er4_m252_s1,426.0,pce_vqa_L8,1,141877,0.8145539906103286
er4,252,9,er4_m252_s1,426.0,pce_vqa_L8,1,172207,0.8309859154929577
er4,252,9,er4_m252_s1,426.0,pce_vqa_L8,1,209277,0.8356807511737089
er4,252,9,er4_m252_s1,426.0,pce_vqa_L8,1,254435,0.852112676056338
er4,252,9,er4_m252_s1,426.0,pce_vqa_L8,1,309029,0.8427230046948356
er4,252,9,er4_m252_s1,426.0,pce_vqa_L8,1,375755,0.8497652582159625
er4,252,9,er4_m252_s1,426.0,pce_vqa_L8,1,456298,0.8427230046948356
er4,252,9,er4_m252_s1,426.0,pce_vqa_L8,1,554702,0.8450704225352113
er4,252,9,er4_m252_s1,426.0,pce_vqa_L8,1,576270,0.8427230046948356
