target,family,method,run,evaluations,ratio
reg3_m60_s6,reg3,cold,0,10,0.5061728395061729
reg3_m60_s6,reg3,cold,0,60,0.654320987654321
reg3_m60_s6,reg3,cold,0,110,0.6666666666666666
reg3_m60_s6,reg3,cold,0,160,0.6666666666666666
reg3_m60_s6,reg3,cold,0,210,0.7037037037037037
reg3_m60_s6,reg3,cold,0,260,0.7037037037037037
reg3_m60_s6,reg3,cold,0,310,0.7283950617283951
reg3_m60_s6,reg3,cold,0,360,0.7407407407407407
reg3_m60_s6,reg3,cold,0,410,0.7407407407407407
reg3_m60_s6,reg3,cold,0,460,0.7530864197530864
reg3_m60_s6,reg3,cold,0,510,0.7777777777777778
reg3_m60_s6,reg3,cold,0,560,0.7777777777777778
reg3_m60_s6,reg3,cold,0,610,0.7777777777777778
reg3_m60_s6,reg3,cold,0,660,0.7777777777777778
reg3_m60_s6,reg3,cold,0,710,0.7777777777777778
reg3_m60_s6,reg3,cold,0,760,0.7654320987654321
reg3_m60_s6,reg3,cold,0,810,0.7654320987654321
reg3_m60_s6,reg3,cold,0,860,0.7654320987654321
reg3_m60_s6,reg3,cold,0,910,0.7654320987654321
reg3_m60_s6,reg3,cold,0,960,0.7654320987654321
reg3_m60_s6,reg3,cold,0,1010,0.7901234567901234
reg3_m60_s6,reg3,cold,0,1060,0.7901234567901234
reg3_m60_s6,reg3,cold,0,1110,0.7901234567901234
reg3_m60_s6,reg3,cold,0,1160,0.7901234567901234
reg3_m60_s6,reg3,cold,0,1210,0.8765432098765432
reg3_m60_s6,reg3,cold,0,1260,0.8765432098765432
reg3_m60_s6,reg3,cold,0,1310,0.8765432098765432
reg3_m60_s6,reg3,cold,0,1360,0.8765432098765432
reg3_m60_s6,reg3,cold,0,1410,0.8765432098765432
reg3_m60_s6,reg3,cold,0,1460,0.8765432098765432
reg3_m60_s6,reg3,cold,0,1510,0.8765432098765432
reg3_m60_s6,reg3,cold,0,1560,0.8765432098765432
reg3_m60_s6,reg3,cold,0,1610,0.8765432098765432
reg3_m60_s6,reg3,cold,0,1660,0.8765432098765432
reg3_m60_s6,reg3,cold,0,1710,0.8765432098765432
reg3_m60_s6,reg3,cold,0,1760,0.8765432098765432
reg3_m60_s6,reg3,cold,0,1810,0.8765432098765432
reg3_m60_s6,reg3,cold,0,1860,0.8765432098765432
reg3_m60_s6,reg3,cold,0,1910,0.8765432098765432
reg3_m60_s6,reg3,cold,0,1960,0.8765432098765432
reg3_m60_s6,reg3,cold,0,2010,0.8765432098765432
reg3_m60_s6,reg3,cold,0,2060,0.8765432098765432
reg3_m60_s6,reg3,cold,0,2110,0.8765432098765432
reg3_m60_s6,reg3,cold,0,2160,0.8888888888888888
reg3_m60_s6,reg3,cold,0,2210,0.8888888888888888
reg3_m60_s6,reg3,cold,0,2260,0.8888888888888888
reg3_m60_s6,reg3,cold,0,2310,0.8888888888888888
reg3_m60_s6,reg3,cold,0,2360,0.8888888888888888
reg3_m60_s6,reg3,cold,0,2410,0.8888888888888888
reg3_m60_s6,reg3,cold,0,2460,0.8888888888888888
reg3_m60_s6,reg3,cold,0,2510,0.8888888888888888
reg3_m60_s6,reg3,cold,0,2560,0.8888888888888888
reg3_m60_s6,reg3,cold,0,2610,0.9012345679012346
reg3_m60_s6,reg3,cold,0,2660,0.9012345679012346
reg3_m60_s6,reg3,cold,0,2710,0.9012345679012346
reg3_m60_s6,reg3,cold,0,2760,0.9012345679012346
reg3_m60_s6,reg3,cold,0,2810,0.9012345679012346
reg3_m60_s6,reg3,cold,0,2860,0.9012345679012346
reg3_m60_s6,reg3,cold,0,2910,0.9012345679012346
reg3_m60_s6,reg3,cold,0,2960,0.9012345679012346
reg3_m60_s6,reg3,cold,0,3010,0.9012345679012346
reg3_m60_s6,reg3,cold,0,3060,0.9012345679012346
reg3_m60_s6,reg3,cold,0,3110,0.9012345679012346
reg3_m60_s6,reg3,cold,0,3160,0.9012345679012346
reg3_m60_s6,reg3,cold,0,3210,0.9012345679012346
reg3_m60_s6,reg3,cold,0,3260,0.9012345679012346
reg3_m60_s6,reg3,cold,0,3310,0.9012345679012346
reg3_m60_s6,reg3,cold,0,3360,0.9012345679012346
reg3_m60_s6,reg3,cold,0,3410,0.9012345679012346
reg3_m60_s6,reg3,cold,0,3460,0.9012345679012346
reg3_m60_s6,reg3,cold,0,3510,0.9012345679012346
reg3_m60_s6,reg3,cold,0,3560,0.9012345679012346
reg3_m60_s6,reg3,cold,0,3610,0.9012345679012346
reg3_m60_s6,reg3,cold,0,3660,0.9135802469135802
reg3_m60_s6,reg3,cold,0,3710,0.9135802469135802
reg3_m60_s6,reg3,cold,0,3760,0.9135802469135802
reg3_m60_s6,reg3,cold,0,3810,0.9135802469135802
reg3_m60_s6,reg3,cold,0,3860,0.9135802469135802
reg3_m60_s6,reg3,cold,0,3910,0.9135802469135802
reg3_m60_s6,reg3,cold,0,3960,0.9135802469135802
reg3_m60_s6,reg3,cold,0,4010,0.9135802469135802
reg3_m60_s6,reg3,cold,0,4060,0.9135802469135802
reg3_m60_s6,reg3,cold,0,4110,0.9135802469135802
reg3_m60_s6,reg3,cold,0,4160,0.9135802469135802
reg3_m60_s6,reg3,cold,0,4210,0.9135802469135802
reg3_m60_s6,reg3,cold,0,4260,0.9135802469135802
reg3_m60_s6,reg3,cold,0,4310,0.9135802469135802
reg3_m60_s6,reg3,cold,0,4360,0.9135802469135802
reg3_m60_s6,reg3,cold,0,4410,0.9135802469135802
reg3_m60_s6,reg3,cold,0,4460,0.9135802469135802
reg3_m60_s6,reg3,cold,0,4510,0.9135802469135802
reg3_m60_s6,reg3,cold,0,4560,0.9135802469135802
reg3_m60_s6,reg3,cold,0,4610,0.9135802469135802
reg3_m60_s6,reg3,cold,0,4660,0.9135802469135802
reg3_m60_s6,reg3,cold,0,4710,0.9135802469135802
reg3_m60_s6,reg3,cold,0,4760,0.9135802469135802
reg3_m60_s6,reg3,cold,0,4810,0.9135802469135802
reg3_m60_s6,reg3,cold,0,4860,0.9135802469135802
reg3_m60_s6,reg3,cold,0,4910,0.9135802469135802
reg3_m60_s6,reg3,cold,0,4960,0.9135802469135802
reg3_m60_s6,reg3,cold,0,5010,0.9135802469135802
reg3_m60_s6,reg3,cold,0,5060,0.9135802469135802
reg3_m60_s6,reg3,cold,0,5110,0.9135802469135802
reg3_m60_s6,reg3,cold,0,5160,0.9135802469135802
reg3_m60_s6,reg3,cold,0,5210,0.9135802469135802
reg3_m60_s6,reg3,cold,0,5260,0.9135802469135802
reg3_m60_s6,reg3,cold,0,5310,0.9135802469135802
reg3_m60_s6,reg3,cold,0,5360,0.9135802469135802
reg3_m60_s6,reg3,cold,0,5410,0.9135802469135802
reg3_m60_s6,reg3,cold,0,5460,0.9135802469135802
reg3_m60_s6,reg3,cold,0,5510,0.9135802469135802
reg3_m60_s6,reg3,cold,0,5560,0.9135802469135802
reg3_m60_s6,reg3,cold,0,5610,0.9135802469135802
reg3_m60_s6,reg3,cold,0,5660,0.9135802469135802
reg3_m60_s6,reg3,cold,0,5710,0.9135802469135802
reg3_m60_s6,reg3,cold,0,5760,0.9135802469135802
reg3_m60_s6,reg3,cold,0,5810,0.9135802469135802
reg3_m60_s6,reg3,cold,0,5860,0.9135802469135802
reg3_m60_s6,reg3,cold,0,5910,0.9135802469135802
reg3_m60_s6,reg3,cold,0,5960,0.9135802469135802
reg3_m60_s6,reg3,cold,0,6010,0.9135802469135802
reg3_m60_s6,reg3,cold,0,6060,0.9135802469135802
reg3_m60_s6,reg3,cold,0,6110,0.9135802469135802
reg3_m60_s6,reg3,cold,0,6160,0.9135802469135802
reg3_m60_s6,reg3,cold,0,6210,0.9135802469135802
reg3_m60_s6,reg3,cold,0,6260,0.9135802469135802
reg3_m60_s6,reg3,cold,0,6310,0.9135802469135802
reg3_m60_s6,reg3,cold,0,6360,0.9135802469135802
reg3_m60_s6,reg3,cold,0,6410,0.9135802469135802
reg3_m60_s6,reg3,cold,0,6460,0.9135802469135802
reg3_m60_s6,reg3,cold,0,6510,0.9135802469135802
reg3_m60_s6,reg3,cold,0,6560,0.9135802469135802
reg3_m60_s6,reg3,cold,0,6610,0.9135802469135802
reg3_m60_s6,reg3,cold,0,6660,0.9135802469135802
reg3_m60_s6,reg3,cold,0,6710,0.9135802469135802
reg3_m60_s6,reg3,cold,0,6760,0.9135802469135802
reg3_m60_s6,reg3,cold,0,6810,0.9135802469135802
reg3_m60_s6,reg3,cold,0,6860,0.9135802469135802
reg3_m60_s6,reg3,cold,0,6910,0.9135802469135802
reg3_m60_s6,reg3,cold,0,6960,0.9135802469135802
reg3_m60_s6,reg3,cold,0,7010,0.9135802469135802
reg3_m60_s6,reg3,cold,0,7060,0.9135802469135802
reg3_m60_s6,reg3,cold,0,7110,0.9135802469135802
reg3_m60_s6,reg3,cold,0,7160,0.9135802469135802
reg3_m60_s6,reg3,cold,0,7210,0.9135802469135802
reg3_m60_s6,reg3,cold,0,7260,0.9135802469135802
reg3_m60_s6,reg3,cold,0,7310,0.9135802469135802
reg3_m60_s6,reg3,cold,0,7360,0.9135802469135802
reg3_m60_s6,reg3,cold,0,7410,0.9135802469135802
reg3_m60_s6,reg3,cold,0,7460,0.9135802469135802
reg3_m60_s6,reg3,cold,0,7510,0.9135802469135802
reg3_m60_s6,reg3,cold,0,7560,0.9135802469135802
reg3_m60_s6,reg3,cold,0,7610,0.9135802469135802
reg3_m60_s6,reg3,cold,0,7660,0.9135802469135802
reg3_m60_s6,reg3,cold,0,7710,0.9135802469135802
reg3_m60_s6,reg3,cold,0,7760,0.9135802469135802
reg3_m60_s6,reg3,cold,0,7810,0.9135802469135802
reg3_m60_s6,reg3,cold,0,7860,0.9135802469135802
reg3_m60_s6,reg3,cold,0,7910,0.9135802469135802
reg3_m60_s6,reg3,cold,0,7960,0.9135802469135802
reg3_m60_s6,reg3,cold,0,8010,0.9135802469135802
reg3_m60_s6,reg3,cold,0,8060,0.9135802469135802
reg3_m60_s6,reg3,cold,0,8110,0.9135802469135802
reg3_m60_s6,reg3,cold,0,8160,0.9135802469135802
reg3_m60_s6,reg3,cold,0,8210,0.9135802469135802
reg3_m60_s6,reg3,cold,0,8260,0.9135802469135802
reg3_m60_s6,reg3,cold,0,8310,0.9135802469135802
reg3_m60_s6,reg3,cold,0,8360,0.9135802469135802
reg3_m60_s6,reg3,cold,0,8410,0.9135802469135802
reg3_m60_s6,reg3,cold,0,8460,0.9135802469135802
reg3_m60_s6,reg3,cold,0,8510,0.9135802469135802
reg3_m60_s6,reg3,cold,0,8560,0.9135802469135802
reg3_m60_s6,reg3,cold,0,8610,0.9135802469135802
reg3_m60_s6,reg3,cold,0,8660,0.9135802469135802
reg3_m60_s6,reg3,cold,0,8710,0.9135802469135802
reg3_m60_s6,reg3,cold,0,8760,0.9135802469135802
reg3_m60_s6,reg3,cold,0,8810,0.9135802469135802
reg3_m60_s6,reg3,cold,0,8860,0.9135802469135802
reg3_m60_s6,reg3,cold,0,8910,0.9135802469135802
reg3_m60_s6,reg3,cold,0,8960,0.9135802469135802
reg3_m60_s6,reg3,cold,0,9010,0.9135802469135802
reg3_m60_s6,reg3,cold,0,9060,0.9135802469135802
reg3_m60_s6,reg3,cold,0,9110,0.9135802469135802
reg3_m60_s6,reg3,cold,0,9160,0.9135802469135802
reg3_m60_s6,reg3,cold,0,9210,0.9135802469135802
reg3_m60_s6,reg3,cold,0,9260,0.9135802469135802
reg3_m60_s6,reg3,cold,0,9310,0.9135802469135802
reg3_m60_s6,reg3,cold,0,9360,0.9135802469135802
reg3_m60_s6,reg3,cold,0,9410,0.9135802469135802
reg3_m60_s6,reg3,cold,0,9460,0.9135802469135802
reg3_m60_s6,reg3,cold,0,9510,0.9135802469135802
reg3_m60_s6,reg3,cold,0,9560,0.9135802469135802
reg3_m60_s6,reg3,cold,0,9610,0.9135802469135802
reg3_m60_s6,reg3,cold,0,9660,0.9135802469135802
reg3_m60_s6,reg3,cold,0,9710,0.9135802469135802
reg3_m60_s6,reg3,cold,0,9760,0.9135802469135802
reg3_m60_s6,reg3,cold,0,9810,0.9135802469135802
reg3_m60_s6,reg3,cold,0,9860,0.9135802469135802
reg3_m60_s6,reg3,cold,0,9910,0.9135802469135802
reg3_m60_s6,reg3,cold,0,9960,0.9135802469135802
reg3_m60_s6,reg3,cold,0,10010,0.9135802469135802
reg3_m60_s6,reg3,cold,0,10060,0.9135802469135802
reg3_m60_s6,reg3,cold,0,10110,0.9135802469135802
reg3_m60_s6,reg3,cold,0,10160,0.9135802469135802
reg3_m60_s6,reg3,cold,0,10210,0.9135802469135802
reg3_m60_s6,reg3,cold,0,10260,0.9135802469135802
reg3_m60_s6,reg3,cold,0,10310,0.9135802469135802
reg3_m60_s6,reg3,cold,0,10360,0.9135802469135802
reg3_m60_s6,reg3,cold,0,10410,0.9135802469135802
reg3_m60_s6,reg3,cold,0,10460,0.9135802469135802
reg3_m60_s6,reg3,cold,0,10510,0.9135802469135802
reg3_m60_s6,reg3,cold,0,10560,0.9135802469135802
reg3_m60_s6,reg3,cold,0,10610,0.9135802469135802
reg3_m60_s6,reg3,cold,0,10660,0.9135802469135802
reg3_m60_s6,reg3,cold,0,10710,0.9135802469135802
reg3_m60_s6,reg3,cold,0,10760,0.9135802469135802
reg3_m60_s6,reg3,cold,0,10810,0.9135802469135802
reg3_m60_s6,reg3,cold,0,10860,0.9135802469135802
reg3_m60_s6,reg3,cold,0,10910,0.9135802469135802
reg3_m60_s6,reg3,cold,0,10960,0.9135802469135802
reg3_m60_s6,reg3,cold,0,11010,0.9135802469135802
reg3_m60_s6,reg3,cold,0,11060,0.9135802469135802
reg3_m60_s6,reg3,cold,0,11110,0.9135802469135802
reg3_m60_s6,reg3,cold,0,11160,0.9135802469135802
reg3_m60_s6,reg3,cold,0,11210,0.9135802469135802
reg3_m60_s6,reg3,cold,0,11260,0.9135802469135802
reg3_m60_s6,reg3,cold,0,11310,0.9135802469135802
reg3_m60_s6,reg3,cold,0,11360,0.9135802469135802
reg3_m60_s6,reg3,cold,0,11410,0.9135802469135802
reg3_m60_s6,reg3,cold,0,11460,0.9135802469135802
reg3_m60_s6,reg3,cold,0,11510,0.9135802469135802
reg3_m60_s6,reg3,cold,0,11560,0.9135802469135802
reg3_m60_s6,reg3,cold,0,11610,0.9135802469135802
reg3_m60_s6,reg3,cold,0,11660,0.9135802469135802
reg3_m60_s6,reg3,cold,0,11710,0.9135802469135802
reg3_m60_s6,reg3,cold,0,11760,0.9135802469135802
reg3_m60_s6,reg3,cold,0,11810,0.9135802469135802
reg3_m60_s6,reg3,cold,0,11860,0.9135802469135802
reg3_m60_s6,reg3,cold,0,11910,0.9135802469135802
reg3_m60_s6,reg3,cold,0,11960,0.9135802469135802
reg3_m60_s6,reg3,cold,0,12010,0.9135802469135802
reg3_m60_s6,reg3,cold,0,12060,0.9135802469135802
reg3_m60_s6,reg3,cold,0,12110,0.9135802469135802
reg3_m60_s6,reg3,cold,0,12160,0.9135802469135802
reg3_m60_s6,reg3,cold,0,12210,0.9135802469135802
reg3_m60_s6,reg3,cold,0,12260,0.9135802469135802
reg3_m60_s6,reg3,cold,0,12310,0.9135802469135802
reg3_m60_s6,reg3,cold,0,12360,0.9135802469135802
reg3_m60_s6,reg3,cold,0,12410,0.9135802469135802
reg3_m60_s6,reg3,cold,0,12460,0.9135802469135802
reg3_m60_s6,reg3,cold,0,12510,0.9135802469135802
reg3_m60_s6,reg3,cold,0,12560,0.9135802469135802
reg3_m60_s6,reg3,cold,0,12610,0.9135802469135802
reg3_m60_s6,reg3,cold,0,12660,0.9135802469135802
reg3_m60_s6,reg3,cold,0,12710,0.9135802469135802
reg3_m60_s6,reg3,cold,0,12760,0.9135802469135802
reg3_m60_s6,reg3,cold,0,12810,0.9135802469135802
reg3_m60_s6,reg3,cold,0,12860,0.9135802469135802
reg3_m60_s6,reg3,cold,0,12910,0.9135802469135802
reg3_m60_s6,reg3,cold,0,12960,0.9135802469135802
reg3_m60_s6,reg3,cold,0,13010,0.9135802469135802
reg3_m60_s6,reg3,cold,0,13060,0.9135802469135802
reg3_m60_s6,reg3,cold,0,13110,0.9135802469135802
reg3_m60_s6,reg3,cold,0,13160,0.9135802469135802
reg3_m60_s6,reg3,cold,0,13210,0.9135802469135802
reg3_m60_s6,reg3,cold,0,13260,0.9135802469135802
reg3_m60_s6,reg3,cold,0,13310,0.9135802469135802
reg3_m60_s6,reg3,cold,0,13360,0.9135802469135802
reg3_m60_s6,reg3,cold,0,13410,0.9135802469135802
reg3_m60_s6,reg3,cold,0,13460,0.9135802469135802
reg3_m60_s6,reg3,cold,0,13510,0.9135802469135802
reg3_m60_s6,reg3,cold,0,13560,0.9135802469135802
reg3_m60_s6,reg3,cold,0,13610,0.9135802469135802
reg3_m60_s6,reg3,cold,0,13660,0.9135802469135802
reg3_m60_s6,reg3,cold,0,13710,0.9135802469135802
reg3_m60_s6,reg3,cold,0,13760,0.9135802469135802
reg3_m60_s6,reg3,cold,0,13810,0.9135802469135802
reg3_m60_s6,reg3,cold,0,13860,0.9135802469135802
reg3_m60_s6,reg3,cold,0,13910,0.9135802469135802
reg3_m60_s6,reg3,cold,0,13960,0.9135802469135802
reg3_m60_s6,reg3,cold,0,14010,0.9135802469135802
reg3_m60_s6,reg3,cold,0,14060,0.9135802469135802
reg3_m60_s6,reg3,cold,0,14110,0.9135802469135802
reg3_m60_s6,reg3,cold,0,14160,0.9135802469135802
reg3_m60_s6,reg3,cold,0,14210,0.9135802469135802
reg3_m60_s6,reg3,cold,0,14260,0.9135802469135802
reg3_m60_s6,reg3,cold,0,14310,0.9135802469135802
reg3_m60_s6,reg3,cold,0,14360,0.9135802469135802
reg3_m60_s6,reg3,cold,0,14410,0.9135802469135802
reg3_m60_s6,reg3,cold,0,14460,0.9135802469135802
reg3_m60_s6,reg3,cold,0,14510,0.9135802469135802
reg3_m60_s6,reg3,cold,0,14560,0.9135802469135802
reg3_m60_s6,reg3,cold,0,14610,0.9135802469135802
reg3_m60_s6,reg3,cold,0,14660,0.9135802469135802
reg3_m60_s6,reg3,cold,0,14710,0.9135802469135802
reg3_m60_s6,reg3,cold,0,14760,0.9135802469135802
reg3_m60_s6,reg3,cold,0,14810,0.9135802469135802
reg3_m60_s6,reg3,cold,0,14860,0.9135802469135802
reg3_m60_s6,reg3,cold,0,14910,0.9135802469135802
reg3_m60_s6,reg3,cold,0,14960,0.9135802469135802
reg3_m60_s6,reg3,cold,0,15010,0.9135802469135802
reg3_m60_s6,reg3,cold,0,15060,0.9135802469135802
reg3_m60_s6,reg3,cold,0,15110,0.9135802469135802
reg3_m60_s6,reg3,cold,0,15160,0.9135802469135802
reg3_m60_s6,reg3,cold,0,15210,0.9135802469135802
reg3_m60_s6,reg3,cold,0,15260,0.9135802469135802
reg3_m60_s6,reg3,cold,0,15310,0.9135802469135802
reg3_m60_s6,reg3,cold,0,15360,0.9135802469135802
reg3_m60_s6,reg3,cold,0,15410,0.9135802469135802
reg3_m60_s6,reg3,cold,0,15460,0.9135802469135802
reg3_m60_s6,reg3,cold,0,15510,0.9135802469135802
reg3_m60_s6,reg3,cold,0,15560,0.9135802469135802
reg3_m60_s6,reg3,cold,0,15610,0.9135802469135802
reg3_m60_s6,reg3,cold,0,15660,0.9135802469135802
reg3_m60_s6,reg3,cold,0,15710,0.9259259259259259
reg3_m60_s6,reg3,cold,0,15760,0.9259259259259259
reg3_m60_s6,reg3,cold,0,15810,0.9259259259259259
reg3_m60_s6,reg3,cold,0,15860,0.9259259259259259
reg3_m60_s6,reg3,cold,0,15910,0.9259259259259259
reg3_m60_s6,reg3,cold,0,15960,0.9259259259259259
reg3_m60_s6,reg3,cold,0,16010,0.9259259259259259
reg3_m60_s6,reg3,cold,0,16060,0.9259259259259259
reg3_m60_s6,reg3,cold,0,16110,0.9259259259259259
reg3_m60_s6,reg3,cold,0,16160,0.9259259259259259
reg3_m60_s6,reg3,cold,0,16210,0.9259259259259259
reg3_m60_s6,reg3,cold,0,16260,0.9135802469135802
reg3_m60_s6,reg3,cold,0,16310,0.9135802469135802
reg3_m60_s6,reg3,cold,0,16360,0.9135802469135802
reg3_m60_s6,reg3,cold,0,16410,0.9135802469135802
reg3_m60_s6,reg3,cold,0,16460,0.9135802469135802
reg3_m60_s6,reg3,cold,0,16510,0.9135802469135802
reg3_m60_s6,reg3,cold,0,16560,0.9135802469135802
reg3_m60_s6,reg3,cold,0,16610,0.9135802469135802
reg3_m60_s6,reg3,cold,0,16660,0.9135802469135802
reg3_m60_s6,reg3,cold,0,16710,0.9135802469135802
reg3_m60_s6,reg3,cold,0,16760,0.9135802469135802
reg3_m60_s6,reg3,cold,0,16810,0.9135802469135802
reg3_m60_s6,reg3,cold,0,16860,0.9135802469135802
reg3_m60_s6,reg3,cold,0,16910,0.9259259259259259
reg3_m60_s6,reg3,cold,0,16960,0.9259259259259259
reg3_m60_s6,reg3,cold,0,17010,0.9259259259259259
reg3_m60_s6,reg3,cold,0,17060,0.9259259259259259
reg3_m60_s6,reg3,cold,0,17110,0.9259259259259259
reg3_m60_s6,reg3,cold,0,17160,0.9259259259259259
reg3_m60_s6,reg3,cold,0,17210,0.9259259259259259
reg3_m60_s6,reg3,cold,0,17260,0.9259259259259259
reg3_m60_s6,reg3,cold,0,17310,0.9259259259259259
reg3_m60_s6,reg3,cold,0,17360,0.9259259259259259
reg3_m60_s6,reg3,cold,0,17410,0.9259259259259259
reg3_m60_s6,reg3,cold,0,17460,0.9259259259259259
reg3_m60_s6,reg3,cold,0,17510,0.9259259259259259
reg3_m60_s6,reg3,cold,0,17560,0.9259259259259259
reg3_m60_s6,reg3,cold,0,17610,0.9259259259259259
reg3_m60_s6,reg3,cold,0,17660,0.9259259259259259
reg3_m60_s6,reg3,cold,0,17710,0.9259259259259259
reg3_m60_s6,reg3,cold,0,17760,0.9259259259259259
reg3_m60_s6,reg3,cold,0,17810,0.9259259259259259
reg3_m60_s6,reg3,cold,0,17860,0.9259259259259259
reg3_m60_s6,reg3,cold,0,17910,0.9259259259259259
reg3_m60_s6,reg3,cold,0,17960,0.9259259259259259
reg3_m60_s6,reg3,cold,0,18010,0.9259259259259259
reg3_m60_s6,reg3,cold,0,18060,0.9259259259259259
reg3_m60_s6,reg3,cold,0,18110,0.9259259259259259
reg3_m60_s6,reg3,cold,0,18160,0.9259259259259259
reg3_m60_s6,reg3,cold,0,18210,0.9259259259259259
reg3_m60_s6,reg3,cold,0,18260,0.9259259259259259
reg3_m60_s6,reg3,cold,0,18310,0.9259259259259259
reg3_m60_s6,reg3,cold,0,18360,0.9259259259259259
reg3_m60_s6,reg3,cold,0,18410,0.9259259259259259
reg3_m60_s6,reg3,cold,0,18460,0.9259259259259259
reg3_m60_s6,reg3,cold,0,18510,0.9259259259259259
reg3_m60_s6,reg3,cold,0,18560,0.9259259259259259
reg3_m60_s6,reg3,cold,0,18610,0.9259259259259259
reg3_m60_s6,reg3,cold,0,18660,0.9259259259259259
reg3_m60_s6,reg3,cold,0,18710,0.9259259259259259
reg3_m60_s6,reg3,cold,0,18760,0.9259259259259259
reg3_m60_s6,reg3,cold,0,18810,0.9259259259259259
reg3_m60_s6,reg3,cold,0,18860,0.9259259259259259
reg3_m60_s6,reg3,cold,0,18910,0.9259259259259259
reg3_m60_s6,reg3,cold,0,18960,0.9259259259259259
reg3_m60_s6,reg3,cold,0,19010,0.9259259259259259
reg3_m60_s6,reg3,cold,0,19060,0.9259259259259259
reg3_m60_s6,reg3,cold,0,19110,0.9259259259259259
reg3_m60_s6,reg3,cold,0,19160,0.9259259259259259
reg3_m60_s6,reg3,cold,0,19210,0.9259259259259259
reg3_m60_s6,reg3,cold,0,19260,0.9259259259259259
reg3_m60_s6,reg3,cold,0,19310,0.9259259259259259
reg3_m60_s6,reg3,cold,0,19360,0.9259259259259259
reg3_m60_s6,reg3,cold,0,19410,0.9259259259259259
reg3_m60_s6,reg3,cold,0,19460,0.9259259259259259
reg3_m60_s6,reg3,cold,0,19510,0.9259259259259259
reg3_m60_s6,reg3,cold,0,19560,0.9259259259259259
reg3_m60_s6,reg3,cold,0,19610,0.9259259259259259
reg3_m60_s6,reg3,cold,0,19660,0.9259259259259259
reg3_m60_s6,reg3,cold,0,19710,0.9259259259259259
reg3_m60_s6,reg3,cold,0,19760,0.9259259259259259
reg3_m60_s6,reg3,cold,0,19810,0.9259259259259259
reg3_m60_s6,reg3,cold,0,19860,0.9259259259259259
reg3_m60_s6,reg3,cold,0,19910,0.9259259259259259
reg3_m60_s6,reg3,cold,0,19960,0.9259259259259259
reg3_m60_s6,reg3,cold,0,20010,0.9259259259259259
reg3_m60_s6,reg3,prior_init,0,210,0.7037037037037037
reg3_m60_s6,reg3,prior_init,0,260,0.7037037037037037
reg3_m60_s6,reg3,prior_init,0,310,0.8148148148148148
reg3_m60_s6,reg3,prior_init,0,360,0.8148148148148148
reg3_m60_s6,reg3,prior_init,0,410,0.8148148148148148
reg3_m60_s6,reg3,prior_init,0,460,0.8148148148148148
reg3_m60_s6,reg3,prior_init,0,510,0.8148148148148148
reg3_m60_s6,reg3,prior_init,0,560,0.8148148148148148
reg3_m60_s6,reg3,prior_init,0,610,0.8148148148148148
reg3_m60_s6,reg3,prior_init,0,660,0.8148148148148148
reg3_m60_s6,reg3,prior_init,0,710,0.8148148148148148
reg3_m60_s6,reg3,prior_init,0,760,0.8395061728395061
reg3_m60_s6,reg3,prior_init,0,810,0.8395061728395061
reg3_m60_s6,reg3,prior_init,0,860,0.8395061728395061
reg3_m60_s6,reg3,prior_init,0,910,0.8395061728395061
reg3_m60_s6,reg3,prior_init,0,960,0.8395061728395061
reg3_m60_s6,reg3,prior_init,0,1010,0.8395061728395061
reg3_m60_s6,reg3,prior_init,0,1060,0.8395061728395061
reg3_m60_s6,reg3,prior_init,0,1110,0.8518518518518519
reg3_m60_s6,reg3,prior_init,0,1160,0.8641975308641975
reg3_m60_s6,reg3,prior_init,0,1210,0.8641975308641975
reg3_m60_s6,reg3,prior_init,0,1260,0.8641975308641975
reg3_m60_s6,reg3,prior_init,0,1310,0.8641975308641975
reg3_m60_s6,reg3,prior_init,0,1360,0.8641975308641975
reg3_m60_s6,reg3,prior_init,0,1410,0.8641975308641975
reg3_m60_s6,reg3,prior_init,0,1460,0.8641975308641975
reg3_m60_s6,reg3,prior_init,0,1510,0.8641975308641975
reg3_m60_s6,reg3,prior_init,0,1560,0.8641975308641975
reg3_m60_s6,reg3,prior_init,0,1610,0.8641975308641975
reg3_m60_s6,reg3,prior_init,0,1660,0.8641975308641975
reg3_m60_s6,reg3,prior_init,0,1710,0.8641975308641975
reg3_m60_s6,reg3,prior_init,0,1760,0.8641975308641975
reg3_m60_s6,reg3,prior_init,0,1810,0.8641975308641975
reg3_m60_s6,reg3,prior_init,0,1860,0.8641975308641975
reg3_m60_s6,reg3,prior_init,0,1910,0.8641975308641975
reg3_m60_s6,reg3,prior_init,0,1960,0.8641975308641975
reg3_m60_s6,reg3,prior_init,0,2010,0.8641975308641975
reg3_m60_s6,reg3,prior_init,0,2060,0.8518518518518519
reg3_m60_s6,reg3,prior_init,0,2110,0.8518518518518519
reg3_m60_s6,reg3,prior_init,0,2160,0.8518518518518519
reg3_m60_s6,reg3,prior_init,0,2210,0.8518518518518519
reg3_m60_s6,reg3,prior_init,0,2260,0.8518518518518519
reg3_m60_s6,reg3,prior_init,0,2310,0.8518518518518519
reg3_m60_s6,reg3,prior_init,0,2360,0.8518518518518519
reg3_m60_s6,reg3,prior_init,0,2410,0.8518518518518519
reg3_m60_s6,reg3,prior_init,0,2460,0.8518518518518519
reg3_m60_s6,reg3,prior_init,0,2510,0.8518518518518519
reg3_m60_s6,reg3,prior_init,0,2560,0.8518518518518519
reg3_m60_s6,reg3,prior_init,0,2610,0.8518518518518519
reg3_m60_s6,reg3,prior_init,0,2660,0.8518518518518519
reg3_m60_s6,reg3,prior_init,0,2710,0.8518518518518519
reg3_m60_s6,reg3,prior_init,0,2760,0.8518518518518519
reg3_m60_s6,reg3,prior_init,0,2810,0.8641975308641975
reg3_m60_s6,reg3,prior_init,0,2860,0.8641975308641975
reg3_m60_s6,reg3,prior_init,0,2910,0.8641975308641975
reg3_m60_s6,reg3,prior_init,0,2960,0.8641975308641975
reg3_m60_s6,reg3,prior_init,0,3010,0.8641975308641975
reg3_m60_s6,reg3,prior_init,0,3060,0.8641975308641975
reg3_m60_s6,reg3,prior_init,0,3110,0.8641975308641975
reg3_m60_s6,reg3,prior_init,0,3160,0.8641975308641975
reg3_m60_s6,reg3,prior_init,0,3210,0.8641975308641975
reg3_m60_s6,reg3,prior_init,0,3260,0.8641975308641975
reg3_m60_s6,reg3,prior_init,0,3310,0.8641975308641975
reg3_m60_s6,reg3,prior_init,0,3360,0.8641975308641975
reg3_m60_s6,reg3,prior_init,0,3410,0.8641975308641975
reg3_m60_s6,reg3,prior_init,0,3460,0.8641975308641975
reg3_m60_s6,reg3,prior_init,0,3510,0.8641975308641975
reg3_m60_s6,reg3,prior_init,0,3560,0.8641975308641975
reg3_m60_s6,reg3,prior_init,0,3610,0.8641975308641975
reg3_m60_s6,reg3,prior_init,0,3660,0.8641975308641975
reg3_m60_s6,reg3,prior_init,0,3710,0.8641975308641975
reg3_m60_s6,reg3,prior_init,0,3760,0.8641975308641975
reg3_m60_s6,reg3,prior_init,0,3810,0.8641975308641975
reg3_m60_s6,reg3,prior_init,0,3860,0.8641975308641975
reg3_m60_s6,reg3,prior_init,0,3910,0.8641975308641975
reg3_m60_s6,reg3,prior_init,0,3960,0.8641975308641975
reg3_m60_s6,reg3,prior_init,0,4010,0.8641975308641975
reg3_m60_s6,reg3,prior_init,0,4060,0.8641975308641975
reg3_m60_s6,reg3,prior_init,0,4110,0.8641975308641975
reg3_m60_s6,reg3,prior_init,0,4160,0.8641975308641975
reg3_m60_s6,reg3,prior_init,0,4210,0.8641975308641975
reg3_m60_s6,reg3,prior_init,0,4260,0.8641975308641975
reg3_m60_s6,reg3,prior_init,0,4310,0.8641975308641975
reg3_m60_s6,reg3,prior_init,0,4360,0.8641975308641975
reg3_m60_s6,reg3,prior_init,0,4410,0.8641975308641975
reg3_m60_s6,reg3,prior_init,0,4460,0.8641975308641975
reg3_m60_s6,reg3,prior_init,0,4510,0.8641975308641975
reg3_m60_s6,reg3,prior_init,0,4560,0.8641975308641975
reg3_m60_s6,reg3,prior_init,0,4610,0.8641975308641975
reg3_m60_s6,reg3,prior_init,0,4660,0.8641975308641975
reg3_m60_s6,reg3,prior_init,0,4710,0.8641975308641975
reg3_m60_s6,reg3,prior_init,0,4760,0.8641975308641975
reg3_m60_s6,reg3,prior_init,0,4810,0.8641975308641975
reg3_m60_s6,reg3,prior_init,0,4860,0.8641975308641975
reg3_m60_s6,reg3,prior_init,0,4910,0.8641975308641975
reg3_m60_s6,reg3,prior_init,0,4960,0.8641975308641975
reg3_m60_s6,reg3,prior_init,0,5010,0.8641975308641975
reg3_m60_s6,reg3,prior_init,0,5060,0.8641975308641975
reg3_m60_s6,reg3,prior_init,0,5110,0.8641975308641975
reg3_m60_s6,reg3,prior_init,0,5160,0.8641975308641975
reg3_m60_s6,reg3,prior_init,0,5210,0.8641975308641975
reg3_m60_s6,reg3,prior_init,0,5260,0.8641975308641975
reg3_m60_s6,reg3,prior_init,0,5310,0.8641975308641975
reg3_m60_s6,reg3,prior_init,0,5360,0.8641975308641975
reg3_m60_s6,reg3,prior_init,0,5410,0.8641975308641975
reg3_m60_s6,reg3,prior_init,0,5460,0.8641975308641975
reg3_m60_s6,reg3,prior_init,0,5510,0.8641975308641975
reg3_m60_s6,reg3,prior_init,0,5560,0.8641975308641975
reg3_m60_s6,reg3,prior_init,0,5610,0.8641975308641975
reg3_m60_s6,reg3,prior_init,0,5660,0.8641975308641975
reg3_m60_s6,reg3,prior_init,0,5710,0.8641975308641975
reg3_m60_s6,reg3,prior_init,0,5760,0.8641975308641975
reg3_m60_s6,reg3,prior_init,0,5810,0.8641975308641975
reg3_m60_s6,reg3,prior_init,0,5860,0.8641975308641975
reg3_m60_s6,reg3,prior_init,0,5910,0.8641975308641975
reg3_m60_s6,reg3,prior_init,0,5960,0.8641975308641975
reg3_m60_s6,reg3,prior_init,0,6010,0.8641975308641975
reg3_m60_s6,reg3,prior_init,0,6060,0.8641975308641975
reg3_m60_s6,reg3,prior_init,0,6110,0.8641975308641975
reg3_m60_s6,reg3,prior_init,0,6160,0.8641975308641975
reg3_m60_s6,reg3,prior_init,0,6210,0.8641975308641975
reg3_m60_s6,reg3,prior_init,0,6260,0.8641975308641975
reg3_m60_s6,reg3,prior_init,0,6310,0.8641975308641975
reg3_m60_s6,reg3,prior_init,0,6360,0.8641975308641975
reg3_m60_s6,reg3,prior_init,0,6410,0.8641975308641975
reg3_m60_s6,reg3,prior_init,0,6460,0.8641975308641975
reg3_m60_s6,reg3,prior_init,0,6510,0.8641975308641975
reg3_m60_s6,reg3,prior_init,0,6560,0.8641975308641975
reg3_m60_s6,reg3,prior_init,0,6610,0.8641975308641975
reg3_m60_s6,reg3,prior_init,0,6660,0.8641975308641975
reg3_m60_s6,reg3,prior_init,0,6710,0.8641975308641975
reg3_m60_s6,reg3,prior_init,0,6760,0.8641975308641975
reg3_m60_s6,reg3,prior_init,0,6810,0.8641975308641975
reg3_m60_s6,reg3,prior_init,0,6860,0.8641975308641975
reg3_m60_s6,reg3,prior_init,0,6910,0.8641975308641975
reg3_m60_s6,reg3,prior_init,0,6960,0.8641975308641975
reg3_m60_s6,reg3,prior_init,0,7010,0.8641975308641975
reg3_m60_s6,reg3,prior_init,0,7060,0.8641975308641975
reg3_m60_s6,reg3,prior_init,0,7110,0.8641975308641975
reg3_m60_s6,reg3,prior_init,0,7160,0.8641975308641975
reg3_m60_s6,reg3,prior_init,0,7210,0.8641975308641975
reg3_m60_s6,reg3,prior_init,0,7260,0.8641975308641975
reg3_m60_s6,reg3,prior_init,0,7310,0.8641975308641975
reg3_m60_s6,reg3,prior_init,0,7360,0.8641975308641975
reg3_m60_s6,reg3,prior_init,0,7410,0.8641975308641975
reg3_m60_s6,reg3,prior_init,0,7460,0.8641975308641975
reg3_m60_s6,reg3,prior_init,0,7510,0.8641975308641975
reg3_m60_s6,reg3,prior_init,0,7560,0.8641975308641975
reg3_m60_s6,reg3,prior_init,0,7610,0.8641975308641975
reg3_m60_s6,reg3,prior_init,0,7660,0.8641975308641975
reg3_m60_s6,reg3,prior_init,0,7710,0.8641975308641975
reg3_m60_s6,reg3,prior_init,0,7760,0.8641975308641975
reg3_m60_s6,reg3,prior_init,0,7810,0.8641975308641975
reg3_m60_s6,reg3,prior_init,0,7860,0.8641975308641975
reg3_m60_s6,reg3,prior_init,0,7910,0.8641975308641975
reg3_m60_s6,reg3,prior_init,0,7960,0.8641975308641975
reg3_m60_s6,reg3,prior_init,0,8010,0.8641975308641975
reg3_m60_s6,reg3,prior_init,0,8060,0.8641975308641975
reg3_m60_s6,reg3,prior_init,0,8110,0.8641975308641975
reg3_m60_s6,reg3,prior_init,0,8160,0.8641975308641975
reg3_m60_s6,reg3,prior_init,0,8210,0.8641975308641975
reg3_m60_s6,reg3,prior_init,0,8260,0.8641975308641975
reg3_m60_s6,reg3,prior_init,0,8310,0.8641975308641975
reg3_m60_s6,reg3,prior_init,0,8360,0.8641975308641975
reg3_m60_s6,reg3,prior_init,0,8410,0.8641975308641975
reg3_m60_s6,reg3,prior_init,0,8460,0.8641975308641975
reg3_m60_s6,reg3,prior_init,0,8510,0.8641975308641975
reg3_m60_s6,reg3,prior_init,0,8560,0.8641975308641975
reg3_m60_s6,reg3,prior_init,0,8610,0.8641975308641975
reg3_m60_s6,reg3,prior_init,0,8660,0.8641975308641975
reg3_m60_s6,reg3,prior_init,0,8710,0.8641975308641975
reg3_m60_s6,reg3,prior_init,0,8760,0.8641975308641975
reg3_m60_s6,reg3,prior_init,0,8810,0.8641975308641975
reg3_m60_s6,reg3,prior_init,0,8860,0.8641975308641975
reg3_m60_s6,reg3,prior_init,0,8910,0.8641975308641975
reg3_m60_s6,reg3,prior_init,0,8960,0.8641975308641975
reg3_m60_s6,reg3,prior_init,0,9010,0.8641975308641975
reg3_m60_s6,reg3,prior_init,0,9060,0.8641975308641975
reg3_m60_s6,reg3,prior_init,0,9110,0.8641975308641975
reg3_m60_s6,reg3,prior_init,0,9160,0.8641975308641975
reg3_m60_s6,reg3,prior_init,0,9210,0.8641975308641975
reg3_m60_s6,reg3,prior_init,0,9260,0.8641975308641975
reg3_m60_s6,reg3,prior_init,0,9310,0.8641975308641975
reg3_m60_s6,reg3,prior_init,0,9360,0.8641975308641975
reg3_m60_s6,reg3,prior_init,0,9410,0.8641975308641975
reg3_m60_s6,reg3,prior_init,0,9460,0.8641975308641975
reg3_m60_s6,reg3,prior_init,0,9510,0.8641975308641975
reg3_m60_s6,reg3,prior_init,0,9560,0.8641975308641975
reg3_m60_s6,reg3,prior_init,0,9610,0.8641975308641975
reg3_m60_s6,reg3,prior_init,0,9660,0.8641975308641975
reg3_m60_s6,reg3,prior_init,0,9710,0.8641975308641975
reg3_m60_s6,reg3,prior_init,0,9760,0.8641975308641975
reg3_m60_s6,reg3,prior_init,0,9810,0.8641975308641975
reg3_m60_s6,reg3,prior_init,0,9860,0.8641975308641975
reg3_m60_s6,reg3,prior_init,0,9910,0.8641975308641975
reg3_m60_s6,reg3,prior_init,0,9960,0.8641975308641975
reg3_m60_s6,reg3,prior_init,0,10010,0.8641975308641975
reg3_m60_s6,reg3,prior_init,0,10060,0.8641975308641975
reg3_m60_s6,reg3,prior_init,0,10110,0.8641975308641975
reg3_m60_s6,reg3,prior_init,0,10160,0.8641975308641975
reg3_m60_s6,reg3,prior_init,0,10210,0.8641975308641975
reg3_m60_s6,reg3,prior_init,0,10260,0.8641975308641975
reg3_m60_s6,reg3,prior_init,0,10310,0.8641975308641975
reg3_m60_s6,reg3,prior_init,0,10360,0.8641975308641975
reg3_m60_s6,reg3,prior_init,0,10410,0.8641975308641975
reg3_m60_s6,reg3,prior_init,0,10460,0.8641975308641975
reg3_m60_s6,reg3,prior_init,0,10510,0.8641975308641975
reg3_m60_s6,reg3,prior_init,0,10560,0.8641975308641975
reg3_m60_s6,reg3,prior_init,0,10610,0.8641975308641975
reg3_m60_s6,reg3,prior_init,0,10660,0.8641975308641975
reg3_m60_s6,reg3,prior_init,0,10710,0.8641975308641975
reg3_m60_s6,reg3,prior_init,0,10760,0.8641975308641975
reg3_m60_s6,reg3,prior_init,0,10810,0.8641975308641975
reg3_m60_s6,reg3,prior_init,0,10860,0.8641975308641975
reg3_m60_s6,reg3,prior_init,0,10910,0.8641975308641975
reg3_m60_s6,reg3,prior_init,0,10960,0.8641975308641975
reg3_m60_s6,reg3,prior_init,0,11010,0.8641975308641975
reg3_m60_s6,reg3,prior_init,0,11060,0.8641975308641975
reg3_m60_s6,reg3,prior_init,0,11110,0.8641975308641975
reg3_m60_s6,reg3,prior_init,0,11160,0.8765432098765432
reg3_m60_s6,reg3,prior_init,0,11210,0.8765432098765432
reg3_m60_s6,reg3,prior_init,0,11260,0.8765432098765432
reg3_m60_s6,reg3,prior_init,0,11310,0.8765432098765432
reg3_m60_s6,reg3,prior_init,0,11360,0.8765432098765432
reg3_m60_s6,reg3,prior_init,0,11410,0.8765432098765432
reg3_m60_s6,reg3,prior_init,0,11460,0.8765432098765432
reg3_m60_s6,reg3,prior_init,0,11510,0.8765432098765432
reg3_m60_s6,reg3,prior_init,0,11560,0.8765432098765432
reg3_m60_s6,reg3,prior_init,0,11610,0.8765432098765432
reg3_m60_s6,reg3,prior_init,0,11660,0.8765432098765432
reg3_m60_s6,reg3,prior_init,0,11710,0.8765432098765432
reg3_m60_s6,reg3,prior_init,0,11760,0.8765432098765432
reg3_m60_s6,reg3,prior_init,0,11810,0.8765432098765432
reg3_m60_s6,reg3,prior_init,0,11860,0.8765432098765432
reg3_m60_s6,reg3,prior_init,0,11910,0.8765432098765432
reg3_m60_s6,reg3,prior_init,0,11960,0.8765432098765432
reg3_m60_s6,reg3,prior_init,0,12010,0.8765432098765432
reg3_m60_s6,reg3,prior_init,0,12060,0.8765432098765432
reg3_m60_s6,reg3,prior_init,0,12110,0.8765432098765432
reg3_m60_s6,reg3,prior_init,0,12160,0.8765432098765432
reg3_m60_s6,reg3,prior_init,0,12210,0.8765432098765432
reg3_m60_s6,reg3,prior_init,0,12260,0.8765432098765432
reg3_m60_s6,reg3,prior_init,0,12310,0.8765432098765432
reg3_m60_s6,reg3,prior_init,0,12360,0.8765432098765432
reg3_m60_s6,reg3,prior_init,0,12410,0.8765432098765432
reg3_m60_s6,reg3,prior_init,0,12460,0.8765432098765432
reg3_m60_s6,reg3,prior_init,0,12510,0.8765432098765432
reg3_m60_s6,reg3,prior_init,0,12560,0.8765432098765432
reg3_m60_s6,reg3,prior_init,0,12610,0.8765432098765432
reg3_m60_s6,reg3,prior_init,0,12660,0.8765432098765432
reg3_m60_s6,reg3,prior_init,0,12710,0.8765432098765432
reg3_m60_s6,reg3,prior_init,0,12760,0.8765432098765432
reg3_m60_s6,reg3,prior_init,0,12810,0.8765432098765432
reg3_m60_s6,reg3,prior_init,0,12860,0.8765432098765432
reg3_m60_s6,reg3,prior_init,0,12910,0.8765432098765432
reg3_m60_s6,reg3,prior_init,0,12960,0.8765432098765432
reg3_m60_s6,reg3,prior_init,0,13010,0.8765432098765432
reg3_m60_s6,reg3,prior_init,0,13060,0.8765432098765432
reg3_m60_s6,reg3,prior_init,0,13110,0.8765432098765432
reg3_m60_s6,reg3,prior_init,0,13160,0.8765432098765432
reg3_m60_s6,reg3,prior_init,0,13210,0.8765432098765432
reg3_m60_s6,reg3,prior_init,0,13260,0.8765432098765432
reg3_m60_s6,reg3,prior_init,0,13310,0.8765432098765432
reg3_m60_s6,reg3,prior_init,0,13360,0.8765432098765432
reg3_m60_s6,reg3,prior_init,0,13410,0.8765432098765432
reg3_m60_s6,reg3,prior_init,0,13460,0.8765432098765432
reg3_m60_s6,reg3,prior_init,0,13510,0.8765432098765432
reg3_m60_s6,reg3,prior_init,0,13560,0.8765432098765432
reg3_m60_s6,reg3,prior_init,0,13610,0.8765432098765432
reg3_m60_s6,reg3,prior_init,0,13660,0.8765432098765432
reg3_m60_s6,reg3,prior_init,0,13710,0.8765432098765432
reg3_m60_s6,reg3,prior_init,0,13760,0.8765432098765432
reg3_m60_s6,reg3,prior_init,0,13810,0.8765432098765432
reg3_m60_s6,reg3,prior_init,0,13860,0.8765432098765432
reg3_m60_s6,reg3,prior_init,0,13910,0.8765432098765432
reg3_m60_s6,reg3,prior_init,0,13960,0.8765432098765432
reg3_m60_s6,reg3,prior_init,0,14010,0.8765432098765432
reg3_m60_s6,reg3,prior_init,0,14060,0.8765432098765432
reg3_m60_s6,reg3,prior_init,0,14110,0.8765432098765432
reg3_m60_s6,reg3,prior_init,0,14160,0.8765432098765432
reg3_m60_s6,reg3,prior_init,0,14210,0.8765432098765432
reg3_m60_s6,reg3,prior_init,0,14260,0.8765432098765432
reg3_m60_s6,reg3,prior_init,0,14310,0.8765432098765432
reg3_m60_s6,reg3,prior_init,0,14360,0.8765432098765432
reg3_m60_s6,reg3,prior_init,0,14410,0.8765432098765432
reg3_m60_s6,reg3,prior_init,0,14460,0.8765432098765432
reg3_m60_s6,reg3,prior_init,0,14510,0.8765432098765432
reg3_m60_s6,reg3,prior_init,0,14560,0.8765432098765432
reg3_m60_s6,reg3,prior_init,0,14610,0.8765432098765432
reg3_m60_s6,reg3,prior_init,0,14660,0.8765432098765432
reg3_m60_s6,reg3,prior_init,0,14710,0.8765432098765432
reg3_m60_s6,reg3,prior_init,0,14760,0.8765432098765432
reg3_m60_s6,reg3,prior_init,0,14810,0.8765432098765432
reg3_m60_s6,reg3,prior_init,0,14860,0.8765432098765432
reg3_m60_s6,reg3,prior_init,0,14910,0.8765432098765432
reg3_m60_s6,reg3,prior_init,0,14960,0.8765432098765432
reg3_m60_s6,reg3,prior_init,0,15010,0.8765432098765432
reg3_m60_s6,reg3,prior_init,0,15060,0.8765432098765432
reg3_m60_s6,reg3,prior_init,0,15110,0.8765432098765432
reg3_m60_s6,reg3,prior_init,0,15160,0.8765432098765432
reg3_m60_s6,reg3,prior_init,0,15210,0.8765432098765432
reg3_m60_s6,reg3,prior_init,0,15260,0.8765432098765432
reg3_m60_s6,reg3,prior_init,0,15310,0.8765432098765432
reg3_m60_s6,reg3,prior_init,0,15360,0.8765432098765432
reg3_m60_s6,reg3,prior_init,0,15410,0.8765432098765432
reg3_m60_s6,reg3,prior_init,0,15460,0.8765432098765432
reg3_m60_s6,reg3,prior_init,0,15510,0.8765432098765432
reg3_m60_s6,reg3,prior_init,0,15560,0.8765432098765432
reg3_m60_s6,reg3,prior_init,0,15610,0.8765432098765432
reg3_m60_s6,reg3,prior_init,0,15660,0.8765432098765432
reg3_m60_s6,reg3,prior_init,0,15710,0.8765432098765432
reg3_m60_s6,reg3,prior_init,0,15760,0.8765432098765432
reg3_m60_s6,reg3,prior_init,0,15810,0.8765432098765432
reg3_m60_s6,reg3,prior_init,0,15860,0.8765432098765432
reg3_m60_s6,reg3,prior_init,0,15910,0.8765432098765432
reg3_m60_s6,reg3,prior_init,0,15960,0.8765432098765432
reg3_m60_s6,reg3,prior_init,0,16010,0.8765432098765432
reg3_m60_s6,reg3,prior_init,0,16060,0.8765432098765432
reg3_m60_s6,reg3,prior_init,0,16110,0.8765432098765432
reg3_m60_s6,reg3,prior_init,0,16160,0.8765432098765432
reg3_m60_s6,reg3,prior_init,0,16210,0.8765432098765432
reg3_m60_s6,reg3,prior_init,0,16260,0.8765432098765432
reg3_m60_s6,reg3,prior_init,0,16310,0.8765432098765432
reg3_m60_s6,reg3,prior_init,0,16360,0.8765432098765432
reg3_m60_s6,reg3,prior_init,0,16410,0.8765432098765432
reg3_m60_s6,reg3,prior_init,0,16460,0.8765432098765432
reg3_m60_s6,reg3,prior_init,0,16510,0.8765432098765432
reg3_m60_s6,reg3,prior_init,0,16560,0.8765432098765432
reg3_m60_s6,reg3,prior_init,0,16610,0.8765432098765432
reg3_m60_s6,reg3,prior_init,0,16660,0.8765432098765432
reg3_m60_s6,reg3,prior_init,0,16710,0.8765432098765432
reg3_m60_s6,reg3,prior_init,0,16760,0.8765432098765432
reg3_m60_s6,reg3,prior_init,0,16810,0.8765432098765432
reg3_m60_s6,reg3,prior_init,0,16860,0.8765432098765432
reg3_m60_s6,reg3,prior_init,0,16910,0.8765432098765432
reg3_m60_s6,reg3,prior_init,0,16960,0.8765432098765432
reg3_m60_s6,reg3,prior_init,0,17010,0.8765432098765432
reg3_m60_s6,reg3,prior_init,0,17060,0.8765432098765432
reg3_m60_s6,reg3,prior_init,0,17110,0.8765432098765432
reg3_m60_s6,reg3,prior_init,0,17160,0.8765432098765432
reg3_m60_s6,reg3,prior_init,0,17210,0.8765432098765432
reg3_m60_s6,reg3,prior_init,0,17260,0.8765432098765432
reg3_m60_s6,reg3,prior_init,0,17310,0.8765432098765432
reg3_m60_s6,reg3,prior_init,0,17360,0.8765432098765432
reg3_m60_s6,reg3,prior_init,0,17410,0.8765432098765432
reg3_m60_s6,reg3,prior_init,0,17460,0.8765432098765432
reg3_m60_s6,reg3,prior_init,0,17510,0.8765432098765432
reg3_m60_s6,reg3,prior_init,0,17560,0.8765432098765432
reg3_m60_s6,reg3,prior_init,0,17610,0.8765432098765432
reg3_m60_s6,reg3,prior_init,0,17660,0.8765432098765432
reg3_m60_s6,reg3,prior_init,0,17710,0.8765432098765432
reg3_m60_s6,reg3,prior_init,0,17760,0.8765432098765432
reg3_m60_s6,reg3,prior_init,0,17810,0.8765432098765432
reg3_m60_s6,reg3,prior_init,0,17860,0.8765432098765432
reg3_m60_s6,reg3,prior_init,0,17910,0.8765432098765432
reg3_m60_s6,reg3,prior_init,0,17960,0.8765432098765432
reg3_m60_s6,reg3,prior_init,0,18010,0.8765432098765432
reg3_m60_s6,reg3,prior_init,0,18060,0.8765432098765432
reg3_m60_s6,reg3,prior_init,0,18110,0.8765432098765432
reg3_m60_s6,reg3,prior_init,0,18160,0.8765432098765432
reg3_m60_s6,reg3,prior_init,0,18210,0.8765432098765432
reg3_m60_s6,reg3,prior_init,0,18260,0.8765432098765432
reg3_m60_s6,reg3,prior_init,0,18310,0.8765432098765432
reg3_m60_s6,reg3,prior_init,0,18360,0.8765432098765432
reg3_m60_s6,reg3,prior_init,0,18410,0.8765432098765432
reg3_m60_s6,reg3,prior_init,0,18460,0.8765432098765432
reg3_m60_s6,reg3,prior_init,0,18510,0.8765432098765432
reg3_m60_s6,reg3,prior_init,0,18560,0.8765432098765432
reg3_m60_s6,reg3,prior_init,0,18610,0.8765432098765432
reg3_m60_s6,reg3,prior_init,0,18660,0.8765432098765432
reg3_m60_s6,reg3,prior_init,0,18710,0.8765432098765432
reg3_m60_s6,reg3,prior_init,0,18760,0.8765432098765432
reg3_m60_s6,reg3,prior_init,0,18810,0.8765432098765432
reg3_m60_s6,reg3,prior_init,0,18860,0.8765432098765432
reg3_m60_s6,reg3,prior_init,0,18910,0.8765432098765432
reg3_m60_s6,reg3,prior_init,0,18960,0.8765432098765432
reg3_m60_s6,reg3,prior_init,0,19010,0.8765432098765432
reg3_m60_s6,reg3,prior_init,0,19060,0.8765432098765432
reg3_m60_s6,reg3,prior_init,0,19110,0.8765432098765432
reg3_m60_s6,reg3,prior_init,0,19160,0.8765432098765432
reg3_m60_s6,reg3,prior_init,0,19210,0.8765432098765432
reg3_m60_s6,reg3,prior_init,0,19260,0.8765432098765432
reg3_m60_s6,reg3,prior_init,0,19310,0.8765432098765432
reg3_m60_s6,reg3,prior_init,0,19360,0.8765432098765432
reg3_m60_s6,reg3,prior_init,0,19410,0.8765432098765432
reg3_m60_s6,reg3,prior_init,0,19460,0.8765432098765432
reg3_m60_s6,reg3,prior_init,0,19510,0.8765432098765432
reg3_m60_s6,reg3,prior_init,0,19560,0.8765432098765432
reg3_m60_s6,reg3,prior_init,0,19610,0.8765432098765432
reg3_m60_s6,reg3,prior_init,0,19660,0.8765432098765432
reg3_m60_s6,reg3,prior_init,0,19710,0.8765432098765432
reg3_m60_s6,reg3,prior_init,0,19760,0.8765432098765432
reg3_m60_s6,reg3,prior_init,0,19810,0.8765432098765432
reg3_m60_s6,reg3,prior_init,0,19860,0.8765432098765432
reg3_m60_s6,reg3,prior_init,0,19910,0.8765432098765432
reg3_m60_s6,reg3,prior_init,0,19960,0.8765432098765432
reg3_m60_s6,reg3,prior_init,0,20010,0.8765432098765432
reg3_m60_s6,reg3,prior_prop,0,10,0.5061728395061729
reg3_m60_s6,reg3,prior_prop,0,60,0.6790123456790124
reg3_m60_s6,reg3,prior_prop,0,110,0.691358024691358
reg3_m60_s6,reg3,prior_prop,0,160,0.7037037037037037
reg3_m60_s6,reg3,prior_prop,0,210,0.7407407407407407
reg3_m60_s6,reg3,prior_prop,0,260,0.7407407407407407
reg3_m60_s6,reg3,prior_prop,0,310,0.7530864197530864
reg3_m60_s6,reg3,prior_prop,0,360,0.7530864197530864
reg3_m60_s6,reg3,prior_prop,0,410,0.7530864197530864
reg3_m60_s6,reg3,prior_prop,0,460,0.7777777777777778
reg3_m60_s6,reg3,prior_prop,0,510,0.8148148148148148
reg3_m60_s6,reg3,prior_prop,0,560,0.8148148148148148
reg3_m60_s6,reg3,prior_prop,0,610,0.8148148148148148
reg3_m60_s6,reg3,prior_prop,0,660,0.8148148148148148
reg3_m60_s6,reg3,prior_prop,0,710,0.8148148148148148
reg3_m60_s6,reg3,prior_prop,0,760,0.8148148148148148
reg3_m60_s6,reg3,prior_prop,0,810,0.8395061728395061
reg3_m60_s6,reg3,prior_prop,0,860,0.8395061728395061
reg3_m60_s6,reg3,prior_prop,0,910,0.8518518518518519
reg3_m60_s6,reg3,prior_prop,0,960,0.8518518518518519
reg3_m60_s6,reg3,prior_prop,0,1010,0.8518518518518519
reg3_m60_s6,reg3,prior_prop,0,1060,0.8518518518518519
reg3_m60_s6,reg3,prior_prop,0,1110,0.8518518518518519
reg3_m60_s6,reg3,prior_prop,0,1160,0.8518518518518519
reg3_m60_s6,reg3,prior_prop,0,1210,0.8518518518518519
reg3_m60_s6,reg3,prior_prop,0,1260,0.8518518518518519
reg3_m60_s6,reg3,prior_prop,0,1310,0.8518518518518519
reg3_m60_s6,reg3,prior_prop,0,1360,0.8518518518518519
reg3_m60_s6,reg3,prior_prop,0,1410,0.8518518518518519
reg3_m60_s6,reg3,prior_prop,0,1460,0.8518518518518519
reg3_m60_s6,reg3,prior_prop,0,1510,0.8518518518518519
reg3_m60_s6,reg3,prior_prop,0,1560,0.8518518518518519
reg3_m60_s6,reg3,prior_prop,0,1610,0.8518518518518519
reg3_m60_s6,reg3,prior_prop,0,1660,0.8518518518518519
reg3_m60_s6,reg3,prior_prop,0,1710,0.8518518518518519
reg3_m60_s6,reg3,prior_prop,0,1760,0.8641975308641975
reg3_m60_s6,reg3,prior_prop,0,1810,0.8641975308641975
reg3_m60_s6,reg3,prior_prop,0,1860,0.8641975308641975
reg3_m60_s6,reg3,prior_prop,0,1910,0.8641975308641975
reg3_m60_s6,reg3,prior_prop,0,1960,0.8641975308641975
reg3_m60_s6,reg3,prior_prop,0,2010,0.8641975308641975
reg3_m60_s6,reg3,prior_prop,0,2060,0.8641975308641975
reg3_m60_s6,reg3,prior_prop,0,2110,0.8641975308641975
reg3_m60_s6,reg3,prior_prop,0,2160,0.8641975308641975
reg3_m60_s6,reg3,prior_prop,0,2210,0.8641975308641975
reg3_m60_s6,reg3,prior_prop,0,2260,0.8641975308641975
reg3_m60_s6,reg3,prior_prop,0,2310,0.8641975308641975
reg3_m60_s6,reg3,prior_prop,0,2360,0.8641975308641975
reg3_m60_s6,reg3,prior_prop,0,2410,0.8641975308641975
reg3_m60_s6,reg3,prior_prop,0,2460,0.8641975308641975
reg3_m60_s6,reg3,prior_prop,0,2510,0.8641975308641975
reg3_m60_s6,reg3,prior_prop,0,2560,0.8641975308641975
reg3_m60_s6,reg3,prior_prop,0,2610,0.8641975308641975
reg3_m60_s6,reg3,prior_prop,0,2660,0.8641975308641975
reg3_m60_s6,reg3,prior_prop,0,2710,0.8641975308641975
reg3_m60_s6,reg3,prior_prop,0,2760,0.8641975308641975
reg3_m60_s6,reg3,prior_prop,0,2810,0.8641975308641975
reg3_m60_s6,reg3,prior_prop,0,2860,0.8641975308641975
reg3_m60_s6,reg3,prior_prop,0,2910,0.8641975308641975
reg3_m60_s6,reg3,prior_prop,0,2960,0.8641975308641975
reg3_m60_s6,reg3,prior_prop,0,3010,0.8641975308641975
reg3_m60_s6,reg3,prior_prop,0,3060,0.8641975308641975
reg3_m60_s6,reg3,prior_prop,0,3110,0.8641975308641975
reg3_m60_s6,reg3,prior_prop,0,3160,0.8641975308641975
reg3_m60_s6,reg3,prior_prop,0,3210,0.8641975308641975
reg3_m60_s6,reg3,prior_prop,0,3260,0.8641975308641975
reg3_m60_s6,reg3,prior_prop,0,3310,0.8641975308641975
reg3_m60_s6,reg3,prior_prop,0,3360,0.8641975308641975
reg3_m60_s6,reg3,prior_prop,0,3410,0.8641975308641975
reg3_m60_s6,reg3,prior_prop,0,3460,0.8641975308641975
reg3_m60_s6,reg3,prior_prop,0,3510,0.8641975308641975
reg3_m60_s6,reg3,prior_prop,0,3560,0.8641975308641975
reg3_m60_s6,reg3,prior_prop,0,3610,0.8641975308641975
reg3_m60_s6,reg3,prior_prop,0,3660,0.8641975308641975
reg3_m60_s6,reg3,prior_prop,0,3710,0.8641975308641975
reg3_m60_s6,reg3,prior_prop,0,3760,0.8641975308641975
reg3_m60_s6,reg3,prior_prop,0,3810,0.8641975308641975
reg3_m60_s6,reg3,prior_prop,0,3860,0.8641975308641975
reg3_m60_s6,reg3,prior_prop,0,3910,0.8641975308641975
reg3_m60_s6,reg3,prior_prop,0,3960,0.8641975308641975
reg3_m60_s6,reg3,prior_prop,0,4010,0.8641975308641975
reg3_m60_s6,reg3,prior_prop,0,4060,0.8641975308641975
reg3_m60_s6,reg3,prior_prop,0,4110,0.8641975308641975
reg3_m60_s6,reg3,prior_prop,0,4160,0.8641975308641975
reg3_m60_s6,reg3,prior_prop,0,4210,0.8641975308641975
reg3_m60_s6,reg3,prior_prop,0,4260,0.8765432098765432
reg3_m60_s6,reg3,prior_prop,0,4310,0.8765432098765432
reg3_m60_s6,reg3,prior_prop,0,4360,0.8765432098765432
reg3_m60_s6,reg3,prior_prop,0,4410,0.8765432098765432
reg3_m60_s6,reg3,prior_prop,0,4460,0.8765432098765432
reg3_m60_s6,reg3,prior_prop,0,4510,0.8765432098765432
reg3_m60_s6,reg3,prior_prop,0,4560,0.8765432098765432
reg3_m60_s6,reg3,prior_prop,0,4610,0.8765432098765432
reg3_m60_s6,reg3,prior_prop,0,4660,0.8765432098765432
reg3_m60_s6,reg3,prior_prop,0,4710,0.8765432098765432
reg3_m60_s6,reg3,prior_prop,0,4760,0.8765432098765432
reg3_m60_s6,reg3,prior_prop,0,4810,0.8765432098765432
reg3_m60_s6,reg3,prior_prop,0,4860,0.8765432098765432
reg3_m60_s6,reg3,prior_prop,0,4910,0.8765432098765432
reg3_m60_s6,reg3,prior_prop,0,4960,0.8765432098765432
reg3_m60_s6,reg3,prior_prop,0,5010,0.8765432098765432
reg3_m60_s6,reg3,prior_prop,0,5060,0.8765432098765432
reg3_m60_s6,reg3,prior_prop,0,5110,0.8765432098765432
reg3_m60_s6,reg3,prior_prop,0,5160,0.8765432098765432
reg3_m60_s6,reg3,prior_prop,0,5210,0.8765432098765432
reg3_m60_s6,reg3,prior_prop,0,5260,0.8765432098765432
reg3_m60_s6,reg3,prior_prop,0,5310,0.8765432098765432
reg3_m60_s6,reg3,prior_prop,0,5360,0.8765432098765432
reg3_m60_s6,reg3,prior_prop,0,5410,0.8765432098765432
reg3_m60_s6,reg3,prior_prop,0,5460,0.8765432098765432
reg3_m60_s6,reg3,prior_prop,0,5510,0.8765432098765432
reg3_m60_s6,reg3,prior_prop,0,5560,0.8765432098765432
reg3_m60_s6,reg3,prior_prop,0,5610,0.8765432098765432
reg3_m60_s6,reg3,prior_prop,0,5660,0.8765432098765432
reg3_m60_s6,reg3,prior_prop,0,5710,0.8765432098765432
reg3_m60_s6,reg3,prior_prop,0,5760,0.8765432098765432
reg3_m60_s6,reg3,prior_prop,0,5810,0.8765432098765432
reg3_m60_s6,reg3,prior_prop,0,5860,0.8765432098765432
reg3_m60_s6,reg3,prior_prop,0,5910,0.8765432098765432
reg3_m60_s6,reg3,prior_prop,0,5960,0.8765432098765432
reg3_m60_s6,reg3,prior_prop,0,6010,0.8765432098765432
reg3_m60_s6,reg3,prior_prop,0,6060,0.8765432098765432
reg3_m60_s6,reg3,prior_prop,0,6110,0.8765432098765432
reg3_m60_s6,reg3,prior_prop,0,6160,0.8765432098765432
reg3_m60_s6,reg3,prior_prop,0,6210,0.8765432098765432
reg3_m60_s6,reg3,prior_prop,0,6260,0.8765432098765432
reg3_m60_s6,reg3,prior_prop,0,6310,0.8765432098765432
reg3_m60_s6,reg3,prior_prop,0,6360,0.8765432098765432
reg3_m60_s6,reg3,prior_prop,0,6410,0.8765432098765432
reg3_m60_s6,reg3,prior_prop,0,6460,0.8765432098765432
reg3_m60_s6,reg3,prior_prop,0,6510,0.8765432098765432
reg3_m60_s6,reg3,prior_prop,0,6560,0.8765432098765432
reg3_m60_s6,reg3,prior_prop,0,6610,0.8765432098765432
reg3_m60_s6,reg3,prior_prop,0,6660,0.8765432098765432
reg3_m60_s6,reg3,prior_prop,0,6710,0.8765432098765432
reg3_m60_s6,reg3,prior_prop,0,6760,0.8765432098765432
reg3_m60_s6,reg3,prior_prop,0,6810,0.8765432098765432
reg3_m60_s6,reg3,prior_prop,0,6860,0.8765432098765432
reg3_m60_s6,reg3,prior_prop,0,6910,0.8765432098765432
reg3_m60_s6,reg3,prior_prop,0,6960,0.8765432098765432
reg3_m60_s6,reg3,prior_prop,0,7010,0.8765432098765432
reg3_m60_s6,reg3,prior_prop,0,7060,0.8765432098765432
reg3_m60_s6,reg3,prior_prop,0,7110,0.8765432098765432
reg3_m60_s6,reg3,prior_prop,0,7160,0.8765432098765432
reg3_m60_s6,reg3,prior_prop,0,7210,0.8765432098765432
reg3_m60_s6,reg3,prior_prop,0,7260,0.8765432098765432
reg3_m60_s6,reg3,prior_prop,0,7310,0.8765432098765432
reg3_m60_s6,reg3,prior_prop,0,7360,0.8765432098765432
reg3_m60_s6,reg3,prior_prop,0,7410,0.8765432098765432
reg3_m60_s6,reg3,prior_prop,0,7460,0.8765432098765432
reg3_m60_s6,reg3,prior_prop,0,7510,0.8765432098765432
reg3_m60_s6,reg3,prior_prop,0,7560,0.8765432098765432
reg3_m60_s6,reg3,prior_prop,0,7610,0.8765432098765432
reg3_m60_s6,reg3,prior_prop,0,7660,0.8765432098765432
reg3_m60_s6,reg3,prior_prop,0,7710,0.8765432098765432
reg3_m60_s6,reg3,prior_prop,0,7760,0.8765432098765432
reg3_m60_s6,reg3,prior_prop,0,7810,0.8765432098765432
reg3_m60_s6,reg3,prior_prop,0,7860,0.8765432098765432
reg3_m60_s6,reg3,prior_prop,0,7910,0.8765432098765432
reg3_m60_s6,reg3,prior_prop,0,7960,0.8765432098765432
reg3_m60_s6,reg3,prior_prop,0,8010,0.8765432098765432
reg3_m60_s6,reg3,prior_prop,0,8060,0.8765432098765432
reg3_m60_s6,reg3,prior_prop,0,8110,0.8765432098765432
reg3_m60_s6,reg3,prior_prop,0,8160,0.8765432098765432
reg3_m60_s6,reg3,prior_prop,0,8210,0.8765432098765432
reg3_m60_s6,reg3,prior_prop,0,8260,0.8765432098765432
reg3_m60_s6,reg3,prior_prop,0,8310,0.8765432098765432
reg3_m60_s6,reg3,prior_prop,0,8360,0.8765432098765432
reg3_m60_s6,reg3,prior_prop,0,8410,0.8765432098765432
reg3_m60_s6,reg3,prior_prop,0,8460,0.8765432098765432
reg3_m60_s6,reg3,prior_prop,0,8510,0.8765432098765432
reg3_m60_s6,reg3,prior_prop,0,8560,0.8765432098765432
reg3_m60_s6,reg3,prior_prop,0,8610,0.8765432098765432
reg3_m60_s6,reg3,prior_prop,0,8660,0.8765432098765432
reg3_m60_s6,reg3,prior_prop,0,8710,0.8765432098765432
reg3_m60_s6,reg3,prior_prop,0,8760,0.8765432098765432
reg3_m60_s6,reg3,prior_prop,0,8810,0.8765432098765432
reg3_m60_s6,reg3,prior_prop,0,8860,0.8765432098765432
reg3_m60_s6,reg3,prior_prop,0,8910,0.8765432098765432
reg3_m60_s6,reg3,prior_prop,0,8960,0.8765432098765432
reg3_m60_s6,reg3,prior_prop,0,9010,0.8765432098765432
reg3_m60_s6,reg3,prior_prop,0,9060,0.8765432098765432
reg3_m60_s6,reg3,prior_prop,0,9110,0.8765432098765432
reg3_m60_s6,reg3,prior_prop,0,9160,0.8765432098765432
reg3_m60_s6,reg3,prior_prop,0,9210,0.8765432098765432
reg3_m60_s6,reg3,prior_prop,0,9260,0.8765432098765432
reg3_m60_s6,reg3,prior_prop,0,9310,0.8765432098765432
reg3_m60_s6,reg3,prior_prop,0,9360,0.8765432098765432
reg3_m60_s6,reg3,prior_prop,0,9410,0.8765432098765432
reg3_m60_s6,reg3,prior_prop,0,9460,0.8765432098765432
reg3_m60_s6,reg3,prior_prop,0,9510,0.8765432098765432
reg3_m60_s6,reg3,prior_prop,0,9560,0.8765432098765432
reg3_m60_s6,reg3,prior_prop,0,9610,0.8765432098765432
reg3_m60_s6,reg3,prior_prop,0,9660,0.8765432098765432
reg3_m60_s6,reg3,prior_prop,0,9710,0.8765432098765432
reg3_m60_s6,reg3,prior_prop,0,9760,0.8765432098765432
reg3_m60_s6,reg3,prior_prop,0,9810,0.8765432098765432
reg3_m60_s6,reg3,prior_prop,0,9860,0.8765432098765432
reg3_m60_s6,reg3,prior_prop,0,9910,0.8765432098765432
reg3_m60_s6,reg3,prior_prop,0,9960,0.8765432098765432
reg3_m60_s6,reg3,prior_prop,0,10010,0.8765432098765432
reg3_m60_s6,reg3,prior_prop,0,10060,0.8765432098765432
reg3_m60_s6,reg3,prior_prop,0,10110,0.8765432098765432
reg3_m60_s6,reg3,prior_prop,0,10160,0.8765432098765432
reg3_m60_s6,reg3,prior_prop,0,10210,0.8765432098765432
reg3_m60_s6,reg3,prior_prop,0,10260,0.8765432098765432
reg3_m60_s6,reg3,prior_prop,0,10310,0.8765432098765432
reg3_m60_s6,reg3,prior_prop,0,10360,0.8765432098765432
reg3_m60_s6,reg3,prior_prop,0,10410,0.8765432098765432
reg3_m60_s6,reg3,prior_prop,0,10460,0.8765432098765432
reg3_m60_s6,reg3,prior_prop,0,10510,0.8765432098765432
reg3_m60_s6,reg3,prior_prop,0,10560,0.8765432098765432
reg3_m60_s6,reg3,prior_prop,0,10610,0.8765432098765432
reg3_m60_s6,reg3,prior_prop,0,10660,0.8765432098765432
reg3_m60_s6,reg3,prior_prop,0,10710,0.8765432098765432
reg3_m60_s6,reg3,prior_prop,0,10760,0.8765432098765432
reg3_m60_s6,reg3,prior_prop,0,10810,0.8765432098765432
reg3_m60_s6,reg3,prior_prop,0,10860,0.8765432098765432
reg3_m60_s6,reg3,prior_prop,0,10910,0.8765432098765432
reg3_m60_s6,reg3,prior_prop,0,10960,0.8765432098765432
reg3_m60_s6,reg3,prior_prop,0,11010,0.8765432098765432
reg3_m60_s6,reg3,prior_prop,0,11060,0.8765432098765432
reg3_m60_s6,reg3,prior_prop,0,11110,0.8765432098765432
reg3_m60_s6,reg3,prior_prop,0,11160,0.8765432098765432
reg3_m60_s6,reg3,prior_prop,0,11210,0.8765432098765432
reg3_m60_s6,reg3,prior_prop,0,11260,0.8765432098765432
reg3_m60_s6,reg3,prior_prop,0,11310,0.8765432098765432
reg3_m60_s6,reg3,prior_prop,0,11360,0.8765432098765432
reg3_m60_s6,reg3,prior_prop,0,11410,0.8765432098765432
reg3_m60_s6,reg3,prior_prop,0,11460,0.8765432098765432
reg3_m60_s6,reg3,prior_prop,0,11510,0.8765432098765432
reg3_m60_s6,reg3,prior_prop,0,11560,0.8765432098765432
reg3_m60_s6,reg3,prior_prop,0,11610,0.8765432098765432
reg3_m60_s6,reg3,prior_prop,0,11660,0.8765432098765432
reg3_m60_s6,reg3,prior_prop,0,11710,0.8765432098765432
reg3_m60_s6,reg3,prior_prop,0,11760,0.8765432098765432
reg3_m60_s6,reg3,prior_prop,0,11810,0.8765432098765432
reg3_m60_s6,reg3,prior_prop,0,11860,0.8765432098765432
reg3_m60_s6,reg3,prior_prop,0,11910,0.8765432098765432
reg3_m60_s6,reg3,prior_prop,0,11960,0.8765432098765432
reg3_m60_s6,reg3,prior_prop,0,12010,0.8765432098765432
reg3_m60_s6,reg3,prior_prop,0,12060,0.8765432098765432
reg3_m60_s6,reg3,prior_prop,0,12110,0.8765432098765432
reg3_m60_s6,reg3,prior_prop,0,12160,0.8765432098765432
reg3_m60_s6,reg3,prior_prop,0,12210,0.8765432098765432
reg3_m60_s6,reg3,prior_prop,0,12260,0.8765432098765432
reg3_m60_s6,reg3,prior_prop,0,12310,0.8765432098765432
reg3_m60_s6,reg3,prior_prop,0,12360,0.8765432098765432
reg3_m60_s6,reg3,prior_prop,0,12410,0.8765432098765432
reg3_m60_s6,reg3,prior_prop,0,12460,0.8765432098765432
reg3_m60_s6,reg3,prior_prop,0,12510,0.8765432098765432
reg3_m60_s6,reg3,prior_prop,0,12560,0.8765432098765432
reg3_m60_s6,reg3,prior_prop,0,12610,0.8765432098765432
reg3_m60_s6,reg3,prior_prop,0,12660,0.8765432098765432
reg3_m60_s6,reg3,prior_prop,0,12710,0.8765432098765432
reg3_m60_s6,reg3,prior_prop,0,12760,0.8765432098765432
reg3_m60_s6,reg3,prior_prop,0,12810,0.8765432098765432
reg3_m60_s6,reg3,prior_prop,0,12860,0.8765432098765432
reg3_m60_s6,reg3,prior_prop,0,12910,0.8765432098765432
reg3_m60_s6,reg3,prior_prop,0,12960,0.8765432098765432
reg3_m60_s6,reg3,prior_prop,0,13010,0.8765432098765432
reg3_m60_s6,reg3,prior_prop,0,13060,0.8765432098765432
reg3_m60_s6,reg3,prior_prop,0,13110,0.8765432098765432
reg3_m60_s6,reg3,prior_prop,0,13160,0.8765432098765432
reg3_m60_s6,reg3,prior_prop,0,13210,0.8765432098765432
reg3_m60_s6,reg3,prior_prop,0,13260,0.8765432098765432
reg3_m60_s6,reg3,prior_prop,0,13310,0.8765432098765432
reg3_m60_s6,reg3,prior_prop,0,13360,0.8765432098765432
reg3_m60_s6,reg3,prior_prop,0,13410,0.8765432098765432
reg3_m60_s6,reg3,prior_prop,0,13460,0.8765432098765432
reg3_m60_s6,reg3,prior_prop,0,13510,0.8765432098765432
reg3_m60_s6,reg3,prior_prop,0,13560,0.8765432098765432
reg3_m60_s6,reg3,prior_prop,0,13610,0.8765432098765432
reg3_m60_s6,reg3,prior_prop,0,13660,0.8765432098765432
reg3_m60_s6,reg3,prior_prop,0,13710,0.8765432098765432
reg3_m60_s6,reg3,prior_prop,0,13760,0.8765432098765432
reg3_m60_s6,reg3,prior_prop,0,13810,0.8765432098765432
reg3_m60_s6,reg3,prior_prop,0,13860,0.8765432098765432
reg3_m60_s6,reg3,prior_prop,0,13910,0.8765432098765432
reg3_m60_s6,reg3,prior_prop,0,13960,0.8765432098765432
reg3_m60_s6,reg3,prior_prop,0,14010,0.8765432098765432
reg3_m60_s6,reg3,prior_prop,0,14060,0.8765432098765432
reg3_m60_s6,reg3,prior_prop,0,14110,0.8765432098765432
reg3_m60_s6,reg3,prior_prop,0,14160,0.8765432098765432
reg3_m60_s6,reg3,prior_prop,0,14210,0.8765432098765432
reg3_m60_s6,reg3,prior_prop,0,14260,0.8765432098765432
reg3_m60_s6,reg3,prior_prop,0,14310,0.8765432098765432
reg3_m60_s6,reg3,prior_prop,0,14360,0.8765432098765432
reg3_m60_s6,reg3,prior_prop,0,14410,0.8765432098765432
reg3_m60_s6,reg3,prior_prop,0,14460,0.8765432098765432
reg3_m60_s6,reg3,prior_prop,0,14510,0.8765432098765432
reg3_m60_s6,reg3,prior_prop,0,14560,0.8765432098765432
reg3_m60_s6,reg3,prior_prop,0,14610,0.8765432098765432
reg3_m60_s6,reg3,prior_prop,0,14660,0.8765432098765432
reg3_m60_s6,reg3,prior_prop,0,14710,0.8765432098765432
reg3_m60_s6,reg3,prior_prop,0,14760,0.8765432098765432
reg3_m60_s6,reg3,prior_prop,0,14810,0.8765432098765432
reg3_m60_s6,reg3,prior_prop,0,14860,0.8765432098765432
reg3_m60_s6,reg3,prior_prop,0,14910,0.8765432098765432
reg3_m60_s6,reg3,prior_prop,0,14960,0.8765432098765432
reg3_m60_s6,reg3,prior_prop,0,15010,0.8765432098765432
reg3_m60_s6,reg3,prior_prop,0,15060,0.8765432098765432
reg3_m60_s6,reg3,prior_prop,0,15110,0.8765432098765432
reg3_m60_s6,reg3,prior_prop,0,15160,0.8765432098765432
reg3_m60_s6,reg3,prior_prop,0,15210,0.8765432098765432
reg3_m60_s6,reg3,prior_prop,0,15260,0.8765432098765432
reg3_m60_s6,reg3,prior_prop,0,15310,0.8765432098765432
reg3_m60_s6,reg3,prior_prop,0,15360,0.8765432098765432
reg3_m60_s6,reg3,prior_prop,0,15410,0.8765432098765432
reg3_m60_s6,reg3,prior_prop,0,15460,0.8765432098765432
reg3_m60_s6,reg3,prior_prop,0,15510,0.8765432098765432
reg3_m60_s6,reg3,prior_prop,0,15560,0.8765432098765432
reg3_m60_s6,reg3,prior_prop,0,15610,0.8765432098765432
reg3_m60_s6,reg3,prior_prop,0,15660,0.8765432098765432
reg3_m60_s6,reg3,prior_prop,0,15710,0.8765432098765432
reg3_m60_s6,reg3,prior_prop,0,15760,0.8765432098765432
reg3_m60_s6,reg3,prior_prop,0,15810,0.8765432098765432
reg3_m60_s6,reg3,prior_prop,0,15860,0.8765432098765432
reg3_m60_s6,reg3,prior_prop,0,15910,0.8765432098765432
reg3_m60_s6,reg3,prior_prop,0,15960,0.8765432098765432
reg3_m60_s6,reg3,prior_prop,0,16010,0.8765432098765432
reg3_m60_s6,reg3,prior_prop,0,16060,0.8765432098765432
reg3_m60_s6,reg3,prior_prop,0,16110,0.8765432098765432
reg3_m60_s6,reg3,prior_prop,0,16160,0.8765432098765432
reg3_m60_s6,reg3,prior_prop,0,16210,0.8765432098765432
reg3_m60_s6,reg3,prior_prop,0,16260,0.8765432098765432
reg3_m60_s6,reg3,prior_prop,0,16310,0.8765432098765432
reg3_m60_s6,reg3,prior_prop,0,16360,0.8765432098765432
reg3_m60_s6,reg3,prior_prop,0,16410,0.8765432098765432
reg3_m60_s6,reg3,prior_prop,0,16460,0.8765432098765432
reg3_m60_s6,reg3,prior_prop,0,16510,0.8765432098765432
reg3_m60_s6,reg3,prior_prop,0,16560,0.8765432098765432
reg3_m60_s6,reg3,prior_prop,0,16610,0.8765432098765432
reg3_m60_s6,reg3,prior_prop,0,16660,0.8765432098765432
reg3_m60_s6,reg3,prior_prop,0,16710,0.8765432098765432
reg3_m60_s6,reg3,prior_prop,0,16760,0.8765432098765432
reg3_m60_s6,reg3,prior_prop,0,16810,0.8765432098765432
reg3_m60_s6,reg3,prior_prop,0,16860,0.8765432098765432
reg3_m60_s6,reg3,prior_prop,0,16910,0.8765432098765432
reg3_m60_s6,reg3,prior_prop,0,16960,0.8765432098765432
reg3_m60_s6,reg3,prior_prop,0,17010,0.8765432098765432
reg3_m60_s6,reg3,prior_prop,0,17060,0.8765432098765432
reg3_m60_s6,reg3,prior_prop,0,17110,0.8765432098765432
reg3_m60_s6,reg3,prior_prop,0,17160,0.8765432098765432
reg3_m60_s6,reg3,prior_prop,0,17210,0.8765432098765432
reg3_m60_s6,reg3,prior_prop,0,17260,0.8765432098765432
reg3_m60_s6,reg3,prior_prop,0,17310,0.8765432098765432
reg3_m60_s6,reg3,prior_prop,0,17360,0.8765432098765432
reg3_m60_s6,reg3,prior_prop,0,17410,0.8765432098765432
reg3_m60_s6,reg3,prior_prop,0,17460,0.8765432098765432
reg3_m60_s6,reg3,prior_prop,0,17510,0.8765432098765432
reg3_m60_s6,reg3,prior_prop,0,17560,0.8765432098765432
reg3_m60_s6,reg3,prior_prop,0,17610,0.8765432098765432
reg3_m60_s6,reg3,prior_prop,0,17660,0.8765432098765432
reg3_m60_s6,reg3,prior_prop,0,17710,0.8765432098765432
reg3_m60_s6,reg3,prior_prop,0,17760,0.8765432098765432
reg3_m60_s6,reg3,prior_prop,0,17810,0.8765432098765432
reg3_m60_s6,reg3,prior_prop,0,17860,0.8765432098765432
reg3_m60_s6,reg3,prior_prop,0,17910,0.8765432098765432
reg3_m60_s6,reg3,prior_prop,0,17960,0.8765432098765432
reg3_m60_s6,reg3,prior_prop,0,18010,0.8765432098765432
reg3_m60_s6,reg3,prior_prop,0,18060,0.8765432098765432
reg3_m60_s6,reg3,prior_prop,0,18110,0.8765432098765432
reg3_m60_s6,reg3,prior_prop,0,18160,0.8765432098765432
reg3_m60_s6,reg3,prior_prop,0,18210,0.8765432098765432
reg3_m60_s6,reg3,prior_prop,0,18260,0.8765432098765432
reg3_m60_s6,reg3,prior_prop,0,18310,0.8765432098765432
reg3_m60_s6,reg3,prior_prop,0,18360,0.8765432098765432
reg3_m60_s6,reg3,prior_prop,0,18410,0.8765432098765432
reg3_m60_s6,reg3,prior_prop,0,18460,0.8765432098765432
reg3_m60_s6,reg3,prior_prop,0,18510,0.8765432098765432
reg3_m60_s6,reg3,prior_prop,0,18560,0.8765432098765432
reg3_m60_s6,reg3,prior_prop,0,18610,0.8765432098765432
reg3_m60_s6,reg3,prior_prop,0,18660,0.8765432098765432
reg3_m60_s6,reg3,prior_prop,0,18710,0.8765432098765432
reg3_m60_s6,reg3,prior_prop,0,18760,0.8765432098765432
reg3_m60_s6,reg3,prior_prop,0,18810,0.8765432098765432
reg3_m60_s6,reg3,prior_prop,0,18860,0.8765432098765432
reg3_m60_s6,reg3,prior_prop,0,18910,0.8765432098765432
reg3_m60_s6,reg3,prior_prop,0,18960,0.8765432098765432
reg3_m60_s6,reg3,prior_prop,0,19010,0.8765432098765432
reg3_m60_s6,reg3,prior_prop,0,19060,0.8765432098765432
reg3_m60_s6,reg3,prior_prop,0,19110,0.8765432098765432
reg3_m60_s6,reg3,prior_prop,0,19160,0.8765432098765432
reg3_m60_s6,reg3,prior_prop,0,19210,0.8765432098765432
reg3_m60_s6,reg3,prior_prop,0,19260,0.8765432098765432
reg3_m60_s6,reg3,prior_prop,0,19310,0.8765432098765432
reg3_m60_s6,reg3,prior_prop,0,19360,0.8765432098765432
reg3_m60_s6,reg3,prior_prop,0,19410,0.8765432098765432
reg3_m60_s6,reg3,prior_prop,0,19460,0.8765432098765432
reg3_m60_s6,reg3,prior_prop,0,19510,0.8765432098765432
reg3_m60_s6,reg3,prior_prop,0,19560,0.8765432098765432
reg3_m60_s6,reg3,prior_prop,0,19610,0.8765432098765432
reg3_m60_s6,reg3,prior_prop,0,19660,0.8765432098765432
reg3_m60_s6,reg3,prior_prop,0,19710,0.8765432098765432
reg3_m60_s6,reg3,prior_prop,0,19760,0.8765432098765432
reg3_m60_s6,reg3,prior_prop,0,19810,0.8765432098765432
reg3_m60_s6,reg3,prior_prop,0,19860,0.8765432098765432
reg3_m60_s6,reg3,prior_prop,0,19910,0.8765432098765432
reg3_m60_s6,reg3,prior_prop,0,19960,0.8765432098765432
reg3_m60_s6,reg3,prior_prop,0,20010,0.8765432098765432
reg3_m60_s6,reg3,db_rescore,0,10,0.8148148148148148
reg3_m60_s6,reg3,db_rescore,0,60,0.8148148148148148
reg3_m60_s6,reg3,db_rescore,0,110,0.8148148148148148
reg3_m60_s6,reg3,db_rescore,0,160,0.8148148148148148
reg3_m60_s6,reg3,db_rescore,0,210,0.8148148148148148
reg3_m60_s6,reg3,db_rescore,0,260,0.8148148148148148
reg3_m60_s6,reg3,db_rescore,0,310,0.8148148148148148
reg3_m60_s6,reg3,db_rescore,0,360,0.8518518518518519
reg3_m60_s6,reg3,db_rescore,0,410,0.8518518518518519
reg3_m60_s6,reg3,db_rescore,0,460,0.8518518518518519
reg3_m60_s6,reg3,db_rescore,0,510,0.8518518518518519
reg3_m60_s6,reg3,db_rescore,0,560,0.8518518518518519
reg3_m60_s6,reg3,db_rescore,0,610,0.8518518518518519
reg3_m60_s6,reg3,db_rescore,0,660,0.8518518518518519
reg3_m60_s6,reg3,db_rescore,0,710,0.8518518518518519
reg3_m60_s6,reg3,db_rescore,0,760,0.8518518518518519
reg3_m60_s6,reg3,db_rescore,0,810,0.8518518518518519
reg3_m60_s6,reg3,db_rescore,0,860,0.8518518518518519
reg3_m60_s6,reg3,db_rescore,0,910,0.8518518518518519
reg3_m60_s6,reg3,db_rescore,0,960,0.8518518518518519
reg3_m60_s6,reg3,db_rescore,0,1010,0.8518518518518519
reg3_m60_s6,reg3,db_rescore,0,1060,0.8518518518518519
reg3_m60_s6,reg3,db_rescore,0,1110,0.8518518518518519
reg3_m60_s6,reg3,db_rescore,0,1160,0.8518518518518519
reg3_m60_s6,reg3,db_rescore,0,1210,0.8641975308641975
reg3_m60_s6,reg3,db_rescore,0,1260,0.8641975308641975
reg3_m60_s6,reg3,db_rescore,0,1310,0.8641975308641975
reg3_m60_s6,reg3,db_rescore,0,1360,0.8641975308641975
reg3_m60_s6,reg3,db_rescore,0,1410,0.8641975308641975
reg3_m60_s6,reg3,db_rescore,0,1460,0.8641975308641975
reg3_m60_s6,reg3,db_rescore,0,1510,0.8641975308641975
reg3_m60_s6,reg3,db_rescore,0,1560,0.8641975308641975
reg3_m60_s6,reg3,db_rescore,0,1610,0.8641975308641975
reg3_m60_s6,reg3,db_rescore,0,1660,0.8641975308641975
reg3_m60_s6,reg3,db_rescore,0,1710,0.8641975308641975
reg3_m60_s6,reg3,db_rescore,0,1760,0.8641975308641975
reg3_m60_s6,reg3,db_rescore,0,1810,0.8641975308641975
reg3_m60_s6,reg3,db_rescore,0,1860,0.8641975308641975
reg3_m60_s6,reg3,db_rescore,0,1910,0.8641975308641975
reg3_m60_s6,reg3,db_rescore,0,1960,0.8641975308641975
reg3_m60_s6,reg3,db_rescore,0,2010,0.8641975308641975
reg3_m60_s6,reg3,db_rescore,0,2060,0.8641975308641975
reg3_m60_s6,reg3,db_rescore,0,2110,0.8641975308641975
reg3_m60_s6,reg3,db_rescore,0,2160,0.8641975308641975
reg3_m60_s6,reg3,db_rescore,0,2210,0.8641975308641975
reg3_m60_s6,reg3,db_rescore,0,2260,0.8641975308641975
reg3_m60_s6,reg3,db_rescore,0,2310,0.8641975308641975
reg3_m60_s6,reg3,db_rescore,0,2360,0.8641975308641975
reg3_m60_s6,reg3,db_rescore,0,2410,0.8641975308641975
reg3_m60_s6,reg3,db_rescore,0,2460,0.8641975308641975
reg3_m60_s6,reg3,db_rescore,0,2510,0.8641975308641975
reg3_m60_s6,reg3,db_rescore,0,2560,0.8641975308641975
reg3_m60_s6,reg3,db_rescore,0,2610,0.8641975308641975
reg3_m60_s6,reg3,db_rescore,0,2660,0.8641975308641975
reg3_m60_s6,reg3,db_rescore,0,2710,0.8641975308641975
reg3_m60_s6,reg3,db_rescore,0,2760,0.8641975308641975
reg3_m60_s6,reg3,db_rescore,0,2810,0.8641975308641975
reg3_m60_s6,reg3,db_rescore,0,2860,0.8641975308641975
reg3_m60_s6,reg3,db_rescore,0,2910,0.8641975308641975
reg3_m60_s6,reg3,db_rescore,0,2960,0.8641975308641975
reg3_m60_s6,reg3,db_rescore,0,3010,0.8641975308641975
reg3_m60_s6,reg3,db_rescore,0,3060,0.8641975308641975
reg3_m60_s6,reg3,db_rescore,0,3110,0.8641975308641975
reg3_m60_s6,reg3,db_rescore,0,3160,0.8641975308641975
reg3_m60_s6,reg3,db_rescore,0,3210,0.8641975308641975
reg3_m60_s6,reg3,db_rescore,0,3260,0.8641975308641975
reg3_m60_s6,reg3,db_rescore,0,3310,0.8641975308641975
reg3_m60_s6,reg3,db_rescore,0,3360,0.8641975308641975
reg3_m60_s6,reg3,db_rescore,0,3410,0.8641975308641975
reg3_m60_s6,reg3,db_rescore,0,3460,0.8641975308641975
reg3_m60_s6,reg3,db_rescore,0,3510,0.8641975308641975
reg3_m60_s6,reg3,db_rescore,0,3560,0.8641975308641975
reg3_m60_s6,reg3,db_rescore,0,3610,0.8641975308641975
reg3_m60_s6,reg3,db_rescore,0,3660,0.8641975308641975
reg3_m60_s6,reg3,db_rescore,0,3710,0.8641975308641975
reg3_m60_s6,reg3,db_rescore,0,3760,0.8641975308641975
reg3_m60_s6,reg3,db_rescore,0,3810,0.8641975308641975
reg3_m60_s6,reg3,db_rescore,0,3860,0.8641975308641975
reg3_m60_s6,reg3,db_rescore,0,3910,0.8641975308641975
reg3_m60_s6,reg3,db_rescore,0,3960,0.8641975308641975
reg3_m60_s6,reg3,db_rescore,0,4010,0.8641975308641975
reg3_m60_s6,reg3,db_rescore,0,4060,0.8641975308641975
reg3_m60_s6,reg3,db_rescore,0,4110,0.8641975308641975
reg3_m60_s6,reg3,db_rescore,0,4160,0.8641975308641975
reg3_m60_s6,reg3,db_rescore,0,4210,0.8641975308641975
reg3_m60_s6,reg3,db_rescore,0,4260,0.8641975308641975
reg3_m60_s6,reg3,db_rescore,0,4310,0.8641975308641975
reg3_m60_s6,reg3,db_rescore,0,4360,0.8641975308641975
reg3_m60_s6,reg3,db_rescore,0,4410,0.8641975308641975
reg3_m60_s6,reg3,db_rescore,0,4460,0.8641975308641975
reg3_m60_s6,reg3,db_rescore,0,4510,0.8641975308641975
reg3_m60_s6,reg3,db_rescore,0,4560,0.8641975308641975
reg3_m60_s6,reg3,db_rescore,0,4610,0.8641975308641975
reg3_m60_s6,reg3,db_rescore,0,4660,0.8641975308641975
reg3_m60_s6,reg3,db_rescore,0,4710,0.8641975308641975
reg3_m60_s6,reg3,db_rescore,0,4760,0.8641975308641975
reg3_m60_s6,reg3,db_rescore,0,4810,0.8641975308641975
reg3_m60_s6,reg3,db_rescore,0,4860,0.8641975308641975
reg3_m60_s6,reg3,db_rescore,0,4910,0.8641975308641975
reg3_m60_s6,reg3,db_rescore,0,4960,0.8641975308641975
reg3_m60_s6,reg3,db_rescore,0,5010,0.8641975308641975
reg3_m60_s6,reg3,db_rescore,0,5060,0.8641975308641975
reg3_m60_s6,reg3,db_rescore,0,5110,0.8641975308641975
reg3_m60_s6,reg3,db_rescore,0,5160,0.8641975308641975
reg3_m60_s6,reg3,db_rescore,0,5210,0.8641975308641975
reg3_m60_s6,reg3,db_rescore,0,5260,0.8641975308641975
reg3_m60_s6,reg3,db_rescore,0,5310,0.8641975308641975
reg3_m60_s6,reg3,db_rescore,0,5360,0.8641975308641975
reg3_m60_s6,reg3,db_rescore,0,5410,0.8641975308641975
reg3_m60_s6,reg3,db_rescore,0,5460,0.8641975308641975
reg3_m60_s6,reg3,db_rescore,0,5510,0.8641975308641975
reg3_m60_s6,reg3,db_rescore,0,5560,0.8641975308641975
reg3_m60_s6,reg3,db_rescore,0,5610,0.8641975308641975
reg3_m60_s6,reg3,db_rescore,0,5660,0.8641975308641975
reg3_m60_s6,reg3,db_rescore,0,5710,0.8641975308641975
reg3_m60_s6,reg3,db_rescore,0,5760,0.8641975308641975
reg3_m60_s6,reg3,db_rescore,0,5810,0.8641975308641975
reg3_m60_s6,reg3,db_rescore,0,5860,0.8641975308641975
reg3_m60_s6,reg3,db_rescore,0,5910,0.8641975308641975
reg3_m60_s6,reg3,db_rescore,0,5960,0.8641975308641975
reg3_m60_s6,reg3,db_rescore,0,6010,0.8641975308641975
reg3_m60_s6,reg3,db_rescore,0,6060,0.8641975308641975
reg3_m60_s6,reg3,db_rescore,0,6110,0.8641975308641975
reg3_m60_s6,reg3,db_rescore,0,6160,0.8641975308641975
reg3_m60_s6,reg3,db_rescore,0,6210,0.8641975308641975
reg3_m60_s6,reg3,db_rescore,0,6260,0.8641975308641975
reg3_m60_s6,reg3,db_rescore,0,6310,0.8641975308641975
reg3_m60_s6,reg3,db_rescore,0,6360,0.8641975308641975
reg3_m60_s6,reg3,db_rescore,0,6410,0.8641975308641975
reg3_m60_s6,reg3,db_rescore,0,6460,0.8641975308641975
reg3_m60_s6,reg3,db_rescore,0,6510,0.8641975308641975
reg3_m60_s6,reg3,db_rescore,0,6560,0.8641975308641975
reg3_m60_s6,reg3,db_rescore,0,6610,0.8641975308641975
reg3_m60_s6,reg3,db_rescore,0,6660,0.8641975308641975
reg3_m60_s6,reg3,db_rescore,0,6710,0.8641975308641975
reg3_m60_s6,reg3,db_rescore,0,6760,0.8641975308641975
reg3_m60_s6,reg3,db_rescore,0,6810,0.8641975308641975
reg3_m60_s6,reg3,db_rescore,0,6860,0.8641975308641975
reg3_m60_s6,reg3,db_rescore,0,6910,0.8641975308641975
reg3_m60_s6,reg3,db_rescore,0,6960,0.8641975308641975
reg3_m60_s6,reg3,db_rescore,0,7010,0.8641975308641975
reg3_m60_s6,reg3,db_rescore,0,7060,0.8641975308641975
reg3_m60_s6,reg3,db_rescore,0,7110,0.8641975308641975
reg3_m60_s6,reg3,db_rescore,0,7160,0.8641975308641975
reg3_m60_s6,reg3,db_rescore,0,7210,0.8641975308641975
reg3_m60_s6,reg3,db_rescore,0,7260,0.8641975308641975
reg3_m60_s6,reg3,db_rescore,0,7310,0.8641975308641975
reg3_m60_s6,reg3,db_rescore,0,7360,0.8641975308641975
reg3_m60_s6,reg3,db_rescore,0,7410,0.8641975308641975
reg3_m60_s6,reg3,db_rescore,0,7460,0.8641975308641975
reg3_m60_s6,reg3,db_rescore,0,7510,0.8641975308641975
reg3_m60_s6,reg3,db_rescore,0,7560,0.8641975308641975
reg3_m60_s6,reg3,db_rescore,0,7610,0.8641975308641975
reg3_m60_s6,reg3,db_rescore,0,7660,0.8641975308641975
reg3_m60_s6,reg3,db_rescore,0,7710,0.8641975308641975
reg3_m60_s6,reg3,db_rescore,0,7760,0.8641975308641975
reg3_m60_s6,reg3,db_rescore,0,7810,0.8641975308641975
reg3_m60_s6,reg3,db_rescore,0,7860,0.8641975308641975
reg3_m60_s6,reg3,db_rescore,0,7910,0.8641975308641975
reg3_m60_s6,reg3,db_rescore,0,7960,0.8641975308641975
reg3_m60_s6,reg3,db_rescore,0,8010,0.8641975308641975
reg3_m60_s6,reg3,db_rescore,0,8060,0.8641975308641975
reg3_m60_s6,reg3,db_rescore,0,8110,0.8641975308641975
reg3_m60_s6,reg3,db_rescore,0,8160,0.8641975308641975
reg3_m60_s6,reg3,db_rescore,0,8210,0.8641975308641975
reg3_m60_s6,reg3,db_rescore,0,8260,0.8641975308641975
reg3_m60_s6,reg3,db_rescore,0,8310,0.8641975308641975
reg3_m60_s6,reg3,db_rescore,0,8360,0.8641975308641975
reg3_m60_s6,reg3,db_rescore,0,8410,0.8641975308641975
reg3_m60_s6,reg3,db_rescore,0,8460,0.8641975308641975
reg3_m60_s6,reg3,db_rescore,0,8510,0.8641975308641975
reg3_m60_s6,reg3,db_rescore,0,8560,0.8641975308641975
reg3_m60_s6,reg3,db_rescore,0,8610,0.8641975308641975
reg3_m60_s6,reg3,db_rescore,0,8660,0.8641975308641975
reg3_m60_s6,reg3,db_rescore,0,8710,0.8641975308641975
reg3_m60_s6,reg3,db_rescore,0,8760,0.8641975308641975
reg3_m60_s6,reg3,db_rescore,0,8810,0.8641975308641975
reg3_m60_s6,reg3,db_rescore,0,8860,0.8641975308641975
reg3_m60_s6,reg3,db_rescore,0,8910,0.8641975308641975
reg3_m60_s6,reg3,db_rescore,0,8960,0.8641975308641975
reg3_m60_s6,reg3,db_rescore,0,9010,0.8641975308641975
reg3_m60_s6,reg3,db_rescore,0,9060,0.8641975308641975
reg3_m60_s6,reg3,db_rescore,0,9110,0.8641975308641975
reg3_m60_s6,reg3,db_rescore,0,9160,0.8641975308641975
reg3_m60_s6,reg3,db_rescore,0,9210,0.8641975308641975
reg3_m60_s6,reg3,db_rescore,0,9260,0.8641975308641975
reg3_m60_s6,reg3,db_rescore,0,9310,0.8641975308641975
reg3_m60_s6,reg3,db_rescore,0,9360,0.8641975308641975
reg3_m60_s6,reg3,db_rescore,0,9410,0.8641975308641975
reg3_m60_s6,reg3,db_rescore,0,9460,0.8641975308641975
reg3_m60_s6,reg3,db_rescore,0,9510,0.8641975308641975
reg3_m60_s6,reg3,db_rescore,0,9560,0.8641975308641975
reg3_m60_s6,reg3,db_rescore,0,9610,0.8641975308641975
reg3_m60_s6,reg3,db_rescore,0,9660,0.8641975308641975
reg3_m60_s6,reg3,db_rescore,0,9710,0.8641975308641975
reg3_m60_s6,reg3,db_rescore,0,9760,0.8641975308641975
reg3_m60_s6,reg3,db_rescore,0,9810,0.8641975308641975
reg3_m60_s6,reg3,db_rescore,0,9860,0.8641975308641975
reg3_m60_s6,reg3,db_rescore,0,9910,0.8641975308641975
reg3_m60_s6,reg3,db_rescore,0,9960,0.8641975308641975
reg3_m60_s6,reg3,db_rescore,0,10010,0.8641975308641975
reg3_m60_s6,reg3,db_rescore,0,10060,0.8641975308641975
reg3_m60_s6,reg3,db_rescore,0,10110,0.8641975308641975
reg3_m60_s6,reg3,db_rescore,0,10160,0.8641975308641975
reg3_m60_s6,reg3,db_rescore,0,10210,0.8641975308641975
reg3_m60_s6,reg3,db_rescore,0,10260,0.8641975308641975
reg3_m60_s6,reg3,db_rescore,0,10310,0.8641975308641975
reg3_m60_s6,reg3,db_rescore,0,10360,0.8641975308641975
reg3_m60_s6,reg3,db_rescore,0,10410,0.8641975308641975
reg3_m60_s6,reg3,db_rescore,0,10460,0.8641975308641975
reg3_m60_s6,reg3,db_rescore,0,10510,0.8641975308641975
reg3_m60_s6,reg3,db_rescore,0,10560,0.8641975308641975
reg3_m60_s6,reg3,db_rescore,0,10610,0.8641975308641975
reg3_m60_s6,reg3,db_rescore,0,10660,0.8641975308641975
reg3_m60_s6,reg3,db_rescore,0,10710,0.8641975308641975
reg3_m60_s6,reg3,db_rescore,0,10760,0.8641975308641975
reg3_m60_s6,reg3,db_rescore,0,10810,0.8641975308641975
reg3_m60_s6,reg3,db_rescore,0,10860,0.8641975308641975
reg3_m60_s6,reg3,db_rescore,0,10910,0.8641975308641975
reg3_m60_s6,reg3,db_rescore,0,10960,0.8641975308641975
reg3_m60_s6,reg3,db_rescore,0,11010,0.8641975308641975
reg3_m60_s6,reg3,db_rescore,0,11060,0.8641975308641975
reg3_m60_s6,reg3,db_rescore,0,11110,0.8641975308641975
reg3_m60_s6,reg3,db_rescore,0,11160,0.8641975308641975
reg3_m60_s6,reg3,db_rescore,0,11210,0.8641975308641975
reg3_m60_s6,reg3,db_rescore,0,11260,0.8641975308641975
reg3_m60_s6,reg3,db_rescore,0,11310,0.8641975308641975
reg3_m60_s6,reg3,db_rescore,0,11360,0.8641975308641975
reg3_m60_s6,reg3,db_rescore,0,11410,0.8641975308641975
reg3_m60_s6,reg3,db_rescore,0,11460,0.8641975308641975
reg3_m60_s6,reg3,db_rescore,0,11510,0.8641975308641975
reg3_m60_s6,reg3,db_rescore,0,11560,0.8641975308641975
reg3_m60_s6,reg3,db_rescore,0,11610,0.8641975308641975
reg3_m60_s6,reg3,db_rescore,0,11660,0.8641975308641975
reg3_m60_s6,reg3,db_rescore,0,11710,0.8641975308641975
reg3_m60_s6,reg3,db_rescore,0,11760,0.8641975308641975
reg3_m60_s6,reg3,db_rescore,0,11810,0.8641975308641975
reg3_m60_s6,reg3,db_rescore,0,11860,0.8641975308641975
reg3_m60_s6,reg3,db_rescore,0,11910,0.8641975308641975
reg3_m60_s6,reg3,db_rescore,0,11960,0.8641975308641975
reg3_m60_s6,reg3,db_rescore,0,12010,0.8641975308641975
reg3_m60_s6,reg3,db_rescore,0,12060,0.8641975308641975
reg3_m60_s6,reg3,db_rescore,0,12110,0.8641975308641975
reg3_m60_s6,reg3,db_rescore,0,12160,0.8641975308641975
reg3_m60_s6,reg3,db_rescore,0,12210,0.8641975308641975
reg3_m60_s6,reg3,db_rescore,0,12260,0.8641975308641975
reg3_m60_s6,reg3,db_rescore,0,12310,0.8641975308641975
reg3_m60_s6,reg3,db_rescore,0,12360,0.8641975308641975
reg3_m60_s6,reg3,db_rescore,0,12410,0.8641975308641975
reg3_m60_s6,reg3,db_rescore,0,12460,0.8641975308641975
reg3_m60_s6,reg3,db_rescore,0,12510,0.8641975308641975
reg3_m60_s6,reg3,db_rescore,0,12560,0.8641975308641975
reg3_m60_s6,reg3,db_rescore,0,12610,0.8641975308641975
reg3_m60_s6,reg3,db_rescore,0,12660,0.8641975308641975
reg3_m60_s6,reg3,db_rescore,0,12710,0.8641975308641975
reg3_m60_s6,reg3,db_rescore,0,12760,0.8641975308641975
reg3_m60_s6,reg3,db_rescore,0,12810,0.8641975308641975
reg3_m60_s6,reg3,db_rescore,0,12860,0.8641975308641975
reg3_m60_s6,reg3,db_rescore,0,12910,0.8641975308641975
reg3_m60_s6,reg3,db_rescore,0,12960,0.8641975308641975
reg3_m60_s6,reg3,db_rescore,0,13010,0.8641975308641975
reg3_m60_s6,reg3,db_rescore,0,13060,0.8641975308641975
reg3_m60_s6,reg3,db_rescore,0,13110,0.8641975308641975
reg3_m60_s6,reg3,db_rescore,0,13160,0.8641975308641975
reg3_m60_s6,reg3,db_rescore,0,13210,0.8641975308641975
reg3_m60_s6,reg3,db_rescore,0,13260,0.8641975308641975
reg3_m60_s6,reg3,db_rescore,0,13310,0.8641975308641975
reg3_m60_s6,reg3,db_rescore,0,13360,0.8641975308641975
reg3_m60_s6,reg3,db_rescore,0,13410,0.8641975308641975
reg3_m60_s6,reg3,db_rescore,0,13460,0.8641975308641975
reg3_m60_s6,reg3,db_rescore,0,13510,0.8641975308641975
reg3_m60_s6,reg3,db_rescore,0,13560,0.8641975308641975
reg3_m60_s6,reg3,db_rescore,0,13610,0.8641975308641975
reg3_m60_s6,reg3,db_rescore,0,13660,0.8641975308641975
reg3_m60_s6,reg3,db_rescore,0,13710,0.8641975308641975
reg3_m60_s6,reg3,db_rescore,0,13760,0.8641975308641975
reg3_m60_s6,reg3,db_rescore,0,13810,0.8641975308641975
reg3_m60_s6,reg3,db_rescore,0,13860,0.8641975308641975
reg3_m60_s6,reg3,db_rescore,0,13910,0.8641975308641975
reg3_m60_s6,reg3,db_rescore,0,13960,0.8641975308641975
reg3_m60_s6,reg3,db_rescore,0,14010,0.8641975308641975
reg3_m60_s6,reg3,db_rescore,0,14060,0.8641975308641975
reg3_m60_s6,reg3,db_rescore,0,14110,0.8641975308641975
reg3_m60_s6,reg3,db_rescore,0,14160,0.8641975308641975
reg3_m60_s6,reg3,db_rescore,0,14210,0.8641975308641975
reg3_m60_s6,reg3,db_rescore,0,14260,0.8641975308641975
reg3_m60_s6,reg3,db_rescore,0,14310,0.8641975308641975
reg3_m60_s6,reg3,db_rescore,0,14360,0.8641975308641975
reg3_m60_s6,reg3,db_rescore,0,14410,0.8641975308641975
reg3_m60_s6,reg3,db_rescore,0,14460,0.8641975308641975
reg3_m60_s6,reg3,db_rescore,0,14510,0.8641975308641975
reg3_m60_s6,reg3,db_rescore,0,14560,0.8641975308641975
reg3_m60_s6,reg3,db_rescore,0,14610,0.8641975308641975
reg3_m60_s6,reg3,db_rescore,0,14660,0.8641975308641975
reg3_m60_s6,reg3,db_rescore,0,14710,0.8641975308641975
reg3_m60_s6,reg3,db_rescore,0,14760,0.8641975308641975
reg3_m60_s6,reg3,db_rescore,0,14810,0.8641975308641975
reg3_m60_s6,reg3,db_rescore,0,14860,0.8641975308641975
reg3_m60_s6,reg3,db_rescore,0,14910,0.8641975308641975
reg3_m60_s6,reg3,db_rescore,0,14960,0.8641975308641975
reg3_m60_s6,reg3,db_rescore,0,15010,0.8641975308641975
reg3_m60_s6,reg3,db_rescore,0,15060,0.8641975308641975
reg3_m60_s6,reg3,db_rescore,0,15110,0.8641975308641975
reg3_m60_s6,reg3,db_rescore,0,15160,0.8641975308641975
reg3_m60_s6,reg3,db_rescore,0,15210,0.8641975308641975
reg3_m60_s6,reg3,db_rescore,0,15260,0.8641975308641975
reg3_m60_s6,reg3,db_rescore,0,15310,0.8641975308641975
reg3_m60_s6,reg3,db_rescore,0,15360,0.8641975308641975
reg3_m60_s6,reg3,db_rescore,0,15410,0.8641975308641975
reg3_m60_s6,reg3,db_rescore,0,15460,0.8641975308641975
reg3_m60_s6,reg3,db_rescore,0,15510,0.8641975308641975
reg3_m60_s6,reg3,db_rescore,0,15560,0.8641975308641975
reg3_m60_s6,reg3,db_rescore,0,15610,0.8641975308641975
reg3_m60_s6,reg3,db_rescore,0,15660,0.8641975308641975
reg3_m60_s6,reg3,db_rescore,0,15710,0.8641975308641975
reg3_m60_s6,reg3,db_rescore,0,15760,0.8641975308641975
reg3_m60_s6,reg3,db_rescore,0,15810,0.8641975308641975
reg3_m60_s6,reg3,db_rescore,0,15860,0.8641975308641975
reg3_m60_s6,reg3,db_rescore,0,15910,0.8641975308641975
reg3_m60_s6,reg3,db_rescore,0,15960,0.8641975308641975
reg3_m60_s6,reg3,db_rescore,0,16010,0.8641975308641975
reg3_m60_s6,reg3,db_rescore,0,16060,0.8641975308641975
reg3_m60_s6,reg3,db_rescore,0,16110,0.8641975308641975
reg3_m60_s6,reg3,db_rescore,0,16160,0.8641975308641975
reg3_m60_s6,reg3,db_rescore,0,16210,0.8641975308641975
reg3_m60_s6,reg3,db_rescore,0,16260,0.8641975308641975
reg3_m60_s6,reg3,db_rescore,0,16310,0.8641975308641975
reg3_m60_s6,reg3,db_rescore,0,16360,0.8641975308641975
reg3_m60_s6,reg3,db_rescore,0,16410,0.8641975308641975
reg3_m60_s6,reg3,db_rescore,0,16460,0.8641975308641975
reg3_m60_s6,reg3,db_rescore,0,16510,0.8641975308641975
reg3_m60_s6,reg3,db_rescore,0,16560,0.8641975308641975
reg3_m60_s6,reg3,db_rescore,0,16610,0.8641975308641975
reg3_m60_s6,reg3,db_rescore,0,16660,0.8641975308641975
reg3_m60_s6,reg3,db_rescore,0,16710,0.8641975308641975
reg3_m60_s6,reg3,db_rescore,0,16760,0.8641975308641975
reg3_m60_s6,reg3,db_rescore,0,16810,0.8641975308641975
reg3_m60_s6,reg3,db_rescore,0,16860,0.8641975308641975
reg3_m60_s6,reg3,db_rescore,0,16910,0.8641975308641975
reg3_m60_s6,reg3,db_rescore,0,16960,0.8641975308641975
reg3_m60_s6,reg3,db_rescore,0,17010,0.8641975308641975
reg3_m60_s6,reg3,db_rescore,0,17060,0.8641975308641975
reg3_m60_s6,reg3,db_rescore,0,17110,0.8641975308641975
reg3_m60_s6,reg3,db_rescore,0,17160,0.8641975308641975
reg3_m60_s6,reg3,db_rescore,0,17210,0.8641975308641975
reg3_m60_s6,reg3,db_rescore,0,17260,0.8641975308641975
reg3_m60_s6,reg3,db_rescore,0,17310,0.8641975308641975
reg3_m60_s6,reg3,db_rescore,0,17360,0.8641975308641975
reg3_m60_s6,reg3,db_rescore,0,17410,0.8641975308641975
reg3_m60_s6,reg3,db_rescore,0,17460,0.8641975308641975
reg3_m60_s6,reg3,db_rescore,0,17510,0.8641975308641975
reg3_m60_s6,reg3,db_rescore,0,17560,0.8641975308641975
reg3_m60_s6,reg3,db_rescore,0,17610,0.8641975308641975
reg3_m60_s6,reg3,db_rescore,0,17660,0.8641975308641975
reg3_m60_s6,reg3,db_rescore,0,17710,0.8641975308641975
reg3_m60_s6,reg3,db_rescore,0,17760,0.8641975308641975
reg3_m60_s6,reg3,db_rescore,0,17810,0.8641975308641975
reg3_m60_s6,reg3,db_rescore,0,17860,0.8641975308641975
reg3_m60_s6,reg3,db_rescore,0,17910,0.8641975308641975
reg3_m60_s6,reg3,db_rescore,0,17960,0.8641975308641975
reg3_m60_s6,reg3,db_rescore,0,18010,0.8641975308641975
reg3_m60_s6,reg3,db_rescore,0,18060,0.8641975308641975
reg3_m60_s6,reg3,db_rescore,0,18110,0.8641975308641975
reg3_m60_s6,reg3,db_rescore,0,18160,0.8641975308641975
reg3_m60_s6,reg3,db_rescore,0,18210,0.8641975308641975
reg3_m60_s6,reg3,db_rescore,0,18260,0.8641975308641975
reg3_m60_s6,reg3,db_rescore,0,18310,0.8641975308641975
reg3_m60_s6,reg3,db_rescore,0,18360,0.8641975308641975
reg3_m60_s6,reg3,db_rescore,0,18410,0.8641975308641975
reg3_m60_s6,reg3,db_rescore,0,18460,0.8641975308641975
reg3_m60_s6,reg3,db_rescore,0,18510,0.8641975308641975
reg3_m60_s6,reg3,db_rescore,0,18560,0.8641975308641975
reg3_m60_s6,reg3,db_rescore,0,18610,0.8641975308641975
reg3_m60_s6,reg3,db_rescore,0,18660,0.8641975308641975
reg3_m60_s6,reg3,db_rescore,0,18710,0.8641975308641975
reg3_m60_s6,reg3,db_rescore,0,18760,0.8641975308641975
reg3_m60_s6,reg3,db_rescore,0,18810,0.8641975308641975
reg3_m60_s6,reg3,db_rescore,0,18860,0.8641975308641975
reg3_m60_s6,reg3,db_rescore,0,18910,0.8641975308641975
reg3_m60_s6,reg3,db_rescore,0,18960,0.8641975308641975
reg3_m60_s6,reg3,db_rescore,0,19010,0.8641975308641975
reg3_m60_s6,reg3,db_rescore,0,19060,0.8641975308641975
reg3_m60_s6,reg3,db_rescore,0,19110,0.8641975308641975
reg3_m60_s6,reg3,db_rescore,0,19160,0.8641975308641975
reg3_m60_s6,reg3,db_rescore,0,19210,0.8641975308641975
reg3_m60_s6,reg3,db_rescore,0,19260,0.8641975308641975
reg3_m60_s6,reg3,db_rescore,0,19310,0.8641975308641975
reg3_m60_s6,reg3,db_rescore,0,19360,0.8641975308641975
reg3_m60_s6,reg3,db_rescore,0,19410,0.8641975308641975
reg3_m60_s6,reg3,db_rescore,0,19460,0.8641975308641975
reg3_m60_s6,reg3,db_rescore,0,19510,0.8641975308641975
reg3_m60_s6,reg3,db_rescore,0,19560,0.8641975308641975
reg3_m60_s6,reg3,db_rescore,0,19610,0.8641975308641975
reg3_m60_s6,reg3,db_rescore,0,19660,0.8641975308641975
reg3_m60_s6,reg3,db_rescore,0,19710,0.8641975308641975
reg3_m60_s6,reg3,db_rescore,0,19760,0.8641975308641975
reg3_m60_s6,reg3,db_rescore,0,19810,0.8641975308641975
reg3_m60_s6,reg3,db_rescore,0,19860,0.8641975308641975
reg3_m60_s6,reg3,db_rescore,0,19910,0.8641975308641975
reg3_m60_s6,reg3,db_rescore,0,19960,0.8641975308641975
reg3_m60_s6,reg3,db_rescore,0,20010,0.8641975308641975
reg3_m60_s6,reg3,cold,1,10,0.6172839506172839
reg3_m60_s6,reg3,cold,1,60,0.6790123456790124
reg3_m60_s6,reg3,cold,1,110,0.7037037037037037
reg3_m60_s6,reg3,cold,1,160,0.7037037037037037
reg3_m60_s6,reg3,cold,1,210,0.7037037037037037
reg3_m60_s6,reg3,cold,1,260,0.7160493827160493
reg3_m60_s6,reg3,cold,1,310,0.7160493827160493
reg3_m60_s6,reg3,cold,1,360,0.7283950617283951
reg3_m60_s6,reg3,cold,1,410,0.7407407407407407
reg3_m60_s6,reg3,cold,1,460,0.7777777777777778
reg3_m60_s6,reg3,cold,1,510,0.7777777777777778
reg3_m60_s6,reg3,cold,1,560,0.7777777777777778
reg3_m60_s6,reg3,cold,1,610,0.7654320987654321
reg3_m60_s6,reg3,cold,1,660,0.7654320987654321
reg3_m60_s6,reg3,cold,1,710,0.7654320987654321
reg3_m60_s6,reg3,cold,1,760,0.7901234567901234
reg3_m60_s6,reg3,cold,1,810,0.7901234567901234
reg3_m60_s6,reg3,cold,1,860,0.7901234567901234
reg3_m60_s6,reg3,cold,1,910,0.7901234567901234
reg3_m60_s6,reg3,cold,1,960,0.7901234567901234
reg3_m60_s6,reg3,cold,1,1010,0.7901234567901234
reg3_m60_s6,reg3,cold,1,1060,0.7901234567901234
reg3_m60_s6,reg3,cold,1,1110,0.7901234567901234
reg3_m60_s6,reg3,cold,1,1160,0.7901234567901234
reg3_m60_s6,reg3,cold,1,1210,0.7901234567901234
reg3_m60_s6,reg3,cold,1,1260,0.7901234567901234
reg3_m60_s6,reg3,cold,1,1310,0.8024691358024691
reg3_m60_s6,reg3,cold,1,1360,0.8024691358024691
reg3_m60_s6,reg3,cold,1,1410,0.8024691358024691
reg3_m60_s6,reg3,cold,1,1460,0.8024691358024691
reg3_m60_s6,reg3,cold,1,1510,0.8024691358024691
reg3_m60_s6,reg3,cold,1,1560,0.8024691358024691
reg3_m60_s6,reg3,cold,1,1610,0.8024691358024691
reg3_m60_s6,reg3,cold,1,1660,0.8024691358024691
reg3_m60_s6,reg3,cold,1,1710,0.8024691358024691
reg3_m60_s6,reg3,cold,1,1760,0.8024691358024691
reg3_m60_s6,reg3,cold,1,1810,0.8024691358024691
reg3_m60_s6,reg3,cold,1,1860,0.8148148148148148
reg3_m60_s6,reg3,cold,1,1910,0.8148148148148148
reg3_m60_s6,reg3,cold,1,1960,0.8148148148148148
reg3_m60_s6,reg3,cold,1,2010,0.8271604938271605
reg3_m60_s6,reg3,cold,1,2060,0.8271604938271605
reg3_m60_s6,reg3,cold,1,2110,0.8271604938271605
reg3_m60_s6,reg3,cold,1,2160,0.8271604938271605
reg3_m60_s6,reg3,cold,1,2210,0.8271604938271605
reg3_m60_s6,reg3,cold,1,2260,0.8271604938271605
reg3_m60_s6,reg3,cold,1,2310,0.8271604938271605
reg3_m60_s6,reg3,cold,1,2360,0.8271604938271605
reg3_m60_s6,reg3,cold,1,2410,0.8518518518518519
reg3_m60_s6,reg3,cold,1,2460,0.8518518518518519
reg3_m60_s6,reg3,cold,1,2510,0.8518518518518519
reg3_m60_s6,reg3,cold,1,2560,0.8518518518518519
reg3_m60_s6,reg3,cold,1,2610,0.8518518518518519
reg3_m60_s6,reg3,cold,1,2660,0.8518518518518519
reg3_m60_s6,reg3,cold,1,2710,0.8518518518518519
reg3_m60_s6,reg3,cold,1,2760,0.8518518518518519
reg3_m60_s6,reg3,cold,1,2810,0.8518518518518519
reg3_m60_s6,reg3,cold,1,2860,0.8395061728395061
reg3_m60_s6,reg3,cold,1,2910,0.8395061728395061
reg3_m60_s6,reg3,cold,1,2960,0.8518518518518519
reg3_m60_s6,reg3,cold,1,3010,0.8518518518518519
reg3_m60_s6,reg3,cold,1,3060,0.8518518518518519
reg3_m60_s6,reg3,cold,1,3110,0.8518518518518519
reg3_m60_s6,reg3,cold,1,3160,0.8518518518518519
reg3_m60_s6,reg3,cold,1,3210,0.8518518518518519
reg3_m60_s6,reg3,cold,1,3260,0.8518518518518519
reg3_m60_s6,reg3,cold,1,3310,0.8518518518518519
reg3_m60_s6,reg3,cold,1,3360,0.8518518518518519
reg3_m60_s6,reg3,cold,1,3410,0.8518518518518519
reg3_m60_s6,reg3,cold,1,3460,0.8518518518518519
reg3_m60_s6,reg3,cold,1,3510,0.8518518518518519
reg3_m60_s6,reg3,cold,1,3560,0.8518518518518519
reg3_m60_s6,reg3,cold,1,3610,0.8518518518518519
reg3_m60_s6,reg3,cold,1,3660,0.8518518518518519
reg3_m60_s6,reg3,cold,1,3710,0.8518518518518519
reg3_m60_s6,reg3,cold,1,3760,0.8518518518518519
reg3_m60_s6,reg3,cold,1,3810,0.8518518518518519
reg3_m60_s6,reg3,cold,1,3860,0.8518518518518519
reg3_m60_s6,reg3,cold,1,3910,0.8518518518518519
reg3_m60_s6,reg3,cold,1,3960,0.8518518518518519
reg3_m60_s6,reg3,cold,1,4010,0.8518518518518519
reg3_m60_s6,reg3,cold,1,4060,0.8518518518518519
reg3_m60_s6,reg3,cold,1,4110,0.8518518518518519
reg3_m60_s6,reg3,cold,1,4160,0.8518518518518519
reg3_m60_s6,reg3,cold,1,4210,0.8641975308641975
reg3_m60_s6,reg3,cold,1,4260,0.8641975308641975
reg3_m60_s6,reg3,cold,1,4310,0.8641975308641975
reg3_m60_s6,reg3,cold,1,4360,0.8641975308641975
reg3_m60_s6,reg3,cold,1,4410,0.8641975308641975
reg3_m60_s6,reg3,cold,1,4460,0.8765432098765432
reg3_m60_s6,reg3,cold,1,4510,0.8765432098765432
reg3_m60_s6,reg3,cold,1,4560,0.8765432098765432
reg3_m60_s6,reg3,cold,1,4610,0.8765432098765432
reg3_m60_s6,reg3,cold,1,4660,0.8765432098765432
reg3_m60_s6,reg3,cold,1,4710,0.8765432098765432
reg3_m60_s6,reg3,cold,1,4760,0.8765432098765432
reg3_m60_s6,reg3,cold,1,4810,0.8765432098765432
reg3_m60_s6,reg3,cold,1,4860,0.8765432098765432
reg3_m60_s6,reg3,cold,1,4910,0.8765432098765432
reg3_m60_s6,reg3,cold,1,4960,0.8765432098765432
reg3_m60_s6,reg3,cold,1,5010,0.8765432098765432
reg3_m60_s6,reg3,cold,1,5060,0.8765432098765432
reg3_m60_s6,reg3,cold,1,5110,0.8765432098765432
reg3_m60_s6,reg3,cold,1,5160,0.8765432098765432
reg3_m60_s6,reg3,cold,1,5210,0.8765432098765432
reg3_m60_s6,reg3,cold,1,5260,0.8888888888888888
reg3_m60_s6,reg3,cold,1,5310,0.8888888888888888
reg3_m60_s6,reg3,cold,1,5360,0.8888888888888888
reg3_m60_s6,reg3,cold,1,5410,0.8888888888888888
reg3_m60_s6,reg3,cold,1,5460,0.8888888888888888
reg3_m60_s6,reg3,cold,1,5510,0.8888888888888888
reg3_m60_s6,reg3,cold,1,5560,0.8888888888888888
reg3_m60_s6,reg3,cold,1,5610,0.8888888888888888
reg3_m60_s6,reg3,cold,1,5660,0.8888888888888888
reg3_m60_s6,reg3,cold,1,5710,0.8888888888888888
reg3_m60_s6,reg3,cold,1,5760,0.8888888888888888
reg3_m60_s6,reg3,cold,1,5810,0.8888888888888888
reg3_m60_s6,reg3,cold,1,5860,0.8888888888888888
reg3_m60_s6,reg3,cold,1,5910,0.8888888888888888
reg3_m60_s6,reg3,cold,1,5960,0.8888888888888888
reg3_m60_s6,reg3,cold,1,6010,0.8888888888888888
reg3_m60_s6,reg3,cold,1,6060,0.8888888888888888
reg3_m60_s6,reg3,cold,1,6110,0.8888888888888888
reg3_m60_s6,reg3,cold,1,6160,0.8888888888888888
reg3_m60_s6,reg3,cold,1,6210,0.8888888888888888
reg3_m60_s6,reg3,cold,1,6260,0.8888888888888888
reg3_m60_s6,reg3,cold,1,6310,0.8888888888888888
reg3_m60_s6,reg3,cold,1,6360,0.8888888888888888
reg3_m60_s6,reg3,cold,1,6410,0.8888888888888888
reg3_m60_s6,reg3,cold,1,6460,0.8888888888888888
reg3_m60_s6,reg3,cold,1,6510,0.8888888888888888
reg3_m60_s6,reg3,cold,1,6560,0.8888888888888888
reg3_m60_s6,reg3,cold,1,6610,0.8888888888888888
reg3_m60_s6,reg3,cold,1,6660,0.8888888888888888
reg3_m60_s6,reg3,cold,1,6710,0.8888888888888888
reg3_m60_s6,reg3,cold,1,6760,0.8888888888888888
reg3_m60_s6,reg3,cold,1,6810,0.8888888888888888
reg3_m60_s6,reg3,cold,1,6860,0.8888888888888888
reg3_m60_s6,reg3,cold,1,6910,0.8888888888888888
reg3_m60_s6,reg3,cold,1,6960,0.8888888888888888
reg3_m60_s6,reg3,cold,1,7010,0.8888888888888888
reg3_m60_s6,reg3,cold,1,7060,0.8888888888888888
reg3_m60_s6,reg3,cold,1,7110,0.8888888888888888
reg3_m60_s6,reg3,cold,1,7160,0.8888888888888888
reg3_m60_s6,reg3,cold,1,7210,0.8888888888888888
reg3_m60_s6,reg3,cold,1,7260,0.8888888888888888
reg3_m60_s6,reg3,cold,1,7310,0.8888888888888888
reg3_m60_s6,reg3,cold,1,7360,0.8888888888888888
reg3_m60_s6,reg3,cold,1,7410,0.8888888888888888
reg3_m60_s6,reg3,cold,1,7460,0.8888888888888888
reg3_m60_s6,reg3,cold,1,7510,0.8888888888888888
reg3_m60_s6,reg3,cold,1,7560,0.8888888888888888
reg3_m60_s6,reg3,cold,1,7610,0.8888888888888888
reg3_m60_s6,reg3,cold,1,7660,0.8888888888888888
reg3_m60_s6,reg3,cold,1,7710,0.8888888888888888
reg3_m60_s6,reg3,cold,1,7760,0.8888888888888888
reg3_m60_s6,reg3,cold,1,7810,0.8888888888888888
reg3_m60_s6,reg3,cold,1,7860,0.8888888888888888
reg3_m60_s6,reg3,cold,1,7910,0.8888888888888888
reg3_m60_s6,reg3,cold,1,7960,0.8888888888888888
reg3_m60_s6,reg3,cold,1,8010,0.8888888888888888
reg3_m60_s6,reg3,cold,1,8060,0.8888888888888888
reg3_m60_s6,reg3,cold,1,8110,0.8888888888888888
reg3_m60_s6,reg3,cold,1,8160,0.8888888888888888
reg3_m60_s6,reg3,cold,1,8210,0.8888888888888888
reg3_m60_s6,reg3,cold,1,8260,0.8888888888888888
reg3_m60_s6,reg3,cold,1,8310,0.8888888888888888
reg3_m60_s6,reg3,cold,1,8360,0.8888888888888888
reg3_m60_s6,reg3,cold,1,8410,0.8888888888888888
reg3_m60_s6,reg3,cold,1,8460,0.8888888888888888
reg3_m60_s6,reg3,cold,1,8510,0.8888888888888888
reg3_m60_s6,reg3,cold,1,8560,0.8888888888888888
reg3_m60_s6,reg3,cold,1,8610,0.8888888888888888
reg3_m60_s6,reg3,cold,1,8660,0.8888888888888888
reg3_m60_s6,reg3,cold,1,8710,0.8888888888888888
reg3_m60_s6,reg3,cold,1,8760,0.8888888888888888
reg3_m60_s6,reg3,cold,1,8810,0.8888888888888888
reg3_m60_s6,reg3,cold,1,8860,0.8888888888888888
reg3_m60_s6,reg3,cold,1,8910,0.8888888888888888
reg3_m60_s6,reg3,cold,1,8960,0.8888888888888888
reg3_m60_s6,reg3,cold,1,9010,0.8888888888888888
reg3_m60_s6,reg3,cold,1,9060,0.8888888888888888
reg3_m60_s6,reg3,cold,1,9110,0.8888888888888888
reg3_m60_s6,reg3,cold,1,9160,0.8888888888888888
reg3_m60_s6,reg3,cold,1,9210,0.8888888888888888
reg3_m60_s6,reg3,cold,1,9260,0.8888888888888888
reg3_m60_s6,reg3,cold,1,9310,0.8888888888888888
reg3_m60_s6,reg3,cold,1,9360,0.8888888888888888
reg3_m60_s6,reg3,cold,1,9410,0.8888888888888888
reg3_m60_s6,reg3,cold,1,9460,0.8888888888888888
reg3_m60_s6,reg3,cold,1,9510,0.8888888888888888
reg3_m60_s6,reg3,cold,1,9560,0.8888888888888888
reg3_m60_s6,reg3,cold,1,9610,0.8888888888888888
reg3_m60_s6,reg3,cold,1,9660,0.8888888888888888
reg3_m60_s6,reg3,cold,1,9710,0.8888888888888888
reg3_m60_s6,reg3,cold,1,9760,0.8888888888888888
reg3_m60_s6,reg3,cold,1,9810,0.8888888888888888
reg3_m60_s6,reg3,cold,1,9860,0.8888888888888888
reg3_m60_s6,reg3,cold,1,9910,0.8888888888888888
reg3_m60_s6,reg3,cold,1,9960,0.8888888888888888
reg3_m60_s6,reg3,cold,1,10010,0.8888888888888888
reg3_m60_s6,reg3,cold,1,10060,0.8888888888888888
reg3_m60_s6,reg3,cold,1,10110,0.8888888888888888
reg3_m60_s6,reg3,cold,1,10160,0.8888888888888888
reg3_m60_s6,reg3,cold,1,10210,0.8888888888888888
reg3_m60_s6,reg3,cold,1,10260,0.8888888888888888
reg3_m60_s6,reg3,cold,1,10310,0.8888888888888888
reg3_m60_s6,reg3,cold,1,10360,0.8888888888888888
reg3_m60_s6,reg3,cold,1,10410,0.8888888888888888
reg3_m60_s6,reg3,cold,1,10460,0.8888888888888888
reg3_m60_s6,reg3,cold,1,10510,0.8888888888888888
reg3_m60_s6,reg3,cold,1,10560,0.8888888888888888
reg3_m60_s6,reg3,cold,1,10610,0.8888888888888888
reg3_m60_s6,reg3,cold,1,10660,0.8888888888888888
reg3_m60_s6,reg3,cold,1,10710,0.8888888888888888
reg3_m60_s6,reg3,cold,1,10760,0.8888888888888888
reg3_m60_s6,reg3,cold,1,10810,0.8888888888888888
reg3_m60_s6,reg3,cold,1,10860,0.8888888888888888
reg3_m60_s6,reg3,cold,1,10910,0.8888888888888888
reg3_m60_s6,reg3,cold,1,10960,0.8888888888888888
reg3_m60_s6,reg3,cold,1,11010,0.8888888888888888
reg3_m60_s6,reg3,cold,1,11060,0.8888888888888888
reg3_m60_s6,reg3,cold,1,11110,0.8888888888888888
reg3_m60_s6,reg3,cold,1,11160,0.8888888888888888
reg3_m60_s6,reg3,cold,1,11210,0.8888888888888888
reg3_m60_s6,reg3,cold,1,11260,0.8888888888888888
reg3_m60_s6,reg3,cold,1,11310,0.8888888888888888
reg3_m60_s6,reg3,cold,1,11360,0.8888888888888888
reg3_m60_s6,reg3,cold,1,11410,0.8888888888888888
reg3_m60_s6,reg3,cold,1,11460,0.8888888888888888
reg3_m60_s6,reg3,cold,1,11510,0.8888888888888888
reg3_m60_s6,reg3,cold,1,11560,0.8888888888888888
reg3_m60_s6,reg3,cold,1,11610,0.8888888888888888
reg3_m60_s6,reg3,cold,1,11660,0.8888888888888888
reg3_m60_s6,reg3,cold,1,11710,0.8888888888888888
reg3_m60_s6,reg3,cold,1,11760,0.8888888888888888
reg3_m60_s6,reg3,cold,1,11810,0.8888888888888888
reg3_m60_s6,reg3,cold,1,11860,0.8888888888888888
reg3_m60_s6,reg3,cold,1,11910,0.8888888888888888
reg3_m60_s6,reg3,cold,1,11960,0.8888888888888888
reg3_m60_s6,reg3,cold,1,12010,0.8888888888888888
reg3_m60_s6,reg3,cold,1,12060,0.8888888888888888
reg3_m60_s6,reg3,cold,1,12110,0.8888888888888888
reg3_m60_s6,reg3,cold,1,12160,0.8888888888888888
reg3_m60_s6,reg3,cold,1,12210,0.8888888888888888
reg3_m60_s6,reg3,cold,1,12260,0.8888888888888888
reg3_m60_s6,reg3,cold,1,12310,0.8888888888888888
reg3_m60_s6,reg3,cold,1,12360,0.8888888888888888
reg3_m60_s6,reg3,cold,1,12410,0.8888888888888888
reg3_m60_s6,reg3,cold,1,12460,0.8888888888888888
reg3_m60_s6,reg3,cold,1,12510,0.8888888888888888
reg3_m60_s6,reg3,cold,1,12560,0.8888888888888888
reg3_m60_s6,reg3,cold,1,12610,0.8888888888888888
reg3_m60_s6,reg3,cold,1,12660,0.8888888888888888
reg3_m60_s6,reg3,cold,1,12710,0.8888888888888888
reg3_m60_s6,reg3,cold,1,12760,0.8888888888888888
reg3_m60_s6,reg3,cold,1,12810,0.8888888888888888
reg3_m60_s6,reg3,cold,1,12860,0.8888888888888888
reg3_m60_s6,reg3,cold,1,12910,0.8888888888888888
reg3_m60_s6,reg3,cold,1,12960,0.8888888888888888
reg3_m60_s6,reg3,cold,1,13010,0.8888888888888888
reg3_m60_s6,reg3,cold,1,13060,0.8888888888888888
reg3_m60_s6,reg3,cold,1,13110,0.8888888888888888
reg3_m60_s6,reg3,cold,1,13160,0.8888888888888888
reg3_m60_s6,reg3,cold,1,13210,0.8888888888888888
reg3_m60_s6,reg3,cold,1,13260,0.8888888888888888
reg3_m60_s6,reg3,cold,1,13310,0.8888888888888888
reg3_m60_s6,reg3,cold,1,13360,0.8888888888888888
reg3_m60_s6,reg3,cold,1,13410,0.8888888888888888
reg3_m60_s6,reg3,cold,1,13460,0.8888888888888888
reg3_m60_s6,reg3,cold,1,13510,0.8888888888888888
reg3_m60_s6,reg3,cold,1,13560,0.8888888888888888
reg3_m60_s6,reg3,cold,1,13610,0.8888888888888888
reg3_m60_s6,reg3,cold,1,13660,0.8888888888888888
reg3_m60_s6,reg3,cold,1,13710,0.8888888888888888
reg3_m60_s6,reg3,cold,1,13760,0.8888888888888888
reg3_m60_s6,reg3,cold,1,13810,0.8888888888888888
reg3_m60_s6,reg3,cold,1,13860,0.8888888888888888
reg3_m60_s6,reg3,cold,1,13910,0.8888888888888888
reg3_m60_s6,reg3,cold,1,13960,0.8888888888888888
reg3_m60_s6,reg3,cold,1,14010,0.8888888888888888
reg3_m60_s6,reg3,cold,1,14060,0.8888888888888888
reg3_m60_s6,reg3,cold,1,14110,0.8888888888888888
reg3_m60_s6,reg3,cold,1,14160,0.8888888888888888
reg3_m60_s6,reg3,cold,1,14210,0.8888888888888888
reg3_m60_s6,reg3,cold,1,14260,0.8888888888888888
reg3_m60_s6,reg3,cold,1,14310,0.8888888888888888
reg3_m60_s6,reg3,cold,1,14360,0.8888888888888888
reg3_m60_s6,reg3,cold,1,14410,0.8888888888888888
reg3_m60_s6,reg3,cold,1,14460,0.8888888888888888
reg3_m60_s6,reg3,cold,1,14510,0.8888888888888888
reg3_m60_s6,reg3,cold,1,14560,0.8888888888888888
reg3_m60_s6,reg3,cold,1,14610,0.8888888888888888
reg3_m60_s6,reg3,cold,1,14660,0.8888888888888888
reg3_m60_s6,reg3,cold,1,14710,0.8888888888888888
reg3_m60_s6,reg3,cold,1,14760,0.8888888888888888
reg3_m60_s6,reg3,cold,1,14810,0.8888888888888888
reg3_m60_s6,reg3,cold,1,14860,0.8888888888888888
reg3_m60_s6,reg3,cold,1,14910,0.8888888888888888
reg3_m60_s6,reg3,cold,1,14960,0.8888888888888888
reg3_m60_s6,reg3,cold,1,15010,0.8888888888888888
reg3_m60_s6,reg3,cold,1,15060,0.8888888888888888
reg3_m60_s6,reg3,cold,1,15110,0.8888888888888888
reg3_m60_s6,reg3,cold,1,15160,0.8888888888888888
reg3_m60_s6,reg3,cold,1,15210,0.8888888888888888
reg3_m60_s6,reg3,cold,1,15260,0.8888888888888888
reg3_m60_s6,reg3,cold,1,15310,0.8888888888888888
reg3_m60_s6,reg3,cold,1,15360,0.8888888888888888
reg3_m60_s6,reg3,cold,1,15410,0.8888888888888888
reg3_m60_s6,reg3,cold,1,15460,0.8888888888888888
reg3_m60_s6,reg3,cold,1,15510,0.8888888888888888
reg3_m60_s6,reg3,cold,1,15560,0.8888888888888888
reg3_m60_s6,reg3,cold,1,15610,0.8888888888888888
reg3_m60_s6,reg3,cold,1,15660,0.8888888888888888
reg3_m60_s6,reg3,cold,1,15710,0.8888888888888888
reg3_m60_s6,reg3,cold,1,15760,0.8888888888888888
reg3_m60_s6,reg3,cold,1,15810,0.8888888888888888
reg3_m60_s6,reg3,cold,1,15860,0.8888888888888888
reg3_m60_s6,reg3,cold,1,15910,0.8888888888888888
reg3_m60_s6,reg3,cold,1,15960,0.8888888888888888
reg3_m60_s6,reg3,cold,1,16010,0.8888888888888888
reg3_m60_s6,reg3,cold,1,16060,0.8888888888888888
reg3_m60_s6,reg3,cold,1,16110,0.8888888888888888
reg3_m60_s6,reg3,cold,1,16160,0.8888888888888888
reg3_m60_s6,reg3,cold,1,16210,0.8888888888888888
reg3_m60_s6,reg3,cold,1,16260,0.8888888888888888
reg3_m60_s6,reg3,cold,1,16310,0.8888888888888888
reg3_m60_s6,reg3,cold,1,16360,0.8888888888888888
reg3_m60_s6,reg3,cold,1,16410,0.8888888888888888
reg3_m60_s6,reg3,cold,1,16460,0.8888888888888888
reg3_m60_s6,reg3,cold,1,16510,0.8888888888888888
reg3_m60_s6,reg3,cold,1,16560,0.8888888888888888
reg3_m60_s6,reg3,cold,1,16610,0.8888888888888888
reg3_m60_s6,reg3,cold,1,16660,0.8888888888888888
reg3_m60_s6,reg3,cold,1,16710,0.8888888888888888
reg3_m60_s6,reg3,cold,1,16760,0.8888888888888888
reg3_m60_s6,reg3,cold,1,16810,0.8888888888888888
reg3_m60_s6,reg3,cold,1,16860,0.8888888888888888
reg3_m60_s6,reg3,cold,1,16910,0.8888888888888888
reg3_m60_s6,reg3,cold,1,16960,0.8888888888888888
reg3_m60_s6,reg3,cold,1,17010,0.8888888888888888
reg3_m60_s6,reg3,cold,1,17060,0.8888888888888888
reg3_m60_s6,reg3,cold,1,17110,0.8888888888888888
reg3_m60_s6,reg3,cold,1,17160,0.8888888888888888
reg3_m60_s6,reg3,cold,1,17210,0.8888888888888888
reg3_m60_s6,reg3,cold,1,17260,0.8888888888888888
reg3_m60_s6,reg3,cold,1,17310,0.8888888888888888
reg3_m60_s6,reg3,cold,1,17360,0.8888888888888888
reg3_m60_s6,reg3,cold,1,17410,0.8888888888888888
reg3_m60_s6,reg3,cold,1,17460,0.8888888888888888
reg3_m60_s6,reg3,cold,1,17510,0.8888888888888888
reg3_m60_s6,reg3,cold,1,17560,0.8888888888888888
reg3_m60_s6,reg3,cold,1,17610,0.8888888888888888
reg3_m60_s6,reg3,cold,1,17660,0.8888888888888888
reg3_m60_s6,reg3,cold,1,17710,0.8888888888888888
reg3_m60_s6,reg3,cold,1,17760,0.8888888888888888
reg3_m60_s6,reg3,cold,1,17810,0.8888888888888888
reg3_m60_s6,reg3,cold,1,17860,0.8888888888888888
reg3_m60_s6,reg3,cold,1,17910,0.8888888888888888
reg3_m60_s6,reg3,cold,1,17960,0.8888888888888888
reg3_m60_s6,reg3,cold,1,18010,0.8888888888888888
reg3_m60_s6,reg3,cold,1,18060,0.8888888888888888
reg3_m60_s6,reg3,cold,1,18110,0.8888888888888888
reg3_m60_s6,reg3,cold,1,18160,0.8888888888888888
reg3_m60_s6,reg3,cold,1,18210,0.8888888888888888
reg3_m60_s6,reg3,cold,1,18260,0.8888888888888888
reg3_m60_s6,reg3,cold,1,18310,0.8888888888888888
reg3_m60_s6,reg3,cold,1,18360,0.8888888888888888
reg3_m60_s6,reg3,cold,1,18410,0.8888888888888888
reg3_m60_s6,reg3,cold,1,18460,0.8888888888888888
reg3_m60_s6,reg3,cold,1,18510,0.8888888888888888
reg3_m60_s6,reg3,cold,1,18560,0.8888888888888888
reg3_m60_s6,reg3,cold,1,18610,0.8888888888888888
reg3_m60_s6,reg3,cold,1,18660,0.8888888888888888
reg3_m60_s6,reg3,cold,1,18710,0.8888888888888888
reg3_m60_s6,reg3,cold,1,18760,0.8888888888888888
reg3_m60_s6,reg3,cold,1,18810,0.8888888888888888
reg3_m60_s6,reg3,cold,1,18860,0.8888888888888888
reg3_m60_s6,reg3,cold,1,18910,0.8888888888888888
reg3_m60_s6,reg3,cold,1,18960,0.8888888888888888
reg3_m60_s6,reg3,cold,1,19010,0.8888888888888888
reg3_m60_s6,reg3,cold,1,19060,0.8888888888888888
reg3_m60_s6,reg3,cold,1,19110,0.8888888888888888
reg3_m60_s6,reg3,cold,1,19160,0.8888888888888888
reg3_m60_s6,reg3,cold,1,19210,0.8888888888888888
reg3_m60_s6,reg3,cold,1,19260,0.8888888888888888
reg3_m60_s6,reg3,cold,1,19310,0.8888888888888888
reg3_m60_s6,reg3,cold,1,19360,0.8888888888888888
reg3_m60_s6,reg3,cold,1,19410,0.8888888888888888
reg3_m60_s6,reg3,cold,1,19460,0.8888888888888888
reg3_m60_s6,reg3,cold,1,19510,0.8888888888888888
reg3_m60_s6,reg3,cold,1,19560,0.8888888888888888
reg3_m60_s6,reg3,cold,1,19610,0.8888888888888888
reg3_m60_s6,reg3,cold,1,19660,0.8888888888888888
reg3_m60_s6,reg3,cold,1,19710,0.8888888888888888
reg3_m60_s6,reg3,cold,1,19760,0.8888888888888888
reg3_m60_s6,reg3,cold,1,19810,0.8888888888888888
reg3_m60_s6,reg3,cold,1,19860,0.8888888888888888
reg3_m60_s6,reg3,cold,1,19910,0.8888888888888888
reg3_m60_s6,reg3,cold,1,19960,0.8888888888888888
reg3_m60_s6,reg3,cold,1,20010,0.8888888888888888
reg3_m60_s6,reg3,prior_init,1,210,0.7160493827160493
reg3_m60_s6,reg3,prior_init,1,260,0.7407407407407407
reg3_m60_s6,reg3,prior_init,1,310,0.7407407407407407
reg3_m60_s6,reg3,prior_init,1,360,0.7407407407407407
reg3_m60_s6,reg3,prior_init,1,410,0.7530864197530864
reg3_m60_s6,reg3,prior_init,1,460,0.7530864197530864
reg3_m60_s6,reg3,prior_init,1,510,0.7777777777777778
reg3_m60_s6,reg3,prior_init,1,560,0.7777777777777778
reg3_m60_s6,reg3,prior_init,1,610,0.7777777777777778
reg3_m60_s6,reg3,prior_init,1,660,0.7777777777777778
reg3_m60_s6,reg3,prior_init,1,710,0.7777777777777778
reg3_m60_s6,reg3,prior_init,1,760,0.7777777777777778
reg3_m60_s6,reg3,prior_init,1,810,0.7901234567901234
reg3_m60_s6,reg3,prior_init,1,860,0.8024691358024691
reg3_m60_s6,reg3,prior_init,1,910,0.8271604938271605
reg3_m60_s6,reg3,prior_init,1,960,0.8271604938271605
reg3_m60_s6,reg3,prior_init,1,1010,0.8271604938271605
reg3_m60_s6,reg3,prior_init,1,1060,0.8271604938271605
reg3_m60_s6,reg3,prior_init,1,1110,0.8271604938271605
reg3_m60_s6,reg3,prior_init,1,1160,0.8271604938271605
reg3_m60_s6,reg3,prior_init,1,1210,0.8271604938271605
reg3_m60_s6,reg3,prior_init,1,1260,0.8271604938271605
reg3_m60_s6,reg3,prior_init,1,1310,0.8271604938271605
reg3_m60_s6,reg3,prior_init,1,1360,0.8271604938271605
reg3_m60_s6,reg3,prior_init,1,1410,0.8271604938271605
reg3_m60_s6,reg3,prior_init,1,1460,0.8271604938271605
reg3_m60_s6,reg3,prior_init,1,1510,0.8271604938271605
reg3_m60_s6,reg3,prior_init,1,1560,0.8271604938271605
reg3_m60_s6,reg3,prior_init,1,1610,0.8271604938271605
reg3_m60_s6,reg3,prior_init,1,1660,0.8271604938271605
reg3_m60_s6,reg3,prior_init,1,1710,0.8271604938271605
reg3_m60_s6,reg3,prior_init,1,1760,0.8271604938271605
reg3_m60_s6,reg3,prior_init,1,1810,0.8271604938271605
reg3_m60_s6,reg3,prior_init,1,1860,0.8271604938271605
reg3_m60_s6,reg3,prior_init,1,1910,0.8271604938271605
reg3_m60_s6,reg3,prior_init,1,1960,0.8271604938271605
reg3_m60_s6,reg3,prior_init,1,2010,0.8271604938271605
reg3_m60_s6,reg3,prior_init,1,2060,0.8271604938271605
reg3_m60_s6,reg3,prior_init,1,2110,0.8271604938271605
reg3_m60_s6,reg3,prior_init,1,2160,0.8271604938271605
reg3_m60_s6,reg3,prior_init,1,2210,0.8271604938271605
reg3_m60_s6,reg3,prior_init,1,2260,0.8271604938271605
reg3_m60_s6,reg3,prior_init,1,2310,0.8271604938271605
reg3_m60_s6,reg3,prior_init,1,2360,0.8271604938271605
reg3_m60_s6,reg3,prior_init,1,2410,0.8271604938271605
reg3_m60_s6,reg3,prior_init,1,2460,0.8271604938271605
reg3_m60_s6,reg3,prior_init,1,2510,0.8271604938271605
reg3_m60_s6,reg3,prior_init,1,2560,0.8271604938271605
reg3_m60_s6,reg3,prior_init,1,2610,0.8271604938271605
reg3_m60_s6,reg3,prior_init,1,2660,0.8271604938271605
reg3_m60_s6,reg3,prior_init,1,2710,0.8271604938271605
reg3_m60_s6,reg3,prior_init,1,2760,0.8271604938271605
reg3_m60_s6,reg3,prior_init,1,2810,0.8271604938271605
reg3_m60_s6,reg3,prior_init,1,2860,0.8271604938271605
reg3_m60_s6,reg3,prior_init,1,2910,0.8271604938271605
reg3_m60_s6,reg3,prior_init,1,2960,0.8271604938271605
reg3_m60_s6,reg3,prior_init,1,3010,0.8271604938271605
reg3_m60_s6,reg3,prior_init,1,3060,0.8271604938271605
reg3_m60_s6,reg3,prior_init,1,3110,0.8271604938271605
reg3_m60_s6,reg3,prior_init,1,3160,0.8271604938271605
reg3_m60_s6,reg3,prior_init,1,3210,0.8271604938271605
reg3_m60_s6,reg3,prior_init,1,3260,0.8271604938271605
reg3_m60_s6,reg3,prior_init,1,3310,0.8271604938271605
reg3_m60_s6,reg3,prior_init,1,3360,0.8271604938271605
reg3_m60_s6,reg3,prior_init,1,3410,0.8271604938271605
reg3_m60_s6,reg3,prior_init,1,3460,0.8271604938271605
reg3_m60_s6,reg3,prior_init,1,3510,0.8271604938271605
reg3_m60_s6,reg3,prior_init,1,3560,0.8271604938271605
reg3_m60_s6,reg3,prior_init,1,3610,0.8271604938271605
reg3_m60_s6,reg3,prior_init,1,3660,0.8271604938271605
reg3_m60_s6,reg3,prior_init,1,3710,0.8271604938271605
reg3_m60_s6,reg3,prior_init,1,3760,0.8271604938271605
reg3_m60_s6,reg3,prior_init,1,3810,0.8271604938271605
reg3_m60_s6,reg3,prior_init,1,3860,0.8271604938271605
reg3_m60_s6,reg3,prior_init,1,3910,0.8271604938271605
reg3_m60_s6,reg3,prior_init,1,3960,0.8271604938271605
reg3_m60_s6,reg3,prior_init,1,4010,0.8271604938271605
reg3_m60_s6,reg3,prior_init,1,4060,0.8271604938271605
reg3_m60_s6,reg3,prior_init,1,4110,0.8271604938271605
reg3_m60_s6,reg3,prior_init,1,4160,0.8271604938271605
reg3_m60_s6,reg3,prior_init,1,4210,0.8271604938271605
reg3_m60_s6,reg3,prior_init,1,4260,0.8271604938271605
reg3_m60_s6,reg3,prior_init,1,4310,0.8271604938271605
reg3_m60_s6,reg3,prior_init,1,4360,0.8271604938271605
reg3_m60_s6,reg3,prior_init,1,4410,0.8271604938271605
reg3_m60_s6,reg3,prior_init,1,4460,0.8271604938271605
reg3_m60_s6,reg3,prior_init,1,4510,0.8271604938271605
reg3_m60_s6,reg3,prior_init,1,4560,0.8271604938271605
reg3_m60_s6,reg3,prior_init,1,4610,0.8271604938271605
reg3_m60_s6,reg3,prior_init,1,4660,0.8271604938271605
reg3_m60_s6,reg3,prior_init,1,4710,0.8271604938271605
reg3_m60_s6,reg3,prior_init,1,4760,0.8271604938271605
reg3_m60_s6,reg3,prior_init,1,4810,0.8271604938271605
reg3_m60_s6,reg3,prior_init,1,4860,0.8271604938271605
reg3_m60_s6,reg3,prior_init,1,4910,0.8271604938271605
reg3_m60_s6,reg3,prior_init,1,4960,0.8271604938271605
reg3_m60_s6,reg3,prior_init,1,5010,0.8271604938271605
reg3_m60_s6,reg3,prior_init,1,5060,0.8271604938271605
reg3_m60_s6,reg3,prior_init,1,5110,0.8271604938271605
reg3_m60_s6,reg3,prior_init,1,5160,0.8271604938271605
reg3_m60_s6,reg3,prior_init,1,5210,0.8271604938271605
reg3_m60_s6,reg3,prior_init,1,5260,0.8395061728395061
reg3_m60_s6,reg3,prior_init,1,5310,0.8395061728395061
reg3_m60_s6,reg3,prior_init,1,5360,0.8395061728395061
reg3_m60_s6,reg3,prior_init,1,5410,0.8395061728395061
reg3_m60_s6,reg3,prior_init,1,5460,0.8395061728395061
reg3_m60_s6,reg3,prior_init,1,5510,0.8395061728395061
reg3_m60_s6,reg3,prior_init,1,5560,0.8395061728395061
reg3_m60_s6,reg3,prior_init,1,5610,0.8395061728395061
reg3_m60_s6,reg3,prior_init,1,5660,0.8395061728395061
reg3_m60_s6,reg3,prior_init,1,5710,0.8395061728395061
reg3_m60_s6,reg3,prior_init,1,5760,0.8395061728395061
reg3_m60_s6,reg3,prior_init,1,5810,0.8395061728395061
reg3_m60_s6,reg3,prior_init,1,5860,0.8395061728395061
reg3_m60_s6,reg3,prior_init,1,5910,0.8395061728395061
reg3_m60_s6,reg3,prior_init,1,5960,0.8395061728395061
reg3_m60_s6,reg3,prior_init,1,6010,0.8395061728395061
reg3_m60_s6,reg3,prior_init,1,6060,0.8395061728395061
reg3_m60_s6,reg3,prior_init,1,6110,0.8395061728395061
reg3_m60_s6,reg3,prior_init,1,6160,0.8395061728395061
reg3_m60_s6,reg3,prior_init,1,6210,0.8395061728395061
reg3_m60_s6,reg3,prior_init,1,6260,0.8395061728395061
reg3_m60_s6,reg3,prior_init,1,6310,0.8395061728395061
reg3_m60_s6,reg3,prior_init,1,6360,0.8395061728395061
reg3_m60_s6,reg3,prior_init,1,6410,0.8395061728395061
reg3_m60_s6,reg3,prior_init,1,6460,0.8395061728395061
reg3_m60_s6,reg3,prior_init,1,6510,0.8395061728395061
reg3_m60_s6,reg3,prior_init,1,6560,0.8395061728395061
reg3_m60_s6,reg3,prior_init,1,6610,0.8395061728395061
reg3_m60_s6,reg3,prior_init,1,6660,0.8395061728395061
reg3_m60_s6,reg3,prior_init,1,6710,0.8395061728395061
reg3_m60_s6,reg3,prior_init,1,6760,0.8395061728395061
reg3_m60_s6,reg3,prior_init,1,6810,0.8395061728395061
reg3_m60_s6,reg3,prior_init,1,6860,0.8395061728395061
reg3_m60_s6,reg3,prior_init,1,6910,0.8395061728395061
reg3_m60_s6,reg3,prior_init,1,6960,0.8395061728395061
reg3_m60_s6,reg3,prior_init,1,7010,0.8395061728395061
reg3_m60_s6,reg3,prior_init,1,7060,0.8395061728395061
reg3_m60_s6,reg3,prior_init,1,7110,0.8395061728395061
reg3_m60_s6,reg3,prior_init,1,7160,0.8395061728395061
reg3_m60_s6,reg3,prior_init,1,7210,0.8518518518518519
reg3_m60_s6,reg3,prior_init,1,7260,0.8518518518518519
reg3_m60_s6,reg3,prior_init,1,7310,0.8518518518518519
reg3_m60_s6,reg3,prior_init,1,7360,0.8518518518518519
reg3_m60_s6,reg3,prior_init,1,7410,0.8518518518518519
reg3_m60_s6,reg3,prior_init,1,7460,0.8518518518518519
reg3_m60_s6,reg3,prior_init,1,7510,0.8518518518518519
reg3_m60_s6,reg3,prior_init,1,7560,0.8518518518518519
reg3_m60_s6,reg3,prior_init,1,7610,0.8518518518518519
reg3_m60_s6,reg3,prior_init,1,7660,0.8518518518518519
reg3_m60_s6,reg3,prior_init,1,7710,0.8518518518518519
reg3_m60_s6,reg3,prior_init,1,7760,0.8518518518518519
reg3_m60_s6,reg3,prior_init,1,7810,0.8518518518518519
reg3_m60_s6,reg3,prior_init,1,7860,0.8518518518518519
reg3_m60_s6,reg3,prior_init,1,7910,0.8518518518518519
reg3_m60_s6,reg3,prior_init,1,7960,0.8518518518518519
reg3_m60_s6,reg3,prior_init,1,8010,0.8518518518518519
reg3_m60_s6,reg3,prior_init,1,8060,0.8518518518518519
reg3_m60_s6,reg3,prior_init,1,8110,0.8518518518518519
reg3_m60_s6,reg3,prior_init,1,8160,0.8518518518518519
reg3_m60_s6,reg3,prior_init,1,8210,0.8518518518518519
reg3_m60_s6,reg3,prior_init,1,8260,0.8518518518518519
reg3_m60_s6,reg3,prior_init,1,8310,0.8518518518518519
reg3_m60_s6,reg3,prior_init,1,8360,0.8518518518518519
reg3_m60_s6,reg3,prior_init,1,8410,0.8518518518518519
reg3_m60_s6,reg3,prior_init,1,8460,0.8518518518518519
reg3_m60_s6,reg3,prior_init,1,8510,0.8518518518518519
reg3_m60_s6,reg3,prior_init,1,8560,0.8518518518518519
reg3_m60_s6,reg3,prior_init,1,8610,0.8518518518518519
reg3_m60_s6,reg3,prior_init,1,8660,0.8518518518518519
reg3_m60_s6,reg3,prior_init,1,8710,0.8518518518518519
reg3_m60_s6,reg3,prior_init,1,8760,0.8518518518518519
reg3_m60_s6,reg3,prior_init,1,8810,0.8518518518518519
reg3_m60_s6,reg3,prior_init,1,8860,0.8518518518518519
reg3_m60_s6,reg3,prior_init,1,8910,0.8518518518518519
reg3_m60_s6,reg3,prior_init,1,8960,0.8518518518518519
reg3_m60_s6,reg3,prior_init,1,9010,0.8518518518518519
reg3_m60_s6,reg3,prior_init,1,9060,0.8518518518518519
reg3_m60_s6,reg3,prior_init,1,9110,0.8518518518518519
reg3_m60_s6,reg3,prior_init,1,9160,0.8518518518518519
reg3_m60_s6,reg3,prior_init,1,9210,0.8518518518518519
reg3_m60_s6,reg3,prior_init,1,9260,0.8518518518518519
reg3_m60_s6,reg3,prior_init,1,9310,0.8518518518518519
reg3_m60_s6,reg3,prior_init,1,9360,0.8518518518518519
reg3_m60_s6,reg3,prior_init,1,9410,0.8518518518518519
reg3_m60_s6,reg3,prior_init,1,9460,0.8518518518518519
reg3_m60_s6,reg3,prior_init,1,9510,0.8518518518518519
reg3_m60_s6,reg3,prior_init,1,9560,0.8518518518518519
reg3_m60_s6,reg3,prior_init,1,9610,0.8518518518518519
reg3_m60_s6,reg3,prior_init,1,9660,0.8518518518518519
reg3_m60_s6,reg3,prior_init,1,9710,0.8518518518518519
reg3_m60_s6,reg3,prior_init,1,9760,0.8518518518518519
reg3_m60_s6,reg3,prior_init,1,9810,0.8518518518518519
reg3_m60_s6,reg3,prior_init,1,9860,0.8518518518518519
reg3_m60_s6,reg3,prior_init,1,9910,0.8518518518518519
reg3_m60_s6,reg3,prior_init,1,9960,0.8518518518518519
reg3_m60_s6,reg3,prior_init,1,10010,0.8518518518518519
reg3_m60_s6,reg3,prior_init,1,10060,0.8518518518518519
reg3_m60_s6,reg3,prior_init,1,10110,0.8518518518518519
reg3_m60_s6,reg3,prior_init,1,10160,0.8518518518518519
reg3_m60_s6,reg3,prior_init,1,10210,0.8518518518518519
reg3_m60_s6,reg3,prior_init,1,10260,0.8518518518518519
reg3_m60_s6,reg3,prior_init,1,10310,0.8518518518518519
reg3_m60_s6,reg3,prior_init,1,10360,0.8518518518518519
reg3_m60_s6,reg3,prior_init,1,10410,0.8518518518518519
reg3_m60_s6,reg3,prior_init,1,10460,0.8518518518518519
reg3_m60_s6,reg3,prior_init,1,10510,0.8518518518518519
reg3_m60_s6,reg3,prior_init,1,10560,0.8518518518518519
reg3_m60_s6,reg3,prior_init,1,10610,0.8641975308641975
reg3_m60_s6,reg3,prior_init,1,10660,0.8641975308641975
reg3_m60_s6,reg3,prior_init,1,10710,0.8641975308641975
reg3_m60_s6,reg3,prior_init,1,10760,0.8641975308641975
reg3_m60_s6,reg3,prior_init,1,10810,0.8641975308641975
reg3_m60_s6,reg3,prior_init,1,10860,0.8641975308641975
reg3_m60_s6,reg3,prior_init,1,10910,0.8641975308641975
reg3_m60_s6,reg3,prior_init,1,10960,0.8641975308641975
reg3_m60_s6,reg3,prior_init,1,11010,0.8641975308641975
reg3_m60_s6,reg3,prior_init,1,11060,0.8641975308641975
reg3_m60_s6,reg3,prior_init,1,11110,0.8641975308641975
reg3_m60_s6,reg3,prior_init,1,11160,0.8641975308641975
reg3_m60_s6,reg3,prior_init,1,11210,0.8641975308641975
reg3_m60_s6,reg3,prior_init,1,11260,0.8641975308641975
reg3_m60_s6,reg3,prior_init,1,11310,0.8641975308641975
reg3_m60_s6,reg3,prior_init,1,11360,0.8641975308641975
reg3_m60_s6,reg3,prior_init,1,11410,0.8641975308641975
reg3_m60_s6,reg3,prior_init,1,11460,0.8641975308641975
reg3_m60_s6,reg3,prior_init,1,11510,0.8641975308641975
reg3_m60_s6,reg3,prior_init,1,11560,0.8641975308641975
reg3_m60_s6,reg3,prior_init,1,11610,0.8641975308641975
reg3_m60_s6,reg3,prior_init,1,11660,0.8641975308641975
reg3_m60_s6,reg3,prior_init,1,11710,0.8641975308641975
reg3_m60_s6,reg3,prior_init,1,11760,0.8641975308641975
reg3_m60_s6,reg3,prior_init,1,11810,0.8641975308641975
reg3_m60_s6,reg3,prior_init,1,11860,0.8641975308641975
reg3_m60_s6,reg3,prior_init,1,11910,0.8641975308641975
reg3_m60_s6,reg3,prior_init,1,11960,0.8641975308641975
reg3_m60_s6,reg3,prior_init,1,12010,0.8641975308641975
reg3_m60_s6,reg3,prior_init,1,12060,0.8641975308641975
reg3_m60_s6,reg3,prior_init,1,12110,0.8641975308641975
reg3_m60_s6,reg3,prior_init,1,12160,0.8641975308641975
reg3_m60_s6,reg3,prior_init,1,12210,0.8641975308641975
reg3_m60_s6,reg3,prior_init,1,12260,0.8641975308641975
reg3_m60_s6,reg3,prior_init,1,12310,0.8641975308641975
reg3_m60_s6,reg3,prior_init,1,12360,0.8641975308641975
reg3_m60_s6,reg3,prior_init,1,12410,0.8641975308641975
reg3_m60_s6,reg3,prior_init,1,12460,0.8641975308641975
reg3_m60_s6,reg3,prior_init,1,12510,0.8641975308641975
reg3_m60_s6,reg3,prior_init,1,12560,0.8641975308641975
reg3_m60_s6,reg3,prior_init,1,12610,0.8641975308641975
reg3_m60_s6,reg3,prior_init,1,12660,0.8641975308641975
reg3_m60_s6,reg3,prior_init,1,12710,0.8641975308641975
reg3_m60_s6,reg3,prior_init,1,12760,0.8641975308641975
reg3_m60_s6,reg3,prior_init,1,12810,0.8641975308641975
reg3_m60_s6,reg3,prior_init,1,12860,0.8641975308641975
reg3_m60_s6,reg3,prior_init,1,12910,0.8641975308641975
reg3_m60_s6,reg3,prior_init,1,12960,0.8641975308641975
reg3_m60_s6,reg3,prior_init,1,13010,0.8641975308641975
reg3_m60_s6,reg3,prior_init,1,13060,0.8641975308641975
reg3_m60_s6,reg3,prior_init,1,13110,0.8641975308641975
reg3_m60_s6,reg3,prior_init,1,13160,0.8641975308641975
reg3_m60_s6,reg3,prior_init,1,13210,0.8641975308641975
reg3_m60_s6,reg3,prior_init,1,13260,0.8641975308641975
reg3_m60_s6,reg3,prior_init,1,13310,0.8641975308641975
reg3_m60_s6,reg3,prior_init,1,13360,0.8641975308641975
reg3_m60_s6,reg3,prior_init,1,13410,0.8765432098765432
reg3_m60_s6,reg3,prior_init,1,13460,0.8765432098765432
reg3_m60_s6,reg3,prior_init,1,13510,0.8765432098765432
reg3_m60_s6,reg3,prior_init,1,13560,0.8765432098765432
reg3_m60_s6,reg3,prior_init,1,13610,0.8765432098765432
reg3_m60_s6,reg3,prior_init,1,13660,0.8765432098765432
reg3_m60_s6,reg3,prior_init,1,13710,0.8765432098765432
reg3_m60_s6,reg3,prior_init,1,13760,0.8765432098765432
reg3_m60_s6,reg3,prior_init,1,13810,0.8765432098765432
reg3_m60_s6,reg3,prior_init,1,13860,0.8765432098765432
reg3_m60_s6,reg3,prior_init,1,13910,0.8765432098765432
reg3_m60_s6,reg3,prior_init,1,13960,0.8765432098765432
reg3_m60_s6,reg3,prior_init,1,14010,0.8765432098765432
reg3_m60_s6,reg3,prior_init,1,14060,0.8765432098765432
reg3_m60_s6,reg3,prior_init,1,14110,0.8765432098765432
reg3_m60_s6,reg3,prior_init,1,14160,0.8765432098765432
reg3_m60_s6,reg3,prior_init,1,14210,0.8765432098765432
reg3_m60_s6,reg3,prior_init,1,14260,0.8765432098765432
reg3_m60_s6,reg3,prior_init,1,14310,0.8765432098765432
reg3_m60_s6,reg3,prior_init,1,14360,0.8765432098765432
reg3_m60_s6,reg3,prior_init,1,14410,0.8765432098765432
reg3_m60_s6,reg3,prior_init,1,14460,0.8765432098765432
reg3_m60_s6,reg3,prior_init,1,14510,0.8765432098765432
reg3_m60_s6,reg3,prior_init,1,14560,0.8765432098765432
reg3_m60_s6,reg3,prior_init,1,14610,0.8765432098765432
reg3_m60_s6,reg3,prior_init,1,14660,0.8765432098765432
reg3_m60_s6,reg3,prior_init,1,14710,0.8765432098765432
reg3_m60_s6,reg3,prior_init,1,14760,0.8765432098765432
reg3_m60_s6,reg3,prior_init,1,14810,0.8765432098765432
reg3_m60_s6,reg3,prior_init,1,14860,0.8765432098765432
reg3_m60_s6,reg3,prior_init,1,14910,0.8765432098765432
reg3_m60_s6,reg3,prior_init,1,14960,0.8765432098765432
reg3_m60_s6,reg3,prior_init,1,15010,0.8765432098765432
reg3_m60_s6,reg3,prior_init,1,15060,0.8765432098765432
reg3_m60_s6,reg3,prior_init,1,15110,0.8765432098765432
reg3_m60_s6,reg3,prior_init,1,15160,0.8765432098765432
reg3_m60_s6,reg3,prior_init,1,15210,0.8765432098765432
reg3_m60_s6,reg3,prior_init,1,15260,0.8765432098765432
reg3_m60_s6,reg3,prior_init,1,15310,0.8765432098765432
reg3_m60_s6,reg3,prior_init,1,15360,0.8765432098765432
reg3_m60_s6,reg3,prior_init,1,15410,0.8765432098765432
reg3_m60_s6,reg3,prior_init,1,15460,0.8765432098765432
reg3_m60_s6,reg3,prior_init,1,15510,0.8765432098765432
reg3_m60_s6,reg3,prior_init,1,15560,0.8765432098765432
reg3_m60_s6,reg3,prior_init,1,15610,0.8765432098765432
reg3_m60_s6,reg3,prior_init,1,15660,0.8765432098765432
reg3_m60_s6,reg3,prior_init,1,15710,0.8765432098765432
reg3_m60_s6,reg3,prior_init,1,15760,0.8765432098765432
reg3_m60_s6,reg3,prior_init,1,15810,0.8765432098765432
reg3_m60_s6,reg3,prior_init,1,15860,0.8765432098765432
reg3_m60_s6,reg3,prior_init,1,15910,0.8765432098765432
reg3_m60_s6,reg3,prior_init,1,15960,0.8765432098765432
reg3_m60_s6,reg3,prior_init,1,16010,0.8765432098765432
reg3_m60_s6,reg3,prior_init,1,16060,0.8765432098765432
reg3_m60_s6,reg3,prior_init,1,16110,0.8765432098765432
reg3_m60_s6,reg3,prior_init,1,16160,0.8765432098765432
reg3_m60_s6,reg3,prior_init,1,16210,0.8765432098765432
reg3_m60_s6,reg3,prior_init,1,16260,0.8765432098765432
reg3_m60_s6,reg3,prior_init,1,16310,0.8765432098765432
reg3_m60_s6,reg3,prior_init,1,16360,0.8765432098765432
reg3_m60_s6,reg3,prior_init,1,16410,0.8765432098765432
reg3_m60_s6,reg3,prior_init,1,16460,0.8765432098765432
reg3_m60_s6,reg3,prior_init,1,16510,0.8765432098765432
reg3_m60_s6,reg3,prior_init,1,16560,0.8765432098765432
reg3_m60_s6,reg3,prior_init,1,16610,0.8765432098765432
reg3_m60_s6,reg3,prior_init,1,16660,0.8765432098765432
reg3_m60_s6,reg3,prior_init,1,16710,0.8765432098765432
reg3_m60_s6,reg3,prior_init,1,16760,0.8765432098765432
reg3_m60_s6,reg3,prior_init,1,16810,0.8765432098765432
reg3_m60_s6,reg3,prior_init,1,16860,0.8765432098765432
reg3_m60_s6,reg3,prior_init,1,16910,0.8765432098765432
reg3_m60_s6,reg3,prior_init,1,16960,0.8765432098765432
reg3_m60_s6,reg3,prior_init,1,17010,0.8765432098765432
reg3_m60_s6,reg3,prior_init,1,17060,0.8765432098765432
reg3_m60_s6,reg3,prior_init,1,17110,0.8765432098765432
reg3_m60_s6,reg3,prior_init,1,17160,0.8765432098765432
reg3_m60_s6,reg3,prior_init,1,17210,0.8765432098765432
reg3_m60_s6,reg3,prior_init,1,17260,0.8765432098765432
reg3_m60_s6,reg3,prior_init,1,17310,0.8765432098765432
reg3_m60_s6,reg3,prior_init,1,17360,0.8765432098765432
reg3_m60_s6,reg3,prior_init,1,17410,0.8765432098765432
reg3_m60_s6,reg3,prior_init,1,17460,0.8765432098765432
reg3_m60_s6,reg3,prior_init,1,17510,0.8765432098765432
reg3_m60_s6,reg3,prior_init,1,17560,0.8765432098765432
reg3_m60_s6,reg3,prior_init,1,17610,0.8765432098765432
reg3_m60_s6,reg3,prior_init,1,17660,0.8765432098765432
reg3_m60_s6,reg3,prior_init,1,17710,0.8765432098765432
reg3_m60_s6,reg3,prior_init,1,17760,0.8765432098765432
reg3_m60_s6,reg3,prior_init,1,17810,0.8765432098765432
reg3_m60_s6,reg3,prior_init,1,17860,0.8765432098765432
reg3_m60_s6,reg3,prior_init,1,17910,0.8765432098765432
reg3_m60_s6,reg3,prior_init,1,17960,0.8765432098765432
reg3_m60_s6,reg3,prior_init,1,18010,0.8765432098765432
reg3_m60_s6,reg3,prior_init,1,18060,0.8765432098765432
reg3_m60_s6,reg3,prior_init,1,18110,0.8765432098765432
reg3_m60_s6,reg3,prior_init,1,18160,0.8765432098765432
reg3_m60_s6,reg3,prior_init,1,18210,0.8765432098765432
reg3_m60_s6,reg3,prior_init,1,18260,0.8765432098765432
reg3_m60_s6,reg3,prior_init,1,18310,0.8765432098765432
reg3_m60_s6,reg3,prior_init,1,18360,0.8765432098765432
reg3_m60_s6,reg3,prior_init,1,18410,0.8765432098765432
reg3_m60_s6,reg3,prior_init,1,18460,0.8765432098765432
reg3_m60_s6,reg3,prior_init,1,18510,0.8765432098765432
reg3_m60_s6,reg3,prior_init,1,18560,0.8765432098765432
reg3_m60_s6,reg3,prior_init,1,18610,0.8765432098765432
reg3_m60_s6,reg3,prior_init,1,18660,0.8765432098765432
reg3_m60_s6,reg3,prior_init,1,18710,0.8765432098765432
reg3_m60_s6,reg3,prior_init,1,18760,0.8765432098765432
reg3_m60_s6,reg3,prior_init,1,18810,0.8765432098765432
reg3_m60_s6,reg3,prior_init,1,18860,0.8765432098765432
reg3_m60_s6,reg3,prior_init,1,18910,0.8765432098765432
reg3_m60_s6,reg3,prior_init,1,18960,0.8765432098765432
reg3_m60_s6,reg3,prior_init,1,19010,0.8765432098765432
reg3_m60_s6,reg3,prior_init,1,19060,0.8765432098765432
reg3_m60_s6,reg3,prior_init,1,19110,0.8765432098765432
reg3_m60_s6,reg3,prior_init,1,19160,0.8765432098765432
reg3_m60_s6,reg3,prior_init,1,19210,0.8765432098765432
reg3_m60_s6,reg3,prior_init,1,19260,0.8765432098765432
reg3_m60_s6,reg3,prior_init,1,19310,0.8765432098765432
reg3_m60_s6,reg3,prior_init,1,19360,0.8765432098765432
reg3_m60_s6,reg3,prior_init,1,19410,0.8765432098765432
reg3_m60_s6,reg3,prior_init,1,19460,0.8765432098765432
reg3_m60_s6,reg3,prior_init,1,19510,0.8765432098765432
reg3_m60_s6,reg3,prior_init,1,19560,0.8765432098765432
reg3_m60_s6,reg3,prior_init,1,19610,0.8765432098765432
reg3_m60_s6,reg3,prior_init,1,19660,0.8765432098765432
reg3_m60_s6,reg3,prior_init,1,19710,0.8765432098765432
reg3_m60_s6,reg3,prior_init,1,19760,0.8765432098765432
reg3_m60_s6,reg3,prior_init,1,19810,0.8765432098765432
reg3_m60_s6,reg3,prior_init,1,19860,0.8765432098765432
reg3_m60_s6,reg3,prior_init,1,19910,0.8765432098765432
reg3_m60_s6,reg3,prior_init,1,19960,0.8765432098765432
reg3_m60_s6,reg3,prior_init,1,20010,0.8765432098765432
reg3_m60_s6,reg3,prior_prop,1,10,0.6172839506172839
reg3_m60_s6,reg3,prior_prop,1,60,0.691358024691358
reg3_m60_s6,reg3,prior_prop,1,110,0.7283950617283951
reg3_m60_s6,reg3,prior_prop,1,160,0.7283950617283951
reg3_m60_s6,reg3,prior_prop,1,210,0.7530864197530864
reg3_m60_s6,reg3,prior_prop,1,260,0.7530864197530864
reg3_m60_s6,reg3,prior_prop,1,310,0.7530864197530864
reg3_m60_s6,reg3,prior_prop,1,360,0.8024691358024691
reg3_m60_s6,reg3,prior_prop,1,410,0.8024691358024691
reg3_m60_s6,reg3,prior_prop,1,460,0.8024691358024691
reg3_m60_s6,reg3,prior_prop,1,510,0.8024691358024691
reg3_m60_s6,reg3,prior_prop,1,560,0.8024691358024691
reg3_m60_s6,reg3,prior_prop,1,610,0.8024691358024691
reg3_m60_s6,reg3,prior_prop,1,660,0.8024691358024691
reg3_m60_s6,reg3,prior_prop,1,710,0.8024691358024691
reg3_m60_s6,reg3,prior_prop,1,760,0.8024691358024691
reg3_m60_s6,reg3,prior_prop,1,810,0.8024691358024691
reg3_m60_s6,reg3,prior_prop,1,860,0.8148148148148148
reg3_m60_s6,reg3,prior_prop,1,910,0.8148148148148148
reg3_m60_s6,reg3,prior_prop,1,960,0.8271604938271605
reg3_m60_s6,reg3,prior_prop,1,1010,0.8271604938271605
reg3_m60_s6,reg3,prior_prop,1,1060,0.8271604938271605
reg3_m60_s6,reg3,prior_prop,1,1110,0.8271604938271605
reg3_m60_s6,reg3,prior_prop,1,1160,0.8271604938271605
reg3_m60_s6,reg3,prior_prop,1,1210,0.8395061728395061
reg3_m60_s6,reg3,prior_prop,1,1260,0.8395061728395061
reg3_m60_s6,reg3,prior_prop,1,1310,0.8395061728395061
reg3_m60_s6,reg3,prior_prop,1,1360,0.8395061728395061
reg3_m60_s6,reg3,prior_prop,1,1410,0.8395061728395061
reg3_m60_s6,reg3,prior_prop,1,1460,0.8395061728395061
reg3_m60_s6,reg3,prior_prop,1,1510,0.8395061728395061
reg3_m60_s6,reg3,prior_prop,1,1560,0.8395061728395061
reg3_m60_s6,reg3,prior_prop,1,1610,0.8395061728395061
reg3_m60_s6,reg3,prior_prop,1,1660,0.8395061728395061
reg3_m60_s6,reg3,prior_prop,1,1710,0.8395061728395061
reg3_m60_s6,reg3,prior_prop,1,1760,0.8395061728395061
reg3_m60_s6,reg3,prior_prop,1,1810,0.8395061728395061
reg3_m60_s6,reg3,prior_prop,1,1860,0.8395061728395061
reg3_m60_s6,reg3,prior_prop,1,1910,0.8395061728395061
reg3_m60_s6,reg3,prior_prop,1,1960,0.8395061728395061
reg3_m60_s6,reg3,prior_prop,1,2010,0.8395061728395061
reg3_m60_s6,reg3,prior_prop,1,2060,0.8395061728395061
reg3_m60_s6,reg3,prior_prop,1,2110,0.8395061728395061
reg3_m60_s6,reg3,prior_prop,1,2160,0.8395061728395061
reg3_m60_s6,reg3,prior_prop,1,2210,0.8395061728395061
reg3_m60_s6,reg3,prior_prop,1,2260,0.8395061728395061
reg3_m60_s6,reg3,prior_prop,1,2310,0.8395061728395061
reg3_m60_s6,reg3,prior_prop,1,2360,0.8395061728395061
reg3_m60_s6,reg3,prior_prop,1,2410,0.8395061728395061
reg3_m60_s6,reg3,prior_prop,1,2460,0.8395061728395061
reg3_m60_s6,reg3,prior_prop,1,2510,0.8395061728395061
reg3_m60_s6,reg3,prior_prop,1,2560,0.8395061728395061
reg3_m60_s6,reg3,prior_prop,1,2610,0.8395061728395061
reg3_m60_s6,reg3,prior_prop,1,2660,0.8395061728395061
reg3_m60_s6,reg3,prior_prop,1,2710,0.8395061728395061
reg3_m60_s6,reg3,prior_prop,1,2760,0.8395061728395061
reg3_m60_s6,reg3,prior_prop,1,2810,0.8395061728395061
reg3_m60_s6,reg3,prior_prop,1,2860,0.8395061728395061
reg3_m60_s6,reg3,prior_prop,1,2910,0.8395061728395061
reg3_m60_s6,reg3,prior_prop,1,2960,0.8395061728395061
reg3_m60_s6,reg3,prior_prop,1,3010,0.8395061728395061
reg3_m60_s6,reg3,prior_prop,1,3060,0.8395061728395061
reg3_m60_s6,reg3,prior_prop,1,3110,0.8395061728395061
reg3_m60_s6,reg3,prior_prop,1,3160,0.8395061728395061
reg3_m60_s6,reg3,prior_prop,1,3210,0.8395061728395061
reg3_m60_s6,reg3,prior_prop,1,3260,0.8395061728395061
reg3_m60_s6,reg3,prior_prop,1,3310,0.8395061728395061
reg3_m60_s6,reg3,prior_prop,1,3360,0.8395061728395061
reg3_m60_s6,reg3,prior_prop,1,3410,0.8395061728395061
reg3_m60_s6,reg3,prior_prop,1,3460,0.8395061728395061
reg3_m60_s6,reg3,prior_prop,1,3510,0.8395061728395061
reg3_m60_s6,reg3,prior_prop,1,3560,0.8395061728395061
reg3_m60_s6,reg3,prior_prop,1,3610,0.8395061728395061
reg3_m60_s6,reg3,prior_prop,1,3660,0.8395061728395061
reg3_m60_s6,reg3,prior_prop,1,3710,0.8395061728395061
reg3_m60_s6,reg3,prior_prop,1,3760,0.8395061728395061
reg3_m60_s6,reg3,prior_prop,1,3810,0.8395061728395061
reg3_m60_s6,reg3,prior_prop,1,3860,0.8395061728395061
reg3_m60_s6,reg3,prior_prop,1,3910,0.8395061728395061
reg3_m60_s6,reg3,prior_prop,1,3960,0.8395061728395061
reg3_m60_s6,reg3,prior_prop,1,4010,0.8395061728395061
reg3_m60_s6,reg3,prior_prop,1,4060,0.8395061728395061
reg3_m60_s6,reg3,prior_prop,1,4110,0.8395061728395061
reg3_m60_s6,reg3,prior_prop,1,4160,0.8395061728395061
reg3_m60_s6,reg3,prior_prop,1,4210,0.8395061728395061
reg3_m60_s6,reg3,prior_prop,1,4260,0.8395061728395061
reg3_m60_s6,reg3,prior_prop,1,4310,0.8395061728395061
reg3_m60_s6,reg3,prior_prop,1,4360,0.8395061728395061
reg3_m60_s6,reg3,prior_prop,1,4410,0.8395061728395061
reg3_m60_s6,reg3,prior_prop,1,4460,0.8395061728395061
reg3_m60_s6,reg3,prior_prop,1,4510,0.8395061728395061
reg3_m60_s6,reg3,prior_prop,1,4560,0.8395061728395061
reg3_m60_s6,reg3,prior_prop,1,4610,0.8395061728395061
reg3_m60_s6,reg3,prior_prop,1,4660,0.8395061728395061
reg3_m60_s6,reg3,prior_prop,1,4710,0.8395061728395061
reg3_m60_s6,reg3,prior_prop,1,4760,0.8395061728395061
reg3_m60_s6,reg3,prior_prop,1,4810,0.8395061728395061
reg3_m60_s6,reg3,prior_prop,1,4860,0.8395061728395061
reg3_m60_s6,reg3,prior_prop,1,4910,0.8395061728395061
reg3_m60_s6,reg3,prior_prop,1,4960,0.8395061728395061
reg3_m60_s6,reg3,prior_prop,1,5010,0.8395061728395061
reg3_m60_s6,reg3,prior_prop,1,5060,0.8395061728395061
reg3_m60_s6,reg3,prior_prop,1,5110,0.8395061728395061
reg3_m60_s6,reg3,prior_prop,1,5160,0.8395061728395061
reg3_m60_s6,reg3,prior_prop,1,5210,0.8395061728395061
reg3_m60_s6,reg3,prior_prop,1,5260,0.8395061728395061
reg3_m60_s6,reg3,prior_prop,1,5310,0.8395061728395061
reg3_m60_s6,reg3,prior_prop,1,5360,0.8395061728395061
reg3_m60_s6,reg3,prior_prop,1,5410,0.8395061728395061
reg3_m60_s6,reg3,prior_prop,1,5460,0.8395061728395061
reg3_m60_s6,reg3,prior_prop,1,5510,0.8395061728395061
reg3_m60_s6,reg3,prior_prop,1,5560,0.8395061728395061
reg3_m60_s6,reg3,prior_prop,1,5610,0.8395061728395061
reg3_m60_s6,reg3,prior_prop,1,5660,0.8395061728395061
reg3_m60_s6,reg3,prior_prop,1,5710,0.8395061728395061
reg3_m60_s6,reg3,prior_prop,1,5760,0.8395061728395061
reg3_m60_s6,reg3,prior_prop,1,5810,0.8395061728395061
reg3_m60_s6,reg3,prior_prop,1,5860,0.8395061728395061
reg3_m60_s6,reg3,prior_prop,1,5910,0.8395061728395061
reg3_m60_s6,reg3,prior_prop,1,5960,0.8395061728395061
reg3_m60_s6,reg3,prior_prop,1,6010,0.8395061728395061
reg3_m60_s6,reg3,prior_prop,1,6060,0.8395061728395061
reg3_m60_s6,reg3,prior_prop,1,6110,0.8395061728395061
reg3_m60_s6,reg3,prior_prop,1,6160,0.8395061728395061
reg3_m60_s6,reg3,prior_prop,1,6210,0.8395061728395061
reg3_m60_s6,reg3,prior_prop,1,6260,0.8395061728395061
reg3_m60_s6,reg3,prior_prop,1,6310,0.8395061728395061
reg3_m60_s6,reg3,prior_prop,1,6360,0.8395061728395061
reg3_m60_s6,reg3,prior_prop,1,6410,0.8395061728395061
reg3_m60_s6,reg3,prior_prop,1,6460,0.8395061728395061
reg3_m60_s6,reg3,prior_prop,1,6510,0.8395061728395061
reg3_m60_s6,reg3,prior_prop,1,6560,0.8395061728395061
reg3_m60_s6,reg3,prior_prop,1,6610,0.8395061728395061
reg3_m60_s6,reg3,prior_prop,1,6660,0.8395061728395061
reg3_m60_s6,reg3,prior_prop,1,6710,0.8395061728395061
reg3_m60_s6,reg3,prior_prop,1,6760,0.8395061728395061
reg3_m60_s6,reg3,prior_prop,1,6810,0.8395061728395061
reg3_m60_s6,reg3,prior_prop,1,6860,0.8395061728395061
reg3_m60_s6,reg3,prior_prop,1,6910,0.8395061728395061
reg3_m60_s6,reg3,prior_prop,1,6960,0.8395061728395061
reg3_m60_s6,reg3,prior_prop,1,7010,0.8395061728395061
reg3_m60_s6,reg3,prior_prop,1,7060,0.8395061728395061
reg3_m60_s6,reg3,prior_prop,1,7110,0.8395061728395061
reg3_m60_s6,reg3,prior_prop,1,7160,0.8395061728395061
reg3_m60_s6,reg3,prior_prop,1,7210,0.8395061728395061
reg3_m60_s6,reg3,prior_prop,1,7260,0.8395061728395061
reg3_m60_s6,reg3,prior_prop,1,7310,0.8395061728395061
reg3_m60_s6,reg3,prior_prop,1,7360,0.8395061728395061
reg3_m60_s6,reg3,prior_prop,1,7410,0.8395061728395061
reg3_m60_s6,reg3,prior_prop,1,7460,0.8395061728395061
reg3_m60_s6,reg3,prior_prop,1,7510,0.8395061728395061
reg3_m60_s6,reg3,prior_prop,1,7560,0.8395061728395061
reg3_m60_s6,reg3,prior_prop,1,7610,0.8395061728395061
reg3_m60_s6,reg3,prior_prop,1,7660,0.8395061728395061
reg3_m60_s6,reg3,prior_prop,1,7710,0.8395061728395061
reg3_m60_s6,reg3,prior_prop,1,7760,0.8395061728395061
reg3_m60_s6,reg3,prior_prop,1,7810,0.8395061728395061
reg3_m60_s6,reg3,prior_prop,1,7860,0.8395061728395061
reg3_m60_s6,reg3,prior_prop,1,7910,0.8395061728395061
reg3_m60_s6,reg3,prior_prop,1,7960,0.8395061728395061
reg3_m60_s6,reg3,prior_prop,1,8010,0.8395061728395061
reg3_m60_s6,reg3,prior_prop,1,8060,0.8395061728395061
reg3_m60_s6,reg3,prior_prop,1,8110,0.8395061728395061
reg3_m60_s6,reg3,prior_prop,1,8160,0.8395061728395061
reg3_m60_s6,reg3,prior_prop,1,8210,0.8395061728395061
reg3_m60_s6,reg3,prior_prop,1,8260,0.8395061728395061
reg3_m60_s6,reg3,prior_prop,1,8310,0.8395061728395061
reg3_m60_s6,reg3,prior_prop,1,8360,0.8395061728395061
reg3_m60_s6,reg3,prior_prop,1,8410,0.8395061728395061
reg3_m60_s6,reg3,prior_prop,1,8460,0.8395061728395061
reg3_m60_s6,reg3,prior_prop,1,8510,0.8395061728395061
reg3_m60_s6,reg3,prior_prop,1,8560,0.8395061728395061
reg3_m60_s6,reg3,prior_prop,1,8610,0.8395061728395061
reg3_m60_s6,reg3,prior_prop,1,8660,0.8395061728395061
reg3_m60_s6,reg3,prior_prop,1,8710,0.8395061728395061
reg3_m60_s6,reg3,prior_prop,1,8760,0.8395061728395061
reg3_m60_s6,reg3,prior_prop,1,8810,0.8395061728395061
reg3_m60_s6,reg3,prior_prop,1,8860,0.8395061728395061
reg3_m60_s6,reg3,prior_prop,1,8910,0.8395061728395061
reg3_m60_s6,reg3,prior_prop,1,8960,0.8395061728395061
reg3_m60_s6,reg3,prior_prop,1,9010,0.8395061728395061
reg3_m60_s6,reg3,prior_prop,1,9060,0.8395061728395061
reg3_m60_s6,reg3,prior_prop,1,9110,0.8395061728395061
reg3_m60_s6,reg3,prior_prop,1,9160,0.8395061728395061
reg3_m60_s6,reg3,prior_prop,1,9210,0.8395061728395061
reg3_m60_s6,reg3,prior_prop,1,9260,0.8395061728395061
reg3_m60_s6,reg3,prior_prop,1,9310,0.8395061728395061
reg3_m60_s6,reg3,prior_prop,1,9360,0.8395061728395061
reg3_m60_s6,reg3,prior_prop,1,9410,0.8395061728395061
reg3_m60_s6,reg3,prior_prop,1,9460,0.8395061728395061
reg3_m60_s6,reg3,prior_prop,1,9510,0.8395061728395061
reg3_m60_s6,reg3,prior_prop,1,9560,0.8395061728395061
reg3_m60_s6,reg3,prior_prop,1,9610,0.8395061728395061
reg3_m60_s6,reg3,prior_prop,1,9660,0.8395061728395061
reg3_m60_s6,reg3,prior_prop,1,9710,0.8395061728395061
reg3_m60_s6,reg3,prior_prop,1,9760,0.8395061728395061
reg3_m60_s6,reg3,prior_prop,1,9810,0.8395061728395061
reg3_m60_s6,reg3,prior_prop,1,9860,0.8395061728395061
reg3_m60_s6,reg3,prior_prop,1,9910,0.8395061728395061
reg3_m60_s6,reg3,prior_prop,1,9960,0.8395061728395061
reg3_m60_s6,reg3,prior_prop,1,10010,0.8395061728395061
reg3_m60_s6,reg3,prior_prop,1,10060,0.8518518518518519
reg3_m60_s6,reg3,prior_prop,1,10110,0.8518518518518519
reg3_m60_s6,reg3,prior_prop,1,10160,0.8518518518518519
reg3_m60_s6,reg3,prior_prop,1,10210,0.8518518518518519
reg3_m60_s6,reg3,prior_prop,1,10260,0.8518518518518519
reg3_m60_s6,reg3,prior_prop,1,10310,0.8518518518518519
reg3_m60_s6,reg3,prior_prop,1,10360,0.8518518518518519
reg3_m60_s6,reg3,prior_prop,1,10410,0.8518518518518519
reg3_m60_s6,reg3,prior_prop,1,10460,0.8518518518518519
reg3_m60_s6,reg3,prior_prop,1,10510,0.8518518518518519
reg3_m60_s6,reg3,prior_prop,1,10560,0.8518518518518519
reg3_m60_s6,reg3,prior_prop,1,10610,0.8518518518518519
reg3_m60_s6,reg3,prior_prop,1,10660,0.8518518518518519
reg3_m60_s6,reg3,prior_prop,1,10710,0.8518518518518519
reg3_m60_s6,reg3,prior_prop,1,10760,0.8518518518518519
reg3_m60_s6,reg3,prior_prop,1,10810,0.8518518518518519
reg3_m60_s6,reg3,prior_prop,1,10860,0.8518518518518519
reg3_m60_s6,reg3,prior_prop,1,10910,0.8518518518518519
reg3_m60_s6,reg3,prior_prop,1,10960,0.8518518518518519
reg3_m60_s6,reg3,prior_prop,1,11010,0.8518518518518519
reg3_m60_s6,reg3,prior_prop,1,11060,0.8518518518518519
reg3_m60_s6,reg3,prior_prop,1,11110,0.8518518518518519
reg3_m60_s6,reg3,prior_prop,1,11160,0.8518518518518519
reg3_m60_s6,reg3,prior_prop,1,11210,0.8518518518518519
reg3_m60_s6,reg3,prior_prop,1,11260,0.8518518518518519
reg3_m60_s6,reg3,prior_prop,1,11310,0.8518518518518519
reg3_m60_s6,reg3,prior_prop,1,11360,0.8518518518518519
reg3_m60_s6,reg3,prior_prop,1,11410,0.8518518518518519
reg3_m60_s6,reg3,prior_prop,1,11460,0.8518518518518519
reg3_m60_s6,reg3,prior_prop,1,11510,0.8518518518518519
reg3_m60_s6,reg3,prior_prop,1,11560,0.8518518518518519
reg3_m60_s6,reg3,prior_prop,1,11610,0.8518518518518519
reg3_m60_s6,reg3,prior_prop,1,11660,0.8518518518518519
reg3_m60_s6,reg3,prior_prop,1,11710,0.8518518518518519
reg3_m60_s6,reg3,prior_prop,1,11760,0.8518518518518519
reg3_m60_s6,reg3,prior_prop,1,11810,0.8518518518518519
reg3_m60_s6,reg3,prior_prop,1,11860,0.8518518518518519
reg3_m60_s6,reg3,prior_prop,1,11910,0.8518518518518519
reg3_m60_s6,reg3,prior_prop,1,11960,0.8518518518518519
reg3_m60_s6,reg3,prior_prop,1,12010,0.8518518518518519
reg3_m60_s6,reg3,prior_prop,1,12060,0.8518518518518519
reg3_m60_s6,reg3,prior_prop,1,12110,0.8518518518518519
reg3_m60_s6,reg3,prior_prop,1,12160,0.8641975308641975
reg3_m60_s6,reg3,prior_prop,1,12210,0.8641975308641975
reg3_m60_s6,reg3,prior_prop,1,12260,0.8641975308641975
reg3_m60_s6,reg3,prior_prop,1,12310,0.8641975308641975
reg3_m60_s6,reg3,prior_prop,1,12360,0.8641975308641975
reg3_m60_s6,reg3,prior_prop,1,12410,0.8641975308641975
reg3_m60_s6,reg3,prior_prop,1,12460,0.8641975308641975
reg3_m60_s6,reg3,prior_prop,1,12510,0.8641975308641975
reg3_m60_s6,reg3,prior_prop,1,12560,0.8641975308641975
reg3_m60_s6,reg3,prior_prop,1,12610,0.8641975308641975
reg3_m60_s6,reg3,prior_prop,1,12660,0.8641975308641975
reg3_m60_s6,reg3,prior_prop,1,12710,0.8641975308641975
reg3_m60_s6,reg3,prior_prop,1,12760,0.8641975308641975
reg3_m60_s6,reg3,prior_prop,1,12810,0.8641975308641975
reg3_m60_s6,reg3,prior_prop,1,12860,0.8641975308641975
reg3_m60_s6,reg3,prior_prop,1,12910,0.8641975308641975
reg3_m60_s6,reg3,prior_prop,1,12960,0.8641975308641975
reg3_m60_s6,reg3,prior_prop,1,13010,0.8641975308641975
reg3_m60_s6,reg3,prior_prop,1,13060,0.8641975308641975
reg3_m60_s6,reg3,prior_prop,1,13110,0.8641975308641975
reg3_m60_s6,reg3,prior_prop,1,13160,0.8641975308641975
reg3_m60_s6,reg3,prior_prop,1,13210,0.8641975308641975
reg3_m60_s6,reg3,prior_prop,1,13260,0.8641975308641975
reg3_m60_s6,reg3,prior_prop,1,13310,0.8641975308641975
reg3_m60_s6,reg3,prior_prop,1,13360,0.8641975308641975
reg3_m60_s6,reg3,prior_prop,1,13410,0.8641975308641975
reg3_m60_s6,reg3,prior_prop,1,13460,0.8641975308641975
reg3_m60_s6,reg3,prior_prop,1,13510,0.8641975308641975
reg3_m60_s6,reg3,prior_prop,1,13560,0.8641975308641975
reg3_m60_s6,reg3,prior_prop,1,13610,0.8641975308641975
reg3_m60_s6,reg3,prior_prop,1,13660,0.8641975308641975
reg3_m60_s6,reg3,prior_prop,1,13710,0.8641975308641975
reg3_m60_s6,reg3,prior_prop,1,13760,0.8641975308641975
reg3_m60_s6,reg3,prior_prop,1,13810,0.8641975308641975
reg3_m60_s6,reg3,prior_prop,1,13860,0.8641975308641975
reg3_m60_s6,reg3,prior_prop,1,13910,0.8641975308641975
reg3_m60_s6,reg3,prior_prop,1,13960,0.8641975308641975
reg3_m60_s6,reg3,prior_prop,1,14010,0.8641975308641975
reg3_m60_s6,reg3,prior_prop,1,14060,0.8641975308641975
reg3_m60_s6,reg3,prior_prop,1,14110,0.8641975308641975
reg3_m60_s6,reg3,prior_prop,1,14160,0.8641975308641975
reg3_m60_s6,reg3,prior_prop,1,14210,0.8641975308641975
reg3_m60_s6,reg3,prior_prop,1,14260,0.8641975308641975
reg3_m60_s6,reg3,prior_prop,1,14310,0.8641975308641975
reg3_m60_s6,reg3,prior_prop,1,14360,0.8641975308641975
reg3_m60_s6,reg3,prior_prop,1,14410,0.8641975308641975
reg3_m60_s6,reg3,prior_prop,1,14460,0.8641975308641975
reg3_m60_s6,reg3,prior_prop,1,14510,0.8641975308641975
reg3_m60_s6,reg3,prior_prop,1,14560,0.8641975308641975
reg3_m60_s6,reg3,prior_prop,1,14610,0.8641975308641975
reg3_m60_s6,reg3,prior_prop,1,14660,0.8641975308641975
reg3_m60_s6,reg3,prior_prop,1,14710,0.8641975308641975
reg3_m60_s6,reg3,prior_prop,1,14760,0.8641975308641975
reg3_m60_s6,reg3,prior_prop,1,14810,0.8765432098765432
reg3_m60_s6,reg3,prior_prop,1,14860,0.8765432098765432
reg3_m60_s6,reg3,prior_prop,1,14910,0.8765432098765432
reg3_m60_s6,reg3,prior_prop,1,14960,0.8765432098765432
reg3_m60_s6,reg3,prior_prop,1,15010,0.8765432098765432
reg3_m60_s6,reg3,prior_prop,1,15060,0.8765432098765432
reg3_m60_s6,reg3,prior_prop,1,15110,0.8765432098765432
reg3_m60_s6,reg3,prior_prop,1,15160,0.8765432098765432
reg3_m60_s6,reg3,prior_prop,1,15210,0.8765432098765432
reg3_m60_s6,reg3,prior_prop,1,15260,0.8765432098765432
reg3_m60_s6,reg3,prior_prop,1,15310,0.8765432098765432
reg3_m60_s6,reg3,prior_prop,1,15360,0.8765432098765432
reg3_m60_s6,reg3,prior_prop,1,15410,0.8765432098765432
reg3_m60_s6,reg3,prior_prop,1,15460,0.8765432098765432
reg3_m60_s6,reg3,prior_prop,1,15510,0.8765432098765432
reg3_m60_s6,reg3,prior_prop,1,15560,0.8765432098765432
reg3_m60_s6,reg3,prior_prop,1,15610,0.8765432098765432
reg3_m60_s6,reg3,prior_prop,1,15660,0.8765432098765432
reg3_m60_s6,reg3,prior_prop,1,15710,0.8765432098765432
reg3_m60_s6,reg3,prior_prop,1,15760,0.8765432098765432
reg3_m60_s6,reg3,prior_prop,1,15810,0.8765432098765432
reg3_m60_s6,reg3,prior_prop,1,15860,0.8765432098765432
reg3_m60_s6,reg3,prior_prop,1,15910,0.8765432098765432
reg3_m60_s6,reg3,prior_prop,1,15960,0.8765432098765432
reg3_m60_s6,reg3,prior_prop,1,16010,0.8765432098765432
reg3_m60_s6,reg3,prior_prop,1,16060,0.8765432098765432
reg3_m60_s6,reg3,prior_prop,1,16110,0.8765432098765432
reg3_m60_s6,reg3,prior_prop,1,16160,0.8765432098765432
reg3_m60_s6,reg3,prior_prop,1,16210,0.8765432098765432
reg3_m60_s6,reg3,prior_prop,1,16260,0.8765432098765432
reg3_m60_s6,reg3,prior_prop,1,16310,0.8765432098765432
reg3_m60_s6,reg3,prior_prop,1,16360,0.8765432098765432
reg3_m60_s6,reg3,prior_prop,1,16410,0.8765432098765432
reg3_m60_s6,reg3,prior_prop,1,16460,0.8765432098765432
reg3_m60_s6,reg3,prior_prop,1,16510,0.8765432098765432
reg3_m60_s6,reg3,prior_prop,1,16560,0.8765432098765432
reg3_m60_s6,reg3,prior_prop,1,16610,0.8765432098765432
reg3_m60_s6,reg3,prior_prop,1,16660,0.8765432098765432
reg3_m60_s6,reg3,prior_prop,1,16710,0.8765432098765432
reg3_m60_s6,reg3,prior_prop,1,16760,0.8765432098765432
reg3_m60_s6,reg3,prior_prop,1,16810,0.8765432098765432
reg3_m60_s6,reg3,prior_prop,1,16860,0.8765432098765432
reg3_m60_s6,reg3,prior_prop,1,16910,0.8765432098765432
reg3_m60_s6,reg3,prior_prop,1,16960,0.8765432098765432
reg3_m60_s6,reg3,prior_prop,1,17010,0.8765432098765432
reg3_m60_s6,reg3,prior_prop,1,17060,0.8765432098765432
reg3_m60_s6,reg3,prior_prop,1,17110,0.8765432098765432
reg3_m60_s6,reg3,prior_prop,1,17160,0.8765432098765432
reg3_m60_s6,reg3,prior_prop,1,17210,0.8765432098765432
reg3_m60_s6,reg3,prior_prop,1,17260,0.8765432098765432
reg3_m60_s6,reg3,prior_prop,1,17310,0.8765432098765432
reg3_m60_s6,reg3,prior_prop,1,17360,0.8765432098765432
reg3_m60_s6,reg3,prior_prop,1,17410,0.8765432098765432
reg3_m60_s6,reg3,prior_prop,1,17460,0.8765432098765432
reg3_m60_s6,reg3,prior_prop,1,17510,0.8765432098765432
reg3_m60_s6,reg3,prior_prop,1,17560,0.8765432098765432
reg3_m60_s6,reg3,prior_prop,1,17610,0.8765432098765432
reg3_m60_s6,reg3,prior_prop,1,17660,0.8765432098765432
reg3_m60_s6,reg3,prior_prop,1,17710,0.8765432098765432
reg3_m60_s6,reg3,prior_prop,1,17760,0.8765432098765432
reg3_m60_s6,reg3,prior_prop,1,17810,0.8765432098765432
reg3_m60_s6,reg3,prior_prop,1,17860,0.8765432098765432
reg3_m60_s6,reg3,prior_prop,1,17910,0.8765432098765432
reg3_m60_s6,reg3,prior_prop,1,17960,0.8765432098765432
reg3_m60_s6,reg3,prior_prop,1,18010,0.8765432098765432
reg3_m60_s6,reg3,prior_prop,1,18060,0.8765432098765432
reg3_m60_s6,reg3,prior_prop,1,18110,0.8765432098765432
reg3_m60_s6,reg3,prior_prop,1,18160,0.8765432098765432
reg3_m60_s6,reg3,prior_prop,1,18210,0.8765432098765432
reg3_m60_s6,reg3,prior_prop,1,18260,0.8765432098765432
reg3_m60_s6,reg3,prior_prop,1,18310,0.8765432098765432
reg3_m60_s6,reg3,prior_prop,1,18360,0.8765432098765432
reg3_m60_s6,reg3,prior_prop,1,18410,0.8765432098765432
reg3_m60_s6,reg3,prior_prop,1,18460,0.8765432098765432
reg3_m60_s6,reg3,prior_prop,1,18510,0.8765432098765432
reg3_m60_s6,reg3,prior_prop,1,18560,0.8765432098765432
reg3_m60_s6,reg3,prior_prop,1,18610,0.8765432098765432
reg3_m60_s6,reg3,prior_prop,1,18660,0.8765432098765432
reg3_m60_s6,reg3,prior_prop,1,18710,0.8765432098765432
reg3_m60_s6,reg3,prior_prop,1,18760,0.8765432098765432
reg3_m60_s6,reg3,prior_prop,1,18810,0.8765432098765432
reg3_m60_s6,reg3,prior_prop,1,18860,0.8765432098765432
reg3_m60_s6,reg3,prior_prop,1,18910,0.8765432098765432
reg3_m60_s6,reg3,prior_prop,1,18960,0.8765432098765432
reg3_m60_s6,reg3,prior_prop,1,19010,0.8765432098765432
reg3_m60_s6,reg3,prior_prop,1,19060,0.8765432098765432
reg3_m60_s6,reg3,prior_prop,1,19110,0.8765432098765432
reg3_m60_s6,reg3,prior_prop,1,19160,0.8765432098765432
reg3_m60_s6,reg3,prior_prop,1,19210,0.8765432098765432
reg3_m60_s6,reg3,prior_prop,1,19260,0.8765432098765432
reg3_m60_s6,reg3,prior_prop,1,19310,0.8765432098765432
reg3_m60_s6,reg3,prior_prop,1,19360,0.8765432098765432
reg3_m60_s6,reg3,prior_prop,1,19410,0.8765432098765432
reg3_m60_s6,reg3,prior_prop,1,19460,0.8765432098765432
reg3_m60_s6,reg3,prior_prop,1,19510,0.8765432098765432
reg3_m60_s6,reg3,prior_prop,1,19560,0.8765432098765432
reg3_m60_s6,reg3,prior_prop,1,19610,0.8765432098765432
reg3_m60_s6,reg3,prior_prop,1,19660,0.8765432098765432
reg3_m60_s6,reg3,prior_prop,1,19710,0.8765432098765432
reg3_m60_s6,reg3,prior_prop,1,19760,0.8765432098765432
reg3_m60_s6,reg3,prior_prop,1,19810,0.8765432098765432
reg3_m60_s6,reg3,prior_prop,1,19860,0.8765432098765432
reg3_m60_s6,reg3,prior_prop,1,19910,0.8765432098765432
reg3_m60_s6,reg3,prior_prop,1,19960,0.8765432098765432
reg3_m60_s6,reg3,prior_prop,1,20010,0.8765432098765432
reg3_m60_s6,reg3,db_rescore,1,10,0.8148148148148148
reg3_m60_s6,reg3,db_rescore,1,60,0.8148148148148148
reg3_m60_s6,reg3,db_rescore,1,110,0.8148148148148148
reg3_m60_s6,reg3,db_rescore,1,160,0.8148148148148148
reg3_m60_s6,reg3,db_rescore,1,210,0.8148148148148148
reg3_m60_s6,reg3,db_rescore,1,260,0.8148148148148148
reg3_m60_s6,reg3,db_rescore,1,310,0.8148148148148148
reg3_m60_s6,reg3,db_rescore,1,360,0.8148148148148148
reg3_m60_s6,reg3,db_rescore,1,410,0.8148148148148148
reg3_m60_s6,reg3,db_rescore,1,460,0.8148148148148148
reg3_m60_s6,reg3,db_rescore,1,510,0.8148148148148148
reg3_m60_s6,reg3,db_rescore,1,560,0.8148148148148148
reg3_m60_s6,reg3,db_rescore,1,610,0.8395061728395061
reg3_m60_s6,reg3,db_rescore,1,660,0.8395061728395061
reg3_m60_s6,reg3,db_rescore,1,710,0.8395061728395061
reg3_m60_s6,reg3,db_rescore,1,760,0.8395061728395061
reg3_m60_s6,reg3,db_rescore,1,810,0.8395061728395061
reg3_m60_s6,reg3,db_rescore,1,860,0.8395061728395061
reg3_m60_s6,reg3,db_rescore,1,910,0.8395061728395061
reg3_m60_s6,reg3,db_rescore,1,960,0.8395061728395061
reg3_m60_s6,reg3,db_rescore,1,1010,0.8395061728395061
reg3_m60_s6,reg3,db_rescore,1,1060,0.8395061728395061
reg3_m60_s6,reg3,db_rescore,1,1110,0.8395061728395061
reg3_m60_s6,reg3,db_rescore,1,1160,0.8395061728395061
reg3_m60_s6,reg3,db_rescore,1,1210,0.8395061728395061
reg3_m60_s6,reg3,db_rescore,1,1260,0.8395061728395061
reg3_m60_s6,reg3,db_rescore,1,1310,0.8395061728395061
reg3_m60_s6,reg3,db_rescore,1,1360,0.8395061728395061
reg3_m60_s6,reg3,db_rescore,1,1410,0.8395061728395061
reg3_m60_s6,reg3,db_rescore,1,1460,0.8395061728395061
reg3_m60_s6,reg3,db_rescore,1,1510,0.8641975308641975
reg3_m60_s6,reg3,db_rescore,1,1560,0.8641975308641975
reg3_m60_s6,reg3,db_rescore,1,1610,0.8641975308641975
reg3_m60_s6,reg3,db_rescore,1,1660,0.8641975308641975
reg3_m60_s6,reg3,db_rescore,1,1710,0.8641975308641975
reg3_m60_s6,reg3,db_rescore,1,1760,0.8641975308641975
reg3_m60_s6,reg3,db_rescore,1,1810,0.8641975308641975
reg3_m60_s6,reg3,db_rescore,1,1860,0.8641975308641975
reg3_m60_s6,reg3,db_rescore,1,1910,0.8641975308641975
reg3_m60_s6,reg3,db_rescore,1,1960,0.8765432098765432
reg3_m60_s6,reg3,db_rescore,1,2010,0.8888888888888888
reg3_m60_s6,reg3,db_rescore,1,2060,0.8888888888888888
reg3_m60_s6,reg3,db_rescore,1,2110,0.8888888888888888
reg3_m60_s6,reg3,db_rescore,1,2160,0.8888888888888888
reg3_m60_s6,reg3,db_rescore,1,2210,0.8888888888888888
reg3_m60_s6,reg3,db_rescore,1,2260,0.9012345679012346
reg3_m60_s6,reg3,db_rescore,1,2310,0.9012345679012346
reg3_m60_s6,reg3,db_rescore,1,2360,0.9012345679012346
reg3_m60_s6,reg3,db_rescore,1,2410,0.9012345679012346
reg3_m60_s6,reg3,db_rescore,1,2460,0.9012345679012346
reg3_m60_s6,reg3,db_rescore,1,2510,0.9012345679012346
reg3_m60_s6,reg3,db_rescore,1,2560,0.9012345679012346
reg3_m60_s6,reg3,db_rescore,1,2610,0.9012345679012346
reg3_m60_s6,reg3,db_rescore,1,2660,0.9012345679012346
reg3_m60_s6,reg3,db_rescore,1,2710,0.9012345679012346
reg3_m60_s6,reg3,db_rescore,1,2760,0.9012345679012346
reg3_m60_s6,reg3,db_rescore,1,2810,0.9012345679012346
reg3_m60_s6,reg3,db_rescore,1,2860,0.9012345679012346
reg3_m60_s6,reg3,db_rescore,1,2910,0.9135802469135802
reg3_m60_s6,reg3,db_rescore,1,2960,0.9135802469135802
reg3_m60_s6,reg3,db_rescore,1,3010,0.9135802469135802
reg3_m60_s6,reg3,db_rescore,1,3060,0.9135802469135802
reg3_m60_s6,reg3,db_rescore,1,3110,0.9135802469135802
reg3_m60_s6,reg3,db_rescore,1,3160,0.9135802469135802
reg3_m60_s6,reg3,db_rescore,1,3210,0.9135802469135802
reg3_m60_s6,reg3,db_rescore,1,3260,0.9135802469135802
reg3_m60_s6,reg3,db_rescore,1,3310,0.9135802469135802
reg3_m60_s6,reg3,db_rescore,1,3360,0.9135802469135802
reg3_m60_s6,reg3,db_rescore,1,3410,0.9135802469135802
reg3_m60_s6,reg3,db_rescore,1,3460,0.9135802469135802
reg3_m60_s6,reg3,db_rescore,1,3510,0.9135802469135802
reg3_m60_s6,reg3,db_rescore,1,3560,0.9135802469135802
reg3_m60_s6,reg3,db_rescore,1,3610,0.9135802469135802
reg3_m60_s6,reg3,db_rescore,1,3660,0.9135802469135802
reg3_m60_s6,reg3,db_rescore,1,3710,0.9135802469135802
reg3_m60_s6,reg3,db_rescore,1,3760,0.9135802469135802
reg3_m60_s6,reg3,db_rescore,1,3810,0.9135802469135802
reg3_m60_s6,reg3,db_rescore,1,3860,0.9135802469135802
reg3_m60_s6,reg3,db_rescore,1,3910,0.9135802469135802
reg3_m60_s6,reg3,db_rescore,1,3960,0.9135802469135802
reg3_m60_s6,reg3,db_rescore,1,4010,0.9135802469135802
reg3_m60_s6,reg3,db_rescore,1,4060,0.9135802469135802
reg3_m60_s6,reg3,db_rescore,1,4110,0.9135802469135802
reg3_m60_s6,reg3,db_rescore,1,4160,0.9135802469135802
reg3_m60_s6,reg3,db_rescore,1,4210,0.9135802469135802
reg3_m60_s6,reg3,db_rescore,1,4260,0.9135802469135802
reg3_m60_s6,reg3,db_rescore,1,4310,0.9135802469135802
reg3_m60_s6,reg3,db_rescore,1,4360,0.9135802469135802
reg3_m60_s6,reg3,db_rescore,1,4410,0.9135802469135802
reg3_m60_s6,reg3,db_rescore,1,4460,0.9135802469135802
reg3_m60_s6,reg3,db_rescore,1,4510,0.9135802469135802
reg3_m60_s6,reg3,db_rescore,1,4560,0.9135802469135802
reg3_m60_s6,reg3,db_rescore,1,4610,0.9135802469135802
reg3_m60_s6,reg3,db_rescore,1,4660,0.9135802469135802
reg3_m60_s6,reg3,db_rescore,1,4710,0.9135802469135802
reg3_m60_s6,reg3,db_rescore,1,4760,0.9135802469135802
reg3_m60_s6,reg3,db_rescore,1,4810,0.9135802469135802
reg3_m60_s6,reg3,db_rescore,1,4860,0.9135802469135802
reg3_m60_s6,reg3,db_rescore,1,4910,0.9135802469135802
reg3_m60_s6,reg3,db_rescore,1,4960,0.9135802469135802
reg3_m60_s6,reg3,db_rescore,1,5010,0.9135802469135802
reg3_m60_s6,reg3,db_rescore,1,5060,0.9135802469135802
reg3_m60_s6,reg3,db_rescore,1,5110,0.9135802469135802
reg3_m60_s6,reg3,db_rescore,1,5160,0.9135802469135802
reg3_m60_s6,reg3,db_rescore,1,5210,0.9135802469135802
reg3_m60_s6,reg3,db_rescore,1,5260,0.9135802469135802
reg3_m60_s6,reg3,db_rescore,1,5310,0.9135802469135802
reg3_m60_s6,reg3,db_rescore,1,5360,0.9135802469135802
reg3_m60_s6,reg3,db_rescore,1,5410,0.9135802469135802
reg3_m60_s6,reg3,db_rescore,1,5460,0.9135802469135802
reg3_m60_s6,reg3,db_rescore,1,5510,0.9135802469135802
reg3_m60_s6,reg3,db_rescore,1,5560,0.9135802469135802
reg3_m60_s6,reg3,db_rescore,1,5610,0.9135802469135802
reg3_m60_s6,reg3,db_rescore,1,5660,0.9135802469135802
reg3_m60_s6,reg3,db_rescore,1,5710,0.9135802469135802
reg3_m60_s6,reg3,db_rescore,1,5760,0.9135802469135802
reg3_m60_s6,reg3,db_rescore,1,5810,0.9135802469135802
reg3_m60_s6,reg3,db_rescore,1,5860,0.9135802469135802
reg3_m60_s6,reg3,db_rescore,1,5910,0.9135802469135802
reg3_m60_s6,reg3,db_rescore,1,5960,0.9135802469135802
reg3_m60_s6,reg3,db_rescore,1,6010,0.9135802469135802
reg3_m60_s6,reg3,db_rescore,1,6060,0.9135802469135802
reg3_m60_s6,reg3,db_rescore,1,6110,0.9135802469135802
reg3_m60_s6,reg3,db_rescore,1,6160,0.9135802469135802
reg3_m60_s6,reg3,db_rescore,1,6210,0.9135802469135802
reg3_m60_s6,reg3,db_rescore,1,6260,0.9135802469135802
reg3_m60_s6,reg3,db_rescore,1,6310,0.9135802469135802
reg3_m60_s6,reg3,db_rescore,1,6360,0.9135802469135802
reg3_m60_s6,reg3,db_rescore,1,6410,0.9135802469135802
reg3_m60_s6,reg3,db_rescore,1,6460,0.9135802469135802
reg3_m60_s6,reg3,db_rescore,1,6510,0.9135802469135802
reg3_m60_s6,reg3,db_rescore,1,6560,0.9135802469135802
reg3_m60_s6,reg3,db_rescore,1,6610,0.9135802469135802
reg3_m60_s6,reg3,db_rescore,1,6660,0.9135802469135802
reg3_m60_s6,reg3,db_rescore,1,6710,0.9135802469135802
reg3_m60_s6,reg3,db_rescore,1,6760,0.9135802469135802
reg3_m60_s6,reg3,db_rescore,1,6810,0.9135802469135802
reg3_m60_s6,reg3,db_rescore,1,6860,0.9135802469135802
reg3_m60_s6,reg3,db_rescore,1,6910,0.9135802469135802
reg3_m60_s6,reg3,db_rescore,1,6960,0.9135802469135802
reg3_m60_s6,reg3,db_rescore,1,7010,0.9135802469135802
reg3_m60_s6,reg3,db_rescore,1,7060,0.9135802469135802
reg3_m60_s6,reg3,db_rescore,1,7110,0.9135802469135802
reg3_m60_s6,reg3,db_rescore,1,7160,0.9135802469135802
reg3_m60_s6,reg3,db_rescore,1,7210,0.9135802469135802
reg3_m60_s6,reg3,db_rescore,1,7260,0.9135802469135802
reg3_m60_s6,reg3,db_rescore,1,7310,0.9135802469135802
reg3_m60_s6,reg3,db_rescore,1,7360,0.9135802469135802
reg3_m60_s6,reg3,db_rescore,1,7410,0.9135802469135802
reg3_m60_s6,reg3,db_rescore,1,7460,0.9135802469135802
reg3_m60_s6,reg3,db_rescore,1,7510,0.9135802469135802
reg3_m60_s6,reg3,db_rescore,1,7560,0.9135802469135802
reg3_m60_s6,reg3,db_rescore,1,7610,0.9135802469135802
reg3_m60_s6,reg3,db_rescore,1,7660,0.9135802469135802
reg3_m60_s6,reg3,db_rescore,1,7710,0.9135802469135802
reg3_m60_s6,reg3,db_rescore,1,7760,0.9135802469135802
reg3_m60_s6,reg3,db_rescore,1,7810,0.9135802469135802
reg3_m60_s6,reg3,db_rescore,1,7860,0.9135802469135802
reg3_m60_s6,reg3,db_rescore,1,7910,0.9135802469135802
reg3_m60_s6,reg3,db_rescore,1,7960,0.9135802469135802
reg3_m60_s6,reg3,db_rescore,1,8010,0.9135802469135802
reg3_m60_s6,reg3,db_rescore,1,8060,0.9135802469135802
reg3_m60_s6,reg3,db_rescore,1,8110,0.9135802469135802
reg3_m60_s6,reg3,db_rescore,1,8160,0.9135802469135802
reg3_m60_s6,reg3,db_rescore,1,8210,0.9135802469135802
reg3_m60_s6,reg3,db_rescore,1,8260,0.9135802469135802
reg3_m60_s6,reg3,db_rescore,1,8310,0.9135802469135802
reg3_m60_s6,reg3,db_rescore,1,8360,0.9135802469135802
reg3_m60_s6,reg3,db_rescore,1,8410,0.9135802469135802
reg3_m60_s6,reg3,db_rescore,1,8460,0.9135802469135802
reg3_m60_s6,reg3,db_rescore,1,8510,0.9135802469135802
reg3_m60_s6,reg3,db_rescore,1,8560,0.9135802469135802
reg3_m60_s6,reg3,db_rescore,1,8610,0.9135802469135802
reg3_m60_s6,reg3,db_rescore,1,8660,0.9135802469135802
reg3_m60_s6,reg3,db_rescore,1,8710,0.9135802469135802
reg3_m60_s6,reg3,db_rescore,1,8760,0.9135802469135802
reg3_m60_s6,reg3,db_rescore,1,8810,0.9135802469135802
reg3_m60_s6,reg3,db_rescore,1,8860,0.9135802469135802
reg3_m60_s6,reg3,db_rescore,1,8910,0.9135802469135802
reg3_m60_s6,reg3,db_rescore,1,8960,0.9135802469135802
reg3_m60_s6,reg3,db_rescore,1,9010,0.9135802469135802
reg3_m60_s6,reg3,db_rescore,1,9060,0.9135802469135802
reg3_m60_s6,reg3,db_rescore,1,9110,0.9135802469135802
reg3_m60_s6,reg3,db_rescore,1,9160,0.9135802469135802
reg3_m60_s6,reg3,db_rescore,1,9210,0.9135802469135802
reg3_m60_s6,reg3,db_rescore,1,9260,0.9135802469135802
reg3_m60_s6,reg3,db_rescore,1,9310,0.9135802469135802
reg3_m60_s6,reg3,db_rescore,1,9360,0.9135802469135802
reg3_m60_s6,reg3,db_rescore,1,9410,0.9135802469135802
reg3_m60_s6,reg3,db_rescore,1,9460,0.9135802469135802
reg3_m60_s6,reg3,db_rescore,1,9510,0.9135802469135802
reg3_m60_s6,reg3,db_rescore,1,9560,0.9135802469135802
reg3_m60_s6,reg3,db_rescore,1,9610,0.9135802469135802
reg3_m60_s6,reg3,db_rescore,1,9660,0.9135802469135802
reg3_m60_s6,reg3,db_rescore,1,9710,0.9135802469135802
reg3_m60_s6,reg3,db_rescore,1,9760,0.9135802469135802
reg3_m60_s6,reg3,db_rescore,1,9810,0.9135802469135802
reg3_m60_s6,reg3,db_rescore,1,9860,0.9135802469135802
reg3_m60_s6,reg3,db_rescore,1,9910,0.9135802469135802
reg3_m60_s6,reg3,db_rescore,1,9960,0.9135802469135802
reg3_m60_s6,reg3,db_rescore,1,10010,0.9135802469135802
reg3_m60_s6,reg3,db_rescore,1,10060,0.9135802469135802
reg3_m60_s6,reg3,db_rescore,1,10110,0.9135802469135802
reg3_m60_s6,reg3,db_rescore,1,10160,0.9135802469135802
reg3_m60_s6,reg3,db_rescore,1,10210,0.9135802469135802
reg3_m60_s6,reg3,db_rescore,1,10260,0.9135802469135802
reg3_m60_s6,reg3,db_rescore,1,10310,0.9135802469135802
reg3_m60_s6,reg3,db_rescore,1,10360,0.9135802469135802
reg3_m60_s6,reg3,db_rescore,1,10410,0.9135802469135802
reg3_m60_s6,reg3,db_rescore,1,10460,0.9135802469135802
reg3_m60_s6,reg3,db_rescore,1,10510,0.9135802469135802
reg3_m60_s6,reg3,db_rescore,1,10560,0.9135802469135802
reg3_m60_s6,reg3,db_rescore,1,10610,0.9135802469135802
reg3_m60_s6,reg3,db_rescore,1,10660,0.9135802469135802
reg3_m60_s6,reg3,db_rescore,1,10710,0.9135802469135802
reg3_m60_s6,reg3,db_rescore,1,10760,0.9135802469135802
reg3_m60_s6,reg3,db_rescore,1,10810,0.9135802469135802
reg3_m60_s6,reg3,db_rescore,1,10860,0.9135802469135802
reg3_m60_s6,reg3,db_rescore,1,10910,0.9135802469135802
reg3_m60_s6,reg3,db_rescore,1,10960,0.9135802469135802
reg3_m60_s6,reg3,db_rescore,1,11010,0.9135802469135802
reg3_m60_s6,reg3,db_rescore,1,11060,0.9135802469135802
reg3_m60_s6,reg3,db_rescore,1,11110,0.9135802469135802
reg3_m60_s6,reg3,db_rescore,1,11160,0.9135802469135802
reg3_m60_s6,reg3,db_rescore,1,11210,0.9135802469135802
reg3_m60_s6,reg3,db_rescore,1,11260,0.9135802469135802
reg3_m60_s6,reg3,db_rescore,1,11310,0.9135802469135802
reg3_m60_s6,reg3,db_rescore,1,11360,0.9135802469135802
reg3_m60_s6,reg3,db_rescore,1,11410,0.9135802469135802
reg3_m60_s6,reg3,db_rescore,1,11460,0.9135802469135802
reg3_m60_s6,reg3,db_rescore,1,11510,0.9135802469135802
reg3_m60_s6,reg3,db_rescore,1,11560,0.9135802469135802
reg3_m60_s6,reg3,db_rescore,1,11610,0.9135802469135802
reg3_m60_s6,reg3,db_rescore,1,11660,0.9135802469135802
reg3_m60_s6,reg3,db_rescore,1,11710,0.9135802469135802
reg3_m60_s6,reg3,db_rescore,1,11760,0.9135802469135802
reg3_m60_s6,reg3,db_rescore,1,11810,0.9135802469135802
reg3_m60_s6,reg3,db_rescore,1,11860,0.9135802469135802
reg3_m60_s6,reg3,db_rescore,1,11910,0.9135802469135802
reg3_m60_s6,reg3,db_rescore,1,11960,0.9135802469135802
reg3_m60_s6,reg3,db_rescore,1,12010,0.9135802469135802
reg3_m60_s6,reg3,db_rescore,1,12060,0.9135802469135802
reg3_m60_s6,reg3,db_rescore,1,12110,0.9135802469135802
reg3_m60_s6,reg3,db_rescore,1,12160,0.9135802469135802
reg3_m60_s6,reg3,db_rescore,1,12210,0.9135802469135802
reg3_m60_s6,reg3,db_rescore,1,12260,0.9135802469135802
reg3_m60_s6,reg3,db_rescore,1,12310,0.9135802469135802
reg3_m60_s6,reg3,db_rescore,1,12360,0.9135802469135802
reg3_m60_s6,reg3,db_rescore,1,12410,0.9135802469135802
reg3_m60_s6,reg3,db_rescore,1,12460,0.9135802469135802
reg3_m60_s6,reg3,db_rescore,1,12510,0.9135802469135802
reg3_m60_s6,reg3,db_rescore,1,12560,0.9135802469135802
reg3_m60_s6,reg3,db_rescore,1,12610,0.9135802469135802
reg3_m60_s6,reg3,db_rescore,1,12660,0.9135802469135802
reg3_m60_s6,reg3,db_rescore,1,12710,0.9135802469135802
reg3_m60_s6,reg3,db_rescore,1,12760,0.9135802469135802
reg3_m60_s6,reg3,db_rescore,1,12810,0.9135802469135802
reg3_m60_s6,reg3,db_rescore,1,12860,0.9135802469135802
reg3_m60_s6,reg3,db_rescore,1,12910,0.9135802469135802
reg3_m60_s6,reg3,db_rescore,1,12960,0.9135802469135802
reg3_m60_s6,reg3,db_rescore,1,13010,0.9135802469135802
reg3_m60_s6,reg3,db_rescore,1,13060,0.9135802469135802
reg3_m60_s6,reg3,db_rescore,1,13110,0.9135802469135802
reg3_m60_s6,reg3,db_rescore,1,13160,0.9135802469135802
reg3_m60_s6,reg3,db_rescore,1,13210,0.9135802469135802
reg3_m60_s6,reg3,db_rescore,1,13260,0.9135802469135802
reg3_m60_s6,reg3,db_rescore,1,13310,0.9135802469135802
reg3_m60_s6,reg3,db_rescore,1,13360,0.9135802469135802
reg3_m60_s6,reg3,db_rescore,1,13410,0.9135802469135802
reg3_m60_s6,reg3,db_rescore,1,13460,0.9135802469135802
reg3_m60_s6,reg3,db_rescore,1,13510,0.9135802469135802
reg3_m60_s6,reg3,db_rescore,1,13560,0.9135802469135802
reg3_m60_s6,reg3,db_rescore,1,13610,0.9135802469135802
reg3_m60_s6,reg3,db_rescore,1,13660,0.9135802469135802
reg3_m60_s6,reg3,db_rescore,1,13710,0.9135802469135802
reg3_m60_s6,reg3,db_rescore,1,13760,0.9135802469135802
reg3_m60_s6,reg3,db_rescore,1,13810,0.9135802469135802
reg3_m60_s6,reg3,db_rescore,1,13860,0.9135802469135802
reg3_m60_s6,reg3,db_rescore,1,13910,0.9135802469135802
reg3_m60_s6,reg3,db_rescore,1,13960,0.9135802469135802
reg3_m60_s6,reg3,db_rescore,1,14010,0.9135802469135802
reg3_m60_s6,reg3,db_rescore,1,14060,0.9135802469135802
reg3_m60_s6,reg3,db_rescore,1,14110,0.9135802469135802
reg3_m60_s6,reg3,db_rescore,1,14160,0.9135802469135802
reg3_m60_s6,reg3,db_rescore,1,14210,0.9135802469135802
reg3_m60_s6,reg3,db_rescore,1,14260,0.9135802469135802
reg3_m60_s6,reg3,db_rescore,1,14310,0.9135802469135802
reg3_m60_s6,reg3,db_rescore,1,14360,0.9135802469135802
reg3_m60_s6,reg3,db_rescore,1,14410,0.9135802469135802
reg3_m60_s6,reg3,db_rescore,1,14460,0.9135802469135802
reg3_m60_s6,reg3,db_rescore,1,14510,0.9135802469135802
reg3_m60_s6,reg3,db_rescore,1,14560,0.9135802469135802
reg3_m60_s6,reg3,db_rescore,1,14610,0.9135802469135802
reg3_m60_s6,reg3,db_rescore,1,14660,0.9135802469135802
reg3_m60_s6,reg3,db_rescore,1,14710,0.9135802469135802
reg3_m60_s6,reg3,db_rescore,1,14760,0.9135802469135802
reg3_m60_s6,reg3,db_rescore,1,14810,0.9135802469135802
reg3_m60_s6,reg3,db_rescore,1,14860,0.9135802469135802
reg3_m60_s6,reg3,db_rescore,1,14910,0.9135802469135802
reg3_m60_s6,reg3,db_rescore,1,14960,0.9135802469135802
reg3_m60_s6,reg3,db_rescore,1,15010,0.9135802469135802
reg3_m60_s6,reg3,db_rescore,1,15060,0.9135802469135802
reg3_m60_s6,reg3,db_rescore,1,15110,0.9135802469135802
reg3_m60_s6,reg3,db_rescore,1,15160,0.9135802469135802
reg3_m60_s6,reg3,db_rescore,1,15210,0.9135802469135802
reg3_m60_s6,reg3,db_rescore,1,15260,0.9135802469135802
reg3_m60_s6,reg3,db_rescore,1,15310,0.9135802469135802
reg3_m60_s6,reg3,db_rescore,1,15360,0.9135802469135802
reg3_m60_s6,reg3,db_rescore,1,15410,0.9135802469135802
reg3_m60_s6,reg3,db_rescore,1,15460,0.9135802469135802
reg3_m60_s6,reg3,db_rescore,1,15510,0.9135802469135802
reg3_m60_s6,reg3,db_rescore,1,15560,0.9135802469135802
reg3_m60_s6,reg3,db_rescore,1,15610,0.9135802469135802
reg3_m60_s6,reg3,db_rescore,1,15660,0.9135802469135802
reg3_m60_s6,reg3,db_rescore,1,15710,0.9135802469135802
reg3_m60_s6,reg3,db_rescore,1,15760,0.9135802469135802
reg3_m60_s6,reg3,db_rescore,1,15810,0.9135802469135802
reg3_m60_s6,reg3,db_rescore,1,15860,0.9135802469135802
reg3_m60_s6,reg3,db_rescore,1,15910,0.9135802469135802
reg3_m60_s6,reg3,db_rescore,1,15960,0.9135802469135802
reg3_m60_s6,reg3,db_rescore,1,16010,0.9135802469135802
reg3_m60_s6,reg3,db_rescore,1,16060,0.9135802469135802
reg3_m60_s6,reg3,db_rescore,1,16110,0.9135802469135802
reg3_m60_s6,reg3,db_rescore,1,16160,0.9135802469135802
reg3_m60_s6,reg3,db_rescore,1,16210,0.9135802469135802
reg3_m60_s6,reg3,db_rescore,1,16260,0.9135802469135802
reg3_m60_s6,reg3,db_rescore,1,16310,0.9135802469135802
reg3_m60_s6,reg3,db_rescore,1,16360,0.9135802469135802
reg3_m60_s6,reg3,db_rescore,1,16410,0.9135802469135802
reg3_m60_s6,reg3,db_rescore,1,16460,0.9135802469135802
reg3_m60_s6,reg3,db_rescore,1,16510,0.9135802469135802
reg3_m60_s6,reg3,db_rescore,1,16560,0.9135802469135802
reg3_m60_s6,reg3,db_rescore,1,16610,0.9135802469135802
reg3_m60_s6,reg3,db_rescore,1,16660,0.9135802469135802
reg3_m60_s6,reg3,db_rescore,1,16710,0.9135802469135802
reg3_m60_s6,reg3,db_rescore,1,16760,0.9135802469135802
reg3_m60_s6,reg3,db_rescore,1,16810,0.9135802469135802
reg3_m60_s6,reg3,db_rescore,1,16860,0.9135802469135802
reg3_m60_s6,reg3,db_rescore,1,16910,0.9135802469135802
reg3_m60_s6,reg3,db_rescore,1,16960,0.9135802469135802
reg3_m60_s6,reg3,db_rescore,1,17010,0.9135802469135802
reg3_m60_s6,reg3,db_rescore,1,17060,0.9135802469135802
reg3_m60_s6,reg3,db_rescore,1,17110,0.9135802469135802
reg3_m60_s6,reg3,db_rescore,1,17160,0.9135802469135802
reg3_m60_s6,reg3,db_rescore,1,17210,0.9135802469135802
reg3_m60_s6,reg3,db_rescore,1,17260,0.9135802469135802
reg3_m60_s6,reg3,db_rescore,1,17310,0.9135802469135802
reg3_m60_s6,reg3,db_rescore,1,17360,0.9135802469135802
reg3_m60_s6,reg3,db_rescore,1,17410,0.9135802469135802
reg3_m60_s6,reg3,db_rescore,1,17460,0.9135802469135802
reg3_m60_s6,reg3,db_rescore,1,17510,0.9135802469135802
reg3_m60_s6,reg3,db_rescore,1,17560,0.9135802469135802
reg3_m60_s6,reg3,db_rescore,1,17610,0.9135802469135802
reg3_m60_s6,reg3,db_rescore,1,17660,0.9135802469135802
reg3_m60_s6,reg3,db_rescore,1,17710,0.9135802469135802
reg3_m60_s6,reg3,db_rescore,1,17760,0.9135802469135802
reg3_m60_s6,reg3,db_rescore,1,17810,0.9135802469135802
reg3_m60_s6,reg3,db_rescore,1,17860,0.9135802469135802
reg3_m60_s6,reg3,db_rescore,1,17910,0.9135802469135802
reg3_m60_s6,reg3,db_rescore,1,17960,0.9135802469135802
reg3_m60_s6,reg3,db_rescore,1,18010,0.9135802469135802
reg3_m60_s6,reg3,db_rescore,1,18060,0.9135802469135802
reg3_m60_s6,reg3,db_rescore,1,18110,0.9135802469135802
reg3_m60_s6,reg3,db_rescore,1,18160,0.9135802469135802
reg3_m60_s6,reg3,db_rescore,1,18210,0.9135802469135802
reg3_m60_s6,reg3,db_rescore,1,18260,0.9135802469135802
reg3_m60_s6,reg3,db_rescore,1,18310,0.9135802469135802
reg3_m60_s6,reg3,db_rescore,1,18360,0.9135802469135802
reg3_m60_s6,reg3,db_rescore,1,18410,0.9135802469135802
reg3_m60_s6,reg3,db_rescore,1,18460,0.9135802469135802
reg3_m60_s6,reg3,db_rescore,1,18510,0.9135802469135802
reg3_m60_s6,reg3,db_rescore,1,18560,0.9135802469135802
reg3_m60_s6,reg3,db_rescore,1,18610,0.9135802469135802
reg3_m60_s6,reg3,db_rescore,1,18660,0.9135802469135802
reg3_m60_s6,reg3,db_rescore,1,18710,0.9135802469135802
reg3_m60_s6,reg3,db_rescore,1,18760,0.9135802469135802
reg3_m60_s6,reg3,db_rescore,1,18810,0.9135802469135802
reg3_m60_s6,reg3,db_rescore,1,18860,0.9135802469135802
reg3_m60_s6,reg3,db_rescore,1,18910,0.9135802469135802
reg3_m60_s6,reg3,db_rescore,1,18960,0.9135802469135802
reg3_m60_s6,reg3,db_rescore,1,19010,0.9135802469135802
reg3_m60_s6,reg3,db_rescore,1,19060,0.9135802469135802
reg3_m60_s6,reg3,db_rescore,1,19110,0.9135802469135802
reg3_m60_s6,reg3,db_rescore,1,19160,0.9135802469135802
reg3_m60_s6,reg3,db_rescore,1,19210,0.9135802469135802
reg3_m60_s6,reg3,db_rescore,1,19260,0.9135802469135802
reg3_m60_s6,reg3,db_rescore,1,19310,0.9135802469135802
reg3_m60_s6,reg3,db_rescore,1,19360,0.9135802469135802
reg3_m60_s6,reg3,db_rescore,1,19410,0.9135802469135802
reg3_m60_s6,reg3,db_rescore,1,19460,0.9135802469135802
reg3_m60_s6,reg3,db_rescore,1,19510,0.9135802469135802
reg3_m60_s6,reg3,db_rescore,1,19560,0.9135802469135802
reg3_m60_s6,reg3,db_rescore,1,19610,0.9135802469135802
reg3_m60_s6,reg3,db_rescore,1,19660,0.9135802469135802
reg3_m60_s6,reg3,db_rescore,1,19710,0.9135802469135802
reg3_m60_s6,reg3,db_rescore,1,19760,0.9135802469135802
reg3_m60_s6,reg3,db_rescore,1,19810,0.9135802469135802
reg3_m60_s6,reg3,db_rescore,1,19860,0.9135802469135802
reg3_m60_s6,reg3,db_rescore,1,19910,0.9135802469135802
reg3_m60_s6,reg3,db_rescore,1,19960,0.9135802469135802
reg3_m60_s6,reg3,db_rescore,1,20010,0.9135802469135802
reg3_m60_s7,reg3,cold,0,10,0.65
reg3_m60_s7,reg3,cold,0,60,0.6625
reg3_m60_s7,reg3,cold,0,110,0.6875
reg3_m60_s7,reg3,cold,0,160,0.7375
reg3_m60_s7,reg3,cold,0,210,0.75
reg3_m60_s7,reg3,cold,0,260,0.75
reg3_m60_s7,reg3,cold,0,310,0.7625
reg3_m60_s7,reg3,cold,0,360,0.7625
reg3_m60_s7,reg3,cold,0,410,0.8
reg3_m60_s7,reg3,cold,0,460,0.8
reg3_m60_s7,reg3,cold,0,510,0.8
reg3_m60_s7,reg3,cold,0,560,0.8
reg3_m60_s7,reg3,cold,0,610,0.8
reg3_m60_s7,reg3,cold,0,660,0.8
reg3_m60_s7,reg3,cold,0,710,0.8
reg3_m60_s7,reg3,cold,0,760,0.8
reg3_m60_s7,reg3,cold,0,810,0.8
reg3_m60_s7,reg3,cold,0,860,0.7875
reg3_m60_s7,reg3,cold,0,910,0.8125
reg3_m60_s7,reg3,cold,0,960,0.8125
reg3_m60_s7,reg3,cold,0,1010,0.8125
reg3_m60_s7,reg3,cold,0,1060,0.8125
reg3_m60_s7,reg3,cold,0,1110,0.8
reg3_m60_s7,reg3,cold,0,1160,0.8
reg3_m60_s7,reg3,cold,0,1210,0.8
reg3_m60_s7,reg3,cold,0,1260,0.8
reg3_m60_s7,reg3,cold,0,1310,0.8125
reg3_m60_s7,reg3,cold,0,1360,0.8125
reg3_m60_s7,reg3,cold,0,1410,0.8125
reg3_m60_s7,reg3,cold,0,1460,0.825
reg3_m60_s7,reg3,cold,0,1510,0.825
reg3_m60_s7,reg3,cold,0,1560,0.8125
reg3_m60_s7,reg3,cold,0,1610,0.825
reg3_m60_s7,reg3,cold,0,1660,0.825
reg3_m60_s7,reg3,cold,0,1710,0.825
reg3_m60_s7,reg3,cold,0,1760,0.825
reg3_m60_s7,reg3,cold,0,1810,0.8375
reg3_m60_s7,reg3,cold,0,1860,0.8375
reg3_m60_s7,reg3,cold,0,1910,0.8375
reg3_m60_s7,reg3,cold,0,1960,0.8625
reg3_m60_s7,reg3,cold,0,2010,0.8625
reg3_m60_s7,reg3,cold,0,2060,0.8625
reg3_m60_s7,reg3,cold,0,2110,0.8625
reg3_m60_s7,reg3,cold,0,2160,0.8625
reg3_m60_s7,reg3,cold,0,2210,0.8625
reg3_m60_s7,reg3,cold,0,2260,0.8625
reg3_m60_s7,reg3,cold,0,2310,0.8625
reg3_m60_s7,reg3,cold,0,2360,0.8375
reg3_m60_s7,reg3,cold,0,2410,0.8375
reg3_m60_s7,reg3,cold,0,2460,0.8375
reg3_m60_s7,reg3,cold,0,2510,0.8375
reg3_m60_s7,reg3,cold,0,2560,0.8375
reg3_m60_s7,reg3,cold,0,2610,0.8375
reg3_m60_s7,reg3,cold,0,2660,0.8375
reg3_m60_s7,reg3,cold,0,2710,0.8375
reg3_m60_s7,reg3,cold,0,2760,0.85
reg3_m60_s7,reg3,cold,0,2810,0.85
reg3_m60_s7,reg3,cold,0,2860,0.85
reg3_m60_s7,reg3,cold,0,2910,0.85
reg3_m60_s7,reg3,cold,0,2960,0.85
reg3_m60_s7,reg3,cold,0,3010,0.85
reg3_m60_s7,reg3,cold,0,3060,0.85
reg3_m60_s7,reg3,cold,0,3110,0.85
reg3_m60_s7,reg3,cold,0,3160,0.85
reg3_m60_s7,reg3,cold,0,3210,0.85
reg3_m60_s7,reg3,cold,0,3260,0.85
reg3_m60_s7,reg3,cold,0,3310,0.85
reg3_m60_s7,reg3,cold,0,3360,0.85
reg3_m60_s7,reg3,cold,0,3410,0.85
reg3_m60_s7,reg3,cold,0,3460,0.85
reg3_m60_s7,reg3,cold,0,3510,0.85
reg3_m60_s7,reg3,cold,0,3560,0.85
reg3_m60_s7,reg3,cold,0,3610,0.85
reg3_m60_s7,reg3,cold,0,3660,0.85
reg3_m60_s7,reg3,cold,0,3710,0.85
reg3_m60_s7,reg3,cold,0,3760,0.85
reg3_m60_s7,reg3,cold,0,3810,0.85
reg3_m60_s7,reg3,cold,0,3860,0.85
reg3_m60_s7,reg3,cold,0,3910,0.85
reg3_m60_s7,reg3,cold,0,3960,0.85
reg3_m60_s7,reg3,cold,0,4010,0.85
reg3_m60_s7,reg3,cold,0,4060,0.85
reg3_m60_s7,reg3,cold,0,4110,0.85
reg3_m60_s7,reg3,cold,0,4160,0.85
reg3_m60_s7,reg3,cold,0,4210,0.85
reg3_m60_s7,reg3,cold,0,4260,0.85
reg3_m60_s7,reg3,cold,0,4310,0.85
reg3_m60_s7,reg3,cold,0,4360,0.85
reg3_m60_s7,reg3,cold,0,4410,0.85
reg3_m60_s7,reg3,cold,0,4460,0.85
reg3_m60_s7,reg3,cold,0,4510,0.85
reg3_m60_s7,reg3,cold,0,4560,0.85
reg3_m60_s7,reg3,cold,0,4610,0.85
reg3_m60_s7,reg3,cold,0,4660,0.85
reg3_m60_s7,reg3,cold,0,4710,0.85
reg3_m60_s7,reg3,cold,0,4760,0.85
reg3_m60_s7,reg3,cold,0,4810,0.85
reg3_m60_s7,reg3,cold,0,4860,0.85
reg3_m60_s7,reg3,cold,0,4910,0.85
reg3_m60_s7,reg3,cold,0,4960,0.85
reg3_m60_s7,reg3,cold,0,5010,0.85
reg3_m60_s7,reg3,cold,0,5060,0.85
reg3_m60_s7,reg3,cold,0,5110,0.85
reg3_m60_s7,reg3,cold,0,5160,0.85
reg3_m60_s7,reg3,cold,0,5210,0.85
reg3_m60_s7,reg3,cold,0,5260,0.85
reg3_m60_s7,reg3,cold,0,5310,0.85
reg3_m60_s7,reg3,cold,0,5360,0.85
reg3_m60_s7,reg3,cold,0,5410,0.85
reg3_m60_s7,reg3,cold,0,5460,0.85
reg3_m60_s7,reg3,cold,0,5510,0.85
reg3_m60_s7,reg3,cold,0,5560,0.85
reg3_m60_s7,reg3,cold,0,5610,0.85
reg3_m60_s7,reg3,cold,0,5660,0.85
reg3_m60_s7,reg3,cold,0,5710,0.85
reg3_m60_s7,reg3,cold,0,5760,0.85
reg3_m60_s7,reg3,cold,0,5810,0.85
reg3_m60_s7,reg3,cold,0,5860,0.85
reg3_m60_s7,reg3,cold,0,5910,0.85
reg3_m60_s7,reg3,cold,0,5960,0.85
reg3_m60_s7,reg3,cold,0,6010,0.85
reg3_m60_s7,reg3,cold,0,6060,0.85
reg3_m60_s7,reg3,cold,0,6110,0.85
reg3_m60_s7,reg3,cold,0,6160,0.85
reg3_m60_s7,reg3,cold,0,6210,0.85
reg3_m60_s7,reg3,cold,0,6260,0.85
reg3_m60_s7,reg3,cold,0,6310,0.85
reg3_m60_s7,reg3,cold,0,6360,0.85
reg3_m60_s7,reg3,cold,0,6410,0.85
reg3_m60_s7,reg3,cold,0,6460,0.85
reg3_m60_s7,reg3,cold,0,6510,0.85
reg3_m60_s7,reg3,cold,0,6560,0.85
reg3_m60_s7,reg3,cold,0,6610,0.85
reg3_m60_s7,reg3,cold,0,6660,0.85
reg3_m60_s7,reg3,cold,0,6710,0.85
reg3_m60_s7,reg3,cold,0,6760,0.85
reg3_m60_s7,reg3,cold,0,6810,0.85
reg3_m60_s7,reg3,cold,0,6860,0.85
reg3_m60_s7,reg3,cold,0,6910,0.85
reg3_m60_s7,reg3,cold,0,6960,0.85
reg3_m60_s7,reg3,cold,0,7010,0.85
reg3_m60_s7,reg3,cold,0,7060,0.85
reg3_m60_s7,reg3,cold,0,7110,0.85
reg3_m60_s7,reg3,cold,0,7160,0.85
reg3_m60_s7,reg3,cold,0,7210,0.85
reg3_m60_s7,reg3,cold,0,7260,0.85
reg3_m60_s7,reg3,cold,0,7310,0.85
reg3_m60_s7,reg3,cold,0,7360,0.85
reg3_m60_s7,reg3,cold,0,7410,0.85
reg3_m60_s7,reg3,cold,0,7460,0.85
reg3_m60_s7,reg3,cold,0,7510,0.85
reg3_m60_s7,reg3,cold,0,7560,0.85
reg3_m60_s7,reg3,cold,0,7610,0.85
reg3_m60_s7,reg3,cold,0,7660,0.85
reg3_m60_s7,reg3,cold,0,7710,0.85
reg3_m60_s7,reg3,cold,0,7760,0.85
reg3_m60_s7,reg3,cold,0,7810,0.85
reg3_m60_s7,reg3,cold,0,7860,0.85
reg3_m60_s7,reg3,cold,0,7910,0.85
reg3_m60_s7,reg3,cold,0,7960,0.85
reg3_m60_s7,reg3,cold,0,8010,0.85
reg3_m60_s7,reg3,cold,0,8060,0.85
reg3_m60_s7,reg3,cold,0,8110,0.85
reg3_m60_s7,reg3,cold,0,8160,0.85
reg3_m60_s7,reg3,cold,0,8210,0.85
reg3_m60_s7,reg3,cold,0,8260,0.85
reg3_m60_s7,reg3,cold,0,8310,0.85
reg3_m60_s7,reg3,cold,0,8360,0.85
reg3_m60_s7,reg3,cold,0,8410,0.85
reg3_m60_s7,reg3,cold,0,8460,0.85
reg3_m60_s7,reg3,cold,0,8510,0.85
reg3_m60_s7,reg3,cold,0,8560,0.85
reg3_m60_s7,reg3,cold,0,8610,0.85
reg3_m60_s7,reg3,cold,0,8660,0.85
reg3_m60_s7,reg3,cold,0,8710,0.85
reg3_m60_s7,reg3,cold,0,8760,0.85
reg3_m60_s7,reg3,cold,0,8810,0.85
reg3_m60_s7,reg3,cold,0,8860,0.85
reg3_m60_s7,reg3,cold,0,8910,0.85
reg3_m60_s7,reg3,cold,0,8960,0.85
reg3_m60_s7,reg3,cold,0,9010,0.85
reg3_m60_s7,reg3,cold,0,9060,0.85
reg3_m60_s7,reg3,cold,0,9110,0.85
reg3_m60_s7,reg3,cold,0,9160,0.85
reg3_m60_s7,reg3,cold,0,9210,0.85
reg3_m60_s7,reg3,cold,0,9260,0.85
reg3_m60_s7,reg3,cold,0,9310,0.85
reg3_m60_s7,reg3,cold,0,9360,0.85
reg3_m60_s7,reg3,cold,0,9410,0.85
reg3_m60_s7,reg3,cold,0,9460,0.85
reg3_m60_s7,reg3,cold,0,9510,0.85
reg3_m60_s7,reg3,cold,0,9560,0.85
reg3_m60_s7,reg3,cold,0,9610,0.85
reg3_m60_s7,reg3,cold,0,9660,0.85
reg3_m60_s7,reg3,cold,0,9710,0.85
reg3_m60_s7,reg3,cold,0,9760,0.85
reg3_m60_s7,reg3,cold,0,9810,0.85
reg3_m60_s7,reg3,cold,0,9860,0.85
reg3_m60_s7,reg3,cold,0,9910,0.85
reg3_m60_s7,reg3,cold,0,9960,0.85
reg3_m60_s7,reg3,cold,0,10010,0.85
reg3_m60_s7,reg3,cold,0,10060,0.85
reg3_m60_s7,reg3,cold,0,10110,0.85
reg3_m60_s7,reg3,cold,0,10160,0.85
reg3_m60_s7,reg3,cold,0,10210,0.85
reg3_m60_s7,reg3,cold,0,10260,0.85
reg3_m60_s7,reg3,cold,0,10310,0.85
reg3_m60_s7,reg3,cold,0,10360,0.85
reg3_m60_s7,reg3,cold,0,10410,0.85
reg3_m60_s7,reg3,cold,0,10460,0.85
reg3_m60_s7,reg3,cold,0,10510,0.85
reg3_m60_s7,reg3,cold,0,10560,0.85
reg3_m60_s7,reg3,cold,0,10610,0.85
reg3_m60_s7,reg3,cold,0,10660,0.85
reg3_m60_s7,reg3,cold,0,10710,0.85
reg3_m60_s7,reg3,cold,0,10760,0.85
reg3_m60_s7,reg3,cold,0,10810,0.85
reg3_m60_s7,reg3,cold,0,10860,0.85
reg3_m60_s7,reg3,cold,0,10910,0.85
reg3_m60_s7,reg3,cold,0,10960,0.85
reg3_m60_s7,reg3,cold,0,11010,0.85
reg3_m60_s7,reg3,cold,0,11060,0.85
reg3_m60_s7,reg3,cold,0,11110,0.85
reg3_m60_s7,reg3,cold,0,11160,0.85
reg3_m60_s7,reg3,cold,0,11210,0.85
reg3_m60_s7,reg3,cold,0,11260,0.85
reg3_m60_s7,reg3,cold,0,11310,0.85
reg3_m60_s7,reg3,cold,0,11360,0.85
reg3_m60_s7,reg3,cold,0,11410,0.85
reg3_m60_s7,reg3,cold,0,11460,0.85
reg3_m60_s7,reg3,cold,0,11510,0.85
reg3_m60_s7,reg3,cold,0,11560,0.85
reg3_m60_s7,reg3,cold,0,11610,0.85
reg3_m60_s7,reg3,cold,0,11660,0.85
reg3_m60_s7,reg3,cold,0,11710,0.85
reg3_m60_s7,reg3,cold,0,11760,0.85
reg3_m60_s7,reg3,cold,0,11810,0.85
reg3_m60_s7,reg3,cold,0,11860,0.85
reg3_m60_s7,reg3,cold,0,11910,0.85
reg3_m60_s7,reg3,cold,0,11960,0.85
reg3_m60_s7,reg3,cold,0,12010,0.85
reg3_m60_s7,reg3,cold,0,12060,0.85
reg3_m60_s7,reg3,cold,0,12110,0.85
reg3_m60_s7,reg3,cold,0,12160,0.85
reg3_m60_s7,reg3,cold,0,12210,0.85
reg3_m60_s7,reg3,cold,0,12260,0.85
reg3_m60_s7,reg3,cold,0,12310,0.85
reg3_m60_s7,reg3,cold,0,12360,0.85
reg3_m60_s7,reg3,cold,0,12410,0.85
reg3_m60_s7,reg3,cold,0,12460,0.85
reg3_m60_s7,reg3,cold,0,12510,0.85
reg3_m60_s7,reg3,cold,0,12560,0.85
reg3_m60_s7,reg3,cold,0,12610,0.85
reg3_m60_s7,reg3,cold,0,12660,0.85
reg3_m60_s7,reg3,cold,0,12710,0.85
reg3_m60_s7,reg3,cold,0,12760,0.85
reg3_m60_s7,reg3,cold,0,12810,0.85
reg3_m60_s7,reg3,cold,0,12860,0.85
reg3_m60_s7,reg3,cold,0,12910,0.85
reg3_m60_s7,reg3,cold,0,12960,0.85
reg3_m60_s7,reg3,cold,0,13010,0.85
reg3_m60_s7,reg3,cold,0,13060,0.85
reg3_m60_s7,reg3,cold,0,13110,0.85
reg3_m60_s7,reg3,cold,0,13160,0.85
reg3_m60_s7,reg3,cold,0,13210,0.85
reg3_m60_s7,reg3,cold,0,13260,0.85
reg3_m60_s7,reg3,cold,0,13310,0.85
reg3_m60_s7,reg3,cold,0,13360,0.85
reg3_m60_s7,reg3,cold,0,13410,0.85
reg3_m60_s7,reg3,cold,0,13460,0.85
reg3_m60_s7,reg3,cold,0,13510,0.85
reg3_m60_s7,reg3,cold,0,13560,0.85
reg3_m60_s7,reg3,cold,0,13610,0.85
reg3_m60_s7,reg3,cold,0,13660,0.85
reg3_m60_s7,reg3,cold,0,13710,0.85
reg3_m60_s7,reg3,cold,0,13760,0.85
reg3_m60_s7,reg3,cold,0,13810,0.85
reg3_m60_s7,reg3,cold,0,13860,0.85
reg3_m60_s7,reg3,cold,0,13910,0.85
reg3_m60_s7,reg3,cold,0,13960,0.85
reg3_m60_s7,reg3,cold,0,14010,0.85
reg3_m60_s7,reg3,cold,0,14060,0.85
reg3_m60_s7,reg3,cold,0,14110,0.85
reg3_m60_s7,reg3,cold,0,14160,0.85
reg3_m60_s7,reg3,cold,0,14210,0.85
reg3_m60_s7,reg3,cold,0,14260,0.85
reg3_m60_s7,reg3,cold,0,14310,0.85
reg3_m60_s7,reg3,cold,0,14360,0.85
reg3_m60_s7,reg3,cold,0,14410,0.85
reg3_m60_s7,reg3,cold,0,14460,0.85
reg3_m60_s7,reg3,cold,0,14510,0.85
reg3_m60_s7,reg3,cold,0,14560,0.85
reg3_m60_s7,reg3,cold,0,14610,0.85
reg3_m60_s7,reg3,cold,0,14660,0.85
reg3_m60_s7,reg3,cold,0,14710,0.85
reg3_m60_s7,reg3,cold,0,14760,0.85
reg3_m60_s7,reg3,cold,0,14810,0.85
reg3_m60_s7,reg3,cold,0,14860,0.85
reg3_m60_s7,reg3,cold,0,14910,0.85
reg3_m60_s7,reg3,cold,0,14960,0.85
reg3_m60_s7,reg3,cold,0,15010,0.85
reg3_m60_s7,reg3,cold,0,15060,0.85
reg3_m60_s7,reg3,cold,0,15110,0.85
reg3_m60_s7,reg3,cold,0,15160,0.85
reg3_m60_s7,reg3,cold,0,15210,0.85
reg3_m60_s7,reg3,cold,0,15260,0.85
reg3_m60_s7,reg3,cold,0,15310,0.85
reg3_m60_s7,reg3,cold,0,15360,0.85
reg3_m60_s7,reg3,cold,0,15410,0.85
reg3_m60_s7,reg3,cold,0,15460,0.85
reg3_m60_s7,reg3,cold,0,15510,0.85
reg3_m60_s7,reg3,cold,0,15560,0.85
reg3_m60_s7,reg3,cold,0,15610,0.85
reg3_m60_s7,reg3,cold,0,15660,0.85
reg3_m60_s7,reg3,cold,0,15710,0.85
reg3_m60_s7,reg3,cold,0,15760,0.85
reg3_m60_s7,reg3,cold,0,15810,0.85
reg3_m60_s7,reg3,cold,0,15860,0.85
reg3_m60_s7,reg3,cold,0,15910,0.85
reg3_m60_s7,reg3,cold,0,15960,0.85
reg3_m60_s7,reg3,cold,0,16010,0.85
reg3_m60_s7,reg3,cold,0,16060,0.85
reg3_m60_s7,reg3,cold,0,16110,0.85
reg3_m60_s7,reg3,cold,0,16160,0.85
reg3_m60_s7,reg3,cold,0,16210,0.85
reg3_m60_s7,reg3,cold,0,16260,0.85
reg3_m60_s7,reg3,cold,0,16310,0.85
reg3_m60_s7,reg3,cold,0,16360,0.85
reg3_m60_s7,reg3,cold,0,16410,0.85
reg3_m60_s7,reg3,cold,0,16460,0.85
reg3_m60_s7,reg3,cold,0,16510,0.85
reg3_m60_s7,reg3,cold,0,16560,0.85
reg3_m60_s7,reg3,cold,0,16610,0.85
reg3_m60_s7,reg3,cold,0,16660,0.85
reg3_m60_s7,reg3,cold,0,16710,0.85
reg3_m60_s7,reg3,cold,0,16760,0.85
reg3_m60_s7,reg3,cold,0,16810,0.85
reg3_m60_s7,reg3,cold,0,16860,0.85
reg3_m60_s7,reg3,cold,0,16910,0.85
reg3_m60_s7,reg3,cold,0,16960,0.85
reg3_m60_s7,reg3,cold,0,17010,0.85
reg3_m60_s7,reg3,cold,0,17060,0.85
reg3_m60_s7,reg3,cold,0,17110,0.85
reg3_m60_s7,reg3,cold,0,17160,0.85
reg3_m60_s7,reg3,cold,0,17210,0.85
reg3_m60_s7,reg3,cold,0,17260,0.85
reg3_m60_s7,reg3,cold,0,17310,0.85
reg3_m60_s7,reg3,cold,0,17360,0.85
reg3_m60_s7,reg3,cold,0,17410,0.85
reg3_m60_s7,reg3,cold,0,17460,0.85
reg3_m60_s7,reg3,cold,0,17510,0.85
reg3_m60_s7,reg3,cold,0,17560,0.85
reg3_m60_s7,reg3,cold,0,17610,0.85
reg3_m60_s7,reg3,cold,0,17660,0.85
reg3_m60_s7,reg3,cold,0,17710,0.85
reg3_m60_s7,reg3,cold,0,17760,0.85
reg3_m60_s7,reg3,cold,0,17810,0.85
reg3_m60_s7,reg3,cold,0,17860,0.85
reg3_m60_s7,reg3,cold,0,17910,0.85
reg3_m60_s7,reg3,cold,0,17960,0.85
reg3_m60_s7,reg3,cold,0,18010,0.85
reg3_m60_s7,reg3,cold,0,18060,0.85
reg3_m60_s7,reg3,cold,0,18110,0.85
reg3_m60_s7,reg3,cold,0,18160,0.85
reg3_m60_s7,reg3,cold,0,18210,0.85
reg3_m60_s7,reg3,cold,0,18260,0.85
reg3_m60_s7,reg3,cold,0,18310,0.85
reg3_m60_s7,reg3,cold,0,18360,0.85
reg3_m60_s7,reg3,cold,0,18410,0.85
reg3_m60_s7,reg3,cold,0,18460,0.85
reg3_m60_s7,reg3,cold,0,18510,0.85
reg3_m60_s7,reg3,cold,0,18560,0.85
reg3_m60_s7,reg3,cold,0,18610,0.85
reg3_m60_s7,reg3,cold,0,18660,0.85
reg3_m60_s7,reg3,cold,0,18710,0.85
reg3_m60_s7,reg3,cold,0,18760,0.85
reg3_m60_s7,reg3,cold,0,18810,0.85
reg3_m60_s7,reg3,cold,0,18860,0.85
reg3_m60_s7,reg3,cold,0,18910,0.85
reg3_m60_s7,reg3,cold,0,18960,0.85
reg3_m60_s7,reg3,cold,0,19010,0.85
reg3_m60_s7,reg3,cold,0,19060,0.85
reg3_m60_s7,reg3,cold,0,19110,0.85
reg3_m60_s7,reg3,cold,0,19160,0.85
reg3_m60_s7,reg3,cold,0,19210,0.85
reg3_m60_s7,reg3,cold,0,19260,0.85
reg3_m60_s7,reg3,cold,0,19310,0.85
reg3_m60_s7,reg3,cold,0,19360,0.85
reg3_m60_s7,reg3,cold,0,19410,0.85
reg3_m60_s7,reg3,cold,0,19460,0.85
reg3_m60_s7,reg3,cold,0,19510,0.85
reg3_m60_s7,reg3,cold,0,19560,0.85
reg3_m60_s7,reg3,cold,0,19610,0.85
reg3_m60_s7,reg3,cold,0,19660,0.85
reg3_m60_s7,reg3,cold,0,19710,0.85
reg3_m60_s7,reg3,cold,0,19760,0.85
reg3_m60_s7,reg3,cold,0,19810,0.85
reg3_m60_s7,reg3,cold,0,19860,0.85
reg3_m60_s7,reg3,cold,0,19910,0.85
reg3_m60_s7,reg3,cold,0,19960,0.85
reg3_m60_s7,reg3,cold,0,20010,0.85
reg3_m60_s7,reg3,prior_init,0,210,0.7
reg3_m60_s7,reg3,prior_init,0,260,0.7375
reg3_m60_s7,reg3,prior_init,0,310,0.7375
reg3_m60_s7,reg3,prior_init,0,360,0.7375
reg3_m60_s7,reg3,prior_init,0,410,0.7375
reg3_m60_s7,reg3,prior_init,0,460,0.7625
reg3_m60_s7,reg3,prior_init,0,510,0.7625
reg3_m60_s7,reg3,prior_init,0,560,0.7625
reg3_m60_s7,reg3,prior_init,0,610,0.7625
reg3_m60_s7,reg3,prior_init,0,660,0.7625
reg3_m60_s7,reg3,prior_init,0,710,0.7625
reg3_m60_s7,reg3,prior_init,0,760,0.7625
reg3_m60_s7,reg3,prior_init,0,810,0.8
reg3_m60_s7,reg3,prior_init,0,860,0.8
reg3_m60_s7,reg3,prior_init,0,910,0.8
reg3_m60_s7,reg3,prior_init,0,960,0.8
reg3_m60_s7,reg3,prior_init,0,1010,0.8
reg3_m60_s7,reg3,prior_init,0,1060,0.8125
reg3_m60_s7,reg3,prior_init,0,1110,0.8125
reg3_m60_s7,reg3,prior_init,0,1160,0.8375
reg3_m60_s7,reg3,prior_init,0,1210,0.8375
reg3_m60_s7,reg3,prior_init,0,1260,0.8375
reg3_m60_s7,reg3,prior_init,0,1310,0.8375
reg3_m60_s7,reg3,prior_init,0,1360,0.8375
reg3_m60_s7,reg3,prior_init,0,1410,0.8375
reg3_m60_s7,reg3,prior_init,0,1460,0.8375
reg3_m60_s7,reg3,prior_init,0,1510,0.8375
reg3_m60_s7,reg3,prior_init,0,1560,0.8375
reg3_m60_s7,reg3,prior_init,0,1610,0.8375
reg3_m60_s7,reg3,prior_init,0,1660,0.8375
reg3_m60_s7,reg3,prior_init,0,1710,0.8375
reg3_m60_s7,reg3,prior_init,0,1760,0.8375
reg3_m60_s7,reg3,prior_init,0,1810,0.8375
reg3_m60_s7,reg3,prior_init,0,1860,0.8375
reg3_m60_s7,reg3,prior_init,0,1910,0.8375
reg3_m60_s7,reg3,prior_init,0,1960,0.8375
reg3_m60_s7,reg3,prior_init,0,2010,0.8375
reg3_m60_s7,reg3,prior_init,0,2060,0.8375
reg3_m60_s7,reg3,prior_init,0,2110,0.8375
reg3_m60_s7,reg3,prior_init,0,2160,0.8375
reg3_m60_s7,reg3,prior_init,0,2210,0.8375
reg3_m60_s7,reg3,prior_init,0,2260,0.8375
reg3_m60_s7,reg3,prior_init,0,2310,0.8375
reg3_m60_s7,reg3,prior_init,0,2360,0.8375
reg3_m60_s7,reg3,prior_init,0,2410,0.8375
reg3_m60_s7,reg3,prior_init,0,2460,0.8375
reg3_m60_s7,reg3,prior_init,0,2510,0.8375
reg3_m60_s7,reg3,prior_init,0,2560,0.8375
reg3_m60_s7,reg3,prior_init,0,2610,0.8375
reg3_m60_s7,reg3,prior_init,0,2660,0.8375
reg3_m60_s7,reg3,prior_init,0,2710,0.8375
reg3_m60_s7,reg3,prior_init,0,2760,0.8375
reg3_m60_s7,reg3,prior_init,0,2810,0.85
reg3_m60_s7,reg3,prior_init,0,2860,0.8375
reg3_m60_s7,reg3,prior_init,0,2910,0.8375
reg3_m60_s7,reg3,prior_init,0,2960,0.8375
reg3_m60_s7,reg3,prior_init,0,3010,0.85
reg3_m60_s7,reg3,prior_init,0,3060,0.85
reg3_m60_s7,reg3,prior_init,0,3110,0.85
reg3_m60_s7,reg3,prior_init,0,3160,0.85
reg3_m60_s7,reg3,prior_init,0,3210,0.85
reg3_m60_s7,reg3,prior_init,0,3260,0.85
reg3_m60_s7,reg3,prior_init,0,3310,0.85
reg3_m60_s7,reg3,prior_init,0,3360,0.85
reg3_m60_s7,reg3,prior_init,0,3410,0.85
reg3_m60_s7,reg3,prior_init,0,3460,0.85
reg3_m60_s7,reg3,prior_init,0,3510,0.85
reg3_m60_s7,reg3,prior_init,0,3560,0.85
reg3_m60_s7,reg3,prior_init,0,3610,0.85
reg3_m60_s7,reg3,prior_init,0,3660,0.85
reg3_m60_s7,reg3,prior_init,0,3710,0.85
reg3_m60_s7,reg3,prior_init,0,3760,0.85
reg3_m60_s7,reg3,prior_init,0,3810,0.85
reg3_m60_s7,reg3,prior_init,0,3860,0.85
reg3_m60_s7,reg3,prior_init,0,3910,0.85
reg3_m60_s7,reg3,prior_init,0,3960,0.85
reg3_m60_s7,reg3,prior_init,0,4010,0.8625
reg3_m60_s7,reg3,prior_init,0,4060,0.8625
reg3_m60_s7,reg3,prior_init,0,4110,0.8625
reg3_m60_s7,reg3,prior_init,0,4160,0.8625
reg3_m60_s7,reg3,prior_init,0,4210,0.8625
reg3_m60_s7,reg3,prior_init,0,4260,0.8625
reg3_m60_s7,reg3,prior_init,0,4310,0.8625
reg3_m60_s7,reg3,prior_init,0,4360,0.8625
reg3_m60_s7,reg3,prior_init,0,4410,0.8625
reg3_m60_s7,reg3,prior_init,0,4460,0.8625
reg3_m60_s7,reg3,prior_init,0,4510,0.8625
reg3_m60_s7,reg3,prior_init,0,4560,0.8625
reg3_m60_s7,reg3,prior_init,0,4610,0.8625
reg3_m60_s7,reg3,prior_init,0,4660,0.8625
reg3_m60_s7,reg3,prior_init,0,4710,0.8625
reg3_m60_s7,reg3,prior_init,0,4760,0.8625
reg3_m60_s7,reg3,prior_init,0,4810,0.8625
reg3_m60_s7,reg3,prior_init,0,4860,0.9
reg3_m60_s7,reg3,prior_init,0,4910,0.9
reg3_m60_s7,reg3,prior_init,0,4960,0.9
reg3_m60_s7,reg3,prior_init,0,5010,0.9
reg3_m60_s7,reg3,prior_init,0,5060,0.9
reg3_m60_s7,reg3,prior_init,0,5110,0.9
reg3_m60_s7,reg3,prior_init,0,5160,0.9
reg3_m60_s7,reg3,prior_init,0,5210,0.9
reg3_m60_s7,reg3,prior_init,0,5260,0.9
reg3_m60_s7,reg3,prior_init,0,5310,0.9
reg3_m60_s7,reg3,prior_init,0,5360,0.9
reg3_m60_s7,reg3,prior_init,0,5410,0.9125
reg3_m60_s7,reg3,prior_init,0,5460,0.9125
reg3_m60_s7,reg3,prior_init,0,5510,0.9125
reg3_m60_s7,reg3,prior_init,0,5560,0.9125
reg3_m60_s7,reg3,prior_init,0,5610,0.9125
reg3_m60_s7,reg3,prior_init,0,5660,0.9125
reg3_m60_s7,reg3,prior_init,0,5710,0.9125
reg3_m60_s7,reg3,prior_init,0,5760,0.9125
reg3_m60_s7,reg3,prior_init,0,5810,0.9125
reg3_m60_s7,reg3,prior_init,0,5860,0.9125
reg3_m60_s7,reg3,prior_init,0,5910,0.9125
reg3_m60_s7,reg3,prior_init,0,5960,0.9125
reg3_m60_s7,reg3,prior_init,0,6010,0.9125
reg3_m60_s7,reg3,prior_init,0,6060,0.9125
reg3_m60_s7,reg3,prior_init,0,6110,0.9125
reg3_m60_s7,reg3,prior_init,0,6160,0.9125
reg3_m60_s7,reg3,prior_init,0,6210,0.9125
reg3_m60_s7,reg3,prior_init,0,6260,0.9125
reg3_m60_s7,reg3,prior_init,0,6310,0.9125
reg3_m60_s7,reg3,prior_init,0,6360,0.9125
reg3_m60_s7,reg3,prior_init,0,6410,0.9125
reg3_m60_s7,reg3,prior_init,0,6460,0.9125
reg3_m60_s7,reg3,prior_init,0,6510,0.9125
reg3_m60_s7,reg3,prior_init,0,6560,0.9125
reg3_m60_s7,reg3,prior_init,0,6610,0.9125
reg3_m60_s7,reg3,prior_init,0,6660,0.9125
reg3_m60_s7,reg3,prior_init,0,6710,0.9125
reg3_m60_s7,reg3,prior_init,0,6760,0.9125
reg3_m60_s7,reg3,prior_init,0,6810,0.9125
reg3_m60_s7,reg3,prior_init,0,6860,0.9125
reg3_m60_s7,reg3,prior_init,0,6910,0.9125
reg3_m60_s7,reg3,prior_init,0,6960,0.9125
reg3_m60_s7,reg3,prior_init,0,7010,0.9125
reg3_m60_s7,reg3,prior_init,0,7060,0.9125
reg3_m60_s7,reg3,prior_init,0,7110,0.9125
reg3_m60_s7,reg3,prior_init,0,7160,0.9125
reg3_m60_s7,reg3,prior_init,0,7210,0.9125
reg3_m60_s7,reg3,prior_init,0,7260,0.9125
reg3_m60_s7,reg3,prior_init,0,7310,0.9125
reg3_m60_s7,reg3,prior_init,0,7360,0.9125
reg3_m60_s7,reg3,prior_init,0,7410,0.9125
reg3_m60_s7,reg3,prior_init,0,7460,0.9125
reg3_m60_s7,reg3,prior_init,0,7510,0.9125
reg3_m60_s7,reg3,prior_init,0,7560,0.9125
reg3_m60_s7,reg3,prior_init,0,7610,0.9125
reg3_m60_s7,reg3,prior_init,0,7660,0.9125
reg3_m60_s7,reg3,prior_init,0,7710,0.9125
reg3_m60_s7,reg3,prior_init,0,7760,0.9125
reg3_m60_s7,reg3,prior_init,0,7810,0.9125
reg3_m60_s7,reg3,prior_init,0,7860,0.9125
reg3_m60_s7,reg3,prior_init,0,7910,0.9125
reg3_m60_s7,reg3,prior_init,0,7960,0.9125
reg3_m60_s7,reg3,prior_init,0,8010,0.9125
reg3_m60_s7,reg3,prior_init,0,8060,0.9125
reg3_m60_s7,reg3,prior_init,0,8110,0.9125
reg3_m60_s7,reg3,prior_init,0,8160,0.9125
reg3_m60_s7,reg3,prior_init,0,8210,0.9125
reg3_m60_s7,reg3,prior_init,0,8260,0.9125
reg3_m60_s7,reg3,prior_init,0,8310,0.9125
reg3_m60_s7,reg3,prior_init,0,8360,0.9125
reg3_m60_s7,reg3,prior_init,0,8410,0.9125
reg3_m60_s7,reg3,prior_init,0,8460,0.9125
reg3_m60_s7,reg3,prior_init,0,8510,0.9125
reg3_m60_s7,reg3,prior_init,0,8560,0.9125
reg3_m60_s7,reg3,prior_init,0,8610,0.9125
reg3_m60_s7,reg3,prior_init,0,8660,0.9125
reg3_m60_s7,reg3,prior_init,0,8710,0.9125
reg3_m60_s7,reg3,prior_init,0,8760,0.9125
reg3_m60_s7,reg3,prior_init,0,8810,0.9125
reg3_m60_s7,reg3,prior_init,0,8860,0.9125
reg3_m60_s7,reg3,prior_init,0,8910,0.9125
reg3_m60_s7,reg3,prior_init,0,8960,0.9125
reg3_m60_s7,reg3,prior_init,0,9010,0.9125
reg3_m60_s7,reg3,prior_init,0,9060,0.9125
reg3_m60_s7,reg3,prior_init,0,9110,0.9125
reg3_m60_s7,reg3,prior_init,0,9160,0.9125
reg3_m60_s7,reg3,prior_init,0,9210,0.9125
reg3_m60_s7,reg3,prior_init,0,9260,0.9125
reg3_m60_s7,reg3,prior_init,0,9310,0.9125
reg3_m60_s7,reg3,prior_init,0,9360,0.9125
reg3_m60_s7,reg3,prior_init,0,9410,0.9125
reg3_m60_s7,reg3,prior_init,0,9460,0.9125
reg3_m60_s7,reg3,prior_init,0,9510,0.9125
reg3_m60_s7,reg3,prior_init,0,9560,0.9125
reg3_m60_s7,reg3,prior_init,0,9610,0.9125
reg3_m60_s7,reg3,prior_init,0,9660,0.9125
reg3_m60_s7,reg3,prior_init,0,9710,0.9125
reg3_m60_s7,reg3,prior_init,0,9760,0.9125
reg3_m60_s7,reg3,prior_init,0,9810,0.9125
reg3_m60_s7,reg3,prior_init,0,9860,0.9125
reg3_m60_s7,reg3,prior_init,0,9910,0.9125
reg3_m60_s7,reg3,prior_init,0,9960,0.9125
reg3_m60_s7,reg3,prior_init,0,10010,0.9125
reg3_m60_s7,reg3,prior_init,0,10060,0.9125
reg3_m60_s7,reg3,prior_init,0,10110,0.9125
reg3_m60_s7,reg3,prior_init,0,10160,0.9125
reg3_m60_s7,reg3,prior_init,0,10210,0.9125
reg3_m60_s7,reg3,prior_init,0,10260,0.9125
reg3_m60_s7,reg3,prior_init,0,10310,0.9125
reg3_m60_s7,reg3,prior_init,0,10360,0.9125
reg3_m60_s7,reg3,prior_init,0,10410,0.9125
reg3_m60_s7,reg3,prior_init,0,10460,0.9125
reg3_m60_s7,reg3,prior_init,0,10510,0.9125
reg3_m60_s7,reg3,prior_init,0,10560,0.9125
reg3_m60_s7,reg3,prior_init,0,10610,0.9125
reg3_m60_s7,reg3,prior_init,0,10660,0.9125
reg3_m60_s7,reg3,prior_init,0,10710,0.9125
reg3_m60_s7,reg3,prior_init,0,10760,0.9125
reg3_m60_s7,reg3,prior_init,0,10810,0.9125
reg3_m60_s7,reg3,prior_init,0,10860,0.9125
reg3_m60_s7,reg3,prior_init,0,10910,0.9125
reg3_m60_s7,reg3,prior_init,0,10960,0.9125
reg3_m60_s7,reg3,prior_init,0,11010,0.9125
reg3_m60_s7,reg3,prior_init,0,11060,0.9125
reg3_m60_s7,reg3,prior_init,0,11110,0.9125
reg3_m60_s7,reg3,prior_init,0,11160,0.9125
reg3_m60_s7,reg3,prior_init,0,11210,0.9125
reg3_m60_s7,reg3,prior_init,0,11260,0.9125
reg3_m60_s7,reg3,prior_init,0,11310,0.9125
reg3_m60_s7,reg3,prior_init,0,11360,0.9125
reg3_m60_s7,reg3,prior_init,0,11410,0.9125
reg3_m60_s7,reg3,prior_init,0,11460,0.9125
reg3_m60_s7,reg3,prior_init,0,11510,0.9125
reg3_m60_s7,reg3,prior_init,0,11560,0.9125
reg3_m60_s7,reg3,prior_init,0,11610,0.9125
reg3_m60_s7,reg3,prior_init,0,11660,0.9125
reg3_m60_s7,reg3,prior_init,0,11710,0.9125
reg3_m60_s7,reg3,prior_init,0,11760,0.9125
reg3_m60_s7,reg3,prior_init,0,11810,0.9125
reg3_m60_s7,reg3,prior_init,0,11860,0.9125
reg3_m60_s7,reg3,prior_init,0,11910,0.9125
reg3_m60_s7,reg3,prior_init,0,11960,0.9125
reg3_m60_s7,reg3,prior_init,0,12010,0.9125
reg3_m60_s7,reg3,prior_init,0,12060,0.9125
reg3_m60_s7,reg3,prior_init,0,12110,0.9125
reg3_m60_s7,reg3,prior_init,0,12160,0.9125
reg3_m60_s7,reg3,prior_init,0,12210,0.9125
reg3_m60_s7,reg3,prior_init,0,12260,0.9125
reg3_m60_s7,reg3,prior_init,0,12310,0.9125
reg3_m60_s7,reg3,prior_init,0,12360,0.9125
reg3_m60_s7,reg3,prior_init,0,12410,0.9125
reg3_m60_s7,reg3,prior_init,0,12460,0.9125
reg3_m60_s7,reg3,prior_init,0,12510,0.9125
reg3_m60_s7,reg3,prior_init,0,12560,0.9125
reg3_m60_s7,reg3,prior_init,0,12610,0.9125
reg3_m60_s7,reg3,prior_init,0,12660,0.9125
reg3_m60_s7,reg3,prior_init,0,12710,0.9125
reg3_m60_s7,reg3,prior_init,0,12760,0.9125
reg3_m60_s7,reg3,prior_init,0,12810,0.9125
reg3_m60_s7,reg3,prior_init,0,12860,0.9125
reg3_m60_s7,reg3,prior_init,0,12910,0.9125
reg3_m60_s7,reg3,prior_init,0,12960,0.9125
reg3_m60_s7,reg3,prior_init,0,13010,0.9125
reg3_m60_s7,reg3,prior_init,0,13060,0.9125
reg3_m60_s7,reg3,prior_init,0,13110,0.9125
reg3_m60_s7,reg3,prior_init,0,13160,0.9125
reg3_m60_s7,reg3,prior_init,0,13210,0.9125
reg3_m60_s7,reg3,prior_init,0,13260,0.9125
reg3_m60_s7,reg3,prior_init,0,13310,0.9125
reg3_m60_s7,reg3,prior_init,0,13360,0.9125
reg3_m60_s7,reg3,prior_init,0,13410,0.9125
reg3_m60_s7,reg3,prior_init,0,13460,0.9125
reg3_m60_s7,reg3,prior_init,0,13510,0.9125
reg3_m60_s7,reg3,prior_init,0,13560,0.9125
reg3_m60_s7,reg3,prior_init,0,13610,0.9125
reg3_m60_s7,reg3,prior_init,0,13660,0.9125
reg3_m60_s7,reg3,prior_init,0,13710,0.9125
reg3_m60_s7,reg3,prior_init,0,13760,0.9125
reg3_m60_s7,reg3,prior_init,0,13810,0.925
reg3_m60_s7,reg3,prior_init,0,13860,0.925
reg3_m60_s7,reg3,prior_init,0,13910,0.925
reg3_m60_s7,reg3,prior_init,0,13960,0.925
reg3_m60_s7,reg3,prior_init,0,14010,0.925
reg3_m60_s7,reg3,prior_init,0,14060,0.925
reg3_m60_s7,reg3,prior_init,0,14110,0.925
reg3_m60_s7,reg3,prior_init,0,14160,0.925
reg3_m60_s7,reg3,prior_init,0,14210,0.925
reg3_m60_s7,reg3,prior_init,0,14260,0.925
reg3_m60_s7,reg3,prior_init,0,14310,0.925
reg3_m60_s7,reg3,prior_init,0,14360,0.925
reg3_m60_s7,reg3,prior_init,0,14410,0.925
reg3_m60_s7,reg3,prior_init,0,14460,0.925
reg3_m60_s7,reg3,prior_init,0,14510,0.925
reg3_m60_s7,reg3,prior_init,0,14560,0.925
reg3_m60_s7,reg3,prior_init,0,14610,0.925
reg3_m60_s7,reg3,prior_init,0,14660,0.925
reg3_m60_s7,reg3,prior_init,0,14710,0.925
reg3_m60_s7,reg3,prior_init,0,14760,0.925
reg3_m60_s7,reg3,prior_init,0,14810,0.925
reg3_m60_s7,reg3,prior_init,0,14860,0.925
reg3_m60_s7,reg3,prior_init,0,14910,0.925
reg3_m60_s7,reg3,prior_init,0,14960,0.925
reg3_m60_s7,reg3,prior_init,0,15010,0.925
reg3_m60_s7,reg3,prior_init,0,15060,0.925
reg3_m60_s7,reg3,prior_init,0,15110,0.925
reg3_m60_s7,reg3,prior_init,0,15160,0.925
reg3_m60_s7,reg3,prior_init,0,15210,0.925
reg3_m60_s7,reg3,prior_init,0,15260,0.925
reg3_m60_s7,reg3,prior_init,0,15310,0.925
reg3_m60_s7,reg3,prior_init,0,15360,0.925
reg3_m60_s7,reg3,prior_init,0,15410,0.925
reg3_m60_s7,reg3,prior_init,0,15460,0.925
reg3_m60_s7,reg3,prior_init,0,15510,0.925
reg3_m60_s7,reg3,prior_init,0,15560,0.925
reg3_m60_s7,reg3,prior_init,0,15610,0.925
reg3_m60_s7,reg3,prior_init,0,15660,0.925
reg3_m60_s7,reg3,prior_init,0,15710,0.925
reg3_m60_s7,reg3,prior_init,0,15760,0.925
reg3_m60_s7,reg3,prior_init,0,15810,0.925
reg3_m60_s7,reg3,prior_init,0,15860,0.925
reg3_m60_s7,reg3,prior_init,0,15910,0.925
reg3_m60_s7,reg3,prior_init,0,15960,0.925
reg3_m60_s7,reg3,prior_init,0,16010,0.925
reg3_m60_s7,reg3,prior_init,0,16060,0.925
reg3_m60_s7,reg3,prior_init,0,16110,0.925
reg3_m60_s7,reg3,prior_init,0,16160,0.925
reg3_m60_s7,reg3,prior_init,0,16210,0.925
reg3_m60_s7,reg3,prior_init,0,16260,0.925
reg3_m60_s7,reg3,prior_init,0,16310,0.925
reg3_m60_s7,reg3,prior_init,0,16360,0.925
reg3_m60_s7,reg3,prior_init,0,16410,0.925
reg3_m60_s7,reg3,prior_init,0,16460,0.925
reg3_m60_s7,reg3,prior_init,0,16510,0.925
reg3_m60_s7,reg3,prior_init,0,16560,0.925
reg3_m60_s7,reg3,prior_init,0,16610,0.925
reg3_m60_s7,reg3,prior_init,0,16660,0.925
reg3_m60_s7,reg3,prior_init,0,16710,0.925
reg3_m60_s7,reg3,prior_init,0,16760,0.925
reg3_m60_s7,reg3,prior_init,0,16810,0.925
reg3_m60_s7,reg3,prior_init,0,16860,0.925
reg3_m60_s7,reg3,prior_init,0,16910,0.925
reg3_m60_s7,reg3,prior_init,0,16960,0.925
reg3_m60_s7,reg3,prior_init,0,17010,0.925
reg3_m60_s7,reg3,prior_init,0,17060,0.925
reg3_m60_s7,reg3,prior_init,0,17110,0.925
reg3_m60_s7,reg3,prior_init,0,17160,0.925
reg3_m60_s7,reg3,prior_init,0,17210,0.925
reg3_m60_s7,reg3,prior_init,0,17260,0.925
reg3_m60_s7,reg3,prior_init,0,17310,0.925
reg3_m60_s7,reg3,prior_init,0,17360,0.925
reg3_m60_s7,reg3,prior_init,0,17410,0.925
reg3_m60_s7,reg3,prior_init,0,17460,0.925
reg3_m60_s7,reg3,prior_init,0,17510,0.925
reg3_m60_s7,reg3,prior_init,0,17560,0.925
reg3_m60_s7,reg3,prior_init,0,17610,0.925
reg3_m60_s7,reg3,prior_init,0,17660,0.925
reg3_m60_s7,reg3,prior_init,0,17710,0.925
reg3_m60_s7,reg3,prior_init,0,17760,0.925
reg3_m60_s7,reg3,prior_init,0,17810,0.925
reg3_m60_s7,reg3,prior_init,0,17860,0.925
reg3_m60_s7,reg3,prior_init,0,17910,0.925
reg3_m60_s7,reg3,prior_init,0,17960,0.925
reg3_m60_s7,reg3,prior_init,0,18010,0.925
reg3_m60_s7,reg3,prior_init,0,18060,0.925
reg3_m60_s7,reg3,prior_init,0,18110,0.925
reg3_m60_s7,reg3,prior_init,0,18160,0.925
reg3_m60_s7,reg3,prior_init,0,18210,0.925
reg3_m60_s7,reg3,prior_init,0,18260,0.925
reg3_m60_s7,reg3,prior_init,0,18310,0.925
reg3_m60_s7,reg3,prior_init,0,18360,0.925
reg3_m60_s7,reg3,prior_init,0,18410,0.925
reg3_m60_s7,reg3,prior_init,0,18460,0.925
reg3_m60_s7,reg3,prior_init,0,18510,0.925
reg3_m60_s7,reg3,prior_init,0,18560,0.925
reg3_m60_s7,reg3,prior_init,0,18610,0.925
reg3_m60_s7,reg3,prior_init,0,18660,0.925
reg3_m60_s7,reg3,prior_init,0,18710,0.925
reg3_m60_s7,reg3,prior_init,0,18760,0.925
reg3_m60_s7,reg3,prior_init,0,18810,0.925
reg3_m60_s7,reg3,prior_init,0,18860,0.925
reg3_m60_s7,reg3,prior_init,0,18910,0.925
reg3_m60_s7,reg3,prior_init,0,18960,0.925
reg3_m60_s7,reg3,prior_init,0,19010,0.925
reg3_m60_s7,reg3,prior_init,0,19060,0.925
reg3_m60_s7,reg3,prior_init,0,19110,0.925
reg3_m60_s7,reg3,prior_init,0,19160,0.925
reg3_m60_s7,reg3,prior_init,0,19210,0.925
reg3_m60_s7,reg3,prior_init,0,19260,0.925
reg3_m60_s7,reg3,prior_init,0,19310,0.925
reg3_m60_s7,reg3,prior_init,0,19360,0.925
reg3_m60_s7,reg3,prior_init,0,19410,0.925
reg3_m60_s7,reg3,prior_init,0,19460,0.925
reg3_m60_s7,reg3,prior_init,0,19510,0.925
reg3_m60_s7,reg3,prior_init,0,19560,0.925
reg3_m60_s7,reg3,prior_init,0,19610,0.925
reg3_m60_s7,reg3,prior_init,0,19660,0.925
reg3_m60_s7,reg3,prior_init,0,19710,0.925
reg3_m60_s7,reg3,prior_init,0,19760,0.925
reg3_m60_s7,reg3,prior_init,0,19810,0.925
reg3_m60_s7,reg3,prior_init,0,19860,0.925
reg3_m60_s7,reg3,prior_init,0,19910,0.925
reg3_m60_s7,reg3,prior_init,0,19960,0.925
reg3_m60_s7,reg3,prior_init,0,20010,0.925
reg3_m60_s7,reg3,prior_prop,0,10,0.65
reg3_m60_s7,reg3,prior_prop,0,60,0.675
reg3_m60_s7,reg3,prior_prop,0,110,0.6875
reg3_m60_s7,reg3,prior_prop,0,160,0.7375
reg3_m60_s7,reg3,prior_prop,0,210,0.725
reg3_m60_s7,reg3,prior_prop,0,260,0.725
reg3_m60_s7,reg3,prior_prop,0,310,0.725
reg3_m60_s7,reg3,prior_prop,0,360,0.725
reg3_m60_s7,reg3,prior_prop,0,410,0.75
reg3_m60_s7,reg3,prior_prop,0,460,0.7375
reg3_m60_s7,reg3,prior_prop,0,510,0.7375
reg3_m60_s7,reg3,prior_prop,0,560,0.7375
reg3_m60_s7,reg3,prior_prop,0,610,0.7375
reg3_m60_s7,reg3,prior_prop,0,660,0.75
reg3_m60_s7,reg3,prior_prop,0,710,0.75
reg3_m60_s7,reg3,prior_prop,0,760,0.75
reg3_m60_s7,reg3,prior_prop,0,810,0.75
reg3_m60_s7,reg3,prior_prop,0,860,0.75
reg3_m60_s7,reg3,prior_prop,0,910,0.75
reg3_m60_s7,reg3,prior_prop,0,960,0.75
reg3_m60_s7,reg3,prior_prop,0,1010,0.7875
reg3_m60_s7,reg3,prior_prop,0,1060,0.7875
reg3_m60_s7,reg3,prior_prop,0,1110,0.7875
reg3_m60_s7,reg3,prior_prop,0,1160,0.7875
reg3_m60_s7,reg3,prior_prop,0,1210,0.7875
reg3_m60_s7,reg3,prior_prop,0,1260,0.7875
reg3_m60_s7,reg3,prior_prop,0,1310,0.7875
reg3_m60_s7,reg3,prior_prop,0,1360,0.7875
reg3_m60_s7,reg3,prior_prop,0,1410,0.7875
reg3_m60_s7,reg3,prior_prop,0,1460,0.7875
reg3_m60_s7,reg3,prior_prop,0,1510,0.7875
reg3_m60_s7,reg3,prior_prop,0,1560,0.7875
reg3_m60_s7,reg3,prior_prop,0,1610,0.7875
reg3_m60_s7,reg3,prior_prop,0,1660,0.8125
reg3_m60_s7,reg3,prior_prop,0,1710,0.8125
reg3_m60_s7,reg3,prior_prop,0,1760,0.825
reg3_m60_s7,reg3,prior_prop,0,1810,0.825
reg3_m60_s7,reg3,prior_prop,0,1860,0.825
reg3_m60_s7,reg3,prior_prop,0,1910,0.825
reg3_m60_s7,reg3,prior_prop,0,1960,0.825
reg3_m60_s7,reg3,prior_prop,0,2010,0.825
reg3_m60_s7,reg3,prior_prop,0,2060,0.825
reg3_m60_s7,reg3,prior_prop,0,2110,0.825
reg3_m60_s7,reg3,prior_prop,0,2160,0.8375
reg3_m60_s7,reg3,prior_prop,0,2210,0.8375
reg3_m60_s7,reg3,prior_prop,0,2260,0.8375
reg3_m60_s7,reg3,prior_prop,0,2310,0.85
reg3_m60_s7,reg3,prior_prop,0,2360,0.85
reg3_m60_s7,reg3,prior_prop,0,2410,0.85
reg3_m60_s7,reg3,prior_prop,0,2460,0.85
reg3_m60_s7,reg3,prior_prop,0,2510,0.85
reg3_m60_s7,reg3,prior_prop,0,2560,0.85
reg3_m60_s7,reg3,prior_prop,0,2610,0.85
reg3_m60_s7,reg3,prior_prop,0,2660,0.85
reg3_m60_s7,reg3,prior_prop,0,2710,0.85
reg3_m60_s7,reg3,prior_prop,0,2760,0.85
reg3_m60_s7,reg3,prior_prop,0,2810,0.85
reg3_m60_s7,reg3,prior_prop,0,2860,0.85
reg3_m60_s7,reg3,prior_prop,0,2910,0.85
reg3_m60_s7,reg3,prior_prop,0,2960,0.85
reg3_m60_s7,reg3,prior_prop,0,3010,0.85
reg3_m60_s7,reg3,prior_prop,0,3060,0.8625
reg3_m60_s7,reg3,prior_prop,0,3110,0.8625
reg3_m60_s7,reg3,prior_prop,0,3160,0.8625
reg3_m60_s7,reg3,prior_prop,0,3210,0.8625
reg3_m60_s7,reg3,prior_prop,0,3260,0.8625
reg3_m60_s7,reg3,prior_prop,0,3310,0.8625
reg3_m60_s7,reg3,prior_prop,0,3360,0.8625
reg3_m60_s7,reg3,prior_prop,0,3410,0.8625
reg3_m60_s7,reg3,prior_prop,0,3460,0.8625
reg3_m60_s7,reg3,prior_prop,0,3510,0.8625
reg3_m60_s7,reg3,prior_prop,0,3560,0.8625
reg3_m60_s7,reg3,prior_prop,0,3610,0.8625
reg3_m60_s7,reg3,prior_prop,0,3660,0.875
reg3_m60_s7,reg3,prior_prop,0,3710,0.875
reg3_m60_s7,reg3,prior_prop,0,3760,0.875
reg3_m60_s7,reg3,prior_prop,0,3810,0.875
reg3_m60_s7,reg3,prior_prop,0,3860,0.875
reg3_m60_s7,reg3,prior_prop,0,3910,0.875
reg3_m60_s7,reg3,prior_prop,0,3960,0.875
reg3_m60_s7,reg3,prior_prop,0,4010,0.875
reg3_m60_s7,reg3,prior_prop,0,4060,0.875
reg3_m60_s7,reg3,prior_prop,0,4110,0.875
reg3_m60_s7,reg3,prior_prop,0,4160,0.875
reg3_m60_s7,reg3,prior_prop,0,4210,0.875
reg3_m60_s7,reg3,prior_prop,0,4260,0.875
reg3_m60_s7,reg3,prior_prop,0,4310,0.875
reg3_m60_s7,reg3,prior_prop,0,4360,0.875
reg3_m60_s7,reg3,prior_prop,0,4410,0.875
reg3_m60_s7,reg3,prior_prop,0,4460,0.875
reg3_m60_s7,reg3,prior_prop,0,4510,0.875
reg3_m60_s7,reg3,prior_prop,0,4560,0.875
reg3_m60_s7,reg3,prior_prop,0,4610,0.875
reg3_m60_s7,reg3,prior_prop,0,4660,0.875
reg3_m60_s7,reg3,prior_prop,0,4710,0.875
reg3_m60_s7,reg3,prior_prop,0,4760,0.8875
reg3_m60_s7,reg3,prior_prop,0,4810,0.8875
reg3_m60_s7,reg3,prior_prop,0,4860,0.8875
reg3_m60_s7,reg3,prior_prop,0,4910,0.8875
reg3_m60_s7,reg3,prior_prop,0,4960,0.8875
reg3_m60_s7,reg3,prior_prop,0,5010,0.8875
reg3_m60_s7,reg3,prior_prop,0,5060,0.8875
reg3_m60_s7,reg3,prior_prop,0,5110,0.8875
reg3_m60_s7,reg3,prior_prop,0,5160,0.8875
reg3_m60_s7,reg3,prior_prop,0,5210,0.8875
reg3_m60_s7,reg3,prior_prop,0,5260,0.8875
reg3_m60_s7,reg3,prior_prop,0,5310,0.8875
reg3_m60_s7,reg3,prior_prop,0,5360,0.8875
reg3_m60_s7,reg3,prior_prop,0,5410,0.8875
reg3_m60_s7,reg3,prior_prop,0,5460,0.8875
reg3_m60_s7,reg3,prior_prop,0,5510,0.8875
reg3_m60_s7,reg3,prior_prop,0,5560,0.8875
reg3_m60_s7,reg3,prior_prop,0,5610,0.8875
reg3_m60_s7,reg3,prior_prop,0,5660,0.8875
reg3_m60_s7,reg3,prior_prop,0,5710,0.8875
reg3_m60_s7,reg3,prior_prop,0,5760,0.8875
reg3_m60_s7,reg3,prior_prop,0,5810,0.8875
reg3_m60_s7,reg3,prior_prop,0,5860,0.8875
reg3_m60_s7,reg3,prior_prop,0,5910,0.8875
reg3_m60_s7,reg3,prior_prop,0,5960,0.8875
reg3_m60_s7,reg3,prior_prop,0,6010,0.8875
reg3_m60_s7,reg3,prior_prop,0,6060,0.8875
reg3_m60_s7,reg3,prior_prop,0,6110,0.8875
reg3_m60_s7,reg3,prior_prop,0,6160,0.8875
reg3_m60_s7,reg3,prior_prop,0,6210,0.8875
reg3_m60_s7,reg3,prior_prop,0,6260,0.8875
reg3_m60_s7,reg3,prior_prop,0,6310,0.8875
reg3_m60_s7,reg3,prior_prop,0,6360,0.8875
reg3_m60_s7,reg3,prior_prop,0,6410,0.8875
reg3_m60_s7,reg3,prior_prop,0,6460,0.8875
reg3_m60_s7,reg3,prior_prop,0,6510,0.8875
reg3_m60_s7,reg3,prior_prop,0,6560,0.8875
reg3_m60_s7,reg3,prior_prop,0,6610,0.8875
reg3_m60_s7,reg3,prior_prop,0,6660,0.8875
reg3_m60_s7,reg3,prior_prop,0,6710,0.8875
reg3_m60_s7,reg3,prior_prop,0,6760,0.8875
reg3_m60_s7,reg3,prior_prop,0,6810,0.8875
reg3_m60_s7,reg3,prior_prop,0,6860,0.8875
reg3_m60_s7,reg3,prior_prop,0,6910,0.8875
reg3_m60_s7,reg3,prior_prop,0,6960,0.8875
reg3_m60_s7,reg3,prior_prop,0,7010,0.8875
reg3_m60_s7,reg3,prior_prop,0,7060,0.8875
reg3_m60_s7,reg3,prior_prop,0,7110,0.8875
reg3_m60_s7,reg3,prior_prop,0,7160,0.8875
reg3_m60_s7,reg3,prior_prop,0,7210,0.8875
reg3_m60_s7,reg3,prior_prop,0,7260,0.8875
reg3_m60_s7,reg3,prior_prop,0,7310,0.8875
reg3_m60_s7,reg3,prior_prop,0,7360,0.8875
reg3_m60_s7,reg3,prior_prop,0,7410,0.8875
reg3_m60_s7,reg3,prior_prop,0,7460,0.8875
reg3_m60_s7,reg3,prior_prop,0,7510,0.8875
reg3_m60_s7,reg3,prior_prop,0,7560,0.8875
reg3_m60_s7,reg3,prior_prop,0,7610,0.8875
reg3_m60_s7,reg3,prior_prop,0,7660,0.8875
reg3_m60_s7,reg3,prior_prop,0,7710,0.8875
reg3_m60_s7,reg3,prior_prop,0,7760,0.8875
reg3_m60_s7,reg3,prior_prop,0,7810,0.8875
reg3_m60_s7,reg3,prior_prop,0,7860,0.8875
reg3_m60_s7,reg3,prior_prop,0,7910,0.8875
reg3_m60_s7,reg3,prior_prop,0,7960,0.8875
reg3_m60_s7,reg3,prior_prop,0,8010,0.8875
reg3_m60_s7,reg3,prior_prop,0,8060,0.8875
reg3_m60_s7,reg3,prior_prop,0,8110,0.8875
reg3_m60_s7,reg3,prior_prop,0,8160,0.8875
reg3_m60_s7,reg3,prior_prop,0,8210,0.8875
reg3_m60_s7,reg3,prior_prop,0,8260,0.8875
reg3_m60_s7,reg3,prior_prop,0,8310,0.8875
reg3_m60_s7,reg3,prior_prop,0,8360,0.8875
reg3_m60_s7,reg3,prior_prop,0,8410,0.8875
reg3_m60_s7,reg3,prior_prop,0,8460,0.8875
reg3_m60_s7,reg3,prior_prop,0,8510,0.8875
reg3_m60_s7,reg3,prior_prop,0,8560,0.8875
reg3_m60_s7,reg3,prior_prop,0,8610,0.8875
reg3_m60_s7,reg3,prior_prop,0,8660,0.8875
reg3_m60_s7,reg3,prior_prop,0,8710,0.8875
reg3_m60_s7,reg3,prior_prop,0,8760,0.8875
reg3_m60_s7,reg3,prior_prop,0,8810,0.8875
reg3_m60_s7,reg3,prior_prop,0,8860,0.8875
reg3_m60_s7,reg3,prior_prop,0,8910,0.8875
reg3_m60_s7,reg3,prior_prop,0,8960,0.8875
reg3_m60_s7,reg3,prior_prop,0,9010,0.8875
reg3_m60_s7,reg3,prior_prop,0,9060,0.8875
reg3_m60_s7,reg3,prior_prop,0,9110,0.8875
reg3_m60_s7,reg3,prior_prop,0,9160,0.8875
reg3_m60_s7,reg3,prior_prop,0,9210,0.8875
reg3_m60_s7,reg3,prior_prop,0,9260,0.8875
reg3_m60_s7,reg3,prior_prop,0,9310,0.8875
reg3_m60_s7,reg3,prior_prop,0,9360,0.8875
reg3_m60_s7,reg3,prior_prop,0,9410,0.8875
reg3_m60_s7,reg3,prior_prop,0,9460,0.8875
reg3_m60_s7,reg3,prior_prop,0,9510,0.8875
reg3_m60_s7,reg3,prior_prop,0,9560,0.8875
reg3_m60_s7,reg3,prior_prop,0,9610,0.8875
reg3_m60_s7,reg3,prior_prop,0,9660,0.8875
reg3_m60_s7,reg3,prior_prop,0,9710,0.8875
reg3_m60_s7,reg3,prior_prop,0,9760,0.8875
reg3_m60_s7,reg3,prior_prop,0,9810,0.8875
reg3_m60_s7,reg3,prior_prop,0,9860,0.8875
reg3_m60_s7,reg3,prior_prop,0,9910,0.8875
reg3_m60_s7,reg3,prior_prop,0,9960,0.8875
reg3_m60_s7,reg3,prior_prop,0,10010,0.8875
reg3_m60_s7,reg3,prior_prop,0,10060,0.8875
reg3_m60_s7,reg3,prior_prop,0,10110,0.8875
reg3_m60_s7,reg3,prior_prop,0,10160,0.8875
reg3_m60_s7,reg3,prior_prop,0,10210,0.8875
reg3_m60_s7,reg3,prior_prop,0,10260,0.8875
reg3_m60_s7,reg3,prior_prop,0,10310,0.8875
reg3_m60_s7,reg3,prior_prop,0,10360,0.8875
reg3_m60_s7,reg3,prior_prop,0,10410,0.8875
reg3_m60_s7,reg3,prior_prop,0,10460,0.8875
reg3_m60_s7,reg3,prior_prop,0,10510,0.8875
reg3_m60_s7,reg3,prior_prop,0,10560,0.8875
reg3_m60_s7,reg3,prior_prop,0,10610,0.8875
reg3_m60_s7,reg3,prior_prop,0,10660,0.8875
reg3_m60_s7,reg3,prior_prop,0,10710,0.8875
reg3_m60_s7,reg3,prior_prop,0,10760,0.8875
reg3_m60_s7,reg3,prior_prop,0,10810,0.8875
reg3_m60_s7,reg3,prior_prop,0,10860,0.8875
reg3_m60_s7,reg3,prior_prop,0,10910,0.8875
reg3_m60_s7,reg3,prior_prop,0,10960,0.8875
reg3_m60_s7,reg3,prior_prop,0,11010,0.8875
reg3_m60_s7,reg3,prior_prop,0,11060,0.8875
reg3_m60_s7,reg3,prior_prop,0,11110,0.8875
reg3_m60_s7,reg3,prior_prop,0,11160,0.8875
reg3_m60_s7,reg3,prior_prop,0,11210,0.8875
reg3_m60_s7,reg3,prior_prop,0,11260,0.8875
reg3_m60_s7,reg3,prior_prop,0,11310,0.8875
reg3_m60_s7,reg3,prior_prop,0,11360,0.8875
reg3_m60_s7,reg3,prior_prop,0,11410,0.8875
reg3_m60_s7,reg3,prior_prop,0,11460,0.8875
reg3_m60_s7,reg3,prior_prop,0,11510,0.8875
reg3_m60_s7,reg3,prior_prop,0,11560,0.8875
reg3_m60_s7,reg3,prior_prop,0,11610,0.8875
reg3_m60_s7,reg3,prior_prop,0,11660,0.8875
reg3_m60_s7,reg3,prior_prop,0,11710,0.8875
reg3_m60_s7,reg3,prior_prop,0,11760,0.8875
reg3_m60_s7,reg3,prior_prop,0,11810,0.8875
reg3_m60_s7,reg3,prior_prop,0,11860,0.8875
reg3_m60_s7,reg3,prior_prop,0,11910,0.8875
reg3_m60_s7,reg3,prior_prop,0,11960,0.8875
reg3_m60_s7,reg3,prior_prop,0,12010,0.8875
reg3_m60_s7,reg3,prior_prop,0,12060,0.8875
reg3_m60_s7,reg3,prior_prop,0,12110,0.8875
reg3_m60_s7,reg3,prior_prop,0,12160,0.8875
reg3_m60_s7,reg3,prior_prop,0,12210,0.8875
reg3_m60_s7,reg3,prior_prop,0,12260,0.8875
reg3_m60_s7,reg3,prior_prop,0,12310,0.8875
reg3_m60_s7,reg3,prior_prop,0,12360,0.8875
reg3_m60_s7,reg3,prior_prop,0,12410,0.8875
reg3_m60_s7,reg3,prior_prop,0,12460,0.8875
reg3_m60_s7,reg3,prior_prop,0,12510,0.8875
reg3_m60_s7,reg3,prior_prop,0,12560,0.8875
reg3_m60_s7,reg3,prior_prop,0,12610,0.8875
reg3_m60_s7,reg3,prior_prop,0,12660,0.8875
reg3_m60_s7,reg3,prior_prop,0,12710,0.8875
reg3_m60_s7,reg3,prior_prop,0,12760,0.8875
reg3_m60_s7,reg3,prior_prop,0,12810,0.8875
reg3_m60_s7,reg3,prior_prop,0,12860,0.8875
reg3_m60_s7,reg3,prior_prop,0,12910,0.8875
reg3_m60_s7,reg3,prior_prop,0,12960,0.8875
reg3_m60_s7,reg3,prior_prop,0,13010,0.8875
reg3_m60_s7,reg3,prior_prop,0,13060,0.8875
reg3_m60_s7,reg3,prior_prop,0,13110,0.8875
reg3_m60_s7,reg3,prior_prop,0,13160,0.8875
reg3_m60_s7,reg3,prior_prop,0,13210,0.8875
reg3_m60_s7,reg3,prior_prop,0,13260,0.8875
reg3_m60_s7,reg3,prior_prop,0,13310,0.8875
reg3_m60_s7,reg3,prior_prop,0,13360,0.8875
reg3_m60_s7,reg3,prior_prop,0,13410,0.8875
reg3_m60_s7,reg3,prior_prop,0,13460,0.8875
reg3_m60_s7,reg3,prior_prop,0,13510,0.8875
reg3_m60_s7,reg3,prior_prop,0,13560,0.8875
reg3_m60_s7,reg3,prior_prop,0,13610,0.8875
reg3_m60_s7,reg3,prior_prop,0,13660,0.8875
reg3_m60_s7,reg3,prior_prop,0,13710,0.8875
reg3_m60_s7,reg3,prior_prop,0,13760,0.8875
reg3_m60_s7,reg3,prior_prop,0,13810,0.8875
reg3_m60_s7,reg3,prior_prop,0,13860,0.8875
reg3_m60_s7,reg3,prior_prop,0,13910,0.8875
reg3_m60_s7,reg3,prior_prop,0,13960,0.8875
reg3_m60_s7,reg3,prior_prop,0,14010,0.8875
reg3_m60_s7,reg3,prior_prop,0,14060,0.8875
reg3_m60_s7,reg3,prior_prop,0,14110,0.8875
reg3_m60_s7,reg3,prior_prop,0,14160,0.8875
reg3_m60_s7,reg3,prior_prop,0,14210,0.8875
reg3_m60_s7,reg3,prior_prop,0,14260,0.8875
reg3_m60_s7,reg3,prior_prop,0,14310,0.8875
reg3_m60_s7,reg3,prior_prop,0,14360,0.8875
reg3_m60_s7,reg3,prior_prop,0,14410,0.8875
reg3_m60_s7,reg3,prior_prop,0,14460,0.8875
reg3_m60_s7,reg3,prior_prop,0,14510,0.8875
reg3_m60_s7,reg3,prior_prop,0,14560,0.8875
reg3_m60_s7,reg3,prior_prop,0,14610,0.8875
reg3_m60_s7,reg3,prior_prop,0,14660,0.8875
reg3_m60_s7,reg3,prior_prop,0,14710,0.8875
reg3_m60_s7,reg3,prior_prop,0,14760,0.8875
reg3_m60_s7,reg3,prior_prop,0,14810,0.8875
reg3_m60_s7,reg3,prior_prop,0,14860,0.8875
reg3_m60_s7,reg3,prior_prop,0,14910,0.8875
reg3_m60_s7,reg3,prior_prop,0,14960,0.8875
reg3_m60_s7,reg3,prior_prop,0,15010,0.8875
reg3_m60_s7,reg3,prior_prop,0,15060,0.8875
reg3_m60_s7,reg3,prior_prop,0,15110,0.8875
reg3_m60_s7,reg3,prior_prop,0,15160,0.8875
reg3_m60_s7,reg3,prior_prop,0,15210,0.8875
reg3_m60_s7,reg3,prior_prop,0,15260,0.8875
reg3_m60_s7,reg3,prior_prop,0,15310,0.8875
reg3_m60_s7,reg3,prior_prop,0,15360,0.8875
reg3_m60_s7,reg3,prior_prop,0,15410,0.8875
reg3_m60_s7,reg3,prior_prop,0,15460,0.8875
reg3_m60_s7,reg3,prior_prop,0,15510,0.8875
reg3_m60_s7,reg3,prior_prop,0,15560,0.8875
reg3_m60_s7,reg3,prior_prop,0,15610,0.8875
reg3_m60_s7,reg3,prior_prop,0,15660,0.8875
reg3_m60_s7,reg3,prior_prop,0,15710,0.8875
reg3_m60_s7,reg3,prior_prop,0,15760,0.8875
reg3_m60_s7,reg3,prior_prop,0,15810,0.8875
reg3_m60_s7,reg3,prior_prop,0,15860,0.8875
reg3_m60_s7,reg3,prior_prop,0,15910,0.8875
reg3_m60_s7,reg3,prior_prop,0,15960,0.8875
reg3_m60_s7,reg3,prior_prop,0,16010,0.8875
reg3_m60_s7,reg3,prior_prop,0,16060,0.8875
reg3_m60_s7,reg3,prior_prop,0,16110,0.8875
reg3_m60_s7,reg3,prior_prop,0,16160,0.8875
reg3_m60_s7,reg3,prior_prop,0,16210,0.8875
reg3_m60_s7,reg3,prior_prop,0,16260,0.8875
reg3_m60_s7,reg3,prior_prop,0,16310,0.8875
reg3_m60_s7,reg3,prior_prop,0,16360,0.8875
reg3_m60_s7,reg3,prior_prop,0,16410,0.8875
reg3_m60_s7,reg3,prior_prop,0,16460,0.8875
reg3_m60_s7,reg3,prior_prop,0,16510,0.8875
reg3_m60_s7,reg3,prior_prop,0,16560,0.8875
reg3_m60_s7,reg3,prior_prop,0,16610,0.8875
reg3_m60_s7,reg3,prior_prop,0,16660,0.8875
reg3_m60_s7,reg3,prior_prop,0,16710,0.8875
reg3_m60_s7,reg3,prior_prop,0,16760,0.8875
reg3_m60_s7,reg3,prior_prop,0,16810,0.8875
reg3_m60_s7,reg3,prior_prop,0,16860,0.8875
reg3_m60_s7,reg3,prior_prop,0,16910,0.8875
reg3_m60_s7,reg3,prior_prop,0,16960,0.8875
reg3_m60_s7,reg3,prior_prop,0,17010,0.8875
reg3_m60_s7,reg3,prior_prop,0,17060,0.8875
reg3_m60_s7,reg3,prior_prop,0,17110,0.8875
reg3_m60_s7,reg3,prior_prop,0,17160,0.8875
reg3_m60_s7,reg3,prior_prop,0,17210,0.8875
reg3_m60_s7,reg3,prior_prop,0,17260,0.8875
reg3_m60_s7,reg3,prior_prop,0,17310,0.8875
reg3_m60_s7,reg3,prior_prop,0,17360,0.8875
reg3_m60_s7,reg3,prior_prop,0,17410,0.8875
reg3_m60_s7,reg3,prior_prop,0,17460,0.8875
reg3_m60_s7,reg3,prior_prop,0,17510,0.8875
reg3_m60_s7,reg3,prior_prop,0,17560,0.8875
reg3_m60_s7,reg3,prior_prop,0,17610,0.8875
reg3_m60_s7,reg3,prior_prop,0,17660,0.8875
reg3_m60_s7,reg3,prior_prop,0,17710,0.8875
reg3_m60_s7,reg3,prior_prop,0,17760,0.8875
reg3_m60_s7,reg3,prior_prop,0,17810,0.8875
reg3_m60_s7,reg3,prior_prop,0,17860,0.8875
reg3_m60_s7,reg3,prior_prop,0,17910,0.8875
reg3_m60_s7,reg3,prior_prop,0,17960,0.8875
reg3_m60_s7,reg3,prior_prop,0,18010,0.8875
reg3_m60_s7,reg3,prior_prop,0,18060,0.8875
reg3_m60_s7,reg3,prior_prop,0,18110,0.8875
reg3_m60_s7,reg3,prior_prop,0,18160,0.8875
reg3_m60_s7,reg3,prior_prop,0,18210,0.8875
reg3_m60_s7,reg3,prior_prop,0,18260,0.8875
reg3_m60_s7,reg3,prior_prop,0,18310,0.8875
reg3_m60_s7,reg3,prior_prop,0,18360,0.8875
reg3_m60_s7,reg3,prior_prop,0,18410,0.8875
reg3_m60_s7,reg3,prior_prop,0,18460,0.8875
reg3_m60_s7,reg3,prior_prop,0,18510,0.8875
reg3_m60_s7,reg3,prior_prop,0,18560,0.8875
reg3_m60_s7,reg3,prior_prop,0,18610,0.8875
reg3_m60_s7,reg3,prior_prop,0,18660,0.8875
reg3_m60_s7,reg3,prior_prop,0,18710,0.8875
reg3_m60_s7,reg3,prior_prop,0,18760,0.8875
reg3_m60_s7,reg3,prior_prop,0,18810,0.8875
reg3_m60_s7,reg3,prior_prop,0,18860,0.8875
reg3_m60_s7,reg3,prior_prop,0,18910,0.8875
reg3_m60_s7,reg3,prior_prop,0,18960,0.8875
reg3_m60_s7,reg3,prior_prop,0,19010,0.8875
reg3_m60_s7,reg3,prior_prop,0,19060,0.8875
reg3_m60_s7,reg3,prior_prop,0,19110,0.8875
reg3_m60_s7,reg3,prior_prop,0,19160,0.8875
reg3_m60_s7,reg3,prior_prop,0,19210,0.8875
reg3_m60_s7,reg3,prior_prop,0,19260,0.8875
reg3_m60_s7,reg3,prior_prop,0,19310,0.8875
reg3_m60_s7,reg3,prior_prop,0,19360,0.8875
reg3_m60_s7,reg3,prior_prop,0,19410,0.8875
reg3_m60_s7,reg3,prior_prop,0,19460,0.8875
reg3_m60_s7,reg3,prior_prop,0,19510,0.8875
reg3_m60_s7,reg3,prior_prop,0,19560,0.8875
reg3_m60_s7,reg3,prior_prop,0,19610,0.8875
reg3_m60_s7,reg3,prior_prop,0,19660,0.8875
reg3_m60_s7,reg3,prior_prop,0,19710,0.8875
reg3_m60_s7,reg3,prior_prop,0,19760,0.8875
reg3_m60_s7,reg3,prior_prop,0,19810,0.8875
reg3_m60_s7,reg3,prior_prop,0,19860,0.8875
reg3_m60_s7,reg3,prior_prop,0,19910,0.8875
reg3_m60_s7,reg3,prior_prop,0,19960,0.8875
reg3_m60_s7,reg3,prior_prop,0,20010,0.8875
reg3_m60_s7,reg3,db_rescore,0,10,0.825
reg3_m60_s7,reg3,db_rescore,0,60,0.825
reg3_m60_s7,reg3,db_rescore,0,110,0.825
reg3_m60_s7,reg3,db_rescore,0,160,0.825
reg3_m60_s7,reg3,db_rescore,0,210,0.8
reg3_m60_s7,reg3,db_rescore,0,260,0.8
reg3_m60_s7,reg3,db_rescore,0,310,0.825
reg3_m60_s7,reg3,db_rescore,0,360,0.825
reg3_m60_s7,reg3,db_rescore,0,410,0.8375
reg3_m60_s7,reg3,db_rescore,0,460,0.8375
reg3_m60_s7,reg3,db_rescore,0,510,0.8375
reg3_m60_s7,reg3,db_rescore,0,560,0.825
reg3_m60_s7,reg3,db_rescore,0,610,0.8625
reg3_m60_s7,reg3,db_rescore,0,660,0.8625
reg3_m60_s7,reg3,db_rescore,0,710,0.8625
reg3_m60_s7,reg3,db_rescore,0,760,0.8625
reg3_m60_s7,reg3,db_rescore,0,810,0.875
reg3_m60_s7,reg3,db_rescore,0,860,0.875
reg3_m60_s7,reg3,db_rescore,0,910,0.875
reg3_m60_s7,reg3,db_rescore,0,960,0.875
reg3_m60_s7,reg3,db_rescore,0,1010,0.875
reg3_m60_s7,reg3,db_rescore,0,1060,0.875
reg3_m60_s7,reg3,db_rescore,0,1110,0.8375
reg3_m60_s7,reg3,db_rescore,0,1160,0.8375
reg3_m60_s7,reg3,db_rescore,0,1210,0.8625
reg3_m60_s7,reg3,db_rescore,0,1260,0.8625
reg3_m60_s7,reg3,db_rescore,0,1310,0.8625
reg3_m60_s7,reg3,db_rescore,0,1360,0.8625
reg3_m60_s7,reg3,db_rescore,0,1410,0.8875
reg3_m60_s7,reg3,db_rescore,0,1460,0.8875
reg3_m60_s7,reg3,db_rescore,0,1510,0.8875
reg3_m60_s7,reg3,db_rescore,0,1560,0.8625
reg3_m60_s7,reg3,db_rescore,0,1610,0.8625
reg3_m60_s7,reg3,db_rescore,0,1660,0.8625
reg3_m60_s7,reg3,db_rescore,0,1710,0.8625
reg3_m60_s7,reg3,db_rescore,0,1760,0.8625
reg3_m60_s7,reg3,db_rescore,0,1810,0.8625
reg3_m60_s7,reg3,db_rescore,0,1860,0.8875
reg3_m60_s7,reg3,db_rescore,0,1910,0.875
reg3_m60_s7,reg3,db_rescore,0,1960,0.875
reg3_m60_s7,reg3,db_rescore,0,2010,0.875
reg3_m60_s7,reg3,db_rescore,0,2060,0.875
reg3_m60_s7,reg3,db_rescore,0,2110,0.875
reg3_m60_s7,reg3,db_rescore,0,2160,0.875
reg3_m60_s7,reg3,db_rescore,0,2210,0.875
reg3_m60_s7,reg3,db_rescore,0,2260,0.875
reg3_m60_s7,reg3,db_rescore,0,2310,0.875
reg3_m60_s7,reg3,db_rescore,0,2360,0.875
reg3_m60_s7,reg3,db_rescore,0,2410,0.875
reg3_m60_s7,reg3,db_rescore,0,2460,0.875
reg3_m60_s7,reg3,db_rescore,0,2510,0.875
reg3_m60_s7,reg3,db_rescore,0,2560,0.875
reg3_m60_s7,reg3,db_rescore,0,2610,0.875
reg3_m60_s7,reg3,db_rescore,0,2660,0.875
reg3_m60_s7,reg3,db_rescore,0,2710,0.875
reg3_m60_s7,reg3,db_rescore,0,2760,0.875
reg3_m60_s7,reg3,db_rescore,0,2810,0.875
reg3_m60_s7,reg3,db_rescore,0,2860,0.875
reg3_m60_s7,reg3,db_rescore,0,2910,0.875
reg3_m60_s7,reg3,db_rescore,0,2960,0.875
reg3_m60_s7,reg3,db_rescore,0,3010,0.875
reg3_m60_s7,reg3,db_rescore,0,3060,0.875
reg3_m60_s7,reg3,db_rescore,0,3110,0.875
reg3_m60_s7,reg3,db_rescore,0,3160,0.875
reg3_m60_s7,reg3,db_rescore,0,3210,0.875
reg3_m60_s7,reg3,db_rescore,0,3260,0.875
reg3_m60_s7,reg3,db_rescore,0,3310,0.875
reg3_m60_s7,reg3,db_rescore,0,3360,0.875
reg3_m60_s7,reg3,db_rescore,0,3410,0.875
reg3_m60_s7,reg3,db_rescore,0,3460,0.875
reg3_m60_s7,reg3,db_rescore,0,3510,0.875
reg3_m60_s7,reg3,db_rescore,0,3560,0.875
reg3_m60_s7,reg3,db_rescore,0,3610,0.875
reg3_m60_s7,reg3,db_rescore,0,3660,0.875
reg3_m60_s7,reg3,db_rescore,0,3710,0.875
reg3_m60_s7,reg3,db_rescore,0,3760,0.875
reg3_m60_s7,reg3,db_rescore,0,3810,0.875
reg3_m60_s7,reg3,db_rescore,0,3860,0.875
reg3_m60_s7,reg3,db_rescore,0,3910,0.875
reg3_m60_s7,reg3,db_rescore,0,3960,0.875
reg3_m60_s7,reg3,db_rescore,0,4010,0.875
reg3_m60_s7,reg3,db_rescore,0,4060,0.875
reg3_m60_s7,reg3,db_rescore,0,4110,0.875
reg3_m60_s7,reg3,db_rescore,0,4160,0.875
reg3_m60_s7,reg3,db_rescore,0,4210,0.875
reg3_m60_s7,reg3,db_rescore,0,4260,0.875
reg3_m60_s7,reg3,db_rescore,0,4310,0.875
reg3_m60_s7,reg3,db_rescore,0,4360,0.875
reg3_m60_s7,reg3,db_rescore,0,4410,0.875
reg3_m60_s7,reg3,db_rescore,0,4460,0.875
reg3_m60_s7,reg3,db_rescore,0,4510,0.8875
reg3_m60_s7,reg3,db_rescore,0,4560,0.8875
reg3_m60_s7,reg3,db_rescore,0,4610,0.8875
reg3_m60_s7,reg3,db_rescore,0,4660,0.8875
reg3_m60_s7,reg3,db_rescore,0,4710,0.8875
reg3_m60_s7,reg3,db_rescore,0,4760,0.8875
reg3_m60_s7,reg3,db_rescore,0,4810,0.8875
reg3_m60_s7,reg3,db_rescore,0,4860,0.8875
reg3_m60_s7,reg3,db_rescore,0,4910,0.8875
reg3_m60_s7,reg3,db_rescore,0,4960,0.8875
reg3_m60_s7,reg3,db_rescore,0,5010,0.8875
reg3_m60_s7,reg3,db_rescore,0,5060,0.8875
reg3_m60_s7,reg3,db_rescore,0,5110,0.8875
reg3_m60_s7,reg3,db_rescore,0,5160,0.8875
reg3_m60_s7,reg3,db_rescore,0,5210,0.8875
reg3_m60_s7,reg3,db_rescore,0,5260,0.8875
reg3_m60_s7,reg3,db_rescore,0,5310,0.8875
reg3_m60_s7,reg3,db_rescore,0,5360,0.8875
reg3_m60_s7,reg3,db_rescore,0,5410,0.8875
reg3_m60_s7,reg3,db_rescore,0,5460,0.8875
reg3_m60_s7,reg3,db_rescore,0,5510,0.8875
reg3_m60_s7,reg3,db_rescore,0,5560,0.8875
reg3_m60_s7,reg3,db_rescore,0,5610,0.8875
reg3_m60_s7,reg3,db_rescore,0,5660,0.8875
reg3_m60_s7,reg3,db_rescore,0,5710,0.8875
reg3_m60_s7,reg3,db_rescore,0,5760,0.8875
reg3_m60_s7,reg3,db_rescore,0,5810,0.8875
reg3_m60_s7,reg3,db_rescore,0,5860,0.8875
reg3_m60_s7,reg3,db_rescore,0,5910,0.8875
reg3_m60_s7,reg3,db_rescore,0,5960,0.9
reg3_m60_s7,reg3,db_rescore,0,6010,0.9
reg3_m60_s7,reg3,db_rescore,0,6060,0.9
reg3_m60_s7,reg3,db_rescore,0,6110,0.9
reg3_m60_s7,reg3,db_rescore,0,6160,0.9
reg3_m60_s7,reg3,db_rescore,0,6210,0.9
reg3_m60_s7,reg3,db_rescore,0,6260,0.9
reg3_m60_s7,reg3,db_rescore,0,6310,0.9
reg3_m60_s7,reg3,db_rescore,0,6360,0.9
reg3_m60_s7,reg3,db_rescore,0,6410,0.9
reg3_m60_s7,reg3,db_rescore,0,6460,0.9125
reg3_m60_s7,reg3,db_rescore,0,6510,0.9125
reg3_m60_s7,reg3,db_rescore,0,6560,0.9125
reg3_m60_s7,reg3,db_rescore,0,6610,0.9125
reg3_m60_s7,reg3,db_rescore,0,6660,0.9125
reg3_m60_s7,reg3,db_rescore,0,6710,0.9125
reg3_m60_s7,reg3,db_rescore,0,6760,0.9125
reg3_m60_s7,reg3,db_rescore,0,6810,0.9125
reg3_m60_s7,reg3,db_rescore,0,6860,0.9125
reg3_m60_s7,reg3,db_rescore,0,6910,0.9125
reg3_m60_s7,reg3,db_rescore,0,6960,0.9125
reg3_m60_s7,reg3,db_rescore,0,7010,0.9125
reg3_m60_s7,reg3,db_rescore,0,7060,0.9125
reg3_m60_s7,reg3,db_rescore,0,7110,0.9125
reg3_m60_s7,reg3,db_rescore,0,7160,0.9125
reg3_m60_s7,reg3,db_rescore,0,7210,0.9125
reg3_m60_s7,reg3,db_rescore,0,7260,0.9125
reg3_m60_s7,reg3,db_rescore,0,7310,0.9125
reg3_m60_s7,reg3,db_rescore,0,7360,0.9125
reg3_m60_s7,reg3,db_rescore,0,7410,0.9125
reg3_m60_s7,reg3,db_rescore,0,7460,0.9125
reg3_m60_s7,reg3,db_rescore,0,7510,0.9125
reg3_m60_s7,reg3,db_rescore,0,7560,0.9125
reg3_m60_s7,reg3,db_rescore,0,7610,0.9125
reg3_m60_s7,reg3,db_rescore,0,7660,0.9125
reg3_m60_s7,reg3,db_rescore,0,7710,0.9125
reg3_m60_s7,reg3,db_rescore,0,7760,0.9125
reg3_m60_s7,reg3,db_rescore,0,7810,0.9125
reg3_m60_s7,reg3,db_rescore,0,7860,0.9125
reg3_m60_s7,reg3,db_rescore,0,7910,0.9125
reg3_m60_s7,reg3,db_rescore,0,7960,0.9125
reg3_m60_s7,reg3,db_rescore,0,8010,0.9125
reg3_m60_s7,reg3,db_rescore,0,8060,0.9125
reg3_m60_s7,reg3,db_rescore,0,8110,0.9125
reg3_m60_s7,reg3,db_rescore,0,8160,0.9125
reg3_m60_s7,reg3,db_rescore,0,8210,0.9125
reg3_m60_s7,reg3,db_rescore,0,8260,0.9125
reg3_m60_s7,reg3,db_rescore,0,8310,0.9125
reg3_m60_s7,reg3,db_rescore,0,8360,0.9125
reg3_m60_s7,reg3,db_rescore,0,8410,0.9125
reg3_m60_s7,reg3,db_rescore,0,8460,0.9125
reg3_m60_s7,reg3,db_rescore,0,8510,0.9125
reg3_m60_s7,reg3,db_rescore,0,8560,0.9125
reg3_m60_s7,reg3,db_rescore,0,8610,0.9125
reg3_m60_s7,reg3,db_rescore,0,8660,0.9125
reg3_m60_s7,reg3,db_rescore,0,8710,0.9125
reg3_m60_s7,reg3,db_rescore,0,8760,0.9125
reg3_m60_s7,reg3,db_rescore,0,8810,0.9125
reg3_m60_s7,reg3,db_rescore,0,8860,0.9125
reg3_m60_s7,reg3,db_rescore,0,8910,0.9125
reg3_m60_s7,reg3,db_rescore,0,8960,0.9125
reg3_m60_s7,reg3,db_rescore,0,9010,0.9125
reg3_m60_s7,reg3,db_rescore,0,9060,0.9125
reg3_m60_s7,reg3,db_rescore,0,9110,0.9125
reg3_m60_s7,reg3,db_rescore,0,9160,0.9125
reg3_m60_s7,reg3,db_rescore,0,9210,0.9125
reg3_m60_s7,reg3,db_rescore,0,9260,0.9125
reg3_m60_s7,reg3,db_rescore,0,9310,0.9125
reg3_m60_s7,reg3,db_rescore,0,9360,0.9125
reg3_m60_s7,reg3,db_rescore,0,9410,0.9125
reg3_m60_s7,reg3,db_rescore,0,9460,0.9125
reg3_m60_s7,reg3,db_rescore,0,9510,0.9125
reg3_m60_s7,reg3,db_rescore,0,9560,0.9125
reg3_m60_s7,reg3,db_rescore,0,9610,0.9125
reg3_m60_s7,reg3,db_rescore,0,9660,0.9125
reg3_m60_s7,reg3,db_rescore,0,9710,0.9125
reg3_m60_s7,reg3,db_rescore,0,9760,0.9125
reg3_m60_s7,reg3,db_rescore,0,9810,0.9125
reg3_m60_s7,reg3,db_rescore,0,9860,0.9125
reg3_m60_s7,reg3,db_rescore,0,9910,0.9125
reg3_m60_s7,reg3,db_rescore,0,9960,0.9125
reg3_m60_s7,reg3,db_rescore,0,10010,0.9125
reg3_m60_s7,reg3,db_rescore,0,10060,0.9125
reg3_m60_s7,reg3,db_rescore,0,10110,0.9125
reg3_m60_s7,reg3,db_rescore,0,10160,0.9125
reg3_m60_s7,reg3,db_rescore,0,10210,0.9125
reg3_m60_s7,reg3,db_rescore,0,10260,0.9125
reg3_m60_s7,reg3,db_rescore,0,10310,0.9125
reg3_m60_s7,reg3,db_rescore,0,10360,0.9125
reg3_m60_s7,reg3,db_rescore,0,10410,0.9125
reg3_m60_s7,reg3,db_rescore,0,10460,0.9125
reg3_m60_s7,reg3,db_rescore,0,10510,0.9125
reg3_m60_s7,reg3,db_rescore,0,10560,0.9125
reg3_m60_s7,reg3,db_rescore,0,10610,0.9125
reg3_m60_s7,reg3,db_rescore,0,10660,0.9125
reg3_m60_s7,reg3,db_rescore,0,10710,0.9125
reg3_m60_s7,reg3,db_rescore,0,10760,0.9125
reg3_m60_s7,reg3,db_rescore,0,10810,0.9125
reg3_m60_s7,reg3,db_rescore,0,10860,0.9125
reg3_m60_s7,reg3,db_rescore,0,10910,0.9125
reg3_m60_s7,reg3,db_rescore,0,10960,0.9125
reg3_m60_s7,reg3,db_rescore,0,11010,0.9125
reg3_m60_s7,reg3,db_rescore,0,11060,0.9125
reg3_m60_s7,reg3,db_rescore,0,11110,0.9125
reg3_m60_s7,reg3,db_rescore,0,11160,0.9125
reg3_m60_s7,reg3,db_rescore,0,11210,0.9125
reg3_m60_s7,reg3,db_rescore,0,11260,0.9125
reg3_m60_s7,reg3,db_rescore,0,11310,0.9125
reg3_m60_s7,reg3,db_rescore,0,11360,0.9125
reg3_m60_s7,reg3,db_rescore,0,11410,0.9125
reg3_m60_s7,reg3,db_rescore,0,11460,0.9125
reg3_m60_s7,reg3,db_rescore,0,11510,0.9125
reg3_m60_s7,reg3,db_rescore,0,11560,0.9125
reg3_m60_s7,reg3,db_rescore,0,11610,0.9125
reg3_m60_s7,reg3,db_rescore,0,11660,0.9125
reg3_m60_s7,reg3,db_rescore,0,11710,0.9125
reg3_m60_s7,reg3,db_rescore,0,11760,0.9125
reg3_m60_s7,reg3,db_rescore,0,11810,0.9125
reg3_m60_s7,reg3,db_rescore,0,11860,0.9125
reg3_m60_s7,reg3,db_rescore,0,11910,0.9125
reg3_m60_s7,reg3,db_rescore,0,11960,0.9125
reg3_m60_s7,reg3,db_rescore,0,12010,0.9125
reg3_m60_s7,reg3,db_rescore,0,12060,0.9125
reg3_m60_s7,reg3,db_rescore,0,12110,0.9125
reg3_m60_s7,reg3,db_rescore,0,12160,0.9125
reg3_m60_s7,reg3,db_rescore,0,12210,0.9125
reg3_m60_s7,reg3,db_rescore,0,12260,0.9125
reg3_m60_s7,reg3,db_rescore,0,12310,0.9125
reg3_m60_s7,reg3,db_rescore,0,12360,0.9125
reg3_m60_s7,reg3,db_rescore,0,12410,0.9125
reg3_m60_s7,reg3,db_rescore,0,12460,0.9125
reg3_m60_s7,reg3,db_rescore,0,12510,0.9125
reg3_m60_s7,reg3,db_rescore,0,12560,0.9125
reg3_m60_s7,reg3,db_rescore,0,12610,0.9125
reg3_m60_s7,reg3,db_rescore,0,12660,0.9125
reg3_m60_s7,reg3,db_rescore,0,12710,0.9125
reg3_m60_s7,reg3,db_rescore,0,12760,0.9125
reg3_m60_s7,reg3,db_rescore,0,12810,0.9125
reg3_m60_s7,reg3,db_rescore,0,12860,0.9125
reg3_m60_s7,reg3,db_rescore,0,12910,0.9125
reg3_m60_s7,reg3,db_rescore,0,12960,0.9125
reg3_m60_s7,reg3,db_rescore,0,13010,0.9125
reg3_m60_s7,reg3,db_rescore,0,13060,0.925
reg3_m60_s7,reg3,db_rescore,0,13110,0.925
reg3_m60_s7,reg3,db_rescore,0,13160,0.925
reg3_m60_s7,reg3,db_rescore,0,13210,0.925
reg3_m60_s7,reg3,db_rescore,0,13260,0.925
reg3_m60_s7,reg3,db_rescore,0,13310,0.925
reg3_m60_s7,reg3,db_rescore,0,13360,0.925
reg3_m60_s7,reg3,db_rescore,0,13410,0.925
reg3_m60_s7,reg3,db_rescore,0,13460,0.925
reg3_m60_s7,reg3,db_rescore,0,13510,0.925
reg3_m60_s7,reg3,db_rescore,0,13560,0.925
reg3_m60_s7,reg3,db_rescore,0,13610,0.925
reg3_m60_s7,reg3,db_rescore,0,13660,0.925
reg3_m60_s7,reg3,db_rescore,0,13710,0.925
reg3_m60_s7,reg3,db_rescore,0,13760,0.925
reg3_m60_s7,reg3,db_rescore,0,13810,0.925
reg3_m60_s7,reg3,db_rescore,0,13860,0.925
reg3_m60_s7,reg3,db_rescore,0,13910,0.925
reg3_m60_s7,reg3,db_rescore,0,13960,0.925
reg3_m60_s7,reg3,db_rescore,0,14010,0.925
reg3_m60_s7,reg3,db_rescore,0,14060,0.925
reg3_m60_s7,reg3,db_rescore,0,14110,0.925
reg3_m60_s7,reg3,db_rescore,0,14160,0.925
reg3_m60_s7,reg3,db_rescore,0,14210,0.925
reg3_m60_s7,reg3,db_rescore,0,14260,0.925
reg3_m60_s7,reg3,db_rescore,0,14310,0.925
reg3_m60_s7,reg3,db_rescore,0,14360,0.925
reg3_m60_s7,reg3,db_rescore,0,14410,0.925
reg3_m60_s7,reg3,db_rescore,0,14460,0.925
reg3_m60_s7,reg3,db_rescore,0,14510,0.925
reg3_m60_s7,reg3,db_rescore,0,14560,0.925
reg3_m60_s7,reg3,db_rescore,0,14610,0.925
reg3_m60_s7,reg3,db_rescore,0,14660,0.925
reg3_m60_s7,reg3,db_rescore,0,14710,0.925
reg3_m60_s7,reg3,db_rescore,0,14760,0.925
reg3_m60_s7,reg3,db_rescore,0,14810,0.925
reg3_m60_s7,reg3,db_rescore,0,14860,0.925
reg3_m60_s7,reg3,db_rescore,0,14910,0.925
reg3_m60_s7,reg3,db_rescore,0,14960,0.925
reg3_m60_s7,reg3,db_rescore,0,15010,0.925
reg3_m60_s7,reg3,db_rescore,0,15060,0.925
reg3_m60_s7,reg3,db_rescore,0,15110,0.925
reg3_m60_s7,reg3,db_rescore,0,15160,0.925
reg3_m60_s7,reg3,db_rescore,0,15210,0.925
reg3_m60_s7,reg3,db_rescore,0,15260,0.925
reg3_m60_s7,reg3,db_rescore,0,15310,0.925
reg3_m60_s7,reg3,db_rescore,0,15360,0.925
reg3_m60_s7,reg3,db_rescore,0,15410,0.925
reg3_m60_s7,reg3,db_rescore,0,15460,0.925
reg3_m60_s7,reg3,db_rescore,0,15510,0.925
reg3_m60_s7,reg3,db_rescore,0,15560,0.925
reg3_m60_s7,reg3,db_rescore,0,15610,0.925
reg3_m60_s7,reg3,db_rescore,0,15660,0.925
reg3_m60_s7,reg3,db_rescore,0,15710,0.925
reg3_m60_s7,reg3,db_rescore,0,15760,0.925
reg3_m60_s7,reg3,db_rescore,0,15810,0.925
reg3_m60_s7,reg3,db_rescore,0,15860,0.925
reg3_m60_s7,reg3,db_rescore,0,15910,0.925
reg3_m60_s7,reg3,db_rescore,0,15960,0.925
reg3_m60_s7,reg3,db_rescore,0,16010,0.925
reg3_m60_s7,reg3,db_rescore,0,16060,0.925
reg3_m60_s7,reg3,db_rescore,0,16110,0.925
reg3_m60_s7,reg3,db_rescore,0,16160,0.925
reg3_m60_s7,reg3,db_rescore,0,16210,0.925
reg3_m60_s7,reg3,db_rescore,0,16260,0.925
reg3_m60_s7,reg3,db_rescore,0,16310,0.925
reg3_m60_s7,reg3,db_rescore,0,16360,0.925
reg3_m60_s7,reg3,db_rescore,0,16410,0.925
reg3_m60_s7,reg3,db_rescore,0,16460,0.925
reg3_m60_s7,reg3,db_rescore,0,16510,0.925
reg3_m60_s7,reg3,db_rescore,0,16560,0.925
reg3_m60_s7,reg3,db_rescore,0,16610,0.925
reg3_m60_s7,reg3,db_rescore,0,16660,0.925
reg3_m60_s7,reg3,db_rescore,0,16710,0.925
reg3_m60_s7,reg3,db_rescore,0,16760,0.925
reg3_m60_s7,reg3,db_rescore,0,16810,0.925
reg3_m60_s7,reg3,db_rescore,0,16860,0.925
reg3_m60_s7,reg3,db_rescore,0,16910,0.925
reg3_m60_s7,reg3,db_rescore,0,16960,0.925
reg3_m60_s7,reg3,db_rescore,0,17010,0.925
reg3_m60_s7,reg3,db_rescore,0,17060,0.925
reg3_m60_s7,reg3,db_rescore,0,17110,0.925
reg3_m60_s7,reg3,db_rescore,0,17160,0.925
reg3_m60_s7,reg3,db_rescore,0,17210,0.925
reg3_m60_s7,reg3,db_rescore,0,17260,0.925
reg3_m60_s7,reg3,db_rescore,0,17310,0.925
reg3_m60_s7,reg3,db_rescore,0,17360,0.925
reg3_m60_s7,reg3,db_rescore,0,17410,0.925
reg3_m60_s7,reg3,db_rescore,0,17460,0.925
reg3_m60_s7,reg3,db_rescore,0,17510,0.925
reg3_m60_s7,reg3,db_rescore,0,17560,0.925
reg3_m60_s7,reg3,db_rescore,0,17610,0.925
reg3_m60_s7,reg3,db_rescore,0,17660,0.925
reg3_m60_s7,reg3,db_rescore,0,17710,0.925
reg3_m60_s7,reg3,db_rescore,0,17760,0.925
reg3_m60_s7,reg3,db_rescore,0,17810,0.925
reg3_m60_s7,reg3,db_rescore,0,17860,0.925
reg3_m60_s7,reg3,db_rescore,0,17910,0.925
reg3_m60_s7,reg3,db_rescore,0,17960,0.925
reg3_m60_s7,reg3,db_rescore,0,18010,0.925
reg3_m60_s7,reg3,db_rescore,0,18060,0.925
reg3_m60_s7,reg3,db_rescore,0,18110,0.925
reg3_m60_s7,reg3,db_rescore,0,18160,0.925
reg3_m60_s7,reg3,db_rescore,0,18210,0.925
reg3_m60_s7,reg3,db_rescore,0,18260,0.925
reg3_m60_s7,reg3,db_rescore,0,18310,0.925
reg3_m60_s7,reg3,db_rescore,0,18360,0.925
reg3_m60_s7,reg3,db_rescore,0,18410,0.925
reg3_m60_s7,reg3,db_rescore,0,18460,0.925
reg3_m60_s7,reg3,db_rescore,0,18510,0.925
reg3_m60_s7,reg3,db_rescore,0,18560,0.925
reg3_m60_s7,reg3,db_rescore,0,18610,0.925
reg3_m60_s7,reg3,db_rescore,0,18660,0.925
reg3_m60_s7,reg3,db_rescore,0,18710,0.925
reg3_m60_s7,reg3,db_rescore,0,18760,0.925
reg3_m60_s7,reg3,db_rescore,0,18810,0.925
reg3_m60_s7,reg3,db_rescore,0,18860,0.925
reg3_m60_s7,reg3,db_rescore,0,18910,0.925
reg3_m60_s7,reg3,db_rescore,0,18960,0.925
reg3_m60_s7,reg3,db_rescore,0,19010,0.925
reg3_m60_s7,reg3,db_rescore,0,19060,0.925
reg3_m60_s7,reg3,db_rescore,0,19110,0.925
reg3_m60_s7,reg3,db_rescore,0,19160,0.925
reg3_m60_s7,reg3,db_rescore,0,19210,0.925
reg3_m60_s7,reg3,db_rescore,0,19260,0.925
reg3_m60_s7,reg3,db_rescore,0,19310,0.925
reg3_m60_s7,reg3,db_rescore,0,19360,0.925
reg3_m60_s7,reg3,db_rescore,0,19410,0.925
reg3_m60_s7,reg3,db_rescore,0,19460,0.925
reg3_m60_s7,reg3,db_rescore,0,19510,0.925
reg3_m60_s7,reg3,db_rescore,0,19560,0.925
reg3_m60_s7,reg3,db_rescore,0,19610,0.925
reg3_m60_s7,reg3,db_rescore,0,19660,0.925
reg3_m60_s7,reg3,db_rescore,0,19710,0.925
reg3_m60_s7,reg3,db_rescore,0,19760,0.925
reg3_m60_s7,reg3,db_rescore,0,19810,0.925
reg3_m60_s7,reg3,db_rescore,0,19860,0.925
reg3_m60_s7,reg3,db_rescore,0,19910,0.925
reg3_m60_s7,reg3,db_rescore,0,19960,0.925
reg3_m60_s7,reg3,db_rescore,0,20010,0.925
reg3_m60_s7,reg3,cold,1,10,0.7125
reg3_m60_s7,reg3,cold,1,60,0.7125
reg3_m60_s7,reg3,cold,1,110,0.7125
reg3_m60_s7,reg3,cold,1,160,0.725
reg3_m60_s7,reg3,cold,1,210,0.7375
reg3_m60_s7,reg3,cold,1,260,0.7375
reg3_m60_s7,reg3,cold,1,310,0.75
reg3_m60_s7,reg3,cold,1,360,0.75
reg3_m60_s7,reg3,cold,1,410,0.75
reg3_m60_s7,reg3,cold,1,460,0.7625
reg3_m60_s7,reg3,cold,1,510,0.7625
reg3_m60_s7,reg3,cold,1,560,0.775
reg3_m60_s7,reg3,cold,1,610,0.8
reg3_m60_s7,reg3,cold,1,660,0.8
reg3_m60_s7,reg3,cold,1,710,0.8
reg3_m60_s7,reg3,cold,1,760,0.8
reg3_m60_s7,reg3,cold,1,810,0.8125
reg3_m60_s7,reg3,cold,1,860,0.8125
reg3_m60_s7,reg3,cold,1,910,0.8125
reg3_m60_s7,reg3,cold,1,960,0.8125
reg3_m60_s7,reg3,cold,1,1010,0.8125
reg3_m60_s7,reg3,cold,1,1060,0.825
reg3_m60_s7,reg3,cold,1,1110,0.825
reg3_m60_s7,reg3,cold,1,1160,0.825
reg3_m60_s7,reg3,cold,1,1210,0.825
reg3_m60_s7,reg3,cold,1,1260,0.825
reg3_m60_s7,reg3,cold,1,1310,0.825
reg3_m60_s7,reg3,cold,1,1360,0.825
reg3_m60_s7,reg3,cold,1,1410,0.825
reg3_m60_s7,reg3,cold,1,1460,0.825
reg3_m60_s7,reg3,cold,1,1510,0.825
reg3_m60_s7,reg3,cold,1,1560,0.825
reg3_m60_s7,reg3,cold,1,1610,0.825
reg3_m60_s7,reg3,cold,1,1660,0.825
reg3_m60_s7,reg3,cold,1,1710,0.825
reg3_m60_s7,reg3,cold,1,1760,0.825
reg3_m60_s7,reg3,cold,1,1810,0.825
reg3_m60_s7,reg3,cold,1,1860,0.825
reg3_m60_s7,reg3,cold,1,1910,0.825
reg3_m60_s7,reg3,cold,1,1960,0.825
reg3_m60_s7,reg3,cold,1,2010,0.825
reg3_m60_s7,reg3,cold,1,2060,0.825
reg3_m60_s7,reg3,cold,1,2110,0.825
reg3_m60_s7,reg3,cold,1,2160,0.825
reg3_m60_s7,reg3,cold,1,2210,0.825
reg3_m60_s7,reg3,cold,1,2260,0.825
reg3_m60_s7,reg3,cold,1,2310,0.825
reg3_m60_s7,reg3,cold,1,2360,0.825
reg3_m60_s7,reg3,cold,1,2410,0.825
reg3_m60_s7,reg3,cold,1,2460,0.825
reg3_m60_s7,reg3,cold,1,2510,0.825
reg3_m60_s7,reg3,cold,1,2560,0.825
reg3_m60_s7,reg3,cold,1,2610,0.825
reg3_m60_s7,reg3,cold,1,2660,0.825
reg3_m60_s7,reg3,cold,1,2710,0.825
reg3_m60_s7,reg3,cold,1,2760,0.85
reg3_m60_s7,reg3,cold,1,2810,0.85
reg3_m60_s7,reg3,cold,1,2860,0.85
reg3_m60_s7,reg3,cold,1,2910,0.85
reg3_m60_s7,reg3,cold,1,2960,0.85
reg3_m60_s7,reg3,cold,1,3010,0.8625
reg3_m60_s7,reg3,cold,1,3060,0.8625
reg3_m60_s7,reg3,cold,1,3110,0.8625
reg3_m60_s7,reg3,cold,1,3160,0.8625
reg3_m60_s7,reg3,cold,1,3210,0.8625
reg3_m60_s7,reg3,cold,1,3260,0.8625
reg3_m60_s7,reg3,cold,1,3310,0.8625
reg3_m60_s7,reg3,cold,1,3360,0.8625
reg3_m60_s7,reg3,cold,1,3410,0.8625
reg3_m60_s7,reg3,cold,1,3460,0.8625
reg3_m60_s7,reg3,cold,1,3510,0.8625
reg3_m60_s7,reg3,cold,1,3560,0.8625
reg3_m60_s7,reg3,cold,1,3610,0.8625
reg3_m60_s7,reg3,cold,1,3660,0.8625
reg3_m60_s7,reg3,cold,1,3710,0.8625
reg3_m60_s7,reg3,cold,1,3760,0.8625
reg3_m60_s7,reg3,cold,1,3810,0.8625
reg3_m60_s7,reg3,cold,1,3860,0.8625
reg3_m60_s7,reg3,cold,1,3910,0.8625
reg3_m60_s7,reg3,cold,1,3960,0.8625
reg3_m60_s7,reg3,cold,1,4010,0.8625
reg3_m60_s7,reg3,cold,1,4060,0.8625
reg3_m60_s7,reg3,cold,1,4110,0.8625
reg3_m60_s7,reg3,cold,1,4160,0.8625
reg3_m60_s7,reg3,cold,1,4210,0.8625
reg3_m60_s7,reg3,cold,1,4260,0.8625
reg3_m60_s7,reg3,cold,1,4310,0.8625
reg3_m60_s7,reg3,cold,1,4360,0.8625
reg3_m60_s7,reg3,cold,1,4410,0.8625
reg3_m60_s7,reg3,cold,1,4460,0.8625
reg3_m60_s7,reg3,cold,1,4510,0.8625
reg3_m60_s7,reg3,cold,1,4560,0.8625
reg3_m60_s7,reg3,cold,1,4610,0.8625
reg3_m60_s7,reg3,cold,1,4660,0.8625
reg3_m60_s7,reg3,cold,1,4710,0.8625
reg3_m60_s7,reg3,cold,1,4760,0.8625
reg3_m60_s7,reg3,cold,1,4810,0.8625
reg3_m60_s7,reg3,cold,1,4860,0.8625
reg3_m60_s7,reg3,cold,1,4910,0.8625
reg3_m60_s7,reg3,cold,1,4960,0.8625
reg3_m60_s7,reg3,cold,1,5010,0.8625
reg3_m60_s7,reg3,cold,1,5060,0.8625
reg3_m60_s7,reg3,cold,1,5110,0.8625
reg3_m60_s7,reg3,cold,1,5160,0.8625
reg3_m60_s7,reg3,cold,1,5210,0.8625
reg3_m60_s7,reg3,cold,1,5260,0.8625
reg3_m60_s7,reg3,cold,1,5310,0.8625
reg3_m60_s7,reg3,cold,1,5360,0.8625
reg3_m60_s7,reg3,cold,1,5410,0.8625
reg3_m60_s7,reg3,cold,1,5460,0.8625
reg3_m60_s7,reg3,cold,1,5510,0.8625
reg3_m60_s7,reg3,cold,1,5560,0.8625
reg3_m60_s7,reg3,cold,1,5610,0.8625
reg3_m60_s7,reg3,cold,1,5660,0.8625
reg3_m60_s7,reg3,cold,1,5710,0.8625
reg3_m60_s7,reg3,cold,1,5760,0.8625
reg3_m60_s7,reg3,cold,1,5810,0.8625
reg3_m60_s7,reg3,cold,1,5860,0.8625
reg3_m60_s7,reg3,cold,1,5910,0.8625
reg3_m60_s7,reg3,cold,1,5960,0.8625
reg3_m60_s7,reg3,cold,1,6010,0.8625
reg3_m60_s7,reg3,cold,1,6060,0.8625
reg3_m60_s7,reg3,cold,1,6110,0.8625
reg3_m60_s7,reg3,cold,1,6160,0.8625
reg3_m60_s7,reg3,cold,1,6210,0.8625
reg3_m60_s7,reg3,cold,1,6260,0.875
reg3_m60_s7,reg3,cold,1,6310,0.875
reg3_m60_s7,reg3,cold,1,6360,0.875
reg3_m60_s7,reg3,cold,1,6410,0.875
reg3_m60_s7,reg3,cold,1,6460,0.875
reg3_m60_s7,reg3,cold,1,6510,0.875
reg3_m60_s7,reg3,cold,1,6560,0.875
reg3_m60_s7,reg3,cold,1,6610,0.875
reg3_m60_s7,reg3,cold,1,6660,0.875
reg3_m60_s7,reg3,cold,1,6710,0.875
reg3_m60_s7,reg3,cold,1,6760,0.875
reg3_m60_s7,reg3,cold,1,6810,0.875
reg3_m60_s7,reg3,cold,1,6860,0.875
reg3_m60_s7,reg3,cold,1,6910,0.875
reg3_m60_s7,reg3,cold,1,6960,0.875
reg3_m60_s7,reg3,cold,1,7010,0.875
reg3_m60_s7,reg3,cold,1,7060,0.875
reg3_m60_s7,reg3,cold,1,7110,0.875
reg3_m60_s7,reg3,cold,1,7160,0.875
reg3_m60_s7,reg3,cold,1,7210,0.875
reg3_m60_s7,reg3,cold,1,7260,0.875
reg3_m60_s7,reg3,cold,1,7310,0.875
reg3_m60_s7,reg3,cold,1,7360,0.875
reg3_m60_s7,reg3,cold,1,7410,0.875
reg3_m60_s7,reg3,cold,1,7460,0.875
reg3_m60_s7,reg3,cold,1,7510,0.875
reg3_m60_s7,reg3,cold,1,7560,0.875
reg3_m60_s7,reg3,cold,1,7610,0.875
reg3_m60_s7,reg3,cold,1,7660,0.875
reg3_m60_s7,reg3,cold,1,7710,0.875
reg3_m60_s7,reg3,cold,1,7760,0.875
reg3_m60_s7,reg3,cold,1,7810,0.875
reg3_m60_s7,reg3,cold,1,7860,0.875
reg3_m60_s7,reg3,cold,1,7910,0.875
reg3_m60_s7,reg3,cold,1,7960,0.875
reg3_m60_s7,reg3,cold,1,8010,0.875
reg3_m60_s7,reg3,cold,1,8060,0.875
reg3_m60_s7,reg3,cold,1,8110,0.875
reg3_m60_s7,reg3,cold,1,8160,0.875
reg3_m60_s7,reg3,cold,1,8210,0.875
reg3_m60_s7,reg3,cold,1,8260,0.875
reg3_m60_s7,reg3,cold,1,8310,0.875
reg3_m60_s7,reg3,cold,1,8360,0.875
reg3_m60_s7,reg3,cold,1,8410,0.875
reg3_m60_s7,reg3,cold,1,8460,0.875
reg3_m60_s7,reg3,cold,1,8510,0.875
reg3_m60_s7,reg3,cold,1,8560,0.875
reg3_m60_s7,reg3,cold,1,8610,0.875
reg3_m60_s7,reg3,cold,1,8660,0.875
reg3_m60_s7,reg3,cold,1,8710,0.875
reg3_m60_s7,reg3,cold,1,8760,0.875
reg3_m60_s7,reg3,cold,1,8810,0.875
reg3_m60_s7,reg3,cold,1,8860,0.875
reg3_m60_s7,reg3,cold,1,8910,0.875
reg3_m60_s7,reg3,cold,1,8960,0.875
reg3_m60_s7,reg3,cold,1,9010,0.875
reg3_m60_s7,reg3,cold,1,9060,0.875
reg3_m60_s7,reg3,cold,1,9110,0.875
reg3_m60_s7,reg3,cold,1,9160,0.875
reg3_m60_s7,reg3,cold,1,9210,0.875
reg3_m60_s7,reg3,cold,1,9260,0.875
reg3_m60_s7,reg3,cold,1,9310,0.875
reg3_m60_s7,reg3,cold,1,9360,0.875
reg3_m60_s7,reg3,cold,1,9410,0.875
reg3_m60_s7,reg3,cold,1,9460,0.875
reg3_m60_s7,reg3,cold,1,9510,0.875
reg3_m60_s7,reg3,cold,1,9560,0.875
reg3_m60_s7,reg3,cold,1,9610,0.875
reg3_m60_s7,reg3,cold,1,9660,0.875
reg3_m60_s7,reg3,cold,1,9710,0.875
reg3_m60_s7,reg3,cold,1,9760,0.875
reg3_m60_s7,reg3,cold,1,9810,0.875
reg3_m60_s7,reg3,cold,1,9860,0.875
reg3_m60_s7,reg3,cold,1,9910,0.875
reg3_m60_s7,reg3,cold,1,9960,0.875
reg3_m60_s7,reg3,cold,1,10010,0.875
reg3_m60_s7,reg3,cold,1,10060,0.875
reg3_m60_s7,reg3,cold,1,10110,0.875
reg3_m60_s7,reg3,cold,1,10160,0.875
reg3_m60_s7,reg3,cold,1,10210,0.875
reg3_m60_s7,reg3,cold,1,10260,0.875
reg3_m60_s7,reg3,cold,1,10310,0.875
reg3_m60_s7,reg3,cold,1,10360,0.875
reg3_m60_s7,reg3,cold,1,10410,0.875
reg3_m60_s7,reg3,cold,1,10460,0.875
reg3_m60_s7,reg3,cold,1,10510,0.875
reg3_m60_s7,reg3,cold,1,10560,0.875
reg3_m60_s7,reg3,cold,1,10610,0.875
reg3_m60_s7,reg3,cold,1,10660,0.875
reg3_m60_s7,reg3,cold,1,10710,0.875
reg3_m60_s7,reg3,cold,1,10760,0.875
reg3_m60_s7,reg3,cold,1,10810,0.875
reg3_m60_s7,reg3,cold,1,10860,0.875
reg3_m60_s7,reg3,cold,1,10910,0.875
reg3_m60_s7,reg3,cold,1,10960,0.875
reg3_m60_s7,reg3,cold,1,11010,0.875
reg3_m60_s7,reg3,cold,1,11060,0.875
reg3_m60_s7,reg3,cold,1,11110,0.875
reg3_m60_s7,reg3,cold,1,11160,0.875
reg3_m60_s7,reg3,cold,1,11210,0.875
reg3_m60_s7,reg3,cold,1,11260,0.875
reg3_m60_s7,reg3,cold,1,11310,0.875
reg3_m60_s7,reg3,cold,1,11360,0.875
reg3_m60_s7,reg3,cold,1,11410,0.875
reg3_m60_s7,reg3,cold,1,11460,0.875
reg3_m60_s7,reg3,cold,1,11510,0.875
reg3_m60_s7,reg3,cold,1,11560,0.875
reg3_m60_s7,reg3,cold,1,11610,0.875
reg3_m60_s7,reg3,cold,1,11660,0.875
reg3_m60_s7,reg3,cold,1,11710,0.875
reg3_m60_s7,reg3,cold,1,11760,0.875
reg3_m60_s7,reg3,cold,1,11810,0.875
reg3_m60_s7,reg3,cold,1,11860,0.875
reg3_m60_s7,reg3,cold,1,11910,0.875
reg3_m60_s7,reg3,cold,1,11960,0.875
reg3_m60_s7,reg3,cold,1,12010,0.875
reg3_m60_s7,reg3,cold,1,12060,0.875
reg3_m60_s7,reg3,cold,1,12110,0.875
reg3_m60_s7,reg3,cold,1,12160,0.875
reg3_m60_s7,reg3,cold,1,12210,0.875
reg3_m60_s7,reg3,cold,1,12260,0.875
reg3_m60_s7,reg3,cold,1,12310,0.875
reg3_m60_s7,reg3,cold,1,12360,0.875
reg3_m60_s7,reg3,cold,1,12410,0.875
reg3_m60_s7,reg3,cold,1,12460,0.875
reg3_m60_s7,reg3,cold,1,12510,0.875
reg3_m60_s7,reg3,cold,1,12560,0.875
reg3_m60_s7,reg3,cold,1,12610,0.875
reg3_m60_s7,reg3,cold,1,12660,0.875
reg3_m60_s7,reg3,cold,1,12710,0.875
reg3_m60_s7,reg3,cold,1,12760,0.875
reg3_m60_s7,reg3,cold,1,12810,0.875
reg3_m60_s7,reg3,cold,1,12860,0.875
reg3_m60_s7,reg3,cold,1,12910,0.875
reg3_m60_s7,reg3,cold,1,12960,0.875
reg3_m60_s7,reg3,cold,1,13010,0.875
reg3_m60_s7,reg3,cold,1,13060,0.875
reg3_m60_s7,reg3,cold,1,13110,0.875
reg3_m60_s7,reg3,cold,1,13160,0.875
reg3_m60_s7,reg3,cold,1,13210,0.875
reg3_m60_s7,reg3,cold,1,13260,0.875
reg3_m60_s7,reg3,cold,1,13310,0.875
reg3_m60_s7,reg3,cold,1,13360,0.875
reg3_m60_s7,reg3,cold,1,13410,0.875
reg3_m60_s7,reg3,cold,1,13460,0.875
reg3_m60_s7,reg3,cold,1,13510,0.875
reg3_m60_s7,reg3,cold,1,13560,0.875
reg3_m60_s7,reg3,cold,1,13610,0.875
reg3_m60_s7,reg3,cold,1,13660,0.875
reg3_m60_s7,reg3,cold,1,13710,0.875
reg3_m60_s7,reg3,cold,1,13760,0.875
reg3_m60_s7,reg3,cold,1,13810,0.875
reg3_m60_s7,reg3,cold,1,13860,0.875
reg3_m60_s7,reg3,cold,1,13910,0.875
reg3_m60_s7,reg3,cold,1,13960,0.875
reg3_m60_s7,reg3,cold,1,14010,0.875
reg3_m60_s7,reg3,cold,1,14060,0.875
reg3_m60_s7,reg3,cold,1,14110,0.875
reg3_m60_s7,reg3,cold,1,14160,0.875
reg3_m60_s7,reg3,cold,1,14210,0.875
reg3_m60_s7,reg3,cold,1,14260,0.875
reg3_m60_s7,reg3,cold,1,14310,0.875
reg3_m60_s7,reg3,cold,1,14360,0.875
reg3_m60_s7,reg3,cold,1,14410,0.875
reg3_m60_s7,reg3,cold,1,14460,0.875
reg3_m60_s7,reg3,cold,1,14510,0.875
reg3_m60_s7,reg3,cold,1,14560,0.875
reg3_m60_s7,reg3,cold,1,14610,0.875
reg3_m60_s7,reg3,cold,1,14660,0.875
reg3_m60_s7,reg3,cold,1,14710,0.875
reg3_m60_s7,reg3,cold,1,14760,0.875
reg3_m60_s7,reg3,cold,1,14810,0.875
reg3_m60_s7,reg3,cold,1,14860,0.875
reg3_m60_s7,reg3,cold,1,14910,0.875
reg3_m60_s7,reg3,cold,1,14960,0.875
reg3_m60_s7,reg3,cold,1,15010,0.875
reg3_m60_s7,reg3,cold,1,15060,0.875
reg3_m60_s7,reg3,cold,1,15110,0.875
reg3_m60_s7,reg3,cold,1,15160,0.875
reg3_m60_s7,reg3,cold,1,15210,0.875
reg3_m60_s7,reg3,cold,1,15260,0.875
reg3_m60_s7,reg3,cold,1,15310,0.875
reg3_m60_s7,reg3,cold,1,15360,0.875
reg3_m60_s7,reg3,cold,1,15410,0.875
reg3_m60_s7,reg3,cold,1,15460,0.875
reg3_m60_s7,reg3,cold,1,15510,0.875
reg3_m60_s7,reg3,cold,1,15560,0.875
reg3_m60_s7,reg3,cold,1,15610,0.875
reg3_m60_s7,reg3,cold,1,15660,0.875
reg3_m60_s7,reg3,cold,1,15710,0.875
reg3_m60_s7,reg3,cold,1,15760,0.875
reg3_m60_s7,reg3,cold,1,15810,0.875
reg3_m60_s7,reg3,cold,1,15860,0.875
reg3_m60_s7,reg3,cold,1,15910,0.875
reg3_m60_s7,reg3,cold,1,15960,0.875
reg3_m60_s7,reg3,cold,1,16010,0.875
reg3_m60_s7,reg3,cold,1,16060,0.875
reg3_m60_s7,reg3,cold,1,16110,0.875
reg3_m60_s7,reg3,cold,1,16160,0.875
reg3_m60_s7,reg3,cold,1,16210,0.875
reg3_m60_s7,reg3,cold,1,16260,0.875
reg3_m60_s7,reg3,cold,1,16310,0.875
reg3_m60_s7,reg3,cold,1,16360,0.875
reg3_m60_s7,reg3,cold,1,16410,0.875
reg3_m60_s7,reg3,cold,1,16460,0.875
reg3_m60_s7,reg3,cold,1,16510,0.875
reg3_m60_s7,reg3,cold,1,16560,0.875
reg3_m60_s7,reg3,cold,1,16610,0.875
reg3_m60_s7,reg3,cold,1,16660,0.875
reg3_m60_s7,reg3,cold,1,16710,0.875
reg3_m60_s7,reg3,cold,1,16760,0.875
reg3_m60_s7,reg3,cold,1,16810,0.875
reg3_m60_s7,reg3,cold,1,16860,0.875
reg3_m60_s7,reg3,cold,1,16910,0.875
reg3_m60_s7,reg3,cold,1,16960,0.875
reg3_m60_s7,reg3,cold,1,17010,0.875
reg3_m60_s7,reg3,cold,1,17060,0.875
reg3_m60_s7,reg3,cold,1,17110,0.875
reg3_m60_s7,reg3,cold,1,17160,0.875
reg3_m60_s7,reg3,cold,1,17210,0.875
reg3_m60_s7,reg3,cold,1,17260,0.875
reg3_m60_s7,reg3,cold,1,17310,0.875
reg3_m60_s7,reg3,cold,1,17360,0.875
reg3_m60_s7,reg3,cold,1,17410,0.875
reg3_m60_s7,reg3,cold,1,17460,0.875
reg3_m60_s7,reg3,cold,1,17510,0.875
reg3_m60_s7,reg3,cold,1,17560,0.875
reg3_m60_s7,reg3,cold,1,17610,0.875
reg3_m60_s7,reg3,cold,1,17660,0.875
reg3_m60_s7,reg3,cold,1,17710,0.875
reg3_m60_s7,reg3,cold,1,17760,0.875
reg3_m60_s7,reg3,cold,1,17810,0.875
reg3_m60_s7,reg3,cold,1,17860,0.875
reg3_m60_s7,reg3,cold,1,17910,0.875
reg3_m60_s7,reg3,cold,1,17960,0.875
reg3_m60_s7,reg3,cold,1,18010,0.875
reg3_m60_s7,reg3,cold,1,18060,0.875
reg3_m60_s7,reg3,cold,1,18110,0.875
reg3_m60_s7,reg3,cold,1,18160,0.875
reg3_m60_s7,reg3,cold,1,18210,0.875
reg3_m60_s7,reg3,cold,1,18260,0.875
reg3_m60_s7,reg3,cold,1,18310,0.875
reg3_m60_s7,reg3,cold,1,18360,0.875
reg3_m60_s7,reg3,cold,1,18410,0.875
reg3_m60_s7,reg3,cold,1,18460,0.875
reg3_m60_s7,reg3,cold,1,18510,0.875
reg3_m60_s7,reg3,cold,1,18560,0.875
reg3_m60_s7,reg3,cold,1,18610,0.875
reg3_m60_s7,reg3,cold,1,18660,0.875
reg3_m60_s7,reg3,cold,1,18710,0.875
reg3_m60_s7,reg3,cold,1,18760,0.875
reg3_m60_s7,reg3,cold,1,18810,0.875
reg3_m60_s7,reg3,cold,1,18860,0.875
reg3_m60_s7,reg3,cold,1,18910,0.875
reg3_m60_s7,reg3,cold,1,18960,0.875
reg3_m60_s7,reg3,cold,1,19010,0.875
reg3_m60_s7,reg3,cold,1,19060,0.875
reg3_m60_s7,reg3,cold,1,19110,0.875
reg3_m60_s7,reg3,cold,1,19160,0.875
reg3_m60_s7,reg3,cold,1,19210,0.875
reg3_m60_s7,reg3,cold,1,19260,0.875
reg3_m60_s7,reg3,cold,1,19310,0.875
reg3_m60_s7,reg3,cold,1,19360,0.875
reg3_m60_s7,reg3,cold,1,19410,0.875
reg3_m60_s7,reg3,cold,1,19460,0.875
reg3_m60_s7,reg3,cold,1,19510,0.875
reg3_m60_s7,reg3,cold,1,19560,0.875
reg3_m60_s7,reg3,cold,1,19610,0.875
reg3_m60_s7,reg3,cold,1,19660,0.875
reg3_m60_s7,reg3,cold,1,19710,0.875
reg3_m60_s7,reg3,cold,1,19760,0.875
reg3_m60_s7,reg3,cold,1,19810,0.875
reg3_m60_s7,reg3,cold,1,19860,0.875
reg3_m60_s7,reg3,cold,1,19910,0.875
reg3_m60_s7,reg3,cold,1,19960,0.875
reg3_m60_s7,reg3,cold,1,20010,0.875
reg3_m60_s7,reg3,prior_init,1,210,0.7375
reg3_m60_s7,reg3,prior_init,1,260,0.7375
reg3_m60_s7,reg3,prior_init,1,310,0.775
reg3_m60_s7,reg3,prior_init,1,360,0.775
reg3_m60_s7,reg3,prior_init,1,410,0.775
reg3_m60_s7,reg3,prior_init,1,460,0.775
reg3_m60_s7,reg3,prior_init,1,510,0.775
reg3_m60_s7,reg3,prior_init,1,560,0.7875
reg3_m60_s7,reg3,prior_init,1,610,0.7875
reg3_m60_s7,reg3,prior_init,1,660,0.8125
reg3_m60_s7,reg3,prior_init,1,710,0.8125
reg3_m60_s7,reg3,prior_init,1,760,0.825
reg3_m60_s7,reg3,prior_init,1,810,0.825
reg3_m60_s7,reg3,prior_init,1,860,0.825
reg3_m60_s7,reg3,prior_init,1,910,0.825
reg3_m60_s7,reg3,prior_init,1,960,0.825
reg3_m60_s7,reg3,prior_init,1,1010,0.825
reg3_m60_s7,reg3,prior_init,1,1060,0.825
reg3_m60_s7,reg3,prior_init,1,1110,0.825
reg3_m60_s7,reg3,prior_init,1,1160,0.825
reg3_m60_s7,reg3,prior_init,1,1210,0.825
reg3_m60_s7,reg3,prior_init,1,1260,0.825
reg3_m60_s7,reg3,prior_init,1,1310,0.825
reg3_m60_s7,reg3,prior_init,1,1360,0.825
reg3_m60_s7,reg3,prior_init,1,1410,0.825
reg3_m60_s7,reg3,prior_init,1,1460,0.825
reg3_m60_s7,reg3,prior_init,1,1510,0.825
reg3_m60_s7,reg3,prior_init,1,1560,0.825
reg3_m60_s7,reg3,prior_init,1,1610,0.825
reg3_m60_s7,reg3,prior_init,1,1660,0.8625
reg3_m60_s7,reg3,prior_init,1,1710,0.8625
reg3_m60_s7,reg3,prior_init,1,1760,0.875
reg3_m60_s7,reg3,prior_init,1,1810,0.875
reg3_m60_s7,reg3,prior_init,1,1860,0.875
reg3_m60_s7,reg3,prior_init,1,1910,0.875
reg3_m60_s7,reg3,prior_init,1,1960,0.875
reg3_m60_s7,reg3,prior_init,1,2010,0.875
reg3_m60_s7,reg3,prior_init,1,2060,0.875
reg3_m60_s7,reg3,prior_init,1,2110,0.8625
reg3_m60_s7,reg3,prior_init,1,2160,0.8625
reg3_m60_s7,reg3,prior_init,1,2210,0.8625
reg3_m60_s7,reg3,prior_init,1,2260,0.8625
reg3_m60_s7,reg3,prior_init,1,2310,0.8625
reg3_m60_s7,reg3,prior_init,1,2360,0.8625
reg3_m60_s7,reg3,prior_init,1,2410,0.8625
reg3_m60_s7,reg3,prior_init,1,2460,0.8625
reg3_m60_s7,reg3,prior_init,1,2510,0.8625
reg3_m60_s7,reg3,prior_init,1,2560,0.8625
reg3_m60_s7,reg3,prior_init,1,2610,0.8625
reg3_m60_s7,reg3,prior_init,1,2660,0.8625
reg3_m60_s7,reg3,prior_init,1,2710,0.8625
reg3_m60_s7,reg3,prior_init,1,2760,0.875
reg3_m60_s7,reg3,prior_init,1,2810,0.875
reg3_m60_s7,reg3,prior_init,1,2860,0.875
reg3_m60_s7,reg3,prior_init,1,2910,0.875
reg3_m60_s7,reg3,prior_init,1,2960,0.875
reg3_m60_s7,reg3,prior_init,1,3010,0.875
reg3_m60_s7,reg3,prior_init,1,3060,0.875
reg3_m60_s7,reg3,prior_init,1,3110,0.875
reg3_m60_s7,reg3,prior_init,1,3160,0.875
reg3_m60_s7,reg3,prior_init,1,3210,0.875
reg3_m60_s7,reg3,prior_init,1,3260,0.875
reg3_m60_s7,reg3,prior_init,1,3310,0.875
reg3_m60_s7,reg3,prior_init,1,3360,0.875
reg3_m60_s7,reg3,prior_init,1,3410,0.875
reg3_m60_s7,reg3,prior_init,1,3460,0.875
reg3_m60_s7,reg3,prior_init,1,3510,0.875
reg3_m60_s7,reg3,prior_init,1,3560,0.875
reg3_m60_s7,reg3,prior_init,1,3610,0.875
reg3_m60_s7,reg3,prior_init,1,3660,0.875
reg3_m60_s7,reg3,prior_init,1,3710,0.875
reg3_m60_s7,reg3,prior_init,1,3760,0.875
reg3_m60_s7,reg3,prior_init,1,3810,0.875
reg3_m60_s7,reg3,prior_init,1,3860,0.875
reg3_m60_s7,reg3,prior_init,1,3910,0.875
reg3_m60_s7,reg3,prior_init,1,3960,0.875
reg3_m60_s7,reg3,prior_init,1,4010,0.875
reg3_m60_s7,reg3,prior_init,1,4060,0.875
reg3_m60_s7,reg3,prior_init,1,4110,0.875
reg3_m60_s7,reg3,prior_init,1,4160,0.875
reg3_m60_s7,reg3,prior_init,1,4210,0.875
reg3_m60_s7,reg3,prior_init,1,4260,0.875
reg3_m60_s7,reg3,prior_init,1,4310,0.875
reg3_m60_s7,reg3,prior_init,1,4360,0.8875
reg3_m60_s7,reg3,prior_init,1,4410,0.8875
reg3_m60_s7,reg3,prior_init,1,4460,0.8875
reg3_m60_s7,reg3,prior_init,1,4510,0.8875
reg3_m60_s7,reg3,prior_init,1,4560,0.8875
reg3_m60_s7,reg3,prior_init,1,4610,0.8875
reg3_m60_s7,reg3,prior_init,1,4660,0.8875
reg3_m60_s7,reg3,prior_init,1,4710,0.8875
reg3_m60_s7,reg3,prior_init,1,4760,0.8875
reg3_m60_s7,reg3,prior_init,1,4810,0.8875
reg3_m60_s7,reg3,prior_init,1,4860,0.8875
reg3_m60_s7,reg3,prior_init,1,4910,0.8875
reg3_m60_s7,reg3,prior_init,1,4960,0.8875
reg3_m60_s7,reg3,prior_init,1,5010,0.8875
reg3_m60_s7,reg3,prior_init,1,5060,0.8875
reg3_m60_s7,reg3,prior_init,1,5110,0.8875
reg3_m60_s7,reg3,prior_init,1,5160,0.8875
reg3_m60_s7,reg3,prior_init,1,5210,0.8875
reg3_m60_s7,reg3,prior_init,1,5260,0.8875
reg3_m60_s7,reg3,prior_init,1,5310,0.8875
reg3_m60_s7,reg3,prior_init,1,5360,0.8875
reg3_m60_s7,reg3,prior_init,1,5410,0.8875
reg3_m60_s7,reg3,prior_init,1,5460,0.8875
reg3_m60_s7,reg3,prior_init,1,5510,0.8875
reg3_m60_s7,reg3,prior_init,1,5560,0.8875
reg3_m60_s7,reg3,prior_init,1,5610,0.8875
reg3_m60_s7,reg3,prior_init,1,5660,0.8875
reg3_m60_s7,reg3,prior_init,1,5710,0.8875
reg3_m60_s7,reg3,prior_init,1,5760,0.8875
reg3_m60_s7,reg3,prior_init,1,5810,0.8875
reg3_m60_s7,reg3,prior_init,1,5860,0.8875
reg3_m60_s7,reg3,prior_init,1,5910,0.8875
reg3_m60_s7,reg3,prior_init,1,5960,0.8875
reg3_m60_s7,reg3,prior_init,1,6010,0.8875
reg3_m60_s7,reg3,prior_init,1,6060,0.8875
reg3_m60_s7,reg3,prior_init,1,6110,0.8875
reg3_m60_s7,reg3,prior_init,1,6160,0.8875
reg3_m60_s7,reg3,prior_init,1,6210,0.8875
reg3_m60_s7,reg3,prior_init,1,6260,0.8875
reg3_m60_s7,reg3,prior_init,1,6310,0.8875
reg3_m60_s7,reg3,prior_init,1,6360,0.8875
reg3_m60_s7,reg3,prior_init,1,6410,0.8875
reg3_m60_s7,reg3,prior_init,1,6460,0.8875
reg3_m60_s7,reg3,prior_init,1,6510,0.8875
reg3_m60_s7,reg3,prior_init,1,6560,0.8875
reg3_m60_s7,reg3,prior_init,1,6610,0.8875
reg3_m60_s7,reg3,prior_init,1,6660,0.8875
reg3_m60_s7,reg3,prior_init,1,6710,0.8875
reg3_m60_s7,reg3,prior_init,1,6760,0.8875
reg3_m60_s7,reg3,prior_init,1,6810,0.8875
reg3_m60_s7,reg3,prior_init,1,6860,0.8875
reg3_m60_s7,reg3,prior_init,1,6910,0.8875
reg3_m60_s7,reg3,prior_init,1,6960,0.8875
reg3_m60_s7,reg3,prior_init,1,7010,0.8875
reg3_m60_s7,reg3,prior_init,1,7060,0.8875
reg3_m60_s7,reg3,prior_init,1,7110,0.8875
reg3_m60_s7,reg3,prior_init,1,7160,0.8875
reg3_m60_s7,reg3,prior_init,1,7210,0.8875
reg3_m60_s7,reg3,prior_init,1,7260,0.8875
reg3_m60_s7,reg3,prior_init,1,7310,0.8875
reg3_m60_s7,reg3,prior_init,1,7360,0.8875
reg3_m60_s7,reg3,prior_init,1,7410,0.8875
reg3_m60_s7,reg3,prior_init,1,7460,0.8875
reg3_m60_s7,reg3,prior_init,1,7510,0.8875
reg3_m60_s7,reg3,prior_init,1,7560,0.8875
reg3_m60_s7,reg3,prior_init,1,7610,0.8875
reg3_m60_s7,reg3,prior_init,1,7660,0.8875
reg3_m60_s7,reg3,prior_init,1,7710,0.8875
reg3_m60_s7,reg3,prior_init,1,7760,0.8875
reg3_m60_s7,reg3,prior_init,1,7810,0.8875
reg3_m60_s7,reg3,prior_init,1,7860,0.8875
reg3_m60_s7,reg3,prior_init,1,7910,0.8875
reg3_m60_s7,reg3,prior_init,1,7960,0.8875
reg3_m60_s7,reg3,prior_init,1,8010,0.8875
reg3_m60_s7,reg3,prior_init,1,8060,0.8875
reg3_m60_s7,reg3,prior_init,1,8110,0.8875
reg3_m60_s7,reg3,prior_init,1,8160,0.8875
reg3_m60_s7,reg3,prior_init,1,8210,0.8875
reg3_m60_s7,reg3,prior_init,1,8260,0.8875
reg3_m60_s7,reg3,prior_init,1,8310,0.8875
reg3_m60_s7,reg3,prior_init,1,8360,0.8875
reg3_m60_s7,reg3,prior_init,1,8410,0.8875
reg3_m60_s7,reg3,prior_init,1,8460,0.8875
reg3_m60_s7,reg3,prior_init,1,8510,0.8875
reg3_m60_s7,reg3,prior_init,1,8560,0.8875
reg3_m60_s7,reg3,prior_init,1,8610,0.8875
reg3_m60_s7,reg3,prior_init,1,8660,0.8875
reg3_m60_s7,reg3,prior_init,1,8710,0.8875
reg3_m60_s7,reg3,prior_init,1,8760,0.8875
reg3_m60_s7,reg3,prior_init,1,8810,0.8875
reg3_m60_s7,reg3,prior_init,1,8860,0.8875
reg3_m60_s7,reg3,prior_init,1,8910,0.8875
reg3_m60_s7,reg3,prior_init,1,8960,0.8875
reg3_m60_s7,reg3,prior_init,1,9010,0.8875
reg3_m60_s7,reg3,prior_init,1,9060,0.8875
reg3_m60_s7,reg3,prior_init,1,9110,0.8875
reg3_m60_s7,reg3,prior_init,1,9160,0.8875
reg3_m60_s7,reg3,prior_init,1,9210,0.8875
reg3_m60_s7,reg3,prior_init,1,9260,0.8875
reg3_m60_s7,reg3,prior_init,1,9310,0.8875
reg3_m60_s7,reg3,prior_init,1,9360,0.8875
reg3_m60_s7,reg3,prior_init,1,9410,0.8875
reg3_m60_s7,reg3,prior_init,1,9460,0.8875
reg3_m60_s7,reg3,prior_init,1,9510,0.8875
reg3_m60_s7,reg3,prior_init,1,9560,0.8875
reg3_m60_s7,reg3,prior_init,1,9610,0.8875
reg3_m60_s7,reg3,prior_init,1,9660,0.8875
reg3_m60_s7,reg3,prior_init,1,9710,0.8875
reg3_m60_s7,reg3,prior_init,1,9760,0.8875
reg3_m60_s7,reg3,prior_init,1,9810,0.8875
reg3_m60_s7,reg3,prior_init,1,9860,0.8875
reg3_m60_s7,reg3,prior_init,1,9910,0.8875
reg3_m60_s7,reg3,prior_init,1,9960,0.8875
reg3_m60_s7,reg3,prior_init,1,10010,0.8875
reg3_m60_s7,reg3,prior_init,1,10060,0.8875
reg3_m60_s7,reg3,prior_init,1,10110,0.8875
reg3_m60_s7,reg3,prior_init,1,10160,0.8875
reg3_m60_s7,reg3,prior_init,1,10210,0.8875
reg3_m60_s7,reg3,prior_init,1,10260,0.8875
reg3_m60_s7,reg3,prior_init,1,10310,0.8875
reg3_m60_s7,reg3,prior_init,1,10360,0.8875
reg3_m60_s7,reg3,prior_init,1,10410,0.8875
reg3_m60_s7,reg3,prior_init,1,10460,0.8875
reg3_m60_s7,reg3,prior_init,1,10510,0.8875
reg3_m60_s7,reg3,prior_init,1,10560,0.8875
reg3_m60_s7,reg3,prior_init,1,10610,0.8875
reg3_m60_s7,reg3,prior_init,1,10660,0.8875
reg3_m60_s7,reg3,prior_init,1,10710,0.8875
reg3_m60_s7,reg3,prior_init,1,10760,0.8875
reg3_m60_s7,reg3,prior_init,1,10810,0.8875
reg3_m60_s7,reg3,prior_init,1,10860,0.8875
reg3_m60_s7,reg3,prior_init,1,10910,0.8875
reg3_m60_s7,reg3,prior_init,1,10960,0.8875
reg3_m60_s7,reg3,prior_init,1,11010,0.8875
reg3_m60_s7,reg3,prior_init,1,11060,0.8875
reg3_m60_s7,reg3,prior_init,1,11110,0.8875
reg3_m60_s7,reg3,prior_init,1,11160,0.8875
reg3_m60_s7,reg3,prior_init,1,11210,0.8875
reg3_m60_s7,reg3,prior_init,1,11260,0.8875
reg3_m60_s7,reg3,prior_init,1,11310,0.8875
reg3_m60_s7,reg3,prior_init,1,11360,0.8875
reg3_m60_s7,reg3,prior_init,1,11410,0.8875
reg3_m60_s7,reg3,prior_init,1,11460,0.8875
reg3_m60_s7,reg3,prior_init,1,11510,0.8875
reg3_m60_s7,reg3,prior_init,1,11560,0.8875
reg3_m60_s7,reg3,prior_init,1,11610,0.8875
reg3_m60_s7,reg3,prior_init,1,11660,0.8875
reg3_m60_s7,reg3,prior_init,1,11710,0.8875
reg3_m60_s7,reg3,prior_init,1,11760,0.8875
reg3_m60_s7,reg3,prior_init,1,11810,0.8875
reg3_m60_s7,reg3,prior_init,1,11860,0.8875
reg3_m60_s7,reg3,prior_init,1,11910,0.8875
reg3_m60_s7,reg3,prior_init,1,11960,0.8875
reg3_m60_s7,reg3,prior_init,1,12010,0.8875
reg3_m60_s7,reg3,prior_init,1,12060,0.8875
reg3_m60_s7,reg3,prior_init,1,12110,0.8875
reg3_m60_s7,reg3,prior_init,1,12160,0.8875
reg3_m60_s7,reg3,prior_init,1,12210,0.8875
reg3_m60_s7,reg3,prior_init,1,12260,0.8875
reg3_m60_s7,reg3,prior_init,1,12310,0.8875
reg3_m60_s7,reg3,prior_init,1,12360,0.8875
reg3_m60_s7,reg3,prior_init,1,12410,0.8875
reg3_m60_s7,reg3,prior_init,1,12460,0.8875
reg3_m60_s7,reg3,prior_init,1,12510,0.8875
reg3_m60_s7,reg3,prior_init,1,12560,0.8875
reg3_m60_s7,reg3,prior_init,1,12610,0.8875
reg3_m60_s7,reg3,prior_init,1,12660,0.8875
reg3_m60_s7,reg3,prior_init,1,12710,0.8875
reg3_m60_s7,reg3,prior_init,1,12760,0.8875
reg3_m60_s7,reg3,prior_init,1,12810,0.8875
reg3_m60_s7,reg3,prior_init,1,12860,0.8875
reg3_m60_s7,reg3,prior_init,1,12910,0.8875
reg3_m60_s7,reg3,prior_init,1,12960,0.8875
reg3_m60_s7,reg3,prior_init,1,13010,0.8875
reg3_m60_s7,reg3,prior_init,1,13060,0.8875
reg3_m60_s7,reg3,prior_init,1,13110,0.8875
reg3_m60_s7,reg3,prior_init,1,13160,0.8875
reg3_m60_s7,reg3,prior_init,1,13210,0.8875
reg3_m60_s7,reg3,prior_init,1,13260,0.8875
reg3_m60_s7,reg3,prior_init,1,13310,0.8875
reg3_m60_s7,reg3,prior_init,1,13360,0.8875
reg3_m60_s7,reg3,prior_init,1,13410,0.8875
reg3_m60_s7,reg3,prior_init,1,13460,0.8875
reg3_m60_s7,reg3,prior_init,1,13510,0.8875
reg3_m60_s7,reg3,prior_init,1,13560,0.8875
reg3_m60_s7,reg3,prior_init,1,13610,0.8875
reg3_m60_s7,reg3,prior_init,1,13660,0.8875
reg3_m60_s7,reg3,prior_init,1,13710,0.8875
reg3_m60_s7,reg3,prior_init,1,13760,0.8875
reg3_m60_s7,reg3,prior_init,1,13810,0.8875
reg3_m60_s7,reg3,prior_init,1,13860,0.8875
reg3_m60_s7,reg3,prior_init,1,13910,0.8875
reg3_m60_s7,reg3,prior_init,1,13960,0.8875
reg3_m60_s7,reg3,prior_init,1,14010,0.8875
reg3_m60_s7,reg3,prior_init,1,14060,0.8875
reg3_m60_s7,reg3,prior_init,1,14110,0.8875
reg3_m60_s7,reg3,prior_init,1,14160,0.8875
reg3_m60_s7,reg3,prior_init,1,14210,0.8875
reg3_m60_s7,reg3,prior_init,1,14260,0.8875
reg3_m60_s7,reg3,prior_init,1,14310,0.8875
reg3_m60_s7,reg3,prior_init,1,14360,0.8875
reg3_m60_s7,reg3,prior_init,1,14410,0.8875
reg3_m60_s7,reg3,prior_init,1,14460,0.8875
reg3_m60_s7,reg3,prior_init,1,14510,0.8875
reg3_m60_s7,reg3,prior_init,1,14560,0.8875
reg3_m60_s7,reg3,prior_init,1,14610,0.8875
reg3_m60_s7,reg3,prior_init,1,14660,0.8875
reg3_m60_s7,reg3,prior_init,1,14710,0.8875
reg3_m60_s7,reg3,prior_init,1,14760,0.8875
reg3_m60_s7,reg3,prior_init,1,14810,0.8875
reg3_m60_s7,reg3,prior_init,1,14860,0.8875
reg3_m60_s7,reg3,prior_init,1,14910,0.8875
reg3_m60_s7,reg3,prior_init,1,14960,0.8875
reg3_m60_s7,reg3,prior_init,1,15010,0.8875
reg3_m60_s7,reg3,prior_init,1,15060,0.8875
reg3_m60_s7,reg3,prior_init,1,15110,0.8875
reg3_m60_s7,reg3,prior_init,1,15160,0.8875
reg3_m60_s7,reg3,prior_init,1,15210,0.8875
reg3_m60_s7,reg3,prior_init,1,15260,0.8875
reg3_m60_s7,reg3,prior_init,1,15310,0.8875
reg3_m60_s7,reg3,prior_init,1,15360,0.8875
reg3_m60_s7,reg3,prior_init,1,15410,0.8875
reg3_m60_s7,reg3,prior_init,1,15460,0.8875
reg3_m60_s7,reg3,prior_init,1,15510,0.8875
reg3_m60_s7,reg3,prior_init,1,15560,0.8875
reg3_m60_s7,reg3,prior_init,1,15610,0.8875
reg3_m60_s7,reg3,prior_init,1,15660,0.8875
reg3_m60_s7,reg3,prior_init,1,15710,0.8875
reg3_m60_s7,reg3,prior_init,1,15760,0.8875
reg3_m60_s7,reg3,prior_init,1,15810,0.8875
reg3_m60_s7,reg3,prior_init,1,15860,0.8875
reg3_m60_s7,reg3,prior_init,1,15910,0.8875
reg3_m60_s7,reg3,prior_init,1,15960,0.8875
reg3_m60_s7,reg3,prior_init,1,16010,0.8875
reg3_m60_s7,reg3,prior_init,1,16060,0.8875
reg3_m60_s7,reg3,prior_init,1,16110,0.8875
reg3_m60_s7,reg3,prior_init,1,16160,0.8875
reg3_m60_s7,reg3,prior_init,1,16210,0.8875
reg3_m60_s7,reg3,prior_init,1,16260,0.8875
reg3_m60_s7,reg3,prior_init,1,16310,0.8875
reg3_m60_s7,reg3,prior_init,1,16360,0.8875
reg3_m60_s7,reg3,prior_init,1,16410,0.8875
reg3_m60_s7,reg3,prior_init,1,16460,0.8875
reg3_m60_s7,reg3,prior_init,1,16510,0.8875
reg3_m60_s7,reg3,prior_init,1,16560,0.8875
reg3_m60_s7,reg3,prior_init,1,16610,0.8875
reg3_m60_s7,reg3,prior_init,1,16660,0.8875
reg3_m60_s7,reg3,prior_init,1,16710,0.8875
reg3_m60_s7,reg3,prior_init,1,16760,0.8875
reg3_m60_s7,reg3,prior_init,1,16810,0.8875
reg3_m60_s7,reg3,prior_init,1,16860,0.8875
reg3_m60_s7,reg3,prior_init,1,16910,0.8875
reg3_m60_s7,reg3,prior_init,1,16960,0.8875
reg3_m60_s7,reg3,prior_init,1,17010,0.8875
reg3_m60_s7,reg3,prior_init,1,17060,0.8875
reg3_m60_s7,reg3,prior_init,1,17110,0.8875
reg3_m60_s7,reg3,prior_init,1,17160,0.8875
reg3_m60_s7,reg3,prior_init,1,17210,0.8875
reg3_m60_s7,reg3,prior_init,1,17260,0.8875
reg3_m60_s7,reg3,prior_init,1,17310,0.8875
reg3_m60_s7,reg3,prior_init,1,17360,0.8875
reg3_m60_s7,reg3,prior_init,1,17410,0.8875
reg3_m60_s7,reg3,prior_init,1,17460,0.8875
reg3_m60_s7,reg3,prior_init,1,17510,0.8875
reg3_m60_s7,reg3,prior_init,1,17560,0.8875
reg3_m60_s7,reg3,prior_init,1,17610,0.8875
reg3_m60_s7,reg3,prior_init,1,17660,0.8875
reg3_m60_s7,reg3,prior_init,1,17710,0.8875
reg3_m60_s7,reg3,prior_init,1,17760,0.8875
reg3_m60_s7,reg3,prior_init,1,17810,0.8875
reg3_m60_s7,reg3,prior_init,1,17860,0.8875
reg3_m60_s7,reg3,prior_init,1,17910,0.8875
reg3_m60_s7,reg3,prior_init,1,17960,0.8875
reg3_m60_s7,reg3,prior_init,1,18010,0.8875
reg3_m60_s7,reg3,prior_init,1,18060,0.8875
reg3_m60_s7,reg3,prior_init,1,18110,0.8875
reg3_m60_s7,reg3,prior_init,1,18160,0.8875
reg3_m60_s7,reg3,prior_init,1,18210,0.8875
reg3_m60_s7,reg3,prior_init,1,18260,0.8875
reg3_m60_s7,reg3,prior_init,1,18310,0.8875
reg3_m60_s7,reg3,prior_init,1,18360,0.8875
reg3_m60_s7,reg3,prior_init,1,18410,0.8875
reg3_m60_s7,reg3,prior_init,1,18460,0.8875
reg3_m60_s7,reg3,prior_init,1,18510,0.8875
reg3_m60_s7,reg3,prior_init,1,18560,0.8875
reg3_m60_s7,reg3,prior_init,1,18610,0.8875
reg3_m60_s7,reg3,prior_init,1,18660,0.8875
reg3_m60_s7,reg3,prior_init,1,18710,0.8875
reg3_m60_s7,reg3,prior_init,1,18760,0.8875
reg3_m60_s7,reg3,prior_init,1,18810,0.8875
reg3_m60_s7,reg3,prior_init,1,18860,0.8875
reg3_m60_s7,reg3,prior_init,1,18910,0.8875
reg3_m60_s7,reg3,prior_init,1,18960,0.8875
reg3_m60_s7,reg3,prior_init,1,19010,0.8875
reg3_m60_s7,reg3,prior_init,1,19060,0.8875
reg3_m60_s7,reg3,prior_init,1,19110,0.8875
reg3_m60_s7,reg3,prior_init,1,19160,0.8875
reg3_m60_s7,reg3,prior_init,1,19210,0.8875
reg3_m60_s7,reg3,prior_init,1,19260,0.8875
reg3_m60_s7,reg3,prior_init,1,19310,0.8875
reg3_m60_s7,reg3,prior_init,1,19360,0.8875
reg3_m60_s7,reg3,prior_init,1,19410,0.8875
reg3_m60_s7,reg3,prior_init,1,19460,0.8875
reg3_m60_s7,reg3,prior_init,1,19510,0.8875
reg3_m60_s7,reg3,prior_init,1,19560,0.8875
reg3_m60_s7,reg3,prior_init,1,19610,0.8875
reg3_m60_s7,reg3,prior_init,1,19660,0.8875
reg3_m60_s7,reg3,prior_init,1,19710,0.8875
reg3_m60_s7,reg3,prior_init,1,19760,0.8875
reg3_m60_s7,reg3,prior_init,1,19810,0.8875
reg3_m60_s7,reg3,prior_init,1,19860,0.8875
reg3_m60_s7,reg3,prior_init,1,19910,0.8875
reg3_m60_s7,reg3,prior_init,1,19960,0.8875
reg3_m60_s7,reg3,prior_init,1,20010,0.8875
reg3_m60_s7,reg3,prior_prop,1,10,0.7125
reg3_m60_s7,reg3,prior_prop,1,60,0.7125
reg3_m60_s7,reg3,prior_prop,1,110,0.725
reg3_m60_s7,reg3,prior_prop,1,160,0.725
reg3_m60_s7,reg3,prior_prop,1,210,0.725
reg3_m60_s7,reg3,prior_prop,1,260,0.7375
reg3_m60_s7,reg3,prior_prop,1,310,0.775
reg3_m60_s7,reg3,prior_prop,1,360,0.775
reg3_m60_s7,reg3,prior_prop,1,410,0.775
reg3_m60_s7,reg3,prior_prop,1,460,0.775
reg3_m60_s7,reg3,prior_prop,1,510,0.775
reg3_m60_s7,reg3,prior_prop,1,560,0.775
reg3_m60_s7,reg3,prior_prop,1,610,0.8125
reg3_m60_s7,reg3,prior_prop,1,660,0.8125
reg3_m60_s7,reg3,prior_prop,1,710,0.8125
reg3_m60_s7,reg3,prior_prop,1,760,0.8125
reg3_m60_s7,reg3,prior_prop,1,810,0.8125
reg3_m60_s7,reg3,prior_prop,1,860,0.8125
reg3_m60_s7,reg3,prior_prop,1,910,0.825
reg3_m60_s7,reg3,prior_prop,1,960,0.825
reg3_m60_s7,reg3,prior_prop,1,1010,0.825
reg3_m60_s7,reg3,prior_prop,1,1060,0.825
reg3_m60_s7,reg3,prior_prop,1,1110,0.825
reg3_m60_s7,reg3,prior_prop,1,1160,0.825
reg3_m60_s7,reg3,prior_prop,1,1210,0.825
reg3_m60_s7,reg3,prior_prop,1,1260,0.825
reg3_m60_s7,reg3,prior_prop,1,1310,0.8375
reg3_m60_s7,reg3,prior_prop,1,1360,0.8375
reg3_m60_s7,reg3,prior_prop,1,1410,0.8375
reg3_m60_s7,reg3,prior_prop,1,1460,0.8375
reg3_m60_s7,reg3,prior_prop,1,1510,0.8375
reg3_m60_s7,reg3,prior_prop,1,1560,0.8375
reg3_m60_s7,reg3,prior_prop,1,1610,0.8375
reg3_m60_s7,reg3,prior_prop,1,1660,0.8375
reg3_m60_s7,reg3,prior_prop,1,1710,0.8375
reg3_m60_s7,reg3,prior_prop,1,1760,0.8375
reg3_m60_s7,reg3,prior_prop,1,1810,0.8375
reg3_m60_s7,reg3,prior_prop,1,1860,0.85
reg3_m60_s7,reg3,prior_prop,1,1910,0.85
reg3_m60_s7,reg3,prior_prop,1,1960,0.85
reg3_m60_s7,reg3,prior_prop,1,2010,0.85
reg3_m60_s7,reg3,prior_prop,1,2060,0.85
reg3_m60_s7,reg3,prior_prop,1,2110,0.85
reg3_m60_s7,reg3,prior_prop,1,2160,0.85
reg3_m60_s7,reg3,prior_prop,1,2210,0.85
reg3_m60_s7,reg3,prior_prop,1,2260,0.85
reg3_m60_s7,reg3,prior_prop,1,2310,0.85
reg3_m60_s7,reg3,prior_prop,1,2360,0.85
reg3_m60_s7,reg3,prior_prop,1,2410,0.85
reg3_m60_s7,reg3,prior_prop,1,2460,0.85
reg3_m60_s7,reg3,prior_prop,1,2510,0.85
reg3_m60_s7,reg3,prior_prop,1,2560,0.85
reg3_m60_s7,reg3,prior_prop,1,2610,0.85
reg3_m60_s7,reg3,prior_prop,1,2660,0.875
reg3_m60_s7,reg3,prior_prop,1,2710,0.875
reg3_m60_s7,reg3,prior_prop,1,2760,0.875
reg3_m60_s7,reg3,prior_prop,1,2810,0.875
reg3_m60_s7,reg3,prior_prop,1,2860,0.875
reg3_m60_s7,reg3,prior_prop,1,2910,0.875
reg3_m60_s7,reg3,prior_prop,1,2960,0.875
reg3_m60_s7,reg3,prior_prop,1,3010,0.875
reg3_m60_s7,reg3,prior_prop,1,3060,0.875
reg3_m60_s7,reg3,prior_prop,1,3110,0.875
reg3_m60_s7,reg3,prior_prop,1,3160,0.875
reg3_m60_s7,reg3,prior_prop,1,3210,0.875
reg3_m60_s7,reg3,prior_prop,1,3260,0.875
reg3_m60_s7,reg3,prior_prop,1,3310,0.875
reg3_m60_s7,reg3,prior_prop,1,3360,0.875
reg3_m60_s7,reg3,prior_prop,1,3410,0.875
reg3_m60_s7,reg3,prior_prop,1,3460,0.875
reg3_m60_s7,reg3,prior_prop,1,3510,0.875
reg3_m60_s7,reg3,prior_prop,1,3560,0.875
reg3_m60_s7,reg3,prior_prop,1,3610,0.875
reg3_m60_s7,reg3,prior_prop,1,3660,0.875
reg3_m60_s7,reg3,prior_prop,1,3710,0.875
reg3_m60_s7,reg3,prior_prop,1,3760,0.875
reg3_m60_s7,reg3,prior_prop,1,3810,0.875
reg3_m60_s7,reg3,prior_prop,1,3860,0.875
reg3_m60_s7,reg3,prior_prop,1,3910,0.875
reg3_m60_s7,reg3,prior_prop,1,3960,0.875
reg3_m60_s7,reg3,prior_prop,1,4010,0.875
reg3_m60_s7,reg3,prior_prop,1,4060,0.875
reg3_m60_s7,reg3,prior_prop,1,4110,0.875
reg3_m60_s7,reg3,prior_prop,1,4160,0.875
reg3_m60_s7,reg3,prior_prop,1,4210,0.875
reg3_m60_s7,reg3,prior_prop,1,4260,0.875
reg3_m60_s7,reg3,prior_prop,1,4310,0.875
reg3_m60_s7,reg3,prior_prop,1,4360,0.875
reg3_m60_s7,reg3,prior_prop,1,4410,0.875
reg3_m60_s7,reg3,prior_prop,1,4460,0.875
reg3_m60_s7,reg3,prior_prop,1,4510,0.875
reg3_m60_s7,reg3,prior_prop,1,4560,0.875
reg3_m60_s7,reg3,prior_prop,1,4610,0.875
reg3_m60_s7,reg3,prior_prop,1,4660,0.875
reg3_m60_s7,reg3,prior_prop,1,4710,0.875
reg3_m60_s7,reg3,prior_prop,1,4760,0.875
reg3_m60_s7,reg3,prior_prop,1,4810,0.875
reg3_m60_s7,reg3,prior_prop,1,4860,0.875
reg3_m60_s7,reg3,prior_prop,1,4910,0.875
reg3_m60_s7,reg3,prior_prop,1,4960,0.875
reg3_m60_s7,reg3,prior_prop,1,5010,0.875
reg3_m60_s7,reg3,prior_prop,1,5060,0.875
reg3_m60_s7,reg3,prior_prop,1,5110,0.875
reg3_m60_s7,reg3,prior_prop,1,5160,0.875
reg3_m60_s7,reg3,prior_prop,1,5210,0.875
reg3_m60_s7,reg3,prior_prop,1,5260,0.875
reg3_m60_s7,reg3,prior_prop,1,5310,0.875
reg3_m60_s7,reg3,prior_prop,1,5360,0.875
reg3_m60_s7,reg3,prior_prop,1,5410,0.875
reg3_m60_s7,reg3,prior_prop,1,5460,0.875
reg3_m60_s7,reg3,prior_prop,1,5510,0.875
reg3_m60_s7,reg3,prior_prop,1,5560,0.875
reg3_m60_s7,reg3,prior_prop,1,5610,0.875
reg3_m60_s7,reg3,prior_prop,1,5660,0.875
reg3_m60_s7,reg3,prior_prop,1,5710,0.875
reg3_m60_s7,reg3,prior_prop,1,5760,0.875
reg3_m60_s7,reg3,prior_prop,1,5810,0.875
reg3_m60_s7,reg3,prior_prop,1,5860,0.875
reg3_m60_s7,reg3,prior_prop,1,5910,0.875
reg3_m60_s7,reg3,prior_prop,1,5960,0.875
reg3_m60_s7,reg3,prior_prop,1,6010,0.875
reg3_m60_s7,reg3,prior_prop,1,6060,0.875
reg3_m60_s7,reg3,prior_prop,1,6110,0.875
reg3_m60_s7,reg3,prior_prop,1,6160,0.875
reg3_m60_s7,reg3,prior_prop,1,6210,0.875
reg3_m60_s7,reg3,prior_prop,1,6260,0.875
reg3_m60_s7,reg3,prior_prop,1,6310,0.875
reg3_m60_s7,reg3,prior_prop,1,6360,0.875
reg3_m60_s7,reg3,prior_prop,1,6410,0.875
reg3_m60_s7,reg3,prior_prop,1,6460,0.875
reg3_m60_s7,reg3,prior_prop,1,6510,0.875
reg3_m60_s7,reg3,prior_prop,1,6560,0.875
reg3_m60_s7,reg3,prior_prop,1,6610,0.875
reg3_m60_s7,reg3,prior_prop,1,6660,0.875
reg3_m60_s7,reg3,prior_prop,1,6710,0.875
reg3_m60_s7,reg3,prior_prop,1,6760,0.875
reg3_m60_s7,reg3,prior_prop,1,6810,0.875
reg3_m60_s7,reg3,prior_prop,1,6860,0.875
reg3_m60_s7,reg3,prior_prop,1,6910,0.875
reg3_m60_s7,reg3,prior_prop,1,6960,0.875
reg3_m60_s7,reg3,prior_prop,1,7010,0.875
reg3_m60_s7,reg3,prior_prop,1,7060,0.875
reg3_m60_s7,reg3,prior_prop,1,7110,0.875
reg3_m60_s7,reg3,prior_prop,1,7160,0.875
reg3_m60_s7,reg3,prior_prop,1,7210,0.875
reg3_m60_s7,reg3,prior_prop,1,7260,0.875
reg3_m60_s7,reg3,prior_prop,1,7310,0.875
reg3_m60_s7,reg3,prior_prop,1,7360,0.875
reg3_m60_s7,reg3,prior_prop,1,7410,0.875
reg3_m60_s7,reg3,prior_prop,1,7460,0.875
reg3_m60_s7,reg3,prior_prop,1,7510,0.875
reg3_m60_s7,reg3,prior_prop,1,7560,0.875
reg3_m60_s7,reg3,prior_prop,1,7610,0.875
reg3_m60_s7,reg3,prior_prop,1,7660,0.875
reg3_m60_s7,reg3,prior_prop,1,7710,0.875
reg3_m60_s7,reg3,prior_prop,1,7760,0.875
reg3_m60_s7,reg3,prior_prop,1,7810,0.875
reg3_m60_s7,reg3,prior_prop,1,7860,0.875
reg3_m60_s7,reg3,prior_prop,1,7910,0.875
reg3_m60_s7,reg3,prior_prop,1,7960,0.875
reg3_m60_s7,reg3,prior_prop,1,8010,0.875
reg3_m60_s7,reg3,prior_prop,1,8060,0.875
reg3_m60_s7,reg3,prior_prop,1,8110,0.875
reg3_m60_s7,reg3,prior_prop,1,8160,0.875
reg3_m60_s7,reg3,prior_prop,1,8210,0.875
reg3_m60_s7,reg3,prior_prop,1,8260,0.875
reg3_m60_s7,reg3,prior_prop,1,8310,0.875
reg3_m60_s7,reg3,prior_prop,1,8360,0.875
reg3_m60_s7,reg3,prior_prop,1,8410,0.875
reg3_m60_s7,reg3,prior_prop,1,8460,0.875
reg3_m60_s7,reg3,prior_prop,1,8510,0.875
reg3_m60_s7,reg3,prior_prop,1,8560,0.875
reg3_m60_s7,reg3,prior_prop,1,8610,0.875
reg3_m60_s7,reg3,prior_prop,1,8660,0.875
reg3_m60_s7,reg3,prior_prop,1,8710,0.875
reg3_m60_s7,reg3,prior_prop,1,8760,0.875
reg3_m60_s7,reg3,prior_prop,1,8810,0.875
reg3_m60_s7,reg3,prior_prop,1,8860,0.875
reg3_m60_s7,reg3,prior_prop,1,8910,0.875
reg3_m60_s7,reg3,prior_prop,1,8960,0.875
reg3_m60_s7,reg3,prior_prop,1,9010,0.875
reg3_m60_s7,reg3,prior_prop,1,9060,0.875
reg3_m60_s7,reg3,prior_prop,1,9110,0.875
reg3_m60_s7,reg3,prior_prop,1,9160,0.875
reg3_m60_s7,reg3,prior_prop,1,9210,0.875
reg3_m60_s7,reg3,prior_prop,1,9260,0.875
reg3_m60_s7,reg3,prior_prop,1,9310,0.875
reg3_m60_s7,reg3,prior_prop,1,9360,0.875
reg3_m60_s7,reg3,prior_prop,1,9410,0.875
reg3_m60_s7,reg3,prior_prop,1,9460,0.875
reg3_m60_s7,reg3,prior_prop,1,9510,0.875
reg3_m60_s7,reg3,prior_prop,1,9560,0.875
reg3_m60_s7,reg3,prior_prop,1,9610,0.875
reg3_m60_s7,reg3,prior_prop,1,9660,0.875
reg3_m60_s7,reg3,prior_prop,1,9710,0.875
reg3_m60_s7,reg3,prior_prop,1,9760,0.875
reg3_m60_s7,reg3,prior_prop,1,9810,0.875
reg3_m60_s7,reg3,prior_prop,1,9860,0.875
reg3_m60_s7,reg3,prior_prop,1,9910,0.875
reg3_m60_s7,reg3,prior_prop,1,9960,0.875
reg3_m60_s7,reg3,prior_prop,1,10010,0.875
reg3_m60_s7,reg3,prior_prop,1,10060,0.875
reg3_m60_s7,reg3,prior_prop,1,10110,0.875
reg3_m60_s7,reg3,prior_prop,1,10160,0.875
reg3_m60_s7,reg3,prior_prop,1,10210,0.875
reg3_m60_s7,reg3,prior_prop,1,10260,0.875
reg3_m60_s7,reg3,prior_prop,1,10310,0.875
reg3_m60_s7,reg3,prior_prop,1,10360,0.875
reg3_m60_s7,reg3,prior_prop,1,10410,0.875
reg3_m60_s7,reg3,prior_prop,1,10460,0.875
reg3_m60_s7,reg3,prior_prop,1,10510,0.875
reg3_m60_s7,reg3,prior_prop,1,10560,0.875
reg3_m60_s7,reg3,prior_prop,1,10610,0.875
reg3_m60_s7,reg3,prior_prop,1,10660,0.875
reg3_m60_s7,reg3,prior_prop,1,10710,0.875
reg3_m60_s7,reg3,prior_prop,1,10760,0.875
reg3_m60_s7,reg3,prior_prop,1,10810,0.875
reg3_m60_s7,reg3,prior_prop,1,10860,0.875
reg3_m60_s7,reg3,prior_prop,1,10910,0.875
reg3_m60_s7,reg3,prior_prop,1,10960,0.875
reg3_m60_s7,reg3,prior_prop,1,11010,0.875
reg3_m60_s7,reg3,prior_prop,1,11060,0.875
reg3_m60_s7,reg3,prior_prop,1,11110,0.875
reg3_m60_s7,reg3,prior_prop,1,11160,0.875
reg3_m60_s7,reg3,prior_prop,1,11210,0.875
reg3_m60_s7,reg3,prior_prop,1,11260,0.875
reg3_m60_s7,reg3,prior_prop,1,11310,0.875
reg3_m60_s7,reg3,prior_prop,1,11360,0.875
reg3_m60_s7,reg3,prior_prop,1,11410,0.875
reg3_m60_s7,reg3,prior_prop,1,11460,0.875
reg3_m60_s7,reg3,prior_prop,1,11510,0.875
reg3_m60_s7,reg3,prior_prop,1,11560,0.875
reg3_m60_s7,reg3,prior_prop,1,11610,0.875
reg3_m60_s7,reg3,prior_prop,1,11660,0.875
reg3_m60_s7,reg3,prior_prop,1,11710,0.875
reg3_m60_s7,reg3,prior_prop,1,11760,0.875
reg3_m60_s7,reg3,prior_prop,1,11810,0.875
reg3_m60_s7,reg3,prior_prop,1,11860,0.875
reg3_m60_s7,reg3,prior_prop,1,11910,0.875
reg3_m60_s7,reg3,prior_prop,1,11960,0.875
reg3_m60_s7,reg3,prior_prop,1,12010,0.875
reg3_m60_s7,reg3,prior_prop,1,12060,0.875
reg3_m60_s7,reg3,prior_prop,1,12110,0.875
reg3_m60_s7,reg3,prior_prop,1,12160,0.875
reg3_m60_s7,reg3,prior_prop,1,12210,0.875
reg3_m60_s7,reg3,prior_prop,1,12260,0.875
reg3_m60_s7,reg3,prior_prop,1,12310,0.875
reg3_m60_s7,reg3,prior_prop,1,12360,0.875
reg3_m60_s7,reg3,prior_prop,1,12410,0.875
reg3_m60_s7,reg3,prior_prop,1,12460,0.875
reg3_m60_s7,reg3,prior_prop,1,12510,0.875
reg3_m60_s7,reg3,prior_prop,1,12560,0.875
reg3_m60_s7,reg3,prior_prop,1,12610,0.875
reg3_m60_s7,reg3,prior_prop,1,12660,0.875
reg3_m60_s7,reg3,prior_prop,1,12710,0.875
reg3_m60_s7,reg3,prior_prop,1,12760,0.875
reg3_m60_s7,reg3,prior_prop,1,12810,0.875
reg3_m60_s7,reg3,prior_prop,1,12860,0.875
reg3_m60_s7,reg3,prior_prop,1,12910,0.875
reg3_m60_s7,reg3,prior_prop,1,12960,0.875
reg3_m60_s7,reg3,prior_prop,1,13010,0.875
reg3_m60_s7,reg3,prior_prop,1,13060,0.875
reg3_m60_s7,reg3,prior_prop,1,13110,0.875
reg3_m60_s7,reg3,prior_prop,1,13160,0.875
reg3_m60_s7,reg3,prior_prop,1,13210,0.875
reg3_m60_s7,reg3,prior_prop,1,13260,0.875
reg3_m60_s7,reg3,prior_prop,1,13310,0.875
reg3_m60_s7,reg3,prior_prop,1,13360,0.875
reg3_m60_s7,reg3,prior_prop,1,13410,0.875
reg3_m60_s7,reg3,prior_prop,1,13460,0.875
reg3_m60_s7,reg3,prior_prop,1,13510,0.875
reg3_m60_s7,reg3,prior_prop,1,13560,0.875
reg3_m60_s7,reg3,prior_prop,1,13610,0.875
reg3_m60_s7,reg3,prior_prop,1,13660,0.875
reg3_m60_s7,reg3,prior_prop,1,13710,0.875
reg3_m60_s7,reg3,prior_prop,1,13760,0.875
reg3_m60_s7,reg3,prior_prop,1,13810,0.875
reg3_m60_s7,reg3,prior_prop,1,13860,0.875
reg3_m60_s7,reg3,prior_prop,1,13910,0.875
reg3_m60_s7,reg3,prior_prop,1,13960,0.875
reg3_m60_s7,reg3,prior_prop,1,14010,0.875
reg3_m60_s7,reg3,prior_prop,1,14060,0.875
reg3_m60_s7,reg3,prior_prop,1,14110,0.875
reg3_m60_s7,reg3,prior_prop,1,14160,0.875
reg3_m60_s7,reg3,prior_prop,1,14210,0.875
reg3_m60_s7,reg3,prior_prop,1,14260,0.875
reg3_m60_s7,reg3,prior_prop,1,14310,0.875
reg3_m60_s7,reg3,prior_prop,1,14360,0.875
reg3_m60_s7,reg3,prior_prop,1,14410,0.875
reg3_m60_s7,reg3,prior_prop,1,14460,0.875
reg3_m60_s7,reg3,prior_prop,1,14510,0.875
reg3_m60_s7,reg3,prior_prop,1,14560,0.875
reg3_m60_s7,reg3,prior_prop,1,14610,0.875
reg3_m60_s7,reg3,prior_prop,1,14660,0.875
reg3_m60_s7,reg3,prior_prop,1,14710,0.875
reg3_m60_s7,reg3,prior_prop,1,14760,0.875
reg3_m60_s7,reg3,prior_prop,1,14810,0.875
reg3_m60_s7,reg3,prior_prop,1,14860,0.875
reg3_m60_s7,reg3,prior_prop,1,14910,0.875
reg3_m60_s7,reg3,prior_prop,1,14960,0.875
reg3_m60_s7,reg3,prior_prop,1,15010,0.875
reg3_m60_s7,reg3,prior_prop,1,15060,0.875
reg3_m60_s7,reg3,prior_prop,1,15110,0.875
reg3_m60_s7,reg3,prior_prop,1,15160,0.875
reg3_m60_s7,reg3,prior_prop,1,15210,0.875
reg3_m60_s7,reg3,prior_prop,1,15260,0.875
reg3_m60_s7,reg3,prior_prop,1,15310,0.875
reg3_m60_s7,reg3,prior_prop,1,15360,0.875
reg3_m60_s7,reg3,prior_prop,1,15410,0.875
reg3_m60_s7,reg3,prior_prop,1,15460,0.875
reg3_m60_s7,reg3,prior_prop,1,15510,0.875
reg3_m60_s7,reg3,prior_prop,1,15560,0.875
reg3_m60_s7,reg3,prior_prop,1,15610,0.875
reg3_m60_s7,reg3,prior_prop,1,15660,0.875
reg3_m60_s7,reg3,prior_prop,1,15710,0.875
reg3_m60_s7,reg3,prior_prop,1,15760,0.875
reg3_m60_s7,reg3,prior_prop,1,15810,0.875
reg3_m60_s7,reg3,prior_prop,1,15860,0.875
reg3_m60_s7,reg3,prior_prop,1,15910,0.875
reg3_m60_s7,reg3,prior_prop,1,15960,0.875
reg3_m60_s7,reg3,prior_prop,1,16010,0.875
reg3_m60_s7,reg3,prior_prop,1,16060,0.875
reg3_m60_s7,reg3,prior_prop,1,16110,0.875
reg3_m60_s7,reg3,prior_prop,1,16160,0.875
reg3_m60_s7,reg3,prior_prop,1,16210,0.875
reg3_m60_s7,reg3,prior_prop,1,16260,0.875
reg3_m60_s7,reg3,prior_prop,1,16310,0.875
reg3_m60_s7,reg3,prior_prop,1,16360,0.875
reg3_m60_s7,reg3,prior_prop,1,16410,0.875
reg3_m60_s7,reg3,prior_prop,1,16460,0.875
reg3_m60_s7,reg3,prior_prop,1,16510,0.875
reg3_m60_s7,reg3,prior_prop,1,16560,0.875
reg3_m60_s7,reg3,prior_prop,1,16610,0.875
reg3_m60_s7,reg3,prior_prop,1,16660,0.875
reg3_m60_s7,reg3,prior_prop,1,16710,0.875
reg3_m60_s7,reg3,prior_prop,1,16760,0.875
reg3_m60_s7,reg3,prior_prop,1,16810,0.875
reg3_m60_s7,reg3,prior_prop,1,16860,0.875
reg3_m60_s7,reg3,prior_prop,1,16910,0.875
reg3_m60_s7,reg3,prior_prop,1,16960,0.875
reg3_m60_s7,reg3,prior_prop,1,17010,0.875
reg3_m60_s7,reg3,prior_prop,1,17060,0.875
reg3_m60_s7,reg3,prior_prop,1,17110,0.875
reg3_m60_s7,reg3,prior_prop,1,17160,0.875
reg3_m60_s7,reg3,prior_prop,1,17210,0.875
reg3_m60_s7,reg3,prior_prop,1,17260,0.875
reg3_m60_s7,reg3,prior_prop,1,17310,0.875
reg3_m60_s7,reg3,prior_prop,1,17360,0.875
reg3_m60_s7,reg3,prior_prop,1,17410,0.875
reg3_m60_s7,reg3,prior_prop,1,17460,0.875
reg3_m60_s7,reg3,prior_prop,1,17510,0.875
reg3_m60_s7,reg3,prior_prop,1,17560,0.875
reg3_m60_s7,reg3,prior_prop,1,17610,0.875
reg3_m60_s7,reg3,prior_prop,1,17660,0.875
reg3_m60_s7,reg3,prior_prop,1,17710,0.875
reg3_m60_s7,reg3,prior_prop,1,17760,0.875
reg3_m60_s7,reg3,prior_prop,1,17810,0.875
reg3_m60_s7,reg3,prior_prop,1,17860,0.875
reg3_m60_s7,reg3,prior_prop,1,17910,0.875
reg3_m60_s7,reg3,prior_prop,1,17960,0.875
reg3_m60_s7,reg3,prior_prop,1,18010,0.875
reg3_m60_s7,reg3,prior_prop,1,18060,0.875
reg3_m60_s7,reg3,prior_prop,1,18110,0.875
reg3_m60_s7,reg3,prior_prop,1,18160,0.875
reg3_m60_s7,reg3,prior_prop,1,18210,0.875
reg3_m60_s7,reg3,prior_prop,1,18260,0.875
reg3_m60_s7,reg3,prior_prop,1,18310,0.875
reg3_m60_s7,reg3,prior_prop,1,18360,0.875
reg3_m60_s7,reg3,prior_prop,1,18410,0.875
reg3_m60_s7,reg3,prior_prop,1,18460,0.875
reg3_m60_s7,reg3,prior_prop,1,18510,0.875
reg3_m60_s7,reg3,prior_prop,1,18560,0.875
reg3_m60_s7,reg3,prior_prop,1,18610,0.875
reg3_m60_s7,reg3,prior_prop,1,18660,0.875
reg3_m60_s7,reg3,prior_prop,1,18710,0.875
reg3_m60_s7,reg3,prior_prop,1,18760,0.875
reg3_m60_s7,reg3,prior_prop,1,18810,0.875
reg3_m60_s7,reg3,prior_prop,1,18860,0.875
reg3_m60_s7,reg3,prior_prop,1,18910,0.875
reg3_m60_s7,reg3,prior_prop,1,18960,0.875
reg3_m60_s7,reg3,prior_prop,1,19010,0.875
reg3_m60_s7,reg3,prior_prop,1,19060,0.875
reg3_m60_s7,reg3,prior_prop,1,19110,0.875
reg3_m60_s7,reg3,prior_prop,1,19160,0.875
reg3_m60_s7,reg3,prior_prop,1,19210,0.875
reg3_m60_s7,reg3,prior_prop,1,19260,0.875
reg3_m60_s7,reg3,prior_prop,1,19310,0.875
reg3_m60_s7,reg3,prior_prop,1,19360,0.875
reg3_m60_s7,reg3,prior_prop,1,19410,0.875
reg3_m60_s7,reg3,prior_prop,1,19460,0.875
reg3_m60_s7,reg3,prior_prop,1,19510,0.875
reg3_m60_s7,reg3,prior_prop,1,19560,0.875
reg3_m60_s7,reg3,prior_prop,1,19610,0.875
reg3_m60_s7,reg3,prior_prop,1,19660,0.875
reg3_m60_s7,reg3,prior_prop,1,19710,0.875
reg3_m60_s7,reg3,prior_prop,1,19760,0.875
reg3_m60_s7,reg3,prior_prop,1,19810,0.875
reg3_m60_s7,reg3,prior_prop,1,19860,0.875
reg3_m60_s7,reg3,prior_prop,1,19910,0.875
reg3_m60_s7,reg3,prior_prop,1,19960,0.875
reg3_m60_s7,reg3,prior_prop,1,20010,0.875
reg3_m60_s7,reg3,db_rescore,1,10,0.825
reg3_m60_s7,reg3,db_rescore,1,60,0.8
reg3_m60_s7,reg3,db_rescore,1,110,0.825
reg3_m60_s7,reg3,db_rescore,1,160,0.825
reg3_m60_s7,reg3,db_rescore,1,210,0.825
reg3_m60_s7,reg3,db_rescore,1,260,0.825
reg3_m60_s7,reg3,db_rescore,1,310,0.825
reg3_m60_s7,reg3,db_rescore,1,360,0.825
reg3_m60_s7,reg3,db_rescore,1,410,0.825
reg3_m60_s7,reg3,db_rescore,1,460,0.825
reg3_m60_s7,reg3,db_rescore,1,510,0.825
reg3_m60_s7,reg3,db_rescore,1,560,0.85
reg3_m60_s7,reg3,db_rescore,1,610,0.85
reg3_m60_s7,reg3,db_rescore,1,660,0.85
reg3_m60_s7,reg3,db_rescore,1,710,0.85
reg3_m60_s7,reg3,db_rescore,1,760,0.85
reg3_m60_s7,reg3,db_rescore,1,810,0.85
reg3_m60_s7,reg3,db_rescore,1,860,0.85
reg3_m60_s7,reg3,db_rescore,1,910,0.85
reg3_m60_s7,reg3,db_rescore,1,960,0.8625
reg3_m60_s7,reg3,db_rescore,1,1010,0.8625
reg3_m60_s7,reg3,db_rescore,1,1060,0.8625
reg3_m60_s7,reg3,db_rescore,1,1110,0.8625
reg3_m60_s7,reg3,db_rescore,1,1160,0.8625
reg3_m60_s7,reg3,db_rescore,1,1210,0.8625
reg3_m60_s7,reg3,db_rescore,1,1260,0.8875
reg3_m60_s7,reg3,db_rescore,1,1310,0.8875
reg3_m60_s7,reg3,db_rescore,1,1360,0.8875
reg3_m60_s7,reg3,db_rescore,1,1410,0.8875
reg3_m60_s7,reg3,db_rescore,1,1460,0.8875
reg3_m60_s7,reg3,db_rescore,1,1510,0.8875
reg3_m60_s7,reg3,db_rescore,1,1560,0.8875
reg3_m60_s7,reg3,db_rescore,1,1610,0.8875
reg3_m60_s7,reg3,db_rescore,1,1660,0.8875
reg3_m60_s7,reg3,db_rescore,1,1710,0.8875
reg3_m60_s7,reg3,db_rescore,1,1760,0.8875
reg3_m60_s7,reg3,db_rescore,1,1810,0.8875
reg3_m60_s7,reg3,db_rescore,1,1860,0.8875
reg3_m60_s7,reg3,db_rescore,1,1910,0.8875
reg3_m60_s7,reg3,db_rescore,1,1960,0.8875
reg3_m60_s7,reg3,db_rescore,1,2010,0.8875
reg3_m60_s7,reg3,db_rescore,1,2060,0.8875
reg3_m60_s7,reg3,db_rescore,1,2110,0.8875
reg3_m60_s7,reg3,db_rescore,1,2160,0.8875
reg3_m60_s7,reg3,db_rescore,1,2210,0.8875
reg3_m60_s7,reg3,db_rescore,1,2260,0.8875
reg3_m60_s7,reg3,db_rescore,1,2310,0.8875
reg3_m60_s7,reg3,db_rescore,1,2360,0.8875
reg3_m60_s7,reg3,db_rescore,1,2410,0.8875
reg3_m60_s7,reg3,db_rescore,1,2460,0.8875
reg3_m60_s7,reg3,db_rescore,1,2510,0.8875
reg3_m60_s7,reg3,db_rescore,1,2560,0.8875
reg3_m60_s7,reg3,db_rescore,1,2610,0.8875
reg3_m60_s7,reg3,db_rescore,1,2660,0.8875
reg3_m60_s7,reg3,db_rescore,1,2710,0.8875
reg3_m60_s7,reg3,db_rescore,1,2760,0.8875
reg3_m60_s7,reg3,db_rescore,1,2810,0.8875
reg3_m60_s7,reg3,db_rescore,1,2860,0.8875
reg3_m60_s7,reg3,db_rescore,1,2910,0.8875
reg3_m60_s7,reg3,db_rescore,1,2960,0.8875
reg3_m60_s7,reg3,db_rescore,1,3010,0.8875
reg3_m60_s7,reg3,db_rescore,1,3060,0.8875
reg3_m60_s7,reg3,db_rescore,1,3110,0.8875
reg3_m60_s7,reg3,db_rescore,1,3160,0.8875
reg3_m60_s7,reg3,db_rescore,1,3210,0.8875
reg3_m60_s7,reg3,db_rescore,1,3260,0.8875
reg3_m60_s7,reg3,db_rescore,1,3310,0.8875
reg3_m60_s7,reg3,db_rescore,1,3360,0.8875
reg3_m60_s7,reg3,db_rescore,1,3410,0.8875
reg3_m60_s7,reg3,db_rescore,1,3460,0.8875
reg3_m60_s7,reg3,db_rescore,1,3510,0.8875
reg3_m60_s7,reg3,db_rescore,1,3560,0.8875
reg3_m60_s7,reg3,db_rescore,1,3610,0.8875
reg3_m60_s7,reg3,db_rescore,1,3660,0.8875
reg3_m60_s7,reg3,db_rescore,1,3710,0.8875
reg3_m60_s7,reg3,db_rescore,1,3760,0.8875
reg3_m60_s7,reg3,db_rescore,1,3810,0.8875
reg3_m60_s7,reg3,db_rescore,1,3860,0.8875
reg3_m60_s7,reg3,db_rescore,1,3910,0.8875
reg3_m60_s7,reg3,db_rescore,1,3960,0.8875
reg3_m60_s7,reg3,db_rescore,1,4010,0.8875
reg3_m60_s7,reg3,db_rescore,1,4060,0.8875
reg3_m60_s7,reg3,db_rescore,1,4110,0.8875
reg3_m60_s7,reg3,db_rescore,1,4160,0.8875
reg3_m60_s7,reg3,db_rescore,1,4210,0.9
reg3_m60_s7,reg3,db_rescore,1,4260,0.9
reg3_m60_s7,reg3,db_rescore,1,4310,0.9
reg3_m60_s7,reg3,db_rescore,1,4360,0.9
reg3_m60_s7,reg3,db_rescore,1,4410,0.9
reg3_m60_s7,reg3,db_rescore,1,4460,0.9
reg3_m60_s7,reg3,db_rescore,1,4510,0.9
reg3_m60_s7,reg3,db_rescore,1,4560,0.9
reg3_m60_s7,reg3,db_rescore,1,4610,0.9
reg3_m60_s7,reg3,db_rescore,1,4660,0.9
reg3_m60_s7,reg3,db_rescore,1,4710,0.9
reg3_m60_s7,reg3,db_rescore,1,4760,0.9
reg3_m60_s7,reg3,db_rescore,1,4810,0.9
reg3_m60_s7,reg3,db_rescore,1,4860,0.9
reg3_m60_s7,reg3,db_rescore,1,4910,0.9
reg3_m60_s7,reg3,db_rescore,1,4960,0.9
reg3_m60_s7,reg3,db_rescore,1,5010,0.9
reg3_m60_s7,reg3,db_rescore,1,5060,0.9
reg3_m60_s7,reg3,db_rescore,1,5110,0.9
reg3_m60_s7,reg3,db_rescore,1,5160,0.9
reg3_m60_s7,reg3,db_rescore,1,5210,0.9
reg3_m60_s7,reg3,db_rescore,1,5260,0.9
reg3_m60_s7,reg3,db_rescore,1,5310,0.9
reg3_m60_s7,reg3,db_rescore,1,5360,0.9
reg3_m60_s7,reg3,db_rescore,1,5410,0.9
reg3_m60_s7,reg3,db_rescore,1,5460,0.9
reg3_m60_s7,reg3,db_rescore,1,5510,0.9
reg3_m60_s7,reg3,db_rescore,1,5560,0.9
reg3_m60_s7,reg3,db_rescore,1,5610,0.9
reg3_m60_s7,reg3,db_rescore,1,5660,0.9
reg3_m60_s7,reg3,db_rescore,1,5710,0.9
reg3_m60_s7,reg3,db_rescore,1,5760,0.9
reg3_m60_s7,reg3,db_rescore,1,5810,0.9
reg3_m60_s7,reg3,db_rescore,1,5860,0.9
reg3_m60_s7,reg3,db_rescore,1,5910,0.9
reg3_m60_s7,reg3,db_rescore,1,5960,0.9
reg3_m60_s7,reg3,db_rescore,1,6010,0.9
reg3_m60_s7,reg3,db_rescore,1,6060,0.9
reg3_m60_s7,reg3,db_rescore,1,6110,0.9
reg3_m60_s7,reg3,db_rescore,1,6160,0.9
reg3_m60_s7,reg3,db_rescore,1,6210,0.9
reg3_m60_s7,reg3,db_rescore,1,6260,0.9
reg3_m60_s7,reg3,db_rescore,1,6310,0.9
reg3_m60_s7,reg3,db_rescore,1,6360,0.9
reg3_m60_s7,reg3,db_rescore,1,6410,0.9
reg3_m60_s7,reg3,db_rescore,1,6460,0.9
reg3_m60_s7,reg3,db_rescore,1,6510,0.9
reg3_m60_s7,reg3,db_rescore,1,6560,0.9
reg3_m60_s7,reg3,db_rescore,1,6610,0.9
reg3_m60_s7,reg3,db_rescore,1,6660,0.9
reg3_m60_s7,reg3,db_rescore,1,6710,0.9
reg3_m60_s7,reg3,db_rescore,1,6760,0.9
reg3_m60_s7,reg3,db_rescore,1,6810,0.9
reg3_m60_s7,reg3,db_rescore,1,6860,0.9
reg3_m60_s7,reg3,db_rescore,1,6910,0.9
reg3_m60_s7,reg3,db_rescore,1,6960,0.9
reg3_m60_s7,reg3,db_rescore,1,7010,0.9
reg3_m60_s7,reg3,db_rescore,1,7060,0.9
reg3_m60_s7,reg3,db_rescore,1,7110,0.9
reg3_m60_s7,reg3,db_rescore,1,7160,0.9
reg3_m60_s7,reg3,db_rescore,1,7210,0.9
reg3_m60_s7,reg3,db_rescore,1,7260,0.9
reg3_m60_s7,reg3,db_rescore,1,7310,0.9
reg3_m60_s7,reg3,db_rescore,1,7360,0.9
reg3_m60_s7,reg3,db_rescore,1,7410,0.9
reg3_m60_s7,reg3,db_rescore,1,7460,0.9
reg3_m60_s7,reg3,db_rescore,1,7510,0.9
reg3_m60_s7,reg3,db_rescore,1,7560,0.9
reg3_m60_s7,reg3,db_rescore,1,7610,0.9
reg3_m60_s7,reg3,db_rescore,1,7660,0.9
reg3_m60_s7,reg3,db_rescore,1,7710,0.9
reg3_m60_s7,reg3,db_rescore,1,7760,0.9
reg3_m60_s7,reg3,db_rescore,1,7810,0.9
reg3_m60_s7,reg3,db_rescore,1,7860,0.9
reg3_m60_s7,reg3,db_rescore,1,7910,0.9
reg3_m60_s7,reg3,db_rescore,1,7960,0.9
reg3_m60_s7,reg3,db_rescore,1,8010,0.9
reg3_m60_s7,reg3,db_rescore,1,8060,0.9
reg3_m60_s7,reg3,db_rescore,1,8110,0.9
reg3_m60_s7,reg3,db_rescore,1,8160,0.9
reg3_m60_s7,reg3,db_rescore,1,8210,0.9
reg3_m60_s7,reg3,db_rescore,1,8260,0.9
reg3_m60_s7,reg3,db_rescore,1,8310,0.9
reg3_m60_s7,reg3,db_rescore,1,8360,0.9
reg3_m60_s7,reg3,db_rescore,1,8410,0.9
reg3_m60_s7,reg3,db_rescore,1,8460,0.9
reg3_m60_s7,reg3,db_rescore,1,8510,0.9
reg3_m60_s7,reg3,db_rescore,1,8560,0.9
reg3_m60_s7,reg3,db_rescore,1,8610,0.9
reg3_m60_s7,reg3,db_rescore,1,8660,0.9
reg3_m60_s7,reg3,db_rescore,1,8710,0.9
reg3_m60_s7,reg3,db_rescore,1,8760,0.9
reg3_m60_s7,reg3,db_rescore,1,8810,0.9
reg3_m60_s7,reg3,db_rescore,1,8860,0.9
reg3_m60_s7,reg3,db_rescore,1,8910,0.9
reg3_m60_s7,reg3,db_rescore,1,8960,0.9
reg3_m60_s7,reg3,db_rescore,1,9010,0.9
reg3_m60_s7,reg3,db_rescore,1,9060,0.9
reg3_m60_s7,reg3,db_rescore,1,9110,0.9
reg3_m60_s7,reg3,db_rescore,1,9160,0.9
reg3_m60_s7,reg3,db_rescore,1,9210,0.9
reg3_m60_s7,reg3,db_rescore,1,9260,0.9
reg3_m60_s7,reg3,db_rescore,1,9310,0.9
reg3_m60_s7,reg3,db_rescore,1,9360,0.9
reg3_m60_s7,reg3,db_rescore,1,9410,0.9
reg3_m60_s7,reg3,db_rescore,1,9460,0.9
reg3_m60_s7,reg3,db_rescore,1,9510,0.9
reg3_m60_s7,reg3,db_rescore,1,9560,0.9
reg3_m60_s7,reg3,db_rescore,1,9610,0.9
reg3_m60_s7,reg3,db_rescore,1,9660,0.9
reg3_m60_s7,reg3,db_rescore,1,9710,0.9
reg3_m60_s7,reg3,db_rescore,1,9760,0.9
reg3_m60_s7,reg3,db_rescore,1,9810,0.9
reg3_m60_s7,reg3,db_rescore,1,9860,0.9
reg3_m60_s7,reg3,db_rescore,1,9910,0.9
reg3_m60_s7,reg3,db_rescore,1,9960,0.9
reg3_m60_s7,reg3,db_rescore,1,10010,0.9
reg3_m60_s7,reg3,db_rescore,1,10060,0.9
reg3_m60_s7,reg3,db_rescore,1,10110,0.9
reg3_m60_s7,reg3,db_rescore,1,10160,0.9
reg3_m60_s7,reg3,db_rescore,1,10210,0.9
reg3_m60_s7,reg3,db_rescore,1,10260,0.9
reg3_m60_s7,reg3,db_rescore,1,10310,0.9
reg3_m60_s7,reg3,db_rescore,1,10360,0.9
reg3_m60_s7,reg3,db_rescore,1,10410,0.9
reg3_m60_s7,reg3,db_rescore,1,10460,0.9
reg3_m60_s7,reg3,db_rescore,1,10510,0.9125
reg3_m60_s7,reg3,db_rescore,1,10560,0.9125
reg3_m60_s7,reg3,db_rescore,1,10610,0.9125
reg3_m60_s7,reg3,db_rescore,1,10660,0.9125
reg3_m60_s7,reg3,db_rescore,1,10710,0.9125
reg3_m60_s7,reg3,db_rescore,1,10760,0.9125
reg3_m60_s7,reg3,db_rescore,1,10810,0.9125
reg3_m60_s7,reg3,db_rescore,1,10860,0.9125
reg3_m60_s7,reg3,db_rescore,1,10910,0.9125
reg3_m60_s7,reg3,db_rescore,1,10960,0.9125
reg3_m60_s7,reg3,db_rescore,1,11010,0.9125
reg3_m60_s7,reg3,db_rescore,1,11060,0.9125
reg3_m60_s7,reg3,db_rescore,1,11110,0.9125
reg3_m60_s7,reg3,db_rescore,1,11160,0.9125
reg3_m60_s7,reg3,db_rescore,1,11210,0.9125
reg3_m60_s7,reg3,db_rescore,1,11260,0.9125
reg3_m60_s7,reg3,db_rescore,1,11310,0.9125
reg3_m60_s7,reg3,db_rescore,1,11360,0.9125
reg3_m60_s7,reg3,db_rescore,1,11410,0.9125
reg3_m60_s7,reg3,db_rescore,1,11460,0.9125
reg3_m60_s7,reg3,db_rescore,1,11510,0.9125
reg3_m60_s7,reg3,db_rescore,1,11560,0.9125
reg3_m60_s7,reg3,db_rescore,1,11610,0.9125
reg3_m60_s7,reg3,db_rescore,1,11660,0.9125
reg3_m60_s7,reg3,db_rescore,1,11710,0.9125
reg3_m60_s7,reg3,db_rescore,1,11760,0.9125
reg3_m60_s7,reg3,db_rescore,1,11810,0.9125
reg3_m60_s7,reg3,db_rescore,1,11860,0.9125
reg3_m60_s7,reg3,db_rescore,1,11910,0.9125
reg3_m60_s7,reg3,db_rescore,1,11960,0.9125
reg3_m60_s7,reg3,db_rescore,1,12010,0.9125
reg3_m60_s7,reg3,db_rescore,1,12060,0.9125
reg3_m60_s7,reg3,db_rescore,1,12110,0.9125
reg3_m60_s7,reg3,db_rescore,1,12160,0.9125
reg3_m60_s7,reg3,db_rescore,1,12210,0.9125
reg3_m60_s7,reg3,db_rescore,1,12260,0.9125
reg3_m60_s7,reg3,db_rescore,1,12310,0.9125
reg3_m60_s7,reg3,db_rescore,1,12360,0.9125
reg3_m60_s7,reg3,db_rescore,1,12410,0.9125
reg3_m60_s7,reg3,db_rescore,1,12460,0.9125
reg3_m60_s7,reg3,db_rescore,1,12510,0.9125
reg3_m60_s7,reg3,db_rescore,1,12560,0.9125
reg3_m60_s7,reg3,db_rescore,1,12610,0.9125
reg3_m60_s7,reg3,db_rescore,1,12660,0.9125
reg3_m60_s7,reg3,db_rescore,1,12710,0.9125
reg3_m60_s7,reg3,db_rescore,1,12760,0.9125
reg3_m60_s7,reg3,db_rescore,1,12810,0.9125
reg3_m60_s7,reg3,db_rescore,1,12860,0.9125
reg3_m60_s7,reg3,db_rescore,1,12910,0.9125
reg3_m60_s7,reg3,db_rescore,1,12960,0.9125
reg3_m60_s7,reg3,db_rescore,1,13010,0.9125
reg3_m60_s7,reg3,db_rescore,1,13060,0.9125
reg3_m60_s7,reg3,db_rescore,1,13110,0.9125
reg3_m60_s7,reg3,db_rescore,1,13160,0.9125
reg3_m60_s7,reg3,db_rescore,1,13210,0.9125
reg3_m60_s7,reg3,db_rescore,1,13260,0.9125
reg3_m60_s7,reg3,db_rescore,1,13310,0.9125
reg3_m60_s7,reg3,db_rescore,1,13360,0.9125
reg3_m60_s7,reg3,db_rescore,1,13410,0.9125
reg3_m60_s7,reg3,db_rescore,1,13460,0.9125
reg3_m60_s7,reg3,db_rescore,1,13510,0.9125
reg3_m60_s7,reg3,db_rescore,1,13560,0.9125
reg3_m60_s7,reg3,db_rescore,1,13610,0.9125
reg3_m60_s7,reg3,db_rescore,1,13660,0.9125
reg3_m60_s7,reg3,db_rescore,1,13710,0.9125
reg3_m60_s7,reg3,db_rescore,1,13760,0.9125
reg3_m60_s7,reg3,db_rescore,1,13810,0.9125
reg3_m60_s7,reg3,db_rescore,1,13860,0.9125
reg3_m60_s7,reg3,db_rescore,1,13910,0.9125
reg3_m60_s7,reg3,db_rescore,1,13960,0.9125
reg3_m60_s7,reg3,db_rescore,1,14010,0.9125
reg3_m60_s7,reg3,db_rescore,1,14060,0.9125
reg3_m60_s7,reg3,db_rescore,1,14110,0.9125
reg3_m60_s7,reg3,db_rescore,1,14160,0.9125
reg3_m60_s7,reg3,db_rescore,1,14210,0.9125
reg3_m60_s7,reg3,db_rescore,1,14260,0.9125
reg3_m60_s7,reg3,db_rescore,1,14310,0.9125
reg3_m60_s7,reg3,db_rescore,1,14360,0.9125
reg3_m60_s7,reg3,db_rescore,1,14410,0.9125
reg3_m60_s7,reg3,db_rescore,1,14460,0.9125
reg3_m60_s7,reg3,db_rescore,1,14510,0.9125
reg3_m60_s7,reg3,db_rescore,1,14560,0.9125
reg3_m60_s7,reg3,db_rescore,1,14610,0.9125
reg3_m60_s7,reg3,db_rescore,1,14660,0.9125
reg3_m60_s7,reg3,db_rescore,1,14710,0.9125
reg3_m60_s7,reg3,db_rescore,1,14760,0.9125
reg3_m60_s7,reg3,db_rescore,1,14810,0.9125
reg3_m60_s7,reg3,db_rescore,1,14860,0.9125
reg3_m60_s7,reg3,db_rescore,1,14910,0.9125
reg3_m60_s7,reg3,db_rescore,1,14960,0.9125
reg3_m60_s7,reg3,db_rescore,1,15010,0.9125
reg3_m60_s7,reg3,db_rescore,1,15060,0.9125
reg3_m60_s7,reg3,db_rescore,1,15110,0.9125
reg3_m60_s7,reg3,db_rescore,1,15160,0.9125
reg3_m60_s7,reg3,db_rescore,1,15210,0.9125
reg3_m60_s7,reg3,db_rescore,1,15260,0.9125
reg3_m60_s7,reg3,db_rescore,1,15310,0.9125
reg3_m60_s7,reg3,db_rescore,1,15360,0.9125
reg3_m60_s7,reg3,db_rescore,1,15410,0.9125
reg3_m60_s7,reg3,db_rescore,1,15460,0.9125
reg3_m60_s7,reg3,db_rescore,1,15510,0.9125
reg3_m60_s7,reg3,db_rescore,1,15560,0.9125
reg3_m60_s7,reg3,db_rescore,1,15610,0.9125
reg3_m60_s7,reg3,db_rescore,1,15660,0.9125
reg3_m60_s7,reg3,db_rescore,1,15710,0.9125
reg3_m60_s7,reg3,db_rescore,1,15760,0.9125
reg3_m60_s7,reg3,db_rescore,1,15810,0.9125
reg3_m60_s7,reg3,db_rescore,1,15860,0.9125
reg3_m60_s7,reg3,db_rescore,1,15910,0.9125
reg3_m60_s7,reg3,db_rescore,1,15960,0.9125
reg3_m60_s7,reg3,db_rescore,1,16010,0.9125
reg3_m60_s7,reg3,db_rescore,1,16060,0.9125
reg3_m60_s7,reg3,db_rescore,1,16110,0.9125
reg3_m60_s7,reg3,db_rescore,1,16160,0.9125
reg3_m60_s7,reg3,db_rescore,1,16210,0.9125
reg3_m60_s7,reg3,db_rescore,1,16260,0.9125
reg3_m60_s7,reg3,db_rescore,1,16310,0.9125
reg3_m60_s7,reg3,db_rescore,1,16360,0.9125
reg3_m60_s7,reg3,db_rescore,1,16410,0.9125
reg3_m60_s7,reg3,db_rescore,1,16460,0.9125
reg3_m60_s7,reg3,db_rescore,1,16510,0.9125
reg3_m60_s7,reg3,db_rescore,1,16560,0.9125
reg3_m60_s7,reg3,db_rescore,1,16610,0.9125
reg3_m60_s7,reg3,db_rescore,1,16660,0.9125
reg3_m60_s7,reg3,db_rescore,1,16710,0.9125
reg3_m60_s7,reg3,db_rescore,1,16760,0.9125
reg3_m60_s7,reg3,db_rescore,1,16810,0.9125
reg3_m60_s7,reg3,db_rescore,1,16860,0.9125
reg3_m60_s7,reg3,db_rescore,1,16910,0.9125
reg3_m60_s7,reg3,db_rescore,1,16960,0.9125
reg3_m60_s7,reg3,db_rescore,1,17010,0.9125
reg3_m60_s7,reg3,db_rescore,1,17060,0.9125
reg3_m60_s7,reg3,db_rescore,1,17110,0.9125
reg3_m60_s7,reg3,db_rescore,1,17160,0.9125
reg3_m60_s7,reg3,db_rescore,1,17210,0.9125
reg3_m60_s7,reg3,db_rescore,1,17260,0.9125
reg3_m60_s7,reg3,db_rescore,1,17310,0.9125
reg3_m60_s7,reg3,db_rescore,1,17360,0.9125
reg3_m60_s7,reg3,db_rescore,1,17410,0.9125
reg3_m60_s7,reg3,db_rescore,1,17460,0.9125
reg3_m60_s7,reg3,db_rescore,1,17510,0.9125
reg3_m60_s7,reg3,db_rescore,1,17560,0.9125
reg3_m60_s7,reg3,db_rescore,1,17610,0.9125
reg3_m60_s7,reg3,db_rescore,1,17660,0.9125
reg3_m60_s7,reg3,db_rescore,1,17710,0.9125
reg3_m60_s7,reg3,db_rescore,1,17760,0.9125
reg3_m60_s7,reg3,db_rescore,1,17810,0.9125
reg3_m60_s7,reg3,db_rescore,1,17860,0.9125
reg3_m60_s7,reg3,db_rescore,1,17910,0.9125
reg3_m60_s7,reg3,db_rescore,1,17960,0.9125
reg3_m60_s7,reg3,db_rescore,1,18010,0.9125
reg3_m60_s7,reg3,db_rescore,1,18060,0.9125
reg3_m60_s7,reg3,db_rescore,1,18110,0.9125
reg3_m60_s7,reg3,db_rescore,1,18160,0.9125
reg3_m60_s7,reg3,db_rescore,1,18210,0.9125
reg3_m60_s7,reg3,db_rescore,1,18260,0.9125
reg3_m60_s7,reg3,db_rescore,1,18310,0.9125
reg3_m60_s7,reg3,db_rescore,1,18360,0.9125
reg3_m60_s7,reg3,db_rescore,1,18410,0.9125
reg3_m60_s7,reg3,db_rescore,1,18460,0.9125
reg3_m60_s7,reg3,db_rescore,1,18510,0.9125
reg3_m60_s7,reg3,db_rescore,1,18560,0.9125
reg3_m60_s7,reg3,db_rescore,1,18610,0.9125
reg3_m60_s7,reg3,db_rescore,1,18660,0.9125
reg3_m60_s7,reg3,db_rescore,1,18710,0.9125
reg3_m60_s7,reg3,db_rescore,1,18760,0.9125
reg3_m60_s7,reg3,db_rescore,1,18810,0.9125
reg3_m60_s7,reg3,db_rescore,1,18860,0.9125
reg3_m60_s7,reg3,db_rescore,1,18910,0.9125
reg3_m60_s7,reg3,db_rescore,1,18960,0.9125
reg3_m60_s7,reg3,db_rescore,1,19010,0.9125
reg3_m60_s7,reg3,db_rescore,1,19060,0.9125
reg3_m60_s7,reg3,db_rescore,1,19110,0.9125
reg3_m60_s7,reg3,db_rescore,1,19160,0.9125
reg3_m60_s7,reg3,db_rescore,1,19210,0.9125
reg3_m60_s7,reg3,db_rescore,1,19260,0.9125
reg3_m60_s7,reg3,db_rescore,1,19310,0.9125
reg3_m60_s7,reg3,db_rescore,1,19360,0.9125
reg3_m60_s7,reg3,db_rescore,1,19410,0.9125
reg3_m60_s7,reg3,db_rescore,1,19460,0.9125
reg3_m60_s7,reg3,db_rescore,1,19510,0.9125
reg3_m60_s7,reg3,db_rescore,1,19560,0.9125
reg3_m60_s7,reg3,db_rescore,1,19610,0.9125
reg3_m60_s7,reg3,db_rescore,1,19660,0.9125
reg3_m60_s7,reg3,db_rescore,1,19710,0.9125
reg3_m60_s7,reg3,db_rescore,1,19760,0.9125
reg3_m60_s7,reg3,db_rescore,1,19810,0.9125
reg3_m60_s7,reg3,db_rescore,1,19860,0.9125
reg3_m60_s7,reg3,db_rescore,1,19910,0.9125
reg3_m60_s7,reg3,db_rescore,1,19960,0.9125
reg3_m60_s7,reg3,db_rescore,1,20010,0.9125
reg3_m60_s8,reg3,cold,0,10,0.5060240963855421
reg3_m60_s8,reg3,cold,0,60,0.6867469879518072
reg3_m60_s8,reg3,cold,0,110,0.6867469879518072
reg3_m60_s8,reg3,cold,0,160,0.6867469879518072
reg3_m60_s8,reg3,cold,0,210,0.6867469879518072
reg3_m60_s8,reg3,cold,0,260,0.6987951807228916
reg3_m60_s8,reg3,cold,0,310,0.7590361445783133
reg3_m60_s8,reg3,cold,0,360,0.7590361445783133
reg3_m60_s8,reg3,cold,0,410,0.7590361445783133
reg3_m60_s8,reg3,cold,0,460,0.7590361445783133
reg3_m60_s8,reg3,cold,0,510,0.7590361445783133
reg3_m60_s8,reg3,cold,0,560,0.7710843373493976
reg3_m60_s8,reg3,cold,0,610,0.7710843373493976
reg3_m60_s8,reg3,cold,0,660,0.7710843373493976
reg3_m60_s8,reg3,cold,0,710,0.7710843373493976
reg3_m60_s8,reg3,cold,0,760,0.7710843373493976
reg3_m60_s8,reg3,cold,0,810,0.7710843373493976
reg3_m60_s8,reg3,cold,0,860,0.7710843373493976
reg3_m60_s8,reg3,cold,0,910,0.7710843373493976
reg3_m60_s8,reg3,cold,0,960,0.7710843373493976
reg3_m60_s8,reg3,cold,0,1010,0.7710843373493976
reg3_m60_s8,reg3,cold,0,1060,0.7710843373493976
reg3_m60_s8,reg3,cold,0,1110,0.7710843373493976
reg3_m60_s8,reg3,cold,0,1160,0.7710843373493976
reg3_m60_s8,reg3,cold,0,1210,0.7710843373493976
reg3_m60_s8,reg3,cold,0,1260,0.7951807228915663
reg3_m60_s8,reg3,cold,0,1310,0.7951807228915663
reg3_m60_s8,reg3,cold,0,1360,0.7951807228915663
reg3_m60_s8,reg3,cold,0,1410,0.7951807228915663
reg3_m60_s8,reg3,cold,0,1460,0.7710843373493976
reg3_m60_s8,reg3,cold,0,1510,0.7710843373493976
reg3_m60_s8,reg3,cold,0,1560,0.7710843373493976
reg3_m60_s8,reg3,cold,0,1610,0.7710843373493976
reg3_m60_s8,reg3,cold,0,1660,0.7710843373493976
reg3_m60_s8,reg3,cold,0,1710,0.7710843373493976
reg3_m60_s8,reg3,cold,0,1760,0.7710843373493976
reg3_m60_s8,reg3,cold,0,1810,0.7951807228915663
reg3_m60_s8,reg3,cold,0,1860,0.7951807228915663
reg3_m60_s8,reg3,cold,0,1910,0.7951807228915663
reg3_m60_s8,reg3,cold,0,1960,0.7951807228915663
reg3_m60_s8,reg3,cold,0,2010,0.7951807228915663
reg3_m60_s8,reg3,cold,0,2060,0.7951807228915663
reg3_m60_s8,reg3,cold,0,2110,0.7951807228915663
reg3_m60_s8,reg3,cold,0,2160,0.7710843373493976
reg3_m60_s8,reg3,cold,0,2210,0.7710843373493976
reg3_m60_s8,reg3,cold,0,2260,0.7710843373493976
reg3_m60_s8,reg3,cold,0,2310,0.7710843373493976
reg3_m60_s8,reg3,cold,0,2360,0.7710843373493976
reg3_m60_s8,reg3,cold,0,2410,0.7710843373493976
reg3_m60_s8,reg3,cold,0,2460,0.7831325301204819
reg3_m60_s8,reg3,cold,0,2510,0.7831325301204819
reg3_m60_s8,reg3,cold,0,2560,0.7831325301204819
reg3_m60_s8,reg3,cold,0,2610,0.8192771084337349
reg3_m60_s8,reg3,cold,0,2660,0.8192771084337349
reg3_m60_s8,reg3,cold,0,2710,0.8192771084337349
reg3_m60_s8,reg3,cold,0,2760,0.8192771084337349
reg3_m60_s8,reg3,cold,0,2810,0.8192771084337349
reg3_m60_s8,reg3,cold,0,2860,0.8192771084337349
reg3_m60_s8,reg3,cold,0,2910,0.8192771084337349
reg3_m60_s8,reg3,cold,0,2960,0.8192771084337349
reg3_m60_s8,reg3,cold,0,3010,0.8192771084337349
reg3_m60_s8,reg3,cold,0,3060,0.8192771084337349
reg3_m60_s8,reg3,cold,0,3110,0.8192771084337349
reg3_m60_s8,reg3,cold,0,3160,0.8192771084337349
reg3_m60_s8,reg3,cold,0,3210,0.8192771084337349
reg3_m60_s8,reg3,cold,0,3260,0.8192771084337349
reg3_m60_s8,reg3,cold,0,3310,0.8192771084337349
reg3_m60_s8,reg3,cold,0,3360,0.8192771084337349
reg3_m60_s8,reg3,cold,0,3410,0.8313253012048193
reg3_m60_s8,reg3,cold,0,3460,0.8313253012048193
reg3_m60_s8,reg3,cold,0,3510,0.8313253012048193
reg3_m60_s8,reg3,cold,0,3560,0.8313253012048193
reg3_m60_s8,reg3,cold,0,3610,0.8313253012048193
reg3_m60_s8,reg3,cold,0,3660,0.8313253012048193
reg3_m60_s8,reg3,cold,0,3710,0.8313253012048193
reg3_m60_s8,reg3,cold,0,3760,0.8313253012048193
reg3_m60_s8,reg3,cold,0,3810,0.8313253012048193
reg3_m60_s8,reg3,cold,0,3860,0.8313253012048193
reg3_m60_s8,reg3,cold,0,3910,0.8313253012048193
reg3_m60_s8,reg3,cold,0,3960,0.8313253012048193
reg3_m60_s8,reg3,cold,0,4010,0.8313253012048193
reg3_m60_s8,reg3,cold,0,4060,0.8313253012048193
reg3_m60_s8,reg3,cold,0,4110,0.8313253012048193
reg3_m60_s8,reg3,cold,0,4160,0.8313253012048193
reg3_m60_s8,reg3,cold,0,4210,0.8313253012048193
reg3_m60_s8,reg3,cold,0,4260,0.8433734939759037
reg3_m60_s8,reg3,cold,0,4310,0.8433734939759037
reg3_m60_s8,reg3,cold,0,4360,0.8433734939759037
reg3_m60_s8,reg3,cold,0,4410,0.8433734939759037
reg3_m60_s8,reg3,cold,0,4460,0.8433734939759037
reg3_m60_s8,reg3,cold,0,4510,0.8433734939759037
reg3_m60_s8,reg3,cold,0,4560,0.8433734939759037
reg3_m60_s8,reg3,cold,0,4610,0.8433734939759037
reg3_m60_s8,reg3,cold,0,4660,0.8433734939759037
reg3_m60_s8,reg3,cold,0,4710,0.8433734939759037
reg3_m60_s8,reg3,cold,0,4760,0.8433734939759037
reg3_m60_s8,reg3,cold,0,4810,0.8433734939759037
reg3_m60_s8,reg3,cold,0,4860,0.8433734939759037
reg3_m60_s8,reg3,cold,0,4910,0.8433734939759037
reg3_m60_s8,reg3,cold,0,4960,0.8433734939759037
reg3_m60_s8,reg3,cold,0,5010,0.8433734939759037
reg3_m60_s8,reg3,cold,0,5060,0.8433734939759037
reg3_m60_s8,reg3,cold,0,5110,0.8433734939759037
reg3_m60_s8,reg3,cold,0,5160,0.8433734939759037
reg3_m60_s8,reg3,cold,0,5210,0.8313253012048193
reg3_m60_s8,reg3,cold,0,5260,0.8313253012048193
reg3_m60_s8,reg3,cold,0,5310,0.8313253012048193
reg3_m60_s8,reg3,cold,0,5360,0.8313253012048193
reg3_m60_s8,reg3,cold,0,5410,0.8313253012048193
reg3_m60_s8,reg3,cold,0,5460,0.8313253012048193
reg3_m60_s8,reg3,cold,0,5510,0.8313253012048193
reg3_m60_s8,reg3,cold,0,5560,0.8313253012048193
reg3_m60_s8,reg3,cold,0,5610,0.8313253012048193
reg3_m60_s8,reg3,cold,0,5660,0.8313253012048193
reg3_m60_s8,reg3,cold,0,5710,0.8313253012048193
reg3_m60_s8,reg3,cold,0,5760,0.8313253012048193
reg3_m60_s8,reg3,cold,0,5810,0.8313253012048193
reg3_m60_s8,reg3,cold,0,5860,0.8313253012048193
reg3_m60_s8,reg3,cold,0,5910,0.8313253012048193
reg3_m60_s8,reg3,cold,0,5960,0.8313253012048193
reg3_m60_s8,reg3,cold,0,6010,0.8433734939759037
reg3_m60_s8,reg3,cold,0,6060,0.8433734939759037
reg3_m60_s8,reg3,cold,0,6110,0.8433734939759037
reg3_m60_s8,reg3,cold,0,6160,0.8433734939759037
reg3_m60_s8,reg3,cold,0,6210,0.8433734939759037
reg3_m60_s8,reg3,cold,0,6260,0.8433734939759037
reg3_m60_s8,reg3,cold,0,6310,0.8433734939759037
reg3_m60_s8,reg3,cold,0,6360,0.8433734939759037
reg3_m60_s8,reg3,cold,0,6410,0.8433734939759037
reg3_m60_s8,reg3,cold,0,6460,0.8433734939759037
reg3_m60_s8,reg3,cold,0,6510,0.8433734939759037
reg3_m60_s8,reg3,cold,0,6560,0.8433734939759037
reg3_m60_s8,reg3,cold,0,6610,0.8433734939759037
reg3_m60_s8,reg3,cold,0,6660,0.8433734939759037
reg3_m60_s8,reg3,cold,0,6710,0.8433734939759037
reg3_m60_s8,reg3,cold,0,6760,0.8433734939759037
reg3_m60_s8,reg3,cold,0,6810,0.8433734939759037
reg3_m60_s8,reg3,cold,0,6860,0.8433734939759037
reg3_m60_s8,reg3,cold,0,6910,0.8433734939759037
reg3_m60_s8,reg3,cold,0,6960,0.8433734939759037
reg3_m60_s8,reg3,cold,0,7010,0.8433734939759037
reg3_m60_s8,reg3,cold,0,7060,0.8433734939759037
reg3_m60_s8,reg3,cold,0,7110,0.8433734939759037
reg3_m60_s8,reg3,cold,0,7160,0.8433734939759037
reg3_m60_s8,reg3,cold,0,7210,0.8433734939759037
reg3_m60_s8,reg3,cold,0,7260,0.8433734939759037
reg3_m60_s8,reg3,cold,0,7310,0.8433734939759037
reg3_m60_s8,reg3,cold,0,7360,0.8433734939759037
reg3_m60_s8,reg3,cold,0,7410,0.8554216867469879
reg3_m60_s8,reg3,cold,0,7460,0.8554216867469879
reg3_m60_s8,reg3,cold,0,7510,0.8554216867469879
reg3_m60_s8,reg3,cold,0,7560,0.8554216867469879
reg3_m60_s8,reg3,cold,0,7610,0.8554216867469879
reg3_m60_s8,reg3,cold,0,7660,0.8554216867469879
reg3_m60_s8,reg3,cold,0,7710,0.8554216867469879
reg3_m60_s8,reg3,cold,0,7760,0.8554216867469879
reg3_m60_s8,reg3,cold,0,7810,0.8554216867469879
reg3_m60_s8,reg3,cold,0,7860,0.8554216867469879
reg3_m60_s8,reg3,cold,0,7910,0.8554216867469879
reg3_m60_s8,reg3,cold,0,7960,0.8554216867469879
reg3_m60_s8,reg3,cold,0,8010,0.8554216867469879
reg3_m60_s8,reg3,cold,0,8060,0.8554216867469879
reg3_m60_s8,reg3,cold,0,8110,0.8554216867469879
reg3_m60_s8,reg3,cold,0,8160,0.8554216867469879
reg3_m60_s8,reg3,cold,0,8210,0.8554216867469879
reg3_m60_s8,reg3,cold,0,8260,0.8554216867469879
reg3_m60_s8,reg3,cold,0,8310,0.8554216867469879
reg3_m60_s8,reg3,cold,0,8360,0.8554216867469879
reg3_m60_s8,reg3,cold,0,8410,0.8554216867469879
reg3_m60_s8,reg3,cold,0,8460,0.8554216867469879
reg3_m60_s8,reg3,cold,0,8510,0.8554216867469879
reg3_m60_s8,reg3,cold,0,8560,0.8554216867469879
reg3_m60_s8,reg3,cold,0,8610,0.8554216867469879
reg3_m60_s8,reg3,cold,0,8660,0.8554216867469879
reg3_m60_s8,reg3,cold,0,8710,0.8554216867469879
reg3_m60_s8,reg3,cold,0,8760,0.8554216867469879
reg3_m60_s8,reg3,cold,0,8810,0.8554216867469879
reg3_m60_s8,reg3,cold,0,8860,0.8554216867469879
reg3_m60_s8,reg3,cold,0,8910,0.8554216867469879
reg3_m60_s8,reg3,cold,0,8960,0.8554216867469879
reg3_m60_s8,reg3,cold,0,9010,0.8554216867469879
reg3_m60_s8,reg3,cold,0,9060,0.8554216867469879
reg3_m60_s8,reg3,cold,0,9110,0.8554216867469879
reg3_m60_s8,reg3,cold,0,9160,0.8554216867469879
reg3_m60_s8,reg3,cold,0,9210,0.8554216867469879
reg3_m60_s8,reg3,cold,0,9260,0.8554216867469879
reg3_m60_s8,reg3,cold,0,9310,0.8554216867469879
reg3_m60_s8,reg3,cold,0,9360,0.8554216867469879
reg3_m60_s8,reg3,cold,0,9410,0.8554216867469879
reg3_m60_s8,reg3,cold,0,9460,0.8554216867469879
reg3_m60_s8,reg3,cold,0,9510,0.8554216867469879
reg3_m60_s8,reg3,cold,0,9560,0.8554216867469879
reg3_m60_s8,reg3,cold,0,9610,0.8554216867469879
reg3_m60_s8,reg3,cold,0,9660,0.8554216867469879
reg3_m60_s8,reg3,cold,0,9710,0.8554216867469879
reg3_m60_s8,reg3,cold,0,9760,0.8554216867469879
reg3_m60_s8,reg3,cold,0,9810,0.8554216867469879
reg3_m60_s8,reg3,cold,0,9860,0.8554216867469879
reg3_m60_s8,reg3,cold,0,9910,0.8554216867469879
reg3_m60_s8,reg3,cold,0,9960,0.8554216867469879
reg3_m60_s8,reg3,cold,0,10010,0.8554216867469879
reg3_m60_s8,reg3,cold,0,10060,0.8554216867469879
reg3_m60_s8,reg3,cold,0,10110,0.8554216867469879
reg3_m60_s8,reg3,cold,0,10160,0.8554216867469879
reg3_m60_s8,reg3,cold,0,10210,0.8554216867469879
reg3_m60_s8,reg3,cold,0,10260,0.8554216867469879
reg3_m60_s8,reg3,cold,0,10310,0.8554216867469879
reg3_m60_s8,reg3,cold,0,10360,0.8554216867469879
reg3_m60_s8,reg3,cold,0,10410,0.8554216867469879
reg3_m60_s8,reg3,cold,0,10460,0.8554216867469879
reg3_m60_s8,reg3,cold,0,10510,0.8554216867469879
reg3_m60_s8,reg3,cold,0,10560,0.8554216867469879
reg3_m60_s8,reg3,cold,0,10610,0.8554216867469879
reg3_m60_s8,reg3,cold,0,10660,0.8554216867469879
reg3_m60_s8,reg3,cold,0,10710,0.8554216867469879
reg3_m60_s8,reg3,cold,0,10760,0.8554216867469879
reg3_m60_s8,reg3,cold,0,10810,0.8554216867469879
reg3_m60_s8,reg3,cold,0,10860,0.8554216867469879
reg3_m60_s8,reg3,cold,0,10910,0.8554216867469879
reg3_m60_s8,reg3,cold,0,10960,0.8554216867469879
reg3_m60_s8,reg3,cold,0,11010,0.8554216867469879
reg3_m60_s8,reg3,cold,0,11060,0.8554216867469879
reg3_m60_s8,reg3,cold,0,11110,0.8554216867469879
reg3_m60_s8,reg3,cold,0,11160,0.8554216867469879
reg3_m60_s8,reg3,cold,0,11210,0.8554216867469879
reg3_m60_s8,reg3,cold,0,11260,0.8554216867469879
reg3_m60_s8,reg3,cold,0,11310,0.8554216867469879
reg3_m60_s8,reg3,cold,0,11360,0.8554216867469879
reg3_m60_s8,reg3,cold,0,11410,0.8554216867469879
reg3_m60_s8,reg3,cold,0,11460,0.8554216867469879
reg3_m60_s8,reg3,cold,0,11510,0.8554216867469879
reg3_m60_s8,reg3,cold,0,11560,0.8554216867469879
reg3_m60_s8,reg3,cold,0,11610,0.8554216867469879
reg3_m60_s8,reg3,cold,0,11660,0.8554216867469879
reg3_m60_s8,reg3,cold,0,11710,0.8554216867469879
reg3_m60_s8,reg3,cold,0,11760,0.8554216867469879
reg3_m60_s8,reg3,cold,0,11810,0.8554216867469879
reg3_m60_s8,reg3,cold,0,11860,0.8554216867469879
reg3_m60_s8,reg3,cold,0,11910,0.8554216867469879
reg3_m60_s8,reg3,cold,0,11960,0.8554216867469879
reg3_m60_s8,reg3,cold,0,12010,0.8554216867469879
reg3_m60_s8,reg3,cold,0,12060,0.8554216867469879
reg3_m60_s8,reg3,cold,0,12110,0.8554216867469879
reg3_m60_s8,reg3,cold,0,12160,0.8554216867469879
reg3_m60_s8,reg3,cold,0,12210,0.8554216867469879
reg3_m60_s8,reg3,cold,0,12260,0.8554216867469879
reg3_m60_s8,reg3,cold,0,12310,0.8554216867469879
reg3_m60_s8,reg3,cold,0,12360,0.8554216867469879
reg3_m60_s8,reg3,cold,0,12410,0.8554216867469879
reg3_m60_s8,reg3,cold,0,12460,0.8554216867469879
reg3_m60_s8,reg3,cold,0,12510,0.8554216867469879
reg3_m60_s8,reg3,cold,0,12560,0.8554216867469879
reg3_m60_s8,reg3,cold,0,12610,0.8554216867469879
reg3_m60_s8,reg3,cold,0,12660,0.8554216867469879
reg3_m60_s8,reg3,cold,0,12710,0.8554216867469879
reg3_m60_s8,reg3,cold,0,12760,0.8554216867469879
reg3_m60_s8,reg3,cold,0,12810,0.8554216867469879
reg3_m60_s8,reg3,cold,0,12860,0.8554216867469879
reg3_m60_s8,reg3,cold,0,12910,0.8554216867469879
reg3_m60_s8,reg3,cold,0,12960,0.8554216867469879
reg3_m60_s8,reg3,cold,0,13010,0.8554216867469879
reg3_m60_s8,reg3,cold,0,13060,0.8554216867469879
reg3_m60_s8,reg3,cold,0,13110,0.8554216867469879
reg3_m60_s8,reg3,cold,0,13160,0.8554216867469879
reg3_m60_s8,reg3,cold,0,13210,0.8554216867469879
reg3_m60_s8,reg3,cold,0,13260,0.8554216867469879
reg3_m60_s8,reg3,cold,0,13310,0.8554216867469879
reg3_m60_s8,reg3,cold,0,13360,0.8554216867469879
reg3_m60_s8,reg3,cold,0,13410,0.8554216867469879
reg3_m60_s8,reg3,cold,0,13460,0.8554216867469879
reg3_m60_s8,reg3,cold,0,13510,0.8554216867469879
reg3_m60_s8,reg3,cold,0,13560,0.8554216867469879
reg3_m60_s8,reg3,cold,0,13610,0.8554216867469879
reg3_m60_s8,reg3,cold,0,13660,0.8554216867469879
reg3_m60_s8,reg3,cold,0,13710,0.8554216867469879
reg3_m60_s8,reg3,cold,0,13760,0.8554216867469879
reg3_m60_s8,reg3,cold,0,13810,0.8554216867469879
reg3_m60_s8,reg3,cold,0,13860,0.8554216867469879
reg3_m60_s8,reg3,cold,0,13910,0.8554216867469879
reg3_m60_s8,reg3,cold,0,13960,0.8554216867469879
reg3_m60_s8,reg3,cold,0,14010,0.8554216867469879
reg3_m60_s8,reg3,cold,0,14060,0.8554216867469879
reg3_m60_s8,reg3,cold,0,14110,0.8554216867469879
reg3_m60_s8,reg3,cold,0,14160,0.8554216867469879
reg3_m60_s8,reg3,cold,0,14210,0.8554216867469879
reg3_m60_s8,reg3,cold,0,14260,0.8554216867469879
reg3_m60_s8,reg3,cold,0,14310,0.8554216867469879
reg3_m60_s8,reg3,cold,0,14360,0.8554216867469879
reg3_m60_s8,reg3,cold,0,14410,0.8554216867469879
reg3_m60_s8,reg3,cold,0,14460,0.8554216867469879
reg3_m60_s8,reg3,cold,0,14510,0.8554216867469879
reg3_m60_s8,reg3,cold,0,14560,0.8554216867469879
reg3_m60_s8,reg3,cold,0,14610,0.8554216867469879
reg3_m60_s8,reg3,cold,0,14660,0.8554216867469879
reg3_m60_s8,reg3,cold,0,14710,0.8554216867469879
reg3_m60_s8,reg3,cold,0,14760,0.8554216867469879
reg3_m60_s8,reg3,cold,0,14810,0.8554216867469879
reg3_m60_s8,reg3,cold,0,14860,0.8554216867469879
reg3_m60_s8,reg3,cold,0,14910,0.8554216867469879
reg3_m60_s8,reg3,cold,0,14960,0.8554216867469879
reg3_m60_s8,reg3,cold,0,15010,0.8554216867469879
reg3_m60_s8,reg3,cold,0,15060,0.8554216867469879
reg3_m60_s8,reg3,cold,0,15110,0.8554216867469879
reg3_m60_s8,reg3,cold,0,15160,0.8554216867469879
reg3_m60_s8,reg3,cold,0,15210,0.8554216867469879
reg3_m60_s8,reg3,cold,0,15260,0.8554216867469879
reg3_m60_s8,reg3,cold,0,15310,0.8554216867469879
reg3_m60_s8,reg3,cold,0,15360,0.8554216867469879
reg3_m60_s8,reg3,cold,0,15410,0.8554216867469879
reg3_m60_s8,reg3,cold,0,15460,0.8554216867469879
reg3_m60_s8,reg3,cold,0,15510,0.8554216867469879
reg3_m60_s8,reg3,cold,0,15560,0.8554216867469879
reg3_m60_s8,reg3,cold,0,15610,0.8554216867469879
reg3_m60_s8,reg3,cold,0,15660,0.8554216867469879
reg3_m60_s8,reg3,cold,0,15710,0.8554216867469879
reg3_m60_s8,reg3,cold,0,15760,0.8554216867469879
reg3_m60_s8,reg3,cold,0,15810,0.8554216867469879
reg3_m60_s8,reg3,cold,0,15860,0.8554216867469879
reg3_m60_s8,reg3,cold,0,15910,0.8554216867469879
reg3_m60_s8,reg3,cold,0,15960,0.8554216867469879
reg3_m60_s8,reg3,cold,0,16010,0.8554216867469879
reg3_m60_s8,reg3,cold,0,16060,0.8554216867469879
reg3_m60_s8,reg3,cold,0,16110,0.8554216867469879
reg3_m60_s8,reg3,cold,0,16160,0.8554216867469879
reg3_m60_s8,reg3,cold,0,16210,0.8554216867469879
reg3_m60_s8,reg3,cold,0,16260,0.8554216867469879
reg3_m60_s8,reg3,cold,0,16310,0.8554216867469879
reg3_m60_s8,reg3,cold,0,16360,0.8554216867469879
reg3_m60_s8,reg3,cold,0,16410,0.8554216867469879
reg3_m60_s8,reg3,cold,0,16460,0.8554216867469879
reg3_m60_s8,reg3,cold,0,16510,0.8554216867469879
reg3_m60_s8,reg3,cold,0,16560,0.8554216867469879
reg3_m60_s8,reg3,cold,0,16610,0.8554216867469879
reg3_m60_s8,reg3,cold,0,16660,0.8554216867469879
reg3_m60_s8,reg3,cold,0,16710,0.8554216867469879
reg3_m60_s8,reg3,cold,0,16760,0.8554216867469879
reg3_m60_s8,reg3,cold,0,16810,0.8554216867469879
reg3_m60_s8,reg3,cold,0,16860,0.8554216867469879
reg3_m60_s8,reg3,cold,0,16910,0.8554216867469879
reg3_m60_s8,reg3,cold,0,16960,0.8554216867469879
reg3_m60_s8,reg3,cold,0,17010,0.8554216867469879
reg3_m60_s8,reg3,cold,0,17060,0.8554216867469879
reg3_m60_s8,reg3,cold,0,17110,0.8554216867469879
reg3_m60_s8,reg3,cold,0,17160,0.8554216867469879
reg3_m60_s8,reg3,cold,0,17210,0.8554216867469879
reg3_m60_s8,reg3,cold,0,17260,0.8554216867469879
reg3_m60_s8,reg3,cold,0,17310,0.8554216867469879
reg3_m60_s8,reg3,cold,0,17360,0.8554216867469879
reg3_m60_s8,reg3,cold,0,17410,0.8554216867469879
reg3_m60_s8,reg3,cold,0,17460,0.8554216867469879
reg3_m60_s8,reg3,cold,0,17510,0.8554216867469879
reg3_m60_s8,reg3,cold,0,17560,0.8554216867469879
reg3_m60_s8,reg3,cold,0,17610,0.8554216867469879
reg3_m60_s8,reg3,cold,0,17660,0.8554216867469879
reg3_m60_s8,reg3,cold,0,17710,0.8554216867469879
reg3_m60_s8,reg3,cold,0,17760,0.8554216867469879
reg3_m60_s8,reg3,cold,0,17810,0.8554216867469879
reg3_m60_s8,reg3,cold,0,17860,0.8554216867469879
reg3_m60_s8,reg3,cold,0,17910,0.8554216867469879
reg3_m60_s8,reg3,cold,0,17960,0.8554216867469879
reg3_m60_s8,reg3,cold,0,18010,0.8554216867469879
reg3_m60_s8,reg3,cold,0,18060,0.8554216867469879
reg3_m60_s8,reg3,cold,0,18110,0.8554216867469879
reg3_m60_s8,reg3,cold,0,18160,0.8554216867469879
reg3_m60_s8,reg3,cold,0,18210,0.8554216867469879
reg3_m60_s8,reg3,cold,0,18260,0.8554216867469879
reg3_m60_s8,reg3,cold,0,18310,0.8554216867469879
reg3_m60_s8,reg3,cold,0,18360,0.8554216867469879
reg3_m60_s8,reg3,cold,0,18410,0.8554216867469879
reg3_m60_s8,reg3,cold,0,18460,0.8554216867469879
reg3_m60_s8,reg3,cold,0,18510,0.8554216867469879
reg3_m60_s8,reg3,cold,0,18560,0.8554216867469879
reg3_m60_s8,reg3,cold,0,18610,0.8554216867469879
reg3_m60_s8,reg3,cold,0,18660,0.8554216867469879
reg3_m60_s8,reg3,cold,0,18710,0.8554216867469879
reg3_m60_s8,reg3,cold,0,18760,0.8554216867469879
reg3_m60_s8,reg3,cold,0,18810,0.8554216867469879
reg3_m60_s8,reg3,cold,0,18860,0.8554216867469879
reg3_m60_s8,reg3,cold,0,18910,0.8554216867469879
reg3_m60_s8,reg3,cold,0,18960,0.8554216867469879
reg3_m60_s8,reg3,cold,0,19010,0.8554216867469879
reg3_m60_s8,reg3,cold,0,19060,0.8554216867469879
reg3_m60_s8,reg3,cold,0,19110,0.8554216867469879
reg3_m60_s8,reg3,cold,0,19160,0.8554216867469879
reg3_m60_s8,reg3,cold,0,19210,0.8554216867469879
reg3_m60_s8,reg3,cold,0,19260,0.8554216867469879
reg3_m60_s8,reg3,cold,0,19310,0.8554216867469879
reg3_m60_s8,reg3,cold,0,19360,0.8554216867469879
reg3_m60_s8,reg3,cold,0,19410,0.8554216867469879
reg3_m60_s8,reg3,cold,0,19460,0.8554216867469879
reg3_m60_s8,reg3,cold,0,19510,0.8554216867469879
reg3_m60_s8,reg3,cold,0,19560,0.8554216867469879
reg3_m60_s8,reg3,cold,0,19610,0.8554216867469879
reg3_m60_s8,reg3,cold,0,19660,0.8554216867469879
reg3_m60_s8,reg3,cold,0,19710,0.8554216867469879
reg3_m60_s8,reg3,cold,0,19760,0.8554216867469879
reg3_m60_s8,reg3,cold,0,19810,0.8554216867469879
reg3_m60_s8,reg3,cold,0,19860,0.8554216867469879
reg3_m60_s8,reg3,cold,0,19910,0.8554216867469879
reg3_m60_s8,reg3,cold,0,19960,0.8554216867469879
reg3_m60_s8,reg3,cold,0,20010,0.8554216867469879
reg3_m60_s8,reg3,prior_init,0,210,0.7228915662650602
reg3_m60_s8,reg3,prior_init,0,260,0.7469879518072289
reg3_m60_s8,reg3,prior_init,0,310,0.7469879518072289
reg3_m60_s8,reg3,prior_init,0,360,0.7469879518072289
reg3_m60_s8,reg3,prior_init,0,410,0.7710843373493976
reg3_m60_s8,reg3,prior_init,0,460,0.7710843373493976
reg3_m60_s8,reg3,prior_init,0,510,0.7710843373493976
reg3_m60_s8,reg3,prior_init,0,560,0.7710843373493976
reg3_m60_s8,reg3,prior_init,0,610,0.7710843373493976
reg3_m60_s8,reg3,prior_init,0,660,0.7710843373493976
reg3_m60_s8,reg3,prior_init,0,710,0.7710843373493976
reg3_m60_s8,reg3,prior_init,0,760,0.7590361445783133
reg3_m60_s8,reg3,prior_init,0,810,0.7590361445783133
reg3_m60_s8,reg3,prior_init,0,860,0.7590361445783133
reg3_m60_s8,reg3,prior_init,0,910,0.7590361445783133
reg3_m60_s8,reg3,prior_init,0,960,0.7590361445783133
reg3_m60_s8,reg3,prior_init,0,1010,0.7590361445783133
reg3_m60_s8,reg3,prior_init,0,1060,0.7590361445783133
reg3_m60_s8,reg3,prior_init,0,1110,0.7831325301204819
reg3_m60_s8,reg3,prior_init,0,1160,0.7831325301204819
reg3_m60_s8,reg3,prior_init,0,1210,0.7831325301204819
reg3_m60_s8,reg3,prior_init,0,1260,0.7831325301204819
reg3_m60_s8,reg3,prior_init,0,1310,0.7831325301204819
reg3_m60_s8,reg3,prior_init,0,1360,0.7831325301204819
reg3_m60_s8,reg3,prior_init,0,1410,0.7831325301204819
reg3_m60_s8,reg3,prior_init,0,1460,0.7831325301204819
reg3_m60_s8,reg3,prior_init,0,1510,0.7831325301204819
reg3_m60_s8,reg3,prior_init,0,1560,0.7831325301204819
reg3_m60_s8,reg3,prior_init,0,1610,0.7831325301204819
reg3_m60_s8,reg3,prior_init,0,1660,0.7831325301204819
reg3_m60_s8,reg3,prior_init,0,1710,0.7831325301204819
reg3_m60_s8,reg3,prior_init,0,1760,0.7831325301204819
reg3_m60_s8,reg3,prior_init,0,1810,0.7831325301204819
reg3_m60_s8,reg3,prior_init,0,1860,0.7831325301204819
reg3_m60_s8,reg3,prior_init,0,1910,0.7831325301204819
reg3_m60_s8,reg3,prior_init,0,1960,0.7831325301204819
reg3_m60_s8,reg3,prior_init,0,2010,0.7831325301204819
reg3_m60_s8,reg3,prior_init,0,2060,0.8072289156626506
reg3_m60_s8,reg3,prior_init,0,2110,0.8072289156626506
reg3_m60_s8,reg3,prior_init,0,2160,0.8072289156626506
reg3_m60_s8,reg3,prior_init,0,2210,0.8072289156626506
reg3_m60_s8,reg3,prior_init,0,2260,0.8072289156626506
reg3_m60_s8,reg3,prior_init,0,2310,0.8072289156626506
reg3_m60_s8,reg3,prior_init,0,2360,0.8313253012048193
reg3_m60_s8,reg3,prior_init,0,2410,0.8313253012048193
reg3_m60_s8,reg3,prior_init,0,2460,0.8313253012048193
reg3_m60_s8,reg3,prior_init,0,2510,0.8313253012048193
reg3_m60_s8,reg3,prior_init,0,2560,0.8313253012048193
reg3_m60_s8,reg3,prior_init,0,2610,0.8313253012048193
reg3_m60_s8,reg3,prior_init,0,2660,0.8313253012048193
reg3_m60_s8,reg3,prior_init,0,2710,0.8313253012048193
reg3_m60_s8,reg3,prior_init,0,2760,0.8433734939759037
reg3_m60_s8,reg3,prior_init,0,2810,0.8433734939759037
reg3_m60_s8,reg3,prior_init,0,2860,0.8433734939759037
reg3_m60_s8,reg3,prior_init,0,2910,0.8433734939759037
reg3_m60_s8,reg3,prior_init,0,2960,0.8433734939759037
reg3_m60_s8,reg3,prior_init,0,3010,0.8433734939759037
reg3_m60_s8,reg3,prior_init,0,3060,0.8433734939759037
reg3_m60_s8,reg3,prior_init,0,3110,0.8433734939759037
reg3_m60_s8,reg3,prior_init,0,3160,0.8433734939759037
reg3_m60_s8,reg3,prior_init,0,3210,0.8433734939759037
reg3_m60_s8,reg3,prior_init,0,3260,0.8433734939759037
reg3_m60_s8,reg3,prior_init,0,3310,0.8433734939759037
reg3_m60_s8,reg3,prior_init,0,3360,0.8433734939759037
reg3_m60_s8,reg3,prior_init,0,3410,0.8433734939759037
reg3_m60_s8,reg3,prior_init,0,3460,0.8433734939759037
reg3_m60_s8,reg3,prior_init,0,3510,0.8433734939759037
reg3_m60_s8,reg3,prior_init,0,3560,0.8433734939759037
reg3_m60_s8,reg3,prior_init,0,3610,0.8554216867469879
reg3_m60_s8,reg3,prior_init,0,3660,0.8554216867469879
reg3_m60_s8,reg3,prior_init,0,3710,0.8554216867469879
reg3_m60_s8,reg3,prior_init,0,3760,0.8554216867469879
reg3_m60_s8,reg3,prior_init,0,3810,0.8554216867469879
reg3_m60_s8,reg3,prior_init,0,3860,0.8554216867469879
reg3_m60_s8,reg3,prior_init,0,3910,0.8554216867469879
reg3_m60_s8,reg3,prior_init,0,3960,0.8554216867469879
reg3_m60_s8,reg3,prior_init,0,4010,0.8554216867469879
reg3_m60_s8,reg3,prior_init,0,4060,0.8554216867469879
reg3_m60_s8,reg3,prior_init,0,4110,0.8554216867469879
reg3_m60_s8,reg3,prior_init,0,4160,0.8554216867469879
reg3_m60_s8,reg3,prior_init,0,4210,0.8554216867469879
reg3_m60_s8,reg3,prior_init,0,4260,0.8554216867469879
reg3_m60_s8,reg3,prior_init,0,4310,0.8554216867469879
reg3_m60_s8,reg3,prior_init,0,4360,0.8554216867469879
reg3_m60_s8,reg3,prior_init,0,4410,0.8554216867469879
reg3_m60_s8,reg3,prior_init,0,4460,0.8554216867469879
reg3_m60_s8,reg3,prior_init,0,4510,0.8554216867469879
reg3_m60_s8,reg3,prior_init,0,4560,0.8554216867469879
reg3_m60_s8,reg3,prior_init,0,4610,0.8554216867469879
reg3_m60_s8,reg3,prior_init,0,4660,0.8554216867469879
reg3_m60_s8,reg3,prior_init,0,4710,0.8554216867469879
reg3_m60_s8,reg3,prior_init,0,4760,0.8554216867469879
reg3_m60_s8,reg3,prior_init,0,4810,0.8554216867469879
reg3_m60_s8,reg3,prior_init,0,4860,0.8554216867469879
reg3_m60_s8,reg3,prior_init,0,4910,0.8554216867469879
reg3_m60_s8,reg3,prior_init,0,4960,0.8674698795180723
reg3_m60_s8,reg3,prior_init,0,5010,0.8674698795180723
reg3_m60_s8,reg3,prior_init,0,5060,0.8674698795180723
reg3_m60_s8,reg3,prior_init,0,5110,0.8674698795180723
reg3_m60_s8,reg3,prior_init,0,5160,0.8674698795180723
reg3_m60_s8,reg3,prior_init,0,5210,0.8674698795180723
reg3_m60_s8,reg3,prior_init,0,5260,0.8674698795180723
reg3_m60_s8,reg3,prior_init,0,5310,0.8674698795180723
reg3_m60_s8,reg3,prior_init,0,5360,0.8674698795180723
reg3_m60_s8,reg3,prior_init,0,5410,0.8674698795180723
reg3_m60_s8,reg3,prior_init,0,5460,0.8674698795180723
reg3_m60_s8,reg3,prior_init,0,5510,0.8674698795180723
reg3_m60_s8,reg3,prior_init,0,5560,0.8674698795180723
reg3_m60_s8,reg3,prior_init,0,5610,0.8674698795180723
reg3_m60_s8,reg3,prior_init,0,5660,0.8674698795180723
reg3_m60_s8,reg3,prior_init,0,5710,0.8674698795180723
reg3_m60_s8,reg3,prior_init,0,5760,0.8674698795180723
reg3_m60_s8,reg3,prior_init,0,5810,0.8674698795180723
reg3_m60_s8,reg3,prior_init,0,5860,0.8674698795180723
reg3_m60_s8,reg3,prior_init,0,5910,0.8674698795180723
reg3_m60_s8,reg3,prior_init,0,5960,0.8674698795180723
reg3_m60_s8,reg3,prior_init,0,6010,0.8674698795180723
reg3_m60_s8,reg3,prior_init,0,6060,0.8674698795180723
reg3_m60_s8,reg3,prior_init,0,6110,0.8674698795180723
reg3_m60_s8,reg3,prior_init,0,6160,0.8674698795180723
reg3_m60_s8,reg3,prior_init,0,6210,0.8674698795180723
reg3_m60_s8,reg3,prior_init,0,6260,0.8674698795180723
reg3_m60_s8,reg3,prior_init,0,6310,0.8674698795180723
reg3_m60_s8,reg3,prior_init,0,6360,0.8674698795180723
reg3_m60_s8,reg3,prior_init,0,6410,0.8674698795180723
reg3_m60_s8,reg3,prior_init,0,6460,0.8674698795180723
reg3_m60_s8,reg3,prior_init,0,6510,0.8674698795180723
reg3_m60_s8,reg3,prior_init,0,6560,0.8674698795180723
reg3_m60_s8,reg3,prior_init,0,6610,0.8674698795180723
reg3_m60_s8,reg3,prior_init,0,6660,0.8674698795180723
reg3_m60_s8,reg3,prior_init,0,6710,0.8674698795180723
reg3_m60_s8,reg3,prior_init,0,6760,0.8674698795180723
reg3_m60_s8,reg3,prior_init,0,6810,0.8674698795180723
reg3_m60_s8,reg3,prior_init,0,6860,0.8674698795180723
reg3_m60_s8,reg3,prior_init,0,6910,0.8674698795180723
reg3_m60_s8,reg3,prior_init,0,6960,0.8674698795180723
reg3_m60_s8,reg3,prior_init,0,7010,0.8674698795180723
reg3_m60_s8,reg3,prior_init,0,7060,0.8674698795180723
reg3_m60_s8,reg3,prior_init,0,7110,0.8674698795180723
reg3_m60_s8,reg3,prior_init,0,7160,0.8674698795180723
reg3_m60_s8,reg3,prior_init,0,7210,0.8674698795180723
reg3_m60_s8,reg3,prior_init,0,7260,0.8674698795180723
reg3_m60_s8,reg3,prior_init,0,7310,0.8674698795180723
reg3_m60_s8,reg3,prior_init,0,7360,0.8674698795180723
reg3_m60_s8,reg3,prior_init,0,7410,0.8674698795180723
reg3_m60_s8,reg3,prior_init,0,7460,0.8674698795180723
reg3_m60_s8,reg3,prior_init,0,7510,0.8674698795180723
reg3_m60_s8,reg3,prior_init,0,7560,0.8674698795180723
reg3_m60_s8,reg3,prior_init,0,7610,0.8674698795180723
reg3_m60_s8,reg3,prior_init,0,7660,0.8674698795180723
reg3_m60_s8,reg3,prior_init,0,7710,0.8674698795180723
reg3_m60_s8,reg3,prior_init,0,7760,0.8674698795180723
reg3_m60_s8,reg3,prior_init,0,7810,0.8674698795180723
reg3_m60_s8,reg3,prior_init,0,7860,0.8674698795180723
reg3_m60_s8,reg3,prior_init,0,7910,0.8674698795180723
reg3_m60_s8,reg3,prior_init,0,7960,0.8674698795180723
reg3_m60_s8,reg3,prior_init,0,8010,0.8674698795180723
reg3_m60_s8,reg3,prior_init,0,8060,0.8674698795180723
reg3_m60_s8,reg3,prior_init,0,8110,0.8674698795180723
reg3_m60_s8,reg3,prior_init,0,8160,0.8674698795180723
reg3_m60_s8,reg3,prior_init,0,8210,0.8674698795180723
reg3_m60_s8,reg3,prior_init,0,8260,0.8674698795180723
reg3_m60_s8,reg3,prior_init,0,8310,0.8674698795180723
reg3_m60_s8,reg3,prior_init,0,8360,0.8674698795180723
reg3_m60_s8,reg3,prior_init,0,8410,0.8674698795180723
reg3_m60_s8,reg3,prior_init,0,8460,0.8674698795180723
reg3_m60_s8,reg3,prior_init,0,8510,0.8674698795180723
reg3_m60_s8,reg3,prior_init,0,8560,0.8674698795180723
reg3_m60_s8,reg3,prior_init,0,8610,0.8674698795180723
reg3_m60_s8,reg3,prior_init,0,8660,0.8674698795180723
reg3_m60_s8,reg3,prior_init,0,8710,0.8674698795180723
reg3_m60_s8,reg3,prior_init,0,8760,0.8674698795180723
reg3_m60_s8,reg3,prior_init,0,8810,0.8674698795180723
reg3_m60_s8,reg3,prior_init,0,8860,0.8674698795180723
reg3_m60_s8,reg3,prior_init,0,8910,0.8674698795180723
reg3_m60_s8,reg3,prior_init,0,8960,0.8674698795180723
reg3_m60_s8,reg3,prior_init,0,9010,0.8674698795180723
reg3_m60_s8,reg3,prior_init,0,9060,0.8674698795180723
reg3_m60_s8,reg3,prior_init,0,9110,0.8674698795180723
reg3_m60_s8,reg3,prior_init,0,9160,0.8674698795180723
reg3_m60_s8,reg3,prior_init,0,9210,0.8674698795180723
reg3_m60_s8,reg3,prior_init,0,9260,0.8674698795180723
reg3_m60_s8,reg3,prior_init,0,9310,0.8674698795180723
reg3_m60_s8,reg3,prior_init,0,9360,0.8674698795180723
reg3_m60_s8,reg3,prior_init,0,9410,0.8674698795180723
reg3_m60_s8,reg3,prior_init,0,9460,0.8674698795180723
reg3_m60_s8,reg3,prior_init,0,9510,0.8674698795180723
reg3_m60_s8,reg3,prior_init,0,9560,0.8674698795180723
reg3_m60_s8,reg3,prior_init,0,9610,0.8674698795180723
reg3_m60_s8,reg3,prior_init,0,9660,0.8674698795180723
reg3_m60_s8,reg3,prior_init,0,9710,0.8674698795180723
reg3_m60_s8,reg3,prior_init,0,9760,0.8674698795180723
reg3_m60_s8,reg3,prior_init,0,9810,0.8674698795180723
reg3_m60_s8,reg3,prior_init,0,9860,0.8674698795180723
reg3_m60_s8,reg3,prior_init,0,9910,0.8674698795180723
reg3_m60_s8,reg3,prior_init,0,9960,0.8674698795180723
reg3_m60_s8,reg3,prior_init,0,10010,0.8674698795180723
reg3_m60_s8,reg3,prior_init,0,10060,0.8674698795180723
reg3_m60_s8,reg3,prior_init,0,10110,0.8674698795180723
reg3_m60_s8,reg3,prior_init,0,10160,0.8674698795180723
reg3_m60_s8,reg3,prior_init,0,10210,0.8674698795180723
reg3_m60_s8,reg3,prior_init,0,10260,0.8674698795180723
reg3_m60_s8,reg3,prior_init,0,10310,0.8674698795180723
reg3_m60_s8,reg3,prior_init,0,10360,0.8674698795180723
reg3_m60_s8,reg3,prior_init,0,10410,0.8674698795180723
reg3_m60_s8,reg3,prior_init,0,10460,0.8674698795180723
reg3_m60_s8,reg3,prior_init,0,10510,0.8674698795180723
reg3_m60_s8,reg3,prior_init,0,10560,0.8674698795180723
reg3_m60_s8,reg3,prior_init,0,10610,0.8674698795180723
reg3_m60_s8,reg3,prior_init,0,10660,0.8674698795180723
reg3_m60_s8,reg3,prior_init,0,10710,0.8674698795180723
reg3_m60_s8,reg3,prior_init,0,10760,0.8674698795180723
reg3_m60_s8,reg3,prior_init,0,10810,0.8674698795180723
reg3_m60_s8,reg3,prior_init,0,10860,0.8674698795180723
reg3_m60_s8,reg3,prior_init,0,10910,0.8674698795180723
reg3_m60_s8,reg3,prior_init,0,10960,0.8674698795180723
reg3_m60_s8,reg3,prior_init,0,11010,0.8674698795180723
reg3_m60_s8,reg3,prior_init,0,11060,0.8674698795180723
reg3_m60_s8,reg3,prior_init,0,11110,0.8674698795180723
reg3_m60_s8,reg3,prior_init,0,11160,0.8674698795180723
reg3_m60_s8,reg3,prior_init,0,11210,0.8674698795180723
reg3_m60_s8,reg3,prior_init,0,11260,0.8674698795180723
reg3_m60_s8,reg3,prior_init,0,11310,0.8674698795180723
reg3_m60_s8,reg3,prior_init,0,11360,0.8674698795180723
reg3_m60_s8,reg3,prior_init,0,11410,0.8674698795180723
reg3_m60_s8,reg3,prior_init,0,11460,0.8674698795180723
reg3_m60_s8,reg3,prior_init,0,11510,0.8674698795180723
reg3_m60_s8,reg3,prior_init,0,11560,0.8674698795180723
reg3_m60_s8,reg3,prior_init,0,11610,0.8674698795180723
reg3_m60_s8,reg3,prior_init,0,11660,0.8674698795180723
reg3_m60_s8,reg3,prior_init,0,11710,0.8674698795180723
reg3_m60_s8,reg3,prior_init,0,11760,0.8674698795180723
reg3_m60_s8,reg3,prior_init,0,11810,0.8674698795180723
reg3_m60_s8,reg3,prior_init,0,11860,0.8674698795180723
reg3_m60_s8,reg3,prior_init,0,11910,0.8674698795180723
reg3_m60_s8,reg3,prior_init,0,11960,0.8674698795180723
reg3_m60_s8,reg3,prior_init,0,12010,0.8674698795180723
reg3_m60_s8,reg3,prior_init,0,12060,0.8674698795180723
reg3_m60_s8,reg3,prior_init,0,12110,0.8674698795180723
reg3_m60_s8,reg3,prior_init,0,12160,0.8674698795180723
reg3_m60_s8,reg3,prior_init,0,12210,0.8674698795180723
reg3_m60_s8,reg3,prior_init,0,12260,0.8674698795180723
reg3_m60_s8,reg3,prior_init,0,12310,0.8674698795180723
reg3_m60_s8,reg3,prior_init,0,12360,0.8674698795180723
reg3_m60_s8,reg3,prior_init,0,12410,0.8674698795180723
reg3_m60_s8,reg3,prior_init,0,12460,0.8674698795180723
reg3_m60_s8,reg3,prior_init,0,12510,0.8674698795180723
reg3_m60_s8,reg3,prior_init,0,12560,0.8674698795180723
reg3_m60_s8,reg3,prior_init,0,12610,0.8674698795180723
reg3_m60_s8,reg3,prior_init,0,12660,0.8674698795180723
reg3_m60_s8,reg3,prior_init,0,12710,0.8674698795180723
reg3_m60_s8,reg3,prior_init,0,12760,0.8674698795180723
reg3_m60_s8,reg3,prior_init,0,12810,0.8674698795180723
reg3_m60_s8,reg3,prior_init,0,12860,0.8674698795180723
reg3_m60_s8,reg3,prior_init,0,12910,0.8674698795180723
reg3_m60_s8,reg3,prior_init,0,12960,0.8674698795180723
reg3_m60_s8,reg3,prior_init,0,13010,0.8674698795180723
reg3_m60_s8,reg3,prior_init,0,13060,0.8674698795180723
reg3_m60_s8,reg3,prior_init,0,13110,0.8674698795180723
reg3_m60_s8,reg3,prior_init,0,13160,0.8674698795180723
reg3_m60_s8,reg3,prior_init,0,13210,0.8674698795180723
reg3_m60_s8,reg3,prior_init,0,13260,0.8674698795180723
reg3_m60_s8,reg3,prior_init,0,13310,0.8674698795180723
reg3_m60_s8,reg3,prior_init,0,13360,0.8674698795180723
reg3_m60_s8,reg3,prior_init,0,13410,0.8674698795180723
reg3_m60_s8,reg3,prior_init,0,13460,0.8674698795180723
reg3_m60_s8,reg3,prior_init,0,13510,0.8674698795180723
reg3_m60_s8,reg3,prior_init,0,13560,0.8674698795180723
reg3_m60_s8,reg3,prior_init,0,13610,0.8674698795180723
reg3_m60_s8,reg3,prior_init,0,13660,0.8674698795180723
reg3_m60_s8,reg3,prior_init,0,13710,0.8674698795180723
reg3_m60_s8,reg3,prior_init,0,13760,0.8674698795180723
reg3_m60_s8,reg3,prior_init,0,13810,0.8674698795180723
reg3_m60_s8,reg3,prior_init,0,13860,0.8674698795180723
reg3_m60_s8,reg3,prior_init,0,13910,0.8674698795180723
reg3_m60_s8,reg3,prior_init,0,13960,0.8674698795180723
reg3_m60_s8,reg3,prior_init,0,14010,0.8674698795180723
reg3_m60_s8,reg3,prior_init,0,14060,0.8674698795180723
reg3_m60_s8,reg3,prior_init,0,14110,0.8674698795180723
reg3_m60_s8,reg3,prior_init,0,14160,0.8674698795180723
reg3_m60_s8,reg3,prior_init,0,14210,0.8674698795180723
reg3_m60_s8,reg3,prior_init,0,14260,0.8674698795180723
reg3_m60_s8,reg3,prior_init,0,14310,0.8674698795180723
reg3_m60_s8,reg3,prior_init,0,14360,0.8674698795180723
reg3_m60_s8,reg3,prior_init,0,14410,0.8674698795180723
reg3_m60_s8,reg3,prior_init,0,14460,0.8674698795180723
reg3_m60_s8,reg3,prior_init,0,14510,0.8674698795180723
reg3_m60_s8,reg3,prior_init,0,14560,0.8674698795180723
reg3_m60_s8,reg3,prior_init,0,14610,0.8674698795180723
reg3_m60_s8,reg3,prior_init,0,14660,0.8674698795180723
reg3_m60_s8,reg3,prior_init,0,14710,0.8674698795180723
reg3_m60_s8,reg3,prior_init,0,14760,0.8674698795180723
reg3_m60_s8,reg3,prior_init,0,14810,0.8674698795180723
reg3_m60_s8,reg3,prior_init,0,14860,0.8674698795180723
reg3_m60_s8,reg3,prior_init,0,14910,0.8674698795180723
reg3_m60_s8,reg3,prior_init,0,14960,0.8674698795180723
reg3_m60_s8,reg3,prior_init,0,15010,0.8674698795180723
reg3_m60_s8,reg3,prior_init,0,15060,0.8674698795180723
reg3_m60_s8,reg3,prior_init,0,15110,0.8674698795180723
reg3_m60_s8,reg3,prior_init,0,15160,0.8674698795180723
reg3_m60_s8,reg3,prior_init,0,15210,0.8674698795180723
reg3_m60_s8,reg3,prior_init,0,15260,0.8674698795180723
reg3_m60_s8,reg3,prior_init,0,15310,0.8674698795180723
reg3_m60_s8,reg3,prior_init,0,15360,0.8674698795180723
reg3_m60_s8,reg3,prior_init,0,15410,0.8674698795180723
reg3_m60_s8,reg3,prior_init,0,15460,0.8674698795180723
reg3_m60_s8,reg3,prior_init,0,15510,0.8674698795180723
reg3_m60_s8,reg3,prior_init,0,15560,0.8674698795180723
reg3_m60_s8,reg3,prior_init,0,15610,0.8795180722891566
reg3_m60_s8,reg3,prior_init,0,15660,0.8795180722891566
reg3_m60_s8,reg3,prior_init,0,15710,0.8795180722891566
reg3_m60_s8,reg3,prior_init,0,15760,0.8795180722891566
reg3_m60_s8,reg3,prior_init,0,15810,0.8795180722891566
reg3_m60_s8,reg3,prior_init,0,15860,0.8795180722891566
reg3_m60_s8,reg3,prior_init,0,15910,0.8795180722891566
reg3_m60_s8,reg3,prior_init,0,15960,0.8795180722891566
reg3_m60_s8,reg3,prior_init,0,16010,0.8795180722891566
reg3_m60_s8,reg3,prior_init,0,16060,0.8795180722891566
reg3_m60_s8,reg3,prior_init,0,16110,0.8795180722891566
reg3_m60_s8,reg3,prior_init,0,16160,0.8795180722891566
reg3_m60_s8,reg3,prior_init,0,16210,0.8795180722891566
reg3_m60_s8,reg3,prior_init,0,16260,0.891566265060241
reg3_m60_s8,reg3,prior_init,0,16310,0.891566265060241
reg3_m60_s8,reg3,prior_init,0,16360,0.891566265060241
reg3_m60_s8,reg3,prior_init,0,16410,0.891566265060241
reg3_m60_s8,reg3,prior_init,0,16460,0.891566265060241
reg3_m60_s8,reg3,prior_init,0,16510,0.891566265060241
reg3_m60_s8,reg3,prior_init,0,16560,0.891566265060241
reg3_m60_s8,reg3,prior_init,0,16610,0.891566265060241
reg3_m60_s8,reg3,prior_init,0,16660,0.891566265060241
reg3_m60_s8,reg3,prior_init,0,16710,0.891566265060241
reg3_m60_s8,reg3,prior_init,0,16760,0.891566265060241
reg3_m60_s8,reg3,prior_init,0,16810,0.891566265060241
reg3_m60_s8,reg3,prior_init,0,16860,0.891566265060241
reg3_m60_s8,reg3,prior_init,0,16910,0.891566265060241
reg3_m60_s8,reg3,prior_init,0,16960,0.891566265060241
reg3_m60_s8,reg3,prior_init,0,17010,0.891566265060241
reg3_m60_s8,reg3,prior_init,0,17060,0.891566265060241
reg3_m60_s8,reg3,prior_init,0,17110,0.891566265060241
reg3_m60_s8,reg3,prior_init,0,17160,0.891566265060241
reg3_m60_s8,reg3,prior_init,0,17210,0.891566265060241
reg3_m60_s8,reg3,prior_init,0,17260,0.891566265060241
reg3_m60_s8,reg3,prior_init,0,17310,0.891566265060241
reg3_m60_s8,reg3,prior_init,0,17360,0.891566265060241
reg3_m60_s8,reg3,prior_init,0,17410,0.891566265060241
reg3_m60_s8,reg3,prior_init,0,17460,0.891566265060241
reg3_m60_s8,reg3,prior_init,0,17510,0.891566265060241
reg3_m60_s8,reg3,prior_init,0,17560,0.891566265060241
reg3_m60_s8,reg3,prior_init,0,17610,0.891566265060241
reg3_m60_s8,reg3,prior_init,0,17660,0.891566265060241
reg3_m60_s8,reg3,prior_init,0,17710,0.891566265060241
reg3_m60_s8,reg3,prior_init,0,17760,0.891566265060241
reg3_m60_s8,reg3,prior_init,0,17810,0.891566265060241
reg3_m60_s8,reg3,prior_init,0,17860,0.891566265060241
reg3_m60_s8,reg3,prior_init,0,17910,0.891566265060241
reg3_m60_s8,reg3,prior_init,0,17960,0.891566265060241
reg3_m60_s8,reg3,prior_init,0,18010,0.891566265060241
reg3_m60_s8,reg3,prior_init,0,18060,0.891566265060241
reg3_m60_s8,reg3,prior_init,0,18110,0.891566265060241
reg3_m60_s8,reg3,prior_init,0,18160,0.891566265060241
reg3_m60_s8,reg3,prior_init,0,18210,0.891566265060241
reg3_m60_s8,reg3,prior_init,0,18260,0.891566265060241
reg3_m60_s8,reg3,prior_init,0,18310,0.891566265060241
reg3_m60_s8,reg3,prior_init,0,18360,0.891566265060241
reg3_m60_s8,reg3,prior_init,0,18410,0.891566265060241
reg3_m60_s8,reg3,prior_init,0,18460,0.891566265060241
reg3_m60_s8,reg3,prior_init,0,18510,0.891566265060241
reg3_m60_s8,reg3,prior_init,0,18560,0.891566265060241
reg3_m60_s8,reg3,prior_init,0,18610,0.891566265060241
reg3_m60_s8,reg3,prior_init,0,18660,0.891566265060241
reg3_m60_s8,reg3,prior_init,0,18710,0.891566265060241
reg3_m60_s8,reg3,prior_init,0,18760,0.891566265060241
reg3_m60_s8,reg3,prior_init,0,18810,0.891566265060241
reg3_m60_s8,reg3,prior_init,0,18860,0.891566265060241
reg3_m60_s8,reg3,prior_init,0,18910,0.891566265060241
reg3_m60_s8,reg3,prior_init,0,18960,0.891566265060241
reg3_m60_s8,reg3,prior_init,0,19010,0.891566265060241
reg3_m60_s8,reg3,prior_init,0,19060,0.891566265060241
reg3_m60_s8,reg3,prior_init,0,19110,0.891566265060241
reg3_m60_s8,reg3,prior_init,0,19160,0.891566265060241
reg3_m60_s8,reg3,prior_init,0,19210,0.891566265060241
reg3_m60_s8,reg3,prior_init,0,19260,0.891566265060241
reg3_m60_s8,reg3,prior_init,0,19310,0.891566265060241
reg3_m60_s8,reg3,prior_init,0,19360,0.891566265060241
reg3_m60_s8,reg3,prior_init,0,19410,0.891566265060241
reg3_m60_s8,reg3,prior_init,0,19460,0.891566265060241
reg3_m60_s8,reg3,prior_init,0,19510,0.891566265060241
reg3_m60_s8,reg3,prior_init,0,19560,0.891566265060241
reg3_m60_s8,reg3,prior_init,0,19610,0.891566265060241
reg3_m60_s8,reg3,prior_init,0,19660,0.891566265060241
reg3_m60_s8,reg3,prior_init,0,19710,0.891566265060241
reg3_m60_s8,reg3,prior_init,0,19760,0.891566265060241
reg3_m60_s8,reg3,prior_init,0,19810,0.891566265060241
reg3_m60_s8,reg3,prior_init,0,19860,0.891566265060241
reg3_m60_s8,reg3,prior_init,0,19910,0.891566265060241
reg3_m60_s8,reg3,prior_init,0,19960,0.891566265060241
reg3_m60_s8,reg3,prior_init,0,20010,0.891566265060241
reg3_m60_s8,reg3,prior_prop,0,10,0.5060240963855421
reg3_m60_s8,reg3,prior_prop,0,60,0.6746987951807228
reg3_m60_s8,reg3,prior_prop,0,110,0.6987951807228916
reg3_m60_s8,reg3,prior_prop,0,160,0.6987951807228916
reg3_m60_s8,reg3,prior_prop,0,210,0.6987951807228916
reg3_m60_s8,reg3,prior_prop,0,260,0.6987951807228916
reg3_m60_s8,reg3,prior_prop,0,310,0.7349397590361446
reg3_m60_s8,reg3,prior_prop,0,360,0.7108433734939759
reg3_m60_s8,reg3,prior_prop,0,410,0.7108433734939759
reg3_m60_s8,reg3,prior_prop,0,460,0.7349397590361446
reg3_m60_s8,reg3,prior_prop,0,510,0.7349397590361446
reg3_m60_s8,reg3,prior_prop,0,560,0.7469879518072289
reg3_m60_s8,reg3,prior_prop,0,610,0.7469879518072289
reg3_m60_s8,reg3,prior_prop,0,660,0.7469879518072289
reg3_m60_s8,reg3,prior_prop,0,710,0.7469879518072289
reg3_m60_s8,reg3,prior_prop,0,760,0.7469879518072289
reg3_m60_s8,reg3,prior_prop,0,810,0.7469879518072289
reg3_m60_s8,reg3,prior_prop,0,860,0.7469879518072289
reg3_m60_s8,reg3,prior_prop,0,910,0.7469879518072289
reg3_m60_s8,reg3,prior_prop,0,960,0.7469879518072289
reg3_m60_s8,reg3,prior_prop,0,1010,0.7469879518072289
reg3_m60_s8,reg3,prior_prop,0,1060,0.7590361445783133
reg3_m60_s8,reg3,prior_prop,0,1110,0.7590361445783133
reg3_m60_s8,reg3,prior_prop,0,1160,0.7590361445783133
reg3_m60_s8,reg3,prior_prop,0,1210,0.7590361445783133
reg3_m60_s8,reg3,prior_prop,0,1260,0.7590361445783133
reg3_m60_s8,reg3,prior_prop,0,1310,0.7590361445783133
reg3_m60_s8,reg3,prior_prop,0,1360,0.7590361445783133
reg3_m60_s8,reg3,prior_prop,0,1410,0.7590361445783133
reg3_m60_s8,reg3,prior_prop,0,1460,0.7590361445783133
reg3_m60_s8,reg3,prior_prop,0,1510,0.7590361445783133
reg3_m60_s8,reg3,prior_prop,0,1560,0.7590361445783133
reg3_m60_s8,reg3,prior_prop,0,1610,0.7590361445783133
reg3_m60_s8,reg3,prior_prop,0,1660,0.7590361445783133
reg3_m60_s8,reg3,prior_prop,0,1710,0.7590361445783133
reg3_m60_s8,reg3,prior_prop,0,1760,0.7590361445783133
reg3_m60_s8,reg3,prior_prop,0,1810,0.7590361445783133
reg3_m60_s8,reg3,prior_prop,0,1860,0.7590361445783133
reg3_m60_s8,reg3,prior_prop,0,1910,0.7590361445783133
reg3_m60_s8,reg3,prior_prop,0,1960,0.7590361445783133
reg3_m60_s8,reg3,prior_prop,0,2010,0.7590361445783133
reg3_m60_s8,reg3,prior_prop,0,2060,0.7590361445783133
reg3_m60_s8,reg3,prior_prop,0,2110,0.7590361445783133
reg3_m60_s8,reg3,prior_prop,0,2160,0.7590361445783133
reg3_m60_s8,reg3,prior_prop,0,2210,0.7590361445783133
reg3_m60_s8,reg3,prior_prop,0,2260,0.7590361445783133
reg3_m60_s8,reg3,prior_prop,0,2310,0.7590361445783133
reg3_m60_s8,reg3,prior_prop,0,2360,0.7590361445783133
reg3_m60_s8,reg3,prior_prop,0,2410,0.7710843373493976
reg3_m60_s8,reg3,prior_prop,0,2460,0.7710843373493976
reg3_m60_s8,reg3,prior_prop,0,2510,0.7710843373493976
reg3_m60_s8,reg3,prior_prop,0,2560,0.7710843373493976
reg3_m60_s8,reg3,prior_prop,0,2610,0.7710843373493976
reg3_m60_s8,reg3,prior_prop,0,2660,0.7710843373493976
reg3_m60_s8,reg3,prior_prop,0,2710,0.7831325301204819
reg3_m60_s8,reg3,prior_prop,0,2760,0.7831325301204819
reg3_m60_s8,reg3,prior_prop,0,2810,0.7831325301204819
reg3_m60_s8,reg3,prior_prop,0,2860,0.7831325301204819
reg3_m60_s8,reg3,prior_prop,0,2910,0.7831325301204819
reg3_m60_s8,reg3,prior_prop,0,2960,0.7831325301204819
reg3_m60_s8,reg3,prior_prop,0,3010,0.7831325301204819
reg3_m60_s8,reg3,prior_prop,0,3060,0.7831325301204819
reg3_m60_s8,reg3,prior_prop,0,3110,0.7831325301204819
reg3_m60_s8,reg3,prior_prop,0,3160,0.7831325301204819
reg3_m60_s8,reg3,prior_prop,0,3210,0.7831325301204819
reg3_m60_s8,reg3,prior_prop,0,3260,0.7831325301204819
reg3_m60_s8,reg3,prior_prop,0,3310,0.7831325301204819
reg3_m60_s8,reg3,prior_prop,0,3360,0.7831325301204819
reg3_m60_s8,reg3,prior_prop,0,3410,0.7831325301204819
reg3_m60_s8,reg3,prior_prop,0,3460,0.7831325301204819
reg3_m60_s8,reg3,prior_prop,0,3510,0.7831325301204819
reg3_m60_s8,reg3,prior_prop,0,3560,0.7831325301204819
reg3_m60_s8,reg3,prior_prop,0,3610,0.7831325301204819
reg3_m60_s8,reg3,prior_prop,0,3660,0.7831325301204819
reg3_m60_s8,reg3,prior_prop,0,3710,0.7831325301204819
reg3_m60_s8,reg3,prior_prop,0,3760,0.7831325301204819
reg3_m60_s8,reg3,prior_prop,0,3810,0.7831325301204819
reg3_m60_s8,reg3,prior_prop,0,3860,0.7831325301204819
reg3_m60_s8,reg3,prior_prop,0,3910,0.7831325301204819
reg3_m60_s8,reg3,prior_prop,0,3960,0.7831325301204819
reg3_m60_s8,reg3,prior_prop,0,4010,0.7831325301204819
reg3_m60_s8,reg3,prior_prop,0,4060,0.7831325301204819
reg3_m60_s8,reg3,prior_prop,0,4110,0.7831325301204819
reg3_m60_s8,reg3,prior_prop,0,4160,0.7831325301204819
reg3_m60_s8,reg3,prior_prop,0,4210,0.7831325301204819
reg3_m60_s8,reg3,prior_prop,0,4260,0.7831325301204819
reg3_m60_s8,reg3,prior_prop,0,4310,0.7831325301204819
reg3_m60_s8,reg3,prior_prop,0,4360,0.7951807228915663
reg3_m60_s8,reg3,prior_prop,0,4410,0.7951807228915663
reg3_m60_s8,reg3,prior_prop,0,4460,0.7951807228915663
reg3_m60_s8,reg3,prior_prop,0,4510,0.7951807228915663
reg3_m60_s8,reg3,prior_prop,0,4560,0.7951807228915663
reg3_m60_s8,reg3,prior_prop,0,4610,0.7951807228915663
reg3_m60_s8,reg3,prior_prop,0,4660,0.7951807228915663
reg3_m60_s8,reg3,prior_prop,0,4710,0.7951807228915663
reg3_m60_s8,reg3,prior_prop,0,4760,0.7951807228915663
reg3_m60_s8,reg3,prior_prop,0,4810,0.7951807228915663
reg3_m60_s8,reg3,prior_prop,0,4860,0.7951807228915663
reg3_m60_s8,reg3,prior_prop,0,4910,0.7951807228915663
reg3_m60_s8,reg3,prior_prop,0,4960,0.7951807228915663
reg3_m60_s8,reg3,prior_prop,0,5010,0.7951807228915663
reg3_m60_s8,reg3,prior_prop,0,5060,0.7951807228915663
reg3_m60_s8,reg3,prior_prop,0,5110,0.7951807228915663
reg3_m60_s8,reg3,prior_prop,0,5160,0.7951807228915663
reg3_m60_s8,reg3,prior_prop,0,5210,0.7951807228915663
reg3_m60_s8,reg3,prior_prop,0,5260,0.7951807228915663
reg3_m60_s8,reg3,prior_prop,0,5310,0.7951807228915663
reg3_m60_s8,reg3,prior_prop,0,5360,0.7951807228915663
reg3_m60_s8,reg3,prior_prop,0,5410,0.7951807228915663
reg3_m60_s8,reg3,prior_prop,0,5460,0.7951807228915663
reg3_m60_s8,reg3,prior_prop,0,5510,0.7951807228915663
reg3_m60_s8,reg3,prior_prop,0,5560,0.7951807228915663
reg3_m60_s8,reg3,prior_prop,0,5610,0.7951807228915663
reg3_m60_s8,reg3,prior_prop,0,5660,0.7951807228915663
reg3_m60_s8,reg3,prior_prop,0,5710,0.7951807228915663
reg3_m60_s8,reg3,prior_prop,0,5760,0.7951807228915663
reg3_m60_s8,reg3,prior_prop,0,5810,0.7951807228915663
reg3_m60_s8,reg3,prior_prop,0,5860,0.7951807228915663
reg3_m60_s8,reg3,prior_prop,0,5910,0.7951807228915663
reg3_m60_s8,reg3,prior_prop,0,5960,0.7951807228915663
reg3_m60_s8,reg3,prior_prop,0,6010,0.7951807228915663
reg3_m60_s8,reg3,prior_prop,0,6060,0.7951807228915663
reg3_m60_s8,reg3,prior_prop,0,6110,0.7951807228915663
reg3_m60_s8,reg3,prior_prop,0,6160,0.7951807228915663
reg3_m60_s8,reg3,prior_prop,0,6210,0.7951807228915663
reg3_m60_s8,reg3,prior_prop,0,6260,0.7951807228915663
reg3_m60_s8,reg3,prior_prop,0,6310,0.7951807228915663
reg3_m60_s8,reg3,prior_prop,0,6360,0.7951807228915663
reg3_m60_s8,reg3,prior_prop,0,6410,0.7951807228915663
reg3_m60_s8,reg3,prior_prop,0,6460,0.7951807228915663
reg3_m60_s8,reg3,prior_prop,0,6510,0.7951807228915663
reg3_m60_s8,reg3,prior_prop,0,6560,0.7951807228915663
reg3_m60_s8,reg3,prior_prop,0,6610,0.7951807228915663
reg3_m60_s8,reg3,prior_prop,0,6660,0.7951807228915663
reg3_m60_s8,reg3,prior_prop,0,6710,0.7951807228915663
reg3_m60_s8,reg3,prior_prop,0,6760,0.7951807228915663
reg3_m60_s8,reg3,prior_prop,0,6810,0.7951807228915663
reg3_m60_s8,reg3,prior_prop,0,6860,0.7951807228915663
reg3_m60_s8,reg3,prior_prop,0,6910,0.7951807228915663
reg3_m60_s8,reg3,prior_prop,0,6960,0.7951807228915663
reg3_m60_s8,reg3,prior_prop,0,7010,0.7951807228915663
reg3_m60_s8,reg3,prior_prop,0,7060,0.7951807228915663
reg3_m60_s8,reg3,prior_prop,0,7110,0.7951807228915663
reg3_m60_s8,reg3,prior_prop,0,7160,0.7951807228915663
reg3_m60_s8,reg3,prior_prop,0,7210,0.7951807228915663
reg3_m60_s8,reg3,prior_prop,0,7260,0.7951807228915663
reg3_m60_s8,reg3,prior_prop,0,7310,0.7951807228915663
reg3_m60_s8,reg3,prior_prop,0,7360,0.7951807228915663
reg3_m60_s8,reg3,prior_prop,0,7410,0.7951807228915663
reg3_m60_s8,reg3,prior_prop,0,7460,0.7951807228915663
reg3_m60_s8,reg3,prior_prop,0,7510,0.7951807228915663
reg3_m60_s8,reg3,prior_prop,0,7560,0.7951807228915663
reg3_m60_s8,reg3,prior_prop,0,7610,0.7951807228915663
reg3_m60_s8,reg3,prior_prop,0,7660,0.7951807228915663
reg3_m60_s8,reg3,prior_prop,0,7710,0.7951807228915663
reg3_m60_s8,reg3,prior_prop,0,7760,0.7951807228915663
reg3_m60_s8,reg3,prior_prop,0,7810,0.7951807228915663
reg3_m60_s8,reg3,prior_prop,0,7860,0.7951807228915663
reg3_m60_s8,reg3,prior_prop,0,7910,0.7951807228915663
reg3_m60_s8,reg3,prior_prop,0,7960,0.7951807228915663
reg3_m60_s8,reg3,prior_prop,0,8010,0.7951807228915663
reg3_m60_s8,reg3,prior_prop,0,8060,0.7951807228915663
reg3_m60_s8,reg3,prior_prop,0,8110,0.7951807228915663
reg3_m60_s8,reg3,prior_prop,0,8160,0.7951807228915663
reg3_m60_s8,reg3,prior_prop,0,8210,0.7951807228915663
reg3_m60_s8,reg3,prior_prop,0,8260,0.7951807228915663
reg3_m60_s8,reg3,prior_prop,0,8310,0.7951807228915663
reg3_m60_s8,reg3,prior_prop,0,8360,0.7951807228915663
reg3_m60_s8,reg3,prior_prop,0,8410,0.7951807228915663
reg3_m60_s8,reg3,prior_prop,0,8460,0.7951807228915663
reg3_m60_s8,reg3,prior_prop,0,8510,0.7951807228915663
reg3_m60_s8,reg3,prior_prop,0,8560,0.7951807228915663
reg3_m60_s8,reg3,prior_prop,0,8610,0.7951807228915663
reg3_m60_s8,reg3,prior_prop,0,8660,0.7951807228915663
reg3_m60_s8,reg3,prior_prop,0,8710,0.7951807228915663
reg3_m60_s8,reg3,prior_prop,0,8760,0.7951807228915663
reg3_m60_s8,reg3,prior_prop,0,8810,0.7951807228915663
reg3_m60_s8,reg3,prior_prop,0,8860,0.7951807228915663
reg3_m60_s8,reg3,prior_prop,0,8910,0.7951807228915663
reg3_m60_s8,reg3,prior_prop,0,8960,0.7951807228915663
reg3_m60_s8,reg3,prior_prop,0,9010,0.7951807228915663
reg3_m60_s8,reg3,prior_prop,0,9060,0.7951807228915663
reg3_m60_s8,reg3,prior_prop,0,9110,0.7951807228915663
reg3_m60_s8,reg3,prior_prop,0,9160,0.7951807228915663
reg3_m60_s8,reg3,prior_prop,0,9210,0.7951807228915663
reg3_m60_s8,reg3,prior_prop,0,9260,0.7951807228915663
reg3_m60_s8,reg3,prior_prop,0,9310,0.7951807228915663
reg3_m60_s8,reg3,prior_prop,0,9360,0.7951807228915663
reg3_m60_s8,reg3,prior_prop,0,9410,0.7951807228915663
reg3_m60_s8,reg3,prior_prop,0,9460,0.7951807228915663
reg3_m60_s8,reg3,prior_prop,0,9510,0.7951807228915663
reg3_m60_s8,reg3,prior_prop,0,9560,0.7951807228915663
reg3_m60_s8,reg3,prior_prop,0,9610,0.7951807228915663
reg3_m60_s8,reg3,prior_prop,0,9660,0.7951807228915663
reg3_m60_s8,reg3,prior_prop,0,9710,0.7951807228915663
reg3_m60_s8,reg3,prior_prop,0,9760,0.7951807228915663
reg3_m60_s8,reg3,prior_prop,0,9810,0.7951807228915663
reg3_m60_s8,reg3,prior_prop,0,9860,0.7951807228915663
reg3_m60_s8,reg3,prior_prop,0,9910,0.7951807228915663
reg3_m60_s8,reg3,prior_prop,0,9960,0.7951807228915663
reg3_m60_s8,reg3,prior_prop,0,10010,0.7951807228915663
reg3_m60_s8,reg3,prior_prop,0,10060,0.7951807228915663
reg3_m60_s8,reg3,prior_prop,0,10110,0.7951807228915663
reg3_m60_s8,reg3,prior_prop,0,10160,0.7951807228915663
reg3_m60_s8,reg3,prior_prop,0,10210,0.7951807228915663
reg3_m60_s8,reg3,prior_prop,0,10260,0.7951807228915663
reg3_m60_s8,reg3,prior_prop,0,10310,0.7951807228915663
reg3_m60_s8,reg3,prior_prop,0,10360,0.7951807228915663
reg3_m60_s8,reg3,prior_prop,0,10410,0.7951807228915663
reg3_m60_s8,reg3,prior_prop,0,10460,0.7951807228915663
reg3_m60_s8,reg3,prior_prop,0,10510,0.7951807228915663
reg3_m60_s8,reg3,prior_prop,0,10560,0.7951807228915663
reg3_m60_s8,reg3,prior_prop,0,10610,0.7951807228915663
reg3_m60_s8,reg3,prior_prop,0,10660,0.7951807228915663
reg3_m60_s8,reg3,prior_prop,0,10710,0.7951807228915663
reg3_m60_s8,reg3,prior_prop,0,10760,0.7951807228915663
reg3_m60_s8,reg3,prior_prop,0,10810,0.7951807228915663
reg3_m60_s8,reg3,prior_prop,0,10860,0.7951807228915663
reg3_m60_s8,reg3,prior_prop,0,10910,0.7951807228915663
reg3_m60_s8,reg3,prior_prop,0,10960,0.7951807228915663
reg3_m60_s8,reg3,prior_prop,0,11010,0.7951807228915663
reg3_m60_s8,reg3,prior_prop,0,11060,0.7951807228915663
reg3_m60_s8,reg3,prior_prop,0,11110,0.7951807228915663
reg3_m60_s8,reg3,prior_prop,0,11160,0.7951807228915663
reg3_m60_s8,reg3,prior_prop,0,11210,0.7951807228915663
reg3_m60_s8,reg3,prior_prop,0,11260,0.7951807228915663
reg3_m60_s8,reg3,prior_prop,0,11310,0.7951807228915663
reg3_m60_s8,reg3,prior_prop,0,11360,0.7951807228915663
reg3_m60_s8,reg3,prior_prop,0,11410,0.7951807228915663
reg3_m60_s8,reg3,prior_prop,0,11460,0.7951807228915663
reg3_m60_s8,reg3,prior_prop,0,11510,0.7951807228915663
reg3_m60_s8,reg3,prior_prop,0,11560,0.7951807228915663
reg3_m60_s8,reg3,prior_prop,0,11610,0.7951807228915663
reg3_m60_s8,reg3,prior_prop,0,11660,0.7951807228915663
reg3_m60_s8,reg3,prior_prop,0,11710,0.7951807228915663
reg3_m60_s8,reg3,prior_prop,0,11760,0.7951807228915663
reg3_m60_s8,reg3,prior_prop,0,11810,0.7951807228915663
reg3_m60_s8,reg3,prior_prop,0,11860,0.7951807228915663
reg3_m60_s8,reg3,prior_prop,0,11910,0.7951807228915663
reg3_m60_s8,reg3,prior_prop,0,11960,0.7951807228915663
reg3_m60_s8,reg3,prior_prop,0,12010,0.7951807228915663
reg3_m60_s8,reg3,prior_prop,0,12060,0.7951807228915663
reg3_m60_s8,reg3,prior_prop,0,12110,0.7951807228915663
reg3_m60_s8,reg3,prior_prop,0,12160,0.7951807228915663
reg3_m60_s8,reg3,prior_prop,0,12210,0.7951807228915663
reg3_m60_s8,reg3,prior_prop,0,12260,0.7951807228915663
reg3_m60_s8,reg3,prior_prop,0,12310,0.7951807228915663
reg3_m60_s8,reg3,prior_prop,0,12360,0.7951807228915663
reg3_m60_s8,reg3,prior_prop,0,12410,0.7951807228915663
reg3_m60_s8,reg3,prior_prop,0,12460,0.7951807228915663
reg3_m60_s8,reg3,prior_prop,0,12510,0.7951807228915663
reg3_m60_s8,reg3,prior_prop,0,12560,0.7951807228915663
reg3_m60_s8,reg3,prior_prop,0,12610,0.7951807228915663
reg3_m60_s8,reg3,prior_prop,0,12660,0.7951807228915663
reg3_m60_s8,reg3,prior_prop,0,12710,0.7951807228915663
reg3_m60_s8,reg3,prior_prop,0,12760,0.7951807228915663
reg3_m60_s8,reg3,prior_prop,0,12810,0.7951807228915663
reg3_m60_s8,reg3,prior_prop,0,12860,0.7951807228915663
reg3_m60_s8,reg3,prior_prop,0,12910,0.7951807228915663
reg3_m60_s8,reg3,prior_prop,0,12960,0.7951807228915663
reg3_m60_s8,reg3,prior_prop,0,13010,0.7951807228915663
reg3_m60_s8,reg3,prior_prop,0,13060,0.7951807228915663
reg3_m60_s8,reg3,prior_prop,0,13110,0.7951807228915663
reg3_m60_s8,reg3,prior_prop,0,13160,0.7951807228915663
reg3_m60_s8,reg3,prior_prop,0,13210,0.7951807228915663
reg3_m60_s8,reg3,prior_prop,0,13260,0.7951807228915663
reg3_m60_s8,reg3,prior_prop,0,13310,0.7951807228915663
reg3_m60_s8,reg3,prior_prop,0,13360,0.7951807228915663
reg3_m60_s8,reg3,prior_prop,0,13410,0.7951807228915663
reg3_m60_s8,reg3,prior_prop,0,13460,0.7951807228915663
reg3_m60_s8,reg3,prior_prop,0,13510,0.7951807228915663
reg3_m60_s8,reg3,prior_prop,0,13560,0.7951807228915663
reg3_m60_s8,reg3,prior_prop,0,13610,0.7951807228915663
reg3_m60_s8,reg3,prior_prop,0,13660,0.7951807228915663
reg3_m60_s8,reg3,prior_prop,0,13710,0.7951807228915663
reg3_m60_s8,reg3,prior_prop,0,13760,0.7951807228915663
reg3_m60_s8,reg3,prior_prop,0,13810,0.7951807228915663
reg3_m60_s8,reg3,prior_prop,0,13860,0.7951807228915663
reg3_m60_s8,reg3,prior_prop,0,13910,0.7951807228915663
reg3_m60_s8,reg3,prior_prop,0,13960,0.7951807228915663
reg3_m60_s8,reg3,prior_prop,0,14010,0.7951807228915663
reg3_m60_s8,reg3,prior_prop,0,14060,0.7951807228915663
reg3_m60_s8,reg3,prior_prop,0,14110,0.7951807228915663
reg3_m60_s8,reg3,prior_prop,0,14160,0.7951807228915663
reg3_m60_s8,reg3,prior_prop,0,14210,0.7951807228915663
reg3_m60_s8,reg3,prior_prop,0,14260,0.7951807228915663
reg3_m60_s8,reg3,prior_prop,0,14310,0.7951807228915663
reg3_m60_s8,reg3,prior_prop,0,14360,0.7951807228915663
reg3_m60_s8,reg3,prior_prop,0,14410,0.7951807228915663
reg3_m60_s8,reg3,prior_prop,0,14460,0.7951807228915663
reg3_m60_s8,reg3,prior_prop,0,14510,0.7951807228915663
reg3_m60_s8,reg3,prior_prop,0,14560,0.7951807228915663
reg3_m60_s8,reg3,prior_prop,0,14610,0.7951807228915663
reg3_m60_s8,reg3,prior_prop,0,14660,0.7951807228915663
reg3_m60_s8,reg3,prior_prop,0,14710,0.7951807228915663
reg3_m60_s8,reg3,prior_prop,0,14760,0.7951807228915663
reg3_m60_s8,reg3,prior_prop,0,14810,0.7951807228915663
reg3_m60_s8,reg3,prior_prop,0,14860,0.7951807228915663
reg3_m60_s8,reg3,prior_prop,0,14910,0.7951807228915663
reg3_m60_s8,reg3,prior_prop,0,14960,0.7951807228915663
reg3_m60_s8,reg3,prior_prop,0,15010,0.7951807228915663
reg3_m60_s8,reg3,prior_prop,0,15060,0.7951807228915663
reg3_m60_s8,reg3,prior_prop,0,15110,0.7951807228915663
reg3_m60_s8,reg3,prior_prop,0,15160,0.7951807228915663
reg3_m60_s8,reg3,prior_prop,0,15210,0.7951807228915663
reg3_m60_s8,reg3,prior_prop,0,15260,0.7951807228915663
reg3_m60_s8,reg3,prior_prop,0,15310,0.7951807228915663
reg3_m60_s8,reg3,prior_prop,0,15360,0.7951807228915663
reg3_m60_s8,reg3,prior_prop,0,15410,0.7951807228915663
reg3_m60_s8,reg3,prior_prop,0,15460,0.7951807228915663
reg3_m60_s8,reg3,prior_prop,0,15510,0.7951807228915663
reg3_m60_s8,reg3,prior_prop,0,15560,0.7951807228915663
reg3_m60_s8,reg3,prior_prop,0,15610,0.7951807228915663
reg3_m60_s8,reg3,prior_prop,0,15660,0.7951807228915663
reg3_m60_s8,reg3,prior_prop,0,15710,0.7951807228915663
reg3_m60_s8,reg3,prior_prop,0,15760,0.7951807228915663
reg3_m60_s8,reg3,prior_prop,0,15810,0.7951807228915663
reg3_m60_s8,reg3,prior_prop,0,15860,0.7951807228915663
reg3_m60_s8,reg3,prior_prop,0,15910,0.7951807228915663
reg3_m60_s8,reg3,prior_prop,0,15960,0.7951807228915663
reg3_m60_s8,reg3,prior_prop,0,16010,0.7951807228915663
reg3_m60_s8,reg3,prior_prop,0,16060,0.7951807228915663
reg3_m60_s8,reg3,prior_prop,0,16110,0.7951807228915663
reg3_m60_s8,reg3,prior_prop,0,16160,0.7951807228915663
reg3_m60_s8,reg3,prior_prop,0,16210,0.7951807228915663
reg3_m60_s8,reg3,prior_prop,0,16260,0.7951807228915663
reg3_m60_s8,reg3,prior_prop,0,16310,0.7951807228915663
reg3_m60_s8,reg3,prior_prop,0,16360,0.7951807228915663
reg3_m60_s8,reg3,prior_prop,0,16410,0.7951807228915663
reg3_m60_s8,reg3,prior_prop,0,16460,0.7951807228915663
reg3_m60_s8,reg3,prior_prop,0,16510,0.7951807228915663
reg3_m60_s8,reg3,prior_prop,0,16560,0.7951807228915663
reg3_m60_s8,reg3,prior_prop,0,16610,0.7951807228915663
reg3_m60_s8,reg3,prior_prop,0,16660,0.7951807228915663
reg3_m60_s8,reg3,prior_prop,0,16710,0.7951807228915663
reg3_m60_s8,reg3,prior_prop,0,16760,0.7951807228915663
reg3_m60_s8,reg3,prior_prop,0,16810,0.7951807228915663
reg3_m60_s8,reg3,prior_prop,0,16860,0.7951807228915663
reg3_m60_s8,reg3,prior_prop,0,16910,0.7951807228915663
reg3_m60_s8,reg3,prior_prop,0,16960,0.7951807228915663
reg3_m60_s8,reg3,prior_prop,0,17010,0.7951807228915663
reg3_m60_s8,reg3,prior_prop,0,17060,0.7951807228915663
reg3_m60_s8,reg3,prior_prop,0,17110,0.7951807228915663
reg3_m60_s8,reg3,prior_prop,0,17160,0.7951807228915663
reg3_m60_s8,reg3,prior_prop,0,17210,0.7951807228915663
reg3_m60_s8,reg3,prior_prop,0,17260,0.7951807228915663
reg3_m60_s8,reg3,prior_prop,0,17310,0.7951807228915663
reg3_m60_s8,reg3,prior_prop,0,17360,0.7951807228915663
reg3_m60_s8,reg3,prior_prop,0,17410,0.7951807228915663
reg3_m60_s8,reg3,prior_prop,0,17460,0.7951807228915663
reg3_m60_s8,reg3,prior_prop,0,17510,0.7951807228915663
reg3_m60_s8,reg3,prior_prop,0,17560,0.7951807228915663
reg3_m60_s8,reg3,prior_prop,0,17610,0.7951807228915663
reg3_m60_s8,reg3,prior_prop,0,17660,0.7951807228915663
reg3_m60_s8,reg3,prior_prop,0,17710,0.7951807228915663
reg3_m60_s8,reg3,prior_prop,0,17760,0.7951807228915663
reg3_m60_s8,reg3,prior_prop,0,17810,0.7951807228915663
reg3_m60_s8,reg3,prior_prop,0,17860,0.7951807228915663
reg3_m60_s8,reg3,prior_prop,0,17910,0.7951807228915663
reg3_m60_s8,reg3,prior_prop,0,17960,0.7951807228915663
reg3_m60_s8,reg3,prior_prop,0,18010,0.7951807228915663
reg3_m60_s8,reg3,prior_prop,0,18060,0.7951807228915663
reg3_m60_s8,reg3,prior_prop,0,18110,0.7951807228915663
reg3_m60_s8,reg3,prior_prop,0,18160,0.7951807228915663
reg3_m60_s8,reg3,prior_prop,0,18210,0.7951807228915663
reg3_m60_s8,reg3,prior_prop,0,18260,0.7951807228915663
reg3_m60_s8,reg3,prior_prop,0,18310,0.7951807228915663
reg3_m60_s8,reg3,prior_prop,0,18360,0.7951807228915663
reg3_m60_s8,reg3,prior_prop,0,18410,0.7951807228915663
reg3_m60_s8,reg3,prior_prop,0,18460,0.7951807228915663
reg3_m60_s8,reg3,prior_prop,0,18510,0.7951807228915663
reg3_m60_s8,reg3,prior_prop,0,18560,0.7951807228915663
reg3_m60_s8,reg3,prior_prop,0,18610,0.7951807228915663
reg3_m60_s8,reg3,prior_prop,0,18660,0.7951807228915663
reg3_m60_s8,reg3,prior_prop,0,18710,0.7951807228915663
reg3_m60_s8,reg3,prior_prop,0,18760,0.7951807228915663
reg3_m60_s8,reg3,prior_prop,0,18810,0.7951807228915663
reg3_m60_s8,reg3,prior_prop,0,18860,0.7951807228915663
reg3_m60_s8,reg3,prior_prop,0,18910,0.7951807228915663
reg3_m60_s8,reg3,prior_prop,0,18960,0.7951807228915663
reg3_m60_s8,reg3,prior_prop,0,19010,0.7951807228915663
reg3_m60_s8,reg3,prior_prop,0,19060,0.7951807228915663
reg3_m60_s8,reg3,prior_prop,0,19110,0.7951807228915663
reg3_m60_s8,reg3,prior_prop,0,19160,0.7951807228915663
reg3_m60_s8,reg3,prior_prop,0,19210,0.7951807228915663
reg3_m60_s8,reg3,prior_prop,0,19260,0.7951807228915663
reg3_m60_s8,reg3,prior_prop,0,19310,0.7951807228915663
reg3_m60_s8,reg3,prior_prop,0,19360,0.7951807228915663
reg3_m60_s8,reg3,prior_prop,0,19410,0.7951807228915663
reg3_m60_s8,reg3,prior_prop,0,19460,0.7951807228915663
reg3_m60_s8,reg3,prior_prop,0,19510,0.7951807228915663
reg3_m60_s8,reg3,prior_prop,0,19560,0.7951807228915663
reg3_m60_s8,reg3,prior_prop,0,19610,0.7951807228915663
reg3_m60_s8,reg3,prior_prop,0,19660,0.7951807228915663
reg3_m60_s8,reg3,prior_prop,0,19710,0.7951807228915663
reg3_m60_s8,reg3,prior_prop,0,19760,0.7951807228915663
reg3_m60_s8,reg3,prior_prop,0,19810,0.7951807228915663
reg3_m60_s8,reg3,prior_prop,0,19860,0.7951807228915663
reg3_m60_s8,reg3,prior_prop,0,19910,0.7951807228915663
reg3_m60_s8,reg3,prior_prop,0,19960,0.7951807228915663
reg3_m60_s8,reg3,prior_prop,0,20010,0.7951807228915663
reg3_m60_s8,reg3,db_rescore,0,10,0.7590361445783133
reg3_m60_s8,reg3,db_rescore,0,60,0.7590361445783133
reg3_m60_s8,reg3,db_rescore,0,110,0.7590361445783133
reg3_m60_s8,reg3,db_rescore,0,160,0.7590361445783133
reg3_m60_s8,reg3,db_rescore,0,210,0.7590361445783133
reg3_m60_s8,reg3,db_rescore,0,260,0.7590361445783133
reg3_m60_s8,reg3,db_rescore,0,310,0.7831325301204819
reg3_m60_s8,reg3,db_rescore,0,360,0.7831325301204819
reg3_m60_s8,reg3,db_rescore,0,410,0.7831325301204819
reg3_m60_s8,reg3,db_rescore,0,460,0.7590361445783133
reg3_m60_s8,reg3,db_rescore,0,510,0.7590361445783133
reg3_m60_s8,reg3,db_rescore,0,560,0.7590361445783133
reg3_m60_s8,reg3,db_rescore,0,610,0.7590361445783133
reg3_m60_s8,reg3,db_rescore,0,660,0.7590361445783133
reg3_m60_s8,reg3,db_rescore,0,710,0.7710843373493976
reg3_m60_s8,reg3,db_rescore,0,760,0.7710843373493976
reg3_m60_s8,reg3,db_rescore,0,810,0.7710843373493976
reg3_m60_s8,reg3,db_rescore,0,860,0.7710843373493976
reg3_m60_s8,reg3,db_rescore,0,910,0.7590361445783133
reg3_m60_s8,reg3,db_rescore,0,960,0.7710843373493976
reg3_m60_s8,reg3,db_rescore,0,1010,0.7710843373493976
reg3_m60_s8,reg3,db_rescore,0,1060,0.7951807228915663
reg3_m60_s8,reg3,db_rescore,0,1110,0.7951807228915663
reg3_m60_s8,reg3,db_rescore,0,1160,0.8072289156626506
reg3_m60_s8,reg3,db_rescore,0,1210,0.8072289156626506
reg3_m60_s8,reg3,db_rescore,0,1260,0.8072289156626506
reg3_m60_s8,reg3,db_rescore,0,1310,0.8072289156626506
reg3_m60_s8,reg3,db_rescore,0,1360,0.8072289156626506
reg3_m60_s8,reg3,db_rescore,0,1410,0.8072289156626506
reg3_m60_s8,reg3,db_rescore,0,1460,0.8072289156626506
reg3_m60_s8,reg3,db_rescore,0,1510,0.8072289156626506
reg3_m60_s8,reg3,db_rescore,0,1560,0.8072289156626506
reg3_m60_s8,reg3,db_rescore,0,1610,0.8072289156626506
reg3_m60_s8,reg3,db_rescore,0,1660,0.8072289156626506
reg3_m60_s8,reg3,db_rescore,0,1710,0.8072289156626506
reg3_m60_s8,reg3,db_rescore,0,1760,0.8072289156626506
reg3_m60_s8,reg3,db_rescore,0,1810,0.8072289156626506
reg3_m60_s8,reg3,db_rescore,0,1860,0.8072289156626506
reg3_m60_s8,reg3,db_rescore,0,1910,0.8072289156626506
reg3_m60_s8,reg3,db_rescore,0,1960,0.8313253012048193
reg3_m60_s8,reg3,db_rescore,0,2010,0.8313253012048193
reg3_m60_s8,reg3,db_rescore,0,2060,0.8554216867469879
reg3_m60_s8,reg3,db_rescore,0,2110,0.8554216867469879
reg3_m60_s8,reg3,db_rescore,0,2160,0.8554216867469879
reg3_m60_s8,reg3,db_rescore,0,2210,0.8554216867469879
reg3_m60_s8,reg3,db_rescore,0,2260,0.8674698795180723
reg3_m60_s8,reg3,db_rescore,0,2310,0.8674698795180723
reg3_m60_s8,reg3,db_rescore,0,2360,0.8674698795180723
reg3_m60_s8,reg3,db_rescore,0,2410,0.8674698795180723
reg3_m60_s8,reg3,db_rescore,0,2460,0.8674698795180723
reg3_m60_s8,reg3,db_rescore,0,2510,0.8674698795180723
reg3_m60_s8,reg3,db_rescore,0,2560,0.8674698795180723
reg3_m60_s8,reg3,db_rescore,0,2610,0.8674698795180723
reg3_m60_s8,reg3,db_rescore,0,2660,0.8674698795180723
reg3_m60_s8,reg3,db_rescore,0,2710,0.8674698795180723
reg3_m60_s8,reg3,db_rescore,0,2760,0.8554216867469879
reg3_m60_s8,reg3,db_rescore,0,2810,0.8554216867469879
reg3_m60_s8,reg3,db_rescore,0,2860,0.8554216867469879
reg3_m60_s8,reg3,db_rescore,0,2910,0.8674698795180723
reg3_m60_s8,reg3,db_rescore,0,2960,0.8674698795180723
reg3_m60_s8,reg3,db_rescore,0,3010,0.8674698795180723
reg3_m60_s8,reg3,db_rescore,0,3060,0.8674698795180723
reg3_m60_s8,reg3,db_rescore,0,3110,0.8674698795180723
reg3_m60_s8,reg3,db_rescore,0,3160,0.8674698795180723
reg3_m60_s8,reg3,db_rescore,0,3210,0.8674698795180723
reg3_m60_s8,reg3,db_rescore,0,3260,0.8674698795180723
reg3_m60_s8,reg3,db_rescore,0,3310,0.8554216867469879
reg3_m60_s8,reg3,db_rescore,0,3360,0.8554216867469879
reg3_m60_s8,reg3,db_rescore,0,3410,0.8554216867469879
reg3_m60_s8,reg3,db_rescore,0,3460,0.8554216867469879
reg3_m60_s8,reg3,db_rescore,0,3510,0.8554216867469879
reg3_m60_s8,reg3,db_rescore,0,3560,0.8554216867469879
reg3_m60_s8,reg3,db_rescore,0,3610,0.8674698795180723
reg3_m60_s8,reg3,db_rescore,0,3660,0.8674698795180723
reg3_m60_s8,reg3,db_rescore,0,3710,0.8674698795180723
reg3_m60_s8,reg3,db_rescore,0,3760,0.8674698795180723
reg3_m60_s8,reg3,db_rescore,0,3810,0.8674698795180723
reg3_m60_s8,reg3,db_rescore,0,3860,0.8674698795180723
reg3_m60_s8,reg3,db_rescore,0,3910,0.8674698795180723
reg3_m60_s8,reg3,db_rescore,0,3960,0.8674698795180723
reg3_m60_s8,reg3,db_rescore,0,4010,0.8674698795180723
reg3_m60_s8,reg3,db_rescore,0,4060,0.8674698795180723
reg3_m60_s8,reg3,db_rescore,0,4110,0.8674698795180723
reg3_m60_s8,reg3,db_rescore,0,4160,0.8674698795180723
reg3_m60_s8,reg3,db_rescore,0,4210,0.8674698795180723
reg3_m60_s8,reg3,db_rescore,0,4260,0.8674698795180723
reg3_m60_s8,reg3,db_rescore,0,4310,0.8674698795180723
reg3_m60_s8,reg3,db_rescore,0,4360,0.8674698795180723
reg3_m60_s8,reg3,db_rescore,0,4410,0.8674698795180723
reg3_m60_s8,reg3,db_rescore,0,4460,0.8554216867469879
reg3_m60_s8,reg3,db_rescore,0,4510,0.8554216867469879
reg3_m60_s8,reg3,db_rescore,0,4560,0.8554216867469879
reg3_m60_s8,reg3,db_rescore,0,4610,0.8554216867469879
reg3_m60_s8,reg3,db_rescore,0,4660,0.8554216867469879
reg3_m60_s8,reg3,db_rescore,0,4710,0.8554216867469879
reg3_m60_s8,reg3,db_rescore,0,4760,0.8554216867469879
reg3_m60_s8,reg3,db_rescore,0,4810,0.8554216867469879
reg3_m60_s8,reg3,db_rescore,0,4860,0.8674698795180723
reg3_m60_s8,reg3,db_rescore,0,4910,0.8674698795180723
reg3_m60_s8,reg3,db_rescore,0,4960,0.8674698795180723
reg3_m60_s8,reg3,db_rescore,0,5010,0.8674698795180723
reg3_m60_s8,reg3,db_rescore,0,5060,0.8674698795180723
reg3_m60_s8,reg3,db_rescore,0,5110,0.8674698795180723
reg3_m60_s8,reg3,db_rescore,0,5160,0.8674698795180723
reg3_m60_s8,reg3,db_rescore,0,5210,0.8674698795180723
reg3_m60_s8,reg3,db_rescore,0,5260,0.8674698795180723
reg3_m60_s8,reg3,db_rescore,0,5310,0.8674698795180723
reg3_m60_s8,reg3,db_rescore,0,5360,0.8674698795180723
reg3_m60_s8,reg3,db_rescore,0,5410,0.8674698795180723
reg3_m60_s8,reg3,db_rescore,0,5460,0.8674698795180723
reg3_m60_s8,reg3,db_rescore,0,5510,0.8674698795180723
reg3_m60_s8,reg3,db_rescore,0,5560,0.8674698795180723
reg3_m60_s8,reg3,db_rescore,0,5610,0.8674698795180723
reg3_m60_s8,reg3,db_rescore,0,5660,0.8674698795180723
reg3_m60_s8,reg3,db_rescore,0,5710,0.8674698795180723
reg3_m60_s8,reg3,db_rescore,0,5760,0.8674698795180723
reg3_m60_s8,reg3,db_rescore,0,5810,0.8674698795180723
reg3_m60_s8,reg3,db_rescore,0,5860,0.8674698795180723
reg3_m60_s8,reg3,db_rescore,0,5910,0.8674698795180723
reg3_m60_s8,reg3,db_rescore,0,5960,0.8674698795180723
reg3_m60_s8,reg3,db_rescore,0,6010,0.8674698795180723
reg3_m60_s8,reg3,db_rescore,0,6060,0.8674698795180723
reg3_m60_s8,reg3,db_rescore,0,6110,0.8674698795180723
reg3_m60_s8,reg3,db_rescore,0,6160,0.8674698795180723
reg3_m60_s8,reg3,db_rescore,0,6210,0.8674698795180723
reg3_m60_s8,reg3,db_rescore,0,6260,0.8674698795180723
reg3_m60_s8,reg3,db_rescore,0,6310,0.8674698795180723
reg3_m60_s8,reg3,db_rescore,0,6360,0.8674698795180723
reg3_m60_s8,reg3,db_rescore,0,6410,0.8674698795180723
reg3_m60_s8,reg3,db_rescore,0,6460,0.8674698795180723
reg3_m60_s8,reg3,db_rescore,0,6510,0.8674698795180723
reg3_m60_s8,reg3,db_rescore,0,6560,0.8674698795180723
reg3_m60_s8,reg3,db_rescore,0,6610,0.8674698795180723
reg3_m60_s8,reg3,db_rescore,0,6660,0.8674698795180723
reg3_m60_s8,reg3,db_rescore,0,6710,0.8674698795180723
reg3_m60_s8,reg3,db_rescore,0,6760,0.8674698795180723
reg3_m60_s8,reg3,db_rescore,0,6810,0.8674698795180723
reg3_m60_s8,reg3,db_rescore,0,6860,0.8674698795180723
reg3_m60_s8,reg3,db_rescore,0,6910,0.8674698795180723
reg3_m60_s8,reg3,db_rescore,0,6960,0.8674698795180723
reg3_m60_s8,reg3,db_rescore,0,7010,0.8674698795180723
reg3_m60_s8,reg3,db_rescore,0,7060,0.8674698795180723
reg3_m60_s8,reg3,db_rescore,0,7110,0.8674698795180723
reg3_m60_s8,reg3,db_rescore,0,7160,0.8674698795180723
reg3_m60_s8,reg3,db_rescore,0,7210,0.8674698795180723
reg3_m60_s8,reg3,db_rescore,0,7260,0.8674698795180723
reg3_m60_s8,reg3,db_rescore,0,7310,0.8674698795180723
reg3_m60_s8,reg3,db_rescore,0,7360,0.8674698795180723
reg3_m60_s8,reg3,db_rescore,0,7410,0.8674698795180723
reg3_m60_s8,reg3,db_rescore,0,7460,0.8674698795180723
reg3_m60_s8,reg3,db_rescore,0,7510,0.8674698795180723
reg3_m60_s8,reg3,db_rescore,0,7560,0.8674698795180723
reg3_m60_s8,reg3,db_rescore,0,7610,0.8674698795180723
reg3_m60_s8,reg3,db_rescore,0,7660,0.8674698795180723
reg3_m60_s8,reg3,db_rescore,0,7710,0.8674698795180723
reg3_m60_s8,reg3,db_rescore,0,7760,0.8674698795180723
reg3_m60_s8,reg3,db_rescore,0,7810,0.8674698795180723
reg3_m60_s8,reg3,db_rescore,0,7860,0.8674698795180723
reg3_m60_s8,reg3,db_rescore,0,7910,0.8674698795180723
reg3_m60_s8,reg3,db_rescore,0,7960,0.8795180722891566
reg3_m60_s8,reg3,db_rescore,0,8010,0.8795180722891566
reg3_m60_s8,reg3,db_rescore,0,8060,0.8795180722891566
reg3_m60_s8,reg3,db_rescore,0,8110,0.8795180722891566
reg3_m60_s8,reg3,db_rescore,0,8160,0.8795180722891566
reg3_m60_s8,reg3,db_rescore,0,8210,0.8795180722891566
reg3_m60_s8,reg3,db_rescore,0,8260,0.8795180722891566
reg3_m60_s8,reg3,db_rescore,0,8310,0.8795180722891566
reg3_m60_s8,reg3,db_rescore,0,8360,0.8795180722891566
reg3_m60_s8,reg3,db_rescore,0,8410,0.8795180722891566
reg3_m60_s8,reg3,db_rescore,0,8460,0.8795180722891566
reg3_m60_s8,reg3,db_rescore,0,8510,0.8795180722891566
reg3_m60_s8,reg3,db_rescore,0,8560,0.8795180722891566
reg3_m60_s8,reg3,db_rescore,0,8610,0.8795180722891566
reg3_m60_s8,reg3,db_rescore,0,8660,0.8674698795180723
reg3_m60_s8,reg3,db_rescore,0,8710,0.8674698795180723
reg3_m60_s8,reg3,db_rescore,0,8760,0.8674698795180723
reg3_m60_s8,reg3,db_rescore,0,8810,0.8795180722891566
reg3_m60_s8,reg3,db_rescore,0,8860,0.8795180722891566
reg3_m60_s8,reg3,db_rescore,0,8910,0.8795180722891566
reg3_m60_s8,reg3,db_rescore,0,8960,0.8795180722891566
reg3_m60_s8,reg3,db_rescore,0,9010,0.8795180722891566
reg3_m60_s8,reg3,db_rescore,0,9060,0.8795180722891566
reg3_m60_s8,reg3,db_rescore,0,9110,0.8795180722891566
reg3_m60_s8,reg3,db_rescore,0,9160,0.8674698795180723
reg3_m60_s8,reg3,db_rescore,0,9210,0.8674698795180723
reg3_m60_s8,reg3,db_rescore,0,9260,0.8674698795180723
reg3_m60_s8,reg3,db_rescore,0,9310,0.8674698795180723
reg3_m60_s8,reg3,db_rescore,0,9360,0.8674698795180723
reg3_m60_s8,reg3,db_rescore,0,9410,0.8674698795180723
reg3_m60_s8,reg3,db_rescore,0,9460,0.8674698795180723
reg3_m60_s8,reg3,db_rescore,0,9510,0.8674698795180723
reg3_m60_s8,reg3,db_rescore,0,9560,0.8674698795180723
reg3_m60_s8,reg3,db_rescore,0,9610,0.8674698795180723
reg3_m60_s8,reg3,db_rescore,0,9660,0.8674698795180723
reg3_m60_s8,reg3,db_rescore,0,9710,0.8674698795180723
reg3_m60_s8,reg3,db_rescore,0,9760,0.8674698795180723
reg3_m60_s8,reg3,db_rescore,0,9810,0.8674698795180723
reg3_m60_s8,reg3,db_rescore,0,9860,0.8674698795180723
reg3_m60_s8,reg3,db_rescore,0,9910,0.8674698795180723
reg3_m60_s8,reg3,db_rescore,0,9960,0.8674698795180723
reg3_m60_s8,reg3,db_rescore,0,10010,0.8674698795180723
reg3_m60_s8,reg3,db_rescore,0,10060,0.8674698795180723
reg3_m60_s8,reg3,db_rescore,0,10110,0.8674698795180723
reg3_m60_s8,reg3,db_rescore,0,10160,0.8674698795180723
reg3_m60_s8,reg3,db_rescore,0,10210,0.8674698795180723
reg3_m60_s8,reg3,db_rescore,0,10260,0.8674698795180723
reg3_m60_s8,reg3,db_rescore,0,10310,0.8674698795180723
reg3_m60_s8,reg3,db_rescore,0,10360,0.8674698795180723
reg3_m60_s8,reg3,db_rescore,0,10410,0.8674698795180723
reg3_m60_s8,reg3,db_rescore,0,10460,0.8674698795180723
reg3_m60_s8,reg3,db_rescore,0,10510,0.8674698795180723
reg3_m60_s8,reg3,db_rescore,0,10560,0.8674698795180723
reg3_m60_s8,reg3,db_rescore,0,10610,0.8674698795180723
reg3_m60_s8,reg3,db_rescore,0,10660,0.8674698795180723
reg3_m60_s8,reg3,db_rescore,0,10710,0.8674698795180723
reg3_m60_s8,reg3,db_rescore,0,10760,0.8795180722891566
reg3_m60_s8,reg3,db_rescore,0,10810,0.8795180722891566
reg3_m60_s8,reg3,db_rescore,0,10860,0.8795180722891566
reg3_m60_s8,reg3,db_rescore,0,10910,0.8795180722891566
reg3_m60_s8,reg3,db_rescore,0,10960,0.8795180722891566
reg3_m60_s8,reg3,db_rescore,0,11010,0.8795180722891566
reg3_m60_s8,reg3,db_rescore,0,11060,0.8795180722891566
reg3_m60_s8,reg3,db_rescore,0,11110,0.8795180722891566
reg3_m60_s8,reg3,db_rescore,0,11160,0.8795180722891566
reg3_m60_s8,reg3,db_rescore,0,11210,0.8795180722891566
reg3_m60_s8,reg3,db_rescore,0,11260,0.8795180722891566
reg3_m60_s8,reg3,db_rescore,0,11310,0.8795180722891566
reg3_m60_s8,reg3,db_rescore,0,11360,0.8795180722891566
reg3_m60_s8,reg3,db_rescore,0,11410,0.8795180722891566
reg3_m60_s8,reg3,db_rescore,0,11460,0.8795180722891566
reg3_m60_s8,reg3,db_rescore,0,11510,0.8795180722891566
reg3_m60_s8,reg3,db_rescore,0,11560,0.8795180722891566
reg3_m60_s8,reg3,db_rescore,0,11610,0.8795180722891566
reg3_m60_s8,reg3,db_rescore,0,11660,0.8795180722891566
reg3_m60_s8,reg3,db_rescore,0,11710,0.8795180722891566
reg3_m60_s8,reg3,db_rescore,0,11760,0.8795180722891566
reg3_m60_s8,reg3,db_rescore,0,11810,0.8795180722891566
reg3_m60_s8,reg3,db_rescore,0,11860,0.8795180722891566
reg3_m60_s8,reg3,db_rescore,0,11910,0.8795180722891566
reg3_m60_s8,reg3,db_rescore,0,11960,0.8795180722891566
reg3_m60_s8,reg3,db_rescore,0,12010,0.8795180722891566
reg3_m60_s8,reg3,db_rescore,0,12060,0.8795180722891566
reg3_m60_s8,reg3,db_rescore,0,12110,0.8795180722891566
reg3_m60_s8,reg3,db_rescore,0,12160,0.8795180722891566
reg3_m60_s8,reg3,db_rescore,0,12210,0.8795180722891566
reg3_m60_s8,reg3,db_rescore,0,12260,0.8795180722891566
reg3_m60_s8,reg3,db_rescore,0,12310,0.8795180722891566
reg3_m60_s8,reg3,db_rescore,0,12360,0.8795180722891566
reg3_m60_s8,reg3,db_rescore,0,12410,0.8795180722891566
reg3_m60_s8,reg3,db_rescore,0,12460,0.8795180722891566
reg3_m60_s8,reg3,db_rescore,0,12510,0.8795180722891566
reg3_m60_s8,reg3,db_rescore,0,12560,0.8795180722891566
reg3_m60_s8,reg3,db_rescore,0,12610,0.8795180722891566
reg3_m60_s8,reg3,db_rescore,0,12660,0.8795180722891566
reg3_m60_s8,reg3,db_rescore,0,12710,0.8795180722891566
reg3_m60_s8,reg3,db_rescore,0,12760,0.8795180722891566
reg3_m60_s8,reg3,db_rescore,0,12810,0.8795180722891566
reg3_m60_s8,reg3,db_rescore,0,12860,0.8795180722891566
reg3_m60_s8,reg3,db_rescore,0,12910,0.8795180722891566
reg3_m60_s8,reg3,db_rescore,0,12960,0.8795180722891566
reg3_m60_s8,reg3,db_rescore,0,13010,0.8795180722891566
reg3_m60_s8,reg3,db_rescore,0,13060,0.8795180722891566
reg3_m60_s8,reg3,db_rescore,0,13110,0.8795180722891566
reg3_m60_s8,reg3,db_rescore,0,13160,0.8795180722891566
reg3_m60_s8,reg3,db_rescore,0,13210,0.8795180722891566
reg3_m60_s8,reg3,db_rescore,0,13260,0.8795180722891566
reg3_m60_s8,reg3,db_rescore,0,13310,0.8795180722891566
reg3_m60_s8,reg3,db_rescore,0,13360,0.8795180722891566
reg3_m60_s8,reg3,db_rescore,0,13410,0.8795180722891566
reg3_m60_s8,reg3,db_rescore,0,13460,0.8795180722891566
reg3_m60_s8,reg3,db_rescore,0,13510,0.8795180722891566
reg3_m60_s8,reg3,db_rescore,0,13560,0.8795180722891566
reg3_m60_s8,reg3,db_rescore,0,13610,0.8795180722891566
reg3_m60_s8,reg3,db_rescore,0,13660,0.8795180722891566
reg3_m60_s8,reg3,db_rescore,0,13710,0.8795180722891566
reg3_m60_s8,reg3,db_rescore,0,13760,0.8795180722891566
reg3_m60_s8,reg3,db_rescore,0,13810,0.8795180722891566
reg3_m60_s8,reg3,db_rescore,0,13860,0.8795180722891566
reg3_m60_s8,reg3,db_rescore,0,13910,0.8795180722891566
reg3_m60_s8,reg3,db_rescore,0,13960,0.8795180722891566
reg3_m60_s8,reg3,db_rescore,0,14010,0.8795180722891566
reg3_m60_s8,reg3,db_rescore,0,14060,0.8795180722891566
reg3_m60_s8,reg3,db_rescore,0,14110,0.8795180722891566
reg3_m60_s8,reg3,db_rescore,0,14160,0.8795180722891566
reg3_m60_s8,reg3,db_rescore,0,14210,0.8795180722891566
reg3_m60_s8,reg3,db_rescore,0,14260,0.8795180722891566
reg3_m60_s8,reg3,db_rescore,0,14310,0.8795180722891566
reg3_m60_s8,reg3,db_rescore,0,14360,0.8795180722891566
reg3_m60_s8,reg3,db_rescore,0,14410,0.8795180722891566
reg3_m60_s8,reg3,db_rescore,0,14460,0.8795180722891566
reg3_m60_s8,reg3,db_rescore,0,14510,0.8795180722891566
reg3_m60_s8,reg3,db_rescore,0,14560,0.8795180722891566
reg3_m60_s8,reg3,db_rescore,0,14610,0.8795180722891566
reg3_m60_s8,reg3,db_rescore,0,14660,0.8795180722891566
reg3_m60_s8,reg3,db_rescore,0,14710,0.8795180722891566
reg3_m60_s8,reg3,db_rescore,0,14760,0.8795180722891566
reg3_m60_s8,reg3,db_rescore,0,14810,0.8795180722891566
reg3_m60_s8,reg3,db_rescore,0,14860,0.8795180722891566
reg3_m60_s8,reg3,db_rescore,0,14910,0.8795180722891566
reg3_m60_s8,reg3,db_rescore,0,14960,0.8795180722891566
reg3_m60_s8,reg3,db_rescore,0,15010,0.8795180722891566
reg3_m60_s8,reg3,db_rescore,0,15060,0.8795180722891566
reg3_m60_s8,reg3,db_rescore,0,15110,0.8795180722891566
reg3_m60_s8,reg3,db_rescore,0,15160,0.8795180722891566
reg3_m60_s8,reg3,db_rescore,0,15210,0.8795180722891566
reg3_m60_s8,reg3,db_rescore,0,15260,0.8795180722891566
reg3_m60_s8,reg3,db_rescore,0,15310,0.8795180722891566
reg3_m60_s8,reg3,db_rescore,0,15360,0.8795180722891566
reg3_m60_s8,reg3,db_rescore,0,15410,0.8795180722891566
reg3_m60_s8,reg3,db_rescore,0,15460,0.8795180722891566
reg3_m60_s8,reg3,db_rescore,0,15510,0.8795180722891566
reg3_m60_s8,reg3,db_rescore,0,15560,0.8795180722891566
reg3_m60_s8,reg3,db_rescore,0,15610,0.8795180722891566
reg3_m60_s8,reg3,db_rescore,0,15660,0.8795180722891566
reg3_m60_s8,reg3,db_rescore,0,15710,0.8795180722891566
reg3_m60_s8,reg3,db_rescore,0,15760,0.8795180722891566
reg3_m60_s8,reg3,db_rescore,0,15810,0.8795180722891566
reg3_m60_s8,reg3,db_rescore,0,15860,0.8795180722891566
reg3_m60_s8,reg3,db_rescore,0,15910,0.8795180722891566
reg3_m60_s8,reg3,db_rescore,0,15960,0.8795180722891566
reg3_m60_s8,reg3,db_rescore,0,16010,0.8795180722891566
reg3_m60_s8,reg3,db_rescore,0,16060,0.8795180722891566
reg3_m60_s8,reg3,db_rescore,0,16110,0.8795180722891566
reg3_m60_s8,reg3,db_rescore,0,16160,0.8795180722891566
reg3_m60_s8,reg3,db_rescore,0,16210,0.8795180722891566
reg3_m60_s8,reg3,db_rescore,0,16260,0.8795180722891566
reg3_m60_s8,reg3,db_rescore,0,16310,0.8795180722891566
reg3_m60_s8,reg3,db_rescore,0,16360,0.8795180722891566
reg3_m60_s8,reg3,db_rescore,0,16410,0.8795180722891566
reg3_m60_s8,reg3,db_rescore,0,16460,0.8795180722891566
reg3_m60_s8,reg3,db_rescore,0,16510,0.8795180722891566
reg3_m60_s8,reg3,db_rescore,0,16560,0.8795180722891566
reg3_m60_s8,reg3,db_rescore,0,16610,0.8795180722891566
reg3_m60_s8,reg3,db_rescore,0,16660,0.8795180722891566
reg3_m60_s8,reg3,db_rescore,0,16710,0.8795180722891566
reg3_m60_s8,reg3,db_rescore,0,16760,0.8795180722891566
reg3_m60_s8,reg3,db_rescore,0,16810,0.8795180722891566
reg3_m60_s8,reg3,db_rescore,0,16860,0.8795180722891566
reg3_m60_s8,reg3,db_rescore,0,16910,0.8795180722891566
reg3_m60_s8,reg3,db_rescore,0,16960,0.8795180722891566
reg3_m60_s8,reg3,db_rescore,0,17010,0.8795180722891566
reg3_m60_s8,reg3,db_rescore,0,17060,0.8795180722891566
reg3_m60_s8,reg3,db_rescore,0,17110,0.8795180722891566
reg3_m60_s8,reg3,db_rescore,0,17160,0.8795180722891566
reg3_m60_s8,reg3,db_rescore,0,17210,0.8795180722891566
reg3_m60_s8,reg3,db_rescore,0,17260,0.8795180722891566
reg3_m60_s8,reg3,db_rescore,0,17310,0.8795180722891566
reg3_m60_s8,reg3,db_rescore,0,17360,0.8795180722891566
reg3_m60_s8,reg3,db_rescore,0,17410,0.8795180722891566
reg3_m60_s8,reg3,db_rescore,0,17460,0.8795180722891566
reg3_m60_s8,reg3,db_rescore,0,17510,0.8795180722891566
reg3_m60_s8,reg3,db_rescore,0,17560,0.8795180722891566
reg3_m60_s8,reg3,db_rescore,0,17610,0.8795180722891566
reg3_m60_s8,reg3,db_rescore,0,17660,0.8795180722891566
reg3_m60_s8,reg3,db_rescore,0,17710,0.8795180722891566
reg3_m60_s8,reg3,db_rescore,0,17760,0.8795180722891566
reg3_m60_s8,reg3,db_rescore,0,17810,0.8795180722891566
reg3_m60_s8,reg3,db_rescore,0,17860,0.8795180722891566
reg3_m60_s8,reg3,db_rescore,0,17910,0.8795180722891566
reg3_m60_s8,reg3,db_rescore,0,17960,0.8795180722891566
reg3_m60_s8,reg3,db_rescore,0,18010,0.8795180722891566
reg3_m60_s8,reg3,db_rescore,0,18060,0.8795180722891566
reg3_m60_s8,reg3,db_rescore,0,18110,0.8795180722891566
reg3_m60_s8,reg3,db_rescore,0,18160,0.8795180722891566
reg3_m60_s8,reg3,db_rescore,0,18210,0.8795180722891566
reg3_m60_s8,reg3,db_rescore,0,18260,0.8795180722891566
reg3_m60_s8,reg3,db_rescore,0,18310,0.8795180722891566
reg3_m60_s8,reg3,db_rescore,0,18360,0.8795180722891566
reg3_m60_s8,reg3,db_rescore,0,18410,0.8795180722891566
reg3_m60_s8,reg3,db_rescore,0,18460,0.8795180722891566
reg3_m60_s8,reg3,db_rescore,0,18510,0.8795180722891566
reg3_m60_s8,reg3,db_rescore,0,18560,0.8795180722891566
reg3_m60_s8,reg3,db_rescore,0,18610,0.8795180722891566
reg3_m60_s8,reg3,db_rescore,0,18660,0.8795180722891566
reg3_m60_s8,reg3,db_rescore,0,18710,0.8795180722891566
reg3_m60_s8,reg3,db_rescore,0,18760,0.8795180722891566
reg3_m60_s8,reg3,db_rescore,0,18810,0.8795180722891566
reg3_m60_s8,reg3,db_rescore,0,18860,0.8795180722891566
reg3_m60_s8,reg3,db_rescore,0,18910,0.8795180722891566
reg3_m60_s8,reg3,db_rescore,0,18960,0.8795180722891566
reg3_m60_s8,reg3,db_rescore,0,19010,0.8795180722891566
reg3_m60_s8,reg3,db_rescore,0,19060,0.8795180722891566
reg3_m60_s8,reg3,db_rescore,0,19110,0.8795180722891566
reg3_m60_s8,reg3,db_rescore,0,19160,0.8795180722891566
reg3_m60_s8,reg3,db_rescore,0,19210,0.8795180722891566
reg3_m60_s8,reg3,db_rescore,0,19260,0.8795180722891566
reg3_m60_s8,reg3,db_rescore,0,19310,0.8795180722891566
reg3_m60_s8,reg3,db_rescore,0,19360,0.8795180722891566
reg3_m60_s8,reg3,db_rescore,0,19410,0.8795180722891566
reg3_m60_s8,reg3,db_rescore,0,19460,0.8795180722891566
reg3_m60_s8,reg3,db_rescore,0,19510,0.8795180722891566
reg3_m60_s8,reg3,db_rescore,0,19560,0.8795180722891566
reg3_m60_s8,reg3,db_rescore,0,19610,0.8795180722891566
reg3_m60_s8,reg3,db_rescore,0,19660,0.8795180722891566
reg3_m60_s8,reg3,db_rescore,0,19710,0.8795180722891566
reg3_m60_s8,reg3,db_rescore,0,19760,0.8795180722891566
reg3_m60_s8,reg3,db_rescore,0,19810,0.8795180722891566
reg3_m60_s8,reg3,db_rescore,0,19860,0.8795180722891566
reg3_m60_s8,reg3,db_rescore,0,19910,0.8795180722891566
reg3_m60_s8,reg3,db_rescore,0,19960,0.8795180722891566
reg3_m60_s8,reg3,db_rescore,0,20010,0.8795180722891566
reg3_m60_s8,reg3,cold,1,10,0.5421686746987951
reg3_m60_s8,reg3,cold,1,60,0.6746987951807228
reg3_m60_s8,reg3,cold,1,110,0.6746987951807228
reg3_m60_s8,reg3,cold,1,160,0.6987951807228916
reg3_m60_s8,reg3,cold,1,210,0.7108433734939759
reg3_m60_s8,reg3,cold,1,260,0.7349397590361446
reg3_m60_s8,reg3,cold,1,310,0.7590361445783133
reg3_m60_s8,reg3,cold,1,360,0.7710843373493976
reg3_m60_s8,reg3,cold,1,410,0.7710843373493976
reg3_m60_s8,reg3,cold,1,460,0.7710843373493976
reg3_m60_s8,reg3,cold,1,510,0.7710843373493976
reg3_m60_s8,reg3,cold,1,560,0.7710843373493976
reg3_m60_s8,reg3,cold,1,610,0.7710843373493976
reg3_m60_s8,reg3,cold,1,660,0.7710843373493976
reg3_m60_s8,reg3,cold,1,710,0.7710843373493976
reg3_m60_s8,reg3,cold,1,760,0.7831325301204819
reg3_m60_s8,reg3,cold,1,810,0.7831325301204819
reg3_m60_s8,reg3,cold,1,860,0.7831325301204819
reg3_m60_s8,reg3,cold,1,910,0.7831325301204819
reg3_m60_s8,reg3,cold,1,960,0.7831325301204819
reg3_m60_s8,reg3,cold,1,1010,0.7831325301204819
reg3_m60_s8,reg3,cold,1,1060,0.7951807228915663
reg3_m60_s8,reg3,cold,1,1110,0.7951807228915663
reg3_m60_s8,reg3,cold,1,1160,0.7951807228915663
reg3_m60_s8,reg3,cold,1,1210,0.7951807228915663
reg3_m60_s8,reg3,cold,1,1260,0.7951807228915663
reg3_m60_s8,reg3,cold,1,1310,0.7951807228915663
reg3_m60_s8,reg3,cold,1,1360,0.8072289156626506
reg3_m60_s8,reg3,cold,1,1410,0.8072289156626506
reg3_m60_s8,reg3,cold,1,1460,0.8072289156626506
reg3_m60_s8,reg3,cold,1,1510,0.8072289156626506
reg3_m60_s8,reg3,cold,1,1560,0.8072289156626506
reg3_m60_s8,reg3,cold,1,1610,0.8072289156626506
reg3_m60_s8,reg3,cold,1,1660,0.8072289156626506
reg3_m60_s8,reg3,cold,1,1710,0.8072289156626506
reg3_m60_s8,reg3,cold,1,1760,0.8072289156626506
reg3_m60_s8,reg3,cold,1,1810,0.8072289156626506
reg3_m60_s8,reg3,cold,1,1860,0.8072289156626506
reg3_m60_s8,reg3,cold,1,1910,0.8072289156626506
reg3_m60_s8,reg3,cold,1,1960,0.8072289156626506
reg3_m60_s8,reg3,cold,1,2010,0.8072289156626506
reg3_m60_s8,reg3,cold,1,2060,0.8072289156626506
reg3_m60_s8,reg3,cold,1,2110,0.8072289156626506
reg3_m60_s8,reg3,cold,1,2160,0.8072289156626506
reg3_m60_s8,reg3,cold,1,2210,0.8072289156626506
reg3_m60_s8,reg3,cold,1,2260,0.8072289156626506
reg3_m60_s8,reg3,cold,1,2310,0.8072289156626506
reg3_m60_s8,reg3,cold,1,2360,0.8072289156626506
reg3_m60_s8,reg3,cold,1,2410,0.8072289156626506
reg3_m60_s8,reg3,cold,1,2460,0.8072289156626506
reg3_m60_s8,reg3,cold,1,2510,0.8072289156626506
reg3_m60_s8,reg3,cold,1,2560,0.8072289156626506
reg3_m60_s8,reg3,cold,1,2610,0.8072289156626506
reg3_m60_s8,reg3,cold,1,2660,0.8072289156626506
reg3_m60_s8,reg3,cold,1,2710,0.8072289156626506
reg3_m60_s8,reg3,cold,1,2760,0.8072289156626506
reg3_m60_s8,reg3,cold,1,2810,0.8072289156626506
reg3_m60_s8,reg3,cold,1,2860,0.8072289156626506
reg3_m60_s8,reg3,cold,1,2910,0.8072289156626506
reg3_m60_s8,reg3,cold,1,2960,0.8072289156626506
reg3_m60_s8,reg3,cold,1,3010,0.8072289156626506
reg3_m60_s8,reg3,cold,1,3060,0.8072289156626506
reg3_m60_s8,reg3,cold,1,3110,0.8072289156626506
reg3_m60_s8,reg3,cold,1,3160,0.8072289156626506
reg3_m60_s8,reg3,cold,1,3210,0.8072289156626506
reg3_m60_s8,reg3,cold,1,3260,0.8072289156626506
reg3_m60_s8,reg3,cold,1,3310,0.8072289156626506
reg3_m60_s8,reg3,cold,1,3360,0.8072289156626506
reg3_m60_s8,reg3,cold,1,3410,0.8072289156626506
reg3_m60_s8,reg3,cold,1,3460,0.8072289156626506
reg3_m60_s8,reg3,cold,1,3510,0.8072289156626506
reg3_m60_s8,reg3,cold,1,3560,0.8072289156626506
reg3_m60_s8,reg3,cold,1,3610,0.8072289156626506
reg3_m60_s8,reg3,cold,1,3660,0.8072289156626506
reg3_m60_s8,reg3,cold,1,3710,0.8072289156626506
reg3_m60_s8,reg3,cold,1,3760,0.8072289156626506
reg3_m60_s8,reg3,cold,1,3810,0.8072289156626506
reg3_m60_s8,reg3,cold,1,3860,0.8072289156626506
reg3_m60_s8,reg3,cold,1,3910,0.8072289156626506
reg3_m60_s8,reg3,cold,1,3960,0.8072289156626506
reg3_m60_s8,reg3,cold,1,4010,0.8072289156626506
reg3_m60_s8,reg3,cold,1,4060,0.8072289156626506
reg3_m60_s8,reg3,cold,1,4110,0.8072289156626506
reg3_m60_s8,reg3,cold,1,4160,0.8072289156626506
reg3_m60_s8,reg3,cold,1,4210,0.8072289156626506
reg3_m60_s8,reg3,cold,1,4260,0.8072289156626506
reg3_m60_s8,reg3,cold,1,4310,0.8072289156626506
reg3_m60_s8,reg3,cold,1,4360,0.8072289156626506
reg3_m60_s8,reg3,cold,1,4410,0.8072289156626506
reg3_m60_s8,reg3,cold,1,4460,0.8072289156626506
reg3_m60_s8,reg3,cold,1,4510,0.8072289156626506
reg3_m60_s8,reg3,cold,1,4560,0.8072289156626506
reg3_m60_s8,reg3,cold,1,4610,0.8072289156626506
reg3_m60_s8,reg3,cold,1,4660,0.8072289156626506
reg3_m60_s8,reg3,cold,1,4710,0.8072289156626506
reg3_m60_s8,reg3,cold,1,4760,0.8072289156626506
reg3_m60_s8,reg3,cold,1,4810,0.8072289156626506
reg3_m60_s8,reg3,cold,1,4860,0.8072289156626506
reg3_m60_s8,reg3,cold,1,4910,0.8072289156626506
reg3_m60_s8,reg3,cold,1,4960,0.8072289156626506
reg3_m60_s8,reg3,cold,1,5010,0.8072289156626506
reg3_m60_s8,reg3,cold,1,5060,0.8072289156626506
reg3_m60_s8,reg3,cold,1,5110,0.8072289156626506
reg3_m60_s8,reg3,cold,1,5160,0.8072289156626506
reg3_m60_s8,reg3,cold,1,5210,0.8072289156626506
reg3_m60_s8,reg3,cold,1,5260,0.8072289156626506
reg3_m60_s8,reg3,cold,1,5310,0.8072289156626506
reg3_m60_s8,reg3,cold,1,5360,0.8072289156626506
reg3_m60_s8,reg3,cold,1,5410,0.8072289156626506
reg3_m60_s8,reg3,cold,1,5460,0.8072289156626506
reg3_m60_s8,reg3,cold,1,5510,0.8072289156626506
reg3_m60_s8,reg3,cold,1,5560,0.8072289156626506
reg3_m60_s8,reg3,cold,1,5610,0.8072289156626506
reg3_m60_s8,reg3,cold,1,5660,0.8072289156626506
reg3_m60_s8,reg3,cold,1,5710,0.8072289156626506
reg3_m60_s8,reg3,cold,1,5760,0.8072289156626506
reg3_m60_s8,reg3,cold,1,5810,0.8072289156626506
reg3_m60_s8,reg3,cold,1,5860,0.8072289156626506
reg3_m60_s8,reg3,cold,1,5910,0.8072289156626506
reg3_m60_s8,reg3,cold,1,5960,0.8072289156626506
reg3_m60_s8,reg3,cold,1,6010,0.8072289156626506
reg3_m60_s8,reg3,cold,1,6060,0.8072289156626506
reg3_m60_s8,reg3,cold,1,6110,0.8072289156626506
reg3_m60_s8,reg3,cold,1,6160,0.8072289156626506
reg3_m60_s8,reg3,cold,1,6210,0.8072289156626506
reg3_m60_s8,reg3,cold,1,6260,0.8072289156626506
reg3_m60_s8,reg3,cold,1,6310,0.8072289156626506
reg3_m60_s8,reg3,cold,1,6360,0.8072289156626506
reg3_m60_s8,reg3,cold,1,6410,0.8072289156626506
reg3_m60_s8,reg3,cold,1,6460,0.8072289156626506
reg3_m60_s8,reg3,cold,1,6510,0.8072289156626506
reg3_m60_s8,reg3,cold,1,6560,0.8072289156626506
reg3_m60_s8,reg3,cold,1,6610,0.8072289156626506
reg3_m60_s8,reg3,cold,1,6660,0.8072289156626506
reg3_m60_s8,reg3,cold,1,6710,0.8072289156626506
reg3_m60_s8,reg3,cold,1,6760,0.8072289156626506
reg3_m60_s8,reg3,cold,1,6810,0.8072289156626506
reg3_m60_s8,reg3,cold,1,6860,0.8072289156626506
reg3_m60_s8,reg3,cold,1,6910,0.8072289156626506
reg3_m60_s8,reg3,cold,1,6960,0.8072289156626506
reg3_m60_s8,reg3,cold,1,7010,0.8072289156626506
reg3_m60_s8,reg3,cold,1,7060,0.8072289156626506
reg3_m60_s8,reg3,cold,1,7110,0.8072289156626506
reg3_m60_s8,reg3,cold,1,7160,0.8072289156626506
reg3_m60_s8,reg3,cold,1,7210,0.8072289156626506
reg3_m60_s8,reg3,cold,1,7260,0.8072289156626506
reg3_m60_s8,reg3,cold,1,7310,0.8072289156626506
reg3_m60_s8,reg3,cold,1,7360,0.8072289156626506
reg3_m60_s8,reg3,cold,1,7410,0.8072289156626506
reg3_m60_s8,reg3,cold,1,7460,0.8072289156626506
reg3_m60_s8,reg3,cold,1,7510,0.8072289156626506
reg3_m60_s8,reg3,cold,1,7560,0.8072289156626506
reg3_m60_s8,reg3,cold,1,7610,0.8072289156626506
reg3_m60_s8,reg3,cold,1,7660,0.8072289156626506
reg3_m60_s8,reg3,cold,1,7710,0.8072289156626506
reg3_m60_s8,reg3,cold,1,7760,0.8072289156626506
reg3_m60_s8,reg3,cold,1,7810,0.8072289156626506
reg3_m60_s8,reg3,cold,1,7860,0.8072289156626506
reg3_m60_s8,reg3,cold,1,7910,0.8072289156626506
reg3_m60_s8,reg3,cold,1,7960,0.8072289156626506
reg3_m60_s8,reg3,cold,1,8010,0.8072289156626506
reg3_m60_s8,reg3,cold,1,8060,0.8072289156626506
reg3_m60_s8,reg3,cold,1,8110,0.8072289156626506
reg3_m60_s8,reg3,cold,1,8160,0.8072289156626506
reg3_m60_s8,reg3,cold,1,8210,0.8072289156626506
reg3_m60_s8,reg3,cold,1,8260,0.8072289156626506
reg3_m60_s8,reg3,cold,1,8310,0.8072289156626506
reg3_m60_s8,reg3,cold,1,8360,0.8072289156626506
reg3_m60_s8,reg3,cold,1,8410,0.8072289156626506
reg3_m60_s8,reg3,cold,1,8460,0.8072289156626506
reg3_m60_s8,reg3,cold,1,8510,0.8072289156626506
reg3_m60_s8,reg3,cold,1,8560,0.8072289156626506
reg3_m60_s8,reg3,cold,1,8610,0.8072289156626506
reg3_m60_s8,reg3,cold,1,8660,0.8072289156626506
reg3_m60_s8,reg3,cold,1,8710,0.8072289156626506
reg3_m60_s8,reg3,cold,1,8760,0.8072289156626506
reg3_m60_s8,reg3,cold,1,8810,0.8072289156626506
reg3_m60_s8,reg3,cold,1,8860,0.8072289156626506
reg3_m60_s8,reg3,cold,1,8910,0.8072289156626506
reg3_m60_s8,reg3,cold,1,8960,0.8072289156626506
reg3_m60_s8,reg3,cold,1,9010,0.8072289156626506
reg3_m60_s8,reg3,cold,1,9060,0.8072289156626506
reg3_m60_s8,reg3,cold,1,9110,0.8072289156626506
reg3_m60_s8,reg3,cold,1,9160,0.8072289156626506
reg3_m60_s8,reg3,cold,1,9210,0.8072289156626506
reg3_m60_s8,reg3,cold,1,9260,0.8072289156626506
reg3_m60_s8,reg3,cold,1,9310,0.8072289156626506
reg3_m60_s8,reg3,cold,1,9360,0.8072289156626506
reg3_m60_s8,reg3,cold,1,9410,0.8072289156626506
reg3_m60_s8,reg3,cold,1,9460,0.8072289156626506
reg3_m60_s8,reg3,cold,1,9510,0.8072289156626506
reg3_m60_s8,reg3,cold,1,9560,0.8072289156626506
reg3_m60_s8,reg3,cold,1,9610,0.8072289156626506
reg3_m60_s8,reg3,cold,1,9660,0.8072289156626506
reg3_m60_s8,reg3,cold,1,9710,0.8072289156626506
reg3_m60_s8,reg3,cold,1,9760,0.8072289156626506
reg3_m60_s8,reg3,cold,1,9810,0.8072289156626506
reg3_m60_s8,reg3,cold,1,9860,0.8072289156626506
reg3_m60_s8,reg3,cold,1,9910,0.8072289156626506
reg3_m60_s8,reg3,cold,1,9960,0.8072289156626506
reg3_m60_s8,reg3,cold,1,10010,0.8072289156626506
reg3_m60_s8,reg3,cold,1,10060,0.8072289156626506
reg3_m60_s8,reg3,cold,1,10110,0.8072289156626506
reg3_m60_s8,reg3,cold,1,10160,0.8072289156626506
reg3_m60_s8,reg3,cold,1,10210,0.8072289156626506
reg3_m60_s8,reg3,cold,1,10260,0.8072289156626506
reg3_m60_s8,reg3,cold,1,10310,0.8072289156626506
reg3_m60_s8,reg3,cold,1,10360,0.8072289156626506
reg3_m60_s8,reg3,cold,1,10410,0.8072289156626506
reg3_m60_s8,reg3,cold,1,10460,0.8072289156626506
reg3_m60_s8,reg3,cold,1,10510,0.8072289156626506
reg3_m60_s8,reg3,cold,1,10560,0.8072289156626506
reg3_m60_s8,reg3,cold,1,10610,0.8072289156626506
reg3_m60_s8,reg3,cold,1,10660,0.8072289156626506
reg3_m60_s8,reg3,cold,1,10710,0.8072289156626506
reg3_m60_s8,reg3,cold,1,10760,0.8072289156626506
reg3_m60_s8,reg3,cold,1,10810,0.8072289156626506
reg3_m60_s8,reg3,cold,1,10860,0.8072289156626506
reg3_m60_s8,reg3,cold,1,10910,0.8072289156626506
reg3_m60_s8,reg3,cold,1,10960,0.8072289156626506
reg3_m60_s8,reg3,cold,1,11010,0.8072289156626506
reg3_m60_s8,reg3,cold,1,11060,0.8072289156626506
reg3_m60_s8,reg3,cold,1,11110,0.8072289156626506
reg3_m60_s8,reg3,cold,1,11160,0.8072289156626506
reg3_m60_s8,reg3,cold,1,11210,0.8072289156626506
reg3_m60_s8,reg3,cold,1,11260,0.8072289156626506
reg3_m60_s8,reg3,cold,1,11310,0.8072289156626506
reg3_m60_s8,reg3,cold,1,11360,0.8072289156626506
reg3_m60_s8,reg3,cold,1,11410,0.8072289156626506
reg3_m60_s8,reg3,cold,1,11460,0.8072289156626506
reg3_m60_s8,reg3,cold,1,11510,0.8072289156626506
reg3_m60_s8,reg3,cold,1,11560,0.8072289156626506
reg3_m60_s8,reg3,cold,1,11610,0.8072289156626506
reg3_m60_s8,reg3,cold,1,11660,0.8072289156626506
reg3_m60_s8,reg3,cold,1,11710,0.8072289156626506
reg3_m60_s8,reg3,cold,1,11760,0.8072289156626506
reg3_m60_s8,reg3,cold,1,11810,0.8072289156626506
reg3_m60_s8,reg3,cold,1,11860,0.8072289156626506
reg3_m60_s8,reg3,cold,1,11910,0.8072289156626506
reg3_m60_s8,reg3,cold,1,11960,0.8072289156626506
reg3_m60_s8,reg3,cold,1,12010,0.8072289156626506
reg3_m60_s8,reg3,cold,1,12060,0.8072289156626506
reg3_m60_s8,reg3,cold,1,12110,0.8072289156626506
reg3_m60_s8,reg3,cold,1,12160,0.8072289156626506
reg3_m60_s8,reg3,cold,1,12210,0.8072289156626506
reg3_m60_s8,reg3,cold,1,12260,0.8072289156626506
reg3_m60_s8,reg3,cold,1,12310,0.8072289156626506
reg3_m60_s8,reg3,cold,1,12360,0.8072289156626506
reg3_m60_s8,reg3,cold,1,12410,0.8072289156626506
reg3_m60_s8,reg3,cold,1,12460,0.8072289156626506
reg3_m60_s8,reg3,cold,1,12510,0.8072289156626506
reg3_m60_s8,reg3,cold,1,12560,0.8072289156626506
reg3_m60_s8,reg3,cold,1,12610,0.8072289156626506
reg3_m60_s8,reg3,cold,1,12660,0.8072289156626506
reg3_m60_s8,reg3,cold,1,12710,0.8072289156626506
reg3_m60_s8,reg3,cold,1,12760,0.8072289156626506
reg3_m60_s8,reg3,cold,1,12810,0.8072289156626506
reg3_m60_s8,reg3,cold,1,12860,0.8072289156626506
reg3_m60_s8,reg3,cold,1,12910,0.8072289156626506
reg3_m60_s8,reg3,cold,1,12960,0.8072289156626506
reg3_m60_s8,reg3,cold,1,13010,0.8072289156626506
reg3_m60_s8,reg3,cold,1,13060,0.8072289156626506
reg3_m60_s8,reg3,cold,1,13110,0.8072289156626506
reg3_m60_s8,reg3,cold,1,13160,0.8072289156626506
reg3_m60_s8,reg3,cold,1,13210,0.8072289156626506
reg3_m60_s8,reg3,cold,1,13260,0.8072289156626506
reg3_m60_s8,reg3,cold,1,13310,0.8072289156626506
reg3_m60_s8,reg3,cold,1,13360,0.8072289156626506
reg3_m60_s8,reg3,cold,1,13410,0.8072289156626506
reg3_m60_s8,reg3,cold,1,13460,0.8072289156626506
reg3_m60_s8,reg3,cold,1,13510,0.8072289156626506
reg3_m60_s8,reg3,cold,1,13560,0.8072289156626506
reg3_m60_s8,reg3,cold,1,13610,0.8072289156626506
reg3_m60_s8,reg3,cold,1,13660,0.8072289156626506
reg3_m60_s8,reg3,cold,1,13710,0.8072289156626506
reg3_m60_s8,reg3,cold,1,13760,0.8072289156626506
reg3_m60_s8,reg3,cold,1,13810,0.8072289156626506
reg3_m60_s8,reg3,cold,1,13860,0.8072289156626506
reg3_m60_s8,reg3,cold,1,13910,0.8072289156626506
reg3_m60_s8,reg3,cold,1,13960,0.8072289156626506
reg3_m60_s8,reg3,cold,1,14010,0.8072289156626506
reg3_m60_s8,reg3,cold,1,14060,0.8072289156626506
reg3_m60_s8,reg3,cold,1,14110,0.8072289156626506
reg3_m60_s8,reg3,cold,1,14160,0.8072289156626506
reg3_m60_s8,reg3,cold,1,14210,0.8072289156626506
reg3_m60_s8,reg3,cold,1,14260,0.8072289156626506
reg3_m60_s8,reg3,cold,1,14310,0.8072289156626506
reg3_m60_s8,reg3,cold,1,14360,0.8072289156626506
reg3_m60_s8,reg3,cold,1,14410,0.8072289156626506
reg3_m60_s8,reg3,cold,1,14460,0.8072289156626506
reg3_m60_s8,reg3,cold,1,14510,0.8072289156626506
reg3_m60_s8,reg3,cold,1,14560,0.8072289156626506
reg3_m60_s8,reg3,cold,1,14610,0.8072289156626506
reg3_m60_s8,reg3,cold,1,14660,0.8072289156626506
reg3_m60_s8,reg3,cold,1,14710,0.8072289156626506
reg3_m60_s8,reg3,cold,1,14760,0.8072289156626506
reg3_m60_s8,reg3,cold,1,14810,0.8072289156626506
reg3_m60_s8,reg3,cold,1,14860,0.8072289156626506
reg3_m60_s8,reg3,cold,1,14910,0.8072289156626506
reg3_m60_s8,reg3,cold,1,14960,0.8072289156626506
reg3_m60_s8,reg3,cold,1,15010,0.8072289156626506
reg3_m60_s8,reg3,cold,1,15060,0.8072289156626506
reg3_m60_s8,reg3,cold,1,15110,0.8072289156626506
reg3_m60_s8,reg3,cold,1,15160,0.8072289156626506
reg3_m60_s8,reg3,cold,1,15210,0.8072289156626506
reg3_m60_s8,reg3,cold,1,15260,0.8072289156626506
reg3_m60_s8,reg3,cold,1,15310,0.8072289156626506
reg3_m60_s8,reg3,cold,1,15360,0.8072289156626506
reg3_m60_s8,reg3,cold,1,15410,0.8072289156626506
reg3_m60_s8,reg3,cold,1,15460,0.8072289156626506
reg3_m60_s8,reg3,cold,1,15510,0.8072289156626506
reg3_m60_s8,reg3,cold,1,15560,0.8072289156626506
reg3_m60_s8,reg3,cold,1,15610,0.8072289156626506
reg3_m60_s8,reg3,cold,1,15660,0.8072289156626506
reg3_m60_s8,reg3,cold,1,15710,0.8072289156626506
reg3_m60_s8,reg3,cold,1,15760,0.8072289156626506
reg3_m60_s8,reg3,cold,1,15810,0.8072289156626506
reg3_m60_s8,reg3,cold,1,15860,0.8072289156626506
reg3_m60_s8,reg3,cold,1,15910,0.8072289156626506
reg3_m60_s8,reg3,cold,1,15960,0.8072289156626506
reg3_m60_s8,reg3,cold,1,16010,0.8072289156626506
reg3_m60_s8,reg3,cold,1,16060,0.8072289156626506
reg3_m60_s8,reg3,cold,1,16110,0.8072289156626506
reg3_m60_s8,reg3,cold,1,16160,0.8072289156626506
reg3_m60_s8,reg3,cold,1,16210,0.8072289156626506
reg3_m60_s8,reg3,cold,1,16260,0.8072289156626506
reg3_m60_s8,reg3,cold,1,16310,0.8072289156626506
reg3_m60_s8,reg3,cold,1,16360,0.8072289156626506
reg3_m60_s8,reg3,cold,1,16410,0.8072289156626506
reg3_m60_s8,reg3,cold,1,16460,0.8072289156626506
reg3_m60_s8,reg3,cold,1,16510,0.8072289156626506
reg3_m60_s8,reg3,cold,1,16560,0.8072289156626506
reg3_m60_s8,reg3,cold,1,16610,0.8072289156626506
reg3_m60_s8,reg3,cold,1,16660,0.8072289156626506
reg3_m60_s8,reg3,cold,1,16710,0.8072289156626506
reg3_m60_s8,reg3,cold,1,16760,0.8072289156626506
reg3_m60_s8,reg3,cold,1,16810,0.8072289156626506
reg3_m60_s8,reg3,cold,1,16860,0.8072289156626506
reg3_m60_s8,reg3,cold,1,16910,0.8072289156626506
reg3_m60_s8,reg3,cold,1,16960,0.8072289156626506
reg3_m60_s8,reg3,cold,1,17010,0.8072289156626506
reg3_m60_s8,reg3,cold,1,17060,0.8072289156626506
reg3_m60_s8,reg3,cold,1,17110,0.8072289156626506
reg3_m60_s8,reg3,cold,1,17160,0.8072289156626506
reg3_m60_s8,reg3,cold,1,17210,0.8072289156626506
reg3_m60_s8,reg3,cold,1,17260,0.8072289156626506
reg3_m60_s8,reg3,cold,1,17310,0.8072289156626506
reg3_m60_s8,reg3,cold,1,17360,0.8072289156626506
reg3_m60_s8,reg3,cold,1,17410,0.8072289156626506
reg3_m60_s8,reg3,cold,1,17460,0.8072289156626506
reg3_m60_s8,reg3,cold,1,17510,0.8072289156626506
reg3_m60_s8,reg3,cold,1,17560,0.8072289156626506
reg3_m60_s8,reg3,cold,1,17610,0.8072289156626506
reg3_m60_s8,reg3,cold,1,17660,0.8072289156626506
reg3_m60_s8,reg3,cold,1,17710,0.8072289156626506
reg3_m60_s8,reg3,cold,1,17760,0.8072289156626506
reg3_m60_s8,reg3,cold,1,17810,0.8072289156626506
reg3_m60_s8,reg3,cold,1,17860,0.8072289156626506
reg3_m60_s8,reg3,cold,1,17910,0.8072289156626506
reg3_m60_s8,reg3,cold,1,17960,0.8072289156626506
reg3_m60_s8,reg3,cold,1,18010,0.8072289156626506
reg3_m60_s8,reg3,cold,1,18060,0.8072289156626506
reg3_m60_s8,reg3,cold,1,18110,0.8072289156626506
reg3_m60_s8,reg3,cold,1,18160,0.8072289156626506
reg3_m60_s8,reg3,cold,1,18210,0.8072289156626506
reg3_m60_s8,reg3,cold,1,18260,0.8072289156626506
reg3_m60_s8,reg3,cold,1,18310,0.8072289156626506
reg3_m60_s8,reg3,cold,1,18360,0.8072289156626506
reg3_m60_s8,reg3,cold,1,18410,0.8072289156626506
reg3_m60_s8,reg3,cold,1,18460,0.8072289156626506
reg3_m60_s8,reg3,cold,1,18510,0.8072289156626506
reg3_m60_s8,reg3,cold,1,18560,0.8072289156626506
reg3_m60_s8,reg3,cold,1,18610,0.8072289156626506
reg3_m60_s8,reg3,cold,1,18660,0.8072289156626506
reg3_m60_s8,reg3,cold,1,18710,0.8072289156626506
reg3_m60_s8,reg3,cold,1,18760,0.8072289156626506
reg3_m60_s8,reg3,cold,1,18810,0.8072289156626506
reg3_m60_s8,reg3,cold,1,18860,0.8072289156626506
reg3_m60_s8,reg3,cold,1,18910,0.8072289156626506
reg3_m60_s8,reg3,cold,1,18960,0.8072289156626506
reg3_m60_s8,reg3,cold,1,19010,0.8072289156626506
reg3_m60_s8,reg3,cold,1,19060,0.8072289156626506
reg3_m60_s8,reg3,cold,1,19110,0.8072289156626506
reg3_m60_s8,reg3,cold,1,19160,0.8072289156626506
reg3_m60_s8,reg3,cold,1,19210,0.8072289156626506
reg3_m60_s8,reg3,cold,1,19260,0.8072289156626506
reg3_m60_s8,reg3,cold,1,19310,0.8072289156626506
reg3_m60_s8,reg3,cold,1,19360,0.8072289156626506
reg3_m60_s8,reg3,cold,1,19410,0.8072289156626506
reg3_m60_s8,reg3,cold,1,19460,0.8072289156626506
reg3_m60_s8,reg3,cold,1,19510,0.8072289156626506
reg3_m60_s8,reg3,cold,1,19560,0.8072289156626506
reg3_m60_s8,reg3,cold,1,19610,0.8072289156626506
reg3_m60_s8,reg3,cold,1,19660,0.8072289156626506
reg3_m60_s8,reg3,cold,1,19710,0.8072289156626506
reg3_m60_s8,reg3,cold,1,19760,0.8072289156626506
reg3_m60_s8,reg3,cold,1,19810,0.8072289156626506
reg3_m60_s8,reg3,cold,1,19860,0.8072289156626506
reg3_m60_s8,reg3,cold,1,19910,0.8072289156626506
reg3_m60_s8,reg3,cold,1,19960,0.8072289156626506
reg3_m60_s8,reg3,cold,1,20010,0.8072289156626506
reg3_m60_s8,reg3,prior_init,1,210,0.6626506024096386
reg3_m60_s8,reg3,prior_init,1,260,0.6867469879518072
reg3_m60_s8,reg3,prior_init,1,310,0.6867469879518072
reg3_m60_s8,reg3,prior_init,1,360,0.7349397590361446
reg3_m60_s8,reg3,prior_init,1,410,0.7469879518072289
reg3_m60_s8,reg3,prior_init,1,460,0.7469879518072289
reg3_m60_s8,reg3,prior_init,1,510,0.7831325301204819
reg3_m60_s8,reg3,prior_init,1,560,0.7951807228915663
reg3_m60_s8,reg3,prior_init,1,610,0.7951807228915663
reg3_m60_s8,reg3,prior_init,1,660,0.7951807228915663
reg3_m60_s8,reg3,prior_init,1,710,0.7951807228915663
reg3_m60_s8,reg3,prior_init,1,760,0.7951807228915663
reg3_m60_s8,reg3,prior_init,1,810,0.8072289156626506
reg3_m60_s8,reg3,prior_init,1,860,0.8192771084337349
reg3_m60_s8,reg3,prior_init,1,910,0.8192771084337349
reg3_m60_s8,reg3,prior_init,1,960,0.8192771084337349
reg3_m60_s8,reg3,prior_init,1,1010,0.8192771084337349
reg3_m60_s8,reg3,prior_init,1,1060,0.8192771084337349
reg3_m60_s8,reg3,prior_init,1,1110,0.8192771084337349
reg3_m60_s8,reg3,prior_init,1,1160,0.8313253012048193
reg3_m60_s8,reg3,prior_init,1,1210,0.8313253012048193
reg3_m60_s8,reg3,prior_init,1,1260,0.8313253012048193
reg3_m60_s8,reg3,prior_init,1,1310,0.8313253012048193
reg3_m60_s8,reg3,prior_init,1,1360,0.8313253012048193
reg3_m60_s8,reg3,prior_init,1,1410,0.8313253012048193
reg3_m60_s8,reg3,prior_init,1,1460,0.8313253012048193
reg3_m60_s8,reg3,prior_init,1,1510,0.8313253012048193
reg3_m60_s8,reg3,prior_init,1,1560,0.8313253012048193
reg3_m60_s8,reg3,prior_init,1,1610,0.8313253012048193
reg3_m60_s8,reg3,prior_init,1,1660,0.8313253012048193
reg3_m60_s8,reg3,prior_init,1,1710,0.8313253012048193
reg3_m60_s8,reg3,prior_init,1,1760,0.8313253012048193
reg3_m60_s8,reg3,prior_init,1,1810,0.8313253012048193
reg3_m60_s8,reg3,prior_init,1,1860,0.8313253012048193
reg3_m60_s8,reg3,prior_init,1,1910,0.8313253012048193
reg3_m60_s8,reg3,prior_init,1,1960,0.8313253012048193
reg3_m60_s8,reg3,prior_init,1,2010,0.8313253012048193
reg3_m60_s8,reg3,prior_init,1,2060,0.8433734939759037
reg3_m60_s8,reg3,prior_init,1,2110,0.8433734939759037
reg3_m60_s8,reg3,prior_init,1,2160,0.8433734939759037
reg3_m60_s8,reg3,prior_init,1,2210,0.8433734939759037
reg3_m60_s8,reg3,prior_init,1,2260,0.8433734939759037
reg3_m60_s8,reg3,prior_init,1,2310,0.8433734939759037
reg3_m60_s8,reg3,prior_init,1,2360,0.8433734939759037
reg3_m60_s8,reg3,prior_init,1,2410,0.8433734939759037
reg3_m60_s8,reg3,prior_init,1,2460,0.8433734939759037
reg3_m60_s8,reg3,prior_init,1,2510,0.8433734939759037
reg3_m60_s8,reg3,prior_init,1,2560,0.8433734939759037
reg3_m60_s8,reg3,prior_init,1,2610,0.8433734939759037
reg3_m60_s8,reg3,prior_init,1,2660,0.8433734939759037
reg3_m60_s8,reg3,prior_init,1,2710,0.8433734939759037
reg3_m60_s8,reg3,prior_init,1,2760,0.8433734939759037
reg3_m60_s8,reg3,prior_init,1,2810,0.8433734939759037
reg3_m60_s8,reg3,prior_init,1,2860,0.8433734939759037
reg3_m60_s8,reg3,prior_init,1,2910,0.8433734939759037
reg3_m60_s8,reg3,prior_init,1,2960,0.8433734939759037
reg3_m60_s8,reg3,prior_init,1,3010,0.8433734939759037
reg3_m60_s8,reg3,prior_init,1,3060,0.8674698795180723
reg3_m60_s8,reg3,prior_init,1,3110,0.8674698795180723
reg3_m60_s8,reg3,prior_init,1,3160,0.8674698795180723
reg3_m60_s8,reg3,prior_init,1,3210,0.8674698795180723
reg3_m60_s8,reg3,prior_init,1,3260,0.8674698795180723
reg3_m60_s8,reg3,prior_init,1,3310,0.8674698795180723
reg3_m60_s8,reg3,prior_init,1,3360,0.8674698795180723
reg3_m60_s8,reg3,prior_init,1,3410,0.8674698795180723
reg3_m60_s8,reg3,prior_init,1,3460,0.8674698795180723
reg3_m60_s8,reg3,prior_init,1,3510,0.8674698795180723
reg3_m60_s8,reg3,prior_init,1,3560,0.8674698795180723
reg3_m60_s8,reg3,prior_init,1,3610,0.8674698795180723
reg3_m60_s8,reg3,prior_init,1,3660,0.8674698795180723
reg3_m60_s8,reg3,prior_init,1,3710,0.8674698795180723
reg3_m60_s8,reg3,prior_init,1,3760,0.8674698795180723
reg3_m60_s8,reg3,prior_init,1,3810,0.8674698795180723
reg3_m60_s8,reg3,prior_init,1,3860,0.8674698795180723
reg3_m60_s8,reg3,prior_init,1,3910,0.8674698795180723
reg3_m60_s8,reg3,prior_init,1,3960,0.8674698795180723
reg3_m60_s8,reg3,prior_init,1,4010,0.8674698795180723
reg3_m60_s8,reg3,prior_init,1,4060,0.8674698795180723
reg3_m60_s8,reg3,prior_init,1,4110,0.8674698795180723
reg3_m60_s8,reg3,prior_init,1,4160,0.8674698795180723
reg3_m60_s8,reg3,prior_init,1,4210,0.8674698795180723
reg3_m60_s8,reg3,prior_init,1,4260,0.8674698795180723
reg3_m60_s8,reg3,prior_init,1,4310,0.8674698795180723
reg3_m60_s8,reg3,prior_init,1,4360,0.8674698795180723
reg3_m60_s8,reg3,prior_init,1,4410,0.8674698795180723
reg3_m60_s8,reg3,prior_init,1,4460,0.8674698795180723
reg3_m60_s8,reg3,prior_init,1,4510,0.8674698795180723
reg3_m60_s8,reg3,prior_init,1,4560,0.8674698795180723
reg3_m60_s8,reg3,prior_init,1,4610,0.8674698795180723
reg3_m60_s8,reg3,prior_init,1,4660,0.8674698795180723
reg3_m60_s8,reg3,prior_init,1,4710,0.8674698795180723
reg3_m60_s8,reg3,prior_init,1,4760,0.8674698795180723
reg3_m60_s8,reg3,prior_init,1,4810,0.8674698795180723
reg3_m60_s8,reg3,prior_init,1,4860,0.8674698795180723
reg3_m60_s8,reg3,prior_init,1,4910,0.8674698795180723
reg3_m60_s8,reg3,prior_init,1,4960,0.8674698795180723
reg3_m60_s8,reg3,prior_init,1,5010,0.8674698795180723
reg3_m60_s8,reg3,prior_init,1,5060,0.8674698795180723
reg3_m60_s8,reg3,prior_init,1,5110,0.8674698795180723
reg3_m60_s8,reg3,prior_init,1,5160,0.8674698795180723
reg3_m60_s8,reg3,prior_init,1,5210,0.8674698795180723
reg3_m60_s8,reg3,prior_init,1,5260,0.8674698795180723
reg3_m60_s8,reg3,prior_init,1,5310,0.8674698795180723
reg3_m60_s8,reg3,prior_init,1,5360,0.8674698795180723
reg3_m60_s8,reg3,prior_init,1,5410,0.8674698795180723
reg3_m60_s8,reg3,prior_init,1,5460,0.8674698795180723
reg3_m60_s8,reg3,prior_init,1,5510,0.8674698795180723
reg3_m60_s8,reg3,prior_init,1,5560,0.8674698795180723
reg3_m60_s8,reg3,prior_init,1,5610,0.8674698795180723
reg3_m60_s8,reg3,prior_init,1,5660,0.8674698795180723
reg3_m60_s8,reg3,prior_init,1,5710,0.8674698795180723
reg3_m60_s8,reg3,prior_init,1,5760,0.8674698795180723
reg3_m60_s8,reg3,prior_init,1,5810,0.8674698795180723
reg3_m60_s8,reg3,prior_init,1,5860,0.8674698795180723
reg3_m60_s8,reg3,prior_init,1,5910,0.8674698795180723
reg3_m60_s8,reg3,prior_init,1,5960,0.8674698795180723
reg3_m60_s8,reg3,prior_init,1,6010,0.8674698795180723
reg3_m60_s8,reg3,prior_init,1,6060,0.8674698795180723
reg3_m60_s8,reg3,prior_init,1,6110,0.8674698795180723
reg3_m60_s8,reg3,prior_init,1,6160,0.8674698795180723
reg3_m60_s8,reg3,prior_init,1,6210,0.8674698795180723
reg3_m60_s8,reg3,prior_init,1,6260,0.8674698795180723
reg3_m60_s8,reg3,prior_init,1,6310,0.8674698795180723
reg3_m60_s8,reg3,prior_init,1,6360,0.8674698795180723
reg3_m60_s8,reg3,prior_init,1,6410,0.8674698795180723
reg3_m60_s8,reg3,prior_init,1,6460,0.8674698795180723
reg3_m60_s8,reg3,prior_init,1,6510,0.8674698795180723
reg3_m60_s8,reg3,prior_init,1,6560,0.8674698795180723
reg3_m60_s8,reg3,prior_init,1,6610,0.8674698795180723
reg3_m60_s8,reg3,prior_init,1,6660,0.8674698795180723
reg3_m60_s8,reg3,prior_init,1,6710,0.8674698795180723
reg3_m60_s8,reg3,prior_init,1,6760,0.8674698795180723
reg3_m60_s8,reg3,prior_init,1,6810,0.8674698795180723
reg3_m60_s8,reg3,prior_init,1,6860,0.8674698795180723
reg3_m60_s8,reg3,prior_init,1,6910,0.8674698795180723
reg3_m60_s8,reg3,prior_init,1,6960,0.8674698795180723
reg3_m60_s8,reg3,prior_init,1,7010,0.8674698795180723
reg3_m60_s8,reg3,prior_init,1,7060,0.8674698795180723
reg3_m60_s8,reg3,prior_init,1,7110,0.8674698795180723
reg3_m60_s8,reg3,prior_init,1,7160,0.8674698795180723
reg3_m60_s8,reg3,prior_init,1,7210,0.8674698795180723
reg3_m60_s8,reg3,prior_init,1,7260,0.8674698795180723
reg3_m60_s8,reg3,prior_init,1,7310,0.8674698795180723
reg3_m60_s8,reg3,prior_init,1,7360,0.8674698795180723
reg3_m60_s8,reg3,prior_init,1,7410,0.8674698795180723
reg3_m60_s8,reg3,prior_init,1,7460,0.8674698795180723
reg3_m60_s8,reg3,prior_init,1,7510,0.8674698795180723
reg3_m60_s8,reg3,prior_init,1,7560,0.8674698795180723
reg3_m60_s8,reg3,prior_init,1,7610,0.8674698795180723
reg3_m60_s8,reg3,prior_init,1,7660,0.8674698795180723
reg3_m60_s8,reg3,prior_init,1,7710,0.8674698795180723
reg3_m60_s8,reg3,prior_init,1,7760,0.8674698795180723
reg3_m60_s8,reg3,prior_init,1,7810,0.8674698795180723
reg3_m60_s8,reg3,prior_init,1,7860,0.8674698795180723
reg3_m60_s8,reg3,prior_init,1,7910,0.8674698795180723
reg3_m60_s8,reg3,prior_init,1,7960,0.8674698795180723
reg3_m60_s8,reg3,prior_init,1,8010,0.8674698795180723
reg3_m60_s8,reg3,prior_init,1,8060,0.8674698795180723
reg3_m60_s8,reg3,prior_init,1,8110,0.8674698795180723
reg3_m60_s8,reg3,prior_init,1,8160,0.8674698795180723
reg3_m60_s8,reg3,prior_init,1,8210,0.8674698795180723
reg3_m60_s8,reg3,prior_init,1,8260,0.8674698795180723
reg3_m60_s8,reg3,prior_init,1,8310,0.8674698795180723
reg3_m60_s8,reg3,prior_init,1,8360,0.8674698795180723
reg3_m60_s8,reg3,prior_init,1,8410,0.8674698795180723
reg3_m60_s8,reg3,prior_init,1,8460,0.8674698795180723
reg3_m60_s8,reg3,prior_init,1,8510,0.8674698795180723
reg3_m60_s8,reg3,prior_init,1,8560,0.8674698795180723
reg3_m60_s8,reg3,prior_init,1,8610,0.8674698795180723
reg3_m60_s8,reg3,prior_init,1,8660,0.8674698795180723
reg3_m60_s8,reg3,prior_init,1,8710,0.8674698795180723
reg3_m60_s8,reg3,prior_init,1,8760,0.8674698795180723
reg3_m60_s8,reg3,prior_init,1,8810,0.8674698795180723
reg3_m60_s8,reg3,prior_init,1,8860,0.8674698795180723
reg3_m60_s8,reg3,prior_init,1,8910,0.8674698795180723
reg3_m60_s8,reg3,prior_init,1,8960,0.8674698795180723
reg3_m60_s8,reg3,prior_init,1,9010,0.8674698795180723
reg3_m60_s8,reg3,prior_init,1,9060,0.8674698795180723
reg3_m60_s8,reg3,prior_init,1,9110,0.8674698795180723
reg3_m60_s8,reg3,prior_init,1,9160,0.8674698795180723
reg3_m60_s8,reg3,prior_init,1,9210,0.8674698795180723
reg3_m60_s8,reg3,prior_init,1,9260,0.8674698795180723
reg3_m60_s8,reg3,prior_init,1,9310,0.8674698795180723
reg3_m60_s8,reg3,prior_init,1,9360,0.8674698795180723
reg3_m60_s8,reg3,prior_init,1,9410,0.8674698795180723
reg3_m60_s8,reg3,prior_init,1,9460,0.8674698795180723
reg3_m60_s8,reg3,prior_init,1,9510,0.8674698795180723
reg3_m60_s8,reg3,prior_init,1,9560,0.8674698795180723
reg3_m60_s8,reg3,prior_init,1,9610,0.8674698795180723
reg3_m60_s8,reg3,prior_init,1,9660,0.8674698795180723
reg3_m60_s8,reg3,prior_init,1,9710,0.8674698795180723
reg3_m60_s8,reg3,prior_init,1,9760,0.8674698795180723
reg3_m60_s8,reg3,prior_init,1,9810,0.8674698795180723
reg3_m60_s8,reg3,prior_init,1,9860,0.8674698795180723
reg3_m60_s8,reg3,prior_init,1,9910,0.8674698795180723
reg3_m60_s8,reg3,prior_init,1,9960,0.8674698795180723
reg3_m60_s8,reg3,prior_init,1,10010,0.8674698795180723
reg3_m60_s8,reg3,prior_init,1,10060,0.8674698795180723
reg3_m60_s8,reg3,prior_init,1,10110,0.8674698795180723
reg3_m60_s8,reg3,prior_init,1,10160,0.8674698795180723
reg3_m60_s8,reg3,prior_init,1,10210,0.8674698795180723
reg3_m60_s8,reg3,prior_init,1,10260,0.8674698795180723
reg3_m60_s8,reg3,prior_init,1,10310,0.8674698795180723
reg3_m60_s8,reg3,prior_init,1,10360,0.8674698795180723
reg3_m60_s8,reg3,prior_init,1,10410,0.8674698795180723
reg3_m60_s8,reg3,prior_init,1,10460,0.8674698795180723
reg3_m60_s8,reg3,prior_init,1,10510,0.8674698795180723
reg3_m60_s8,reg3,prior_init,1,10560,0.8674698795180723
reg3_m60_s8,reg3,prior_init,1,10610,0.8674698795180723
reg3_m60_s8,reg3,prior_init,1,10660,0.8674698795180723
reg3_m60_s8,reg3,prior_init,1,10710,0.8674698795180723
reg3_m60_s8,reg3,prior_init,1,10760,0.8674698795180723
reg3_m60_s8,reg3,prior_init,1,10810,0.8674698795180723
reg3_m60_s8,reg3,prior_init,1,10860,0.8674698795180723
reg3_m60_s8,reg3,prior_init,1,10910,0.8674698795180723
reg3_m60_s8,reg3,prior_init,1,10960,0.8674698795180723
reg3_m60_s8,reg3,prior_init,1,11010,0.8674698795180723
reg3_m60_s8,reg3,prior_init,1,11060,0.8674698795180723
reg3_m60_s8,reg3,prior_init,1,11110,0.8674698795180723
reg3_m60_s8,reg3,prior_init,1,11160,0.8674698795180723
reg3_m60_s8,reg3,prior_init,1,11210,0.8674698795180723
reg3_m60_s8,reg3,prior_init,1,11260,0.8674698795180723
reg3_m60_s8,reg3,prior_init,1,11310,0.8674698795180723
reg3_m60_s8,reg3,prior_init,1,11360,0.8674698795180723
reg3_m60_s8,reg3,prior_init,1,11410,0.8674698795180723
reg3_m60_s8,reg3,prior_init,1,11460,0.8674698795180723
reg3_m60_s8,reg3,prior_init,1,11510,0.8674698795180723
reg3_m60_s8,reg3,prior_init,1,11560,0.8674698795180723
reg3_m60_s8,reg3,prior_init,1,11610,0.8674698795180723
reg3_m60_s8,reg3,prior_init,1,11660,0.8674698795180723
reg3_m60_s8,reg3,prior_init,1,11710,0.8674698795180723
reg3_m60_s8,reg3,prior_init,1,11760,0.8674698795180723
reg3_m60_s8,reg3,prior_init,1,11810,0.8674698795180723
reg3_m60_s8,reg3,prior_init,1,11860,0.8674698795180723
reg3_m60_s8,reg3,prior_init,1,11910,0.8674698795180723
reg3_m60_s8,reg3,prior_init,1,11960,0.8674698795180723
reg3_m60_s8,reg3,prior_init,1,12010,0.8674698795180723
reg3_m60_s8,reg3,prior_init,1,12060,0.8674698795180723
reg3_m60_s8,reg3,prior_init,1,12110,0.8674698795180723
reg3_m60_s8,reg3,prior_init,1,12160,0.8674698795180723
reg3_m60_s8,reg3,prior_init,1,12210,0.8674698795180723
reg3_m60_s8,reg3,prior_init,1,12260,0.8674698795180723
reg3_m60_s8,reg3,prior_init,1,12310,0.8674698795180723
reg3_m60_s8,reg3,prior_init,1,12360,0.8674698795180723
reg3_m60_s8,reg3,prior_init,1,12410,0.8674698795180723
reg3_m60_s8,reg3,prior_init,1,12460,0.8674698795180723
reg3_m60_s8,reg3,prior_init,1,12510,0.8674698795180723
reg3_m60_s8,reg3,prior_init,1,12560,0.8674698795180723
reg3_m60_s8,reg3,prior_init,1,12610,0.8674698795180723
reg3_m60_s8,reg3,prior_init,1,12660,0.8674698795180723
reg3_m60_s8,reg3,prior_init,1,12710,0.8674698795180723
reg3_m60_s8,reg3,prior_init,1,12760,0.8674698795180723
reg3_m60_s8,reg3,prior_init,1,12810,0.8674698795180723
reg3_m60_s8,reg3,prior_init,1,12860,0.8674698795180723
reg3_m60_s8,reg3,prior_init,1,12910,0.8674698795180723
reg3_m60_s8,reg3,prior_init,1,12960,0.8674698795180723
reg3_m60_s8,reg3,prior_init,1,13010,0.8674698795180723
reg3_m60_s8,reg3,prior_init,1,13060,0.8674698795180723
reg3_m60_s8,reg3,prior_init,1,13110,0.8674698795180723
reg3_m60_s8,reg3,prior_init,1,13160,0.8674698795180723
reg3_m60_s8,reg3,prior_init,1,13210,0.8674698795180723
reg3_m60_s8,reg3,prior_init,1,13260,0.8674698795180723
reg3_m60_s8,reg3,prior_init,1,13310,0.8674698795180723
reg3_m60_s8,reg3,prior_init,1,13360,0.8674698795180723
reg3_m60_s8,reg3,prior_init,1,13410,0.8674698795180723
reg3_m60_s8,reg3,prior_init,1,13460,0.8674698795180723
reg3_m60_s8,reg3,prior_init,1,13510,0.8674698795180723
reg3_m60_s8,reg3,prior_init,1,13560,0.8674698795180723
reg3_m60_s8,reg3,prior_init,1,13610,0.8674698795180723
reg3_m60_s8,reg3,prior_init,1,13660,0.8674698795180723
reg3_m60_s8,reg3,prior_init,1,13710,0.8674698795180723
reg3_m60_s8,reg3,prior_init,1,13760,0.8674698795180723
reg3_m60_s8,reg3,prior_init,1,13810,0.8674698795180723
reg3_m60_s8,reg3,prior_init,1,13860,0.8674698795180723
reg3_m60_s8,reg3,prior_init,1,13910,0.8674698795180723
reg3_m60_s8,reg3,prior_init,1,13960,0.8674698795180723
reg3_m60_s8,reg3,prior_init,1,14010,0.8674698795180723
reg3_m60_s8,reg3,prior_init,1,14060,0.8674698795180723
reg3_m60_s8,reg3,prior_init,1,14110,0.8674698795180723
reg3_m60_s8,reg3,prior_init,1,14160,0.8674698795180723
reg3_m60_s8,reg3,prior_init,1,14210,0.8674698795180723
reg3_m60_s8,reg3,prior_init,1,14260,0.8674698795180723
reg3_m60_s8,reg3,prior_init,1,14310,0.8674698795180723
reg3_m60_s8,reg3,prior_init,1,14360,0.8674698795180723
reg3_m60_s8,reg3,prior_init,1,14410,0.8674698795180723
reg3_m60_s8,reg3,prior_init,1,14460,0.8674698795180723
reg3_m60_s8,reg3,prior_init,1,14510,0.8674698795180723
reg3_m60_s8,reg3,prior_init,1,14560,0.8674698795180723
reg3_m60_s8,reg3,prior_init,1,14610,0.8674698795180723
reg3_m60_s8,reg3,prior_init,1,14660,0.8674698795180723
reg3_m60_s8,reg3,prior_init,1,14710,0.8674698795180723
reg3_m60_s8,reg3,prior_init,1,14760,0.8674698795180723
reg3_m60_s8,reg3,prior_init,1,14810,0.8674698795180723
reg3_m60_s8,reg3,prior_init,1,14860,0.8674698795180723
reg3_m60_s8,reg3,prior_init,1,14910,0.8674698795180723
reg3_m60_s8,reg3,prior_init,1,14960,0.8674698795180723
reg3_m60_s8,reg3,prior_init,1,15010,0.8674698795180723
reg3_m60_s8,reg3,prior_init,1,15060,0.8674698795180723
reg3_m60_s8,reg3,prior_init,1,15110,0.8674698795180723
reg3_m60_s8,reg3,prior_init,1,15160,0.8674698795180723
reg3_m60_s8,reg3,prior_init,1,15210,0.8674698795180723
reg3_m60_s8,reg3,prior_init,1,15260,0.8674698795180723
reg3_m60_s8,reg3,prior_init,1,15310,0.8674698795180723
reg3_m60_s8,reg3,prior_init,1,15360,0.8674698795180723
reg3_m60_s8,reg3,prior_init,1,15410,0.8674698795180723
reg3_m60_s8,reg3,prior_init,1,15460,0.8674698795180723
reg3_m60_s8,reg3,prior_init,1,15510,0.8674698795180723
reg3_m60_s8,reg3,prior_init,1,15560,0.8674698795180723
reg3_m60_s8,reg3,prior_init,1,15610,0.8674698795180723
reg3_m60_s8,reg3,prior_init,1,15660,0.8674698795180723
reg3_m60_s8,reg3,prior_init,1,15710,0.8674698795180723
reg3_m60_s8,reg3,prior_init,1,15760,0.8674698795180723
reg3_m60_s8,reg3,prior_init,1,15810,0.8674698795180723
reg3_m60_s8,reg3,prior_init,1,15860,0.8674698795180723
reg3_m60_s8,reg3,prior_init,1,15910,0.8674698795180723
reg3_m60_s8,reg3,prior_init,1,15960,0.8674698795180723
reg3_m60_s8,reg3,prior_init,1,16010,0.8674698795180723
reg3_m60_s8,reg3,prior_init,1,16060,0.8674698795180723
reg3_m60_s8,reg3,prior_init,1,16110,0.8674698795180723
reg3_m60_s8,reg3,prior_init,1,16160,0.8674698795180723
reg3_m60_s8,reg3,prior_init,1,16210,0.8674698795180723
reg3_m60_s8,reg3,prior_init,1,16260,0.8674698795180723
reg3_m60_s8,reg3,prior_init,1,16310,0.8674698795180723
reg3_m60_s8,reg3,prior_init,1,16360,0.8674698795180723
reg3_m60_s8,reg3,prior_init,1,16410,0.8674698795180723
reg3_m60_s8,reg3,prior_init,1,16460,0.8674698795180723
reg3_m60_s8,reg3,prior_init,1,16510,0.8674698795180723
reg3_m60_s8,reg3,prior_init,1,16560,0.8674698795180723
reg3_m60_s8,reg3,prior_init,1,16610,0.8674698795180723
reg3_m60_s8,reg3,prior_init,1,16660,0.8674698795180723
reg3_m60_s8,reg3,prior_init,1,16710,0.8674698795180723
reg3_m60_s8,reg3,prior_init,1,16760,0.8674698795180723
reg3_m60_s8,reg3,prior_init,1,16810,0.8674698795180723
reg3_m60_s8,reg3,prior_init,1,16860,0.8674698795180723
reg3_m60_s8,reg3,prior_init,1,16910,0.8674698795180723
reg3_m60_s8,reg3,prior_init,1,16960,0.8674698795180723
reg3_m60_s8,reg3,prior_init,1,17010,0.8674698795180723
reg3_m60_s8,reg3,prior_init,1,17060,0.8674698795180723
reg3_m60_s8,reg3,prior_init,1,17110,0.8674698795180723
reg3_m60_s8,reg3,prior_init,1,17160,0.8674698795180723
reg3_m60_s8,reg3,prior_init,1,17210,0.8674698795180723
reg3_m60_s8,reg3,prior_init,1,17260,0.8674698795180723
reg3_m60_s8,reg3,prior_init,1,17310,0.8674698795180723
reg3_m60_s8,reg3,prior_init,1,17360,0.8674698795180723
reg3_m60_s8,reg3,prior_init,1,17410,0.8674698795180723
reg3_m60_s8,reg3,prior_init,1,17460,0.8674698795180723
reg3_m60_s8,reg3,prior_init,1,17510,0.8674698795180723
reg3_m60_s8,reg3,prior_init,1,17560,0.8674698795180723
reg3_m60_s8,reg3,prior_init,1,17610,0.8674698795180723
reg3_m60_s8,reg3,prior_init,1,17660,0.8674698795180723
reg3_m60_s8,reg3,prior_init,1,17710,0.8674698795180723
reg3_m60_s8,reg3,prior_init,1,17760,0.8674698795180723
reg3_m60_s8,reg3,prior_init,1,17810,0.8674698795180723
reg3_m60_s8,reg3,prior_init,1,17860,0.8674698795180723
reg3_m60_s8,reg3,prior_init,1,17910,0.8674698795180723
reg3_m60_s8,reg3,prior_init,1,17960,0.8674698795180723
reg3_m60_s8,reg3,prior_init,1,18010,0.8674698795180723
reg3_m60_s8,reg3,prior_init,1,18060,0.8674698795180723
reg3_m60_s8,reg3,prior_init,1,18110,0.8674698795180723
reg3_m60_s8,reg3,prior_init,1,18160,0.8674698795180723
reg3_m60_s8,reg3,prior_init,1,18210,0.8674698795180723
reg3_m60_s8,reg3,prior_init,1,18260,0.8674698795180723
reg3_m60_s8,reg3,prior_init,1,18310,0.8674698795180723
reg3_m60_s8,reg3,prior_init,1,18360,0.8674698795180723
reg3_m60_s8,reg3,prior_init,1,18410,0.8674698795180723
reg3_m60_s8,reg3,prior_init,1,18460,0.8674698795180723
reg3_m60_s8,reg3,prior_init,1,18510,0.8674698795180723
reg3_m60_s8,reg3,prior_init,1,18560,0.8674698795180723
reg3_m60_s8,reg3,prior_init,1,18610,0.8674698795180723
reg3_m60_s8,reg3,prior_init,1,18660,0.8674698795180723
reg3_m60_s8,reg3,prior_init,1,18710,0.8674698795180723
reg3_m60_s8,reg3,prior_init,1,18760,0.8674698795180723
reg3_m60_s8,reg3,prior_init,1,18810,0.8674698795180723
reg3_m60_s8,reg3,prior_init,1,18860,0.8674698795180723
reg3_m60_s8,reg3,prior_init,1,18910,0.8674698795180723
reg3_m60_s8,reg3,prior_init,1,18960,0.8674698795180723
reg3_m60_s8,reg3,prior_init,1,19010,0.8674698795180723
reg3_m60_s8,reg3,prior_init,1,19060,0.8674698795180723
reg3_m60_s8,reg3,prior_init,1,19110,0.8674698795180723
reg3_m60_s8,reg3,prior_init,1,19160,0.8674698795180723
reg3_m60_s8,reg3,prior_init,1,19210,0.8674698795180723
reg3_m60_s8,reg3,prior_init,1,19260,0.8674698795180723
reg3_m60_s8,reg3,prior_init,1,19310,0.8674698795180723
reg3_m60_s8,reg3,prior_init,1,19360,0.8674698795180723
reg3_m60_s8,reg3,prior_init,1,19410,0.8674698795180723
reg3_m60_s8,reg3,prior_init,1,19460,0.8674698795180723
reg3_m60_s8,reg3,prior_init,1,19510,0.8674698795180723
reg3_m60_s8,reg3,prior_init,1,19560,0.8674698795180723
reg3_m60_s8,reg3,prior_init,1,19610,0.8674698795180723
reg3_m60_s8,reg3,prior_init,1,19660,0.8674698795180723
reg3_m60_s8,reg3,prior_init,1,19710,0.8674698795180723
reg3_m60_s8,reg3,prior_init,1,19760,0.8674698795180723
reg3_m60_s8,reg3,prior_init,1,19810,0.8674698795180723
reg3_m60_s8,reg3,prior_init,1,19860,0.8674698795180723
reg3_m60_s8,reg3,prior_init,1,19910,0.8674698795180723
reg3_m60_s8,reg3,prior_init,1,19960,0.8674698795180723
reg3_m60_s8,reg3,prior_init,1,20010,0.8674698795180723
reg3_m60_s8,reg3,prior_prop,1,10,0.5421686746987951
reg3_m60_s8,reg3,prior_prop,1,60,0.6746987951807228
reg3_m60_s8,reg3,prior_prop,1,110,0.6987951807228916
reg3_m60_s8,reg3,prior_prop,1,160,0.6626506024096386
reg3_m60_s8,reg3,prior_prop,1,210,0.6867469879518072
reg3_m60_s8,reg3,prior_prop,1,260,0.6867469879518072
reg3_m60_s8,reg3,prior_prop,1,310,0.6867469879518072
reg3_m60_s8,reg3,prior_prop,1,360,0.6987951807228916
reg3_m60_s8,reg3,prior_prop,1,410,0.7469879518072289
reg3_m60_s8,reg3,prior_prop,1,460,0.7469879518072289
reg3_m60_s8,reg3,prior_prop,1,510,0.7469879518072289
reg3_m60_s8,reg3,prior_prop,1,560,0.7469879518072289
reg3_m60_s8,reg3,prior_prop,1,610,0.7469879518072289
reg3_m60_s8,reg3,prior_prop,1,660,0.7469879518072289
reg3_m60_s8,reg3,prior_prop,1,710,0.7831325301204819
reg3_m60_s8,reg3,prior_prop,1,760,0.7831325301204819
reg3_m60_s8,reg3,prior_prop,1,810,0.8072289156626506
reg3_m60_s8,reg3,prior_prop,1,860,0.8072289156626506
reg3_m60_s8,reg3,prior_prop,1,910,0.8072289156626506
reg3_m60_s8,reg3,prior_prop,1,960,0.8072289156626506
reg3_m60_s8,reg3,prior_prop,1,1010,0.8072289156626506
reg3_m60_s8,reg3,prior_prop,1,1060,0.8072289156626506
reg3_m60_s8,reg3,prior_prop,1,1110,0.8192771084337349
reg3_m60_s8,reg3,prior_prop,1,1160,0.8192771084337349
reg3_m60_s8,reg3,prior_prop,1,1210,0.8192771084337349
reg3_m60_s8,reg3,prior_prop,1,1260,0.8192771084337349
reg3_m60_s8,reg3,prior_prop,1,1310,0.8192771084337349
reg3_m60_s8,reg3,prior_prop,1,1360,0.8192771084337349
reg3_m60_s8,reg3,prior_prop,1,1410,0.8192771084337349
reg3_m60_s8,reg3,prior_prop,1,1460,0.8192771084337349
reg3_m60_s8,reg3,prior_prop,1,1510,0.8192771084337349
reg3_m60_s8,reg3,prior_prop,1,1560,0.8192771084337349
reg3_m60_s8,reg3,prior_prop,1,1610,0.8192771084337349
reg3_m60_s8,reg3,prior_prop,1,1660,0.8313253012048193
reg3_m60_s8,reg3,prior_prop,1,1710,0.8192771084337349
reg3_m60_s8,reg3,prior_prop,1,1760,0.8192771084337349
reg3_m60_s8,reg3,prior_prop,1,1810,0.8313253012048193
reg3_m60_s8,reg3,prior_prop,1,1860,0.8313253012048193
reg3_m60_s8,reg3,prior_prop,1,1910,0.8313253012048193
reg3_m60_s8,reg3,prior_prop,1,1960,0.8433734939759037
reg3_m60_s8,reg3,prior_prop,1,2010,0.8433734939759037
reg3_m60_s8,reg3,prior_prop,1,2060,0.8433734939759037
reg3_m60_s8,reg3,prior_prop,1,2110,0.8433734939759037
reg3_m60_s8,reg3,prior_prop,1,2160,0.8433734939759037
reg3_m60_s8,reg3,prior_prop,1,2210,0.8433734939759037
reg3_m60_s8,reg3,prior_prop,1,2260,0.8433734939759037
reg3_m60_s8,reg3,prior_prop,1,2310,0.8433734939759037
reg3_m60_s8,reg3,prior_prop,1,2360,0.8433734939759037
reg3_m60_s8,reg3,prior_prop,1,2410,0.8433734939759037
reg3_m60_s8,reg3,prior_prop,1,2460,0.8433734939759037
reg3_m60_s8,reg3,prior_prop,1,2510,0.8433734939759037
reg3_m60_s8,reg3,prior_prop,1,2560,0.8433734939759037
reg3_m60_s8,reg3,prior_prop,1,2610,0.8433734939759037
reg3_m60_s8,reg3,prior_prop,1,2660,0.8433734939759037
reg3_m60_s8,reg3,prior_prop,1,2710,0.8433734939759037
reg3_m60_s8,reg3,prior_prop,1,2760,0.8433734939759037
reg3_m60_s8,reg3,prior_prop,1,2810,0.8433734939759037
reg3_m60_s8,reg3,prior_prop,1,2860,0.8433734939759037
reg3_m60_s8,reg3,prior_prop,1,2910,0.8433734939759037
reg3_m60_s8,reg3,prior_prop,1,2960,0.8433734939759037
reg3_m60_s8,reg3,prior_prop,1,3010,0.8433734939759037
reg3_m60_s8,reg3,prior_prop,1,3060,0.8433734939759037
reg3_m60_s8,reg3,prior_prop,1,3110,0.8433734939759037
reg3_m60_s8,reg3,prior_prop,1,3160,0.8433734939759037
reg3_m60_s8,reg3,prior_prop,1,3210,0.8433734939759037
reg3_m60_s8,reg3,prior_prop,1,3260,0.8554216867469879
reg3_m60_s8,reg3,prior_prop,1,3310,0.8554216867469879
reg3_m60_s8,reg3,prior_prop,1,3360,0.8554216867469879
reg3_m60_s8,reg3,prior_prop,1,3410,0.8554216867469879
reg3_m60_s8,reg3,prior_prop,1,3460,0.8554216867469879
reg3_m60_s8,reg3,prior_prop,1,3510,0.8554216867469879
reg3_m60_s8,reg3,prior_prop,1,3560,0.8554216867469879
reg3_m60_s8,reg3,prior_prop,1,3610,0.8554216867469879
reg3_m60_s8,reg3,prior_prop,1,3660,0.8554216867469879
reg3_m60_s8,reg3,prior_prop,1,3710,0.8554216867469879
reg3_m60_s8,reg3,prior_prop,1,3760,0.8554216867469879
reg3_m60_s8,reg3,prior_prop,1,3810,0.8674698795180723
reg3_m60_s8,reg3,prior_prop,1,3860,0.8674698795180723
reg3_m60_s8,reg3,prior_prop,1,3910,0.8674698795180723
reg3_m60_s8,reg3,prior_prop,1,3960,0.8674698795180723
reg3_m60_s8,reg3,prior_prop,1,4010,0.8674698795180723
reg3_m60_s8,reg3,prior_prop,1,4060,0.8674698795180723
reg3_m60_s8,reg3,prior_prop,1,4110,0.8674698795180723
reg3_m60_s8,reg3,prior_prop,1,4160,0.8674698795180723
reg3_m60_s8,reg3,prior_prop,1,4210,0.8674698795180723
reg3_m60_s8,reg3,prior_prop,1,4260,0.8674698795180723
reg3_m60_s8,reg3,prior_prop,1,4310,0.8674698795180723
reg3_m60_s8,reg3,prior_prop,1,4360,0.8674698795180723
reg3_m60_s8,reg3,prior_prop,1,4410,0.8674698795180723
reg3_m60_s8,reg3,prior_prop,1,4460,0.8674698795180723
reg3_m60_s8,reg3,prior_prop,1,4510,0.8674698795180723
reg3_m60_s8,reg3,prior_prop,1,4560,0.8674698795180723
reg3_m60_s8,reg3,prior_prop,1,4610,0.8674698795180723
reg3_m60_s8,reg3,prior_prop,1,4660,0.8674698795180723
reg3_m60_s8,reg3,prior_prop,1,4710,0.8674698795180723
reg3_m60_s8,reg3,prior_prop,1,4760,0.8674698795180723
reg3_m60_s8,reg3,prior_prop,1,4810,0.8674698795180723
reg3_m60_s8,reg3,prior_prop,1,4860,0.8795180722891566
reg3_m60_s8,reg3,prior_prop,1,4910,0.8795180722891566
reg3_m60_s8,reg3,prior_prop,1,4960,0.8795180722891566
reg3_m60_s8,reg3,prior_prop,1,5010,0.8795180722891566
reg3_m60_s8,reg3,prior_prop,1,5060,0.8795180722891566
reg3_m60_s8,reg3,prior_prop,1,5110,0.8795180722891566
reg3_m60_s8,reg3,prior_prop,1,5160,0.8795180722891566
reg3_m60_s8,reg3,prior_prop,1,5210,0.8795180722891566
reg3_m60_s8,reg3,prior_prop,1,5260,0.8795180722891566
reg3_m60_s8,reg3,prior_prop,1,5310,0.8795180722891566
reg3_m60_s8,reg3,prior_prop,1,5360,0.8795180722891566
reg3_m60_s8,reg3,prior_prop,1,5410,0.8795180722891566
reg3_m60_s8,reg3,prior_prop,1,5460,0.8795180722891566
reg3_m60_s8,reg3,prior_prop,1,5510,0.8795180722891566
reg3_m60_s8,reg3,prior_prop,1,5560,0.8795180722891566
reg3_m60_s8,reg3,prior_prop,1,5610,0.8795180722891566
reg3_m60_s8,reg3,prior_prop,1,5660,0.8795180722891566
reg3_m60_s8,reg3,prior_prop,1,5710,0.8795180722891566
reg3_m60_s8,reg3,prior_prop,1,5760,0.8795180722891566
reg3_m60_s8,reg3,prior_prop,1,5810,0.8795180722891566
reg3_m60_s8,reg3,prior_prop,1,5860,0.8795180722891566
reg3_m60_s8,reg3,prior_prop,1,5910,0.8795180722891566
reg3_m60_s8,reg3,prior_prop,1,5960,0.8795180722891566
reg3_m60_s8,reg3,prior_prop,1,6010,0.8795180722891566
reg3_m60_s8,reg3,prior_prop,1,6060,0.8795180722891566
reg3_m60_s8,reg3,prior_prop,1,6110,0.8795180722891566
reg3_m60_s8,reg3,prior_prop,1,6160,0.8795180722891566
reg3_m60_s8,reg3,prior_prop,1,6210,0.8795180722891566
reg3_m60_s8,reg3,prior_prop,1,6260,0.8795180722891566
reg3_m60_s8,reg3,prior_prop,1,6310,0.8795180722891566
reg3_m60_s8,reg3,prior_prop,1,6360,0.8795180722891566
reg3_m60_s8,reg3,prior_prop,1,6410,0.8795180722891566
reg3_m60_s8,reg3,prior_prop,1,6460,0.8795180722891566
reg3_m60_s8,reg3,prior_prop,1,6510,0.8795180722891566
reg3_m60_s8,reg3,prior_prop,1,6560,0.8795180722891566
reg3_m60_s8,reg3,prior_prop,1,6610,0.8795180722891566
reg3_m60_s8,reg3,prior_prop,1,6660,0.8795180722891566
reg3_m60_s8,reg3,prior_prop,1,6710,0.8795180722891566
reg3_m60_s8,reg3,prior_prop,1,6760,0.8795180722891566
reg3_m60_s8,reg3,prior_prop,1,6810,0.8795180722891566
reg3_m60_s8,reg3,prior_prop,1,6860,0.8795180722891566
reg3_m60_s8,reg3,prior_prop,1,6910,0.8795180722891566
reg3_m60_s8,reg3,prior_prop,1,6960,0.8795180722891566
reg3_m60_s8,reg3,prior_prop,1,7010,0.8795180722891566
reg3_m60_s8,reg3,prior_prop,1,7060,0.8795180722891566
reg3_m60_s8,reg3,prior_prop,1,7110,0.8795180722891566
reg3_m60_s8,reg3,prior_prop,1,7160,0.8795180722891566
reg3_m60_s8,reg3,prior_prop,1,7210,0.8795180722891566
reg3_m60_s8,reg3,prior_prop,1,7260,0.8795180722891566
reg3_m60_s8,reg3,prior_prop,1,7310,0.8795180722891566
reg3_m60_s8,reg3,prior_prop,1,7360,0.8795180722891566
reg3_m60_s8,reg3,prior_prop,1,7410,0.8795180722891566
reg3_m60_s8,reg3,prior_prop,1,7460,0.8795180722891566
reg3_m60_s8,reg3,prior_prop,1,7510,0.8795180722891566
reg3_m60_s8,reg3,prior_prop,1,7560,0.8795180722891566
reg3_m60_s8,reg3,prior_prop,1,7610,0.8795180722891566
reg3_m60_s8,reg3,prior_prop,1,7660,0.8795180722891566
reg3_m60_s8,reg3,prior_prop,1,7710,0.8795180722891566
reg3_m60_s8,reg3,prior_prop,1,7760,0.8795180722891566
reg3_m60_s8,reg3,prior_prop,1,7810,0.8795180722891566
reg3_m60_s8,reg3,prior_prop,1,7860,0.8795180722891566
reg3_m60_s8,reg3,prior_prop,1,7910,0.8795180722891566
reg3_m60_s8,reg3,prior_prop,1,7960,0.8795180722891566
reg3_m60_s8,reg3,prior_prop,1,8010,0.8795180722891566
reg3_m60_s8,reg3,prior_prop,1,8060,0.8795180722891566
reg3_m60_s8,reg3,prior_prop,1,8110,0.8795180722891566
reg3_m60_s8,reg3,prior_prop,1,8160,0.8795180722891566
reg3_m60_s8,reg3,prior_prop,1,8210,0.8795180722891566
reg3_m60_s8,reg3,prior_prop,1,8260,0.8795180722891566
reg3_m60_s8,reg3,prior_prop,1,8310,0.8795180722891566
reg3_m60_s8,reg3,prior_prop,1,8360,0.8795180722891566
reg3_m60_s8,reg3,prior_prop,1,8410,0.8795180722891566
reg3_m60_s8,reg3,prior_prop,1,8460,0.8795180722891566
reg3_m60_s8,reg3,prior_prop,1,8510,0.8795180722891566
reg3_m60_s8,reg3,prior_prop,1,8560,0.8795180722891566
reg3_m60_s8,reg3,prior_prop,1,8610,0.8795180722891566
reg3_m60_s8,reg3,prior_prop,1,8660,0.8795180722891566
reg3_m60_s8,reg3,prior_prop,1,8710,0.8795180722891566
reg3_m60_s8,reg3,prior_prop,1,8760,0.8795180722891566
reg3_m60_s8,reg3,prior_prop,1,8810,0.8795180722891566
reg3_m60_s8,reg3,prior_prop,1,8860,0.8795180722891566
reg3_m60_s8,reg3,prior_prop,1,8910,0.8795180722891566
reg3_m60_s8,reg3,prior_prop,1,8960,0.8795180722891566
reg3_m60_s8,reg3,prior_prop,1,9010,0.8795180722891566
reg3_m60_s8,reg3,prior_prop,1,9060,0.8795180722891566
reg3_m60_s8,reg3,prior_prop,1,9110,0.8795180722891566
reg3_m60_s8,reg3,prior_prop,1,9160,0.8795180722891566
reg3_m60_s8,reg3,prior_prop,1,9210,0.8795180722891566
reg3_m60_s8,reg3,prior_prop,1,9260,0.8795180722891566
reg3_m60_s8,reg3,prior_prop,1,9310,0.8795180722891566
reg3_m60_s8,reg3,prior_prop,1,9360,0.8795180722891566
reg3_m60_s8,reg3,prior_prop,1,9410,0.8795180722891566
reg3_m60_s8,reg3,prior_prop,1,9460,0.8795180722891566
reg3_m60_s8,reg3,prior_prop,1,9510,0.8795180722891566
reg3_m60_s8,reg3,prior_prop,1,9560,0.8795180722891566
reg3_m60_s8,reg3,prior_prop,1,9610,0.8795180722891566
reg3_m60_s8,reg3,prior_prop,1,9660,0.8795180722891566
reg3_m60_s8,reg3,prior_prop,1,9710,0.8795180722891566
reg3_m60_s8,reg3,prior_prop,1,9760,0.8795180722891566
reg3_m60_s8,reg3,prior_prop,1,9810,0.8795180722891566
reg3_m60_s8,reg3,prior_prop,1,9860,0.8795180722891566
reg3_m60_s8,reg3,prior_prop,1,9910,0.8795180722891566
reg3_m60_s8,reg3,prior_prop,1,9960,0.8795180722891566
reg3_m60_s8,reg3,prior_prop,1,10010,0.8795180722891566
reg3_m60_s8,reg3,prior_prop,1,10060,0.8795180722891566
reg3_m60_s8,reg3,prior_prop,1,10110,0.8795180722891566
reg3_m60_s8,reg3,prior_prop,1,10160,0.8795180722891566
reg3_m60_s8,reg3,prior_prop,1,10210,0.8795180722891566
reg3_m60_s8,reg3,prior_prop,1,10260,0.8795180722891566
reg3_m60_s8,reg3,prior_prop,1,10310,0.8795180722891566
reg3_m60_s8,reg3,prior_prop,1,10360,0.8795180722891566
reg3_m60_s8,reg3,prior_prop,1,10410,0.8795180722891566
reg3_m60_s8,reg3,prior_prop,1,10460,0.8795180722891566
reg3_m60_s8,reg3,prior_prop,1,10510,0.8795180722891566
reg3_m60_s8,reg3,prior_prop,1,10560,0.8795180722891566
reg3_m60_s8,reg3,prior_prop,1,10610,0.8795180722891566
reg3_m60_s8,reg3,prior_prop,1,10660,0.8795180722891566
reg3_m60_s8,reg3,prior_prop,1,10710,0.8795180722891566
reg3_m60_s8,reg3,prior_prop,1,10760,0.8795180722891566
reg3_m60_s8,reg3,prior_prop,1,10810,0.8795180722891566
reg3_m60_s8,reg3,prior_prop,1,10860,0.8795180722891566
reg3_m60_s8,reg3,prior_prop,1,10910,0.8795180722891566
reg3_m60_s8,reg3,prior_prop,1,10960,0.8795180722891566
reg3_m60_s8,reg3,prior_prop,1,11010,0.8795180722891566
reg3_m60_s8,reg3,prior_prop,1,11060,0.8795180722891566
reg3_m60_s8,reg3,prior_prop,1,11110,0.8795180722891566
reg3_m60_s8,reg3,prior_prop,1,11160,0.8795180722891566
reg3_m60_s8,reg3,prior_prop,1,11210,0.8795180722891566
reg3_m60_s8,reg3,prior_prop,1,11260,0.8795180722891566
reg3_m60_s8,reg3,prior_prop,1,11310,0.8795180722891566
reg3_m60_s8,reg3,prior_prop,1,11360,0.8795180722891566
reg3_m60_s8,reg3,prior_prop,1,11410,0.8795180722891566
reg3_m60_s8,reg3,prior_prop,1,11460,0.8795180722891566
reg3_m60_s8,reg3,prior_prop,1,11510,0.8795180722891566
reg3_m60_s8,reg3,prior_prop,1,11560,0.8795180722891566
reg3_m60_s8,reg3,prior_prop,1,11610,0.8795180722891566
reg3_m60_s8,reg3,prior_prop,1,11660,0.8795180722891566
reg3_m60_s8,reg3,prior_prop,1,11710,0.8795180722891566
reg3_m60_s8,reg3,prior_prop,1,11760,0.8795180722891566
reg3_m60_s8,reg3,prior_prop,1,11810,0.8795180722891566
reg3_m60_s8,reg3,prior_prop,1,11860,0.8795180722891566
reg3_m60_s8,reg3,prior_prop,1,11910,0.8795180722891566
reg3_m60_s8,reg3,prior_prop,1,11960,0.8795180722891566
reg3_m60_s8,reg3,prior_prop,1,12010,0.8795180722891566
reg3_m60_s8,reg3,prior_prop,1,12060,0.8795180722891566
reg3_m60_s8,reg3,prior_prop,1,12110,0.8795180722891566
reg3_m60_s8,reg3,prior_prop,1,12160,0.8795180722891566
reg3_m60_s8,reg3,prior_prop,1,12210,0.8795180722891566
reg3_m60_s8,reg3,prior_prop,1,12260,0.8795180722891566
reg3_m60_s8,reg3,prior_prop,1,12310,0.8795180722891566
reg3_m60_s8,reg3,prior_prop,1,12360,0.8795180722891566
reg3_m60_s8,reg3,prior_prop,1,12410,0.8795180722891566
reg3_m60_s8,reg3,prior_prop,1,12460,0.8795180722891566
reg3_m60_s8,reg3,prior_prop,1,12510,0.8795180722891566
reg3_m60_s8,reg3,prior_prop,1,12560,0.8795180722891566
reg3_m60_s8,reg3,prior_prop,1,12610,0.8795180722891566
reg3_m60_s8,reg3,prior_prop,1,12660,0.8795180722891566
reg3_m60_s8,reg3,prior_prop,1,12710,0.8795180722891566
reg3_m60_s8,reg3,prior_prop,1,12760,0.8795180722891566
reg3_m60_s8,reg3,prior_prop,1,12810,0.8795180722891566
reg3_m60_s8,reg3,prior_prop,1,12860,0.8795180722891566
reg3_m60_s8,reg3,prior_prop,1,12910,0.8795180722891566
reg3_m60_s8,reg3,prior_prop,1,12960,0.8795180722891566
reg3_m60_s8,reg3,prior_prop,1,13010,0.8795180722891566
reg3_m60_s8,reg3,prior_prop,1,13060,0.8795180722891566
reg3_m60_s8,reg3,prior_prop,1,13110,0.8795180722891566
reg3_m60_s8,reg3,prior_prop,1,13160,0.8795180722891566
reg3_m60_s8,reg3,prior_prop,1,13210,0.8795180722891566
reg3_m60_s8,reg3,prior_prop,1,13260,0.8795180722891566
reg3_m60_s8,reg3,prior_prop,1,13310,0.8795180722891566
reg3_m60_s8,reg3,prior_prop,1,13360,0.8795180722891566
reg3_m60_s8,reg3,prior_prop,1,13410,0.8795180722891566
reg3_m60_s8,reg3,prior_prop,1,13460,0.8795180722891566
reg3_m60_s8,reg3,prior_prop,1,13510,0.8795180722891566
reg3_m60_s8,reg3,prior_prop,1,13560,0.8795180722891566
reg3_m60_s8,reg3,prior_prop,1,13610,0.8795180722891566
reg3_m60_s8,reg3,prior_prop,1,13660,0.8795180722891566
reg3_m60_s8,reg3,prior_prop,1,13710,0.8795180722891566
reg3_m60_s8,reg3,prior_prop,1,13760,0.8795180722891566
reg3_m60_s8,reg3,prior_prop,1,13810,0.8795180722891566
reg3_m60_s8,reg3,prior_prop,1,13860,0.8795180722891566
reg3_m60_s8,reg3,prior_prop,1,13910,0.8795180722891566
reg3_m60_s8,reg3,prior_prop,1,13960,0.8795180722891566
reg3_m60_s8,reg3,prior_prop,1,14010,0.8795180722891566
reg3_m60_s8,reg3,prior_prop,1,14060,0.8795180722891566
reg3_m60_s8,reg3,prior_prop,1,14110,0.8795180722891566
reg3_m60_s8,reg3,prior_prop,1,14160,0.8795180722891566
reg3_m60_s8,reg3,prior_prop,1,14210,0.8795180722891566
reg3_m60_s8,reg3,prior_prop,1,14260,0.8795180722891566
reg3_m60_s8,reg3,prior_prop,1,14310,0.8795180722891566
reg3_m60_s8,reg3,prior_prop,1,14360,0.8795180722891566
reg3_m60_s8,reg3,prior_prop,1,14410,0.8795180722891566
reg3_m60_s8,reg3,prior_prop,1,14460,0.8795180722891566
reg3_m60_s8,reg3,prior_prop,1,14510,0.8795180722891566
reg3_m60_s8,reg3,prior_prop,1,14560,0.8795180722891566
reg3_m60_s8,reg3,prior_prop,1,14610,0.8795180722891566
reg3_m60_s8,reg3,prior_prop,1,14660,0.8795180722891566
reg3_m60_s8,reg3,prior_prop,1,14710,0.8795180722891566
reg3_m60_s8,reg3,prior_prop,1,14760,0.8795180722891566
reg3_m60_s8,reg3,prior_prop,1,14810,0.8795180722891566
reg3_m60_s8,reg3,prior_prop,1,14860,0.8795180722891566
reg3_m60_s8,reg3,prior_prop,1,14910,0.8795180722891566
reg3_m60_s8,reg3,prior_prop,1,14960,0.8795180722891566
reg3_m60_s8,reg3,prior_prop,1,15010,0.8795180722891566
reg3_m60_s8,reg3,prior_prop,1,15060,0.8795180722891566
reg3_m60_s8,reg3,prior_prop,1,15110,0.8795180722891566
reg3_m60_s8,reg3,prior_prop,1,15160,0.8795180722891566
reg3_m60_s8,reg3,prior_prop,1,15210,0.8795180722891566
reg3_m60_s8,reg3,prior_prop,1,15260,0.8795180722891566
reg3_m60_s8,reg3,prior_prop,1,15310,0.8795180722891566
reg3_m60_s8,reg3,prior_prop,1,15360,0.8795180722891566
reg3_m60_s8,reg3,prior_prop,1,15410,0.8795180722891566
reg3_m60_s8,reg3,prior_prop,1,15460,0.8795180722891566
reg3_m60_s8,reg3,prior_prop,1,15510,0.8795180722891566
reg3_m60_s8,reg3,prior_prop,1,15560,0.8795180722891566
reg3_m60_s8,reg3,prior_prop,1,15610,0.8795180722891566
reg3_m60_s8,reg3,prior_prop,1,15660,0.8795180722891566
reg3_m60_s8,reg3,prior_prop,1,15710,0.8795180722891566
reg3_m60_s8,reg3,prior_prop,1,15760,0.8795180722891566
reg3_m60_s8,reg3,prior_prop,1,15810,0.8795180722891566
reg3_m60_s8,reg3,prior_prop,1,15860,0.8795180722891566
reg3_m60_s8,reg3,prior_prop,1,15910,0.8795180722891566
reg3_m60_s8,reg3,prior_prop,1,15960,0.8795180722891566
reg3_m60_s8,reg3,prior_prop,1,16010,0.8795180722891566
reg3_m60_s8,reg3,prior_prop,1,16060,0.8795180722891566
reg3_m60_s8,reg3,prior_prop,1,16110,0.8795180722891566
reg3_m60_s8,reg3,prior_prop,1,16160,0.8795180722891566
reg3_m60_s8,reg3,prior_prop,1,16210,0.8795180722891566
reg3_m60_s8,reg3,prior_prop,1,16260,0.8795180722891566
reg3_m60_s8,reg3,prior_prop,1,16310,0.8795180722891566
reg3_m60_s8,reg3,prior_prop,1,16360,0.8795180722891566
reg3_m60_s8,reg3,prior_prop,1,16410,0.8795180722891566
reg3_m60_s8,reg3,prior_prop,1,16460,0.8795180722891566
reg3_m60_s8,reg3,prior_prop,1,16510,0.8795180722891566
reg3_m60_s8,reg3,prior_prop,1,16560,0.8795180722891566
reg3_m60_s8,reg3,prior_prop,1,16610,0.8795180722891566
reg3_m60_s8,reg3,prior_prop,1,16660,0.8795180722891566
reg3_m60_s8,reg3,prior_prop,1,16710,0.8795180722891566
reg3_m60_s8,reg3,prior_prop,1,16760,0.8795180722891566
reg3_m60_s8,reg3,prior_prop,1,16810,0.8795180722891566
reg3_m60_s8,reg3,prior_prop,1,16860,0.8795180722891566
reg3_m60_s8,reg3,prior_prop,1,16910,0.8795180722891566
reg3_m60_s8,reg3,prior_prop,1,16960,0.8795180722891566
reg3_m60_s8,reg3,prior_prop,1,17010,0.8795180722891566
reg3_m60_s8,reg3,prior_prop,1,17060,0.8795180722891566
reg3_m60_s8,reg3,prior_prop,1,17110,0.8795180722891566
reg3_m60_s8,reg3,prior_prop,1,17160,0.8795180722891566
reg3_m60_s8,reg3,prior_prop,1,17210,0.8795180722891566
reg3_m60_s8,reg3,prior_prop,1,17260,0.8795180722891566
reg3_m60_s8,reg3,prior_prop,1,17310,0.8795180722891566
reg3_m60_s8,reg3,prior_prop,1,17360,0.8795180722891566
reg3_m60_s8,reg3,prior_prop,1,17410,0.8795180722891566
reg3_m60_s8,reg3,prior_prop,1,17460,0.8795180722891566
reg3_m60_s8,reg3,prior_prop,1,17510,0.8795180722891566
reg3_m60_s8,reg3,prior_prop,1,17560,0.8795180722891566
reg3_m60_s8,reg3,prior_prop,1,17610,0.8795180722891566
reg3_m60_s8,reg3,prior_prop,1,17660,0.8795180722891566
reg3_m60_s8,reg3,prior_prop,1,17710,0.8795180722891566
reg3_m60_s8,reg3,prior_prop,1,17760,0.8795180722891566
reg3_m60_s8,reg3,prior_prop,1,17810,0.8795180722891566
reg3_m60_s8,reg3,prior_prop,1,17860,0.8795180722891566
reg3_m60_s8,reg3,prior_prop,1,17910,0.8795180722891566
reg3_m60_s8,reg3,prior_prop,1,17960,0.8795180722891566
reg3_m60_s8,reg3,prior_prop,1,18010,0.8795180722891566
reg3_m60_s8,reg3,prior_prop,1,18060,0.8795180722891566
reg3_m60_s8,reg3,prior_prop,1,18110,0.8795180722891566
reg3_m60_s8,reg3,prior_prop,1,18160,0.8795180722891566
reg3_m60_s8,reg3,prior_prop,1,18210,0.8795180722891566
reg3_m60_s8,reg3,prior_prop,1,18260,0.8795180722891566
reg3_m60_s8,reg3,prior_prop,1,18310,0.8795180722891566
reg3_m60_s8,reg3,prior_prop,1,18360,0.8795180722891566
reg3_m60_s8,reg3,prior_prop,1,18410,0.8795180722891566
reg3_m60_s8,reg3,prior_prop,1,18460,0.8795180722891566
reg3_m60_s8,reg3,prior_prop,1,18510,0.8795180722891566
reg3_m60_s8,reg3,prior_prop,1,18560,0.8795180722891566
reg3_m60_s8,reg3,prior_prop,1,18610,0.8795180722891566
reg3_m60_s8,reg3,prior_prop,1,18660,0.8795180722891566
reg3_m60_s8,reg3,prior_prop,1,18710,0.8795180722891566
reg3_m60_s8,reg3,prior_prop,1,18760,0.8795180722891566
reg3_m60_s8,reg3,prior_prop,1,18810,0.8795180722891566
reg3_m60_s8,reg3,prior_prop,1,18860,0.8795180722891566
reg3_m60_s8,reg3,prior_prop,1,18910,0.8795180722891566
reg3_m60_s8,reg3,prior_prop,1,18960,0.8795180722891566
reg3_m60_s8,reg3,prior_prop,1,19010,0.8795180722891566
reg3_m60_s8,reg3,prior_prop,1,19060,0.8795180722891566
reg3_m60_s8,reg3,prior_prop,1,19110,0.8795180722891566
reg3_m60_s8,reg3,prior_prop,1,19160,0.8795180722891566
reg3_m60_s8,reg3,prior_prop,1,19210,0.8795180722891566
reg3_m60_s8,reg3,prior_prop,1,19260,0.8795180722891566
reg3_m60_s8,reg3,prior_prop,1,19310,0.8795180722891566
reg3_m60_s8,reg3,prior_prop,1,19360,0.8795180722891566
reg3_m60_s8,reg3,prior_prop,1,19410,0.8795180722891566
reg3_m60_s8,reg3,prior_prop,1,19460,0.8795180722891566
reg3_m60_s8,reg3,prior_prop,1,19510,0.8795180722891566
reg3_m60_s8,reg3,prior_prop,1,19560,0.8795180722891566
reg3_m60_s8,reg3,prior_prop,1,19610,0.8795180722891566
reg3_m60_s8,reg3,prior_prop,1,19660,0.8795180722891566
reg3_m60_s8,reg3,prior_prop,1,19710,0.8795180722891566
reg3_m60_s8,reg3,prior_prop,1,19760,0.8795180722891566
reg3_m60_s8,reg3,prior_prop,1,19810,0.8795180722891566
reg3_m60_s8,reg3,prior_prop,1,19860,0.8795180722891566
reg3_m60_s8,reg3,prior_prop,1,19910,0.8795180722891566
reg3_m60_s8,reg3,prior_prop,1,19960,0.8795180722891566
reg3_m60_s8,reg3,prior_prop,1,20010,0.8795180722891566
reg3_m60_s8,reg3,db_rescore,1,10,0.7590361445783133
reg3_m60_s8,reg3,db_rescore,1,60,0.7590361445783133
reg3_m60_s8,reg3,db_rescore,1,110,0.7590361445783133
reg3_m60_s8,reg3,db_rescore,1,160,0.7710843373493976
reg3_m60_s8,reg3,db_rescore,1,210,0.7710843373493976
reg3_m60_s8,reg3,db_rescore,1,260,0.7710843373493976
reg3_m60_s8,reg3,db_rescore,1,310,0.7710843373493976
reg3_m60_s8,reg3,db_rescore,1,360,0.7710843373493976
reg3_m60_s8,reg3,db_rescore,1,410,0.7710843373493976
reg3_m60_s8,reg3,db_rescore,1,460,0.7710843373493976
reg3_m60_s8,reg3,db_rescore,1,510,0.7710843373493976
reg3_m60_s8,reg3,db_rescore,1,560,0.7710843373493976
reg3_m60_s8,reg3,db_rescore,1,610,0.7710843373493976
reg3_m60_s8,reg3,db_rescore,1,660,0.7710843373493976
reg3_m60_s8,reg3,db_rescore,1,710,0.7710843373493976
reg3_m60_s8,reg3,db_rescore,1,760,0.7710843373493976
reg3_m60_s8,reg3,db_rescore,1,810,0.7710843373493976
reg3_m60_s8,reg3,db_rescore,1,860,0.7710843373493976
reg3_m60_s8,reg3,db_rescore,1,910,0.7710843373493976
reg3_m60_s8,reg3,db_rescore,1,960,0.7710843373493976
reg3_m60_s8,reg3,db_rescore,1,1010,0.7710843373493976
reg3_m60_s8,reg3,db_rescore,1,1060,0.7710843373493976
reg3_m60_s8,reg3,db_rescore,1,1110,0.7951807228915663
reg3_m60_s8,reg3,db_rescore,1,1160,0.7951807228915663
reg3_m60_s8,reg3,db_rescore,1,1210,0.7951807228915663
reg3_m60_s8,reg3,db_rescore,1,1260,0.7951807228915663
reg3_m60_s8,reg3,db_rescore,1,1310,0.7951807228915663
reg3_m60_s8,reg3,db_rescore,1,1360,0.7951807228915663
reg3_m60_s8,reg3,db_rescore,1,1410,0.7951807228915663
reg3_m60_s8,reg3,db_rescore,1,1460,0.7951807228915663
reg3_m60_s8,reg3,db_rescore,1,1510,0.7951807228915663
reg3_m60_s8,reg3,db_rescore,1,1560,0.8072289156626506
reg3_m60_s8,reg3,db_rescore,1,1610,0.7951807228915663
reg3_m60_s8,reg3,db_rescore,1,1660,0.7951807228915663
reg3_m60_s8,reg3,db_rescore,1,1710,0.7831325301204819
reg3_m60_s8,reg3,db_rescore,1,1760,0.7831325301204819
reg3_m60_s8,reg3,db_rescore,1,1810,0.7831325301204819
reg3_m60_s8,reg3,db_rescore,1,1860,0.7831325301204819
reg3_m60_s8,reg3,db_rescore,1,1910,0.7831325301204819
reg3_m60_s8,reg3,db_rescore,1,1960,0.7951807228915663
reg3_m60_s8,reg3,db_rescore,1,2010,0.7951807228915663
reg3_m60_s8,reg3,db_rescore,1,2060,0.8192771084337349
reg3_m60_s8,reg3,db_rescore,1,2110,0.8192771084337349
reg3_m60_s8,reg3,db_rescore,1,2160,0.8192771084337349
reg3_m60_s8,reg3,db_rescore,1,2210,0.8192771084337349
reg3_m60_s8,reg3,db_rescore,1,2260,0.8192771084337349
reg3_m60_s8,reg3,db_rescore,1,2310,0.8313253012048193
reg3_m60_s8,reg3,db_rescore,1,2360,0.8313253012048193
reg3_m60_s8,reg3,db_rescore,1,2410,0.8313253012048193
reg3_m60_s8,reg3,db_rescore,1,2460,0.8313253012048193
reg3_m60_s8,reg3,db_rescore,1,2510,0.8313253012048193
reg3_m60_s8,reg3,db_rescore,1,2560,0.8313253012048193
reg3_m60_s8,reg3,db_rescore,1,2610,0.8313253012048193
reg3_m60_s8,reg3,db_rescore,1,2660,0.8313253012048193
reg3_m60_s8,reg3,db_rescore,1,2710,0.8313253012048193
reg3_m60_s8,reg3,db_rescore,1,2760,0.8313253012048193
reg3_m60_s8,reg3,db_rescore,1,2810,0.8313253012048193
reg3_m60_s8,reg3,db_rescore,1,2860,0.8313253012048193
reg3_m60_s8,reg3,db_rescore,1,2910,0.8313253012048193
reg3_m60_s8,reg3,db_rescore,1,2960,0.8313253012048193
reg3_m60_s8,reg3,db_rescore,1,3010,0.8313253012048193
reg3_m60_s8,reg3,db_rescore,1,3060,0.8313253012048193
reg3_m60_s8,reg3,db_rescore,1,3110,0.8313253012048193
reg3_m60_s8,reg3,db_rescore,1,3160,0.8313253012048193
reg3_m60_s8,reg3,db_rescore,1,3210,0.8313253012048193
reg3_m60_s8,reg3,db_rescore,1,3260,0.8313253012048193
reg3_m60_s8,reg3,db_rescore,1,3310,0.8313253012048193
reg3_m60_s8,reg3,db_rescore,1,3360,0.8313253012048193
reg3_m60_s8,reg3,db_rescore,1,3410,0.8313253012048193
reg3_m60_s8,reg3,db_rescore,1,3460,0.8313253012048193
reg3_m60_s8,reg3,db_rescore,1,3510,0.8313253012048193
reg3_m60_s8,reg3,db_rescore,1,3560,0.8313253012048193
reg3_m60_s8,reg3,db_rescore,1,3610,0.8313253012048193
reg3_m60_s8,reg3,db_rescore,1,3660,0.8313253012048193
reg3_m60_s8,reg3,db_rescore,1,3710,0.8313253012048193
reg3_m60_s8,reg3,db_rescore,1,3760,0.8313253012048193
reg3_m60_s8,reg3,db_rescore,1,3810,0.8313253012048193
reg3_m60_s8,reg3,db_rescore,1,3860,0.8313253012048193
reg3_m60_s8,reg3,db_rescore,1,3910,0.8313253012048193
reg3_m60_s8,reg3,db_rescore,1,3960,0.8313253012048193
reg3_m60_s8,reg3,db_rescore,1,4010,0.8313253012048193
reg3_m60_s8,reg3,db_rescore,1,4060,0.8313253012048193
reg3_m60_s8,reg3,db_rescore,1,4110,0.8433734939759037
reg3_m60_s8,reg3,db_rescore,1,4160,0.8433734939759037
reg3_m60_s8,reg3,db_rescore,1,4210,0.8433734939759037
reg3_m60_s8,reg3,db_rescore,1,4260,0.8433734939759037
reg3_m60_s8,reg3,db_rescore,1,4310,0.8433734939759037
reg3_m60_s8,reg3,db_rescore,1,4360,0.8433734939759037
reg3_m60_s8,reg3,db_rescore,1,4410,0.8433734939759037
reg3_m60_s8,reg3,db_rescore,1,4460,0.8433734939759037
reg3_m60_s8,reg3,db_rescore,1,4510,0.8433734939759037
reg3_m60_s8,reg3,db_rescore,1,4560,0.8433734939759037
reg3_m60_s8,reg3,db_rescore,1,4610,0.8433734939759037
reg3_m60_s8,reg3,db_rescore,1,4660,0.8433734939759037
reg3_m60_s8,reg3,db_rescore,1,4710,0.8433734939759037
reg3_m60_s8,reg3,db_rescore,1,4760,0.8433734939759037
reg3_m60_s8,reg3,db_rescore,1,4810,0.8433734939759037
reg3_m60_s8,reg3,db_rescore,1,4860,0.8433734939759037
reg3_m60_s8,reg3,db_rescore,1,4910,0.8433734939759037
reg3_m60_s8,reg3,db_rescore,1,4960,0.8433734939759037
reg3_m60_s8,reg3,db_rescore,1,5010,0.8433734939759037
reg3_m60_s8,reg3,db_rescore,1,5060,0.8433734939759037
reg3_m60_s8,reg3,db_rescore,1,5110,0.8433734939759037
reg3_m60_s8,reg3,db_rescore,1,5160,0.8433734939759037
reg3_m60_s8,reg3,db_rescore,1,5210,0.8433734939759037
reg3_m60_s8,reg3,db_rescore,1,5260,0.8554216867469879
reg3_m60_s8,reg3,db_rescore,1,5310,0.8554216867469879
reg3_m60_s8,reg3,db_rescore,1,5360,0.8554216867469879
reg3_m60_s8,reg3,db_rescore,1,5410,0.8554216867469879
reg3_m60_s8,reg3,db_rescore,1,5460,0.8554216867469879
reg3_m60_s8,reg3,db_rescore,1,5510,0.8554216867469879
reg3_m60_s8,reg3,db_rescore,1,5560,0.8554216867469879
reg3_m60_s8,reg3,db_rescore,1,5610,0.8554216867469879
reg3_m60_s8,reg3,db_rescore,1,5660,0.8554216867469879
reg3_m60_s8,reg3,db_rescore,1,5710,0.8554216867469879
reg3_m60_s8,reg3,db_rescore,1,5760,0.8554216867469879
reg3_m60_s8,reg3,db_rescore,1,5810,0.8554216867469879
reg3_m60_s8,reg3,db_rescore,1,5860,0.8554216867469879
reg3_m60_s8,reg3,db_rescore,1,5910,0.8554216867469879
reg3_m60_s8,reg3,db_rescore,1,5960,0.8554216867469879
reg3_m60_s8,reg3,db_rescore,1,6010,0.8554216867469879
reg3_m60_s8,reg3,db_rescore,1,6060,0.8554216867469879
reg3_m60_s8,reg3,db_rescore,1,6110,0.8554216867469879
reg3_m60_s8,reg3,db_rescore,1,6160,0.8554216867469879
reg3_m60_s8,reg3,db_rescore,1,6210,0.8554216867469879
reg3_m60_s8,reg3,db_rescore,1,6260,0.8554216867469879
reg3_m60_s8,reg3,db_rescore,1,6310,0.8554216867469879
reg3_m60_s8,reg3,db_rescore,1,6360,0.8554216867469879
reg3_m60_s8,reg3,db_rescore,1,6410,0.8554216867469879
reg3_m60_s8,reg3,db_rescore,1,6460,0.8554216867469879
reg3_m60_s8,reg3,db_rescore,1,6510,0.8554216867469879
reg3_m60_s8,reg3,db_rescore,1,6560,0.8554216867469879
reg3_m60_s8,reg3,db_rescore,1,6610,0.8554216867469879
reg3_m60_s8,reg3,db_rescore,1,6660,0.8554216867469879
reg3_m60_s8,reg3,db_rescore,1,6710,0.8554216867469879
reg3_m60_s8,reg3,db_rescore,1,6760,0.8554216867469879
reg3_m60_s8,reg3,db_rescore,1,6810,0.8554216867469879
reg3_m60_s8,reg3,db_rescore,1,6860,0.8554216867469879
reg3_m60_s8,reg3,db_rescore,1,6910,0.8554216867469879
reg3_m60_s8,reg3,db_rescore,1,6960,0.8554216867469879
reg3_m60_s8,reg3,db_rescore,1,7010,0.8554216867469879
reg3_m60_s8,reg3,db_rescore,1,7060,0.8554216867469879
reg3_m60_s8,reg3,db_rescore,1,7110,0.8554216867469879
reg3_m60_s8,reg3,db_rescore,1,7160,0.8554216867469879
reg3_m60_s8,reg3,db_rescore,1,7210,0.8554216867469879
reg3_m60_s8,reg3,db_rescore,1,7260,0.8554216867469879
reg3_m60_s8,reg3,db_rescore,1,7310,0.8554216867469879
reg3_m60_s8,reg3,db_rescore,1,7360,0.8554216867469879
reg3_m60_s8,reg3,db_rescore,1,7410,0.8554216867469879
reg3_m60_s8,reg3,db_rescore,1,7460,0.8554216867469879
reg3_m60_s8,reg3,db_rescore,1,7510,0.8554216867469879
reg3_m60_s8,reg3,db_rescore,1,7560,0.8554216867469879
reg3_m60_s8,reg3,db_rescore,1,7610,0.8554216867469879
reg3_m60_s8,reg3,db_rescore,1,7660,0.8554216867469879
reg3_m60_s8,reg3,db_rescore,1,7710,0.8554216867469879
reg3_m60_s8,reg3,db_rescore,1,7760,0.8554216867469879
reg3_m60_s8,reg3,db_rescore,1,7810,0.8554216867469879
reg3_m60_s8,reg3,db_rescore,1,7860,0.8554216867469879
reg3_m60_s8,reg3,db_rescore,1,7910,0.8554216867469879
reg3_m60_s8,reg3,db_rescore,1,7960,0.8554216867469879
reg3_m60_s8,reg3,db_rescore,1,8010,0.8554216867469879
reg3_m60_s8,reg3,db_rescore,1,8060,0.8554216867469879
reg3_m60_s8,reg3,db_rescore,1,8110,0.8554216867469879
reg3_m60_s8,reg3,db_rescore,1,8160,0.8554216867469879
reg3_m60_s8,reg3,db_rescore,1,8210,0.8554216867469879
reg3_m60_s8,reg3,db_rescore,1,8260,0.8554216867469879
reg3_m60_s8,reg3,db_rescore,1,8310,0.8554216867469879
reg3_m60_s8,reg3,db_rescore,1,8360,0.8554216867469879
reg3_m60_s8,reg3,db_rescore,1,8410,0.8554216867469879
reg3_m60_s8,reg3,db_rescore,1,8460,0.8554216867469879
reg3_m60_s8,reg3,db_rescore,1,8510,0.8554216867469879
reg3_m60_s8,reg3,db_rescore,1,8560,0.8554216867469879
reg3_m60_s8,reg3,db_rescore,1,8610,0.8554216867469879
reg3_m60_s8,reg3,db_rescore,1,8660,0.8554216867469879
reg3_m60_s8,reg3,db_rescore,1,8710,0.8554216867469879
reg3_m60_s8,reg3,db_rescore,1,8760,0.8554216867469879
reg3_m60_s8,reg3,db_rescore,1,8810,0.8554216867469879
reg3_m60_s8,reg3,db_rescore,1,8860,0.8554216867469879
reg3_m60_s8,reg3,db_rescore,1,8910,0.8554216867469879
reg3_m60_s8,reg3,db_rescore,1,8960,0.8554216867469879
reg3_m60_s8,reg3,db_rescore,1,9010,0.8554216867469879
reg3_m60_s8,reg3,db_rescore,1,9060,0.8554216867469879
reg3_m60_s8,reg3,db_rescore,1,9110,0.8554216867469879
reg3_m60_s8,reg3,db_rescore,1,9160,0.8554216867469879
reg3_m60_s8,reg3,db_rescore,1,9210,0.8554216867469879
reg3_m60_s8,reg3,db_rescore,1,9260,0.8554216867469879
reg3_m60_s8,reg3,db_rescore,1,9310,0.8554216867469879
reg3_m60_s8,reg3,db_rescore,1,9360,0.8554216867469879
reg3_m60_s8,reg3,db_rescore,1,9410,0.8554216867469879
reg3_m60_s8,reg3,db_rescore,1,9460,0.8554216867469879
reg3_m60_s8,reg3,db_rescore,1,9510,0.8554216867469879
reg3_m60_s8,reg3,db_rescore,1,9560,0.8554216867469879
reg3_m60_s8,reg3,db_rescore,1,9610,0.8554216867469879
reg3_m60_s8,reg3,db_rescore,1,9660,0.8554216867469879
reg3_m60_s8,reg3,db_rescore,1,9710,0.8554216867469879
reg3_m60_s8,reg3,db_rescore,1,9760,0.8554216867469879
reg3_m60_s8,reg3,db_rescore,1,9810,0.8554216867469879
reg3_m60_s8,reg3,db_rescore,1,9860,0.8554216867469879
reg3_m60_s8,reg3,db_rescore,1,9910,0.8554216867469879
reg3_m60_s8,reg3,db_rescore,1,9960,0.8554216867469879
reg3_m60_s8,reg3,db_rescore,1,10010,0.8554216867469879
reg3_m60_s8,reg3,db_rescore,1,10060,0.8554216867469879
reg3_m60_s8,reg3,db_rescore,1,10110,0.8554216867469879
reg3_m60_s8,reg3,db_rescore,1,10160,0.8554216867469879
reg3_m60_s8,reg3,db_rescore,1,10210,0.8554216867469879
reg3_m60_s8,reg3,db_rescore,1,10260,0.8554216867469879
reg3_m60_s8,reg3,db_rescore,1,10310,0.8554216867469879
reg3_m60_s8,reg3,db_rescore,1,10360,0.8554216867469879
reg3_m60_s8,reg3,db_rescore,1,10410,0.8554216867469879
reg3_m60_s8,reg3,db_rescore,1,10460,0.8554216867469879
reg3_m60_s8,reg3,db_rescore,1,10510,0.8554216867469879
reg3_m60_s8,reg3,db_rescore,1,10560,0.8554216867469879
reg3_m60_s8,reg3,db_rescore,1,10610,0.8554216867469879
reg3_m60_s8,reg3,db_rescore,1,10660,0.8554216867469879
reg3_m60_s8,reg3,db_rescore,1,10710,0.8554216867469879
reg3_m60_s8,reg3,db_rescore,1,10760,0.8554216867469879
reg3_m60_s8,reg3,db_rescore,1,10810,0.8554216867469879
reg3_m60_s8,reg3,db_rescore,1,10860,0.8554216867469879
reg3_m60_s8,reg3,db_rescore,1,10910,0.8554216867469879
reg3_m60_s8,reg3,db_rescore,1,10960,0.8554216867469879
reg3_m60_s8,reg3,db_rescore,1,11010,0.8554216867469879
reg3_m60_s8,reg3,db_rescore,1,11060,0.8554216867469879
reg3_m60_s8,reg3,db_rescore,1,11110,0.8554216867469879
reg3_m60_s8,reg3,db_rescore,1,11160,0.8554216867469879
reg3_m60_s8,reg3,db_rescore,1,11210,0.8554216867469879
reg3_m60_s8,reg3,db_rescore,1,11260,0.8554216867469879
reg3_m60_s8,reg3,db_rescore,1,11310,0.8554216867469879
reg3_m60_s8,reg3,db_rescore,1,11360,0.8554216867469879
reg3_m60_s8,reg3,db_rescore,1,11410,0.8554216867469879
reg3_m60_s8,reg3,db_rescore,1,11460,0.8554216867469879
reg3_m60_s8,reg3,db_rescore,1,11510,0.8554216867469879
reg3_m60_s8,reg3,db_rescore,1,11560,0.8554216867469879
reg3_m60_s8,reg3,db_rescore,1,11610,0.8554216867469879
reg3_m60_s8,reg3,db_rescore,1,11660,0.8554216867469879
reg3_m60_s8,reg3,db_rescore,1,11710,0.8554216867469879
reg3_m60_s8,reg3,db_rescore,1,11760,0.8554216867469879
reg3_m60_s8,reg3,db_rescore,1,11810,0.8554216867469879
reg3_m60_s8,reg3,db_rescore,1,11860,0.8554216867469879
reg3_m60_s8,reg3,db_rescore,1,11910,0.8554216867469879
reg3_m60_s8,reg3,db_rescore,1,11960,0.8554216867469879
reg3_m60_s8,reg3,db_rescore,1,12010,0.8554216867469879
reg3_m60_s8,reg3,db_rescore,1,12060,0.8554216867469879
reg3_m60_s8,reg3,db_rescore,1,12110,0.8554216867469879
reg3_m60_s8,reg3,db_rescore,1,12160,0.8554216867469879
reg3_m60_s8,reg3,db_rescore,1,12210,0.8554216867469879
reg3_m60_s8,reg3,db_rescore,1,12260,0.8554216867469879
reg3_m60_s8,reg3,db_rescore,1,12310,0.8554216867469879
reg3_m60_s8,reg3,db_rescore,1,12360,0.8554216867469879
reg3_m60_s8,reg3,db_rescore,1,12410,0.8554216867469879
reg3_m60_s8,reg3,db_rescore,1,12460,0.8554216867469879
reg3_m60_s8,reg3,db_rescore,1,12510,0.8554216867469879
reg3_m60_s8,reg3,db_rescore,1,12560,0.8554216867469879
reg3_m60_s8,reg3,db_rescore,1,12610,0.8554216867469879
reg3_m60_s8,reg3,db_rescore,1,12660,0.8554216867469879
reg3_m60_s8,reg3,db_rescore,1,12710,0.8554216867469879
reg3_m60_s8,reg3,db_rescore,1,12760,0.8554216867469879
reg3_m60_s8,reg3,db_rescore,1,12810,0.8554216867469879
reg3_m60_s8,reg3,db_rescore,1,12860,0.8554216867469879
reg3_m60_s8,reg3,db_rescore,1,12910,0.8554216867469879
reg3_m60_s8,reg3,db_rescore,1,12960,0.8554216867469879
reg3_m60_s8,reg3,db_rescore,1,13010,0.8554216867469879
reg3_m60_s8,reg3,db_rescore,1,13060,0.8554216867469879
reg3_m60_s8,reg3,db_rescore,1,13110,0.8554216867469879
reg3_m60_s8,reg3,db_rescore,1,13160,0.8554216867469879
reg3_m60_s8,reg3,db_rescore,1,13210,0.8554216867469879
reg3_m60_s8,reg3,db_rescore,1,13260,0.8554216867469879
reg3_m60_s8,reg3,db_rescore,1,13310,0.8554216867469879
reg3_m60_s8,reg3,db_rescore,1,13360,0.8554216867469879
reg3_m60_s8,reg3,db_rescore,1,13410,0.8554216867469879
reg3_m60_s8,reg3,db_rescore,1,13460,0.8554216867469879
reg3_m60_s8,reg3,db_rescore,1,13510,0.8554216867469879
reg3_m60_s8,reg3,db_rescore,1,13560,0.8554216867469879
reg3_m60_s8,reg3,db_rescore,1,13610,0.8554216867469879
reg3_m60_s8,reg3,db_rescore,1,13660,0.8554216867469879
reg3_m60_s8,reg3,db_rescore,1,13710,0.8554216867469879
reg3_m60_s8,reg3,db_rescore,1,13760,0.8554216867469879
reg3_m60_s8,reg3,db_rescore,1,13810,0.8554216867469879
reg3_m60_s8,reg3,db_rescore,1,13860,0.8554216867469879
reg3_m60_s8,reg3,db_rescore,1,13910,0.8554216867469879
reg3_m60_s8,reg3,db_rescore,1,13960,0.8554216867469879
reg3_m60_s8,reg3,db_rescore,1,14010,0.8554216867469879
reg3_m60_s8,reg3,db_rescore,1,14060,0.8554216867469879
reg3_m60_s8,reg3,db_rescore,1,14110,0.8554216867469879
reg3_m60_s8,reg3,db_rescore,1,14160,0.8554216867469879
reg3_m60_s8,reg3,db_rescore,1,14210,0.8554216867469879
reg3_m60_s8,reg3,db_rescore,1,14260,0.8554216867469879
reg3_m60_s8,reg3,db_rescore,1,14310,0.8554216867469879
reg3_m60_s8,reg3,db_rescore,1,14360,0.8554216867469879
reg3_m60_s8,reg3,db_rescore,1,14410,0.8554216867469879
reg3_m60_s8,reg3,db_rescore,1,14460,0.8554216867469879
reg3_m60_s8,reg3,db_rescore,1,14510,0.8554216867469879
reg3_m60_s8,reg3,db_rescore,1,14560,0.8554216867469879
reg3_m60_s8,reg3,db_rescore,1,14610,0.8554216867469879
reg3_m60_s8,reg3,db_rescore,1,14660,0.8554216867469879
reg3_m60_s8,reg3,db_rescore,1,14710,0.8554216867469879
reg3_m60_s8,reg3,db_rescore,1,14760,0.8554216867469879
reg3_m60_s8,reg3,db_rescore,1,14810,0.8554216867469879
reg3_m60_s8,reg3,db_rescore,1,14860,0.8554216867469879
reg3_m60_s8,reg3,db_rescore,1,14910,0.8554216867469879
reg3_m60_s8,reg3,db_rescore,1,14960,0.8554216867469879
reg3_m60_s8,reg3,db_rescore,1,15010,0.8554216867469879
reg3_m60_s8,reg3,db_rescore,1,15060,0.8554216867469879
reg3_m60_s8,reg3,db_rescore,1,15110,0.8554216867469879
reg3_m60_s8,reg3,db_rescore,1,15160,0.8554216867469879
reg3_m60_s8,reg3,db_rescore,1,15210,0.8554216867469879
reg3_m60_s8,reg3,db_rescore,1,15260,0.8554216867469879
reg3_m60_s8,reg3,db_rescore,1,15310,0.8554216867469879
reg3_m60_s8,reg3,db_rescore,1,15360,0.8554216867469879
reg3_m60_s8,reg3,db_rescore,1,15410,0.8554216867469879
reg3_m60_s8,reg3,db_rescore,1,15460,0.8554216867469879
reg3_m60_s8,reg3,db_rescore,1,15510,0.8554216867469879
reg3_m60_s8,reg3,db_rescore,1,15560,0.8554216867469879
reg3_m60_s8,reg3,db_rescore,1,15610,0.8554216867469879
reg3_m60_s8,reg3,db_rescore,1,15660,0.8554216867469879
reg3_m60_s8,reg3,db_rescore,1,15710,0.8554216867469879
reg3_m60_s8,reg3,db_rescore,1,15760,0.8554216867469879
reg3_m60_s8,reg3,db_rescore,1,15810,0.8554216867469879
reg3_m60_s8,reg3,db_rescore,1,15860,0.8554216867469879
reg3_m60_s8,reg3,db_rescore,1,15910,0.8554216867469879
reg3_m60_s8,reg3,db_rescore,1,15960,0.8554216867469879
reg3_m60_s8,reg3,db_rescore,1,16010,0.8554216867469879
reg3_m60_s8,reg3,db_rescore,1,16060,0.8554216867469879
reg3_m60_s8,reg3,db_rescore,1,16110,0.8554216867469879
reg3_m60_s8,reg3,db_rescore,1,16160,0.8554216867469879
reg3_m60_s8,reg3,db_rescore,1,16210,0.8554216867469879
reg3_m60_s8,reg3,db_rescore,1,16260,0.8554216867469879
reg3_m60_s8,reg3,db_rescore,1,16310,0.8554216867469879
reg3_m60_s8,reg3,db_rescore,1,16360,0.8554216867469879
reg3_m60_s8,reg3,db_rescore,1,16410,0.8554216867469879
reg3_m60_s8,reg3,db_rescore,1,16460,0.8554216867469879
reg3_m60_s8,reg3,db_rescore,1,16510,0.8554216867469879
reg3_m60_s8,reg3,db_rescore,1,16560,0.8554216867469879
reg3_m60_s8,reg3,db_rescore,1,16610,0.8554216867469879
reg3_m60_s8,reg3,db_rescore,1,16660,0.8554216867469879
reg3_m60_s8,reg3,db_rescore,1,16710,0.8554216867469879
reg3_m60_s8,reg3,db_rescore,1,16760,0.8554216867469879
reg3_m60_s8,reg3,db_rescore,1,16810,0.8554216867469879
reg3_m60_s8,reg3,db_rescore,1,16860,0.8554216867469879
reg3_m60_s8,reg3,db_rescore,1,16910,0.8554216867469879
reg3_m60_s8,reg3,db_rescore,1,16960,0.8554216867469879
reg3_m60_s8,reg3,db_rescore,1,17010,0.8554216867469879
reg3_m60_s8,reg3,db_rescore,1,17060,0.8554216867469879
reg3_m60_s8,reg3,db_rescore,1,17110,0.8554216867469879
reg3_m60_s8,reg3,db_rescore,1,17160,0.8554216867469879
reg3_m60_s8,reg3,db_rescore,1,17210,0.8554216867469879
reg3_m60_s8,reg3,db_rescore,1,17260,0.8554216867469879
reg3_m60_s8,reg3,db_rescore,1,17310,0.8554216867469879
reg3_m60_s8,reg3,db_rescore,1,17360,0.8554216867469879
reg3_m60_s8,reg3,db_rescore,1,17410,0.8554216867469879
reg3_m60_s8,reg3,db_rescore,1,17460,0.8554216867469879
reg3_m60_s8,reg3,db_rescore,1,17510,0.8554216867469879
reg3_m60_s8,reg3,db_rescore,1,17560,0.8554216867469879
reg3_m60_s8,reg3,db_rescore,1,17610,0.8554216867469879
reg3_m60_s8,reg3,db_rescore,1,17660,0.8554216867469879
reg3_m60_s8,reg3,db_rescore,1,17710,0.8554216867469879
reg3_m60_s8,reg3,db_rescore,1,17760,0.8554216867469879
reg3_m60_s8,reg3,db_rescore,1,17810,0.8554216867469879
reg3_m60_s8,reg3,db_rescore,1,17860,0.8554216867469879
reg3_m60_s8,reg3,db_rescore,1,17910,0.8554216867469879
reg3_m60_s8,reg3,db_rescore,1,17960,0.8554216867469879
reg3_m60_s8,reg3,db_rescore,1,18010,0.8554216867469879
reg3_m60_s8,reg3,db_rescore,1,18060,0.8554216867469879
reg3_m60_s8,reg3,db_rescore,1,18110,0.8554216867469879
reg3_m60_s8,reg3,db_rescore,1,18160,0.8554216867469879
reg3_m60_s8,reg3,db_rescore,1,18210,0.8554216867469879
reg3_m60_s8,reg3,db_rescore,1,18260,0.8554216867469879
reg3_m60_s8,reg3,db_rescore,1,18310,0.8554216867469879
reg3_m60_s8,reg3,db_rescore,1,18360,0.8554216867469879
reg3_m60_s8,reg3,db_rescore,1,18410,0.8554216867469879
reg3_m60_s8,reg3,db_rescore,1,18460,0.8554216867469879
reg3_m60_s8,reg3,db_rescore,1,18510,0.8554216867469879
reg3_m60_s8,reg3,db_rescore,1,18560,0.8554216867469879
reg3_m60_s8,reg3,db_rescore,1,18610,0.8554216867469879
reg3_m60_s8,reg3,db_rescore,1,18660,0.8554216867469879
reg3_m60_s8,reg3,db_rescore,1,18710,0.8554216867469879
reg3_m60_s8,reg3,db_rescore,1,18760,0.8554216867469879
reg3_m60_s8,reg3,db_rescore,1,18810,0.8554216867469879
reg3_m60_s8,reg3,db_rescore,1,18860,0.8554216867469879
reg3_m60_s8,reg3,db_rescore,1,18910,0.8554216867469879
reg3_m60_s8,reg3,db_rescore,1,18960,0.8554216867469879
reg3_m60_s8,reg3,db_rescore,1,19010,0.8554216867469879
reg3_m60_s8,reg3,db_rescore,1,19060,0.8554216867469879
reg3_m60_s8,reg3,db_rescore,1,19110,0.8554216867469879
reg3_m60_s8,reg3,db_rescore,1,19160,0.8554216867469879
reg3_m60_s8,reg3,db_rescore,1,19210,0.8554216867469879
reg3_m60_s8,reg3,db_rescore,1,19260,0.8554216867469879
reg3_m60_s8,reg3,db_rescore,1,19310,0.8554216867469879
reg3_m60_s8,reg3,db_rescore,1,19360,0.8554216867469879
reg3_m60_s8,reg3,db_rescore,1,19410,0.8554216867469879
reg3_m60_s8,reg3,db_rescore,1,19460,0.8554216867469879
reg3_m60_s8,reg3,db_rescore,1,19510,0.8554216867469879
reg3_m60_s8,reg3,db_rescore,1,19560,0.8554216867469879
reg3_m60_s8,reg3,db_rescore,1,19610,0.8554216867469879
reg3_m60_s8,reg3,db_rescore,1,19660,0.8554216867469879
reg3_m60_s8,reg3,db_rescore,1,19710,0.8554216867469879
reg3_m60_s8,reg3,db_rescore,1,19760,0.8554216867469879
reg3_m60_s8,reg3,db_rescore,1,19810,0.8554216867469879
reg3_m60_s8,reg3,db_rescore,1,19860,0.8554216867469879
reg3_m60_s8,reg3,db_rescore,1,19910,0.8554216867469879
reg3_m60_s8,reg3,db_rescore,1,19960,0.8554216867469879
reg3_m60_s8,reg3,db_rescore,1,20010,0.8554216867469879
er4_m60_s6,er4,cold,0,10,0.6039603960396039
er4_m60_s6,er4,cold,0,60,0.7425742574257426
er4_m60_s6,er4,cold,0,110,0.7425742574257426
er4_m60_s6,er4,cold,0,160,0.7425742574257426
er4_m60_s6,er4,cold,0,210,0.7524752475247525
er4_m60_s6,er4,cold,0,260,0.7920792079207921
er4_m60_s6,er4,cold,0,310,0.7821782178217822
er4_m60_s6,er4,cold,0,360,0.7821782178217822
er4_m60_s6,er4,cold,0,410,0.7821782178217822
er4_m60_s6,er4,cold,0,460,0.7821782178217822
er4_m60_s6,er4,cold,0,510,0.7821782178217822
er4_m60_s6,er4,cold,0,560,0.801980198019802
er4_m60_s6,er4,cold,0,610,0.8118811881188119
er4_m60_s6,er4,cold,0,660,0.8118811881188119
er4_m60_s6,er4,cold,0,710,0.8118811881188119
er4_m60_s6,er4,cold,0,760,0.8118811881188119
er4_m60_s6,er4,cold,0,810,0.8118811881188119
er4_m60_s6,er4,cold,0,860,0.8118811881188119
er4_m60_s6,er4,cold,0,910,0.8118811881188119
er4_m60_s6,er4,cold,0,960,0.8118811881188119
er4_m60_s6,er4,cold,0,1010,0.8118811881188119
er4_m60_s6,er4,cold,0,1060,0.8118811881188119
er4_m60_s6,er4,cold,0,1110,0.8118811881188119
er4_m60_s6,er4,cold,0,1160,0.8118811881188119
er4_m60_s6,er4,cold,0,1210,0.8118811881188119
er4_m60_s6,er4,cold,0,1260,0.8118811881188119
er4_m60_s6,er4,cold,0,1310,0.8118811881188119
er4_m60_s6,er4,cold,0,1360,0.8118811881188119
er4_m60_s6,er4,cold,0,1410,0.8118811881188119
er4_m60_s6,er4,cold,0,1460,0.8118811881188119
er4_m60_s6,er4,cold,0,1510,0.8118811881188119
er4_m60_s6,er4,cold,0,1560,0.8118811881188119
er4_m60_s6,er4,cold,0,1610,0.8118811881188119
er4_m60_s6,er4,cold,0,1660,0.8118811881188119
er4_m60_s6,er4,cold,0,1710,0.8118811881188119
er4_m60_s6,er4,cold,0,1760,0.8118811881188119
er4_m60_s6,er4,cold,0,1810,0.8118811881188119
er4_m60_s6,er4,cold,0,1860,0.8118811881188119
er4_m60_s6,er4,cold,0,1910,0.8118811881188119
er4_m60_s6,er4,cold,0,1960,0.8118811881188119
er4_m60_s6,er4,cold,0,2010,0.8118811881188119
er4_m60_s6,er4,cold,0,2060,0.8316831683168316
er4_m60_s6,er4,cold,0,2110,0.8316831683168316
er4_m60_s6,er4,cold,0,2160,0.8316831683168316
er4_m60_s6,er4,cold,0,2210,0.8316831683168316
er4_m60_s6,er4,cold,0,2260,0.8316831683168316
er4_m60_s6,er4,cold,0,2310,0.8316831683168316
er4_m60_s6,er4,cold,0,2360,0.8316831683168316
er4_m60_s6,er4,cold,0,2410,0.8316831683168316
er4_m60_s6,er4,cold,0,2460,0.8316831683168316
er4_m60_s6,er4,cold,0,2510,0.8316831683168316
er4_m60_s6,er4,cold,0,2560,0.8316831683168316
er4_m60_s6,er4,cold,0,2610,0.8316831683168316
er4_m60_s6,er4,cold,0,2660,0.8316831683168316
er4_m60_s6,er4,cold,0,2710,0.8316831683168316
er4_m60_s6,er4,cold,0,2760,0.8316831683168316
er4_m60_s6,er4,cold,0,2810,0.8316831683168316
er4_m60_s6,er4,cold,0,2860,0.8316831683168316
er4_m60_s6,er4,cold,0,2910,0.8316831683168316
er4_m60_s6,er4,cold,0,2960,0.8316831683168316
er4_m60_s6,er4,cold,0,3010,0.8316831683168316
er4_m60_s6,er4,cold,0,3060,0.8316831683168316
er4_m60_s6,er4,cold,0,3110,0.8316831683168316
er4_m60_s6,er4,cold,0,3160,0.8316831683168316
er4_m60_s6,er4,cold,0,3210,0.8316831683168316
er4_m60_s6,er4,cold,0,3260,0.8316831683168316
er4_m60_s6,er4,cold,0,3310,0.8316831683168316
er4_m60_s6,er4,cold,0,3360,0.8316831683168316
er4_m60_s6,er4,cold,0,3410,0.8316831683168316
er4_m60_s6,er4,cold,0,3460,0.8316831683168316
er4_m60_s6,er4,cold,0,3510,0.8316831683168316
er4_m60_s6,er4,cold,0,3560,0.8316831683168316
er4_m60_s6,er4,cold,0,3610,0.8316831683168316
er4_m60_s6,er4,cold,0,3660,0.8316831683168316
er4_m60_s6,er4,cold,0,3710,0.8316831683168316
er4_m60_s6,er4,cold,0,3760,0.8316831683168316
er4_m60_s6,er4,cold,0,3810,0.8316831683168316
er4_m60_s6,er4,cold,0,3860,0.8316831683168316
er4_m60_s6,er4,cold,0,3910,0.8415841584158416
er4_m60_s6,er4,cold,0,3960,0.8415841584158416
er4_m60_s6,er4,cold,0,4010,0.8415841584158416
er4_m60_s6,er4,cold,0,4060,0.8415841584158416
er4_m60_s6,er4,cold,0,4110,0.8415841584158416
er4_m60_s6,er4,cold,0,4160,0.8415841584158416
er4_m60_s6,er4,cold,0,4210,0.8415841584158416
er4_m60_s6,er4,cold,0,4260,0.8415841584158416
er4_m60_s6,er4,cold,0,4310,0.8415841584158416
er4_m60_s6,er4,cold,0,4360,0.8415841584158416
er4_m60_s6,er4,cold,0,4410,0.8415841584158416
er4_m60_s6,er4,cold,0,4460,0.8415841584158416
er4_m60_s6,er4,cold,0,4510,0.8415841584158416
er4_m60_s6,er4,cold,0,4560,0.8415841584158416
er4_m60_s6,er4,cold,0,4610,0.8415841584158416
er4_m60_s6,er4,cold,0,4660,0.8415841584158416
er4_m60_s6,er4,cold,0,4710,0.8415841584158416
er4_m60_s6,er4,cold,0,4760,0.8415841584158416
er4_m60_s6,er4,cold,0,4810,0.8415841584158416
er4_m60_s6,er4,cold,0,4860,0.8415841584158416
er4_m60_s6,er4,cold,0,4910,0.8415841584158416
er4_m60_s6,er4,cold,0,4960,0.8415841584158416
er4_m60_s6,er4,cold,0,5010,0.8415841584158416
er4_m60_s6,er4,cold,0,5060,0.8415841584158416
er4_m60_s6,er4,cold,0,5110,0.8415841584158416
er4_m60_s6,er4,cold,0,5160,0.8415841584158416
er4_m60_s6,er4,cold,0,5210,0.8415841584158416
er4_m60_s6,er4,cold,0,5260,0.8415841584158416
er4_m60_s6,er4,cold,0,5310,0.8415841584158416
er4_m60_s6,er4,cold,0,5360,0.8415841584158416
er4_m60_s6,er4,cold,0,5410,0.8415841584158416
er4_m60_s6,er4,cold,0,5460,0.8415841584158416
er4_m60_s6,er4,cold,0,5510,0.8415841584158416
er4_m60_s6,er4,cold,0,5560,0.8415841584158416
er4_m60_s6,er4,cold,0,5610,0.8415841584158416
er4_m60_s6,er4,cold,0,5660,0.8415841584158416
er4_m60_s6,er4,cold,0,5710,0.8415841584158416
er4_m60_s6,er4,cold,0,5760,0.8415841584158416
er4_m60_s6,er4,cold,0,5810,0.8415841584158416
er4_m60_s6,er4,cold,0,5860,0.8415841584158416
er4_m60_s6,er4,cold,0,5910,0.8415841584158416
er4_m60_s6,er4,cold,0,5960,0.8415841584158416
er4_m60_s6,er4,cold,0,6010,0.8415841584158416
er4_m60_s6,er4,cold,0,6060,0.8415841584158416
er4_m60_s6,er4,cold,0,6110,0.8415841584158416
er4_m60_s6,er4,cold,0,6160,0.8415841584158416
er4_m60_s6,er4,cold,0,6210,0.8415841584158416
er4_m60_s6,er4,cold,0,6260,0.8415841584158416
er4_m60_s6,er4,cold,0,6310,0.8415841584158416
er4_m60_s6,er4,cold,0,6360,0.8415841584158416
er4_m60_s6,er4,cold,0,6410,0.8415841584158416
er4_m60_s6,er4,cold,0,6460,0.8415841584158416
er4_m60_s6,er4,cold,0,6510,0.8415841584158416
er4_m60_s6,er4,cold,0,6560,0.8415841584158416
er4_m60_s6,er4,cold,0,6610,0.8415841584158416
er4_m60_s6,er4,cold,0,6660,0.8415841584158416
er4_m60_s6,er4,cold,0,6710,0.8415841584158416
er4_m60_s6,er4,cold,0,6760,0.8415841584158416
er4_m60_s6,er4,cold,0,6810,0.8415841584158416
er4_m60_s6,er4,cold,0,6860,0.8415841584158416
er4_m60_s6,er4,cold,0,6910,0.8415841584158416
er4_m60_s6,er4,cold,0,6960,0.8415841584158416
er4_m60_s6,er4,cold,0,7010,0.8415841584158416
er4_m60_s6,er4,cold,0,7060,0.8415841584158416
er4_m60_s6,er4,cold,0,7110,0.8415841584158416
er4_m60_s6,er4,cold,0,7160,0.8415841584158416
er4_m60_s6,er4,cold,0,7210,0.8415841584158416
er4_m60_s6,er4,cold,0,7260,0.8415841584158416
er4_m60_s6,er4,cold,0,7310,0.8415841584158416
er4_m60_s6,er4,cold,0,7360,0.8415841584158416
er4_m60_s6,er4,cold,0,7410,0.8415841584158416
er4_m60_s6,er4,cold,0,7460,0.8415841584158416
er4_m60_s6,er4,cold,0,7510,0.8415841584158416
er4_m60_s6,er4,cold,0,7560,0.8415841584158416
er4_m60_s6,er4,cold,0,7610,0.8415841584158416
er4_m60_s6,er4,cold,0,7660,0.8415841584158416
er4_m60_s6,er4,cold,0,7710,0.8415841584158416
er4_m60_s6,er4,cold,0,7760,0.8415841584158416
er4_m60_s6,er4,cold,0,7810,0.8415841584158416
er4_m60_s6,er4,cold,0,7860,0.8415841584158416
er4_m60_s6,er4,cold,0,7910,0.8415841584158416
er4_m60_s6,er4,cold,0,7960,0.8415841584158416
er4_m60_s6,er4,cold,0,8010,0.8415841584158416
er4_m60_s6,er4,cold,0,8060,0.8514851485148515
er4_m60_s6,er4,cold,0,8110,0.8514851485148515
er4_m60_s6,er4,cold,0,8160,0.8514851485148515
er4_m60_s6,er4,cold,0,8210,0.8514851485148515
er4_m60_s6,er4,cold,0,8260,0.8514851485148515
er4_m60_s6,er4,cold,0,8310,0.8514851485148515
er4_m60_s6,er4,cold,0,8360,0.8514851485148515
er4_m60_s6,er4,cold,0,8410,0.8514851485148515
er4_m60_s6,er4,cold,0,8460,0.8514851485148515
er4_m60_s6,er4,cold,0,8510,0.8514851485148515
er4_m60_s6,er4,cold,0,8560,0.8514851485148515
er4_m60_s6,er4,cold,0,8610,0.8514851485148515
er4_m60_s6,er4,cold,0,8660,0.8514851485148515
er4_m60_s6,er4,cold,0,8710,0.8514851485148515
er4_m60_s6,er4,cold,0,8760,0.8514851485148515
er4_m60_s6,er4,cold,0,8810,0.8514851485148515
er4_m60_s6,er4,cold,0,8860,0.8514851485148515
er4_m60_s6,er4,cold,0,8910,0.8514851485148515
er4_m60_s6,er4,cold,0,8960,0.8514851485148515
er4_m60_s6,er4,cold,0,9010,0.8514851485148515
er4_m60_s6,er4,cold,0,9060,0.8514851485148515
er4_m60_s6,er4,cold,0,9110,0.8514851485148515
er4_m60_s6,er4,cold,0,9160,0.8514851485148515
er4_m60_s6,er4,cold,0,9210,0.8514851485148515
er4_m60_s6,er4,cold,0,9260,0.8514851485148515
er4_m60_s6,er4,cold,0,9310,0.8514851485148515
er4_m60_s6,er4,cold,0,9360,0.8514851485148515
er4_m60_s6,er4,cold,0,9410,0.8514851485148515
er4_m60_s6,er4,cold,0,9460,0.8514851485148515
er4_m60_s6,er4,cold,0,9510,0.8514851485148515
er4_m60_s6,er4,cold,0,9560,0.8514851485148515
er4_m60_s6,er4,cold,0,9610,0.8514851485148515
er4_m60_s6,er4,cold,0,9660,0.8514851485148515
er4_m60_s6,er4,cold,0,9710,0.8514851485148515
er4_m60_s6,er4,cold,0,9760,0.8514851485148515
er4_m60_s6,er4,cold,0,9810,0.8514851485148515
er4_m60_s6,er4,cold,0,9860,0.8514851485148515
er4_m60_s6,er4,cold,0,9910,0.8514851485148515
er4_m60_s6,er4,cold,0,9960,0.8514851485148515
er4_m60_s6,er4,cold,0,10010,0.8514851485148515
er4_m60_s6,er4,cold,0,10060,0.8514851485148515
er4_m60_s6,er4,cold,0,10110,0.8514851485148515
er4_m60_s6,er4,cold,0,10160,0.8514851485148515
er4_m60_s6,er4,cold,0,10210,0.8514851485148515
er4_m60_s6,er4,cold,0,10260,0.8514851485148515
er4_m60_s6,er4,cold,0,10310,0.8514851485148515
er4_m60_s6,er4,cold,0,10360,0.8514851485148515
er4_m60_s6,er4,cold,0,10410,0.8514851485148515
er4_m60_s6,er4,cold,0,10460,0.8514851485148515
er4_m60_s6,er4,cold,0,10510,0.8514851485148515
er4_m60_s6,er4,cold,0,10560,0.8514851485148515
er4_m60_s6,er4,cold,0,10610,0.8514851485148515
er4_m60_s6,er4,cold,0,10660,0.8514851485148515
er4_m60_s6,er4,cold,0,10710,0.8514851485148515
er4_m60_s6,er4,cold,0,10760,0.8514851485148515
er4_m60_s6,er4,cold,0,10810,0.8514851485148515
er4_m60_s6,er4,cold,0,10860,0.8514851485148515
er4_m60_s6,er4,cold,0,10910,0.8514851485148515
er4_m60_s6,er4,cold,0,10960,0.8514851485148515
er4_m60_s6,er4,cold,0,11010,0.8514851485148515
er4_m60_s6,er4,cold,0,11060,0.8514851485148515
er4_m60_s6,er4,cold,0,11110,0.8514851485148515
er4_m60_s6,er4,cold,0,11160,0.8514851485148515
er4_m60_s6,er4,cold,0,11210,0.8514851485148515
er4_m60_s6,er4,cold,0,11260,0.8514851485148515
er4_m60_s6,er4,cold,0,11310,0.8514851485148515
er4_m60_s6,er4,cold,0,11360,0.8514851485148515
er4_m60_s6,er4,cold,0,11410,0.8514851485148515
er4_m60_s6,er4,cold,0,11460,0.8514851485148515
er4_m60_s6,er4,cold,0,11510,0.8514851485148515
er4_m60_s6,er4,cold,0,11560,0.8514851485148515
er4_m60_s6,er4,cold,0,11610,0.8514851485148515
er4_m60_s6,er4,cold,0,11660,0.8514851485148515
er4_m60_s6,er4,cold,0,11710,0.8514851485148515
er4_m60_s6,er4,cold,0,11760,0.8514851485148515
er4_m60_s6,er4,cold,0,11810,0.8514851485148515
er4_m60_s6,er4,cold,0,11860,0.8514851485148515
er4_m60_s6,er4,cold,0,11910,0.8514851485148515
er4_m60_s6,er4,cold,0,11960,0.8514851485148515
er4_m60_s6,er4,cold,0,12010,0.8514851485148515
er4_m60_s6,er4,cold,0,12060,0.8514851485148515
er4_m60_s6,er4,cold,0,12110,0.8514851485148515
er4_m60_s6,er4,cold,0,12160,0.8514851485148515
er4_m60_s6,er4,cold,0,12210,0.8514851485148515
er4_m60_s6,er4,cold,0,12260,0.8514851485148515
er4_m60_s6,er4,cold,0,12310,0.8514851485148515
er4_m60_s6,er4,cold,0,12360,0.8514851485148515
er4_m60_s6,er4,cold,0,12410,0.8514851485148515
er4_m60_s6,er4,cold,0,12460,0.8514851485148515
er4_m60_s6,er4,cold,0,12510,0.8514851485148515
er4_m60_s6,er4,cold,0,12560,0.8514851485148515
er4_m60_s6,er4,cold,0,12610,0.8514851485148515
er4_m60_s6,er4,cold,0,12660,0.8514851485148515
er4_m60_s6,er4,cold,0,12710,0.8514851485148515
er4_m60_s6,er4,cold,0,12760,0.8514851485148515
er4_m60_s6,er4,cold,0,12810,0.8514851485148515
er4_m60_s6,er4,cold,0,12860,0.8514851485148515
er4_m60_s6,er4,cold,0,12910,0.8514851485148515
er4_m60_s6,er4,cold,0,12960,0.8514851485148515
er4_m60_s6,er4,cold,0,13010,0.8514851485148515
er4_m60_s6,er4,cold,0,13060,0.8514851485148515
er4_m60_s6,er4,cold,0,13110,0.8514851485148515
er4_m60_s6,er4,cold,0,13160,0.8514851485148515
er4_m60_s6,er4,cold,0,13210,0.8514851485148515
er4_m60_s6,er4,cold,0,13260,0.8514851485148515
er4_m60_s6,er4,cold,0,13310,0.8514851485148515
er4_m60_s6,er4,cold,0,13360,0.8514851485148515
er4_m60_s6,er4,cold,0,13410,0.8514851485148515
er4_m60_s6,er4,cold,0,13460,0.8514851485148515
er4_m60_s6,er4,cold,0,13510,0.8514851485148515
er4_m60_s6,er4,cold,0,13560,0.8514851485148515
er4_m60_s6,er4,cold,0,13610,0.8514851485148515
er4_m60_s6,er4,cold,0,13660,0.8514851485148515
er4_m60_s6,er4,cold,0,13710,0.8514851485148515
er4_m60_s6,er4,cold,0,13760,0.8514851485148515
er4_m60_s6,er4,cold,0,13810,0.8514851485148515
er4_m60_s6,er4,cold,0,13860,0.8514851485148515
er4_m60_s6,er4,cold,0,13910,0.8514851485148515
er4_m60_s6,er4,cold,0,13960,0.8514851485148515
er4_m60_s6,er4,cold,0,14010,0.8514851485148515
er4_m60_s6,er4,cold,0,14060,0.8514851485148515
er4_m60_s6,er4,cold,0,14110,0.8514851485148515
er4_m60_s6,er4,cold,0,14160,0.8514851485148515
er4_m60_s6,er4,cold,0,14210,0.8514851485148515
er4_m60_s6,er4,cold,0,14260,0.8514851485148515
er4_m60_s6,er4,cold,0,14310,0.8514851485148515
er4_m60_s6,er4,cold,0,14360,0.8514851485148515
er4_m60_s6,er4,cold,0,14410,0.8514851485148515
er4_m60_s6,er4,cold,0,14460,0.8514851485148515
er4_m60_s6,er4,cold,0,14510,0.8514851485148515
er4_m60_s6,er4,cold,0,14560,0.8514851485148515
er4_m60_s6,er4,cold,0,14610,0.8514851485148515
er4_m60_s6,er4,cold,0,14660,0.8514851485148515
er4_m60_s6,er4,cold,0,14710,0.8514851485148515
er4_m60_s6,er4,cold,0,14760,0.8514851485148515
er4_m60_s6,er4,cold,0,14810,0.8514851485148515
er4_m60_s6,er4,cold,0,14860,0.8514851485148515
er4_m60_s6,er4,cold,0,14910,0.8514851485148515
er4_m60_s6,er4,cold,0,14960,0.8514851485148515
er4_m60_s6,er4,cold,0,15010,0.8514851485148515
er4_m60_s6,er4,cold,0,15060,0.8514851485148515
er4_m60_s6,er4,cold,0,15110,0.8514851485148515
er4_m60_s6,er4,cold,0,15160,0.8514851485148515
er4_m60_s6,er4,cold,0,15210,0.8514851485148515
er4_m60_s6,er4,cold,0,15260,0.8514851485148515
er4_m60_s6,er4,cold,0,15310,0.8514851485148515
er4_m60_s6,er4,cold,0,15360,0.8514851485148515
er4_m60_s6,er4,cold,0,15410,0.8514851485148515
er4_m60_s6,er4,cold,0,15460,0.8514851485148515
er4_m60_s6,er4,cold,0,15510,0.8514851485148515
er4_m60_s6,er4,cold,0,15560,0.8514851485148515
er4_m60_s6,er4,cold,0,15610,0.8514851485148515
er4_m60_s6,er4,cold,0,15660,0.8514851485148515
er4_m60_s6,er4,cold,0,15710,0.8514851485148515
er4_m60_s6,er4,cold,0,15760,0.8514851485148515
er4_m60_s6,er4,cold,0,15810,0.8514851485148515
er4_m60_s6,er4,cold,0,15860,0.8514851485148515
er4_m60_s6,er4,cold,0,15910,0.8514851485148515
er4_m60_s6,er4,cold,0,15960,0.8514851485148515
er4_m60_s6,er4,cold,0,16010,0.8514851485148515
er4_m60_s6,er4,cold,0,16060,0.8514851485148515
er4_m60_s6,er4,cold,0,16110,0.8514851485148515
er4_m60_s6,er4,cold,0,16160,0.8514851485148515
er4_m60_s6,er4,cold,0,16210,0.8514851485148515
er4_m60_s6,er4,cold,0,16260,0.8514851485148515
er4_m60_s6,er4,cold,0,16310,0.8514851485148515
er4_m60_s6,er4,cold,0,16360,0.8514851485148515
er4_m60_s6,er4,cold,0,16410,0.8514851485148515
er4_m60_s6,er4,cold,0,16460,0.8514851485148515
er4_m60_s6,er4,cold,0,16510,0.8514851485148515
er4_m60_s6,er4,cold,0,16560,0.8514851485148515
er4_m60_s6,er4,cold,0,16610,0.8514851485148515
er4_m60_s6,er4,cold,0,16660,0.8514851485148515
er4_m60_s6,er4,cold,0,16710,0.8514851485148515
er4_m60_s6,er4,cold,0,16760,0.8514851485148515
er4_m60_s6,er4,cold,0,16810,0.8514851485148515
er4_m60_s6,er4,cold,0,16860,0.8514851485148515
er4_m60_s6,er4,cold,0,16910,0.8514851485148515
er4_m60_s6,er4,cold,0,16960,0.8514851485148515
er4_m60_s6,er4,cold,0,17010,0.8514851485148515
er4_m60_s6,er4,cold,0,17060,0.8514851485148515
er4_m60_s6,er4,cold,0,17110,0.8514851485148515
er4_m60_s6,er4,cold,0,17160,0.8514851485148515
er4_m60_s6,er4,cold,0,17210,0.8514851485148515
er4_m60_s6,er4,cold,0,17260,0.8514851485148515
er4_m60_s6,er4,cold,0,17310,0.8514851485148515
er4_m60_s6,er4,cold,0,17360,0.8514851485148515
er4_m60_s6,er4,cold,0,17410,0.8514851485148515
er4_m60_s6,er4,cold,0,17460,0.8514851485148515
er4_m60_s6,er4,cold,0,17510,0.8514851485148515
er4_m60_s6,er4,cold,0,17560,0.8514851485148515
er4_m60_s6,er4,cold,0,17610,0.8514851485148515
er4_m60_s6,er4,cold,0,17660,0.8514851485148515
er4_m60_s6,er4,cold,0,17710,0.8514851485148515
er4_m60_s6,er4,cold,0,17760,0.8514851485148515
er4_m60_s6,er4,cold,0,17810,0.8514851485148515
er4_m60_s6,er4,cold,0,17860,0.8514851485148515
er4_m60_s6,er4,cold,0,17910,0.8514851485148515
er4_m60_s6,er4,cold,0,17960,0.8514851485148515
er4_m60_s6,er4,cold,0,18010,0.8514851485148515
er4_m60_s6,er4,cold,0,18060,0.8514851485148515
er4_m60_s6,er4,cold,0,18110,0.8514851485148515
er4_m60_s6,er4,cold,0,18160,0.8514851485148515
er4_m60_s6,er4,cold,0,18210,0.8514851485148515
er4_m60_s6,er4,cold,0,18260,0.8514851485148515
er4_m60_s6,er4,cold,0,18310,0.8514851485148515
er4_m60_s6,er4,cold,0,18360,0.8514851485148515
er4_m60_s6,er4,cold,0,18410,0.8514851485148515
er4_m60_s6,er4,cold,0,18460,0.8514851485148515
er4_m60_s6,er4,cold,0,18510,0.8514851485148515
er4_m60_s6,er4,cold,0,18560,0.8514851485148515
er4_m60_s6,er4,cold,0,18610,0.8514851485148515
er4_m60_s6,er4,cold,0,18660,0.8514851485148515
er4_m60_s6,er4,cold,0,18710,0.8514851485148515
er4_m60_s6,er4,cold,0,18760,0.8514851485148515
er4_m60_s6,er4,cold,0,18810,0.8514851485148515
er4_m60_s6,er4,cold,0,18860,0.8514851485148515
er4_m60_s6,er4,cold,0,18910,0.8514851485148515
er4_m60_s6,er4,cold,0,18960,0.8514851485148515
er4_m60_s6,er4,cold,0,19010,0.8514851485148515
er4_m60_s6,er4,cold,0,19060,0.8514851485148515
er4_m60_s6,er4,cold,0,19110,0.8514851485148515
er4_m60_s6,er4,cold,0,19160,0.8514851485148515
er4_m60_s6,er4,cold,0,19210,0.8514851485148515
er4_m60_s6,er4,cold,0,19260,0.8514851485148515
er4_m60_s6,er4,cold,0,19310,0.8514851485148515
er4_m60_s6,er4,cold,0,19360,0.8514851485148515
er4_m60_s6,er4,cold,0,19410,0.8514851485148515
er4_m60_s6,er4,cold,0,19460,0.8514851485148515
er4_m60_s6,er4,cold,0,19510,0.8514851485148515
er4_m60_s6,er4,cold,0,19560,0.8514851485148515
er4_m60_s6,er4,cold,0,19610,0.8514851485148515
er4_m60_s6,er4,cold,0,19660,0.8514851485148515
er4_m60_s6,er4,cold,0,19710,0.8514851485148515
er4_m60_s6,er4,cold,0,19760,0.8514851485148515
er4_m60_s6,er4,cold,0,19810,0.8514851485148515
er4_m60_s6,er4,cold,0,19860,0.8514851485148515
er4_m60_s6,er4,cold,0,19910,0.8514851485148515
er4_m60_s6,er4,cold,0,19960,0.8514851485148515
er4_m60_s6,er4,cold,0,20010,0.8514851485148515
er4_m60_s6,er4,prior_init,0,210,0.7524752475247525
er4_m60_s6,er4,prior_init,0,260,0.7524752475247525
er4_m60_s6,er4,prior_init,0,310,0.7722772277227723
er4_m60_s6,er4,prior_init,0,360,0.7821782178217822
er4_m60_s6,er4,prior_init,0,410,0.7821782178217822
er4_m60_s6,er4,prior_init,0,460,0.7722772277227723
er4_m60_s6,er4,prior_init,0,510,0.7821782178217822
er4_m60_s6,er4,prior_init,0,560,0.7821782178217822
er4_m60_s6,er4,prior_init,0,610,0.7821782178217822
er4_m60_s6,er4,prior_init,0,660,0.7821782178217822
er4_m60_s6,er4,prior_init,0,710,0.7821782178217822
er4_m60_s6,er4,prior_init,0,760,0.8118811881188119
er4_m60_s6,er4,prior_init,0,810,0.8415841584158416
er4_m60_s6,er4,prior_init,0,860,0.8415841584158416
er4_m60_s6,er4,prior_init,0,910,0.8217821782178217
er4_m60_s6,er4,prior_init,0,960,0.8217821782178217
er4_m60_s6,er4,prior_init,0,1010,0.8217821782178217
er4_m60_s6,er4,prior_init,0,1060,0.8217821782178217
er4_m60_s6,er4,prior_init,0,1110,0.8217821782178217
er4_m60_s6,er4,prior_init,0,1160,0.8217821782178217
er4_m60_s6,er4,prior_init,0,1210,0.8217821782178217
er4_m60_s6,er4,prior_init,0,1260,0.8217821782178217
er4_m60_s6,er4,prior_init,0,1310,0.8316831683168316
er4_m60_s6,er4,prior_init,0,1360,0.8316831683168316
er4_m60_s6,er4,prior_init,0,1410,0.8316831683168316
er4_m60_s6,er4,prior_init,0,1460,0.8415841584158416
er4_m60_s6,er4,prior_init,0,1510,0.8415841584158416
er4_m60_s6,er4,prior_init,0,1560,0.8613861386138614
er4_m60_s6,er4,prior_init,0,1610,0.8613861386138614
er4_m60_s6,er4,prior_init,0,1660,0.8613861386138614
er4_m60_s6,er4,prior_init,0,1710,0.8613861386138614
er4_m60_s6,er4,prior_init,0,1760,0.8613861386138614
er4_m60_s6,er4,prior_init,0,1810,0.8613861386138614
er4_m60_s6,er4,prior_init,0,1860,0.8613861386138614
er4_m60_s6,er4,prior_init,0,1910,0.8613861386138614
er4_m60_s6,er4,prior_init,0,1960,0.8613861386138614
er4_m60_s6,er4,prior_init,0,2010,0.8613861386138614
er4_m60_s6,er4,prior_init,0,2060,0.8613861386138614
er4_m60_s6,er4,prior_init,0,2110,0.8613861386138614
er4_m60_s6,er4,prior_init,0,2160,0.8613861386138614
er4_m60_s6,er4,prior_init,0,2210,0.8613861386138614
er4_m60_s6,er4,prior_init,0,2260,0.8613861386138614
er4_m60_s6,er4,prior_init,0,2310,0.8613861386138614
er4_m60_s6,er4,prior_init,0,2360,0.8613861386138614
er4_m60_s6,er4,prior_init,0,2410,0.8613861386138614
er4_m60_s6,er4,prior_init,0,2460,0.8613861386138614
er4_m60_s6,er4,prior_init,0,2510,0.8613861386138614
er4_m60_s6,er4,prior_init,0,2560,0.8613861386138614
er4_m60_s6,er4,prior_init,0,2610,0.8613861386138614
er4_m60_s6,er4,prior_init,0,2660,0.8613861386138614
er4_m60_s6,er4,prior_init,0,2710,0.8613861386138614
er4_m60_s6,er4,prior_init,0,2760,0.8613861386138614
er4_m60_s6,er4,prior_init,0,2810,0.8613861386138614
er4_m60_s6,er4,prior_init,0,2860,0.8613861386138614
er4_m60_s6,er4,prior_init,0,2910,0.8613861386138614
er4_m60_s6,er4,prior_init,0,2960,0.8613861386138614
er4_m60_s6,er4,prior_init,0,3010,0.8613861386138614
er4_m60_s6,er4,prior_init,0,3060,0.8613861386138614
er4_m60_s6,er4,prior_init,0,3110,0.8613861386138614
er4_m60_s6,er4,prior_init,0,3160,0.8613861386138614
er4_m60_s6,er4,prior_init,0,3210,0.8613861386138614
er4_m60_s6,er4,prior_init,0,3260,0.8613861386138614
er4_m60_s6,er4,prior_init,0,3310,0.8613861386138614
er4_m60_s6,er4,prior_init,0,3360,0.8613861386138614
er4_m60_s6,er4,prior_init,0,3410,0.8613861386138614
er4_m60_s6,er4,prior_init,0,3460,0.8613861386138614
er4_m60_s6,er4,prior_init,0,3510,0.8613861386138614
er4_m60_s6,er4,prior_init,0,3560,0.8613861386138614
er4_m60_s6,er4,prior_init,0,3610,0.8613861386138614
er4_m60_s6,er4,prior_init,0,3660,0.8613861386138614
er4_m60_s6,er4,prior_init,0,3710,0.8613861386138614
er4_m60_s6,er4,prior_init,0,3760,0.8613861386138614
er4_m60_s6,er4,prior_init,0,3810,0.8613861386138614
er4_m60_s6,er4,prior_init,0,3860,0.8613861386138614
er4_m60_s6,er4,prior_init,0,3910,0.8613861386138614
er4_m60_s6,er4,prior_init,0,3960,0.8613861386138614
er4_m60_s6,er4,prior_init,0,4010,0.8613861386138614
er4_m60_s6,er4,prior_init,0,4060,0.8613861386138614
er4_m60_s6,er4,prior_init,0,4110,0.8613861386138614
er4_m60_s6,er4,prior_init,0,4160,0.8613861386138614
er4_m60_s6,er4,prior_init,0,4210,0.8613861386138614
er4_m60_s6,er4,prior_init,0,4260,0.8613861386138614
er4_m60_s6,er4,prior_init,0,4310,0.8613861386138614
er4_m60_s6,er4,prior_init,0,4360,0.8613861386138614
er4_m60_s6,er4,prior_init,0,4410,0.8613861386138614
er4_m60_s6,er4,prior_init,0,4460,0.8613861386138614
er4_m60_s6,er4,prior_init,0,4510,0.8613861386138614
er4_m60_s6,er4,prior_init,0,4560,0.8613861386138614
er4_m60_s6,er4,prior_init,0,4610,0.8613861386138614
er4_m60_s6,er4,prior_init,0,4660,0.8613861386138614
er4_m60_s6,er4,prior_init,0,4710,0.8613861386138614
er4_m60_s6,er4,prior_init,0,4760,0.8613861386138614
er4_m60_s6,er4,prior_init,0,4810,0.8613861386138614
er4_m60_s6,er4,prior_init,0,4860,0.8613861386138614
er4_m60_s6,er4,prior_init,0,4910,0.8613861386138614
er4_m60_s6,er4,prior_init,0,4960,0.8613861386138614
er4_m60_s6,er4,prior_init,0,5010,0.8613861386138614
er4_m60_s6,er4,prior_init,0,5060,0.8613861386138614
er4_m60_s6,er4,prior_init,0,5110,0.8613861386138614
er4_m60_s6,er4,prior_init,0,5160,0.8613861386138614
er4_m60_s6,er4,prior_init,0,5210,0.8613861386138614
er4_m60_s6,er4,prior_init,0,5260,0.8613861386138614
er4_m60_s6,er4,prior_init,0,5310,0.8613861386138614
er4_m60_s6,er4,prior_init,0,5360,0.8613861386138614
er4_m60_s6,er4,prior_init,0,5410,0.8613861386138614
er4_m60_s6,er4,prior_init,0,5460,0.8613861386138614
er4_m60_s6,er4,prior_init,0,5510,0.8613861386138614
er4_m60_s6,er4,prior_init,0,5560,0.8613861386138614
er4_m60_s6,er4,prior_init,0,5610,0.8613861386138614
er4_m60_s6,er4,prior_init,0,5660,0.8613861386138614
er4_m60_s6,er4,prior_init,0,5710,0.8613861386138614
er4_m60_s6,er4,prior_init,0,5760,0.8613861386138614
er4_m60_s6,er4,prior_init,0,5810,0.8613861386138614
er4_m60_s6,er4,prior_init,0,5860,0.8613861386138614
er4_m60_s6,er4,prior_init,0,5910,0.8613861386138614
er4_m60_s6,er4,prior_init,0,5960,0.8613861386138614
er4_m60_s6,er4,prior_init,0,6010,0.8613861386138614
er4_m60_s6,er4,prior_init,0,6060,0.8613861386138614
er4_m60_s6,er4,prior_init,0,6110,0.8613861386138614
er4_m60_s6,er4,prior_init,0,6160,0.8613861386138614
er4_m60_s6,er4,prior_init,0,6210,0.8613861386138614
er4_m60_s6,er4,prior_init,0,6260,0.8613861386138614
er4_m60_s6,er4,prior_init,0,6310,0.8613861386138614
er4_m60_s6,er4,prior_init,0,6360,0.8613861386138614
er4_m60_s6,er4,prior_init,0,6410,0.8613861386138614
er4_m60_s6,er4,prior_init,0,6460,0.8613861386138614
er4_m60_s6,er4,prior_init,0,6510,0.8613861386138614
er4_m60_s6,er4,prior_init,0,6560,0.8613861386138614
er4_m60_s6,er4,prior_init,0,6610,0.8613861386138614
er4_m60_s6,er4,prior_init,0,6660,0.8613861386138614
er4_m60_s6,er4,prior_init,0,6710,0.8613861386138614
er4_m60_s6,er4,prior_init,0,6760,0.8613861386138614
er4_m60_s6,er4,prior_init,0,6810,0.8613861386138614
er4_m60_s6,er4,prior_init,0,6860,0.8613861386138614
er4_m60_s6,er4,prior_init,0,6910,0.8613861386138614
er4_m60_s6,er4,prior_init,0,6960,0.8613861386138614
er4_m60_s6,er4,prior_init,0,7010,0.8613861386138614
er4_m60_s6,er4,prior_init,0,7060,0.8613861386138614
er4_m60_s6,er4,prior_init,0,7110,0.8613861386138614
er4_m60_s6,er4,prior_init,0,7160,0.8613861386138614
er4_m60_s6,er4,prior_init,0,7210,0.8613861386138614
er4_m60_s6,er4,prior_init,0,7260,0.8613861386138614
er4_m60_s6,er4,prior_init,0,7310,0.8613861386138614
er4_m60_s6,er4,prior_init,0,7360,0.8613861386138614
er4_m60_s6,er4,prior_init,0,7410,0.8613861386138614
er4_m60_s6,er4,prior_init,0,7460,0.8613861386138614
er4_m60_s6,er4,prior_init,0,7510,0.8613861386138614
er4_m60_s6,er4,prior_init,0,7560,0.8613861386138614
er4_m60_s6,er4,prior_init,0,7610,0.8613861386138614
er4_m60_s6,er4,prior_init,0,7660,0.8613861386138614
er4_m60_s6,er4,prior_init,0,7710,0.8613861386138614
er4_m60_s6,er4,prior_init,0,7760,0.8613861386138614
er4_m60_s6,er4,prior_init,0,7810,0.8613861386138614
er4_m60_s6,er4,prior_init,0,7860,0.8613861386138614
er4_m60_s6,er4,prior_init,0,7910,0.8613861386138614
er4_m60_s6,er4,prior_init,0,7960,0.8613861386138614
er4_m60_s6,er4,prior_init,0,8010,0.8613861386138614
er4_m60_s6,er4,prior_init,0,8060,0.8613861386138614
er4_m60_s6,er4,prior_init,0,8110,0.8613861386138614
er4_m60_s6,er4,prior_init,0,8160,0.8613861386138614
er4_m60_s6,er4,prior_init,0,8210,0.8613861386138614
er4_m60_s6,er4,prior_init,0,8260,0.8613861386138614
er4_m60_s6,er4,prior_init,0,8310,0.8613861386138614
er4_m60_s6,er4,prior_init,0,8360,0.8613861386138614
er4_m60_s6,er4,prior_init,0,8410,0.8613861386138614
er4_m60_s6,er4,prior_init,0,8460,0.8613861386138614
er4_m60_s6,er4,prior_init,0,8510,0.8613861386138614
er4_m60_s6,er4,prior_init,0,8560,0.8613861386138614
er4_m60_s6,er4,prior_init,0,8610,0.8613861386138614
er4_m60_s6,er4,prior_init,0,8660,0.8613861386138614
er4_m60_s6,er4,prior_init,0,8710,0.8613861386138614
er4_m60_s6,er4,prior_init,0,8760,0.8613861386138614
er4_m60_s6,er4,prior_init,0,8810,0.8613861386138614
er4_m60_s6,er4,prior_init,0,8860,0.8613861386138614
er4_m60_s6,er4,prior_init,0,8910,0.8613861386138614
er4_m60_s6,er4,prior_init,0,8960,0.8613861386138614
er4_m60_s6,er4,prior_init,0,9010,0.8613861386138614
er4_m60_s6,er4,prior_init,0,9060,0.8613861386138614
er4_m60_s6,er4,prior_init,0,9110,0.8613861386138614
er4_m60_s6,er4,prior_init,0,9160,0.8613861386138614
er4_m60_s6,er4,prior_init,0,9210,0.8613861386138614
er4_m60_s6,er4,prior_init,0,9260,0.8613861386138614
er4_m60_s6,er4,prior_init,0,9310,0.8613861386138614
er4_m60_s6,er4,prior_init,0,9360,0.8613861386138614
er4_m60_s6,er4,prior_init,0,9410,0.8613861386138614
er4_m60_s6,er4,prior_init,0,9460,0.8613861386138614
er4_m60_s6,er4,prior_init,0,9510,0.8613861386138614
er4_m60_s6,er4,prior_init,0,9560,0.8613861386138614
er4_m60_s6,er4,prior_init,0,9610,0.8613861386138614
er4_m60_s6,er4,prior_init,0,9660,0.8613861386138614
er4_m60_s6,er4,prior_init,0,9710,0.8613861386138614
er4_m60_s6,er4,prior_init,0,9760,0.8613861386138614
er4_m60_s6,er4,prior_init,0,9810,0.8613861386138614
er4_m60_s6,er4,prior_init,0,9860,0.8613861386138614
er4_m60_s6,er4,prior_init,0,9910,0.8613861386138614
er4_m60_s6,er4,prior_init,0,9960,0.8613861386138614
er4_m60_s6,er4,prior_init,0,10010,0.8613861386138614
er4_m60_s6,er4,prior_init,0,10060,0.8613861386138614
er4_m60_s6,er4,prior_init,0,10110,0.8613861386138614
er4_m60_s6,er4,prior_init,0,10160,0.8613861386138614
er4_m60_s6,er4,prior_init,0,10210,0.8613861386138614
er4_m60_s6,er4,prior_init,0,10260,0.8613861386138614
er4_m60_s6,er4,prior_init,0,10310,0.8613861386138614
er4_m60_s6,er4,prior_init,0,10360,0.8613861386138614
er4_m60_s6,er4,prior_init,0,10410,0.8613861386138614
er4_m60_s6,er4,prior_init,0,10460,0.8613861386138614
er4_m60_s6,er4,prior_init,0,10510,0.8613861386138614
er4_m60_s6,er4,prior_init,0,10560,0.8613861386138614
er4_m60_s6,er4,prior_init,0,10610,0.8613861386138614
er4_m60_s6,er4,prior_init,0,10660,0.8613861386138614
er4_m60_s6,er4,prior_init,0,10710,0.8613861386138614
er4_m60_s6,er4,prior_init,0,10760,0.8613861386138614
er4_m60_s6,er4,prior_init,0,10810,0.8613861386138614
er4_m60_s6,er4,prior_init,0,10860,0.8613861386138614
er4_m60_s6,er4,prior_init,0,10910,0.8613861386138614
er4_m60_s6,er4,prior_init,0,10960,0.8613861386138614
er4_m60_s6,er4,prior_init,0,11010,0.8613861386138614
er4_m60_s6,er4,prior_init,0,11060,0.8613861386138614
er4_m60_s6,er4,prior_init,0,11110,0.8613861386138614
er4_m60_s6,er4,prior_init,0,11160,0.8613861386138614
er4_m60_s6,er4,prior_init,0,11210,0.8613861386138614
er4_m60_s6,er4,prior_init,0,11260,0.8613861386138614
er4_m60_s6,er4,prior_init,0,11310,0.8613861386138614
er4_m60_s6,er4,prior_init,0,11360,0.8613861386138614
er4_m60_s6,er4,prior_init,0,11410,0.8613861386138614
er4_m60_s6,er4,prior_init,0,11460,0.8613861386138614
er4_m60_s6,er4,prior_init,0,11510,0.8613861386138614
er4_m60_s6,er4,prior_init,0,11560,0.8613861386138614
er4_m60_s6,er4,prior_init,0,11610,0.8613861386138614
er4_m60_s6,er4,prior_init,0,11660,0.8613861386138614
er4_m60_s6,er4,prior_init,0,11710,0.8613861386138614
er4_m60_s6,er4,prior_init,0,11760,0.8613861386138614
er4_m60_s6,er4,prior_init,0,11810,0.8613861386138614
er4_m60_s6,er4,prior_init,0,11860,0.8613861386138614
er4_m60_s6,er4,prior_init,0,11910,0.8613861386138614
er4_m60_s6,er4,prior_init,0,11960,0.8613861386138614
er4_m60_s6,er4,prior_init,0,12010,0.8613861386138614
er4_m60_s6,er4,prior_init,0,12060,0.8613861386138614
er4_m60_s6,er4,prior_init,0,12110,0.8613861386138614
er4_m60_s6,er4,prior_init,0,12160,0.8613861386138614
er4_m60_s6,er4,prior_init,0,12210,0.8613861386138614
er4_m60_s6,er4,prior_init,0,12260,0.8613861386138614
er4_m60_s6,er4,prior_init,0,12310,0.8613861386138614
er4_m60_s6,er4,prior_init,0,12360,0.8613861386138614
er4_m60_s6,er4,prior_init,0,12410,0.8613861386138614
er4_m60_s6,er4,prior_init,0,12460,0.8613861386138614
er4_m60_s6,er4,prior_init,0,12510,0.8613861386138614
er4_m60_s6,er4,prior_init,0,12560,0.8613861386138614
er4_m60_s6,er4,prior_init,0,12610,0.8613861386138614
er4_m60_s6,er4,prior_init,0,12660,0.8613861386138614
er4_m60_s6,er4,prior_init,0,12710,0.8613861386138614
er4_m60_s6,er4,prior_init,0,12760,0.8613861386138614
er4_m60_s6,er4,prior_init,0,12810,0.8613861386138614
er4_m60_s6,er4,prior_init,0,12860,0.8613861386138614
er4_m60_s6,er4,prior_init,0,12910,0.8613861386138614
er4_m60_s6,er4,prior_init,0,12960,0.8613861386138614
er4_m60_s6,er4,prior_init,0,13010,0.8613861386138614
er4_m60_s6,er4,prior_init,0,13060,0.8613861386138614
er4_m60_s6,er4,prior_init,0,13110,0.8613861386138614
er4_m60_s6,er4,prior_init,0,13160,0.8613861386138614
er4_m60_s6,er4,prior_init,0,13210,0.8613861386138614
er4_m60_s6,er4,prior_init,0,13260,0.8613861386138614
er4_m60_s6,er4,prior_init,0,13310,0.8613861386138614
er4_m60_s6,er4,prior_init,0,13360,0.8613861386138614
er4_m60_s6,er4,prior_init,0,13410,0.8613861386138614
er4_m60_s6,er4,prior_init,0,13460,0.8613861386138614
er4_m60_s6,er4,prior_init,0,13510,0.8613861386138614
er4_m60_s6,er4,prior_init,0,13560,0.8613861386138614
er4_m60_s6,er4,prior_init,0,13610,0.8613861386138614
er4_m60_s6,er4,prior_init,0,13660,0.8613861386138614
er4_m60_s6,er4,prior_init,0,13710,0.8613861386138614
er4_m60_s6,er4,prior_init,0,13760,0.8613861386138614
er4_m60_s6,er4,prior_init,0,13810,0.8613861386138614
er4_m60_s6,er4,prior_init,0,13860,0.8613861386138614
er4_m60_s6,er4,prior_init,0,13910,0.8613861386138614
er4_m60_s6,er4,prior_init,0,13960,0.8613861386138614
er4_m60_s6,er4,prior_init,0,14010,0.8613861386138614
er4_m60_s6,er4,prior_init,0,14060,0.8613861386138614
er4_m60_s6,er4,prior_init,0,14110,0.8613861386138614
er4_m60_s6,er4,prior_init,0,14160,0.8613861386138614
er4_m60_s6,er4,prior_init,0,14210,0.8613861386138614
er4_m60_s6,er4,prior_init,0,14260,0.8613861386138614
er4_m60_s6,er4,prior_init,0,14310,0.8613861386138614
er4_m60_s6,er4,prior_init,0,14360,0.8613861386138614
er4_m60_s6,er4,prior_init,0,14410,0.8613861386138614
er4_m60_s6,er4,prior_init,0,14460,0.8613861386138614
er4_m60_s6,er4,prior_init,0,14510,0.8613861386138614
er4_m60_s6,er4,prior_init,0,14560,0.8613861386138614
er4_m60_s6,er4,prior_init,0,14610,0.8613861386138614
er4_m60_s6,er4,prior_init,0,14660,0.8613861386138614
er4_m60_s6,er4,prior_init,0,14710,0.8613861386138614
er4_m60_s6,er4,prior_init,0,14760,0.8613861386138614
er4_m60_s6,er4,prior_init,0,14810,0.8613861386138614
er4_m60_s6,er4,prior_init,0,14860,0.8613861386138614
er4_m60_s6,er4,prior_init,0,14910,0.8613861386138614
er4_m60_s6,er4,prior_init,0,14960,0.8613861386138614
er4_m60_s6,er4,prior_init,0,15010,0.8613861386138614
er4_m60_s6,er4,prior_init,0,15060,0.8613861386138614
er4_m60_s6,er4,prior_init,0,15110,0.8613861386138614
er4_m60_s6,er4,prior_init,0,15160,0.8613861386138614
er4_m60_s6,er4,prior_init,0,15210,0.8613861386138614
er4_m60_s6,er4,prior_init,0,15260,0.8613861386138614
er4_m60_s6,er4,prior_init,0,15310,0.8613861386138614
er4_m60_s6,er4,prior_init,0,15360,0.8613861386138614
er4_m60_s6,er4,prior_init,0,15410,0.8613861386138614
er4_m60_s6,er4,prior_init,0,15460,0.8613861386138614
er4_m60_s6,er4,prior_init,0,15510,0.8613861386138614
er4_m60_s6,er4,prior_init,0,15560,0.8613861386138614
er4_m60_s6,er4,prior_init,0,15610,0.8613861386138614
er4_m60_s6,er4,prior_init,0,15660,0.8613861386138614
er4_m60_s6,er4,prior_init,0,15710,0.8613861386138614
er4_m60_s6,er4,prior_init,0,15760,0.8613861386138614
er4_m60_s6,er4,prior_init,0,15810,0.8613861386138614
er4_m60_s6,er4,prior_init,0,15860,0.8613861386138614
er4_m60_s6,er4,prior_init,0,15910,0.8613861386138614
er4_m60_s6,er4,prior_init,0,15960,0.8613861386138614
er4_m60_s6,er4,prior_init,0,16010,0.8613861386138614
er4_m60_s6,er4,prior_init,0,16060,0.8613861386138614
er4_m60_s6,er4,prior_init,0,16110,0.8613861386138614
er4_m60_s6,er4,prior_init,0,16160,0.8613861386138614
er4_m60_s6,er4,prior_init,0,16210,0.8613861386138614
er4_m60_s6,er4,prior_init,0,16260,0.8613861386138614
er4_m60_s6,er4,prior_init,0,16310,0.8613861386138614
er4_m60_s6,er4,prior_init,0,16360,0.8613861386138614
er4_m60_s6,er4,prior_init,0,16410,0.8613861386138614
er4_m60_s6,er4,prior_init,0,16460,0.8613861386138614
er4_m60_s6,er4,prior_init,0,16510,0.8613861386138614
er4_m60_s6,er4,prior_init,0,16560,0.8613861386138614
er4_m60_s6,er4,prior_init,0,16610,0.8613861386138614
er4_m60_s6,er4,prior_init,0,16660,0.8613861386138614
er4_m60_s6,er4,prior_init,0,16710,0.8613861386138614
er4_m60_s6,er4,prior_init,0,16760,0.8613861386138614
er4_m60_s6,er4,prior_init,0,16810,0.8613861386138614
er4_m60_s6,er4,prior_init,0,16860,0.8613861386138614
er4_m60_s6,er4,prior_init,0,16910,0.8613861386138614
er4_m60_s6,er4,prior_init,0,16960,0.8613861386138614
er4_m60_s6,er4,prior_init,0,17010,0.8613861386138614
er4_m60_s6,er4,prior_init,0,17060,0.8613861386138614
er4_m60_s6,er4,prior_init,0,17110,0.8613861386138614
er4_m60_s6,er4,prior_init,0,17160,0.8613861386138614
er4_m60_s6,er4,prior_init,0,17210,0.8613861386138614
er4_m60_s6,er4,prior_init,0,17260,0.8613861386138614
er4_m60_s6,er4,prior_init,0,17310,0.8613861386138614
er4_m60_s6,er4,prior_init,0,17360,0.8613861386138614
er4_m60_s6,er4,prior_init,0,17410,0.8613861386138614
er4_m60_s6,er4,prior_init,0,17460,0.8613861386138614
er4_m60_s6,er4,prior_init,0,17510,0.8613861386138614
er4_m60_s6,er4,prior_init,0,17560,0.8613861386138614
er4_m60_s6,er4,prior_init,0,17610,0.8613861386138614
er4_m60_s6,er4,prior_init,0,17660,0.8613861386138614
er4_m60_s6,er4,prior_init,0,17710,0.8613861386138614
er4_m60_s6,er4,prior_init,0,17760,0.8613861386138614
er4_m60_s6,er4,prior_init,0,17810,0.8613861386138614
er4_m60_s6,er4,prior_init,0,17860,0.8613861386138614
er4_m60_s6,er4,prior_init,0,17910,0.8613861386138614
er4_m60_s6,er4,prior_init,0,17960,0.8613861386138614
er4_m60_s6,er4,prior_init,0,18010,0.8613861386138614
er4_m60_s6,er4,prior_init,0,18060,0.8613861386138614
er4_m60_s6,er4,prior_init,0,18110,0.8613861386138614
er4_m60_s6,er4,prior_init,0,18160,0.8613861386138614
er4_m60_s6,er4,prior_init,0,18210,0.8613861386138614
er4_m60_s6,er4,prior_init,0,18260,0.8613861386138614
er4_m60_s6,er4,prior_init,0,18310,0.8613861386138614
er4_m60_s6,er4,prior_init,0,18360,0.8613861386138614
er4_m60_s6,er4,prior_init,0,18410,0.8613861386138614
er4_m60_s6,er4,prior_init,0,18460,0.8613861386138614
er4_m60_s6,er4,prior_init,0,18510,0.8613861386138614
er4_m60_s6,er4,prior_init,0,18560,0.8613861386138614
er4_m60_s6,er4,prior_init,0,18610,0.8613861386138614
er4_m60_s6,er4,prior_init,0,18660,0.8613861386138614
er4_m60_s6,er4,prior_init,0,18710,0.8613861386138614
er4_m60_s6,er4,prior_init,0,18760,0.8613861386138614
er4_m60_s6,er4,prior_init,0,18810,0.8613861386138614
er4_m60_s6,er4,prior_init,0,18860,0.8613861386138614
er4_m60_s6,er4,prior_init,0,18910,0.8613861386138614
er4_m60_s6,er4,prior_init,0,18960,0.8613861386138614
er4_m60_s6,er4,prior_init,0,19010,0.8613861386138614
er4_m60_s6,er4,prior_init,0,19060,0.8613861386138614
er4_m60_s6,er4,prior_init,0,19110,0.8613861386138614
er4_m60_s6,er4,prior_init,0,19160,0.8613861386138614
er4_m60_s6,er4,prior_init,0,19210,0.8613861386138614
er4_m60_s6,er4,prior_init,0,19260,0.8613861386138614
er4_m60_s6,er4,prior_init,0,19310,0.8613861386138614
er4_m60_s6,er4,prior_init,0,19360,0.8613861386138614
er4_m60_s6,er4,prior_init,0,19410,0.8613861386138614
er4_m60_s6,er4,prior_init,0,19460,0.8613861386138614
er4_m60_s6,er4,prior_init,0,19510,0.8613861386138614
er4_m60_s6,er4,prior_init,0,19560,0.8613861386138614
er4_m60_s6,er4,prior_init,0,19610,0.8613861386138614
er4_m60_s6,er4,prior_init,0,19660,0.8613861386138614
er4_m60_s6,er4,prior_init,0,19710,0.8613861386138614
er4_m60_s6,er4,prior_init,0,19760,0.8613861386138614
er4_m60_s6,er4,prior_init,0,19810,0.8613861386138614
er4_m60_s6,er4,prior_init,0,19860,0.8613861386138614
er4_m60_s6,er4,prior_init,0,19910,0.8613861386138614
er4_m60_s6,er4,prior_init,0,19960,0.8613861386138614
er4_m60_s6,er4,prior_init,0,20010,0.8613861386138614
er4_m60_s6,er4,prior_prop,0,10,0.6039603960396039
er4_m60_s6,er4,prior_prop,0,60,0.7227722772277227
er4_m60_s6,er4,prior_prop,0,110,0.7227722772277227
er4_m60_s6,er4,prior_prop,0,160,0.7326732673267327
er4_m60_s6,er4,prior_prop,0,210,0.7623762376237624
er4_m60_s6,er4,prior_prop,0,260,0.7920792079207921
er4_m60_s6,er4,prior_prop,0,310,0.7920792079207921
er4_m60_s6,er4,prior_prop,0,360,0.7920792079207921
er4_m60_s6,er4,prior_prop,0,410,0.8118811881188119
er4_m60_s6,er4,prior_prop,0,460,0.8118811881188119
er4_m60_s6,er4,prior_prop,0,510,0.8118811881188119
er4_m60_s6,er4,prior_prop,0,560,0.8118811881188119
er4_m60_s6,er4,prior_prop,0,610,0.8118811881188119
er4_m60_s6,er4,prior_prop,0,660,0.8217821782178217
er4_m60_s6,er4,prior_prop,0,710,0.8217821782178217
er4_m60_s6,er4,prior_prop,0,760,0.8217821782178217
er4_m60_s6,er4,prior_prop,0,810,0.8217821782178217
er4_m60_s6,er4,prior_prop,0,860,0.8217821782178217
er4_m60_s6,er4,prior_prop,0,910,0.8217821782178217
er4_m60_s6,er4,prior_prop,0,960,0.8217821782178217
er4_m60_s6,er4,prior_prop,0,1010,0.8217821782178217
er4_m60_s6,er4,prior_prop,0,1060,0.8415841584158416
er4_m60_s6,er4,prior_prop,0,1110,0.8415841584158416
er4_m60_s6,er4,prior_prop,0,1160,0.8415841584158416
er4_m60_s6,er4,prior_prop,0,1210,0.8415841584158416
er4_m60_s6,er4,prior_prop,0,1260,0.8415841584158416
er4_m60_s6,er4,prior_prop,0,1310,0.8613861386138614
er4_m60_s6,er4,prior_prop,0,1360,0.8613861386138614
er4_m60_s6,er4,prior_prop,0,1410,0.8613861386138614
er4_m60_s6,er4,prior_prop,0,1460,0.8613861386138614
er4_m60_s6,er4,prior_prop,0,1510,0.8613861386138614
er4_m60_s6,er4,prior_prop,0,1560,0.8613861386138614
er4_m60_s6,er4,prior_prop,0,1610,0.8613861386138614
er4_m60_s6,er4,prior_prop,0,1660,0.8613861386138614
er4_m60_s6,er4,prior_prop,0,1710,0.8613861386138614
er4_m60_s6,er4,prior_prop,0,1760,0.8613861386138614
er4_m60_s6,er4,prior_prop,0,1810,0.8613861386138614
er4_m60_s6,er4,prior_prop,0,1860,0.8613861386138614
er4_m60_s6,er4,prior_prop,0,1910,0.8613861386138614
er4_m60_s6,er4,prior_prop,0,1960,0.8613861386138614
er4_m60_s6,er4,prior_prop,0,2010,0.8613861386138614
er4_m60_s6,er4,prior_prop,0,2060,0.8613861386138614
er4_m60_s6,er4,prior_prop,0,2110,0.8613861386138614
er4_m60_s6,er4,prior_prop,0,2160,0.8613861386138614
er4_m60_s6,er4,prior_prop,0,2210,0.8613861386138614
er4_m60_s6,er4,prior_prop,0,2260,0.8613861386138614
er4_m60_s6,er4,prior_prop,0,2310,0.8613861386138614
er4_m60_s6,er4,prior_prop,0,2360,0.8613861386138614
er4_m60_s6,er4,prior_prop,0,2410,0.8613861386138614
er4_m60_s6,er4,prior_prop,0,2460,0.8613861386138614
er4_m60_s6,er4,prior_prop,0,2510,0.8613861386138614
er4_m60_s6,er4,prior_prop,0,2560,0.8613861386138614
er4_m60_s6,er4,prior_prop,0,2610,0.8613861386138614
er4_m60_s6,er4,prior_prop,0,2660,0.8613861386138614
er4_m60_s6,er4,prior_prop,0,2710,0.8613861386138614
er4_m60_s6,er4,prior_prop,0,2760,0.8613861386138614
er4_m60_s6,er4,prior_prop,0,2810,0.8613861386138614
er4_m60_s6,er4,prior_prop,0,2860,0.8613861386138614
er4_m60_s6,er4,prior_prop,0,2910,0.8613861386138614
er4_m60_s6,er4,prior_prop,0,2960,0.8613861386138614
er4_m60_s6,er4,prior_prop,0,3010,0.8613861386138614
er4_m60_s6,er4,prior_prop,0,3060,0.8613861386138614
er4_m60_s6,er4,prior_prop,0,3110,0.8613861386138614
er4_m60_s6,er4,prior_prop,0,3160,0.8613861386138614
er4_m60_s6,er4,prior_prop,0,3210,0.8613861386138614
er4_m60_s6,er4,prior_prop,0,3260,0.8613861386138614
er4_m60_s6,er4,prior_prop,0,3310,0.8613861386138614
er4_m60_s6,er4,prior_prop,0,3360,0.8613861386138614
er4_m60_s6,er4,prior_prop,0,3410,0.8613861386138614
er4_m60_s6,er4,prior_prop,0,3460,0.8613861386138614
er4_m60_s6,er4,prior_prop,0,3510,0.8811881188118812
er4_m60_s6,er4,prior_prop,0,3560,0.8811881188118812
er4_m60_s6,er4,prior_prop,0,3610,0.8811881188118812
er4_m60_s6,er4,prior_prop,0,3660,0.8811881188118812
er4_m60_s6,er4,prior_prop,0,3710,0.8811881188118812
er4_m60_s6,er4,prior_prop,0,3760,0.8811881188118812
er4_m60_s6,er4,prior_prop,0,3810,0.8811881188118812
er4_m60_s6,er4,prior_prop,0,3860,0.8811881188118812
er4_m60_s6,er4,prior_prop,0,3910,0.8811881188118812
er4_m60_s6,er4,prior_prop,0,3960,0.8811881188118812
er4_m60_s6,er4,prior_prop,0,4010,0.8811881188118812
er4_m60_s6,er4,prior_prop,0,4060,0.8811881188118812
er4_m60_s6,er4,prior_prop,0,4110,0.8811881188118812
er4_m60_s6,er4,prior_prop,0,4160,0.8811881188118812
er4_m60_s6,er4,prior_prop,0,4210,0.8811881188118812
er4_m60_s6,er4,prior_prop,0,4260,0.8811881188118812
er4_m60_s6,er4,prior_prop,0,4310,0.8811881188118812
er4_m60_s6,er4,prior_prop,0,4360,0.8811881188118812
er4_m60_s6,er4,prior_prop,0,4410,0.8811881188118812
er4_m60_s6,er4,prior_prop,0,4460,0.8811881188118812
er4_m60_s6,er4,prior_prop,0,4510,0.8811881188118812
er4_m60_s6,er4,prior_prop,0,4560,0.8811881188118812
er4_m60_s6,er4,prior_prop,0,4610,0.8811881188118812
er4_m60_s6,er4,prior_prop,0,4660,0.8811881188118812
er4_m60_s6,er4,prior_prop,0,4710,0.8811881188118812
er4_m60_s6,er4,prior_prop,0,4760,0.8811881188118812
er4_m60_s6,er4,prior_prop,0,4810,0.8811881188118812
er4_m60_s6,er4,prior_prop,0,4860,0.8811881188118812
er4_m60_s6,er4,prior_prop,0,4910,0.8811881188118812
er4_m60_s6,er4,prior_prop,0,4960,0.8811881188118812
er4_m60_s6,er4,prior_prop,0,5010,0.8811881188118812
er4_m60_s6,er4,prior_prop,0,5060,0.8811881188118812
er4_m60_s6,er4,prior_prop,0,5110,0.8811881188118812
er4_m60_s6,er4,prior_prop,0,5160,0.8811881188118812
er4_m60_s6,er4,prior_prop,0,5210,0.8811881188118812
er4_m60_s6,er4,prior_prop,0,5260,0.8811881188118812
er4_m60_s6,er4,prior_prop,0,5310,0.8811881188118812
er4_m60_s6,er4,prior_prop,0,5360,0.8811881188118812
er4_m60_s6,er4,prior_prop,0,5410,0.8811881188118812
er4_m60_s6,er4,prior_prop,0,5460,0.8811881188118812
er4_m60_s6,er4,prior_prop,0,5510,0.8811881188118812
er4_m60_s6,er4,prior_prop,0,5560,0.8811881188118812
er4_m60_s6,er4,prior_prop,0,5610,0.8811881188118812
er4_m60_s6,er4,prior_prop,0,5660,0.8811881188118812
er4_m60_s6,er4,prior_prop,0,5710,0.8811881188118812
er4_m60_s6,er4,prior_prop,0,5760,0.8811881188118812
er4_m60_s6,er4,prior_prop,0,5810,0.8811881188118812
er4_m60_s6,er4,prior_prop,0,5860,0.8811881188118812
er4_m60_s6,er4,prior_prop,0,5910,0.8811881188118812
er4_m60_s6,er4,prior_prop,0,5960,0.8811881188118812
er4_m60_s6,er4,prior_prop,0,6010,0.8811881188118812
er4_m60_s6,er4,prior_prop,0,6060,0.8811881188118812
er4_m60_s6,er4,prior_prop,0,6110,0.8811881188118812
er4_m60_s6,er4,prior_prop,0,6160,0.8811881188118812
er4_m60_s6,er4,prior_prop,0,6210,0.8811881188118812
er4_m60_s6,er4,prior_prop,0,6260,0.8811881188118812
er4_m60_s6,er4,prior_prop,0,6310,0.8811881188118812
er4_m60_s6,er4,prior_prop,0,6360,0.8811881188118812
er4_m60_s6,er4,prior_prop,0,6410,0.8811881188118812
er4_m60_s6,er4,prior_prop,0,6460,0.8811881188118812
er4_m60_s6,er4,prior_prop,0,6510,0.8811881188118812
er4_m60_s6,er4,prior_prop,0,6560,0.8811881188118812
er4_m60_s6,er4,prior_prop,0,6610,0.8811881188118812
er4_m60_s6,er4,prior_prop,0,6660,0.8811881188118812
er4_m60_s6,er4,prior_prop,0,6710,0.8811881188118812
er4_m60_s6,er4,prior_prop,0,6760,0.8811881188118812
er4_m60_s6,er4,prior_prop,0,6810,0.8811881188118812
er4_m60_s6,er4,prior_prop,0,6860,0.8811881188118812
er4_m60_s6,er4,prior_prop,0,6910,0.8811881188118812
er4_m60_s6,er4,prior_prop,0,6960,0.8811881188118812
er4_m60_s6,er4,prior_prop,0,7010,0.8811881188118812
er4_m60_s6,er4,prior_prop,0,7060,0.8811881188118812
er4_m60_s6,er4,prior_prop,0,7110,0.8811881188118812
er4_m60_s6,er4,prior_prop,0,7160,0.8811881188118812
er4_m60_s6,er4,prior_prop,0,7210,0.8811881188118812
er4_m60_s6,er4,prior_prop,0,7260,0.8811881188118812
er4_m60_s6,er4,prior_prop,0,7310,0.8811881188118812
er4_m60_s6,er4,prior_prop,0,7360,0.8811881188118812
er4_m60_s6,er4,prior_prop,0,7410,0.8811881188118812
er4_m60_s6,er4,prior_prop,0,7460,0.8811881188118812
er4_m60_s6,er4,prior_prop,0,7510,0.8811881188118812
er4_m60_s6,er4,prior_prop,0,7560,0.8811881188118812
er4_m60_s6,er4,prior_prop,0,7610,0.8811881188118812
er4_m60_s6,er4,prior_prop,0,7660,0.8811881188118812
er4_m60_s6,er4,prior_prop,0,7710,0.8811881188118812
er4_m60_s6,er4,prior_prop,0,7760,0.8811881188118812
er4_m60_s6,er4,prior_prop,0,7810,0.8811881188118812
er4_m60_s6,er4,prior_prop,0,7860,0.8811881188118812
er4_m60_s6,er4,prior_prop,0,7910,0.8811881188118812
er4_m60_s6,er4,prior_prop,0,7960,0.8811881188118812
er4_m60_s6,er4,prior_prop,0,8010,0.8811881188118812
er4_m60_s6,er4,prior_prop,0,8060,0.8811881188118812
er4_m60_s6,er4,prior_prop,0,8110,0.8910891089108911
er4_m60_s6,er4,prior_prop,0,8160,0.8910891089108911
er4_m60_s6,er4,prior_prop,0,8210,0.8910891089108911
er4_m60_s6,er4,prior_prop,0,8260,0.8910891089108911
er4_m60_s6,er4,prior_prop,0,8310,0.8910891089108911
er4_m60_s6,er4,prior_prop,0,8360,0.8910891089108911
er4_m60_s6,er4,prior_prop,0,8410,0.8910891089108911
er4_m60_s6,er4,prior_prop,0,8460,0.8910891089108911
er4_m60_s6,er4,prior_prop,0,8510,0.8910891089108911
er4_m60_s6,er4,prior_prop,0,8560,0.8910891089108911
er4_m60_s6,er4,prior_prop,0,8610,0.8910891089108911
er4_m60_s6,er4,prior_prop,0,8660,0.8910891089108911
er4_m60_s6,er4,prior_prop,0,8710,0.8910891089108911
er4_m60_s6,er4,prior_prop,0,8760,0.8910891089108911
er4_m60_s6,er4,prior_prop,0,8810,0.8910891089108911
er4_m60_s6,er4,prior_prop,0,8860,0.8910891089108911
er4_m60_s6,er4,prior_prop,0,8910,0.8910891089108911
er4_m60_s6,er4,prior_prop,0,8960,0.8910891089108911
er4_m60_s6,er4,prior_prop,0,9010,0.8910891089108911
er4_m60_s6,er4,prior_prop,0,9060,0.8910891089108911
er4_m60_s6,er4,prior_prop,0,9110,0.8910891089108911
er4_m60_s6,er4,prior_prop,0,9160,0.8910891089108911
er4_m60_s6,er4,prior_prop,0,9210,0.8910891089108911
er4_m60_s6,er4,prior_prop,0,9260,0.8910891089108911
er4_m60_s6,er4,prior_prop,0,9310,0.8910891089108911
er4_m60_s6,er4,prior_prop,0,9360,0.8910891089108911
er4_m60_s6,er4,prior_prop,0,9410,0.8910891089108911
er4_m60_s6,er4,prior_prop,0,9460,0.8910891089108911
er4_m60_s6,er4,prior_prop,0,9510,0.8910891089108911
er4_m60_s6,er4,prior_prop,0,9560,0.8910891089108911
er4_m60_s6,er4,prior_prop,0,9610,0.8910891089108911
er4_m60_s6,er4,prior_prop,0,9660,0.8910891089108911
er4_m60_s6,er4,prior_prop,0,9710,0.8910891089108911
er4_m60_s6,er4,prior_prop,0,9760,0.8910891089108911
er4_m60_s6,er4,prior_prop,0,9810,0.8910891089108911
er4_m60_s6,er4,prior_prop,0,9860,0.8910891089108911
er4_m60_s6,er4,prior_prop,0,9910,0.8910891089108911
er4_m60_s6,er4,prior_prop,0,9960,0.8910891089108911
er4_m60_s6,er4,prior_prop,0,10010,0.8910891089108911
er4_m60_s6,er4,prior_prop,0,10060,0.8910891089108911
er4_m60_s6,er4,prior_prop,0,10110,0.8910891089108911
er4_m60_s6,er4,prior_prop,0,10160,0.8910891089108911
er4_m60_s6,er4,prior_prop,0,10210,0.8910891089108911
er4_m60_s6,er4,prior_prop,0,10260,0.8910891089108911
er4_m60_s6,er4,prior_prop,0,10310,0.8910891089108911
er4_m60_s6,er4,prior_prop,0,10360,0.8910891089108911
er4_m60_s6,er4,prior_prop,0,10410,0.8910891089108911
er4_m60_s6,er4,prior_prop,0,10460,0.8910891089108911
er4_m60_s6,er4,prior_prop,0,10510,0.8910891089108911
er4_m60_s6,er4,prior_prop,0,10560,0.8910891089108911
er4_m60_s6,er4,prior_prop,0,10610,0.8910891089108911
er4_m60_s6,er4,prior_prop,0,10660,0.8910891089108911
er4_m60_s6,er4,prior_prop,0,10710,0.8910891089108911
er4_m60_s6,er4,prior_prop,0,10760,0.8910891089108911
er4_m60_s6,er4,prior_prop,0,10810,0.8910891089108911
er4_m60_s6,er4,prior_prop,0,10860,0.8910891089108911
er4_m60_s6,er4,prior_prop,0,10910,0.8910891089108911
er4_m60_s6,er4,prior_prop,0,10960,0.8910891089108911
er4_m60_s6,er4,prior_prop,0,11010,0.8910891089108911
er4_m60_s6,er4,prior_prop,0,11060,0.8910891089108911
er4_m60_s6,er4,prior_prop,0,11110,0.8910891089108911
er4_m60_s6,er4,prior_prop,0,11160,0.8910891089108911
er4_m60_s6,er4,prior_prop,0,11210,0.8910891089108911
er4_m60_s6,er4,prior_prop,0,11260,0.8910891089108911
er4_m60_s6,er4,prior_prop,0,11310,0.8910891089108911
er4_m60_s6,er4,prior_prop,0,11360,0.8910891089108911
er4_m60_s6,er4,prior_prop,0,11410,0.8910891089108911
er4_m60_s6,er4,prior_prop,0,11460,0.8910891089108911
er4_m60_s6,er4,prior_prop,0,11510,0.8910891089108911
er4_m60_s6,er4,prior_prop,0,11560,0.8910891089108911
er4_m60_s6,er4,prior_prop,0,11610,0.8910891089108911
er4_m60_s6,er4,prior_prop,0,11660,0.8910891089108911
er4_m60_s6,er4,prior_prop,0,11710,0.8910891089108911
er4_m60_s6,er4,prior_prop,0,11760,0.8910891089108911
er4_m60_s6,er4,prior_prop,0,11810,0.8910891089108911
er4_m60_s6,er4,prior_prop,0,11860,0.8910891089108911
er4_m60_s6,er4,prior_prop,0,11910,0.8910891089108911
er4_m60_s6,er4,prior_prop,0,11960,0.8910891089108911
er4_m60_s6,er4,prior_prop,0,12010,0.8910891089108911
er4_m60_s6,er4,prior_prop,0,12060,0.8910891089108911
er4_m60_s6,er4,prior_prop,0,12110,0.8910891089108911
er4_m60_s6,er4,prior_prop,0,12160,0.8910891089108911
er4_m60_s6,er4,prior_prop,0,12210,0.8910891089108911
er4_m60_s6,er4,prior_prop,0,12260,0.8910891089108911
er4_m60_s6,er4,prior_prop,0,12310,0.8910891089108911
er4_m60_s6,er4,prior_prop,0,12360,0.8910891089108911
er4_m60_s6,er4,prior_prop,0,12410,0.8910891089108911
er4_m60_s6,er4,prior_prop,0,12460,0.8910891089108911
er4_m60_s6,er4,prior_prop,0,12510,0.8910891089108911
er4_m60_s6,er4,prior_prop,0,12560,0.8910891089108911
er4_m60_s6,er4,prior_prop,0,12610,0.8910891089108911
er4_m60_s6,er4,prior_prop,0,12660,0.8910891089108911
er4_m60_s6,er4,prior_prop,0,12710,0.8910891089108911
er4_m60_s6,er4,prior_prop,0,12760,0.8910891089108911
er4_m60_s6,er4,prior_prop,0,12810,0.8910891089108911
er4_m60_s6,er4,prior_prop,0,12860,0.8910891089108911
er4_m60_s6,er4,prior_prop,0,12910,0.8910891089108911
er4_m60_s6,er4,prior_prop,0,12960,0.8910891089108911
er4_m60_s6,er4,prior_prop,0,13010,0.8910891089108911
er4_m60_s6,er4,prior_prop,0,13060,0.8910891089108911
er4_m60_s6,er4,prior_prop,0,13110,0.8910891089108911
er4_m60_s6,er4,prior_prop,0,13160,0.8910891089108911
er4_m60_s6,er4,prior_prop,0,13210,0.8910891089108911
er4_m60_s6,er4,prior_prop,0,13260,0.8910891089108911
er4_m60_s6,er4,prior_prop,0,13310,0.8910891089108911
er4_m60_s6,er4,prior_prop,0,13360,0.8910891089108911
er4_m60_s6,er4,prior_prop,0,13410,0.8910891089108911
er4_m60_s6,er4,prior_prop,0,13460,0.8910891089108911
er4_m60_s6,er4,prior_prop,0,13510,0.8910891089108911
er4_m60_s6,er4,prior_prop,0,13560,0.8910891089108911
er4_m60_s6,er4,prior_prop,0,13610,0.8910891089108911
er4_m60_s6,er4,prior_prop,0,13660,0.8910891089108911
er4_m60_s6,er4,prior_prop,0,13710,0.8910891089108911
er4_m60_s6,er4,prior_prop,0,13760,0.8910891089108911
er4_m60_s6,er4,prior_prop,0,13810,0.8910891089108911
er4_m60_s6,er4,prior_prop,0,13860,0.8910891089108911
er4_m60_s6,er4,prior_prop,0,13910,0.8910891089108911
er4_m60_s6,er4,prior_prop,0,13960,0.8910891089108911
er4_m60_s6,er4,prior_prop,0,14010,0.8910891089108911
er4_m60_s6,er4,prior_prop,0,14060,0.8910891089108911
er4_m60_s6,er4,prior_prop,0,14110,0.8910891089108911
er4_m60_s6,er4,prior_prop,0,14160,0.8910891089108911
er4_m60_s6,er4,prior_prop,0,14210,0.8910891089108911
er4_m60_s6,er4,prior_prop,0,14260,0.8910891089108911
er4_m60_s6,er4,prior_prop,0,14310,0.8910891089108911
er4_m60_s6,er4,prior_prop,0,14360,0.8910891089108911
er4_m60_s6,er4,prior_prop,0,14410,0.8910891089108911
er4_m60_s6,er4,prior_prop,0,14460,0.8910891089108911
er4_m60_s6,er4,prior_prop,0,14510,0.8910891089108911
er4_m60_s6,er4,prior_prop,0,14560,0.8910891089108911
er4_m60_s6,er4,prior_prop,0,14610,0.8910891089108911
er4_m60_s6,er4,prior_prop,0,14660,0.8910891089108911
er4_m60_s6,er4,prior_prop,0,14710,0.8910891089108911
er4_m60_s6,er4,prior_prop,0,14760,0.8910891089108911
er4_m60_s6,er4,prior_prop,0,14810,0.8910891089108911
er4_m60_s6,er4,prior_prop,0,14860,0.8910891089108911
er4_m60_s6,er4,prior_prop,0,14910,0.8910891089108911
er4_m60_s6,er4,prior_prop,0,14960,0.8910891089108911
er4_m60_s6,er4,prior_prop,0,15010,0.8910891089108911
er4_m60_s6,er4,prior_prop,0,15060,0.8910891089108911
er4_m60_s6,er4,prior_prop,0,15110,0.8910891089108911
er4_m60_s6,er4,prior_prop,0,15160,0.8910891089108911
er4_m60_s6,er4,prior_prop,0,15210,0.8910891089108911
er4_m60_s6,er4,prior_prop,0,15260,0.8910891089108911
er4_m60_s6,er4,prior_prop,0,15310,0.8910891089108911
er4_m60_s6,er4,prior_prop,0,15360,0.8910891089108911
er4_m60_s6,er4,prior_prop,0,15410,0.8910891089108911
er4_m60_s6,er4,prior_prop,0,15460,0.8910891089108911
er4_m60_s6,er4,prior_prop,0,15510,0.8910891089108911
er4_m60_s6,er4,prior_prop,0,15560,0.8910891089108911
er4_m60_s6,er4,prior_prop,0,15610,0.8910891089108911
er4_m60_s6,er4,prior_prop,0,15660,0.8910891089108911
er4_m60_s6,er4,prior_prop,0,15710,0.8910891089108911
er4_m60_s6,er4,prior_prop,0,15760,0.8910891089108911
er4_m60_s6,er4,prior_prop,0,15810,0.8910891089108911
er4_m60_s6,er4,prior_prop,0,15860,0.8910891089108911
er4_m60_s6,er4,prior_prop,0,15910,0.8910891089108911
er4_m60_s6,er4,prior_prop,0,15960,0.8910891089108911
er4_m60_s6,er4,prior_prop,0,16010,0.8910891089108911
er4_m60_s6,er4,prior_prop,0,16060,0.8910891089108911
er4_m60_s6,er4,prior_prop,0,16110,0.8910891089108911
er4_m60_s6,er4,prior_prop,0,16160,0.8910891089108911
er4_m60_s6,er4,prior_prop,0,16210,0.8910891089108911
er4_m60_s6,er4,prior_prop,0,16260,0.8910891089108911
er4_m60_s6,er4,prior_prop,0,16310,0.8910891089108911
er4_m60_s6,er4,prior_prop,0,16360,0.8910891089108911
er4_m60_s6,er4,prior_prop,0,16410,0.8910891089108911
er4_m60_s6,er4,prior_prop,0,16460,0.8910891089108911
er4_m60_s6,er4,prior_prop,0,16510,0.8910891089108911
er4_m60_s6,er4,prior_prop,0,16560,0.8910891089108911
er4_m60_s6,er4,prior_prop,0,16610,0.8910891089108911
er4_m60_s6,er4,prior_prop,0,16660,0.8910891089108911
er4_m60_s6,er4,prior_prop,0,16710,0.8910891089108911
er4_m60_s6,er4,prior_prop,0,16760,0.8910891089108911
er4_m60_s6,er4,prior_prop,0,16810,0.8910891089108911
er4_m60_s6,er4,prior_prop,0,16860,0.8910891089108911
er4_m60_s6,er4,prior_prop,0,16910,0.8910891089108911
er4_m60_s6,er4,prior_prop,0,16960,0.8910891089108911
er4_m60_s6,er4,prior_prop,0,17010,0.8910891089108911
er4_m60_s6,er4,prior_prop,0,17060,0.8910891089108911
er4_m60_s6,er4,prior_prop,0,17110,0.8910891089108911
er4_m60_s6,er4,prior_prop,0,17160,0.8910891089108911
er4_m60_s6,er4,prior_prop,0,17210,0.8910891089108911
er4_m60_s6,er4,prior_prop,0,17260,0.8910891089108911
er4_m60_s6,er4,prior_prop,0,17310,0.8910891089108911
er4_m60_s6,er4,prior_prop,0,17360,0.8910891089108911
er4_m60_s6,er4,prior_prop,0,17410,0.8910891089108911
er4_m60_s6,er4,prior_prop,0,17460,0.8910891089108911
er4_m60_s6,er4,prior_prop,0,17510,0.8910891089108911
er4_m60_s6,er4,prior_prop,0,17560,0.8910891089108911
er4_m60_s6,er4,prior_prop,0,17610,0.8910891089108911
er4_m60_s6,er4,prior_prop,0,17660,0.8910891089108911
er4_m60_s6,er4,prior_prop,0,17710,0.8910891089108911
er4_m60_s6,er4,prior_prop,0,17760,0.8910891089108911
er4_m60_s6,er4,prior_prop,0,17810,0.8910891089108911
er4_m60_s6,er4,prior_prop,0,17860,0.8910891089108911
er4_m60_s6,er4,prior_prop,0,17910,0.8910891089108911
er4_m60_s6,er4,prior_prop,0,17960,0.8910891089108911
er4_m60_s6,er4,prior_prop,0,18010,0.8910891089108911
er4_m60_s6,er4,prior_prop,0,18060,0.8910891089108911
er4_m60_s6,er4,prior_prop,0,18110,0.8910891089108911
er4_m60_s6,er4,prior_prop,0,18160,0.8910891089108911
er4_m60_s6,er4,prior_prop,0,18210,0.8910891089108911
er4_m60_s6,er4,prior_prop,0,18260,0.8910891089108911
er4_m60_s6,er4,prior_prop,0,18310,0.8910891089108911
er4_m60_s6,er4,prior_prop,0,18360,0.8910891089108911
er4_m60_s6,er4,prior_prop,0,18410,0.8910891089108911
er4_m60_s6,er4,prior_prop,0,18460,0.8910891089108911
er4_m60_s6,er4,prior_prop,0,18510,0.8910891089108911
er4_m60_s6,er4,prior_prop,0,18560,0.8910891089108911
er4_m60_s6,er4,prior_prop,0,18610,0.8910891089108911
er4_m60_s6,er4,prior_prop,0,18660,0.8910891089108911
er4_m60_s6,er4,prior_prop,0,18710,0.8910891089108911
er4_m60_s6,er4,prior_prop,0,18760,0.8910891089108911
er4_m60_s6,er4,prior_prop,0,18810,0.8910891089108911
er4_m60_s6,er4,prior_prop,0,18860,0.8910891089108911
er4_m60_s6,er4,prior_prop,0,18910,0.8910891089108911
er4_m60_s6,er4,prior_prop,0,18960,0.8910891089108911
er4_m60_s6,er4,prior_prop,0,19010,0.8910891089108911
er4_m60_s6,er4,prior_prop,0,19060,0.8910891089108911
er4_m60_s6,er4,prior_prop,0,19110,0.8910891089108911
er4_m60_s6,er4,prior_prop,0,19160,0.8910891089108911
er4_m60_s6,er4,prior_prop,0,19210,0.8910891089108911
er4_m60_s6,er4,prior_prop,0,19260,0.8910891089108911
er4_m60_s6,er4,prior_prop,0,19310,0.8910891089108911
er4_m60_s6,er4,prior_prop,0,19360,0.8910891089108911
er4_m60_s6,er4,prior_prop,0,19410,0.8910891089108911
er4_m60_s6,er4,prior_prop,0,19460,0.8910891089108911
er4_m60_s6,er4,prior_prop,0,19510,0.8910891089108911
er4_m60_s6,er4,prior_prop,0,19560,0.8910891089108911
er4_m60_s6,er4,prior_prop,0,19610,0.8910891089108911
er4_m60_s6,er4,prior_prop,0,19660,0.8910891089108911
er4_m60_s6,er4,prior_prop,0,19710,0.8910891089108911
er4_m60_s6,er4,prior_prop,0,19760,0.8910891089108911
er4_m60_s6,er4,prior_prop,0,19810,0.8910891089108911
er4_m60_s6,er4,prior_prop,0,19860,0.8910891089108911
er4_m60_s6,er4,prior_prop,0,19910,0.8910891089108911
er4_m60_s6,er4,prior_prop,0,19960,0.8910891089108911
er4_m60_s6,er4,prior_prop,0,20010,0.8910891089108911
er4_m60_s6,er4,db_rescore,0,10,0.8316831683168316
er4_m60_s6,er4,db_rescore,0,60,0.8316831683168316
er4_m60_s6,er4,db_rescore,0,110,0.8415841584158416
er4_m60_s6,er4,db_rescore,0,160,0.8514851485148515
er4_m60_s6,er4,db_rescore,0,210,0.8514851485148515
er4_m60_s6,er4,db_rescore,0,260,0.8514851485148515
er4_m60_s6,er4,db_rescore,0,310,0.8514851485148515
er4_m60_s6,er4,db_rescore,0,360,0.8514851485148515
er4_m60_s6,er4,db_rescore,0,410,0.8613861386138614
er4_m60_s6,er4,db_rescore,0,460,0.8613861386138614
er4_m60_s6,er4,db_rescore,0,510,0.8613861386138614
er4_m60_s6,er4,db_rescore,0,560,0.8613861386138614
er4_m60_s6,er4,db_rescore,0,610,0.8613861386138614
er4_m60_s6,er4,db_rescore,0,660,0.8613861386138614
er4_m60_s6,er4,db_rescore,0,710,0.8613861386138614
er4_m60_s6,er4,db_rescore,0,760,0.8613861386138614
er4_m60_s6,er4,db_rescore,0,810,0.8613861386138614
er4_m60_s6,er4,db_rescore,0,860,0.8712871287128713
er4_m60_s6,er4,db_rescore,0,910,0.8910891089108911
er4_m60_s6,er4,db_rescore,0,960,0.8910891089108911
er4_m60_s6,er4,db_rescore,0,1010,0.8910891089108911
er4_m60_s6,er4,db_rescore,0,1060,0.8910891089108911
er4_m60_s6,er4,db_rescore,0,1110,0.8910891089108911
er4_m60_s6,er4,db_rescore,0,1160,0.8910891089108911
er4_m60_s6,er4,db_rescore,0,1210,0.8910891089108911
er4_m60_s6,er4,db_rescore,0,1260,0.8712871287128713
er4_m60_s6,er4,db_rescore,0,1310,0.8910891089108911
er4_m60_s6,er4,db_rescore,0,1360,0.8910891089108911
er4_m60_s6,er4,db_rescore,0,1410,0.8910891089108911
er4_m60_s6,er4,db_rescore,0,1460,0.8910891089108911
er4_m60_s6,er4,db_rescore,0,1510,0.8910891089108911
er4_m60_s6,er4,db_rescore,0,1560,0.9207920792079208
er4_m60_s6,er4,db_rescore,0,1610,0.9207920792079208
er4_m60_s6,er4,db_rescore,0,1660,0.9207920792079208
er4_m60_s6,er4,db_rescore,0,1710,0.9207920792079208
er4_m60_s6,er4,db_rescore,0,1760,0.9207920792079208
er4_m60_s6,er4,db_rescore,0,1810,0.9207920792079208
er4_m60_s6,er4,db_rescore,0,1860,0.9207920792079208
er4_m60_s6,er4,db_rescore,0,1910,0.9207920792079208
er4_m60_s6,er4,db_rescore,0,1960,0.9207920792079208
er4_m60_s6,er4,db_rescore,0,2010,0.9207920792079208
er4_m60_s6,er4,db_rescore,0,2060,0.9207920792079208
er4_m60_s6,er4,db_rescore,0,2110,0.9207920792079208
er4_m60_s6,er4,db_rescore,0,2160,0.9207920792079208
er4_m60_s6,er4,db_rescore,0,2210,0.9207920792079208
er4_m60_s6,er4,db_rescore,0,2260,0.9207920792079208
er4_m60_s6,er4,db_rescore,0,2310,0.9207920792079208
er4_m60_s6,er4,db_rescore,0,2360,0.9207920792079208
er4_m60_s6,er4,db_rescore,0,2410,0.9207920792079208
er4_m60_s6,er4,db_rescore,0,2460,0.9207920792079208
er4_m60_s6,er4,db_rescore,0,2510,0.9207920792079208
er4_m60_s6,er4,db_rescore,0,2560,0.9207920792079208
er4_m60_s6,er4,db_rescore,0,2610,0.9207920792079208
er4_m60_s6,er4,db_rescore,0,2660,0.9207920792079208
er4_m60_s6,er4,db_rescore,0,2710,0.9207920792079208
er4_m60_s6,er4,db_rescore,0,2760,0.9306930693069307
er4_m60_s6,er4,db_rescore,0,2810,0.9306930693069307
er4_m60_s6,er4,db_rescore,0,2860,0.9306930693069307
er4_m60_s6,er4,db_rescore,0,2910,0.9306930693069307
er4_m60_s6,er4,db_rescore,0,2960,0.9306930693069307
er4_m60_s6,er4,db_rescore,0,3010,0.9306930693069307
er4_m60_s6,er4,db_rescore,0,3060,0.9306930693069307
er4_m60_s6,er4,db_rescore,0,3110,0.9306930693069307
er4_m60_s6,er4,db_rescore,0,3160,0.9306930693069307
er4_m60_s6,er4,db_rescore,0,3210,0.9306930693069307
er4_m60_s6,er4,db_rescore,0,3260,0.9306930693069307
er4_m60_s6,er4,db_rescore,0,3310,0.9306930693069307
er4_m60_s6,er4,db_rescore,0,3360,0.9306930693069307
er4_m60_s6,er4,db_rescore,0,3410,0.9306930693069307
er4_m60_s6,er4,db_rescore,0,3460,0.9306930693069307
er4_m60_s6,er4,db_rescore,0,3510,0.9306930693069307
er4_m60_s6,er4,db_rescore,0,3560,0.9306930693069307
er4_m60_s6,er4,db_rescore,0,3610,0.9306930693069307
er4_m60_s6,er4,db_rescore,0,3660,0.9306930693069307
er4_m60_s6,er4,db_rescore,0,3710,0.9306930693069307
er4_m60_s6,er4,db_rescore,0,3760,0.9306930693069307
er4_m60_s6,er4,db_rescore,0,3810,0.9306930693069307
er4_m60_s6,er4,db_rescore,0,3860,0.9306930693069307
er4_m60_s6,er4,db_rescore,0,3910,0.9306930693069307
er4_m60_s6,er4,db_rescore,0,3960,0.9306930693069307
er4_m60_s6,er4,db_rescore,0,4010,0.9306930693069307
er4_m60_s6,er4,db_rescore,0,4060,0.9306930693069307
er4_m60_s6,er4,db_rescore,0,4110,0.9306930693069307
er4_m60_s6,er4,db_rescore,0,4160,0.9306930693069307
er4_m60_s6,er4,db_rescore,0,4210,0.9306930693069307
er4_m60_s6,er4,db_rescore,0,4260,0.9306930693069307
er4_m60_s6,er4,db_rescore,0,4310,0.9306930693069307
er4_m60_s6,er4,db_rescore,0,4360,0.9306930693069307
er4_m60_s6,er4,db_rescore,0,4410,0.9306930693069307
er4_m60_s6,er4,db_rescore,0,4460,0.9306930693069307
er4_m60_s6,er4,db_rescore,0,4510,0.9306930693069307
er4_m60_s6,er4,db_rescore,0,4560,0.9306930693069307
er4_m60_s6,er4,db_rescore,0,4610,0.9306930693069307
er4_m60_s6,er4,db_rescore,0,4660,0.9306930693069307
er4_m60_s6,er4,db_rescore,0,4710,0.9306930693069307
er4_m60_s6,er4,db_rescore,0,4760,0.9306930693069307
er4_m60_s6,er4,db_rescore,0,4810,0.9306930693069307
er4_m60_s6,er4,db_rescore,0,4860,0.9306930693069307
er4_m60_s6,er4,db_rescore,0,4910,0.9306930693069307
er4_m60_s6,er4,db_rescore,0,4960,0.9306930693069307
er4_m60_s6,er4,db_rescore,0,5010,0.9306930693069307
er4_m60_s6,er4,db_rescore,0,5060,0.9306930693069307
er4_m60_s6,er4,db_rescore,0,5110,0.9306930693069307
er4_m60_s6,er4,db_rescore,0,5160,0.9306930693069307
er4_m60_s6,er4,db_rescore,0,5210,0.9306930693069307
er4_m60_s6,er4,db_rescore,0,5260,0.9306930693069307
er4_m60_s6,er4,db_rescore,0,5310,0.9306930693069307
er4_m60_s6,er4,db_rescore,0,5360,0.9306930693069307
er4_m60_s6,er4,db_rescore,0,5410,0.9306930693069307
er4_m60_s6,er4,db_rescore,0,5460,0.9306930693069307
er4_m60_s6,er4,db_rescore,0,5510,0.9405940594059405
er4_m60_s6,er4,db_rescore,0,5560,0.9405940594059405
er4_m60_s6,er4,db_rescore,0,5610,0.9405940594059405
er4_m60_s6,er4,db_rescore,0,5660,0.9405940594059405
er4_m60_s6,er4,db_rescore,0,5710,0.9405940594059405
er4_m60_s6,er4,db_rescore,0,5760,0.9405940594059405
er4_m60_s6,er4,db_rescore,0,5810,0.9405940594059405
er4_m60_s6,er4,db_rescore,0,5860,0.9405940594059405
er4_m60_s6,er4,db_rescore,0,5910,0.9405940594059405
er4_m60_s6,er4,db_rescore,0,5960,0.9405940594059405
er4_m60_s6,er4,db_rescore,0,6010,0.9405940594059405
er4_m60_s6,er4,db_rescore,0,6060,0.9405940594059405
er4_m60_s6,er4,db_rescore,0,6110,0.9405940594059405
er4_m60_s6,er4,db_rescore,0,6160,0.9405940594059405
er4_m60_s6,er4,db_rescore,0,6210,0.9405940594059405
er4_m60_s6,er4,db_rescore,0,6260,0.9405940594059405
er4_m60_s6,er4,db_rescore,0,6310,0.9405940594059405
er4_m60_s6,er4,db_rescore,0,6360,0.9405940594059405
er4_m60_s6,er4,db_rescore,0,6410,0.9405940594059405
er4_m60_s6,er4,db_rescore,0,6460,0.9405940594059405
er4_m60_s6,er4,db_rescore,0,6510,0.9405940594059405
er4_m60_s6,er4,db_rescore,0,6560,0.9405940594059405
er4_m60_s6,er4,db_rescore,0,6610,0.9405940594059405
er4_m60_s6,er4,db_rescore,0,6660,0.9405940594059405
er4_m60_s6,er4,db_rescore,0,6710,0.9405940594059405
er4_m60_s6,er4,db_rescore,0,6760,0.9405940594059405
er4_m60_s6,er4,db_rescore,0,6810,0.9405940594059405
er4_m60_s6,er4,db_rescore,0,6860,0.9405940594059405
er4_m60_s6,er4,db_rescore,0,6910,0.9405940594059405
er4_m60_s6,er4,db_rescore,0,6960,0.9405940594059405
er4_m60_s6,er4,db_rescore,0,7010,0.9405940594059405
er4_m60_s6,er4,db_rescore,0,7060,0.9405940594059405
er4_m60_s6,er4,db_rescore,0,7110,0.9405940594059405
er4_m60_s6,er4,db_rescore,0,7160,0.9405940594059405
er4_m60_s6,er4,db_rescore,0,7210,0.9405940594059405
er4_m60_s6,er4,db_rescore,0,7260,0.9405940594059405
er4_m60_s6,er4,db_rescore,0,7310,0.9405940594059405
er4_m60_s6,er4,db_rescore,0,7360,0.9405940594059405
er4_m60_s6,er4,db_rescore,0,7410,0.9405940594059405
er4_m60_s6,er4,db_rescore,0,7460,0.9405940594059405
er4_m60_s6,er4,db_rescore,0,7510,0.9405940594059405
er4_m60_s6,er4,db_rescore,0,7560,0.9405940594059405
er4_m60_s6,er4,db_rescore,0,7610,0.9405940594059405
er4_m60_s6,er4,db_rescore,0,7660,0.9405940594059405
er4_m60_s6,er4,db_rescore,0,7710,0.9405940594059405
er4_m60_s6,er4,db_rescore,0,7760,0.9405940594059405
er4_m60_s6,er4,db_rescore,0,7810,0.9405940594059405
er4_m60_s6,er4,db_rescore,0,7860,0.9405940594059405
er4_m60_s6,er4,db_rescore,0,7910,0.9405940594059405
er4_m60_s6,er4,db_rescore,0,7960,0.9405940594059405
er4_m60_s6,er4,db_rescore,0,8010,0.9405940594059405
er4_m60_s6,er4,db_rescore,0,8060,0.9405940594059405
er4_m60_s6,er4,db_rescore,0,8110,0.9405940594059405
er4_m60_s6,er4,db_rescore,0,8160,0.9405940594059405
er4_m60_s6,er4,db_rescore,0,8210,0.9405940594059405
er4_m60_s6,er4,db_rescore,0,8260,0.9405940594059405
er4_m60_s6,er4,db_rescore,0,8310,0.9405940594059405
er4_m60_s6,er4,db_rescore,0,8360,0.9405940594059405
er4_m60_s6,er4,db_rescore,0,8410,0.9405940594059405
er4_m60_s6,er4,db_rescore,0,8460,0.9405940594059405
er4_m60_s6,er4,db_rescore,0,8510,0.9405940594059405
er4_m60_s6,er4,db_rescore,0,8560,0.9405940594059405
er4_m60_s6,er4,db_rescore,0,8610,0.9405940594059405
er4_m60_s6,er4,db_rescore,0,8660,0.9405940594059405
er4_m60_s6,er4,db_rescore,0,8710,0.9405940594059405
er4_m60_s6,er4,db_rescore,0,8760,0.9405940594059405
er4_m60_s6,er4,db_rescore,0,8810,0.9405940594059405
er4_m60_s6,er4,db_rescore,0,8860,0.9405940594059405
er4_m60_s6,er4,db_rescore,0,8910,0.9405940594059405
er4_m60_s6,er4,db_rescore,0,8960,0.9405940594059405
er4_m60_s6,er4,db_rescore,0,9010,0.9405940594059405
er4_m60_s6,er4,db_rescore,0,9060,0.9405940594059405
er4_m60_s6,er4,db_rescore,0,9110,0.9405940594059405
er4_m60_s6,er4,db_rescore,0,9160,0.9405940594059405
er4_m60_s6,er4,db_rescore,0,9210,0.9405940594059405
er4_m60_s6,er4,db_rescore,0,9260,0.9405940594059405
er4_m60_s6,er4,db_rescore,0,9310,0.9405940594059405
er4_m60_s6,er4,db_rescore,0,9360,0.9405940594059405
er4_m60_s6,er4,db_rescore,0,9410,0.9405940594059405
er4_m60_s6,er4,db_rescore,0,9460,0.9405940594059405
er4_m60_s6,er4,db_rescore,0,9510,0.9405940594059405
er4_m60_s6,er4,db_rescore,0,9560,0.9405940594059405
er4_m60_s6,er4,db_rescore,0,9610,0.9405940594059405
er4_m60_s6,er4,db_rescore,0,9660,0.9405940594059405
er4_m60_s6,er4,db_rescore,0,9710,0.9405940594059405
er4_m60_s6,er4,db_rescore,0,9760,0.9405940594059405
er4_m60_s6,er4,db_rescore,0,9810,0.9405940594059405
er4_m60_s6,er4,db_rescore,0,9860,0.9405940594059405
er4_m60_s6,er4,db_rescore,0,9910,0.9504950495049505
er4_m60_s6,er4,db_rescore,0,9960,0.9504950495049505
er4_m60_s6,er4,db_rescore,0,10010,0.9504950495049505
er4_m60_s6,er4,db_rescore,0,10060,0.9504950495049505
er4_m60_s6,er4,db_rescore,0,10110,0.9504950495049505
er4_m60_s6,er4,db_rescore,0,10160,0.9504950495049505
er4_m60_s6,er4,db_rescore,0,10210,0.9405940594059405
er4_m60_s6,er4,db_rescore,0,10260,0.9405940594059405
er4_m60_s6,er4,db_rescore,0,10310,0.9405940594059405
er4_m60_s6,er4,db_rescore,0,10360,0.9405940594059405
er4_m60_s6,er4,db_rescore,0,10410,0.9405940594059405
er4_m60_s6,er4,db_rescore,0,10460,0.9405940594059405
er4_m60_s6,er4,db_rescore,0,10510,0.9405940594059405
er4_m60_s6,er4,db_rescore,0,10560,0.9405940594059405
er4_m60_s6,er4,db_rescore,0,10610,0.9405940594059405
er4_m60_s6,er4,db_rescore,0,10660,0.9405940594059405
er4_m60_s6,er4,db_rescore,0,10710,0.9405940594059405
er4_m60_s6,er4,db_rescore,0,10760,0.9405940594059405
er4_m60_s6,er4,db_rescore,0,10810,0.9405940594059405
er4_m60_s6,er4,db_rescore,0,10860,0.9405940594059405
er4_m60_s6,er4,db_rescore,0,10910,0.9405940594059405
er4_m60_s6,er4,db_rescore,0,10960,0.9504950495049505
er4_m60_s6,er4,db_rescore,0,11010,0.9504950495049505
er4_m60_s6,er4,db_rescore,0,11060,0.9504950495049505
er4_m60_s6,er4,db_rescore,0,11110,0.9504950495049505
er4_m60_s6,er4,db_rescore,0,11160,0.9504950495049505
er4_m60_s6,er4,db_rescore,0,11210,0.9504950495049505
er4_m60_s6,er4,db_rescore,0,11260,0.9504950495049505
er4_m60_s6,er4,db_rescore,0,11310,0.9504950495049505
er4_m60_s6,er4,db_rescore,0,11360,0.9504950495049505
er4_m60_s6,er4,db_rescore,0,11410,0.9504950495049505
er4_m60_s6,er4,db_rescore,0,11460,0.9504950495049505
er4_m60_s6,er4,db_rescore,0,11510,0.9504950495049505
er4_m60_s6,er4,db_rescore,0,11560,0.9504950495049505
er4_m60_s6,er4,db_rescore,0,11610,0.9504950495049505
er4_m60_s6,er4,db_rescore,0,11660,0.9504950495049505
er4_m60_s6,er4,db_rescore,0,11710,0.9504950495049505
er4_m60_s6,er4,db_rescore,0,11760,0.9504950495049505
er4_m60_s6,er4,db_rescore,0,11810,0.9504950495049505
er4_m60_s6,er4,db_rescore,0,11860,0.9504950495049505
er4_m60_s6,er4,db_rescore,0,11910,0.9504950495049505
er4_m60_s6,er4,db_rescore,0,11960,0.9504950495049505
er4_m60_s6,er4,db_rescore,0,12010,0.9504950495049505
er4_m60_s6,er4,db_rescore,0,12060,0.9504950495049505
er4_m60_s6,er4,db_rescore,0,12110,0.9504950495049505
er4_m60_s6,er4,db_rescore,0,12160,0.9504950495049505
er4_m60_s6,er4,db_rescore,0,12210,0.9504950495049505
er4_m60_s6,er4,db_rescore,0,12260,0.9504950495049505
er4_m60_s6,er4,db_rescore,0,12310,0.9504950495049505
er4_m60_s6,er4,db_rescore,0,12360,0.9504950495049505
er4_m60_s6,er4,db_rescore,0,12410,0.9504950495049505
er4_m60_s6,er4,db_rescore,0,12460,0.9504950495049505
er4_m60_s6,er4,db_rescore,0,12510,0.9504950495049505
er4_m60_s6,er4,db_rescore,0,12560,0.9504950495049505
er4_m60_s6,er4,db_rescore,0,12610,0.9504950495049505
er4_m60_s6,er4,db_rescore,0,12660,0.9504950495049505
er4_m60_s6,er4,db_rescore,0,12710,0.9504950495049505
er4_m60_s6,er4,db_rescore,0,12760,0.9504950495049505
er4_m60_s6,er4,db_rescore,0,12810,0.9504950495049505
er4_m60_s6,er4,db_rescore,0,12860,0.9504950495049505
er4_m60_s6,er4,db_rescore,0,12910,0.9504950495049505
er4_m60_s6,er4,db_rescore,0,12960,0.9504950495049505
er4_m60_s6,er4,db_rescore,0,13010,0.9504950495049505
er4_m60_s6,er4,db_rescore,0,13060,0.9504950495049505
er4_m60_s6,er4,db_rescore,0,13110,0.9504950495049505
er4_m60_s6,er4,db_rescore,0,13160,0.9504950495049505
er4_m60_s6,er4,db_rescore,0,13210,0.9504950495049505
er4_m60_s6,er4,db_rescore,0,13260,0.9504950495049505
er4_m60_s6,er4,db_rescore,0,13310,0.9504950495049505
er4_m60_s6,er4,db_rescore,0,13360,0.9504950495049505
er4_m60_s6,er4,db_rescore,0,13410,0.9504950495049505
er4_m60_s6,er4,db_rescore,0,13460,0.9504950495049505
er4_m60_s6,er4,db_rescore,0,13510,0.9504950495049505
er4_m60_s6,er4,db_rescore,0,13560,0.9504950495049505
er4_m60_s6,er4,db_rescore,0,13610,0.9504950495049505
er4_m60_s6,er4,db_rescore,0,13660,0.9504950495049505
er4_m60_s6,er4,db_rescore,0,13710,0.9504950495049505
er4_m60_s6,er4,db_rescore,0,13760,0.9504950495049505
er4_m60_s6,er4,db_rescore,0,13810,0.9504950495049505
er4_m60_s6,er4,db_rescore,0,13860,0.9504950495049505
er4_m60_s6,er4,db_rescore,0,13910,0.9504950495049505
er4_m60_s6,er4,db_rescore,0,13960,0.9504950495049505
er4_m60_s6,er4,db_rescore,0,14010,0.9504950495049505
er4_m60_s6,er4,db_rescore,0,14060,0.9504950495049505
er4_m60_s6,er4,db_rescore,0,14110,0.9504950495049505
er4_m60_s6,er4,db_rescore,0,14160,0.9504950495049505
er4_m60_s6,er4,db_rescore,0,14210,0.9504950495049505
er4_m60_s6,er4,db_rescore,0,14260,0.9504950495049505
er4_m60_s6,er4,db_rescore,0,14310,0.9504950495049505
er4_m60_s6,er4,db_rescore,0,14360,0.9504950495049505
er4_m60_s6,er4,db_rescore,0,14410,0.9504950495049505
er4_m60_s6,er4,db_rescore,0,14460,0.9504950495049505
er4_m60_s6,er4,db_rescore,0,14510,0.9504950495049505
er4_m60_s6,er4,db_rescore,0,14560,0.9504950495049505
er4_m60_s6,er4,db_rescore,0,14610,0.9504950495049505
er4_m60_s6,er4,db_rescore,0,14660,0.9504950495049505
er4_m60_s6,er4,db_rescore,0,14710,0.9504950495049505
er4_m60_s6,er4,db_rescore,0,14760,0.9504950495049505
er4_m60_s6,er4,db_rescore,0,14810,0.9504950495049505
er4_m60_s6,er4,db_rescore,0,14860,0.9504950495049505
er4_m60_s6,er4,db_rescore,0,14910,0.9504950495049505
er4_m60_s6,er4,db_rescore,0,14960,0.9504950495049505
er4_m60_s6,er4,db_rescore,0,15010,0.9504950495049505
er4_m60_s6,er4,db_rescore,0,15060,0.9504950495049505
er4_m60_s6,er4,db_rescore,0,15110,0.9504950495049505
er4_m60_s6,er4,db_rescore,0,15160,0.9504950495049505
er4_m60_s6,er4,db_rescore,0,15210,0.9504950495049505
er4_m60_s6,er4,db_rescore,0,15260,0.9504950495049505
er4_m60_s6,er4,db_rescore,0,15310,0.9504950495049505
er4_m60_s6,er4,db_rescore,0,15360,0.9504950495049505
er4_m60_s6,er4,db_rescore,0,15410,0.9504950495049505
er4_m60_s6,er4,db_rescore,0,15460,0.9504950495049505
er4_m60_s6,er4,db_rescore,0,15510,0.9504950495049505
er4_m60_s6,er4,db_rescore,0,15560,0.9504950495049505
er4_m60_s6,er4,db_rescore,0,15610,0.9504950495049505
er4_m60_s6,er4,db_rescore,0,15660,0.9504950495049505
er4_m60_s6,er4,db_rescore,0,15710,0.9504950495049505
er4_m60_s6,er4,db_rescore,0,15760,0.9504950495049505
er4_m60_s6,er4,db_rescore,0,15810,0.9504950495049505
er4_m60_s6,er4,db_rescore,0,15860,0.9504950495049505
er4_m60_s6,er4,db_rescore,0,15910,0.9504950495049505
er4_m60_s6,er4,db_rescore,0,15960,0.9504950495049505
er4_m60_s6,er4,db_rescore,0,16010,0.9504950495049505
er4_m60_s6,er4,db_rescore,0,16060,0.9504950495049505
er4_m60_s6,er4,db_rescore,0,16110,0.9504950495049505
er4_m60_s6,er4,db_rescore,0,16160,0.9504950495049505
er4_m60_s6,er4,db_rescore,0,16210,0.9504950495049505
er4_m60_s6,er4,db_rescore,0,16260,0.9504950495049505
er4_m60_s6,er4,db_rescore,0,16310,0.9504950495049505
er4_m60_s6,er4,db_rescore,0,16360,0.9504950495049505
er4_m60_s6,er4,db_rescore,0,16410,0.9504950495049505
er4_m60_s6,er4,db_rescore,0,16460,0.9504950495049505
er4_m60_s6,er4,db_rescore,0,16510,0.9504950495049505
er4_m60_s6,er4,db_rescore,0,16560,0.9504950495049505
er4_m60_s6,er4,db_rescore,0,16610,0.9504950495049505
er4_m60_s6,er4,db_rescore,0,16660,0.9504950495049505
er4_m60_s6,er4,db_rescore,0,16710,0.9504950495049505
er4_m60_s6,er4,db_rescore,0,16760,0.9504950495049505
er4_m60_s6,er4,db_rescore,0,16810,0.9504950495049505
er4_m60_s6,er4,db_rescore,0,16860,0.9504950495049505
er4_m60_s6,er4,db_rescore,0,16910,0.9504950495049505
er4_m60_s6,er4,db_rescore,0,16960,0.9504950495049505
er4_m60_s6,er4,db_rescore,0,17010,0.9504950495049505
er4_m60_s6,er4,db_rescore,0,17060,0.9504950495049505
er4_m60_s6,er4,db_rescore,0,17110,0.9504950495049505
er4_m60_s6,er4,db_rescore,0,17160,0.9504950495049505
er4_m60_s6,er4,db_rescore,0,17210,0.9504950495049505
er4_m60_s6,er4,db_rescore,0,17260,0.9504950495049505
er4_m60_s6,er4,db_rescore,0,17310,0.9504950495049505
er4_m60_s6,er4,db_rescore,0,17360,0.9504950495049505
er4_m60_s6,er4,db_rescore,0,17410,0.9504950495049505
er4_m60_s6,er4,db_rescore,0,17460,0.9504950495049505
er4_m60_s6,er4,db_rescore,0,17510,0.9504950495049505
er4_m60_s6,er4,db_rescore,0,17560,0.9504950495049505
er4_m60_s6,er4,db_rescore,0,17610,0.9504950495049505
er4_m60_s6,er4,db_rescore,0,17660,0.9504950495049505
er4_m60_s6,er4,db_rescore,0,17710,0.9504950495049505
er4_m60_s6,er4,db_rescore,0,17760,0.9504950495049505
er4_m60_s6,er4,db_rescore,0,17810,0.9504950495049505
er4_m60_s6,er4,db_rescore,0,17860,0.9504950495049505
er4_m60_s6,er4,db_rescore,0,17910,0.9504950495049505
er4_m60_s6,er4,db_rescore,0,17960,0.9504950495049505
er4_m60_s6,er4,db_rescore,0,18010,0.9504950495049505
er4_m60_s6,er4,db_rescore,0,18060,0.9504950495049505
er4_m60_s6,er4,db_rescore,0,18110,0.9504950495049505
er4_m60_s6,er4,db_rescore,0,18160,0.9504950495049505
er4_m60_s6,er4,db_rescore,0,18210,0.9504950495049505
er4_m60_s6,er4,db_rescore,0,18260,0.9504950495049505
er4_m60_s6,er4,db_rescore,0,18310,0.9504950495049505
er4_m60_s6,er4,db_rescore,0,18360,0.9504950495049505
er4_m60_s6,er4,db_rescore,0,18410,0.9504950495049505
er4_m60_s6,er4,db_rescore,0,18460,0.9504950495049505
er4_m60_s6,er4,db_rescore,0,18510,0.9504950495049505
er4_m60_s6,er4,db_rescore,0,18560,0.9504950495049505
er4_m60_s6,er4,db_rescore,0,18610,0.9504950495049505
er4_m60_s6,er4,db_rescore,0,18660,0.9504950495049505
er4_m60_s6,er4,db_rescore,0,18710,0.9504950495049505
er4_m60_s6,er4,db_rescore,0,18760,0.9504950495049505
er4_m60_s6,er4,db_rescore,0,18810,0.9504950495049505
er4_m60_s6,er4,db_rescore,0,18860,0.9504950495049505
er4_m60_s6,er4,db_rescore,0,18910,0.9504950495049505
er4_m60_s6,er4,db_rescore,0,18960,0.9504950495049505
er4_m60_s6,er4,db_rescore,0,19010,0.9504950495049505
er4_m60_s6,er4,db_rescore,0,19060,0.9504950495049505
er4_m60_s6,er4,db_rescore,0,19110,0.9504950495049505
er4_m60_s6,er4,db_rescore,0,19160,0.9504950495049505
er4_m60_s6,er4,db_rescore,0,19210,0.9504950495049505
er4_m60_s6,er4,db_rescore,0,19260,0.9504950495049505
er4_m60_s6,er4,db_rescore,0,19310,0.9504950495049505
er4_m60_s6,er4,db_rescore,0,19360,0.9504950495049505
er4_m60_s6,er4,db_rescore,0,19410,0.9504950495049505
er4_m60_s6,er4,db_rescore,0,19460,0.9504950495049505
er4_m60_s6,er4,db_rescore,0,19510,0.9504950495049505
er4_m60_s6,er4,db_rescore,0,19560,0.9504950495049505
er4_m60_s6,er4,db_rescore,0,19610,0.9504950495049505
er4_m60_s6,er4,db_rescore,0,19660,0.9504950495049505
er4_m60_s6,er4,db_rescore,0,19710,0.9504950495049505
er4_m60_s6,er4,db_rescore,0,19760,0.9504950495049505
er4_m60_s6,er4,db_rescore,0,19810,0.9504950495049505
er4_m60_s6,er4,db_rescore,0,19860,0.9504950495049505
er4_m60_s6,er4,db_rescore,0,19910,0.9504950495049505
er4_m60_s6,er4,db_rescore,0,19960,0.9504950495049505
er4_m60_s6,er4,db_rescore,0,20010,0.9504950495049505
er4_m60_s6,er4,cold,1,10,0.6831683168316832
er4_m60_s6,er4,cold,1,60,0.7227722772277227
er4_m60_s6,er4,cold,1,110,0.7227722772277227
er4_m60_s6,er4,cold,1,160,0.7128712871287128
er4_m60_s6,er4,cold,1,210,0.7425742574257426
er4_m60_s6,er4,cold,1,260,0.7425742574257426
er4_m60_s6,er4,cold,1,310,0.7425742574257426
er4_m60_s6,er4,cold,1,360,0.7623762376237624
er4_m60_s6,er4,cold,1,410,0.7821782178217822
er4_m60_s6,er4,cold,1,460,0.7821782178217822
er4_m60_s6,er4,cold,1,510,0.7821782178217822
er4_m60_s6,er4,cold,1,560,0.7920792079207921
er4_m60_s6,er4,cold,1,610,0.7920792079207921
er4_m60_s6,er4,cold,1,660,0.7920792079207921
er4_m60_s6,er4,cold,1,710,0.7920792079207921
er4_m60_s6,er4,cold,1,760,0.8217821782178217
er4_m60_s6,er4,cold,1,810,0.8217821782178217
er4_m60_s6,er4,cold,1,860,0.8217821782178217
er4_m60_s6,er4,cold,1,910,0.8217821782178217
er4_m60_s6,er4,cold,1,960,0.8217821782178217
er4_m60_s6,er4,cold,1,1010,0.8217821782178217
er4_m60_s6,er4,cold,1,1060,0.8217821782178217
er4_m60_s6,er4,cold,1,1110,0.8217821782178217
er4_m60_s6,er4,cold,1,1160,0.8217821782178217
er4_m60_s6,er4,cold,1,1210,0.8118811881188119
er4_m60_s6,er4,cold,1,1260,0.8118811881188119
er4_m60_s6,er4,cold,1,1310,0.8118811881188119
er4_m60_s6,er4,cold,1,1360,0.8316831683168316
er4_m60_s6,er4,cold,1,1410,0.8316831683168316
er4_m60_s6,er4,cold,1,1460,0.8316831683168316
er4_m60_s6,er4,cold,1,1510,0.8316831683168316
er4_m60_s6,er4,cold,1,1560,0.8316831683168316
er4_m60_s6,er4,cold,1,1610,0.8316831683168316
er4_m60_s6,er4,cold,1,1660,0.8316831683168316
er4_m60_s6,er4,cold,1,1710,0.8316831683168316
er4_m60_s6,er4,cold,1,1760,0.8316831683168316
er4_m60_s6,er4,cold,1,1810,0.8316831683168316
er4_m60_s6,er4,cold,1,1860,0.8316831683168316
er4_m60_s6,er4,cold,1,1910,0.8415841584158416
er4_m60_s6,er4,cold,1,1960,0.8415841584158416
er4_m60_s6,er4,cold,1,2010,0.8415841584158416
er4_m60_s6,er4,cold,1,2060,0.8415841584158416
er4_m60_s6,er4,cold,1,2110,0.8514851485148515
er4_m60_s6,er4,cold,1,2160,0.8514851485148515
er4_m60_s6,er4,cold,1,2210,0.8613861386138614
er4_m60_s6,er4,cold,1,2260,0.8613861386138614
er4_m60_s6,er4,cold,1,2310,0.8613861386138614
er4_m60_s6,er4,cold,1,2360,0.8613861386138614
er4_m60_s6,er4,cold,1,2410,0.8613861386138614
er4_m60_s6,er4,cold,1,2460,0.8613861386138614
er4_m60_s6,er4,cold,1,2510,0.8613861386138614
er4_m60_s6,er4,cold,1,2560,0.8613861386138614
er4_m60_s6,er4,cold,1,2610,0.8613861386138614
er4_m60_s6,er4,cold,1,2660,0.8613861386138614
er4_m60_s6,er4,cold,1,2710,0.8613861386138614
er4_m60_s6,er4,cold,1,2760,0.8613861386138614
er4_m60_s6,er4,cold,1,2810,0.8613861386138614
er4_m60_s6,er4,cold,1,2860,0.8613861386138614
er4_m60_s6,er4,cold,1,2910,0.8613861386138614
er4_m60_s6,er4,cold,1,2960,0.8613861386138614
er4_m60_s6,er4,cold,1,3010,0.8613861386138614
er4_m60_s6,er4,cold,1,3060,0.8613861386138614
er4_m60_s6,er4,cold,1,3110,0.8613861386138614
er4_m60_s6,er4,cold,1,3160,0.8613861386138614
er4_m60_s6,er4,cold,1,3210,0.8613861386138614
er4_m60_s6,er4,cold,1,3260,0.8613861386138614
er4_m60_s6,er4,cold,1,3310,0.8613861386138614
er4_m60_s6,er4,cold,1,3360,0.8613861386138614
er4_m60_s6,er4,cold,1,3410,0.8613861386138614
er4_m60_s6,er4,cold,1,3460,0.8613861386138614
er4_m60_s6,er4,cold,1,3510,0.8613861386138614
er4_m60_s6,er4,cold,1,3560,0.8613861386138614
er4_m60_s6,er4,cold,1,3610,0.8613861386138614
er4_m60_s6,er4,cold,1,3660,0.8613861386138614
er4_m60_s6,er4,cold,1,3710,0.8613861386138614
er4_m60_s6,er4,cold,1,3760,0.8613861386138614
er4_m60_s6,er4,cold,1,3810,0.8613861386138614
er4_m60_s6,er4,cold,1,3860,0.8613861386138614
er4_m60_s6,er4,cold,1,3910,0.8613861386138614
er4_m60_s6,er4,cold,1,3960,0.8613861386138614
er4_m60_s6,er4,cold,1,4010,0.8613861386138614
er4_m60_s6,er4,cold,1,4060,0.8613861386138614
er4_m60_s6,er4,cold,1,4110,0.8613861386138614
er4_m60_s6,er4,cold,1,4160,0.8613861386138614
er4_m60_s6,er4,cold,1,4210,0.8613861386138614
er4_m60_s6,er4,cold,1,4260,0.8613861386138614
er4_m60_s6,er4,cold,1,4310,0.8613861386138614
er4_m60_s6,er4,cold,1,4360,0.8613861386138614
er4_m60_s6,er4,cold,1,4410,0.8613861386138614
er4_m60_s6,er4,cold,1,4460,0.8613861386138614
er4_m60_s6,er4,cold,1,4510,0.8613861386138614
er4_m60_s6,er4,cold,1,4560,0.8613861386138614
er4_m60_s6,er4,cold,1,4610,0.8613861386138614
er4_m60_s6,er4,cold,1,4660,0.8613861386138614
er4_m60_s6,er4,cold,1,4710,0.8613861386138614
er4_m60_s6,er4,cold,1,4760,0.8613861386138614
er4_m60_s6,er4,cold,1,4810,0.8613861386138614
er4_m60_s6,er4,cold,1,4860,0.8613861386138614
er4_m60_s6,er4,cold,1,4910,0.8613861386138614
er4_m60_s6,er4,cold,1,4960,0.8613861386138614
er4_m60_s6,er4,cold,1,5010,0.8613861386138614
er4_m60_s6,er4,cold,1,5060,0.8613861386138614
er4_m60_s6,er4,cold,1,5110,0.8613861386138614
er4_m60_s6,er4,cold,1,5160,0.8613861386138614
er4_m60_s6,er4,cold,1,5210,0.8613861386138614
er4_m60_s6,er4,cold,1,5260,0.8613861386138614
er4_m60_s6,er4,cold,1,5310,0.8613861386138614
er4_m60_s6,er4,cold,1,5360,0.8613861386138614
er4_m60_s6,er4,cold,1,5410,0.8613861386138614
er4_m60_s6,er4,cold,1,5460,0.8613861386138614
er4_m60_s6,er4,cold,1,5510,0.8613861386138614
er4_m60_s6,er4,cold,1,5560,0.8613861386138614
er4_m60_s6,er4,cold,1,5610,0.8613861386138614
er4_m60_s6,er4,cold,1,5660,0.8613861386138614
er4_m60_s6,er4,cold,1,5710,0.8613861386138614
er4_m60_s6,er4,cold,1,5760,0.8613861386138614
er4_m60_s6,er4,cold,1,5810,0.8613861386138614
er4_m60_s6,er4,cold,1,5860,0.8613861386138614
er4_m60_s6,er4,cold,1,5910,0.8613861386138614
er4_m60_s6,er4,cold,1,5960,0.8613861386138614
er4_m60_s6,er4,cold,1,6010,0.8613861386138614
er4_m60_s6,er4,cold,1,6060,0.8613861386138614
er4_m60_s6,er4,cold,1,6110,0.8613861386138614
er4_m60_s6,er4,cold,1,6160,0.8613861386138614
er4_m60_s6,er4,cold,1,6210,0.8613861386138614
er4_m60_s6,er4,cold,1,6260,0.8613861386138614
er4_m60_s6,er4,cold,1,6310,0.8613861386138614
er4_m60_s6,er4,cold,1,6360,0.8613861386138614
er4_m60_s6,er4,cold,1,6410,0.8613861386138614
er4_m60_s6,er4,cold,1,6460,0.8613861386138614
er4_m60_s6,er4,cold,1,6510,0.8613861386138614
er4_m60_s6,er4,cold,1,6560,0.8613861386138614
er4_m60_s6,er4,cold,1,6610,0.8613861386138614
er4_m60_s6,er4,cold,1,6660,0.8613861386138614
er4_m60_s6,er4,cold,1,6710,0.8613861386138614
er4_m60_s6,er4,cold,1,6760,0.8613861386138614
er4_m60_s6,er4,cold,1,6810,0.8613861386138614
er4_m60_s6,er4,cold,1,6860,0.8613861386138614
er4_m60_s6,er4,cold,1,6910,0.8613861386138614
er4_m60_s6,er4,cold,1,6960,0.8613861386138614
er4_m60_s6,er4,cold,1,7010,0.8613861386138614
er4_m60_s6,er4,cold,1,7060,0.8613861386138614
er4_m60_s6,er4,cold,1,7110,0.8613861386138614
er4_m60_s6,er4,cold,1,7160,0.8613861386138614
er4_m60_s6,er4,cold,1,7210,0.8613861386138614
er4_m60_s6,er4,cold,1,7260,0.8613861386138614
er4_m60_s6,er4,cold,1,7310,0.8613861386138614
er4_m60_s6,er4,cold,1,7360,0.8613861386138614
er4_m60_s6,er4,cold,1,7410,0.8613861386138614
er4_m60_s6,er4,cold,1,7460,0.8613861386138614
er4_m60_s6,er4,cold,1,7510,0.8613861386138614
er4_m60_s6,er4,cold,1,7560,0.8613861386138614
er4_m60_s6,er4,cold,1,7610,0.8613861386138614
er4_m60_s6,er4,cold,1,7660,0.8613861386138614
er4_m60_s6,er4,cold,1,7710,0.8613861386138614
er4_m60_s6,er4,cold,1,7760,0.8613861386138614
er4_m60_s6,er4,cold,1,7810,0.8613861386138614
er4_m60_s6,er4,cold,1,7860,0.8613861386138614
er4_m60_s6,er4,cold,1,7910,0.8613861386138614
er4_m60_s6,er4,cold,1,7960,0.8613861386138614
er4_m60_s6,er4,cold,1,8010,0.8613861386138614
er4_m60_s6,er4,cold,1,8060,0.8613861386138614
er4_m60_s6,er4,cold,1,8110,0.8613861386138614
er4_m60_s6,er4,cold,1,8160,0.8613861386138614
er4_m60_s6,er4,cold,1,8210,0.8613861386138614
er4_m60_s6,er4,cold,1,8260,0.8613861386138614
er4_m60_s6,er4,cold,1,8310,0.8613861386138614
er4_m60_s6,er4,cold,1,8360,0.8613861386138614
er4_m60_s6,er4,cold,1,8410,0.8613861386138614
er4_m60_s6,er4,cold,1,8460,0.8613861386138614
er4_m60_s6,er4,cold,1,8510,0.8613861386138614
er4_m60_s6,er4,cold,1,8560,0.8613861386138614
er4_m60_s6,er4,cold,1,8610,0.8613861386138614
er4_m60_s6,er4,cold,1,8660,0.8613861386138614
er4_m60_s6,er4,cold,1,8710,0.8613861386138614
er4_m60_s6,er4,cold,1,8760,0.8613861386138614
er4_m60_s6,er4,cold,1,8810,0.8613861386138614
er4_m60_s6,er4,cold,1,8860,0.8613861386138614
er4_m60_s6,er4,cold,1,8910,0.8613861386138614
er4_m60_s6,er4,cold,1,8960,0.8613861386138614
er4_m60_s6,er4,cold,1,9010,0.8613861386138614
er4_m60_s6,er4,cold,1,9060,0.8613861386138614
er4_m60_s6,er4,cold,1,9110,0.8613861386138614
er4_m60_s6,er4,cold,1,9160,0.8613861386138614
er4_m60_s6,er4,cold,1,9210,0.8613861386138614
er4_m60_s6,er4,cold,1,9260,0.8613861386138614
er4_m60_s6,er4,cold,1,9310,0.8613861386138614
er4_m60_s6,er4,cold,1,9360,0.8613861386138614
er4_m60_s6,er4,cold,1,9410,0.8613861386138614
er4_m60_s6,er4,cold,1,9460,0.8613861386138614
er4_m60_s6,er4,cold,1,9510,0.8613861386138614
er4_m60_s6,er4,cold,1,9560,0.8613861386138614
er4_m60_s6,er4,cold,1,9610,0.8613861386138614
er4_m60_s6,er4,cold,1,9660,0.8613861386138614
er4_m60_s6,er4,cold,1,9710,0.8613861386138614
er4_m60_s6,er4,cold,1,9760,0.8613861386138614
er4_m60_s6,er4,cold,1,9810,0.8613861386138614
er4_m60_s6,er4,cold,1,9860,0.8613861386138614
er4_m60_s6,er4,cold,1,9910,0.8613861386138614
er4_m60_s6,er4,cold,1,9960,0.8613861386138614
er4_m60_s6,er4,cold,1,10010,0.8613861386138614
er4_m60_s6,er4,cold,1,10060,0.8613861386138614
er4_m60_s6,er4,cold,1,10110,0.8613861386138614
er4_m60_s6,er4,cold,1,10160,0.8613861386138614
er4_m60_s6,er4,cold,1,10210,0.8613861386138614
er4_m60_s6,er4,cold,1,10260,0.8613861386138614
er4_m60_s6,er4,cold,1,10310,0.8613861386138614
er4_m60_s6,er4,cold,1,10360,0.8613861386138614
er4_m60_s6,er4,cold,1,10410,0.8613861386138614
er4_m60_s6,er4,cold,1,10460,0.8613861386138614
er4_m60_s6,er4,cold,1,10510,0.8613861386138614
er4_m60_s6,er4,cold,1,10560,0.8613861386138614
er4_m60_s6,er4,cold,1,10610,0.8613861386138614
er4_m60_s6,er4,cold,1,10660,0.8613861386138614
er4_m60_s6,er4,cold,1,10710,0.8613861386138614
er4_m60_s6,er4,cold,1,10760,0.8613861386138614
er4_m60_s6,er4,cold,1,10810,0.8613861386138614
er4_m60_s6,er4,cold,1,10860,0.8613861386138614
er4_m60_s6,er4,cold,1,10910,0.8613861386138614
er4_m60_s6,er4,cold,1,10960,0.8613861386138614
er4_m60_s6,er4,cold,1,11010,0.8613861386138614
er4_m60_s6,er4,cold,1,11060,0.8613861386138614
er4_m60_s6,er4,cold,1,11110,0.8613861386138614
er4_m60_s6,er4,cold,1,11160,0.8613861386138614
er4_m60_s6,er4,cold,1,11210,0.8613861386138614
er4_m60_s6,er4,cold,1,11260,0.8613861386138614
er4_m60_s6,er4,cold,1,11310,0.8613861386138614
er4_m60_s6,er4,cold,1,11360,0.8613861386138614
er4_m60_s6,er4,cold,1,11410,0.8613861386138614
er4_m60_s6,er4,cold,1,11460,0.8613861386138614
er4_m60_s6,er4,cold,1,11510,0.8613861386138614
er4_m60_s6,er4,cold,1,11560,0.8613861386138614
er4_m60_s6,er4,cold,1,11610,0.8613861386138614
er4_m60_s6,er4,cold,1,11660,0.8613861386138614
er4_m60_s6,er4,cold,1,11710,0.8613861386138614
er4_m60_s6,er4,cold,1,11760,0.8613861386138614
er4_m60_s6,er4,cold,1,11810,0.8613861386138614
er4_m60_s6,er4,cold,1,11860,0.8613861386138614
er4_m60_s6,er4,cold,1,11910,0.8613861386138614
er4_m60_s6,er4,cold,1,11960,0.8613861386138614
er4_m60_s6,er4,cold,1,12010,0.8613861386138614
er4_m60_s6,er4,cold,1,12060,0.8613861386138614
er4_m60_s6,er4,cold,1,12110,0.8613861386138614
er4_m60_s6,er4,cold,1,12160,0.8613861386138614
er4_m60_s6,er4,cold,1,12210,0.8613861386138614
er4_m60_s6,er4,cold,1,12260,0.8613861386138614
er4_m60_s6,er4,cold,1,12310,0.8613861386138614
er4_m60_s6,er4,cold,1,12360,0.8613861386138614
er4_m60_s6,er4,cold,1,12410,0.8613861386138614
er4_m60_s6,er4,cold,1,12460,0.8613861386138614
er4_m60_s6,er4,cold,1,12510,0.8613861386138614
er4_m60_s6,er4,cold,1,12560,0.8613861386138614
er4_m60_s6,er4,cold,1,12610,0.8613861386138614
er4_m60_s6,er4,cold,1,12660,0.8613861386138614
er4_m60_s6,er4,cold,1,12710,0.8613861386138614
er4_m60_s6,er4,cold,1,12760,0.8613861386138614
er4_m60_s6,er4,cold,1,12810,0.8613861386138614
er4_m60_s6,er4,cold,1,12860,0.8613861386138614
er4_m60_s6,er4,cold,1,12910,0.8613861386138614
er4_m60_s6,er4,cold,1,12960,0.8613861386138614
er4_m60_s6,er4,cold,1,13010,0.8613861386138614
er4_m60_s6,er4,cold,1,13060,0.8613861386138614
er4_m60_s6,er4,cold,1,13110,0.8613861386138614
er4_m60_s6,er4,cold,1,13160,0.8613861386138614
er4_m60_s6,er4,cold,1,13210,0.8613861386138614
er4_m60_s6,er4,cold,1,13260,0.8613861386138614
er4_m60_s6,er4,cold,1,13310,0.8613861386138614
er4_m60_s6,er4,cold,1,13360,0.8613861386138614
er4_m60_s6,er4,cold,1,13410,0.8613861386138614
er4_m60_s6,er4,cold,1,13460,0.8613861386138614
er4_m60_s6,er4,cold,1,13510,0.8613861386138614
er4_m60_s6,er4,cold,1,13560,0.8613861386138614
er4_m60_s6,er4,cold,1,13610,0.8613861386138614
er4_m60_s6,er4,cold,1,13660,0.8613861386138614
er4_m60_s6,er4,cold,1,13710,0.8613861386138614
er4_m60_s6,er4,cold,1,13760,0.8613861386138614
er4_m60_s6,er4,cold,1,13810,0.8613861386138614
er4_m60_s6,er4,cold,1,13860,0.8613861386138614
er4_m60_s6,er4,cold,1,13910,0.8613861386138614
er4_m60_s6,er4,cold,1,13960,0.8613861386138614
er4_m60_s6,er4,cold,1,14010,0.8613861386138614
er4_m60_s6,er4,cold,1,14060,0.8613861386138614
er4_m60_s6,er4,cold,1,14110,0.8613861386138614
er4_m60_s6,er4,cold,1,14160,0.8613861386138614
er4_m60_s6,er4,cold,1,14210,0.8613861386138614
er4_m60_s6,er4,cold,1,14260,0.8613861386138614
er4_m60_s6,er4,cold,1,14310,0.8613861386138614
er4_m60_s6,er4,cold,1,14360,0.8613861386138614
er4_m60_s6,er4,cold,1,14410,0.8613861386138614
er4_m60_s6,er4,cold,1,14460,0.8613861386138614
er4_m60_s6,er4,cold,1,14510,0.8613861386138614
er4_m60_s6,er4,cold,1,14560,0.8613861386138614
er4_m60_s6,er4,cold,1,14610,0.8613861386138614
er4_m60_s6,er4,cold,1,14660,0.8613861386138614
er4_m60_s6,er4,cold,1,14710,0.8613861386138614
er4_m60_s6,er4,cold,1,14760,0.8613861386138614
er4_m60_s6,er4,cold,1,14810,0.8613861386138614
er4_m60_s6,er4,cold,1,14860,0.8613861386138614
er4_m60_s6,er4,cold,1,14910,0.8613861386138614
er4_m60_s6,er4,cold,1,14960,0.8613861386138614
er4_m60_s6,er4,cold,1,15010,0.8613861386138614
er4_m60_s6,er4,cold,1,15060,0.8613861386138614
er4_m60_s6,er4,cold,1,15110,0.8613861386138614
er4_m60_s6,er4,cold,1,15160,0.8613861386138614
er4_m60_s6,er4,cold,1,15210,0.8613861386138614
er4_m60_s6,er4,cold,1,15260,0.8613861386138614
er4_m60_s6,er4,cold,1,15310,0.8613861386138614
er4_m60_s6,er4,cold,1,15360,0.8613861386138614
er4_m60_s6,er4,cold,1,15410,0.8613861386138614
er4_m60_s6,er4,cold,1,15460,0.8613861386138614
er4_m60_s6,er4,cold,1,15510,0.8613861386138614
er4_m60_s6,er4,cold,1,15560,0.8613861386138614
er4_m60_s6,er4,cold,1,15610,0.8613861386138614
er4_m60_s6,er4,cold,1,15660,0.8613861386138614
er4_m60_s6,er4,cold,1,15710,0.8613861386138614
er4_m60_s6,er4,cold,1,15760,0.8613861386138614
er4_m60_s6,er4,cold,1,15810,0.8613861386138614
er4_m60_s6,er4,cold,1,15860,0.8613861386138614
er4_m60_s6,er4,cold,1,15910,0.8613861386138614
er4_m60_s6,er4,cold,1,15960,0.8613861386138614
er4_m60_s6,er4,cold,1,16010,0.8613861386138614
er4_m60_s6,er4,cold,1,16060,0.8613861386138614
er4_m60_s6,er4,cold,1,16110,0.8613861386138614
er4_m60_s6,er4,cold,1,16160,0.8613861386138614
er4_m60_s6,er4,cold,1,16210,0.8613861386138614
er4_m60_s6,er4,cold,1,16260,0.8613861386138614
er4_m60_s6,er4,cold,1,16310,0.8613861386138614
er4_m60_s6,er4,cold,1,16360,0.8613861386138614
er4_m60_s6,er4,cold,1,16410,0.8613861386138614
er4_m60_s6,er4,cold,1,16460,0.8613861386138614
er4_m60_s6,er4,cold,1,16510,0.8613861386138614
er4_m60_s6,er4,cold,1,16560,0.8613861386138614
er4_m60_s6,er4,cold,1,16610,0.8613861386138614
er4_m60_s6,er4,cold,1,16660,0.8613861386138614
er4_m60_s6,er4,cold,1,16710,0.8613861386138614
er4_m60_s6,er4,cold,1,16760,0.8613861386138614
er4_m60_s6,er4,cold,1,16810,0.8613861386138614
er4_m60_s6,er4,cold,1,16860,0.8613861386138614
er4_m60_s6,er4,cold,1,16910,0.8613861386138614
er4_m60_s6,er4,cold,1,16960,0.8613861386138614
er4_m60_s6,er4,cold,1,17010,0.8613861386138614
er4_m60_s6,er4,cold,1,17060,0.8613861386138614
er4_m60_s6,er4,cold,1,17110,0.8613861386138614
er4_m60_s6,er4,cold,1,17160,0.8613861386138614
er4_m60_s6,er4,cold,1,17210,0.8613861386138614
er4_m60_s6,er4,cold,1,17260,0.8613861386138614
er4_m60_s6,er4,cold,1,17310,0.8613861386138614
er4_m60_s6,er4,cold,1,17360,0.8613861386138614
er4_m60_s6,er4,cold,1,17410,0.8613861386138614
er4_m60_s6,er4,cold,1,17460,0.8613861386138614
er4_m60_s6,er4,cold,1,17510,0.8613861386138614
er4_m60_s6,er4,cold,1,17560,0.8613861386138614
er4_m60_s6,er4,cold,1,17610,0.8613861386138614
er4_m60_s6,er4,cold,1,17660,0.8613861386138614
er4_m60_s6,er4,cold,1,17710,0.8613861386138614
er4_m60_s6,er4,cold,1,17760,0.8613861386138614
er4_m60_s6,er4,cold,1,17810,0.8613861386138614
er4_m60_s6,er4,cold,1,17860,0.8613861386138614
er4_m60_s6,er4,cold,1,17910,0.8613861386138614
er4_m60_s6,er4,cold,1,17960,0.8613861386138614
er4_m60_s6,er4,cold,1,18010,0.8613861386138614
er4_m60_s6,er4,cold,1,18060,0.8613861386138614
er4_m60_s6,er4,cold,1,18110,0.8613861386138614
er4_m60_s6,er4,cold,1,18160,0.8613861386138614
er4_m60_s6,er4,cold,1,18210,0.8613861386138614
er4_m60_s6,er4,cold,1,18260,0.8613861386138614
er4_m60_s6,er4,cold,1,18310,0.8613861386138614
er4_m60_s6,er4,cold,1,18360,0.8613861386138614
er4_m60_s6,er4,cold,1,18410,0.8613861386138614
er4_m60_s6,er4,cold,1,18460,0.8613861386138614
er4_m60_s6,er4,cold,1,18510,0.8613861386138614
er4_m60_s6,er4,cold,1,18560,0.8613861386138614
er4_m60_s6,er4,cold,1,18610,0.8613861386138614
er4_m60_s6,er4,cold,1,18660,0.8613861386138614
er4_m60_s6,er4,cold,1,18710,0.8613861386138614
er4_m60_s6,er4,cold,1,18760,0.8613861386138614
er4_m60_s6,er4,cold,1,18810,0.8613861386138614
er4_m60_s6,er4,cold,1,18860,0.8613861386138614
er4_m60_s6,er4,cold,1,18910,0.8613861386138614
er4_m60_s6,er4,cold,1,18960,0.8613861386138614
er4_m60_s6,er4,cold,1,19010,0.8613861386138614
er4_m60_s6,er4,cold,1,19060,0.8613861386138614
er4_m60_s6,er4,cold,1,19110,0.8613861386138614
er4_m60_s6,er4,cold,1,19160,0.8613861386138614
er4_m60_s6,er4,cold,1,19210,0.8613861386138614
er4_m60_s6,er4,cold,1,19260,0.8613861386138614
er4_m60_s6,er4,cold,1,19310,0.8613861386138614
er4_m60_s6,er4,cold,1,19360,0.8613861386138614
er4_m60_s6,er4,cold,1,19410,0.8613861386138614
er4_m60_s6,er4,cold,1,19460,0.8613861386138614
er4_m60_s6,er4,cold,1,19510,0.8613861386138614
er4_m60_s6,er4,cold,1,19560,0.8613861386138614
er4_m60_s6,er4,cold,1,19610,0.8613861386138614
er4_m60_s6,er4,cold,1,19660,0.8613861386138614
er4_m60_s6,er4,cold,1,19710,0.8613861386138614
er4_m60_s6,er4,cold,1,19760,0.8613861386138614
er4_m60_s6,er4,cold,1,19810,0.8613861386138614
er4_m60_s6,er4,cold,1,19860,0.8613861386138614
er4_m60_s6,er4,cold,1,19910,0.8613861386138614
er4_m60_s6,er4,cold,1,19960,0.8613861386138614
er4_m60_s6,er4,cold,1,20010,0.8613861386138614
er4_m60_s6,er4,prior_init,1,210,0.7227722772277227
er4_m60_s6,er4,prior_init,1,260,0.7227722772277227
er4_m60_s6,er4,prior_init,1,310,0.7425742574257426
er4_m60_s6,er4,prior_init,1,360,0.7425742574257426
er4_m60_s6,er4,prior_init,1,410,0.7623762376237624
er4_m60_s6,er4,prior_init,1,460,0.801980198019802
er4_m60_s6,er4,prior_init,1,510,0.801980198019802
er4_m60_s6,er4,prior_init,1,560,0.801980198019802
er4_m60_s6,er4,prior_init,1,610,0.801980198019802
er4_m60_s6,er4,prior_init,1,660,0.801980198019802
er4_m60_s6,er4,prior_init,1,710,0.801980198019802
er4_m60_s6,er4,prior_init,1,760,0.801980198019802
er4_m60_s6,er4,prior_init,1,810,0.801980198019802
er4_m60_s6,er4,prior_init,1,860,0.801980198019802
er4_m60_s6,er4,prior_init,1,910,0.7920792079207921
er4_m60_s6,er4,prior_init,1,960,0.7920792079207921
er4_m60_s6,er4,prior_init,1,1010,0.8118811881188119
er4_m60_s6,er4,prior_init,1,1060,0.8118811881188119
er4_m60_s6,er4,prior_init,1,1110,0.8118811881188119
er4_m60_s6,er4,prior_init,1,1160,0.8118811881188119
er4_m60_s6,er4,prior_init,1,1210,0.8118811881188119
er4_m60_s6,er4,prior_init,1,1260,0.8118811881188119
er4_m60_s6,er4,prior_init,1,1310,0.801980198019802
er4_m60_s6,er4,prior_init,1,1360,0.8118811881188119
er4_m60_s6,er4,prior_init,1,1410,0.8118811881188119
er4_m60_s6,er4,prior_init,1,1460,0.8118811881188119
er4_m60_s6,er4,prior_init,1,1510,0.8118811881188119
er4_m60_s6,er4,prior_init,1,1560,0.8316831683168316
er4_m60_s6,er4,prior_init,1,1610,0.8316831683168316
er4_m60_s6,er4,prior_init,1,1660,0.8316831683168316
er4_m60_s6,er4,prior_init,1,1710,0.8316831683168316
er4_m60_s6,er4,prior_init,1,1760,0.8316831683168316
er4_m60_s6,er4,prior_init,1,1810,0.8316831683168316
er4_m60_s6,er4,prior_init,1,1860,0.8316831683168316
er4_m60_s6,er4,prior_init,1,1910,0.8316831683168316
er4_m60_s6,er4,prior_init,1,1960,0.8316831683168316
er4_m60_s6,er4,prior_init,1,2010,0.8316831683168316
er4_m60_s6,er4,prior_init,1,2060,0.8316831683168316
er4_m60_s6,er4,prior_init,1,2110,0.8316831683168316
er4_m60_s6,er4,prior_init,1,2160,0.8316831683168316
er4_m60_s6,er4,prior_init,1,2210,0.8316831683168316
er4_m60_s6,er4,prior_init,1,2260,0.8316831683168316
er4_m60_s6,er4,prior_init,1,2310,0.8316831683168316
er4_m60_s6,er4,prior_init,1,2360,0.8316831683168316
er4_m60_s6,er4,prior_init,1,2410,0.8316831683168316
er4_m60_s6,er4,prior_init,1,2460,0.8316831683168316
er4_m60_s6,er4,prior_init,1,2510,0.8514851485148515
er4_m60_s6,er4,prior_init,1,2560,0.8514851485148515
er4_m60_s6,er4,prior_init,1,2610,0.8514851485148515
er4_m60_s6,er4,prior_init,1,2660,0.8514851485148515
er4_m60_s6,er4,prior_init,1,2710,0.8514851485148515
er4_m60_s6,er4,prior_init,1,2760,0.8514851485148515
er4_m60_s6,er4,prior_init,1,2810,0.8514851485148515
er4_m60_s6,er4,prior_init,1,2860,0.8514851485148515
er4_m60_s6,er4,prior_init,1,2910,0.8514851485148515
er4_m60_s6,er4,prior_init,1,2960,0.8514851485148515
er4_m60_s6,er4,prior_init,1,3010,0.8514851485148515
er4_m60_s6,er4,prior_init,1,3060,0.8514851485148515
er4_m60_s6,er4,prior_init,1,3110,0.8514851485148515
er4_m60_s6,er4,prior_init,1,3160,0.8514851485148515
er4_m60_s6,er4,prior_init,1,3210,0.8514851485148515
er4_m60_s6,er4,prior_init,1,3260,0.8514851485148515
er4_m60_s6,er4,prior_init,1,3310,0.8514851485148515
er4_m60_s6,er4,prior_init,1,3360,0.8514851485148515
er4_m60_s6,er4,prior_init,1,3410,0.8514851485148515
er4_m60_s6,er4,prior_init,1,3460,0.8514851485148515
er4_m60_s6,er4,prior_init,1,3510,0.8514851485148515
er4_m60_s6,er4,prior_init,1,3560,0.8514851485148515
er4_m60_s6,er4,prior_init,1,3610,0.8514851485148515
er4_m60_s6,er4,prior_init,1,3660,0.8514851485148515
er4_m60_s6,er4,prior_init,1,3710,0.8514851485148515
er4_m60_s6,er4,prior_init,1,3760,0.8613861386138614
er4_m60_s6,er4,prior_init,1,3810,0.8613861386138614
er4_m60_s6,er4,prior_init,1,3860,0.8613861386138614
er4_m60_s6,er4,prior_init,1,3910,0.8613861386138614
er4_m60_s6,er4,prior_init,1,3960,0.8613861386138614
er4_m60_s6,er4,prior_init,1,4010,0.8613861386138614
er4_m60_s6,er4,prior_init,1,4060,0.8613861386138614
er4_m60_s6,er4,prior_init,1,4110,0.8613861386138614
er4_m60_s6,er4,prior_init,1,4160,0.8613861386138614
er4_m60_s6,er4,prior_init,1,4210,0.8613861386138614
er4_m60_s6,er4,prior_init,1,4260,0.8613861386138614
er4_m60_s6,er4,prior_init,1,4310,0.8613861386138614
er4_m60_s6,er4,prior_init,1,4360,0.8613861386138614
er4_m60_s6,er4,prior_init,1,4410,0.8613861386138614
er4_m60_s6,er4,prior_init,1,4460,0.8613861386138614
er4_m60_s6,er4,prior_init,1,4510,0.8613861386138614
er4_m60_s6,er4,prior_init,1,4560,0.8613861386138614
er4_m60_s6,er4,prior_init,1,4610,0.8613861386138614
er4_m60_s6,er4,prior_init,1,4660,0.8613861386138614
er4_m60_s6,er4,prior_init,1,4710,0.8613861386138614
er4_m60_s6,er4,prior_init,1,4760,0.8613861386138614
er4_m60_s6,er4,prior_init,1,4810,0.8613861386138614
er4_m60_s6,er4,prior_init,1,4860,0.8613861386138614
er4_m60_s6,er4,prior_init,1,4910,0.8613861386138614
er4_m60_s6,er4,prior_init,1,4960,0.8613861386138614
er4_m60_s6,er4,prior_init,1,5010,0.8613861386138614
er4_m60_s6,er4,prior_init,1,5060,0.8613861386138614
er4_m60_s6,er4,prior_init,1,5110,0.8613861386138614
er4_m60_s6,er4,prior_init,1,5160,0.8613861386138614
er4_m60_s6,er4,prior_init,1,5210,0.8613861386138614
er4_m60_s6,er4,prior_init,1,5260,0.8613861386138614
er4_m60_s6,er4,prior_init,1,5310,0.8613861386138614
er4_m60_s6,er4,prior_init,1,5360,0.8613861386138614
er4_m60_s6,er4,prior_init,1,5410,0.8613861386138614
er4_m60_s6,er4,prior_init,1,5460,0.8613861386138614
er4_m60_s6,er4,prior_init,1,5510,0.8613861386138614
er4_m60_s6,er4,prior_init,1,5560,0.8613861386138614
er4_m60_s6,er4,prior_init,1,5610,0.8613861386138614
er4_m60_s6,er4,prior_init,1,5660,0.8613861386138614
er4_m60_s6,er4,prior_init,1,5710,0.8613861386138614
er4_m60_s6,er4,prior_init,1,5760,0.8613861386138614
er4_m60_s6,er4,prior_init,1,5810,0.8613861386138614
er4_m60_s6,er4,prior_init,1,5860,0.8613861386138614
er4_m60_s6,er4,prior_init,1,5910,0.8613861386138614
er4_m60_s6,er4,prior_init,1,5960,0.8613861386138614
er4_m60_s6,er4,prior_init,1,6010,0.8613861386138614
er4_m60_s6,er4,prior_init,1,6060,0.8613861386138614
er4_m60_s6,er4,prior_init,1,6110,0.8613861386138614
er4_m60_s6,er4,prior_init,1,6160,0.8613861386138614
er4_m60_s6,er4,prior_init,1,6210,0.8613861386138614
er4_m60_s6,er4,prior_init,1,6260,0.8613861386138614
er4_m60_s6,er4,prior_init,1,6310,0.8613861386138614
er4_m60_s6,er4,prior_init,1,6360,0.8613861386138614
er4_m60_s6,er4,prior_init,1,6410,0.8613861386138614
er4_m60_s6,er4,prior_init,1,6460,0.8613861386138614
er4_m60_s6,er4,prior_init,1,6510,0.8613861386138614
er4_m60_s6,er4,prior_init,1,6560,0.8613861386138614
er4_m60_s6,er4,prior_init,1,6610,0.8613861386138614
er4_m60_s6,er4,prior_init,1,6660,0.8613861386138614
er4_m60_s6,er4,prior_init,1,6710,0.8613861386138614
er4_m60_s6,er4,prior_init,1,6760,0.8613861386138614
er4_m60_s6,er4,prior_init,1,6810,0.8613861386138614
er4_m60_s6,er4,prior_init,1,6860,0.8613861386138614
er4_m60_s6,er4,prior_init,1,6910,0.8613861386138614
er4_m60_s6,er4,prior_init,1,6960,0.8613861386138614
er4_m60_s6,er4,prior_init,1,7010,0.8613861386138614
er4_m60_s6,er4,prior_init,1,7060,0.8613861386138614
er4_m60_s6,er4,prior_init,1,7110,0.8613861386138614
er4_m60_s6,er4,prior_init,1,7160,0.8613861386138614
er4_m60_s6,er4,prior_init,1,7210,0.8613861386138614
er4_m60_s6,er4,prior_init,1,7260,0.8613861386138614
er4_m60_s6,er4,prior_init,1,7310,0.8613861386138614
er4_m60_s6,er4,prior_init,1,7360,0.8613861386138614
er4_m60_s6,er4,prior_init,1,7410,0.8613861386138614
er4_m60_s6,er4,prior_init,1,7460,0.8613861386138614
er4_m60_s6,er4,prior_init,1,7510,0.8613861386138614
er4_m60_s6,er4,prior_init,1,7560,0.8613861386138614
er4_m60_s6,er4,prior_init,1,7610,0.8613861386138614
er4_m60_s6,er4,prior_init,1,7660,0.8613861386138614
er4_m60_s6,er4,prior_init,1,7710,0.8613861386138614
er4_m60_s6,er4,prior_init,1,7760,0.8613861386138614
er4_m60_s6,er4,prior_init,1,7810,0.8613861386138614
er4_m60_s6,er4,prior_init,1,7860,0.8613861386138614
er4_m60_s6,er4,prior_init,1,7910,0.8613861386138614
er4_m60_s6,er4,prior_init,1,7960,0.8613861386138614
er4_m60_s6,er4,prior_init,1,8010,0.8613861386138614
er4_m60_s6,er4,prior_init,1,8060,0.8613861386138614
er4_m60_s6,er4,prior_init,1,8110,0.8613861386138614
er4_m60_s6,er4,prior_init,1,8160,0.8613861386138614
er4_m60_s6,er4,prior_init,1,8210,0.8613861386138614
er4_m60_s6,er4,prior_init,1,8260,0.8613861386138614
er4_m60_s6,er4,prior_init,1,8310,0.8613861386138614
er4_m60_s6,er4,prior_init,1,8360,0.8613861386138614
er4_m60_s6,er4,prior_init,1,8410,0.8613861386138614
er4_m60_s6,er4,prior_init,1,8460,0.8613861386138614
er4_m60_s6,er4,prior_init,1,8510,0.8613861386138614
er4_m60_s6,er4,prior_init,1,8560,0.8613861386138614
er4_m60_s6,er4,prior_init,1,8610,0.8613861386138614
er4_m60_s6,er4,prior_init,1,8660,0.8613861386138614
er4_m60_s6,er4,prior_init,1,8710,0.8613861386138614
er4_m60_s6,er4,prior_init,1,8760,0.8613861386138614
er4_m60_s6,er4,prior_init,1,8810,0.8712871287128713
er4_m60_s6,er4,prior_init,1,8860,0.8712871287128713
er4_m60_s6,er4,prior_init,1,8910,0.8712871287128713
er4_m60_s6,er4,prior_init,1,8960,0.8712871287128713
er4_m60_s6,er4,prior_init,1,9010,0.8712871287128713
er4_m60_s6,er4,prior_init,1,9060,0.8712871287128713
er4_m60_s6,er4,prior_init,1,9110,0.8712871287128713
er4_m60_s6,er4,prior_init,1,9160,0.8712871287128713
er4_m60_s6,er4,prior_init,1,9210,0.8712871287128713
er4_m60_s6,er4,prior_init,1,9260,0.8712871287128713
er4_m60_s6,er4,prior_init,1,9310,0.8712871287128713
er4_m60_s6,er4,prior_init,1,9360,0.8712871287128713
er4_m60_s6,er4,prior_init,1,9410,0.8712871287128713
er4_m60_s6,er4,prior_init,1,9460,0.8712871287128713
er4_m60_s6,er4,prior_init,1,9510,0.8712871287128713
er4_m60_s6,er4,prior_init,1,9560,0.8712871287128713
er4_m60_s6,er4,prior_init,1,9610,0.8712871287128713
er4_m60_s6,er4,prior_init,1,9660,0.8712871287128713
er4_m60_s6,er4,prior_init,1,9710,0.8712871287128713
er4_m60_s6,er4,prior_init,1,9760,0.8910891089108911
er4_m60_s6,er4,prior_init,1,9810,0.8910891089108911
er4_m60_s6,er4,prior_init,1,9860,0.8910891089108911
er4_m60_s6,er4,prior_init,1,9910,0.8910891089108911
er4_m60_s6,er4,prior_init,1,9960,0.8910891089108911
er4_m60_s6,er4,prior_init,1,10010,0.8910891089108911
er4_m60_s6,er4,prior_init,1,10060,0.8910891089108911
er4_m60_s6,er4,prior_init,1,10110,0.8910891089108911
er4_m60_s6,er4,prior_init,1,10160,0.8910891089108911
er4_m60_s6,er4,prior_init,1,10210,0.8910891089108911
er4_m60_s6,er4,prior_init,1,10260,0.8910891089108911
er4_m60_s6,er4,prior_init,1,10310,0.8910891089108911
er4_m60_s6,er4,prior_init,1,10360,0.8910891089108911
er4_m60_s6,er4,prior_init,1,10410,0.8910891089108911
er4_m60_s6,er4,prior_init,1,10460,0.8910891089108911
er4_m60_s6,er4,prior_init,1,10510,0.8910891089108911
er4_m60_s6,er4,prior_init,1,10560,0.8910891089108911
er4_m60_s6,er4,prior_init,1,10610,0.8910891089108911
er4_m60_s6,er4,prior_init,1,10660,0.8910891089108911
er4_m60_s6,er4,prior_init,1,10710,0.8910891089108911
er4_m60_s6,er4,prior_init,1,10760,0.8910891089108911
er4_m60_s6,er4,prior_init,1,10810,0.8910891089108911
er4_m60_s6,er4,prior_init,1,10860,0.8910891089108911
er4_m60_s6,er4,prior_init,1,10910,0.8910891089108911
er4_m60_s6,er4,prior_init,1,10960,0.8910891089108911
er4_m60_s6,er4,prior_init,1,11010,0.8910891089108911
er4_m60_s6,er4,prior_init,1,11060,0.8910891089108911
er4_m60_s6,er4,prior_init,1,11110,0.8910891089108911
er4_m60_s6,er4,prior_init,1,11160,0.8910891089108911
er4_m60_s6,er4,prior_init,1,11210,0.8910891089108911
er4_m60_s6,er4,prior_init,1,11260,0.8910891089108911
er4_m60_s6,er4,prior_init,1,11310,0.8910891089108911
er4_m60_s6,er4,prior_init,1,11360,0.8910891089108911
er4_m60_s6,er4,prior_init,1,11410,0.8910891089108911
er4_m60_s6,er4,prior_init,1,11460,0.8910891089108911
er4_m60_s6,er4,prior_init,1,11510,0.8910891089108911
er4_m60_s6,er4,prior_init,1,11560,0.8910891089108911
er4_m60_s6,er4,prior_init,1,11610,0.8910891089108911
er4_m60_s6,er4,prior_init,1,11660,0.8910891089108911
er4_m60_s6,er4,prior_init,1,11710,0.8910891089108911
er4_m60_s6,er4,prior_init,1,11760,0.8910891089108911
er4_m60_s6,er4,prior_init,1,11810,0.8910891089108911
er4_m60_s6,er4,prior_init,1,11860,0.8910891089108911
er4_m60_s6,er4,prior_init,1,11910,0.8910891089108911
er4_m60_s6,er4,prior_init,1,11960,0.8910891089108911
er4_m60_s6,er4,prior_init,1,12010,0.8910891089108911
er4_m60_s6,er4,prior_init,1,12060,0.8910891089108911
er4_m60_s6,er4,prior_init,1,12110,0.8910891089108911
er4_m60_s6,er4,prior_init,1,12160,0.8910891089108911
er4_m60_s6,er4,prior_init,1,12210,0.8910891089108911
er4_m60_s6,er4,prior_init,1,12260,0.8910891089108911
er4_m60_s6,er4,prior_init,1,12310,0.8910891089108911
er4_m60_s6,er4,prior_init,1,12360,0.8910891089108911
er4_m60_s6,er4,prior_init,1,12410,0.8910891089108911
er4_m60_s6,er4,prior_init,1,12460,0.8910891089108911
er4_m60_s6,er4,prior_init,1,12510,0.8910891089108911
er4_m60_s6,er4,prior_init,1,12560,0.8910891089108911
er4_m60_s6,er4,prior_init,1,12610,0.8910891089108911
er4_m60_s6,er4,prior_init,1,12660,0.8910891089108911
er4_m60_s6,er4,prior_init,1,12710,0.8910891089108911
er4_m60_s6,er4,prior_init,1,12760,0.8910891089108911
er4_m60_s6,er4,prior_init,1,12810,0.8910891089108911
er4_m60_s6,er4,prior_init,1,12860,0.8910891089108911
er4_m60_s6,er4,prior_init,1,12910,0.8910891089108911
er4_m60_s6,er4,prior_init,1,12960,0.8910891089108911
er4_m60_s6,er4,prior_init,1,13010,0.8910891089108911
er4_m60_s6,er4,prior_init,1,13060,0.8910891089108911
er4_m60_s6,er4,prior_init,1,13110,0.8910891089108911
er4_m60_s6,er4,prior_init,1,13160,0.8910891089108911
er4_m60_s6,er4,prior_init,1,13210,0.8910891089108911
er4_m60_s6,er4,prior_init,1,13260,0.8910891089108911
er4_m60_s6,er4,prior_init,1,13310,0.8910891089108911
er4_m60_s6,er4,prior_init,1,13360,0.8910891089108911
er4_m60_s6,er4,prior_init,1,13410,0.8910891089108911
er4_m60_s6,er4,prior_init,1,13460,0.8910891089108911
er4_m60_s6,er4,prior_init,1,13510,0.8910891089108911
er4_m60_s6,er4,prior_init,1,13560,0.8910891089108911
er4_m60_s6,er4,prior_init,1,13610,0.8910891089108911
er4_m60_s6,er4,prior_init,1,13660,0.8910891089108911
er4_m60_s6,er4,prior_init,1,13710,0.8910891089108911
er4_m60_s6,er4,prior_init,1,13760,0.8910891089108911
er4_m60_s6,er4,prior_init,1,13810,0.8910891089108911
er4_m60_s6,er4,prior_init,1,13860,0.8910891089108911
er4_m60_s6,er4,prior_init,1,13910,0.8910891089108911
er4_m60_s6,er4,prior_init,1,13960,0.8910891089108911
er4_m60_s6,er4,prior_init,1,14010,0.8910891089108911
er4_m60_s6,er4,prior_init,1,14060,0.8910891089108911
er4_m60_s6,er4,prior_init,1,14110,0.8910891089108911
er4_m60_s6,er4,prior_init,1,14160,0.8910891089108911
er4_m60_s6,er4,prior_init,1,14210,0.8910891089108911
er4_m60_s6,er4,prior_init,1,14260,0.8910891089108911
er4_m60_s6,er4,prior_init,1,14310,0.8910891089108911
er4_m60_s6,er4,prior_init,1,14360,0.8910891089108911
er4_m60_s6,er4,prior_init,1,14410,0.8910891089108911
er4_m60_s6,er4,prior_init,1,14460,0.8910891089108911
er4_m60_s6,er4,prior_init,1,14510,0.8910891089108911
er4_m60_s6,er4,prior_init,1,14560,0.8910891089108911
er4_m60_s6,er4,prior_init,1,14610,0.8910891089108911
er4_m60_s6,er4,prior_init,1,14660,0.8910891089108911
er4_m60_s6,er4,prior_init,1,14710,0.8910891089108911
er4_m60_s6,er4,prior_init,1,14760,0.8910891089108911
er4_m60_s6,er4,prior_init,1,14810,0.8910891089108911
er4_m60_s6,er4,prior_init,1,14860,0.8910891089108911
er4_m60_s6,er4,prior_init,1,14910,0.8910891089108911
er4_m60_s6,er4,prior_init,1,14960,0.8910891089108911
er4_m60_s6,er4,prior_init,1,15010,0.8910891089108911
er4_m60_s6,er4,prior_init,1,15060,0.8910891089108911
er4_m60_s6,er4,prior_init,1,15110,0.8910891089108911
er4_m60_s6,er4,prior_init,1,15160,0.8910891089108911
er4_m60_s6,er4,prior_init,1,15210,0.8910891089108911
er4_m60_s6,er4,prior_init,1,15260,0.8910891089108911
er4_m60_s6,er4,prior_init,1,15310,0.8910891089108911
er4_m60_s6,er4,prior_init,1,15360,0.8910891089108911
er4_m60_s6,er4,prior_init,1,15410,0.8910891089108911
er4_m60_s6,er4,prior_init,1,15460,0.8910891089108911
er4_m60_s6,er4,prior_init,1,15510,0.8910891089108911
er4_m60_s6,er4,prior_init,1,15560,0.8910891089108911
er4_m60_s6,er4,prior_init,1,15610,0.8910891089108911
er4_m60_s6,er4,prior_init,1,15660,0.8910891089108911
er4_m60_s6,er4,prior_init,1,15710,0.8910891089108911
er4_m60_s6,er4,prior_init,1,15760,0.8910891089108911
er4_m60_s6,er4,prior_init,1,15810,0.8910891089108911
er4_m60_s6,er4,prior_init,1,15860,0.8910891089108911
er4_m60_s6,er4,prior_init,1,15910,0.8910891089108911
er4_m60_s6,er4,prior_init,1,15960,0.8910891089108911
er4_m60_s6,er4,prior_init,1,16010,0.8910891089108911
er4_m60_s6,er4,prior_init,1,16060,0.8910891089108911
er4_m60_s6,er4,prior_init,1,16110,0.8910891089108911
er4_m60_s6,er4,prior_init,1,16160,0.8910891089108911
er4_m60_s6,er4,prior_init,1,16210,0.8910891089108911
er4_m60_s6,er4,prior_init,1,16260,0.8910891089108911
er4_m60_s6,er4,prior_init,1,16310,0.8910891089108911
er4_m60_s6,er4,prior_init,1,16360,0.8910891089108911
er4_m60_s6,er4,prior_init,1,16410,0.8910891089108911
er4_m60_s6,er4,prior_init,1,16460,0.8910891089108911
er4_m60_s6,er4,prior_init,1,16510,0.8910891089108911
er4_m60_s6,er4,prior_init,1,16560,0.8910891089108911
er4_m60_s6,er4,prior_init,1,16610,0.8910891089108911
er4_m60_s6,er4,prior_init,1,16660,0.8910891089108911
er4_m60_s6,er4,prior_init,1,16710,0.8910891089108911
er4_m60_s6,er4,prior_init,1,16760,0.8910891089108911
er4_m60_s6,er4,prior_init,1,16810,0.8910891089108911
er4_m60_s6,er4,prior_init,1,16860,0.8910891089108911
er4_m60_s6,er4,prior_init,1,16910,0.8910891089108911
er4_m60_s6,er4,prior_init,1,16960,0.8910891089108911
er4_m60_s6,er4,prior_init,1,17010,0.8910891089108911
er4_m60_s6,er4,prior_init,1,17060,0.8910891089108911
er4_m60_s6,er4,prior_init,1,17110,0.8910891089108911
er4_m60_s6,er4,prior_init,1,17160,0.8910891089108911
er4_m60_s6,er4,prior_init,1,17210,0.8910891089108911
er4_m60_s6,er4,prior_init,1,17260,0.8910891089108911
er4_m60_s6,er4,prior_init,1,17310,0.8910891089108911
er4_m60_s6,er4,prior_init,1,17360,0.8910891089108911
er4_m60_s6,er4,prior_init,1,17410,0.8910891089108911
er4_m60_s6,er4,prior_init,1,17460,0.8910891089108911
er4_m60_s6,er4,prior_init,1,17510,0.8910891089108911
er4_m60_s6,er4,prior_init,1,17560,0.8910891089108911
er4_m60_s6,er4,prior_init,1,17610,0.8910891089108911
er4_m60_s6,er4,prior_init,1,17660,0.8910891089108911
er4_m60_s6,er4,prior_init,1,17710,0.8910891089108911
er4_m60_s6,er4,prior_init,1,17760,0.8910891089108911
er4_m60_s6,er4,prior_init,1,17810,0.8910891089108911
er4_m60_s6,er4,prior_init,1,17860,0.8910891089108911
er4_m60_s6,er4,prior_init,1,17910,0.8910891089108911
er4_m60_s6,er4,prior_init,1,17960,0.8910891089108911
er4_m60_s6,er4,prior_init,1,18010,0.8910891089108911
er4_m60_s6,er4,prior_init,1,18060,0.8910891089108911
er4_m60_s6,er4,prior_init,1,18110,0.8910891089108911
er4_m60_s6,er4,prior_init,1,18160,0.8910891089108911
er4_m60_s6,er4,prior_init,1,18210,0.8910891089108911
er4_m60_s6,er4,prior_init,1,18260,0.8910891089108911
er4_m60_s6,er4,prior_init,1,18310,0.8910891089108911
er4_m60_s6,er4,prior_init,1,18360,0.8910891089108911
er4_m60_s6,er4,prior_init,1,18410,0.8910891089108911
er4_m60_s6,er4,prior_init,1,18460,0.8910891089108911
er4_m60_s6,er4,prior_init,1,18510,0.8910891089108911
er4_m60_s6,er4,prior_init,1,18560,0.8910891089108911
er4_m60_s6,er4,prior_init,1,18610,0.8910891089108911
er4_m60_s6,er4,prior_init,1,18660,0.8910891089108911
er4_m60_s6,er4,prior_init,1,18710,0.8910891089108911
er4_m60_s6,er4,prior_init,1,18760,0.8910891089108911
er4_m60_s6,er4,prior_init,1,18810,0.8910891089108911
er4_m60_s6,er4,prior_init,1,18860,0.8910891089108911
er4_m60_s6,er4,prior_init,1,18910,0.8910891089108911
er4_m60_s6,er4,prior_init,1,18960,0.8910891089108911
er4_m60_s6,er4,prior_init,1,19010,0.8910891089108911
er4_m60_s6,er4,prior_init,1,19060,0.8910891089108911
er4_m60_s6,er4,prior_init,1,19110,0.8910891089108911
er4_m60_s6,er4,prior_init,1,19160,0.8910891089108911
er4_m60_s6,er4,prior_init,1,19210,0.8910891089108911
er4_m60_s6,er4,prior_init,1,19260,0.8910891089108911
er4_m60_s6,er4,prior_init,1,19310,0.8910891089108911
er4_m60_s6,er4,prior_init,1,19360,0.8910891089108911
er4_m60_s6,er4,prior_init,1,19410,0.8910891089108911
er4_m60_s6,er4,prior_init,1,19460,0.8910891089108911
er4_m60_s6,er4,prior_init,1,19510,0.8910891089108911
er4_m60_s6,er4,prior_init,1,19560,0.8910891089108911
er4_m60_s6,er4,prior_init,1,19610,0.8910891089108911
er4_m60_s6,er4,prior_init,1,19660,0.8910891089108911
er4_m60_s6,er4,prior_init,1,19710,0.8910891089108911
er4_m60_s6,er4,prior_init,1,19760,0.8910891089108911
er4_m60_s6,er4,prior_init,1,19810,0.8910891089108911
er4_m60_s6,er4,prior_init,1,19860,0.8910891089108911
er4_m60_s6,er4,prior_init,1,19910,0.8910891089108911
er4_m60_s6,er4,prior_init,1,19960,0.8910891089108911
er4_m60_s6,er4,prior_init,1,20010,0.8910891089108911
er4_m60_s6,er4,prior_prop,1,10,0.6831683168316832
er4_m60_s6,er4,prior_prop,1,60,0.7029702970297029
er4_m60_s6,er4,prior_prop,1,110,0.7029702970297029
er4_m60_s6,er4,prior_prop,1,160,0.7623762376237624
er4_m60_s6,er4,prior_prop,1,210,0.7623762376237624
er4_m60_s6,er4,prior_prop,1,260,0.7623762376237624
er4_m60_s6,er4,prior_prop,1,310,0.7821782178217822
er4_m60_s6,er4,prior_prop,1,360,0.7821782178217822
er4_m60_s6,er4,prior_prop,1,410,0.7821782178217822
er4_m60_s6,er4,prior_prop,1,460,0.7821782178217822
er4_m60_s6,er4,prior_prop,1,510,0.7821782178217822
er4_m60_s6,er4,prior_prop,1,560,0.7821782178217822
er4_m60_s6,er4,prior_prop,1,610,0.7821782178217822
er4_m60_s6,er4,prior_prop,1,660,0.8910891089108911
er4_m60_s6,er4,prior_prop,1,710,0.8910891089108911
er4_m60_s6,er4,prior_prop,1,760,0.8910891089108911
er4_m60_s6,er4,prior_prop,1,810,0.8910891089108911
er4_m60_s6,er4,prior_prop,1,860,0.8910891089108911
er4_m60_s6,er4,prior_prop,1,910,0.8910891089108911
er4_m60_s6,er4,prior_prop,1,960,0.8910891089108911
er4_m60_s6,er4,prior_prop,1,1010,0.8910891089108911
er4_m60_s6,er4,prior_prop,1,1060,0.8910891089108911
er4_m60_s6,er4,prior_prop,1,1110,0.8910891089108911
er4_m60_s6,er4,prior_prop,1,1160,0.8910891089108911
er4_m60_s6,er4,prior_prop,1,1210,0.8910891089108911
er4_m60_s6,er4,prior_prop,1,1260,0.8910891089108911
er4_m60_s6,er4,prior_prop,1,1310,0.8910891089108911
er4_m60_s6,er4,prior_prop,1,1360,0.8910891089108911
er4_m60_s6,er4,prior_prop,1,1410,0.8910891089108911
er4_m60_s6,er4,prior_prop,1,1460,0.8910891089108911
er4_m60_s6,er4,prior_prop,1,1510,0.900990099009901
er4_m60_s6,er4,prior_prop,1,1560,0.900990099009901
er4_m60_s6,er4,prior_prop,1,1610,0.900990099009901
er4_m60_s6,er4,prior_prop,1,1660,0.900990099009901
er4_m60_s6,er4,prior_prop,1,1710,0.900990099009901
er4_m60_s6,er4,prior_prop,1,1760,0.900990099009901
er4_m60_s6,er4,prior_prop,1,1810,0.900990099009901
er4_m60_s6,er4,prior_prop,1,1860,0.900990099009901
er4_m60_s6,er4,prior_prop,1,1910,0.900990099009901
er4_m60_s6,er4,prior_prop,1,1960,0.900990099009901
er4_m60_s6,er4,prior_prop,1,2010,0.900990099009901
er4_m60_s6,er4,prior_prop,1,2060,0.900990099009901
er4_m60_s6,er4,prior_prop,1,2110,0.900990099009901
er4_m60_s6,er4,prior_prop,1,2160,0.900990099009901
er4_m60_s6,er4,prior_prop,1,2210,0.900990099009901
er4_m60_s6,er4,prior_prop,1,2260,0.900990099009901
er4_m60_s6,er4,prior_prop,1,2310,0.900990099009901
er4_m60_s6,er4,prior_prop,1,2360,0.900990099009901
er4_m60_s6,er4,prior_prop,1,2410,0.900990099009901
er4_m60_s6,er4,prior_prop,1,2460,0.900990099009901
er4_m60_s6,er4,prior_prop,1,2510,0.9108910891089109
er4_m60_s6,er4,prior_prop,1,2560,0.9108910891089109
er4_m60_s6,er4,prior_prop,1,2610,0.9108910891089109
er4_m60_s6,er4,prior_prop,1,2660,0.9108910891089109
er4_m60_s6,er4,prior_prop,1,2710,0.9108910891089109
er4_m60_s6,er4,prior_prop,1,2760,0.9108910891089109
er4_m60_s6,er4,prior_prop,1,2810,0.9108910891089109
er4_m60_s6,er4,prior_prop,1,2860,0.9108910891089109
er4_m60_s6,er4,prior_prop,1,2910,0.9108910891089109
er4_m60_s6,er4,prior_prop,1,2960,0.9108910891089109
er4_m60_s6,er4,prior_prop,1,3010,0.9108910891089109
er4_m60_s6,er4,prior_prop,1,3060,0.9108910891089109
er4_m60_s6,er4,prior_prop,1,3110,0.9108910891089109
er4_m60_s6,er4,prior_prop,1,3160,0.9108910891089109
er4_m60_s6,er4,prior_prop,1,3210,0.9108910891089109
er4_m60_s6,er4,prior_prop,1,3260,0.9108910891089109
er4_m60_s6,er4,prior_prop,1,3310,0.9108910891089109
er4_m60_s6,er4,prior_prop,1,3360,0.9108910891089109
er4_m60_s6,er4,prior_prop,1,3410,0.9108910891089109
er4_m60_s6,er4,prior_prop,1,3460,0.9207920792079208
er4_m60_s6,er4,prior_prop,1,3510,0.9207920792079208
er4_m60_s6,er4,prior_prop,1,3560,0.9207920792079208
er4_m60_s6,er4,prior_prop,1,3610,0.9207920792079208
er4_m60_s6,er4,prior_prop,1,3660,0.9207920792079208
er4_m60_s6,er4,prior_prop,1,3710,0.9207920792079208
er4_m60_s6,er4,prior_prop,1,3760,0.9207920792079208
er4_m60_s6,er4,prior_prop,1,3810,0.9207920792079208
er4_m60_s6,er4,prior_prop,1,3860,0.9207920792079208
er4_m60_s6,er4,prior_prop,1,3910,0.9207920792079208
er4_m60_s6,er4,prior_prop,1,3960,0.9207920792079208
er4_m60_s6,er4,prior_prop,1,4010,0.9207920792079208
er4_m60_s6,er4,prior_prop,1,4060,0.9207920792079208
er4_m60_s6,er4,prior_prop,1,4110,0.9207920792079208
er4_m60_s6,er4,prior_prop,1,4160,0.9207920792079208
er4_m60_s6,er4,prior_prop,1,4210,0.9207920792079208
er4_m60_s6,er4,prior_prop,1,4260,0.9207920792079208
er4_m60_s6,er4,prior_prop,1,4310,0.9207920792079208
er4_m60_s6,er4,prior_prop,1,4360,0.9207920792079208
er4_m60_s6,er4,prior_prop,1,4410,0.9207920792079208
er4_m60_s6,er4,prior_prop,1,4460,0.9207920792079208
er4_m60_s6,er4,prior_prop,1,4510,0.9207920792079208
er4_m60_s6,er4,prior_prop,1,4560,0.9207920792079208
er4_m60_s6,er4,prior_prop,1,4610,0.9207920792079208
er4_m60_s6,er4,prior_prop,1,4660,0.9207920792079208
er4_m60_s6,er4,prior_prop,1,4710,0.9207920792079208
er4_m60_s6,er4,prior_prop,1,4760,0.9207920792079208
er4_m60_s6,er4,prior_prop,1,4810,0.9207920792079208
er4_m60_s6,er4,prior_prop,1,4860,0.9207920792079208
er4_m60_s6,er4,prior_prop,1,4910,0.9207920792079208
er4_m60_s6,er4,prior_prop,1,4960,0.9207920792079208
er4_m60_s6,er4,prior_prop,1,5010,0.9405940594059405
er4_m60_s6,er4,prior_prop,1,5060,0.9405940594059405
er4_m60_s6,er4,prior_prop,1,5110,0.9405940594059405
er4_m60_s6,er4,prior_prop,1,5160,0.9405940594059405
er4_m60_s6,er4,prior_prop,1,5210,0.9405940594059405
er4_m60_s6,er4,prior_prop,1,5260,0.9306930693069307
er4_m60_s6,er4,prior_prop,1,5310,0.9306930693069307
er4_m60_s6,er4,prior_prop,1,5360,0.9306930693069307
er4_m60_s6,er4,prior_prop,1,5410,0.9306930693069307
er4_m60_s6,er4,prior_prop,1,5460,0.9306930693069307
er4_m60_s6,er4,prior_prop,1,5510,0.9306930693069307
er4_m60_s6,er4,prior_prop,1,5560,0.9306930693069307
er4_m60_s6,er4,prior_prop,1,5610,0.9306930693069307
er4_m60_s6,er4,prior_prop,1,5660,0.9306930693069307
er4_m60_s6,er4,prior_prop,1,5710,0.9306930693069307
er4_m60_s6,er4,prior_prop,1,5760,0.9306930693069307
er4_m60_s6,er4,prior_prop,1,5810,0.9306930693069307
er4_m60_s6,er4,prior_prop,1,5860,0.9306930693069307
er4_m60_s6,er4,prior_prop,1,5910,0.9306930693069307
er4_m60_s6,er4,prior_prop,1,5960,0.9306930693069307
er4_m60_s6,er4,prior_prop,1,6010,0.9306930693069307
er4_m60_s6,er4,prior_prop,1,6060,0.9306930693069307
er4_m60_s6,er4,prior_prop,1,6110,0.9306930693069307
er4_m60_s6,er4,prior_prop,1,6160,0.9306930693069307
er4_m60_s6,er4,prior_prop,1,6210,0.9306930693069307
er4_m60_s6,er4,prior_prop,1,6260,0.9306930693069307
er4_m60_s6,er4,prior_prop,1,6310,0.9306930693069307
er4_m60_s6,er4,prior_prop,1,6360,0.9306930693069307
er4_m60_s6,er4,prior_prop,1,6410,0.9306930693069307
er4_m60_s6,er4,prior_prop,1,6460,0.9306930693069307
er4_m60_s6,er4,prior_prop,1,6510,0.9306930693069307
er4_m60_s6,er4,prior_prop,1,6560,0.9306930693069307
er4_m60_s6,er4,prior_prop,1,6610,0.9306930693069307
er4_m60_s6,er4,prior_prop,1,6660,0.9306930693069307
er4_m60_s6,er4,prior_prop,1,6710,0.9306930693069307
er4_m60_s6,er4,prior_prop,1,6760,0.9306930693069307
er4_m60_s6,er4,prior_prop,1,6810,0.9306930693069307
er4_m60_s6,er4,prior_prop,1,6860,0.9306930693069307
er4_m60_s6,er4,prior_prop,1,6910,0.9306930693069307
er4_m60_s6,er4,prior_prop,1,6960,0.9306930693069307
er4_m60_s6,er4,prior_prop,1,7010,0.9306930693069307
er4_m60_s6,er4,prior_prop,1,7060,0.9306930693069307
er4_m60_s6,er4,prior_prop,1,7110,0.9306930693069307
er4_m60_s6,er4,prior_prop,1,7160,0.9306930693069307
er4_m60_s6,er4,prior_prop,1,7210,0.9306930693069307
er4_m60_s6,er4,prior_prop,1,7260,0.9306930693069307
er4_m60_s6,er4,prior_prop,1,7310,0.9306930693069307
er4_m60_s6,er4,prior_prop,1,7360,0.9306930693069307
er4_m60_s6,er4,prior_prop,1,7410,0.9306930693069307
er4_m60_s6,er4,prior_prop,1,7460,0.9306930693069307
er4_m60_s6,er4,prior_prop,1,7510,0.9306930693069307
er4_m60_s6,er4,prior_prop,1,7560,0.9306930693069307
er4_m60_s6,er4,prior_prop,1,7610,0.9306930693069307
er4_m60_s6,er4,prior_prop,1,7660,0.9306930693069307
er4_m60_s6,er4,prior_prop,1,7710,0.9306930693069307
er4_m60_s6,er4,prior_prop,1,7760,0.9306930693069307
er4_m60_s6,er4,prior_prop,1,7810,0.9306930693069307
er4_m60_s6,er4,prior_prop,1,7860,0.9306930693069307
er4_m60_s6,er4,prior_prop,1,7910,0.9306930693069307
er4_m60_s6,er4,prior_prop,1,7960,0.9306930693069307
er4_m60_s6,er4,prior_prop,1,8010,0.9306930693069307
er4_m60_s6,er4,prior_prop,1,8060,0.9306930693069307
er4_m60_s6,er4,prior_prop,1,8110,0.9306930693069307
er4_m60_s6,er4,prior_prop,1,8160,0.9306930693069307
er4_m60_s6,er4,prior_prop,1,8210,0.9306930693069307
er4_m60_s6,er4,prior_prop,1,8260,0.9306930693069307
er4_m60_s6,er4,prior_prop,1,8310,0.9306930693069307
er4_m60_s6,er4,prior_prop,1,8360,0.9306930693069307
er4_m60_s6,er4,prior_prop,1,8410,0.9306930693069307
er4_m60_s6,er4,prior_prop,1,8460,0.9306930693069307
er4_m60_s6,er4,prior_prop,1,8510,0.9306930693069307
er4_m60_s6,er4,prior_prop,1,8560,0.9306930693069307
er4_m60_s6,er4,prior_prop,1,8610,0.9306930693069307
er4_m60_s6,er4,prior_prop,1,8660,0.9306930693069307
er4_m60_s6,er4,prior_prop,1,8710,0.9306930693069307
er4_m60_s6,er4,prior_prop,1,8760,0.9306930693069307
er4_m60_s6,er4,prior_prop,1,8810,0.9306930693069307
er4_m60_s6,er4,prior_prop,1,8860,0.9306930693069307
er4_m60_s6,er4,prior_prop,1,8910,0.9306930693069307
er4_m60_s6,er4,prior_prop,1,8960,0.9306930693069307
er4_m60_s6,er4,prior_prop,1,9010,0.9306930693069307
er4_m60_s6,er4,prior_prop,1,9060,0.9306930693069307
er4_m60_s6,er4,prior_prop,1,9110,0.9306930693069307
er4_m60_s6,er4,prior_prop,1,9160,0.9306930693069307
er4_m60_s6,er4,prior_prop,1,9210,0.9306930693069307
er4_m60_s6,er4,prior_prop,1,9260,0.9306930693069307
er4_m60_s6,er4,prior_prop,1,9310,0.9306930693069307
er4_m60_s6,er4,prior_prop,1,9360,0.9306930693069307
er4_m60_s6,er4,prior_prop,1,9410,0.9306930693069307
er4_m60_s6,er4,prior_prop,1,9460,0.9306930693069307
er4_m60_s6,er4,prior_prop,1,9510,0.9306930693069307
er4_m60_s6,er4,prior_prop,1,9560,0.9306930693069307
er4_m60_s6,er4,prior_prop,1,9610,0.9306930693069307
er4_m60_s6,er4,prior_prop,1,9660,0.9306930693069307
er4_m60_s6,er4,prior_prop,1,9710,0.9306930693069307
er4_m60_s6,er4,prior_prop,1,9760,0.9306930693069307
er4_m60_s6,er4,prior_prop,1,9810,0.9306930693069307
er4_m60_s6,er4,prior_prop,1,9860,0.9306930693069307
er4_m60_s6,er4,prior_prop,1,9910,0.9306930693069307
er4_m60_s6,er4,prior_prop,1,9960,0.9306930693069307
er4_m60_s6,er4,prior_prop,1,10010,0.9306930693069307
er4_m60_s6,er4,prior_prop,1,10060,0.9306930693069307
er4_m60_s6,er4,prior_prop,1,10110,0.9306930693069307
er4_m60_s6,er4,prior_prop,1,10160,0.9306930693069307
er4_m60_s6,er4,prior_prop,1,10210,0.9306930693069307
er4_m60_s6,er4,prior_prop,1,10260,0.9306930693069307
er4_m60_s6,er4,prior_prop,1,10310,0.9306930693069307
er4_m60_s6,er4,prior_prop,1,10360,0.9306930693069307
er4_m60_s6,er4,prior_prop,1,10410,0.9306930693069307
er4_m60_s6,er4,prior_prop,1,10460,0.9306930693069307
er4_m60_s6,er4,prior_prop,1,10510,0.9306930693069307
er4_m60_s6,er4,prior_prop,1,10560,0.9306930693069307
er4_m60_s6,er4,prior_prop,1,10610,0.9306930693069307
er4_m60_s6,er4,prior_prop,1,10660,0.9306930693069307
er4_m60_s6,er4,prior_prop,1,10710,0.9306930693069307
er4_m60_s6,er4,prior_prop,1,10760,0.9306930693069307
er4_m60_s6,er4,prior_prop,1,10810,0.9306930693069307
er4_m60_s6,er4,prior_prop,1,10860,0.9306930693069307
er4_m60_s6,er4,prior_prop,1,10910,0.9306930693069307
er4_m60_s6,er4,prior_prop,1,10960,0.9306930693069307
er4_m60_s6,er4,prior_prop,1,11010,0.9306930693069307
er4_m60_s6,er4,prior_prop,1,11060,0.9306930693069307
er4_m60_s6,er4,prior_prop,1,11110,0.9306930693069307
er4_m60_s6,er4,prior_prop,1,11160,0.9306930693069307
er4_m60_s6,er4,prior_prop,1,11210,0.9306930693069307
er4_m60_s6,er4,prior_prop,1,11260,0.9306930693069307
er4_m60_s6,er4,prior_prop,1,11310,0.9306930693069307
er4_m60_s6,er4,prior_prop,1,11360,0.9306930693069307
er4_m60_s6,er4,prior_prop,1,11410,0.9306930693069307
er4_m60_s6,er4,prior_prop,1,11460,0.9306930693069307
er4_m60_s6,er4,prior_prop,1,11510,0.9306930693069307
er4_m60_s6,er4,prior_prop,1,11560,0.9306930693069307
er4_m60_s6,er4,prior_prop,1,11610,0.9306930693069307
er4_m60_s6,er4,prior_prop,1,11660,0.9306930693069307
er4_m60_s6,er4,prior_prop,1,11710,0.9306930693069307
er4_m60_s6,er4,prior_prop,1,11760,0.9306930693069307
er4_m60_s6,er4,prior_prop,1,11810,0.9306930693069307
er4_m60_s6,er4,prior_prop,1,11860,0.9306930693069307
er4_m60_s6,er4,prior_prop,1,11910,0.9306930693069307
er4_m60_s6,er4,prior_prop,1,11960,0.9306930693069307
er4_m60_s6,er4,prior_prop,1,12010,0.9306930693069307
er4_m60_s6,er4,prior_prop,1,12060,0.9306930693069307
er4_m60_s6,er4,prior_prop,1,12110,0.9306930693069307
er4_m60_s6,er4,prior_prop,1,12160,0.9306930693069307
er4_m60_s6,er4,prior_prop,1,12210,0.9306930693069307
er4_m60_s6,er4,prior_prop,1,12260,0.9306930693069307
er4_m60_s6,er4,prior_prop,1,12310,0.9306930693069307
er4_m60_s6,er4,prior_prop,1,12360,0.9306930693069307
er4_m60_s6,er4,prior_prop,1,12410,0.9306930693069307
er4_m60_s6,er4,prior_prop,1,12460,0.9306930693069307
er4_m60_s6,er4,prior_prop,1,12510,0.9306930693069307
er4_m60_s6,er4,prior_prop,1,12560,0.9306930693069307
er4_m60_s6,er4,prior_prop,1,12610,0.9306930693069307
er4_m60_s6,er4,prior_prop,1,12660,0.9306930693069307
er4_m60_s6,er4,prior_prop,1,12710,0.9306930693069307
er4_m60_s6,er4,prior_prop,1,12760,0.9306930693069307
er4_m60_s6,er4,prior_prop,1,12810,0.9306930693069307
er4_m60_s6,er4,prior_prop,1,12860,0.9306930693069307
er4_m60_s6,er4,prior_prop,1,12910,0.9306930693069307
er4_m60_s6,er4,prior_prop,1,12960,0.9306930693069307
er4_m60_s6,er4,prior_prop,1,13010,0.9306930693069307
er4_m60_s6,er4,prior_prop,1,13060,0.9306930693069307
er4_m60_s6,er4,prior_prop,1,13110,0.9306930693069307
er4_m60_s6,er4,prior_prop,1,13160,0.9306930693069307
er4_m60_s6,er4,prior_prop,1,13210,0.9306930693069307
er4_m60_s6,er4,prior_prop,1,13260,0.9306930693069307
er4_m60_s6,er4,prior_prop,1,13310,0.9306930693069307
er4_m60_s6,er4,prior_prop,1,13360,0.9306930693069307
er4_m60_s6,er4,prior_prop,1,13410,0.9306930693069307
er4_m60_s6,er4,prior_prop,1,13460,0.9306930693069307
er4_m60_s6,er4,prior_prop,1,13510,0.9306930693069307
er4_m60_s6,er4,prior_prop,1,13560,0.9306930693069307
er4_m60_s6,er4,prior_prop,1,13610,0.9306930693069307
er4_m60_s6,er4,prior_prop,1,13660,0.9306930693069307
er4_m60_s6,er4,prior_prop,1,13710,0.9306930693069307
er4_m60_s6,er4,prior_prop,1,13760,0.9306930693069307
er4_m60_s6,er4,prior_prop,1,13810,0.9306930693069307
er4_m60_s6,er4,prior_prop,1,13860,0.9306930693069307
er4_m60_s6,er4,prior_prop,1,13910,0.9306930693069307
er4_m60_s6,er4,prior_prop,1,13960,0.9306930693069307
er4_m60_s6,er4,prior_prop,1,14010,0.9306930693069307
er4_m60_s6,er4,prior_prop,1,14060,0.9306930693069307
er4_m60_s6,er4,prior_prop,1,14110,0.9306930693069307
er4_m60_s6,er4,prior_prop,1,14160,0.9306930693069307
er4_m60_s6,er4,prior_prop,1,14210,0.9306930693069307
er4_m60_s6,er4,prior_prop,1,14260,0.9306930693069307
er4_m60_s6,er4,prior_prop,1,14310,0.9306930693069307
er4_m60_s6,er4,prior_prop,1,14360,0.9306930693069307
er4_m60_s6,er4,prior_prop,1,14410,0.9306930693069307
er4_m60_s6,er4,prior_prop,1,14460,0.9306930693069307
er4_m60_s6,er4,prior_prop,1,14510,0.9306930693069307
er4_m60_s6,er4,prior_prop,1,14560,0.9306930693069307
er4_m60_s6,er4,prior_prop,1,14610,0.9306930693069307
er4_m60_s6,er4,prior_prop,1,14660,0.9306930693069307
er4_m60_s6,er4,prior_prop,1,14710,0.9306930693069307
er4_m60_s6,er4,prior_prop,1,14760,0.9306930693069307
er4_m60_s6,er4,prior_prop,1,14810,0.9306930693069307
er4_m60_s6,er4,prior_prop,1,14860,0.9306930693069307
er4_m60_s6,er4,prior_prop,1,14910,0.9306930693069307
er4_m60_s6,er4,prior_prop,1,14960,0.9306930693069307
er4_m60_s6,er4,prior_prop,1,15010,0.9306930693069307
er4_m60_s6,er4,prior_prop,1,15060,0.9306930693069307
er4_m60_s6,er4,prior_prop,1,15110,0.9306930693069307
er4_m60_s6,er4,prior_prop,1,15160,0.9306930693069307
er4_m60_s6,er4,prior_prop,1,15210,0.9306930693069307
er4_m60_s6,er4,prior_prop,1,15260,0.9306930693069307
er4_m60_s6,er4,prior_prop,1,15310,0.9306930693069307
er4_m60_s6,er4,prior_prop,1,15360,0.9306930693069307
er4_m60_s6,er4,prior_prop,1,15410,0.9306930693069307
er4_m60_s6,er4,prior_prop,1,15460,0.9306930693069307
er4_m60_s6,er4,prior_prop,1,15510,0.9306930693069307
er4_m60_s6,er4,prior_prop,1,15560,0.9306930693069307
er4_m60_s6,er4,prior_prop,1,15610,0.9306930693069307
er4_m60_s6,er4,prior_prop,1,15660,0.9306930693069307
er4_m60_s6,er4,prior_prop,1,15710,0.9306930693069307
er4_m60_s6,er4,prior_prop,1,15760,0.9306930693069307
er4_m60_s6,er4,prior_prop,1,15810,0.9306930693069307
er4_m60_s6,er4,prior_prop,1,15860,0.9306930693069307
er4_m60_s6,er4,prior_prop,1,15910,0.9306930693069307
er4_m60_s6,er4,prior_prop,1,15960,0.9306930693069307
er4_m60_s6,er4,prior_prop,1,16010,0.9306930693069307
er4_m60_s6,er4,prior_prop,1,16060,0.9306930693069307
er4_m60_s6,er4,prior_prop,1,16110,0.9306930693069307
er4_m60_s6,er4,prior_prop,1,16160,0.9306930693069307
er4_m60_s6,er4,prior_prop,1,16210,0.9306930693069307
er4_m60_s6,er4,prior_prop,1,16260,0.9306930693069307
er4_m60_s6,er4,prior_prop,1,16310,0.9306930693069307
er4_m60_s6,er4,prior_prop,1,16360,0.9306930693069307
er4_m60_s6,er4,prior_prop,1,16410,0.9306930693069307
er4_m60_s6,er4,prior_prop,1,16460,0.9306930693069307
er4_m60_s6,er4,prior_prop,1,16510,0.9306930693069307
er4_m60_s6,er4,prior_prop,1,16560,0.9306930693069307
er4_m60_s6,er4,prior_prop,1,16610,0.9306930693069307
er4_m60_s6,er4,prior_prop,1,16660,0.9306930693069307
er4_m60_s6,er4,prior_prop,1,16710,0.9306930693069307
er4_m60_s6,er4,prior_prop,1,16760,0.9306930693069307
er4_m60_s6,er4,prior_prop,1,16810,0.9306930693069307
er4_m60_s6,er4,prior_prop,1,16860,0.9306930693069307
er4_m60_s6,er4,prior_prop,1,16910,0.9306930693069307
er4_m60_s6,er4,prior_prop,1,16960,0.9306930693069307
er4_m60_s6,er4,prior_prop,1,17010,0.9306930693069307
er4_m60_s6,er4,prior_prop,1,17060,0.9306930693069307
er4_m60_s6,er4,prior_prop,1,17110,0.9306930693069307
er4_m60_s6,er4,prior_prop,1,17160,0.9306930693069307
er4_m60_s6,er4,prior_prop,1,17210,0.9306930693069307
er4_m60_s6,er4,prior_prop,1,17260,0.9306930693069307
er4_m60_s6,er4,prior_prop,1,17310,0.9306930693069307
er4_m60_s6,er4,prior_prop,1,17360,0.9306930693069307
er4_m60_s6,er4,prior_prop,1,17410,0.9306930693069307
er4_m60_s6,er4,prior_prop,1,17460,0.9306930693069307
er4_m60_s6,er4,prior_prop,1,17510,0.9306930693069307
er4_m60_s6,er4,prior_prop,1,17560,0.9306930693069307
er4_m60_s6,er4,prior_prop,1,17610,0.9306930693069307
er4_m60_s6,er4,prior_prop,1,17660,0.9306930693069307
er4_m60_s6,er4,prior_prop,1,17710,0.9306930693069307
er4_m60_s6,er4,prior_prop,1,17760,0.9306930693069307
er4_m60_s6,er4,prior_prop,1,17810,0.9306930693069307
er4_m60_s6,er4,prior_prop,1,17860,0.9306930693069307
er4_m60_s6,er4,prior_prop,1,17910,0.9306930693069307
er4_m60_s6,er4,prior_prop,1,17960,0.9306930693069307
er4_m60_s6,er4,prior_prop,1,18010,0.9306930693069307
er4_m60_s6,er4,prior_prop,1,18060,0.9306930693069307
er4_m60_s6,er4,prior_prop,1,18110,0.9306930693069307
er4_m60_s6,er4,prior_prop,1,18160,0.9306930693069307
er4_m60_s6,er4,prior_prop,1,18210,0.9306930693069307
er4_m60_s6,er4,prior_prop,1,18260,0.9306930693069307
er4_m60_s6,er4,prior_prop,1,18310,0.9306930693069307
er4_m60_s6,er4,prior_prop,1,18360,0.9306930693069307
er4_m60_s6,er4,prior_prop,1,18410,0.9306930693069307
er4_m60_s6,er4,prior_prop,1,18460,0.9306930693069307
er4_m60_s6,er4,prior_prop,1,18510,0.9306930693069307
er4_m60_s6,er4,prior_prop,1,18560,0.9306930693069307
er4_m60_s6,er4,prior_prop,1,18610,0.9306930693069307
er4_m60_s6,er4,prior_prop,1,18660,0.9306930693069307
er4_m60_s6,er4,prior_prop,1,18710,0.9306930693069307
er4_m60_s6,er4,prior_prop,1,18760,0.9306930693069307
er4_m60_s6,er4,prior_prop,1,18810,0.9306930693069307
er4_m60_s6,er4,prior_prop,1,18860,0.9306930693069307
er4_m60_s6,er4,prior_prop,1,18910,0.9306930693069307
er4_m60_s6,er4,prior_prop,1,18960,0.9306930693069307
er4_m60_s6,er4,prior_prop,1,19010,0.9306930693069307
er4_m60_s6,er4,prior_prop,1,19060,0.9306930693069307
er4_m60_s6,er4,prior_prop,1,19110,0.9306930693069307
er4_m60_s6,er4,prior_prop,1,19160,0.9306930693069307
er4_m60_s6,er4,prior_prop,1,19210,0.9306930693069307
er4_m60_s6,er4,prior_prop,1,19260,0.9306930693069307
er4_m60_s6,er4,prior_prop,1,19310,0.9306930693069307
er4_m60_s6,er4,prior_prop,1,19360,0.9306930693069307
er4_m60_s6,er4,prior_prop,1,19410,0.9306930693069307
er4_m60_s6,er4,prior_prop,1,19460,0.9306930693069307
er4_m60_s6,er4,prior_prop,1,19510,0.9306930693069307
er4_m60_s6,er4,prior_prop,1,19560,0.9306930693069307
er4_m60_s6,er4,prior_prop,1,19610,0.9306930693069307
er4_m60_s6,er4,prior_prop,1,19660,0.9306930693069307
er4_m60_s6,er4,prior_prop,1,19710,0.9306930693069307
er4_m60_s6,er4,prior_prop,1,19760,0.9306930693069307
er4_m60_s6,er4,prior_prop,1,19810,0.9306930693069307
er4_m60_s6,er4,prior_prop,1,19860,0.9306930693069307
er4_m60_s6,er4,prior_prop,1,19910,0.9306930693069307
er4_m60_s6,er4,prior_prop,1,19960,0.9306930693069307
er4_m60_s6,er4,prior_prop,1,20010,0.9306930693069307
er4_m60_s6,er4,db_rescore,1,10,0.8316831683168316
er4_m60_s6,er4,db_rescore,1,60,0.8217821782178217
er4_m60_s6,er4,db_rescore,1,110,0.8217821782178217
er4_m60_s6,er4,db_rescore,1,160,0.8415841584158416
er4_m60_s6,er4,db_rescore,1,210,0.8514851485148515
er4_m60_s6,er4,db_rescore,1,260,0.8514851485148515
er4_m60_s6,er4,db_rescore,1,310,0.8514851485148515
er4_m60_s6,er4,db_rescore,1,360,0.8613861386138614
er4_m60_s6,er4,db_rescore,1,410,0.8613861386138614
er4_m60_s6,er4,db_rescore,1,460,0.8613861386138614
er4_m60_s6,er4,db_rescore,1,510,0.8613861386138614
er4_m60_s6,er4,db_rescore,1,560,0.900990099009901
er4_m60_s6,er4,db_rescore,1,610,0.900990099009901
er4_m60_s6,er4,db_rescore,1,660,0.900990099009901
er4_m60_s6,er4,db_rescore,1,710,0.8910891089108911
er4_m60_s6,er4,db_rescore,1,760,0.8910891089108911
er4_m60_s6,er4,db_rescore,1,810,0.8910891089108911
er4_m60_s6,er4,db_rescore,1,860,0.900990099009901
er4_m60_s6,er4,db_rescore,1,910,0.900990099009901
er4_m60_s6,er4,db_rescore,1,960,0.900990099009901
er4_m60_s6,er4,db_rescore,1,1010,0.900990099009901
er4_m60_s6,er4,db_rescore,1,1060,0.900990099009901
er4_m60_s6,er4,db_rescore,1,1110,0.8910891089108911
er4_m60_s6,er4,db_rescore,1,1160,0.8910891089108911
er4_m60_s6,er4,db_rescore,1,1210,0.9207920792079208
er4_m60_s6,er4,db_rescore,1,1260,0.9207920792079208
er4_m60_s6,er4,db_rescore,1,1310,0.9207920792079208
er4_m60_s6,er4,db_rescore,1,1360,0.9207920792079208
er4_m60_s6,er4,db_rescore,1,1410,0.9207920792079208
er4_m60_s6,er4,db_rescore,1,1460,0.9207920792079208
er4_m60_s6,er4,db_rescore,1,1510,0.9306930693069307
er4_m60_s6,er4,db_rescore,1,1560,0.9306930693069307
er4_m60_s6,er4,db_rescore,1,1610,0.9306930693069307
er4_m60_s6,er4,db_rescore,1,1660,0.9306930693069307
er4_m60_s6,er4,db_rescore,1,1710,0.9306930693069307
er4_m60_s6,er4,db_rescore,1,1760,0.9207920792079208
er4_m60_s6,er4,db_rescore,1,1810,0.9207920792079208
er4_m60_s6,er4,db_rescore,1,1860,0.9207920792079208
er4_m60_s6,er4,db_rescore,1,1910,0.9207920792079208
er4_m60_s6,er4,db_rescore,1,1960,0.9306930693069307
er4_m60_s6,er4,db_rescore,1,2010,0.9306930693069307
er4_m60_s6,er4,db_rescore,1,2060,0.9306930693069307
er4_m60_s6,er4,db_rescore,1,2110,0.9306930693069307
er4_m60_s6,er4,db_rescore,1,2160,0.9306930693069307
er4_m60_s6,er4,db_rescore,1,2210,0.9306930693069307
er4_m60_s6,er4,db_rescore,1,2260,0.9306930693069307
er4_m60_s6,er4,db_rescore,1,2310,0.9306930693069307
er4_m60_s6,er4,db_rescore,1,2360,0.9306930693069307
er4_m60_s6,er4,db_rescore,1,2410,0.9306930693069307
er4_m60_s6,er4,db_rescore,1,2460,0.9306930693069307
er4_m60_s6,er4,db_rescore,1,2510,0.9306930693069307
er4_m60_s6,er4,db_rescore,1,2560,0.9306930693069307
er4_m60_s6,er4,db_rescore,1,2610,0.9306930693069307
er4_m60_s6,er4,db_rescore,1,2660,0.9306930693069307
er4_m60_s6,er4,db_rescore,1,2710,0.9306930693069307
er4_m60_s6,er4,db_rescore,1,2760,0.9306930693069307
er4_m60_s6,er4,db_rescore,1,2810,0.9306930693069307
er4_m60_s6,er4,db_rescore,1,2860,0.9306930693069307
er4_m60_s6,er4,db_rescore,1,2910,0.9306930693069307
er4_m60_s6,er4,db_rescore,1,2960,0.9306930693069307
er4_m60_s6,er4,db_rescore,1,3010,0.9306930693069307
er4_m60_s6,er4,db_rescore,1,3060,0.9306930693069307
er4_m60_s6,er4,db_rescore,1,3110,0.9306930693069307
er4_m60_s6,er4,db_rescore,1,3160,0.9306930693069307
er4_m60_s6,er4,db_rescore,1,3210,0.9306930693069307
er4_m60_s6,er4,db_rescore,1,3260,0.9306930693069307
er4_m60_s6,er4,db_rescore,1,3310,0.9306930693069307
er4_m60_s6,er4,db_rescore,1,3360,0.9306930693069307
er4_m60_s6,er4,db_rescore,1,3410,0.9306930693069307
er4_m60_s6,er4,db_rescore,1,3460,0.9306930693069307
er4_m60_s6,er4,db_rescore,1,3510,0.9306930693069307
er4_m60_s6,er4,db_rescore,1,3560,0.9306930693069307
er4_m60_s6,er4,db_rescore,1,3610,0.9306930693069307
er4_m60_s6,er4,db_rescore,1,3660,0.9306930693069307
er4_m60_s6,er4,db_rescore,1,3710,0.9306930693069307
er4_m60_s6,er4,db_rescore,1,3760,0.9306930693069307
er4_m60_s6,er4,db_rescore,1,3810,0.9306930693069307
er4_m60_s6,er4,db_rescore,1,3860,0.9306930693069307
er4_m60_s6,er4,db_rescore,1,3910,0.9306930693069307
er4_m60_s6,er4,db_rescore,1,3960,0.9306930693069307
er4_m60_s6,er4,db_rescore,1,4010,0.9306930693069307
er4_m60_s6,er4,db_rescore,1,4060,0.9306930693069307
er4_m60_s6,er4,db_rescore,1,4110,0.9306930693069307
er4_m60_s6,er4,db_rescore,1,4160,0.9603960396039604
er4_m60_s6,er4,db_rescore,1,4210,0.9603960396039604
er4_m60_s6,er4,db_rescore,1,4260,0.9603960396039604
er4_m60_s6,er4,db_rescore,1,4310,0.9603960396039604
er4_m60_s6,er4,db_rescore,1,4360,0.9603960396039604
er4_m60_s6,er4,db_rescore,1,4410,0.9603960396039604
er4_m60_s6,er4,db_rescore,1,4460,0.9603960396039604
er4_m60_s6,er4,db_rescore,1,4510,0.9603960396039604
er4_m60_s6,er4,db_rescore,1,4560,0.9603960396039604
er4_m60_s6,er4,db_rescore,1,4610,0.9603960396039604
er4_m60_s6,er4,db_rescore,1,4660,0.9603960396039604
er4_m60_s6,er4,db_rescore,1,4710,0.9603960396039604
er4_m60_s6,er4,db_rescore,1,4760,0.9603960396039604
er4_m60_s6,er4,db_rescore,1,4810,0.9603960396039604
er4_m60_s6,er4,db_rescore,1,4860,0.9603960396039604
er4_m60_s6,er4,db_rescore,1,4910,0.9603960396039604
er4_m60_s6,er4,db_rescore,1,4960,0.9603960396039604
er4_m60_s6,er4,db_rescore,1,5010,0.9603960396039604
er4_m60_s6,er4,db_rescore,1,5060,0.9603960396039604
er4_m60_s6,er4,db_rescore,1,5110,0.9603960396039604
er4_m60_s6,er4,db_rescore,1,5160,0.9603960396039604
er4_m60_s6,er4,db_rescore,1,5210,0.9603960396039604
er4_m60_s6,er4,db_rescore,1,5260,0.9603960396039604
er4_m60_s6,er4,db_rescore,1,5310,0.9603960396039604
er4_m60_s6,er4,db_rescore,1,5360,0.9603960396039604
er4_m60_s6,er4,db_rescore,1,5410,0.9603960396039604
er4_m60_s6,er4,db_rescore,1,5460,0.9603960396039604
er4_m60_s6,er4,db_rescore,1,5510,0.9603960396039604
er4_m60_s6,er4,db_rescore,1,5560,0.9603960396039604
er4_m60_s6,er4,db_rescore,1,5610,0.9603960396039604
er4_m60_s6,er4,db_rescore,1,5660,0.9603960396039604
er4_m60_s6,er4,db_rescore,1,5710,0.9603960396039604
er4_m60_s6,er4,db_rescore,1,5760,0.9603960396039604
er4_m60_s6,er4,db_rescore,1,5810,0.9603960396039604
er4_m60_s6,er4,db_rescore,1,5860,0.9603960396039604
er4_m60_s6,er4,db_rescore,1,5910,0.9603960396039604
er4_m60_s6,er4,db_rescore,1,5960,0.9603960396039604
er4_m60_s6,er4,db_rescore,1,6010,0.9603960396039604
er4_m60_s6,er4,db_rescore,1,6060,0.9603960396039604
er4_m60_s6,er4,db_rescore,1,6110,0.9603960396039604
er4_m60_s6,er4,db_rescore,1,6160,0.9603960396039604
er4_m60_s6,er4,db_rescore,1,6210,0.9603960396039604
er4_m60_s6,er4,db_rescore,1,6260,0.9603960396039604
er4_m60_s6,er4,db_rescore,1,6310,0.9603960396039604
er4_m60_s6,er4,db_rescore,1,6360,0.9603960396039604
er4_m60_s6,er4,db_rescore,1,6410,0.9603960396039604
er4_m60_s6,er4,db_rescore,1,6460,0.9603960396039604
er4_m60_s6,er4,db_rescore,1,6510,0.9603960396039604
er4_m60_s6,er4,db_rescore,1,6560,0.9603960396039604
er4_m60_s6,er4,db_rescore,1,6610,0.9603960396039604
er4_m60_s6,er4,db_rescore,1,6660,0.9603960396039604
er4_m60_s6,er4,db_rescore,1,6710,0.9603960396039604
er4_m60_s6,er4,db_rescore,1,6760,0.9603960396039604
er4_m60_s6,er4,db_rescore,1,6810,0.9603960396039604
er4_m60_s6,er4,db_rescore,1,6860,0.9603960396039604
er4_m60_s6,er4,db_rescore,1,6910,0.9603960396039604
er4_m60_s6,er4,db_rescore,1,6960,0.9603960396039604
er4_m60_s6,er4,db_rescore,1,7010,0.9603960396039604
er4_m60_s6,er4,db_rescore,1,7060,0.9603960396039604
er4_m60_s6,er4,db_rescore,1,7110,0.9603960396039604
er4_m60_s6,er4,db_rescore,1,7160,0.9603960396039604
er4_m60_s6,er4,db_rescore,1,7210,0.9603960396039604
er4_m60_s6,er4,db_rescore,1,7260,0.9603960396039604
er4_m60_s6,er4,db_rescore,1,7310,0.9603960396039604
er4_m60_s6,er4,db_rescore,1,7360,0.9603960396039604
er4_m60_s6,er4,db_rescore,1,7410,0.9603960396039604
er4_m60_s6,er4,db_rescore,1,7460,0.9603960396039604
er4_m60_s6,er4,db_rescore,1,7510,0.9603960396039604
er4_m60_s6,er4,db_rescore,1,7560,0.9603960396039604
er4_m60_s6,er4,db_rescore,1,7610,0.9603960396039604
er4_m60_s6,er4,db_rescore,1,7660,0.9603960396039604
er4_m60_s6,er4,db_rescore,1,7710,0.9603960396039604
er4_m60_s6,er4,db_rescore,1,7760,0.9603960396039604
er4_m60_s6,er4,db_rescore,1,7810,0.9603960396039604
er4_m60_s6,er4,db_rescore,1,7860,0.9603960396039604
er4_m60_s6,er4,db_rescore,1,7910,0.9603960396039604
er4_m60_s6,er4,db_rescore,1,7960,0.9603960396039604
er4_m60_s6,er4,db_rescore,1,8010,0.9603960396039604
er4_m60_s6,er4,db_rescore,1,8060,0.9603960396039604
er4_m60_s6,er4,db_rescore,1,8110,0.9603960396039604
er4_m60_s6,er4,db_rescore,1,8160,0.9603960396039604
er4_m60_s6,er4,db_rescore,1,8210,0.9603960396039604
er4_m60_s6,er4,db_rescore,1,8260,0.9603960396039604
er4_m60_s6,er4,db_rescore,1,8310,0.9603960396039604
er4_m60_s6,er4,db_rescore,1,8360,0.9603960396039604
er4_m60_s6,er4,db_rescore,1,8410,0.9603960396039604
er4_m60_s6,er4,db_rescore,1,8460,0.9603960396039604
er4_m60_s6,er4,db_rescore,1,8510,0.9603960396039604
er4_m60_s6,er4,db_rescore,1,8560,0.9603960396039604
er4_m60_s6,er4,db_rescore,1,8610,0.9603960396039604
er4_m60_s6,er4,db_rescore,1,8660,0.9603960396039604
er4_m60_s6,er4,db_rescore,1,8710,0.9603960396039604
er4_m60_s6,er4,db_rescore,1,8760,0.9603960396039604
er4_m60_s6,er4,db_rescore,1,8810,0.9603960396039604
er4_m60_s6,er4,db_rescore,1,8860,0.9603960396039604
er4_m60_s6,er4,db_rescore,1,8910,0.9603960396039604
er4_m60_s6,er4,db_rescore,1,8960,0.9603960396039604
er4_m60_s6,er4,db_rescore,1,9010,0.9603960396039604
er4_m60_s6,er4,db_rescore,1,9060,0.9603960396039604
er4_m60_s6,er4,db_rescore,1,9110,0.9603960396039604
er4_m60_s6,er4,db_rescore,1,9160,0.9603960396039604
er4_m60_s6,er4,db_rescore,1,9210,0.9603960396039604
er4_m60_s6,er4,db_rescore,1,9260,0.9603960396039604
er4_m60_s6,er4,db_rescore,1,9310,0.9603960396039604
er4_m60_s6,er4,db_rescore,1,9360,0.9603960396039604
er4_m60_s6,er4,db_rescore,1,9410,0.9603960396039604
er4_m60_s6,er4,db_rescore,1,9460,0.9603960396039604
er4_m60_s6,er4,db_rescore,1,9510,0.9603960396039604
er4_m60_s6,er4,db_rescore,1,9560,0.9603960396039604
er4_m60_s6,er4,db_rescore,1,9610,0.9603960396039604
er4_m60_s6,er4,db_rescore,1,9660,0.9603960396039604
er4_m60_s6,er4,db_rescore,1,9710,0.9603960396039604
er4_m60_s6,er4,db_rescore,1,9760,0.9603960396039604
er4_m60_s6,er4,db_rescore,1,9810,0.9603960396039604
er4_m60_s6,er4,db_rescore,1,9860,0.9603960396039604
er4_m60_s6,er4,db_rescore,1,9910,0.9603960396039604
er4_m60_s6,er4,db_rescore,1,9960,0.9603960396039604
er4_m60_s6,er4,db_rescore,1,10010,0.9603960396039604
er4_m60_s6,er4,db_rescore,1,10060,0.9603960396039604
er4_m60_s6,er4,db_rescore,1,10110,0.9603960396039604
er4_m60_s6,er4,db_rescore,1,10160,0.9603960396039604
er4_m60_s6,er4,db_rescore,1,10210,0.9603960396039604
er4_m60_s6,er4,db_rescore,1,10260,0.9603960396039604
er4_m60_s6,er4,db_rescore,1,10310,0.9603960396039604
er4_m60_s6,er4,db_rescore,1,10360,0.9603960396039604
er4_m60_s6,er4,db_rescore,1,10410,0.9603960396039604
er4_m60_s6,er4,db_rescore,1,10460,0.9603960396039604
er4_m60_s6,er4,db_rescore,1,10510,0.9603960396039604
er4_m60_s6,er4,db_rescore,1,10560,0.9603960396039604
er4_m60_s6,er4,db_rescore,1,10610,0.9603960396039604
er4_m60_s6,er4,db_rescore,1,10660,0.9603960396039604
er4_m60_s6,er4,db_rescore,1,10710,0.9603960396039604
er4_m60_s6,er4,db_rescore,1,10760,0.9603960396039604
er4_m60_s6,er4,db_rescore,1,10810,0.9603960396039604
er4_m60_s6,er4,db_rescore,1,10860,0.9603960396039604
er4_m60_s6,er4,db_rescore,1,10910,0.9603960396039604
er4_m60_s6,er4,db_rescore,1,10960,0.9603960396039604
er4_m60_s6,er4,db_rescore,1,11010,0.9603960396039604
er4_m60_s6,er4,db_rescore,1,11060,0.9603960396039604
er4_m60_s6,er4,db_rescore,1,11110,0.9603960396039604
er4_m60_s6,er4,db_rescore,1,11160,0.9603960396039604
er4_m60_s6,er4,db_rescore,1,11210,0.9603960396039604
er4_m60_s6,er4,db_rescore,1,11260,0.9603960396039604
er4_m60_s6,er4,db_rescore,1,11310,0.9603960396039604
er4_m60_s6,er4,db_rescore,1,11360,0.9603960396039604
er4_m60_s6,er4,db_rescore,1,11410,0.9603960396039604
er4_m60_s6,er4,db_rescore,1,11460,0.9603960396039604
er4_m60_s6,er4,db_rescore,1,11510,0.9603960396039604
er4_m60_s6,er4,db_rescore,1,11560,0.9603960396039604
er4_m60_s6,er4,db_rescore,1,11610,0.9603960396039604
er4_m60_s6,er4,db_rescore,1,11660,0.9603960396039604
er4_m60_s6,er4,db_rescore,1,11710,0.9603960396039604
er4_m60_s6,er4,db_rescore,1,11760,0.9603960396039604
er4_m60_s6,er4,db_rescore,1,11810,0.9603960396039604
er4_m60_s6,er4,db_rescore,1,11860,0.9603960396039604
er4_m60_s6,er4,db_rescore,1,11910,0.9603960396039604
er4_m60_s6,er4,db_rescore,1,11960,0.9603960396039604
er4_m60_s6,er4,db_rescore,1,12010,0.9603960396039604
er4_m60_s6,er4,db_rescore,1,12060,0.9603960396039604
er4_m60_s6,er4,db_rescore,1,12110,0.9603960396039604
er4_m60_s6,er4,db_rescore,1,12160,0.9603960396039604
er4_m60_s6,er4,db_rescore,1,12210,0.9603960396039604
er4_m60_s6,er4,db_rescore,1,12260,0.9603960396039604
er4_m60_s6,er4,db_rescore,1,12310,0.9603960396039604
er4_m60_s6,er4,db_rescore,1,12360,0.9603960396039604
er4_m60_s6,er4,db_rescore,1,12410,0.9603960396039604
er4_m60_s6,er4,db_rescore,1,12460,0.9603960396039604
er4_m60_s6,er4,db_rescore,1,12510,0.9603960396039604
er4_m60_s6,er4,db_rescore,1,12560,0.9603960396039604
er4_m60_s6,er4,db_rescore,1,12610,0.9603960396039604
er4_m60_s6,er4,db_rescore,1,12660,0.9603960396039604
er4_m60_s6,er4,db_rescore,1,12710,0.9603960396039604
er4_m60_s6,er4,db_rescore,1,12760,0.9603960396039604
er4_m60_s6,er4,db_rescore,1,12810,0.9603960396039604
er4_m60_s6,er4,db_rescore,1,12860,0.9603960396039604
er4_m60_s6,er4,db_rescore,1,12910,0.9603960396039604
er4_m60_s6,er4,db_rescore,1,12960,0.9603960396039604
er4_m60_s6,er4,db_rescore,1,13010,0.9603960396039604
er4_m60_s6,er4,db_rescore,1,13060,0.9702970297029703
er4_m60_s6,er4,db_rescore,1,13110,0.9702970297029703
er4_m60_s6,er4,db_rescore,1,13160,0.9702970297029703
er4_m60_s6,er4,db_rescore,1,13210,0.9702970297029703
er4_m60_s6,er4,db_rescore,1,13260,0.9702970297029703
er4_m60_s6,er4,db_rescore,1,13310,0.9702970297029703
er4_m60_s6,er4,db_rescore,1,13360,0.9702970297029703
er4_m60_s6,er4,db_rescore,1,13410,0.9702970297029703
er4_m60_s6,er4,db_rescore,1,13460,0.9702970297029703
er4_m60_s6,er4,db_rescore,1,13510,0.9702970297029703
er4_m60_s6,er4,db_rescore,1,13560,0.9702970297029703
er4_m60_s6,er4,db_rescore,1,13610,0.9702970297029703
er4_m60_s6,er4,db_rescore,1,13660,0.9702970297029703
er4_m60_s6,er4,db_rescore,1,13710,0.9702970297029703
er4_m60_s6,er4,db_rescore,1,13760,0.9702970297029703
er4_m60_s6,er4,db_rescore,1,13810,0.9702970297029703
er4_m60_s6,er4,db_rescore,1,13860,0.9702970297029703
er4_m60_s6,er4,db_rescore,1,13910,0.9702970297029703
er4_m60_s6,er4,db_rescore,1,13960,0.9702970297029703
er4_m60_s6,er4,db_rescore,1,14010,0.9702970297029703
er4_m60_s6,er4,db_rescore,1,14060,0.9702970297029703
er4_m60_s6,er4,db_rescore,1,14110,0.9702970297029703
er4_m60_s6,er4,db_rescore,1,14160,0.9702970297029703
er4_m60_s6,er4,db_rescore,1,14210,0.9702970297029703
er4_m60_s6,er4,db_rescore,1,14260,0.9702970297029703
er4_m60_s6,er4,db_rescore,1,14310,0.9702970297029703
er4_m60_s6,er4,db_rescore,1,14360,0.9702970297029703
er4_m60_s6,er4,db_rescore,1,14410,0.9702970297029703
er4_m60_s6,er4,db_rescore,1,14460,0.9702970297029703
er4_m60_s6,er4,db_rescore,1,14510,0.9702970297029703
er4_m60_s6,er4,db_rescore,1,14560,0.9702970297029703
er4_m60_s6,er4,db_rescore,1,14610,0.9702970297029703
er4_m60_s6,er4,db_rescore,1,14660,0.9702970297029703
er4_m60_s6,er4,db_rescore,1,14710,0.9702970297029703
er4_m60_s6,er4,db_rescore,1,14760,0.9702970297029703
er4_m60_s6,er4,db_rescore,1,14810,0.9702970297029703
er4_m60_s6,er4,db_rescore,1,14860,0.9702970297029703
er4_m60_s6,er4,db_rescore,1,14910,0.9702970297029703
er4_m60_s6,er4,db_rescore,1,14960,0.9702970297029703
er4_m60_s6,er4,db_rescore,1,15010,0.9702970297029703
er4_m60_s6,er4,db_rescore,1,15060,0.9702970297029703
er4_m60_s6,er4,db_rescore,1,15110,0.9702970297029703
er4_m60_s6,er4,db_rescore,1,15160,0.9702970297029703
er4_m60_s6,er4,db_rescore,1,15210,0.9702970297029703
er4_m60_s6,er4,db_rescore,1,15260,0.9702970297029703
er4_m60_s6,er4,db_rescore,1,15310,0.9702970297029703
er4_m60_s6,er4,db_rescore,1,15360,0.9702970297029703
er4_m60_s6,er4,db_rescore,1,15410,0.9702970297029703
er4_m60_s6,er4,db_rescore,1,15460,0.9702970297029703
er4_m60_s6,er4,db_rescore,1,15510,0.9702970297029703
er4_m60_s6,er4,db_rescore,1,15560,0.9702970297029703
er4_m60_s6,er4,db_rescore,1,15610,0.9702970297029703
er4_m60_s6,er4,db_rescore,1,15660,0.9702970297029703
er4_m60_s6,er4,db_rescore,1,15710,0.9702970297029703
er4_m60_s6,er4,db_rescore,1,15760,0.9702970297029703
er4_m60_s6,er4,db_rescore,1,15810,0.9702970297029703
er4_m60_s6,er4,db_rescore,1,15860,0.9702970297029703
er4_m60_s6,er4,db_rescore,1,15910,0.9702970297029703
er4_m60_s6,er4,db_rescore,1,15960,0.9702970297029703
er4_m60_s6,er4,db_rescore,1,16010,0.9702970297029703
er4_m60_s6,er4,db_rescore,1,16060,0.9702970297029703
er4_m60_s6,er4,db_rescore,1,16110,0.9702970297029703
er4_m60_s6,er4,db_rescore,1,16160,0.9702970297029703
er4_m60_s6,er4,db_rescore,1,16210,0.9702970297029703
er4_m60_s6,er4,db_rescore,1,16260,0.9702970297029703
er4_m60_s6,er4,db_rescore,1,16310,0.9702970297029703
er4_m60_s6,er4,db_rescore,1,16360,0.9702970297029703
er4_m60_s6,er4,db_rescore,1,16410,0.9702970297029703
er4_m60_s6,er4,db_rescore,1,16460,0.9702970297029703
er4_m60_s6,er4,db_rescore,1,16510,0.9702970297029703
er4_m60_s6,er4,db_rescore,1,16560,0.9702970297029703
er4_m60_s6,er4,db_rescore,1,16610,0.9702970297029703
er4_m60_s6,er4,db_rescore,1,16660,0.9702970297029703
er4_m60_s6,er4,db_rescore,1,16710,0.9702970297029703
er4_m60_s6,er4,db_rescore,1,16760,0.9702970297029703
er4_m60_s6,er4,db_rescore,1,16810,0.9702970297029703
er4_m60_s6,er4,db_rescore,1,16860,0.9702970297029703
er4_m60_s6,er4,db_rescore,1,16910,0.9702970297029703
er4_m60_s6,er4,db_rescore,1,16960,0.9702970297029703
er4_m60_s6,er4,db_rescore,1,17010,0.9702970297029703
er4_m60_s6,er4,db_rescore,1,17060,0.9702970297029703
er4_m60_s6,er4,db_rescore,1,17110,0.9702970297029703
er4_m60_s6,er4,db_rescore,1,17160,0.9702970297029703
er4_m60_s6,er4,db_rescore,1,17210,0.9702970297029703
er4_m60_s6,er4,db_rescore,1,17260,0.9702970297029703
er4_m60_s6,er4,db_rescore,1,17310,0.9702970297029703
er4_m60_s6,er4,db_rescore,1,17360,0.9702970297029703
er4_m60_s6,er4,db_rescore,1,17410,0.9702970297029703
er4_m60_s6,er4,db_rescore,1,17460,0.9702970297029703
er4_m60_s6,er4,db_rescore,1,17510,0.9702970297029703
er4_m60_s6,er4,db_rescore,1,17560,0.9702970297029703
er4_m60_s6,er4,db_rescore,1,17610,0.9702970297029703
er4_m60_s6,er4,db_rescore,1,17660,0.9702970297029703
er4_m60_s6,er4,db_rescore,1,17710,0.9702970297029703
er4_m60_s6,er4,db_rescore,1,17760,0.9702970297029703
er4_m60_s6,er4,db_rescore,1,17810,0.9702970297029703
er4_m60_s6,er4,db_rescore,1,17860,0.9702970297029703
er4_m60_s6,er4,db_rescore,1,17910,0.9702970297029703
er4_m60_s6,er4,db_rescore,1,17960,0.9702970297029703
er4_m60_s6,er4,db_rescore,1,18010,0.9702970297029703
er4_m60_s6,er4,db_rescore,1,18060,0.9702970297029703
er4_m60_s6,er4,db_rescore,1,18110,0.9702970297029703
er4_m60_s6,er4,db_rescore,1,18160,0.9702970297029703
er4_m60_s6,er4,db_rescore,1,18210,0.9702970297029703
er4_m60_s6,er4,db_rescore,1,18260,0.9702970297029703
er4_m60_s6,er4,db_rescore,1,18310,0.9702970297029703
er4_m60_s6,er4,db_rescore,1,18360,0.9702970297029703
er4_m60_s6,er4,db_rescore,1,18410,0.9702970297029703
er4_m60_s6,er4,db_rescore,1,18460,0.9702970297029703
er4_m60_s6,er4,db_rescore,1,18510,0.9702970297029703
er4_m60_s6,er4,db_rescore,1,18560,0.9702970297029703
er4_m60_s6,er4,db_rescore,1,18610,0.9702970297029703
er4_m60_s6,er4,db_rescore,1,18660,0.9702970297029703
er4_m60_s6,er4,db_rescore,1,18710,0.9702970297029703
er4_m60_s6,er4,db_rescore,1,18760,0.9702970297029703
er4_m60_s6,er4,db_rescore,1,18810,0.9702970297029703
er4_m60_s6,er4,db_rescore,1,18860,0.9702970297029703
er4_m60_s6,er4,db_rescore,1,18910,0.9702970297029703
er4_m60_s6,er4,db_rescore,1,18960,0.9702970297029703
er4_m60_s6,er4,db_rescore,1,19010,0.9702970297029703
er4_m60_s6,er4,db_rescore,1,19060,0.9702970297029703
er4_m60_s6,er4,db_rescore,1,19110,0.9702970297029703
er4_m60_s6,er4,db_rescore,1,19160,0.9702970297029703
er4_m60_s6,er4,db_rescore,1,19210,0.9702970297029703
er4_m60_s6,er4,db_rescore,1,19260,0.9702970297029703
er4_m60_s6,er4,db_rescore,1,19310,0.9702970297029703
er4_m60_s6,er4,db_rescore,1,19360,0.9702970297029703
er4_m60_s6,er4,db_rescore,1,19410,0.9702970297029703
er4_m60_s6,er4,db_rescore,1,19460,0.9702970297029703
er4_m60_s6,er4,db_rescore,1,19510,0.9702970297029703
er4_m60_s6,er4,db_rescore,1,19560,0.9702970297029703
er4_m60_s6,er4,db_rescore,1,19610,0.9702970297029703
er4_m60_s6,er4,db_rescore,1,19660,0.9702970297029703
er4_m60_s6,er4,db_rescore,1,19710,0.9702970297029703
er4_m60_s6,er4,db_rescore,1,19760,0.9702970297029703
er4_m60_s6,er4,db_rescore,1,19810,0.9702970297029703
er4_m60_s6,er4,db_rescore,1,19860,0.9702970297029703
er4_m60_s6,er4,db_rescore,1,19910,0.9702970297029703
er4_m60_s6,er4,db_rescore,1,19960,0.9702970297029703
er4_m60_s6,er4,db_rescore,1,20010,0.9702970297029703
er4_m60_s7,er4,cold,0,10,0.6868686868686869
er4_m60_s7,er4,cold,0,60,0.7474747474747475
er4_m60_s7,er4,cold,0,110,0.7474747474747475
er4_m60_s7,er4,cold,0,160,0.7575757575757576
er4_m60_s7,er4,cold,0,210,0.7878787878787878
er4_m60_s7,er4,cold,0,260,0.7878787878787878
er4_m60_s7,er4,cold,0,310,0.7878787878787878
er4_m60_s7,er4,cold,0,360,0.7878787878787878
er4_m60_s7,er4,cold,0,410,0.7878787878787878
er4_m60_s7,er4,cold,0,460,0.8080808080808081
er4_m60_s7,er4,cold,0,510,0.8080808080808081
er4_m60_s7,er4,cold,0,560,0.8080808080808081
er4_m60_s7,er4,cold,0,610,0.8080808080808081
er4_m60_s7,er4,cold,0,660,0.8080808080808081
er4_m60_s7,er4,cold,0,710,0.8080808080808081
er4_m60_s7,er4,cold,0,760,0.8080808080808081
er4_m60_s7,er4,cold,0,810,0.8080808080808081
er4_m60_s7,er4,cold,0,860,0.8080808080808081
er4_m60_s7,er4,cold,0,910,0.8080808080808081
er4_m60_s7,er4,cold,0,960,0.8080808080808081
er4_m60_s7,er4,cold,0,1010,0.8080808080808081
er4_m60_s7,er4,cold,0,1060,0.8181818181818182
er4_m60_s7,er4,cold,0,1110,0.8181818181818182
er4_m60_s7,er4,cold,0,1160,0.8181818181818182
er4_m60_s7,er4,cold,0,1210,0.8282828282828283
er4_m60_s7,er4,cold,0,1260,0.8282828282828283
er4_m60_s7,er4,cold,0,1310,0.8282828282828283
er4_m60_s7,er4,cold,0,1360,0.8383838383838383
er4_m60_s7,er4,cold,0,1410,0.8383838383838383
er4_m60_s7,er4,cold,0,1460,0.8383838383838383
er4_m60_s7,er4,cold,0,1510,0.8383838383838383
er4_m60_s7,er4,cold,0,1560,0.8383838383838383
er4_m60_s7,er4,cold,0,1610,0.8383838383838383
er4_m60_s7,er4,cold,0,1660,0.8383838383838383
er4_m60_s7,er4,cold,0,1710,0.8383838383838383
er4_m60_s7,er4,cold,0,1760,0.8383838383838383
er4_m60_s7,er4,cold,0,1810,0.8383838383838383
er4_m60_s7,er4,cold,0,1860,0.8383838383838383
er4_m60_s7,er4,cold,0,1910,0.8383838383838383
er4_m60_s7,er4,cold,0,1960,0.8383838383838383
er4_m60_s7,er4,cold,0,2010,0.8383838383838383
er4_m60_s7,er4,cold,0,2060,0.8383838383838383
er4_m60_s7,er4,cold,0,2110,0.8383838383838383
er4_m60_s7,er4,cold,0,2160,0.8383838383838383
er4_m60_s7,er4,cold,0,2210,0.8383838383838383
er4_m60_s7,er4,cold,0,2260,0.8383838383838383
er4_m60_s7,er4,cold,0,2310,0.8383838383838383
er4_m60_s7,er4,cold,0,2360,0.8383838383838383
er4_m60_s7,er4,cold,0,2410,0.8383838383838383
er4_m60_s7,er4,cold,0,2460,0.8383838383838383
er4_m60_s7,er4,cold,0,2510,0.8383838383838383
er4_m60_s7,er4,cold,0,2560,0.8383838383838383
er4_m60_s7,er4,cold,0,2610,0.8383838383838383
er4_m60_s7,er4,cold,0,2660,0.8383838383838383
er4_m60_s7,er4,cold,0,2710,0.8383838383838383
er4_m60_s7,er4,cold,0,2760,0.8383838383838383
er4_m60_s7,er4,cold,0,2810,0.8383838383838383
er4_m60_s7,er4,cold,0,2860,0.8383838383838383
er4_m60_s7,er4,cold,0,2910,0.8383838383838383
er4_m60_s7,er4,cold,0,2960,0.8383838383838383
er4_m60_s7,er4,cold,0,3010,0.8383838383838383
er4_m60_s7,er4,cold,0,3060,0.8383838383838383
er4_m60_s7,er4,cold,0,3110,0.8383838383838383
er4_m60_s7,er4,cold,0,3160,0.8383838383838383
er4_m60_s7,er4,cold,0,3210,0.8383838383838383
er4_m60_s7,er4,cold,0,3260,0.8383838383838383
er4_m60_s7,er4,cold,0,3310,0.8383838383838383
er4_m60_s7,er4,cold,0,3360,0.8484848484848485
er4_m60_s7,er4,cold,0,3410,0.8484848484848485
er4_m60_s7,er4,cold,0,3460,0.8484848484848485
er4_m60_s7,er4,cold,0,3510,0.8484848484848485
er4_m60_s7,er4,cold,0,3560,0.8484848484848485
er4_m60_s7,er4,cold,0,3610,0.8484848484848485
er4_m60_s7,er4,cold,0,3660,0.8484848484848485
er4_m60_s7,er4,cold,0,3710,0.8484848484848485
er4_m60_s7,er4,cold,0,3760,0.8484848484848485
er4_m60_s7,er4,cold,0,3810,0.8484848484848485
er4_m60_s7,er4,cold,0,3860,0.8484848484848485
er4_m60_s7,er4,cold,0,3910,0.8484848484848485
er4_m60_s7,er4,cold,0,3960,0.8484848484848485
er4_m60_s7,er4,cold,0,4010,0.8484848484848485
er4_m60_s7,er4,cold,0,4060,0.8484848484848485
er4_m60_s7,er4,cold,0,4110,0.8484848484848485
er4_m60_s7,er4,cold,0,4160,0.8484848484848485
er4_m60_s7,er4,cold,0,4210,0.8484848484848485
er4_m60_s7,er4,cold,0,4260,0.8484848484848485
er4_m60_s7,er4,cold,0,4310,0.8484848484848485
er4_m60_s7,er4,cold,0,4360,0.8484848484848485
er4_m60_s7,er4,cold,0,4410,0.8484848484848485
er4_m60_s7,er4,cold,0,4460,0.8484848484848485
er4_m60_s7,er4,cold,0,4510,0.8484848484848485
er4_m60_s7,er4,cold,0,4560,0.8484848484848485
er4_m60_s7,er4,cold,0,4610,0.8484848484848485
er4_m60_s7,er4,cold,0,4660,0.8484848484848485
er4_m60_s7,er4,cold,0,4710,0.8484848484848485
er4_m60_s7,er4,cold,0,4760,0.8484848484848485
er4_m60_s7,er4,cold,0,4810,0.8484848484848485
er4_m60_s7,er4,cold,0,4860,0.8484848484848485
er4_m60_s7,er4,cold,0,4910,0.8484848484848485
er4_m60_s7,er4,cold,0,4960,0.8484848484848485
er4_m60_s7,er4,cold,0,5010,0.8484848484848485
er4_m60_s7,er4,cold,0,5060,0.8484848484848485
er4_m60_s7,er4,cold,0,5110,0.8484848484848485
er4_m60_s7,er4,cold,0,5160,0.8484848484848485
er4_m60_s7,er4,cold,0,5210,0.8484848484848485
er4_m60_s7,er4,cold,0,5260,0.8484848484848485
er4_m60_s7,er4,cold,0,5310,0.8484848484848485
er4_m60_s7,er4,cold,0,5360,0.8484848484848485
er4_m60_s7,er4,cold,0,5410,0.8484848484848485
er4_m60_s7,er4,cold,0,5460,0.8484848484848485
er4_m60_s7,er4,cold,0,5510,0.8484848484848485
er4_m60_s7,er4,cold,0,5560,0.8484848484848485
er4_m60_s7,er4,cold,0,5610,0.8484848484848485
er4_m60_s7,er4,cold,0,5660,0.8484848484848485
er4_m60_s7,er4,cold,0,5710,0.8484848484848485
er4_m60_s7,er4,cold,0,5760,0.8484848484848485
er4_m60_s7,er4,cold,0,5810,0.8484848484848485
er4_m60_s7,er4,cold,0,5860,0.8484848484848485
er4_m60_s7,er4,cold,0,5910,0.8484848484848485
er4_m60_s7,er4,cold,0,5960,0.8484848484848485
er4_m60_s7,er4,cold,0,6010,0.8484848484848485
er4_m60_s7,er4,cold,0,6060,0.8484848484848485
er4_m60_s7,er4,cold,0,6110,0.8484848484848485
er4_m60_s7,er4,cold,0,6160,0.8484848484848485
er4_m60_s7,er4,cold,0,6210,0.8484848484848485
er4_m60_s7,er4,cold,0,6260,0.8484848484848485
er4_m60_s7,er4,cold,0,6310,0.8484848484848485
er4_m60_s7,er4,cold,0,6360,0.8484848484848485
er4_m60_s7,er4,cold,0,6410,0.8484848484848485
er4_m60_s7,er4,cold,0,6460,0.8484848484848485
er4_m60_s7,er4,cold,0,6510,0.8484848484848485
er4_m60_s7,er4,cold,0,6560,0.8484848484848485
er4_m60_s7,er4,cold,0,6610,0.8484848484848485
er4_m60_s7,er4,cold,0,6660,0.8484848484848485
er4_m60_s7,er4,cold,0,6710,0.8484848484848485
er4_m60_s7,er4,cold,0,6760,0.8484848484848485
er4_m60_s7,er4,cold,0,6810,0.8484848484848485
er4_m60_s7,er4,cold,0,6860,0.8484848484848485
er4_m60_s7,er4,cold,0,6910,0.8484848484848485
er4_m60_s7,er4,cold,0,6960,0.8484848484848485
er4_m60_s7,er4,cold,0,7010,0.8484848484848485
er4_m60_s7,er4,cold,0,7060,0.8484848484848485
er4_m60_s7,er4,cold,0,7110,0.8484848484848485
er4_m60_s7,er4,cold,0,7160,0.8484848484848485
er4_m60_s7,er4,cold,0,7210,0.8484848484848485
er4_m60_s7,er4,cold,0,7260,0.8484848484848485
er4_m60_s7,er4,cold,0,7310,0.8484848484848485
er4_m60_s7,er4,cold,0,7360,0.8484848484848485
er4_m60_s7,er4,cold,0,7410,0.8484848484848485
er4_m60_s7,er4,cold,0,7460,0.8484848484848485
er4_m60_s7,er4,cold,0,7510,0.8484848484848485
er4_m60_s7,er4,cold,0,7560,0.8484848484848485
er4_m60_s7,er4,cold,0,7610,0.8484848484848485
er4_m60_s7,er4,cold,0,7660,0.8484848484848485
er4_m60_s7,er4,cold,0,7710,0.8484848484848485
er4_m60_s7,er4,cold,0,7760,0.8484848484848485
er4_m60_s7,er4,cold,0,7810,0.8484848484848485
er4_m60_s7,er4,cold,0,7860,0.8484848484848485
er4_m60_s7,er4,cold,0,7910,0.8484848484848485
er4_m60_s7,er4,cold,0,7960,0.8484848484848485
er4_m60_s7,er4,cold,0,8010,0.8484848484848485
er4_m60_s7,er4,cold,0,8060,0.8484848484848485
er4_m60_s7,er4,cold,0,8110,0.8484848484848485
er4_m60_s7,er4,cold,0,8160,0.8484848484848485
er4_m60_s7,er4,cold,0,8210,0.8484848484848485
er4_m60_s7,er4,cold,0,8260,0.8484848484848485
er4_m60_s7,er4,cold,0,8310,0.8484848484848485
er4_m60_s7,er4,cold,0,8360,0.8484848484848485
er4_m60_s7,er4,cold,0,8410,0.8484848484848485
er4_m60_s7,er4,cold,0,8460,0.8484848484848485
er4_m60_s7,er4,cold,0,8510,0.8484848484848485
er4_m60_s7,er4,cold,0,8560,0.8484848484848485
er4_m60_s7,er4,cold,0,8610,0.8484848484848485
er4_m60_s7,er4,cold,0,8660,0.8484848484848485
er4_m60_s7,er4,cold,0,8710,0.8484848484848485
er4_m60_s7,er4,cold,0,8760,0.8484848484848485
er4_m60_s7,er4,cold,0,8810,0.8484848484848485
er4_m60_s7,er4,cold,0,8860,0.8484848484848485
er4_m60_s7,er4,cold,0,8910,0.8484848484848485
er4_m60_s7,er4,cold,0,8960,0.8484848484848485
er4_m60_s7,er4,cold,0,9010,0.8484848484848485
er4_m60_s7,er4,cold,0,9060,0.8484848484848485
er4_m60_s7,er4,cold,0,9110,0.8484848484848485
er4_m60_s7,er4,cold,0,9160,0.8484848484848485
er4_m60_s7,er4,cold,0,9210,0.8484848484848485
er4_m60_s7,er4,cold,0,9260,0.8484848484848485
er4_m60_s7,er4,cold,0,9310,0.8484848484848485
er4_m60_s7,er4,cold,0,9360,0.8484848484848485
er4_m60_s7,er4,cold,0,9410,0.8484848484848485
er4_m60_s7,er4,cold,0,9460,0.8484848484848485
er4_m60_s7,er4,cold,0,9510,0.8484848484848485
er4_m60_s7,er4,cold,0,9560,0.8484848484848485
er4_m60_s7,er4,cold,0,9610,0.8484848484848485
er4_m60_s7,er4,cold,0,9660,0.8484848484848485
er4_m60_s7,er4,cold,0,9710,0.8484848484848485
er4_m60_s7,er4,cold,0,9760,0.8484848484848485
er4_m60_s7,er4,cold,0,9810,0.8484848484848485
er4_m60_s7,er4,cold,0,9860,0.8484848484848485
er4_m60_s7,er4,cold,0,9910,0.8484848484848485
er4_m60_s7,er4,cold,0,9960,0.8484848484848485
er4_m60_s7,er4,cold,0,10010,0.8484848484848485
er4_m60_s7,er4,cold,0,10060,0.8484848484848485
er4_m60_s7,er4,cold,0,10110,0.8484848484848485
er4_m60_s7,er4,cold,0,10160,0.8484848484848485
er4_m60_s7,er4,cold,0,10210,0.8484848484848485
er4_m60_s7,er4,cold,0,10260,0.8484848484848485
er4_m60_s7,er4,cold,0,10310,0.8484848484848485
er4_m60_s7,er4,cold,0,10360,0.8484848484848485
er4_m60_s7,er4,cold,0,10410,0.8484848484848485
er4_m60_s7,er4,cold,0,10460,0.8484848484848485
er4_m60_s7,er4,cold,0,10510,0.8484848484848485
er4_m60_s7,er4,cold,0,10560,0.8484848484848485
er4_m60_s7,er4,cold,0,10610,0.8484848484848485
er4_m60_s7,er4,cold,0,10660,0.8484848484848485
er4_m60_s7,er4,cold,0,10710,0.8484848484848485
er4_m60_s7,er4,cold,0,10760,0.8484848484848485
er4_m60_s7,er4,cold,0,10810,0.8484848484848485
er4_m60_s7,er4,cold,0,10860,0.8484848484848485
er4_m60_s7,er4,cold,0,10910,0.8484848484848485
er4_m60_s7,er4,cold,0,10960,0.8484848484848485
er4_m60_s7,er4,cold,0,11010,0.8484848484848485
er4_m60_s7,er4,cold,0,11060,0.8484848484848485
er4_m60_s7,er4,cold,0,11110,0.8484848484848485
er4_m60_s7,er4,cold,0,11160,0.8484848484848485
er4_m60_s7,er4,cold,0,11210,0.8484848484848485
er4_m60_s7,er4,cold,0,11260,0.8484848484848485
er4_m60_s7,er4,cold,0,11310,0.8484848484848485
er4_m60_s7,er4,cold,0,11360,0.8484848484848485
er4_m60_s7,er4,cold,0,11410,0.8484848484848485
er4_m60_s7,er4,cold,0,11460,0.8484848484848485
er4_m60_s7,er4,cold,0,11510,0.8484848484848485
er4_m60_s7,er4,cold,0,11560,0.8484848484848485
er4_m60_s7,er4,cold,0,11610,0.8484848484848485
er4_m60_s7,er4,cold,0,11660,0.8484848484848485
er4_m60_s7,er4,cold,0,11710,0.8484848484848485
er4_m60_s7,er4,cold,0,11760,0.8484848484848485
er4_m60_s7,er4,cold,0,11810,0.8484848484848485
er4_m60_s7,er4,cold,0,11860,0.8484848484848485
er4_m60_s7,er4,cold,0,11910,0.8484848484848485
er4_m60_s7,er4,cold,0,11960,0.8484848484848485
er4_m60_s7,er4,cold,0,12010,0.8484848484848485
er4_m60_s7,er4,cold,0,12060,0.8484848484848485
er4_m60_s7,er4,cold,0,12110,0.8484848484848485
er4_m60_s7,er4,cold,0,12160,0.8484848484848485
er4_m60_s7,er4,cold,0,12210,0.8484848484848485
er4_m60_s7,er4,cold,0,12260,0.8585858585858586
er4_m60_s7,er4,cold,0,12310,0.8585858585858586
er4_m60_s7,er4,cold,0,12360,0.8585858585858586
er4_m60_s7,er4,cold,0,12410,0.8585858585858586
er4_m60_s7,er4,cold,0,12460,0.8585858585858586
er4_m60_s7,er4,cold,0,12510,0.8585858585858586
er4_m60_s7,er4,cold,0,12560,0.8585858585858586
er4_m60_s7,er4,cold,0,12610,0.8585858585858586
er4_m60_s7,er4,cold,0,12660,0.8585858585858586
er4_m60_s7,er4,cold,0,12710,0.8585858585858586
er4_m60_s7,er4,cold,0,12760,0.8585858585858586
er4_m60_s7,er4,cold,0,12810,0.8686868686868687
er4_m60_s7,er4,cold,0,12860,0.8686868686868687
er4_m60_s7,er4,cold,0,12910,0.8686868686868687
er4_m60_s7,er4,cold,0,12960,0.8686868686868687
er4_m60_s7,er4,cold,0,13010,0.8686868686868687
er4_m60_s7,er4,cold,0,13060,0.8686868686868687
er4_m60_s7,er4,cold,0,13110,0.8686868686868687
er4_m60_s7,er4,cold,0,13160,0.8686868686868687
er4_m60_s7,er4,cold,0,13210,0.8686868686868687
er4_m60_s7,er4,cold,0,13260,0.8686868686868687
er4_m60_s7,er4,cold,0,13310,0.8686868686868687
er4_m60_s7,er4,cold,0,13360,0.8686868686868687
er4_m60_s7,er4,cold,0,13410,0.8686868686868687
er4_m60_s7,er4,cold,0,13460,0.8686868686868687
er4_m60_s7,er4,cold,0,13510,0.8686868686868687
er4_m60_s7,er4,cold,0,13560,0.8686868686868687
er4_m60_s7,er4,cold,0,13610,0.8686868686868687
er4_m60_s7,er4,cold,0,13660,0.8686868686868687
er4_m60_s7,er4,cold,0,13710,0.8686868686868687
er4_m60_s7,er4,cold,0,13760,0.8686868686868687
er4_m60_s7,er4,cold,0,13810,0.8686868686868687
er4_m60_s7,er4,cold,0,13860,0.8686868686868687
er4_m60_s7,er4,cold,0,13910,0.8686868686868687
er4_m60_s7,er4,cold,0,13960,0.8686868686868687
er4_m60_s7,er4,cold,0,14010,0.8686868686868687
er4_m60_s7,er4,cold,0,14060,0.8686868686868687
er4_m60_s7,er4,cold,0,14110,0.8686868686868687
er4_m60_s7,er4,cold,0,14160,0.8686868686868687
er4_m60_s7,er4,cold,0,14210,0.8686868686868687
er4_m60_s7,er4,cold,0,14260,0.8686868686868687
er4_m60_s7,er4,cold,0,14310,0.8686868686868687
er4_m60_s7,er4,cold,0,14360,0.8686868686868687
er4_m60_s7,er4,cold,0,14410,0.8686868686868687
er4_m60_s7,er4,cold,0,14460,0.8686868686868687
er4_m60_s7,er4,cold,0,14510,0.8686868686868687
er4_m60_s7,er4,cold,0,14560,0.8686868686868687
er4_m60_s7,er4,cold,0,14610,0.8686868686868687
er4_m60_s7,er4,cold,0,14660,0.8686868686868687
er4_m60_s7,er4,cold,0,14710,0.8686868686868687
er4_m60_s7,er4,cold,0,14760,0.8686868686868687
er4_m60_s7,er4,cold,0,14810,0.8686868686868687
er4_m60_s7,er4,cold,0,14860,0.8686868686868687
er4_m60_s7,er4,cold,0,14910,0.8686868686868687
er4_m60_s7,er4,cold,0,14960,0.8686868686868687
er4_m60_s7,er4,cold,0,15010,0.8686868686868687
er4_m60_s7,er4,cold,0,15060,0.8686868686868687
er4_m60_s7,er4,cold,0,15110,0.8686868686868687
er4_m60_s7,er4,cold,0,15160,0.8686868686868687
er4_m60_s7,er4,cold,0,15210,0.8686868686868687
er4_m60_s7,er4,cold,0,15260,0.8686868686868687
er4_m60_s7,er4,cold,0,15310,0.8686868686868687
er4_m60_s7,er4,cold,0,15360,0.8686868686868687
er4_m60_s7,er4,cold,0,15410,0.8686868686868687
er4_m60_s7,er4,cold,0,15460,0.8686868686868687
er4_m60_s7,er4,cold,0,15510,0.8686868686868687
er4_m60_s7,er4,cold,0,15560,0.8686868686868687
er4_m60_s7,er4,cold,0,15610,0.8686868686868687
er4_m60_s7,er4,cold,0,15660,0.8686868686868687
er4_m60_s7,er4,cold,0,15710,0.8686868686868687
er4_m60_s7,er4,cold,0,15760,0.8686868686868687
er4_m60_s7,er4,cold,0,15810,0.8686868686868687
er4_m60_s7,er4,cold,0,15860,0.8686868686868687
er4_m60_s7,er4,cold,0,15910,0.8686868686868687
er4_m60_s7,er4,cold,0,15960,0.8686868686868687
er4_m60_s7,er4,cold,0,16010,0.8686868686868687
er4_m60_s7,er4,cold,0,16060,0.8686868686868687
er4_m60_s7,er4,cold,0,16110,0.8686868686868687
er4_m60_s7,er4,cold,0,16160,0.8686868686868687
er4_m60_s7,er4,cold,0,16210,0.8686868686868687
er4_m60_s7,er4,cold,0,16260,0.8686868686868687
er4_m60_s7,er4,cold,0,16310,0.8686868686868687
er4_m60_s7,er4,cold,0,16360,0.8686868686868687
er4_m60_s7,er4,cold,0,16410,0.8686868686868687
er4_m60_s7,er4,cold,0,16460,0.8686868686868687
er4_m60_s7,er4,cold,0,16510,0.8686868686868687
er4_m60_s7,er4,cold,0,16560,0.8686868686868687
er4_m60_s7,er4,cold,0,16610,0.8686868686868687
er4_m60_s7,er4,cold,0,16660,0.8686868686868687
er4_m60_s7,er4,cold,0,16710,0.8686868686868687
er4_m60_s7,er4,cold,0,16760,0.8686868686868687
er4_m60_s7,er4,cold,0,16810,0.8686868686868687
er4_m60_s7,er4,cold,0,16860,0.8686868686868687
er4_m60_s7,er4,cold,0,16910,0.8686868686868687
er4_m60_s7,er4,cold,0,16960,0.8686868686868687
er4_m60_s7,er4,cold,0,17010,0.8686868686868687
er4_m60_s7,er4,cold,0,17060,0.8686868686868687
er4_m60_s7,er4,cold,0,17110,0.8686868686868687
er4_m60_s7,er4,cold,0,17160,0.8686868686868687
er4_m60_s7,er4,cold,0,17210,0.8686868686868687
er4_m60_s7,er4,cold,0,17260,0.8686868686868687
er4_m60_s7,er4,cold,0,17310,0.8686868686868687
er4_m60_s7,er4,cold,0,17360,0.8686868686868687
er4_m60_s7,er4,cold,0,17410,0.8686868686868687
er4_m60_s7,er4,cold,0,17460,0.8686868686868687
er4_m60_s7,er4,cold,0,17510,0.8686868686868687
er4_m60_s7,er4,cold,0,17560,0.8686868686868687
er4_m60_s7,er4,cold,0,17610,0.8686868686868687
er4_m60_s7,er4,cold,0,17660,0.8686868686868687
er4_m60_s7,er4,cold,0,17710,0.8686868686868687
er4_m60_s7,er4,cold,0,17760,0.8686868686868687
er4_m60_s7,er4,cold,0,17810,0.8686868686868687
er4_m60_s7,er4,cold,0,17860,0.8686868686868687
er4_m60_s7,er4,cold,0,17910,0.8686868686868687
er4_m60_s7,er4,cold,0,17960,0.8686868686868687
er4_m60_s7,er4,cold,0,18010,0.8686868686868687
er4_m60_s7,er4,cold,0,18060,0.8686868686868687
er4_m60_s7,er4,cold,0,18110,0.8686868686868687
er4_m60_s7,er4,cold,0,18160,0.8686868686868687
er4_m60_s7,er4,cold,0,18210,0.8686868686868687
er4_m60_s7,er4,cold,0,18260,0.8686868686868687
er4_m60_s7,er4,cold,0,18310,0.8686868686868687
er4_m60_s7,er4,cold,0,18360,0.8686868686868687
er4_m60_s7,er4,cold,0,18410,0.8686868686868687
er4_m60_s7,er4,cold,0,18460,0.8686868686868687
er4_m60_s7,er4,cold,0,18510,0.8686868686868687
er4_m60_s7,er4,cold,0,18560,0.8686868686868687
er4_m60_s7,er4,cold,0,18610,0.8686868686868687
er4_m60_s7,er4,cold,0,18660,0.8686868686868687
er4_m60_s7,er4,cold,0,18710,0.8686868686868687
er4_m60_s7,er4,cold,0,18760,0.8686868686868687
er4_m60_s7,er4,cold,0,18810,0.8686868686868687
er4_m60_s7,er4,cold,0,18860,0.8686868686868687
er4_m60_s7,er4,cold,0,18910,0.8686868686868687
er4_m60_s7,er4,cold,0,18960,0.8686868686868687
er4_m60_s7,er4,cold,0,19010,0.8686868686868687
er4_m60_s7,er4,cold,0,19060,0.8686868686868687
er4_m60_s7,er4,cold,0,19110,0.8686868686868687
er4_m60_s7,er4,cold,0,19160,0.8686868686868687
er4_m60_s7,er4,cold,0,19210,0.8686868686868687
er4_m60_s7,er4,cold,0,19260,0.8686868686868687
er4_m60_s7,er4,cold,0,19310,0.8686868686868687
er4_m60_s7,er4,cold,0,19360,0.8686868686868687
er4_m60_s7,er4,cold,0,19410,0.8686868686868687
er4_m60_s7,er4,cold,0,19460,0.8686868686868687
er4_m60_s7,er4,cold,0,19510,0.8686868686868687
er4_m60_s7,er4,cold,0,19560,0.8686868686868687
er4_m60_s7,er4,cold,0,19610,0.8686868686868687
er4_m60_s7,er4,cold,0,19660,0.8686868686868687
er4_m60_s7,er4,cold,0,19710,0.8686868686868687
er4_m60_s7,er4,cold,0,19760,0.8686868686868687
er4_m60_s7,er4,cold,0,19810,0.8686868686868687
er4_m60_s7,er4,cold,0,19860,0.8686868686868687
er4_m60_s7,er4,cold,0,19910,0.8686868686868687
er4_m60_s7,er4,cold,0,19960,0.8686868686868687
er4_m60_s7,er4,cold,0,20010,0.8686868686868687
er4_m60_s7,er4,prior_init,0,210,0.7575757575757576
er4_m60_s7,er4,prior_init,0,260,0.7575757575757576
er4_m60_s7,er4,prior_init,0,310,0.7373737373737373
er4_m60_s7,er4,prior_init,0,360,0.7373737373737373
er4_m60_s7,er4,prior_init,0,410,0.7575757575757576
er4_m60_s7,er4,prior_init,0,460,0.7474747474747475
er4_m60_s7,er4,prior_init,0,510,0.8080808080808081
er4_m60_s7,er4,prior_init,0,560,0.8282828282828283
er4_m60_s7,er4,prior_init,0,610,0.8282828282828283
er4_m60_s7,er4,prior_init,0,660,0.8282828282828283
er4_m60_s7,er4,prior_init,0,710,0.8282828282828283
er4_m60_s7,er4,prior_init,0,760,0.8383838383838383
er4_m60_s7,er4,prior_init,0,810,0.8383838383838383
er4_m60_s7,er4,prior_init,0,860,0.8383838383838383
er4_m60_s7,er4,prior_init,0,910,0.8484848484848485
er4_m60_s7,er4,prior_init,0,960,0.8484848484848485
er4_m60_s7,er4,prior_init,0,1010,0.8585858585858586
er4_m60_s7,er4,prior_init,0,1060,0.8585858585858586
er4_m60_s7,er4,prior_init,0,1110,0.8585858585858586
er4_m60_s7,er4,prior_init,0,1160,0.8585858585858586
er4_m60_s7,er4,prior_init,0,1210,0.8585858585858586
er4_m60_s7,er4,prior_init,0,1260,0.8585858585858586
er4_m60_s7,er4,prior_init,0,1310,0.8585858585858586
er4_m60_s7,er4,prior_init,0,1360,0.8585858585858586
er4_m60_s7,er4,prior_init,0,1410,0.8686868686868687
er4_m60_s7,er4,prior_init,0,1460,0.8686868686868687
er4_m60_s7,er4,prior_init,0,1510,0.8686868686868687
er4_m60_s7,er4,prior_init,0,1560,0.8686868686868687
er4_m60_s7,er4,prior_init,0,1610,0.8787878787878788
er4_m60_s7,er4,prior_init,0,1660,0.8787878787878788
er4_m60_s7,er4,prior_init,0,1710,0.8787878787878788
er4_m60_s7,er4,prior_init,0,1760,0.8787878787878788
er4_m60_s7,er4,prior_init,0,1810,0.8787878787878788
er4_m60_s7,er4,prior_init,0,1860,0.8787878787878788
er4_m60_s7,er4,prior_init,0,1910,0.8787878787878788
er4_m60_s7,er4,prior_init,0,1960,0.8787878787878788
er4_m60_s7,er4,prior_init,0,2010,0.8787878787878788
er4_m60_s7,er4,prior_init,0,2060,0.8787878787878788
er4_m60_s7,er4,prior_init,0,2110,0.898989898989899
er4_m60_s7,er4,prior_init,0,2160,0.898989898989899
er4_m60_s7,er4,prior_init,0,2210,0.898989898989899
er4_m60_s7,er4,prior_init,0,2260,0.898989898989899
er4_m60_s7,er4,prior_init,0,2310,0.898989898989899
er4_m60_s7,er4,prior_init,0,2360,0.898989898989899
er4_m60_s7,er4,prior_init,0,2410,0.898989898989899
er4_m60_s7,er4,prior_init,0,2460,0.898989898989899
er4_m60_s7,er4,prior_init,0,2510,0.898989898989899
er4_m60_s7,er4,prior_init,0,2560,0.898989898989899
er4_m60_s7,er4,prior_init,0,2610,0.898989898989899
er4_m60_s7,er4,prior_init,0,2660,0.898989898989899
er4_m60_s7,er4,prior_init,0,2710,0.898989898989899
er4_m60_s7,er4,prior_init,0,2760,0.898989898989899
er4_m60_s7,er4,prior_init,0,2810,0.898989898989899
er4_m60_s7,er4,prior_init,0,2860,0.9090909090909091
er4_m60_s7,er4,prior_init,0,2910,0.9090909090909091
er4_m60_s7,er4,prior_init,0,2960,0.9090909090909091
er4_m60_s7,er4,prior_init,0,3010,0.9090909090909091
er4_m60_s7,er4,prior_init,0,3060,0.9090909090909091
er4_m60_s7,er4,prior_init,0,3110,0.9090909090909091
er4_m60_s7,er4,prior_init,0,3160,0.9090909090909091
er4_m60_s7,er4,prior_init,0,3210,0.9090909090909091
er4_m60_s7,er4,prior_init,0,3260,0.9090909090909091
er4_m60_s7,er4,prior_init,0,3310,0.9090909090909091
er4_m60_s7,er4,prior_init,0,3360,0.9090909090909091
er4_m60_s7,er4,prior_init,0,3410,0.9090909090909091
er4_m60_s7,er4,prior_init,0,3460,0.9090909090909091
er4_m60_s7,er4,prior_init,0,3510,0.9090909090909091
er4_m60_s7,er4,prior_init,0,3560,0.9090909090909091
er4_m60_s7,er4,prior_init,0,3610,0.9090909090909091
er4_m60_s7,er4,prior_init,0,3660,0.9090909090909091
er4_m60_s7,er4,prior_init,0,3710,0.9090909090909091
er4_m60_s7,er4,prior_init,0,3760,0.9090909090909091
er4_m60_s7,er4,prior_init,0,3810,0.9090909090909091
er4_m60_s7,er4,prior_init,0,3860,0.9090909090909091
er4_m60_s7,er4,prior_init,0,3910,0.9090909090909091
er4_m60_s7,er4,prior_init,0,3960,0.9090909090909091
er4_m60_s7,er4,prior_init,0,4010,0.9090909090909091
er4_m60_s7,er4,prior_init,0,4060,0.9090909090909091
er4_m60_s7,er4,prior_init,0,4110,0.9090909090909091
er4_m60_s7,er4,prior_init,0,4160,0.9090909090909091
er4_m60_s7,er4,prior_init,0,4210,0.9090909090909091
er4_m60_s7,er4,prior_init,0,4260,0.9090909090909091
er4_m60_s7,er4,prior_init,0,4310,0.9090909090909091
er4_m60_s7,er4,prior_init,0,4360,0.9090909090909091
er4_m60_s7,er4,prior_init,0,4410,0.9090909090909091
er4_m60_s7,er4,prior_init,0,4460,0.9090909090909091
er4_m60_s7,er4,prior_init,0,4510,0.9090909090909091
er4_m60_s7,er4,prior_init,0,4560,0.9090909090909091
er4_m60_s7,er4,prior_init,0,4610,0.9090909090909091
er4_m60_s7,er4,prior_init,0,4660,0.9090909090909091
er4_m60_s7,er4,prior_init,0,4710,0.9090909090909091
er4_m60_s7,er4,prior_init,0,4760,0.9090909090909091
er4_m60_s7,er4,prior_init,0,4810,0.9090909090909091
er4_m60_s7,er4,prior_init,0,4860,0.9090909090909091
er4_m60_s7,er4,prior_init,0,4910,0.9090909090909091
er4_m60_s7,er4,prior_init,0,4960,0.9090909090909091
er4_m60_s7,er4,prior_init,0,5010,0.9090909090909091
er4_m60_s7,er4,prior_init,0,5060,0.9090909090909091
er4_m60_s7,er4,prior_init,0,5110,0.9090909090909091
er4_m60_s7,er4,prior_init,0,5160,0.9090909090909091
er4_m60_s7,er4,prior_init,0,5210,0.9090909090909091
er4_m60_s7,er4,prior_init,0,5260,0.9090909090909091
er4_m60_s7,er4,prior_init,0,5310,0.9090909090909091
er4_m60_s7,er4,prior_init,0,5360,0.9090909090909091
er4_m60_s7,er4,prior_init,0,5410,0.9090909090909091
er4_m60_s7,er4,prior_init,0,5460,0.9090909090909091
er4_m60_s7,er4,prior_init,0,5510,0.9090909090909091
er4_m60_s7,er4,prior_init,0,5560,0.9090909090909091
er4_m60_s7,er4,prior_init,0,5610,0.9090909090909091
er4_m60_s7,er4,prior_init,0,5660,0.9090909090909091
er4_m60_s7,er4,prior_init,0,5710,0.9090909090909091
er4_m60_s7,er4,prior_init,0,5760,0.9090909090909091
er4_m60_s7,er4,prior_init,0,5810,0.9090909090909091
er4_m60_s7,er4,prior_init,0,5860,0.9090909090909091
er4_m60_s7,er4,prior_init,0,5910,0.9090909090909091
er4_m60_s7,er4,prior_init,0,5960,0.9090909090909091
er4_m60_s7,er4,prior_init,0,6010,0.9090909090909091
er4_m60_s7,er4,prior_init,0,6060,0.9090909090909091
er4_m60_s7,er4,prior_init,0,6110,0.9090909090909091
er4_m60_s7,er4,prior_init,0,6160,0.9090909090909091
er4_m60_s7,er4,prior_init,0,6210,0.9090909090909091
er4_m60_s7,er4,prior_init,0,6260,0.9090909090909091
er4_m60_s7,er4,prior_init,0,6310,0.9090909090909091
er4_m60_s7,er4,prior_init,0,6360,0.9090909090909091
er4_m60_s7,er4,prior_init,0,6410,0.9090909090909091
er4_m60_s7,er4,prior_init,0,6460,0.9090909090909091
er4_m60_s7,er4,prior_init,0,6510,0.9090909090909091
er4_m60_s7,er4,prior_init,0,6560,0.9090909090909091
er4_m60_s7,er4,prior_init,0,6610,0.9090909090909091
er4_m60_s7,er4,prior_init,0,6660,0.9090909090909091
er4_m60_s7,er4,prior_init,0,6710,0.9090909090909091
er4_m60_s7,er4,prior_init,0,6760,0.9090909090909091
er4_m60_s7,er4,prior_init,0,6810,0.9090909090909091
er4_m60_s7,er4,prior_init,0,6860,0.9090909090909091
er4_m60_s7,er4,prior_init,0,6910,0.9090909090909091
er4_m60_s7,er4,prior_init,0,6960,0.9090909090909091
er4_m60_s7,er4,prior_init,0,7010,0.9090909090909091
er4_m60_s7,er4,prior_init,0,7060,0.9090909090909091
er4_m60_s7,er4,prior_init,0,7110,0.9090909090909091
er4_m60_s7,er4,prior_init,0,7160,0.9090909090909091
er4_m60_s7,er4,prior_init,0,7210,0.9090909090909091
er4_m60_s7,er4,prior_init,0,7260,0.9090909090909091
er4_m60_s7,er4,prior_init,0,7310,0.9090909090909091
er4_m60_s7,er4,prior_init,0,7360,0.9090909090909091
er4_m60_s7,er4,prior_init,0,7410,0.9090909090909091
er4_m60_s7,er4,prior_init,0,7460,0.9090909090909091
er4_m60_s7,er4,prior_init,0,7510,0.9090909090909091
er4_m60_s7,er4,prior_init,0,7560,0.9090909090909091
er4_m60_s7,er4,prior_init,0,7610,0.9090909090909091
er4_m60_s7,er4,prior_init,0,7660,0.9090909090909091
er4_m60_s7,er4,prior_init,0,7710,0.9090909090909091
er4_m60_s7,er4,prior_init,0,7760,0.9090909090909091
er4_m60_s7,er4,prior_init,0,7810,0.9090909090909091
er4_m60_s7,er4,prior_init,0,7860,0.9090909090909091
er4_m60_s7,er4,prior_init,0,7910,0.9090909090909091
er4_m60_s7,er4,prior_init,0,7960,0.9090909090909091
er4_m60_s7,er4,prior_init,0,8010,0.9090909090909091
er4_m60_s7,er4,prior_init,0,8060,0.9090909090909091
er4_m60_s7,er4,prior_init,0,8110,0.9090909090909091
er4_m60_s7,er4,prior_init,0,8160,0.9090909090909091
er4_m60_s7,er4,prior_init,0,8210,0.9090909090909091
er4_m60_s7,er4,prior_init,0,8260,0.9090909090909091
er4_m60_s7,er4,prior_init,0,8310,0.9090909090909091
er4_m60_s7,er4,prior_init,0,8360,0.9090909090909091
er4_m60_s7,er4,prior_init,0,8410,0.9090909090909091
er4_m60_s7,er4,prior_init,0,8460,0.9090909090909091
er4_m60_s7,er4,prior_init,0,8510,0.9090909090909091
er4_m60_s7,er4,prior_init,0,8560,0.9090909090909091
er4_m60_s7,er4,prior_init,0,8610,0.9090909090909091
er4_m60_s7,er4,prior_init,0,8660,0.9090909090909091
er4_m60_s7,er4,prior_init,0,8710,0.9090909090909091
er4_m60_s7,er4,prior_init,0,8760,0.9090909090909091
er4_m60_s7,er4,prior_init,0,8810,0.9090909090909091
er4_m60_s7,er4,prior_init,0,8860,0.9090909090909091
er4_m60_s7,er4,prior_init,0,8910,0.9090909090909091
er4_m60_s7,er4,prior_init,0,8960,0.9090909090909091
er4_m60_s7,er4,prior_init,0,9010,0.9090909090909091
er4_m60_s7,er4,prior_init,0,9060,0.9090909090909091
er4_m60_s7,er4,prior_init,0,9110,0.9090909090909091
er4_m60_s7,er4,prior_init,0,9160,0.9090909090909091
er4_m60_s7,er4,prior_init,0,9210,0.9090909090909091
er4_m60_s7,er4,prior_init,0,9260,0.9090909090909091
er4_m60_s7,er4,prior_init,0,9310,0.9090909090909091
er4_m60_s7,er4,prior_init,0,9360,0.9090909090909091
er4_m60_s7,er4,prior_init,0,9410,0.9090909090909091
er4_m60_s7,er4,prior_init,0,9460,0.9090909090909091
er4_m60_s7,er4,prior_init,0,9510,0.9090909090909091
er4_m60_s7,er4,prior_init,0,9560,0.9090909090909091
er4_m60_s7,er4,prior_init,0,9610,0.9090909090909091
er4_m60_s7,er4,prior_init,0,9660,0.9090909090909091
er4_m60_s7,er4,prior_init,0,9710,0.9090909090909091
er4_m60_s7,er4,prior_init,0,9760,0.9090909090909091
er4_m60_s7,er4,prior_init,0,9810,0.9090909090909091
er4_m60_s7,er4,prior_init,0,9860,0.9090909090909091
er4_m60_s7,er4,prior_init,0,9910,0.9090909090909091
er4_m60_s7,er4,prior_init,0,9960,0.9090909090909091
er4_m60_s7,er4,prior_init,0,10010,0.9090909090909091
er4_m60_s7,er4,prior_init,0,10060,0.9090909090909091
er4_m60_s7,er4,prior_init,0,10110,0.9090909090909091
er4_m60_s7,er4,prior_init,0,10160,0.9090909090909091
er4_m60_s7,er4,prior_init,0,10210,0.9090909090909091
er4_m60_s7,er4,prior_init,0,10260,0.9090909090909091
er4_m60_s7,er4,prior_init,0,10310,0.9090909090909091
er4_m60_s7,er4,prior_init,0,10360,0.9090909090909091
er4_m60_s7,er4,prior_init,0,10410,0.9090909090909091
er4_m60_s7,er4,prior_init,0,10460,0.9090909090909091
er4_m60_s7,er4,prior_init,0,10510,0.9090909090909091
er4_m60_s7,er4,prior_init,0,10560,0.9090909090909091
er4_m60_s7,er4,prior_init,0,10610,0.9090909090909091
er4_m60_s7,er4,prior_init,0,10660,0.9090909090909091
er4_m60_s7,er4,prior_init,0,10710,0.9090909090909091
er4_m60_s7,er4,prior_init,0,10760,0.9090909090909091
er4_m60_s7,er4,prior_init,0,10810,0.9090909090909091
er4_m60_s7,er4,prior_init,0,10860,0.9090909090909091
er4_m60_s7,er4,prior_init,0,10910,0.9090909090909091
er4_m60_s7,er4,prior_init,0,10960,0.9090909090909091
er4_m60_s7,er4,prior_init,0,11010,0.9090909090909091
er4_m60_s7,er4,prior_init,0,11060,0.9090909090909091
er4_m60_s7,er4,prior_init,0,11110,0.9090909090909091
er4_m60_s7,er4,prior_init,0,11160,0.9090909090909091
er4_m60_s7,er4,prior_init,0,11210,0.9090909090909091
er4_m60_s7,er4,prior_init,0,11260,0.9090909090909091
er4_m60_s7,er4,prior_init,0,11310,0.9090909090909091
er4_m60_s7,er4,prior_init,0,11360,0.9090909090909091
er4_m60_s7,er4,prior_init,0,11410,0.9090909090909091
er4_m60_s7,er4,prior_init,0,11460,0.9090909090909091
er4_m60_s7,er4,prior_init,0,11510,0.9090909090909091
er4_m60_s7,er4,prior_init,0,11560,0.9090909090909091
er4_m60_s7,er4,prior_init,0,11610,0.9090909090909091
er4_m60_s7,er4,prior_init,0,11660,0.9090909090909091
er4_m60_s7,er4,prior_init,0,11710,0.9090909090909091
er4_m60_s7,er4,prior_init,0,11760,0.9090909090909091
er4_m60_s7,er4,prior_init,0,11810,0.9090909090909091
er4_m60_s7,er4,prior_init,0,11860,0.9090909090909091
er4_m60_s7,er4,prior_init,0,11910,0.9090909090909091
er4_m60_s7,er4,prior_init,0,11960,0.9090909090909091
er4_m60_s7,er4,prior_init,0,12010,0.9090909090909091
er4_m60_s7,er4,prior_init,0,12060,0.9090909090909091
er4_m60_s7,er4,prior_init,0,12110,0.9090909090909091
er4_m60_s7,er4,prior_init,0,12160,0.9090909090909091
er4_m60_s7,er4,prior_init,0,12210,0.9090909090909091
er4_m60_s7,er4,prior_init,0,12260,0.9090909090909091
er4_m60_s7,er4,prior_init,0,12310,0.9090909090909091
er4_m60_s7,er4,prior_init,0,12360,0.9090909090909091
er4_m60_s7,er4,prior_init,0,12410,0.9090909090909091
er4_m60_s7,er4,prior_init,0,12460,0.9090909090909091
er4_m60_s7,er4,prior_init,0,12510,0.9090909090909091
er4_m60_s7,er4,prior_init,0,12560,0.9090909090909091
er4_m60_s7,er4,prior_init,0,12610,0.9090909090909091
er4_m60_s7,er4,prior_init,0,12660,0.9090909090909091
er4_m60_s7,er4,prior_init,0,12710,0.9090909090909091
er4_m60_s7,er4,prior_init,0,12760,0.9090909090909091
er4_m60_s7,er4,prior_init,0,12810,0.9090909090909091
er4_m60_s7,er4,prior_init,0,12860,0.9090909090909091
er4_m60_s7,er4,prior_init,0,12910,0.9090909090909091
er4_m60_s7,er4,prior_init,0,12960,0.9090909090909091
er4_m60_s7,er4,prior_init,0,13010,0.9090909090909091
er4_m60_s7,er4,prior_init,0,13060,0.9090909090909091
er4_m60_s7,er4,prior_init,0,13110,0.9090909090909091
er4_m60_s7,er4,prior_init,0,13160,0.9090909090909091
er4_m60_s7,er4,prior_init,0,13210,0.9090909090909091
er4_m60_s7,er4,prior_init,0,13260,0.9090909090909091
er4_m60_s7,er4,prior_init,0,13310,0.9090909090909091
er4_m60_s7,er4,prior_init,0,13360,0.9090909090909091
er4_m60_s7,er4,prior_init,0,13410,0.9090909090909091
er4_m60_s7,er4,prior_init,0,13460,0.9090909090909091
er4_m60_s7,er4,prior_init,0,13510,0.9090909090909091
er4_m60_s7,er4,prior_init,0,13560,0.9090909090909091
er4_m60_s7,er4,prior_init,0,13610,0.9090909090909091
er4_m60_s7,er4,prior_init,0,13660,0.9090909090909091
er4_m60_s7,er4,prior_init,0,13710,0.9090909090909091
er4_m60_s7,er4,prior_init,0,13760,0.9090909090909091
er4_m60_s7,er4,prior_init,0,13810,0.9090909090909091
er4_m60_s7,er4,prior_init,0,13860,0.9090909090909091
er4_m60_s7,er4,prior_init,0,13910,0.9090909090909091
er4_m60_s7,er4,prior_init,0,13960,0.9090909090909091
er4_m60_s7,er4,prior_init,0,14010,0.9090909090909091
er4_m60_s7,er4,prior_init,0,14060,0.9090909090909091
er4_m60_s7,er4,prior_init,0,14110,0.9090909090909091
er4_m60_s7,er4,prior_init,0,14160,0.9090909090909091
er4_m60_s7,er4,prior_init,0,14210,0.9090909090909091
er4_m60_s7,er4,prior_init,0,14260,0.9090909090909091
er4_m60_s7,er4,prior_init,0,14310,0.9090909090909091
er4_m60_s7,er4,prior_init,0,14360,0.9090909090909091
er4_m60_s7,er4,prior_init,0,14410,0.9090909090909091
er4_m60_s7,er4,prior_init,0,14460,0.9090909090909091
er4_m60_s7,er4,prior_init,0,14510,0.9090909090909091
er4_m60_s7,er4,prior_init,0,14560,0.9090909090909091
er4_m60_s7,er4,prior_init,0,14610,0.9090909090909091
er4_m60_s7,er4,prior_init,0,14660,0.9090909090909091
er4_m60_s7,er4,prior_init,0,14710,0.9090909090909091
er4_m60_s7,er4,prior_init,0,14760,0.9090909090909091
er4_m60_s7,er4,prior_init,0,14810,0.9090909090909091
er4_m60_s7,er4,prior_init,0,14860,0.9090909090909091
er4_m60_s7,er4,prior_init,0,14910,0.9090909090909091
er4_m60_s7,er4,prior_init,0,14960,0.9090909090909091
er4_m60_s7,er4,prior_init,0,15010,0.9090909090909091
er4_m60_s7,er4,prior_init,0,15060,0.9090909090909091
er4_m60_s7,er4,prior_init,0,15110,0.9090909090909091
er4_m60_s7,er4,prior_init,0,15160,0.9090909090909091
er4_m60_s7,er4,prior_init,0,15210,0.9090909090909091
er4_m60_s7,er4,prior_init,0,15260,0.9090909090909091
er4_m60_s7,er4,prior_init,0,15310,0.9090909090909091
er4_m60_s7,er4,prior_init,0,15360,0.9090909090909091
er4_m60_s7,er4,prior_init,0,15410,0.9090909090909091
er4_m60_s7,er4,prior_init,0,15460,0.9090909090909091
er4_m60_s7,er4,prior_init,0,15510,0.9090909090909091
er4_m60_s7,er4,prior_init,0,15560,0.9090909090909091
er4_m60_s7,er4,prior_init,0,15610,0.9090909090909091
er4_m60_s7,er4,prior_init,0,15660,0.9090909090909091
er4_m60_s7,er4,prior_init,0,15710,0.9090909090909091
er4_m60_s7,er4,prior_init,0,15760,0.9090909090909091
er4_m60_s7,er4,prior_init,0,15810,0.9090909090909091
er4_m60_s7,er4,prior_init,0,15860,0.9090909090909091
er4_m60_s7,er4,prior_init,0,15910,0.9090909090909091
er4_m60_s7,er4,prior_init,0,15960,0.9090909090909091
er4_m60_s7,er4,prior_init,0,16010,0.9090909090909091
er4_m60_s7,er4,prior_init,0,16060,0.9090909090909091
er4_m60_s7,er4,prior_init,0,16110,0.9090909090909091
er4_m60_s7,er4,prior_init,0,16160,0.9090909090909091
er4_m60_s7,er4,prior_init,0,16210,0.9090909090909091
er4_m60_s7,er4,prior_init,0,16260,0.9090909090909091
er4_m60_s7,er4,prior_init,0,16310,0.9090909090909091
er4_m60_s7,er4,prior_init,0,16360,0.9090909090909091
er4_m60_s7,er4,prior_init,0,16410,0.9090909090909091
er4_m60_s7,er4,prior_init,0,16460,0.9090909090909091
er4_m60_s7,er4,prior_init,0,16510,0.9090909090909091
er4_m60_s7,er4,prior_init,0,16560,0.9090909090909091
er4_m60_s7,er4,prior_init,0,16610,0.9090909090909091
er4_m60_s7,er4,prior_init,0,16660,0.9090909090909091
er4_m60_s7,er4,prior_init,0,16710,0.9090909090909091
er4_m60_s7,er4,prior_init,0,16760,0.9090909090909091
er4_m60_s7,er4,prior_init,0,16810,0.9090909090909091
er4_m60_s7,er4,prior_init,0,16860,0.9090909090909091
er4_m60_s7,er4,prior_init,0,16910,0.9090909090909091
er4_m60_s7,er4,prior_init,0,16960,0.9090909090909091
er4_m60_s7,er4,prior_init,0,17010,0.9090909090909091
er4_m60_s7,er4,prior_init,0,17060,0.9090909090909091
er4_m60_s7,er4,prior_init,0,17110,0.9090909090909091
er4_m60_s7,er4,prior_init,0,17160,0.9090909090909091
er4_m60_s7,er4,prior_init,0,17210,0.9090909090909091
er4_m60_s7,er4,prior_init,0,17260,0.9090909090909091
er4_m60_s7,er4,prior_init,0,17310,0.9090909090909091
er4_m60_s7,er4,prior_init,0,17360,0.9090909090909091
er4_m60_s7,er4,prior_init,0,17410,0.9090909090909091
er4_m60_s7,er4,prior_init,0,17460,0.9090909090909091
er4_m60_s7,er4,prior_init,0,17510,0.9090909090909091
er4_m60_s7,er4,prior_init,0,17560,0.9090909090909091
er4_m60_s7,er4,prior_init,0,17610,0.9090909090909091
er4_m60_s7,er4,prior_init,0,17660,0.9090909090909091
er4_m60_s7,er4,prior_init,0,17710,0.9090909090909091
er4_m60_s7,er4,prior_init,0,17760,0.9090909090909091
er4_m60_s7,er4,prior_init,0,17810,0.9090909090909091
er4_m60_s7,er4,prior_init,0,17860,0.9090909090909091
er4_m60_s7,er4,prior_init,0,17910,0.9090909090909091
er4_m60_s7,er4,prior_init,0,17960,0.9090909090909091
er4_m60_s7,er4,prior_init,0,18010,0.9090909090909091
er4_m60_s7,er4,prior_init,0,18060,0.9090909090909091
er4_m60_s7,er4,prior_init,0,18110,0.9090909090909091
er4_m60_s7,er4,prior_init,0,18160,0.9090909090909091
er4_m60_s7,er4,prior_init,0,18210,0.9090909090909091
er4_m60_s7,er4,prior_init,0,18260,0.9090909090909091
er4_m60_s7,er4,prior_init,0,18310,0.9090909090909091
er4_m60_s7,er4,prior_init,0,18360,0.9090909090909091
er4_m60_s7,er4,prior_init,0,18410,0.9090909090909091
er4_m60_s7,er4,prior_init,0,18460,0.9090909090909091
er4_m60_s7,er4,prior_init,0,18510,0.9090909090909091
er4_m60_s7,er4,prior_init,0,18560,0.9090909090909091
er4_m60_s7,er4,prior_init,0,18610,0.9090909090909091
er4_m60_s7,er4,prior_init,0,18660,0.9090909090909091
er4_m60_s7,er4,prior_init,0,18710,0.9090909090909091
er4_m60_s7,er4,prior_init,0,18760,0.9090909090909091
er4_m60_s7,er4,prior_init,0,18810,0.9090909090909091
er4_m60_s7,er4,prior_init,0,18860,0.9090909090909091
er4_m60_s7,er4,prior_init,0,18910,0.9090909090909091
er4_m60_s7,er4,prior_init,0,18960,0.9090909090909091
er4_m60_s7,er4,prior_init,0,19010,0.9090909090909091
er4_m60_s7,er4,prior_init,0,19060,0.9090909090909091
er4_m60_s7,er4,prior_init,0,19110,0.9090909090909091
er4_m60_s7,er4,prior_init,0,19160,0.9090909090909091
er4_m60_s7,er4,prior_init,0,19210,0.9090909090909091
er4_m60_s7,er4,prior_init,0,19260,0.9090909090909091
er4_m60_s7,er4,prior_init,0,19310,0.9090909090909091
er4_m60_s7,er4,prior_init,0,19360,0.9090909090909091
er4_m60_s7,er4,prior_init,0,19410,0.9090909090909091
er4_m60_s7,er4,prior_init,0,19460,0.9090909090909091
er4_m60_s7,er4,prior_init,0,19510,0.9090909090909091
er4_m60_s7,er4,prior_init,0,19560,0.9090909090909091
er4_m60_s7,er4,prior_init,0,19610,0.9090909090909091
er4_m60_s7,er4,prior_init,0,19660,0.9090909090909091
er4_m60_s7,er4,prior_init,0,19710,0.9090909090909091
er4_m60_s7,er4,prior_init,0,19760,0.9090909090909091
er4_m60_s7,er4,prior_init,0,19810,0.9090909090909091
er4_m60_s7,er4,prior_init,0,19860,0.9090909090909091
er4_m60_s7,er4,prior_init,0,19910,0.9090909090909091
er4_m60_s7,er4,prior_init,0,19960,0.9090909090909091
er4_m60_s7,er4,prior_init,0,20010,0.9090909090909091
er4_m60_s7,er4,prior_prop,0,10,0.6868686868686869
er4_m60_s7,er4,prior_prop,0,60,0.7676767676767676
er4_m60_s7,er4,prior_prop,0,110,0.7676767676767676
er4_m60_s7,er4,prior_prop,0,160,0.7676767676767676
er4_m60_s7,er4,prior_prop,0,210,0.7676767676767676
er4_m60_s7,er4,prior_prop,0,260,0.7676767676767676
er4_m60_s7,er4,prior_prop,0,310,0.7676767676767676
er4_m60_s7,er4,prior_prop,0,360,0.7676767676767676
er4_m60_s7,er4,prior_prop,0,410,0.7676767676767676
er4_m60_s7,er4,prior_prop,0,460,0.7676767676767676
er4_m60_s7,er4,prior_prop,0,510,0.7777777777777778
er4_m60_s7,er4,prior_prop,0,560,0.7878787878787878
er4_m60_s7,er4,prior_prop,0,610,0.7878787878787878
er4_m60_s7,er4,prior_prop,0,660,0.7878787878787878
er4_m60_s7,er4,prior_prop,0,710,0.7878787878787878
er4_m60_s7,er4,prior_prop,0,760,0.7878787878787878
er4_m60_s7,er4,prior_prop,0,810,0.7878787878787878
er4_m60_s7,er4,prior_prop,0,860,0.7878787878787878
er4_m60_s7,er4,prior_prop,0,910,0.7878787878787878
er4_m60_s7,er4,prior_prop,0,960,0.7878787878787878
er4_m60_s7,er4,prior_prop,0,1010,0.7878787878787878
er4_m60_s7,er4,prior_prop,0,1060,0.7878787878787878
er4_m60_s7,er4,prior_prop,0,1110,0.797979797979798
er4_m60_s7,er4,prior_prop,0,1160,0.797979797979798
er4_m60_s7,er4,prior_prop,0,1210,0.8282828282828283
er4_m60_s7,er4,prior_prop,0,1260,0.8383838383838383
er4_m60_s7,er4,prior_prop,0,1310,0.8383838383838383
er4_m60_s7,er4,prior_prop,0,1360,0.8383838383838383
er4_m60_s7,er4,prior_prop,0,1410,0.8383838383838383
er4_m60_s7,er4,prior_prop,0,1460,0.8383838383838383
er4_m60_s7,er4,prior_prop,0,1510,0.8383838383838383
er4_m60_s7,er4,prior_prop,0,1560,0.8383838383838383
er4_m60_s7,er4,prior_prop,0,1610,0.8383838383838383
er4_m60_s7,er4,prior_prop,0,1660,0.8383838383838383
er4_m60_s7,er4,prior_prop,0,1710,0.8383838383838383
er4_m60_s7,er4,prior_prop,0,1760,0.8383838383838383
er4_m60_s7,er4,prior_prop,0,1810,0.8282828282828283
er4_m60_s7,er4,prior_prop,0,1860,0.8282828282828283
er4_m60_s7,er4,prior_prop,0,1910,0.8282828282828283
er4_m60_s7,er4,prior_prop,0,1960,0.8282828282828283
er4_m60_s7,er4,prior_prop,0,2010,0.8282828282828283
er4_m60_s7,er4,prior_prop,0,2060,0.8282828282828283
er4_m60_s7,er4,prior_prop,0,2110,0.8282828282828283
er4_m60_s7,er4,prior_prop,0,2160,0.8282828282828283
er4_m60_s7,er4,prior_prop,0,2210,0.8282828282828283
er4_m60_s7,er4,prior_prop,0,2260,0.8282828282828283
er4_m60_s7,er4,prior_prop,0,2310,0.8282828282828283
er4_m60_s7,er4,prior_prop,0,2360,0.8282828282828283
er4_m60_s7,er4,prior_prop,0,2410,0.8282828282828283
er4_m60_s7,er4,prior_prop,0,2460,0.8282828282828283
er4_m60_s7,er4,prior_prop,0,2510,0.8282828282828283
er4_m60_s7,er4,prior_prop,0,2560,0.8282828282828283
er4_m60_s7,er4,prior_prop,0,2610,0.8282828282828283
er4_m60_s7,er4,prior_prop,0,2660,0.8282828282828283
er4_m60_s7,er4,prior_prop,0,2710,0.8282828282828283
er4_m60_s7,er4,prior_prop,0,2760,0.8282828282828283
er4_m60_s7,er4,prior_prop,0,2810,0.8282828282828283
er4_m60_s7,er4,prior_prop,0,2860,0.8282828282828283
er4_m60_s7,er4,prior_prop,0,2910,0.8282828282828283
er4_m60_s7,er4,prior_prop,0,2960,0.8282828282828283
er4_m60_s7,er4,prior_prop,0,3010,0.8282828282828283
er4_m60_s7,er4,prior_prop,0,3060,0.8282828282828283
er4_m60_s7,er4,prior_prop,0,3110,0.8282828282828283
er4_m60_s7,er4,prior_prop,0,3160,0.8282828282828283
er4_m60_s7,er4,prior_prop,0,3210,0.8282828282828283
er4_m60_s7,er4,prior_prop,0,3260,0.8282828282828283
er4_m60_s7,er4,prior_prop,0,3310,0.8282828282828283
er4_m60_s7,er4,prior_prop,0,3360,0.8282828282828283
er4_m60_s7,er4,prior_prop,0,3410,0.8282828282828283
er4_m60_s7,er4,prior_prop,0,3460,0.8282828282828283
er4_m60_s7,er4,prior_prop,0,3510,0.8282828282828283
er4_m60_s7,er4,prior_prop,0,3560,0.8282828282828283
er4_m60_s7,er4,prior_prop,0,3610,0.8282828282828283
er4_m60_s7,er4,prior_prop,0,3660,0.8282828282828283
er4_m60_s7,er4,prior_prop,0,3710,0.8282828282828283
er4_m60_s7,er4,prior_prop,0,3760,0.8282828282828283
er4_m60_s7,er4,prior_prop,0,3810,0.8282828282828283
er4_m60_s7,er4,prior_prop,0,3860,0.8282828282828283
er4_m60_s7,er4,prior_prop,0,3910,0.8282828282828283
er4_m60_s7,er4,prior_prop,0,3960,0.8282828282828283
er4_m60_s7,er4,prior_prop,0,4010,0.8282828282828283
er4_m60_s7,er4,prior_prop,0,4060,0.8282828282828283
er4_m60_s7,er4,prior_prop,0,4110,0.8282828282828283
er4_m60_s7,er4,prior_prop,0,4160,0.8282828282828283
er4_m60_s7,er4,prior_prop,0,4210,0.8282828282828283
er4_m60_s7,er4,prior_prop,0,4260,0.8282828282828283
er4_m60_s7,er4,prior_prop,0,4310,0.8282828282828283
er4_m60_s7,er4,prior_prop,0,4360,0.8282828282828283
er4_m60_s7,er4,prior_prop,0,4410,0.8282828282828283
er4_m60_s7,er4,prior_prop,0,4460,0.8282828282828283
er4_m60_s7,er4,prior_prop,0,4510,0.8282828282828283
er4_m60_s7,er4,prior_prop,0,4560,0.8282828282828283
er4_m60_s7,er4,prior_prop,0,4610,0.8282828282828283
er4_m60_s7,er4,prior_prop,0,4660,0.8282828282828283
er4_m60_s7,er4,prior_prop,0,4710,0.8282828282828283
er4_m60_s7,er4,prior_prop,0,4760,0.8282828282828283
er4_m60_s7,er4,prior_prop,0,4810,0.8282828282828283
er4_m60_s7,er4,prior_prop,0,4860,0.8282828282828283
er4_m60_s7,er4,prior_prop,0,4910,0.8282828282828283
er4_m60_s7,er4,prior_prop,0,4960,0.8282828282828283
er4_m60_s7,er4,prior_prop,0,5010,0.8282828282828283
er4_m60_s7,er4,prior_prop,0,5060,0.8282828282828283
er4_m60_s7,er4,prior_prop,0,5110,0.8282828282828283
er4_m60_s7,er4,prior_prop,0,5160,0.8282828282828283
er4_m60_s7,er4,prior_prop,0,5210,0.8282828282828283
er4_m60_s7,er4,prior_prop,0,5260,0.8282828282828283
er4_m60_s7,er4,prior_prop,0,5310,0.8282828282828283
er4_m60_s7,er4,prior_prop,0,5360,0.8282828282828283
er4_m60_s7,er4,prior_prop,0,5410,0.8282828282828283
er4_m60_s7,er4,prior_prop,0,5460,0.8282828282828283
er4_m60_s7,er4,prior_prop,0,5510,0.8282828282828283
er4_m60_s7,er4,prior_prop,0,5560,0.8282828282828283
er4_m60_s7,er4,prior_prop,0,5610,0.8282828282828283
er4_m60_s7,er4,prior_prop,0,5660,0.8282828282828283
er4_m60_s7,er4,prior_prop,0,5710,0.8282828282828283
er4_m60_s7,er4,prior_prop,0,5760,0.8282828282828283
er4_m60_s7,er4,prior_prop,0,5810,0.8282828282828283
er4_m60_s7,er4,prior_prop,0,5860,0.8282828282828283
er4_m60_s7,er4,prior_prop,0,5910,0.8282828282828283
er4_m60_s7,er4,prior_prop,0,5960,0.8282828282828283
er4_m60_s7,er4,prior_prop,0,6010,0.8282828282828283
er4_m60_s7,er4,prior_prop,0,6060,0.8282828282828283
er4_m60_s7,er4,prior_prop,0,6110,0.8282828282828283
er4_m60_s7,er4,prior_prop,0,6160,0.8282828282828283
er4_m60_s7,er4,prior_prop,0,6210,0.8282828282828283
er4_m60_s7,er4,prior_prop,0,6260,0.8282828282828283
er4_m60_s7,er4,prior_prop,0,6310,0.8282828282828283
er4_m60_s7,er4,prior_prop,0,6360,0.8282828282828283
er4_m60_s7,er4,prior_prop,0,6410,0.8282828282828283
er4_m60_s7,er4,prior_prop,0,6460,0.8282828282828283
er4_m60_s7,er4,prior_prop,0,6510,0.8282828282828283
er4_m60_s7,er4,prior_prop,0,6560,0.8282828282828283
er4_m60_s7,er4,prior_prop,0,6610,0.8282828282828283
er4_m60_s7,er4,prior_prop,0,6660,0.8282828282828283
er4_m60_s7,er4,prior_prop,0,6710,0.8282828282828283
er4_m60_s7,er4,prior_prop,0,6760,0.8282828282828283
er4_m60_s7,er4,prior_prop,0,6810,0.8282828282828283
er4_m60_s7,er4,prior_prop,0,6860,0.8282828282828283
er4_m60_s7,er4,prior_prop,0,6910,0.8282828282828283
er4_m60_s7,er4,prior_prop,0,6960,0.8282828282828283
er4_m60_s7,er4,prior_prop,0,7010,0.8282828282828283
er4_m60_s7,er4,prior_prop,0,7060,0.8282828282828283
er4_m60_s7,er4,prior_prop,0,7110,0.8282828282828283
er4_m60_s7,er4,prior_prop,0,7160,0.8282828282828283
er4_m60_s7,er4,prior_prop,0,7210,0.8282828282828283
er4_m60_s7,er4,prior_prop,0,7260,0.8282828282828283
er4_m60_s7,er4,prior_prop,0,7310,0.8282828282828283
er4_m60_s7,er4,prior_prop,0,7360,0.8282828282828283
er4_m60_s7,er4,prior_prop,0,7410,0.8282828282828283
er4_m60_s7,er4,prior_prop,0,7460,0.8282828282828283
er4_m60_s7,er4,prior_prop,0,7510,0.8282828282828283
er4_m60_s7,er4,prior_prop,0,7560,0.8282828282828283
er4_m60_s7,er4,prior_prop,0,7610,0.8282828282828283
er4_m60_s7,er4,prior_prop,0,7660,0.8282828282828283
er4_m60_s7,er4,prior_prop,0,7710,0.8282828282828283
er4_m60_s7,er4,prior_prop,0,7760,0.8282828282828283
er4_m60_s7,er4,prior_prop,0,7810,0.8282828282828283
er4_m60_s7,er4,prior_prop,0,7860,0.8282828282828283
er4_m60_s7,er4,prior_prop,0,7910,0.8282828282828283
er4_m60_s7,er4,prior_prop,0,7960,0.8282828282828283
er4_m60_s7,er4,prior_prop,0,8010,0.8282828282828283
er4_m60_s7,er4,prior_prop,0,8060,0.8282828282828283
er4_m60_s7,er4,prior_prop,0,8110,0.8282828282828283
er4_m60_s7,er4,prior_prop,0,8160,0.8282828282828283
er4_m60_s7,er4,prior_prop,0,8210,0.8282828282828283
er4_m60_s7,er4,prior_prop,0,8260,0.8282828282828283
er4_m60_s7,er4,prior_prop,0,8310,0.8282828282828283
er4_m60_s7,er4,prior_prop,0,8360,0.8282828282828283
er4_m60_s7,er4,prior_prop,0,8410,0.8282828282828283
er4_m60_s7,er4,prior_prop,0,8460,0.8282828282828283
er4_m60_s7,er4,prior_prop,0,8510,0.8282828282828283
er4_m60_s7,er4,prior_prop,0,8560,0.8282828282828283
er4_m60_s7,er4,prior_prop,0,8610,0.8282828282828283
er4_m60_s7,er4,prior_prop,0,8660,0.8282828282828283
er4_m60_s7,er4,prior_prop,0,8710,0.8282828282828283
er4_m60_s7,er4,prior_prop,0,8760,0.8282828282828283
er4_m60_s7,er4,prior_prop,0,8810,0.8282828282828283
er4_m60_s7,er4,prior_prop,0,8860,0.8282828282828283
er4_m60_s7,er4,prior_prop,0,8910,0.8282828282828283
er4_m60_s7,er4,prior_prop,0,8960,0.8282828282828283
er4_m60_s7,er4,prior_prop,0,9010,0.8282828282828283
er4_m60_s7,er4,prior_prop,0,9060,0.8282828282828283
er4_m60_s7,er4,prior_prop,0,9110,0.8282828282828283
er4_m60_s7,er4,prior_prop,0,9160,0.8282828282828283
er4_m60_s7,er4,prior_prop,0,9210,0.8282828282828283
er4_m60_s7,er4,prior_prop,0,9260,0.8282828282828283
er4_m60_s7,er4,prior_prop,0,9310,0.8282828282828283
er4_m60_s7,er4,prior_prop,0,9360,0.8282828282828283
er4_m60_s7,er4,prior_prop,0,9410,0.8282828282828283
er4_m60_s7,er4,prior_prop,0,9460,0.8282828282828283
er4_m60_s7,er4,prior_prop,0,9510,0.8282828282828283
er4_m60_s7,er4,prior_prop,0,9560,0.8282828282828283
er4_m60_s7,er4,prior_prop,0,9610,0.8282828282828283
er4_m60_s7,er4,prior_prop,0,9660,0.8282828282828283
er4_m60_s7,er4,prior_prop,0,9710,0.8282828282828283
er4_m60_s7,er4,prior_prop,0,9760,0.8282828282828283
er4_m60_s7,er4,prior_prop,0,9810,0.8282828282828283
er4_m60_s7,er4,prior_prop,0,9860,0.8282828282828283
er4_m60_s7,er4,prior_prop,0,9910,0.8282828282828283
er4_m60_s7,er4,prior_prop,0,9960,0.8282828282828283
er4_m60_s7,er4,prior_prop,0,10010,0.8282828282828283
er4_m60_s7,er4,prior_prop,0,10060,0.8282828282828283
er4_m60_s7,er4,prior_prop,0,10110,0.8282828282828283
er4_m60_s7,er4,prior_prop,0,10160,0.8282828282828283
er4_m60_s7,er4,prior_prop,0,10210,0.8282828282828283
er4_m60_s7,er4,prior_prop,0,10260,0.8282828282828283
er4_m60_s7,er4,prior_prop,0,10310,0.8282828282828283
er4_m60_s7,er4,prior_prop,0,10360,0.8282828282828283
er4_m60_s7,er4,prior_prop,0,10410,0.8282828282828283
er4_m60_s7,er4,prior_prop,0,10460,0.8282828282828283
er4_m60_s7,er4,prior_prop,0,10510,0.8282828282828283
er4_m60_s7,er4,prior_prop,0,10560,0.8282828282828283
er4_m60_s7,er4,prior_prop,0,10610,0.8282828282828283
er4_m60_s7,er4,prior_prop,0,10660,0.8282828282828283
er4_m60_s7,er4,prior_prop,0,10710,0.8282828282828283
er4_m60_s7,er4,prior_prop,0,10760,0.8282828282828283
er4_m60_s7,er4,prior_prop,0,10810,0.8282828282828283
er4_m60_s7,er4,prior_prop,0,10860,0.8282828282828283
er4_m60_s7,er4,prior_prop,0,10910,0.8282828282828283
er4_m60_s7,er4,prior_prop,0,10960,0.8282828282828283
er4_m60_s7,er4,prior_prop,0,11010,0.8282828282828283
er4_m60_s7,er4,prior_prop,0,11060,0.8282828282828283
er4_m60_s7,er4,prior_prop,0,11110,0.8282828282828283
er4_m60_s7,er4,prior_prop,0,11160,0.8282828282828283
er4_m60_s7,er4,prior_prop,0,11210,0.8282828282828283
er4_m60_s7,er4,prior_prop,0,11260,0.8282828282828283
er4_m60_s7,er4,prior_prop,0,11310,0.8282828282828283
er4_m60_s7,er4,prior_prop,0,11360,0.8282828282828283
er4_m60_s7,er4,prior_prop,0,11410,0.8282828282828283
er4_m60_s7,er4,prior_prop,0,11460,0.8282828282828283
er4_m60_s7,er4,prior_prop,0,11510,0.8282828282828283
er4_m60_s7,er4,prior_prop,0,11560,0.8282828282828283
er4_m60_s7,er4,prior_prop,0,11610,0.8282828282828283
er4_m60_s7,er4,prior_prop,0,11660,0.8282828282828283
er4_m60_s7,er4,prior_prop,0,11710,0.8282828282828283
er4_m60_s7,er4,prior_prop,0,11760,0.8282828282828283
er4_m60_s7,er4,prior_prop,0,11810,0.8282828282828283
er4_m60_s7,er4,prior_prop,0,11860,0.8282828282828283
er4_m60_s7,er4,prior_prop,0,11910,0.8282828282828283
er4_m60_s7,er4,prior_prop,0,11960,0.8282828282828283
er4_m60_s7,er4,prior_prop,0,12010,0.8282828282828283
er4_m60_s7,er4,prior_prop,0,12060,0.8282828282828283
er4_m60_s7,er4,prior_prop,0,12110,0.8282828282828283
er4_m60_s7,er4,prior_prop,0,12160,0.8282828282828283
er4_m60_s7,er4,prior_prop,0,12210,0.8282828282828283
er4_m60_s7,er4,prior_prop,0,12260,0.8282828282828283
er4_m60_s7,er4,prior_prop,0,12310,0.8282828282828283
er4_m60_s7,er4,prior_prop,0,12360,0.8282828282828283
er4_m60_s7,er4,prior_prop,0,12410,0.8282828282828283
er4_m60_s7,er4,prior_prop,0,12460,0.8282828282828283
er4_m60_s7,er4,prior_prop,0,12510,0.8282828282828283
er4_m60_s7,er4,prior_prop,0,12560,0.8282828282828283
er4_m60_s7,er4,prior_prop,0,12610,0.8282828282828283
er4_m60_s7,er4,prior_prop,0,12660,0.8282828282828283
er4_m60_s7,er4,prior_prop,0,12710,0.8282828282828283
er4_m60_s7,er4,prior_prop,0,12760,0.8282828282828283
er4_m60_s7,er4,prior_prop,0,12810,0.8282828282828283
er4_m60_s7,er4,prior_prop,0,12860,0.8282828282828283
er4_m60_s7,er4,prior_prop,0,12910,0.8282828282828283
er4_m60_s7,er4,prior_prop,0,12960,0.8282828282828283
er4_m60_s7,er4,prior_prop,0,13010,0.8282828282828283
er4_m60_s7,er4,prior_prop,0,13060,0.8282828282828283
er4_m60_s7,er4,prior_prop,0,13110,0.8282828282828283
er4_m60_s7,er4,prior_prop,0,13160,0.8282828282828283
er4_m60_s7,er4,prior_prop,0,13210,0.8282828282828283
er4_m60_s7,er4,prior_prop,0,13260,0.8282828282828283
er4_m60_s7,er4,prior_prop,0,13310,0.8282828282828283
er4_m60_s7,er4,prior_prop,0,13360,0.8282828282828283
er4_m60_s7,er4,prior_prop,0,13410,0.8282828282828283
er4_m60_s7,er4,prior_prop,0,13460,0.8282828282828283
er4_m60_s7,er4,prior_prop,0,13510,0.8282828282828283
er4_m60_s7,er4,prior_prop,0,13560,0.8282828282828283
er4_m60_s7,er4,prior_prop,0,13610,0.8282828282828283
er4_m60_s7,er4,prior_prop,0,13660,0.8282828282828283
er4_m60_s7,er4,prior_prop,0,13710,0.8282828282828283
er4_m60_s7,er4,prior_prop,0,13760,0.8282828282828283
er4_m60_s7,er4,prior_prop,0,13810,0.8282828282828283
er4_m60_s7,er4,prior_prop,0,13860,0.8282828282828283
er4_m60_s7,er4,prior_prop,0,13910,0.8282828282828283
er4_m60_s7,er4,prior_prop,0,13960,0.8282828282828283
er4_m60_s7,er4,prior_prop,0,14010,0.8282828282828283
er4_m60_s7,er4,prior_prop,0,14060,0.8282828282828283
er4_m60_s7,er4,prior_prop,0,14110,0.8282828282828283
er4_m60_s7,er4,prior_prop,0,14160,0.8282828282828283
er4_m60_s7,er4,prior_prop,0,14210,0.8282828282828283
er4_m60_s7,er4,prior_prop,0,14260,0.8282828282828283
er4_m60_s7,er4,prior_prop,0,14310,0.8282828282828283
er4_m60_s7,er4,prior_prop,0,14360,0.8282828282828283
er4_m60_s7,er4,prior_prop,0,14410,0.8282828282828283
er4_m60_s7,er4,prior_prop,0,14460,0.8282828282828283
er4_m60_s7,er4,prior_prop,0,14510,0.8282828282828283
er4_m60_s7,er4,prior_prop,0,14560,0.8282828282828283
er4_m60_s7,er4,prior_prop,0,14610,0.8282828282828283
er4_m60_s7,er4,prior_prop,0,14660,0.8282828282828283
er4_m60_s7,er4,prior_prop,0,14710,0.8282828282828283
er4_m60_s7,er4,prior_prop,0,14760,0.8282828282828283
er4_m60_s7,er4,prior_prop,0,14810,0.8282828282828283
er4_m60_s7,er4,prior_prop,0,14860,0.8282828282828283
er4_m60_s7,er4,prior_prop,0,14910,0.8282828282828283
er4_m60_s7,er4,prior_prop,0,14960,0.8282828282828283
er4_m60_s7,er4,prior_prop,0,15010,0.8282828282828283
er4_m60_s7,er4,prior_prop,0,15060,0.8282828282828283
er4_m60_s7,er4,prior_prop,0,15110,0.8282828282828283
er4_m60_s7,er4,prior_prop,0,15160,0.8282828282828283
er4_m60_s7,er4,prior_prop,0,15210,0.8282828282828283
er4_m60_s7,er4,prior_prop,0,15260,0.8282828282828283
er4_m60_s7,er4,prior_prop,0,15310,0.8282828282828283
er4_m60_s7,er4,prior_prop,0,15360,0.8282828282828283
er4_m60_s7,er4,prior_prop,0,15410,0.8282828282828283
er4_m60_s7,er4,prior_prop,0,15460,0.8282828282828283
er4_m60_s7,er4,prior_prop,0,15510,0.8282828282828283
er4_m60_s7,er4,prior_prop,0,15560,0.8282828282828283
er4_m60_s7,er4,prior_prop,0,15610,0.8282828282828283
er4_m60_s7,er4,prior_prop,0,15660,0.8282828282828283
er4_m60_s7,er4,prior_prop,0,15710,0.8282828282828283
er4_m60_s7,er4,prior_prop,0,15760,0.8282828282828283
er4_m60_s7,er4,prior_prop,0,15810,0.8282828282828283
er4_m60_s7,er4,prior_prop,0,15860,0.8282828282828283
er4_m60_s7,er4,prior_prop,0,15910,0.8282828282828283
er4_m60_s7,er4,prior_prop,0,15960,0.8282828282828283
er4_m60_s7,er4,prior_prop,0,16010,0.8282828282828283
er4_m60_s7,er4,prior_prop,0,16060,0.8282828282828283
er4_m60_s7,er4,prior_prop,0,16110,0.8282828282828283
er4_m60_s7,er4,prior_prop,0,16160,0.8282828282828283
er4_m60_s7,er4,prior_prop,0,16210,0.8282828282828283
er4_m60_s7,er4,prior_prop,0,16260,0.8282828282828283
er4_m60_s7,er4,prior_prop,0,16310,0.8282828282828283
er4_m60_s7,er4,prior_prop,0,16360,0.8282828282828283
er4_m60_s7,er4,prior_prop,0,16410,0.8282828282828283
er4_m60_s7,er4,prior_prop,0,16460,0.8282828282828283
er4_m60_s7,er4,prior_prop,0,16510,0.8282828282828283
er4_m60_s7,er4,prior_prop,0,16560,0.8282828282828283
er4_m60_s7,er4,prior_prop,0,16610,0.8282828282828283
er4_m60_s7,er4,prior_prop,0,16660,0.8282828282828283
er4_m60_s7,er4,prior_prop,0,16710,0.8282828282828283
er4_m60_s7,er4,prior_prop,0,16760,0.8282828282828283
er4_m60_s7,er4,prior_prop,0,16810,0.8282828282828283
er4_m60_s7,er4,prior_prop,0,16860,0.8282828282828283
er4_m60_s7,er4,prior_prop,0,16910,0.8282828282828283
er4_m60_s7,er4,prior_prop,0,16960,0.8282828282828283
er4_m60_s7,er4,prior_prop,0,17010,0.8282828282828283
er4_m60_s7,er4,prior_prop,0,17060,0.8282828282828283
er4_m60_s7,er4,prior_prop,0,17110,0.8282828282828283
er4_m60_s7,er4,prior_prop,0,17160,0.8282828282828283
er4_m60_s7,er4,prior_prop,0,17210,0.8282828282828283
er4_m60_s7,er4,prior_prop,0,17260,0.8282828282828283
er4_m60_s7,er4,prior_prop,0,17310,0.8282828282828283
er4_m60_s7,er4,prior_prop,0,17360,0.8282828282828283
er4_m60_s7,er4,prior_prop,0,17410,0.8282828282828283
er4_m60_s7,er4,prior_prop,0,17460,0.8282828282828283
er4_m60_s7,er4,prior_prop,0,17510,0.8282828282828283
er4_m60_s7,er4,prior_prop,0,17560,0.8282828282828283
er4_m60_s7,er4,prior_prop,0,17610,0.8282828282828283
er4_m60_s7,er4,prior_prop,0,17660,0.8282828282828283
er4_m60_s7,er4,prior_prop,0,17710,0.8282828282828283
er4_m60_s7,er4,prior_prop,0,17760,0.8282828282828283
er4_m60_s7,er4,prior_prop,0,17810,0.8282828282828283
er4_m60_s7,er4,prior_prop,0,17860,0.8282828282828283
er4_m60_s7,er4,prior_prop,0,17910,0.8282828282828283
er4_m60_s7,er4,prior_prop,0,17960,0.8282828282828283
er4_m60_s7,er4,prior_prop,0,18010,0.8282828282828283
er4_m60_s7,er4,prior_prop,0,18060,0.8282828282828283
er4_m60_s7,er4,prior_prop,0,18110,0.8282828282828283
er4_m60_s7,er4,prior_prop,0,18160,0.8282828282828283
er4_m60_s7,er4,prior_prop,0,18210,0.8282828282828283
er4_m60_s7,er4,prior_prop,0,18260,0.8282828282828283
er4_m60_s7,er4,prior_prop,0,18310,0.8282828282828283
er4_m60_s7,er4,prior_prop,0,18360,0.8282828282828283
er4_m60_s7,er4,prior_prop,0,18410,0.8282828282828283
er4_m60_s7,er4,prior_prop,0,18460,0.8282828282828283
er4_m60_s7,er4,prior_prop,0,18510,0.8282828282828283
er4_m60_s7,er4,prior_prop,0,18560,0.8282828282828283
er4_m60_s7,er4,prior_prop,0,18610,0.8282828282828283
er4_m60_s7,er4,prior_prop,0,18660,0.8282828282828283
er4_m60_s7,er4,prior_prop,0,18710,0.8282828282828283
er4_m60_s7,er4,prior_prop,0,18760,0.8282828282828283
er4_m60_s7,er4,prior_prop,0,18810,0.8282828282828283
er4_m60_s7,er4,prior_prop,0,18860,0.8282828282828283
er4_m60_s7,er4,prior_prop,0,18910,0.8282828282828283
er4_m60_s7,er4,prior_prop,0,18960,0.8282828282828283
er4_m60_s7,er4,prior_prop,0,19010,0.8282828282828283
er4_m60_s7,er4,prior_prop,0,19060,0.8282828282828283
er4_m60_s7,er4,prior_prop,0,19110,0.8282828282828283
er4_m60_s7,er4,prior_prop,0,19160,0.8282828282828283
er4_m60_s7,er4,prior_prop,0,19210,0.8282828282828283
er4_m60_s7,er4,prior_prop,0,19260,0.8282828282828283
er4_m60_s7,er4,prior_prop,0,19310,0.8282828282828283
er4_m60_s7,er4,prior_prop,0,19360,0.8282828282828283
er4_m60_s7,er4,prior_prop,0,19410,0.8282828282828283
er4_m60_s7,er4,prior_prop,0,19460,0.8282828282828283
er4_m60_s7,er4,prior_prop,0,19510,0.8282828282828283
er4_m60_s7,er4,prior_prop,0,19560,0.8282828282828283
er4_m60_s7,er4,prior_prop,0,19610,0.8282828282828283
er4_m60_s7,er4,prior_prop,0,19660,0.8282828282828283
er4_m60_s7,er4,prior_prop,0,19710,0.8282828282828283
er4_m60_s7,er4,prior_prop,0,19760,0.8282828282828283
er4_m60_s7,er4,prior_prop,0,19810,0.8282828282828283
er4_m60_s7,er4,prior_prop,0,19860,0.8282828282828283
er4_m60_s7,er4,prior_prop,0,19910,0.8282828282828283
er4_m60_s7,er4,prior_prop,0,19960,0.8282828282828283
er4_m60_s7,er4,prior_prop,0,20010,0.8282828282828283
er4_m60_s7,er4,db_rescore,0,10,0.8383838383838383
er4_m60_s7,er4,db_rescore,0,60,0.8383838383838383
er4_m60_s7,er4,db_rescore,0,110,0.8383838383838383
er4_m60_s7,er4,db_rescore,0,160,0.8383838383838383
er4_m60_s7,er4,db_rescore,0,210,0.8383838383838383
er4_m60_s7,er4,db_rescore,0,260,0.8383838383838383
er4_m60_s7,er4,db_rescore,0,310,0.8383838383838383
er4_m60_s7,er4,db_rescore,0,360,0.8484848484848485
er4_m60_s7,er4,db_rescore,0,410,0.8484848484848485
er4_m60_s7,er4,db_rescore,0,460,0.8484848484848485
er4_m60_s7,er4,db_rescore,0,510,0.8484848484848485
er4_m60_s7,er4,db_rescore,0,560,0.8484848484848485
er4_m60_s7,er4,db_rescore,0,610,0.8484848484848485
er4_m60_s7,er4,db_rescore,0,660,0.8484848484848485
er4_m60_s7,er4,db_rescore,0,710,0.8484848484848485
er4_m60_s7,er4,db_rescore,0,760,0.8484848484848485
er4_m60_s7,er4,db_rescore,0,810,0.8484848484848485
er4_m60_s7,er4,db_rescore,0,860,0.8484848484848485
er4_m60_s7,er4,db_rescore,0,910,0.8484848484848485
er4_m60_s7,er4,db_rescore,0,960,0.8484848484848485
er4_m60_s7,er4,db_rescore,0,1010,0.8484848484848485
er4_m60_s7,er4,db_rescore,0,1060,0.8585858585858586
er4_m60_s7,er4,db_rescore,0,1110,0.8585858585858586
er4_m60_s7,er4,db_rescore,0,1160,0.8585858585858586
er4_m60_s7,er4,db_rescore,0,1210,0.8585858585858586
er4_m60_s7,er4,db_rescore,0,1260,0.8585858585858586
er4_m60_s7,er4,db_rescore,0,1310,0.8585858585858586
er4_m60_s7,er4,db_rescore,0,1360,0.8585858585858586
er4_m60_s7,er4,db_rescore,0,1410,0.8585858585858586
er4_m60_s7,er4,db_rescore,0,1460,0.8585858585858586
er4_m60_s7,er4,db_rescore,0,1510,0.8585858585858586
er4_m60_s7,er4,db_rescore,0,1560,0.8585858585858586
er4_m60_s7,er4,db_rescore,0,1610,0.8585858585858586
er4_m60_s7,er4,db_rescore,0,1660,0.8585858585858586
er4_m60_s7,er4,db_rescore,0,1710,0.8585858585858586
er4_m60_s7,er4,db_rescore,0,1760,0.8585858585858586
er4_m60_s7,er4,db_rescore,0,1810,0.8585858585858586
er4_m60_s7,er4,db_rescore,0,1860,0.8585858585858586
er4_m60_s7,er4,db_rescore,0,1910,0.8585858585858586
er4_m60_s7,er4,db_rescore,0,1960,0.8585858585858586
er4_m60_s7,er4,db_rescore,0,2010,0.8585858585858586
er4_m60_s7,er4,db_rescore,0,2060,0.8585858585858586
er4_m60_s7,er4,db_rescore,0,2110,0.8585858585858586
er4_m60_s7,er4,db_rescore,0,2160,0.8585858585858586
er4_m60_s7,er4,db_rescore,0,2210,0.8585858585858586
er4_m60_s7,er4,db_rescore,0,2260,0.8585858585858586
er4_m60_s7,er4,db_rescore,0,2310,0.8585858585858586
er4_m60_s7,er4,db_rescore,0,2360,0.8585858585858586
er4_m60_s7,er4,db_rescore,0,2410,0.8585858585858586
er4_m60_s7,er4,db_rescore,0,2460,0.8585858585858586
er4_m60_s7,er4,db_rescore,0,2510,0.8585858585858586
er4_m60_s7,er4,db_rescore,0,2560,0.8585858585858586
er4_m60_s7,er4,db_rescore,0,2610,0.8585858585858586
er4_m60_s7,er4,db_rescore,0,2660,0.8585858585858586
er4_m60_s7,er4,db_rescore,0,2710,0.8585858585858586
er4_m60_s7,er4,db_rescore,0,2760,0.8585858585858586
er4_m60_s7,er4,db_rescore,0,2810,0.8585858585858586
er4_m60_s7,er4,db_rescore,0,2860,0.8585858585858586
er4_m60_s7,er4,db_rescore,0,2910,0.8585858585858586
er4_m60_s7,er4,db_rescore,0,2960,0.8585858585858586
er4_m60_s7,er4,db_rescore,0,3010,0.8585858585858586
er4_m60_s7,er4,db_rescore,0,3060,0.8585858585858586
er4_m60_s7,er4,db_rescore,0,3110,0.8585858585858586
er4_m60_s7,er4,db_rescore,0,3160,0.8585858585858586
er4_m60_s7,er4,db_rescore,0,3210,0.8585858585858586
er4_m60_s7,er4,db_rescore,0,3260,0.8585858585858586
er4_m60_s7,er4,db_rescore,0,3310,0.8585858585858586
er4_m60_s7,er4,db_rescore,0,3360,0.8585858585858586
er4_m60_s7,er4,db_rescore,0,3410,0.8585858585858586
er4_m60_s7,er4,db_rescore,0,3460,0.8585858585858586
er4_m60_s7,er4,db_rescore,0,3510,0.8585858585858586
er4_m60_s7,er4,db_rescore,0,3560,0.8585858585858586
er4_m60_s7,er4,db_rescore,0,3610,0.8585858585858586
er4_m60_s7,er4,db_rescore,0,3660,0.8585858585858586
er4_m60_s7,er4,db_rescore,0,3710,0.8585858585858586
er4_m60_s7,er4,db_rescore,0,3760,0.8585858585858586
er4_m60_s7,er4,db_rescore,0,3810,0.8585858585858586
er4_m60_s7,er4,db_rescore,0,3860,0.8585858585858586
er4_m60_s7,er4,db_rescore,0,3910,0.8585858585858586
er4_m60_s7,er4,db_rescore,0,3960,0.8585858585858586
er4_m60_s7,er4,db_rescore,0,4010,0.8585858585858586
er4_m60_s7,er4,db_rescore,0,4060,0.8585858585858586
er4_m60_s7,er4,db_rescore,0,4110,0.8585858585858586
er4_m60_s7,er4,db_rescore,0,4160,0.8585858585858586
er4_m60_s7,er4,db_rescore,0,4210,0.8585858585858586
er4_m60_s7,er4,db_rescore,0,4260,0.8585858585858586
er4_m60_s7,er4,db_rescore,0,4310,0.8585858585858586
er4_m60_s7,er4,db_rescore,0,4360,0.8585858585858586
er4_m60_s7,er4,db_rescore,0,4410,0.8585858585858586
er4_m60_s7,er4,db_rescore,0,4460,0.8585858585858586
er4_m60_s7,er4,db_rescore,0,4510,0.8585858585858586
er4_m60_s7,er4,db_rescore,0,4560,0.8585858585858586
er4_m60_s7,er4,db_rescore,0,4610,0.8585858585858586
er4_m60_s7,er4,db_rescore,0,4660,0.8585858585858586
er4_m60_s7,er4,db_rescore,0,4710,0.8585858585858586
er4_m60_s7,er4,db_rescore,0,4760,0.8585858585858586
er4_m60_s7,er4,db_rescore,0,4810,0.8585858585858586
er4_m60_s7,er4,db_rescore,0,4860,0.8585858585858586
er4_m60_s7,er4,db_rescore,0,4910,0.8585858585858586
er4_m60_s7,er4,db_rescore,0,4960,0.8585858585858586
er4_m60_s7,er4,db_rescore,0,5010,0.8585858585858586
er4_m60_s7,er4,db_rescore,0,5060,0.8585858585858586
er4_m60_s7,er4,db_rescore,0,5110,0.8585858585858586
er4_m60_s7,er4,db_rescore,0,5160,0.8585858585858586
er4_m60_s7,er4,db_rescore,0,5210,0.8585858585858586
er4_m60_s7,er4,db_rescore,0,5260,0.8585858585858586
er4_m60_s7,er4,db_rescore,0,5310,0.8585858585858586
er4_m60_s7,er4,db_rescore,0,5360,0.8585858585858586
er4_m60_s7,er4,db_rescore,0,5410,0.8585858585858586
er4_m60_s7,er4,db_rescore,0,5460,0.8585858585858586
er4_m60_s7,er4,db_rescore,0,5510,0.8585858585858586
er4_m60_s7,er4,db_rescore,0,5560,0.8585858585858586
er4_m60_s7,er4,db_rescore,0,5610,0.8585858585858586
er4_m60_s7,er4,db_rescore,0,5660,0.8585858585858586
er4_m60_s7,er4,db_rescore,0,5710,0.8585858585858586
er4_m60_s7,er4,db_rescore,0,5760,0.8585858585858586
er4_m60_s7,er4,db_rescore,0,5810,0.8585858585858586
er4_m60_s7,er4,db_rescore,0,5860,0.8585858585858586
er4_m60_s7,er4,db_rescore,0,5910,0.8585858585858586
er4_m60_s7,er4,db_rescore,0,5960,0.8585858585858586
er4_m60_s7,er4,db_rescore,0,6010,0.8585858585858586
er4_m60_s7,er4,db_rescore,0,6060,0.8585858585858586
er4_m60_s7,er4,db_rescore,0,6110,0.8585858585858586
er4_m60_s7,er4,db_rescore,0,6160,0.8585858585858586
er4_m60_s7,er4,db_rescore,0,6210,0.8585858585858586
er4_m60_s7,er4,db_rescore,0,6260,0.8585858585858586
er4_m60_s7,er4,db_rescore,0,6310,0.8585858585858586
er4_m60_s7,er4,db_rescore,0,6360,0.8585858585858586
er4_m60_s7,er4,db_rescore,0,6410,0.8585858585858586
er4_m60_s7,er4,db_rescore,0,6460,0.8585858585858586
er4_m60_s7,er4,db_rescore,0,6510,0.8585858585858586
er4_m60_s7,er4,db_rescore,0,6560,0.8585858585858586
er4_m60_s7,er4,db_rescore,0,6610,0.8585858585858586
er4_m60_s7,er4,db_rescore,0,6660,0.8585858585858586
er4_m60_s7,er4,db_rescore,0,6710,0.8585858585858586
er4_m60_s7,er4,db_rescore,0,6760,0.8585858585858586
er4_m60_s7,er4,db_rescore,0,6810,0.8585858585858586
er4_m60_s7,er4,db_rescore,0,6860,0.8585858585858586
er4_m60_s7,er4,db_rescore,0,6910,0.8585858585858586
er4_m60_s7,er4,db_rescore,0,6960,0.8585858585858586
er4_m60_s7,er4,db_rescore,0,7010,0.8585858585858586
er4_m60_s7,er4,db_rescore,0,7060,0.8585858585858586
er4_m60_s7,er4,db_rescore,0,7110,0.8585858585858586
er4_m60_s7,er4,db_rescore,0,7160,0.8585858585858586
er4_m60_s7,er4,db_rescore,0,7210,0.8585858585858586
er4_m60_s7,er4,db_rescore,0,7260,0.8585858585858586
er4_m60_s7,er4,db_rescore,0,7310,0.8585858585858586
er4_m60_s7,er4,db_rescore,0,7360,0.8585858585858586
er4_m60_s7,er4,db_rescore,0,7410,0.8585858585858586
er4_m60_s7,er4,db_rescore,0,7460,0.8585858585858586
er4_m60_s7,er4,db_rescore,0,7510,0.8585858585858586
er4_m60_s7,er4,db_rescore,0,7560,0.8585858585858586
er4_m60_s7,er4,db_rescore,0,7610,0.8585858585858586
er4_m60_s7,er4,db_rescore,0,7660,0.8585858585858586
er4_m60_s7,er4,db_rescore,0,7710,0.8585858585858586
er4_m60_s7,er4,db_rescore,0,7760,0.8585858585858586
er4_m60_s7,er4,db_rescore,0,7810,0.8585858585858586
er4_m60_s7,er4,db_rescore,0,7860,0.8585858585858586
er4_m60_s7,er4,db_rescore,0,7910,0.8585858585858586
er4_m60_s7,er4,db_rescore,0,7960,0.8585858585858586
er4_m60_s7,er4,db_rescore,0,8010,0.8585858585858586
er4_m60_s7,er4,db_rescore,0,8060,0.8585858585858586
er4_m60_s7,er4,db_rescore,0,8110,0.8585858585858586
er4_m60_s7,er4,db_rescore,0,8160,0.8585858585858586
er4_m60_s7,er4,db_rescore,0,8210,0.8585858585858586
er4_m60_s7,er4,db_rescore,0,8260,0.8585858585858586
er4_m60_s7,er4,db_rescore,0,8310,0.8585858585858586
er4_m60_s7,er4,db_rescore,0,8360,0.8585858585858586
er4_m60_s7,er4,db_rescore,0,8410,0.8585858585858586
er4_m60_s7,er4,db_rescore,0,8460,0.8585858585858586
er4_m60_s7,er4,db_rescore,0,8510,0.8585858585858586
er4_m60_s7,er4,db_rescore,0,8560,0.8585858585858586
er4_m60_s7,er4,db_rescore,0,8610,0.8585858585858586
er4_m60_s7,er4,db_rescore,0,8660,0.8585858585858586
er4_m60_s7,er4,db_rescore,0,8710,0.8585858585858586
er4_m60_s7,er4,db_rescore,0,8760,0.8585858585858586
er4_m60_s7,er4,db_rescore,0,8810,0.8585858585858586
er4_m60_s7,er4,db_rescore,0,8860,0.8585858585858586
er4_m60_s7,er4,db_rescore,0,8910,0.8585858585858586
er4_m60_s7,er4,db_rescore,0,8960,0.8585858585858586
er4_m60_s7,er4,db_rescore,0,9010,0.8585858585858586
er4_m60_s7,er4,db_rescore,0,9060,0.8585858585858586
er4_m60_s7,er4,db_rescore,0,9110,0.8585858585858586
er4_m60_s7,er4,db_rescore,0,9160,0.8585858585858586
er4_m60_s7,er4,db_rescore,0,9210,0.8585858585858586
er4_m60_s7,er4,db_rescore,0,9260,0.8585858585858586
er4_m60_s7,er4,db_rescore,0,9310,0.8585858585858586
er4_m60_s7,er4,db_rescore,0,9360,0.8585858585858586
er4_m60_s7,er4,db_rescore,0,9410,0.8585858585858586
er4_m60_s7,er4,db_rescore,0,9460,0.8585858585858586
er4_m60_s7,er4,db_rescore,0,9510,0.8585858585858586
er4_m60_s7,er4,db_rescore,0,9560,0.8585858585858586
er4_m60_s7,er4,db_rescore,0,9610,0.8585858585858586
er4_m60_s7,er4,db_rescore,0,9660,0.8585858585858586
er4_m60_s7,er4,db_rescore,0,9710,0.8585858585858586
er4_m60_s7,er4,db_rescore,0,9760,0.8585858585858586
er4_m60_s7,er4,db_rescore,0,9810,0.8585858585858586
er4_m60_s7,er4,db_rescore,0,9860,0.8585858585858586
er4_m60_s7,er4,db_rescore,0,9910,0.8585858585858586
er4_m60_s7,er4,db_rescore,0,9960,0.8585858585858586
er4_m60_s7,er4,db_rescore,0,10010,0.8585858585858586
er4_m60_s7,er4,db_rescore,0,10060,0.8585858585858586
er4_m60_s7,er4,db_rescore,0,10110,0.8585858585858586
er4_m60_s7,er4,db_rescore,0,10160,0.8585858585858586
er4_m60_s7,er4,db_rescore,0,10210,0.8585858585858586
er4_m60_s7,er4,db_rescore,0,10260,0.8585858585858586
er4_m60_s7,er4,db_rescore,0,10310,0.8585858585858586
er4_m60_s7,er4,db_rescore,0,10360,0.8585858585858586
er4_m60_s7,er4,db_rescore,0,10410,0.8585858585858586
er4_m60_s7,er4,db_rescore,0,10460,0.8585858585858586
er4_m60_s7,er4,db_rescore,0,10510,0.8585858585858586
er4_m60_s7,er4,db_rescore,0,10560,0.8585858585858586
er4_m60_s7,er4,db_rescore,0,10610,0.8585858585858586
er4_m60_s7,er4,db_rescore,0,10660,0.8585858585858586
er4_m60_s7,er4,db_rescore,0,10710,0.8585858585858586
er4_m60_s7,er4,db_rescore,0,10760,0.8585858585858586
er4_m60_s7,er4,db_rescore,0,10810,0.8585858585858586
er4_m60_s7,er4,db_rescore,0,10860,0.8585858585858586
er4_m60_s7,er4,db_rescore,0,10910,0.8585858585858586
er4_m60_s7,er4,db_rescore,0,10960,0.8585858585858586
er4_m60_s7,er4,db_rescore,0,11010,0.8585858585858586
er4_m60_s7,er4,db_rescore,0,11060,0.8585858585858586
er4_m60_s7,er4,db_rescore,0,11110,0.8585858585858586
er4_m60_s7,er4,db_rescore,0,11160,0.8585858585858586
er4_m60_s7,er4,db_rescore,0,11210,0.8585858585858586
er4_m60_s7,er4,db_rescore,0,11260,0.8585858585858586
er4_m60_s7,er4,db_rescore,0,11310,0.8585858585858586
er4_m60_s7,er4,db_rescore,0,11360,0.8585858585858586
er4_m60_s7,er4,db_rescore,0,11410,0.8585858585858586
er4_m60_s7,er4,db_rescore,0,11460,0.8585858585858586
er4_m60_s7,er4,db_rescore,0,11510,0.8585858585858586
er4_m60_s7,er4,db_rescore,0,11560,0.8585858585858586
er4_m60_s7,er4,db_rescore,0,11610,0.8585858585858586
er4_m60_s7,er4,db_rescore,0,11660,0.8585858585858586
er4_m60_s7,er4,db_rescore,0,11710,0.8585858585858586
er4_m60_s7,er4,db_rescore,0,11760,0.8585858585858586
er4_m60_s7,er4,db_rescore,0,11810,0.8585858585858586
er4_m60_s7,er4,db_rescore,0,11860,0.8585858585858586
er4_m60_s7,er4,db_rescore,0,11910,0.8585858585858586
er4_m60_s7,er4,db_rescore,0,11960,0.8585858585858586
er4_m60_s7,er4,db_rescore,0,12010,0.8585858585858586
er4_m60_s7,er4,db_rescore,0,12060,0.8585858585858586
er4_m60_s7,er4,db_rescore,0,12110,0.8585858585858586
er4_m60_s7,er4,db_rescore,0,12160,0.8585858585858586
er4_m60_s7,er4,db_rescore,0,12210,0.8585858585858586
er4_m60_s7,er4,db_rescore,0,12260,0.8585858585858586
er4_m60_s7,er4,db_rescore,0,12310,0.8585858585858586
er4_m60_s7,er4,db_rescore,0,12360,0.8585858585858586
er4_m60_s7,er4,db_rescore,0,12410,0.8585858585858586
er4_m60_s7,er4,db_rescore,0,12460,0.8585858585858586
er4_m60_s7,er4,db_rescore,0,12510,0.8585858585858586
er4_m60_s7,er4,db_rescore,0,12560,0.8585858585858586
er4_m60_s7,er4,db_rescore,0,12610,0.8585858585858586
er4_m60_s7,er4,db_rescore,0,12660,0.8585858585858586
er4_m60_s7,er4,db_rescore,0,12710,0.8585858585858586
er4_m60_s7,er4,db_rescore,0,12760,0.8585858585858586
er4_m60_s7,er4,db_rescore,0,12810,0.8585858585858586
er4_m60_s7,er4,db_rescore,0,12860,0.8585858585858586
er4_m60_s7,er4,db_rescore,0,12910,0.8585858585858586
er4_m60_s7,er4,db_rescore,0,12960,0.8585858585858586
er4_m60_s7,er4,db_rescore,0,13010,0.8585858585858586
er4_m60_s7,er4,db_rescore,0,13060,0.8585858585858586
er4_m60_s7,er4,db_rescore,0,13110,0.8585858585858586
er4_m60_s7,er4,db_rescore,0,13160,0.8585858585858586
er4_m60_s7,er4,db_rescore,0,13210,0.8585858585858586
er4_m60_s7,er4,db_rescore,0,13260,0.8585858585858586
er4_m60_s7,er4,db_rescore,0,13310,0.8585858585858586
er4_m60_s7,er4,db_rescore,0,13360,0.8585858585858586
er4_m60_s7,er4,db_rescore,0,13410,0.8585858585858586
er4_m60_s7,er4,db_rescore,0,13460,0.8585858585858586
er4_m60_s7,er4,db_rescore,0,13510,0.8585858585858586
er4_m60_s7,er4,db_rescore,0,13560,0.8585858585858586
er4_m60_s7,er4,db_rescore,0,13610,0.8585858585858586
er4_m60_s7,er4,db_rescore,0,13660,0.8585858585858586
er4_m60_s7,er4,db_rescore,0,13710,0.8585858585858586
er4_m60_s7,er4,db_rescore,0,13760,0.8585858585858586
er4_m60_s7,er4,db_rescore,0,13810,0.8585858585858586
er4_m60_s7,er4,db_rescore,0,13860,0.8585858585858586
er4_m60_s7,er4,db_rescore,0,13910,0.8585858585858586
er4_m60_s7,er4,db_rescore,0,13960,0.8585858585858586
er4_m60_s7,er4,db_rescore,0,14010,0.8585858585858586
er4_m60_s7,er4,db_rescore,0,14060,0.8585858585858586
er4_m60_s7,er4,db_rescore,0,14110,0.8585858585858586
er4_m60_s7,er4,db_rescore,0,14160,0.8585858585858586
er4_m60_s7,er4,db_rescore,0,14210,0.8585858585858586
er4_m60_s7,er4,db_rescore,0,14260,0.8585858585858586
er4_m60_s7,er4,db_rescore,0,14310,0.8585858585858586
er4_m60_s7,er4,db_rescore,0,14360,0.8585858585858586
er4_m60_s7,er4,db_rescore,0,14410,0.8585858585858586
er4_m60_s7,er4,db_rescore,0,14460,0.8585858585858586
er4_m60_s7,er4,db_rescore,0,14510,0.8585858585858586
er4_m60_s7,er4,db_rescore,0,14560,0.8585858585858586
er4_m60_s7,er4,db_rescore,0,14610,0.8585858585858586
er4_m60_s7,er4,db_rescore,0,14660,0.8585858585858586
er4_m60_s7,er4,db_rescore,0,14710,0.8585858585858586
er4_m60_s7,er4,db_rescore,0,14760,0.8585858585858586
er4_m60_s7,er4,db_rescore,0,14810,0.8585858585858586
er4_m60_s7,er4,db_rescore,0,14860,0.8585858585858586
er4_m60_s7,er4,db_rescore,0,14910,0.8585858585858586
er4_m60_s7,er4,db_rescore,0,14960,0.8585858585858586
er4_m60_s7,er4,db_rescore,0,15010,0.8585858585858586
er4_m60_s7,er4,db_rescore,0,15060,0.8585858585858586
er4_m60_s7,er4,db_rescore,0,15110,0.8585858585858586
er4_m60_s7,er4,db_rescore,0,15160,0.8585858585858586
er4_m60_s7,er4,db_rescore,0,15210,0.8585858585858586
er4_m60_s7,er4,db_rescore,0,15260,0.8585858585858586
er4_m60_s7,er4,db_rescore,0,15310,0.8585858585858586
er4_m60_s7,er4,db_rescore,0,15360,0.8585858585858586
er4_m60_s7,er4,db_rescore,0,15410,0.8585858585858586
er4_m60_s7,er4,db_rescore,0,15460,0.8585858585858586
er4_m60_s7,er4,db_rescore,0,15510,0.8585858585858586
er4_m60_s7,er4,db_rescore,0,15560,0.8585858585858586
er4_m60_s7,er4,db_rescore,0,15610,0.8585858585858586
er4_m60_s7,er4,db_rescore,0,15660,0.8585858585858586
er4_m60_s7,er4,db_rescore,0,15710,0.8585858585858586
er4_m60_s7,er4,db_rescore,0,15760,0.8585858585858586
er4_m60_s7,er4,db_rescore,0,15810,0.8585858585858586
er4_m60_s7,er4,db_rescore,0,15860,0.8585858585858586
er4_m60_s7,er4,db_rescore,0,15910,0.8585858585858586
er4_m60_s7,er4,db_rescore,0,15960,0.8585858585858586
er4_m60_s7,er4,db_rescore,0,16010,0.8585858585858586
er4_m60_s7,er4,db_rescore,0,16060,0.8585858585858586
er4_m60_s7,er4,db_rescore,0,16110,0.8585858585858586
er4_m60_s7,er4,db_rescore,0,16160,0.8585858585858586
er4_m60_s7,er4,db_rescore,0,16210,0.8585858585858586
er4_m60_s7,er4,db_rescore,0,16260,0.8585858585858586
er4_m60_s7,er4,db_rescore,0,16310,0.8585858585858586
er4_m60_s7,er4,db_rescore,0,16360,0.8585858585858586
er4_m60_s7,er4,db_rescore,0,16410,0.8585858585858586
er4_m60_s7,er4,db_rescore,0,16460,0.8585858585858586
er4_m60_s7,er4,db_rescore,0,16510,0.8585858585858586
er4_m60_s7,er4,db_rescore,0,16560,0.8585858585858586
er4_m60_s7,er4,db_rescore,0,16610,0.8585858585858586
er4_m60_s7,er4,db_rescore,0,16660,0.8585858585858586
er4_m60_s7,er4,db_rescore,0,16710,0.8585858585858586
er4_m60_s7,er4,db_rescore,0,16760,0.8585858585858586
er4_m60_s7,er4,db_rescore,0,16810,0.8585858585858586
er4_m60_s7,er4,db_rescore,0,16860,0.8585858585858586
er4_m60_s7,er4,db_rescore,0,16910,0.8585858585858586
er4_m60_s7,er4,db_rescore,0,16960,0.8585858585858586
er4_m60_s7,er4,db_rescore,0,17010,0.8585858585858586
er4_m60_s7,er4,db_rescore,0,17060,0.8585858585858586
er4_m60_s7,er4,db_rescore,0,17110,0.8585858585858586
er4_m60_s7,er4,db_rescore,0,17160,0.8585858585858586
er4_m60_s7,er4,db_rescore,0,17210,0.8585858585858586
er4_m60_s7,er4,db_rescore,0,17260,0.8585858585858586
er4_m60_s7,er4,db_rescore,0,17310,0.8585858585858586
er4_m60_s7,er4,db_rescore,0,17360,0.8585858585858586
er4_m60_s7,er4,db_rescore,0,17410,0.8585858585858586
er4_m60_s7,er4,db_rescore,0,17460,0.8585858585858586
er4_m60_s7,er4,db_rescore,0,17510,0.8585858585858586
er4_m60_s7,er4,db_rescore,0,17560,0.8585858585858586
er4_m60_s7,er4,db_rescore,0,17610,0.8585858585858586
er4_m60_s7,er4,db_rescore,0,17660,0.8585858585858586
er4_m60_s7,er4,db_rescore,0,17710,0.8585858585858586
er4_m60_s7,er4,db_rescore,0,17760,0.8585858585858586
er4_m60_s7,er4,db_rescore,0,17810,0.8585858585858586
er4_m60_s7,er4,db_rescore,0,17860,0.8585858585858586
er4_m60_s7,er4,db_rescore,0,17910,0.8585858585858586
er4_m60_s7,er4,db_rescore,0,17960,0.8585858585858586
er4_m60_s7,er4,db_rescore,0,18010,0.8585858585858586
er4_m60_s7,er4,db_rescore,0,18060,0.8585858585858586
er4_m60_s7,er4,db_rescore,0,18110,0.8585858585858586
er4_m60_s7,er4,db_rescore,0,18160,0.8585858585858586
er4_m60_s7,er4,db_rescore,0,18210,0.8585858585858586
er4_m60_s7,er4,db_rescore,0,18260,0.8585858585858586
er4_m60_s7,er4,db_rescore,0,18310,0.8585858585858586
er4_m60_s7,er4,db_rescore,0,18360,0.8585858585858586
er4_m60_s7,er4,db_rescore,0,18410,0.8585858585858586
er4_m60_s7,er4,db_rescore,0,18460,0.8585858585858586
er4_m60_s7,er4,db_rescore,0,18510,0.8585858585858586
er4_m60_s7,er4,db_rescore,0,18560,0.8585858585858586
er4_m60_s7,er4,db_rescore,0,18610,0.8585858585858586
er4_m60_s7,er4,db_rescore,0,18660,0.8585858585858586
er4_m60_s7,er4,db_rescore,0,18710,0.8585858585858586
er4_m60_s7,er4,db_rescore,0,18760,0.8585858585858586
er4_m60_s7,er4,db_rescore,0,18810,0.8585858585858586
er4_m60_s7,er4,db_rescore,0,18860,0.8585858585858586
er4_m60_s7,er4,db_rescore,0,18910,0.8585858585858586
er4_m60_s7,er4,db_rescore,0,18960,0.8585858585858586
er4_m60_s7,er4,db_rescore,0,19010,0.8585858585858586
er4_m60_s7,er4,db_rescore,0,19060,0.8585858585858586
er4_m60_s7,er4,db_rescore,0,19110,0.8585858585858586
er4_m60_s7,er4,db_rescore,0,19160,0.8585858585858586
er4_m60_s7,er4,db_rescore,0,19210,0.8585858585858586
er4_m60_s7,er4,db_rescore,0,19260,0.8585858585858586
er4_m60_s7,er4,db_rescore,0,19310,0.8585858585858586
er4_m60_s7,er4,db_rescore,0,19360,0.8585858585858586
er4_m60_s7,er4,db_rescore,0,19410,0.8585858585858586
er4_m60_s7,er4,db_rescore,0,19460,0.8585858585858586
er4_m60_s7,er4,db_rescore,0,19510,0.8585858585858586
er4_m60_s7,er4,db_rescore,0,19560,0.8585858585858586
er4_m60_s7,er4,db_rescore,0,19610,0.8585858585858586
er4_m60_s7,er4,db_rescore,0,19660,0.8585858585858586
er4_m60_s7,er4,db_rescore,0,19710,0.8585858585858586
er4_m60_s7,er4,db_rescore,0,19760,0.8585858585858586
er4_m60_s7,er4,db_rescore,0,19810,0.8585858585858586
er4_m60_s7,er4,db_rescore,0,19860,0.8585858585858586
er4_m60_s7,er4,db_rescore,0,19910,0.8585858585858586
er4_m60_s7,er4,db_rescore,0,19960,0.8585858585858586
er4_m60_s7,er4,db_rescore,0,20010,0.8585858585858586
er4_m60_s7,er4,cold,1,10,0.6161616161616161
er4_m60_s7,er4,cold,1,60,0.6868686868686869
er4_m60_s7,er4,cold,1,110,0.7272727272727273
er4_m60_s7,er4,cold,1,160,0.7575757575757576
er4_m60_s7,er4,cold,1,210,0.7575757575757576
er4_m60_s7,er4,cold,1,260,0.7777777777777778
er4_m60_s7,er4,cold,1,310,0.7777777777777778
er4_m60_s7,er4,cold,1,360,0.7777777777777778
er4_m60_s7,er4,cold,1,410,0.7777777777777778
er4_m60_s7,er4,cold,1,460,0.7878787878787878
er4_m60_s7,er4,cold,1,510,0.797979797979798
er4_m60_s7,er4,cold,1,560,0.797979797979798
er4_m60_s7,er4,cold,1,610,0.797979797979798
er4_m60_s7,er4,cold,1,660,0.797979797979798
er4_m60_s7,er4,cold,1,710,0.797979797979798
er4_m60_s7,er4,cold,1,760,0.8181818181818182
er4_m60_s7,er4,cold,1,810,0.8181818181818182
er4_m60_s7,er4,cold,1,860,0.8181818181818182
er4_m60_s7,er4,cold,1,910,0.8181818181818182
er4_m60_s7,er4,cold,1,960,0.8181818181818182
er4_m60_s7,er4,cold,1,1010,0.8181818181818182
er4_m60_s7,er4,cold,1,1060,0.8181818181818182
er4_m60_s7,er4,cold,1,1110,0.8181818181818182
er4_m60_s7,er4,cold,1,1160,0.8383838383838383
er4_m60_s7,er4,cold,1,1210,0.8484848484848485
er4_m60_s7,er4,cold,1,1260,0.8484848484848485
er4_m60_s7,er4,cold,1,1310,0.8484848484848485
er4_m60_s7,er4,cold,1,1360,0.8484848484848485
er4_m60_s7,er4,cold,1,1410,0.8484848484848485
er4_m60_s7,er4,cold,1,1460,0.8484848484848485
er4_m60_s7,er4,cold,1,1510,0.8484848484848485
er4_m60_s7,er4,cold,1,1560,0.8484848484848485
er4_m60_s7,er4,cold,1,1610,0.8484848484848485
er4_m60_s7,er4,cold,1,1660,0.8484848484848485
er4_m60_s7,er4,cold,1,1710,0.8484848484848485
er4_m60_s7,er4,cold,1,1760,0.8484848484848485
er4_m60_s7,er4,cold,1,1810,0.8484848484848485
er4_m60_s7,er4,cold,1,1860,0.8686868686868687
er4_m60_s7,er4,cold,1,1910,0.8686868686868687
er4_m60_s7,er4,cold,1,1960,0.8686868686868687
er4_m60_s7,er4,cold,1,2010,0.8686868686868687
er4_m60_s7,er4,cold,1,2060,0.8686868686868687
er4_m60_s7,er4,cold,1,2110,0.8686868686868687
er4_m60_s7,er4,cold,1,2160,0.8686868686868687
er4_m60_s7,er4,cold,1,2210,0.8686868686868687
er4_m60_s7,er4,cold,1,2260,0.8686868686868687
er4_m60_s7,er4,cold,1,2310,0.8686868686868687
er4_m60_s7,er4,cold,1,2360,0.8686868686868687
er4_m60_s7,er4,cold,1,2410,0.8686868686868687
er4_m60_s7,er4,cold,1,2460,0.8686868686868687
er4_m60_s7,er4,cold,1,2510,0.8686868686868687
er4_m60_s7,er4,cold,1,2560,0.8686868686868687
er4_m60_s7,er4,cold,1,2610,0.8686868686868687
er4_m60_s7,er4,cold,1,2660,0.8686868686868687
er4_m60_s7,er4,cold,1,2710,0.8787878787878788
er4_m60_s7,er4,cold,1,2760,0.8787878787878788
er4_m60_s7,er4,cold,1,2810,0.8787878787878788
er4_m60_s7,er4,cold,1,2860,0.8787878787878788
er4_m60_s7,er4,cold,1,2910,0.8787878787878788
er4_m60_s7,er4,cold,1,2960,0.8787878787878788
er4_m60_s7,er4,cold,1,3010,0.8787878787878788
er4_m60_s7,er4,cold,1,3060,0.8787878787878788
er4_m60_s7,er4,cold,1,3110,0.8787878787878788
er4_m60_s7,er4,cold,1,3160,0.8787878787878788
er4_m60_s7,er4,cold,1,3210,0.8787878787878788
er4_m60_s7,er4,cold,1,3260,0.8787878787878788
er4_m60_s7,er4,cold,1,3310,0.8787878787878788
er4_m60_s7,er4,cold,1,3360,0.8787878787878788
er4_m60_s7,er4,cold,1,3410,0.8787878787878788
er4_m60_s7,er4,cold,1,3460,0.8787878787878788
er4_m60_s7,er4,cold,1,3510,0.8787878787878788
er4_m60_s7,er4,cold,1,3560,0.8787878787878788
er4_m60_s7,er4,cold,1,3610,0.8787878787878788
er4_m60_s7,er4,cold,1,3660,0.8787878787878788
er4_m60_s7,er4,cold,1,3710,0.8787878787878788
er4_m60_s7,er4,cold,1,3760,0.8787878787878788
er4_m60_s7,er4,cold,1,3810,0.8787878787878788
er4_m60_s7,er4,cold,1,3860,0.8787878787878788
er4_m60_s7,er4,cold,1,3910,0.8787878787878788
er4_m60_s7,er4,cold,1,3960,0.8787878787878788
er4_m60_s7,er4,cold,1,4010,0.8787878787878788
er4_m60_s7,er4,cold,1,4060,0.8787878787878788
er4_m60_s7,er4,cold,1,4110,0.8787878787878788
er4_m60_s7,er4,cold,1,4160,0.8787878787878788
er4_m60_s7,er4,cold,1,4210,0.8787878787878788
er4_m60_s7,er4,cold,1,4260,0.8787878787878788
er4_m60_s7,er4,cold,1,4310,0.8787878787878788
er4_m60_s7,er4,cold,1,4360,0.8787878787878788
er4_m60_s7,er4,cold,1,4410,0.8787878787878788
er4_m60_s7,er4,cold,1,4460,0.8787878787878788
er4_m60_s7,er4,cold,1,4510,0.8787878787878788
er4_m60_s7,er4,cold,1,4560,0.8787878787878788
er4_m60_s7,er4,cold,1,4610,0.8787878787878788
er4_m60_s7,er4,cold,1,4660,0.8787878787878788
er4_m60_s7,er4,cold,1,4710,0.8787878787878788
er4_m60_s7,er4,cold,1,4760,0.8787878787878788
er4_m60_s7,er4,cold,1,4810,0.8787878787878788
er4_m60_s7,er4,cold,1,4860,0.8787878787878788
er4_m60_s7,er4,cold,1,4910,0.8787878787878788
er4_m60_s7,er4,cold,1,4960,0.8787878787878788
er4_m60_s7,er4,cold,1,5010,0.8787878787878788
er4_m60_s7,er4,cold,1,5060,0.8787878787878788
er4_m60_s7,er4,cold,1,5110,0.8787878787878788
er4_m60_s7,er4,cold,1,5160,0.8787878787878788
er4_m60_s7,er4,cold,1,5210,0.8787878787878788
er4_m60_s7,er4,cold,1,5260,0.8787878787878788
er4_m60_s7,er4,cold,1,5310,0.8787878787878788
er4_m60_s7,er4,cold,1,5360,0.8787878787878788
er4_m60_s7,er4,cold,1,5410,0.8787878787878788
er4_m60_s7,er4,cold,1,5460,0.8787878787878788
er4_m60_s7,er4,cold,1,5510,0.8787878787878788
er4_m60_s7,er4,cold,1,5560,0.8787878787878788
er4_m60_s7,er4,cold,1,5610,0.8787878787878788
er4_m60_s7,er4,cold,1,5660,0.8787878787878788
er4_m60_s7,er4,cold,1,5710,0.8787878787878788
er4_m60_s7,er4,cold,1,5760,0.8787878787878788
er4_m60_s7,er4,cold,1,5810,0.8787878787878788
er4_m60_s7,er4,cold,1,5860,0.8787878787878788
er4_m60_s7,er4,cold,1,5910,0.8787878787878788
er4_m60_s7,er4,cold,1,5960,0.8787878787878788
er4_m60_s7,er4,cold,1,6010,0.8787878787878788
er4_m60_s7,er4,cold,1,6060,0.8787878787878788
er4_m60_s7,er4,cold,1,6110,0.8787878787878788
er4_m60_s7,er4,cold,1,6160,0.8787878787878788
er4_m60_s7,er4,cold,1,6210,0.8787878787878788
er4_m60_s7,er4,cold,1,6260,0.8787878787878788
er4_m60_s7,er4,cold,1,6310,0.8787878787878788
er4_m60_s7,er4,cold,1,6360,0.8787878787878788
er4_m60_s7,er4,cold,1,6410,0.8787878787878788
er4_m60_s7,er4,cold,1,6460,0.8787878787878788
er4_m60_s7,er4,cold,1,6510,0.8787878787878788
er4_m60_s7,er4,cold,1,6560,0.8787878787878788
er4_m60_s7,er4,cold,1,6610,0.8787878787878788
er4_m60_s7,er4,cold,1,6660,0.8787878787878788
er4_m60_s7,er4,cold,1,6710,0.8787878787878788
er4_m60_s7,er4,cold,1,6760,0.8787878787878788
er4_m60_s7,er4,cold,1,6810,0.8787878787878788
er4_m60_s7,er4,cold,1,6860,0.8787878787878788
er4_m60_s7,er4,cold,1,6910,0.8787878787878788
er4_m60_s7,er4,cold,1,6960,0.8787878787878788
er4_m60_s7,er4,cold,1,7010,0.8787878787878788
er4_m60_s7,er4,cold,1,7060,0.8787878787878788
er4_m60_s7,er4,cold,1,7110,0.8787878787878788
er4_m60_s7,er4,cold,1,7160,0.8787878787878788
er4_m60_s7,er4,cold,1,7210,0.8787878787878788
er4_m60_s7,er4,cold,1,7260,0.8787878787878788
er4_m60_s7,er4,cold,1,7310,0.8787878787878788
er4_m60_s7,er4,cold,1,7360,0.8787878787878788
er4_m60_s7,er4,cold,1,7410,0.8787878787878788
er4_m60_s7,er4,cold,1,7460,0.8787878787878788
er4_m60_s7,er4,cold,1,7510,0.8787878787878788
er4_m60_s7,er4,cold,1,7560,0.8787878787878788
er4_m60_s7,er4,cold,1,7610,0.8787878787878788
er4_m60_s7,er4,cold,1,7660,0.8787878787878788
er4_m60_s7,er4,cold,1,7710,0.8787878787878788
er4_m60_s7,er4,cold,1,7760,0.8787878787878788
er4_m60_s7,er4,cold,1,7810,0.8787878787878788
er4_m60_s7,er4,cold,1,7860,0.8787878787878788
er4_m60_s7,er4,cold,1,7910,0.8787878787878788
er4_m60_s7,er4,cold,1,7960,0.8787878787878788
er4_m60_s7,er4,cold,1,8010,0.8787878787878788
er4_m60_s7,er4,cold,1,8060,0.8787878787878788
er4_m60_s7,er4,cold,1,8110,0.8787878787878788
er4_m60_s7,er4,cold,1,8160,0.8787878787878788
er4_m60_s7,er4,cold,1,8210,0.8787878787878788
er4_m60_s7,er4,cold,1,8260,0.8787878787878788
er4_m60_s7,er4,cold,1,8310,0.8787878787878788
er4_m60_s7,er4,cold,1,8360,0.8787878787878788
er4_m60_s7,er4,cold,1,8410,0.8787878787878788
er4_m60_s7,er4,cold,1,8460,0.8787878787878788
er4_m60_s7,er4,cold,1,8510,0.8787878787878788
er4_m60_s7,er4,cold,1,8560,0.8787878787878788
er4_m60_s7,er4,cold,1,8610,0.8787878787878788
er4_m60_s7,er4,cold,1,8660,0.8787878787878788
er4_m60_s7,er4,cold,1,8710,0.8787878787878788
er4_m60_s7,er4,cold,1,8760,0.8787878787878788
er4_m60_s7,er4,cold,1,8810,0.8787878787878788
er4_m60_s7,er4,cold,1,8860,0.8787878787878788
er4_m60_s7,er4,cold,1,8910,0.8787878787878788
er4_m60_s7,er4,cold,1,8960,0.8787878787878788
er4_m60_s7,er4,cold,1,9010,0.8787878787878788
er4_m60_s7,er4,cold,1,9060,0.8787878787878788
er4_m60_s7,er4,cold,1,9110,0.8787878787878788
er4_m60_s7,er4,cold,1,9160,0.8787878787878788
er4_m60_s7,er4,cold,1,9210,0.8787878787878788
er4_m60_s7,er4,cold,1,9260,0.8787878787878788
er4_m60_s7,er4,cold,1,9310,0.8787878787878788
er4_m60_s7,er4,cold,1,9360,0.8787878787878788
er4_m60_s7,er4,cold,1,9410,0.8787878787878788
er4_m60_s7,er4,cold,1,9460,0.8787878787878788
er4_m60_s7,er4,cold,1,9510,0.8787878787878788
er4_m60_s7,er4,cold,1,9560,0.8787878787878788
er4_m60_s7,er4,cold,1,9610,0.8787878787878788
er4_m60_s7,er4,cold,1,9660,0.8787878787878788
er4_m60_s7,er4,cold,1,9710,0.8787878787878788
er4_m60_s7,er4,cold,1,9760,0.8787878787878788
er4_m60_s7,er4,cold,1,9810,0.8787878787878788
er4_m60_s7,er4,cold,1,9860,0.8787878787878788
er4_m60_s7,er4,cold,1,9910,0.8787878787878788
er4_m60_s7,er4,cold,1,9960,0.8787878787878788
er4_m60_s7,er4,cold,1,10010,0.8787878787878788
er4_m60_s7,er4,cold,1,10060,0.8787878787878788
er4_m60_s7,er4,cold,1,10110,0.8787878787878788
er4_m60_s7,er4,cold,1,10160,0.8787878787878788
er4_m60_s7,er4,cold,1,10210,0.8787878787878788
er4_m60_s7,er4,cold,1,10260,0.8787878787878788
er4_m60_s7,er4,cold,1,10310,0.8787878787878788
er4_m60_s7,er4,cold,1,10360,0.8787878787878788
er4_m60_s7,er4,cold,1,10410,0.8787878787878788
er4_m60_s7,er4,cold,1,10460,0.8787878787878788
er4_m60_s7,er4,cold,1,10510,0.8787878787878788
er4_m60_s7,er4,cold,1,10560,0.8787878787878788
er4_m60_s7,er4,cold,1,10610,0.8787878787878788
er4_m60_s7,er4,cold,1,10660,0.8787878787878788
er4_m60_s7,er4,cold,1,10710,0.8787878787878788
er4_m60_s7,er4,cold,1,10760,0.8787878787878788
er4_m60_s7,er4,cold,1,10810,0.8787878787878788
er4_m60_s7,er4,cold,1,10860,0.8787878787878788
er4_m60_s7,er4,cold,1,10910,0.8787878787878788
er4_m60_s7,er4,cold,1,10960,0.8787878787878788
er4_m60_s7,er4,cold,1,11010,0.8787878787878788
er4_m60_s7,er4,cold,1,11060,0.8787878787878788
er4_m60_s7,er4,cold,1,11110,0.8787878787878788
er4_m60_s7,er4,cold,1,11160,0.8787878787878788
er4_m60_s7,er4,cold,1,11210,0.8787878787878788
er4_m60_s7,er4,cold,1,11260,0.8787878787878788
er4_m60_s7,er4,cold,1,11310,0.8787878787878788
er4_m60_s7,er4,cold,1,11360,0.8787878787878788
er4_m60_s7,er4,cold,1,11410,0.8787878787878788
er4_m60_s7,er4,cold,1,11460,0.8787878787878788
er4_m60_s7,er4,cold,1,11510,0.8787878787878788
er4_m60_s7,er4,cold,1,11560,0.8787878787878788
er4_m60_s7,er4,cold,1,11610,0.8787878787878788
er4_m60_s7,er4,cold,1,11660,0.8787878787878788
er4_m60_s7,er4,cold,1,11710,0.8787878787878788
er4_m60_s7,er4,cold,1,11760,0.8787878787878788
er4_m60_s7,er4,cold,1,11810,0.8787878787878788
er4_m60_s7,er4,cold,1,11860,0.8787878787878788
er4_m60_s7,er4,cold,1,11910,0.8787878787878788
er4_m60_s7,er4,cold,1,11960,0.8787878787878788
er4_m60_s7,er4,cold,1,12010,0.8787878787878788
er4_m60_s7,er4,cold,1,12060,0.8787878787878788
er4_m60_s7,er4,cold,1,12110,0.8787878787878788
er4_m60_s7,er4,cold,1,12160,0.8787878787878788
er4_m60_s7,er4,cold,1,12210,0.8787878787878788
er4_m60_s7,er4,cold,1,12260,0.8787878787878788
er4_m60_s7,er4,cold,1,12310,0.8787878787878788
er4_m60_s7,er4,cold,1,12360,0.8787878787878788
er4_m60_s7,er4,cold,1,12410,0.8787878787878788
er4_m60_s7,er4,cold,1,12460,0.8787878787878788
er4_m60_s7,er4,cold,1,12510,0.8787878787878788
er4_m60_s7,er4,cold,1,12560,0.8787878787878788
er4_m60_s7,er4,cold,1,12610,0.8787878787878788
er4_m60_s7,er4,cold,1,12660,0.8787878787878788
er4_m60_s7,er4,cold,1,12710,0.8787878787878788
er4_m60_s7,er4,cold,1,12760,0.8787878787878788
er4_m60_s7,er4,cold,1,12810,0.8787878787878788
er4_m60_s7,er4,cold,1,12860,0.8787878787878788
er4_m60_s7,er4,cold,1,12910,0.8787878787878788
er4_m60_s7,er4,cold,1,12960,0.8787878787878788
er4_m60_s7,er4,cold,1,13010,0.8787878787878788
er4_m60_s7,er4,cold,1,13060,0.8787878787878788
er4_m60_s7,er4,cold,1,13110,0.8787878787878788
er4_m60_s7,er4,cold,1,13160,0.8787878787878788
er4_m60_s7,er4,cold,1,13210,0.8787878787878788
er4_m60_s7,er4,cold,1,13260,0.8787878787878788
er4_m60_s7,er4,cold,1,13310,0.8787878787878788
er4_m60_s7,er4,cold,1,13360,0.8787878787878788
er4_m60_s7,er4,cold,1,13410,0.8787878787878788
er4_m60_s7,er4,cold,1,13460,0.8787878787878788
er4_m60_s7,er4,cold,1,13510,0.8787878787878788
er4_m60_s7,er4,cold,1,13560,0.8787878787878788
er4_m60_s7,er4,cold,1,13610,0.8787878787878788
er4_m60_s7,er4,cold,1,13660,0.8787878787878788
er4_m60_s7,er4,cold,1,13710,0.8787878787878788
er4_m60_s7,er4,cold,1,13760,0.8787878787878788
er4_m60_s7,er4,cold,1,13810,0.8787878787878788
er4_m60_s7,er4,cold,1,13860,0.8787878787878788
er4_m60_s7,er4,cold,1,13910,0.8787878787878788
er4_m60_s7,er4,cold,1,13960,0.8787878787878788
er4_m60_s7,er4,cold,1,14010,0.8787878787878788
er4_m60_s7,er4,cold,1,14060,0.8787878787878788
er4_m60_s7,er4,cold,1,14110,0.8787878787878788
er4_m60_s7,er4,cold,1,14160,0.8787878787878788
er4_m60_s7,er4,cold,1,14210,0.8787878787878788
er4_m60_s7,er4,cold,1,14260,0.8787878787878788
er4_m60_s7,er4,cold,1,14310,0.8787878787878788
er4_m60_s7,er4,cold,1,14360,0.8787878787878788
er4_m60_s7,er4,cold,1,14410,0.8787878787878788
er4_m60_s7,er4,cold,1,14460,0.8787878787878788
er4_m60_s7,er4,cold,1,14510,0.8787878787878788
er4_m60_s7,er4,cold,1,14560,0.8787878787878788
er4_m60_s7,er4,cold,1,14610,0.8787878787878788
er4_m60_s7,er4,cold,1,14660,0.8787878787878788
er4_m60_s7,er4,cold,1,14710,0.8787878787878788
er4_m60_s7,er4,cold,1,14760,0.8787878787878788
er4_m60_s7,er4,cold,1,14810,0.8787878787878788
er4_m60_s7,er4,cold,1,14860,0.8787878787878788
er4_m60_s7,er4,cold,1,14910,0.8787878787878788
er4_m60_s7,er4,cold,1,14960,0.8787878787878788
er4_m60_s7,er4,cold,1,15010,0.8787878787878788
er4_m60_s7,er4,cold,1,15060,0.8787878787878788
er4_m60_s7,er4,cold,1,15110,0.8787878787878788
er4_m60_s7,er4,cold,1,15160,0.8787878787878788
er4_m60_s7,er4,cold,1,15210,0.8787878787878788
er4_m60_s7,er4,cold,1,15260,0.8787878787878788
er4_m60_s7,er4,cold,1,15310,0.8787878787878788
er4_m60_s7,er4,cold,1,15360,0.8787878787878788
er4_m60_s7,er4,cold,1,15410,0.8787878787878788
er4_m60_s7,er4,cold,1,15460,0.8787878787878788
er4_m60_s7,er4,cold,1,15510,0.8787878787878788
er4_m60_s7,er4,cold,1,15560,0.8787878787878788
er4_m60_s7,er4,cold,1,15610,0.8787878787878788
er4_m60_s7,er4,cold,1,15660,0.8787878787878788
er4_m60_s7,er4,cold,1,15710,0.8787878787878788
er4_m60_s7,er4,cold,1,15760,0.8787878787878788
er4_m60_s7,er4,cold,1,15810,0.8787878787878788
er4_m60_s7,er4,cold,1,15860,0.8787878787878788
er4_m60_s7,er4,cold,1,15910,0.8787878787878788
er4_m60_s7,er4,cold,1,15960,0.8787878787878788
er4_m60_s7,er4,cold,1,16010,0.8787878787878788
er4_m60_s7,er4,cold,1,16060,0.8787878787878788
er4_m60_s7,er4,cold,1,16110,0.8787878787878788
er4_m60_s7,er4,cold,1,16160,0.8787878787878788
er4_m60_s7,er4,cold,1,16210,0.8787878787878788
er4_m60_s7,er4,cold,1,16260,0.8787878787878788
er4_m60_s7,er4,cold,1,16310,0.8787878787878788
er4_m60_s7,er4,cold,1,16360,0.8787878787878788
er4_m60_s7,er4,cold,1,16410,0.8787878787878788
er4_m60_s7,er4,cold,1,16460,0.8787878787878788
er4_m60_s7,er4,cold,1,16510,0.8787878787878788
er4_m60_s7,er4,cold,1,16560,0.8787878787878788
er4_m60_s7,er4,cold,1,16610,0.8787878787878788
er4_m60_s7,er4,cold,1,16660,0.8787878787878788
er4_m60_s7,er4,cold,1,16710,0.8787878787878788
er4_m60_s7,er4,cold,1,16760,0.8787878787878788
er4_m60_s7,er4,cold,1,16810,0.8787878787878788
er4_m60_s7,er4,cold,1,16860,0.8787878787878788
er4_m60_s7,er4,cold,1,16910,0.8787878787878788
er4_m60_s7,er4,cold,1,16960,0.8787878787878788
er4_m60_s7,er4,cold,1,17010,0.8787878787878788
er4_m60_s7,er4,cold,1,17060,0.8787878787878788
er4_m60_s7,er4,cold,1,17110,0.8787878787878788
er4_m60_s7,er4,cold,1,17160,0.8787878787878788
er4_m60_s7,er4,cold,1,17210,0.8787878787878788
er4_m60_s7,er4,cold,1,17260,0.8787878787878788
er4_m60_s7,er4,cold,1,17310,0.8787878787878788
er4_m60_s7,er4,cold,1,17360,0.8787878787878788
er4_m60_s7,er4,cold,1,17410,0.8787878787878788
er4_m60_s7,er4,cold,1,17460,0.8787878787878788
er4_m60_s7,er4,cold,1,17510,0.8787878787878788
er4_m60_s7,er4,cold,1,17560,0.8787878787878788
er4_m60_s7,er4,cold,1,17610,0.8787878787878788
er4_m60_s7,er4,cold,1,17660,0.8787878787878788
er4_m60_s7,er4,cold,1,17710,0.8787878787878788
er4_m60_s7,er4,cold,1,17760,0.8787878787878788
er4_m60_s7,er4,cold,1,17810,0.8787878787878788
er4_m60_s7,er4,cold,1,17860,0.8787878787878788
er4_m60_s7,er4,cold,1,17910,0.8787878787878788
er4_m60_s7,er4,cold,1,17960,0.8787878787878788
er4_m60_s7,er4,cold,1,18010,0.8787878787878788
er4_m60_s7,er4,cold,1,18060,0.8787878787878788
er4_m60_s7,er4,cold,1,18110,0.8787878787878788
er4_m60_s7,er4,cold,1,18160,0.8787878787878788
er4_m60_s7,er4,cold,1,18210,0.8787878787878788
er4_m60_s7,er4,cold,1,18260,0.8787878787878788
er4_m60_s7,er4,cold,1,18310,0.8787878787878788
er4_m60_s7,er4,cold,1,18360,0.8787878787878788
er4_m60_s7,er4,cold,1,18410,0.8787878787878788
er4_m60_s7,er4,cold,1,18460,0.8787878787878788
er4_m60_s7,er4,cold,1,18510,0.8787878787878788
er4_m60_s7,er4,cold,1,18560,0.8787878787878788
er4_m60_s7,er4,cold,1,18610,0.8787878787878788
er4_m60_s7,er4,cold,1,18660,0.8787878787878788
er4_m60_s7,er4,cold,1,18710,0.8787878787878788
er4_m60_s7,er4,cold,1,18760,0.8787878787878788
er4_m60_s7,er4,cold,1,18810,0.8787878787878788
er4_m60_s7,er4,cold,1,18860,0.8787878787878788
er4_m60_s7,er4,cold,1,18910,0.8787878787878788
er4_m60_s7,er4,cold,1,18960,0.8787878787878788
er4_m60_s7,er4,cold,1,19010,0.8787878787878788
er4_m60_s7,er4,cold,1,19060,0.8787878787878788
er4_m60_s7,er4,cold,1,19110,0.8787878787878788
er4_m60_s7,er4,cold,1,19160,0.8787878787878788
er4_m60_s7,er4,cold,1,19210,0.8787878787878788
er4_m60_s7,er4,cold,1,19260,0.8787878787878788
er4_m60_s7,er4,cold,1,19310,0.8787878787878788
er4_m60_s7,er4,cold,1,19360,0.8787878787878788
er4_m60_s7,er4,cold,1,19410,0.8787878787878788
er4_m60_s7,er4,cold,1,19460,0.8787878787878788
er4_m60_s7,er4,cold,1,19510,0.8787878787878788
er4_m60_s7,er4,cold,1,19560,0.8787878787878788
er4_m60_s7,er4,cold,1,19610,0.8787878787878788
er4_m60_s7,er4,cold,1,19660,0.8787878787878788
er4_m60_s7,er4,cold,1,19710,0.8787878787878788
er4_m60_s7,er4,cold,1,19760,0.8787878787878788
er4_m60_s7,er4,cold,1,19810,0.8787878787878788
er4_m60_s7,er4,cold,1,19860,0.8787878787878788
er4_m60_s7,er4,cold,1,19910,0.8787878787878788
er4_m60_s7,er4,cold,1,19960,0.8787878787878788
er4_m60_s7,er4,cold,1,20010,0.8787878787878788
er4_m60_s7,er4,prior_init,1,210,0.7676767676767676
er4_m60_s7,er4,prior_init,1,260,0.7676767676767676
er4_m60_s7,er4,prior_init,1,310,0.7676767676767676
er4_m60_s7,er4,prior_init,1,360,0.7676767676767676
er4_m60_s7,er4,prior_init,1,410,0.7676767676767676
er4_m60_s7,er4,prior_init,1,460,0.7676767676767676
er4_m60_s7,er4,prior_init,1,510,0.7676767676767676
er4_m60_s7,er4,prior_init,1,560,0.7676767676767676
er4_m60_s7,er4,prior_init,1,610,0.8282828282828283
er4_m60_s7,er4,prior_init,1,660,0.8282828282828283
er4_m60_s7,er4,prior_init,1,710,0.8282828282828283
er4_m60_s7,er4,prior_init,1,760,0.8282828282828283
er4_m60_s7,er4,prior_init,1,810,0.8282828282828283
er4_m60_s7,er4,prior_init,1,860,0.8282828282828283
er4_m60_s7,er4,prior_init,1,910,0.8282828282828283
er4_m60_s7,er4,prior_init,1,960,0.8282828282828283
er4_m60_s7,er4,prior_init,1,1010,0.8282828282828283
er4_m60_s7,er4,prior_init,1,1060,0.8282828282828283
er4_m60_s7,er4,prior_init,1,1110,0.8282828282828283
er4_m60_s7,er4,prior_init,1,1160,0.8282828282828283
er4_m60_s7,er4,prior_init,1,1210,0.8282828282828283
er4_m60_s7,er4,prior_init,1,1260,0.8282828282828283
er4_m60_s7,er4,prior_init,1,1310,0.8282828282828283
er4_m60_s7,er4,prior_init,1,1360,0.8282828282828283
er4_m60_s7,er4,prior_init,1,1410,0.8282828282828283
er4_m60_s7,er4,prior_init,1,1460,0.8383838383838383
er4_m60_s7,er4,prior_init,1,1510,0.8383838383838383
er4_m60_s7,er4,prior_init,1,1560,0.8383838383838383
er4_m60_s7,er4,prior_init,1,1610,0.8282828282828283
er4_m60_s7,er4,prior_init,1,1660,0.8282828282828283
er4_m60_s7,er4,prior_init,1,1710,0.8282828282828283
er4_m60_s7,er4,prior_init,1,1760,0.8383838383838383
er4_m60_s7,er4,prior_init,1,1810,0.8383838383838383
er4_m60_s7,er4,prior_init,1,1860,0.8383838383838383
er4_m60_s7,er4,prior_init,1,1910,0.8383838383838383
er4_m60_s7,er4,prior_init,1,1960,0.8383838383838383
er4_m60_s7,er4,prior_init,1,2010,0.8383838383838383
er4_m60_s7,er4,prior_init,1,2060,0.8383838383838383
er4_m60_s7,er4,prior_init,1,2110,0.8383838383838383
er4_m60_s7,er4,prior_init,1,2160,0.8383838383838383
er4_m60_s7,er4,prior_init,1,2210,0.8383838383838383
er4_m60_s7,er4,prior_init,1,2260,0.8383838383838383
er4_m60_s7,er4,prior_init,1,2310,0.8383838383838383
er4_m60_s7,er4,prior_init,1,2360,0.8383838383838383
er4_m60_s7,er4,prior_init,1,2410,0.8383838383838383
er4_m60_s7,er4,prior_init,1,2460,0.8383838383838383
er4_m60_s7,er4,prior_init,1,2510,0.8383838383838383
er4_m60_s7,er4,prior_init,1,2560,0.8484848484848485
er4_m60_s7,er4,prior_init,1,2610,0.8484848484848485
er4_m60_s7,er4,prior_init,1,2660,0.8484848484848485
er4_m60_s7,er4,prior_init,1,2710,0.8484848484848485
er4_m60_s7,er4,prior_init,1,2760,0.8484848484848485
er4_m60_s7,er4,prior_init,1,2810,0.8484848484848485
er4_m60_s7,er4,prior_init,1,2860,0.8484848484848485
er4_m60_s7,er4,prior_init,1,2910,0.8484848484848485
er4_m60_s7,er4,prior_init,1,2960,0.8484848484848485
er4_m60_s7,er4,prior_init,1,3010,0.8484848484848485
er4_m60_s7,er4,prior_init,1,3060,0.8484848484848485
er4_m60_s7,er4,prior_init,1,3110,0.8585858585858586
er4_m60_s7,er4,prior_init,1,3160,0.8585858585858586
er4_m60_s7,er4,prior_init,1,3210,0.8585858585858586
er4_m60_s7,er4,prior_init,1,3260,0.8585858585858586
er4_m60_s7,er4,prior_init,1,3310,0.8585858585858586
er4_m60_s7,er4,prior_init,1,3360,0.8585858585858586
er4_m60_s7,er4,prior_init,1,3410,0.8585858585858586
er4_m60_s7,er4,prior_init,1,3460,0.8585858585858586
er4_m60_s7,er4,prior_init,1,3510,0.8585858585858586
er4_m60_s7,er4,prior_init,1,3560,0.8585858585858586
er4_m60_s7,er4,prior_init,1,3610,0.8585858585858586
er4_m60_s7,er4,prior_init,1,3660,0.8585858585858586
er4_m60_s7,er4,prior_init,1,3710,0.8585858585858586
er4_m60_s7,er4,prior_init,1,3760,0.8585858585858586
er4_m60_s7,er4,prior_init,1,3810,0.8585858585858586
er4_m60_s7,er4,prior_init,1,3860,0.8585858585858586
er4_m60_s7,er4,prior_init,1,3910,0.8585858585858586
er4_m60_s7,er4,prior_init,1,3960,0.8585858585858586
er4_m60_s7,er4,prior_init,1,4010,0.8585858585858586
er4_m60_s7,er4,prior_init,1,4060,0.8585858585858586
er4_m60_s7,er4,prior_init,1,4110,0.8585858585858586
er4_m60_s7,er4,prior_init,1,4160,0.8585858585858586
er4_m60_s7,er4,prior_init,1,4210,0.8585858585858586
er4_m60_s7,er4,prior_init,1,4260,0.8585858585858586
er4_m60_s7,er4,prior_init,1,4310,0.8585858585858586
er4_m60_s7,er4,prior_init,1,4360,0.8585858585858586
er4_m60_s7,er4,prior_init,1,4410,0.8585858585858586
er4_m60_s7,er4,prior_init,1,4460,0.8585858585858586
er4_m60_s7,er4,prior_init,1,4510,0.8585858585858586
er4_m60_s7,er4,prior_init,1,4560,0.8585858585858586
er4_m60_s7,er4,prior_init,1,4610,0.8585858585858586
er4_m60_s7,er4,prior_init,1,4660,0.8585858585858586
er4_m60_s7,er4,prior_init,1,4710,0.8585858585858586
er4_m60_s7,er4,prior_init,1,4760,0.8585858585858586
er4_m60_s7,er4,prior_init,1,4810,0.8585858585858586
er4_m60_s7,er4,prior_init,1,4860,0.8585858585858586
er4_m60_s7,er4,prior_init,1,4910,0.8585858585858586
er4_m60_s7,er4,prior_init,1,4960,0.8585858585858586
er4_m60_s7,er4,prior_init,1,5010,0.8585858585858586
er4_m60_s7,er4,prior_init,1,5060,0.8585858585858586
er4_m60_s7,er4,prior_init,1,5110,0.8585858585858586
er4_m60_s7,er4,prior_init,1,5160,0.8585858585858586
er4_m60_s7,er4,prior_init,1,5210,0.8585858585858586
er4_m60_s7,er4,prior_init,1,5260,0.8585858585858586
er4_m60_s7,er4,prior_init,1,5310,0.8585858585858586
er4_m60_s7,er4,prior_init,1,5360,0.8585858585858586
er4_m60_s7,er4,prior_init,1,5410,0.8585858585858586
er4_m60_s7,er4,prior_init,1,5460,0.8585858585858586
er4_m60_s7,er4,prior_init,1,5510,0.8585858585858586
er4_m60_s7,er4,prior_init,1,5560,0.8585858585858586
er4_m60_s7,er4,prior_init,1,5610,0.8585858585858586
er4_m60_s7,er4,prior_init,1,5660,0.8585858585858586
er4_m60_s7,er4,prior_init,1,5710,0.8585858585858586
er4_m60_s7,er4,prior_init,1,5760,0.8686868686868687
er4_m60_s7,er4,prior_init,1,5810,0.8686868686868687
er4_m60_s7,er4,prior_init,1,5860,0.8686868686868687
er4_m60_s7,er4,prior_init,1,5910,0.8686868686868687
er4_m60_s7,er4,prior_init,1,5960,0.8686868686868687
er4_m60_s7,er4,prior_init,1,6010,0.8686868686868687
er4_m60_s7,er4,prior_init,1,6060,0.8686868686868687
er4_m60_s7,er4,prior_init,1,6110,0.8686868686868687
er4_m60_s7,er4,prior_init,1,6160,0.8686868686868687
er4_m60_s7,er4,prior_init,1,6210,0.8686868686868687
er4_m60_s7,er4,prior_init,1,6260,0.8686868686868687
er4_m60_s7,er4,prior_init,1,6310,0.8686868686868687
er4_m60_s7,er4,prior_init,1,6360,0.8686868686868687
er4_m60_s7,er4,prior_init,1,6410,0.8686868686868687
er4_m60_s7,er4,prior_init,1,6460,0.8686868686868687
er4_m60_s7,er4,prior_init,1,6510,0.8686868686868687
er4_m60_s7,er4,prior_init,1,6560,0.8686868686868687
er4_m60_s7,er4,prior_init,1,6610,0.8686868686868687
er4_m60_s7,er4,prior_init,1,6660,0.8686868686868687
er4_m60_s7,er4,prior_init,1,6710,0.8686868686868687
er4_m60_s7,er4,prior_init,1,6760,0.8686868686868687
er4_m60_s7,er4,prior_init,1,6810,0.8686868686868687
er4_m60_s7,er4,prior_init,1,6860,0.8686868686868687
er4_m60_s7,er4,prior_init,1,6910,0.8686868686868687
er4_m60_s7,er4,prior_init,1,6960,0.8686868686868687
er4_m60_s7,er4,prior_init,1,7010,0.8686868686868687
er4_m60_s7,er4,prior_init,1,7060,0.8686868686868687
er4_m60_s7,er4,prior_init,1,7110,0.8686868686868687
er4_m60_s7,er4,prior_init,1,7160,0.8686868686868687
er4_m60_s7,er4,prior_init,1,7210,0.8686868686868687
er4_m60_s7,er4,prior_init,1,7260,0.8686868686868687
er4_m60_s7,er4,prior_init,1,7310,0.8686868686868687
er4_m60_s7,er4,prior_init,1,7360,0.8686868686868687
er4_m60_s7,er4,prior_init,1,7410,0.8686868686868687
er4_m60_s7,er4,prior_init,1,7460,0.8686868686868687
er4_m60_s7,er4,prior_init,1,7510,0.8686868686868687
er4_m60_s7,er4,prior_init,1,7560,0.8686868686868687
er4_m60_s7,er4,prior_init,1,7610,0.8686868686868687
er4_m60_s7,er4,prior_init,1,7660,0.8686868686868687
er4_m60_s7,er4,prior_init,1,7710,0.8686868686868687
er4_m60_s7,er4,prior_init,1,7760,0.8686868686868687
er4_m60_s7,er4,prior_init,1,7810,0.8686868686868687
er4_m60_s7,er4,prior_init,1,7860,0.8686868686868687
er4_m60_s7,er4,prior_init,1,7910,0.8686868686868687
er4_m60_s7,er4,prior_init,1,7960,0.8686868686868687
er4_m60_s7,er4,prior_init,1,8010,0.8686868686868687
er4_m60_s7,er4,prior_init,1,8060,0.8686868686868687
er4_m60_s7,er4,prior_init,1,8110,0.8686868686868687
er4_m60_s7,er4,prior_init,1,8160,0.8686868686868687
er4_m60_s7,er4,prior_init,1,8210,0.8686868686868687
er4_m60_s7,er4,prior_init,1,8260,0.8686868686868687
er4_m60_s7,er4,prior_init,1,8310,0.8686868686868687
er4_m60_s7,er4,prior_init,1,8360,0.8686868686868687
er4_m60_s7,er4,prior_init,1,8410,0.8686868686868687
er4_m60_s7,er4,prior_init,1,8460,0.8686868686868687
er4_m60_s7,er4,prior_init,1,8510,0.8686868686868687
er4_m60_s7,er4,prior_init,1,8560,0.8686868686868687
er4_m60_s7,er4,prior_init,1,8610,0.8686868686868687
er4_m60_s7,er4,prior_init,1,8660,0.8686868686868687
er4_m60_s7,er4,prior_init,1,8710,0.8686868686868687
er4_m60_s7,er4,prior_init,1,8760,0.8686868686868687
er4_m60_s7,er4,prior_init,1,8810,0.8686868686868687
er4_m60_s7,er4,prior_init,1,8860,0.8686868686868687
er4_m60_s7,er4,prior_init,1,8910,0.8686868686868687
er4_m60_s7,er4,prior_init,1,8960,0.8686868686868687
er4_m60_s7,er4,prior_init,1,9010,0.8686868686868687
er4_m60_s7,er4,prior_init,1,9060,0.8686868686868687
er4_m60_s7,er4,prior_init,1,9110,0.8686868686868687
er4_m60_s7,er4,prior_init,1,9160,0.8686868686868687
er4_m60_s7,er4,prior_init,1,9210,0.8686868686868687
er4_m60_s7,er4,prior_init,1,9260,0.8686868686868687
er4_m60_s7,er4,prior_init,1,9310,0.8686868686868687
er4_m60_s7,er4,prior_init,1,9360,0.8686868686868687
er4_m60_s7,er4,prior_init,1,9410,0.8686868686868687
er4_m60_s7,er4,prior_init,1,9460,0.8686868686868687
er4_m60_s7,er4,prior_init,1,9510,0.8686868686868687
er4_m60_s7,er4,prior_init,1,9560,0.8686868686868687
er4_m60_s7,er4,prior_init,1,9610,0.8686868686868687
er4_m60_s7,er4,prior_init,1,9660,0.8686868686868687
er4_m60_s7,er4,prior_init,1,9710,0.8686868686868687
er4_m60_s7,er4,prior_init,1,9760,0.8686868686868687
er4_m60_s7,er4,prior_init,1,9810,0.8686868686868687
er4_m60_s7,er4,prior_init,1,9860,0.8686868686868687
er4_m60_s7,er4,prior_init,1,9910,0.8686868686868687
er4_m60_s7,er4,prior_init,1,9960,0.8686868686868687
er4_m60_s7,er4,prior_init,1,10010,0.8686868686868687
er4_m60_s7,er4,prior_init,1,10060,0.8686868686868687
er4_m60_s7,er4,prior_init,1,10110,0.8686868686868687
er4_m60_s7,er4,prior_init,1,10160,0.8686868686868687
er4_m60_s7,er4,prior_init,1,10210,0.8686868686868687
er4_m60_s7,er4,prior_init,1,10260,0.8686868686868687
er4_m60_s7,er4,prior_init,1,10310,0.8686868686868687
er4_m60_s7,er4,prior_init,1,10360,0.8686868686868687
er4_m60_s7,er4,prior_init,1,10410,0.8686868686868687
er4_m60_s7,er4,prior_init,1,10460,0.8686868686868687
er4_m60_s7,er4,prior_init,1,10510,0.8686868686868687
er4_m60_s7,er4,prior_init,1,10560,0.8686868686868687
er4_m60_s7,er4,prior_init,1,10610,0.8686868686868687
er4_m60_s7,er4,prior_init,1,10660,0.8686868686868687
er4_m60_s7,er4,prior_init,1,10710,0.8686868686868687
er4_m60_s7,er4,prior_init,1,10760,0.8686868686868687
er4_m60_s7,er4,prior_init,1,10810,0.8686868686868687
er4_m60_s7,er4,prior_init,1,10860,0.8686868686868687
er4_m60_s7,er4,prior_init,1,10910,0.8686868686868687
er4_m60_s7,er4,prior_init,1,10960,0.8686868686868687
er4_m60_s7,er4,prior_init,1,11010,0.8686868686868687
er4_m60_s7,er4,prior_init,1,11060,0.8686868686868687
er4_m60_s7,er4,prior_init,1,11110,0.8686868686868687
er4_m60_s7,er4,prior_init,1,11160,0.8686868686868687
er4_m60_s7,er4,prior_init,1,11210,0.8686868686868687
er4_m60_s7,er4,prior_init,1,11260,0.8686868686868687
er4_m60_s7,er4,prior_init,1,11310,0.8686868686868687
er4_m60_s7,er4,prior_init,1,11360,0.8787878787878788
er4_m60_s7,er4,prior_init,1,11410,0.8787878787878788
er4_m60_s7,er4,prior_init,1,11460,0.8787878787878788
er4_m60_s7,er4,prior_init,1,11510,0.8787878787878788
er4_m60_s7,er4,prior_init,1,11560,0.8686868686868687
er4_m60_s7,er4,prior_init,1,11610,0.8686868686868687
er4_m60_s7,er4,prior_init,1,11660,0.8686868686868687
er4_m60_s7,er4,prior_init,1,11710,0.8686868686868687
er4_m60_s7,er4,prior_init,1,11760,0.8686868686868687
er4_m60_s7,er4,prior_init,1,11810,0.8686868686868687
er4_m60_s7,er4,prior_init,1,11860,0.8686868686868687
er4_m60_s7,er4,prior_init,1,11910,0.8686868686868687
er4_m60_s7,er4,prior_init,1,11960,0.8686868686868687
er4_m60_s7,er4,prior_init,1,12010,0.8686868686868687
er4_m60_s7,er4,prior_init,1,12060,0.8686868686868687
er4_m60_s7,er4,prior_init,1,12110,0.8787878787878788
er4_m60_s7,er4,prior_init,1,12160,0.8787878787878788
er4_m60_s7,er4,prior_init,1,12210,0.8787878787878788
er4_m60_s7,er4,prior_init,1,12260,0.8787878787878788
er4_m60_s7,er4,prior_init,1,12310,0.8787878787878788
er4_m60_s7,er4,prior_init,1,12360,0.8787878787878788
er4_m60_s7,er4,prior_init,1,12410,0.8787878787878788
er4_m60_s7,er4,prior_init,1,12460,0.8787878787878788
er4_m60_s7,er4,prior_init,1,12510,0.8787878787878788
er4_m60_s7,er4,prior_init,1,12560,0.8787878787878788
er4_m60_s7,er4,prior_init,1,12610,0.8787878787878788
er4_m60_s7,er4,prior_init,1,12660,0.8787878787878788
er4_m60_s7,er4,prior_init,1,12710,0.8787878787878788
er4_m60_s7,er4,prior_init,1,12760,0.8787878787878788
er4_m60_s7,er4,prior_init,1,12810,0.8787878787878788
er4_m60_s7,er4,prior_init,1,12860,0.8787878787878788
er4_m60_s7,er4,prior_init,1,12910,0.8787878787878788
er4_m60_s7,er4,prior_init,1,12960,0.8787878787878788
er4_m60_s7,er4,prior_init,1,13010,0.8787878787878788
er4_m60_s7,er4,prior_init,1,13060,0.8787878787878788
er4_m60_s7,er4,prior_init,1,13110,0.8787878787878788
er4_m60_s7,er4,prior_init,1,13160,0.8787878787878788
er4_m60_s7,er4,prior_init,1,13210,0.8787878787878788
er4_m60_s7,er4,prior_init,1,13260,0.8787878787878788
er4_m60_s7,er4,prior_init,1,13310,0.8787878787878788
er4_m60_s7,er4,prior_init,1,13360,0.8787878787878788
er4_m60_s7,er4,prior_init,1,13410,0.8787878787878788
er4_m60_s7,er4,prior_init,1,13460,0.8787878787878788
er4_m60_s7,er4,prior_init,1,13510,0.8787878787878788
er4_m60_s7,er4,prior_init,1,13560,0.8787878787878788
er4_m60_s7,er4,prior_init,1,13610,0.8787878787878788
er4_m60_s7,er4,prior_init,1,13660,0.8787878787878788
er4_m60_s7,er4,prior_init,1,13710,0.8787878787878788
er4_m60_s7,er4,prior_init,1,13760,0.8787878787878788
er4_m60_s7,er4,prior_init,1,13810,0.8787878787878788
er4_m60_s7,er4,prior_init,1,13860,0.8787878787878788
er4_m60_s7,er4,prior_init,1,13910,0.8787878787878788
er4_m60_s7,er4,prior_init,1,13960,0.8787878787878788
er4_m60_s7,er4,prior_init,1,14010,0.8787878787878788
er4_m60_s7,er4,prior_init,1,14060,0.8787878787878788
er4_m60_s7,er4,prior_init,1,14110,0.8787878787878788
er4_m60_s7,er4,prior_init,1,14160,0.8787878787878788
er4_m60_s7,er4,prior_init,1,14210,0.8787878787878788
er4_m60_s7,er4,prior_init,1,14260,0.8787878787878788
er4_m60_s7,er4,prior_init,1,14310,0.8787878787878788
er4_m60_s7,er4,prior_init,1,14360,0.8787878787878788
er4_m60_s7,er4,prior_init,1,14410,0.8787878787878788
er4_m60_s7,er4,prior_init,1,14460,0.8787878787878788
er4_m60_s7,er4,prior_init,1,14510,0.8787878787878788
er4_m60_s7,er4,prior_init,1,14560,0.8787878787878788
er4_m60_s7,er4,prior_init,1,14610,0.8787878787878788
er4_m60_s7,er4,prior_init,1,14660,0.8787878787878788
er4_m60_s7,er4,prior_init,1,14710,0.8787878787878788
er4_m60_s7,er4,prior_init,1,14760,0.8787878787878788
er4_m60_s7,er4,prior_init,1,14810,0.8787878787878788
er4_m60_s7,er4,prior_init,1,14860,0.8787878787878788
er4_m60_s7,er4,prior_init,1,14910,0.8787878787878788
er4_m60_s7,er4,prior_init,1,14960,0.8787878787878788
er4_m60_s7,er4,prior_init,1,15010,0.8787878787878788
er4_m60_s7,er4,prior_init,1,15060,0.8787878787878788
er4_m60_s7,er4,prior_init,1,15110,0.8787878787878788
er4_m60_s7,er4,prior_init,1,15160,0.8787878787878788
er4_m60_s7,er4,prior_init,1,15210,0.8787878787878788
er4_m60_s7,er4,prior_init,1,15260,0.8787878787878788
er4_m60_s7,er4,prior_init,1,15310,0.8787878787878788
er4_m60_s7,er4,prior_init,1,15360,0.8787878787878788
er4_m60_s7,er4,prior_init,1,15410,0.8787878787878788
er4_m60_s7,er4,prior_init,1,15460,0.8787878787878788
er4_m60_s7,er4,prior_init,1,15510,0.8787878787878788
er4_m60_s7,er4,prior_init,1,15560,0.8787878787878788
er4_m60_s7,er4,prior_init,1,15610,0.8787878787878788
er4_m60_s7,er4,prior_init,1,15660,0.8787878787878788
er4_m60_s7,er4,prior_init,1,15710,0.8787878787878788
er4_m60_s7,er4,prior_init,1,15760,0.8787878787878788
er4_m60_s7,er4,prior_init,1,15810,0.8787878787878788
er4_m60_s7,er4,prior_init,1,15860,0.8787878787878788
er4_m60_s7,er4,prior_init,1,15910,0.8787878787878788
er4_m60_s7,er4,prior_init,1,15960,0.8787878787878788
er4_m60_s7,er4,prior_init,1,16010,0.8787878787878788
er4_m60_s7,er4,prior_init,1,16060,0.8787878787878788
er4_m60_s7,er4,prior_init,1,16110,0.8787878787878788
er4_m60_s7,er4,prior_init,1,16160,0.8787878787878788
er4_m60_s7,er4,prior_init,1,16210,0.8787878787878788
er4_m60_s7,er4,prior_init,1,16260,0.8787878787878788
er4_m60_s7,er4,prior_init,1,16310,0.8787878787878788
er4_m60_s7,er4,prior_init,1,16360,0.8787878787878788
er4_m60_s7,er4,prior_init,1,16410,0.8787878787878788
er4_m60_s7,er4,prior_init,1,16460,0.8787878787878788
er4_m60_s7,er4,prior_init,1,16510,0.8787878787878788
er4_m60_s7,er4,prior_init,1,16560,0.8787878787878788
er4_m60_s7,er4,prior_init,1,16610,0.8787878787878788
er4_m60_s7,er4,prior_init,1,16660,0.8787878787878788
er4_m60_s7,er4,prior_init,1,16710,0.8787878787878788
er4_m60_s7,er4,prior_init,1,16760,0.8787878787878788
er4_m60_s7,er4,prior_init,1,16810,0.8787878787878788
er4_m60_s7,er4,prior_init,1,16860,0.8787878787878788
er4_m60_s7,er4,prior_init,1,16910,0.8787878787878788
er4_m60_s7,er4,prior_init,1,16960,0.8787878787878788
er4_m60_s7,er4,prior_init,1,17010,0.8787878787878788
er4_m60_s7,er4,prior_init,1,17060,0.8787878787878788
er4_m60_s7,er4,prior_init,1,17110,0.8787878787878788
er4_m60_s7,er4,prior_init,1,17160,0.8787878787878788
er4_m60_s7,er4,prior_init,1,17210,0.8787878787878788
er4_m60_s7,er4,prior_init,1,17260,0.8787878787878788
er4_m60_s7,er4,prior_init,1,17310,0.8787878787878788
er4_m60_s7,er4,prior_init,1,17360,0.8787878787878788
er4_m60_s7,er4,prior_init,1,17410,0.8787878787878788
er4_m60_s7,er4,prior_init,1,17460,0.8787878787878788
er4_m60_s7,er4,prior_init,1,17510,0.8787878787878788
er4_m60_s7,er4,prior_init,1,17560,0.8787878787878788
er4_m60_s7,er4,prior_init,1,17610,0.8787878787878788
er4_m60_s7,er4,prior_init,1,17660,0.8787878787878788
er4_m60_s7,er4,prior_init,1,17710,0.8787878787878788
er4_m60_s7,er4,prior_init,1,17760,0.8787878787878788
er4_m60_s7,er4,prior_init,1,17810,0.8787878787878788
er4_m60_s7,er4,prior_init,1,17860,0.8787878787878788
er4_m60_s7,er4,prior_init,1,17910,0.8787878787878788
er4_m60_s7,er4,prior_init,1,17960,0.8787878787878788
er4_m60_s7,er4,prior_init,1,18010,0.8787878787878788
er4_m60_s7,er4,prior_init,1,18060,0.8787878787878788
er4_m60_s7,er4,prior_init,1,18110,0.8787878787878788
er4_m60_s7,er4,prior_init,1,18160,0.8787878787878788
er4_m60_s7,er4,prior_init,1,18210,0.8787878787878788
er4_m60_s7,er4,prior_init,1,18260,0.8787878787878788
er4_m60_s7,er4,prior_init,1,18310,0.8787878787878788
er4_m60_s7,er4,prior_init,1,18360,0.8787878787878788
er4_m60_s7,er4,prior_init,1,18410,0.8787878787878788
er4_m60_s7,er4,prior_init,1,18460,0.8787878787878788
er4_m60_s7,er4,prior_init,1,18510,0.8787878787878788
er4_m60_s7,er4,prior_init,1,18560,0.8787878787878788
er4_m60_s7,er4,prior_init,1,18610,0.8787878787878788
er4_m60_s7,er4,prior_init,1,18660,0.8787878787878788
er4_m60_s7,er4,prior_init,1,18710,0.8787878787878788
er4_m60_s7,er4,prior_init,1,18760,0.8787878787878788
er4_m60_s7,er4,prior_init,1,18810,0.8787878787878788
er4_m60_s7,er4,prior_init,1,18860,0.8787878787878788
er4_m60_s7,er4,prior_init,1,18910,0.8787878787878788
er4_m60_s7,er4,prior_init,1,18960,0.8787878787878788
er4_m60_s7,er4,prior_init,1,19010,0.8787878787878788
er4_m60_s7,er4,prior_init,1,19060,0.8787878787878788
er4_m60_s7,er4,prior_init,1,19110,0.8787878787878788
er4_m60_s7,er4,prior_init,1,19160,0.8787878787878788
er4_m60_s7,er4,prior_init,1,19210,0.8787878787878788
er4_m60_s7,er4,prior_init,1,19260,0.8787878787878788
er4_m60_s7,er4,prior_init,1,19310,0.8787878787878788
er4_m60_s7,er4,prior_init,1,19360,0.8787878787878788
er4_m60_s7,er4,prior_init,1,19410,0.8787878787878788
er4_m60_s7,er4,prior_init,1,19460,0.8787878787878788
er4_m60_s7,er4,prior_init,1,19510,0.8787878787878788
er4_m60_s7,er4,prior_init,1,19560,0.8787878787878788
er4_m60_s7,er4,prior_init,1,19610,0.8787878787878788
er4_m60_s7,er4,prior_init,1,19660,0.8787878787878788
er4_m60_s7,er4,prior_init,1,19710,0.8787878787878788
er4_m60_s7,er4,prior_init,1,19760,0.8787878787878788
er4_m60_s7,er4,prior_init,1,19810,0.8787878787878788
er4_m60_s7,er4,prior_init,1,19860,0.8787878787878788
er4_m60_s7,er4,prior_init,1,19910,0.8787878787878788
er4_m60_s7,er4,prior_init,1,19960,0.8787878787878788
er4_m60_s7,er4,prior_init,1,20010,0.8787878787878788
er4_m60_s7,er4,prior_prop,1,10,0.6161616161616161
er4_m60_s7,er4,prior_prop,1,60,0.7272727272727273
er4_m60_s7,er4,prior_prop,1,110,0.7272727272727273
er4_m60_s7,er4,prior_prop,1,160,0.7777777777777778
er4_m60_s7,er4,prior_prop,1,210,0.7777777777777778
er4_m60_s7,er4,prior_prop,1,260,0.7878787878787878
er4_m60_s7,er4,prior_prop,1,310,0.7878787878787878
er4_m60_s7,er4,prior_prop,1,360,0.7777777777777778
er4_m60_s7,er4,prior_prop,1,410,0.7777777777777778
er4_m60_s7,er4,prior_prop,1,460,0.7878787878787878
er4_m60_s7,er4,prior_prop,1,510,0.7878787878787878
er4_m60_s7,er4,prior_prop,1,560,0.7878787878787878
er4_m60_s7,er4,prior_prop,1,610,0.7878787878787878
er4_m60_s7,er4,prior_prop,1,660,0.7878787878787878
er4_m60_s7,er4,prior_prop,1,710,0.7878787878787878
er4_m60_s7,er4,prior_prop,1,760,0.7878787878787878
er4_m60_s7,er4,prior_prop,1,810,0.7878787878787878
er4_m60_s7,er4,prior_prop,1,860,0.7878787878787878
er4_m60_s7,er4,prior_prop,1,910,0.7878787878787878
er4_m60_s7,er4,prior_prop,1,960,0.7878787878787878
er4_m60_s7,er4,prior_prop,1,1010,0.7878787878787878
er4_m60_s7,er4,prior_prop,1,1060,0.7878787878787878
er4_m60_s7,er4,prior_prop,1,1110,0.7878787878787878
er4_m60_s7,er4,prior_prop,1,1160,0.7878787878787878
er4_m60_s7,er4,prior_prop,1,1210,0.7878787878787878
er4_m60_s7,er4,prior_prop,1,1260,0.7878787878787878
er4_m60_s7,er4,prior_prop,1,1310,0.7878787878787878
er4_m60_s7,er4,prior_prop,1,1360,0.7878787878787878
er4_m60_s7,er4,prior_prop,1,1410,0.7878787878787878
er4_m60_s7,er4,prior_prop,1,1460,0.8080808080808081
er4_m60_s7,er4,prior_prop,1,1510,0.8080808080808081
er4_m60_s7,er4,prior_prop,1,1560,0.8080808080808081
er4_m60_s7,er4,prior_prop,1,1610,0.8282828282828283
er4_m60_s7,er4,prior_prop,1,1660,0.8282828282828283
er4_m60_s7,er4,prior_prop,1,1710,0.8282828282828283
er4_m60_s7,er4,prior_prop,1,1760,0.8282828282828283
er4_m60_s7,er4,prior_prop,1,1810,0.8282828282828283
er4_m60_s7,er4,prior_prop,1,1860,0.8282828282828283
er4_m60_s7,er4,prior_prop,1,1910,0.8282828282828283
er4_m60_s7,er4,prior_prop,1,1960,0.8282828282828283
er4_m60_s7,er4,prior_prop,1,2010,0.8282828282828283
er4_m60_s7,er4,prior_prop,1,2060,0.8080808080808081
er4_m60_s7,er4,prior_prop,1,2110,0.8080808080808081
er4_m60_s7,er4,prior_prop,1,2160,0.8080808080808081
er4_m60_s7,er4,prior_prop,1,2210,0.8080808080808081
er4_m60_s7,er4,prior_prop,1,2260,0.8080808080808081
er4_m60_s7,er4,prior_prop,1,2310,0.8080808080808081
er4_m60_s7,er4,prior_prop,1,2360,0.8080808080808081
er4_m60_s7,er4,prior_prop,1,2410,0.8080808080808081
er4_m60_s7,er4,prior_prop,1,2460,0.8080808080808081
er4_m60_s7,er4,prior_prop,1,2510,0.8080808080808081
er4_m60_s7,er4,prior_prop,1,2560,0.8080808080808081
er4_m60_s7,er4,prior_prop,1,2610,0.8484848484848485
er4_m60_s7,er4,prior_prop,1,2660,0.8484848484848485
er4_m60_s7,er4,prior_prop,1,2710,0.8484848484848485
er4_m60_s7,er4,prior_prop,1,2760,0.8484848484848485
er4_m60_s7,er4,prior_prop,1,2810,0.8484848484848485
er4_m60_s7,er4,prior_prop,1,2860,0.8484848484848485
er4_m60_s7,er4,prior_prop,1,2910,0.8484848484848485
er4_m60_s7,er4,prior_prop,1,2960,0.8484848484848485
er4_m60_s7,er4,prior_prop,1,3010,0.8484848484848485
er4_m60_s7,er4,prior_prop,1,3060,0.8484848484848485
er4_m60_s7,er4,prior_prop,1,3110,0.8484848484848485
er4_m60_s7,er4,prior_prop,1,3160,0.8484848484848485
er4_m60_s7,er4,prior_prop,1,3210,0.8484848484848485
er4_m60_s7,er4,prior_prop,1,3260,0.8484848484848485
er4_m60_s7,er4,prior_prop,1,3310,0.8484848484848485
er4_m60_s7,er4,prior_prop,1,3360,0.8585858585858586
er4_m60_s7,er4,prior_prop,1,3410,0.8585858585858586
er4_m60_s7,er4,prior_prop,1,3460,0.8484848484848485
er4_m60_s7,er4,prior_prop,1,3510,0.8484848484848485
er4_m60_s7,er4,prior_prop,1,3560,0.8585858585858586
er4_m60_s7,er4,prior_prop,1,3610,0.8585858585858586
er4_m60_s7,er4,prior_prop,1,3660,0.8585858585858586
er4_m60_s7,er4,prior_prop,1,3710,0.8585858585858586
er4_m60_s7,er4,prior_prop,1,3760,0.8585858585858586
er4_m60_s7,er4,prior_prop,1,3810,0.8585858585858586
er4_m60_s7,er4,prior_prop,1,3860,0.8585858585858586
er4_m60_s7,er4,prior_prop,1,3910,0.8686868686868687
er4_m60_s7,er4,prior_prop,1,3960,0.8686868686868687
er4_m60_s7,er4,prior_prop,1,4010,0.8686868686868687
er4_m60_s7,er4,prior_prop,1,4060,0.8686868686868687
er4_m60_s7,er4,prior_prop,1,4110,0.8686868686868687
er4_m60_s7,er4,prior_prop,1,4160,0.8686868686868687
er4_m60_s7,er4,prior_prop,1,4210,0.8686868686868687
er4_m60_s7,er4,prior_prop,1,4260,0.8686868686868687
er4_m60_s7,er4,prior_prop,1,4310,0.8686868686868687
er4_m60_s7,er4,prior_prop,1,4360,0.8686868686868687
er4_m60_s7,er4,prior_prop,1,4410,0.8686868686868687
er4_m60_s7,er4,prior_prop,1,4460,0.8686868686868687
er4_m60_s7,er4,prior_prop,1,4510,0.8686868686868687
er4_m60_s7,er4,prior_prop,1,4560,0.8686868686868687
er4_m60_s7,er4,prior_prop,1,4610,0.8686868686868687
er4_m60_s7,er4,prior_prop,1,4660,0.8686868686868687
er4_m60_s7,er4,prior_prop,1,4710,0.8686868686868687
er4_m60_s7,er4,prior_prop,1,4760,0.8686868686868687
er4_m60_s7,er4,prior_prop,1,4810,0.8787878787878788
er4_m60_s7,er4,prior_prop,1,4860,0.8787878787878788
er4_m60_s7,er4,prior_prop,1,4910,0.8787878787878788
er4_m60_s7,er4,prior_prop,1,4960,0.8787878787878788
er4_m60_s7,er4,prior_prop,1,5010,0.8787878787878788
er4_m60_s7,er4,prior_prop,1,5060,0.8787878787878788
er4_m60_s7,er4,prior_prop,1,5110,0.8787878787878788
er4_m60_s7,er4,prior_prop,1,5160,0.8787878787878788
er4_m60_s7,er4,prior_prop,1,5210,0.8686868686868687
er4_m60_s7,er4,prior_prop,1,5260,0.8787878787878788
er4_m60_s7,er4,prior_prop,1,5310,0.8686868686868687
er4_m60_s7,er4,prior_prop,1,5360,0.8686868686868687
er4_m60_s7,er4,prior_prop,1,5410,0.8686868686868687
er4_m60_s7,er4,prior_prop,1,5460,0.8686868686868687
er4_m60_s7,er4,prior_prop,1,5510,0.8686868686868687
er4_m60_s7,er4,prior_prop,1,5560,0.8686868686868687
er4_m60_s7,er4,prior_prop,1,5610,0.8888888888888888
er4_m60_s7,er4,prior_prop,1,5660,0.8888888888888888
er4_m60_s7,er4,prior_prop,1,5710,0.8888888888888888
er4_m60_s7,er4,prior_prop,1,5760,0.8888888888888888
er4_m60_s7,er4,prior_prop,1,5810,0.8888888888888888
er4_m60_s7,er4,prior_prop,1,5860,0.8888888888888888
er4_m60_s7,er4,prior_prop,1,5910,0.8888888888888888
er4_m60_s7,er4,prior_prop,1,5960,0.8888888888888888
er4_m60_s7,er4,prior_prop,1,6010,0.8888888888888888
er4_m60_s7,er4,prior_prop,1,6060,0.8888888888888888
er4_m60_s7,er4,prior_prop,1,6110,0.8888888888888888
er4_m60_s7,er4,prior_prop,1,6160,0.8888888888888888
er4_m60_s7,er4,prior_prop,1,6210,0.8888888888888888
er4_m60_s7,er4,prior_prop,1,6260,0.8888888888888888
er4_m60_s7,er4,prior_prop,1,6310,0.8888888888888888
er4_m60_s7,er4,prior_prop,1,6360,0.8888888888888888
er4_m60_s7,er4,prior_prop,1,6410,0.8888888888888888
er4_m60_s7,er4,prior_prop,1,6460,0.8888888888888888
er4_m60_s7,er4,prior_prop,1,6510,0.8888888888888888
er4_m60_s7,er4,prior_prop,1,6560,0.8888888888888888
er4_m60_s7,er4,prior_prop,1,6610,0.8888888888888888
er4_m60_s7,er4,prior_prop,1,6660,0.8888888888888888
er4_m60_s7,er4,prior_prop,1,6710,0.8888888888888888
er4_m60_s7,er4,prior_prop,1,6760,0.8888888888888888
er4_m60_s7,er4,prior_prop,1,6810,0.8888888888888888
er4_m60_s7,er4,prior_prop,1,6860,0.8888888888888888
er4_m60_s7,er4,prior_prop,1,6910,0.8888888888888888
er4_m60_s7,er4,prior_prop,1,6960,0.8888888888888888
er4_m60_s7,er4,prior_prop,1,7010,0.8888888888888888
er4_m60_s7,er4,prior_prop,1,7060,0.8888888888888888
er4_m60_s7,er4,prior_prop,1,7110,0.8888888888888888
er4_m60_s7,er4,prior_prop,1,7160,0.8888888888888888
er4_m60_s7,er4,prior_prop,1,7210,0.8888888888888888
er4_m60_s7,er4,prior_prop,1,7260,0.8888888888888888
er4_m60_s7,er4,prior_prop,1,7310,0.8888888888888888
er4_m60_s7,er4,prior_prop,1,7360,0.8888888888888888
er4_m60_s7,er4,prior_prop,1,7410,0.8888888888888888
er4_m60_s7,er4,prior_prop,1,7460,0.8888888888888888
er4_m60_s7,er4,prior_prop,1,7510,0.8888888888888888
er4_m60_s7,er4,prior_prop,1,7560,0.8888888888888888
er4_m60_s7,er4,prior_prop,1,7610,0.8888888888888888
er4_m60_s7,er4,prior_prop,1,7660,0.8888888888888888
er4_m60_s7,er4,prior_prop,1,7710,0.8888888888888888
er4_m60_s7,er4,prior_prop,1,7760,0.8888888888888888
er4_m60_s7,er4,prior_prop,1,7810,0.8888888888888888
er4_m60_s7,er4,prior_prop,1,7860,0.8888888888888888
er4_m60_s7,er4,prior_prop,1,7910,0.8888888888888888
er4_m60_s7,er4,prior_prop,1,7960,0.8888888888888888
er4_m60_s7,er4,prior_prop,1,8010,0.8888888888888888
er4_m60_s7,er4,prior_prop,1,8060,0.8888888888888888
er4_m60_s7,er4,prior_prop,1,8110,0.8888888888888888
er4_m60_s7,er4,prior_prop,1,8160,0.8888888888888888
er4_m60_s7,er4,prior_prop,1,8210,0.8888888888888888
er4_m60_s7,er4,prior_prop,1,8260,0.8888888888888888
er4_m60_s7,er4,prior_prop,1,8310,0.8888888888888888
er4_m60_s7,er4,prior_prop,1,8360,0.8888888888888888
er4_m60_s7,er4,prior_prop,1,8410,0.8888888888888888
er4_m60_s7,er4,prior_prop,1,8460,0.8888888888888888
er4_m60_s7,er4,prior_prop,1,8510,0.8888888888888888
er4_m60_s7,er4,prior_prop,1,8560,0.8888888888888888
er4_m60_s7,er4,prior_prop,1,8610,0.8888888888888888
er4_m60_s7,er4,prior_prop,1,8660,0.8888888888888888
er4_m60_s7,er4,prior_prop,1,8710,0.8888888888888888
er4_m60_s7,er4,prior_prop,1,8760,0.8888888888888888
er4_m60_s7,er4,prior_prop,1,8810,0.8888888888888888
er4_m60_s7,er4,prior_prop,1,8860,0.8888888888888888
er4_m60_s7,er4,prior_prop,1,8910,0.8888888888888888
er4_m60_s7,er4,prior_prop,1,8960,0.8888888888888888
er4_m60_s7,er4,prior_prop,1,9010,0.8888888888888888
er4_m60_s7,er4,prior_prop,1,9060,0.8888888888888888
er4_m60_s7,er4,prior_prop,1,9110,0.8888888888888888
er4_m60_s7,er4,prior_prop,1,9160,0.8888888888888888
er4_m60_s7,er4,prior_prop,1,9210,0.8888888888888888
er4_m60_s7,er4,prior_prop,1,9260,0.8888888888888888
er4_m60_s7,er4,prior_prop,1,9310,0.8888888888888888
er4_m60_s7,er4,prior_prop,1,9360,0.8888888888888888
er4_m60_s7,er4,prior_prop,1,9410,0.8888888888888888
er4_m60_s7,er4,prior_prop,1,9460,0.8888888888888888
er4_m60_s7,er4,prior_prop,1,9510,0.8888888888888888
er4_m60_s7,er4,prior_prop,1,9560,0.8888888888888888
er4_m60_s7,er4,prior_prop,1,9610,0.8888888888888888
er4_m60_s7,er4,prior_prop,1,9660,0.8888888888888888
er4_m60_s7,er4,prior_prop,1,9710,0.8888888888888888
er4_m60_s7,er4,prior_prop,1,9760,0.8888888888888888
er4_m60_s7,er4,prior_prop,1,9810,0.8888888888888888
er4_m60_s7,er4,prior_prop,1,9860,0.8888888888888888
er4_m60_s7,er4,prior_prop,1,9910,0.8888888888888888
er4_m60_s7,er4,prior_prop,1,9960,0.8888888888888888
er4_m60_s7,er4,prior_prop,1,10010,0.8888888888888888
er4_m60_s7,er4,prior_prop,1,10060,0.8888888888888888
er4_m60_s7,er4,prior_prop,1,10110,0.8888888888888888
er4_m60_s7,er4,prior_prop,1,10160,0.8888888888888888
er4_m60_s7,er4,prior_prop,1,10210,0.8888888888888888
er4_m60_s7,er4,prior_prop,1,10260,0.8888888888888888
er4_m60_s7,er4,prior_prop,1,10310,0.8888888888888888
er4_m60_s7,er4,prior_prop,1,10360,0.8888888888888888
er4_m60_s7,er4,prior_prop,1,10410,0.8888888888888888
er4_m60_s7,er4,prior_prop,1,10460,0.8888888888888888
er4_m60_s7,er4,prior_prop,1,10510,0.8888888888888888
er4_m60_s7,er4,prior_prop,1,10560,0.8888888888888888
er4_m60_s7,er4,prior_prop,1,10610,0.8888888888888888
er4_m60_s7,er4,prior_prop,1,10660,0.8888888888888888
er4_m60_s7,er4,prior_prop,1,10710,0.8888888888888888
er4_m60_s7,er4,prior_prop,1,10760,0.8888888888888888
er4_m60_s7,er4,prior_prop,1,10810,0.8888888888888888
er4_m60_s7,er4,prior_prop,1,10860,0.8888888888888888
er4_m60_s7,er4,prior_prop,1,10910,0.8888888888888888
er4_m60_s7,er4,prior_prop,1,10960,0.8888888888888888
er4_m60_s7,er4,prior_prop,1,11010,0.8888888888888888
er4_m60_s7,er4,prior_prop,1,11060,0.8888888888888888
er4_m60_s7,er4,prior_prop,1,11110,0.8888888888888888
er4_m60_s7,er4,prior_prop,1,11160,0.8888888888888888
er4_m60_s7,er4,prior_prop,1,11210,0.8888888888888888
er4_m60_s7,er4,prior_prop,1,11260,0.8888888888888888
er4_m60_s7,er4,prior_prop,1,11310,0.8888888888888888
er4_m60_s7,er4,prior_prop,1,11360,0.8888888888888888
er4_m60_s7,er4,prior_prop,1,11410,0.8888888888888888
er4_m60_s7,er4,prior_prop,1,11460,0.8888888888888888
er4_m60_s7,er4,prior_prop,1,11510,0.8888888888888888
er4_m60_s7,er4,prior_prop,1,11560,0.8888888888888888
er4_m60_s7,er4,prior_prop,1,11610,0.8888888888888888
er4_m60_s7,er4,prior_prop,1,11660,0.8888888888888888
er4_m60_s7,er4,prior_prop,1,11710,0.8888888888888888
er4_m60_s7,er4,prior_prop,1,11760,0.8888888888888888
er4_m60_s7,er4,prior_prop,1,11810,0.8888888888888888
er4_m60_s7,er4,prior_prop,1,11860,0.8888888888888888
er4_m60_s7,er4,prior_prop,1,11910,0.8888888888888888
er4_m60_s7,er4,prior_prop,1,11960,0.8888888888888888
er4_m60_s7,er4,prior_prop,1,12010,0.8888888888888888
er4_m60_s7,er4,prior_prop,1,12060,0.8888888888888888
er4_m60_s7,er4,prior_prop,1,12110,0.8888888888888888
er4_m60_s7,er4,prior_prop,1,12160,0.8888888888888888
er4_m60_s7,er4,prior_prop,1,12210,0.8888888888888888
er4_m60_s7,er4,prior_prop,1,12260,0.8888888888888888
er4_m60_s7,er4,prior_prop,1,12310,0.8888888888888888
er4_m60_s7,er4,prior_prop,1,12360,0.8888888888888888
er4_m60_s7,er4,prior_prop,1,12410,0.8888888888888888
er4_m60_s7,er4,prior_prop,1,12460,0.8888888888888888
er4_m60_s7,er4,prior_prop,1,12510,0.8888888888888888
er4_m60_s7,er4,prior_prop,1,12560,0.8888888888888888
er4_m60_s7,er4,prior_prop,1,12610,0.8888888888888888
er4_m60_s7,er4,prior_prop,1,12660,0.8888888888888888
er4_m60_s7,er4,prior_prop,1,12710,0.8888888888888888
er4_m60_s7,er4,prior_prop,1,12760,0.8888888888888888
er4_m60_s7,er4,prior_prop,1,12810,0.8888888888888888
er4_m60_s7,er4,prior_prop,1,12860,0.8888888888888888
er4_m60_s7,er4,prior_prop,1,12910,0.8888888888888888
er4_m60_s7,er4,prior_prop,1,12960,0.8888888888888888
er4_m60_s7,er4,prior_prop,1,13010,0.8888888888888888
er4_m60_s7,er4,prior_prop,1,13060,0.8888888888888888
er4_m60_s7,er4,prior_prop,1,13110,0.8888888888888888
er4_m60_s7,er4,prior_prop,1,13160,0.8888888888888888
er4_m60_s7,er4,prior_prop,1,13210,0.8888888888888888
er4_m60_s7,er4,prior_prop,1,13260,0.8888888888888888
er4_m60_s7,er4,prior_prop,1,13310,0.8888888888888888
er4_m60_s7,er4,prior_prop,1,13360,0.8888888888888888
er4_m60_s7,er4,prior_prop,1,13410,0.8888888888888888
er4_m60_s7,er4,prior_prop,1,13460,0.8888888888888888
er4_m60_s7,er4,prior_prop,1,13510,0.8888888888888888
er4_m60_s7,er4,prior_prop,1,13560,0.8888888888888888
er4_m60_s7,er4,prior_prop,1,13610,0.8888888888888888
er4_m60_s7,er4,prior_prop,1,13660,0.8888888888888888
er4_m60_s7,er4,prior_prop,1,13710,0.8888888888888888
er4_m60_s7,er4,prior_prop,1,13760,0.8888888888888888
er4_m60_s7,er4,prior_prop,1,13810,0.8888888888888888
er4_m60_s7,er4,prior_prop,1,13860,0.8888888888888888
er4_m60_s7,er4,prior_prop,1,13910,0.8888888888888888
er4_m60_s7,er4,prior_prop,1,13960,0.8888888888888888
er4_m60_s7,er4,prior_prop,1,14010,0.8888888888888888
er4_m60_s7,er4,prior_prop,1,14060,0.8888888888888888
er4_m60_s7,er4,prior_prop,1,14110,0.8888888888888888
er4_m60_s7,er4,prior_prop,1,14160,0.8888888888888888
er4_m60_s7,er4,prior_prop,1,14210,0.8888888888888888
er4_m60_s7,er4,prior_prop,1,14260,0.8888888888888888
er4_m60_s7,er4,prior_prop,1,14310,0.8888888888888888
er4_m60_s7,er4,prior_prop,1,14360,0.8888888888888888
er4_m60_s7,er4,prior_prop,1,14410,0.8888888888888888
er4_m60_s7,er4,prior_prop,1,14460,0.8888888888888888
er4_m60_s7,er4,prior_prop,1,14510,0.8888888888888888
er4_m60_s7,er4,prior_prop,1,14560,0.8888888888888888
er4_m60_s7,er4,prior_prop,1,14610,0.8888888888888888
er4_m60_s7,er4,prior_prop,1,14660,0.8888888888888888
er4_m60_s7,er4,prior_prop,1,14710,0.8888888888888888
er4_m60_s7,er4,prior_prop,1,14760,0.8888888888888888
er4_m60_s7,er4,prior_prop,1,14810,0.8888888888888888
er4_m60_s7,er4,prior_prop,1,14860,0.8888888888888888
er4_m60_s7,er4,prior_prop,1,14910,0.8888888888888888
er4_m60_s7,er4,prior_prop,1,14960,0.8888888888888888
er4_m60_s7,er4,prior_prop,1,15010,0.8888888888888888
er4_m60_s7,er4,prior_prop,1,15060,0.8888888888888888
er4_m60_s7,er4,prior_prop,1,15110,0.8888888888888888
er4_m60_s7,er4,prior_prop,1,15160,0.8888888888888888
er4_m60_s7,er4,prior_prop,1,15210,0.8888888888888888
er4_m60_s7,er4,prior_prop,1,15260,0.8888888888888888
er4_m60_s7,er4,prior_prop,1,15310,0.8888888888888888
er4_m60_s7,er4,prior_prop,1,15360,0.8888888888888888
er4_m60_s7,er4,prior_prop,1,15410,0.8888888888888888
er4_m60_s7,er4,prior_prop,1,15460,0.8888888888888888
er4_m60_s7,er4,prior_prop,1,15510,0.8888888888888888
er4_m60_s7,er4,prior_prop,1,15560,0.8888888888888888
er4_m60_s7,er4,prior_prop,1,15610,0.8888888888888888
er4_m60_s7,er4,prior_prop,1,15660,0.8888888888888888
er4_m60_s7,er4,prior_prop,1,15710,0.8888888888888888
er4_m60_s7,er4,prior_prop,1,15760,0.8888888888888888
er4_m60_s7,er4,prior_prop,1,15810,0.8888888888888888
er4_m60_s7,er4,prior_prop,1,15860,0.8888888888888888
er4_m60_s7,er4,prior_prop,1,15910,0.8888888888888888
er4_m60_s7,er4,prior_prop,1,15960,0.8888888888888888
er4_m60_s7,er4,prior_prop,1,16010,0.8888888888888888
er4_m60_s7,er4,prior_prop,1,16060,0.8888888888888888
er4_m60_s7,er4,prior_prop,1,16110,0.8888888888888888
er4_m60_s7,er4,prior_prop,1,16160,0.8888888888888888
er4_m60_s7,er4,prior_prop,1,16210,0.8888888888888888
er4_m60_s7,er4,prior_prop,1,16260,0.8888888888888888
er4_m60_s7,er4,prior_prop,1,16310,0.8888888888888888
er4_m60_s7,er4,prior_prop,1,16360,0.8888888888888888
er4_m60_s7,er4,prior_prop,1,16410,0.8888888888888888
er4_m60_s7,er4,prior_prop,1,16460,0.8888888888888888
er4_m60_s7,er4,prior_prop,1,16510,0.8888888888888888
er4_m60_s7,er4,prior_prop,1,16560,0.8888888888888888
er4_m60_s7,er4,prior_prop,1,16610,0.8888888888888888
er4_m60_s7,er4,prior_prop,1,16660,0.8888888888888888
er4_m60_s7,er4,prior_prop,1,16710,0.8888888888888888
er4_m60_s7,er4,prior_prop,1,16760,0.8888888888888888
er4_m60_s7,er4,prior_prop,1,16810,0.8888888888888888
er4_m60_s7,er4,prior_prop,1,16860,0.8888888888888888
er4_m60_s7,er4,prior_prop,1,16910,0.8888888888888888
er4_m60_s7,er4,prior_prop,1,16960,0.8888888888888888
er4_m60_s7,er4,prior_prop,1,17010,0.8888888888888888
er4_m60_s7,er4,prior_prop,1,17060,0.8888888888888888
er4_m60_s7,er4,prior_prop,1,17110,0.8888888888888888
er4_m60_s7,er4,prior_prop,1,17160,0.8888888888888888
er4_m60_s7,er4,prior_prop,1,17210,0.8888888888888888
er4_m60_s7,er4,prior_prop,1,17260,0.8888888888888888
er4_m60_s7,er4,prior_prop,1,17310,0.8888888888888888
er4_m60_s7,er4,prior_prop,1,17360,0.8888888888888888
er4_m60_s7,er4,prior_prop,1,17410,0.8888888888888888
er4_m60_s7,er4,prior_prop,1,17460,0.8888888888888888
er4_m60_s7,er4,prior_prop,1,17510,0.8888888888888888
er4_m60_s7,er4,prior_prop,1,17560,0.8888888888888888
er4_m60_s7,er4,prior_prop,1,17610,0.8888888888888888
er4_m60_s7,er4,prior_prop,1,17660,0.8888888888888888
er4_m60_s7,er4,prior_prop,1,17710,0.8888888888888888
er4_m60_s7,er4,prior_prop,1,17760,0.8888888888888888
er4_m60_s7,er4,prior_prop,1,17810,0.8888888888888888
er4_m60_s7,er4,prior_prop,1,17860,0.8888888888888888
er4_m60_s7,er4,prior_prop,1,17910,0.8888888888888888
er4_m60_s7,er4,prior_prop,1,17960,0.8888888888888888
er4_m60_s7,er4,prior_prop,1,18010,0.8888888888888888
er4_m60_s7,er4,prior_prop,1,18060,0.8888888888888888
er4_m60_s7,er4,prior_prop,1,18110,0.8888888888888888
er4_m60_s7,er4,prior_prop,1,18160,0.8888888888888888
er4_m60_s7,er4,prior_prop,1,18210,0.8888888888888888
er4_m60_s7,er4,prior_prop,1,18260,0.8888888888888888
er4_m60_s7,er4,prior_prop,1,18310,0.8888888888888888
er4_m60_s7,er4,prior_prop,1,18360,0.8888888888888888
er4_m60_s7,er4,prior_prop,1,18410,0.8888888888888888
er4_m60_s7,er4,prior_prop,1,18460,0.8888888888888888
er4_m60_s7,er4,prior_prop,1,18510,0.8888888888888888
er4_m60_s7,er4,prior_prop,1,18560,0.8888888888888888
er4_m60_s7,er4,prior_prop,1,18610,0.8888888888888888
er4_m60_s7,er4,prior_prop,1,18660,0.8888888888888888
er4_m60_s7,er4,prior_prop,1,18710,0.8888888888888888
er4_m60_s7,er4,prior_prop,1,18760,0.8888888888888888
er4_m60_s7,er4,prior_prop,1,18810,0.8888888888888888
er4_m60_s7,er4,prior_prop,1,18860,0.8888888888888888
er4_m60_s7,er4,prior_prop,1,18910,0.8888888888888888
er4_m60_s7,er4,prior_prop,1,18960,0.8888888888888888
er4_m60_s7,er4,prior_prop,1,19010,0.8888888888888888
er4_m60_s7,er4,prior_prop,1,19060,0.8888888888888888
er4_m60_s7,er4,prior_prop,1,19110,0.8888888888888888
er4_m60_s7,er4,prior_prop,1,19160,0.8888888888888888
er4_m60_s7,er4,prior_prop,1,19210,0.8888888888888888
er4_m60_s7,er4,prior_prop,1,19260,0.8888888888888888
er4_m60_s7,er4,prior_prop,1,19310,0.8888888888888888
er4_m60_s7,er4,prior_prop,1,19360,0.8888888888888888
er4_m60_s7,er4,prior_prop,1,19410,0.8888888888888888
er4_m60_s7,er4,prior_prop,1,19460,0.8888888888888888
er4_m60_s7,er4,prior_prop,1,19510,0.8888888888888888
er4_m60_s7,er4,prior_prop,1,19560,0.8888888888888888
er4_m60_s7,er4,prior_prop,1,19610,0.8888888888888888
er4_m60_s7,er4,prior_prop,1,19660,0.8888888888888888
er4_m60_s7,er4,prior_prop,1,19710,0.8888888888888888
er4_m60_s7,er4,prior_prop,1,19760,0.8888888888888888
er4_m60_s7,er4,prior_prop,1,19810,0.8888888888888888
er4_m60_s7,er4,prior_prop,1,19860,0.8888888888888888
er4_m60_s7,er4,prior_prop,1,19910,0.8888888888888888
er4_m60_s7,er4,prior_prop,1,19960,0.8888888888888888
er4_m60_s7,er4,prior_prop,1,20010,0.8888888888888888
er4_m60_s7,er4,db_rescore,1,10,0.8383838383838383
er4_m60_s7,er4,db_rescore,1,60,0.8383838383838383
er4_m60_s7,er4,db_rescore,1,110,0.8383838383838383
er4_m60_s7,er4,db_rescore,1,160,0.8484848484848485
er4_m60_s7,er4,db_rescore,1,210,0.8484848484848485
er4_m60_s7,er4,db_rescore,1,260,0.8484848484848485
er4_m60_s7,er4,db_rescore,1,310,0.8484848484848485
er4_m60_s7,er4,db_rescore,1,360,0.8484848484848485
er4_m60_s7,er4,db_rescore,1,410,0.8484848484848485
er4_m60_s7,er4,db_rescore,1,460,0.8484848484848485
er4_m60_s7,er4,db_rescore,1,510,0.8484848484848485
er4_m60_s7,er4,db_rescore,1,560,0.8484848484848485
er4_m60_s7,er4,db_rescore,1,610,0.8484848484848485
er4_m60_s7,er4,db_rescore,1,660,0.8484848484848485
er4_m60_s7,er4,db_rescore,1,710,0.8484848484848485
er4_m60_s7,er4,db_rescore,1,760,0.8484848484848485
er4_m60_s7,er4,db_rescore,1,810,0.8484848484848485
er4_m60_s7,er4,db_rescore,1,860,0.8484848484848485
er4_m60_s7,er4,db_rescore,1,910,0.8484848484848485
er4_m60_s7,er4,db_rescore,1,960,0.8484848484848485
er4_m60_s7,er4,db_rescore,1,1010,0.8484848484848485
er4_m60_s7,er4,db_rescore,1,1060,0.8484848484848485
er4_m60_s7,er4,db_rescore,1,1110,0.8484848484848485
er4_m60_s7,er4,db_rescore,1,1160,0.8484848484848485
er4_m60_s7,er4,db_rescore,1,1210,0.8484848484848485
er4_m60_s7,er4,db_rescore,1,1260,0.8484848484848485
er4_m60_s7,er4,db_rescore,1,1310,0.8484848484848485
er4_m60_s7,er4,db_rescore,1,1360,0.8484848484848485
er4_m60_s7,er4,db_rescore,1,1410,0.8484848484848485
er4_m60_s7,er4,db_rescore,1,1460,0.8484848484848485
er4_m60_s7,er4,db_rescore,1,1510,0.8484848484848485
er4_m60_s7,er4,db_rescore,1,1560,0.8585858585858586
er4_m60_s7,er4,db_rescore,1,1610,0.8585858585858586
er4_m60_s7,er4,db_rescore,1,1660,0.8585858585858586
er4_m60_s7,er4,db_rescore,1,1710,0.8585858585858586
er4_m60_s7,er4,db_rescore,1,1760,0.8585858585858586
er4_m60_s7,er4,db_rescore,1,1810,0.8585858585858586
er4_m60_s7,er4,db_rescore,1,1860,0.8585858585858586
er4_m60_s7,er4,db_rescore,1,1910,0.8585858585858586
er4_m60_s7,er4,db_rescore,1,1960,0.8585858585858586
er4_m60_s7,er4,db_rescore,1,2010,0.8585858585858586
er4_m60_s7,er4,db_rescore,1,2060,0.8585858585858586
er4_m60_s7,er4,db_rescore,1,2110,0.8585858585858586
er4_m60_s7,er4,db_rescore,1,2160,0.8585858585858586
er4_m60_s7,er4,db_rescore,1,2210,0.8686868686868687
er4_m60_s7,er4,db_rescore,1,2260,0.8686868686868687
er4_m60_s7,er4,db_rescore,1,2310,0.8686868686868687
er4_m60_s7,er4,db_rescore,1,2360,0.8686868686868687
er4_m60_s7,er4,db_rescore,1,2410,0.8686868686868687
er4_m60_s7,er4,db_rescore,1,2460,0.8686868686868687
er4_m60_s7,er4,db_rescore,1,2510,0.8686868686868687
er4_m60_s7,er4,db_rescore,1,2560,0.8686868686868687
er4_m60_s7,er4,db_rescore,1,2610,0.8686868686868687
er4_m60_s7,er4,db_rescore,1,2660,0.8686868686868687
er4_m60_s7,er4,db_rescore,1,2710,0.8686868686868687
er4_m60_s7,er4,db_rescore,1,2760,0.8686868686868687
er4_m60_s7,er4,db_rescore,1,2810,0.8686868686868687
er4_m60_s7,er4,db_rescore,1,2860,0.8686868686868687
er4_m60_s7,er4,db_rescore,1,2910,0.8686868686868687
er4_m60_s7,er4,db_rescore,1,2960,0.8686868686868687
er4_m60_s7,er4,db_rescore,1,3010,0.8686868686868687
er4_m60_s7,er4,db_rescore,1,3060,0.8686868686868687
er4_m60_s7,er4,db_rescore,1,3110,0.8686868686868687
er4_m60_s7,er4,db_rescore,1,3160,0.8686868686868687
er4_m60_s7,er4,db_rescore,1,3210,0.8686868686868687
er4_m60_s7,er4,db_rescore,1,3260,0.8686868686868687
er4_m60_s7,er4,db_rescore,1,3310,0.8686868686868687
er4_m60_s7,er4,db_rescore,1,3360,0.8686868686868687
er4_m60_s7,er4,db_rescore,1,3410,0.8686868686868687
er4_m60_s7,er4,db_rescore,1,3460,0.8686868686868687
er4_m60_s7,er4,db_rescore,1,3510,0.8686868686868687
er4_m60_s7,er4,db_rescore,1,3560,0.8686868686868687
er4_m60_s7,er4,db_rescore,1,3610,0.8686868686868687
er4_m60_s7,er4,db_rescore,1,3660,0.8686868686868687
er4_m60_s7,er4,db_rescore,1,3710,0.8686868686868687
er4_m60_s7,er4,db_rescore,1,3760,0.8686868686868687
er4_m60_s7,er4,db_rescore,1,3810,0.8686868686868687
er4_m60_s7,er4,db_rescore,1,3860,0.8686868686868687
er4_m60_s7,er4,db_rescore,1,3910,0.8686868686868687
er4_m60_s7,er4,db_rescore,1,3960,0.8686868686868687
er4_m60_s7,er4,db_rescore,1,4010,0.8686868686868687
er4_m60_s7,er4,db_rescore,1,4060,0.8686868686868687
er4_m60_s7,er4,db_rescore,1,4110,0.8787878787878788
er4_m60_s7,er4,db_rescore,1,4160,0.8787878787878788
er4_m60_s7,er4,db_rescore,1,4210,0.8787878787878788
er4_m60_s7,er4,db_rescore,1,4260,0.8787878787878788
er4_m60_s7,er4,db_rescore,1,4310,0.8787878787878788
er4_m60_s7,er4,db_rescore,1,4360,0.8787878787878788
er4_m60_s7,er4,db_rescore,1,4410,0.8787878787878788
er4_m60_s7,er4,db_rescore,1,4460,0.8787878787878788
er4_m60_s7,er4,db_rescore,1,4510,0.8787878787878788
er4_m60_s7,er4,db_rescore,1,4560,0.8787878787878788
er4_m60_s7,er4,db_rescore,1,4610,0.8787878787878788
er4_m60_s7,er4,db_rescore,1,4660,0.8787878787878788
er4_m60_s7,er4,db_rescore,1,4710,0.8787878787878788
er4_m60_s7,er4,db_rescore,1,4760,0.8787878787878788
er4_m60_s7,er4,db_rescore,1,4810,0.8787878787878788
er4_m60_s7,er4,db_rescore,1,4860,0.8787878787878788
er4_m60_s7,er4,db_rescore,1,4910,0.8888888888888888
er4_m60_s7,er4,db_rescore,1,4960,0.8888888888888888
er4_m60_s7,er4,db_rescore,1,5010,0.8888888888888888
er4_m60_s7,er4,db_rescore,1,5060,0.8888888888888888
er4_m60_s7,er4,db_rescore,1,5110,0.8888888888888888
er4_m60_s7,er4,db_rescore,1,5160,0.8888888888888888
er4_m60_s7,er4,db_rescore,1,5210,0.8888888888888888
er4_m60_s7,er4,db_rescore,1,5260,0.8888888888888888
er4_m60_s7,er4,db_rescore,1,5310,0.8888888888888888
er4_m60_s7,er4,db_rescore,1,5360,0.8888888888888888
er4_m60_s7,er4,db_rescore,1,5410,0.8888888888888888
er4_m60_s7,er4,db_rescore,1,5460,0.8888888888888888
er4_m60_s7,er4,db_rescore,1,5510,0.8888888888888888
er4_m60_s7,er4,db_rescore,1,5560,0.8888888888888888
er4_m60_s7,er4,db_rescore,1,5610,0.8888888888888888
er4_m60_s7,er4,db_rescore,1,5660,0.8888888888888888
er4_m60_s7,er4,db_rescore,1,5710,0.8888888888888888
er4_m60_s7,er4,db_rescore,1,5760,0.8888888888888888
er4_m60_s7,er4,db_rescore,1,5810,0.8888888888888888
er4_m60_s7,er4,db_rescore,1,5860,0.8888888888888888
er4_m60_s7,er4,db_rescore,1,5910,0.8888888888888888
er4_m60_s7,er4,db_rescore,1,5960,0.8888888888888888
er4_m60_s7,er4,db_rescore,1,6010,0.8888888888888888
er4_m60_s7,er4,db_rescore,1,6060,0.8888888888888888
er4_m60_s7,er4,db_rescore,1,6110,0.8888888888888888
er4_m60_s7,er4,db_rescore,1,6160,0.8888888888888888
er4_m60_s7,er4,db_rescore,1,6210,0.8888888888888888
er4_m60_s7,er4,db_rescore,1,6260,0.8888888888888888
er4_m60_s7,er4,db_rescore,1,6310,0.8888888888888888
er4_m60_s7,er4,db_rescore,1,6360,0.8888888888888888
er4_m60_s7,er4,db_rescore,1,6410,0.8888888888888888
er4_m60_s7,er4,db_rescore,1,6460,0.8888888888888888
er4_m60_s7,er4,db_rescore,1,6510,0.8888888888888888
er4_m60_s7,er4,db_rescore,1,6560,0.8888888888888888
er4_m60_s7,er4,db_rescore,1,6610,0.8888888888888888
er4_m60_s7,er4,db_rescore,1,6660,0.8888888888888888
er4_m60_s7,er4,db_rescore,1,6710,0.8888888888888888
er4_m60_s7,er4,db_rescore,1,6760,0.8888888888888888
er4_m60_s7,er4,db_rescore,1,6810,0.8888888888888888
er4_m60_s7,er4,db_rescore,1,6860,0.8888888888888888
er4_m60_s7,er4,db_rescore,1,6910,0.8888888888888888
er4_m60_s7,er4,db_rescore,1,6960,0.8888888888888888
er4_m60_s7,er4,db_rescore,1,7010,0.8888888888888888
er4_m60_s7,er4,db_rescore,1,7060,0.8888888888888888
er4_m60_s7,er4,db_rescore,1,7110,0.8888888888888888
er4_m60_s7,er4,db_rescore,1,7160,0.8888888888888888
er4_m60_s7,er4,db_rescore,1,7210,0.8888888888888888
er4_m60_s7,er4,db_rescore,1,7260,0.8888888888888888
er4_m60_s7,er4,db_rescore,1,7310,0.8888888888888888
er4_m60_s7,er4,db_rescore,1,7360,0.8888888888888888
er4_m60_s7,er4,db_rescore,1,7410,0.8888888888888888
er4_m60_s7,er4,db_rescore,1,7460,0.8888888888888888
er4_m60_s7,er4,db_rescore,1,7510,0.8888888888888888
er4_m60_s7,er4,db_rescore,1,7560,0.8888888888888888
er4_m60_s7,er4,db_rescore,1,7610,0.8888888888888888
er4_m60_s7,er4,db_rescore,1,7660,0.8888888888888888
er4_m60_s7,er4,db_rescore,1,7710,0.8888888888888888
er4_m60_s7,er4,db_rescore,1,7760,0.8888888888888888
er4_m60_s7,er4,db_rescore,1,7810,0.8888888888888888
er4_m60_s7,er4,db_rescore,1,7860,0.8888888888888888
er4_m60_s7,er4,db_rescore,1,7910,0.8888888888888888
er4_m60_s7,er4,db_rescore,1,7960,0.8888888888888888
er4_m60_s7,er4,db_rescore,1,8010,0.8888888888888888
er4_m60_s7,er4,db_rescore,1,8060,0.8888888888888888
er4_m60_s7,er4,db_rescore,1,8110,0.8888888888888888
er4_m60_s7,er4,db_rescore,1,8160,0.8888888888888888
er4_m60_s7,er4,db_rescore,1,8210,0.8888888888888888
er4_m60_s7,er4,db_rescore,1,8260,0.8888888888888888
er4_m60_s7,er4,db_rescore,1,8310,0.8888888888888888
er4_m60_s7,er4,db_rescore,1,8360,0.8888888888888888
er4_m60_s7,er4,db_rescore,1,8410,0.8888888888888888
er4_m60_s7,er4,db_rescore,1,8460,0.8888888888888888
er4_m60_s7,er4,db_rescore,1,8510,0.8888888888888888
er4_m60_s7,er4,db_rescore,1,8560,0.8888888888888888
er4_m60_s7,er4,db_rescore,1,8610,0.8888888888888888
er4_m60_s7,er4,db_rescore,1,8660,0.8888888888888888
er4_m60_s7,er4,db_rescore,1,8710,0.8888888888888888
er4_m60_s7,er4,db_rescore,1,8760,0.8888888888888888
er4_m60_s7,er4,db_rescore,1,8810,0.8888888888888888
er4_m60_s7,er4,db_rescore,1,8860,0.8888888888888888
er4_m60_s7,er4,db_rescore,1,8910,0.8888888888888888
er4_m60_s7,er4,db_rescore,1,8960,0.8888888888888888
er4_m60_s7,er4,db_rescore,1,9010,0.8888888888888888
er4_m60_s7,er4,db_rescore,1,9060,0.8888888888888888
er4_m60_s7,er4,db_rescore,1,9110,0.8888888888888888
er4_m60_s7,er4,db_rescore,1,9160,0.8888888888888888
er4_m60_s7,er4,db_rescore,1,9210,0.8888888888888888
er4_m60_s7,er4,db_rescore,1,9260,0.8888888888888888
er4_m60_s7,er4,db_rescore,1,9310,0.8888888888888888
er4_m60_s7,er4,db_rescore,1,9360,0.8888888888888888
er4_m60_s7,er4,db_rescore,1,9410,0.8888888888888888
er4_m60_s7,er4,db_rescore,1,9460,0.8888888888888888
er4_m60_s7,er4,db_rescore,1,9510,0.8888888888888888
er4_m60_s7,er4,db_rescore,1,9560,0.8888888888888888
er4_m60_s7,er4,db_rescore,1,9610,0.8888888888888888
er4_m60_s7,er4,db_rescore,1,9660,0.8888888888888888
er4_m60_s7,er4,db_rescore,1,9710,0.8888888888888888
er4_m60_s7,er4,db_rescore,1,9760,0.8888888888888888
er4_m60_s7,er4,db_rescore,1,9810,0.8888888888888888
er4_m60_s7,er4,db_rescore,1,9860,0.8888888888888888
er4_m60_s7,er4,db_rescore,1,9910,0.8888888888888888
er4_m60_s7,er4,db_rescore,1,9960,0.8888888888888888
er4_m60_s7,er4,db_rescore,1,10010,0.8888888888888888
er4_m60_s7,er4,db_rescore,1,10060,0.8888888888888888
er4_m60_s7,er4,db_rescore,1,10110,0.8888888888888888
er4_m60_s7,er4,db_rescore,1,10160,0.8888888888888888
er4_m60_s7,er4,db_rescore,1,10210,0.8888888888888888
er4_m60_s7,er4,db_rescore,1,10260,0.8888888888888888
er4_m60_s7,er4,db_rescore,1,10310,0.8888888888888888
er4_m60_s7,er4,db_rescore,1,10360,0.8888888888888888
er4_m60_s7,er4,db_rescore,1,10410,0.8888888888888888
er4_m60_s7,er4,db_rescore,1,10460,0.8888888888888888
er4_m60_s7,er4,db_rescore,1,10510,0.8888888888888888
er4_m60_s7,er4,db_rescore,1,10560,0.8888888888888888
er4_m60_s7,er4,db_rescore,1,10610,0.8888888888888888
er4_m60_s7,er4,db_rescore,1,10660,0.8888888888888888
er4_m60_s7,er4,db_rescore,1,10710,0.8888888888888888
er4_m60_s7,er4,db_rescore,1,10760,0.8888888888888888
er4_m60_s7,er4,db_rescore,1,10810,0.8888888888888888
er4_m60_s7,er4,db_rescore,1,10860,0.8888888888888888
er4_m60_s7,er4,db_rescore,1,10910,0.8888888888888888
er4_m60_s7,er4,db_rescore,1,10960,0.8888888888888888
er4_m60_s7,er4,db_rescore,1,11010,0.8888888888888888
er4_m60_s7,er4,db_rescore,1,11060,0.8888888888888888
er4_m60_s7,er4,db_rescore,1,11110,0.8888888888888888
er4_m60_s7,er4,db_rescore,1,11160,0.8888888888888888
er4_m60_s7,er4,db_rescore,1,11210,0.8888888888888888
er4_m60_s7,er4,db_rescore,1,11260,0.8888888888888888
er4_m60_s7,er4,db_rescore,1,11310,0.8888888888888888
er4_m60_s7,er4,db_rescore,1,11360,0.8888888888888888
er4_m60_s7,er4,db_rescore,1,11410,0.8888888888888888
er4_m60_s7,er4,db_rescore,1,11460,0.8888888888888888
er4_m60_s7,er4,db_rescore,1,11510,0.8888888888888888
er4_m60_s7,er4,db_rescore,1,11560,0.8888888888888888
er4_m60_s7,er4,db_rescore,1,11610,0.8888888888888888
er4_m60_s7,er4,db_rescore,1,11660,0.8888888888888888
er4_m60_s7,er4,db_rescore,1,11710,0.8888888888888888
er4_m60_s7,er4,db_rescore,1,11760,0.8888888888888888
er4_m60_s7,er4,db_rescore,1,11810,0.8888888888888888
er4_m60_s7,er4,db_rescore,1,11860,0.8888888888888888
er4_m60_s7,er4,db_rescore,1,11910,0.8888888888888888
er4_m60_s7,er4,db_rescore,1,11960,0.8888888888888888
er4_m60_s7,er4,db_rescore,1,12010,0.8888888888888888
er4_m60_s7,er4,db_rescore,1,12060,0.8888888888888888
er4_m60_s7,er4,db_rescore,1,12110,0.8888888888888888
er4_m60_s7,er4,db_rescore,1,12160,0.8888888888888888
er4_m60_s7,er4,db_rescore,1,12210,0.8888888888888888
er4_m60_s7,er4,db_rescore,1,12260,0.8888888888888888
er4_m60_s7,er4,db_rescore,1,12310,0.8888888888888888
er4_m60_s7,er4,db_rescore,1,12360,0.8888888888888888
er4_m60_s7,er4,db_rescore,1,12410,0.8888888888888888
er4_m60_s7,er4,db_rescore,1,12460,0.8888888888888888
er4_m60_s7,er4,db_rescore,1,12510,0.8888888888888888
er4_m60_s7,er4,db_rescore,1,12560,0.8888888888888888
er4_m60_s7,er4,db_rescore,1,12610,0.8888888888888888
er4_m60_s7,er4,db_rescore,1,12660,0.8888888888888888
er4_m60_s7,er4,db_rescore,1,12710,0.8888888888888888
er4_m60_s7,er4,db_rescore,1,12760,0.8888888888888888
er4_m60_s7,er4,db_rescore,1,12810,0.8888888888888888
er4_m60_s7,er4,db_rescore,1,12860,0.8888888888888888
er4_m60_s7,er4,db_rescore,1,12910,0.8888888888888888
er4_m60_s7,er4,db_rescore,1,12960,0.8888888888888888
er4_m60_s7,er4,db_rescore,1,13010,0.8888888888888888
er4_m60_s7,er4,db_rescore,1,13060,0.8888888888888888
er4_m60_s7,er4,db_rescore,1,13110,0.8888888888888888
er4_m60_s7,er4,db_rescore,1,13160,0.8888888888888888
er4_m60_s7,er4,db_rescore,1,13210,0.8888888888888888
er4_m60_s7,er4,db_rescore,1,13260,0.8888888888888888
er4_m60_s7,er4,db_rescore,1,13310,0.8888888888888888
er4_m60_s7,er4,db_rescore,1,13360,0.8888888888888888
er4_m60_s7,er4,db_rescore,1,13410,0.8888888888888888
er4_m60_s7,er4,db_rescore,1,13460,0.8888888888888888
er4_m60_s7,er4,db_rescore,1,13510,0.8888888888888888
er4_m60_s7,er4,db_rescore,1,13560,0.8888888888888888
er4_m60_s7,er4,db_rescore,1,13610,0.8888888888888888
er4_m60_s7,er4,db_rescore,1,13660,0.8888888888888888
er4_m60_s7,er4,db_rescore,1,13710,0.8888888888888888
er4_m60_s7,er4,db_rescore,1,13760,0.8888888888888888
er4_m60_s7,er4,db_rescore,1,13810,0.8888888888888888
er4_m60_s7,er4,db_rescore,1,13860,0.8888888888888888
er4_m60_s7,er4,db_rescore,1,13910,0.8888888888888888
er4_m60_s7,er4,db_rescore,1,13960,0.8888888888888888
er4_m60_s7,er4,db_rescore,1,14010,0.8888888888888888
er4_m60_s7,er4,db_rescore,1,14060,0.8888888888888888
er4_m60_s7,er4,db_rescore,1,14110,0.8888888888888888
er4_m60_s7,er4,db_rescore,1,14160,0.8888888888888888
er4_m60_s7,er4,db_rescore,1,14210,0.8888888888888888
er4_m60_s7,er4,db_rescore,1,14260,0.8888888888888888
er4_m60_s7,er4,db_rescore,1,14310,0.8888888888888888
er4_m60_s7,er4,db_rescore,1,14360,0.8888888888888888
er4_m60_s7,er4,db_rescore,1,14410,0.8888888888888888
er4_m60_s7,er4,db_rescore,1,14460,0.8888888888888888
er4_m60_s7,er4,db_rescore,1,14510,0.8888888888888888
er4_m60_s7,er4,db_rescore,1,14560,0.8888888888888888
er4_m60_s7,er4,db_rescore,1,14610,0.8888888888888888
er4_m60_s7,er4,db_rescore,1,14660,0.8888888888888888
er4_m60_s7,er4,db_rescore,1,14710,0.8888888888888888
er4_m60_s7,er4,db_rescore,1,14760,0.8888888888888888
er4_m60_s7,er4,db_rescore,1,14810,0.8888888888888888
er4_m60_s7,er4,db_rescore,1,14860,0.8888888888888888
er4_m60_s7,er4,db_rescore,1,14910,0.8888888888888888
er4_m60_s7,er4,db_rescore,1,14960,0.8888888888888888
er4_m60_s7,er4,db_rescore,1,15010,0.8888888888888888
er4_m60_s7,er4,db_rescore,1,15060,0.8888888888888888
er4_m60_s7,er4,db_rescore,1,15110,0.8888888888888888
er4_m60_s7,er4,db_rescore,1,15160,0.8888888888888888
er4_m60_s7,er4,db_rescore,1,15210,0.8888888888888888
er4_m60_s7,er4,db_rescore,1,15260,0.8888888888888888
er4_m60_s7,er4,db_rescore,1,15310,0.8888888888888888
er4_m60_s7,er4,db_rescore,1,15360,0.8888888888888888
er4_m60_s7,er4,db_rescore,1,15410,0.8888888888888888
er4_m60_s7,er4,db_rescore,1,15460,0.8888888888888888
er4_m60_s7,er4,db_rescore,1,15510,0.8888888888888888
er4_m60_s7,er4,db_rescore,1,15560,0.8888888888888888
er4_m60_s7,er4,db_rescore,1,15610,0.8888888888888888
er4_m60_s7,er4,db_rescore,1,15660,0.8888888888888888
er4_m60_s7,er4,db_rescore,1,15710,0.8888888888888888
er4_m60_s7,er4,db_rescore,1,15760,0.8888888888888888
er4_m60_s7,er4,db_rescore,1,15810,0.8888888888888888
er4_m60_s7,er4,db_rescore,1,15860,0.8888888888888888
er4_m60_s7,er4,db_rescore,1,15910,0.8888888888888888
er4_m60_s7,er4,db_rescore,1,15960,0.8888888888888888
er4_m60_s7,er4,db_rescore,1,16010,0.8888888888888888
er4_m60_s7,er4,db_rescore,1,16060,0.8888888888888888
er4_m60_s7,er4,db_rescore,1,16110,0.8888888888888888
er4_m60_s7,er4,db_rescore,1,16160,0.8888888888888888
er4_m60_s7,er4,db_rescore,1,16210,0.8888888888888888
er4_m60_s7,er4,db_rescore,1,16260,0.8888888888888888
er4_m60_s7,er4,db_rescore,1,16310,0.8888888888888888
er4_m60_s7,er4,db_rescore,1,16360,0.8888888888888888
er4_m60_s7,er4,db_rescore,1,16410,0.8888888888888888
er4_m60_s7,er4,db_rescore,1,16460,0.8888888888888888
er4_m60_s7,er4,db_rescore,1,16510,0.8888888888888888
er4_m60_s7,er4,db_rescore,1,16560,0.8888888888888888
er4_m60_s7,er4,db_rescore,1,16610,0.8888888888888888
er4_m60_s7,er4,db_rescore,1,16660,0.8888888888888888
er4_m60_s7,er4,db_rescore,1,16710,0.8888888888888888
er4_m60_s7,er4,db_rescore,1,16760,0.8888888888888888
er4_m60_s7,er4,db_rescore,1,16810,0.8888888888888888
er4_m60_s7,er4,db_rescore,1,16860,0.8888888888888888
er4_m60_s7,er4,db_rescore,1,16910,0.8888888888888888
er4_m60_s7,er4,db_rescore,1,16960,0.8888888888888888
er4_m60_s7,er4,db_rescore,1,17010,0.8888888888888888
er4_m60_s7,er4,db_rescore,1,17060,0.8888888888888888
er4_m60_s7,er4,db_rescore,1,17110,0.8888888888888888
er4_m60_s7,er4,db_rescore,1,17160,0.8888888888888888
er4_m60_s7,er4,db_rescore,1,17210,0.8888888888888888
er4_m60_s7,er4,db_rescore,1,17260,0.8888888888888888
er4_m60_s7,er4,db_rescore,1,17310,0.8888888888888888
er4_m60_s7,er4,db_rescore,1,17360,0.8888888888888888
er4_m60_s7,er4,db_rescore,1,17410,0.8888888888888888
er4_m60_s7,er4,db_rescore,1,17460,0.8888888888888888
er4_m60_s7,er4,db_rescore,1,17510,0.8888888888888888
er4_m60_s7,er4,db_rescore,1,17560,0.8888888888888888
er4_m60_s7,er4,db_rescore,1,17610,0.8888888888888888
er4_m60_s7,er4,db_rescore,1,17660,0.8888888888888888
er4_m60_s7,er4,db_rescore,1,17710,0.8888888888888888
er4_m60_s7,er4,db_rescore,1,17760,0.8888888888888888
er4_m60_s7,er4,db_rescore,1,17810,0.8888888888888888
er4_m60_s7,er4,db_rescore,1,17860,0.8888888888888888
er4_m60_s7,er4,db_rescore,1,17910,0.8888888888888888
er4_m60_s7,er4,db_rescore,1,17960,0.8888888888888888
er4_m60_s7,er4,db_rescore,1,18010,0.8888888888888888
er4_m60_s7,er4,db_rescore,1,18060,0.8888888888888888
er4_m60_s7,er4,db_rescore,1,18110,0.8888888888888888
er4_m60_s7,er4,db_rescore,1,18160,0.8888888888888888
er4_m60_s7,er4,db_rescore,1,18210,0.8888888888888888
er4_m60_s7,er4,db_rescore,1,18260,0.8888888888888888
er4_m60_s7,er4,db_rescore,1,18310,0.8888888888888888
er4_m60_s7,er4,db_rescore,1,18360,0.8888888888888888
er4_m60_s7,er4,db_rescore,1,18410,0.8888888888888888
er4_m60_s7,er4,db_rescore,1,18460,0.8888888888888888
er4_m60_s7,er4,db_rescore,1,18510,0.8888888888888888
er4_m60_s7,er4,db_rescore,1,18560,0.8888888888888888
er4_m60_s7,er4,db_rescore,1,18610,0.8888888888888888
er4_m60_s7,er4,db_rescore,1,18660,0.8888888888888888
er4_m60_s7,er4,db_rescore,1,18710,0.8888888888888888
er4_m60_s7,er4,db_rescore,1,18760,0.8888888888888888
er4_m60_s7,er4,db_rescore,1,18810,0.8888888888888888
er4_m60_s7,er4,db_rescore,1,18860,0.8888888888888888
er4_m60_s7,er4,db_rescore,1,18910,0.8888888888888888
er4_m60_s7,er4,db_rescore,1,18960,0.8888888888888888
er4_m60_s7,er4,db_rescore,1,19010,0.8888888888888888
er4_m60_s7,er4,db_rescore,1,19060,0.8888888888888888
er4_m60_s7,er4,db_rescore,1,19110,0.8888888888888888
er4_m60_s7,er4,db_rescore,1,19160,0.8888888888888888
er4_m60_s7,er4,db_rescore,1,19210,0.8888888888888888
er4_m60_s7,er4,db_rescore,1,19260,0.8888888888888888
er4_m60_s7,er4,db_rescore,1,19310,0.8888888888888888
er4_m60_s7,er4,db_rescore,1,19360,0.8888888888888888
er4_m60_s7,er4,db_rescore,1,19410,0.8888888888888888
er4_m60_s7,er4,db_rescore,1,19460,0.8888888888888888
er4_m60_s7,er4,db_rescore,1,19510,0.8888888888888888
er4_m60_s7,er4,db_rescore,1,19560,0.8888888888888888
er4_m60_s7,er4,db_rescore,1,19610,0.8888888888888888
er4_m60_s7,er4,db_rescore,1,19660,0.8888888888888888
er4_m60_s7,er4,db_rescore,1,19710,0.8888888888888888
er4_m60_s7,er4,db_rescore,1,19760,0.8888888888888888
er4_m60_s7,er4,db_rescore,1,19810,0.8888888888888888
er4_m60_s7,er4,db_rescore,1,19860,0.8888888888888888
er4_m60_s7,er4,db_rescore,1,19910,0.8888888888888888
er4_m60_s7,er4,db_rescore,1,19960,0.8888888888888888
er4_m60_s7,er4,db_rescore,1,20010,0.8888888888888888
er4_m60_s8,er4,cold,0,10,0.58
er4_m60_s8,er4,cold,0,60,0.68
er4_m60_s8,er4,cold,0,110,0.73
er4_m60_s8,er4,cold,0,160,0.75
er4_m60_s8,er4,cold,0,210,0.78
er4_m60_s8,er4,cold,0,260,0.83
er4_m60_s8,er4,cold,0,310,0.83
er4_m60_s8,er4,cold,0,360,0.83
er4_m60_s8,er4,cold,0,410,0.83
er4_m60_s8,er4,cold,0,460,0.83
er4_m60_s8,er4,cold,0,510,0.83
er4_m60_s8,er4,cold,0,560,0.83
er4_m60_s8,er4,cold,0,610,0.83
er4_m60_s8,er4,cold,0,660,0.83
er4_m60_s8,er4,cold,0,710,0.82
er4_m60_s8,er4,cold,0,760,0.82
er4_m60_s8,er4,cold,0,810,0.83
er4_m60_s8,er4,cold,0,860,0.83
er4_m60_s8,er4,cold,0,910,0.83
er4_m60_s8,er4,cold,0,960,0.83
er4_m60_s8,er4,cold,0,1010,0.83
er4_m60_s8,er4,cold,0,1060,0.84
er4_m60_s8,er4,cold,0,1110,0.84
er4_m60_s8,er4,cold,0,1160,0.84
er4_m60_s8,er4,cold,0,1210,0.84
er4_m60_s8,er4,cold,0,1260,0.84
er4_m60_s8,er4,cold,0,1310,0.84
er4_m60_s8,er4,cold,0,1360,0.84
er4_m60_s8,er4,cold,0,1410,0.84
er4_m60_s8,er4,cold,0,1460,0.84
er4_m60_s8,er4,cold,0,1510,0.84
er4_m60_s8,er4,cold,0,1560,0.84
er4_m60_s8,er4,cold,0,1610,0.84
er4_m60_s8,er4,cold,0,1660,0.84
er4_m60_s8,er4,cold,0,1710,0.84
er4_m60_s8,er4,cold,0,1760,0.84
er4_m60_s8,er4,cold,0,1810,0.84
er4_m60_s8,er4,cold,0,1860,0.84
er4_m60_s8,er4,cold,0,1910,0.84
er4_m60_s8,er4,cold,0,1960,0.84
er4_m60_s8,er4,cold,0,2010,0.84
er4_m60_s8,er4,cold,0,2060,0.84
er4_m60_s8,er4,cold,0,2110,0.84
er4_m60_s8,er4,cold,0,2160,0.84
er4_m60_s8,er4,cold,0,2210,0.84
er4_m60_s8,er4,cold,0,2260,0.84
er4_m60_s8,er4,cold,0,2310,0.84
er4_m60_s8,er4,cold,0,2360,0.84
er4_m60_s8,er4,cold,0,2410,0.84
er4_m60_s8,er4,cold,0,2460,0.84
er4_m60_s8,er4,cold,0,2510,0.84
er4_m60_s8,er4,cold,0,2560,0.84
er4_m60_s8,er4,cold,0,2610,0.84
er4_m60_s8,er4,cold,0,2660,0.84
er4_m60_s8,er4,cold,0,2710,0.84
er4_m60_s8,er4,cold,0,2760,0.84
er4_m60_s8,er4,cold,0,2810,0.84
er4_m60_s8,er4,cold,0,2860,0.84
er4_m60_s8,er4,cold,0,2910,0.84
er4_m60_s8,er4,cold,0,2960,0.84
er4_m60_s8,er4,cold,0,3010,0.84
er4_m60_s8,er4,cold,0,3060,0.84
er4_m60_s8,er4,cold,0,3110,0.84
er4_m60_s8,er4,cold,0,3160,0.84
er4_m60_s8,er4,cold,0,3210,0.84
er4_m60_s8,er4,cold,0,3260,0.84
er4_m60_s8,er4,cold,0,3310,0.84
er4_m60_s8,er4,cold,0,3360,0.84
er4_m60_s8,er4,cold,0,3410,0.84
er4_m60_s8,er4,cold,0,3460,0.84
er4_m60_s8,er4,cold,0,3510,0.85
er4_m60_s8,er4,cold,0,3560,0.85
er4_m60_s8,er4,cold,0,3610,0.85
er4_m60_s8,er4,cold,0,3660,0.85
er4_m60_s8,er4,cold,0,3710,0.85
er4_m60_s8,er4,cold,0,3760,0.85
er4_m60_s8,er4,cold,0,3810,0.85
er4_m60_s8,er4,cold,0,3860,0.85
er4_m60_s8,er4,cold,0,3910,0.85
er4_m60_s8,er4,cold,0,3960,0.85
er4_m60_s8,er4,cold,0,4010,0.85
er4_m60_s8,er4,cold,0,4060,0.85
er4_m60_s8,er4,cold,0,4110,0.85
er4_m60_s8,er4,cold,0,4160,0.85
er4_m60_s8,er4,cold,0,4210,0.85
er4_m60_s8,er4,cold,0,4260,0.85
er4_m60_s8,er4,cold,0,4310,0.85
er4_m60_s8,er4,cold,0,4360,0.85
er4_m60_s8,er4,cold,0,4410,0.85
er4_m60_s8,er4,cold,0,4460,0.85
er4_m60_s8,er4,cold,0,4510,0.85
er4_m60_s8,er4,cold,0,4560,0.85
er4_m60_s8,er4,cold,0,4610,0.85
er4_m60_s8,er4,cold,0,4660,0.85
er4_m60_s8,er4,cold,0,4710,0.85
er4_m60_s8,er4,cold,0,4760,0.85
er4_m60_s8,er4,cold,0,4810,0.85
er4_m60_s8,er4,cold,0,4860,0.85
er4_m60_s8,er4,cold,0,4910,0.85
er4_m60_s8,er4,cold,0,4960,0.85
er4_m60_s8,er4,cold,0,5010,0.85
er4_m60_s8,er4,cold,0,5060,0.85
er4_m60_s8,er4,cold,0,5110,0.85
er4_m60_s8,er4,cold,0,5160,0.85
er4_m60_s8,er4,cold,0,5210,0.85
er4_m60_s8,er4,cold,0,5260,0.85
er4_m60_s8,er4,cold,0,5310,0.85
er4_m60_s8,er4,cold,0,5360,0.85
er4_m60_s8,er4,cold,0,5410,0.85
er4_m60_s8,er4,cold,0,5460,0.85
er4_m60_s8,er4,cold,0,5510,0.85
er4_m60_s8,er4,cold,0,5560,0.85
er4_m60_s8,er4,cold,0,5610,0.85
er4_m60_s8,er4,cold,0,5660,0.85
er4_m60_s8,er4,cold,0,5710,0.85
er4_m60_s8,er4,cold,0,5760,0.85
er4_m60_s8,er4,cold,0,5810,0.85
er4_m60_s8,er4,cold,0,5860,0.85
er4_m60_s8,er4,cold,0,5910,0.85
er4_m60_s8,er4,cold,0,5960,0.85
er4_m60_s8,er4,cold,0,6010,0.85
er4_m60_s8,er4,cold,0,6060,0.85
er4_m60_s8,er4,cold,0,6110,0.85
er4_m60_s8,er4,cold,0,6160,0.85
er4_m60_s8,er4,cold,0,6210,0.85
er4_m60_s8,er4,cold,0,6260,0.85
er4_m60_s8,er4,cold,0,6310,0.85
er4_m60_s8,er4,cold,0,6360,0.85
er4_m60_s8,er4,cold,0,6410,0.85
er4_m60_s8,er4,cold,0,6460,0.85
er4_m60_s8,er4,cold,0,6510,0.85
er4_m60_s8,er4,cold,0,6560,0.85
er4_m60_s8,er4,cold,0,6610,0.85
er4_m60_s8,er4,cold,0,6660,0.85
er4_m60_s8,er4,cold,0,6710,0.85
er4_m60_s8,er4,cold,0,6760,0.85
er4_m60_s8,er4,cold,0,6810,0.85
er4_m60_s8,er4,cold,0,6860,0.85
er4_m60_s8,er4,cold,0,6910,0.85
er4_m60_s8,er4,cold,0,6960,0.85
er4_m60_s8,er4,cold,0,7010,0.85
er4_m60_s8,er4,cold,0,7060,0.85
er4_m60_s8,er4,cold,0,7110,0.85
er4_m60_s8,er4,cold,0,7160,0.85
er4_m60_s8,er4,cold,0,7210,0.85
er4_m60_s8,er4,cold,0,7260,0.85
er4_m60_s8,er4,cold,0,7310,0.85
er4_m60_s8,er4,cold,0,7360,0.85
er4_m60_s8,er4,cold,0,7410,0.85
er4_m60_s8,er4,cold,0,7460,0.85
er4_m60_s8,er4,cold,0,7510,0.85
er4_m60_s8,er4,cold,0,7560,0.85
er4_m60_s8,er4,cold,0,7610,0.85
er4_m60_s8,er4,cold,0,7660,0.85
er4_m60_s8,er4,cold,0,7710,0.85
er4_m60_s8,er4,cold,0,7760,0.85
er4_m60_s8,er4,cold,0,7810,0.85
er4_m60_s8,er4,cold,0,7860,0.85
er4_m60_s8,er4,cold,0,7910,0.85
er4_m60_s8,er4,cold,0,7960,0.85
er4_m60_s8,er4,cold,0,8010,0.85
er4_m60_s8,er4,cold,0,8060,0.85
er4_m60_s8,er4,cold,0,8110,0.85
er4_m60_s8,er4,cold,0,8160,0.85
er4_m60_s8,er4,cold,0,8210,0.85
er4_m60_s8,er4,cold,0,8260,0.85
er4_m60_s8,er4,cold,0,8310,0.85
er4_m60_s8,er4,cold,0,8360,0.85
er4_m60_s8,er4,cold,0,8410,0.85
er4_m60_s8,er4,cold,0,8460,0.85
er4_m60_s8,er4,cold,0,8510,0.85
er4_m60_s8,er4,cold,0,8560,0.85
er4_m60_s8,er4,cold,0,8610,0.85
er4_m60_s8,er4,cold,0,8660,0.85
er4_m60_s8,er4,cold,0,8710,0.85
er4_m60_s8,er4,cold,0,8760,0.85
er4_m60_s8,er4,cold,0,8810,0.85
er4_m60_s8,er4,cold,0,8860,0.85
er4_m60_s8,er4,cold,0,8910,0.85
er4_m60_s8,er4,cold,0,8960,0.85
er4_m60_s8,er4,cold,0,9010,0.85
er4_m60_s8,er4,cold,0,9060,0.85
er4_m60_s8,er4,cold,0,9110,0.85
er4_m60_s8,er4,cold,0,9160,0.85
er4_m60_s8,er4,cold,0,9210,0.85
er4_m60_s8,er4,cold,0,9260,0.85
er4_m60_s8,er4,cold,0,9310,0.85
er4_m60_s8,er4,cold,0,9360,0.85
er4_m60_s8,er4,cold,0,9410,0.85
er4_m60_s8,er4,cold,0,9460,0.85
er4_m60_s8,er4,cold,0,9510,0.85
er4_m60_s8,er4,cold,0,9560,0.85
er4_m60_s8,er4,cold,0,9610,0.85
er4_m60_s8,er4,cold,0,9660,0.85
er4_m60_s8,er4,cold,0,9710,0.85
er4_m60_s8,er4,cold,0,9760,0.85
er4_m60_s8,er4,cold,0,9810,0.85
er4_m60_s8,er4,cold,0,9860,0.85
er4_m60_s8,er4,cold,0,9910,0.85
er4_m60_s8,er4,cold,0,9960,0.85
er4_m60_s8,er4,cold,0,10010,0.85
er4_m60_s8,er4,cold,0,10060,0.85
er4_m60_s8,er4,cold,0,10110,0.85
er4_m60_s8,er4,cold,0,10160,0.85
er4_m60_s8,er4,cold,0,10210,0.85
er4_m60_s8,er4,cold,0,10260,0.85
er4_m60_s8,er4,cold,0,10310,0.85
er4_m60_s8,er4,cold,0,10360,0.85
er4_m60_s8,er4,cold,0,10410,0.85
er4_m60_s8,er4,cold,0,10460,0.85
er4_m60_s8,er4,cold,0,10510,0.85
er4_m60_s8,er4,cold,0,10560,0.85
er4_m60_s8,er4,cold,0,10610,0.85
er4_m60_s8,er4,cold,0,10660,0.85
er4_m60_s8,er4,cold,0,10710,0.85
er4_m60_s8,er4,cold,0,10760,0.85
er4_m60_s8,er4,cold,0,10810,0.85
er4_m60_s8,er4,cold,0,10860,0.85
er4_m60_s8,er4,cold,0,10910,0.85
er4_m60_s8,er4,cold,0,10960,0.85
er4_m60_s8,er4,cold,0,11010,0.85
er4_m60_s8,er4,cold,0,11060,0.85
er4_m60_s8,er4,cold,0,11110,0.85
er4_m60_s8,er4,cold,0,11160,0.85
er4_m60_s8,er4,cold,0,11210,0.85
er4_m60_s8,er4,cold,0,11260,0.85
er4_m60_s8,er4,cold,0,11310,0.85
er4_m60_s8,er4,cold,0,11360,0.85
er4_m60_s8,er4,cold,0,11410,0.85
er4_m60_s8,er4,cold,0,11460,0.85
er4_m60_s8,er4,cold,0,11510,0.85
er4_m60_s8,er4,cold,0,11560,0.85
er4_m60_s8,er4,cold,0,11610,0.85
er4_m60_s8,er4,cold,0,11660,0.85
er4_m60_s8,er4,cold,0,11710,0.85
er4_m60_s8,er4,cold,0,11760,0.85
er4_m60_s8,er4,cold,0,11810,0.85
er4_m60_s8,er4,cold,0,11860,0.85
er4_m60_s8,er4,cold,0,11910,0.85
er4_m60_s8,er4,cold,0,11960,0.85
er4_m60_s8,er4,cold,0,12010,0.85
er4_m60_s8,er4,cold,0,12060,0.85
er4_m60_s8,er4,cold,0,12110,0.85
er4_m60_s8,er4,cold,0,12160,0.85
er4_m60_s8,er4,cold,0,12210,0.85
er4_m60_s8,er4,cold,0,12260,0.85
er4_m60_s8,er4,cold,0,12310,0.85
er4_m60_s8,er4,cold,0,12360,0.85
er4_m60_s8,er4,cold,0,12410,0.85
er4_m60_s8,er4,cold,0,12460,0.85
er4_m60_s8,er4,cold,0,12510,0.85
er4_m60_s8,er4,cold,0,12560,0.85
er4_m60_s8,er4,cold,0,12610,0.85
er4_m60_s8,er4,cold,0,12660,0.85
er4_m60_s8,er4,cold,0,12710,0.85
er4_m60_s8,er4,cold,0,12760,0.85
er4_m60_s8,er4,cold,0,12810,0.85
er4_m60_s8,er4,cold,0,12860,0.85
er4_m60_s8,er4,cold,0,12910,0.85
er4_m60_s8,er4,cold,0,12960,0.85
er4_m60_s8,er4,cold,0,13010,0.85
er4_m60_s8,er4,cold,0,13060,0.85
er4_m60_s8,er4,cold,0,13110,0.85
er4_m60_s8,er4,cold,0,13160,0.85
er4_m60_s8,er4,cold,0,13210,0.85
er4_m60_s8,er4,cold,0,13260,0.85
er4_m60_s8,er4,cold,0,13310,0.85
er4_m60_s8,er4,cold,0,13360,0.85
er4_m60_s8,er4,cold,0,13410,0.85
er4_m60_s8,er4,cold,0,13460,0.85
er4_m60_s8,er4,cold,0,13510,0.85
er4_m60_s8,er4,cold,0,13560,0.85
er4_m60_s8,er4,cold,0,13610,0.85
er4_m60_s8,er4,cold,0,13660,0.85
er4_m60_s8,er4,cold,0,13710,0.85
er4_m60_s8,er4,cold,0,13760,0.85
er4_m60_s8,er4,cold,0,13810,0.85
er4_m60_s8,er4,cold,0,13860,0.85
er4_m60_s8,er4,cold,0,13910,0.85
er4_m60_s8,er4,cold,0,13960,0.85
er4_m60_s8,er4,cold,0,14010,0.85
er4_m60_s8,er4,cold,0,14060,0.85
er4_m60_s8,er4,cold,0,14110,0.85
er4_m60_s8,er4,cold,0,14160,0.85
er4_m60_s8,er4,cold,0,14210,0.85
er4_m60_s8,er4,cold,0,14260,0.85
er4_m60_s8,er4,cold,0,14310,0.85
er4_m60_s8,er4,cold,0,14360,0.85
er4_m60_s8,er4,cold,0,14410,0.85
er4_m60_s8,er4,cold,0,14460,0.85
er4_m60_s8,er4,cold,0,14510,0.85
er4_m60_s8,er4,cold,0,14560,0.85
er4_m60_s8,er4,cold,0,14610,0.85
er4_m60_s8,er4,cold,0,14660,0.85
er4_m60_s8,er4,cold,0,14710,0.85
er4_m60_s8,er4,cold,0,14760,0.85
er4_m60_s8,er4,cold,0,14810,0.85
er4_m60_s8,er4,cold,0,14860,0.85
er4_m60_s8,er4,cold,0,14910,0.85
er4_m60_s8,er4,cold,0,14960,0.85
er4_m60_s8,er4,cold,0,15010,0.85
er4_m60_s8,er4,cold,0,15060,0.85
er4_m60_s8,er4,cold,0,15110,0.85
er4_m60_s8,er4,cold,0,15160,0.85
er4_m60_s8,er4,cold,0,15210,0.85
er4_m60_s8,er4,cold,0,15260,0.85
er4_m60_s8,er4,cold,0,15310,0.85
er4_m60_s8,er4,cold,0,15360,0.85
er4_m60_s8,er4,cold,0,15410,0.85
er4_m60_s8,er4,cold,0,15460,0.85
er4_m60_s8,er4,cold,0,15510,0.85
er4_m60_s8,er4,cold,0,15560,0.85
er4_m60_s8,er4,cold,0,15610,0.85
er4_m60_s8,er4,cold,0,15660,0.85
er4_m60_s8,er4,cold,0,15710,0.85
er4_m60_s8,er4,cold,0,15760,0.85
er4_m60_s8,er4,cold,0,15810,0.85
er4_m60_s8,er4,cold,0,15860,0.85
er4_m60_s8,er4,cold,0,15910,0.85
er4_m60_s8,er4,cold,0,15960,0.85
er4_m60_s8,er4,cold,0,16010,0.85
er4_m60_s8,er4,cold,0,16060,0.85
er4_m60_s8,er4,cold,0,16110,0.85
er4_m60_s8,er4,cold,0,16160,0.85
er4_m60_s8,er4,cold,0,16210,0.85
er4_m60_s8,er4,cold,0,16260,0.85
er4_m60_s8,er4,cold,0,16310,0.85
er4_m60_s8,er4,cold,0,16360,0.85
er4_m60_s8,er4,cold,0,16410,0.85
er4_m60_s8,er4,cold,0,16460,0.85
er4_m60_s8,er4,cold,0,16510,0.85
er4_m60_s8,er4,cold,0,16560,0.85
er4_m60_s8,er4,cold,0,16610,0.85
er4_m60_s8,er4,cold,0,16660,0.85
er4_m60_s8,er4,cold,0,16710,0.85
er4_m60_s8,er4,cold,0,16760,0.85
er4_m60_s8,er4,cold,0,16810,0.85
er4_m60_s8,er4,cold,0,16860,0.85
er4_m60_s8,er4,cold,0,16910,0.85
er4_m60_s8,er4,cold,0,16960,0.85
er4_m60_s8,er4,cold,0,17010,0.85
er4_m60_s8,er4,cold,0,17060,0.85
er4_m60_s8,er4,cold,0,17110,0.85
er4_m60_s8,er4,cold,0,17160,0.85
er4_m60_s8,er4,cold,0,17210,0.85
er4_m60_s8,er4,cold,0,17260,0.85
er4_m60_s8,er4,cold,0,17310,0.85
er4_m60_s8,er4,cold,0,17360,0.85
er4_m60_s8,er4,cold,0,17410,0.85
er4_m60_s8,er4,cold,0,17460,0.85
er4_m60_s8,er4,cold,0,17510,0.85
er4_m60_s8,er4,cold,0,17560,0.85
er4_m60_s8,er4,cold,0,17610,0.85
er4_m60_s8,er4,cold,0,17660,0.85
er4_m60_s8,er4,cold,0,17710,0.85
er4_m60_s8,er4,cold,0,17760,0.85
er4_m60_s8,er4,cold,0,17810,0.85
er4_m60_s8,er4,cold,0,17860,0.85
er4_m60_s8,er4,cold,0,17910,0.85
er4_m60_s8,er4,cold,0,17960,0.85
er4_m60_s8,er4,cold,0,18010,0.85
er4_m60_s8,er4,cold,0,18060,0.85
er4_m60_s8,er4,cold,0,18110,0.85
er4_m60_s8,er4,cold,0,18160,0.85
er4_m60_s8,er4,cold,0,18210,0.85
er4_m60_s8,er4,cold,0,18260,0.85
er4_m60_s8,er4,cold,0,18310,0.85
er4_m60_s8,er4,cold,0,18360,0.85
er4_m60_s8,er4,cold,0,18410,0.85
er4_m60_s8,er4,cold,0,18460,0.85
er4_m60_s8,er4,cold,0,18510,0.85
er4_m60_s8,er4,cold,0,18560,0.85
er4_m60_s8,er4,cold,0,18610,0.85
er4_m60_s8,er4,cold,0,18660,0.85
er4_m60_s8,er4,cold,0,18710,0.85
er4_m60_s8,er4,cold,0,18760,0.85
er4_m60_s8,er4,cold,0,18810,0.85
er4_m60_s8,er4,cold,0,18860,0.85
er4_m60_s8,er4,cold,0,18910,0.85
er4_m60_s8,er4,cold,0,18960,0.85
er4_m60_s8,er4,cold,0,19010,0.85
er4_m60_s8,er4,cold,0,19060,0.85
er4_m60_s8,er4,cold,0,19110,0.85
er4_m60_s8,er4,cold,0,19160,0.85
er4_m60_s8,er4,cold,0,19210,0.85
er4_m60_s8,er4,cold,0,19260,0.85
er4_m60_s8,er4,cold,0,19310,0.85
er4_m60_s8,er4,cold,0,19360,0.85
er4_m60_s8,er4,cold,0,19410,0.85
er4_m60_s8,er4,cold,0,19460,0.85
er4_m60_s8,er4,cold,0,19510,0.85
er4_m60_s8,er4,cold,0,19560,0.85
er4_m60_s8,er4,cold,0,19610,0.85
er4_m60_s8,er4,cold,0,19660,0.85
er4_m60_s8,er4,cold,0,19710,0.85
er4_m60_s8,er4,cold,0,19760,0.85
er4_m60_s8,er4,cold,0,19810,0.85
er4_m60_s8,er4,cold,0,19860,0.85
er4_m60_s8,er4,cold,0,19910,0.85
er4_m60_s8,er4,cold,0,19960,0.85
er4_m60_s8,er4,cold,0,20010,0.85
er4_m60_s8,er4,prior_init,0,210,0.73
er4_m60_s8,er4,prior_init,0,260,0.77
er4_m60_s8,er4,prior_init,0,310,0.77
er4_m60_s8,er4,prior_init,0,360,0.77
er4_m60_s8,er4,prior_init,0,410,0.77
er4_m60_s8,er4,prior_init,0,460,0.77
er4_m60_s8,er4,prior_init,0,510,0.77
er4_m60_s8,er4,prior_init,0,560,0.77
er4_m60_s8,er4,prior_init,0,610,0.77
er4_m60_s8,er4,prior_init,0,660,0.77
er4_m60_s8,er4,prior_init,0,710,0.77
er4_m60_s8,er4,prior_init,0,760,0.77
er4_m60_s8,er4,prior_init,0,810,0.78
er4_m60_s8,er4,prior_init,0,860,0.78
er4_m60_s8,er4,prior_init,0,910,0.79
er4_m60_s8,er4,prior_init,0,960,0.79
er4_m60_s8,er4,prior_init,0,1010,0.79
er4_m60_s8,er4,prior_init,0,1060,0.79
er4_m60_s8,er4,prior_init,0,1110,0.79
er4_m60_s8,er4,prior_init,0,1160,0.79
er4_m60_s8,er4,prior_init,0,1210,0.79
er4_m60_s8,er4,prior_init,0,1260,0.79
er4_m60_s8,er4,prior_init,0,1310,0.79
er4_m60_s8,er4,prior_init,0,1360,0.83
er4_m60_s8,er4,prior_init,0,1410,0.83
er4_m60_s8,er4,prior_init,0,1460,0.83
er4_m60_s8,er4,prior_init,0,1510,0.83
er4_m60_s8,er4,prior_init,0,1560,0.83
er4_m60_s8,er4,prior_init,0,1610,0.83
er4_m60_s8,er4,prior_init,0,1660,0.83
er4_m60_s8,er4,prior_init,0,1710,0.83
er4_m60_s8,er4,prior_init,0,1760,0.83
er4_m60_s8,er4,prior_init,0,1810,0.83
er4_m60_s8,er4,prior_init,0,1860,0.83
er4_m60_s8,er4,prior_init,0,1910,0.84
er4_m60_s8,er4,prior_init,0,1960,0.84
er4_m60_s8,er4,prior_init,0,2010,0.84
er4_m60_s8,er4,prior_init,0,2060,0.84
er4_m60_s8,er4,prior_init,0,2110,0.84
er4_m60_s8,er4,prior_init,0,2160,0.84
er4_m60_s8,er4,prior_init,0,2210,0.84
er4_m60_s8,er4,prior_init,0,2260,0.84
er4_m60_s8,er4,prior_init,0,2310,0.84
er4_m60_s8,er4,prior_init,0,2360,0.84
er4_m60_s8,er4,prior_init,0,2410,0.84
er4_m60_s8,er4,prior_init,0,2460,0.84
er4_m60_s8,er4,prior_init,0,2510,0.84
er4_m60_s8,er4,prior_init,0,2560,0.84
er4_m60_s8,er4,prior_init,0,2610,0.84
er4_m60_s8,er4,prior_init,0,2660,0.84
er4_m60_s8,er4,prior_init,0,2710,0.84
er4_m60_s8,er4,prior_init,0,2760,0.84
er4_m60_s8,er4,prior_init,0,2810,0.84
er4_m60_s8,er4,prior_init,0,2860,0.84
er4_m60_s8,er4,prior_init,0,2910,0.84
er4_m60_s8,er4,prior_init,0,2960,0.84
er4_m60_s8,er4,prior_init,0,3010,0.84
er4_m60_s8,er4,prior_init,0,3060,0.83
er4_m60_s8,er4,prior_init,0,3110,0.84
er4_m60_s8,er4,prior_init,0,3160,0.84
er4_m60_s8,er4,prior_init,0,3210,0.84
er4_m60_s8,er4,prior_init,0,3260,0.84
er4_m60_s8,er4,prior_init,0,3310,0.84
er4_m60_s8,er4,prior_init,0,3360,0.84
er4_m60_s8,er4,prior_init,0,3410,0.84
er4_m60_s8,er4,prior_init,0,3460,0.84
er4_m60_s8,er4,prior_init,0,3510,0.84
er4_m60_s8,er4,prior_init,0,3560,0.85
er4_m60_s8,er4,prior_init,0,3610,0.85
er4_m60_s8,er4,prior_init,0,3660,0.85
er4_m60_s8,er4,prior_init,0,3710,0.85
er4_m60_s8,er4,prior_init,0,3760,0.85
er4_m60_s8,er4,prior_init,0,3810,0.86
er4_m60_s8,er4,prior_init,0,3860,0.86
er4_m60_s8,er4,prior_init,0,3910,0.86
er4_m60_s8,er4,prior_init,0,3960,0.86
er4_m60_s8,er4,prior_init,0,4010,0.86
er4_m60_s8,er4,prior_init,0,4060,0.86
er4_m60_s8,er4,prior_init,0,4110,0.86
er4_m60_s8,er4,prior_init,0,4160,0.86
er4_m60_s8,er4,prior_init,0,4210,0.86
er4_m60_s8,er4,prior_init,0,4260,0.86
er4_m60_s8,er4,prior_init,0,4310,0.86
er4_m60_s8,er4,prior_init,0,4360,0.85
er4_m60_s8,er4,prior_init,0,4410,0.85
er4_m60_s8,er4,prior_init,0,4460,0.85
er4_m60_s8,er4,prior_init,0,4510,0.85
er4_m60_s8,er4,prior_init,0,4560,0.85
er4_m60_s8,er4,prior_init,0,4610,0.87
er4_m60_s8,er4,prior_init,0,4660,0.87
er4_m60_s8,er4,prior_init,0,4710,0.87
er4_m60_s8,er4,prior_init,0,4760,0.87
er4_m60_s8,er4,prior_init,0,4810,0.87
er4_m60_s8,er4,prior_init,0,4860,0.87
er4_m60_s8,er4,prior_init,0,4910,0.87
er4_m60_s8,er4,prior_init,0,4960,0.87
er4_m60_s8,er4,prior_init,0,5010,0.87
er4_m60_s8,er4,prior_init,0,5060,0.87
er4_m60_s8,er4,prior_init,0,5110,0.87
er4_m60_s8,er4,prior_init,0,5160,0.87
er4_m60_s8,er4,prior_init,0,5210,0.87
er4_m60_s8,er4,prior_init,0,5260,0.87
er4_m60_s8,er4,prior_init,0,5310,0.87
er4_m60_s8,er4,prior_init,0,5360,0.87
er4_m60_s8,er4,prior_init,0,5410,0.87
er4_m60_s8,er4,prior_init,0,5460,0.88
er4_m60_s8,er4,prior_init,0,5510,0.88
er4_m60_s8,er4,prior_init,0,5560,0.88
er4_m60_s8,er4,prior_init,0,5610,0.88
er4_m60_s8,er4,prior_init,0,5660,0.88
er4_m60_s8,er4,prior_init,0,5710,0.88
er4_m60_s8,er4,prior_init,0,5760,0.88
er4_m60_s8,er4,prior_init,0,5810,0.88
er4_m60_s8,er4,prior_init,0,5860,0.88
er4_m60_s8,er4,prior_init,0,5910,0.88
er4_m60_s8,er4,prior_init,0,5960,0.88
er4_m60_s8,er4,prior_init,0,6010,0.88
er4_m60_s8,er4,prior_init,0,6060,0.88
er4_m60_s8,er4,prior_init,0,6110,0.88
er4_m60_s8,er4,prior_init,0,6160,0.88
er4_m60_s8,er4,prior_init,0,6210,0.88
er4_m60_s8,er4,prior_init,0,6260,0.88
er4_m60_s8,er4,prior_init,0,6310,0.88
er4_m60_s8,er4,prior_init,0,6360,0.88
er4_m60_s8,er4,prior_init,0,6410,0.88
er4_m60_s8,er4,prior_init,0,6460,0.88
er4_m60_s8,er4,prior_init,0,6510,0.88
er4_m60_s8,er4,prior_init,0,6560,0.88
er4_m60_s8,er4,prior_init,0,6610,0.88
er4_m60_s8,er4,prior_init,0,6660,0.88
er4_m60_s8,er4,prior_init,0,6710,0.88
er4_m60_s8,er4,prior_init,0,6760,0.88
er4_m60_s8,er4,prior_init,0,6810,0.88
er4_m60_s8,er4,prior_init,0,6860,0.88
er4_m60_s8,er4,prior_init,0,6910,0.88
er4_m60_s8,er4,prior_init,0,6960,0.88
er4_m60_s8,er4,prior_init,0,7010,0.88
er4_m60_s8,er4,prior_init,0,7060,0.88
er4_m60_s8,er4,prior_init,0,7110,0.88
er4_m60_s8,er4,prior_init,0,7160,0.88
er4_m60_s8,er4,prior_init,0,7210,0.88
er4_m60_s8,er4,prior_init,0,7260,0.88
er4_m60_s8,er4,prior_init,0,7310,0.88
er4_m60_s8,er4,prior_init,0,7360,0.88
er4_m60_s8,er4,prior_init,0,7410,0.88
er4_m60_s8,er4,prior_init,0,7460,0.88
er4_m60_s8,er4,prior_init,0,7510,0.88
er4_m60_s8,er4,prior_init,0,7560,0.88
er4_m60_s8,er4,prior_init,0,7610,0.88
er4_m60_s8,er4,prior_init,0,7660,0.88
er4_m60_s8,er4,prior_init,0,7710,0.88
er4_m60_s8,er4,prior_init,0,7760,0.88
er4_m60_s8,er4,prior_init,0,7810,0.88
er4_m60_s8,er4,prior_init,0,7860,0.88
er4_m60_s8,er4,prior_init,0,7910,0.88
er4_m60_s8,er4,prior_init,0,7960,0.88
er4_m60_s8,er4,prior_init,0,8010,0.88
er4_m60_s8,er4,prior_init,0,8060,0.88
er4_m60_s8,er4,prior_init,0,8110,0.88
er4_m60_s8,er4,prior_init,0,8160,0.88
er4_m60_s8,er4,prior_init,0,8210,0.88
er4_m60_s8,er4,prior_init,0,8260,0.88
er4_m60_s8,er4,prior_init,0,8310,0.88
er4_m60_s8,er4,prior_init,0,8360,0.88
er4_m60_s8,er4,prior_init,0,8410,0.88
er4_m60_s8,er4,prior_init,0,8460,0.88
er4_m60_s8,er4,prior_init,0,8510,0.88
er4_m60_s8,er4,prior_init,0,8560,0.88
er4_m60_s8,er4,prior_init,0,8610,0.88
er4_m60_s8,er4,prior_init,0,8660,0.88
er4_m60_s8,er4,prior_init,0,8710,0.88
er4_m60_s8,er4,prior_init,0,8760,0.88
er4_m60_s8,er4,prior_init,0,8810,0.88
er4_m60_s8,er4,prior_init,0,8860,0.88
er4_m60_s8,er4,prior_init,0,8910,0.88
er4_m60_s8,er4,prior_init,0,8960,0.88
er4_m60_s8,er4,prior_init,0,9010,0.88
er4_m60_s8,er4,prior_init,0,9060,0.88
er4_m60_s8,er4,prior_init,0,9110,0.88
er4_m60_s8,er4,prior_init,0,9160,0.88
er4_m60_s8,er4,prior_init,0,9210,0.88
er4_m60_s8,er4,prior_init,0,9260,0.88
er4_m60_s8,er4,prior_init,0,9310,0.88
er4_m60_s8,er4,prior_init,0,9360,0.88
er4_m60_s8,er4,prior_init,0,9410,0.88
er4_m60_s8,er4,prior_init,0,9460,0.88
er4_m60_s8,er4,prior_init,0,9510,0.88
er4_m60_s8,er4,prior_init,0,9560,0.88
er4_m60_s8,er4,prior_init,0,9610,0.88
er4_m60_s8,er4,prior_init,0,9660,0.88
er4_m60_s8,er4,prior_init,0,9710,0.88
er4_m60_s8,er4,prior_init,0,9760,0.88
er4_m60_s8,er4,prior_init,0,9810,0.88
er4_m60_s8,er4,prior_init,0,9860,0.88
er4_m60_s8,er4,prior_init,0,9910,0.88
er4_m60_s8,er4,prior_init,0,9960,0.88
er4_m60_s8,er4,prior_init,0,10010,0.88
er4_m60_s8,er4,prior_init,0,10060,0.88
er4_m60_s8,er4,prior_init,0,10110,0.88
er4_m60_s8,er4,prior_init,0,10160,0.88
er4_m60_s8,er4,prior_init,0,10210,0.88
er4_m60_s8,er4,prior_init,0,10260,0.88
er4_m60_s8,er4,prior_init,0,10310,0.88
er4_m60_s8,er4,prior_init,0,10360,0.88
er4_m60_s8,er4,prior_init,0,10410,0.88
er4_m60_s8,er4,prior_init,0,10460,0.88
er4_m60_s8,er4,prior_init,0,10510,0.88
er4_m60_s8,er4,prior_init,0,10560,0.88
er4_m60_s8,er4,prior_init,0,10610,0.88
er4_m60_s8,er4,prior_init,0,10660,0.88
er4_m60_s8,er4,prior_init,0,10710,0.88
er4_m60_s8,er4,prior_init,0,10760,0.88
er4_m60_s8,er4,prior_init,0,10810,0.88
er4_m60_s8,er4,prior_init,0,10860,0.88
er4_m60_s8,er4,prior_init,0,10910,0.88
er4_m60_s8,er4,prior_init,0,10960,0.88
er4_m60_s8,er4,prior_init,0,11010,0.88
er4_m60_s8,er4,prior_init,0,11060,0.88
er4_m60_s8,er4,prior_init,0,11110,0.88
er4_m60_s8,er4,prior_init,0,11160,0.88
er4_m60_s8,er4,prior_init,0,11210,0.88
er4_m60_s8,er4,prior_init,0,11260,0.88
er4_m60_s8,er4,prior_init,0,11310,0.88
er4_m60_s8,er4,prior_init,0,11360,0.88
er4_m60_s8,er4,prior_init,0,11410,0.88
er4_m60_s8,er4,prior_init,0,11460,0.88
er4_m60_s8,er4,prior_init,0,11510,0.88
er4_m60_s8,er4,prior_init,0,11560,0.88
er4_m60_s8,er4,prior_init,0,11610,0.88
er4_m60_s8,er4,prior_init,0,11660,0.88
er4_m60_s8,er4,prior_init,0,11710,0.88
er4_m60_s8,er4,prior_init,0,11760,0.88
er4_m60_s8,er4,prior_init,0,11810,0.88
er4_m60_s8,er4,prior_init,0,11860,0.88
er4_m60_s8,er4,prior_init,0,11910,0.88
er4_m60_s8,er4,prior_init,0,11960,0.88
er4_m60_s8,er4,prior_init,0,12010,0.88
er4_m60_s8,er4,prior_init,0,12060,0.88
er4_m60_s8,er4,prior_init,0,12110,0.88
er4_m60_s8,er4,prior_init,0,12160,0.88
er4_m60_s8,er4,prior_init,0,12210,0.88
er4_m60_s8,er4,prior_init,0,12260,0.88
er4_m60_s8,er4,prior_init,0,12310,0.88
er4_m60_s8,er4,prior_init,0,12360,0.88
er4_m60_s8,er4,prior_init,0,12410,0.88
er4_m60_s8,er4,prior_init,0,12460,0.88
er4_m60_s8,er4,prior_init,0,12510,0.88
er4_m60_s8,er4,prior_init,0,12560,0.88
er4_m60_s8,er4,prior_init,0,12610,0.88
er4_m60_s8,er4,prior_init,0,12660,0.88
er4_m60_s8,er4,prior_init,0,12710,0.88
er4_m60_s8,er4,prior_init,0,12760,0.88
er4_m60_s8,er4,prior_init,0,12810,0.88
er4_m60_s8,er4,prior_init,0,12860,0.88
er4_m60_s8,er4,prior_init,0,12910,0.88
er4_m60_s8,er4,prior_init,0,12960,0.88
er4_m60_s8,er4,prior_init,0,13010,0.88
er4_m60_s8,er4,prior_init,0,13060,0.88
er4_m60_s8,er4,prior_init,0,13110,0.88
er4_m60_s8,er4,prior_init,0,13160,0.88
er4_m60_s8,er4,prior_init,0,13210,0.88
er4_m60_s8,er4,prior_init,0,13260,0.88
er4_m60_s8,er4,prior_init,0,13310,0.88
er4_m60_s8,er4,prior_init,0,13360,0.88
er4_m60_s8,er4,prior_init,0,13410,0.88
er4_m60_s8,er4,prior_init,0,13460,0.88
er4_m60_s8,er4,prior_init,0,13510,0.88
er4_m60_s8,er4,prior_init,0,13560,0.88
er4_m60_s8,er4,prior_init,0,13610,0.88
er4_m60_s8,er4,prior_init,0,13660,0.88
er4_m60_s8,er4,prior_init,0,13710,0.88
er4_m60_s8,er4,prior_init,0,13760,0.88
er4_m60_s8,er4,prior_init,0,13810,0.88
er4_m60_s8,er4,prior_init,0,13860,0.88
er4_m60_s8,er4,prior_init,0,13910,0.88
er4_m60_s8,er4,prior_init,0,13960,0.88
er4_m60_s8,er4,prior_init,0,14010,0.88
er4_m60_s8,er4,prior_init,0,14060,0.88
er4_m60_s8,er4,prior_init,0,14110,0.88
er4_m60_s8,er4,prior_init,0,14160,0.88
er4_m60_s8,er4,prior_init,0,14210,0.88
er4_m60_s8,er4,prior_init,0,14260,0.88
er4_m60_s8,er4,prior_init,0,14310,0.88
er4_m60_s8,er4,prior_init,0,14360,0.88
er4_m60_s8,er4,prior_init,0,14410,0.88
er4_m60_s8,er4,prior_init,0,14460,0.88
er4_m60_s8,er4,prior_init,0,14510,0.88
er4_m60_s8,er4,prior_init,0,14560,0.88
er4_m60_s8,er4,prior_init,0,14610,0.88
er4_m60_s8,er4,prior_init,0,14660,0.88
er4_m60_s8,er4,prior_init,0,14710,0.88
er4_m60_s8,er4,prior_init,0,14760,0.88
er4_m60_s8,er4,prior_init,0,14810,0.88
er4_m60_s8,er4,prior_init,0,14860,0.88
er4_m60_s8,er4,prior_init,0,14910,0.88
er4_m60_s8,er4,prior_init,0,14960,0.88
er4_m60_s8,er4,prior_init,0,15010,0.88
er4_m60_s8,er4,prior_init,0,15060,0.88
er4_m60_s8,er4,prior_init,0,15110,0.88
er4_m60_s8,er4,prior_init,0,15160,0.88
er4_m60_s8,er4,prior_init,0,15210,0.88
er4_m60_s8,er4,prior_init,0,15260,0.88
er4_m60_s8,er4,prior_init,0,15310,0.88
er4_m60_s8,er4,prior_init,0,15360,0.88
er4_m60_s8,er4,prior_init,0,15410,0.88
er4_m60_s8,er4,prior_init,0,15460,0.88
er4_m60_s8,er4,prior_init,0,15510,0.88
er4_m60_s8,er4,prior_init,0,15560,0.88
er4_m60_s8,er4,prior_init,0,15610,0.88
er4_m60_s8,er4,prior_init,0,15660,0.88
er4_m60_s8,er4,prior_init,0,15710,0.88
er4_m60_s8,er4,prior_init,0,15760,0.88
er4_m60_s8,er4,prior_init,0,15810,0.88
er4_m60_s8,er4,prior_init,0,15860,0.88
er4_m60_s8,er4,prior_init,0,15910,0.88
er4_m60_s8,er4,prior_init,0,15960,0.88
er4_m60_s8,er4,prior_init,0,16010,0.88
er4_m60_s8,er4,prior_init,0,16060,0.88
er4_m60_s8,er4,prior_init,0,16110,0.88
er4_m60_s8,er4,prior_init,0,16160,0.88
er4_m60_s8,er4,prior_init,0,16210,0.88
er4_m60_s8,er4,prior_init,0,16260,0.88
er4_m60_s8,er4,prior_init,0,16310,0.88
er4_m60_s8,er4,prior_init,0,16360,0.88
er4_m60_s8,er4,prior_init,0,16410,0.88
er4_m60_s8,er4,prior_init,0,16460,0.88
er4_m60_s8,er4,prior_init,0,16510,0.88
er4_m60_s8,er4,prior_init,0,16560,0.88
er4_m60_s8,er4,prior_init,0,16610,0.88
er4_m60_s8,er4,prior_init,0,16660,0.88
er4_m60_s8,er4,prior_init,0,16710,0.88
er4_m60_s8,er4,prior_init,0,16760,0.88
er4_m60_s8,er4,prior_init,0,16810,0.88
er4_m60_s8,er4,prior_init,0,16860,0.88
er4_m60_s8,er4,prior_init,0,16910,0.88
er4_m60_s8,er4,prior_init,0,16960,0.88
er4_m60_s8,er4,prior_init,0,17010,0.88
er4_m60_s8,er4,prior_init,0,17060,0.88
er4_m60_s8,er4,prior_init,0,17110,0.88
er4_m60_s8,er4,prior_init,0,17160,0.88
er4_m60_s8,er4,prior_init,0,17210,0.88
er4_m60_s8,er4,prior_init,0,17260,0.88
er4_m60_s8,er4,prior_init,0,17310,0.88
er4_m60_s8,er4,prior_init,0,17360,0.88
er4_m60_s8,er4,prior_init,0,17410,0.88
er4_m60_s8,er4,prior_init,0,17460,0.88
er4_m60_s8,er4,prior_init,0,17510,0.88
er4_m60_s8,er4,prior_init,0,17560,0.88
er4_m60_s8,er4,prior_init,0,17610,0.88
er4_m60_s8,er4,prior_init,0,17660,0.88
er4_m60_s8,er4,prior_init,0,17710,0.88
er4_m60_s8,er4,prior_init,0,17760,0.88
er4_m60_s8,er4,prior_init,0,17810,0.88
er4_m60_s8,er4,prior_init,0,17860,0.88
er4_m60_s8,er4,prior_init,0,17910,0.88
er4_m60_s8,er4,prior_init,0,17960,0.88
er4_m60_s8,er4,prior_init,0,18010,0.88
er4_m60_s8,er4,prior_init,0,18060,0.88
er4_m60_s8,er4,prior_init,0,18110,0.88
er4_m60_s8,er4,prior_init,0,18160,0.88
er4_m60_s8,er4,prior_init,0,18210,0.88
er4_m60_s8,er4,prior_init,0,18260,0.88
er4_m60_s8,er4,prior_init,0,18310,0.88
er4_m60_s8,er4,prior_init,0,18360,0.88
er4_m60_s8,er4,prior_init,0,18410,0.88
er4_m60_s8,er4,prior_init,0,18460,0.88
er4_m60_s8,er4,prior_init,0,18510,0.88
er4_m60_s8,er4,prior_init,0,18560,0.88
er4_m60_s8,er4,prior_init,0,18610,0.88
er4_m60_s8,er4,prior_init,0,18660,0.88
er4_m60_s8,er4,prior_init,0,18710,0.88
er4_m60_s8,er4,prior_init,0,18760,0.88
er4_m60_s8,er4,prior_init,0,18810,0.88
er4_m60_s8,er4,prior_init,0,18860,0.88
er4_m60_s8,er4,prior_init,0,18910,0.88
er4_m60_s8,er4,prior_init,0,18960,0.88
er4_m60_s8,er4,prior_init,0,19010,0.88
er4_m60_s8,er4,prior_init,0,19060,0.88
er4_m60_s8,er4,prior_init,0,19110,0.88
er4_m60_s8,er4,prior_init,0,19160,0.88
er4_m60_s8,er4,prior_init,0,19210,0.88
er4_m60_s8,er4,prior_init,0,19260,0.88
er4_m60_s8,er4,prior_init,0,19310,0.88
er4_m60_s8,er4,prior_init,0,19360,0.88
er4_m60_s8,er4,prior_init,0,19410,0.88
er4_m60_s8,er4,prior_init,0,19460,0.88
er4_m60_s8,er4,prior_init,0,19510,0.88
er4_m60_s8,er4,prior_init,0,19560,0.88
er4_m60_s8,er4,prior_init,0,19610,0.88
er4_m60_s8,er4,prior_init,0,19660,0.88
er4_m60_s8,er4,prior_init,0,19710,0.88
er4_m60_s8,er4,prior_init,0,19760,0.88
er4_m60_s8,er4,prior_init,0,19810,0.88
er4_m60_s8,er4,prior_init,0,19860,0.88
er4_m60_s8,er4,prior_init,0,19910,0.88
er4_m60_s8,er4,prior_init,0,19960,0.88
er4_m60_s8,er4,prior_init,0,20010,0.88
er4_m60_s8,er4,prior_prop,0,10,0.58
er4_m60_s8,er4,prior_prop,0,60,0.68
er4_m60_s8,er4,prior_prop,0,110,0.69
er4_m60_s8,er4,prior_prop,0,160,0.7
er4_m60_s8,er4,prior_prop,0,210,0.77
er4_m60_s8,er4,prior_prop,0,260,0.77
er4_m60_s8,er4,prior_prop,0,310,0.76
er4_m60_s8,er4,prior_prop,0,360,0.76
er4_m60_s8,er4,prior_prop,0,410,0.76
er4_m60_s8,er4,prior_prop,0,460,0.78
er4_m60_s8,er4,prior_prop,0,510,0.78
er4_m60_s8,er4,prior_prop,0,560,0.81
er4_m60_s8,er4,prior_prop,0,610,0.81
er4_m60_s8,er4,prior_prop,0,660,0.8
er4_m60_s8,er4,prior_prop,0,710,0.8
er4_m60_s8,er4,prior_prop,0,760,0.8
er4_m60_s8,er4,prior_prop,0,810,0.8
er4_m60_s8,er4,prior_prop,0,860,0.8
er4_m60_s8,er4,prior_prop,0,910,0.8
er4_m60_s8,er4,prior_prop,0,960,0.8
er4_m60_s8,er4,prior_prop,0,1010,0.81
er4_m60_s8,er4,prior_prop,0,1060,0.81
er4_m60_s8,er4,prior_prop,0,1110,0.81
er4_m60_s8,er4,prior_prop,0,1160,0.81
er4_m60_s8,er4,prior_prop,0,1210,0.81
er4_m60_s8,er4,prior_prop,0,1260,0.81
er4_m60_s8,er4,prior_prop,0,1310,0.81
er4_m60_s8,er4,prior_prop,0,1360,0.81
er4_m60_s8,er4,prior_prop,0,1410,0.81
er4_m60_s8,er4,prior_prop,0,1460,0.81
er4_m60_s8,er4,prior_prop,0,1510,0.81
er4_m60_s8,er4,prior_prop,0,1560,0.81
er4_m60_s8,er4,prior_prop,0,1610,0.82
er4_m60_s8,er4,prior_prop,0,1660,0.82
er4_m60_s8,er4,prior_prop,0,1710,0.82
er4_m60_s8,er4,prior_prop,0,1760,0.83
er4_m60_s8,er4,prior_prop,0,1810,0.83
er4_m60_s8,er4,prior_prop,0,1860,0.83
er4_m60_s8,er4,prior_prop,0,1910,0.83
er4_m60_s8,er4,prior_prop,0,1960,0.83
er4_m60_s8,er4,prior_prop,0,2010,0.83
er4_m60_s8,er4,prior_prop,0,2060,0.84
er4_m60_s8,er4,prior_prop,0,2110,0.83
er4_m60_s8,er4,prior_prop,0,2160,0.83
er4_m60_s8,er4,prior_prop,0,2210,0.83
er4_m60_s8,er4,prior_prop,0,2260,0.83
er4_m60_s8,er4,prior_prop,0,2310,0.83
er4_m60_s8,er4,prior_prop,0,2360,0.83
er4_m60_s8,er4,prior_prop,0,2410,0.83
er4_m60_s8,er4,prior_prop,0,2460,0.83
er4_m60_s8,er4,prior_prop,0,2510,0.83
er4_m60_s8,er4,prior_prop,0,2560,0.83
er4_m60_s8,er4,prior_prop,0,2610,0.83
er4_m60_s8,er4,prior_prop,0,2660,0.83
er4_m60_s8,er4,prior_prop,0,2710,0.84
er4_m60_s8,er4,prior_prop,0,2760,0.84
er4_m60_s8,er4,prior_prop,0,2810,0.84
er4_m60_s8,er4,prior_prop,0,2860,0.84
er4_m60_s8,er4,prior_prop,0,2910,0.84
er4_m60_s8,er4,prior_prop,0,2960,0.84
er4_m60_s8,er4,prior_prop,0,3010,0.84
er4_m60_s8,er4,prior_prop,0,3060,0.84
er4_m60_s8,er4,prior_prop,0,3110,0.84
er4_m60_s8,er4,prior_prop,0,3160,0.84
er4_m60_s8,er4,prior_prop,0,3210,0.84
er4_m60_s8,er4,prior_prop,0,3260,0.84
er4_m60_s8,er4,prior_prop,0,3310,0.84
er4_m60_s8,er4,prior_prop,0,3360,0.84
er4_m60_s8,er4,prior_prop,0,3410,0.84
er4_m60_s8,er4,prior_prop,0,3460,0.84
er4_m60_s8,er4,prior_prop,0,3510,0.84
er4_m60_s8,er4,prior_prop,0,3560,0.84
er4_m60_s8,er4,prior_prop,0,3610,0.84
er4_m60_s8,er4,prior_prop,0,3660,0.84
er4_m60_s8,er4,prior_prop,0,3710,0.84
er4_m60_s8,er4,prior_prop,0,3760,0.84
er4_m60_s8,er4,prior_prop,0,3810,0.84
er4_m60_s8,er4,prior_prop,0,3860,0.84
er4_m60_s8,er4,prior_prop,0,3910,0.84
er4_m60_s8,er4,prior_prop,0,3960,0.84
er4_m60_s8,er4,prior_prop,0,4010,0.84
er4_m60_s8,er4,prior_prop,0,4060,0.84
er4_m60_s8,er4,prior_prop,0,4110,0.84
er4_m60_s8,er4,prior_prop,0,4160,0.84
er4_m60_s8,er4,prior_prop,0,4210,0.84
er4_m60_s8,er4,prior_prop,0,4260,0.84
er4_m60_s8,er4,prior_prop,0,4310,0.84
er4_m60_s8,er4,prior_prop,0,4360,0.84
er4_m60_s8,er4,prior_prop,0,4410,0.84
er4_m60_s8,er4,prior_prop,0,4460,0.84
er4_m60_s8,er4,prior_prop,0,4510,0.84
er4_m60_s8,er4,prior_prop,0,4560,0.84
er4_m60_s8,er4,prior_prop,0,4610,0.84
er4_m60_s8,er4,prior_prop,0,4660,0.84
er4_m60_s8,er4,prior_prop,0,4710,0.84
er4_m60_s8,er4,prior_prop,0,4760,0.84
er4_m60_s8,er4,prior_prop,0,4810,0.84
er4_m60_s8,er4,prior_prop,0,4860,0.84
er4_m60_s8,er4,prior_prop,0,4910,0.84
er4_m60_s8,er4,prior_prop,0,4960,0.84
er4_m60_s8,er4,prior_prop,0,5010,0.84
er4_m60_s8,er4,prior_prop,0,5060,0.84
er4_m60_s8,er4,prior_prop,0,5110,0.84
er4_m60_s8,er4,prior_prop,0,5160,0.84
er4_m60_s8,er4,prior_prop,0,5210,0.84
er4_m60_s8,er4,prior_prop,0,5260,0.84
er4_m60_s8,er4,prior_prop,0,5310,0.84
er4_m60_s8,er4,prior_prop,0,5360,0.84
er4_m60_s8,er4,prior_prop,0,5410,0.84
er4_m60_s8,er4,prior_prop,0,5460,0.84
er4_m60_s8,er4,prior_prop,0,5510,0.84
er4_m60_s8,er4,prior_prop,0,5560,0.84
er4_m60_s8,er4,prior_prop,0,5610,0.84
er4_m60_s8,er4,prior_prop,0,5660,0.84
er4_m60_s8,er4,prior_prop,0,5710,0.84
er4_m60_s8,er4,prior_prop,0,5760,0.84
er4_m60_s8,er4,prior_prop,0,5810,0.84
er4_m60_s8,er4,prior_prop,0,5860,0.84
er4_m60_s8,er4,prior_prop,0,5910,0.84
er4_m60_s8,er4,prior_prop,0,5960,0.84
er4_m60_s8,er4,prior_prop,0,6010,0.84
er4_m60_s8,er4,prior_prop,0,6060,0.84
er4_m60_s8,er4,prior_prop,0,6110,0.84
er4_m60_s8,er4,prior_prop,0,6160,0.84
er4_m60_s8,er4,prior_prop,0,6210,0.84
er4_m60_s8,er4,prior_prop,0,6260,0.84
er4_m60_s8,er4,prior_prop,0,6310,0.84
er4_m60_s8,er4,prior_prop,0,6360,0.84
er4_m60_s8,er4,prior_prop,0,6410,0.84
er4_m60_s8,er4,prior_prop,0,6460,0.84
er4_m60_s8,er4,prior_prop,0,6510,0.84
er4_m60_s8,er4,prior_prop,0,6560,0.84
er4_m60_s8,er4,prior_prop,0,6610,0.84
er4_m60_s8,er4,prior_prop,0,6660,0.85
er4_m60_s8,er4,prior_prop,0,6710,0.85
er4_m60_s8,er4,prior_prop,0,6760,0.85
er4_m60_s8,er4,prior_prop,0,6810,0.85
er4_m60_s8,er4,prior_prop,0,6860,0.85
er4_m60_s8,er4,prior_prop,0,6910,0.85
er4_m60_s8,er4,prior_prop,0,6960,0.85
er4_m60_s8,er4,prior_prop,0,7010,0.85
er4_m60_s8,er4,prior_prop,0,7060,0.85
er4_m60_s8,er4,prior_prop,0,7110,0.85
er4_m60_s8,er4,prior_prop,0,7160,0.85
er4_m60_s8,er4,prior_prop,0,7210,0.85
er4_m60_s8,er4,prior_prop,0,7260,0.85
er4_m60_s8,er4,prior_prop,0,7310,0.85
er4_m60_s8,er4,prior_prop,0,7360,0.85
er4_m60_s8,er4,prior_prop,0,7410,0.85
er4_m60_s8,er4,prior_prop,0,7460,0.85
er4_m60_s8,er4,prior_prop,0,7510,0.85
er4_m60_s8,er4,prior_prop,0,7560,0.85
er4_m60_s8,er4,prior_prop,0,7610,0.85
er4_m60_s8,er4,prior_prop,0,7660,0.85
er4_m60_s8,er4,prior_prop,0,7710,0.85
er4_m60_s8,er4,prior_prop,0,7760,0.85
er4_m60_s8,er4,prior_prop,0,7810,0.85
er4_m60_s8,er4,prior_prop,0,7860,0.85
er4_m60_s8,er4,prior_prop,0,7910,0.85
er4_m60_s8,er4,prior_prop,0,7960,0.85
er4_m60_s8,er4,prior_prop,0,8010,0.85
er4_m60_s8,er4,prior_prop,0,8060,0.85
er4_m60_s8,er4,prior_prop,0,8110,0.85
er4_m60_s8,er4,prior_prop,0,8160,0.85
er4_m60_s8,er4,prior_prop,0,8210,0.85
er4_m60_s8,er4,prior_prop,0,8260,0.85
er4_m60_s8,er4,prior_prop,0,8310,0.85
er4_m60_s8,er4,prior_prop,0,8360,0.85
er4_m60_s8,er4,prior_prop,0,8410,0.85
er4_m60_s8,er4,prior_prop,0,8460,0.85
er4_m60_s8,er4,prior_prop,0,8510,0.85
er4_m60_s8,er4,prior_prop,0,8560,0.85
er4_m60_s8,er4,prior_prop,0,8610,0.85
er4_m60_s8,er4,prior_prop,0,8660,0.85
er4_m60_s8,er4,prior_prop,0,8710,0.85
er4_m60_s8,er4,prior_prop,0,8760,0.85
er4_m60_s8,er4,prior_prop,0,8810,0.85
er4_m60_s8,er4,prior_prop,0,8860,0.85
er4_m60_s8,er4,prior_prop,0,8910,0.85
er4_m60_s8,er4,prior_prop,0,8960,0.85
er4_m60_s8,er4,prior_prop,0,9010,0.85
er4_m60_s8,er4,prior_prop,0,9060,0.85
er4_m60_s8,er4,prior_prop,0,9110,0.85
er4_m60_s8,er4,prior_prop,0,9160,0.85
er4_m60_s8,er4,prior_prop,0,9210,0.85
er4_m60_s8,er4,prior_prop,0,9260,0.85
er4_m60_s8,er4,prior_prop,0,9310,0.85
er4_m60_s8,er4,prior_prop,0,9360,0.85
er4_m60_s8,er4,prior_prop,0,9410,0.85
er4_m60_s8,er4,prior_prop,0,9460,0.85
er4_m60_s8,er4,prior_prop,0,9510,0.85
er4_m60_s8,er4,prior_prop,0,9560,0.85
er4_m60_s8,er4,prior_prop,0,9610,0.85
er4_m60_s8,er4,prior_prop,0,9660,0.85
er4_m60_s8,er4,prior_prop,0,9710,0.85
er4_m60_s8,er4,prior_prop,0,9760,0.85
er4_m60_s8,er4,prior_prop,0,9810,0.85
er4_m60_s8,er4,prior_prop,0,9860,0.85
er4_m60_s8,er4,prior_prop,0,9910,0.85
er4_m60_s8,er4,prior_prop,0,9960,0.85
er4_m60_s8,er4,prior_prop,0,10010,0.85
er4_m60_s8,er4,prior_prop,0,10060,0.85
er4_m60_s8,er4,prior_prop,0,10110,0.85
er4_m60_s8,er4,prior_prop,0,10160,0.85
er4_m60_s8,er4,prior_prop,0,10210,0.85
er4_m60_s8,er4,prior_prop,0,10260,0.85
er4_m60_s8,er4,prior_prop,0,10310,0.85
er4_m60_s8,er4,prior_prop,0,10360,0.85
er4_m60_s8,er4,prior_prop,0,10410,0.85
er4_m60_s8,er4,prior_prop,0,10460,0.85
er4_m60_s8,er4,prior_prop,0,10510,0.87
er4_m60_s8,er4,prior_prop,0,10560,0.87
er4_m60_s8,er4,prior_prop,0,10610,0.87
er4_m60_s8,er4,prior_prop,0,10660,0.87
er4_m60_s8,er4,prior_prop,0,10710,0.87
er4_m60_s8,er4,prior_prop,0,10760,0.87
er4_m60_s8,er4,prior_prop,0,10810,0.87
er4_m60_s8,er4,prior_prop,0,10860,0.87
er4_m60_s8,er4,prior_prop,0,10910,0.87
er4_m60_s8,er4,prior_prop,0,10960,0.87
er4_m60_s8,er4,prior_prop,0,11010,0.87
er4_m60_s8,er4,prior_prop,0,11060,0.87
er4_m60_s8,er4,prior_prop,0,11110,0.87
er4_m60_s8,er4,prior_prop,0,11160,0.87
er4_m60_s8,er4,prior_prop,0,11210,0.87
er4_m60_s8,er4,prior_prop,0,11260,0.87
er4_m60_s8,er4,prior_prop,0,11310,0.87
er4_m60_s8,er4,prior_prop,0,11360,0.87
er4_m60_s8,er4,prior_prop,0,11410,0.87
er4_m60_s8,er4,prior_prop,0,11460,0.87
er4_m60_s8,er4,prior_prop,0,11510,0.87
er4_m60_s8,er4,prior_prop,0,11560,0.87
er4_m60_s8,er4,prior_prop,0,11610,0.87
er4_m60_s8,er4,prior_prop,0,11660,0.87
er4_m60_s8,er4,prior_prop,0,11710,0.87
er4_m60_s8,er4,prior_prop,0,11760,0.87
er4_m60_s8,er4,prior_prop,0,11810,0.87
er4_m60_s8,er4,prior_prop,0,11860,0.87
er4_m60_s8,er4,prior_prop,0,11910,0.87
er4_m60_s8,er4,prior_prop,0,11960,0.87
er4_m60_s8,er4,prior_prop,0,12010,0.87
er4_m60_s8,er4,prior_prop,0,12060,0.87
er4_m60_s8,er4,prior_prop,0,12110,0.87
er4_m60_s8,er4,prior_prop,0,12160,0.87
er4_m60_s8,er4,prior_prop,0,12210,0.87
er4_m60_s8,er4,prior_prop,0,12260,0.87
er4_m60_s8,er4,prior_prop,0,12310,0.87
er4_m60_s8,er4,prior_prop,0,12360,0.87
er4_m60_s8,er4,prior_prop,0,12410,0.87
er4_m60_s8,er4,prior_prop,0,12460,0.87
er4_m60_s8,er4,prior_prop,0,12510,0.87
er4_m60_s8,er4,prior_prop,0,12560,0.87
er4_m60_s8,er4,prior_prop,0,12610,0.87
er4_m60_s8,er4,prior_prop,0,12660,0.87
er4_m60_s8,er4,prior_prop,0,12710,0.87
er4_m60_s8,er4,prior_prop,0,12760,0.87
er4_m60_s8,er4,prior_prop,0,12810,0.87
er4_m60_s8,er4,prior_prop,0,12860,0.87
er4_m60_s8,er4,prior_prop,0,12910,0.87
er4_m60_s8,er4,prior_prop,0,12960,0.87
er4_m60_s8,er4,prior_prop,0,13010,0.87
er4_m60_s8,er4,prior_prop,0,13060,0.87
er4_m60_s8,er4,prior_prop,0,13110,0.87
er4_m60_s8,er4,prior_prop,0,13160,0.87
er4_m60_s8,er4,prior_prop,0,13210,0.87
er4_m60_s8,er4,prior_prop,0,13260,0.87
er4_m60_s8,er4,prior_prop,0,13310,0.87
er4_m60_s8,er4,prior_prop,0,13360,0.87
er4_m60_s8,er4,prior_prop,0,13410,0.87
er4_m60_s8,er4,prior_prop,0,13460,0.87
er4_m60_s8,er4,prior_prop,0,13510,0.87
er4_m60_s8,er4,prior_prop,0,13560,0.87
er4_m60_s8,er4,prior_prop,0,13610,0.87
er4_m60_s8,er4,prior_prop,0,13660,0.87
er4_m60_s8,er4,prior_prop,0,13710,0.87
er4_m60_s8,er4,prior_prop,0,13760,0.87
er4_m60_s8,er4,prior_prop,0,13810,0.87
er4_m60_s8,er4,prior_prop,0,13860,0.87
er4_m60_s8,er4,prior_prop,0,13910,0.87
er4_m60_s8,er4,prior_prop,0,13960,0.87
er4_m60_s8,er4,prior_prop,0,14010,0.87
er4_m60_s8,er4,prior_prop,0,14060,0.87
er4_m60_s8,er4,prior_prop,0,14110,0.87
er4_m60_s8,er4,prior_prop,0,14160,0.87
er4_m60_s8,er4,prior_prop,0,14210,0.87
er4_m60_s8,er4,prior_prop,0,14260,0.87
er4_m60_s8,er4,prior_prop,0,14310,0.87
er4_m60_s8,er4,prior_prop,0,14360,0.87
er4_m60_s8,er4,prior_prop,0,14410,0.87
er4_m60_s8,er4,prior_prop,0,14460,0.87
er4_m60_s8,er4,prior_prop,0,14510,0.87
er4_m60_s8,er4,prior_prop,0,14560,0.87
er4_m60_s8,er4,prior_prop,0,14610,0.87
er4_m60_s8,er4,prior_prop,0,14660,0.87
er4_m60_s8,er4,prior_prop,0,14710,0.87
er4_m60_s8,er4,prior_prop,0,14760,0.87
er4_m60_s8,er4,prior_prop,0,14810,0.87
er4_m60_s8,er4,prior_prop,0,14860,0.87
er4_m60_s8,er4,prior_prop,0,14910,0.87
er4_m60_s8,er4,prior_prop,0,14960,0.87
er4_m60_s8,er4,prior_prop,0,15010,0.87
er4_m60_s8,er4,prior_prop,0,15060,0.87
er4_m60_s8,er4,prior_prop,0,15110,0.87
er4_m60_s8,er4,prior_prop,0,15160,0.87
er4_m60_s8,er4,prior_prop,0,15210,0.87
er4_m60_s8,er4,prior_prop,0,15260,0.87
er4_m60_s8,er4,prior_prop,0,15310,0.87
er4_m60_s8,er4,prior_prop,0,15360,0.87
er4_m60_s8,er4,prior_prop,0,15410,0.87
er4_m60_s8,er4,prior_prop,0,15460,0.87
er4_m60_s8,er4,prior_prop,0,15510,0.87
er4_m60_s8,er4,prior_prop,0,15560,0.87
er4_m60_s8,er4,prior_prop,0,15610,0.87
er4_m60_s8,er4,prior_prop,0,15660,0.87
er4_m60_s8,er4,prior_prop,0,15710,0.87
er4_m60_s8,er4,prior_prop,0,15760,0.87
er4_m60_s8,er4,prior_prop,0,15810,0.87
er4_m60_s8,er4,prior_prop,0,15860,0.87
er4_m60_s8,er4,prior_prop,0,15910,0.87
er4_m60_s8,er4,prior_prop,0,15960,0.87
er4_m60_s8,er4,prior_prop,0,16010,0.87
er4_m60_s8,er4,prior_prop,0,16060,0.87
er4_m60_s8,er4,prior_prop,0,16110,0.87
er4_m60_s8,er4,prior_prop,0,16160,0.87
er4_m60_s8,er4,prior_prop,0,16210,0.87
er4_m60_s8,er4,prior_prop,0,16260,0.87
er4_m60_s8,er4,prior_prop,0,16310,0.87
er4_m60_s8,er4,prior_prop,0,16360,0.87
er4_m60_s8,er4,prior_prop,0,16410,0.87
er4_m60_s8,er4,prior_prop,0,16460,0.87
er4_m60_s8,er4,prior_prop,0,16510,0.87
er4_m60_s8,er4,prior_prop,0,16560,0.87
er4_m60_s8,er4,prior_prop,0,16610,0.87
er4_m60_s8,er4,prior_prop,0,16660,0.87
er4_m60_s8,er4,prior_prop,0,16710,0.87
er4_m60_s8,er4,prior_prop,0,16760,0.87
er4_m60_s8,er4,prior_prop,0,16810,0.87
er4_m60_s8,er4,prior_prop,0,16860,0.87
er4_m60_s8,er4,prior_prop,0,16910,0.87
er4_m60_s8,er4,prior_prop,0,16960,0.87
er4_m60_s8,er4,prior_prop,0,17010,0.87
er4_m60_s8,er4,prior_prop,0,17060,0.87
er4_m60_s8,er4,prior_prop,0,17110,0.87
er4_m60_s8,er4,prior_prop,0,17160,0.87
er4_m60_s8,er4,prior_prop,0,17210,0.87
er4_m60_s8,er4,prior_prop,0,17260,0.87
er4_m60_s8,er4,prior_prop,0,17310,0.87
er4_m60_s8,er4,prior_prop,0,17360,0.87
er4_m60_s8,er4,prior_prop,0,17410,0.87
er4_m60_s8,er4,prior_prop,0,17460,0.87
er4_m60_s8,er4,prior_prop,0,17510,0.87
er4_m60_s8,er4,prior_prop,0,17560,0.87
er4_m60_s8,er4,prior_prop,0,17610,0.87
er4_m60_s8,er4,prior_prop,0,17660,0.87
er4_m60_s8,er4,prior_prop,0,17710,0.87
er4_m60_s8,er4,prior_prop,0,17760,0.87
er4_m60_s8,er4,prior_prop,0,17810,0.87
er4_m60_s8,er4,prior_prop,0,17860,0.87
er4_m60_s8,er4,prior_prop,0,17910,0.87
er4_m60_s8,er4,prior_prop,0,17960,0.87
er4_m60_s8,er4,prior_prop,0,18010,0.87
er4_m60_s8,er4,prior_prop,0,18060,0.87
er4_m60_s8,er4,prior_prop,0,18110,0.87
er4_m60_s8,er4,prior_prop,0,18160,0.87
er4_m60_s8,er4,prior_prop,0,18210,0.87
er4_m60_s8,er4,prior_prop,0,18260,0.87
er4_m60_s8,er4,prior_prop,0,18310,0.87
er4_m60_s8,er4,prior_prop,0,18360,0.87
er4_m60_s8,er4,prior_prop,0,18410,0.87
er4_m60_s8,er4,prior_prop,0,18460,0.87
er4_m60_s8,er4,prior_prop,0,18510,0.87
er4_m60_s8,er4,prior_prop,0,18560,0.87
er4_m60_s8,er4,prior_prop,0,18610,0.87
er4_m60_s8,er4,prior_prop,0,18660,0.87
er4_m60_s8,er4,prior_prop,0,18710,0.87
er4_m60_s8,er4,prior_prop,0,18760,0.87
er4_m60_s8,er4,prior_prop,0,18810,0.87
er4_m60_s8,er4,prior_prop,0,18860,0.87
er4_m60_s8,er4,prior_prop,0,18910,0.87
er4_m60_s8,er4,prior_prop,0,18960,0.87
er4_m60_s8,er4,prior_prop,0,19010,0.87
er4_m60_s8,er4,prior_prop,0,19060,0.87
er4_m60_s8,er4,prior_prop,0,19110,0.87
er4_m60_s8,er4,prior_prop,0,19160,0.87
er4_m60_s8,er4,prior_prop,0,19210,0.87
er4_m60_s8,er4,prior_prop,0,19260,0.87
er4_m60_s8,er4,prior_prop,0,19310,0.87
er4_m60_s8,er4,prior_prop,0,19360,0.87
er4_m60_s8,er4,prior_prop,0,19410,0.87
er4_m60_s8,er4,prior_prop,0,19460,0.87
er4_m60_s8,er4,prior_prop,0,19510,0.87
er4_m60_s8,er4,prior_prop,0,19560,0.87
er4_m60_s8,er4,prior_prop,0,19610,0.87
er4_m60_s8,er4,prior_prop,0,19660,0.87
er4_m60_s8,er4,prior_prop,0,19710,0.87
er4_m60_s8,er4,prior_prop,0,19760,0.87
er4_m60_s8,er4,prior_prop,0,19810,0.87
er4_m60_s8,er4,prior_prop,0,19860,0.87
er4_m60_s8,er4,prior_prop,0,19910,0.87
er4_m60_s8,er4,prior_prop,0,19960,0.87
er4_m60_s8,er4,prior_prop,0,20010,0.87
er4_m60_s8,er4,db_rescore,0,10,0.83
er4_m60_s8,er4,db_rescore,0,60,0.82
er4_m60_s8,er4,db_rescore,0,110,0.85
er4_m60_s8,er4,db_rescore,0,160,0.85
er4_m60_s8,er4,db_rescore,0,210,0.85
er4_m60_s8,er4,db_rescore,0,260,0.85
er4_m60_s8,er4,db_rescore,0,310,0.85
er4_m60_s8,er4,db_rescore,0,360,0.85
er4_m60_s8,er4,db_rescore,0,410,0.85
er4_m60_s8,er4,db_rescore,0,460,0.85
er4_m60_s8,er4,db_rescore,0,510,0.85
er4_m60_s8,er4,db_rescore,0,560,0.85
er4_m60_s8,er4,db_rescore,0,610,0.85
er4_m60_s8,er4,db_rescore,0,660,0.85
er4_m60_s8,er4,db_rescore,0,710,0.85
er4_m60_s8,er4,db_rescore,0,760,0.85
er4_m60_s8,er4,db_rescore,0,810,0.85
er4_m60_s8,er4,db_rescore,0,860,0.85
er4_m60_s8,er4,db_rescore,0,910,0.85
er4_m60_s8,er4,db_rescore,0,960,0.85
er4_m60_s8,er4,db_rescore,0,1010,0.85
er4_m60_s8,er4,db_rescore,0,1060,0.85
er4_m60_s8,er4,db_rescore,0,1110,0.85
er4_m60_s8,er4,db_rescore,0,1160,0.85
er4_m60_s8,er4,db_rescore,0,1210,0.85
er4_m60_s8,er4,db_rescore,0,1260,0.85
er4_m60_s8,er4,db_rescore,0,1310,0.85
er4_m60_s8,er4,db_rescore,0,1360,0.85
er4_m60_s8,er4,db_rescore,0,1410,0.85
er4_m60_s8,er4,db_rescore,0,1460,0.85
er4_m60_s8,er4,db_rescore,0,1510,0.85
er4_m60_s8,er4,db_rescore,0,1560,0.85
er4_m60_s8,er4,db_rescore,0,1610,0.85
er4_m60_s8,er4,db_rescore,0,1660,0.85
er4_m60_s8,er4,db_rescore,0,1710,0.85
er4_m60_s8,er4,db_rescore,0,1760,0.87
er4_m60_s8,er4,db_rescore,0,1810,0.87
er4_m60_s8,er4,db_rescore,0,1860,0.87
er4_m60_s8,er4,db_rescore,0,1910,0.87
er4_m60_s8,er4,db_rescore,0,1960,0.87
er4_m60_s8,er4,db_rescore,0,2010,0.87
er4_m60_s8,er4,db_rescore,0,2060,0.87
er4_m60_s8,er4,db_rescore,0,2110,0.87
er4_m60_s8,er4,db_rescore,0,2160,0.87
er4_m60_s8,er4,db_rescore,0,2210,0.87
er4_m60_s8,er4,db_rescore,0,2260,0.87
er4_m60_s8,er4,db_rescore,0,2310,0.87
er4_m60_s8,er4,db_rescore,0,2360,0.87
er4_m60_s8,er4,db_rescore,0,2410,0.87
er4_m60_s8,er4,db_rescore,0,2460,0.87
er4_m60_s8,er4,db_rescore,0,2510,0.87
er4_m60_s8,er4,db_rescore,0,2560,0.87
er4_m60_s8,er4,db_rescore,0,2610,0.87
er4_m60_s8,er4,db_rescore,0,2660,0.87
er4_m60_s8,er4,db_rescore,0,2710,0.87
er4_m60_s8,er4,db_rescore,0,2760,0.87
er4_m60_s8,er4,db_rescore,0,2810,0.87
er4_m60_s8,er4,db_rescore,0,2860,0.87
er4_m60_s8,er4,db_rescore,0,2910,0.87
er4_m60_s8,er4,db_rescore,0,2960,0.87
er4_m60_s8,er4,db_rescore,0,3010,0.87
er4_m60_s8,er4,db_rescore,0,3060,0.88
er4_m60_s8,er4,db_rescore,0,3110,0.88
er4_m60_s8,er4,db_rescore,0,3160,0.88
er4_m60_s8,er4,db_rescore,0,3210,0.88
er4_m60_s8,er4,db_rescore,0,3260,0.88
er4_m60_s8,er4,db_rescore,0,3310,0.88
er4_m60_s8,er4,db_rescore,0,3360,0.88
er4_m60_s8,er4,db_rescore,0,3410,0.88
er4_m60_s8,er4,db_rescore,0,3460,0.88
er4_m60_s8,er4,db_rescore,0,3510,0.88
er4_m60_s8,er4,db_rescore,0,3560,0.88
er4_m60_s8,er4,db_rescore,0,3610,0.88
er4_m60_s8,er4,db_rescore,0,3660,0.88
er4_m60_s8,er4,db_rescore,0,3710,0.88
er4_m60_s8,er4,db_rescore,0,3760,0.88
er4_m60_s8,er4,db_rescore,0,3810,0.88
er4_m60_s8,er4,db_rescore,0,3860,0.88
er4_m60_s8,er4,db_rescore,0,3910,0.88
er4_m60_s8,er4,db_rescore,0,3960,0.88
er4_m60_s8,er4,db_rescore,0,4010,0.88
er4_m60_s8,er4,db_rescore,0,4060,0.88
er4_m60_s8,er4,db_rescore,0,4110,0.88
er4_m60_s8,er4,db_rescore,0,4160,0.88
er4_m60_s8,er4,db_rescore,0,4210,0.88
er4_m60_s8,er4,db_rescore,0,4260,0.88
er4_m60_s8,er4,db_rescore,0,4310,0.88
er4_m60_s8,er4,db_rescore,0,4360,0.88
er4_m60_s8,er4,db_rescore,0,4410,0.88
er4_m60_s8,er4,db_rescore,0,4460,0.88
er4_m60_s8,er4,db_rescore,0,4510,0.88
er4_m60_s8,er4,db_rescore,0,4560,0.88
er4_m60_s8,er4,db_rescore,0,4610,0.88
er4_m60_s8,er4,db_rescore,0,4660,0.88
er4_m60_s8,er4,db_rescore,0,4710,0.88
er4_m60_s8,er4,db_rescore,0,4760,0.88
er4_m60_s8,er4,db_rescore,0,4810,0.88
er4_m60_s8,er4,db_rescore,0,4860,0.88
er4_m60_s8,er4,db_rescore,0,4910,0.88
er4_m60_s8,er4,db_rescore,0,4960,0.88
er4_m60_s8,er4,db_rescore,0,5010,0.88
er4_m60_s8,er4,db_rescore,0,5060,0.88
er4_m60_s8,er4,db_rescore,0,5110,0.88
er4_m60_s8,er4,db_rescore,0,5160,0.88
er4_m60_s8,er4,db_rescore,0,5210,0.88
er4_m60_s8,er4,db_rescore,0,5260,0.88
er4_m60_s8,er4,db_rescore,0,5310,0.88
er4_m60_s8,er4,db_rescore,0,5360,0.88
er4_m60_s8,er4,db_rescore,0,5410,0.88
er4_m60_s8,er4,db_rescore,0,5460,0.88
er4_m60_s8,er4,db_rescore,0,5510,0.88
er4_m60_s8,er4,db_rescore,0,5560,0.88
er4_m60_s8,er4,db_rescore,0,5610,0.88
er4_m60_s8,er4,db_rescore,0,5660,0.88
er4_m60_s8,er4,db_rescore,0,5710,0.88
er4_m60_s8,er4,db_rescore,0,5760,0.88
er4_m60_s8,er4,db_rescore,0,5810,0.88
er4_m60_s8,er4,db_rescore,0,5860,0.88
er4_m60_s8,er4,db_rescore,0,5910,0.88
er4_m60_s8,er4,db_rescore,0,5960,0.88
er4_m60_s8,er4,db_rescore,0,6010,0.88
er4_m60_s8,er4,db_rescore,0,6060,0.88
er4_m60_s8,er4,db_rescore,0,6110,0.88
er4_m60_s8,er4,db_rescore,0,6160,0.88
er4_m60_s8,er4,db_rescore,0,6210,0.88
er4_m60_s8,er4,db_rescore,0,6260,0.88
er4_m60_s8,er4,db_rescore,0,6310,0.88
er4_m60_s8,er4,db_rescore,0,6360,0.88
er4_m60_s8,er4,db_rescore,0,6410,0.88
er4_m60_s8,er4,db_rescore,0,6460,0.88
er4_m60_s8,er4,db_rescore,0,6510,0.88
er4_m60_s8,er4,db_rescore,0,6560,0.88
er4_m60_s8,er4,db_rescore,0,6610,0.88
er4_m60_s8,er4,db_rescore,0,6660,0.88
er4_m60_s8,er4,db_rescore,0,6710,0.88
er4_m60_s8,er4,db_rescore,0,6760,0.88
er4_m60_s8,er4,db_rescore,0,6810,0.88
er4_m60_s8,er4,db_rescore,0,6860,0.88
er4_m60_s8,er4,db_rescore,0,6910,0.88
er4_m60_s8,er4,db_rescore,0,6960,0.88
er4_m60_s8,er4,db_rescore,0,7010,0.88
er4_m60_s8,er4,db_rescore,0,7060,0.88
er4_m60_s8,er4,db_rescore,0,7110,0.88
er4_m60_s8,er4,db_rescore,0,7160,0.88
er4_m60_s8,er4,db_rescore,0,7210,0.88
er4_m60_s8,er4,db_rescore,0,7260,0.88
er4_m60_s8,er4,db_rescore,0,7310,0.88
er4_m60_s8,er4,db_rescore,0,7360,0.88
er4_m60_s8,er4,db_rescore,0,7410,0.88
er4_m60_s8,er4,db_rescore,0,7460,0.88
er4_m60_s8,er4,db_rescore,0,7510,0.88
er4_m60_s8,er4,db_rescore,0,7560,0.88
er4_m60_s8,er4,db_rescore,0,7610,0.88
er4_m60_s8,er4,db_rescore,0,7660,0.88
er4_m60_s8,er4,db_rescore,0,7710,0.88
er4_m60_s8,er4,db_rescore,0,7760,0.88
er4_m60_s8,er4,db_rescore,0,7810,0.88
er4_m60_s8,er4,db_rescore,0,7860,0.88
er4_m60_s8,er4,db_rescore,0,7910,0.88
er4_m60_s8,er4,db_rescore,0,7960,0.88
er4_m60_s8,er4,db_rescore,0,8010,0.88
er4_m60_s8,er4,db_rescore,0,8060,0.88
er4_m60_s8,er4,db_rescore,0,8110,0.88
er4_m60_s8,er4,db_rescore,0,8160,0.88
er4_m60_s8,er4,db_rescore,0,8210,0.88
er4_m60_s8,er4,db_rescore,0,8260,0.88
er4_m60_s8,er4,db_rescore,0,8310,0.88
er4_m60_s8,er4,db_rescore,0,8360,0.88
er4_m60_s8,er4,db_rescore,0,8410,0.88
er4_m60_s8,er4,db_rescore,0,8460,0.88
er4_m60_s8,er4,db_rescore,0,8510,0.88
er4_m60_s8,er4,db_rescore,0,8560,0.88
er4_m60_s8,er4,db_rescore,0,8610,0.89
er4_m60_s8,er4,db_rescore,0,8660,0.89
er4_m60_s8,er4,db_rescore,0,8710,0.89
er4_m60_s8,er4,db_rescore,0,8760,0.89
er4_m60_s8,er4,db_rescore,0,8810,0.89
er4_m60_s8,er4,db_rescore,0,8860,0.89
er4_m60_s8,er4,db_rescore,0,8910,0.89
er4_m60_s8,er4,db_rescore,0,8960,0.89
er4_m60_s8,er4,db_rescore,0,9010,0.88
er4_m60_s8,er4,db_rescore,0,9060,0.88
er4_m60_s8,er4,db_rescore,0,9110,0.88
er4_m60_s8,er4,db_rescore,0,9160,0.88
er4_m60_s8,er4,db_rescore,0,9210,0.88
er4_m60_s8,er4,db_rescore,0,9260,0.88
er4_m60_s8,er4,db_rescore,0,9310,0.88
er4_m60_s8,er4,db_rescore,0,9360,0.88
er4_m60_s8,er4,db_rescore,0,9410,0.88
er4_m60_s8,er4,db_rescore,0,9460,0.88
er4_m60_s8,er4,db_rescore,0,9510,0.88
er4_m60_s8,er4,db_rescore,0,9560,0.88
er4_m60_s8,er4,db_rescore,0,9610,0.88
er4_m60_s8,er4,db_rescore,0,9660,0.88
er4_m60_s8,er4,db_rescore,0,9710,0.88
er4_m60_s8,er4,db_rescore,0,9760,0.88
er4_m60_s8,er4,db_rescore,0,9810,0.88
er4_m60_s8,er4,db_rescore,0,9860,0.88
er4_m60_s8,er4,db_rescore,0,9910,0.88
er4_m60_s8,er4,db_rescore,0,9960,0.88
er4_m60_s8,er4,db_rescore,0,10010,0.88
er4_m60_s8,er4,db_rescore,0,10060,0.88
er4_m60_s8,er4,db_rescore,0,10110,0.88
er4_m60_s8,er4,db_rescore,0,10160,0.88
er4_m60_s8,er4,db_rescore,0,10210,0.88
er4_m60_s8,er4,db_rescore,0,10260,0.88
er4_m60_s8,er4,db_rescore,0,10310,0.88
er4_m60_s8,er4,db_rescore,0,10360,0.88
er4_m60_s8,er4,db_rescore,0,10410,0.88
er4_m60_s8,er4,db_rescore,0,10460,0.88
er4_m60_s8,er4,db_rescore,0,10510,0.88
er4_m60_s8,er4,db_rescore,0,10560,0.88
er4_m60_s8,er4,db_rescore,0,10610,0.88
er4_m60_s8,er4,db_rescore,0,10660,0.88
er4_m60_s8,er4,db_rescore,0,10710,0.88
er4_m60_s8,er4,db_rescore,0,10760,0.88
er4_m60_s8,er4,db_rescore,0,10810,0.88
er4_m60_s8,er4,db_rescore,0,10860,0.88
er4_m60_s8,er4,db_rescore,0,10910,0.88
er4_m60_s8,er4,db_rescore,0,10960,0.88
er4_m60_s8,er4,db_rescore,0,11010,0.88
er4_m60_s8,er4,db_rescore,0,11060,0.88
er4_m60_s8,er4,db_rescore,0,11110,0.88
er4_m60_s8,er4,db_rescore,0,11160,0.88
er4_m60_s8,er4,db_rescore,0,11210,0.88
er4_m60_s8,er4,db_rescore,0,11260,0.88
er4_m60_s8,er4,db_rescore,0,11310,0.88
er4_m60_s8,er4,db_rescore,0,11360,0.88
er4_m60_s8,er4,db_rescore,0,11410,0.88
er4_m60_s8,er4,db_rescore,0,11460,0.88
er4_m60_s8,er4,db_rescore,0,11510,0.88
er4_m60_s8,er4,db_rescore,0,11560,0.88
er4_m60_s8,er4,db_rescore,0,11610,0.88
er4_m60_s8,er4,db_rescore,0,11660,0.88
er4_m60_s8,er4,db_rescore,0,11710,0.88
er4_m60_s8,er4,db_rescore,0,11760,0.88
er4_m60_s8,er4,db_rescore,0,11810,0.88
er4_m60_s8,er4,db_rescore,0,11860,0.88
er4_m60_s8,er4,db_rescore,0,11910,0.88
er4_m60_s8,er4,db_rescore,0,11960,0.88
er4_m60_s8,er4,db_rescore,0,12010,0.88
er4_m60_s8,er4,db_rescore,0,12060,0.88
er4_m60_s8,er4,db_rescore,0,12110,0.88
er4_m60_s8,er4,db_rescore,0,12160,0.88
er4_m60_s8,er4,db_rescore,0,12210,0.88
er4_m60_s8,er4,db_rescore,0,12260,0.88
er4_m60_s8,er4,db_rescore,0,12310,0.88
er4_m60_s8,er4,db_rescore,0,12360,0.88
er4_m60_s8,er4,db_rescore,0,12410,0.88
er4_m60_s8,er4,db_rescore,0,12460,0.88
er4_m60_s8,er4,db_rescore,0,12510,0.88
er4_m60_s8,er4,db_rescore,0,12560,0.88
er4_m60_s8,er4,db_rescore,0,12610,0.88
er4_m60_s8,er4,db_rescore,0,12660,0.88
er4_m60_s8,er4,db_rescore,0,12710,0.88
er4_m60_s8,er4,db_rescore,0,12760,0.88
er4_m60_s8,er4,db_rescore,0,12810,0.88
er4_m60_s8,er4,db_rescore,0,12860,0.88
er4_m60_s8,er4,db_rescore,0,12910,0.88
er4_m60_s8,er4,db_rescore,0,12960,0.88
er4_m60_s8,er4,db_rescore,0,13010,0.88
er4_m60_s8,er4,db_rescore,0,13060,0.88
er4_m60_s8,er4,db_rescore,0,13110,0.88
er4_m60_s8,er4,db_rescore,0,13160,0.88
er4_m60_s8,er4,db_rescore,0,13210,0.88
er4_m60_s8,er4,db_rescore,0,13260,0.88
er4_m60_s8,er4,db_rescore,0,13310,0.88
er4_m60_s8,er4,db_rescore,0,13360,0.88
er4_m60_s8,er4,db_rescore,0,13410,0.88
er4_m60_s8,er4,db_rescore,0,13460,0.88
er4_m60_s8,er4,db_rescore,0,13510,0.88
er4_m60_s8,er4,db_rescore,0,13560,0.88
er4_m60_s8,er4,db_rescore,0,13610,0.88
er4_m60_s8,er4,db_rescore,0,13660,0.88
er4_m60_s8,er4,db_rescore,0,13710,0.88
er4_m60_s8,er4,db_rescore,0,13760,0.88
er4_m60_s8,er4,db_rescore,0,13810,0.88
er4_m60_s8,er4,db_rescore,0,13860,0.88
er4_m60_s8,er4,db_rescore,0,13910,0.88
er4_m60_s8,er4,db_rescore,0,13960,0.88
er4_m60_s8,er4,db_rescore,0,14010,0.88
er4_m60_s8,er4,db_rescore,0,14060,0.88
er4_m60_s8,er4,db_rescore,0,14110,0.88
er4_m60_s8,er4,db_rescore,0,14160,0.88
er4_m60_s8,er4,db_rescore,0,14210,0.88
er4_m60_s8,er4,db_rescore,0,14260,0.88
er4_m60_s8,er4,db_rescore,0,14310,0.88
er4_m60_s8,er4,db_rescore,0,14360,0.88
er4_m60_s8,er4,db_rescore,0,14410,0.88
er4_m60_s8,er4,db_rescore,0,14460,0.88
er4_m60_s8,er4,db_rescore,0,14510,0.88
er4_m60_s8,er4,db_rescore,0,14560,0.88
er4_m60_s8,er4,db_rescore,0,14610,0.88
er4_m60_s8,er4,db_rescore,0,14660,0.88
er4_m60_s8,er4,db_rescore,0,14710,0.88
er4_m60_s8,er4,db_rescore,0,14760,0.88
er4_m60_s8,er4,db_rescore,0,14810,0.88
er4_m60_s8,er4,db_rescore,0,14860,0.88
er4_m60_s8,er4,db_rescore,0,14910,0.88
er4_m60_s8,er4,db_rescore,0,14960,0.88
er4_m60_s8,er4,db_rescore,0,15010,0.88
er4_m60_s8,er4,db_rescore,0,15060,0.88
er4_m60_s8,er4,db_rescore,0,15110,0.88
er4_m60_s8,er4,db_rescore,0,15160,0.88
er4_m60_s8,er4,db_rescore,0,15210,0.88
er4_m60_s8,er4,db_rescore,0,15260,0.88
er4_m60_s8,er4,db_rescore,0,15310,0.88
er4_m60_s8,er4,db_rescore,0,15360,0.88
er4_m60_s8,er4,db_rescore,0,15410,0.88
er4_m60_s8,er4,db_rescore,0,15460,0.88
er4_m60_s8,er4,db_rescore,0,15510,0.88
er4_m60_s8,er4,db_rescore,0,15560,0.88
er4_m60_s8,er4,db_rescore,0,15610,0.88
er4_m60_s8,er4,db_rescore,0,15660,0.88
er4_m60_s8,er4,db_rescore,0,15710,0.88
er4_m60_s8,er4,db_rescore,0,15760,0.88
er4_m60_s8,er4,db_rescore,0,15810,0.88
er4_m60_s8,er4,db_rescore,0,15860,0.88
er4_m60_s8,er4,db_rescore,0,15910,0.88
er4_m60_s8,er4,db_rescore,0,15960,0.88
er4_m60_s8,er4,db_rescore,0,16010,0.88
er4_m60_s8,er4,db_rescore,0,16060,0.88
er4_m60_s8,er4,db_rescore,0,16110,0.88
er4_m60_s8,er4,db_rescore,0,16160,0.88
er4_m60_s8,er4,db_rescore,0,16210,0.88
er4_m60_s8,er4,db_rescore,0,16260,0.88
er4_m60_s8,er4,db_rescore,0,16310,0.88
er4_m60_s8,er4,db_rescore,0,16360,0.88
er4_m60_s8,er4,db_rescore,0,16410,0.88
er4_m60_s8,er4,db_rescore,0,16460,0.88
er4_m60_s8,er4,db_rescore,0,16510,0.88
er4_m60_s8,er4,db_rescore,0,16560,0.88
er4_m60_s8,er4,db_rescore,0,16610,0.88
er4_m60_s8,er4,db_rescore,0,16660,0.88
er4_m60_s8,er4,db_rescore,0,16710,0.88
er4_m60_s8,er4,db_rescore,0,16760,0.88
er4_m60_s8,er4,db_rescore,0,16810,0.88
er4_m60_s8,er4,db_rescore,0,16860,0.88
er4_m60_s8,er4,db_rescore,0,16910,0.88
er4_m60_s8,er4,db_rescore,0,16960,0.88
er4_m60_s8,er4,db_rescore,0,17010,0.88
er4_m60_s8,er4,db_rescore,0,17060,0.88
er4_m60_s8,er4,db_rescore,0,17110,0.88
er4_m60_s8,er4,db_rescore,0,17160,0.88
er4_m60_s8,er4,db_rescore,0,17210,0.88
er4_m60_s8,er4,db_rescore,0,17260,0.88
er4_m60_s8,er4,db_rescore,0,17310,0.88
er4_m60_s8,er4,db_rescore,0,17360,0.88
er4_m60_s8,er4,db_rescore,0,17410,0.88
er4_m60_s8,er4,db_rescore,0,17460,0.88
er4_m60_s8,er4,db_rescore,0,17510,0.88
er4_m60_s8,er4,db_rescore,0,17560,0.88
er4_m60_s8,er4,db_rescore,0,17610,0.88
er4_m60_s8,er4,db_rescore,0,17660,0.88
er4_m60_s8,er4,db_rescore,0,17710,0.88
er4_m60_s8,er4,db_rescore,0,17760,0.88
er4_m60_s8,er4,db_rescore,0,17810,0.88
er4_m60_s8,er4,db_rescore,0,17860,0.88
er4_m60_s8,er4,db_rescore,0,17910,0.88
er4_m60_s8,er4,db_rescore,0,17960,0.88
er4_m60_s8,er4,db_rescore,0,18010,0.88
er4_m60_s8,er4,db_rescore,0,18060,0.88
er4_m60_s8,er4,db_rescore,0,18110,0.88
er4_m60_s8,er4,db_rescore,0,18160,0.88
er4_m60_s8,er4,db_rescore,0,18210,0.88
er4_m60_s8,er4,db_rescore,0,18260,0.88
er4_m60_s8,er4,db_rescore,0,18310,0.88
er4_m60_s8,er4,db_rescore,0,18360,0.88
er4_m60_s8,er4,db_rescore,0,18410,0.88
er4_m60_s8,er4,db_rescore,0,18460,0.88
er4_m60_s8,er4,db_rescore,0,18510,0.88
er4_m60_s8,er4,db_rescore,0,18560,0.88
er4_m60_s8,er4,db_rescore,0,18610,0.88
er4_m60_s8,er4,db_rescore,0,18660,0.88
er4_m60_s8,er4,db_rescore,0,18710,0.88
er4_m60_s8,er4,db_rescore,0,18760,0.88
er4_m60_s8,er4,db_rescore,0,18810,0.88
er4_m60_s8,er4,db_rescore,0,18860,0.88
er4_m60_s8,er4,db_rescore,0,18910,0.88
er4_m60_s8,er4,db_rescore,0,18960,0.88
er4_m60_s8,er4,db_rescore,0,19010,0.88
er4_m60_s8,er4,db_rescore,0,19060,0.88
er4_m60_s8,er4,db_rescore,0,19110,0.88
er4_m60_s8,er4,db_rescore,0,19160,0.88
er4_m60_s8,er4,db_rescore,0,19210,0.88
er4_m60_s8,er4,db_rescore,0,19260,0.88
er4_m60_s8,er4,db_rescore,0,19310,0.88
er4_m60_s8,er4,db_rescore,0,19360,0.88
er4_m60_s8,er4,db_rescore,0,19410,0.88
er4_m60_s8,er4,db_rescore,0,19460,0.88
er4_m60_s8,er4,db_rescore,0,19510,0.88
er4_m60_s8,er4,db_rescore,0,19560,0.88
er4_m60_s8,er4,db_rescore,0,19610,0.88
er4_m60_s8,er4,db_rescore,0,19660,0.88
er4_m60_s8,er4,db_rescore,0,19710,0.88
er4_m60_s8,er4,db_rescore,0,19760,0.88
er4_m60_s8,er4,db_rescore,0,19810,0.88
er4_m60_s8,er4,db_rescore,0,19860,0.88
er4_m60_s8,er4,db_rescore,0,19910,0.88
er4_m60_s8,er4,db_rescore,0,19960,0.88
er4_m60_s8,er4,db_rescore,0,20010,0.88
er4_m60_s8,er4,cold,1,10,0.6
er4_m60_s8,er4,cold,1,60,0.69
er4_m60_s8,er4,cold,1,110,0.73
er4_m60_s8,er4,cold,1,160,0.77
er4_m60_s8,er4,cold,1,210,0.75
er4_m60_s8,er4,cold,1,260,0.75
er4_m60_s8,er4,cold,1,310,0.75
er4_m60_s8,er4,cold,1,360,0.78
er4_m60_s8,er4,cold,1,410,0.77
er4_m60_s8,er4,cold,1,460,0.78
er4_m60_s8,er4,cold,1,510,0.78
er4_m60_s8,er4,cold,1,560,0.78
er4_m60_s8,er4,cold,1,610,0.8
er4_m60_s8,er4,cold,1,660,0.8
er4_m60_s8,er4,cold,1,710,0.8
er4_m60_s8,er4,cold,1,760,0.81
er4_m60_s8,er4,cold,1,810,0.81
er4_m60_s8,er4,cold,1,860,0.81
er4_m60_s8,er4,cold,1,910,0.81
er4_m60_s8,er4,cold,1,960,0.83
er4_m60_s8,er4,cold,1,1010,0.83
er4_m60_s8,er4,cold,1,1060,0.83
er4_m60_s8,er4,cold,1,1110,0.83
er4_m60_s8,er4,cold,1,1160,0.84
er4_m60_s8,er4,cold,1,1210,0.84
er4_m60_s8,er4,cold,1,1260,0.84
er4_m60_s8,er4,cold,1,1310,0.84
er4_m60_s8,er4,cold,1,1360,0.84
er4_m60_s8,er4,cold,1,1410,0.84
er4_m60_s8,er4,cold,1,1460,0.84
er4_m60_s8,er4,cold,1,1510,0.84
er4_m60_s8,er4,cold,1,1560,0.84
er4_m60_s8,er4,cold,1,1610,0.84
er4_m60_s8,er4,cold,1,1660,0.84
er4_m60_s8,er4,cold,1,1710,0.84
er4_m60_s8,er4,cold,1,1760,0.84
er4_m60_s8,er4,cold,1,1810,0.84
er4_m60_s8,er4,cold,1,1860,0.86
er4_m60_s8,er4,cold,1,1910,0.86
er4_m60_s8,er4,cold,1,1960,0.86
er4_m60_s8,er4,cold,1,2010,0.86
er4_m60_s8,er4,cold,1,2060,0.87
er4_m60_s8,er4,cold,1,2110,0.87
er4_m60_s8,er4,cold,1,2160,0.87
er4_m60_s8,er4,cold,1,2210,0.87
er4_m60_s8,er4,cold,1,2260,0.87
er4_m60_s8,er4,cold,1,2310,0.87
er4_m60_s8,er4,cold,1,2360,0.87
er4_m60_s8,er4,cold,1,2410,0.87
er4_m60_s8,er4,cold,1,2460,0.87
er4_m60_s8,er4,cold,1,2510,0.87
er4_m60_s8,er4,cold,1,2560,0.87
er4_m60_s8,er4,cold,1,2610,0.87
er4_m60_s8,er4,cold,1,2660,0.87
er4_m60_s8,er4,cold,1,2710,0.87
er4_m60_s8,er4,cold,1,2760,0.88
er4_m60_s8,er4,cold,1,2810,0.88
er4_m60_s8,er4,cold,1,2860,0.88
er4_m60_s8,er4,cold,1,2910,0.88
er4_m60_s8,er4,cold,1,2960,0.88
er4_m60_s8,er4,cold,1,3010,0.88
er4_m60_s8,er4,cold,1,3060,0.88
er4_m60_s8,er4,cold,1,3110,0.88
er4_m60_s8,er4,cold,1,3160,0.88
er4_m60_s8,er4,cold,1,3210,0.88
er4_m60_s8,er4,cold,1,3260,0.88
er4_m60_s8,er4,cold,1,3310,0.88
er4_m60_s8,er4,cold,1,3360,0.88
er4_m60_s8,er4,cold,1,3410,0.88
er4_m60_s8,er4,cold,1,3460,0.88
er4_m60_s8,er4,cold,1,3510,0.88
er4_m60_s8,er4,cold,1,3560,0.88
er4_m60_s8,er4,cold,1,3610,0.88
er4_m60_s8,er4,cold,1,3660,0.88
er4_m60_s8,er4,cold,1,3710,0.88
er4_m60_s8,er4,cold,1,3760,0.88
er4_m60_s8,er4,cold,1,3810,0.88
er4_m60_s8,er4,cold,1,3860,0.88
er4_m60_s8,er4,cold,1,3910,0.88
er4_m60_s8,er4,cold,1,3960,0.88
er4_m60_s8,er4,cold,1,4010,0.88
er4_m60_s8,er4,cold,1,4060,0.88
er4_m60_s8,er4,cold,1,4110,0.88
er4_m60_s8,er4,cold,1,4160,0.88
er4_m60_s8,er4,cold,1,4210,0.88
er4_m60_s8,er4,cold,1,4260,0.88
er4_m60_s8,er4,cold,1,4310,0.88
er4_m60_s8,er4,cold,1,4360,0.88
er4_m60_s8,er4,cold,1,4410,0.88
er4_m60_s8,er4,cold,1,4460,0.88
er4_m60_s8,er4,cold,1,4510,0.88
er4_m60_s8,er4,cold,1,4560,0.88
er4_m60_s8,er4,cold,1,4610,0.88
er4_m60_s8,er4,cold,1,4660,0.88
er4_m60_s8,er4,cold,1,4710,0.88
er4_m60_s8,er4,cold,1,4760,0.88
er4_m60_s8,er4,cold,1,4810,0.88
er4_m60_s8,er4,cold,1,4860,0.88
er4_m60_s8,er4,cold,1,4910,0.88
er4_m60_s8,er4,cold,1,4960,0.88
er4_m60_s8,er4,cold,1,5010,0.88
er4_m60_s8,er4,cold,1,5060,0.88
er4_m60_s8,er4,cold,1,5110,0.88
er4_m60_s8,er4,cold,1,5160,0.88
er4_m60_s8,er4,cold,1,5210,0.88
er4_m60_s8,er4,cold,1,5260,0.88
er4_m60_s8,er4,cold,1,5310,0.88
er4_m60_s8,er4,cold,1,5360,0.88
er4_m60_s8,er4,cold,1,5410,0.88
er4_m60_s8,er4,cold,1,5460,0.88
er4_m60_s8,er4,cold,1,5510,0.88
er4_m60_s8,er4,cold,1,5560,0.88
er4_m60_s8,er4,cold,1,5610,0.88
er4_m60_s8,er4,cold,1,5660,0.88
er4_m60_s8,er4,cold,1,5710,0.88
er4_m60_s8,er4,cold,1,5760,0.88
er4_m60_s8,er4,cold,1,5810,0.88
er4_m60_s8,er4,cold,1,5860,0.88
er4_m60_s8,er4,cold,1,5910,0.88
er4_m60_s8,er4,cold,1,5960,0.88
er4_m60_s8,er4,cold,1,6010,0.88
er4_m60_s8,er4,cold,1,6060,0.88
er4_m60_s8,er4,cold,1,6110,0.88
er4_m60_s8,er4,cold,1,6160,0.88
er4_m60_s8,er4,cold,1,6210,0.88
er4_m60_s8,er4,cold,1,6260,0.88
er4_m60_s8,er4,cold,1,6310,0.88
er4_m60_s8,er4,cold,1,6360,0.88
er4_m60_s8,er4,cold,1,6410,0.88
er4_m60_s8,er4,cold,1,6460,0.88
er4_m60_s8,er4,cold,1,6510,0.88
er4_m60_s8,er4,cold,1,6560,0.88
er4_m60_s8,er4,cold,1,6610,0.88
er4_m60_s8,er4,cold,1,6660,0.88
er4_m60_s8,er4,cold,1,6710,0.88
er4_m60_s8,er4,cold,1,6760,0.88
er4_m60_s8,er4,cold,1,6810,0.88
er4_m60_s8,er4,cold,1,6860,0.88
er4_m60_s8,er4,cold,1,6910,0.88
er4_m60_s8,er4,cold,1,6960,0.88
er4_m60_s8,er4,cold,1,7010,0.88
er4_m60_s8,er4,cold,1,7060,0.88
er4_m60_s8,er4,cold,1,7110,0.88
er4_m60_s8,er4,cold,1,7160,0.88
er4_m60_s8,er4,cold,1,7210,0.88
er4_m60_s8,er4,cold,1,7260,0.88
er4_m60_s8,er4,cold,1,7310,0.88
er4_m60_s8,er4,cold,1,7360,0.88
er4_m60_s8,er4,cold,1,7410,0.88
er4_m60_s8,er4,cold,1,7460,0.88
er4_m60_s8,er4,cold,1,7510,0.88
er4_m60_s8,er4,cold,1,7560,0.88
er4_m60_s8,er4,cold,1,7610,0.88
er4_m60_s8,er4,cold,1,7660,0.88
er4_m60_s8,er4,cold,1,7710,0.88
er4_m60_s8,er4,cold,1,7760,0.88
er4_m60_s8,er4,cold,1,7810,0.88
er4_m60_s8,er4,cold,1,7860,0.88
er4_m60_s8,er4,cold,1,7910,0.88
er4_m60_s8,er4,cold,1,7960,0.88
er4_m60_s8,er4,cold,1,8010,0.88
er4_m60_s8,er4,cold,1,8060,0.88
er4_m60_s8,er4,cold,1,8110,0.88
er4_m60_s8,er4,cold,1,8160,0.88
er4_m60_s8,er4,cold,1,8210,0.88
er4_m60_s8,er4,cold,1,8260,0.88
er4_m60_s8,er4,cold,1,8310,0.88
er4_m60_s8,er4,cold,1,8360,0.88
er4_m60_s8,er4,cold,1,8410,0.88
er4_m60_s8,er4,cold,1,8460,0.88
er4_m60_s8,er4,cold,1,8510,0.88
er4_m60_s8,er4,cold,1,8560,0.88
er4_m60_s8,er4,cold,1,8610,0.88
er4_m60_s8,er4,cold,1,8660,0.88
er4_m60_s8,er4,cold,1,8710,0.88
er4_m60_s8,er4,cold,1,8760,0.88
er4_m60_s8,er4,cold,1,8810,0.88
er4_m60_s8,er4,cold,1,8860,0.88
er4_m60_s8,er4,cold,1,8910,0.88
er4_m60_s8,er4,cold,1,8960,0.88
er4_m60_s8,er4,cold,1,9010,0.88
er4_m60_s8,er4,cold,1,9060,0.88
er4_m60_s8,er4,cold,1,9110,0.88
er4_m60_s8,er4,cold,1,9160,0.88
er4_m60_s8,er4,cold,1,9210,0.88
er4_m60_s8,er4,cold,1,9260,0.88
er4_m60_s8,er4,cold,1,9310,0.88
er4_m60_s8,er4,cold,1,9360,0.88
er4_m60_s8,er4,cold,1,9410,0.88
er4_m60_s8,er4,cold,1,9460,0.88
er4_m60_s8,er4,cold,1,9510,0.88
er4_m60_s8,er4,cold,1,9560,0.88
er4_m60_s8,er4,cold,1,9610,0.88
er4_m60_s8,er4,cold,1,9660,0.88
er4_m60_s8,er4,cold,1,9710,0.88
er4_m60_s8,er4,cold,1,9760,0.88
er4_m60_s8,er4,cold,1,9810,0.88
er4_m60_s8,er4,cold,1,9860,0.88
er4_m60_s8,er4,cold,1,9910,0.88
er4_m60_s8,er4,cold,1,9960,0.88
er4_m60_s8,er4,cold,1,10010,0.88
er4_m60_s8,er4,cold,1,10060,0.88
er4_m60_s8,er4,cold,1,10110,0.88
er4_m60_s8,er4,cold,1,10160,0.88
er4_m60_s8,er4,cold,1,10210,0.88
er4_m60_s8,er4,cold,1,10260,0.88
er4_m60_s8,er4,cold,1,10310,0.88
er4_m60_s8,er4,cold,1,10360,0.88
er4_m60_s8,er4,cold,1,10410,0.88
er4_m60_s8,er4,cold,1,10460,0.88
er4_m60_s8,er4,cold,1,10510,0.88
er4_m60_s8,er4,cold,1,10560,0.88
er4_m60_s8,er4,cold,1,10610,0.88
er4_m60_s8,er4,cold,1,10660,0.88
er4_m60_s8,er4,cold,1,10710,0.88
er4_m60_s8,er4,cold,1,10760,0.88
er4_m60_s8,er4,cold,1,10810,0.88
er4_m60_s8,er4,cold,1,10860,0.88
er4_m60_s8,er4,cold,1,10910,0.88
er4_m60_s8,er4,cold,1,10960,0.88
er4_m60_s8,er4,cold,1,11010,0.88
er4_m60_s8,er4,cold,1,11060,0.88
er4_m60_s8,er4,cold,1,11110,0.88
er4_m60_s8,er4,cold,1,11160,0.88
er4_m60_s8,er4,cold,1,11210,0.88
er4_m60_s8,er4,cold,1,11260,0.88
er4_m60_s8,er4,cold,1,11310,0.88
er4_m60_s8,er4,cold,1,11360,0.88
er4_m60_s8,er4,cold,1,11410,0.88
er4_m60_s8,er4,cold,1,11460,0.88
er4_m60_s8,er4,cold,1,11510,0.88
er4_m60_s8,er4,cold,1,11560,0.88
er4_m60_s8,er4,cold,1,11610,0.88
er4_m60_s8,er4,cold,1,11660,0.88
er4_m60_s8,er4,cold,1,11710,0.88
er4_m60_s8,er4,cold,1,11760,0.88
er4_m60_s8,er4,cold,1,11810,0.88
er4_m60_s8,er4,cold,1,11860,0.88
er4_m60_s8,er4,cold,1,11910,0.88
er4_m60_s8,er4,cold,1,11960,0.88
er4_m60_s8,er4,cold,1,12010,0.88
er4_m60_s8,er4,cold,1,12060,0.88
er4_m60_s8,er4,cold,1,12110,0.88
er4_m60_s8,er4,cold,1,12160,0.88
er4_m60_s8,er4,cold,1,12210,0.88
er4_m60_s8,er4,cold,1,12260,0.88
er4_m60_s8,er4,cold,1,12310,0.88
er4_m60_s8,er4,cold,1,12360,0.88
er4_m60_s8,er4,cold,1,12410,0.88
er4_m60_s8,er4,cold,1,12460,0.88
er4_m60_s8,er4,cold,1,12510,0.88
er4_m60_s8,er4,cold,1,12560,0.88
er4_m60_s8,er4,cold,1,12610,0.88
er4_m60_s8,er4,cold,1,12660,0.88
er4_m60_s8,er4,cold,1,12710,0.88
er4_m60_s8,er4,cold,1,12760,0.88
er4_m60_s8,er4,cold,1,12810,0.88
er4_m60_s8,er4,cold,1,12860,0.88
er4_m60_s8,er4,cold,1,12910,0.88
er4_m60_s8,er4,cold,1,12960,0.88
er4_m60_s8,er4,cold,1,13010,0.88
er4_m60_s8,er4,cold,1,13060,0.88
er4_m60_s8,er4,cold,1,13110,0.88
er4_m60_s8,er4,cold,1,13160,0.88
er4_m60_s8,er4,cold,1,13210,0.88
er4_m60_s8,er4,cold,1,13260,0.88
er4_m60_s8,er4,cold,1,13310,0.88
er4_m60_s8,er4,cold,1,13360,0.88
er4_m60_s8,er4,cold,1,13410,0.88
er4_m60_s8,er4,cold,1,13460,0.88
er4_m60_s8,er4,cold,1,13510,0.88
er4_m60_s8,er4,cold,1,13560,0.88
er4_m60_s8,er4,cold,1,13610,0.88
er4_m60_s8,er4,cold,1,13660,0.88
er4_m60_s8,er4,cold,1,13710,0.88
er4_m60_s8,er4,cold,1,13760,0.88
er4_m60_s8,er4,cold,1,13810,0.88
er4_m60_s8,er4,cold,1,13860,0.88
er4_m60_s8,er4,cold,1,13910,0.88
er4_m60_s8,er4,cold,1,13960,0.88
er4_m60_s8,er4,cold,1,14010,0.88
er4_m60_s8,er4,cold,1,14060,0.88
er4_m60_s8,er4,cold,1,14110,0.88
er4_m60_s8,er4,cold,1,14160,0.88
er4_m60_s8,er4,cold,1,14210,0.88
er4_m60_s8,er4,cold,1,14260,0.88
er4_m60_s8,er4,cold,1,14310,0.88
er4_m60_s8,er4,cold,1,14360,0.88
er4_m60_s8,er4,cold,1,14410,0.88
er4_m60_s8,er4,cold,1,14460,0.88
er4_m60_s8,er4,cold,1,14510,0.88
er4_m60_s8,er4,cold,1,14560,0.88
er4_m60_s8,er4,cold,1,14610,0.88
er4_m60_s8,er4,cold,1,14660,0.88
er4_m60_s8,er4,cold,1,14710,0.88
er4_m60_s8,er4,cold,1,14760,0.88
er4_m60_s8,er4,cold,1,14810,0.88
er4_m60_s8,er4,cold,1,14860,0.88
er4_m60_s8,er4,cold,1,14910,0.88
er4_m60_s8,er4,cold,1,14960,0.88
er4_m60_s8,er4,cold,1,15010,0.88
er4_m60_s8,er4,cold,1,15060,0.88
er4_m60_s8,er4,cold,1,15110,0.88
er4_m60_s8,er4,cold,1,15160,0.88
er4_m60_s8,er4,cold,1,15210,0.88
er4_m60_s8,er4,cold,1,15260,0.88
er4_m60_s8,er4,cold,1,15310,0.88
er4_m60_s8,er4,cold,1,15360,0.88
er4_m60_s8,er4,cold,1,15410,0.88
er4_m60_s8,er4,cold,1,15460,0.88
er4_m60_s8,er4,cold,1,15510,0.88
er4_m60_s8,er4,cold,1,15560,0.88
er4_m60_s8,er4,cold,1,15610,0.88
er4_m60_s8,er4,cold,1,15660,0.88
er4_m60_s8,er4,cold,1,15710,0.88
er4_m60_s8,er4,cold,1,15760,0.88
er4_m60_s8,er4,cold,1,15810,0.88
er4_m60_s8,er4,cold,1,15860,0.88
er4_m60_s8,er4,cold,1,15910,0.88
er4_m60_s8,er4,cold,1,15960,0.88
er4_m60_s8,er4,cold,1,16010,0.88
er4_m60_s8,er4,cold,1,16060,0.88
er4_m60_s8,er4,cold,1,16110,0.88
er4_m60_s8,er4,cold,1,16160,0.88
er4_m60_s8,er4,cold,1,16210,0.88
er4_m60_s8,er4,cold,1,16260,0.88
er4_m60_s8,er4,cold,1,16310,0.88
er4_m60_s8,er4,cold,1,16360,0.88
er4_m60_s8,er4,cold,1,16410,0.88
er4_m60_s8,er4,cold,1,16460,0.88
er4_m60_s8,er4,cold,1,16510,0.88
er4_m60_s8,er4,cold,1,16560,0.88
er4_m60_s8,er4,cold,1,16610,0.88
er4_m60_s8,er4,cold,1,16660,0.88
er4_m60_s8,er4,cold,1,16710,0.88
er4_m60_s8,er4,cold,1,16760,0.88
er4_m60_s8,er4,cold,1,16810,0.88
er4_m60_s8,er4,cold,1,16860,0.88
er4_m60_s8,er4,cold,1,16910,0.88
er4_m60_s8,er4,cold,1,16960,0.88
er4_m60_s8,er4,cold,1,17010,0.88
er4_m60_s8,er4,cold,1,17060,0.88
er4_m60_s8,er4,cold,1,17110,0.88
er4_m60_s8,er4,cold,1,17160,0.88
er4_m60_s8,er4,cold,1,17210,0.88
er4_m60_s8,er4,cold,1,17260,0.88
er4_m60_s8,er4,cold,1,17310,0.88
er4_m60_s8,er4,cold,1,17360,0.88
er4_m60_s8,er4,cold,1,17410,0.88
er4_m60_s8,er4,cold,1,17460,0.88
er4_m60_s8,er4,cold,1,17510,0.88
er4_m60_s8,er4,cold,1,17560,0.88
er4_m60_s8,er4,cold,1,17610,0.88
er4_m60_s8,er4,cold,1,17660,0.88
er4_m60_s8,er4,cold,1,17710,0.88
er4_m60_s8,er4,cold,1,17760,0.88
er4_m60_s8,er4,cold,1,17810,0.88
er4_m60_s8,er4,cold,1,17860,0.88
er4_m60_s8,er4,cold,1,17910,0.88
er4_m60_s8,er4,cold,1,17960,0.88
er4_m60_s8,er4,cold,1,18010,0.88
er4_m60_s8,er4,cold,1,18060,0.88
er4_m60_s8,er4,cold,1,18110,0.88
er4_m60_s8,er4,cold,1,18160,0.88
er4_m60_s8,er4,cold,1,18210,0.88
er4_m60_s8,er4,cold,1,18260,0.88
er4_m60_s8,er4,cold,1,18310,0.88
er4_m60_s8,er4,cold,1,18360,0.88
er4_m60_s8,er4,cold,1,18410,0.88
er4_m60_s8,er4,cold,1,18460,0.88
er4_m60_s8,er4,cold,1,18510,0.88
er4_m60_s8,er4,cold,1,18560,0.88
er4_m60_s8,er4,cold,1,18610,0.88
er4_m60_s8,er4,cold,1,18660,0.88
er4_m60_s8,er4,cold,1,18710,0.88
er4_m60_s8,er4,cold,1,18760,0.88
er4_m60_s8,er4,cold,1,18810,0.88
er4_m60_s8,er4,cold,1,18860,0.88
er4_m60_s8,er4,cold,1,18910,0.88
er4_m60_s8,er4,cold,1,18960,0.88
er4_m60_s8,er4,cold,1,19010,0.88
er4_m60_s8,er4,cold,1,19060,0.88
er4_m60_s8,er4,cold,1,19110,0.88
er4_m60_s8,er4,cold,1,19160,0.88
er4_m60_s8,er4,cold,1,19210,0.88
er4_m60_s8,er4,cold,1,19260,0.88
er4_m60_s8,er4,cold,1,19310,0.88
er4_m60_s8,er4,cold,1,19360,0.88
er4_m60_s8,er4,cold,1,19410,0.88
er4_m60_s8,er4,cold,1,19460,0.88
er4_m60_s8,er4,cold,1,19510,0.88
er4_m60_s8,er4,cold,1,19560,0.88
er4_m60_s8,er4,cold,1,19610,0.88
er4_m60_s8,er4,cold,1,19660,0.88
er4_m60_s8,er4,cold,1,19710,0.88
er4_m60_s8,er4,cold,1,19760,0.88
er4_m60_s8,er4,cold,1,19810,0.88
er4_m60_s8,er4,cold,1,19860,0.88
er4_m60_s8,er4,cold,1,19910,0.88
er4_m60_s8,er4,cold,1,19960,0.88
er4_m60_s8,er4,cold,1,20010,0.88
er4_m60_s8,er4,prior_init,1,210,0.75
er4_m60_s8,er4,prior_init,1,260,0.8
er4_m60_s8,er4,prior_init,1,310,0.8
er4_m60_s8,er4,prior_init,1,360,0.8
er4_m60_s8,er4,prior_init,1,410,0.8
er4_m60_s8,er4,prior_init,1,460,0.8
er4_m60_s8,er4,prior_init,1,510,0.8
er4_m60_s8,er4,prior_init,1,560,0.8
er4_m60_s8,er4,prior_init,1,610,0.8
er4_m60_s8,er4,prior_init,1,660,0.82
er4_m60_s8,er4,prior_init,1,710,0.82
er4_m60_s8,er4,prior_init,1,760,0.82
er4_m60_s8,er4,prior_init,1,810,0.82
er4_m60_s8,er4,prior_init,1,860,0.82
er4_m60_s8,er4,prior_init,1,910,0.82
er4_m60_s8,er4,prior_init,1,960,0.82
er4_m60_s8,er4,prior_init,1,1010,0.82
er4_m60_s8,er4,prior_init,1,1060,0.82
er4_m60_s8,er4,prior_init,1,1110,0.82
er4_m60_s8,er4,prior_init,1,1160,0.82
er4_m60_s8,er4,prior_init,1,1210,0.82
er4_m60_s8,er4,prior_init,1,1260,0.82
er4_m60_s8,er4,prior_init,1,1310,0.85
er4_m60_s8,er4,prior_init,1,1360,0.85
er4_m60_s8,er4,prior_init,1,1410,0.85
er4_m60_s8,er4,prior_init,1,1460,0.85
er4_m60_s8,er4,prior_init,1,1510,0.85
er4_m60_s8,er4,prior_init,1,1560,0.85
er4_m60_s8,er4,prior_init,1,1610,0.85
er4_m60_s8,er4,prior_init,1,1660,0.85
er4_m60_s8,er4,prior_init,1,1710,0.83
er4_m60_s8,er4,prior_init,1,1760,0.83
er4_m60_s8,er4,prior_init,1,1810,0.83
er4_m60_s8,er4,prior_init,1,1860,0.83
er4_m60_s8,er4,prior_init,1,1910,0.83
er4_m60_s8,er4,prior_init,1,1960,0.83
er4_m60_s8,er4,prior_init,1,2010,0.83
er4_m60_s8,er4,prior_init,1,2060,0.83
er4_m60_s8,er4,prior_init,1,2110,0.83
er4_m60_s8,er4,prior_init,1,2160,0.83
er4_m60_s8,er4,prior_init,1,2210,0.83
er4_m60_s8,er4,prior_init,1,2260,0.83
er4_m60_s8,er4,prior_init,1,2310,0.82
er4_m60_s8,er4,prior_init,1,2360,0.82
er4_m60_s8,er4,prior_init,1,2410,0.82
er4_m60_s8,er4,prior_init,1,2460,0.82
er4_m60_s8,er4,prior_init,1,2510,0.82
er4_m60_s8,er4,prior_init,1,2560,0.82
er4_m60_s8,er4,prior_init,1,2610,0.83
er4_m60_s8,er4,prior_init,1,2660,0.83
er4_m60_s8,er4,prior_init,1,2710,0.83
er4_m60_s8,er4,prior_init,1,2760,0.83
er4_m60_s8,er4,prior_init,1,2810,0.83
er4_m60_s8,er4,prior_init,1,2860,0.83
er4_m60_s8,er4,prior_init,1,2910,0.83
er4_m60_s8,er4,prior_init,1,2960,0.83
er4_m60_s8,er4,prior_init,1,3010,0.83
er4_m60_s8,er4,prior_init,1,3060,0.83
er4_m60_s8,er4,prior_init,1,3110,0.85
er4_m60_s8,er4,prior_init,1,3160,0.85
er4_m60_s8,er4,prior_init,1,3210,0.85
er4_m60_s8,er4,prior_init,1,3260,0.85
er4_m60_s8,er4,prior_init,1,3310,0.85
er4_m60_s8,er4,prior_init,1,3360,0.85
er4_m60_s8,er4,prior_init,1,3410,0.85
er4_m60_s8,er4,prior_init,1,3460,0.85
er4_m60_s8,er4,prior_init,1,3510,0.85
er4_m60_s8,er4,prior_init,1,3560,0.85
er4_m60_s8,er4,prior_init,1,3610,0.85
er4_m60_s8,er4,prior_init,1,3660,0.85
er4_m60_s8,er4,prior_init,1,3710,0.85
er4_m60_s8,er4,prior_init,1,3760,0.85
er4_m60_s8,er4,prior_init,1,3810,0.85
er4_m60_s8,er4,prior_init,1,3860,0.85
er4_m60_s8,er4,prior_init,1,3910,0.85
er4_m60_s8,er4,prior_init,1,3960,0.85
er4_m60_s8,er4,prior_init,1,4010,0.85
er4_m60_s8,er4,prior_init,1,4060,0.85
er4_m60_s8,er4,prior_init,1,4110,0.85
er4_m60_s8,er4,prior_init,1,4160,0.85
er4_m60_s8,er4,prior_init,1,4210,0.85
er4_m60_s8,er4,prior_init,1,4260,0.85
er4_m60_s8,er4,prior_init,1,4310,0.85
er4_m60_s8,er4,prior_init,1,4360,0.85
er4_m60_s8,er4,prior_init,1,4410,0.86
er4_m60_s8,er4,prior_init,1,4460,0.86
er4_m60_s8,er4,prior_init,1,4510,0.86
er4_m60_s8,er4,prior_init,1,4560,0.86
er4_m60_s8,er4,prior_init,1,4610,0.86
er4_m60_s8,er4,prior_init,1,4660,0.86
er4_m60_s8,er4,prior_init,1,4710,0.86
er4_m60_s8,er4,prior_init,1,4760,0.86
er4_m60_s8,er4,prior_init,1,4810,0.86
er4_m60_s8,er4,prior_init,1,4860,0.86
er4_m60_s8,er4,prior_init,1,4910,0.86
er4_m60_s8,er4,prior_init,1,4960,0.86
er4_m60_s8,er4,prior_init,1,5010,0.86
er4_m60_s8,er4,prior_init,1,5060,0.86
er4_m60_s8,er4,prior_init,1,5110,0.86
er4_m60_s8,er4,prior_init,1,5160,0.86
er4_m60_s8,er4,prior_init,1,5210,0.86
er4_m60_s8,er4,prior_init,1,5260,0.86
er4_m60_s8,er4,prior_init,1,5310,0.86
er4_m60_s8,er4,prior_init,1,5360,0.86
er4_m60_s8,er4,prior_init,1,5410,0.86
er4_m60_s8,er4,prior_init,1,5460,0.86
er4_m60_s8,er4,prior_init,1,5510,0.86
er4_m60_s8,er4,prior_init,1,5560,0.86
er4_m60_s8,er4,prior_init,1,5610,0.88
er4_m60_s8,er4,prior_init,1,5660,0.88
er4_m60_s8,er4,prior_init,1,5710,0.88
er4_m60_s8,er4,prior_init,1,5760,0.88
er4_m60_s8,er4,prior_init,1,5810,0.88
er4_m60_s8,er4,prior_init,1,5860,0.88
er4_m60_s8,er4,prior_init,1,5910,0.88
er4_m60_s8,er4,prior_init,1,5960,0.88
er4_m60_s8,er4,prior_init,1,6010,0.88
er4_m60_s8,er4,prior_init,1,6060,0.88
er4_m60_s8,er4,prior_init,1,6110,0.88
er4_m60_s8,er4,prior_init,1,6160,0.88
er4_m60_s8,er4,prior_init,1,6210,0.88
er4_m60_s8,er4,prior_init,1,6260,0.87
er4_m60_s8,er4,prior_init,1,6310,0.87
er4_m60_s8,er4,prior_init,1,6360,0.89
er4_m60_s8,er4,prior_init,1,6410,0.89
er4_m60_s8,er4,prior_init,1,6460,0.89
er4_m60_s8,er4,prior_init,1,6510,0.89
er4_m60_s8,er4,prior_init,1,6560,0.89
er4_m60_s8,er4,prior_init,1,6610,0.88
er4_m60_s8,er4,prior_init,1,6660,0.88
er4_m60_s8,er4,prior_init,1,6710,0.88
er4_m60_s8,er4,prior_init,1,6760,0.88
er4_m60_s8,er4,prior_init,1,6810,0.88
er4_m60_s8,er4,prior_init,1,6860,0.88
er4_m60_s8,er4,prior_init,1,6910,0.88
er4_m60_s8,er4,prior_init,1,6960,0.88
er4_m60_s8,er4,prior_init,1,7010,0.88
er4_m60_s8,er4,prior_init,1,7060,0.88
er4_m60_s8,er4,prior_init,1,7110,0.88
er4_m60_s8,er4,prior_init,1,7160,0.88
er4_m60_s8,er4,prior_init,1,7210,0.88
er4_m60_s8,er4,prior_init,1,7260,0.89
er4_m60_s8,er4,prior_init,1,7310,0.89
er4_m60_s8,er4,prior_init,1,7360,0.89
er4_m60_s8,er4,prior_init,1,7410,0.89
er4_m60_s8,er4,prior_init,1,7460,0.9
er4_m60_s8,er4,prior_init,1,7510,0.9
er4_m60_s8,er4,prior_init,1,7560,0.9
er4_m60_s8,er4,prior_init,1,7610,0.89
er4_m60_s8,er4,prior_init,1,7660,0.89
er4_m60_s8,er4,prior_init,1,7710,0.89
er4_m60_s8,er4,prior_init,1,7760,0.9
er4_m60_s8,er4,prior_init,1,7810,0.9
er4_m60_s8,er4,prior_init,1,7860,0.9
er4_m60_s8,er4,prior_init,1,7910,0.92
er4_m60_s8,er4,prior_init,1,7960,0.92
er4_m60_s8,er4,prior_init,1,8010,0.92
er4_m60_s8,er4,prior_init,1,8060,0.92
er4_m60_s8,er4,prior_init,1,8110,0.92
er4_m60_s8,er4,prior_init,1,8160,0.92
er4_m60_s8,er4,prior_init,1,8210,0.92
er4_m60_s8,er4,prior_init,1,8260,0.92
er4_m60_s8,er4,prior_init,1,8310,0.92
er4_m60_s8,er4,prior_init,1,8360,0.92
er4_m60_s8,er4,prior_init,1,8410,0.92
er4_m60_s8,er4,prior_init,1,8460,0.92
er4_m60_s8,er4,prior_init,1,8510,0.92
er4_m60_s8,er4,prior_init,1,8560,0.92
er4_m60_s8,er4,prior_init,1,8610,0.92
er4_m60_s8,er4,prior_init,1,8660,0.92
er4_m60_s8,er4,prior_init,1,8710,0.92
er4_m60_s8,er4,prior_init,1,8760,0.92
er4_m60_s8,er4,prior_init,1,8810,0.92
er4_m60_s8,er4,prior_init,1,8860,0.92
er4_m60_s8,er4,prior_init,1,8910,0.92
er4_m60_s8,er4,prior_init,1,8960,0.92
er4_m60_s8,er4,prior_init,1,9010,0.92
er4_m60_s8,er4,prior_init,1,9060,0.92
er4_m60_s8,er4,prior_init,1,9110,0.92
er4_m60_s8,er4,prior_init,1,9160,0.92
er4_m60_s8,er4,prior_init,1,9210,0.92
er4_m60_s8,er4,prior_init,1,9260,0.92
er4_m60_s8,er4,prior_init,1,9310,0.92
er4_m60_s8,er4,prior_init,1,9360,0.92
er4_m60_s8,er4,prior_init,1,9410,0.92
er4_m60_s8,er4,prior_init,1,9460,0.92
er4_m60_s8,er4,prior_init,1,9510,0.92
er4_m60_s8,er4,prior_init,1,9560,0.92
er4_m60_s8,er4,prior_init,1,9610,0.92
er4_m60_s8,er4,prior_init,1,9660,0.92
er4_m60_s8,er4,prior_init,1,9710,0.92
er4_m60_s8,er4,prior_init,1,9760,0.92
er4_m60_s8,er4,prior_init,1,9810,0.92
er4_m60_s8,er4,prior_init,1,9860,0.92
er4_m60_s8,er4,prior_init,1,9910,0.92
er4_m60_s8,er4,prior_init,1,9960,0.92
er4_m60_s8,er4,prior_init,1,10010,0.92
er4_m60_s8,er4,prior_init,1,10060,0.92
er4_m60_s8,er4,prior_init,1,10110,0.92
er4_m60_s8,er4,prior_init,1,10160,0.92
er4_m60_s8,er4,prior_init,1,10210,0.92
er4_m60_s8,er4,prior_init,1,10260,0.92
er4_m60_s8,er4,prior_init,1,10310,0.92
er4_m60_s8,er4,prior_init,1,10360,0.92
er4_m60_s8,er4,prior_init,1,10410,0.92
er4_m60_s8,er4,prior_init,1,10460,0.92
er4_m60_s8,er4,prior_init,1,10510,0.92
er4_m60_s8,er4,prior_init,1,10560,0.92
er4_m60_s8,er4,prior_init,1,10610,0.92
er4_m60_s8,er4,prior_init,1,10660,0.92
er4_m60_s8,er4,prior_init,1,10710,0.92
er4_m60_s8,er4,prior_init,1,10760,0.92
er4_m60_s8,er4,prior_init,1,10810,0.92
er4_m60_s8,er4,prior_init,1,10860,0.92
er4_m60_s8,er4,prior_init,1,10910,0.92
er4_m60_s8,er4,prior_init,1,10960,0.92
er4_m60_s8,er4,prior_init,1,11010,0.92
er4_m60_s8,er4,prior_init,1,11060,0.92
er4_m60_s8,er4,prior_init,1,11110,0.92
er4_m60_s8,er4,prior_init,1,11160,0.92
er4_m60_s8,er4,prior_init,1,11210,0.92
er4_m60_s8,er4,prior_init,1,11260,0.92
er4_m60_s8,er4,prior_init,1,11310,0.92
er4_m60_s8,er4,prior_init,1,11360,0.92
er4_m60_s8,er4,prior_init,1,11410,0.92
er4_m60_s8,er4,prior_init,1,11460,0.92
er4_m60_s8,er4,prior_init,1,11510,0.92
er4_m60_s8,er4,prior_init,1,11560,0.92
er4_m60_s8,er4,prior_init,1,11610,0.92
er4_m60_s8,er4,prior_init,1,11660,0.92
er4_m60_s8,er4,prior_init,1,11710,0.92
er4_m60_s8,er4,prior_init,1,11760,0.92
er4_m60_s8,er4,prior_init,1,11810,0.92
er4_m60_s8,er4,prior_init,1,11860,0.92
er4_m60_s8,er4,prior_init,1,11910,0.92
er4_m60_s8,er4,prior_init,1,11960,0.92
er4_m60_s8,er4,prior_init,1,12010,0.92
er4_m60_s8,er4,prior_init,1,12060,0.92
er4_m60_s8,er4,prior_init,1,12110,0.92
er4_m60_s8,er4,prior_init,1,12160,0.92
er4_m60_s8,er4,prior_init,1,12210,0.92
er4_m60_s8,er4,prior_init,1,12260,0.92
er4_m60_s8,er4,prior_init,1,12310,0.92
er4_m60_s8,er4,prior_init,1,12360,0.92
er4_m60_s8,er4,prior_init,1,12410,0.92
er4_m60_s8,er4,prior_init,1,12460,0.92
er4_m60_s8,er4,prior_init,1,12510,0.92
er4_m60_s8,er4,prior_init,1,12560,0.93
er4_m60_s8,er4,prior_init,1,12610,0.93
er4_m60_s8,er4,prior_init,1,12660,0.93
er4_m60_s8,er4,prior_init,1,12710,0.93
er4_m60_s8,er4,prior_init,1,12760,0.93
er4_m60_s8,er4,prior_init,1,12810,0.93
er4_m60_s8,er4,prior_init,1,12860,0.93
er4_m60_s8,er4,prior_init,1,12910,0.93
er4_m60_s8,er4,prior_init,1,12960,0.93
er4_m60_s8,er4,prior_init,1,13010,0.93
er4_m60_s8,er4,prior_init,1,13060,0.93
er4_m60_s8,er4,prior_init,1,13110,0.93
er4_m60_s8,er4,prior_init,1,13160,0.93
er4_m60_s8,er4,prior_init,1,13210,0.93
er4_m60_s8,er4,prior_init,1,13260,0.93
er4_m60_s8,er4,prior_init,1,13310,0.93
er4_m60_s8,er4,prior_init,1,13360,0.93
er4_m60_s8,er4,prior_init,1,13410,0.93
er4_m60_s8,er4,prior_init,1,13460,0.93
er4_m60_s8,er4,prior_init,1,13510,0.93
er4_m60_s8,er4,prior_init,1,13560,0.93
er4_m60_s8,er4,prior_init,1,13610,0.93
er4_m60_s8,er4,prior_init,1,13660,0.93
er4_m60_s8,er4,prior_init,1,13710,0.93
er4_m60_s8,er4,prior_init,1,13760,0.93
er4_m60_s8,er4,prior_init,1,13810,0.93
er4_m60_s8,er4,prior_init,1,13860,0.93
er4_m60_s8,er4,prior_init,1,13910,0.93
er4_m60_s8,er4,prior_init,1,13960,0.93
er4_m60_s8,er4,prior_init,1,14010,0.93
er4_m60_s8,er4,prior_init,1,14060,0.93
er4_m60_s8,er4,prior_init,1,14110,0.93
er4_m60_s8,er4,prior_init,1,14160,0.93
er4_m60_s8,er4,prior_init,1,14210,0.93
er4_m60_s8,er4,prior_init,1,14260,0.93
er4_m60_s8,er4,prior_init,1,14310,0.93
er4_m60_s8,er4,prior_init,1,14360,0.93
er4_m60_s8,er4,prior_init,1,14410,0.93
er4_m60_s8,er4,prior_init,1,14460,0.93
er4_m60_s8,er4,prior_init,1,14510,0.93
er4_m60_s8,er4,prior_init,1,14560,0.93
er4_m60_s8,er4,prior_init,1,14610,0.93
er4_m60_s8,er4,prior_init,1,14660,0.93
er4_m60_s8,er4,prior_init,1,14710,0.93
er4_m60_s8,er4,prior_init,1,14760,0.93
er4_m60_s8,er4,prior_init,1,14810,0.93
er4_m60_s8,er4,prior_init,1,14860,0.93
er4_m60_s8,er4,prior_init,1,14910,0.93
er4_m60_s8,er4,prior_init,1,14960,0.93
er4_m60_s8,er4,prior_init,1,15010,0.93
er4_m60_s8,er4,prior_init,1,15060,0.93
er4_m60_s8,er4,prior_init,1,15110,0.93
er4_m60_s8,er4,prior_init,1,15160,0.93
er4_m60_s8,er4,prior_init,1,15210,0.93
er4_m60_s8,er4,prior_init,1,15260,0.93
er4_m60_s8,er4,prior_init,1,15310,0.93
er4_m60_s8,er4,prior_init,1,15360,0.93
er4_m60_s8,er4,prior_init,1,15410,0.93
er4_m60_s8,er4,prior_init,1,15460,0.93
er4_m60_s8,er4,prior_init,1,15510,0.93
er4_m60_s8,er4,prior_init,1,15560,0.93
er4_m60_s8,er4,prior_init,1,15610,0.93
er4_m60_s8,er4,prior_init,1,15660,0.93
er4_m60_s8,er4,prior_init,1,15710,0.93
er4_m60_s8,er4,prior_init,1,15760,0.93
er4_m60_s8,er4,prior_init,1,15810,0.93
er4_m60_s8,er4,prior_init,1,15860,0.93
er4_m60_s8,er4,prior_init,1,15910,0.93
er4_m60_s8,er4,prior_init,1,15960,0.93
er4_m60_s8,er4,prior_init,1,16010,0.93
er4_m60_s8,er4,prior_init,1,16060,0.93
er4_m60_s8,er4,prior_init,1,16110,0.93
er4_m60_s8,er4,prior_init,1,16160,0.93
er4_m60_s8,er4,prior_init,1,16210,0.93
er4_m60_s8,er4,prior_init,1,16260,0.93
er4_m60_s8,er4,prior_init,1,16310,0.93
er4_m60_s8,er4,prior_init,1,16360,0.93
er4_m60_s8,er4,prior_init,1,16410,0.93
er4_m60_s8,er4,prior_init,1,16460,0.93
er4_m60_s8,er4,prior_init,1,16510,0.93
er4_m60_s8,er4,prior_init,1,16560,0.93
er4_m60_s8,er4,prior_init,1,16610,0.93
er4_m60_s8,er4,prior_init,1,16660,0.93
er4_m60_s8,er4,prior_init,1,16710,0.93
er4_m60_s8,er4,prior_init,1,16760,0.93
er4_m60_s8,er4,prior_init,1,16810,0.93
er4_m60_s8,er4,prior_init,1,16860,0.93
er4_m60_s8,er4,prior_init,1,16910,0.93
er4_m60_s8,er4,prior_init,1,16960,0.93
er4_m60_s8,er4,prior_init,1,17010,0.93
er4_m60_s8,er4,prior_init,1,17060,0.93
er4_m60_s8,er4,prior_init,1,17110,0.93
er4_m60_s8,er4,prior_init,1,17160,0.93
er4_m60_s8,er4,prior_init,1,17210,0.93
er4_m60_s8,er4,prior_init,1,17260,0.93
er4_m60_s8,er4,prior_init,1,17310,0.93
er4_m60_s8,er4,prior_init,1,17360,0.93
er4_m60_s8,er4,prior_init,1,17410,0.93
er4_m60_s8,er4,prior_init,1,17460,0.93
er4_m60_s8,er4,prior_init,1,17510,0.93
er4_m60_s8,er4,prior_init,1,17560,0.93
er4_m60_s8,er4,prior_init,1,17610,0.93
er4_m60_s8,er4,prior_init,1,17660,0.93
er4_m60_s8,er4,prior_init,1,17710,0.93
er4_m60_s8,er4,prior_init,1,17760,0.93
er4_m60_s8,er4,prior_init,1,17810,0.93
er4_m60_s8,er4,prior_init,1,17860,0.93
er4_m60_s8,er4,prior_init,1,17910,0.93
er4_m60_s8,er4,prior_init,1,17960,0.93
er4_m60_s8,er4,prior_init,1,18010,0.93
er4_m60_s8,er4,prior_init,1,18060,0.93
er4_m60_s8,er4,prior_init,1,18110,0.93
er4_m60_s8,er4,prior_init,1,18160,0.93
er4_m60_s8,er4,prior_init,1,18210,0.93
er4_m60_s8,er4,prior_init,1,18260,0.93
er4_m60_s8,er4,prior_init,1,18310,0.93
er4_m60_s8,er4,prior_init,1,18360,0.93
er4_m60_s8,er4,prior_init,1,18410,0.93
er4_m60_s8,er4,prior_init,1,18460,0.93
er4_m60_s8,er4,prior_init,1,18510,0.93
er4_m60_s8,er4,prior_init,1,18560,0.93
er4_m60_s8,er4,prior_init,1,18610,0.93
er4_m60_s8,er4,prior_init,1,18660,0.93
er4_m60_s8,er4,prior_init,1,18710,0.93
er4_m60_s8,er4,prior_init,1,18760,0.93
er4_m60_s8,er4,prior_init,1,18810,0.93
er4_m60_s8,er4,prior_init,1,18860,0.93
er4_m60_s8,er4,prior_init,1,18910,0.93
er4_m60_s8,er4,prior_init,1,18960,0.93
er4_m60_s8,er4,prior_init,1,19010,0.93
er4_m60_s8,er4,prior_init,1,19060,0.93
er4_m60_s8,er4,prior_init,1,19110,0.93
er4_m60_s8,er4,prior_init,1,19160,0.93
er4_m60_s8,er4,prior_init,1,19210,0.93
er4_m60_s8,er4,prior_init,1,19260,0.93
er4_m60_s8,er4,prior_init,1,19310,0.93
er4_m60_s8,er4,prior_init,1,19360,0.93
er4_m60_s8,er4,prior_init,1,19410,0.93
er4_m60_s8,er4,prior_init,1,19460,0.93
er4_m60_s8,er4,prior_init,1,19510,0.93
er4_m60_s8,er4,prior_init,1,19560,0.93
er4_m60_s8,er4,prior_init,1,19610,0.93
er4_m60_s8,er4,prior_init,1,19660,0.93
er4_m60_s8,er4,prior_init,1,19710,0.93
er4_m60_s8,er4,prior_init,1,19760,0.93
er4_m60_s8,er4,prior_init,1,19810,0.93
er4_m60_s8,er4,prior_init,1,19860,0.93
er4_m60_s8,er4,prior_init,1,19910,0.93
er4_m60_s8,er4,prior_init,1,19960,0.93
er4_m60_s8,er4,prior_init,1,20010,0.93
er4_m60_s8,er4,prior_prop,1,10,0.6
er4_m60_s8,er4,prior_prop,1,60,0.68
er4_m60_s8,er4,prior_prop,1,110,0.72
er4_m60_s8,er4,prior_prop,1,160,0.8
er4_m60_s8,er4,prior_prop,1,210,0.8
er4_m60_s8,er4,prior_prop,1,260,0.82
er4_m60_s8,er4,prior_prop,1,310,0.81
er4_m60_s8,er4,prior_prop,1,360,0.82
er4_m60_s8,er4,prior_prop,1,410,0.86
er4_m60_s8,er4,prior_prop,1,460,0.86
er4_m60_s8,er4,prior_prop,1,510,0.86
er4_m60_s8,er4,prior_prop,1,560,0.86
er4_m60_s8,er4,prior_prop,1,610,0.86
er4_m60_s8,er4,prior_prop,1,660,0.86
er4_m60_s8,er4,prior_prop,1,710,0.85
er4_m60_s8,er4,prior_prop,1,760,0.85
er4_m60_s8,er4,prior_prop,1,810,0.85
er4_m60_s8,er4,prior_prop,1,860,0.85
er4_m60_s8,er4,prior_prop,1,910,0.85
er4_m60_s8,er4,prior_prop,1,960,0.85
er4_m60_s8,er4,prior_prop,1,1010,0.86
er4_m60_s8,er4,prior_prop,1,1060,0.86
er4_m60_s8,er4,prior_prop,1,1110,0.86
er4_m60_s8,er4,prior_prop,1,1160,0.86
er4_m60_s8,er4,prior_prop,1,1210,0.86
er4_m60_s8,er4,prior_prop,1,1260,0.86
er4_m60_s8,er4,prior_prop,1,1310,0.86
er4_m60_s8,er4,prior_prop,1,1360,0.86
er4_m60_s8,er4,prior_prop,1,1410,0.86
er4_m60_s8,er4,prior_prop,1,1460,0.86
er4_m60_s8,er4,prior_prop,1,1510,0.88
er4_m60_s8,er4,prior_prop,1,1560,0.88
er4_m60_s8,er4,prior_prop,1,1610,0.88
er4_m60_s8,er4,prior_prop,1,1660,0.88
er4_m60_s8,er4,prior_prop,1,1710,0.88
er4_m60_s8,er4,prior_prop,1,1760,0.88
er4_m60_s8,er4,prior_prop,1,1810,0.88
er4_m60_s8,er4,prior_prop,1,1860,0.88
er4_m60_s8,er4,prior_prop,1,1910,0.88
er4_m60_s8,er4,prior_prop,1,1960,0.88
er4_m60_s8,er4,prior_prop,1,2010,0.88
er4_m60_s8,er4,prior_prop,1,2060,0.88
er4_m60_s8,er4,prior_prop,1,2110,0.88
er4_m60_s8,er4,prior_prop,1,2160,0.88
er4_m60_s8,er4,prior_prop,1,2210,0.88
er4_m60_s8,er4,prior_prop,1,2260,0.88
er4_m60_s8,er4,prior_prop,1,2310,0.88
er4_m60_s8,er4,prior_prop,1,2360,0.88
er4_m60_s8,er4,prior_prop,1,2410,0.88
er4_m60_s8,er4,prior_prop,1,2460,0.88
er4_m60_s8,er4,prior_prop,1,2510,0.88
er4_m60_s8,er4,prior_prop,1,2560,0.88
er4_m60_s8,er4,prior_prop,1,2610,0.88
er4_m60_s8,er4,prior_prop,1,2660,0.88
er4_m60_s8,er4,prior_prop,1,2710,0.88
er4_m60_s8,er4,prior_prop,1,2760,0.88
er4_m60_s8,er4,prior_prop,1,2810,0.88
er4_m60_s8,er4,prior_prop,1,2860,0.88
er4_m60_s8,er4,prior_prop,1,2910,0.89
er4_m60_s8,er4,prior_prop,1,2960,0.89
er4_m60_s8,er4,prior_prop,1,3010,0.89
er4_m60_s8,er4,prior_prop,1,3060,0.89
er4_m60_s8,er4,prior_prop,1,3110,0.88
er4_m60_s8,er4,prior_prop,1,3160,0.88
er4_m60_s8,er4,prior_prop,1,3210,0.88
er4_m60_s8,er4,prior_prop,1,3260,0.88
er4_m60_s8,er4,prior_prop,1,3310,0.88
er4_m60_s8,er4,prior_prop,1,3360,0.88
er4_m60_s8,er4,prior_prop,1,3410,0.88
er4_m60_s8,er4,prior_prop,1,3460,0.88
er4_m60_s8,er4,prior_prop,1,3510,0.88
er4_m60_s8,er4,prior_prop,1,3560,0.88
er4_m60_s8,er4,prior_prop,1,3610,0.88
er4_m60_s8,er4,prior_prop,1,3660,0.88
er4_m60_s8,er4,prior_prop,1,3710,0.88
er4_m60_s8,er4,prior_prop,1,3760,0.88
er4_m60_s8,er4,prior_prop,1,3810,0.88
er4_m60_s8,er4,prior_prop,1,3860,0.88
er4_m60_s8,er4,prior_prop,1,3910,0.88
er4_m60_s8,er4,prior_prop,1,3960,0.88
er4_m60_s8,er4,prior_prop,1,4010,0.88
er4_m60_s8,er4,prior_prop,1,4060,0.88
er4_m60_s8,er4,prior_prop,1,4110,0.88
er4_m60_s8,er4,prior_prop,1,4160,0.88
er4_m60_s8,er4,prior_prop,1,4210,0.88
er4_m60_s8,er4,prior_prop,1,4260,0.88
er4_m60_s8,er4,prior_prop,1,4310,0.88
er4_m60_s8,er4,prior_prop,1,4360,0.88
er4_m60_s8,er4,prior_prop,1,4410,0.88
er4_m60_s8,er4,prior_prop,1,4460,0.88
er4_m60_s8,er4,prior_prop,1,4510,0.88
er4_m60_s8,er4,prior_prop,1,4560,0.88
er4_m60_s8,er4,prior_prop,1,4610,0.88
er4_m60_s8,er4,prior_prop,1,4660,0.88
er4_m60_s8,er4,prior_prop,1,4710,0.88
er4_m60_s8,er4,prior_prop,1,4760,0.88
er4_m60_s8,er4,prior_prop,1,4810,0.88
er4_m60_s8,er4,prior_prop,1,4860,0.88
er4_m60_s8,er4,prior_prop,1,4910,0.88
er4_m60_s8,er4,prior_prop,1,4960,0.88
er4_m60_s8,er4,prior_prop,1,5010,0.88
er4_m60_s8,er4,prior_prop,1,5060,0.88
er4_m60_s8,er4,prior_prop,1,5110,0.88
er4_m60_s8,er4,prior_prop,1,5160,0.88
er4_m60_s8,er4,prior_prop,1,5210,0.88
er4_m60_s8,er4,prior_prop,1,5260,0.88
er4_m60_s8,er4,prior_prop,1,5310,0.88
er4_m60_s8,er4,prior_prop,1,5360,0.88
er4_m60_s8,er4,prior_prop,1,5410,0.88
er4_m60_s8,er4,prior_prop,1,5460,0.88
er4_m60_s8,er4,prior_prop,1,5510,0.88
er4_m60_s8,er4,prior_prop,1,5560,0.88
er4_m60_s8,er4,prior_prop,1,5610,0.88
er4_m60_s8,er4,prior_prop,1,5660,0.88
er4_m60_s8,er4,prior_prop,1,5710,0.88
er4_m60_s8,er4,prior_prop,1,5760,0.88
er4_m60_s8,er4,prior_prop,1,5810,0.88
er4_m60_s8,er4,prior_prop,1,5860,0.88
er4_m60_s8,er4,prior_prop,1,5910,0.88
er4_m60_s8,er4,prior_prop,1,5960,0.88
er4_m60_s8,er4,prior_prop,1,6010,0.88
er4_m60_s8,er4,prior_prop,1,6060,0.88
er4_m60_s8,er4,prior_prop,1,6110,0.88
er4_m60_s8,er4,prior_prop,1,6160,0.88
er4_m60_s8,er4,prior_prop,1,6210,0.88
er4_m60_s8,er4,prior_prop,1,6260,0.88
er4_m60_s8,er4,prior_prop,1,6310,0.88
er4_m60_s8,er4,prior_prop,1,6360,0.88
er4_m60_s8,er4,prior_prop,1,6410,0.88
er4_m60_s8,er4,prior_prop,1,6460,0.88
er4_m60_s8,er4,prior_prop,1,6510,0.88
er4_m60_s8,er4,prior_prop,1,6560,0.88
er4_m60_s8,er4,prior_prop,1,6610,0.88
er4_m60_s8,er4,prior_prop,1,6660,0.88
er4_m60_s8,er4,prior_prop,1,6710,0.88
er4_m60_s8,er4,prior_prop,1,6760,0.88
er4_m60_s8,er4,prior_prop,1,6810,0.88
er4_m60_s8,er4,prior_prop,1,6860,0.88
er4_m60_s8,er4,prior_prop,1,6910,0.88
er4_m60_s8,er4,prior_prop,1,6960,0.88
er4_m60_s8,er4,prior_prop,1,7010,0.88
er4_m60_s8,er4,prior_prop,1,7060,0.88
er4_m60_s8,er4,prior_prop,1,7110,0.88
er4_m60_s8,er4,prior_prop,1,7160,0.88
er4_m60_s8,er4,prior_prop,1,7210,0.88
er4_m60_s8,er4,prior_prop,1,7260,0.88
er4_m60_s8,er4,prior_prop,1,7310,0.88
er4_m60_s8,er4,prior_prop,1,7360,0.88
er4_m60_s8,er4,prior_prop,1,7410,0.88
er4_m60_s8,er4,prior_prop,1,7460,0.88
er4_m60_s8,er4,prior_prop,1,7510,0.88
er4_m60_s8,er4,prior_prop,1,7560,0.88
er4_m60_s8,er4,prior_prop,1,7610,0.88
er4_m60_s8,er4,prior_prop,1,7660,0.88
er4_m60_s8,er4,prior_prop,1,7710,0.88
er4_m60_s8,er4,prior_prop,1,7760,0.88
er4_m60_s8,er4,prior_prop,1,7810,0.88
er4_m60_s8,er4,prior_prop,1,7860,0.88
er4_m60_s8,er4,prior_prop,1,7910,0.88
er4_m60_s8,er4,prior_prop,1,7960,0.88
er4_m60_s8,er4,prior_prop,1,8010,0.88
er4_m60_s8,er4,prior_prop,1,8060,0.88
er4_m60_s8,er4,prior_prop,1,8110,0.88
er4_m60_s8,er4,prior_prop,1,8160,0.88
er4_m60_s8,er4,prior_prop,1,8210,0.88
er4_m60_s8,er4,prior_prop,1,8260,0.88
er4_m60_s8,er4,prior_prop,1,8310,0.88
er4_m60_s8,er4,prior_prop,1,8360,0.88
er4_m60_s8,er4,prior_prop,1,8410,0.88
er4_m60_s8,er4,prior_prop,1,8460,0.88
er4_m60_s8,er4,prior_prop,1,8510,0.88
er4_m60_s8,er4,prior_prop,1,8560,0.88
er4_m60_s8,er4,prior_prop,1,8610,0.88
er4_m60_s8,er4,prior_prop,1,8660,0.88
er4_m60_s8,er4,prior_prop,1,8710,0.88
er4_m60_s8,er4,prior_prop,1,8760,0.88
er4_m60_s8,er4,prior_prop,1,8810,0.88
er4_m60_s8,er4,prior_prop,1,8860,0.88
er4_m60_s8,er4,prior_prop,1,8910,0.88
er4_m60_s8,er4,prior_prop,1,8960,0.88
er4_m60_s8,er4,prior_prop,1,9010,0.88
er4_m60_s8,er4,prior_prop,1,9060,0.88
er4_m60_s8,er4,prior_prop,1,9110,0.88
er4_m60_s8,er4,prior_prop,1,9160,0.88
er4_m60_s8,er4,prior_prop,1,9210,0.88
er4_m60_s8,er4,prior_prop,1,9260,0.88
er4_m60_s8,er4,prior_prop,1,9310,0.88
er4_m60_s8,er4,prior_prop,1,9360,0.88
er4_m60_s8,er4,prior_prop,1,9410,0.88
er4_m60_s8,er4,prior_prop,1,9460,0.88
er4_m60_s8,er4,prior_prop,1,9510,0.88
er4_m60_s8,er4,prior_prop,1,9560,0.88
er4_m60_s8,er4,prior_prop,1,9610,0.88
er4_m60_s8,er4,prior_prop,1,9660,0.88
er4_m60_s8,er4,prior_prop,1,9710,0.88
er4_m60_s8,er4,prior_prop,1,9760,0.88
er4_m60_s8,er4,prior_prop,1,9810,0.88
er4_m60_s8,er4,prior_prop,1,9860,0.88
er4_m60_s8,er4,prior_prop,1,9910,0.88
er4_m60_s8,er4,prior_prop,1,9960,0.88
er4_m60_s8,er4,prior_prop,1,10010,0.88
er4_m60_s8,er4,prior_prop,1,10060,0.88
er4_m60_s8,er4,prior_prop,1,10110,0.88
er4_m60_s8,er4,prior_prop,1,10160,0.88
er4_m60_s8,er4,prior_prop,1,10210,0.88
er4_m60_s8,er4,prior_prop,1,10260,0.88
er4_m60_s8,er4,prior_prop,1,10310,0.88
er4_m60_s8,er4,prior_prop,1,10360,0.88
er4_m60_s8,er4,prior_prop,1,10410,0.88
er4_m60_s8,er4,prior_prop,1,10460,0.88
er4_m60_s8,er4,prior_prop,1,10510,0.88
er4_m60_s8,er4,prior_prop,1,10560,0.88
er4_m60_s8,er4,prior_prop,1,10610,0.88
er4_m60_s8,er4,prior_prop,1,10660,0.88
er4_m60_s8,er4,prior_prop,1,10710,0.88
er4_m60_s8,er4,prior_prop,1,10760,0.88
er4_m60_s8,er4,prior_prop,1,10810,0.88
er4_m60_s8,er4,prior_prop,1,10860,0.88
er4_m60_s8,er4,prior_prop,1,10910,0.88
er4_m60_s8,er4,prior_prop,1,10960,0.88
er4_m60_s8,er4,prior_prop,1,11010,0.88
er4_m60_s8,er4,prior_prop,1,11060,0.88
er4_m60_s8,er4,prior_prop,1,11110,0.88
er4_m60_s8,er4,prior_prop,1,11160,0.88
er4_m60_s8,er4,prior_prop,1,11210,0.88
er4_m60_s8,er4,prior_prop,1,11260,0.88
er4_m60_s8,er4,prior_prop,1,11310,0.88
er4_m60_s8,er4,prior_prop,1,11360,0.88
er4_m60_s8,er4,prior_prop,1,11410,0.88
er4_m60_s8,er4,prior_prop,1,11460,0.88
er4_m60_s8,er4,prior_prop,1,11510,0.88
er4_m60_s8,er4,prior_prop,1,11560,0.88
er4_m60_s8,er4,prior_prop,1,11610,0.88
er4_m60_s8,er4,prior_prop,1,11660,0.88
er4_m60_s8,er4,prior_prop,1,11710,0.88
er4_m60_s8,er4,prior_prop,1,11760,0.88
er4_m60_s8,er4,prior_prop,1,11810,0.88
er4_m60_s8,er4,prior_prop,1,11860,0.88
er4_m60_s8,er4,prior_prop,1,11910,0.88
er4_m60_s8,er4,prior_prop,1,11960,0.88
er4_m60_s8,er4,prior_prop,1,12010,0.88
er4_m60_s8,er4,prior_prop,1,12060,0.88
er4_m60_s8,er4,prior_prop,1,12110,0.88
er4_m60_s8,er4,prior_prop,1,12160,0.88
er4_m60_s8,er4,prior_prop,1,12210,0.88
er4_m60_s8,er4,prior_prop,1,12260,0.88
er4_m60_s8,er4,prior_prop,1,12310,0.88
er4_m60_s8,er4,prior_prop,1,12360,0.88
er4_m60_s8,er4,prior_prop,1,12410,0.88
er4_m60_s8,er4,prior_prop,1,12460,0.88
er4_m60_s8,er4,prior_prop,1,12510,0.88
er4_m60_s8,er4,prior_prop,1,12560,0.88
er4_m60_s8,er4,prior_prop,1,12610,0.88
er4_m60_s8,er4,prior_prop,1,12660,0.88
er4_m60_s8,er4,prior_prop,1,12710,0.88
er4_m60_s8,er4,prior_prop,1,12760,0.88
er4_m60_s8,er4,prior_prop,1,12810,0.88
er4_m60_s8,er4,prior_prop,1,12860,0.88
er4_m60_s8,er4,prior_prop,1,12910,0.88
er4_m60_s8,er4,prior_prop,1,12960,0.88
er4_m60_s8,er4,prior_prop,1,13010,0.88
er4_m60_s8,er4,prior_prop,1,13060,0.88
er4_m60_s8,er4,prior_prop,1,13110,0.88
er4_m60_s8,er4,prior_prop,1,13160,0.88
er4_m60_s8,er4,prior_prop,1,13210,0.88
er4_m60_s8,er4,prior_prop,1,13260,0.88
er4_m60_s8,er4,prior_prop,1,13310,0.88
er4_m60_s8,er4,prior_prop,1,13360,0.88
er4_m60_s8,er4,prior_prop,1,13410,0.88
er4_m60_s8,er4,prior_prop,1,13460,0.88
er4_m60_s8,er4,prior_prop,1,13510,0.88
er4_m60_s8,er4,prior_prop,1,13560,0.88
er4_m60_s8,er4,prior_prop,1,13610,0.88
er4_m60_s8,er4,prior_prop,1,13660,0.88
er4_m60_s8,er4,prior_prop,1,13710,0.88
er4_m60_s8,er4,prior_prop,1,13760,0.88
er4_m60_s8,er4,prior_prop,1,13810,0.88
er4_m60_s8,er4,prior_prop,1,13860,0.88
er4_m60_s8,er4,prior_prop,1,13910,0.88
er4_m60_s8,er4,prior_prop,1,13960,0.88
er4_m60_s8,er4,prior_prop,1,14010,0.88
er4_m60_s8,er4,prior_prop,1,14060,0.88
er4_m60_s8,er4,prior_prop,1,14110,0.88
er4_m60_s8,er4,prior_prop,1,14160,0.88
er4_m60_s8,er4,prior_prop,1,14210,0.88
er4_m60_s8,er4,prior_prop,1,14260,0.88
er4_m60_s8,er4,prior_prop,1,14310,0.88
er4_m60_s8,er4,prior_prop,1,14360,0.88
er4_m60_s8,er4,prior_prop,1,14410,0.88
er4_m60_s8,er4,prior_prop,1,14460,0.88
er4_m60_s8,er4,prior_prop,1,14510,0.88
er4_m60_s8,er4,prior_prop,1,14560,0.88
er4_m60_s8,er4,prior_prop,1,14610,0.88
er4_m60_s8,er4,prior_prop,1,14660,0.88
er4_m60_s8,er4,prior_prop,1,14710,0.88
er4_m60_s8,er4,prior_prop,1,14760,0.88
er4_m60_s8,er4,prior_prop,1,14810,0.88
er4_m60_s8,er4,prior_prop,1,14860,0.88
er4_m60_s8,er4,prior_prop,1,14910,0.88
er4_m60_s8,er4,prior_prop,1,14960,0.88
er4_m60_s8,er4,prior_prop,1,15010,0.88
er4_m60_s8,er4,prior_prop,1,15060,0.88
er4_m60_s8,er4,prior_prop,1,15110,0.88
er4_m60_s8,er4,prior_prop,1,15160,0.88
er4_m60_s8,er4,prior_prop,1,15210,0.88
er4_m60_s8,er4,prior_prop,1,15260,0.88
er4_m60_s8,er4,prior_prop,1,15310,0.88
er4_m60_s8,er4,prior_prop,1,15360,0.88
er4_m60_s8,er4,prior_prop,1,15410,0.88
er4_m60_s8,er4,prior_prop,1,15460,0.88
er4_m60_s8,er4,prior_prop,1,15510,0.88
er4_m60_s8,er4,prior_prop,1,15560,0.88
er4_m60_s8,er4,prior_prop,1,15610,0.88
er4_m60_s8,er4,prior_prop,1,15660,0.88
er4_m60_s8,er4,prior_prop,1,15710,0.88
er4_m60_s8,er4,prior_prop,1,15760,0.88
er4_m60_s8,er4,prior_prop,1,15810,0.88
er4_m60_s8,er4,prior_prop,1,15860,0.88
er4_m60_s8,er4,prior_prop,1,15910,0.88
er4_m60_s8,er4,prior_prop,1,15960,0.88
er4_m60_s8,er4,prior_prop,1,16010,0.88
er4_m60_s8,er4,prior_prop,1,16060,0.88
er4_m60_s8,er4,prior_prop,1,16110,0.88
er4_m60_s8,er4,prior_prop,1,16160,0.88
er4_m60_s8,er4,prior_prop,1,16210,0.88
er4_m60_s8,er4,prior_prop,1,16260,0.88
er4_m60_s8,er4,prior_prop,1,16310,0.88
er4_m60_s8,er4,prior_prop,1,16360,0.88
er4_m60_s8,er4,prior_prop,1,16410,0.88
er4_m60_s8,er4,prior_prop,1,16460,0.88
er4_m60_s8,er4,prior_prop,1,16510,0.88
er4_m60_s8,er4,prior_prop,1,16560,0.88
er4_m60_s8,er4,prior_prop,1,16610,0.88
er4_m60_s8,er4,prior_prop,1,16660,0.88
er4_m60_s8,er4,prior_prop,1,16710,0.88
er4_m60_s8,er4,prior_prop,1,16760,0.88
er4_m60_s8,er4,prior_prop,1,16810,0.88
er4_m60_s8,er4,prior_prop,1,16860,0.88
er4_m60_s8,er4,prior_prop,1,16910,0.88
er4_m60_s8,er4,prior_prop,1,16960,0.88
er4_m60_s8,er4,prior_prop,1,17010,0.88
er4_m60_s8,er4,prior_prop,1,17060,0.88
er4_m60_s8,er4,prior_prop,1,17110,0.88
er4_m60_s8,er4,prior_prop,1,17160,0.88
er4_m60_s8,er4,prior_prop,1,17210,0.88
er4_m60_s8,er4,prior_prop,1,17260,0.88
er4_m60_s8,er4,prior_prop,1,17310,0.88
er4_m60_s8,er4,prior_prop,1,17360,0.88
er4_m60_s8,er4,prior_prop,1,17410,0.88
er4_m60_s8,er4,prior_prop,1,17460,0.88
er4_m60_s8,er4,prior_prop,1,17510,0.88
er4_m60_s8,er4,prior_prop,1,17560,0.88
er4_m60_s8,er4,prior_prop,1,17610,0.88
er4_m60_s8,er4,prior_prop,1,17660,0.88
er4_m60_s8,er4,prior_prop,1,17710,0.88
er4_m60_s8,er4,prior_prop,1,17760,0.88
er4_m60_s8,er4,prior_prop,1,17810,0.88
er4_m60_s8,er4,prior_prop,1,17860,0.88
er4_m60_s8,er4,prior_prop,1,17910,0.88
er4_m60_s8,er4,prior_prop,1,17960,0.88
er4_m60_s8,er4,prior_prop,1,18010,0.88
er4_m60_s8,er4,prior_prop,1,18060,0.88
er4_m60_s8,er4,prior_prop,1,18110,0.88
er4_m60_s8,er4,prior_prop,1,18160,0.88
er4_m60_s8,er4,prior_prop,1,18210,0.88
er4_m60_s8,er4,prior_prop,1,18260,0.88
er4_m60_s8,er4,prior_prop,1,18310,0.88
er4_m60_s8,er4,prior_prop,1,18360,0.88
er4_m60_s8,er4,prior_prop,1,18410,0.88
er4_m60_s8,er4,prior_prop,1,18460,0.88
er4_m60_s8,er4,prior_prop,1,18510,0.88
er4_m60_s8,er4,prior_prop,1,18560,0.88
er4_m60_s8,er4,prior_prop,1,18610,0.88
er4_m60_s8,er4,prior_prop,1,18660,0.88
er4_m60_s8,er4,prior_prop,1,18710,0.88
er4_m60_s8,er4,prior_prop,1,18760,0.88
er4_m60_s8,er4,prior_prop,1,18810,0.88
er4_m60_s8,er4,prior_prop,1,18860,0.88
er4_m60_s8,er4,prior_prop,1,18910,0.88
er4_m60_s8,er4,prior_prop,1,18960,0.88
er4_m60_s8,er4,prior_prop,1,19010,0.88
er4_m60_s8,er4,prior_prop,1,19060,0.88
er4_m60_s8,er4,prior_prop,1,19110,0.88
er4_m60_s8,er4,prior_prop,1,19160,0.88
er4_m60_s8,er4,prior_prop,1,19210,0.88
er4_m60_s8,er4,prior_prop,1,19260,0.88
er4_m60_s8,er4,prior_prop,1,19310,0.88
er4_m60_s8,er4,prior_prop,1,19360,0.88
er4_m60_s8,er4,prior_prop,1,19410,0.88
er4_m60_s8,er4,prior_prop,1,19460,0.88
er4_m60_s8,er4,prior_prop,1,19510,0.88
er4_m60_s8,er4,prior_prop,1,19560,0.88
er4_m60_s8,er4,prior_prop,1,19610,0.88
er4_m60_s8,er4,prior_prop,1,19660,0.88
er4_m60_s8,er4,prior_prop,1,19710,0.88
er4_m60_s8,er4,prior_prop,1,19760,0.88
er4_m60_s8,er4,prior_prop,1,19810,0.88
er4_m60_s8,er4,prior_prop,1,19860,0.88
er4_m60_s8,er4,prior_prop,1,19910,0.88
er4_m60_s8,er4,prior_prop,1,19960,0.88
er4_m60_s8,er4,prior_prop,1,20010,0.88
er4_m60_s8,er4,db_rescore,1,10,0.83
er4_m60_s8,er4,db_rescore,1,60,0.82
er4_m60_s8,er4,db_rescore,1,110,0.82
er4_m60_s8,er4,db_rescore,1,160,0.85
er4_m60_s8,er4,db_rescore,1,210,0.85
er4_m60_s8,er4,db_rescore,1,260,0.85
er4_m60_s8,er4,db_rescore,1,310,0.85
er4_m60_s8,er4,db_rescore,1,360,0.85
er4_m60_s8,er4,db_rescore,1,410,0.85
er4_m60_s8,er4,db_rescore,1,460,0.84
er4_m60_s8,er4,db_rescore,1,510,0.84
er4_m60_s8,er4,db_rescore,1,560,0.86
er4_m60_s8,er4,db_rescore,1,610,0.86
er4_m60_s8,er4,db_rescore,1,660,0.86
er4_m60_s8,er4,db_rescore,1,710,0.85
er4_m60_s8,er4,db_rescore,1,760,0.85
er4_m60_s8,er4,db_rescore,1,810,0.85
er4_m60_s8,er4,db_rescore,1,860,0.85
er4_m60_s8,er4,db_rescore,1,910,0.85
er4_m60_s8,er4,db_rescore,1,960,0.85
er4_m60_s8,er4,db_rescore,1,1010,0.85
er4_m60_s8,er4,db_rescore,1,1060,0.85
er4_m60_s8,er4,db_rescore,1,1110,0.85
er4_m60_s8,er4,db_rescore,1,1160,0.85
er4_m60_s8,er4,db_rescore,1,1210,0.85
er4_m60_s8,er4,db_rescore,1,1260,0.85
er4_m60_s8,er4,db_rescore,1,1310,0.86
er4_m60_s8,er4,db_rescore,1,1360,0.86
er4_m60_s8,er4,db_rescore,1,1410,0.86
er4_m60_s8,er4,db_rescore,1,1460,0.86
er4_m60_s8,er4,db_rescore,1,1510,0.86
er4_m60_s8,er4,db_rescore,1,1560,0.86
er4_m60_s8,er4,db_rescore,1,1610,0.86
er4_m60_s8,er4,db_rescore,1,1660,0.86
er4_m60_s8,er4,db_rescore,1,1710,0.86
er4_m60_s8,er4,db_rescore,1,1760,0.86
er4_m60_s8,er4,db_rescore,1,1810,0.86
er4_m60_s8,er4,db_rescore,1,1860,0.86
er4_m60_s8,er4,db_rescore,1,1910,0.86
er4_m60_s8,er4,db_rescore,1,1960,0.86
er4_m60_s8,er4,db_rescore,1,2010,0.86
er4_m60_s8,er4,db_rescore,1,2060,0.86
er4_m60_s8,er4,db_rescore,1,2110,0.86
er4_m60_s8,er4,db_rescore,1,2160,0.86
er4_m60_s8,er4,db_rescore,1,2210,0.86
er4_m60_s8,er4,db_rescore,1,2260,0.86
er4_m60_s8,er4,db_rescore,1,2310,0.86
er4_m60_s8,er4,db_rescore,1,2360,0.87
er4_m60_s8,er4,db_rescore,1,2410,0.87
er4_m60_s8,er4,db_rescore,1,2460,0.87
er4_m60_s8,er4,db_rescore,1,2510,0.87
er4_m60_s8,er4,db_rescore,1,2560,0.89
er4_m60_s8,er4,db_rescore,1,2610,0.89
er4_m60_s8,er4,db_rescore,1,2660,0.89
er4_m60_s8,er4,db_rescore,1,2710,0.89
er4_m60_s8,er4,db_rescore,1,2760,0.89
er4_m60_s8,er4,db_rescore,1,2810,0.89
er4_m60_s8,er4,db_rescore,1,2860,0.89
er4_m60_s8,er4,db_rescore,1,2910,0.89
er4_m60_s8,er4,db_rescore,1,2960,0.88
er4_m60_s8,er4,db_rescore,1,3010,0.88
er4_m60_s8,er4,db_rescore,1,3060,0.88
er4_m60_s8,er4,db_rescore,1,3110,0.88
er4_m60_s8,er4,db_rescore,1,3160,0.88
er4_m60_s8,er4,db_rescore,1,3210,0.88
er4_m60_s8,er4,db_rescore,1,3260,0.88
er4_m60_s8,er4,db_rescore,1,3310,0.89
er4_m60_s8,er4,db_rescore,1,3360,0.89
er4_m60_s8,er4,db_rescore,1,3410,0.89
er4_m60_s8,er4,db_rescore,1,3460,0.89
er4_m60_s8,er4,db_rescore,1,3510,0.89
er4_m60_s8,er4,db_rescore,1,3560,0.89
er4_m60_s8,er4,db_rescore,1,3610,0.89
er4_m60_s8,er4,db_rescore,1,3660,0.89
er4_m60_s8,er4,db_rescore,1,3710,0.89
er4_m60_s8,er4,db_rescore,1,3760,0.89
er4_m60_s8,er4,db_rescore,1,3810,0.89
er4_m60_s8,er4,db_rescore,1,3860,0.89
er4_m60_s8,er4,db_rescore,1,3910,0.89
er4_m60_s8,er4,db_rescore,1,3960,0.89
er4_m60_s8,er4,db_rescore,1,4010,0.89
er4_m60_s8,er4,db_rescore,1,4060,0.89
er4_m60_s8,er4,db_rescore,1,4110,0.89
er4_m60_s8,er4,db_rescore,1,4160,0.89
er4_m60_s8,er4,db_rescore,1,4210,0.89
er4_m60_s8,er4,db_rescore,1,4260,0.89
er4_m60_s8,er4,db_rescore,1,4310,0.89
er4_m60_s8,er4,db_rescore,1,4360,0.89
er4_m60_s8,er4,db_rescore,1,4410,0.89
er4_m60_s8,er4,db_rescore,1,4460,0.89
er4_m60_s8,er4,db_rescore,1,4510,0.89
er4_m60_s8,er4,db_rescore,1,4560,0.89
er4_m60_s8,er4,db_rescore,1,4610,0.89
er4_m60_s8,er4,db_rescore,1,4660,0.89
er4_m60_s8,er4,db_rescore,1,4710,0.89
er4_m60_s8,er4,db_rescore,1,4760,0.89
er4_m60_s8,er4,db_rescore,1,4810,0.89
er4_m60_s8,er4,db_rescore,1,4860,0.89
er4_m60_s8,er4,db_rescore,1,4910,0.89
er4_m60_s8,er4,db_rescore,1,4960,0.89
er4_m60_s8,er4,db_rescore,1,5010,0.89
er4_m60_s8,er4,db_rescore,1,5060,0.89
er4_m60_s8,er4,db_rescore,1,5110,0.89
er4_m60_s8,er4,db_rescore,1,5160,0.89
er4_m60_s8,er4,db_rescore,1,5210,0.89
er4_m60_s8,er4,db_rescore,1,5260,0.89
er4_m60_s8,er4,db_rescore,1,5310,0.89
er4_m60_s8,er4,db_rescore,1,5360,0.89
er4_m60_s8,er4,db_rescore,1,5410,0.89
er4_m60_s8,er4,db_rescore,1,5460,0.89
er4_m60_s8,er4,db_rescore,1,5510,0.89
er4_m60_s8,er4,db_rescore,1,5560,0.89
er4_m60_s8,er4,db_rescore,1,5610,0.89
er4_m60_s8,er4,db_rescore,1,5660,0.89
er4_m60_s8,er4,db_rescore,1,5710,0.89
er4_m60_s8,er4,db_rescore,1,5760,0.89
er4_m60_s8,er4,db_rescore,1,5810,0.89
er4_m60_s8,er4,db_rescore,1,5860,0.89
er4_m60_s8,er4,db_rescore,1,5910,0.89
er4_m60_s8,er4,db_rescore,1,5960,0.89
er4_m60_s8,er4,db_rescore,1,6010,0.89
er4_m60_s8,er4,db_rescore,1,6060,0.89
er4_m60_s8,er4,db_rescore,1,6110,0.89
er4_m60_s8,er4,db_rescore,1,6160,0.89
er4_m60_s8,er4,db_rescore,1,6210,0.89
er4_m60_s8,er4,db_rescore,1,6260,0.89
er4_m60_s8,er4,db_rescore,1,6310,0.89
er4_m60_s8,er4,db_rescore,1,6360,0.89
er4_m60_s8,er4,db_rescore,1,6410,0.89
er4_m60_s8,er4,db_rescore,1,6460,0.89
er4_m60_s8,er4,db_rescore,1,6510,0.89
er4_m60_s8,er4,db_rescore,1,6560,0.89
er4_m60_s8,er4,db_rescore,1,6610,0.89
er4_m60_s8,er4,db_rescore,1,6660,0.89
er4_m60_s8,er4,db_rescore,1,6710,0.89
er4_m60_s8,er4,db_rescore,1,6760,0.89
er4_m60_s8,er4,db_rescore,1,6810,0.89
er4_m60_s8,er4,db_rescore,1,6860,0.89
er4_m60_s8,er4,db_rescore,1,6910,0.89
er4_m60_s8,er4,db_rescore,1,6960,0.89
er4_m60_s8,er4,db_rescore,1,7010,0.89
er4_m60_s8,er4,db_rescore,1,7060,0.89
er4_m60_s8,er4,db_rescore,1,7110,0.89
er4_m60_s8,er4,db_rescore,1,7160,0.89
er4_m60_s8,er4,db_rescore,1,7210,0.89
er4_m60_s8,er4,db_rescore,1,7260,0.89
er4_m60_s8,er4,db_rescore,1,7310,0.89
er4_m60_s8,er4,db_rescore,1,7360,0.89
er4_m60_s8,er4,db_rescore,1,7410,0.89
er4_m60_s8,er4,db_rescore,1,7460,0.89
er4_m60_s8,er4,db_rescore,1,7510,0.89
er4_m60_s8,er4,db_rescore,1,7560,0.89
er4_m60_s8,er4,db_rescore,1,7610,0.89
er4_m60_s8,er4,db_rescore,1,7660,0.89
er4_m60_s8,er4,db_rescore,1,7710,0.89
er4_m60_s8,er4,db_rescore,1,7760,0.89
er4_m60_s8,er4,db_rescore,1,7810,0.89
er4_m60_s8,er4,db_rescore,1,7860,0.89
er4_m60_s8,er4,db_rescore,1,7910,0.89
er4_m60_s8,er4,db_rescore,1,7960,0.89
er4_m60_s8,er4,db_rescore,1,8010,0.89
er4_m60_s8,er4,db_rescore,1,8060,0.89
er4_m60_s8,er4,db_rescore,1,8110,0.89
er4_m60_s8,er4,db_rescore,1,8160,0.89
er4_m60_s8,er4,db_rescore,1,8210,0.89
er4_m60_s8,er4,db_rescore,1,8260,0.89
er4_m60_s8,er4,db_rescore,1,8310,0.89
er4_m60_s8,er4,db_rescore,1,8360,0.89
er4_m60_s8,er4,db_rescore,1,8410,0.89
er4_m60_s8,er4,db_rescore,1,8460,0.89
er4_m60_s8,er4,db_rescore,1,8510,0.89
er4_m60_s8,er4,db_rescore,1,8560,0.89
er4_m60_s8,er4,db_rescore,1,8610,0.89
er4_m60_s8,er4,db_rescore,1,8660,0.89
er4_m60_s8,er4,db_rescore,1,8710,0.89
er4_m60_s8,er4,db_rescore,1,8760,0.89
er4_m60_s8,er4,db_rescore,1,8810,0.89
er4_m60_s8,er4,db_rescore,1,8860,0.89
er4_m60_s8,er4,db_rescore,1,8910,0.89
er4_m60_s8,er4,db_rescore,1,8960,0.89
er4_m60_s8,er4,db_rescore,1,9010,0.89
er4_m60_s8,er4,db_rescore,1,9060,0.89
er4_m60_s8,er4,db_rescore,1,9110,0.89
er4_m60_s8,er4,db_rescore,1,9160,0.89
er4_m60_s8,er4,db_rescore,1,9210,0.89
er4_m60_s8,er4,db_rescore,1,9260,0.89
er4_m60_s8,er4,db_rescore,1,9310,0.89
er4_m60_s8,er4,db_rescore,1,9360,0.89
er4_m60_s8,er4,db_rescore,1,9410,0.89
er4_m60_s8,er4,db_rescore,1,9460,0.89
er4_m60_s8,er4,db_rescore,1,9510,0.89
er4_m60_s8,er4,db_rescore,1,9560,0.89
er4_m60_s8,er4,db_rescore,1,9610,0.89
er4_m60_s8,er4,db_rescore,1,9660,0.89
er4_m60_s8,er4,db_rescore,1,9710,0.89
er4_m60_s8,er4,db_rescore,1,9760,0.89
er4_m60_s8,er4,db_rescore,1,9810,0.89
er4_m60_s8,er4,db_rescore,1,9860,0.89
er4_m60_s8,er4,db_rescore,1,9910,0.89
er4_m60_s8,er4,db_rescore,1,9960,0.89
er4_m60_s8,er4,db_rescore,1,10010,0.89
er4_m60_s8,er4,db_rescore,1,10060,0.89
er4_m60_s8,er4,db_rescore,1,10110,0.89
er4_m60_s8,er4,db_rescore,1,10160,0.89
er4_m60_s8,er4,db_rescore,1,10210,0.89
er4_m60_s8,er4,db_rescore,1,10260,0.89
er4_m60_s8,er4,db_rescore,1,10310,0.89
er4_m60_s8,er4,db_rescore,1,10360,0.89
er4_m60_s8,er4,db_rescore,1,10410,0.89
er4_m60_s8,er4,db_rescore,1,10460,0.89
er4_m60_s8,er4,db_rescore,1,10510,0.89
er4_m60_s8,er4,db_rescore,1,10560,0.89
er4_m60_s8,er4,db_rescore,1,10610,0.89
er4_m60_s8,er4,db_rescore,1,10660,0.89
er4_m60_s8,er4,db_rescore,1,10710,0.89
er4_m60_s8,er4,db_rescore,1,10760,0.89
er4_m60_s8,er4,db_rescore,1,10810,0.89
er4_m60_s8,er4,db_rescore,1,10860,0.89
er4_m60_s8,er4,db_rescore,1,10910,0.89
er4_m60_s8,er4,db_rescore,1,10960,0.89
er4_m60_s8,er4,db_rescore,1,11010,0.89
er4_m60_s8,er4,db_rescore,1,11060,0.89
er4_m60_s8,er4,db_rescore,1,11110,0.89
er4_m60_s8,er4,db_rescore,1,11160,0.89
er4_m60_s8,er4,db_rescore,1,11210,0.89
er4_m60_s8,er4,db_rescore,1,11260,0.89
er4_m60_s8,er4,db_rescore,1,11310,0.89
er4_m60_s8,er4,db_rescore,1,11360,0.89
er4_m60_s8,er4,db_rescore,1,11410,0.89
er4_m60_s8,er4,db_rescore,1,11460,0.89
er4_m60_s8,er4,db_rescore,1,11510,0.89
er4_m60_s8,er4,db_rescore,1,11560,0.89
er4_m60_s8,er4,db_rescore,1,11610,0.89
er4_m60_s8,er4,db_rescore,1,11660,0.89
er4_m60_s8,er4,db_rescore,1,11710,0.89
er4_m60_s8,er4,db_rescore,1,11760,0.89
er4_m60_s8,er4,db_rescore,1,11810,0.89
er4_m60_s8,er4,db_rescore,1,11860,0.89
er4_m60_s8,er4,db_rescore,1,11910,0.89
er4_m60_s8,er4,db_rescore,1,11960,0.89
er4_m60_s8,er4,db_rescore,1,12010,0.89
er4_m60_s8,er4,db_rescore,1,12060,0.89
er4_m60_s8,er4,db_rescore,1,12110,0.89
er4_m60_s8,er4,db_rescore,1,12160,0.89
er4_m60_s8,er4,db_rescore,1,12210,0.89
er4_m60_s8,er4,db_rescore,1,12260,0.89
er4_m60_s8,er4,db_rescore,1,12310,0.89
er4_m60_s8,er4,db_rescore,1,12360,0.89
er4_m60_s8,er4,db_rescore,1,12410,0.89
er4_m60_s8,er4,db_rescore,1,12460,0.89
er4_m60_s8,er4,db_rescore,1,12510,0.89
er4_m60_s8,er4,db_rescore,1,12560,0.89
er4_m60_s8,er4,db_rescore,1,12610,0.89
er4_m60_s8,er4,db_rescore,1,12660,0.89
er4_m60_s8,er4,db_rescore,1,12710,0.91
er4_m60_s8,er4,db_rescore,1,12760,0.91
er4_m60_s8,er4,db_rescore,1,12810,0.91
er4_m60_s8,er4,db_rescore,1,12860,0.91
er4_m60_s8,er4,db_rescore,1,12910,0.91
er4_m60_s8,er4,db_rescore,1,12960,0.91
er4_m60_s8,er4,db_rescore,1,13010,0.91
er4_m60_s8,er4,db_rescore,1,13060,0.91
er4_m60_s8,er4,db_rescore,1,13110,0.91
er4_m60_s8,er4,db_rescore,1,13160,0.91
er4_m60_s8,er4,db_rescore,1,13210,0.91
er4_m60_s8,er4,db_rescore,1,13260,0.91
er4_m60_s8,er4,db_rescore,1,13310,0.91
er4_m60_s8,er4,db_rescore,1,13360,0.91
er4_m60_s8,er4,db_rescore,1,13410,0.91
er4_m60_s8,er4,db_rescore,1,13460,0.91
er4_m60_s8,er4,db_rescore,1,13510,0.91
er4_m60_s8,er4,db_rescore,1,13560,0.91
er4_m60_s8,er4,db_rescore,1,13610,0.91
er4_m60_s8,er4,db_rescore,1,13660,0.91
er4_m60_s8,er4,db_rescore,1,13710,0.91
er4_m60_s8,er4,db_rescore,1,13760,0.91
er4_m60_s8,er4,db_rescore,1,13810,0.91
er4_m60_s8,er4,db_rescore,1,13860,0.91
er4_m60_s8,er4,db_rescore,1,13910,0.91
er4_m60_s8,er4,db_rescore,1,13960,0.91
er4_m60_s8,er4,db_rescore,1,14010,0.91
er4_m60_s8,er4,db_rescore,1,14060,0.91
er4_m60_s8,er4,db_rescore,1,14110,0.91
er4_m60_s8,er4,db_rescore,1,14160,0.91
er4_m60_s8,er4,db_rescore,1,14210,0.91
er4_m60_s8,er4,db_rescore,1,14260,0.91
er4_m60_s8,er4,db_rescore,1,14310,0.91
er4_m60_s8,er4,db_rescore,1,14360,0.91
er4_m60_s8,er4,db_rescore,1,14410,0.91
er4_m60_s8,er4,db_rescore,1,14460,0.91
er4_m60_s8,er4,db_rescore,1,14510,0.91
er4_m60_s8,er4,db_rescore,1,14560,0.91
er4_m60_s8,er4,db_rescore,1,14610,0.91
er4_m60_s8,er4,db_rescore,1,14660,0.91
er4_m60_s8,er4,db_rescore,1,14710,0.91
er4_m60_s8,er4,db_rescore,1,14760,0.91
er4_m60_s8,er4,db_rescore,1,14810,0.91
er4_m60_s8,er4,db_rescore,1,14860,0.91
er4_m60_s8,er4,db_rescore,1,14910,0.91
er4_m60_s8,er4,db_rescore,1,14960,0.91
er4_m60_s8,er4,db_rescore,1,15010,0.91
er4_m60_s8,er4,db_rescore,1,15060,0.91
er4_m60_s8,er4,db_rescore,1,15110,0.91
er4_m60_s8,er4,db_rescore,1,15160,0.91
er4_m60_s8,er4,db_rescore,1,15210,0.91
er4_m60_s8,er4,db_rescore,1,15260,0.91
er4_m60_s8,er4,db_rescore,1,15310,0.91
er4_m60_s8,er4,db_rescore,1,15360,0.91
er4_m60_s8,er4,db_rescore,1,15410,0.91
er4_m60_s8,er4,db_rescore,1,15460,0.91
er4_m60_s8,er4,db_rescore,1,15510,0.91
er4_m60_s8,er4,db_rescore,1,15560,0.91
er4_m60_s8,er4,db_rescore,1,15610,0.91
er4_m60_s8,er4,db_rescore,1,15660,0.91
er4_m60_s8,er4,db_rescore,1,15710,0.91
er4_m60_s8,er4,db_rescore,1,15760,0.91
er4_m60_s8,er4,db_rescore,1,15810,0.91
er4_m60_s8,er4,db_rescore,1,15860,0.91
er4_m60_s8,er4,db_rescore,1,15910,0.91
er4_m60_s8,er4,db_rescore,1,15960,0.91
er4_m60_s8,er4,db_rescore,1,16010,0.91
er4_m60_s8,er4,db_rescore,1,16060,0.91
er4_m60_s8,er4,db_rescore,1,16110,0.91
er4_m60_s8,er4,db_rescore,1,16160,0.91
er4_m60_s8,er4,db_rescore,1,16210,0.91
er4_m60_s8,er4,db_rescore,1,16260,0.91
er4_m60_s8,er4,db_rescore,1,16310,0.91
er4_m60_s8,er4,db_rescore,1,16360,0.91
er4_m60_s8,er4,db_rescore,1,16410,0.91
er4_m60_s8,er4,db_rescore,1,16460,0.91
er4_m60_s8,er4,db_rescore,1,16510,0.91
er4_m60_s8,er4,db_rescore,1,16560,0.91
er4_m60_s8,er4,db_rescore,1,16610,0.91
er4_m60_s8,er4,db_rescore,1,16660,0.91
er4_m60_s8,er4,db_rescore,1,16710,0.91
er4_m60_s8,er4,db_rescore,1,16760,0.91
er4_m60_s8,er4,db_rescore,1,16810,0.91
er4_m60_s8,er4,db_rescore,1,16860,0.91
er4_m60_s8,er4,db_rescore,1,16910,0.91
er4_m60_s8,er4,db_rescore,1,16960,0.91
er4_m60_s8,er4,db_rescore,1,17010,0.91
er4_m60_s8,er4,db_rescore,1,17060,0.91
er4_m60_s8,er4,db_rescore,1,17110,0.91
er4_m60_s8,er4,db_rescore,1,17160,0.91
er4_m60_s8,er4,db_rescore,1,17210,0.91
er4_m60_s8,er4,db_rescore,1,17260,0.91
er4_m60_s8,er4,db_rescore,1,17310,0.91
er4_m60_s8,er4,db_rescore,1,17360,0.91
er4_m60_s8,er4,db_rescore,1,17410,0.91
er4_m60_s8,er4,db_rescore,1,17460,0.91
er4_m60_s8,er4,db_rescore,1,17510,0.91
er4_m60_s8,er4,db_rescore,1,17560,0.91
er4_m60_s8,er4,db_rescore,1,17610,0.91
er4_m60_s8,er4,db_rescore,1,17660,0.91
er4_m60_s8,er4,db_rescore,1,17710,0.91
er4_m60_s8,er4,db_rescore,1,17760,0.91
er4_m60_s8,er4,db_rescore,1,17810,0.91
er4_m60_s8,er4,db_rescore,1,17860,0.91
er4_m60_s8,er4,db_rescore,1,17910,0.91
er4_m60_s8,er4,db_rescore,1,17960,0.91
er4_m60_s8,er4,db_rescore,1,18010,0.91
er4_m60_s8,er4,db_rescore,1,18060,0.91
er4_m60_s8,er4,db_rescore,1,18110,0.91
er4_m60_s8,er4,db_rescore,1,18160,0.91
er4_m60_s8,er4,db_rescore,1,18210,0.91
er4_m60_s8,er4,db_rescore,1,18260,0.91
er4_m60_s8,er4,db_rescore,1,18310,0.91
er4_m60_s8,er4,db_rescore,1,18360,0.91
er4_m60_s8,er4,db_rescore,1,18410,0.91
er4_m60_s8,er4,db_rescore,1,18460,0.91
er4_m60_s8,er4,db_rescore,1,18510,0.91
er4_m60_s8,er4,db_rescore,1,18560,0.91
er4_m60_s8,er4,db_rescore,1,18610,0.91
er4_m60_s8,er4,db_rescore,1,18660,0.91
er4_m60_s8,er4,db_rescore,1,18710,0.91
er4_m60_s8,er4,db_rescore,1,18760,0.91
er4_m60_s8,er4,db_rescore,1,18810,0.91
er4_m60_s8,er4,db_rescore,1,18860,0.91
er4_m60_s8,er4,db_rescore,1,18910,0.91
er4_m60_s8,er4,db_rescore,1,18960,0.91
er4_m60_s8,er4,db_rescore,1,19010,0.91
er4_m60_s8,er4,db_rescore,1,19060,0.91
er4_m60_s8,er4,db_rescore,1,19110,0.91
er4_m60_s8,er4,db_rescore,1,19160,0.91
er4_m60_s8,er4,db_rescore,1,19210,0.91
er4_m60_s8,er4,db_rescore,1,19260,0.91
er4_m60_s8,er4,db_rescore,1,19310,0.91
er4_m60_s8,er4,db_rescore,1,19360,0.91
er4_m60_s8,er4,db_rescore,1,19410,0.91
er4_m60_s8,er4,db_rescore,1,19460,0.91
er4_m60_s8,er4,db_rescore,1,19510,0.91
er4_m60_s8,er4,db_rescore,1,19560,0.91
er4_m60_s8,er4,db_rescore,1,19610,0.91
er4_m60_s8,er4,db_rescore,1,19660,0.91
er4_m60_s8,er4,db_rescore,1,19710,0.91
er4_m60_s8,er4,db_rescore,1,19760,0.91
er4_m60_s8,er4,db_rescore,1,19810,0.91
er4_m60_s8,er4,db_rescore,1,19860,0.91
er4_m60_s8,er4,db_rescore,1,19910,0.91
er4_m60_s8,er4,db_rescore,1,19960,0.91
er4_m60_s8,er4,db_rescore,1,20010,0.91
