family,m,n,instance,run,generation,evaluations,best_score,best_cut,pop_mean_cut,median_abs_corr,min_abs_corr,two_qubit,non_clifford,seconds,ratio_best,ratio_pop_mean
reg3,60,6,reg3_m60_s0,0,0,10,0.8309630285234236,49.0,45.8,0.03422181726598081,1.0842021724855044e-18,20,32,0.039759600011166185,0.5903614457831325,0.5518072289156626
reg3,60,6,reg3_m60_s0,0,5,260,1.0726312396664537,60.0,58.9,0.0695242405627506,0.0005968111915276696,20,38,1.0005185000190977,0.7228915662650602,0.7096385542168675
reg3,60,6,reg3_m60_s0,0,10,510,1.1327204060333493,63.0,62.9,0.06165100349233671,0.0013125448532299074,20,38,1.9702437000232749,0.7590361445783133,0.7578313253012048
reg3,60,6,reg3_m60_s0,0,15,760,1.1353459234829315,65.0,64.5,0.0443256844965716,0.0018461642435758999,20,37,2.9368716000171844,0.7831325301204819,0.7771084337349398
reg3,60,6,reg3_m60_s0,0,20,1010,1.1796901382377605,67.0,65.2,0.037564450943634725,0.0013139571655955591,20,37,3.934026200004155,0.8072289156626506,0.7855421686746988
reg3,60,6,reg3_m60_s0,0,25,1260,1.1796901382377605,67.0,66.1,0.037564450943634725,0.0013139571655955591,20,37,4.973788800009061,0.8072289156626506,0.7963855421686746
reg3,60,6,reg3_m60_s0,0,30,1510,1.1796901382377605,67.0,66.6,0.037564450943634725,0.0013139571655955591,20,37,5.932929200003855,0.8072289156626506,0.8024096385542168
reg3,60,6,reg3_m60_s0,0,35,1760,1.207240520296466,68.0,67.7,0.04867651176367328,2.1935629722951572e-05,20,37,7.007251200004248,0.8192771084337349,0.8156626506024097
reg3,60,6,reg3_m60_s0,0,40,2010,1.2072405202964662,68.0,68.0,0.04867651176367326,2.1935629723135452e-05,20,37,8.048168400011491,0.8192771084337349,0.8192771084337349
reg3,60,6,reg3_m60_s0,0,45,2260,1.209111510203775,68.0,68.0,0.04787589533063326,2.193562972295851e-05,20,36,9.109885000012582,0.8192771084337349,0.8192771084337349
reg3,60,6,reg3_m60_s0,0,50,2510,1.223849643961208,69.0,68.2,0.051973073019986216,2.1935629723000144e-05,20,37,10.124095100007253,0.8313253012048193,0.8216867469879519
reg3,60,6,reg3_m60_s0,0,55,2760,1.223849643961208,69.0,68.5,0.051973073019986216,2.1935629723000144e-05,20,37,11.205324300011853,0.8313253012048193,0.8253012048192772
reg3,60,6,reg3_m60_s0,0,60,3010,1.2260595889244117,69.0,69.0,0.054818718469420796,0.00019463617103424036,20,36,12.370266900019487,0.8313253012048193,0.8313253012048193
reg3,60,6,reg3_m60_s0,0,65,3260,1.2260595889244117,69.0,69.0,0.054818718469420796,0.00019463617103424036,20,36,13.407374700007495,0.8313253012048193,0.8313253012048193
reg3,60,6,reg3_m60_s0,0,70,3510,1.2267257021554896,69.0,69.0,0.04944169107446255,0.0016887061560587075,20,37,14.400469900021562,0.8313253012048193,0.8313253012048193
reg3,60,6,reg3_m60_s0,0,75,3760,1.2444120374245584,70.0,69.2,0.05377509779686875,0.00019463617103419179,20,37,15.397674400010146,0.8433734939759037,0.8337349397590362
reg3,60,6,reg3_m60_s0,0,80,4010,1.2444120374245584,70.0,69.8,0.05377509779686884,0.0001946361710341571,20,37,16.431394200015347,0.8433734939759037,0.8409638554216867
reg3,60,6,reg3_m60_s0,0,85,4260,1.2502067279524722,70.0,70.0,0.051773219073586965,0.00098022876181208,20,37,17.506588000018382,0.8433734939759037,0.8433734939759037
reg3,60,6,reg3_m60_s0,0,90,4510,1.2511329770096746,70.0,70.0,0.05398297309233492,0.0009325716304768739,20,37,18.584416300000157,0.8433734939759037,0.8433734939759037
reg3,60,6,reg3_m60_s0,0,95,4760,1.2513468825512706,70.0,70.0,0.054981569644466995,0.00010122255706085728,20,38,19.63402640001732,0.8433734939759037,0.8433734939759037
reg3,60,6,reg3_m60_s0,0,100,5010,1.2513468825512706,70.0,70.0,0.054981569644466995,0.00010122255706085728,20,38,20.774307000014232,0.8433734939759037,0.8433734939759037
reg3,60,6,reg3_m60_s0,0,105,5260,1.2513468825512706,70.0,70.0,0.054981569644466995,0.00010122255706085728,20,38,21.94258410000475,0.8433734939759037,0.8433734939759037
reg3,60,6,reg3_m60_s0,0,110,5510,1.2535480448776444,70.0,70.0,0.06643630248941859,0.0005789101407181804,20,38,23.059040499996627,0.8433734939759037,0.8433734939759037
reg3,60,6,reg3_m60_s0,0,115,5760,1.2535480448776444,70.0,70.0,0.06643630248941859,0.0005789101407181804,20,38,24.041081100003794,0.8433734939759037,0.8433734939759037
reg3,60,6,reg3_m60_s0,0,120,6010,1.2535480448776444,70.0,70.0,0.06643630248941859,0.0005789101407181804,20,38,25.099774400005117,0.8433734939759037,0.8433734939759037
reg3,60,6,reg3_m60_s0,0,125,6260,1.2535480448776444,70.0,70.0,0.06643630248941862,0.0005789101407182046,20,38,26.200684200011892,0.8433734939759037,0.8433734939759037
reg3,60,6,reg3_m60_s0,0,130,6510,1.2535480448776444,70.0,70.0,0.06643630248941862,0.0005789101407182046,20,38,27.306924000004074,0.8433734939759037,0.8433734939759037
reg3,60,6,reg3_m60_s0,0,135,6760,1.2535480448776444,70.0,70.0,0.06643630248941866,0.000578910140718215,20,38,28.428578799997922,0.8433734939759037,0.8433734939759037
reg3,60,6,reg3_m60_s0,0,140,7010,1.2557287673407214,70.0,70.0,0.05978977090914903,0.0008906406472847031,20,38,29.49513300001854,0.8433734939759037,0.8433734939759037
reg3,60,6,reg3_m60_s0,0,145,7260,1.2557287673407214,70.0,70.0,0.05978977090914903,0.0008906406472847031,20,38,30.522548200009624,0.8433734939759037,0.8433734939759037
reg3,60,6,reg3_m60_s0,0,150,7510,1.2557287673407214,70.0,70.0,0.05978977090914903,0.0008906406472847031,20,38,31.59445410000626,0.8433734939759037,0.8433734939759037
reg3,60,6,reg3_m60_s0,0,155,7760,1.263135732459675,71.0,70.1,0.052253887034099944,0.0038101084282742073,20,38,32.72879890000331,0.8554216867469879,0.844578313253012
reg3,60,6,reg3_m60_s0,0,160,8010,1.263135732459675,71.0,70.4,0.052253887034099944,0.0038101084282742073,20,38,34.09765670000343,0.8554216867469879,0.8481927710843374
reg3,60,6,reg3_m60_s0,0,165,8260,1.2802807524468631,72.0,71.0,0.05319678008022537,0.0007851639017873412,20,37,35.08562610001536,0.8674698795180723,0.8554216867469879
reg3,60,6,reg3_m60_s0,0,170,8510,1.2802807524468631,72.0,71.1,0.05319678008022537,0.0007851639017873412,20,37,36.09333990002051,0.8674698795180723,0.8566265060240963
reg3,60,6,reg3_m60_s0,0,175,8760,1.2802807524468631,72.0,71.2,0.05319678008022537,0.0007851639017873412,20,37,37.1050579000148,0.8674698795180723,0.8578313253012049
reg3,60,6,reg3_m60_s0,0,180,9010,1.2802807524468631,72.0,71.3,0.05319678008022537,0.0007851639017873412,20,37,38.25383500001044,0.8674698795180723,0.8590361445783132
reg3,60,6,reg3_m60_s0,0,185,9260,1.2803195938014793,72.0,71.5,0.050457796150700514,0.0009683113950126956,20,37,39.40936320001492,0.8674698795180723,0.8614457831325302
reg3,60,6,reg3_m60_s0,0,190,9510,1.2803195938014793,72.0,72.0,0.050457796150700514,0.0009683113950126956,20,37,40.465803900005994,0.8674698795180723,0.8674698795180723
reg3,60,6,reg3_m60_s0,0,195,9760,1.2803195938014793,72.0,72.0,0.050457796150700514,0.0009683113950126956,20,37,41.5388506000163,0.8674698795180723,0.8674698795180723
reg3,60,6,reg3_m60_s0,0,200,10010,1.2803195938014793,72.0,72.0,0.050457796150700514,0.0009683113950126956,20,37,42.57482860001619,0.8674698795180723,0.8674698795180723
reg3,60,6,reg3_m60_s0,0,205,10260,1.2806110567179823,72.0,72.0,0.050055821700905154,0.0005863398137562256,20,37,43.71149620000506,0.8674698795180723,0.8674698795180723
reg3,60,6,reg3_m60_s0,0,210,10510,1.2806110567179823,72.0,72.0,0.050055821700905154,0.0005863398137562256,20,37,44.840187000023434,0.8674698795180723,0.8674698795180723
reg3,60,6,reg3_m60_s0,0,215,10760,1.2806110567179823,72.0,72.0,0.050055821700905154,0.0005863398137562256,20,37,45.9332243000099,0.8674698795180723,0.8674698795180723
reg3,60,6,reg3_m60_s0,0,220,11010,1.2806110567179825,72.0,72.0,0.050055821700905084,0.0005863398137562099,20,37,47.02977640001336,0.8674698795180723,0.8674698795180723
reg3,60,6,reg3_m60_s0,0,225,11260,1.2806110567179825,72.0,72.0,0.050055821700905084,0.0005863398137562099,20,37,48.2580513000139,0.8674698795180723,0.8674698795180723
reg3,60,6,reg3_m60_s0,0,230,11510,1.2806110567179825,72.0,72.0,0.050055821700905084,0.0005863398137562099,20,37,49.32445780001581,0.8674698795180723,0.8674698795180723
reg3,60,6,reg3_m60_s0,0,235,11760,1.2806110567179825,72.0,72.0,0.050055821700905084,0.0005863398137562099,20,37,50.40294780000113,0.8674698795180723,0.8674698795180723
reg3,60,6,reg3_m60_s0,0,240,12010,1.2806110567179825,72.0,72.0,0.050055821700905084,0.0005863398137562099,20,37,51.50324560000445,0.8674698795180723,0.8674698795180723
reg3,60,6,reg3_m60_s0,0,245,12260,1.2806110567179825,72.0,72.0,0.050055821700905084,0.0005863398137562099,20,37,52.55785569999716,0.8674698795180723,0.8674698795180723
reg3,60,6,reg3_m60_s0,0,250,12510,1.2830044597101486,72.0,72.0,0.05732742807025602,0.0012270811848911767,20,37,53.634863700019196,0.8674698795180723,0.8674698795180723
reg3,60,6,reg3_m60_s0,0,255,12760,1.2830044597101486,72.0,72.0,0.05732742807025602,0.0012270811848911767,20,37,54.74139599999762,0.8674698795180723,0.8674698795180723
reg3,60,6,reg3_m60_s0,0,260,13010,1.2830044597101486,72.0,72.0,0.05732742807025616,0.0012270811848911177,20,37,55.86851250001928,0.8674698795180723,0.8674698795180723
reg3,60,6,reg3_m60_s0,0,265,13260,1.2830044597101486,72.0,72.0,0.05732742807025602,0.0012270811848911767,20,37,56.95651600000565,0.8674698795180723,0.8674698795180723
reg3,60,6,reg3_m60_s0,0,270,13510,1.2830044597101486,72.0,72.0,0.05732742807025616,0.0012270811848911177,20,37,58.04991910001263,0.8674698795180723,0.8674698795180723
reg3,60,6,reg3_m60_s0,0,275,13760,1.2830044597101486,72.0,72.0,0.05732742807025616,0.0012270811848911177,20,37,59.170309700013604,0.8674698795180723,0.8674698795180723
reg3,60,6,reg3_m60_s0,0,280,14010,1.2830044597101486,72.0,72.0,0.05732742807025602,0.0012270811848911767,20,37,60.23410450000665,0.8674698795180723,0.8674698795180723
reg3,60,6,reg3_m60_s0,0,285,14260,1.2830044597101486,72.0,72.0,0.05732742807025602,0.0012270811848911767,20,37,61.238107300014235,0.8674698795180723,0.8674698795180723
reg3,60,6,reg3_m60_s0,0,290,14510,1.2830044597101486,72.0,72.0,0.05732742807025616,0.0012270811848911177,20,37,62.3151002000086,0.8674698795180723,0.8674698795180723
reg3,60,6,reg3_m60_s0,0,295,14760,1.2830044597101486,72.0,72.0,0.05732742807025616,0.0012270811848911177,20,37,63.417611600016244,0.8674698795180723,0.8674698795180723
reg3,60,6,reg3_m60_s0,0,300,15010,1.2833544709320046,72.0,72.0,0.05145733456292095,0.000824934767092474,20,37,64.48158260001219,0.8674698795180723,0.8674698795180723
reg3,60,6,reg3_m60_s0,0,305,15260,1.2833544709320046,72.0,72.0,0.05145733456292095,0.000824934767092474,20,37,65.50292630001786,0.8674698795180723,0.8674698795180723
reg3,60,6,reg3_m60_s0,0,310,15510,1.2833544709320046,72.0,72.0,0.05145733456292095,0.000824934767092474,20,37,66.59114820000832,0.8674698795180723,0.8674698795180723
reg3,60,6,reg3_m60_s0,0,315,15760,1.2833544709320046,72.0,72.0,0.05145733456292095,0.000824934767092474,20,37,67.6855298000155,0.8674698795180723,0.8674698795180723
reg3,60,6,reg3_m60_s0,0,320,16010,1.2833544709320046,72.0,72.0,0.05145733456292095,0.000824934767092474,20,37,68.71382740000263,0.8674698795180723,0.8674698795180723
reg3,60,6,reg3_m60_s0,0,325,16260,1.2833544709320046,72.0,72.0,0.051457334562920995,0.0008249347670924966,20,37,69.76980320000439,0.8674698795180723,0.8674698795180723
reg3,60,6,reg3_m60_s0,0,330,16510,1.2833544709320046,72.0,72.0,0.051457334562920995,0.0008249347670924966,20,37,70.96540400001686,0.8674698795180723,0.8674698795180723
reg3,60,6,reg3_m60_s0,0,335,16760,1.2833544709320046,72.0,72.0,0.051457334562920995,0.0008249347670924966,20,37,72.04648930000258,0.8674698795180723,0.8674698795180723
reg3,60,6,reg3_m60_s0,0,340,17010,1.2833544709320046,72.0,72.0,0.05145733456292095,0.000824934767092474,20,37,73.14520020000055,0.8674698795180723,0.8674698795180723
reg3,60,6,reg3_m60_s0,0,345,17260,1.2833544709320046,72.0,72.0,0.051457334562920995,0.0008249347670924966,20,37,74.16279980001855,0.8674698795180723,0.8674698795180723
reg3,60,6,reg3_m60_s0,0,350,17510,1.2833544709320046,72.0,72.0,0.05145733456292091,0.0008249347670925174,20,36,75.19609219999984,0.8674698795180723,0.8674698795180723
reg3,60,6,reg3_m60_s0,0,355,17760,1.2833544709320046,72.0,72.0,0.05145733456292078,0.0008249347670924723,20,37,76.25894050000352,0.8674698795180723,0.8674698795180723
reg3,60,6,reg3_m60_s0,0,360,18010,1.2833544709320046,72.0,72.0,0.051457334562920995,0.0008249347670924966,20,37,77.2822712000052,0.8674698795180723,0.8674698795180723
reg3,60,6,reg3_m60_s0,0,365,18260,1.2833544709320046,72.0,72.0,0.051457334562920995,0.0008249347670924966,20,37,78.32405200001085,0.8674698795180723,0.8674698795180723
reg3,60,6,reg3_m60_s0,0,370,18510,1.2833544709320046,72.0,72.0,0.05145733456292091,0.0008249347670925174,20,36,79.42077369999606,0.8674698795180723,0.8674698795180723
reg3,60,6,reg3_m60_s0,0,375,18760,1.2833544709320046,72.0,72.0,0.05145733456292091,0.0008249347670925174,20,36,80.49659350002185,0.8674698795180723,0.8674698795180723
reg3,60,6,reg3_m60_s0,0,380,19010,1.2833544709320046,72.0,72.0,0.05145733456292091,0.0008249347670925174,20,36,81.45928420001292,0.8674698795180723,0.8674698795180723
reg3,60,6,reg3_m60_s0,0,385,19260,1.2833544709320046,72.0,72.0,0.05145733456292091,0.0008249347670925174,20,36,82.51325370001723,0.8674698795180723,0.8674698795180723
reg3,60,6,reg3_m60_s0,0,390,19510,1.2833544709320046,72.0,72.0,0.05145733456292091,0.0008249347670925174,20,36,83.62984579999465,0.8674698795180723,0.8674698795180723
reg3,60,6,reg3_m60_s0,0,395,19760,1.2833544709320046,72.0,72.0,0.05145733456292091,0.0008249347670925174,20,36,84.67502450000029,0.8674698795180723,0.8674698795180723
reg3,60,6,reg3_m60_s0,0,400,20010,1.2833544709320046,72.0,72.0,0.051457334562920995,0.0008249347670924966,20,37,85.76097910001408,0.8674698795180723,0.8674698795180723
reg3,60,6,reg3_m60_s0,0,405,20260,1.2833544709320046,72.0,72.0,0.051457334562920995,0.0008249347670924966,20,37,86.79777210002067,0.8674698795180723,0.8674698795180723
reg3,60,6,reg3_m60_s0,0,410,20510,1.2833544709320046,72.0,72.0,0.05145733456292091,0.0008249347670925555,20,37,87.94921780002187,0.8674698795180723,0.8674698795180723
reg3,60,6,reg3_m60_s0,0,415,20760,1.2833544709320046,72.0,72.0,0.051457334562920995,0.0008249347670924966,20,37,89.08429310002248,0.8674698795180723,0.8674698795180723
reg3,60,6,reg3_m60_s0,0,420,21010,1.2833544709320046,72.0,72.0,0.051457334562920995,0.0008249347670924966,20,37,90.1018946999975,0.8674698795180723,0.8674698795180723
reg3,60,6,reg3_m60_s0,0,425,21260,1.2833544709320046,72.0,72.0,0.05145733456292091,0.0008249347670925555,20,37,91.15287920000264,0.8674698795180723,0.8674698795180723
reg3,60,6,reg3_m60_s0,0,430,21510,1.2833544709320046,72.0,72.0,0.05145733456292091,0.0008249347670925555,20,37,92.16423490000307,0.8674698795180723,0.8674698795180723
reg3,60,6,reg3_m60_s0,0,435,21760,1.2833544709320046,72.0,72.0,0.05145733456292091,0.0008249347670925555,20,37,93.24091700001736,0.8674698795180723,0.8674698795180723
reg3,60,6,reg3_m60_s0,0,440,22010,1.2833544709320046,72.0,72.0,0.05145733456292095,0.000824934767092474,20,37,94.26965810000547,0.8674698795180723,0.8674698795180723
reg3,60,6,reg3_m60_s0,0,445,22260,1.2833544709320046,72.0,72.0,0.05145733456292091,0.0008249347670925174,20,36,95.29937700001756,0.8674698795180723,0.8674698795180723
reg3,60,6,reg3_m60_s0,0,450,22510,1.2833544709320046,72.0,72.0,0.05145733456292091,0.0008249347670925555,20,37,96.42867839999963,0.8674698795180723,0.8674698795180723
reg3,60,6,reg3_m60_s0,0,455,22760,1.2833544709320046,72.0,72.0,0.05145733456292095,0.000824934767092474,20,37,97.57649780000793,0.8674698795180723,0.8674698795180723
reg3,60,6,reg3_m60_s0,0,460,23010,1.2833544709320046,72.0,72.0,0.051457334562920995,0.0008249347670924966,20,37,98.61890200001653,0.8674698795180723,0.8674698795180723
reg3,60,6,reg3_m60_s0,0,465,23260,1.2833544709320046,72.0,72.0,0.0514573345629209,0.0008249347670924966,20,36,99.8091966000211,0.8674698795180723,0.8674698795180723
reg3,60,6,reg3_m60_s0,0,470,23510,1.2833544709320046,72.0,72.0,0.05145733456292091,0.0008249347670925174,20,36,100.92065800001728,0.8674698795180723,0.8674698795180723
reg3,60,6,reg3_m60_s0,0,475,23760,1.2833544709320046,72.0,72.0,0.05145733456292091,0.0008249347670925174,20,36,102.51548630002071,0.8674698795180723,0.8674698795180723
reg3,60,6,reg3_m60_s0,0,480,24010,1.2833544709320046,72.0,72.0,0.05145733456292091,0.0008249347670925174,20,36,103.70539060002193,0.8674698795180723,0.8674698795180723
reg3,60,6,reg3_m60_s0,0,485,24260,1.2833544709320046,72.0,72.0,0.05145733456292091,0.0008249347670925174,20,36,104.8748691000219,0.8674698795180723,0.8674698795180723
reg3,60,6,reg3_m60_s0,0,490,24510,1.2833544709320046,72.0,72.0,0.05145733456292095,0.000824934767092474,20,37,106.08627729999716,0.8674698795180723,0.8674698795180723
reg3,60,6,reg3_m60_s0,0,495,24760,1.2833544709320046,72.0,72.0,0.05145733456292091,0.0008249347670925174,20,36,107.22370289999526,0.8674698795180723,0.8674698795180723
reg3,60,6,reg3_m60_s0,0,500,25010,1.2833544709320046,72.0,72.0,0.05145733456292095,0.000824934767092474,20,37,108.39851560001262,0.8674698795180723,0.8674698795180723
reg3,60,6,reg3_m60_s0,0,505,25260,1.2833544709320046,72.0,72.0,0.05145733456292095,0.000824934767092474,20,37,109.53595190000487,0.8674698795180723,0.8674698795180723
reg3,60,6,reg3_m60_s0,0,510,25510,1.2833544709320046,72.0,72.0,0.05145733456292095,0.000824934767092474,20,37,110.7116203000187,0.8674698795180723,0.8674698795180723
reg3,60,6,reg3_m60_s0,0,515,25760,1.2833544709320046,72.0,72.0,0.05145733456292095,0.000824934767092474,20,37,111.84268240001984,0.8674698795180723,0.8674698795180723
reg3,60,6,reg3_m60_s0,0,520,26010,1.2833544709320046,72.0,72.0,0.05145733456292091,0.0008249347670925174,20,36,113.0263266999973,0.8674698795180723,0.8674698795180723
reg3,60,6,reg3_m60_s0,0,525,26260,1.2833544709320046,72.0,72.0,0.05145733456292095,0.000824934767092474,20,37,114.15958600002341,0.8674698795180723,0.8674698795180723
reg3,60,6,reg3_m60_s0,0,530,26510,1.2833544709320046,72.0,72.0,0.05145733456292091,0.0008249347670925174,20,36,115.31821920000948,0.8674698795180723,0.8674698795180723
reg3,60,6,reg3_m60_s0,0,535,26760,1.2833544709320046,72.0,72.0,0.05145733456292091,0.0008249347670925174,20,36,116.52033540001139,0.8674698795180723,0.8674698795180723
reg3,60,6,reg3_m60_s0,0,540,27010,1.2833544709320046,72.0,72.0,0.05145733456292078,0.0008249347670924723,20,37,117.666163100017,0.8674698795180723,0.8674698795180723
reg3,60,6,reg3_m60_s0,0,545,27260,1.2833544709320046,72.0,72.0,0.05145733456292091,0.0008249347670925174,20,36,118.95207540001138,0.8674698795180723,0.8674698795180723
reg3,60,6,reg3_m60_s0,0,550,27510,1.2833544709320046,72.0,72.0,0.0514573345629209,0.0008249347670924966,20,36,120.14348540001083,0.8674698795180723,0.8674698795180723
reg3,60,6,reg3_m60_s0,0,555,27760,1.2833544709320046,72.0,72.0,0.05145733456292078,0.0008249347670924723,20,37,121.2288217000023,0.8674698795180723,0.8674698795180723
reg3,60,6,reg3_m60_s0,0,560,28010,1.2833544709320046,72.0,72.0,0.05145733456292091,0.0008249347670925174,20,36,122.41527610001503,0.8674698795180723,0.8674698795180723
reg3,60,6,reg3_m60_s0,0,565,28260,1.2833544709320046,72.0,72.0,0.05145733456292078,0.0008249347670924723,20,37,123.61109920000308,0.8674698795180723,0.8674698795180723
reg3,60,6,reg3_m60_s0,0,570,28510,1.2833544709320046,72.0,72.0,0.05145733456292091,0.0008249347670925174,20,36,124.70368440001039,0.8674698795180723,0.8674698795180723
reg3,60,6,reg3_m60_s0,0,575,28760,1.2833544709320046,72.0,72.0,0.05145733456292091,0.0008249347670925174,20,36,125.84002480001072,0.8674698795180723,0.8674698795180723
reg3,60,6,reg3_m60_s0,0,580,29010,1.2833544709320046,72.0,72.0,0.05145733456292091,0.0008249347670925174,20,36,126.93243149999762,0.8674698795180723,0.8674698795180723
reg3,60,6,reg3_m60_s0,0,585,29260,1.2833544709320046,72.0,72.0,0.05145733456292091,0.0008249347670925174,20,36,128.1060307000007,0.8674698795180723,0.8674698795180723
reg3,60,6,reg3_m60_s0,0,590,29510,1.2833544709320046,72.0,72.0,0.05145733456292091,0.0008249347670925174,20,36,129.25446610001381,0.8674698795180723,0.8674698795180723
reg3,60,6,reg3_m60_s0,0,595,29760,1.2833544709320046,72.0,72.0,0.05145733456292091,0.0008249347670925174,20,36,130.40957960000378,0.8674698795180723,0.8674698795180723
reg3,60,6,reg3_m60_s0,0,600,30010,1.2833544709320046,72.0,72.0,0.05145733456292091,0.0008249347670925174,20,36,131.56437200002256,0.8674698795180723,0.8674698795180723
reg3,60,6,reg3_m60_s0,0,605,30260,1.2833544709320046,72.0,72.0,0.05145733456292091,0.0008249347670925174,20,36,132.74395319999894,0.8674698795180723,0.8674698795180723
reg3,60,6,reg3_m60_s0,0,610,30510,1.2833544709320046,72.0,72.0,0.05145733456292091,0.0008249347670925174,20,36,134.0279359999986,0.8674698795180723,0.8674698795180723
reg3,60,6,reg3_m60_s0,0,615,30760,1.2833544709320046,72.0,72.0,0.05145733456292091,0.0008249347670925174,20,36,135.1680968000146,0.8674698795180723,0.8674698795180723
reg3,60,6,reg3_m60_s0,0,620,31010,1.2833544709320046,72.0,72.0,0.05145733456292091,0.0008249347670925174,20,36,136.33667449999484,0.8674698795180723,0.8674698795180723
reg3,60,6,reg3_m60_s0,0,625,31260,1.2833544709320046,72.0,72.0,0.05145733456292091,0.0008249347670925174,20,36,137.47406520001823,0.8674698795180723,0.8674698795180723
reg3,60,6,reg3_m60_s0,0,630,31510,1.2833544709320046,72.0,72.0,0.05145733456292091,0.0008249347670925174,20,36,138.68161329999566,0.8674698795180723,0.8674698795180723
reg3,60,6,reg3_m60_s0,0,635,31760,1.2833544709320046,72.0,72.0,0.05145733456292091,0.0008249347670925174,20,36,139.873711000022,0.8674698795180723,0.8674698795180723
reg3,60,6,reg3_m60_s0,0,640,32010,1.2833544709320046,72.0,72.0,0.051457334562920995,0.0008249347670924966,20,37,141.05249620001996,0.8674698795180723,0.8674698795180723
reg3,60,6,reg3_m60_s0,0,645,32260,1.2833544709320046,72.0,72.0,0.05145733456292091,0.0008249347670925174,20,36,142.2181785000139,0.8674698795180723,0.8674698795180723
reg3,60,6,reg3_m60_s0,0,650,32510,1.2833544709320046,72.0,72.0,0.05145733456292091,0.0008249347670925174,20,36,143.38082180000492,0.8674698795180723,0.8674698795180723
reg3,60,6,reg3_m60_s0,0,655,32760,1.2833544709320046,72.0,72.0,0.05145733456292091,0.0008249347670925174,20,36,144.59356120001758,0.8674698795180723,0.8674698795180723
reg3,60,6,reg3_m60_s0,0,660,33010,1.2833544709320046,72.0,72.0,0.05145733456292091,0.0008249347670925174,20,36,145.78263820000575,0.8674698795180723,0.8674698795180723
reg3,60,6,reg3_m60_s0,0,665,33260,1.2833544709320046,72.0,72.0,0.05145733456292091,0.0008249347670925174,20,36,146.91761669999687,0.8674698795180723,0.8674698795180723
reg3,60,6,reg3_m60_s0,0,670,33510,1.2833544709320046,72.0,72.0,0.05145733456292091,0.0008249347670925174,20,36,148.1271917000122,0.8674698795180723,0.8674698795180723
reg3,60,6,reg3_m60_s0,0,675,33760,1.2833544709320046,72.0,72.0,0.05145733456292091,0.0008249347670925174,20,36,149.29816390000633,0.8674698795180723,0.8674698795180723
reg3,60,6,reg3_m60_s0,0,680,34010,1.2833544709320046,72.0,72.0,0.05145733456292091,0.0008249347670925174,20,36,150.496452100022,0.8674698795180723,0.8674698795180723
reg3,60,6,reg3_m60_s0,0,685,34260,1.2833544709320046,72.0,72.0,0.05145733456292091,0.0008249347670925174,20,36,151.63091659999918,0.8674698795180723,0.8674698795180723
reg3,60,6,reg3_m60_s0,0,690,34510,1.2833544709320046,72.0,72.0,0.05145733456292091,0.0008249347670925174,20,36,152.7575346000085,0.8674698795180723,0.8674698795180723
reg3,60,6,reg3_m60_s0,0,695,34760,1.2833544709320046,72.0,72.0,0.05145733456292091,0.0008249347670925174,20,36,153.91224490001332,0.8674698795180723,0.8674698795180723
reg3,60,6,reg3_m60_s0,0,700,35010,1.2833544709320046,72.0,72.0,0.05145733456292091,0.0008249347670925174,20,36,155.0591262000089,0.8674698795180723,0.8674698795180723
reg3,60,6,reg3_m60_s0,0,705,35260,1.2833544709320046,72.0,72.0,0.05145733456292091,0.0008249347670925174,20,36,156.17887390000396,0.8674698795180723,0.8674698795180723
reg3,60,6,reg3_m60_s0,0,710,35510,1.2833544709320046,72.0,72.0,0.05145733456292091,0.0008249347670925174,20,36,157.31585760001326,0.8674698795180723,0.8674698795180723
reg3,60,6,reg3_m60_s0,0,715,35760,1.2833544709320046,72.0,72.0,0.05145733456292091,0.0008249347670925174,20,36,158.45224470001995,0.8674698795180723,0.8674698795180723
reg3,60,6,reg3_m60_s0,0,720,36010,1.2833544709320046,72.0,72.0,0.05145733456292091,0.0008249347670925174,20,36,159.66225520000444,0.8674698795180723,0.8674698795180723
reg3,60,6,reg3_m60_s0,0,725,36260,1.2833544709320046,72.0,72.0,0.05145733456292091,0.0008249347670925174,20,36,160.8284879999992,0.8674698795180723,0.8674698795180723
reg3,60,6,reg3_m60_s0,0,730,36510,1.2833544709320046,72.0,72.0,0.05145733456292091,0.0008249347670925174,20,36,161.97144779999508,0.8674698795180723,0.8674698795180723
reg3,60,6,reg3_m60_s0,0,735,36760,1.2833544709320046,72.0,72.0,0.05145733456292091,0.0008249347670925174,20,36,163.15257830001065,0.8674698795180723,0.8674698795180723
reg3,60,6,reg3_m60_s0,0,740,37010,1.2833544709320046,72.0,72.0,0.05145733456292091,0.0008249347670925174,20,36,164.3418767999974,0.8674698795180723,0.8674698795180723
reg3,60,6,reg3_m60_s0,0,745,37260,1.2833544709320046,72.0,72.0,0.05145733456292091,0.0008249347670925174,20,36,165.53320540001732,0.8674698795180723,0.8674698795180723
reg3,60,6,reg3_m60_s0,0,750,37510,1.2833544709320046,72.0,72.0,0.05145733456292095,0.000824934767092474,20,37,166.65778110001702,0.8674698795180723,0.8674698795180723
reg3,60,6,reg3_m60_s0,0,755,37760,1.2833544709320046,72.0,72.0,0.05145733456292091,0.0008249347670925174,20,36,167.82321729999967,0.8674698795180723,0.8674698795180723
reg3,60,6,reg3_m60_s0,0,760,38010,1.2833544709320046,72.0,72.0,0.05145733456292091,0.0008249347670925555,20,37,168.98947930001304,0.8674698795180723,0.8674698795180723
reg3,60,6,reg3_m60_s0,0,765,38260,1.2833544709320046,72.0,72.0,0.05145733456292091,0.0008249347670925174,20,36,170.2009939000127,0.8674698795180723,0.8674698795180723
reg3,60,6,reg3_m60_s0,0,770,38510,1.2833544709320046,72.0,72.0,0.05145733456292091,0.0008249347670925174,20,36,171.38638770001126,0.8674698795180723,0.8674698795180723
reg3,60,6,reg3_m60_s0,0,775,38760,1.2833544709320046,72.0,72.0,0.05145733456292091,0.0008249347670925174,20,36,172.61385680001695,0.8674698795180723,0.8674698795180723
reg3,60,6,reg3_m60_s0,0,780,39010,1.2833544709320046,72.0,72.0,0.05145733456292095,0.000824934767092474,20,37,173.851599000016,0.8674698795180723,0.8674698795180723
reg3,60,6,reg3_m60_s0,0,785,39260,1.2833544709320046,72.0,72.0,0.05145733456292095,0.000824934767092474,20,37,175.07247549999738,0.8674698795180723,0.8674698795180723
reg3,60,6,reg3_m60_s0,0,790,39510,1.2833544709320046,72.0,72.0,0.05145733456292095,0.000824934767092474,20,37,176.26755190000404,0.8674698795180723,0.8674698795180723
reg3,60,6,reg3_m60_s0,0,795,39760,1.2833544709320046,72.0,72.0,0.05145733456292095,0.000824934767092474,20,37,177.48366389999865,0.8674698795180723,0.8674698795180723
reg3,60,6,reg3_m60_s0,0,800,40010,1.2833544709320046,72.0,72.0,0.05145733456292095,0.000824934767092474,20,37,179.1053415000206,0.8674698795180723,0.8674698795180723
reg3,60,6,reg3_m60_s0,0,805,40260,1.2833544709320046,72.0,72.0,0.05145733456292095,0.000824934767092474,20,37,180.34351100001368,0.8674698795180723,0.8674698795180723
reg3,60,6,reg3_m60_s0,0,810,40510,1.2833544709320046,72.0,72.0,0.05145733456292091,0.0008249347670925174,20,36,181.5470323000045,0.8674698795180723,0.8674698795180723
reg3,60,6,reg3_m60_s0,0,815,40760,1.2833544709320046,72.0,72.0,0.05145733456292078,0.0008249347670924723,20,37,182.65686790001928,0.8674698795180723,0.8674698795180723
reg3,60,6,reg3_m60_s0,0,820,41010,1.2833544709320046,72.0,72.0,0.05145733456292091,0.0008249347670925555,20,37,183.86734460000298,0.8674698795180723,0.8674698795180723
reg3,60,6,reg3_m60_s0,0,825,41260,1.2833544709320046,72.0,72.0,0.051457334562920995,0.0008249347670924966,20,37,185.04207550000865,0.8674698795180723,0.8674698795180723
reg3,60,6,reg3_m60_s0,0,830,41510,1.2833544709320046,72.0,72.0,0.05145733456292091,0.0008249347670925174,20,36,186.1682544000214,0.8674698795180723,0.8674698795180723
reg3,60,6,reg3_m60_s0,0,835,41760,1.2833544709320046,72.0,72.0,0.051457334562920995,0.0008249347670924966,20,37,187.3912568000087,0.8674698795180723,0.8674698795180723
reg3,60,6,reg3_m60_s0,0,840,42010,1.2833544709320046,72.0,72.0,0.05145733456292091,0.0008249347670925555,20,37,188.49026240000967,0.8674698795180723,0.8674698795180723
reg3,60,6,reg3_m60_s0,0,845,42260,1.2833544709320046,72.0,72.0,0.05145733456292091,0.0008249347670925174,20,36,189.63364090002142,0.8674698795180723,0.8674698795180723
reg3,60,6,reg3_m60_s0,0,850,42510,1.2833544709320046,72.0,72.0,0.05145733456292091,0.0008249347670925555,20,37,190.72732279999764,0.8674698795180723,0.8674698795180723
reg3,60,6,reg3_m60_s0,0,855,42760,1.2833544709320046,72.0,72.0,0.05145733456292095,0.000824934767092474,20,37,191.9135621000023,0.8674698795180723,0.8674698795180723
reg3,60,6,reg3_m60_s0,0,860,43010,1.2919712033255548,72.0,72.0,0.06465958155671872,0.0006491831962685875,20,37,193.08157740000752,0.8674698795180723,0.8674698795180723
reg3,60,6,reg3_m60_s0,0,865,43260,1.2919712033255548,72.0,72.0,0.06465958155671872,0.0006491831962685875,20,37,194.32321530001354,0.8674698795180723,0.8674698795180723
reg3,60,6,reg3_m60_s0,0,870,43510,1.2919712033255548,72.0,72.0,0.06465958155671872,0.0006491831962685875,20,37,195.49586200001067,0.8674698795180723,0.8674698795180723
reg3,60,6,reg3_m60_s0,0,875,43760,1.2919712033255548,72.0,72.0,0.06465958155671872,0.0006491831962685875,20,37,196.685490200005,0.8674698795180723,0.8674698795180723
reg3,60,6,reg3_m60_s0,0,880,44010,1.2919712033255548,72.0,72.0,0.06465958155671872,0.0006491831962685875,20,37,197.9914082000032,0.8674698795180723,0.8674698795180723
reg3,60,6,reg3_m60_s0,0,885,44260,1.2919712033255548,72.0,72.0,0.06465958155671872,0.0006491831962685875,20,37,199.2618530000036,0.8674698795180723,0.8674698795180723
reg3,60,6,reg3_m60_s0,0,890,44510,1.2919712033255548,72.0,72.0,0.06465958155671872,0.0006491831962685875,20,37,200.4923140000028,0.8674698795180723,0.8674698795180723
reg3,60,6,reg3_m60_s0,0,895,44760,1.2919712033255548,72.0,72.0,0.06465958155671872,0.0006491831962685875,20,37,201.73508620000212,0.8674698795180723,0.8674698795180723
reg3,60,6,reg3_m60_s0,0,900,45010,1.2919712033255548,72.0,72.0,0.06465958155671868,0.0006491831962685442,20,37,202.90529100000276,0.8674698795180723,0.8674698795180723
reg3,60,6,reg3_m60_s0,0,905,45260,1.2919712033255548,72.0,72.0,0.06465958155671872,0.0006491831962685875,20,37,204.1607212999952,0.8674698795180723,0.8674698795180723
reg3,60,6,reg3_m60_s0,0,910,45510,1.2919712033255548,72.0,72.0,0.06465958155671872,0.0006491831962685875,20,37,205.34606989999884,0.8674698795180723,0.8674698795180723
reg3,60,6,reg3_m60_s0,0,915,45760,1.2980638825006663,72.0,72.0,0.05602051941149283,4.531042653355133e-06,20,37,206.62533010001061,0.8674698795180723,0.8674698795180723
reg3,60,6,reg3_m60_s0,0,920,46010,1.2980638825006663,72.0,72.0,0.05602051941149283,4.531042653355133e-06,20,37,207.77128010001616,0.8674698795180723,0.8674698795180723
reg3,60,6,reg3_m60_s0,0,925,46260,1.2980638825006663,72.0,72.0,0.05602051941149283,4.531042653355133e-06,20,37,208.995968800009,0.8674698795180723,0.8674698795180723
reg3,60,6,reg3_m60_s0,0,930,46510,1.3009222764107773,72.0,72.0,0.06364653694997432,0.0004212492604889588,20,37,210.20828260001144,0.8674698795180723,0.8674698795180723
reg3,60,6,reg3_m60_s0,0,935,46760,1.303457594692031,72.0,72.0,0.06360995339828991,0.0006769670151045327,20,37,211.42631410001195,0.8674698795180723,0.8674698795180723
reg3,60,6,reg3_m60_s0,0,940,47010,1.303821663320673,72.0,72.0,0.07178025714247027,0.001299337262977835,20,37,212.5295828000235,0.8674698795180723,0.8674698795180723
reg3,60,6,reg3_m60_s0,0,945,47260,1.305086091493169,72.0,72.0,0.08390651660791963,0.001529948971270241,20,37,213.68714590001036,0.8674698795180723,0.8674698795180723
reg3,60,6,reg3_m60_s0,0,950,47510,1.3130039624824812,73.0,72.1,0.08005171805603808,0.0018750274006609571,20,37,214.8782165000157,0.8795180722891566,0.8686746987951807
reg3,60,6,reg3_m60_s0,0,955,47760,1.3130039624824812,73.0,72.2,0.08005171805603808,0.0018750274006609571,20,37,216.03892930000438,0.8795180722891566,0.8698795180722891
reg3,60,6,reg3_m60_s0,0,960,48010,1.3130039624824812,73.0,72.2,0.08005171805603808,0.0018750274006609571,20,37,217.155096100003,0.8795180722891566,0.8698795180722891
reg3,60,6,reg3_m60_s0,0,965,48260,1.3176224846860694,73.0,72.5,0.0784976454515099,0.001761325447753266,20,36,218.26232010000967,0.8795180722891566,0.8734939759036144
reg3,60,6,reg3_m60_s0,0,970,48510,1.3217650250532407,74.0,73.1,0.07435319382485342,0.0008837401671427884,20,37,219.42786180000985,0.891566265060241,0.880722891566265
reg3,60,6,reg3_m60_s0,0,975,48760,1.3217650250532407,74.0,73.1,0.07435319382485342,0.0008837401671427884,20,37,220.65513450000435,0.891566265060241,0.880722891566265
reg3,60,6,reg3_m60_s0,0,980,49010,1.3217650250532407,74.0,73.2,0.07435319382485342,0.0008837401671427884,20,37,221.98270350001985,0.891566265060241,0.8819277108433735
reg3,60,6,reg3_m60_s0,0,985,49260,1.3217650250532407,74.0,73.3,0.07435319382485342,0.0008837401671427884,20,37,223.23433870001463,0.891566265060241,0.8831325301204819
reg3,60,6,reg3_m60_s0,0,990,49510,1.3217650250532407,74.0,74.0,0.07435319382485342,0.0008837401671427884,20,37,224.45679490000475,0.891566265060241,0.891566265060241
reg3,60,6,reg3_m60_s0,0,995,49760,1.3217650250532407,74.0,74.0,0.07435319382485342,0.0008837401671427884,20,37,225.65966289999778,0.891566265060241,0.891566265060241
reg3,60,6,reg3_m60_s0,0,1000,50010,1.3217650250532407,74.0,74.0,0.07435319382485339,0.0008837401671426912,20,37,226.86460760000045,0.891566265060241,0.891566265060241
reg3,60,6,reg3_m60_s0,0,1005,50260,1.3217650250532407,74.0,74.0,0.07435319382485339,0.0008837401671426912,20,37,228.0754264999996,0.891566265060241,0.891566265060241
reg3,60,6,reg3_m60_s0,0,1010,50510,1.3217650250532407,74.0,74.0,0.07435319382485328,0.0008837401671426843,20,37,229.31922450001002,0.891566265060241,0.891566265060241
reg3,60,6,reg3_m60_s0,0,1015,50760,1.3217650250532407,74.0,74.0,0.07435319382485328,0.0008837401671426843,20,37,230.50944389999495,0.891566265060241,0.891566265060241
reg3,60,6,reg3_m60_s0,0,1020,51010,1.3217650250532407,74.0,74.0,0.07435319382485342,0.0008837401671427884,20,37,231.7512595000153,0.891566265060241,0.891566265060241
reg3,60,6,reg3_m60_s0,0,1025,51260,1.3217650250532407,74.0,74.0,0.07435319382485328,0.0008837401671426843,20,37,233.04428910001297,0.891566265060241,0.891566265060241
reg3,60,6,reg3_m60_s0,0,1030,51510,1.321928853222454,74.0,74.0,0.07608600559280479,0.0007140415869139709,20,37,234.25979110001936,0.891566265060241,0.891566265060241
reg3,60,6,reg3_m60_s0,0,1035,51760,1.321928853222454,74.0,74.0,0.07608600559280479,0.0007140415869139709,20,37,235.4817960000073,0.891566265060241,0.891566265060241
reg3,60,6,reg3_m60_s0,0,1040,52010,1.3219288532224542,74.0,74.0,0.07608600559280496,0.0007140415869140836,20,37,236.6711997000093,0.891566265060241,0.891566265060241
reg3,60,6,reg3_m60_s0,0,1045,52260,1.3219288532224542,74.0,74.0,0.07608600559280496,0.0007140415869140836,20,37,237.8820182000054,0.891566265060241,0.891566265060241
reg3,60,6,reg3_m60_s0,0,1050,52510,1.3219288532224542,74.0,74.0,0.07608600559280498,0.0007140415869139397,20,37,239.16783720001695,0.891566265060241,0.891566265060241
reg3,60,6,reg3_m60_s0,0,1055,52760,1.3219288532224542,74.0,74.0,0.07608600559280498,0.0007140415869139397,20,37,240.4254806000099,0.891566265060241,0.891566265060241
reg3,60,6,reg3_m60_s0,0,1060,53010,1.3219288532224542,74.0,74.0,0.07608600559280498,0.0007140415869139397,20,37,241.6116963000095,0.891566265060241,0.891566265060241
reg3,60,6,reg3_m60_s0,0,1065,53260,1.3219288532224542,74.0,74.0,0.07608600559280498,0.0007140415869139397,20,37,242.78103820001706,0.891566265060241,0.891566265060241
reg3,60,6,reg3_m60_s0,0,1070,53510,1.3219288532224542,74.0,74.0,0.07608600559280498,0.0007140415869139397,20,37,243.97379590000492,0.891566265060241,0.891566265060241
reg3,60,6,reg3_m60_s0,0,1075,53760,1.3219288532224542,74.0,74.0,0.07608600559280498,0.0007140415869139397,20,37,245.11815070000011,0.891566265060241,0.891566265060241
reg3,60,6,reg3_m60_s0,0,1080,54010,1.3219288532224542,74.0,74.0,0.07608600559280496,0.0007140415869140836,20,37,246.21218630002113,0.891566265060241,0.891566265060241
reg3,60,6,reg3_m60_s0,0,1085,54260,1.3219288532224542,74.0,74.0,0.07608600559280493,0.000714041586914009,20,37,247.43522720001056,0.891566265060241,0.891566265060241
reg3,60,6,reg3_m60_s0,0,1090,54510,1.3219288532224542,74.0,74.0,0.07608600559280493,0.000714041586914009,20,37,248.60657830000855,0.891566265060241,0.891566265060241
reg3,60,6,reg3_m60_s0,0,1095,54760,1.3219288532224542,74.0,74.0,0.07608600559280493,0.000714041586914009,20,37,249.74276230001124,0.891566265060241,0.891566265060241
reg3,60,6,reg3_m60_s0,0,1100,55010,1.3219288532224542,74.0,74.0,0.0760860055928049,0.0007140415869139882,20,37,250.89938440002152,0.891566265060241,0.891566265060241
reg3,60,6,reg3_m60_s0,0,1105,55260,1.3219288532224542,74.0,74.0,0.0760860055928049,0.0007140415869139882,20,37,252.0263298000209,0.891566265060241,0.891566265060241
reg3,60,6,reg3_m60_s0,0,1110,55510,1.3219288532224542,74.0,74.0,0.0760860055928049,0.0007140415869139882,20,37,253.18397130002268,0.891566265060241,0.891566265060241
reg3,60,6,reg3_m60_s0,0,1115,55760,1.3219288532224542,74.0,74.0,0.0760860055928049,0.0007140415869139882,20,37,254.35605740000028,0.891566265060241,0.891566265060241
reg3,60,6,reg3_m60_s0,0,1120,56010,1.3219288532224542,74.0,74.0,0.0760860055928049,0.0007140415869139882,20,37,255.85201430000598,0.891566265060241,0.891566265060241
reg3,60,6,reg3_m60_s0,0,1125,56260,1.3219288532224542,74.0,74.0,0.0760860055928049,0.0007140415869139882,20,37,257.246862400003,0.891566265060241,0.891566265060241
reg3,60,6,reg3_m60_s0,0,1130,56510,1.3219288532224542,74.0,74.0,0.0760860055928049,0.0007140415869139882,20,37,258.5060552000068,0.891566265060241,0.891566265060241
reg3,60,6,reg3_m60_s0,0,1135,56760,1.3219288532224542,74.0,74.0,0.0760860055928049,0.0007140415869139882,20,37,259.7587279000145,0.891566265060241,0.891566265060241
reg3,60,6,reg3_m60_s0,0,1140,57010,1.3219288532224542,74.0,74.0,0.0760860055928049,0.0007140415869139882,20,37,261.03627929999493,0.891566265060241,0.891566265060241
reg3,60,6,reg3_m60_s0,0,1145,57260,1.3219288532224542,74.0,74.0,0.0760860055928049,0.0007140415869139882,20,37,262.2524791000178,0.891566265060241,0.891566265060241
reg3,60,6,reg3_m60_s0,0,1150,57510,1.3219288532224542,74.0,74.0,0.0760860055928049,0.0007140415869139882,20,37,263.47433890000684,0.891566265060241,0.891566265060241
reg3,60,6,reg3_m60_s0,0,1155,57760,1.3219288532224542,74.0,74.0,0.0760860055928049,0.0007140415869139882,20,37,264.70608679999714,0.891566265060241,0.891566265060241
reg3,60,6,reg3_m60_s0,0,1160,58010,1.3219288532224542,74.0,74.0,0.0760860055928049,0.0007140415869139882,20,37,265.94745960002183,0.891566265060241,0.891566265060241
reg3,60,6,reg3_m60_s0,0,1165,58260,1.3219288532224542,74.0,74.0,0.0760860055928049,0.0007140415869139882,20,37,267.2047940000193,0.891566265060241,0.891566265060241
reg3,60,6,reg3_m60_s0,0,1170,58510,1.3219288532224542,74.0,74.0,0.0760860055928049,0.0007140415869139882,20,37,268.36046570001054,0.891566265060241,0.891566265060241
reg3,60,6,reg3_m60_s0,0,1175,58760,1.3219288532224542,74.0,74.0,0.0760860055928049,0.0007140415869139882,20,37,269.5352271000156,0.891566265060241,0.891566265060241
reg3,60,6,reg3_m60_s0,0,1180,59010,1.3219288532224542,74.0,74.0,0.0760860055928049,0.0007140415869139882,20,37,270.6675929000194,0.891566265060241,0.891566265060241
reg3,60,6,reg3_m60_s0,0,1185,59260,1.3219288532224542,74.0,74.0,0.0760860055928049,0.0007140415869139882,20,37,271.82903039999655,0.891566265060241,0.891566265060241
reg3,60,6,reg3_m60_s0,0,1190,59510,1.3219288532224542,74.0,74.0,0.0760860055928049,0.0007140415869139882,20,37,273.07397570001194,0.891566265060241,0.891566265060241
reg3,60,6,reg3_m60_s0,0,1195,59760,1.3219288532224542,74.0,74.0,0.0760860055928049,0.0007140415869139882,20,37,274.1865950000065,0.891566265060241,0.891566265060241
reg3,60,6,reg3_m60_s0,0,1200,60010,1.3219288532224542,74.0,74.0,0.0760860055928049,0.0007140415869139882,20,37,275.36006200002157,0.891566265060241,0.891566265060241
reg3,60,6,reg3_m60_s0,0,1205,60260,1.3219288532224542,74.0,74.0,0.0760860055928049,0.0007140415869139882,20,37,276.3982300000207,0.891566265060241,0.891566265060241
reg3,60,6,reg3_m60_s0,0,1210,60510,1.3219288532224542,74.0,74.0,0.0760860055928049,0.0007140415869139882,20,37,277.5613191000011,0.891566265060241,0.891566265060241
reg3,60,6,reg3_m60_s0,0,1215,60760,1.3219288532224542,74.0,74.0,0.0760860055928049,0.0007140415869139882,20,37,278.6874020000105,0.891566265060241,0.891566265060241
reg3,60,6,reg3_m60_s0,0,1220,61010,1.3219288532224542,74.0,74.0,0.0760860055928049,0.0007140415869140819,20,36,279.8249434000172,0.891566265060241,0.891566265060241
reg3,60,6,reg3_m60_s0,0,1225,61260,1.3219288532224542,74.0,74.0,0.0760860055928049,0.0007140415869139882,20,37,280.92765040000086,0.891566265060241,0.891566265060241
reg3,60,6,reg3_m60_s0,0,1230,61510,1.3219288532224542,74.0,74.0,0.0760860055928049,0.0007140415869139882,20,37,282.0588902000163,0.891566265060241,0.891566265060241
reg3,60,6,reg3_m60_s0,0,1235,61760,1.3219288532224542,74.0,74.0,0.0760860055928049,0.0007140415869139882,20,37,283.1549797000189,0.891566265060241,0.891566265060241
reg3,60,6,reg3_m60_s0,0,1240,62010,1.3219288532224542,74.0,74.0,0.0760860055928049,0.0007140415869139882,20,37,284.23823020001873,0.891566265060241,0.891566265060241
reg3,60,6,reg3_m60_s0,0,1245,62260,1.3219288532224542,74.0,74.0,0.0760860055928049,0.0007140415869139882,20,37,285.34757070001797,0.891566265060241,0.891566265060241
reg3,60,6,reg3_m60_s0,0,1250,62510,1.3219288532224542,74.0,74.0,0.0760860055928049,0.0007140415869139882,20,37,286.4952319000149,0.891566265060241,0.891566265060241
reg3,60,6,reg3_m60_s0,0,1255,62760,1.3219288532224542,74.0,74.0,0.0760860055928049,0.0007140415869139882,20,37,287.6483671000169,0.891566265060241,0.891566265060241
reg3,60,6,reg3_m60_s0,0,1260,63010,1.3219288532224542,74.0,74.0,0.0760860055928049,0.0007140415869139882,20,37,288.87382910001907,0.891566265060241,0.891566265060241
reg3,60,6,reg3_m60_s0,0,1265,63260,1.3219288532224542,74.0,74.0,0.0760860055928049,0.0007140415869139882,20,37,290.04429410002194,0.891566265060241,0.891566265060241
reg3,60,6,reg3_m60_s0,0,1270,63510,1.3219288532224542,74.0,74.0,0.0760860055928049,0.0007140415869139882,20,37,291.1295794000034,0.891566265060241,0.891566265060241
reg3,60,6,reg3_m60_s0,0,1275,63760,1.3219288532224542,74.0,74.0,0.0760860055928049,0.0007140415869139882,20,37,292.33593319999636,0.891566265060241,0.891566265060241
reg3,60,6,reg3_m60_s0,0,1280,64010,1.3219288532224542,74.0,74.0,0.0760860055928049,0.0007140415869139882,20,37,293.5289280000143,0.891566265060241,0.891566265060241
reg3,60,6,reg3_m60_s0,0,1285,64260,1.3219288532224542,74.0,74.0,0.0760860055928049,0.0007140415869139882,20,37,294.67389679999906,0.891566265060241,0.891566265060241
reg3,60,6,reg3_m60_s0,0,1290,64510,1.3219288532224542,74.0,74.0,0.0760860055928049,0.0007140415869139882,20,37,295.82024230001844,0.891566265060241,0.891566265060241
reg3,60,6,reg3_m60_s0,0,1295,64760,1.3219288532224542,74.0,74.0,0.0760860055928049,0.0007140415869139882,20,37,296.959571400017,0.891566265060241,0.891566265060241
reg3,60,6,reg3_m60_s0,0,1300,65010,1.3219288532224542,74.0,74.0,0.0760860055928049,0.0007140415869139882,20,37,298.1669127000205,0.891566265060241,0.891566265060241
reg3,60,6,reg3_m60_s0,0,1305,65260,1.3219288532224542,74.0,74.0,0.0760860055928049,0.0007140415869139882,20,37,299.28526500001317,0.891566265060241,0.891566265060241
reg3,60,6,reg3_m60_s0,0,1310,65510,1.3219288532224542,74.0,74.0,0.0760860055928049,0.0007140415869139882,20,37,300.43855079999776,0.891566265060241,0.891566265060241
reg3,60,6,reg3_m60_s0,0,1315,65760,1.3219288532224542,74.0,74.0,0.0760860055928049,0.0007140415869139882,20,37,301.5362290000194,0.891566265060241,0.891566265060241
reg3,60,6,reg3_m60_s0,0,1320,66010,1.3219288532224542,74.0,74.0,0.0760860055928049,0.0007140415869139882,20,37,302.67271850002,0.891566265060241,0.891566265060241
reg3,60,6,reg3_m60_s0,0,1325,66260,1.3219288532224542,74.0,74.0,0.0760860055928049,0.0007140415869139882,20,37,303.72590910000145,0.891566265060241,0.891566265060241
reg3,60,6,reg3_m60_s0,0,1330,66510,1.3219288532224542,74.0,74.0,0.0760860055928049,0.0007140415869139882,20,37,304.8089830999961,0.891566265060241,0.891566265060241
reg3,60,6,reg3_m60_s0,0,1335,66760,1.3219288532224542,74.0,74.0,0.07608600559280496,0.0007140415869140836,20,37,305.945882,0.891566265060241,0.891566265060241
reg3,60,6,reg3_m60_s0,0,1340,67010,1.3219288532224542,74.0,74.0,0.07608600559280496,0.0007140415869140836,20,37,307.01947700002347,0.891566265060241,0.891566265060241
reg3,60,6,reg3_m60_s0,0,1345,67260,1.3219288532224542,74.0,74.0,0.07608600559280496,0.0007140415869140836,20,37,308.1282787999953,0.891566265060241,0.891566265060241
reg3,60,6,reg3_m60_s0,0,1350,67510,1.3219288532224542,74.0,74.0,0.0760860055928049,0.0007140415869139882,20,37,309.3052122000081,0.891566265060241,0.891566265060241
reg3,60,6,reg3_m60_s0,0,1355,67760,1.3219288532224542,74.0,74.0,0.0760860055928049,0.0007140415869139882,20,37,310.3240766999952,0.891566265060241,0.891566265060241
reg3,60,6,reg3_m60_s0,0,1360,68010,1.3219288532224542,74.0,74.0,0.07608600559280496,0.0007140415869140836,20,37,311.49496710000676,0.891566265060241,0.891566265060241
reg3,60,6,reg3_m60_s0,0,1365,68260,1.3219288532224542,74.0,74.0,0.0760860055928049,0.0007140415869139882,20,37,312.62244960002135,0.891566265060241,0.891566265060241
reg3,60,6,reg3_m60_s0,0,1370,68510,1.3219288532224542,74.0,74.0,0.07608600559280496,0.0007140415869140836,20,37,313.8046665000147,0.891566265060241,0.891566265060241
reg3,60,6,reg3_m60_s0,0,1375,68760,1.3219288532224542,74.0,74.0,0.0760860055928049,0.0007140415869139882,20,37,314.9856596000027,0.891566265060241,0.891566265060241
reg3,60,6,reg3_m60_s0,0,1380,69010,1.3219288532224542,74.0,74.0,0.0760860055928049,0.0007140415869139882,20,37,316.1448841000092,0.891566265060241,0.891566265060241
reg3,60,6,reg3_m60_s0,0,1385,69260,1.3219288532224542,74.0,74.0,0.0760860055928049,0.0007140415869139882,20,37,317.3089215000218,0.891566265060241,0.891566265060241
reg3,60,6,reg3_m60_s0,0,1390,69510,1.3219288532224542,74.0,74.0,0.07608600559280498,0.0007140415869139397,20,37,318.49903180002,0.891566265060241,0.891566265060241
reg3,60,6,reg3_m60_s0,0,1395,69760,1.3219288532224542,74.0,74.0,0.0760860055928049,0.0007140415869139882,20,37,319.7225750000216,0.891566265060241,0.891566265060241
reg3,60,6,reg3_m60_s0,0,1400,70010,1.3219288532224542,74.0,74.0,0.0760860055928049,0.0007140415869139882,20,37,320.85599510002066,0.891566265060241,0.891566265060241
reg3,60,6,reg3_m60_s0,0,1405,70260,1.3219288532224542,74.0,74.0,0.0760860055928049,0.0007140415869139882,20,37,321.99553840002045,0.891566265060241,0.891566265060241
reg3,60,6,reg3_m60_s0,0,1410,70510,1.3219288532224542,74.0,74.0,0.0760860055928049,0.0007140415869139882,20,37,323.19019220001064,0.891566265060241,0.891566265060241
reg3,60,6,reg3_m60_s0,0,1415,70760,1.3219288532224542,74.0,74.0,0.0760860055928049,0.0007140415869139882,20,37,324.3794941000233,0.891566265060241,0.891566265060241
reg3,60,6,reg3_m60_s0,0,1420,71010,1.3219288532224542,74.0,74.0,0.0760860055928049,0.0007140415869139882,20,37,325.5428446000151,0.891566265060241,0.891566265060241
reg3,60,6,reg3_m60_s0,0,1425,71260,1.3219288532224542,74.0,74.0,0.0760860055928049,0.0007140415869139882,20,37,326.69313440000406,0.891566265060241,0.891566265060241
reg3,60,6,reg3_m60_s0,0,1430,71510,1.3219288532224542,74.0,74.0,0.0760860055928049,0.0007140415869139882,20,37,327.8553337000194,0.891566265060241,0.891566265060241
reg3,60,6,reg3_m60_s0,0,1435,71760,1.3219288532224542,74.0,74.0,0.0760860055928049,0.0007140415869139882,20,37,329.02328059999854,0.891566265060241,0.891566265060241
reg3,60,6,reg3_m60_s0,0,1440,72010,1.3219288532224542,74.0,74.0,0.0760860055928049,0.0007140415869139882,20,37,330.0874617000227,0.891566265060241,0.891566265060241
reg3,60,6,reg3_m60_s0,0,1445,72260,1.3219288532224542,74.0,74.0,0.0760860055928049,0.0007140415869139882,20,37,331.59918079999625,0.891566265060241,0.891566265060241
reg3,60,6,reg3_m60_s0,0,1450,72510,1.3219288532224542,74.0,74.0,0.0760860055928049,0.0007140415869139882,20,37,332.76794150000205,0.891566265060241,0.891566265060241
reg3,60,6,reg3_m60_s0,0,1455,72760,1.3219288532224542,74.0,74.0,0.0760860055928049,0.0007140415869139882,20,37,333.8829411000188,0.891566265060241,0.891566265060241
reg3,60,6,reg3_m60_s0,0,1460,73010,1.3219288532224542,74.0,74.0,0.0760860055928049,0.0007140415869139882,20,37,334.9795195000188,0.891566265060241,0.891566265060241
reg3,60,6,reg3_m60_s0,0,1465,73260,1.3219288532224542,74.0,74.0,0.0760860055928049,0.0007140415869139882,20,37,336.0451191000175,0.891566265060241,0.891566265060241
reg3,60,6,reg3_m60_s0,0,1470,73510,1.3219288532224542,74.0,74.0,0.0760860055928049,0.0007140415869139882,20,37,337.1721777000057,0.891566265060241,0.891566265060241
reg3,60,6,reg3_m60_s0,0,1475,73760,1.3219288532224542,74.0,74.0,0.0760860055928049,0.0007140415869139882,20,37,338.31729639999685,0.891566265060241,0.891566265060241
reg3,60,6,reg3_m60_s0,0,1480,74010,1.3219288532224542,74.0,74.0,0.0760860055928049,0.0007140415869139882,20,37,339.4257274999982,0.891566265060241,0.891566265060241
reg3,60,6,reg3_m60_s0,0,1485,74260,1.3219288532224542,74.0,74.0,0.0760860055928049,0.0007140415869139882,20,37,340.55507620002027,0.891566265060241,0.891566265060241
reg3,60,6,reg3_m60_s0,0,1490,74510,1.3219288532224542,74.0,74.0,0.0760860055928049,0.0007140415869139882,20,37,341.7662446000031,0.891566265060241,0.891566265060241
reg3,60,6,reg3_m60_s0,0,1495,74760,1.3219288532224542,74.0,74.0,0.0760860055928049,0.0007140415869139882,20,37,342.9270022000128,0.891566265060241,0.891566265060241
reg3,60,6,reg3_m60_s0,0,1500,75010,1.3219288532224542,74.0,74.0,0.0760860055928049,0.0007140415869140819,20,36,344.0095926000213,0.891566265060241,0.891566265060241
reg3,60,6,reg3_m60_s0,0,1505,75260,1.3219288532224542,74.0,74.0,0.0760860055928049,0.0007140415869139882,20,37,345.0613849000074,0.891566265060241,0.891566265060241
reg3,60,6,reg3_m60_s0,0,1510,75510,1.3219288532224542,74.0,74.0,0.0760860055928049,0.0007140415869139882,20,37,346.3860984000203,0.891566265060241,0.891566265060241
reg3,60,6,reg3_m60_s0,0,1515,75760,1.3219288532224542,74.0,74.0,0.0760860055928049,0.0007140415869139882,20,37,347.5968438000127,0.891566265060241,0.891566265060241
reg3,60,6,reg3_m60_s0,0,1520,76010,1.3219288532224542,74.0,74.0,0.07608600559280493,0.000714041586914009,20,37,348.78870790000656,0.891566265060241,0.891566265060241
reg3,60,6,reg3_m60_s0,0,1525,76260,1.3219288532224542,74.0,74.0,0.07608600559280496,0.0007140415869140836,20,37,349.92024410000886,0.891566265060241,0.891566265060241
reg3,60,6,reg3_m60_s0,0,1530,76510,1.3219288532224542,74.0,74.0,0.07608600559280496,0.0007140415869140836,20,37,351.0457396999991,0.891566265060241,0.891566265060241
reg3,60,6,reg3_m60_s0,0,1535,76760,1.3219288532224542,74.0,74.0,0.0760860055928049,0.0007140415869140819,20,36,352.32380600000033,0.891566265060241,0.891566265060241
reg3,60,6,reg3_m60_s0,0,1540,77010,1.3219288532224542,74.0,74.0,0.07608600559280493,0.000714041586914009,20,37,353.5467012000154,0.891566265060241,0.891566265060241
reg3,60,6,reg3_m60_s0,0,1545,77260,1.3219288532224542,74.0,74.0,0.0760860055928049,0.0007140415869139882,20,37,354.6548832000117,0.891566265060241,0.891566265060241
reg3,60,6,reg3_m60_s0,0,1550,77510,1.3219288532224542,74.0,74.0,0.07608600559280493,0.000714041586914009,20,37,355.73076000000583,0.891566265060241,0.891566265060241
reg3,60,6,reg3_m60_s0,0,1555,77760,1.3219288532224542,74.0,74.0,0.0760860055928049,0.0007140415869139882,20,37,356.8748422000208,0.891566265060241,0.891566265060241
reg3,60,6,reg3_m60_s0,0,1560,78010,1.3219288532224542,74.0,74.0,0.0760860055928049,0.0007140415869139882,20,37,358.05342430001474,0.891566265060241,0.891566265060241
reg3,60,6,reg3_m60_s0,0,1565,78260,1.3219288532224542,74.0,74.0,0.0760860055928049,0.0007140415869140819,20,36,359.64119019999634,0.891566265060241,0.891566265060241
reg3,60,6,reg3_m60_s0,0,1570,78510,1.3219288532224542,74.0,74.0,0.0760860055928049,0.0007140415869139882,20,37,360.8166650000203,0.891566265060241,0.891566265060241
reg3,60,6,reg3_m60_s0,0,1575,78760,1.3219288532224542,74.0,74.0,0.0760860055928049,0.0007140415869139882,20,37,361.9070037000056,0.891566265060241,0.891566265060241
reg3,60,6,reg3_m60_s0,0,1580,79010,1.3219288532224542,74.0,74.0,0.0760860055928049,0.0007140415869140819,20,36,363.13018219999503,0.891566265060241,0.891566265060241
reg3,60,6,reg3_m60_s0,0,1585,79260,1.3219288532224542,74.0,74.0,0.0760860055928049,0.0007140415869139882,20,37,364.3607991000172,0.891566265060241,0.891566265060241
reg3,60,6,reg3_m60_s0,0,1590,79510,1.3219288532224542,74.0,74.0,0.0760860055928049,0.0007140415869140819,20,36,365.49823330002255,0.891566265060241,0.891566265060241
reg3,60,6,reg3_m60_s0,0,1595,79760,1.3219288532224542,74.0,74.0,0.0760860055928049,0.0007140415869140819,20,36,366.51351060002344,0.891566265060241,0.891566265060241
reg3,60,6,reg3_m60_s0,0,1600,80010,1.3219288532224542,74.0,74.0,0.0760860055928049,0.0007140415869140819,20,36,367.6126223000174,0.891566265060241,0.891566265060241
reg3,60,6,reg3_m60_s0,0,1605,80260,1.3219288532224542,74.0,74.0,0.0760860055928049,0.0007140415869140819,20,36,368.76535170001443,0.891566265060241,0.891566265060241
reg3,60,6,reg3_m60_s0,0,1610,80510,1.3219288532224542,74.0,74.0,0.0760860055928049,0.0007140415869140819,20,36,369.91948579999735,0.891566265060241,0.891566265060241
reg3,60,6,reg3_m60_s0,0,1615,80760,1.3219288532224542,74.0,74.0,0.0760860055928049,0.0007140415869140819,20,36,371.0454843000043,0.891566265060241,0.891566265060241
reg3,60,6,reg3_m60_s0,0,1620,81010,1.3219288532224542,74.0,74.0,0.0760860055928049,0.0007140415869140819,20,36,372.10907600002247,0.891566265060241,0.891566265060241
reg3,60,6,reg3_m60_s0,0,1625,81260,1.3219288532224542,74.0,74.0,0.0760860055928049,0.0007140415869140819,20,36,373.3165537000168,0.891566265060241,0.891566265060241
reg3,60,6,reg3_m60_s0,0,1630,81510,1.3219288532224542,74.0,74.0,0.0760860055928049,0.0007140415869140819,20,36,374.48311640002066,0.891566265060241,0.891566265060241
reg3,60,6,reg3_m60_s0,0,1635,81760,1.3219288532224542,74.0,74.0,0.0760860055928049,0.0007140415869140819,20,36,375.640330299997,0.891566265060241,0.891566265060241
reg3,60,6,reg3_m60_s0,0,1640,82010,1.3219288532224542,74.0,74.0,0.0760860055928049,0.0007140415869140819,20,36,376.79331969999475,0.891566265060241,0.891566265060241
reg3,60,6,reg3_m60_s0,0,1645,82260,1.3219288532224542,74.0,74.0,0.0760860055928049,0.0007140415869140819,20,36,377.84709160000784,0.891566265060241,0.891566265060241
reg3,60,6,reg3_m60_s0,0,1650,82510,1.3219288532224542,74.0,74.0,0.0760860055928049,0.0007140415869140819,20,36,378.9828791000182,0.891566265060241,0.891566265060241
reg3,60,6,reg3_m60_s0,0,1655,82760,1.3219288532224542,74.0,74.0,0.0760860055928049,0.0007140415869140819,20,36,380.10112639999716,0.891566265060241,0.891566265060241
reg3,60,6,reg3_m60_s0,0,1660,83010,1.3219288532224542,74.0,74.0,0.0760860055928049,0.0007140415869140819,20,36,381.2306594999973,0.891566265060241,0.891566265060241
reg3,60,6,reg3_m60_s0,0,1665,83260,1.3219288532224542,74.0,74.0,0.0760860055928049,0.0007140415869140819,20,36,382.27297580000595,0.891566265060241,0.891566265060241
reg3,60,6,reg3_m60_s0,0,1670,83510,1.3219288532224542,74.0,74.0,0.0760860055928049,0.0007140415869140819,20,36,383.4702431000187,0.891566265060241,0.891566265060241
reg3,60,6,reg3_m60_s0,0,1675,83760,1.3219288532224542,74.0,74.0,0.07608600559280498,0.0007140415869139397,20,37,384.59290020001936,0.891566265060241,0.891566265060241
reg3,60,6,reg3_m60_s0,0,1680,84010,1.3219288532224542,74.0,74.0,0.0760860055928049,0.0007140415869140819,20,36,385.785151100019,0.891566265060241,0.891566265060241
reg3,60,6,reg3_m60_s0,0,1685,84260,1.3219288532224542,74.0,74.0,0.0760860055928049,0.0007140415869140819,20,36,386.8624909000064,0.891566265060241,0.891566265060241
reg3,60,6,reg3_m60_s0,0,1690,84510,1.3219288532224542,74.0,74.0,0.0760860055928049,0.0007140415869140819,20,36,387.95464070001617,0.891566265060241,0.891566265060241
reg3,60,6,reg3_m60_s0,0,1695,84760,1.3219288532224542,74.0,74.0,0.0760860055928049,0.0007140415869140819,20,36,389.1104823000205,0.891566265060241,0.891566265060241
reg3,60,6,reg3_m60_s0,0,1700,85010,1.3219288532224542,74.0,74.0,0.0760860055928049,0.0007140415869140819,20,36,390.25243710001814,0.891566265060241,0.891566265060241
reg3,60,6,reg3_m60_s0,0,1705,85260,1.3219288532224542,74.0,74.0,0.0760860055928049,0.0007140415869140819,20,36,391.3041312000132,0.891566265060241,0.891566265060241
reg3,60,6,reg3_m60_s0,0,1710,85510,1.3219288532224542,74.0,74.0,0.0760860055928049,0.0007140415869140819,20,36,392.34639089999837,0.891566265060241,0.891566265060241
reg3,60,6,reg3_m60_s0,0,1715,85760,1.3219288532224542,74.0,74.0,0.07608600559280493,0.000714041586914009,20,37,393.4392073000199,0.891566265060241,0.891566265060241
reg3,60,6,reg3_m60_s0,0,1720,86010,1.3219288532224542,74.0,74.0,0.0760860055928049,0.0007140415869140819,20,36,394.5071372000093,0.891566265060241,0.891566265060241
reg3,60,6,reg3_m60_s0,0,1725,86260,1.3219288532224542,74.0,74.0,0.07608600559280493,0.000714041586914009,20,37,395.5850490000157,0.891566265060241,0.891566265060241
reg3,60,6,reg3_m60_s0,0,1730,86510,1.3219288532224542,74.0,74.0,0.07608600559280493,0.000714041586914009,20,37,396.69927140002255,0.891566265060241,0.891566265060241
reg3,60,6,reg3_m60_s0,0,1735,86760,1.3219288532224542,74.0,74.0,0.0760860055928049,0.0007140415869140819,20,36,397.7867532999953,0.891566265060241,0.891566265060241
reg3,60,6,reg3_m60_s0,0,1740,87010,1.3219288532224542,74.0,74.0,0.07608600559280493,0.000714041586914009,20,37,398.84438220001175,0.891566265060241,0.891566265060241
reg3,60,6,reg3_m60_s0,0,1745,87260,1.3219288532224542,74.0,74.0,0.07608600559280496,0.0007140415869140836,20,37,400.01075380001566,0.891566265060241,0.891566265060241
reg3,60,6,reg3_m60_s0,0,1750,87510,1.3219288532224542,74.0,74.0,0.07608600559280493,0.000714041586914009,20,37,401.147344099998,0.891566265060241,0.891566265060241
reg3,60,6,reg3_m60_s0,0,1755,87760,1.3219288532224542,74.0,74.0,0.0760860055928049,0.0007140415869139882,20,37,402.2479628000001,0.891566265060241,0.891566265060241
reg3,60,6,reg3_m60_s0,0,1760,88010,1.3219288532224542,74.0,74.0,0.0760860055928049,0.0007140415869139882,20,37,403.38913019999745,0.891566265060241,0.891566265060241
reg3,60,6,reg3_m60_s0,0,1765,88260,1.3219288532224542,74.0,74.0,0.0760860055928049,0.0007140415869139882,20,37,404.50939990000916,0.891566265060241,0.891566265060241
reg3,60,6,reg3_m60_s0,0,1770,88510,1.3219288532224542,74.0,74.0,0.07608600559280493,0.000714041586914009,20,37,406.15587730001425,0.891566265060241,0.891566265060241
reg3,60,6,reg3_m60_s0,0,1775,88760,1.3219288532224542,74.0,74.0,0.07608600559280493,0.000714041586914009,20,37,407.33735800001887,0.891566265060241,0.891566265060241
reg3,60,6,reg3_m60_s0,0,1780,89010,1.3219288532224542,74.0,74.0,0.07608600559280493,0.000714041586914009,20,37,408.46029730001464,0.891566265060241,0.891566265060241
reg3,60,6,reg3_m60_s0,0,1785,89260,1.3219288532224542,74.0,74.0,0.07608600559280493,0.000714041586914009,20,37,409.64150379999774,0.891566265060241,0.891566265060241
reg3,60,6,reg3_m60_s0,0,1790,89510,1.3219288532224542,74.0,74.0,0.07608600559280493,0.000714041586914009,20,37,410.82970699999714,0.891566265060241,0.891566265060241
reg3,60,6,reg3_m60_s0,0,1795,89760,1.3219288532224542,74.0,74.0,0.0760860055928049,0.0007140415869139882,20,37,412.00777200001176,0.891566265060241,0.891566265060241
reg3,60,6,reg3_m60_s0,0,1800,90010,1.3219288532224542,74.0,74.0,0.07608600559280493,0.000714041586914009,20,37,413.1267268000229,0.891566265060241,0.891566265060241
reg3,60,6,reg3_m60_s0,0,1805,90260,1.3219288532224542,74.0,74.0,0.07608600559280493,0.000714041586914009,20,37,414.24408330000006,0.891566265060241,0.891566265060241
reg3,60,6,reg3_m60_s0,0,1810,90510,1.3219288532224542,74.0,74.0,0.0760860055928049,0.0007140415869139882,20,37,415.4306194000237,0.891566265060241,0.891566265060241
reg3,60,6,reg3_m60_s0,0,1815,90760,1.3219288532224542,74.0,74.0,0.07608600559280493,0.000714041586914009,20,37,416.6352681000135,0.891566265060241,0.891566265060241
reg3,60,6,reg3_m60_s0,0,1820,91010,1.3219288532224542,74.0,74.0,0.07608600559280493,0.000714041586914009,20,37,417.6908900999988,0.891566265060241,0.891566265060241
reg3,60,6,reg3_m60_s0,0,1825,91260,1.3219288532224542,74.0,74.0,0.07608600559280493,0.000714041586914009,20,37,418.82253970002057,0.891566265060241,0.891566265060241
reg3,60,6,reg3_m60_s0,0,1830,91510,1.3219288532224542,74.0,74.0,0.0760860055928049,0.0007140415869139882,20,37,420.0049517000152,0.891566265060241,0.891566265060241
reg3,60,6,reg3_m60_s0,0,1835,91760,1.3219288532224542,74.0,74.0,0.0760860055928049,0.0007140415869139882,20,37,421.27320350002265,0.891566265060241,0.891566265060241
reg3,60,6,reg3_m60_s0,0,1840,92010,1.3219288532224542,74.0,74.0,0.0760860055928049,0.0007140415869139882,20,37,422.3199079000042,0.891566265060241,0.891566265060241
reg3,60,6,reg3_m60_s0,0,1845,92260,1.3219288532224542,74.0,74.0,0.0760860055928049,0.0007140415869139882,20,37,423.51397140001063,0.891566265060241,0.891566265060241
reg3,60,6,reg3_m60_s0,0,1850,92510,1.3219288532224542,74.0,74.0,0.0760860055928049,0.0007140415869139882,20,37,424.58140480000293,0.891566265060241,0.891566265060241
reg3,60,6,reg3_m60_s0,0,1855,92760,1.3219288532224542,74.0,74.0,0.0760860055928049,0.0007140415869139882,20,37,425.7471022999962,0.891566265060241,0.891566265060241
reg3,60,6,reg3_m60_s0,0,1860,93010,1.3219288532224542,74.0,74.0,0.0760860055928049,0.0007140415869139882,20,37,426.85013580002123,0.891566265060241,0.891566265060241
reg3,60,6,reg3_m60_s0,0,1865,93260,1.3219288532224542,74.0,74.0,0.0760860055928049,0.0007140415869139882,20,37,427.93444720000844,0.891566265060241,0.891566265060241
reg3,60,6,reg3_m60_s0,0,1870,93510,1.3219288532224542,74.0,74.0,0.0760860055928049,0.0007140415869139882,20,37,429.1211682000139,0.891566265060241,0.891566265060241
reg3,60,6,reg3_m60_s0,0,1875,93760,1.3219288532224542,74.0,74.0,0.0760860055928049,0.0007140415869139882,20,37,430.31005719999666,0.891566265060241,0.891566265060241
reg3,60,6,reg3_m60_s0,0,1880,94010,1.3219288532224542,74.0,74.0,0.0760860055928049,0.0007140415869139882,20,37,431.4297838000057,0.891566265060241,0.891566265060241
reg3,60,6,reg3_m60_s0,0,1885,94260,1.3219288532224542,74.0,74.0,0.0760860055928049,0.0007140415869139882,20,37,432.5927184000029,0.891566265060241,0.891566265060241
reg3,60,6,reg3_m60_s0,0,1890,94510,1.3219288532224542,74.0,74.0,0.0760860055928049,0.0007140415869139882,20,37,433.755532900017,0.891566265060241,0.891566265060241
reg3,60,6,reg3_m60_s0,0,1895,94760,1.3219288532224542,74.0,74.0,0.0760860055928049,0.0007140415869139882,20,37,434.9644045000023,0.891566265060241,0.891566265060241
reg3,60,6,reg3_m60_s0,0,1900,95010,1.3219288532224542,74.0,74.0,0.0760860055928049,0.0007140415869139882,20,37,436.1209985000023,0.891566265060241,0.891566265060241
reg3,60,6,reg3_m60_s0,0,1905,95260,1.3219288532224542,74.0,74.0,0.0760860055928049,0.0007140415869139882,20,37,437.35875310000847,0.891566265060241,0.891566265060241
reg3,60,6,reg3_m60_s0,0,1910,95510,1.3219288532224542,74.0,74.0,0.0760860055928049,0.0007140415869139882,20,37,438.5493950000091,0.891566265060241,0.891566265060241
reg3,60,6,reg3_m60_s0,0,1915,95760,1.3219288532224542,74.0,74.0,0.0760860055928049,0.0007140415869139882,20,37,439.7278243000037,0.891566265060241,0.891566265060241
reg3,60,6,reg3_m60_s0,0,1920,96010,1.3219288532224542,74.0,74.0,0.0760860055928049,0.0007140415869139882,20,37,440.92175639999914,0.891566265060241,0.891566265060241
reg3,60,6,reg3_m60_s0,0,1925,96260,1.3219288532224542,74.0,74.0,0.07608600559280496,0.0007140415869140836,20,37,442.0187812000222,0.891566265060241,0.891566265060241
reg3,60,6,reg3_m60_s0,0,1930,96510,1.3219288532224542,74.0,74.0,0.0760860055928049,0.0007140415869139882,20,37,443.14463120000437,0.891566265060241,0.891566265060241
reg3,60,6,reg3_m60_s0,0,1935,96760,1.3219288532224542,74.0,74.0,0.0760860055928049,0.0007140415869139882,20,37,444.3554162000073,0.891566265060241,0.891566265060241
reg3,60,6,reg3_m60_s0,0,1940,97010,1.3219288532224542,74.0,74.0,0.0760860055928049,0.0007140415869139882,20,37,445.58601759999874,0.891566265060241,0.891566265060241
reg3,60,6,reg3_m60_s0,0,1945,97260,1.3219288532224542,74.0,74.0,0.0760860055928049,0.0007140415869139882,20,37,446.75160920000053,0.891566265060241,0.891566265060241
reg3,60,6,reg3_m60_s0,0,1950,97510,1.3219288532224542,74.0,74.0,0.0760860055928049,0.0007140415869139882,20,37,447.8734480999992,0.891566265060241,0.891566265060241
reg3,60,6,reg3_m60_s0,0,1955,97760,1.3219288532224542,74.0,74.0,0.07608600559280496,0.0007140415869140836,20,37,449.037421200017,0.891566265060241,0.891566265060241
reg3,60,6,reg3_m60_s0,0,1960,98010,1.3219288532224542,74.0,74.0,0.0760860055928049,0.0007140415869139882,20,37,450.19894669999485,0.891566265060241,0.891566265060241
reg3,60,6,reg3_m60_s0,0,1965,98260,1.3219288532224542,74.0,74.0,0.0760860055928049,0.0007140415869139882,20,37,451.3493048000091,0.891566265060241,0.891566265060241
reg3,60,6,reg3_m60_s0,0,1970,98510,1.3219288532224542,74.0,74.0,0.0760860055928049,0.0007140415869139882,20,37,452.3429842000187,0.891566265060241,0.891566265060241
reg3,60,6,reg3_m60_s0,0,1975,98760,1.3219288532224542,74.0,74.0,0.07608600559280493,0.000714041586914009,20,37,453.5277813000139,0.891566265060241,0.891566265060241
reg3,60,6,reg3_m60_s0,0,1980,99010,1.3219288532224542,74.0,74.0,0.0760860055928049,0.0007140415869139882,20,37,454.66694429999916,0.891566265060241,0.891566265060241
reg3,60,6,reg3_m60_s0,0,1985,99260,1.3219288532224542,74.0,74.0,0.07608600559280496,0.0007140415869140836,20,37,455.9094856000156,0.891566265060241,0.891566265060241
reg3,60,6,reg3_m60_s0,0,1990,99510,1.3219288532224542,74.0,74.0,0.0760860055928049,0.0007140415869140819,20,36,456.90386829999625,0.891566265060241,0.891566265060241
reg3,60,6,reg3_m60_s0,0,1995,99760,1.3219288532224542,74.0,74.0,0.0760860055928049,0.0007140415869139882,20,37,458.09608830002253,0.891566265060241,0.891566265060241
reg3,60,6,reg3_m60_s0,0,2000,100010,1.3219288532224542,74.0,74.0,0.07608600559280496,0.0007140415869140836,20,37,459.2821356000204,0.891566265060241,0.891566265060241
reg3,104,7,reg3_m104_s0,0,0,10,0.8245381935233821,84.0,78.5,0.07376565910425226,4.802676810931883e-18,24,39,0.055990499997278675,0.5915492957746479,0.5528169014084507
reg3,104,7,reg3_m104_s0,0,5,260,0.9381282208011211,96.0,94.4,0.04510879687577412,5.989818862130181e-05,24,37,1.4841798999987077,0.676056338028169,0.6647887323943662
reg3,104,7,reg3_m104_s0,0,10,510,0.9698252529333125,98.0,96.9,0.06674594407982941,3.9946073792512804e-18,24,41,2.884248199989088,0.6901408450704225,0.6823943661971832
reg3,104,7,reg3_m104_s0,0,15,760,1.0072598342888972,101.0,99.1,0.06347827260723915,0.0024742476206070056,24,45,4.31848099999479,0.7112676056338029,0.6978873239436619
reg3,104,7,reg3_m104_s0,0,20,1010,1.049710965767011,103.0,101.8,0.07297181606759412,0.0018370466849796981,24,42,5.625688300002366,0.7253521126760564,0.7169014084507042
reg3,104,7,reg3_m104_s0,0,25,1260,1.0919359515951548,104.0,103.8,0.09590205329493627,0.000910123056051898,24,39,6.977124600001844,0.7323943661971831,0.7309859154929578
reg3,104,7,reg3_m104_s0,0,30,1510,1.1192005633355233,107.0,104.7,0.08512210736937408,0.0008918870452069971,24,40,8.24950199999148,0.7535211267605634,0.7373239436619718
reg3,104,7,reg3_m104_s0,0,35,1760,1.1496115940701503,109.0,106.5,0.09720332113133481,0.0009101230560520368,24,39,9.53893949999474,0.7676056338028169,0.75
reg3,104,7,reg3_m104_s0,0,40,2010,1.1575132387069902,110.0,108.5,0.09423277695365553,0.0001766267963370892,24,39,10.795383699995,0.7746478873239436,0.7640845070422535
reg3,104,7,reg3_m104_s0,0,45,2260,1.168079114385373,110.0,109.0,0.0987070709487718,0.000346584322120487,24,40,12.079575300012948,0.7746478873239436,0.7676056338028169
reg3,104,7,reg3_m104_s0,0,50,2510,1.168809404201168,109.0,109.0,0.09311395506952089,0.007874278284899727,24,40,13.36978119998821,0.7676056338028169,0.7676056338028169
reg3,104,7,reg3_m104_s0,0,55,2760,1.194396291367704,112.0,109.6,0.0880015700955528,0.00021693864308424543,24,39,14.672794499987504,0.7887323943661971,0.7718309859154929
reg3,104,7,reg3_m104_s0,0,60,3010,1.2068421701801149,112.0,112.1,0.11475229929535632,0.002685043996799863,24,41,16.073681500012754,0.7887323943661971,0.7894366197183098
reg3,104,7,reg3_m104_s0,0,65,3260,1.2104318566494396,112.0,112.0,0.11410042252926358,0.002254837691112954,24,42,17.543120899994392,0.7887323943661971,0.7887323943661971
reg3,104,7,reg3_m104_s0,0,70,3510,1.214236683093922,112.0,112.0,0.11749574031179937,0.0021827752895234587,24,42,18.963234199996805,0.7887323943661971,0.7887323943661971
reg3,104,7,reg3_m104_s0,0,75,3760,1.2215032586539962,113.0,112.1,0.11927120579209044,0.0007433068793524233,24,42,20.391019800008507,0.795774647887324,0.7894366197183098
reg3,104,7,reg3_m104_s0,0,80,4010,1.2224531348673628,113.0,112.4,0.12067533712604098,0.0007433068793522846,24,42,21.864620400010608,0.795774647887324,0.7915492957746479
reg3,104,7,reg3_m104_s0,0,85,4260,1.2296100592694603,113.0,112.7,0.11909244280794251,0.0007433068793522846,24,42,23.301736299996264,0.795774647887324,0.793661971830986
reg3,104,7,reg3_m104_s0,0,90,4510,1.2297992790171817,113.0,112.7,0.11896491614655004,0.00048098457650563864,24,42,25.164401699992595,0.795774647887324,0.793661971830986
reg3,104,7,reg3_m104_s0,0,95,4760,1.2315977515495093,113.0,113.0,0.12657126112348724,0.00048098457650551374,24,42,26.586756800010335,0.795774647887324,0.795774647887324
reg3,104,7,reg3_m104_s0,0,100,5010,1.232937327983139,114.0,113.1,0.11406529213509825,0.0020711323983501756,24,43,28.022938000009162,0.8028169014084507,0.7964788732394366
reg3,104,7,reg3_m104_s0,0,105,5260,1.232937327983139,114.0,113.4,0.11406529213509825,0.0020711323983501756,24,43,29.499625099997502,0.8028169014084507,0.7985915492957747
reg3,104,7,reg3_m104_s0,0,110,5510,1.2353178835132033,114.0,113.9,0.11577677530318123,0.0026103519596586446,24,43,30.875816499989014,0.8028169014084507,0.8021126760563381
reg3,104,7,reg3_m104_s0,0,115,5760,1.2440138534196465,114.0,114.0,0.11182112465960398,0.001662162140351059,24,43,32.26350560001447,0.8028169014084507,0.8028169014084507
reg3,104,7,reg3_m104_s0,0,120,6010,1.2478645598436024,114.0,114.0,0.11596963392226944,0.0025247576044808637,24,43,33.62867110001389,0.8028169014084507,0.8028169014084507
reg3,104,7,reg3_m104_s0,0,125,6260,1.2486879098847972,114.0,114.0,0.11208919135879486,0.002482079902117594,24,44,34.969486399990274,0.8028169014084507,0.8028169014084507
reg3,104,7,reg3_m104_s0,0,130,6510,1.2500264804641354,114.0,114.0,0.11613534900247906,0.002115242775043269,24,42,36.36411500000395,0.8028169014084507,0.8028169014084507
reg3,104,7,reg3_m104_s0,0,135,6760,1.2500264804641354,114.0,114.0,0.11613534900247906,0.002115242775043269,24,42,37.70192680001492,0.8028169014084507,0.8028169014084507
reg3,104,7,reg3_m104_s0,0,140,7010,1.250047344583696,114.0,114.0,0.1267464451757851,0.0005874893980052781,24,42,39.12103599999682,0.8028169014084507,0.8028169014084507
reg3,104,7,reg3_m104_s0,0,145,7260,1.2522611304001945,115.0,114.1,0.11435693656361497,0.0017731813126246158,24,42,40.454930100007914,0.8098591549295775,0.8035211267605633
reg3,104,7,reg3_m104_s0,0,150,7510,1.2544223138200463,115.0,114.6,0.11671743336798436,0.0020858376544852786,24,43,41.829394400003366,0.8098591549295775,0.8070422535211267
reg3,104,7,reg3_m104_s0,0,155,7760,1.2555667619422068,115.0,115.0,0.11410071244342493,0.0009527270056925163,24,42,43.267784600000596,0.8098591549295775,0.8098591549295775
reg3,104,7,reg3_m104_s0,0,160,8010,1.2555667619422068,115.0,115.0,0.11410071244342493,0.0009527270056925163,24,42,44.51139550001244,0.8098591549295775,0.8098591549295775
reg3,104,7,reg3_m104_s0,0,165,8260,1.2555667619422068,115.0,115.0,0.11410071244342493,0.0009527270056925163,24,42,45.76434359999257,0.8098591549295775,0.8098591549295775
reg3,104,7,reg3_m104_s0,0,170,8510,1.2572417471601387,115.0,115.0,0.11707952483488468,0.0009008096644098629,24,43,47.05438650000724,0.8098591549295775,0.8098591549295775
reg3,104,7,reg3_m104_s0,0,175,8760,1.2572417471601387,115.0,115.0,0.11707952483488468,0.0009008096644098629,24,43,48.335586500004865,0.8098591549295775,0.8098591549295775
reg3,104,7,reg3_m104_s0,0,180,9010,1.2578129609442152,115.0,115.0,0.1170903052022914,0.002021092741541816,24,43,49.58957199999713,0.8098591549295775,0.8098591549295775
reg3,104,7,reg3_m104_s0,0,185,9260,1.2579510924271267,115.0,115.0,0.12274755748829236,0.0025527507032822305,24,43,50.892529500008095,0.8098591549295775,0.8098591549295775
reg3,104,7,reg3_m104_s0,0,190,9510,1.259900437591403,115.0,115.0,0.11777003309536016,0.00012154805201768093,24,44,52.205392700008815,0.8098591549295775,0.8098591549295775
reg3,104,7,reg3_m104_s0,0,195,9760,1.259900437591403,115.0,115.0,0.11777003309536016,0.00012154805201768093,24,44,53.40395730000455,0.8098591549295775,0.8098591549295775
reg3,104,7,reg3_m104_s0,0,200,10010,1.2599913116241517,115.0,115.0,0.12730184928825855,0.0016121371938817713,24,43,54.75032990000909,0.8098591549295775,0.8098591549295775
reg3,104,7,reg3_m104_s0,0,205,10260,1.2599913116241517,115.0,115.0,0.12730184928825855,0.0016121371938817713,24,43,56.079355099995155,0.8098591549295775,0.8098591549295775
reg3,104,7,reg3_m104_s0,0,210,10510,1.2599913116241517,115.0,115.0,0.12730184928825855,0.0016121371938817713,24,43,57.41469919998781,0.8098591549295775,0.8098591549295775
reg3,104,7,reg3_m104_s0,0,215,10760,1.2599913116241517,115.0,115.0,0.12730184928825855,0.0016121371938817713,24,43,58.71209849999286,0.8098591549295775,0.8098591549295775
reg3,104,7,reg3_m104_s0,0,220,11010,1.2836993693497187,117.0,115.2,0.12890641141054102,0.0021864991746355505,24,43,60.00483150000218,0.823943661971831,0.8112676056338028
reg3,104,7,reg3_m104_s0,0,225,11260,1.2836993693497187,117.0,115.8,0.12890641141054102,0.0021864991746355505,24,43,61.316968500002986,0.823943661971831,0.8154929577464789
reg3,104,7,reg3_m104_s0,0,230,11510,1.2836993693497187,117.0,117.0,0.12890641141054102,0.0021864991746355505,24,43,62.58190610000747,0.823943661971831,0.823943661971831
reg3,104,7,reg3_m104_s0,0,235,11760,1.2849516781236883,117.0,117.0,0.1323742623044723,9.119968894545638e-05,24,43,63.86260709998896,0.823943661971831,0.823943661971831
reg3,104,7,reg3_m104_s0,0,240,12010,1.2849516781236883,117.0,117.0,0.1323742623044723,9.119968894545638e-05,24,43,65.18841810000595,0.823943661971831,0.823943661971831
reg3,104,7,reg3_m104_s0,0,245,12260,1.2849516781236883,117.0,117.0,0.1323742623044723,9.119968894545638e-05,24,43,66.46030740000424,0.823943661971831,0.823943661971831
reg3,104,7,reg3_m104_s0,0,250,12510,1.2849516781236883,117.0,117.0,0.1323742623044723,9.119968894545638e-05,24,43,67.73218429999542,0.823943661971831,0.823943661971831
reg3,104,7,reg3_m104_s0,0,255,12760,1.2849516781236883,117.0,117.0,0.1323742623044723,9.119968894545638e-05,24,43,69.09809929999756,0.823943661971831,0.823943661971831
reg3,104,7,reg3_m104_s0,0,260,13010,1.2858882205373283,117.0,117.0,0.13428111346830118,0.003821492866243753,24,43,70.31020300000091,0.823943661971831,0.823943661971831
reg3,104,7,reg3_m104_s0,0,265,13260,1.2858882205373283,117.0,117.0,0.13428111346830118,0.003821492866243753,24,43,71.55891769999289,0.823943661971831,0.823943661971831
reg3,104,7,reg3_m104_s0,0,270,13510,1.2858882205373283,117.0,117.0,0.13428111346830118,0.003821492866243753,24,43,72.88670170001569,0.823943661971831,0.823943661971831
reg3,104,7,reg3_m104_s0,0,275,13760,1.2858882205373283,117.0,117.0,0.13428111346830118,0.003821492866243753,24,43,74.12297850000323,0.823943661971831,0.823943661971831
reg3,104,7,reg3_m104_s0,0,280,14010,1.286046205070035,117.0,117.0,0.129711740700731,0.00041112348037472546,24,42,75.37746330001391,0.823943661971831,0.823943661971831
reg3,104,7,reg3_m104_s0,0,285,14260,1.286046205070035,117.0,117.0,0.129711740700731,0.00041112348037472546,24,42,76.66864150000038,0.823943661971831,0.823943661971831
reg3,104,7,reg3_m104_s0,0,290,14510,1.286046205070035,117.0,117.0,0.129711740700731,0.00041112348037472546,24,42,77.98227020000922,0.823943661971831,0.823943661971831
reg3,104,7,reg3_m104_s0,0,295,14760,1.286046205070035,117.0,117.0,0.129711740700731,0.00041112348037472546,24,42,79.29007529999944,0.823943661971831,0.823943661971831
reg3,104,7,reg3_m104_s0,0,300,15010,1.286046205070035,117.0,117.0,0.129711740700731,0.00041112348037472546,24,42,80.57267039999715,0.823943661971831,0.823943661971831
reg3,104,7,reg3_m104_s0,0,305,15260,1.286046205070035,117.0,117.0,0.129711740700731,0.00041112348037472546,24,42,81.77815669999109,0.823943661971831,0.823943661971831
reg3,104,7,reg3_m104_s0,0,310,15510,1.286046205070035,117.0,117.0,0.129711740700731,0.00041112348037472546,24,42,83.02788290000171,0.823943661971831,0.823943661971831
reg3,104,7,reg3_m104_s0,0,315,15760,1.286046205070035,117.0,117.0,0.129711740700731,0.00041112348037472546,24,42,84.25596750000841,0.823943661971831,0.823943661971831
reg3,104,7,reg3_m104_s0,0,320,16010,1.286046205070035,117.0,117.0,0.129711740700731,0.00041112348037472546,24,42,85.55032380000921,0.823943661971831,0.823943661971831
reg3,104,7,reg3_m104_s0,0,325,16260,1.286046205070035,117.0,117.0,0.129711740700731,0.00041112348037472546,24,42,86.7602479000052,0.823943661971831,0.823943661971831
reg3,104,7,reg3_m104_s0,0,330,16510,1.286046205070035,117.0,117.0,0.129711740700731,0.00041112348037472546,24,42,88.08682450000197,0.823943661971831,0.823943661971831
reg3,104,7,reg3_m104_s0,0,335,16760,1.286046205070035,117.0,117.0,0.129711740700731,0.00041112348037472546,24,42,89.41720359999454,0.823943661971831,0.823943661971831
reg3,104,7,reg3_m104_s0,0,340,17010,1.286046205070035,117.0,117.0,0.129711740700731,0.00041112348037472546,24,42,90.7349824999983,0.823943661971831,0.823943661971831
reg3,104,7,reg3_m104_s0,0,345,17260,1.286046205070035,117.0,117.0,0.129711740700731,0.00041112348037472546,24,42,92.02806440001586,0.823943661971831,0.823943661971831
reg3,104,7,reg3_m104_s0,0,350,17510,1.286046205070035,117.0,117.0,0.129711740700731,0.00041112348037472546,24,42,93.28754710001522,0.823943661971831,0.823943661971831
reg3,104,7,reg3_m104_s0,0,355,17760,1.286046205070035,117.0,117.0,0.129711740700731,0.00041112348037472546,24,42,94.58881670000846,0.823943661971831,0.823943661971831
reg3,104,7,reg3_m104_s0,0,360,18010,1.286046205070035,117.0,117.0,0.129711740700731,0.00041112348037472546,24,42,95.97173650001059,0.823943661971831,0.823943661971831
reg3,104,7,reg3_m104_s0,0,365,18260,1.286046205070035,117.0,117.0,0.129711740700731,0.00041112348037472546,24,42,97.25466080001206,0.823943661971831,0.823943661971831
reg3,104,7,reg3_m104_s0,0,370,18510,1.286046205070035,117.0,117.0,0.129711740700731,0.00041112348037472546,24,42,98.55791860001045,0.823943661971831,0.823943661971831
reg3,104,7,reg3_m104_s0,0,375,18760,1.286046205070035,117.0,117.0,0.129711740700731,0.00041112348037472546,24,42,99.90600360001554,0.823943661971831,0.823943661971831
reg3,104,7,reg3_m104_s0,0,380,19010,1.286046205070035,117.0,117.0,0.129711740700731,0.00041112348037472546,24,42,101.24386240000604,0.823943661971831,0.823943661971831
reg3,104,7,reg3_m104_s0,0,385,19260,1.286046205070035,117.0,117.0,0.129711740700731,0.00041112348037472546,24,42,102.4609300000011,0.823943661971831,0.823943661971831
reg3,104,7,reg3_m104_s0,0,390,19510,1.286046205070035,117.0,117.0,0.129711740700731,0.00041112348037472546,24,42,103.75818050000817,0.823943661971831,0.823943661971831
reg3,104,7,reg3_m104_s0,0,395,19760,1.286046205070035,117.0,117.0,0.129711740700731,0.00041112348037472546,24,42,105.02730769998743,0.823943661971831,0.823943661971831
reg3,104,7,reg3_m104_s0,0,400,20010,1.286046205070035,117.0,117.0,0.129711740700731,0.00041112348037472546,24,42,106.323455500009,0.823943661971831,0.823943661971831
reg3,104,7,reg3_m104_s0,0,405,20260,1.286046205070035,117.0,117.0,0.129711740700731,0.00041112348037472546,24,42,107.66629449999891,0.823943661971831,0.823943661971831
reg3,104,7,reg3_m104_s0,0,410,20510,1.286046205070035,117.0,117.0,0.129711740700731,0.00041112348037472546,24,42,108.89057839999441,0.823943661971831,0.823943661971831
reg3,104,7,reg3_m104_s0,0,415,20760,1.286046205070035,117.0,117.0,0.129711740700731,0.00041112348037472546,24,42,110.65078009999706,0.823943661971831,0.823943661971831
reg3,104,7,reg3_m104_s0,0,420,21010,1.286046205070035,117.0,117.0,0.129711740700731,0.00041112348037472546,24,42,111.95236419999856,0.823943661971831,0.823943661971831
reg3,104,7,reg3_m104_s0,0,425,21260,1.286046205070035,117.0,117.0,0.129711740700731,0.00041112348037472546,24,42,113.275755700015,0.823943661971831,0.823943661971831
reg3,104,7,reg3_m104_s0,0,430,21510,1.286046205070035,117.0,117.0,0.129711740700731,0.00041112348037472546,24,42,114.63282319999416,0.823943661971831,0.823943661971831
reg3,104,7,reg3_m104_s0,0,435,21760,1.286046205070035,117.0,117.0,0.129711740700731,0.00041112348037472546,24,42,115.98744669998996,0.823943661971831,0.823943661971831
reg3,104,7,reg3_m104_s0,0,440,22010,1.286046205070035,117.0,117.0,0.129711740700731,0.00041112348037472546,24,42,117.29514150001341,0.823943661971831,0.823943661971831
reg3,104,7,reg3_m104_s0,0,445,22260,1.286046205070035,117.0,117.0,0.129711740700731,0.00041112348037472546,24,42,118.63398849999066,0.823943661971831,0.823943661971831
reg3,104,7,reg3_m104_s0,0,450,22510,1.286046205070035,117.0,117.0,0.129711740700731,0.00041112348037472546,24,42,119.90157670000917,0.823943661971831,0.823943661971831
reg3,104,7,reg3_m104_s0,0,455,22760,1.286046205070035,117.0,117.0,0.129711740700731,0.00041112348037472546,24,42,121.2566283000051,0.823943661971831,0.823943661971831
reg3,104,7,reg3_m104_s0,0,460,23010,1.286046205070035,117.0,117.0,0.129711740700731,0.00041112348037472546,24,42,122.54558430000907,0.823943661971831,0.823943661971831
reg3,104,7,reg3_m104_s0,0,465,23260,1.286046205070035,117.0,117.0,0.129711740700731,0.00041112348037472546,24,42,123.81247760000406,0.823943661971831,0.823943661971831
reg3,104,7,reg3_m104_s0,0,470,23510,1.286046205070035,117.0,117.0,0.129711740700731,0.00041112348037472546,24,42,125.16006200000993,0.823943661971831,0.823943661971831
reg3,104,7,reg3_m104_s0,0,475,23760,1.2866358688513067,117.0,117.0,0.13113380798305957,0.0007264956825428215,24,42,126.5460036000004,0.823943661971831,0.823943661971831
reg3,104,7,reg3_m104_s0,0,480,24010,1.2866358688513067,117.0,117.0,0.13113380798305957,0.0007264956825428215,24,42,128.04861399999936,0.823943661971831,0.823943661971831
reg3,104,7,reg3_m104_s0,0,485,24260,1.2866358688513067,117.0,117.0,0.13113380798305957,0.0007264956825428215,24,42,129.34279200001038,0.823943661971831,0.823943661971831
reg3,104,7,reg3_m104_s0,0,490,24510,1.2866358688513067,117.0,117.0,0.13113380798305957,0.0007264956825428215,24,42,130.66296389998752,0.823943661971831,0.823943661971831
reg3,104,7,reg3_m104_s0,0,495,24760,1.2866358688513067,117.0,117.0,0.13113380798305957,0.0007264956825428215,24,42,132.02691380001488,0.823943661971831,0.823943661971831
reg3,104,7,reg3_m104_s0,0,500,25010,1.2866358688513067,117.0,117.0,0.13113380798305957,0.0007264956825428215,24,42,133.28046080001513,0.823943661971831,0.823943661971831
reg3,104,7,reg3_m104_s0,0,505,25260,1.2866358688513067,117.0,117.0,0.13113380798305957,0.0007264956825428215,24,42,134.6520867999934,0.823943661971831,0.823943661971831
reg3,104,7,reg3_m104_s0,0,510,25510,1.2866358688513067,117.0,117.0,0.13113380798305957,0.0007264956825428215,24,42,135.99376059998758,0.823943661971831,0.823943661971831
reg3,104,7,reg3_m104_s0,0,515,25760,1.2866358688513067,117.0,117.0,0.13113380798305957,0.0007264956825428215,24,42,137.3582705000008,0.823943661971831,0.823943661971831
reg3,104,7,reg3_m104_s0,0,520,26010,1.2866358688513067,117.0,117.0,0.13113380798305957,0.0007264956825428215,24,42,138.6819233999995,0.823943661971831,0.823943661971831
reg3,104,7,reg3_m104_s0,0,525,26260,1.2866358688513067,117.0,117.0,0.13113380798305957,0.0007264956825428215,24,42,139.94331870001042,0.823943661971831,0.823943661971831
reg3,104,7,reg3_m104_s0,0,530,26510,1.2866358688513067,117.0,117.0,0.13113380798305957,0.0007264956825428215,24,42,141.30037059998722,0.823943661971831,0.823943661971831
reg3,104,7,reg3_m104_s0,0,535,26760,1.2866358688513067,117.0,117.0,0.13113380798305957,0.0007264956825428215,24,42,142.63450539999758,0.823943661971831,0.823943661971831
reg3,104,7,reg3_m104_s0,0,540,27010,1.2866358688513067,117.0,117.0,0.13113380798305957,0.0007264956825428215,24,42,144.00041280000005,0.823943661971831,0.823943661971831
reg3,104,7,reg3_m104_s0,0,545,27260,1.2866358688513067,117.0,117.0,0.13113380798305957,0.0007264956825428215,24,42,145.34763239999302,0.823943661971831,0.823943661971831
reg3,104,7,reg3_m104_s0,0,550,27510,1.2866358688513067,117.0,117.0,0.13113380798305957,0.0007264956825428215,24,42,146.75905280001462,0.823943661971831,0.823943661971831
reg3,104,7,reg3_m104_s0,0,555,27760,1.2866358688513067,117.0,117.0,0.13113380798305957,0.0007264956825428215,24,42,148.07591099999263,0.823943661971831,0.823943661971831
reg3,104,7,reg3_m104_s0,0,560,28010,1.2866358688513067,117.0,117.0,0.13113380798305957,0.0007264956825428215,24,42,149.40640090001398,0.823943661971831,0.823943661971831
reg3,104,7,reg3_m104_s0,0,565,28260,1.2866358688513067,117.0,117.0,0.13113380798305957,0.0007264956825428215,24,42,150.78202079999028,0.823943661971831,0.823943661971831
reg3,104,7,reg3_m104_s0,0,570,28510,1.2866358688513067,117.0,117.0,0.13113380798305957,0.0007264956825428215,24,42,152.09667960001389,0.823943661971831,0.823943661971831
reg3,104,7,reg3_m104_s0,0,575,28760,1.2866358688513067,117.0,117.0,0.13113380798305957,0.0007264956825428215,24,42,153.38515170000028,0.823943661971831,0.823943661971831
reg3,104,7,reg3_m104_s0,0,580,29010,1.2866358688513067,117.0,117.0,0.13113380798305957,0.0007264956825428215,24,42,154.69116370001575,0.823943661971831,0.823943661971831
reg3,104,7,reg3_m104_s0,0,585,29260,1.2866358688513067,117.0,117.0,0.13113380798305957,0.0007264956825428215,24,42,156.01939780000248,0.823943661971831,0.823943661971831
reg3,104,7,reg3_m104_s0,0,590,29510,1.2866358688513067,117.0,117.0,0.13113380798305957,0.0007264956825428215,24,42,157.34794129998772,0.823943661971831,0.823943661971831
reg3,104,7,reg3_m104_s0,0,595,29760,1.2866358688513067,117.0,117.0,0.13113380798305957,0.0007264956825428215,24,42,158.66609360001166,0.823943661971831,0.823943661971831
reg3,104,7,reg3_m104_s0,0,600,30010,1.2866358688513067,117.0,117.0,0.13113380798305957,0.0007264956825428215,24,42,159.9631853000028,0.823943661971831,0.823943661971831
reg3,104,7,reg3_m104_s0,0,605,30260,1.2866358688513067,117.0,117.0,0.13113380798305957,0.0007264956825428215,24,42,161.2729459000111,0.823943661971831,0.823943661971831
reg3,104,7,reg3_m104_s0,0,610,30510,1.2866358688513067,117.0,117.0,0.13113380798305957,0.0007264956825428215,24,42,162.5434505000012,0.823943661971831,0.823943661971831
reg3,104,7,reg3_m104_s0,0,615,30760,1.2866358688513067,117.0,117.0,0.13113380798305957,0.0007264956825428215,24,42,163.866452199989,0.823943661971831,0.823943661971831
reg3,104,7,reg3_m104_s0,0,620,31010,1.2866358688513067,117.0,117.0,0.13113380798305957,0.0007264956825428215,24,42,165.1775103000109,0.823943661971831,0.823943661971831
reg3,104,7,reg3_m104_s0,0,625,31260,1.2866358688513067,117.0,117.0,0.13113380798305957,0.0007264956825428215,24,42,166.50020770000992,0.823943661971831,0.823943661971831
reg3,104,7,reg3_m104_s0,0,630,31510,1.2866358688513067,117.0,117.0,0.13113380798305957,0.0007264956825428215,24,42,167.80707380000968,0.823943661971831,0.823943661971831
reg3,104,7,reg3_m104_s0,0,635,31760,1.2866358688513067,117.0,117.0,0.13113380798305957,0.0007264956825428215,24,42,169.0947823000024,0.823943661971831,0.823943661971831
reg3,104,7,reg3_m104_s0,0,640,32010,1.2866358688513067,117.0,117.0,0.13113380798305957,0.0007264956825428215,24,42,170.40589960000943,0.823943661971831,0.823943661971831
reg3,104,7,reg3_m104_s0,0,645,32260,1.2866358688513067,117.0,117.0,0.13113380798305957,0.0007264956825428215,24,42,171.7533967999916,0.823943661971831,0.823943661971831
reg3,104,7,reg3_m104_s0,0,650,32510,1.2866358688513067,117.0,117.0,0.13113380798305957,0.0007264956825428215,24,42,173.06539820000762,0.823943661971831,0.823943661971831
reg3,104,7,reg3_m104_s0,0,655,32760,1.2866358688513067,117.0,117.0,0.13113380798305957,0.0007264956825428215,24,42,174.349384000001,0.823943661971831,0.823943661971831
reg3,104,7,reg3_m104_s0,0,660,33010,1.2866358688513067,117.0,117.0,0.13113380798305957,0.0007264956825428215,24,42,175.73441669999738,0.823943661971831,0.823943661971831
reg3,104,7,reg3_m104_s0,0,665,33260,1.2866358688513067,117.0,117.0,0.13113380798305957,0.0007264956825428215,24,42,177.0491170999885,0.823943661971831,0.823943661971831
reg3,104,7,reg3_m104_s0,0,670,33510,1.2866358688513067,117.0,117.0,0.13113380798305957,0.0007264956825428215,24,42,178.4237518000009,0.823943661971831,0.823943661971831
reg3,104,7,reg3_m104_s0,0,675,33760,1.2866358688513067,117.0,117.0,0.13113380798305957,0.0007264956825428215,24,42,179.69919949999894,0.823943661971831,0.823943661971831
reg3,104,7,reg3_m104_s0,0,680,34010,1.2866358688513067,117.0,117.0,0.13113380798305957,0.0007264956825428215,24,42,180.99151009999332,0.823943661971831,0.823943661971831
reg3,104,7,reg3_m104_s0,0,685,34260,1.2866358688513067,117.0,117.0,0.13113380798305957,0.0007264956825428215,24,42,182.2707245000056,0.823943661971831,0.823943661971831
reg3,104,7,reg3_m104_s0,0,690,34510,1.2866358688513067,117.0,117.0,0.13113380798305957,0.0007264956825428215,24,42,183.5843620999949,0.823943661971831,0.823943661971831
reg3,104,7,reg3_m104_s0,0,695,34760,1.2866358688513067,117.0,117.0,0.13113380798305957,0.0007264956825428215,24,42,184.8784786000033,0.823943661971831,0.823943661971831
reg3,104,7,reg3_m104_s0,0,700,35010,1.2866358688513067,117.0,117.0,0.13113380798305957,0.0007264956825428215,24,42,186.18488029998844,0.823943661971831,0.823943661971831
reg3,104,7,reg3_m104_s0,0,705,35260,1.2866358688513067,117.0,117.0,0.13113380798305957,0.0007264956825428215,24,42,187.6086234000104,0.823943661971831,0.823943661971831
reg3,104,7,reg3_m104_s0,0,710,35510,1.2866358688513067,117.0,117.0,0.13113380798305957,0.0007264956825428215,24,42,189.08566149999388,0.823943661971831,0.823943661971831
reg3,104,7,reg3_m104_s0,0,715,35760,1.2866358688513067,117.0,117.0,0.13113380798305957,0.0007264956825428215,24,42,190.55615970000508,0.823943661971831,0.823943661971831
reg3,104,7,reg3_m104_s0,0,720,36010,1.2866358688513067,117.0,117.0,0.13113380798305957,0.0007264956825428215,24,42,191.90978829999221,0.823943661971831,0.823943661971831
reg3,104,7,reg3_m104_s0,0,725,36260,1.2866358688513067,117.0,117.0,0.13113380798305957,0.0007264956825428215,24,42,193.20596550000482,0.823943661971831,0.823943661971831
reg3,104,7,reg3_m104_s0,0,730,36510,1.2866358688513067,117.0,117.0,0.13113380798305957,0.0007264956825428215,24,42,194.51131269999314,0.823943661971831,0.823943661971831
reg3,104,7,reg3_m104_s0,0,735,36760,1.2866358688513067,117.0,117.0,0.13113380798305957,0.0007264956825428215,24,42,196.20945160000701,0.823943661971831,0.823943661971831
reg3,104,7,reg3_m104_s0,0,740,37010,1.2866358688513067,117.0,117.0,0.13113380798305957,0.0007264956825428215,24,42,197.53468680000515,0.823943661971831,0.823943661971831
reg3,104,7,reg3_m104_s0,0,745,37260,1.2866358688513067,117.0,117.0,0.13113380798305957,0.0007264956825428215,24,42,198.85404949999065,0.823943661971831,0.823943661971831
reg3,104,7,reg3_m104_s0,0,750,37510,1.2866358688513067,117.0,117.0,0.13113380798305957,0.0007264956825428215,24,42,200.16288129999884,0.823943661971831,0.823943661971831
reg3,104,7,reg3_m104_s0,0,755,37760,1.2866358688513067,117.0,117.0,0.13113380798305957,0.0007264956825428215,24,42,201.46776200001477,0.823943661971831,0.823943661971831
reg3,104,7,reg3_m104_s0,0,760,38010,1.2866358688513067,117.0,117.0,0.13113380798305957,0.0007264956825428215,24,42,202.89597740001045,0.823943661971831,0.823943661971831
reg3,104,7,reg3_m104_s0,0,765,38260,1.2866358688513067,117.0,117.0,0.13113380798305957,0.0007264956825428215,24,42,204.2593157000083,0.823943661971831,0.823943661971831
reg3,104,7,reg3_m104_s0,0,770,38510,1.2866358688513067,117.0,117.0,0.13113380798305957,0.0007264956825428215,24,42,205.55349329998717,0.823943661971831,0.823943661971831
reg3,104,7,reg3_m104_s0,0,775,38760,1.2866358688513067,117.0,117.0,0.13113380798305957,0.0007264956825428215,24,42,206.86650929998723,0.823943661971831,0.823943661971831
reg3,104,7,reg3_m104_s0,0,780,39010,1.2866358688513067,117.0,117.0,0.13113380798305957,0.0007264956825428215,24,42,208.18415670000832,0.823943661971831,0.823943661971831
reg3,104,7,reg3_m104_s0,0,785,39260,1.2866358688513067,117.0,117.0,0.13113380798305957,0.0007264956825428215,24,42,209.46126949999598,0.823943661971831,0.823943661971831
reg3,104,7,reg3_m104_s0,0,790,39510,1.2866358688513067,117.0,117.0,0.13113380798305957,0.0007264956825428215,24,42,210.73475540001527,0.823943661971831,0.823943661971831
reg3,104,7,reg3_m104_s0,0,795,39760,1.2866358688513067,117.0,117.0,0.13113380798305957,0.0007264956825428215,24,42,212.02300449999166,0.823943661971831,0.823943661971831
reg3,104,7,reg3_m104_s0,0,800,40010,1.2866358688513067,117.0,117.0,0.13113380798305957,0.0007264956825428215,24,42,213.34923570000683,0.823943661971831,0.823943661971831
reg3,104,7,reg3_m104_s0,0,805,40260,1.2866358688513067,117.0,117.0,0.13113380798305957,0.0007264956825428215,24,42,214.80920789999072,0.823943661971831,0.823943661971831
reg3,104,7,reg3_m104_s0,0,810,40510,1.2866358688513067,117.0,117.0,0.13113380798305957,0.0007264956825428215,24,42,216.12224409999908,0.823943661971831,0.823943661971831
reg3,104,7,reg3_m104_s0,0,815,40760,1.2866358688513067,117.0,117.0,0.13113380798305957,0.0007264956825428215,24,42,217.5132670000021,0.823943661971831,0.823943661971831
reg3,104,7,reg3_m104_s0,0,820,41010,1.2866358688513067,117.0,117.0,0.13113380798305957,0.0007264956825428215,24,42,218.8600446000055,0.823943661971831,0.823943661971831
reg3,104,7,reg3_m104_s0,0,825,41260,1.2866358688513067,117.0,117.0,0.13113380798305957,0.0007264956825428215,24,42,220.17594519999693,0.823943661971831,0.823943661971831
reg3,104,7,reg3_m104_s0,0,830,41510,1.2866358688513067,117.0,117.0,0.13113380798305957,0.0007264956825428215,24,42,221.5064177000022,0.823943661971831,0.823943661971831
reg3,104,7,reg3_m104_s0,0,835,41760,1.286874510078827,117.0,117.0,0.14575081759236846,0.0003037892483939292,24,43,222.73029569999198,0.823943661971831,0.823943661971831
reg3,104,7,reg3_m104_s0,0,840,42010,1.286874510078827,117.0,117.0,0.14575081759236846,0.0003037892483939292,24,43,224.0624281000055,0.823943661971831,0.823943661971831
reg3,104,7,reg3_m104_s0,0,845,42260,1.286874510078827,117.0,117.0,0.14575081759236846,0.0003037892483939292,24,43,225.3795887999877,0.823943661971831,0.823943661971831
reg3,104,7,reg3_m104_s0,0,850,42510,1.286874510078827,117.0,117.0,0.14575081759236846,0.0003037892483939292,24,43,226.67501480001374,0.823943661971831,0.823943661971831
reg3,104,7,reg3_m104_s0,0,855,42760,1.286874510078827,117.0,117.0,0.14575081759236846,0.0003037892483939292,24,43,228.05639909999445,0.823943661971831,0.823943661971831
reg3,104,7,reg3_m104_s0,0,860,43010,1.286874510078827,117.0,117.0,0.14575081759236846,0.0003037892483939292,24,43,229.46575880001183,0.823943661971831,0.823943661971831
reg3,104,7,reg3_m104_s0,0,865,43260,1.2872653080329262,117.0,117.0,0.14007114879039964,0.00030378924839388755,24,43,230.82151549999253,0.823943661971831,0.823943661971831
reg3,104,7,reg3_m104_s0,0,870,43510,1.2872653080329262,117.0,117.0,0.14007114879039964,0.00030378924839388755,24,43,232.19053180000628,0.823943661971831,0.823943661971831
reg3,104,7,reg3_m104_s0,0,875,43760,1.2872653080329262,117.0,117.0,0.14007114879039964,0.00030378924839388755,24,43,233.53173129999777,0.823943661971831,0.823943661971831
reg3,104,7,reg3_m104_s0,0,880,44010,1.2872653080329262,117.0,117.0,0.14007114879039964,0.00030378924839388755,24,43,234.8828469,0.823943661971831,0.823943661971831
reg3,104,7,reg3_m104_s0,0,885,44260,1.2872653080329262,117.0,117.0,0.14007114879039964,0.00030378924839388755,24,43,236.1203625999915,0.823943661971831,0.823943661971831
reg3,104,7,reg3_m104_s0,0,890,44510,1.2872653080329262,117.0,117.0,0.14007114879039964,0.00030378924839388755,24,43,237.3964660000056,0.823943661971831,0.823943661971831
reg3,104,7,reg3_m104_s0,0,895,44760,1.2872653080329262,117.0,117.0,0.14007114879039964,0.00030378924839388755,24,43,238.68049699999392,0.823943661971831,0.823943661971831
reg3,104,7,reg3_m104_s0,0,900,45010,1.2872653080329262,117.0,117.0,0.14007114879039964,0.00030378924839388755,24,43,239.94689290001406,0.823943661971831,0.823943661971831
reg3,104,7,reg3_m104_s0,0,905,45260,1.2872653080329262,117.0,117.0,0.14007114879039964,0.00030378924839388755,24,43,241.28313140000682,0.823943661971831,0.823943661971831
reg3,104,7,reg3_m104_s0,0,910,45510,1.2872653080329262,117.0,117.0,0.14007114879039964,0.00030378924839388755,24,43,242.71888000000035,0.823943661971831,0.823943661971831
reg3,104,7,reg3_m104_s0,0,915,45760,1.2872653080329262,117.0,117.0,0.14007114879039964,0.00030378924839388755,24,43,244.1214130000153,0.823943661971831,0.823943661971831
reg3,104,7,reg3_m104_s0,0,920,46010,1.2872653080329262,117.0,117.0,0.14007114879039964,0.00030378924839388755,24,43,245.54520739999134,0.823943661971831,0.823943661971831
reg3,104,7,reg3_m104_s0,0,925,46260,1.2872653080329262,117.0,117.0,0.14007114879039964,0.00030378924839388755,24,43,246.83975919999648,0.823943661971831,0.823943661971831
reg3,104,7,reg3_m104_s0,0,930,46510,1.2872653080329262,117.0,117.0,0.14007114879039964,0.00030378924839388755,24,43,248.21848830001545,0.823943661971831,0.823943661971831
reg3,104,7,reg3_m104_s0,0,935,46760,1.2872653080329262,117.0,117.0,0.14007114879039964,0.00030378924839388755,24,43,249.6599630000128,0.823943661971831,0.823943661971831
reg3,104,7,reg3_m104_s0,0,940,47010,1.2872653080329262,117.0,117.0,0.14007114879039964,0.00030378924839388755,24,43,250.94626739999512,0.823943661971831,0.823943661971831
reg3,104,7,reg3_m104_s0,0,945,47260,1.2872653080329262,117.0,117.0,0.14007114879039964,0.00030378924839388755,24,43,252.24405539999134,0.823943661971831,0.823943661971831
reg3,104,7,reg3_m104_s0,0,950,47510,1.2872653080329262,117.0,117.0,0.14007114879039964,0.00030378924839388755,24,43,253.59288499999093,0.823943661971831,0.823943661971831
reg3,104,7,reg3_m104_s0,0,955,47760,1.2872653080329262,117.0,117.0,0.14007114879039964,0.00030378924839388755,24,43,254.90560440000263,0.823943661971831,0.823943661971831
reg3,104,7,reg3_m104_s0,0,960,48010,1.2872653080329262,117.0,117.0,0.14007114879039964,0.00030378924839388755,24,43,256.2012829000014,0.823943661971831,0.823943661971831
reg3,104,7,reg3_m104_s0,0,965,48260,1.2872653080329262,117.0,117.0,0.14007114879039964,0.00030378924839388755,24,43,257.418920600001,0.823943661971831,0.823943661971831
reg3,104,7,reg3_m104_s0,0,970,48510,1.2872653080329262,117.0,117.0,0.14007114879039964,0.00030378924839388755,24,43,258.7049757000059,0.823943661971831,0.823943661971831
reg3,104,7,reg3_m104_s0,0,975,48760,1.2872653080329262,117.0,117.0,0.14007114879039964,0.00030378924839388755,24,43,260.02272020000964,0.823943661971831,0.823943661971831
reg3,104,7,reg3_m104_s0,0,980,49010,1.2872653080329262,117.0,117.0,0.14007114879039964,0.00030378924839388755,24,43,261.33252789999824,0.823943661971831,0.823943661971831
reg3,104,7,reg3_m104_s0,0,985,49260,1.2872653080329262,117.0,117.0,0.14007114879039964,0.00030378924839388755,24,43,262.6417381000065,0.823943661971831,0.823943661971831
reg3,104,7,reg3_m104_s0,0,990,49510,1.2905443130320504,117.0,117.0,0.13676883390772387,0.0015094419310434787,24,43,263.9229009000119,0.823943661971831,0.823943661971831
reg3,104,7,reg3_m104_s0,0,995,49760,1.2905443130320504,117.0,117.0,0.13676883390772387,0.0015094419310434787,24,43,265.3069544000027,0.823943661971831,0.823943661971831
reg3,104,7,reg3_m104_s0,0,1000,50010,1.2905443130320504,117.0,117.0,0.13676883390772387,0.0015094419310434787,24,43,266.55297300001257,0.823943661971831,0.823943661971831
reg3,104,7,reg3_m104_s0,0,1005,50260,1.2905443130320504,117.0,117.0,0.13676883390772387,0.0015094419310434787,24,43,267.76211780001177,0.823943661971831,0.823943661971831
reg3,104,7,reg3_m104_s0,0,1010,50510,1.2905443130320504,117.0,117.0,0.13676883390772387,0.0015094419310434787,24,43,269.0466039000021,0.823943661971831,0.823943661971831
reg3,104,7,reg3_m104_s0,0,1015,50760,1.2905443130320504,117.0,117.0,0.13676883390772387,0.0015094419310434787,24,43,270.3459755000076,0.823943661971831,0.823943661971831
reg3,104,7,reg3_m104_s0,0,1020,51010,1.2905443130320504,117.0,117.0,0.13676883390772387,0.0015094419310434787,24,43,271.66485719999764,0.823943661971831,0.823943661971831
reg3,104,7,reg3_m104_s0,0,1025,51260,1.2905443130320504,117.0,117.0,0.13676883390772387,0.0015094419310434787,24,43,273.002983399987,0.823943661971831,0.823943661971831
reg3,104,7,reg3_m104_s0,0,1030,51510,1.2905443130320504,117.0,117.0,0.13676883390772387,0.0015094419310434787,24,43,274.3511630000139,0.823943661971831,0.823943661971831
reg3,104,7,reg3_m104_s0,0,1035,51760,1.2905443130320504,117.0,117.0,0.13676883390772387,0.0015094419310434787,24,43,275.7277461999911,0.823943661971831,0.823943661971831
reg3,104,7,reg3_m104_s0,0,1040,52010,1.2905443130320504,117.0,117.0,0.13676883390772387,0.0015094419310434787,24,43,277.07468920000247,0.823943661971831,0.823943661971831
reg3,104,7,reg3_m104_s0,0,1045,52260,1.2905443130320504,117.0,117.0,0.13676883390772387,0.0015094419310434787,24,43,278.36788649999653,0.823943661971831,0.823943661971831
reg3,104,7,reg3_m104_s0,0,1050,52510,1.2905443130320504,117.0,117.0,0.13676883390772387,0.0015094419310434787,24,43,279.7385428000125,0.823943661971831,0.823943661971831
reg3,104,7,reg3_m104_s0,0,1055,52760,1.2905443130320504,117.0,117.0,0.13676883390772387,0.0015094419310434787,24,43,281.0798486999993,0.823943661971831,0.823943661971831
reg3,104,7,reg3_m104_s0,0,1060,53010,1.2905443130320504,117.0,117.0,0.13676883390772387,0.0015094419310434787,24,43,282.71259740000824,0.823943661971831,0.823943661971831
reg3,104,7,reg3_m104_s0,0,1065,53260,1.2905443130320504,117.0,117.0,0.13676883390772387,0.0015094419310434787,24,43,284.0561052999983,0.823943661971831,0.823943661971831
reg3,104,7,reg3_m104_s0,0,1070,53510,1.2905443130320504,117.0,117.0,0.13676883390772387,0.0015094419310434787,24,43,285.3535666000098,0.823943661971831,0.823943661971831
reg3,104,7,reg3_m104_s0,0,1075,53760,1.2905443130320504,117.0,117.0,0.13676883390772387,0.0015094419310434787,24,43,286.6980703000154,0.823943661971831,0.823943661971831
reg3,104,7,reg3_m104_s0,0,1080,54010,1.2905443130320504,117.0,117.0,0.13676883390772387,0.0015094419310434787,24,43,288.03809759998694,0.823943661971831,0.823943661971831
reg3,104,7,reg3_m104_s0,0,1085,54260,1.2905443130320504,117.0,117.0,0.13676883390772387,0.0015094419310434787,24,43,289.4879862999951,0.823943661971831,0.823943661971831
reg3,104,7,reg3_m104_s0,0,1090,54510,1.2905443130320504,117.0,117.0,0.13676883390772387,0.0015094419310434787,24,43,290.8952797999955,0.823943661971831,0.823943661971831
reg3,104,7,reg3_m104_s0,0,1095,54760,1.2905443130320504,117.0,117.0,0.13676883390772387,0.0015094419310434787,24,43,292.29429849999724,0.823943661971831,0.823943661971831
reg3,104,7,reg3_m104_s0,0,1100,55010,1.2905443130320504,117.0,117.0,0.13676883390772387,0.0015094419310434787,24,43,293.5308088999882,0.823943661971831,0.823943661971831
reg3,104,7,reg3_m104_s0,0,1105,55260,1.2905443130320504,117.0,117.0,0.13676883390772387,0.0015094419310434787,24,43,294.81195269999444,0.823943661971831,0.823943661971831
reg3,104,7,reg3_m104_s0,0,1110,55510,1.2905443130320504,117.0,117.0,0.13676883390772387,0.0015094419310434787,24,43,296.20538349999697,0.823943661971831,0.823943661971831
reg3,104,7,reg3_m104_s0,0,1115,55760,1.2905443130320504,117.0,117.0,0.13676883390772387,0.0015094419310434787,24,43,297.5257757999934,0.823943661971831,0.823943661971831
reg3,104,7,reg3_m104_s0,0,1120,56010,1.2905443130320504,117.0,117.0,0.13676883390772387,0.0015094419310434787,24,43,298.84038390000933,0.823943661971831,0.823943661971831
reg3,104,7,reg3_m104_s0,0,1125,56260,1.2905443130320504,117.0,117.0,0.13676883390772387,0.0015094419310434787,24,43,300.1375032000069,0.823943661971831,0.823943661971831
reg3,104,7,reg3_m104_s0,0,1130,56510,1.2905443130320504,117.0,117.0,0.13676883390772387,0.0015094419310434787,24,43,301.5515007000067,0.823943661971831,0.823943661971831
reg3,104,7,reg3_m104_s0,0,1135,56760,1.2905443130320504,117.0,117.0,0.13676883390772387,0.0015094419310434787,24,43,302.845763099991,0.823943661971831,0.823943661971831
reg3,104,7,reg3_m104_s0,0,1140,57010,1.2905443130320504,117.0,117.0,0.13676883390772387,0.0015094419310434787,24,43,304.0873816999956,0.823943661971831,0.823943661971831
reg3,104,7,reg3_m104_s0,0,1145,57260,1.2905443130320504,117.0,117.0,0.13676883390772387,0.0015094419310434787,24,43,305.3659397000156,0.823943661971831,0.823943661971831
reg3,104,7,reg3_m104_s0,0,1150,57510,1.2905443130320504,117.0,117.0,0.13676883390772387,0.0015094419310434787,24,43,306.65211490000365,0.823943661971831,0.823943661971831
reg3,104,7,reg3_m104_s0,0,1155,57760,1.2905443130320504,117.0,117.0,0.13676883390772387,0.0015094419310434787,24,43,307.96165770001244,0.823943661971831,0.823943661971831
reg3,104,7,reg3_m104_s0,0,1160,58010,1.2905443130320504,117.0,117.0,0.13676883390772387,0.0015094419310434787,24,43,309.3018783000007,0.823943661971831,0.823943661971831
reg3,104,7,reg3_m104_s0,0,1165,58260,1.2905443130320504,117.0,117.0,0.13676883390772387,0.0015094419310434787,24,43,310.6014106000075,0.823943661971831,0.823943661971831
reg3,104,7,reg3_m104_s0,0,1170,58510,1.2905443130320504,117.0,117.0,0.13676883390772387,0.0015094419310434787,24,43,311.8961479999998,0.823943661971831,0.823943661971831
reg3,104,7,reg3_m104_s0,0,1175,58760,1.2905443130320504,117.0,117.0,0.13676883390772387,0.0015094419310434787,24,43,313.2135714000033,0.823943661971831,0.823943661971831
reg3,104,7,reg3_m104_s0,0,1180,59010,1.2905443130320504,117.0,117.0,0.13676883390772387,0.0015094419310434787,24,43,314.54283200000646,0.823943661971831,0.823943661971831
reg3,104,7,reg3_m104_s0,0,1185,59260,1.2905443130320504,117.0,117.0,0.13676883390772387,0.0015094419310434787,24,43,315.8346053000132,0.823943661971831,0.823943661971831
reg3,104,7,reg3_m104_s0,0,1190,59510,1.2905443130320504,117.0,117.0,0.13676883390772387,0.0015094419310434787,24,43,317.107191099989,0.823943661971831,0.823943661971831
reg3,104,7,reg3_m104_s0,0,1195,59760,1.2905443130320504,117.0,117.0,0.13676883390772387,0.0015094419310434787,24,43,318.51304180000443,0.823943661971831,0.823943661971831
reg3,104,7,reg3_m104_s0,0,1200,60010,1.2905443130320504,117.0,117.0,0.13676883390772387,0.0015094419310434787,24,43,319.7918589999899,0.823943661971831,0.823943661971831
reg3,104,7,reg3_m104_s0,0,1205,60260,1.2905443130320504,117.0,117.0,0.13676883390772387,0.0015094419310434787,24,43,321.10453770001186,0.823943661971831,0.823943661971831
reg3,104,7,reg3_m104_s0,0,1210,60510,1.2905443130320504,117.0,117.0,0.13676883390772387,0.0015094419310434787,24,43,322.4835430000094,0.823943661971831,0.823943661971831
reg3,104,7,reg3_m104_s0,0,1215,60760,1.2905443130320504,117.0,117.0,0.13676883390772387,0.0015094419310434787,24,43,323.73227690000203,0.823943661971831,0.823943661971831
reg3,104,7,reg3_m104_s0,0,1220,61010,1.2905443130320504,117.0,117.0,0.13676883390772387,0.0015094419310434787,24,43,325.01643930000137,0.823943661971831,0.823943661971831
reg3,104,7,reg3_m104_s0,0,1225,61260,1.2905443130320504,117.0,117.0,0.13676883390772387,0.0015094419310434787,24,43,326.2938780999975,0.823943661971831,0.823943661971831
reg3,104,7,reg3_m104_s0,0,1230,61510,1.2905443130320504,117.0,117.0,0.13676883390772387,0.0015094419310434787,24,43,327.5958640000026,0.823943661971831,0.823943661971831
reg3,104,7,reg3_m104_s0,0,1235,61760,1.2905443130320504,117.0,117.0,0.13676883390772387,0.0015094419310434787,24,43,328.95418150001206,0.823943661971831,0.823943661971831
reg3,104,7,reg3_m104_s0,0,1240,62010,1.2905443130320504,117.0,117.0,0.13676883390772387,0.0015094419310434787,24,43,330.2925149000075,0.823943661971831,0.823943661971831
reg3,104,7,reg3_m104_s0,0,1245,62260,1.2905443130320504,117.0,117.0,0.13676883390772387,0.0015094419310434787,24,43,331.5608290999953,0.823943661971831,0.823943661971831
reg3,104,7,reg3_m104_s0,0,1250,62510,1.2905443130320504,117.0,117.0,0.13676883390772387,0.0015094419310434787,24,43,332.8371186000004,0.823943661971831,0.823943661971831
reg3,104,7,reg3_m104_s0,0,1255,62760,1.2905443130320504,117.0,117.0,0.13676883390772387,0.0015094419310434787,24,43,334.10683060000883,0.823943661971831,0.823943661971831
reg3,104,7,reg3_m104_s0,0,1260,63010,1.2905443130320504,117.0,117.0,0.13676883390772387,0.0015094419310434787,24,43,335.3982963000017,0.823943661971831,0.823943661971831
reg3,104,7,reg3_m104_s0,0,1265,63260,1.2905443130320504,117.0,117.0,0.13676883390772387,0.0015094419310434787,24,43,336.71405300000333,0.823943661971831,0.823943661971831
reg3,104,7,reg3_m104_s0,0,1270,63510,1.2905443130320504,117.0,117.0,0.13676883390772387,0.0015094419310434787,24,43,337.92985710001085,0.823943661971831,0.823943661971831
reg3,104,7,reg3_m104_s0,0,1275,63760,1.2905443130320504,117.0,117.0,0.13676883390772387,0.0015094419310434787,24,43,339.29981060000136,0.823943661971831,0.823943661971831
reg3,104,7,reg3_m104_s0,0,1280,64010,1.2905443130320504,117.0,117.0,0.13676883390772387,0.0015094419310434787,24,43,340.8176555999962,0.823943661971831,0.823943661971831
reg3,104,7,reg3_m104_s0,0,1285,64260,1.2905443130320504,117.0,117.0,0.13676883390772387,0.0015094419310434787,24,43,342.33344789998955,0.823943661971831,0.823943661971831
reg3,104,7,reg3_m104_s0,0,1290,64510,1.2905443130320504,117.0,117.0,0.13676883390772387,0.0015094419310434787,24,43,343.6790297999978,0.823943661971831,0.823943661971831
reg3,104,7,reg3_m104_s0,0,1295,64760,1.2905443130320504,117.0,117.0,0.13676883390772387,0.0015094419310434787,24,43,344.9721791000047,0.823943661971831,0.823943661971831
reg3,104,7,reg3_m104_s0,0,1300,65010,1.2905443130320504,117.0,117.0,0.13676883390772387,0.0015094419310434787,24,43,346.2576462000143,0.823943661971831,0.823943661971831
reg3,104,7,reg3_m104_s0,0,1305,65260,1.2905443130320504,117.0,117.0,0.13676883390772387,0.0015094419310434787,24,43,347.4864809999999,0.823943661971831,0.823943661971831
reg3,104,7,reg3_m104_s0,0,1310,65510,1.2905443130320504,117.0,117.0,0.13676883390772387,0.0015094419310434787,24,43,348.77034399998956,0.823943661971831,0.823943661971831
reg3,104,7,reg3_m104_s0,0,1315,65760,1.2905443130320504,117.0,117.0,0.13676883390772387,0.0015094419310434787,24,43,350.0631372999924,0.823943661971831,0.823943661971831
reg3,104,7,reg3_m104_s0,0,1320,66010,1.2905443130320504,117.0,117.0,0.13676883390772387,0.0015094419310434787,24,43,351.37747690000106,0.823943661971831,0.823943661971831
reg3,104,7,reg3_m104_s0,0,1325,66260,1.2905443130320504,117.0,117.0,0.13676883390772387,0.0015094419310434787,24,43,352.7017261000001,0.823943661971831,0.823943661971831
reg3,104,7,reg3_m104_s0,0,1330,66510,1.2905443130320504,117.0,117.0,0.13676883390772387,0.0015094419310434787,24,43,354.0152600000147,0.823943661971831,0.823943661971831
reg3,104,7,reg3_m104_s0,0,1335,66760,1.2905443130320504,117.0,117.0,0.13676883390772387,0.0015094419310434787,24,43,355.26802479999606,0.823943661971831,0.823943661971831
reg3,104,7,reg3_m104_s0,0,1340,67010,1.2905443130320504,117.0,117.0,0.13676883390772387,0.0015094419310434787,24,43,356.49952539999504,0.823943661971831,0.823943661971831
reg3,104,7,reg3_m104_s0,0,1345,67260,1.2905443130320504,117.0,117.0,0.13676883390772387,0.0015094419310434787,24,43,357.71345760000986,0.823943661971831,0.823943661971831
reg3,104,7,reg3_m104_s0,0,1350,67510,1.2905443130320504,117.0,117.0,0.13676883390772387,0.0015094419310434787,24,43,358.9757680000039,0.823943661971831,0.823943661971831
reg3,104,7,reg3_m104_s0,0,1355,67760,1.2905443130320504,117.0,117.0,0.13676883390772387,0.0015094419310434787,24,43,360.2567923000024,0.823943661971831,0.823943661971831
reg3,104,7,reg3_m104_s0,0,1360,68010,1.2905443130320504,117.0,117.0,0.13676883390772387,0.0015094419310434787,24,43,361.5311013000028,0.823943661971831,0.823943661971831
reg3,104,7,reg3_m104_s0,0,1365,68260,1.2905443130320504,117.0,117.0,0.13676883390772387,0.0015094419310434787,24,43,362.7624036000052,0.823943661971831,0.823943661971831
reg3,104,7,reg3_m104_s0,0,1370,68510,1.2905443130320504,117.0,117.0,0.13676883390772387,0.0015094419310434787,24,43,364.0707655000151,0.823943661971831,0.823943661971831
reg3,104,7,reg3_m104_s0,0,1375,68760,1.2905443130320504,117.0,117.0,0.13676883390772387,0.0015094419310434787,24,43,365.3358937999874,0.823943661971831,0.823943661971831
reg3,104,7,reg3_m104_s0,0,1380,69010,1.2905443130320504,117.0,117.0,0.13676883390772387,0.0015094419310434787,24,43,366.6217267999891,0.823943661971831,0.823943661971831
reg3,104,7,reg3_m104_s0,0,1385,69260,1.2905443130320504,117.0,117.0,0.13676883390772387,0.0015094419310434787,24,43,368.25881229998777,0.823943661971831,0.823943661971831
reg3,104,7,reg3_m104_s0,0,1390,69510,1.2905443130320504,117.0,117.0,0.13676883390772387,0.0015094419310434787,24,43,369.561457600008,0.823943661971831,0.823943661971831
reg3,104,7,reg3_m104_s0,0,1395,69760,1.2905443130320504,117.0,117.0,0.13676883390772387,0.0015094419310434787,24,43,370.8624465999892,0.823943661971831,0.823943661971831
reg3,104,7,reg3_m104_s0,0,1400,70010,1.2905443130320504,117.0,117.0,0.13676883390772387,0.0015094419310434787,24,43,372.2862954000011,0.823943661971831,0.823943661971831
reg3,104,7,reg3_m104_s0,0,1405,70260,1.2905443130320504,117.0,117.0,0.13676883390772387,0.0015094419310434787,24,43,373.6447867999959,0.823943661971831,0.823943661971831
reg3,104,7,reg3_m104_s0,0,1410,70510,1.2905443130320504,117.0,117.0,0.13676883390772387,0.0015094419310434787,24,43,374.9975046000036,0.823943661971831,0.823943661971831
reg3,104,7,reg3_m104_s0,0,1415,70760,1.2905443130320504,117.0,117.0,0.13676883390772387,0.0015094419310434787,24,43,376.3862838000059,0.823943661971831,0.823943661971831
reg3,104,7,reg3_m104_s0,0,1420,71010,1.2905443130320504,117.0,117.0,0.13676883390772387,0.0015094419310434787,24,43,377.7591612999968,0.823943661971831,0.823943661971831
reg3,104,7,reg3_m104_s0,0,1425,71260,1.2905443130320504,117.0,117.0,0.13676883390772387,0.0015094419310434787,24,43,379.1205778000003,0.823943661971831,0.823943661971831
reg3,104,7,reg3_m104_s0,0,1430,71510,1.2905443130320504,117.0,117.0,0.13676883390772387,0.0015094419310434787,24,43,380.44084880000446,0.823943661971831,0.823943661971831
reg3,104,7,reg3_m104_s0,0,1435,71760,1.2905443130320504,117.0,117.0,0.13676883390772387,0.0015094419310434787,24,43,381.8078411000024,0.823943661971831,0.823943661971831
reg3,104,7,reg3_m104_s0,0,1440,72010,1.2905443130320504,117.0,117.0,0.13676883390772387,0.0015094419310434787,24,43,383.17744960001437,0.823943661971831,0.823943661971831
reg3,104,7,reg3_m104_s0,0,1445,72260,1.2905443130320504,117.0,117.0,0.13676883390772387,0.0015094419310434787,24,43,384.5514280000061,0.823943661971831,0.823943661971831
reg3,104,7,reg3_m104_s0,0,1450,72510,1.2905443130320504,117.0,117.0,0.13676883390772387,0.0015094419310434787,24,43,386.0912867000152,0.823943661971831,0.823943661971831
reg3,104,7,reg3_m104_s0,0,1455,72760,1.2905443130320504,117.0,117.0,0.13676883390772387,0.0015094419310434787,24,43,387.43990759999724,0.823943661971831,0.823943661971831
reg3,104,7,reg3_m104_s0,0,1460,73010,1.2905443130320504,117.0,117.0,0.13676883390772387,0.0015094419310434787,24,43,388.83170589999645,0.823943661971831,0.823943661971831
reg3,104,7,reg3_m104_s0,0,1465,73260,1.2905443130320504,117.0,117.0,0.13676883390772387,0.0015094419310434787,24,43,390.17246890001115,0.823943661971831,0.823943661971831
reg3,104,7,reg3_m104_s0,0,1470,73510,1.2905443130320504,117.0,117.0,0.13676883390772387,0.0015094419310434787,24,43,391.52302910000435,0.823943661971831,0.823943661971831
reg3,104,7,reg3_m104_s0,0,1475,73760,1.2905443130320504,117.0,117.0,0.13676883390772387,0.0015094419310434787,24,43,393.1955656000064,0.823943661971831,0.823943661971831
reg3,104,7,reg3_m104_s0,0,1480,74010,1.2905443130320504,117.0,117.0,0.13676883390772387,0.0015094419310434787,24,43,394.7835236999963,0.823943661971831,0.823943661971831
reg3,104,7,reg3_m104_s0,0,1485,74260,1.2908252438601957,117.0,117.0,0.133806329038276,0.0005061414369332481,24,44,396.4048383999907,0.823943661971831,0.823943661971831
reg3,104,7,reg3_m104_s0,0,1490,74510,1.2908252438601957,117.0,117.0,0.133806329038276,0.0005061414369332481,24,44,398.2771408999979,0.823943661971831,0.823943661971831
reg3,104,7,reg3_m104_s0,0,1495,74760,1.2908252438601957,117.0,117.0,0.133806329038276,0.0005061414369332481,24,44,399.81641490000766,0.823943661971831,0.823943661971831
reg3,104,7,reg3_m104_s0,0,1500,75010,1.2908252438601957,117.0,117.0,0.133806329038276,0.0005061414369332481,24,44,401.0453234000015,0.823943661971831,0.823943661971831
reg3,104,7,reg3_m104_s0,0,1505,75260,1.2908252438601957,117.0,117.0,0.133806329038276,0.0005061414369332481,24,44,402.3635814000154,0.823943661971831,0.823943661971831
reg3,104,7,reg3_m104_s0,0,1510,75510,1.2908252438601957,117.0,117.0,0.133806329038276,0.0005061414369332481,24,44,403.59263810000266,0.823943661971831,0.823943661971831
reg3,104,7,reg3_m104_s0,0,1515,75760,1.2908252438601957,117.0,117.0,0.133806329038276,0.0005061414369332481,24,44,404.9894553000049,0.823943661971831,0.823943661971831
reg3,104,7,reg3_m104_s0,0,1520,76010,1.2908252438601957,117.0,117.0,0.133806329038276,0.0005061414369332481,24,44,406.4308713999926,0.823943661971831,0.823943661971831
reg3,104,7,reg3_m104_s0,0,1525,76260,1.2908252438601957,117.0,117.0,0.133806329038276,0.0005061414369332481,24,44,407.71356189998914,0.823943661971831,0.823943661971831
reg3,104,7,reg3_m104_s0,0,1530,76510,1.2908252438601957,117.0,117.0,0.133806329038276,0.0005061414369332481,24,44,409.13845100000617,0.823943661971831,0.823943661971831
reg3,104,7,reg3_m104_s0,0,1535,76760,1.2908252438601957,117.0,117.0,0.133806329038276,0.0005061414369332481,24,44,410.4625951999915,0.823943661971831,0.823943661971831
reg3,104,7,reg3_m104_s0,0,1540,77010,1.2908252438601957,117.0,117.0,0.133806329038276,0.0005061414369332481,24,44,411.83615680001094,0.823943661971831,0.823943661971831
reg3,104,7,reg3_m104_s0,0,1545,77260,1.2908252438601957,117.0,117.0,0.133806329038276,0.0005061414369332481,24,44,413.17368700000225,0.823943661971831,0.823943661971831
reg3,104,7,reg3_m104_s0,0,1550,77510,1.2908252438601957,117.0,117.0,0.133806329038276,0.0005061414369332481,24,44,414.4607782000094,0.823943661971831,0.823943661971831
reg3,104,7,reg3_m104_s0,0,1555,77760,1.2908252438601957,117.0,117.0,0.133806329038276,0.0005061414369332481,24,44,415.7724447000073,0.823943661971831,0.823943661971831
reg3,104,7,reg3_m104_s0,0,1560,78010,1.2908252438601957,117.0,117.0,0.133806329038276,0.0005061414369332481,24,44,416.9946909999999,0.823943661971831,0.823943661971831
reg3,104,7,reg3_m104_s0,0,1565,78260,1.2908252438601957,117.0,117.0,0.133806329038276,0.0005061414369332481,24,44,418.3401526999951,0.823943661971831,0.823943661971831
reg3,104,7,reg3_m104_s0,0,1570,78510,1.2908252438601957,117.0,117.0,0.133806329038276,0.0005061414369332481,24,44,419.7348800000036,0.823943661971831,0.823943661971831
reg3,104,7,reg3_m104_s0,0,1575,78760,1.2908252438601957,117.0,117.0,0.133806329038276,0.0005061414369332481,24,44,421.06116770001245,0.823943661971831,0.823943661971831
reg3,104,7,reg3_m104_s0,0,1580,79010,1.2908252438601957,117.0,117.0,0.133806329038276,0.0005061414369332481,24,44,422.7154085999937,0.823943661971831,0.823943661971831
reg3,104,7,reg3_m104_s0,0,1585,79260,1.2908252438601957,117.0,117.0,0.133806329038276,0.0005061414369332481,24,44,424.4235229000042,0.823943661971831,0.823943661971831
reg3,104,7,reg3_m104_s0,0,1590,79510,1.2908252438601957,117.0,117.0,0.133806329038276,0.0005061414369332481,24,44,425.956723899988,0.823943661971831,0.823943661971831
reg3,104,7,reg3_m104_s0,0,1595,79760,1.2908252438601957,117.0,117.0,0.133806329038276,0.0005061414369332481,24,44,427.5396877999883,0.823943661971831,0.823943661971831
reg3,104,7,reg3_m104_s0,0,1600,80010,1.2908252438601957,117.0,117.0,0.133806329038276,0.0005061414369332481,24,44,429.5276693000051,0.823943661971831,0.823943661971831
reg3,104,7,reg3_m104_s0,0,1605,80260,1.2920177594243816,118.0,117.1,0.1364256525888647,0.0006925145278437878,24,44,431.7977155999979,0.8309859154929577,0.8246478873239437
reg3,104,7,reg3_m104_s0,0,1610,80510,1.2920177594243816,118.0,117.1,0.1364256525888647,0.0006925145278437878,24,44,433.7555434000096,0.8309859154929577,0.8246478873239437
reg3,104,7,reg3_m104_s0,0,1615,80760,1.2920177594243816,118.0,117.4,0.1364256525888647,0.0006925145278437878,24,44,435.8039715999912,0.8309859154929577,0.8267605633802817
reg3,104,7,reg3_m104_s0,0,1620,81010,1.2957027453609093,118.0,117.7,0.13925885405177849,0.0002591685288529941,24,45,437.87628210001276,0.8309859154929577,0.8288732394366197
reg3,104,7,reg3_m104_s0,0,1625,81260,1.2957027453609093,118.0,117.9,0.13925885405177849,0.0002591685288529941,24,45,439.74979319999693,0.8309859154929577,0.8302816901408451
reg3,104,7,reg3_m104_s0,0,1630,81510,1.2957027453609093,118.0,118.0,0.13925885405177849,0.0002591685288529941,24,45,441.6278824000037,0.8309859154929577,0.8309859154929577
reg3,104,7,reg3_m104_s0,0,1635,81760,1.2957027453609093,118.0,118.0,0.13925885405177849,0.0002591685288529941,24,45,443.4047535000136,0.8309859154929577,0.8309859154929577
reg3,104,7,reg3_m104_s0,0,1640,82010,1.2957027453609093,118.0,118.0,0.13925885405177849,0.0002591685288529941,24,45,444.9036262999871,0.8309859154929577,0.8309859154929577
reg3,104,7,reg3_m104_s0,0,1645,82260,1.2957027453609093,118.0,118.0,0.13925885405177849,0.0002591685288529941,24,45,446.58483420000994,0.8309859154929577,0.8309859154929577
reg3,104,7,reg3_m104_s0,0,1650,82510,1.2957027453609093,118.0,118.0,0.13925885405177849,0.0002591685288529941,24,45,448.3939073999936,0.8309859154929577,0.8309859154929577
reg3,104,7,reg3_m104_s0,0,1655,82760,1.2957027453609093,118.0,118.0,0.13925885405177849,0.0002591685288529941,24,45,450.2020293000096,0.8309859154929577,0.8309859154929577
reg3,104,7,reg3_m104_s0,0,1660,83010,1.2957027453609093,118.0,118.0,0.13925885405177849,0.0002591685288529941,24,45,452.2043707999983,0.8309859154929577,0.8309859154929577
reg3,104,7,reg3_m104_s0,0,1665,83260,1.2957027453609093,118.0,118.0,0.13925885405177849,0.0002591685288529941,24,45,453.8325022000063,0.8309859154929577,0.8309859154929577
reg3,104,7,reg3_m104_s0,0,1670,83510,1.2957027453609093,118.0,118.0,0.13925885405177849,0.0002591685288529941,24,45,455.3680083999934,0.8309859154929577,0.8309859154929577
reg3,104,7,reg3_m104_s0,0,1675,83760,1.2957027453609093,118.0,118.0,0.13925885405177849,0.0002591685288529941,24,45,457.03213450001203,0.8309859154929577,0.8309859154929577
reg3,104,7,reg3_m104_s0,0,1680,84010,1.2957027453609093,118.0,118.0,0.13925885405177849,0.0002591685288529941,24,45,458.62327619999996,0.8309859154929577,0.8309859154929577
reg3,104,7,reg3_m104_s0,0,1685,84260,1.2957027453609093,118.0,118.0,0.13925885405177849,0.0002591685288529941,24,45,460.1940726999892,0.8309859154929577,0.8309859154929577
reg3,104,7,reg3_m104_s0,0,1690,84510,1.2957027453609093,118.0,118.0,0.13925885405177849,0.0002591685288529941,24,45,461.8891605999961,0.8309859154929577,0.8309859154929577
reg3,104,7,reg3_m104_s0,0,1695,84760,1.2957027453609093,118.0,118.0,0.13925885405177849,0.0002591685288529941,24,45,463.6088041999901,0.8309859154929577,0.8309859154929577
reg3,104,7,reg3_m104_s0,0,1700,85010,1.2957961786046435,118.0,118.0,0.13339683555978835,3.2944274036619814e-05,24,45,465.21495640001376,0.8309859154929577,0.8309859154929577
reg3,104,7,reg3_m104_s0,0,1705,85260,1.2957961786046435,118.0,118.0,0.13339683555978835,3.2944274036619814e-05,24,45,467.36677059999784,0.8309859154929577,0.8309859154929577
reg3,104,7,reg3_m104_s0,0,1710,85510,1.2957961786046435,118.0,118.0,0.13339683555978835,3.2944274036619814e-05,24,45,468.8554858000134,0.8309859154929577,0.8309859154929577
reg3,104,7,reg3_m104_s0,0,1715,85760,1.2957961786046435,118.0,118.0,0.13339683555978835,3.2944274036619814e-05,24,45,470.3952653000015,0.8309859154929577,0.8309859154929577
reg3,104,7,reg3_m104_s0,0,1720,86010,1.2957961786046435,118.0,118.0,0.13339683555978835,3.2944274036619814e-05,24,45,471.8309630000149,0.8309859154929577,0.8309859154929577
reg3,104,7,reg3_m104_s0,0,1725,86260,1.2957961786046435,118.0,118.0,0.13339683555978835,3.2944274036619814e-05,24,45,473.2698810000147,0.8309859154929577,0.8309859154929577
reg3,104,7,reg3_m104_s0,0,1730,86510,1.2957961786046435,118.0,118.0,0.13339683555978835,3.2944274036619814e-05,24,45,474.85654179999256,0.8309859154929577,0.8309859154929577
reg3,104,7,reg3_m104_s0,0,1735,86760,1.2957961786046435,118.0,118.0,0.13339683555978835,3.2944274036619814e-05,24,45,476.5295158000081,0.8309859154929577,0.8309859154929577
reg3,104,7,reg3_m104_s0,0,1740,87010,1.2957961786046435,118.0,118.0,0.13339683555978835,3.2944274036619814e-05,24,45,478.10389629998826,0.8309859154929577,0.8309859154929577
reg3,104,7,reg3_m104_s0,0,1745,87260,1.2957961786046435,118.0,118.0,0.13339683555978835,3.2944274036619814e-05,24,45,479.5560675000015,0.8309859154929577,0.8309859154929577
reg3,104,7,reg3_m104_s0,0,1750,87510,1.2957961786046435,118.0,118.0,0.13339683555978835,3.2944274036619814e-05,24,45,481.3220336000086,0.8309859154929577,0.8309859154929577
reg3,104,7,reg3_m104_s0,0,1755,87760,1.2957961786046435,118.0,118.0,0.13339683555978835,3.2944274036619814e-05,24,45,482.9674546000024,0.8309859154929577,0.8309859154929577
reg3,104,7,reg3_m104_s0,0,1760,88010,1.2957961786046435,118.0,118.0,0.13339683555978835,3.2944274036619814e-05,24,45,484.4257002999948,0.8309859154929577,0.8309859154929577
reg3,104,7,reg3_m104_s0,0,1765,88260,1.2957961786046435,118.0,118.0,0.13339683555978835,3.2944274036619814e-05,24,45,486.1032172999985,0.8309859154929577,0.8309859154929577
reg3,104,7,reg3_m104_s0,0,1770,88510,1.2957961786046435,118.0,118.0,0.13339683555978835,3.2944274036619814e-05,24,45,487.6035492999945,0.8309859154929577,0.8309859154929577
reg3,104,7,reg3_m104_s0,0,1775,88760,1.2957961786046435,118.0,118.0,0.13339683555978835,3.2944274036619814e-05,24,45,489.19597420000355,0.8309859154929577,0.8309859154929577
reg3,104,7,reg3_m104_s0,0,1780,89010,1.2957961786046435,118.0,118.0,0.13339683555978835,3.2944274036619814e-05,24,45,490.70253139999113,0.8309859154929577,0.8309859154929577
reg3,104,7,reg3_m104_s0,0,1785,89260,1.2957961786046435,118.0,118.0,0.13339683555978835,3.2944274036619814e-05,24,45,492.13992789998883,0.8309859154929577,0.8309859154929577
reg3,104,7,reg3_m104_s0,0,1790,89510,1.2969015140308868,118.0,118.0,0.14039615618803636,3.2944274036619814e-05,24,44,493.4305927999958,0.8309859154929577,0.8309859154929577
reg3,104,7,reg3_m104_s0,0,1795,89760,1.2969015140308868,118.0,118.0,0.14039615618803636,3.2944274036619814e-05,24,44,494.8835815000057,0.8309859154929577,0.8309859154929577
reg3,104,7,reg3_m104_s0,0,1800,90010,1.2969015140308868,118.0,118.0,0.14039615618803636,3.2944274036619814e-05,24,44,496.2479775999964,0.8309859154929577,0.8309859154929577
reg3,104,7,reg3_m104_s0,0,1805,90260,1.2969015140308868,118.0,118.0,0.14039615618803636,3.2944274036619814e-05,24,44,497.62495719999424,0.8309859154929577,0.8309859154929577
reg3,104,7,reg3_m104_s0,0,1810,90510,1.2969015140308868,118.0,118.0,0.14039615618803636,3.2944274036619814e-05,24,44,499.1666216000158,0.8309859154929577,0.8309859154929577
reg3,104,7,reg3_m104_s0,0,1815,90760,1.2969015140308868,118.0,118.0,0.14039615618803636,3.2944274036619814e-05,24,44,500.61764939999557,0.8309859154929577,0.8309859154929577
reg3,104,7,reg3_m104_s0,0,1820,91010,1.2969015140308868,118.0,118.0,0.14039615618803636,3.2944274036619814e-05,24,44,502.08950420000474,0.8309859154929577,0.8309859154929577
reg3,104,7,reg3_m104_s0,0,1825,91260,1.2969015140308868,118.0,118.0,0.14039615618803636,3.2944274036619814e-05,24,44,503.4943002999935,0.8309859154929577,0.8309859154929577
reg3,104,7,reg3_m104_s0,0,1830,91510,1.2969015140308868,118.0,118.0,0.14039615618803636,3.2944274036619814e-05,24,44,504.7876408000011,0.8309859154929577,0.8309859154929577
reg3,104,7,reg3_m104_s0,0,1835,91760,1.2969015140308868,118.0,118.0,0.14039615618803636,3.2944274036619814e-05,24,44,506.59767320001265,0.8309859154929577,0.8309859154929577
reg3,104,7,reg3_m104_s0,0,1840,92010,1.2969015140308868,118.0,118.0,0.14039615618803636,3.2944274036619814e-05,24,44,508.51661399999284,0.8309859154929577,0.8309859154929577
reg3,104,7,reg3_m104_s0,0,1845,92260,1.2969015140308868,118.0,118.0,0.14039615618803636,3.2944274036619814e-05,24,44,510.81324009998934,0.8309859154929577,0.8309859154929577
reg3,104,7,reg3_m104_s0,0,1850,92510,1.2969015140308868,118.0,118.0,0.14039615618803636,3.2944274036619814e-05,24,44,512.2189803000074,0.8309859154929577,0.8309859154929577
reg3,104,7,reg3_m104_s0,0,1855,92760,1.2969015140308868,118.0,118.0,0.14039615618803636,3.2944274036619814e-05,24,44,513.5375796000008,0.8309859154929577,0.8309859154929577
reg3,104,7,reg3_m104_s0,0,1860,93010,1.2969015140308868,118.0,118.0,0.14039615618803636,3.2944274036619814e-05,24,44,514.9112177999923,0.8309859154929577,0.8309859154929577
reg3,104,7,reg3_m104_s0,0,1865,93260,1.2969015140308868,118.0,118.0,0.14039615618803636,3.2944274036619814e-05,24,44,516.3800167000154,0.8309859154929577,0.8309859154929577
reg3,104,7,reg3_m104_s0,0,1870,93510,1.2969015140308868,118.0,118.0,0.14039615618803636,3.2944274036619814e-05,24,44,517.6445823000104,0.8309859154929577,0.8309859154929577
reg3,104,7,reg3_m104_s0,0,1875,93760,1.297667290074155,118.0,118.0,0.12254247256346569,0.0017277945449481191,24,44,518.9438528000028,0.8309859154929577,0.8309859154929577
reg3,104,7,reg3_m104_s0,0,1880,94010,1.297667290074155,118.0,118.0,0.12254247256346569,0.0017277945449481191,24,44,520.2895933999971,0.8309859154929577,0.8309859154929577
reg3,104,7,reg3_m104_s0,0,1885,94260,1.297667290074155,118.0,118.0,0.12254247256346569,0.0017277945449481191,24,44,521.5109793999873,0.8309859154929577,0.8309859154929577
reg3,104,7,reg3_m104_s0,0,1890,94510,1.297667290074155,118.0,118.0,0.12254247256346569,0.0017277945449481191,24,44,522.8068426999962,0.8309859154929577,0.8309859154929577
reg3,104,7,reg3_m104_s0,0,1895,94760,1.297667290074155,118.0,118.0,0.12254247256346569,0.0017277945449481191,24,44,524.0951643000008,0.8309859154929577,0.8309859154929577
reg3,104,7,reg3_m104_s0,0,1900,95010,1.297667290074155,118.0,118.0,0.12254247256346569,0.0017277945449481191,24,44,525.5635758000135,0.8309859154929577,0.8309859154929577
reg3,104,7,reg3_m104_s0,0,1905,95260,1.297667290074155,118.0,118.0,0.12254247256346569,0.0017277945449481191,24,44,526.9634973999928,0.8309859154929577,0.8309859154929577
reg3,104,7,reg3_m104_s0,0,1910,95510,1.297667290074155,118.0,118.0,0.12254247256346569,0.0017277945449481191,24,44,528.3013271999953,0.8309859154929577,0.8309859154929577
reg3,104,7,reg3_m104_s0,0,1915,95760,1.297667290074155,118.0,118.0,0.12254247256346569,0.0017277945449481191,24,44,529.5984141000081,0.8309859154929577,0.8309859154929577
reg3,104,7,reg3_m104_s0,0,1920,96010,1.297667290074155,118.0,118.0,0.12254247256346569,0.0017277945449481191,24,44,531.0048743000079,0.8309859154929577,0.8309859154929577
reg3,104,7,reg3_m104_s0,0,1925,96260,1.297667290074155,118.0,118.0,0.12254247256346569,0.0017277945449481191,24,44,532.3173016000073,0.8309859154929577,0.8309859154929577
reg3,104,7,reg3_m104_s0,0,1930,96510,1.297667290074155,118.0,118.0,0.12254247256346569,0.0017277945449481191,24,44,533.6598760999914,0.8309859154929577,0.8309859154929577
reg3,104,7,reg3_m104_s0,0,1935,96760,1.297667290074155,118.0,118.0,0.12254247256346569,0.0017277945449481191,24,44,534.9728585999983,0.8309859154929577,0.8309859154929577
reg3,104,7,reg3_m104_s0,0,1940,97010,1.297667290074155,118.0,118.0,0.12254247256346569,0.0017277945449481191,24,44,536.2948830999958,0.8309859154929577,0.8309859154929577
reg3,104,7,reg3_m104_s0,0,1945,97260,1.297667290074155,118.0,118.0,0.12254247256346569,0.0017277945449481191,24,44,537.6999511999893,0.8309859154929577,0.8309859154929577
reg3,104,7,reg3_m104_s0,0,1950,97510,1.297667290074155,118.0,118.0,0.12254247256346569,0.0017277945449481191,24,44,539.3160220000136,0.8309859154929577,0.8309859154929577
reg3,104,7,reg3_m104_s0,0,1955,97760,1.297667290074155,118.0,118.0,0.12254247256346569,0.0017277945449481191,24,44,540.8893696000159,0.8309859154929577,0.8309859154929577
reg3,104,7,reg3_m104_s0,0,1960,98010,1.297667290074155,118.0,118.0,0.12254247256346569,0.0017277945449481191,24,44,542.4102743999974,0.8309859154929577,0.8309859154929577
reg3,104,7,reg3_m104_s0,0,1965,98260,1.297667290074155,118.0,118.0,0.12254247256346569,0.0017277945449481191,24,44,543.9561470999906,0.8309859154929577,0.8309859154929577
reg3,104,7,reg3_m104_s0,0,1970,98510,1.297667290074155,118.0,118.0,0.12254247256346569,0.0017277945449481191,24,44,545.1937775000115,0.8309859154929577,0.8309859154929577
reg3,104,7,reg3_m104_s0,0,1975,98760,1.297667290074155,118.0,118.0,0.12254247256346569,0.0017277945449481191,24,44,546.5111984999967,0.8309859154929577,0.8309859154929577
reg3,104,7,reg3_m104_s0,0,1980,99010,1.297667290074155,118.0,118.0,0.12254247256346569,0.0017277945449481191,24,44,547.860677699995,0.8309859154929577,0.8309859154929577
reg3,104,7,reg3_m104_s0,0,1985,99260,1.297667290074155,118.0,118.0,0.12254247256346569,0.0017277945449481191,24,44,549.3387374000158,0.8309859154929577,0.8309859154929577
reg3,104,7,reg3_m104_s0,0,1990,99510,1.297667290074155,118.0,118.0,0.12254247256346569,0.0017277945449481191,24,44,550.9007866999891,0.8309859154929577,0.8309859154929577
reg3,104,7,reg3_m104_s0,0,1995,99760,1.297667290074155,118.0,118.0,0.12254247256346569,0.0017277945449481191,24,44,552.3761750000122,0.8309859154929577,0.8309859154929577
reg3,104,7,reg3_m104_s0,0,2000,100010,1.297667290074155,118.0,118.0,0.12254247256346569,0.0017277945449481191,24,44,553.9222294999927,0.8309859154929577,0.8309859154929577
reg3,168,8,reg3_m168_s0,0,0,10,0.7694662313958173,128.0,124.0,0.03054010969906297,4.8964447739228804e-05,28,42,0.09034409999730997,0.5565217391304348,0.5391304347826087
reg3,168,8,reg3_m168_s0,0,5,260,1.0021825289974047,162.0,149.1,0.03592758921890084,8.873341770655133e-06,28,46,1.9224853000196163,0.7043478260869566,0.6482608695652173
reg3,168,8,reg3_m168_s0,0,10,510,1.0239692155793416,165.0,162.1,0.04029275525245558,0.0001295220765526084,28,46,3.8685654000146315,0.717391304347826,0.7047826086956521
reg3,168,8,reg3_m168_s0,0,15,760,1.0343641060773772,167.0,163.4,0.03672010200636287,6.249604665828346e-05,28,46,5.519323700020323,0.7260869565217392,0.7104347826086956
reg3,168,8,reg3_m168_s0,0,20,1010,1.038131971267656,164.0,163.6,0.05633409064516935,0.0008841106086804256,28,46,7.452722200017888,0.7130434782608696,0.711304347826087
reg3,168,8,reg3_m168_s0,0,25,1260,1.075119573972549,169.0,168.5,0.05663764929541991,0.00012935886862729595,28,46,9.195870100025786,0.7347826086956522,0.7326086956521739
reg3,168,8,reg3_m168_s0,0,30,1510,1.0984785648292787,173.0,169.4,0.05824260017627181,6.317976352491345e-05,28,46,11.260149200010346,0.7521739130434782,0.7365217391304348
reg3,168,8,reg3_m168_s0,0,35,1760,1.1004987900353067,172.0,171.3,0.05058421320833531,0.0010558518726080661,28,46,12.825629700004356,0.7478260869565218,0.7447826086956523
reg3,168,8,reg3_m168_s0,0,40,2010,1.1176725851123872,175.0,172.6,0.0625346677411294,0.0006573241281517574,28,46,14.41972230002284,0.7608695652173914,0.7504347826086957
reg3,168,8,reg3_m168_s0,0,45,2260,1.1176725851123872,175.0,173.2,0.0625346677411294,0.0006573241281517574,28,46,16.116172200010624,0.7608695652173914,0.7530434782608695
reg3,168,8,reg3_m168_s0,0,50,2510,1.1216157537542566,176.0,174.5,0.044448614170459734,7.40152743365953e-05,28,46,18.04394050000701,0.7652173913043478,0.758695652173913
reg3,168,8,reg3_m168_s0,0,55,2760,1.1216157537542566,176.0,175.6,0.04444861417045971,7.401527433682602e-05,28,45,20.095021500019357,0.7652173913043478,0.7634782608695652
reg3,168,8,reg3_m168_s0,0,60,3010,1.1254442053392644,176.0,176.0,0.04483799944847469,7.401527433675576e-05,28,47,22.08233740000287,0.7652173913043478,0.7652173913043478
reg3,168,8,reg3_m168_s0,0,65,3260,1.1254442053392644,176.0,176.0,0.04483799944847457,7.401527433669374e-05,28,47,24.028727400000207,0.7652173913043478,0.7652173913043478
reg3,168,8,reg3_m168_s0,0,70,3510,1.1254442053392644,176.0,176.0,0.04483799944847469,7.401527433675576e-05,28,47,26.066871100018034,0.7652173913043478,0.7652173913043478
reg3,168,8,reg3_m168_s0,0,75,3760,1.1261015751506327,176.0,176.0,0.044538667068151384,7.401527433677701e-05,28,46,28.080535000015516,0.7652173913043478,0.7652173913043478
reg3,168,8,reg3_m168_s0,0,80,4010,1.1261015751506327,176.0,176.0,0.044538667068151384,7.401527433677701e-05,28,46,30.10384970001178,0.7652173913043478,0.7652173913043478
reg3,168,8,reg3_m168_s0,0,85,4260,1.1261015751506327,176.0,176.0,0.04453866706815138,7.40152743365528e-05,28,47,31.930117600015365,0.7652173913043478,0.7652173913043478
reg3,168,8,reg3_m168_s0,0,90,4510,1.1261015751506327,176.0,176.0,0.044538667068151384,7.401527433677701e-05,28,46,33.512575200002175,0.7652173913043478,0.7652173913043478
reg3,168,8,reg3_m168_s0,0,95,4760,1.1288065827295672,176.0,176.0,0.04962929036212031,7.401527433671066e-05,28,47,35.37646379999933,0.7652173913043478,0.7652173913043478
reg3,168,8,reg3_m168_s0,0,100,5010,1.1288065827295672,176.0,175.8,0.04962929036212031,7.401527433671066e-05,28,47,37.05285300000105,0.7652173913043478,0.7643478260869566
reg3,168,8,reg3_m168_s0,0,105,5260,1.1288065827295672,176.0,176.0,0.0496292903621203,7.401527433684857e-05,28,46,38.65963229999761,0.7652173913043478,0.7652173913043478
reg3,168,8,reg3_m168_s0,0,110,5510,1.1306023569754189,177.0,176.1,0.04477932410890162,1.1659408518955444e-17,28,47,40.26093889999902,0.7695652173913043,0.7656521739130434
reg3,168,8,reg3_m168_s0,0,115,5760,1.1306023569754189,177.0,176.2,0.04477932410890162,1.1659408518955444e-17,28,47,41.85446250002133,0.7695652173913043,0.7660869565217391
reg3,168,8,reg3_m168_s0,0,120,6010,1.1306023569754189,177.0,176.3,0.04477932410890162,1.1659408518955444e-17,28,47,43.41238330001943,0.7695652173913043,0.7665217391304349
reg3,168,8,reg3_m168_s0,0,125,6260,1.1306023569754189,177.0,177.0,0.04477932410890162,1.1659408518955444e-17,28,47,45.02236699999776,0.7695652173913043,0.7695652173913043
reg3,168,8,reg3_m168_s0,0,130,6510,1.131420284796341,177.0,177.0,0.04605449165585056,9.626529445545123e-18,28,46,46.57305560001987,0.7695652173913043,0.7695652173913043
reg3,168,8,reg3_m168_s0,0,135,6760,1.131420284796341,177.0,177.0,0.04605449165585063,4.305976690661961e-17,28,46,48.11736130001373,0.7695652173913043,0.7695652173913043
reg3,168,8,reg3_m168_s0,0,140,7010,1.131420284796341,177.0,177.0,0.04605449165585056,9.626529445545123e-18,28,46,49.74255940000876,0.7695652173913043,0.7695652173913043
reg3,168,8,reg3_m168_s0,0,145,7260,1.1325980928003452,177.0,177.0,0.04629022854006387,4.3686571287587794e-17,28,46,51.36552270001266,0.7695652173913043,0.7695652173913043
reg3,168,8,reg3_m168_s0,0,150,7510,1.1325980928003452,177.0,177.0,0.04629022854006387,4.3686571287587794e-17,28,46,52.968002300010994,0.7695652173913043,0.7695652173913043
reg3,168,8,reg3_m168_s0,0,155,7760,1.1329050731494172,177.0,177.0,0.045998780526188957,6.530624023330656e-17,28,45,54.49940339999739,0.7695652173913043,0.7695652173913043
reg3,168,8,reg3_m168_s0,0,160,8010,1.1329050731494172,177.0,177.0,0.045998780526188957,6.530624023330656e-17,28,45,56.02054570001201,0.7695652173913043,0.7695652173913043
reg3,168,8,reg3_m168_s0,0,165,8260,1.1329050731494172,177.0,177.0,0.045998780526188957,6.530624023330656e-17,28,45,57.640743900003145,0.7695652173913043,0.7695652173913043
reg3,168,8,reg3_m168_s0,0,170,8510,1.1329050731494172,177.0,177.0,0.045998780526188957,6.530624023330656e-17,28,45,59.22409340000013,0.7695652173913043,0.7695652173913043
reg3,168,8,reg3_m168_s0,0,175,8760,1.1329050731494172,177.0,177.0,0.045998780526188957,6.530624023330656e-17,28,45,61.10345090000192,0.7695652173913043,0.7695652173913043
reg3,168,8,reg3_m168_s0,0,180,9010,1.1329050731494172,177.0,177.0,0.045998780526188866,4.4848700491220694e-17,28,46,62.80893350002589,0.7695652173913043,0.7695652173913043
reg3,168,8,reg3_m168_s0,0,185,9260,1.1329050731494172,177.0,177.0,0.045998780526188957,6.530624023330656e-17,28,45,64.3103469000198,0.7695652173913043,0.7695652173913043
reg3,168,8,reg3_m168_s0,0,190,9510,1.1331276091746227,177.0,177.0,0.04656208545709463,7.131339789523405e-17,28,46,65.81634180000401,0.7695652173913043,0.7695652173913043
reg3,168,8,reg3_m168_s0,0,195,9760,1.14215674773068,179.0,177.4,0.049172542163847754,3.741852747790597e-17,28,47,67.4092282000056,0.7782608695652173,0.771304347826087
reg3,168,8,reg3_m168_s0,0,200,10010,1.14215674773068,179.0,177.6,0.04917254216384773,1.8173938916288268e-17,28,47,68.9512958000123,0.7782608695652173,0.7721739130434783
reg3,168,8,reg3_m168_s0,0,205,10260,1.14215674773068,179.0,177.9,0.049172542163847595,5.370188885592264e-17,28,46,70.47957930000848,0.7782608695652173,0.7734782608695653
reg3,168,8,reg3_m168_s0,0,210,10510,1.14215674773068,179.0,178.3,0.049172542163847595,5.370188885592264e-17,28,46,72.05315440002596,0.7782608695652173,0.7752173913043479
reg3,168,8,reg3_m168_s0,0,215,10760,1.14215674773068,179.0,179.0,0.049172542163847754,3.741852747790597e-17,28,47,73.60592510001152,0.7782608695652173,0.7782608695652173
reg3,168,8,reg3_m168_s0,0,220,11010,1.1425383892260572,179.0,179.0,0.050109935145758934,2.294104034343547e-17,28,47,75.14714460002142,0.7782608695652173,0.7782608695652173
reg3,168,8,reg3_m168_s0,0,225,11260,1.1425383892260572,179.0,179.0,0.050109935145758934,2.294104034343547e-17,28,47,76.73140270001022,0.7782608695652173,0.7782608695652173
reg3,168,8,reg3_m168_s0,0,230,11510,1.1425383892260572,179.0,179.0,0.050109935145758934,2.294104034343547e-17,28,47,78.25743330002297,0.7782608695652173,0.7782608695652173
reg3,168,8,reg3_m168_s0,0,235,11760,1.1426391815571262,179.0,179.0,0.04416812710498459,1.3803248908456078e-17,28,47,79.87314880001941,0.7782608695652173,0.7782608695652173
reg3,168,8,reg3_m168_s0,0,240,12010,1.1426391815571262,179.0,179.0,0.04416812710498459,1.3803248908456078e-17,28,47,81.45567440000013,0.7782608695652173,0.7782608695652173
reg3,168,8,reg3_m168_s0,0,245,12260,1.1426391815571262,179.0,179.0,0.04416812710498459,1.3803248908456078e-17,28,47,83.00400700001046,0.7782608695652173,0.7782608695652173
reg3,168,8,reg3_m168_s0,0,250,12510,1.1465966033491088,179.0,179.0,0.050380148861058634,8.07951559853345e-05,28,46,84.59495710002375,0.7782608695652173,0.7782608695652173
reg3,168,8,reg3_m168_s0,0,255,12760,1.1502883809121418,179.0,179.0,0.05806131258822889,0.0004068784607303513,28,47,86.1468189000152,0.7782608695652173,0.7782608695652173
reg3,168,8,reg3_m168_s0,0,260,13010,1.1502883809121418,179.0,179.1,0.05806131258822889,0.0004068784607303513,28,47,87.68978910002625,0.7782608695652173,0.778695652173913
reg3,168,8,reg3_m168_s0,0,265,13260,1.1502883809121418,179.0,179.1,0.05806131258822889,0.0004068784607303513,28,47,89.21228730000439,0.7782608695652173,0.778695652173913
reg3,168,8,reg3_m168_s0,0,270,13510,1.1504644792523364,179.0,179.1,0.058884136720283003,8.746201095030399e-06,28,47,90.74298390001059,0.7782608695652173,0.778695652173913
reg3,168,8,reg3_m168_s0,0,275,13760,1.1505485661807155,179.0,179.0,0.06134474603119451,0.00020163749008736583,28,47,92.32547430001432,0.7782608695652173,0.7782608695652173
reg3,168,8,reg3_m168_s0,0,280,14010,1.1505485661807155,179.0,179.0,0.06134474603119451,0.00020163749008736583,28,47,93.88877869999851,0.7782608695652173,0.7782608695652173
reg3,168,8,reg3_m168_s0,0,285,14260,1.1505485661807155,179.0,179.0,0.06134474603119451,0.00020163749008736583,28,47,95.53675170001225,0.7782608695652173,0.7782608695652173
reg3,168,8,reg3_m168_s0,0,290,14510,1.1505485661807155,179.0,179.0,0.06134474603119451,0.00020163749008736583,28,47,97.13253070000792,0.7782608695652173,0.7782608695652173
reg3,168,8,reg3_m168_s0,0,295,14760,1.1509656354581193,179.0,179.0,0.06183449159638639,0.0002016374900873745,28,48,98.28857070000959,0.7782608695652173,0.7782608695652173
reg3,168,8,reg3_m168_s0,0,300,15010,1.1509656354581193,179.0,179.0,0.06183449159638639,0.0002016374900873745,28,48,99.34598520002328,0.7782608695652173,0.7782608695652173
reg3,168,8,reg3_m168_s0,0,305,15260,1.1514843608227057,179.0,179.0,0.06184318806828294,0.00020163749008735802,28,48,100.4995845000085,0.7782608695652173,0.7782608695652173
reg3,168,8,reg3_m168_s0,0,310,15510,1.1514843608227057,179.0,179.0,0.06184318806828294,0.00020163749008735802,28,48,102.63832510000793,0.7782608695652173,0.7782608695652173
reg3,168,8,reg3_m168_s0,0,315,15760,1.151599494253511,179.0,179.0,0.06301475695653203,0.00020163749008735715,28,48,104.49374380000518,0.7782608695652173,0.7782608695652173
reg3,168,8,reg3_m168_s0,0,320,16010,1.151599494253511,179.0,179.0,0.06301475695653203,0.00020163749008735715,28,48,106.39820500000496,0.7782608695652173,0.7782608695652173
reg3,168,8,reg3_m168_s0,0,325,16260,1.151677907168157,179.0,179.0,0.06207616687486671,0.0003817670973202971,28,47,108.24998670001514,0.7782608695652173,0.7782608695652173
reg3,168,8,reg3_m168_s0,0,330,16510,1.151677907168157,179.0,179.0,0.06207616687486671,0.0003817670973202971,28,47,110.24472100002458,0.7782608695652173,0.7782608695652173
reg3,168,8,reg3_m168_s0,0,335,16760,1.1529600154479593,179.0,179.0,0.057599282195870134,0.0005270977235486687,28,47,112.2660268000036,0.7782608695652173,0.7782608695652173
reg3,168,8,reg3_m168_s0,0,340,17010,1.1529600154479593,179.0,179.0,0.057599282195870134,0.0005270977235486687,28,47,114.15148620001855,0.7782608695652173,0.7782608695652173
reg3,168,8,reg3_m168_s0,0,345,17260,1.1559682573779069,179.0,179.0,0.07155522399926345,6.13611448615956e-05,28,47,116.00442310000653,0.7782608695652173,0.7782608695652173
reg3,168,8,reg3_m168_s0,0,350,17510,1.1559682573779069,179.0,179.0,0.07155522399926345,6.13611448615956e-05,28,47,117.65671020001173,0.7782608695652173,0.7782608695652173
reg3,168,8,reg3_m168_s0,0,355,17760,1.1559682573779069,179.0,179.0,0.07155522399926345,6.13611448615956e-05,28,47,119.70608940001694,0.7782608695652173,0.7782608695652173
reg3,168,8,reg3_m168_s0,0,360,18010,1.1559682573779069,179.0,179.0,0.07155522399926345,6.13611448615956e-05,28,47,121.21264969999902,0.7782608695652173,0.7782608695652173
reg3,168,8,reg3_m168_s0,0,365,18260,1.1566950531048092,180.0,179.1,0.059581873303621496,0.00020484486195424673,28,47,122.82321319999755,0.782608695652174,0.778695652173913
reg3,168,8,reg3_m168_s0,0,370,18510,1.1566950531048092,180.0,179.3,0.059581873303621496,0.00020484486195424673,28,47,124.55326770001557,0.782608695652174,0.7795652173913044
reg3,168,8,reg3_m168_s0,0,375,18760,1.1566950531048092,180.0,179.6,0.059581873303621496,0.00020484486195424673,28,47,126.25527600001078,0.782608695652174,0.7808695652173913
reg3,168,8,reg3_m168_s0,0,380,19010,1.1566950531048092,180.0,180.0,0.05958187330362144,0.0002048448619542259,28,49,128.20886480002082,0.782608695652174,0.782608695652174
reg3,168,8,reg3_m168_s0,0,385,19260,1.1588753277606159,180.0,180.0,0.056161601074305414,9.276718110856098e-05,28,47,129.97776780001004,0.782608695652174,0.782608695652174
reg3,168,8,reg3_m168_s0,0,390,19510,1.1588753277606159,180.0,180.0,0.056161601074305414,9.276718110856098e-05,28,47,131.7645640000119,0.782608695652174,0.782608695652174
reg3,168,8,reg3_m168_s0,0,395,19760,1.1588753277606159,180.0,180.0,0.056161601074305414,9.276718110856098e-05,28,47,133.75947889999952,0.782608695652174,0.782608695652174
reg3,168,8,reg3_m168_s0,0,400,20010,1.1588753277606159,180.0,180.0,0.056161601074305414,9.276718110856098e-05,28,47,135.6724310000136,0.782608695652174,0.782608695652174
reg3,168,8,reg3_m168_s0,0,405,20260,1.1588753277606159,180.0,180.0,0.056161601074305414,9.276718110856098e-05,28,47,137.5461625000171,0.782608695652174,0.782608695652174
reg3,168,8,reg3_m168_s0,0,410,20510,1.160596936949597,180.0,180.0,0.05323410843887843,9.276718110859047e-05,28,47,139.60131970001385,0.782608695652174,0.782608695652174
reg3,168,8,reg3_m168_s0,0,415,20760,1.160596936949597,180.0,180.0,0.05323410843887843,9.276718110859047e-05,28,47,141.46006630000193,0.782608695652174,0.782608695652174
reg3,168,8,reg3_m168_s0,0,420,21010,1.160596936949597,180.0,180.0,0.05323410843887843,9.276718110859047e-05,28,47,143.29170400000294,0.782608695652174,0.782608695652174
reg3,168,8,reg3_m168_s0,0,425,21260,1.1642277055268615,181.0,180.1,0.053234108438878394,9.276718110864425e-05,28,49,144.8631710000045,0.7869565217391304,0.7830434782608695
reg3,168,8,reg3_m168_s0,0,430,21510,1.1642277055268615,181.0,180.1,0.053234108438878394,9.276718110864425e-05,28,49,146.48183990002144,0.7869565217391304,0.7830434782608695
reg3,168,8,reg3_m168_s0,0,435,21760,1.1642277055268615,181.0,180.1,0.053234108438878394,9.276718110864425e-05,28,49,148.22555570001714,0.7869565217391304,0.7830434782608695
reg3,168,8,reg3_m168_s0,0,440,22010,1.1642277055268615,181.0,180.1,0.053234108438878394,9.276718110864425e-05,28,49,150.07289190002484,0.7869565217391304,0.7830434782608695
reg3,168,8,reg3_m168_s0,0,445,22260,1.1642277055268615,181.0,180.1,0.053234108438878394,9.276718110864425e-05,28,49,151.8104341000144,0.7869565217391304,0.7830434782608695
reg3,168,8,reg3_m168_s0,0,450,22510,1.1642277055268615,181.0,180.1,0.053234108438878394,9.276718110864425e-05,28,49,153.58360010001343,0.7869565217391304,0.7830434782608695
reg3,168,8,reg3_m168_s0,0,455,22760,1.1642277055268615,181.0,180.3,0.053234108438878394,9.276718110864425e-05,28,49,155.22925540001597,0.7869565217391304,0.783913043478261
reg3,168,8,reg3_m168_s0,0,460,23010,1.1642277055268615,181.0,180.3,0.053234108438878394,9.276718110864425e-05,28,49,156.9805430000124,0.7869565217391304,0.783913043478261
reg3,168,8,reg3_m168_s0,0,465,23260,1.1642277055268617,181.0,180.7,0.05323410843887843,9.276718110859394e-05,28,48,158.54169860002003,0.7869565217391304,0.7856521739130434
reg3,168,8,reg3_m168_s0,0,470,23510,1.1642277055268617,181.0,181.0,0.05323410843887843,9.276718110859394e-05,28,48,160.23109660000773,0.7869565217391304,0.7869565217391304
reg3,168,8,reg3_m168_s0,0,475,23760,1.1642277055268617,181.0,181.0,0.05323410843887843,9.276718110859394e-05,28,48,161.93420600000536,0.7869565217391304,0.7869565217391304
reg3,168,8,reg3_m168_s0,0,480,24010,1.1642277055268617,181.0,181.0,0.05323410843887843,9.276718110859394e-05,28,48,163.56208850000985,0.7869565217391304,0.7869565217391304
reg3,168,8,reg3_m168_s0,0,485,24260,1.1642277055268617,181.0,181.0,0.05323410843887843,9.276718110859394e-05,28,48,165.26914530000067,0.7869565217391304,0.7869565217391304
reg3,168,8,reg3_m168_s0,0,490,24510,1.1642277055268617,181.0,181.0,0.05323410843887843,9.276718110859394e-05,28,48,166.9370646000025,0.7869565217391304,0.7869565217391304
reg3,168,8,reg3_m168_s0,0,495,24760,1.1642277055268617,181.0,181.0,0.05323410843887843,9.276718110859394e-05,28,48,168.54453800001647,0.7869565217391304,0.7869565217391304
reg3,168,8,reg3_m168_s0,0,500,25010,1.1642277055268617,181.0,181.0,0.05323410843887843,9.276718110859394e-05,28,48,170.09069300000556,0.7869565217391304,0.7869565217391304
reg3,168,8,reg3_m168_s0,0,505,25260,1.1642277055268617,181.0,181.0,0.05323410843887843,9.276718110859394e-05,28,48,171.682896000013,0.7869565217391304,0.7869565217391304
reg3,168,8,reg3_m168_s0,0,510,25510,1.1650363159471624,181.0,181.0,0.053224421030458005,4.8793251426143894e-05,28,47,173.55529050002224,0.7869565217391304,0.7869565217391304
reg3,168,8,reg3_m168_s0,0,515,25760,1.1650363159471624,181.0,181.0,0.053224421030458005,4.8793251426143894e-05,28,47,175.0876014000096,0.7869565217391304,0.7869565217391304
reg3,168,8,reg3_m168_s0,0,520,26010,1.1650363159471624,181.0,181.0,0.053224421030458005,4.8793251426143894e-05,28,47,176.77718340000138,0.7869565217391304,0.7869565217391304
reg3,168,8,reg3_m168_s0,0,525,26260,1.1650363159471624,181.0,181.0,0.053224421030458005,4.8793251426143894e-05,28,47,178.55334179999772,0.7869565217391304,0.7869565217391304
reg3,168,8,reg3_m168_s0,0,530,26510,1.1650363159471624,181.0,181.0,0.053224421030458005,4.8793251426143894e-05,28,47,180.30034130002605,0.7869565217391304,0.7869565217391304
reg3,168,8,reg3_m168_s0,0,535,26760,1.1650363159471624,181.0,181.0,0.053224421030458005,4.8793251426143894e-05,28,47,182.17646760001662,0.7869565217391304,0.7869565217391304
reg3,168,8,reg3_m168_s0,0,540,27010,1.1650363159471624,181.0,181.0,0.053224421030458005,4.8793251426143894e-05,28,47,183.67907350001042,0.7869565217391304,0.7869565217391304
reg3,168,8,reg3_m168_s0,0,545,27260,1.1650363159471624,181.0,181.0,0.053224421030458005,4.8793251426143894e-05,28,47,185.34428650001064,0.7869565217391304,0.7869565217391304
reg3,168,8,reg3_m168_s0,0,550,27510,1.1650363159471624,181.0,181.0,0.053224421030458005,4.8793251426143894e-05,28,47,187.0988927000144,0.7869565217391304,0.7869565217391304
reg3,168,8,reg3_m168_s0,0,555,27760,1.1650363159471624,181.0,181.0,0.053224421030458005,4.8793251426143894e-05,28,47,188.9049833000172,0.7869565217391304,0.7869565217391304
reg3,168,8,reg3_m168_s0,0,560,28010,1.1650363159471624,181.0,181.0,0.053224421030458005,4.8793251426143894e-05,28,47,190.78223930002423,0.7869565217391304,0.7869565217391304
reg3,168,8,reg3_m168_s0,0,565,28260,1.1650363159471624,181.0,181.0,0.053224421030458005,4.8793251426143894e-05,28,47,192.36911610001698,0.7869565217391304,0.7869565217391304
reg3,168,8,reg3_m168_s0,0,570,28510,1.1650363159471624,181.0,181.0,0.05322442103045802,4.8793251426199405e-05,28,48,193.98269880001317,0.7869565217391304,0.7869565217391304
reg3,168,8,reg3_m168_s0,0,575,28760,1.1650363159471624,181.0,181.0,0.05322442103045792,4.879325142618553e-05,28,48,195.70899900002405,0.7869565217391304,0.7869565217391304
reg3,168,8,reg3_m168_s0,0,580,29010,1.1650363159471624,181.0,181.0,0.05322442103045792,4.879325142618553e-05,28,48,197.31869169999845,0.7869565217391304,0.7869565217391304
reg3,168,8,reg3_m168_s0,0,585,29260,1.1650363159471624,181.0,181.0,0.05322442103045792,4.879325142618553e-05,28,48,198.97786330000963,0.7869565217391304,0.7869565217391304
reg3,168,8,reg3_m168_s0,0,590,29510,1.1650363159471624,181.0,181.0,0.05322442103045792,4.879325142618553e-05,28,48,200.6601842000091,0.7869565217391304,0.7869565217391304
reg3,168,8,reg3_m168_s0,0,595,29760,1.1650363159471624,181.0,181.0,0.053224421030458005,4.8793251426143894e-05,28,47,202.2600104000012,0.7869565217391304,0.7869565217391304
reg3,168,8,reg3_m168_s0,0,600,30010,1.1650363159471624,181.0,181.0,0.05322442103045792,4.879325142618553e-05,28,48,203.83523029999924,0.7869565217391304,0.7869565217391304
reg3,168,8,reg3_m168_s0,0,605,30260,1.1650363159471624,181.0,181.0,0.05322442103045792,4.879325142618553e-05,28,48,205.44165340001928,0.7869565217391304,0.7869565217391304
reg3,168,8,reg3_m168_s0,0,610,30510,1.1650363159471624,181.0,181.0,0.05322442103045798,4.879325142617165e-05,28,48,207.0289246000175,0.7869565217391304,0.7869565217391304
reg3,168,8,reg3_m168_s0,0,615,30760,1.1650363159471624,181.0,181.0,0.05322442103045806,4.879325142613522e-05,28,48,208.66346730000805,0.7869565217391304,0.7869565217391304
reg3,168,8,reg3_m168_s0,0,620,31010,1.1650363159471624,181.0,181.0,0.05322442103045794,4.879325142614736e-05,28,48,210.2730292000051,0.7869565217391304,0.7869565217391304
reg3,168,8,reg3_m168_s0,0,625,31260,1.1650363159471624,181.0,181.0,0.05322442103045798,4.879325142617165e-05,28,48,211.8984960000089,0.7869565217391304,0.7869565217391304
reg3,168,8,reg3_m168_s0,0,630,31510,1.1650363159471624,181.0,181.0,0.05322442103045798,4.879325142617165e-05,28,48,213.59377649999806,0.7869565217391304,0.7869565217391304
reg3,168,8,reg3_m168_s0,0,635,31760,1.1650363159471624,181.0,181.0,0.053224421030457957,4.8793251426166445e-05,28,49,215.38883030001307,0.7869565217391304,0.7869565217391304
reg3,168,8,reg3_m168_s0,0,640,32010,1.1650363159471624,181.0,181.0,0.053224421030457957,4.8793251426166445e-05,28,49,217.21085670002503,0.7869565217391304,0.7869565217391304
reg3,168,8,reg3_m168_s0,0,645,32260,1.1650363159471624,181.0,181.0,0.05322442103045798,4.879325142617165e-05,28,48,219.20791080000345,0.7869565217391304,0.7869565217391304
reg3,168,8,reg3_m168_s0,0,650,32510,1.1650363159471624,181.0,181.0,0.05322442103045806,4.879325142613522e-05,28,48,220.93461540000862,0.7869565217391304,0.7869565217391304
reg3,168,8,reg3_m168_s0,0,655,32760,1.1650363159471624,181.0,181.0,0.05322442103045806,4.879325142613522e-05,28,48,223.00382070001797,0.7869565217391304,0.7869565217391304
reg3,168,8,reg3_m168_s0,0,660,33010,1.1650363159471624,181.0,181.0,0.05322442103045798,4.879325142617165e-05,28,48,224.7372479000187,0.7869565217391304,0.7869565217391304
reg3,168,8,reg3_m168_s0,0,665,33260,1.1650363159471624,181.0,181.0,0.05322442103045802,4.879325142611961e-05,28,49,226.32584000000497,0.7869565217391304,0.7869565217391304
reg3,168,8,reg3_m168_s0,0,670,33510,1.1650363159471624,181.0,181.0,0.05322442103045796,4.87932514262341e-05,28,49,227.9057447000232,0.7869565217391304,0.7869565217391304
reg3,168,8,reg3_m168_s0,0,675,33760,1.1650363159471624,181.0,181.0,0.05322442103045796,4.87932514262341e-05,28,49,229.90251900002477,0.7869565217391304,0.7869565217391304
reg3,168,8,reg3_m168_s0,0,680,34010,1.1650363159471624,181.0,181.0,0.05322442103045792,4.879325142618553e-05,28,48,231.58367020002333,0.7869565217391304,0.7869565217391304
reg3,168,8,reg3_m168_s0,0,685,34260,1.1650363159471624,181.0,181.0,0.05322442103045798,4.879325142617165e-05,28,48,233.12742630002322,0.7869565217391304,0.7869565217391304
reg3,168,8,reg3_m168_s0,0,690,34510,1.1650363159471624,181.0,181.0,0.05322442103045799,4.8793251426136955e-05,28,48,234.6886720000184,0.7869565217391304,0.7869565217391304
reg3,168,8,reg3_m168_s0,0,695,34760,1.1650363159471624,181.0,181.0,0.05322442103045803,4.8793251426166445e-05,28,49,236.3231668000226,0.7869565217391304,0.7869565217391304
reg3,168,8,reg3_m168_s0,0,700,35010,1.1650363159471624,181.0,181.0,0.05322442103045806,4.879325142613522e-05,28,48,237.83970209999825,0.7869565217391304,0.7869565217391304
reg3,168,8,reg3_m168_s0,0,705,35260,1.1650363159471624,181.0,181.0,0.05322442103045798,4.879325142617165e-05,28,48,239.51382640001248,0.7869565217391304,0.7869565217391304
reg3,168,8,reg3_m168_s0,0,710,35510,1.1650363159471624,181.0,181.0,0.05322442103045798,4.879325142617165e-05,28,48,241.01132620000863,0.7869565217391304,0.7869565217391304
reg3,168,8,reg3_m168_s0,0,715,35760,1.1650363159471624,181.0,181.0,0.05322442103045798,4.879325142617165e-05,28,48,242.54631220002193,0.7869565217391304,0.7869565217391304
reg3,168,8,reg3_m168_s0,0,720,36010,1.1650363159471624,181.0,181.0,0.05322442103045798,4.879325142617165e-05,28,48,244.0964568000054,0.7869565217391304,0.7869565217391304
reg3,168,8,reg3_m168_s0,0,725,36260,1.1650363159471624,181.0,181.0,0.053224421030457984,4.879325142618379e-05,28,49,245.78916169999866,0.7869565217391304,0.7869565217391304
reg3,168,8,reg3_m168_s0,0,730,36510,1.1650363159471624,181.0,181.0,0.05322442103045806,4.879325142613522e-05,28,48,247.392016400001,0.7869565217391304,0.7869565217391304
reg3,168,8,reg3_m168_s0,0,735,36760,1.1650363159471624,181.0,181.0,0.05322442103045798,4.879325142617165e-05,28,48,249.00200190002215,0.7869565217391304,0.7869565217391304
reg3,168,8,reg3_m168_s0,0,740,37010,1.1650363159471624,181.0,181.0,0.05322442103045806,4.879325142613522e-05,28,48,250.60460920000332,0.7869565217391304,0.7869565217391304
reg3,168,8,reg3_m168_s0,0,745,37260,1.1650363159471624,181.0,181.0,0.05322442103045806,4.879325142613522e-05,28,48,252.18984060001094,0.7869565217391304,0.7869565217391304
reg3,168,8,reg3_m168_s0,0,750,37510,1.1650363159471624,181.0,181.0,0.05322442103045806,4.879325142613522e-05,28,48,253.76179990000674,0.7869565217391304,0.7869565217391304
reg3,168,8,reg3_m168_s0,0,755,37760,1.1650363159471624,181.0,181.0,0.05322442103045806,4.879325142613522e-05,28,48,255.3137080000015,0.7869565217391304,0.7869565217391304
reg3,168,8,reg3_m168_s0,0,760,38010,1.1650363159471624,181.0,181.0,0.05322442103045806,4.879325142613522e-05,28,48,257.05599810002604,0.7869565217391304,0.7869565217391304
reg3,168,8,reg3_m168_s0,0,765,38260,1.1650363159471624,181.0,181.0,0.05322442103045806,4.879325142613522e-05,28,48,258.96196300000884,0.7869565217391304,0.7869565217391304
reg3,168,8,reg3_m168_s0,0,770,38510,1.1650363159471624,181.0,181.0,0.05322442103045806,4.879325142613522e-05,28,48,260.5522462000081,0.7869565217391304,0.7869565217391304
reg3,168,8,reg3_m168_s0,0,775,38760,1.1650363159471624,181.0,181.0,0.05322442103045806,4.879325142613522e-05,28,48,262.16953340001055,0.7869565217391304,0.7869565217391304
reg3,168,8,reg3_m168_s0,0,780,39010,1.1650363159471624,181.0,181.0,0.053224421030457984,4.879325142618379e-05,28,49,263.98527160001686,0.7869565217391304,0.7869565217391304
reg3,168,8,reg3_m168_s0,0,785,39260,1.1650363159471624,181.0,181.0,0.05322442103045806,4.879325142613522e-05,28,48,265.6996317000012,0.7869565217391304,0.7869565217391304
reg3,168,8,reg3_m168_s0,0,790,39510,1.1650363159471624,181.0,181.0,0.05322442103045792,4.879325142618553e-05,28,48,267.1945096999989,0.7869565217391304,0.7869565217391304
reg3,168,8,reg3_m168_s0,0,795,39760,1.1650363159471624,181.0,181.0,0.05322442103045806,4.879325142613522e-05,28,48,268.7191653000191,0.7869565217391304,0.7869565217391304
reg3,168,8,reg3_m168_s0,0,800,40010,1.1650363159471624,181.0,181.0,0.05322442103045806,4.879325142613522e-05,28,48,270.2255147000251,0.7869565217391304,0.7869565217391304
reg3,168,8,reg3_m168_s0,0,805,40260,1.1650363159471624,181.0,181.0,0.05322442103045806,4.879325142613522e-05,28,48,271.9946498000063,0.7869565217391304,0.7869565217391304
reg3,168,8,reg3_m168_s0,0,810,40510,1.1650363159471624,181.0,181.0,0.05322442103045806,4.879325142613522e-05,28,48,273.6390222000191,0.7869565217391304,0.7869565217391304
reg3,168,8,reg3_m168_s0,0,815,40760,1.1650363159471624,181.0,181.0,0.05322442103045792,4.879325142618553e-05,28,48,275.6513603000203,0.7869565217391304,0.7869565217391304
reg3,168,8,reg3_m168_s0,0,820,41010,1.1650363159471624,181.0,181.0,0.05322442103045806,4.879325142613522e-05,28,48,277.18136810002034,0.7869565217391304,0.7869565217391304
reg3,168,8,reg3_m168_s0,0,825,41260,1.1650363159471624,181.0,181.0,0.053224421030458005,4.8793251426143894e-05,28,47,278.6868852000043,0.7869565217391304,0.7869565217391304
reg3,168,8,reg3_m168_s0,0,830,41510,1.1650363159471624,181.0,181.0,0.053224421030458005,4.8793251426143894e-05,28,47,280.21960780001245,0.7869565217391304,0.7869565217391304
reg3,168,8,reg3_m168_s0,0,835,41760,1.1650363159471624,181.0,181.0,0.053224421030458005,4.8793251426143894e-05,28,47,281.8901684000157,0.7869565217391304,0.7869565217391304
reg3,168,8,reg3_m168_s0,0,840,42010,1.1650363159471624,181.0,181.0,0.05322442103045797,4.879325142616818e-05,28,48,283.47835610000766,0.7869565217391304,0.7869565217391304
reg3,168,8,reg3_m168_s0,0,845,42260,1.1650363159471624,181.0,181.0,0.05322442103045797,4.879325142616818e-05,28,48,285.06658470002003,0.7869565217391304,0.7869565217391304
reg3,168,8,reg3_m168_s0,0,850,42510,1.1650363159471624,181.0,181.0,0.053224421030458005,4.8793251426143894e-05,28,47,286.71062670001993,0.7869565217391304,0.7869565217391304
reg3,168,8,reg3_m168_s0,0,855,42760,1.1650363159471624,181.0,181.0,0.05322442103045797,4.879325142616818e-05,28,48,288.1701301000139,0.7869565217391304,0.7869565217391304
reg3,168,8,reg3_m168_s0,0,860,43010,1.1650363159471624,181.0,181.0,0.05322442103045797,4.879325142616818e-05,28,48,289.76726960000815,0.7869565217391304,0.7869565217391304
reg3,168,8,reg3_m168_s0,0,865,43260,1.1650363159471624,181.0,181.0,0.05322442103045797,4.879325142616818e-05,28,48,291.33300130002317,0.7869565217391304,0.7869565217391304
reg3,168,8,reg3_m168_s0,0,870,43510,1.1650363159471624,181.0,181.0,0.05322442103045797,4.879325142616818e-05,28,48,292.71316140002455,0.7869565217391304,0.7869565217391304
reg3,168,8,reg3_m168_s0,0,875,43760,1.1650363159471624,181.0,181.0,0.05322442103045797,4.879325142616818e-05,28,48,294.20320250000805,0.7869565217391304,0.7869565217391304
reg3,168,8,reg3_m168_s0,0,880,44010,1.1650363159471624,181.0,181.0,0.05322442103045797,4.879325142616818e-05,28,48,295.72690930002136,0.7869565217391304,0.7869565217391304
reg3,168,8,reg3_m168_s0,0,885,44260,1.1650363159471624,181.0,181.0,0.053224421030458005,4.8793251426143894e-05,28,47,297.3987415000156,0.7869565217391304,0.7869565217391304
reg3,168,8,reg3_m168_s0,0,890,44510,1.1650363159471624,181.0,181.0,0.053224421030458005,4.8793251426143894e-05,28,47,299.0707412000047,0.7869565217391304,0.7869565217391304
reg3,168,8,reg3_m168_s0,0,895,44760,1.1650363159471624,181.0,181.0,0.05322442103045798,4.879325142621328e-05,28,49,300.74071910002385,0.7869565217391304,0.7869565217391304
reg3,168,8,reg3_m168_s0,0,900,45010,1.1650363159471624,181.0,181.0,0.05322442103045798,4.879325142611787e-05,28,48,302.29808420001063,0.7869565217391304,0.7869565217391304
reg3,168,8,reg3_m168_s0,0,905,45260,1.1650363159471624,181.0,181.0,0.05322442103045798,4.879325142611787e-05,28,48,303.843763700017,0.7869565217391304,0.7869565217391304
reg3,168,8,reg3_m168_s0,0,910,45510,1.1650363159471624,181.0,181.0,0.05322442103045799,4.87932514261491e-05,28,49,305.4154029000201,0.7869565217391304,0.7869565217391304
reg3,168,8,reg3_m168_s0,0,915,45760,1.1650363159471624,181.0,181.0,0.05322442103045798,4.879325142611787e-05,28,48,306.87640140001895,0.7869565217391304,0.7869565217391304
reg3,168,8,reg3_m168_s0,0,920,46010,1.1650363159471624,181.0,181.0,0.05322442103045798,4.879325142611787e-05,28,48,308.18566390001797,0.7869565217391304,0.7869565217391304
reg3,168,8,reg3_m168_s0,0,925,46260,1.1650363159471624,181.0,181.0,0.05322442103045799,4.87932514261491e-05,28,49,309.8779738000012,0.7869565217391304,0.7869565217391304
reg3,168,8,reg3_m168_s0,0,930,46510,1.1650363159471624,181.0,181.0,0.05322442103045799,4.8793251426206344e-05,28,47,311.56500230001984,0.7869565217391304,0.7869565217391304
reg3,168,8,reg3_m168_s0,0,935,46760,1.1650363159471624,181.0,181.0,0.053224421030458,4.879325142614563e-05,28,47,313.38096920002135,0.7869565217391304,0.7869565217391304
reg3,168,8,reg3_m168_s0,0,940,47010,1.1650363159471624,181.0,181.0,0.05322442103045799,4.87932514261491e-05,28,49,315.00673630001256,0.7869565217391304,0.7869565217391304
reg3,168,8,reg3_m168_s0,0,945,47260,1.1650363159471624,181.0,181.0,0.05322442103045799,4.8793251426206344e-05,28,47,316.5515365000174,0.7869565217391304,0.7869565217391304
reg3,168,8,reg3_m168_s0,0,950,47510,1.1650363159471624,181.0,181.0,0.05322442103045806,4.8793251426143894e-05,28,48,318.2028194000013,0.7869565217391304,0.7869565217391304
reg3,168,8,reg3_m168_s0,0,955,47760,1.1650363159471624,181.0,181.0,0.05322442103045806,4.8793251426143894e-05,28,48,319.808875000017,0.7869565217391304,0.7869565217391304
reg3,168,8,reg3_m168_s0,0,960,48010,1.1650363159471624,181.0,181.0,0.05322442103045798,4.879325142611787e-05,28,48,321.369184900017,0.7869565217391304,0.7869565217391304
reg3,168,8,reg3_m168_s0,0,965,48260,1.1650363159471624,181.0,181.0,0.05322442103045806,4.8793251426143894e-05,28,48,322.8835392000037,0.7869565217391304,0.7869565217391304
reg3,168,8,reg3_m168_s0,0,970,48510,1.1650363159471624,181.0,181.0,0.05322442103045798,4.879325142611787e-05,28,48,324.36032750000595,0.7869565217391304,0.7869565217391304
reg3,168,8,reg3_m168_s0,0,975,48760,1.1650363159471624,181.0,181.0,0.053224421030457984,4.879325142615083e-05,28,49,325.99137140001403,0.7869565217391304,0.7869565217391304
reg3,168,8,reg3_m168_s0,0,980,49010,1.1650363159471624,181.0,181.0,0.05322442103045798,4.879325142611787e-05,28,48,327.7098242000211,0.7869565217391304,0.7869565217391304
reg3,168,8,reg3_m168_s0,0,985,49260,1.1650363159471624,181.0,181.0,0.053224421030457984,4.879325142615083e-05,28,49,329.3816459000227,0.7869565217391304,0.7869565217391304
reg3,168,8,reg3_m168_s0,0,990,49510,1.1650363159471624,181.0,181.0,0.05322442103045806,4.8793251426143894e-05,28,48,331.0881434000039,0.7869565217391304,0.7869565217391304
reg3,168,8,reg3_m168_s0,0,995,49760,1.1650363159471624,181.0,181.0,0.05322442103045806,4.8793251426143894e-05,28,48,332.8148423000239,0.7869565217391304,0.7869565217391304
reg3,168,8,reg3_m168_s0,0,1000,50010,1.1650363159471624,181.0,181.0,0.05322442103045797,4.879325142620461e-05,28,48,334.920483599999,0.7869565217391304,0.7869565217391304
reg3,168,8,reg3_m168_s0,0,1005,50260,1.1650363159471624,181.0,181.0,0.05322442103045798,4.879325142611787e-05,28,48,336.5932678000245,0.7869565217391304,0.7869565217391304
reg3,168,8,reg3_m168_s0,0,1010,50510,1.1650363159471624,181.0,181.0,0.05322442103045797,4.879325142620461e-05,28,48,338.20064990001265,0.7869565217391304,0.7869565217391304
reg3,168,8,reg3_m168_s0,0,1015,50760,1.1650363159471624,181.0,181.0,0.053224421030458005,4.8793251426140424e-05,28,49,339.9675521000172,0.7869565217391304,0.7869565217391304
reg3,168,8,reg3_m168_s0,0,1020,51010,1.1650363159471624,181.0,181.0,0.053224421030458,4.879325142614563e-05,28,47,341.5080417999998,0.7869565217391304,0.7869565217391304
reg3,168,8,reg3_m168_s0,0,1025,51260,1.1650363159471624,181.0,181.0,0.053224421030458,4.879325142614563e-05,28,47,343.0750050000206,0.7869565217391304,0.7869565217391304
reg3,168,8,reg3_m168_s0,0,1030,51510,1.1650363159471624,181.0,181.0,0.053224421030458,4.879325142614563e-05,28,47,344.65652440002305,0.7869565217391304,0.7869565217391304
reg3,168,8,reg3_m168_s0,0,1035,51760,1.1650363159471624,181.0,181.0,0.05322442103045798,4.879325142611787e-05,28,48,346.32466540002497,0.7869565217391304,0.7869565217391304
reg3,168,8,reg3_m168_s0,0,1040,52010,1.1650363159471624,181.0,181.0,0.05322442103045798,4.879325142611787e-05,28,48,347.83920430002036,0.7869565217391304,0.7869565217391304
reg3,168,8,reg3_m168_s0,0,1045,52260,1.1650363159471624,181.0,181.0,0.05322442103045798,4.879325142611787e-05,28,48,349.35298740002327,0.7869565217391304,0.7869565217391304
reg3,168,8,reg3_m168_s0,0,1050,52510,1.1650363159471624,181.0,181.0,0.053224421030458005,4.8793251426140424e-05,28,49,350.8741115000157,0.7869565217391304,0.7869565217391304
reg3,168,8,reg3_m168_s0,0,1055,52760,1.1650363159471624,181.0,181.0,0.05322442103045798,4.879325142611787e-05,28,48,352.4382562000246,0.7869565217391304,0.7869565217391304
reg3,168,8,reg3_m168_s0,0,1060,53010,1.1650363159471624,181.0,181.0,0.05322442103045798,4.879325142611787e-05,28,48,353.9683019000222,0.7869565217391304,0.7869565217391304
reg3,168,8,reg3_m168_s0,0,1065,53260,1.1650363159471624,181.0,181.0,0.05322442103045798,4.879325142613869e-05,28,49,355.7627465999976,0.7869565217391304,0.7869565217391304
reg3,168,8,reg3_m168_s0,0,1070,53510,1.1650363159471624,181.0,181.0,0.05322442103045799,4.87932514261491e-05,28,49,357.53870430000825,0.7869565217391304,0.7869565217391304
reg3,168,8,reg3_m168_s0,0,1075,53760,1.1650363159471624,181.0,181.0,0.05322442103045798,4.879325142611787e-05,28,48,359.3772118000197,0.7869565217391304,0.7869565217391304
reg3,168,8,reg3_m168_s0,0,1080,54010,1.1650363159471624,181.0,181.0,0.05322442103045798,4.879325142613869e-05,28,49,360.9382345000049,0.7869565217391304,0.7869565217391304
reg3,168,8,reg3_m168_s0,0,1085,54260,1.1650363159471624,181.0,181.0,0.053224421030458,4.879325142615257e-05,28,49,362.56460979999974,0.7869565217391304,0.7869565217391304
reg3,168,8,reg3_m168_s0,0,1090,54510,1.1650363159471624,181.0,181.0,0.05322442103045798,4.879325142611787e-05,28,48,364.3438017000153,0.7869565217391304,0.7869565217391304
reg3,168,8,reg3_m168_s0,0,1095,54760,1.1650363159471624,181.0,181.0,0.05322442103045798,4.8793251426140424e-05,28,48,366.1589258000022,0.7869565217391304,0.7869565217391304
reg3,168,8,reg3_m168_s0,0,1100,55010,1.1650363159471624,181.0,181.0,0.053224421030458,4.879325142615257e-05,28,49,367.76169510002364,0.7869565217391304,0.7869565217391304
reg3,168,8,reg3_m168_s0,0,1105,55260,1.1650363159471624,181.0,181.0,0.05322442103045798,4.8793251426140424e-05,28,48,369.4415597000043,0.7869565217391304,0.7869565217391304
reg3,168,8,reg3_m168_s0,0,1110,55510,1.1650363159471624,181.0,181.0,0.05322442103045798,4.879325142613869e-05,28,49,370.95662209999864,0.7869565217391304,0.7869565217391304
reg3,168,8,reg3_m168_s0,0,1115,55760,1.1650363159471624,181.0,181.0,0.05322442103045798,4.879325142613869e-05,28,49,372.52610360001563,0.7869565217391304,0.7869565217391304
reg3,168,8,reg3_m168_s0,0,1120,56010,1.1650363159471624,181.0,181.0,0.053224421030458,4.879325142615257e-05,28,49,374.19249539999873,0.7869565217391304,0.7869565217391304
reg3,168,8,reg3_m168_s0,0,1125,56260,1.1650363159471624,181.0,181.0,0.053224421030458005,4.8793251426140424e-05,28,49,375.79372490002424,0.7869565217391304,0.7869565217391304
reg3,168,8,reg3_m168_s0,0,1130,56510,1.1650363159471624,181.0,181.0,0.05322442103045795,4.879325142612481e-05,28,48,377.34040120002464,0.7869565217391304,0.7869565217391304
reg3,168,8,reg3_m168_s0,0,1135,56760,1.1650363159471624,181.0,181.0,0.053224421030458,4.879325142615257e-05,28,49,378.99225590002607,0.7869565217391304,0.7869565217391304
reg3,168,8,reg3_m168_s0,0,1140,57010,1.1650363159471624,181.0,181.0,0.05322442103045795,4.879325142612481e-05,28,48,380.3666431000165,0.7869565217391304,0.7869565217391304
reg3,168,8,reg3_m168_s0,0,1145,57260,1.1650363159471624,181.0,181.0,0.053224421030458005,4.8793251426140424e-05,28,49,381.7573734000034,0.7869565217391304,0.7869565217391304
reg3,168,8,reg3_m168_s0,0,1150,57510,1.1650363159471624,181.0,181.0,0.053224421030458005,4.879325142618726e-05,28,49,383.3271093000076,0.7869565217391304,0.7869565217391304
reg3,168,8,reg3_m168_s0,0,1155,57760,1.1650363159471624,181.0,181.0,0.053224421030458005,4.8793251426140424e-05,28,49,384.6945485000033,0.7869565217391304,0.7869565217391304
reg3,168,8,reg3_m168_s0,0,1160,58010,1.1650363159471624,181.0,181.0,0.053224421030457957,4.879325142622369e-05,28,49,386.0495997000253,0.7869565217391304,0.7869565217391304
reg3,168,8,reg3_m168_s0,0,1165,58260,1.1650363159471624,181.0,181.0,0.053224421030458005,4.8793251426140424e-05,28,49,387.46491110001807,0.7869565217391304,0.7869565217391304
reg3,168,8,reg3_m168_s0,0,1170,58510,1.1650363159471624,181.0,181.0,0.053224421030458005,4.879325142618726e-05,28,49,389.0853315000131,0.7869565217391304,0.7869565217391304
reg3,168,8,reg3_m168_s0,0,1175,58760,1.1650363159471624,181.0,181.0,0.05322442103045798,4.879325142617859e-05,28,48,390.6849508000014,0.7869565217391304,0.7869565217391304
reg3,168,8,reg3_m168_s0,0,1180,59010,1.1650363159471624,181.0,181.0,0.053224421030458005,4.879325142618726e-05,28,49,392.28028350000386,0.7869565217391304,0.7869565217391304
reg3,168,8,reg3_m168_s0,0,1185,59260,1.1650363159471624,181.0,181.0,0.05322442103045798,4.879325142617859e-05,28,48,393.8772149000142,0.7869565217391304,0.7869565217391304
reg3,168,8,reg3_m168_s0,0,1190,59510,1.1650363159471624,181.0,181.0,0.05322442103045797,4.879325142620461e-05,28,48,395.4534914000251,0.7869565217391304,0.7869565217391304
reg3,168,8,reg3_m168_s0,0,1195,59760,1.1650363159471624,181.0,181.0,0.05322442103045798,4.879325142617859e-05,28,48,396.9400133000163,0.7869565217391304,0.7869565217391304
reg3,168,8,reg3_m168_s0,0,1200,60010,1.1650363159471624,181.0,181.0,0.053224421030457957,4.879325142622369e-05,28,49,398.5843561000074,0.7869565217391304,0.7869565217391304
reg3,168,8,reg3_m168_s0,0,1205,60260,1.1650363159471624,181.0,181.0,0.053224421030458,4.879325142614563e-05,28,47,400.20434710002155,0.7869565217391304,0.7869565217391304
reg3,168,8,reg3_m168_s0,0,1210,60510,1.1650363159471624,181.0,181.0,0.05322442103045796,4.87932514261491e-05,28,48,401.8846507999988,0.7869565217391304,0.7869565217391304
reg3,168,8,reg3_m168_s0,0,1215,60760,1.1650363159471624,181.0,181.0,0.05322442103045797,4.879325142612134e-05,28,49,403.66313460000674,0.7869565217391304,0.7869565217391304
reg3,168,8,reg3_m168_s0,0,1220,61010,1.1650363159471624,181.0,181.0,0.053224421030458005,4.87932514261543e-05,28,48,405.47286800001166,0.7869565217391304,0.7869565217391304
reg3,168,8,reg3_m168_s0,0,1225,61260,1.1650363159471624,181.0,181.0,0.053224421030458005,4.87932514261543e-05,28,48,407.3739408000256,0.7869565217391304,0.7869565217391304
reg3,168,8,reg3_m168_s0,0,1230,61510,1.1650363159471624,181.0,181.0,0.053224421030458005,4.879325142618726e-05,28,49,409.26451930002077,0.7869565217391304,0.7869565217391304
reg3,168,8,reg3_m168_s0,0,1235,61760,1.1650363159471624,181.0,181.0,0.05322442103045797,4.879325142612134e-05,28,49,411.09882010001456,0.7869565217391304,0.7869565217391304
reg3,168,8,reg3_m168_s0,0,1240,62010,1.1650363159471624,181.0,181.0,0.05322442103045797,4.879325142612134e-05,28,49,412.86088950000703,0.7869565217391304,0.7869565217391304
reg3,168,8,reg3_m168_s0,0,1245,62260,1.1650363159471624,181.0,181.0,0.053224421030458026,4.8793251426188997e-05,28,49,414.33971140001086,0.7869565217391304,0.7869565217391304
reg3,168,8,reg3_m168_s0,0,1250,62510,1.1650363159471624,181.0,181.0,0.053224421030458026,4.8793251426188997e-05,28,49,415.89407830001437,0.7869565217391304,0.7869565217391304
reg3,168,8,reg3_m168_s0,0,1255,62760,1.1650363159471624,181.0,181.0,0.053224421030458026,4.8793251426188997e-05,28,49,417.37998040000093,0.7869565217391304,0.7869565217391304
reg3,168,8,reg3_m168_s0,0,1260,63010,1.1650363159471624,181.0,181.0,0.05322442103045796,4.879325142621155e-05,28,48,418.88173970000935,0.7869565217391304,0.7869565217391304
reg3,168,8,reg3_m168_s0,0,1265,63260,1.1650363159471624,181.0,181.0,0.05322442103045797,4.8793251426202874e-05,28,49,420.455764000013,0.7869565217391304,0.7869565217391304
reg3,168,8,reg3_m168_s0,0,1270,63510,1.1650363159471624,181.0,181.0,0.053224421030458026,4.8793251426188997e-05,28,49,422.18753090000246,0.7869565217391304,0.7869565217391304
reg3,168,8,reg3_m168_s0,0,1275,63760,1.1650363159471624,181.0,181.0,0.053224421030458026,4.8793251426188997e-05,28,49,423.9750893000164,0.7869565217391304,0.7869565217391304
reg3,168,8,reg3_m168_s0,0,1280,64010,1.1650363159471624,181.0,181.0,0.053224421030458005,4.879325142619073e-05,28,49,425.64649280000594,0.7869565217391304,0.7869565217391304
reg3,168,8,reg3_m168_s0,0,1285,64260,1.1650363159471624,181.0,181.0,0.053224421030458005,4.879325142619073e-05,28,49,427.3626119000255,0.7869565217391304,0.7869565217391304
reg3,168,8,reg3_m168_s0,0,1290,64510,1.1650363159471624,181.0,181.0,0.053224421030458026,4.8793251426188997e-05,28,49,428.95595250002225,0.7869565217391304,0.7869565217391304
reg3,168,8,reg3_m168_s0,0,1295,64760,1.1650363159471624,181.0,181.0,0.05322442103045799,4.87932514261491e-05,28,49,430.56228930002544,0.7869565217391304,0.7869565217391304
reg3,168,8,reg3_m168_s0,0,1300,65010,1.1650363159471624,181.0,181.0,0.05322442103045797,4.8793251426202874e-05,28,49,432.17380470002536,0.7869565217391304,0.7869565217391304
reg3,168,8,reg3_m168_s0,0,1305,65260,1.1650363159471624,181.0,181.0,0.05322442103045797,4.879325142612134e-05,28,49,433.5574194000219,0.7869565217391304,0.7869565217391304
reg3,168,8,reg3_m168_s0,0,1310,65510,1.1650363159471624,181.0,181.0,0.05322442103045797,4.879325142612134e-05,28,49,435.16592340002535,0.7869565217391304,0.7869565217391304
reg3,168,8,reg3_m168_s0,0,1315,65760,1.1650363159471624,181.0,181.0,0.05322442103045797,4.879325142612134e-05,28,49,436.7358013000048,0.7869565217391304,0.7869565217391304
reg3,168,8,reg3_m168_s0,0,1320,66010,1.1650363159471624,181.0,181.0,0.05322442103045797,4.879325142612134e-05,28,49,438.337546499999,0.7869565217391304,0.7869565217391304
reg3,168,8,reg3_m168_s0,0,1325,66260,1.1650363159471624,181.0,181.0,0.05322442103045797,4.879325142612134e-05,28,49,440.45990919999895,0.7869565217391304,0.7869565217391304
reg3,168,8,reg3_m168_s0,0,1330,66510,1.1650363159471624,181.0,181.0,0.053224421030458005,4.87932514261543e-05,28,48,442.27263660001336,0.7869565217391304,0.7869565217391304
reg3,168,8,reg3_m168_s0,0,1335,66760,1.1650363159471624,181.0,181.0,0.053224421030458005,4.8793251426140424e-05,28,49,443.93221460000495,0.7869565217391304,0.7869565217391304
reg3,168,8,reg3_m168_s0,0,1340,67010,1.1650363159471624,181.0,181.0,0.05322442103045797,4.879325142612134e-05,28,49,445.5637313000043,0.7869565217391304,0.7869565217391304
reg3,168,8,reg3_m168_s0,0,1345,67260,1.1650363159471624,181.0,181.0,0.05322442103045797,4.879325142612134e-05,28,49,447.25168570000096,0.7869565217391304,0.7869565217391304
reg3,168,8,reg3_m168_s0,0,1350,67510,1.1650363159471624,181.0,181.0,0.053224421030458005,4.87932514261543e-05,28,48,448.97458600002574,0.7869565217391304,0.7869565217391304
reg3,168,8,reg3_m168_s0,0,1355,67760,1.1650363159471624,181.0,181.0,0.05322442103045798,4.879325142619073e-05,28,48,450.65272959999857,0.7869565217391304,0.7869565217391304
reg3,168,8,reg3_m168_s0,0,1360,68010,1.1650363159471624,181.0,181.0,0.05322442103045796,4.8793251426202874e-05,28,49,452.5508630000113,0.7869565217391304,0.7869565217391304
reg3,168,8,reg3_m168_s0,0,1365,68260,1.1650363159471624,181.0,181.0,0.05322442103045798,4.8793251426140424e-05,28,48,454.4288811000006,0.7869565217391304,0.7869565217391304
reg3,168,8,reg3_m168_s0,0,1370,68510,1.1650363159471624,181.0,181.0,0.053224421030458005,4.8793251426140424e-05,28,49,456.30039330001455,0.7869565217391304,0.7869565217391304
reg3,168,8,reg3_m168_s0,0,1375,68760,1.1650363159471624,181.0,181.0,0.05322442103045798,4.8793251426140424e-05,28,48,457.9475479000248,0.7869565217391304,0.7869565217391304
reg3,168,8,reg3_m168_s0,0,1380,69010,1.1650363159471624,181.0,181.0,0.05322442103045798,4.8793251426140424e-05,28,48,459.34631930000614,0.7869565217391304,0.7869565217391304
reg3,168,8,reg3_m168_s0,0,1385,69260,1.1650363159471624,181.0,181.0,0.053224421030458,4.879325142614563e-05,28,47,460.91125470001134,0.7869565217391304,0.7869565217391304
reg3,168,8,reg3_m168_s0,0,1390,69510,1.1650363159471624,181.0,181.0,0.05322442103045798,4.8793251426140424e-05,28,48,462.73096559999976,0.7869565217391304,0.7869565217391304
reg3,168,8,reg3_m168_s0,0,1395,69760,1.1650363159471624,181.0,181.0,0.05322442103045799,4.8793251426206344e-05,28,47,464.50107820000267,0.7869565217391304,0.7869565217391304
reg3,168,8,reg3_m168_s0,0,1400,70010,1.1650363159471624,181.0,181.0,0.05322442103045798,4.8793251426140424e-05,28,48,466.14385510000284,0.7869565217391304,0.7869565217391304
reg3,168,8,reg3_m168_s0,0,1405,70260,1.1650363159471624,181.0,181.0,0.053224421030458,4.879325142614563e-05,28,47,468.0147018000134,0.7869565217391304,0.7869565217391304
reg3,168,8,reg3_m168_s0,0,1410,70510,1.1650363159471624,181.0,181.0,0.05322442103045799,4.8793251426206344e-05,28,47,469.9274242000247,0.7869565217391304,0.7869565217391304
reg3,168,8,reg3_m168_s0,0,1415,70760,1.1650363159471624,181.0,181.0,0.05322442103045799,4.8793251426206344e-05,28,47,471.8218053000164,0.7869565217391304,0.7869565217391304
reg3,168,8,reg3_m168_s0,0,1420,71010,1.1650363159471624,181.0,181.0,0.05322442103045802,4.879325142615777e-05,28,49,473.36708980001276,0.7869565217391304,0.7869565217391304
reg3,168,8,reg3_m168_s0,0,1425,71260,1.1650363159471624,181.0,181.0,0.05322442103045796,4.879325142618379e-05,28,47,474.941954000009,0.7869565217391304,0.7869565217391304
reg3,168,8,reg3_m168_s0,0,1430,71510,1.1650363159471624,181.0,181.0,0.05322442103045796,4.879325142618379e-05,28,47,476.4527478000091,0.7869565217391304,0.7869565217391304
reg3,168,8,reg3_m168_s0,0,1435,71760,1.1650363159471624,181.0,181.0,0.05322442103045802,4.879325142615777e-05,28,49,478.039290900022,0.7869565217391304,0.7869565217391304
reg3,168,8,reg3_m168_s0,0,1440,72010,1.1650363159471624,181.0,181.0,0.05322442103045796,4.879325142618379e-05,28,47,479.64339760001167,0.7869565217391304,0.7869565217391304
reg3,168,8,reg3_m168_s0,0,1445,72260,1.1650363159471624,181.0,181.0,0.05322442103045796,4.87932514261491e-05,28,48,481.2904845000012,0.7869565217391304,0.7869565217391304
reg3,168,8,reg3_m168_s0,0,1450,72510,1.1650363159471624,181.0,181.0,0.05322442103045796,4.879325142618379e-05,28,47,482.85385110002244,0.7869565217391304,0.7869565217391304
reg3,168,8,reg3_m168_s0,0,1455,72760,1.1650363159471624,181.0,181.0,0.05322442103045802,4.879325142615777e-05,28,49,484.6357853000227,0.7869565217391304,0.7869565217391304
reg3,168,8,reg3_m168_s0,0,1460,73010,1.1650363159471624,181.0,181.0,0.05322442103045802,4.879325142615777e-05,28,49,486.4457275000168,0.7869565217391304,0.7869565217391304
reg3,168,8,reg3_m168_s0,0,1465,73260,1.1650363159471624,181.0,181.0,0.05322442103045802,4.879325142615777e-05,28,49,488.243850800005,0.7869565217391304,0.7869565217391304
reg3,168,8,reg3_m168_s0,0,1470,73510,1.1650363159471624,181.0,181.0,0.053224421030458005,4.879325142619073e-05,28,49,489.88706820001244,0.7869565217391304,0.7869565217391304
reg3,168,8,reg3_m168_s0,0,1475,73760,1.1650363159471624,181.0,181.0,0.05322442103045802,4.879325142615777e-05,28,49,491.5299425999983,0.7869565217391304,0.7869565217391304
reg3,168,8,reg3_m168_s0,0,1480,74010,1.1650363159471624,181.0,181.0,0.05322442103045802,4.879325142615777e-05,28,49,493.11111840000376,0.7869565217391304,0.7869565217391304
reg3,168,8,reg3_m168_s0,0,1485,74260,1.1650363159471624,181.0,181.0,0.05322442103045802,4.879325142615777e-05,28,49,494.6251017000177,0.7869565217391304,0.7869565217391304
reg3,168,8,reg3_m168_s0,0,1490,74510,1.1650363159471624,181.0,181.0,0.05322442103045802,4.879325142615777e-05,28,49,496.4276117000263,0.7869565217391304,0.7869565217391304
reg3,168,8,reg3_m168_s0,0,1495,74760,1.1650363159471624,181.0,181.0,0.05322442103045802,4.879325142615777e-05,28,49,498.27916689999984,0.7869565217391304,0.7869565217391304
reg3,168,8,reg3_m168_s0,0,1500,75010,1.1650363159471624,181.0,181.0,0.05322442103045802,4.879325142615777e-05,28,49,500.30293500001426,0.7869565217391304,0.7869565217391304
reg3,168,8,reg3_m168_s0,0,1505,75260,1.1650363159471624,181.0,181.0,0.05322442103045792,4.879325142614563e-05,28,48,502.01515839999774,0.7869565217391304,0.7869565217391304
reg3,168,8,reg3_m168_s0,0,1510,75510,1.1650363159471624,181.0,181.0,0.05322442103045802,4.879325142615777e-05,28,49,503.6184341000044,0.7869565217391304,0.7869565217391304
reg3,168,8,reg3_m168_s0,0,1515,75760,1.1650363159471624,181.0,181.0,0.05322442103045791,4.879325142621502e-05,28,49,505.1537763000233,0.7869565217391304,0.7869565217391304
reg3,168,8,reg3_m168_s0,0,1520,76010,1.1650363159471624,181.0,181.0,0.05322442103045802,4.879325142615777e-05,28,49,506.75960040002246,0.7869565217391304,0.7869565217391304
reg3,168,8,reg3_m168_s0,0,1525,76260,1.1650363159471624,181.0,181.0,0.05322442103045798,4.879325142617859e-05,28,48,508.2834675000049,0.7869565217391304,0.7869565217391304
reg3,168,8,reg3_m168_s0,0,1530,76510,1.1650363159471624,181.0,181.0,0.05322442103045798,4.879325142617859e-05,28,48,509.88617300000624,0.7869565217391304,0.7869565217391304
reg3,168,8,reg3_m168_s0,0,1535,76760,1.1650363159471624,181.0,181.0,0.05322442103045796,4.879325142618379e-05,28,47,511.4879483000259,0.7869565217391304,0.7869565217391304
reg3,168,8,reg3_m168_s0,0,1540,77010,1.1650363159471624,181.0,181.0,0.05322442103045797,4.879325142620461e-05,28,48,513.0548531000095,0.7869565217391304,0.7869565217391304
reg3,168,8,reg3_m168_s0,0,1545,77260,1.1650363159471624,181.0,181.0,0.05322442103045798,4.879325142617859e-05,28,48,514.565147700021,0.7869565217391304,0.7869565217391304
reg3,168,8,reg3_m168_s0,0,1550,77510,1.1650363159471624,181.0,181.0,0.05322442103045798,4.879325142611787e-05,28,48,516.0669122000108,0.7869565217391304,0.7869565217391304
reg3,168,8,reg3_m168_s0,0,1555,77760,1.1650363159471624,181.0,181.0,0.053224421030457984,4.879325142615083e-05,28,49,517.7208328999986,0.7869565217391304,0.7869565217391304
reg3,168,8,reg3_m168_s0,0,1560,78010,1.1650363159471624,181.0,181.0,0.05322442103045797,4.879325142620461e-05,28,48,519.6213881000003,0.7869565217391304,0.7869565217391304
reg3,168,8,reg3_m168_s0,0,1565,78260,1.1650363159471624,181.0,181.0,0.053224421030457984,4.879325142615083e-05,28,49,521.5529363000242,0.7869565217391304,0.7869565217391304
reg3,168,8,reg3_m168_s0,0,1570,78510,1.1650363159471624,181.0,181.0,0.05322442103045797,4.879325142620461e-05,28,48,523.2830995999975,0.7869565217391304,0.7869565217391304
reg3,168,8,reg3_m168_s0,0,1575,78760,1.1650363159471624,181.0,181.0,0.05322442103045797,4.879325142620461e-05,28,48,524.9036414000147,0.7869565217391304,0.7869565217391304
reg3,168,8,reg3_m168_s0,0,1580,79010,1.1650363159471624,181.0,181.0,0.05322442103045797,4.879325142620461e-05,28,48,526.6955009000085,0.7869565217391304,0.7869565217391304
reg3,168,8,reg3_m168_s0,0,1585,79260,1.1650363159471624,181.0,181.0,0.053224421030457984,4.879325142615083e-05,28,49,528.4860464000085,0.7869565217391304,0.7869565217391304
reg3,168,8,reg3_m168_s0,0,1590,79510,1.1650363159471624,181.0,181.0,0.053224421030457984,4.879325142615083e-05,28,49,530.2194356000109,0.7869565217391304,0.7869565217391304
reg3,168,8,reg3_m168_s0,0,1595,79760,1.1650363159471624,181.0,181.0,0.053224421030457894,4.879325142610226e-05,28,49,531.8932145000144,0.7869565217391304,0.7869565217391304
reg3,168,8,reg3_m168_s0,0,1600,80010,1.1650363159471624,181.0,181.0,0.053224421030457984,4.879325142615083e-05,28,49,533.5127770000254,0.7869565217391304,0.7869565217391304
reg3,168,8,reg3_m168_s0,0,1605,80260,1.1650363159471624,181.0,181.0,0.053224421030457984,4.879325142615083e-05,28,49,535.1547017999983,0.7869565217391304,0.7869565217391304
reg3,168,8,reg3_m168_s0,0,1610,80510,1.1650363159471624,181.0,181.0,0.053224421030457984,4.879325142615083e-05,28,49,536.8890040999977,0.7869565217391304,0.7869565217391304
reg3,168,8,reg3_m168_s0,0,1615,80760,1.1650363159471624,181.0,181.0,0.053224421030457984,4.879325142615083e-05,28,49,538.5799883000145,0.7869565217391304,0.7869565217391304
reg3,168,8,reg3_m168_s0,0,1620,81010,1.1650363159471624,181.0,181.0,0.053224421030457984,4.879325142615083e-05,28,49,540.246226200019,0.7869565217391304,0.7869565217391304
reg3,168,8,reg3_m168_s0,0,1625,81260,1.1650363159471624,181.0,181.0,0.05322442103045797,4.879325142620461e-05,28,48,541.8727768000099,0.7869565217391304,0.7869565217391304
reg3,168,8,reg3_m168_s0,0,1630,81510,1.1650363159471624,181.0,181.0,0.05322442103045792,4.879325142614563e-05,28,48,543.5554436000239,0.7869565217391304,0.7869565217391304
reg3,168,8,reg3_m168_s0,0,1635,81760,1.1650363159471624,181.0,181.0,0.053224421030458,4.879325142614563e-05,28,47,545.153371500026,0.7869565217391304,0.7869565217391304
reg3,168,8,reg3_m168_s0,0,1640,82010,1.1650363159471624,181.0,181.0,0.053224421030458026,4.8793251426097056e-05,28,49,546.7272061000112,0.7869565217391304,0.7869565217391304
reg3,168,8,reg3_m168_s0,0,1645,82260,1.1650363159471624,181.0,181.0,0.05322442103045792,4.879325142614563e-05,28,48,548.3114339000022,0.7869565217391304,0.7869565217391304
reg3,168,8,reg3_m168_s0,0,1650,82510,1.1650363159471624,181.0,181.0,0.05322442103045799,4.8793251426206344e-05,28,47,550.426849600015,0.7869565217391304,0.7869565217391304
reg3,168,8,reg3_m168_s0,0,1655,82760,1.1650363159471624,181.0,181.0,0.053224421030457936,4.8793251426188997e-05,28,49,552.1308429000201,0.7869565217391304,0.7869565217391304
reg3,168,8,reg3_m168_s0,0,1660,83010,1.1650363159471624,181.0,181.0,0.05322442103045792,4.879325142614563e-05,28,48,553.7842275000003,0.7869565217391304,0.7869565217391304
reg3,168,8,reg3_m168_s0,0,1665,83260,1.1650363159471624,181.0,181.0,0.053224421030458,4.879325142614563e-05,28,47,555.4569873000146,0.7869565217391304,0.7869565217391304
reg3,168,8,reg3_m168_s0,0,1670,83510,1.1650363159471624,181.0,181.0,0.053224421030458,4.879325142614563e-05,28,47,557.0507097000082,0.7869565217391304,0.7869565217391304
reg3,168,8,reg3_m168_s0,0,1675,83760,1.1650363159471624,181.0,181.0,0.05322442103045804,4.879325142624277e-05,28,48,558.6689963000244,0.7869565217391304,0.7869565217391304
reg3,168,8,reg3_m168_s0,0,1680,84010,1.1650363159471624,181.0,181.0,0.053224421030458,4.879325142614563e-05,28,47,560.3434474000242,0.7869565217391304,0.7869565217391304
reg3,168,8,reg3_m168_s0,0,1685,84260,1.1650363159471624,181.0,181.0,0.05322442103045793,4.879325142613869e-05,28,48,562.105080600013,0.7869565217391304,0.7869565217391304
reg3,168,8,reg3_m168_s0,0,1690,84510,1.1650363159471624,181.0,181.0,0.053224421030458,4.879325142618553e-05,28,49,563.9882257000136,0.7869565217391304,0.7869565217391304
reg3,168,8,reg3_m168_s0,0,1695,84760,1.1650363159471624,181.0,181.0,0.053224421030458,4.879325142614563e-05,28,47,565.6320906000037,0.7869565217391304,0.7869565217391304
reg3,168,8,reg3_m168_s0,0,1700,85010,1.1650363159471624,181.0,181.0,0.053224421030458,4.879325142618553e-05,28,49,567.2177771000133,0.7869565217391304,0.7869565217391304
reg3,168,8,reg3_m168_s0,0,1705,85260,1.1650363159471624,181.0,181.0,0.05322442103045792,4.879325142614563e-05,28,48,568.7368655000173,0.7869565217391304,0.7869565217391304
reg3,168,8,reg3_m168_s0,0,1710,85510,1.1650363159471624,181.0,181.0,0.053224421030457984,4.8793251426130016e-05,28,48,570.4428818000015,0.7869565217391304,0.7869565217391304
reg3,168,8,reg3_m168_s0,0,1715,85760,1.1650363159471624,181.0,181.0,0.053224421030457984,4.8793251426130016e-05,28,48,572.1563426000066,0.7869565217391304,0.7869565217391304
reg3,168,8,reg3_m168_s0,0,1720,86010,1.1650363159471624,181.0,181.0,0.053224421030457984,4.8793251426130016e-05,28,48,573.7847911000135,0.7869565217391304,0.7869565217391304
reg3,168,8,reg3_m168_s0,0,1725,86260,1.1650363159471624,181.0,181.0,0.05322442103045796,4.879325142618379e-05,28,47,575.4115314000228,0.7869565217391304,0.7869565217391304
reg3,168,8,reg3_m168_s0,0,1730,86510,1.1650363159471624,181.0,181.0,0.05322442103045796,4.879325142618379e-05,28,47,576.8497874000168,0.7869565217391304,0.7869565217391304
reg3,168,8,reg3_m168_s0,0,1735,86760,1.1650363159471624,181.0,181.0,0.053224421030457984,4.8793251426130016e-05,28,48,578.4723520000116,0.7869565217391304,0.7869565217391304
reg3,168,8,reg3_m168_s0,0,1740,87010,1.1650363159471624,181.0,181.0,0.05322442103045796,4.879325142618379e-05,28,47,580.0929966000258,0.7869565217391304,0.7869565217391304
reg3,168,8,reg3_m168_s0,0,1745,87260,1.1650363159471624,181.0,181.0,0.05322442103045798,4.879325142611787e-05,28,48,581.5796000000264,0.7869565217391304,0.7869565217391304
reg3,168,8,reg3_m168_s0,0,1750,87510,1.1650363159471624,181.0,181.0,0.05322442103045798,4.879325142611787e-05,28,48,583.2638231000165,0.7869565217391304,0.7869565217391304
reg3,168,8,reg3_m168_s0,0,1755,87760,1.1650363159471624,181.0,181.0,0.053224421030458,4.879325142614563e-05,28,47,584.8297588000132,0.7869565217391304,0.7869565217391304
reg3,168,8,reg3_m168_s0,0,1760,88010,1.1650363159471624,181.0,181.0,0.05322442103045796,4.87932514261491e-05,28,48,586.5233365000167,0.7869565217391304,0.7869565217391304
reg3,168,8,reg3_m168_s0,0,1765,88260,1.1650363159471624,181.0,181.0,0.05322442103045796,4.879325142618379e-05,28,47,588.1539460000058,0.7869565217391304,0.7869565217391304
reg3,168,8,reg3_m168_s0,0,1770,88510,1.1650363159471624,181.0,181.0,0.05322442103045799,4.8793251426206344e-05,28,47,589.9153421000228,0.7869565217391304,0.7869565217391304
reg3,168,8,reg3_m168_s0,0,1775,88760,1.1650363159471624,181.0,181.0,0.053224421030458,4.879325142614563e-05,28,47,591.756783800025,0.7869565217391304,0.7869565217391304
reg3,168,8,reg3_m168_s0,0,1780,89010,1.1650363159471624,181.0,181.0,0.053224421030457984,4.879325142618379e-05,28,48,593.5389610000129,0.7869565217391304,0.7869565217391304
reg3,168,8,reg3_m168_s0,0,1785,89260,1.1650363159471624,181.0,181.0,0.05322442103045796,4.87932514261491e-05,28,48,595.2595856999978,0.7869565217391304,0.7869565217391304
reg3,168,8,reg3_m168_s0,0,1790,89510,1.1650363159471624,181.0,181.0,0.05322442103045796,4.87932514261491e-05,28,48,597.1190178000252,0.7869565217391304,0.7869565217391304
reg3,168,8,reg3_m168_s0,0,1795,89760,1.1650363159471624,181.0,181.0,0.053224421030458,4.879325142614563e-05,28,47,599.0571065000258,0.7869565217391304,0.7869565217391304
reg3,168,8,reg3_m168_s0,0,1800,90010,1.1650363159471624,181.0,181.0,0.05322442103045806,4.8793251426143894e-05,28,48,600.7664568000182,0.7869565217391304,0.7869565217391304
reg3,168,8,reg3_m168_s0,0,1805,90260,1.1650363159471624,181.0,181.0,0.05322442103045796,4.87932514261491e-05,28,48,602.563006100012,0.7869565217391304,0.7869565217391304
reg3,168,8,reg3_m168_s0,0,1810,90510,1.1650363159471624,181.0,181.0,0.05322442103045796,4.87932514261491e-05,28,48,604.0364439999976,0.7869565217391304,0.7869565217391304
reg3,168,8,reg3_m168_s0,0,1815,90760,1.1650363159471624,181.0,181.0,0.05322442103045796,4.87932514261491e-05,28,48,605.5278825999994,0.7869565217391304,0.7869565217391304
reg3,168,8,reg3_m168_s0,0,1820,91010,1.1650363159471624,181.0,181.0,0.05322442103045796,4.87932514261491e-05,28,48,607.0014168000198,0.7869565217391304,0.7869565217391304
reg3,168,8,reg3_m168_s0,0,1825,91260,1.1650363159471624,181.0,181.0,0.05322442103045796,4.87932514261491e-05,28,48,608.5095847000193,0.7869565217391304,0.7869565217391304
reg3,168,8,reg3_m168_s0,0,1830,91510,1.1650363159471624,181.0,181.0,0.05322442103045796,4.87932514261491e-05,28,48,610.0199316000217,0.7869565217391304,0.7869565217391304
reg3,168,8,reg3_m168_s0,0,1835,91760,1.1650363159471624,181.0,181.0,0.05322442103045796,4.87932514261491e-05,28,48,611.6799017000012,0.7869565217391304,0.7869565217391304
reg3,168,8,reg3_m168_s0,0,1840,92010,1.1650363159471624,181.0,181.0,0.05322442103045796,4.87932514261491e-05,28,48,613.2273426000029,0.7869565217391304,0.7869565217391304
reg3,168,8,reg3_m168_s0,0,1845,92260,1.1650363159471624,181.0,181.0,0.05322442103045796,4.87932514261491e-05,28,48,614.7900885000126,0.7869565217391304,0.7869565217391304
reg3,168,8,reg3_m168_s0,0,1850,92510,1.1650363159471624,181.0,181.0,0.05322442103045796,4.87932514261491e-05,28,48,616.2871051000257,0.7869565217391304,0.7869565217391304
reg3,168,8,reg3_m168_s0,0,1855,92760,1.1650363159471624,181.0,181.0,0.05322442103045796,4.87932514261491e-05,28,48,617.8046600000234,0.7869565217391304,0.7869565217391304
reg3,168,8,reg3_m168_s0,0,1860,93010,1.1650363159471624,181.0,181.0,0.053224421030457984,4.8793251426130016e-05,28,48,619.4032056000142,0.7869565217391304,0.7869565217391304
reg3,168,8,reg3_m168_s0,0,1865,93260,1.1650363159471624,181.0,181.0,0.05322442103045796,4.87932514261491e-05,28,48,620.9936663999979,0.7869565217391304,0.7869565217391304
reg3,168,8,reg3_m168_s0,0,1870,93510,1.1650363159471624,181.0,181.0,0.05322442103045796,4.87932514261491e-05,28,48,622.7582843000127,0.7869565217391304,0.7869565217391304
reg3,168,8,reg3_m168_s0,0,1875,93760,1.1650363159471624,181.0,181.0,0.05322442103045798,4.879325142613869e-05,28,49,624.508513400011,0.7869565217391304,0.7869565217391304
reg3,168,8,reg3_m168_s0,0,1880,94010,1.1650363159471624,181.0,181.0,0.053224421030458,4.879325142615777e-05,28,48,626.582027299999,0.7869565217391304,0.7869565217391304
reg3,168,8,reg3_m168_s0,0,1885,94260,1.1650363159471624,181.0,181.0,0.05322442103045798,4.879325142613869e-05,28,49,628.2745548000094,0.7869565217391304,0.7869565217391304
reg3,168,8,reg3_m168_s0,0,1890,94510,1.1650363159471624,181.0,181.0,0.053224421030458,4.879325142615777e-05,28,48,630.0768051000196,0.7869565217391304,0.7869565217391304
reg3,168,8,reg3_m168_s0,0,1895,94760,1.1650363159471624,181.0,181.0,0.053224421030457957,4.879325142621675e-05,28,49,631.7251778000209,0.7869565217391304,0.7869565217391304
reg3,168,8,reg3_m168_s0,0,1900,95010,1.1650363159471624,181.0,181.0,0.053224421030457957,4.879325142621675e-05,28,49,633.5281704000081,0.7869565217391304,0.7869565217391304
reg3,168,8,reg3_m168_s0,0,1905,95260,1.1650363159471624,181.0,181.0,0.053224421030457936,4.879325142613522e-05,28,49,635.1265975999995,0.7869565217391304,0.7869565217391304
reg3,168,8,reg3_m168_s0,0,1910,95510,1.1650363159471624,181.0,181.0,0.053224421030458,4.879325142615777e-05,28,48,636.7176294000237,0.7869565217391304,0.7869565217391304
reg3,168,8,reg3_m168_s0,0,1915,95760,1.1650363159471624,181.0,181.0,0.05322442103045792,4.879325142614563e-05,28,48,638.3999517000047,0.7869565217391304,0.7869565217391304
reg3,168,8,reg3_m168_s0,0,1920,96010,1.1650363159471624,181.0,181.0,0.053224421030457957,4.879325142621675e-05,28,49,640.0988072000036,0.7869565217391304,0.7869565217391304
reg3,168,8,reg3_m168_s0,0,1925,96260,1.1650363159471624,181.0,181.0,0.053224421030458,4.879325142615777e-05,28,48,641.8194233000104,0.7869565217391304,0.7869565217391304
reg3,168,8,reg3_m168_s0,0,1930,96510,1.1650363159471624,181.0,181.0,0.05322442103045792,4.879325142614563e-05,28,48,643.4136952000263,0.7869565217391304,0.7869565217391304
reg3,168,8,reg3_m168_s0,0,1935,96760,1.1650363159471624,181.0,181.0,0.05322442103045801,4.879325142617512e-05,28,48,644.9412086000084,0.7869565217391304,0.7869565217391304
reg3,168,8,reg3_m168_s0,0,1940,97010,1.1650363159471624,181.0,181.0,0.053224421030458,4.879325142615777e-05,28,48,646.4531594,0.7869565217391304,0.7869565217391304
reg3,168,8,reg3_m168_s0,0,1945,97260,1.1650363159471624,181.0,181.0,0.05322442103045801,4.879325142617512e-05,28,48,648.1210672000016,0.7869565217391304,0.7869565217391304
reg3,168,8,reg3_m168_s0,0,1950,97510,1.1650363159471624,181.0,181.0,0.05322442103045801,4.879325142617512e-05,28,48,649.7068110000109,0.7869565217391304,0.7869565217391304
reg3,168,8,reg3_m168_s0,0,1955,97760,1.1650363159471624,181.0,181.0,0.05322442103045801,4.879325142616124e-05,28,48,651.149794900004,0.7869565217391304,0.7869565217391304
reg3,168,8,reg3_m168_s0,0,1960,98010,1.1650363159471624,181.0,181.0,0.05322442103045796,4.8793251426162976e-05,28,49,652.7938204000238,0.7869565217391304,0.7869565217391304
reg3,168,8,reg3_m168_s0,0,1965,98260,1.1650363159471624,181.0,181.0,0.05322442103045801,4.879325142616124e-05,28,48,654.3830215000198,0.7869565217391304,0.7869565217391304
reg3,168,8,reg3_m168_s0,0,1970,98510,1.1650363159471624,181.0,181.0,0.05322442103045796,4.8793251426162976e-05,28,49,656.3711762000166,0.7869565217391304,0.7869565217391304
reg3,168,8,reg3_m168_s0,0,1975,98760,1.1650363159471624,181.0,181.0,0.053224421030458005,4.879325142611614e-05,28,49,657.9224742000224,0.7869565217391304,0.7869565217391304
reg3,168,8,reg3_m168_s0,0,1980,99010,1.1650363159471624,181.0,181.0,0.053224421030457957,4.879325142621675e-05,28,49,659.4737383000029,0.7869565217391304,0.7869565217391304
reg3,168,8,reg3_m168_s0,0,1985,99260,1.1650363159471624,181.0,181.0,0.053224421030457957,4.879325142621675e-05,28,49,661.0656338999979,0.7869565217391304,0.7869565217391304
reg3,168,8,reg3_m168_s0,0,1990,99510,1.1650363159471624,181.0,181.0,0.05322442103045796,4.879325142613175e-05,28,49,662.4754928000038,0.7869565217391304,0.7869565217391304
reg3,168,8,reg3_m168_s0,0,1995,99760,1.1650363159471624,181.0,181.0,0.053224421030458005,4.87932514261543e-05,28,48,664.0209491999994,0.7869565217391304,0.7869565217391304
reg3,168,8,reg3_m168_s0,0,2000,100010,1.1650363159471624,181.0,181.0,0.053224421030457957,4.879325142621675e-05,28,49,665.479221400019,0.7869565217391304,0.7869565217391304
reg3,252,9,reg3_m252_s0,0,0,10,0.7270501309563662,182.0,184.8,0.02096537386545469,1.3010426069826053e-18,32,48,0.07940109999617562,0.5229885057471264,0.5310344827586208
reg3,252,9,reg3_m252_s0,0,5,260,0.9069184632530146,225.0,218.8,0.013515447539656434,2.9381547074296653e-06,32,48,1.8859231999958865,0.646551724137931,0.628735632183908
reg3,252,9,reg3_m252_s0,0,10,510,0.9081561855321616,224.0,224.1,0.02048809472013807,4.2377029031108807e-05,32,49,3.6784059000201523,0.6436781609195402,0.6439655172413793
reg3,252,9,reg3_m252_s0,0,15,760,0.9434578521310341,232.0,226.4,0.027012259924728468,1.0707771768266147e-05,32,50,5.355799000011757,0.6666666666666666,0.6505747126436782
reg3,252,9,reg3_m252_s0,0,20,1010,0.9497007791384366,232.0,231.8,0.028647062827582864,0.00033667837543148785,32,47,7.2413740000047255,0.6666666666666666,0.6660919540229885
reg3,252,9,reg3_m252_s0,0,25,1260,0.9631668899750714,236.0,233.0,0.027518901247910545,0.00010866355246234101,32,50,9.065785200014943,0.6781609195402298,0.6695402298850575
reg3,252,9,reg3_m252_s0,0,30,1510,0.9631668899750714,236.0,234.0,0.027518901247910545,0.00010866355246234101,32,50,10.928490299993427,0.6781609195402298,0.6724137931034483
reg3,252,9,reg3_m252_s0,0,35,1760,0.9748735366288279,238.0,236.7,0.028844548278985978,0.00011604072327998927,32,50,12.880149100004928,0.6839080459770115,0.6801724137931034
reg3,252,9,reg3_m252_s0,0,40,2010,0.9748735366288279,238.0,237.4,0.028844548278985978,0.00011604072327998927,32,50,14.921069600008195,0.6839080459770115,0.6821839080459771
reg3,252,9,reg3_m252_s0,0,45,2260,0.9748735366288279,238.0,238.0,0.028844548278985978,0.00011604072327993202,32,50,17.406192499998724,0.6839080459770115,0.6839080459770115
reg3,252,9,reg3_m252_s0,0,50,2510,0.9778032548597849,239.0,238.1,0.02592825205581209,3.2198359996756505e-05,32,51,19.303782800008776,0.6867816091954023,0.6841954022988506
reg3,252,9,reg3_m252_s0,0,55,2760,0.9778032548597849,239.0,238.4,0.02592825205581209,3.2198359996756505e-05,32,51,21.36299739999231,0.6867816091954023,0.6850574712643678
reg3,252,9,reg3_m252_s0,0,60,3010,1.000518504170204,243.0,239.6,0.028070262267667845,0.00019909467428984843,32,51,23.381967099994654,0.6982758620689655,0.6885057471264368
reg3,252,9,reg3_m252_s0,0,65,3260,1.000518504170204,243.0,240.2,0.028070262267667845,0.00019909467428984843,32,51,25.538134100002935,0.6982758620689655,0.6902298850574712
reg3,252,9,reg3_m252_s0,0,70,3510,1.0043557704478119,243.0,241.2,0.030418782517736147,0.00012837936588505844,32,51,27.53590330001316,0.6982758620689655,0.693103448275862
reg3,252,9,reg3_m252_s0,0,75,3760,1.0126642689521352,245.0,242.6,0.029370107919255622,0.0001492416259336268,32,50,29.85676870000316,0.7040229885057471,0.6971264367816091
reg3,252,9,reg3_m252_s0,0,80,4010,1.0134145143205993,245.0,243.7,0.029307464620151144,0.00022660454110250052,32,50,32.42576850001933,0.7040229885057471,0.700287356321839
reg3,252,9,reg3_m252_s0,0,85,4260,1.015555451919678,246.0,244.9,0.02690669691391054,2.7856777034079155e-05,32,51,34.80719890000182,0.7068965517241379,0.7037356321839081
reg3,252,9,reg3_m252_s0,0,90,4510,1.0222314527071485,248.0,245.6,0.026945736675526164,0.00017963338307890807,32,51,36.782388899999205,0.7126436781609196,0.7057471264367816
reg3,252,9,reg3_m252_s0,0,95,4760,1.0250838090807928,248.0,246.6,0.02883030673708311,0.0002266045411025014,32,50,39.00857950001955,0.7126436781609196,0.7086206896551724
reg3,252,9,reg3_m252_s0,0,100,5010,1.0250838090807928,248.0,248.0,0.028830306737083117,0.0002266045411025014,32,50,40.93633120000595,0.7126436781609196,0.7126436781609196
reg3,252,9,reg3_m252_s0,0,105,5260,1.030045253826954,249.0,248.1,0.030347034350676698,0.00022660454110251874,32,50,42.80546170001617,0.7155172413793104,0.7129310344827586
reg3,252,9,reg3_m252_s0,0,110,5510,1.030045253826954,249.0,248.2,0.030347034350676698,0.00022660454110251874,32,50,44.712627800006885,0.7155172413793104,0.7132183908045977
reg3,252,9,reg3_m252_s0,0,115,5760,1.030045253826954,249.0,248.7,0.030347034350676698,0.00022660454110251874,32,50,46.6341395000054,0.7155172413793104,0.7146551724137931
reg3,252,9,reg3_m252_s0,0,120,6010,1.030045253826954,249.0,249.0,0.030347034350676698,0.00022660454110251874,32,50,48.52838860001066,0.7155172413793104,0.7155172413793104
reg3,252,9,reg3_m252_s0,0,125,6260,1.0304719071077968,249.0,249.0,0.030868314541884906,0.0002266045411024732,32,50,50.45789429999422,0.7155172413793104,0.7155172413793104
reg3,252,9,reg3_m252_s0,0,130,6510,1.0304719071077968,249.0,249.0,0.030868314541884906,0.0002266045411024732,32,50,52.43386069999542,0.7155172413793104,0.7155172413793104
reg3,252,9,reg3_m252_s0,0,135,6760,1.0304719071077968,249.0,249.0,0.030868314541884906,0.0002266045411024732,32,50,54.29729720001342,0.7155172413793104,0.7155172413793104
reg3,252,9,reg3_m252_s0,0,140,7010,1.0304719071077968,249.0,249.0,0.030868314541884906,0.0002266045411024732,32,50,56.11852960000397,0.7155172413793104,0.7155172413793104
reg3,252,9,reg3_m252_s0,0,145,7260,1.0304719071077968,249.0,249.0,0.030868314541884906,0.0002266045411024732,32,50,57.97764280001866,0.7155172413793104,0.7155172413793104
reg3,252,9,reg3_m252_s0,0,150,7510,1.0309525535304773,249.0,249.0,0.03287705402768675,0.00011026401663942476,32,50,59.719395899999654,0.7155172413793104,0.7155172413793104
reg3,252,9,reg3_m252_s0,0,155,7760,1.0309525535304773,249.0,249.0,0.03287705402768675,0.00011026401663942476,32,50,61.591342800005805,0.7155172413793104,0.7155172413793104
reg3,252,9,reg3_m252_s0,0,160,8010,1.0309525535304773,249.0,249.0,0.03287705402768675,0.00011026401663942476,32,50,63.47307550002006,0.7155172413793104,0.7155172413793104
reg3,252,9,reg3_m252_s0,0,165,8260,1.0367748785346207,251.0,250.1,0.03184647755993254,2.6477467208566984e-05,32,49,65.3207129999937,0.7212643678160919,0.7186781609195402
reg3,252,9,reg3_m252_s0,0,170,8510,1.0367748785346207,251.0,250.7,0.03184647755993254,2.6477467208566984e-05,32,49,67.15291930001695,0.7212643678160919,0.7204022988505747
reg3,252,9,reg3_m252_s0,0,175,8760,1.0372506875340393,251.0,251.0,0.03153639326083903,2.647746720853836e-05,32,49,69.11436680000043,0.7212643678160919,0.7212643678160919
reg3,252,9,reg3_m252_s0,0,180,9010,1.0372506875340393,251.0,251.0,0.031536393260839075,2.6477467208403053e-05,32,49,71.18352059999597,0.7212643678160919,0.7212643678160919
reg3,252,9,reg3_m252_s0,0,185,9260,1.0372506875340393,251.0,251.0,0.031536393260839075,2.6477467208403053e-05,32,49,73.2210933000024,0.7212643678160919,0.7212643678160919
reg3,252,9,reg3_m252_s0,0,190,9510,1.0372506875340393,251.0,251.0,0.031536393260839075,2.6477467208403053e-05,32,49,75.12504750001244,0.7212643678160919,0.7212643678160919
reg3,252,9,reg3_m252_s0,0,195,9760,1.0372506875340393,251.0,251.0,0.03153639326083903,2.647746720853836e-05,32,49,77.09515740000643,0.7212643678160919,0.7212643678160919
reg3,252,9,reg3_m252_s0,0,200,10010,1.0372506875340393,251.0,251.0,0.031536393260839075,2.6477467208403053e-05,32,49,78.95814679999603,0.7212643678160919,0.7212643678160919
reg3,252,9,reg3_m252_s0,0,205,10260,1.0372506875340393,251.0,251.0,0.031536393260839075,2.6477467208403053e-05,32,49,80.83835410000756,0.7212643678160919,0.7212643678160919
reg3,252,9,reg3_m252_s0,0,210,10510,1.0372506875340393,251.0,251.0,0.03153639326083903,2.647746720853836e-05,32,49,82.74952310000663,0.7212643678160919,0.7212643678160919
reg3,252,9,reg3_m252_s0,0,215,10760,1.0372506875340393,251.0,251.0,0.031536393260839075,2.6477467208403053e-05,32,49,84.65533710000454,0.7212643678160919,0.7212643678160919
reg3,252,9,reg3_m252_s0,0,220,11010,1.0372506875340393,251.0,251.0,0.031536393260839055,2.647746720851234e-05,32,49,86.45318700000644,0.7212643678160919,0.7212643678160919
reg3,252,9,reg3_m252_s0,0,225,11260,1.0372506875340393,251.0,251.0,0.03153639326083903,2.647746720842452e-05,32,50,88.28662749999785,0.7212643678160919,0.7212643678160919
reg3,252,9,reg3_m252_s0,0,230,11510,1.0372506875340393,251.0,251.0,0.031536393260839055,2.6477467208562647e-05,32,50,89.91346909999265,0.7212643678160919,0.7212643678160919
reg3,252,9,reg3_m252_s0,0,235,11760,1.0372506875340393,251.0,251.0,0.03153639326083901,2.647746720847808e-05,32,50,91.7455278999987,0.7212643678160919,0.7212643678160919
reg3,252,9,reg3_m252_s0,0,240,12010,1.0372506875340393,251.0,251.0,0.03153639326083903,2.647746720842452e-05,32,50,93.51231620000908,0.7212643678160919,0.7212643678160919
reg3,252,9,reg3_m252_s0,0,245,12260,1.0372506875340393,251.0,251.0,0.031536393260839055,2.647746720851234e-05,32,49,95.35926520000794,0.7212643678160919,0.7212643678160919
reg3,252,9,reg3_m252_s0,0,250,12510,1.0372506875340393,251.0,251.0,0.03153639326083903,2.647746720853836e-05,32,49,97.3187322000158,0.7212643678160919,0.7212643678160919
reg3,252,9,reg3_m252_s0,0,255,12760,1.0372506875340393,251.0,251.0,0.03153639326083903,2.647746720853836e-05,32,49,99.19916320001357,0.7212643678160919,0.7212643678160919
reg3,252,9,reg3_m252_s0,0,260,13010,1.0372506875340393,251.0,251.0,0.03153639326083903,2.647746720842452e-05,32,50,100.95286029999261,0.7212643678160919,0.7212643678160919
reg3,252,9,reg3_m252_s0,0,265,13260,1.0372506875340393,251.0,251.0,0.03153639326083903,2.647746720853836e-05,32,49,102.79524370000581,0.7212643678160919,0.7212643678160919
reg3,252,9,reg3_m252_s0,0,270,13510,1.0411823699413598,252.0,251.1,0.032498840055565886,2.5968710100427155e-05,32,50,104.57459500001278,0.7241379310344828,0.721551724137931
reg3,252,9,reg3_m252_s0,0,275,13760,1.0411823699413598,252.0,251.1,0.032498840055565886,2.5968710100427155e-05,32,50,106.44600530000753,0.7241379310344828,0.721551724137931
reg3,252,9,reg3_m252_s0,0,280,14010,1.0411823699413598,252.0,251.1,0.032498840055565886,2.5968710100427155e-05,32,50,108.2102136000176,0.7241379310344828,0.721551724137931
reg3,252,9,reg3_m252_s0,0,285,14260,1.0411823699413598,252.0,251.1,0.032498840055565886,2.5968710100427155e-05,32,50,110.09936769999331,0.7241379310344828,0.721551724137931
reg3,252,9,reg3_m252_s0,0,290,14510,1.0411823699413598,252.0,251.1,0.032498840055565886,2.5968710100427155e-05,32,50,112.02110280000488,0.7241379310344828,0.721551724137931
reg3,252,9,reg3_m252_s0,0,295,14760,1.0411823699413598,252.0,251.2,0.032498840055565886,2.5968710100427155e-05,32,50,114.27313710001181,0.7241379310344828,0.7218390804597701
reg3,252,9,reg3_m252_s0,0,300,15010,1.0411823699413598,252.0,251.4,0.032498840055565886,2.5968710100427155e-05,32,50,116.2391974000202,0.7241379310344828,0.7224137931034483
reg3,252,9,reg3_m252_s0,0,305,15260,1.0411823699413598,252.0,251.7,0.032498840055565886,2.5968710100427155e-05,32,50,118.29233990001376,0.7241379310344828,0.7232758620689654
reg3,252,9,reg3_m252_s0,0,310,15510,1.0411823699413598,252.0,252.0,0.032498840055565886,2.59687101004226e-05,32,49,120.16415860000416,0.7241379310344828,0.7241379310344828
reg3,252,9,reg3_m252_s0,0,315,15760,1.0411823699413598,252.0,252.0,0.032498840055565886,2.5968710100427155e-05,32,50,122.14245440001832,0.7241379310344828,0.7241379310344828
reg3,252,9,reg3_m252_s0,0,320,16010,1.0411823699413598,252.0,252.0,0.032498840055565886,2.59687101004226e-05,32,49,124.0381447999971,0.7241379310344828,0.7241379310344828
reg3,252,9,reg3_m252_s0,0,325,16260,1.0411823699413598,252.0,252.0,0.032498840055565886,2.5968710100427155e-05,32,50,125.96587430001819,0.7241379310344828,0.7241379310344828
reg3,252,9,reg3_m252_s0,0,330,16510,1.0411823699413598,252.0,252.0,0.03249884005556588,2.596871010046055e-05,32,49,127.90839369999594,0.7241379310344828,0.7241379310344828
reg3,252,9,reg3_m252_s0,0,335,16760,1.0411823699413598,252.0,252.0,0.032498840055565886,2.5968710100427155e-05,32,50,129.75703430001158,0.7241379310344828,0.7241379310344828
reg3,252,9,reg3_m252_s0,0,340,17010,1.0425376079668958,252.0,252.0,0.03385477074713214,2.5968710100439732e-05,32,49,131.69862440001452,0.7241379310344828,0.7241379310344828
reg3,252,9,reg3_m252_s0,0,345,17260,1.0425376079668958,252.0,252.0,0.03385477074713214,2.5968710100439732e-05,32,49,133.5236450000084,0.7241379310344828,0.7241379310344828
reg3,252,9,reg3_m252_s0,0,350,17510,1.0425376079668958,252.0,252.0,0.03385477074713214,2.5968710100439732e-05,32,49,135.55007980001392,0.7241379310344828,0.7241379310344828
reg3,252,9,reg3_m252_s0,0,355,17760,1.0425376079668958,252.0,252.0,0.03385477074713214,2.5968710100439732e-05,32,49,137.45955080000567,0.7241379310344828,0.7241379310344828
reg3,252,9,reg3_m252_s0,0,360,18010,1.0425376079668958,252.0,252.0,0.03385477074713214,2.5968710100439732e-05,32,49,139.3622585000121,0.7241379310344828,0.7241379310344828
reg3,252,9,reg3_m252_s0,0,365,18260,1.0425376079668958,252.0,252.0,0.03385477074713214,2.5968710100439732e-05,32,49,141.2713599000126,0.7241379310344828,0.7241379310344828
reg3,252,9,reg3_m252_s0,0,370,18510,1.0425376079668958,252.0,252.0,0.03385477074713214,2.5968710100439732e-05,32,49,143.22457710001618,0.7241379310344828,0.7241379310344828
reg3,252,9,reg3_m252_s0,0,375,18760,1.0425376079668958,252.0,252.0,0.033854770747132064,2.5968710100384654e-05,32,51,145.04002720001154,0.7241379310344828,0.7241379310344828
reg3,252,9,reg3_m252_s0,0,380,19010,1.0425376079668958,252.0,252.0,0.033854770747132064,2.5968710100384654e-05,32,51,147.02287330001127,0.7241379310344828,0.7241379310344828
reg3,252,9,reg3_m252_s0,0,385,19260,1.0425376079668958,252.0,252.0,0.03385477074713209,2.596871010037815e-05,32,50,149.01189510000404,0.7241379310344828,0.7241379310344828
reg3,252,9,reg3_m252_s0,0,390,19510,1.0425376079668958,252.0,252.0,0.033854770747132064,2.5968710100384654e-05,32,51,150.80433990000165,0.7241379310344828,0.7241379310344828
reg3,252,9,reg3_m252_s0,0,395,19760,1.0425376079668958,252.0,252.0,0.03385477074713209,2.596871010037815e-05,32,50,152.77547230001073,0.7241379310344828,0.7241379310344828
reg3,252,9,reg3_m252_s0,0,400,20010,1.0425376079668958,252.0,252.0,0.03385477074713214,2.5968710100439732e-05,32,49,154.683426100004,0.7241379310344828,0.7241379310344828
reg3,252,9,reg3_m252_s0,0,405,20260,1.0425376079668958,252.0,252.0,0.033854770747131994,2.5968710100446888e-05,32,50,156.5380920000025,0.7241379310344828,0.7241379310344828
reg3,252,9,reg3_m252_s0,0,410,20510,1.0425376079668958,252.0,252.0,0.03385477074713209,2.596871010037815e-05,32,50,158.45046389999334,0.7241379310344828,0.7241379310344828
reg3,252,9,reg3_m252_s0,0,415,20760,1.0451291055392846,252.0,252.0,0.03904189696894379,0.000119112459539647,32,49,160.45567819999997,0.7241379310344828,0.7241379310344828
reg3,252,9,reg3_m252_s0,0,420,21010,1.0451291055392846,252.0,252.0,0.03904189696894379,0.000119112459539647,32,49,162.23773399999482,0.7241379310344828,0.7241379310344828
reg3,252,9,reg3_m252_s0,0,425,21260,1.0451291055392846,252.0,252.0,0.03904189696894379,0.000119112459539647,32,49,164.01655470000696,0.7241379310344828,0.7241379310344828
reg3,252,9,reg3_m252_s0,0,430,21510,1.0451291055392846,252.0,252.0,0.03904189696894379,0.000119112459539647,32,49,165.72301990000415,0.7241379310344828,0.7241379310344828
reg3,252,9,reg3_m252_s0,0,435,21760,1.0451291055392846,252.0,252.0,0.03904189696894379,0.000119112459539647,32,49,166.95739460000186,0.7241379310344828,0.7241379310344828
reg3,252,9,reg3_m252_s0,0,440,22010,1.0451291055392846,252.0,252.0,0.03904189696894379,0.000119112459539647,32,49,167.93886200000998,0.7241379310344828,0.7241379310344828
reg3,252,9,reg3_m252_s0,0,445,22260,1.0451291055392846,252.0,252.0,0.03904189696894386,0.0001191124595396123,32,49,169.79544210000313,0.7241379310344828,0.7241379310344828
reg3,252,9,reg3_m252_s0,0,450,22510,1.0451291055392846,252.0,252.0,0.03904189696894379,0.000119112459539647,32,49,172.3999265000166,0.7241379310344828,0.7241379310344828
reg3,252,9,reg3_m252_s0,0,455,22760,1.0451291055392846,252.0,252.0,0.03904189696894379,0.000119112459539647,32,49,174.42666080000345,0.7241379310344828,0.7241379310344828
reg3,252,9,reg3_m252_s0,0,460,23010,1.0451291055392846,252.0,252.0,0.03904189696894386,0.0001191124595396123,32,49,176.24738310000976,0.7241379310344828,0.7241379310344828
reg3,252,9,reg3_m252_s0,0,465,23260,1.0451291055392846,252.0,252.0,0.03904189696894386,0.0001191124595396123,32,49,178.0812556000019,0.7241379310344828,0.7241379310344828
reg3,252,9,reg3_m252_s0,0,470,23510,1.0451291055392846,252.0,252.0,0.03904189696894389,0.00011911245953956373,32,50,179.88503170001786,0.7241379310344828,0.7241379310344828
reg3,252,9,reg3_m252_s0,0,475,23760,1.0451291055392846,252.0,252.0,0.039041896968943855,0.00011911245953954291,32,50,181.70023290000972,0.7241379310344828,0.7241379310344828
reg3,252,9,reg3_m252_s0,0,480,24010,1.0451291055392846,252.0,252.0,0.03904189696894389,0.00011911245953956373,32,50,183.50987800001167,0.7241379310344828,0.7241379310344828
reg3,252,9,reg3_m252_s0,0,485,24260,1.0451291055392846,252.0,252.0,0.03904189696894389,0.00011911245953956373,32,50,185.25548930000514,0.7241379310344828,0.7241379310344828
reg3,252,9,reg3_m252_s0,0,490,24510,1.0451291055392846,252.0,252.0,0.03904189696894386,0.0001191124595396123,32,49,186.97870430001058,0.7241379310344828,0.7241379310344828
reg3,252,9,reg3_m252_s0,0,495,24760,1.0451291055392846,252.0,252.0,0.03904189696894386,0.0001191124595396123,32,49,188.76636939999298,0.7241379310344828,0.7241379310344828
reg3,252,9,reg3_m252_s0,0,500,25010,1.0451291055392846,252.0,252.0,0.03904189696894389,0.00011911245953956373,32,50,190.57100190001074,0.7241379310344828,0.7241379310344828
reg3,252,9,reg3_m252_s0,0,505,25260,1.0451291055392846,252.0,252.0,0.03904189696894386,0.0001191124595396123,32,49,192.24848609999754,0.7241379310344828,0.7241379310344828
reg3,252,9,reg3_m252_s0,0,510,25510,1.0451291055392846,252.0,252.0,0.03904189696894389,0.00011911245953956373,32,50,193.92234390001977,0.7241379310344828,0.7241379310344828
reg3,252,9,reg3_m252_s0,0,515,25760,1.0451291055392846,252.0,252.0,0.03904189696894389,0.00011911245953956373,32,50,195.56059070001356,0.7241379310344828,0.7241379310344828
reg3,252,9,reg3_m252_s0,0,520,26010,1.0451291055392846,252.0,252.0,0.03904189696894386,0.0001191124595396123,32,49,197.2860856000043,0.7241379310344828,0.7241379310344828
reg3,252,9,reg3_m252_s0,0,525,26260,1.0451291055392846,252.0,252.0,0.039041896968943904,0.00011911245953960536,32,49,198.88865410001017,0.7241379310344828,0.7241379310344828
reg3,252,9,reg3_m252_s0,0,530,26510,1.0451291055392846,252.0,252.0,0.03904189696894386,0.0001191124595396123,32,49,200.55927660001907,0.7241379310344828,0.7241379310344828
reg3,252,9,reg3_m252_s0,0,535,26760,1.0451291055392846,252.0,252.0,0.03904189696894386,0.00011911245953957761,32,50,202.197384900006,0.7241379310344828,0.7241379310344828
reg3,252,9,reg3_m252_s0,0,540,27010,1.0451291055392846,252.0,252.0,0.03904189696894388,0.00011911245953954291,32,50,203.99031779999495,0.7241379310344828,0.7241379310344828
reg3,252,9,reg3_m252_s0,0,545,27260,1.0451291055392846,252.0,252.0,0.03904189696894389,0.00011911245953956373,32,50,205.7850943999947,0.7241379310344828,0.7241379310344828
reg3,252,9,reg3_m252_s0,0,550,27510,1.0451291055392846,252.0,252.0,0.03904189696894389,0.00011911245953956373,32,50,207.5119682000077,0.7241379310344828,0.7241379310344828
reg3,252,9,reg3_m252_s0,0,555,27760,1.0451291055392846,252.0,252.0,0.03904189696894389,0.00011911245953956373,32,50,209.30971800000407,0.7241379310344828,0.7241379310344828
reg3,252,9,reg3_m252_s0,0,560,28010,1.0451291055392846,252.0,252.0,0.03904189696894389,0.00011911245953956373,32,50,211.1262789000175,0.7241379310344828,0.7241379310344828
reg3,252,9,reg3_m252_s0,0,565,28260,1.0451291055392846,252.0,252.0,0.03904189696894389,0.00011911245953956373,32,50,212.79312950000167,0.7241379310344828,0.7241379310344828
reg3,252,9,reg3_m252_s0,0,570,28510,1.0451291055392846,252.0,252.0,0.03904189696894389,0.00011911245953956373,32,50,214.53379370001494,0.7241379310344828,0.7241379310344828
reg3,252,9,reg3_m252_s0,0,575,28760,1.0451291055392846,252.0,252.0,0.03904189696894389,0.00011911245953956373,32,50,216.3212368999957,0.7241379310344828,0.7241379310344828
reg3,252,9,reg3_m252_s0,0,580,29010,1.0451291055392846,252.0,252.0,0.03904189696894389,0.00011911245953956373,32,50,217.98216770001454,0.7241379310344828,0.7241379310344828
reg3,252,9,reg3_m252_s0,0,585,29260,1.0451291055392846,252.0,252.0,0.03904189696894389,0.00011911245953956373,32,50,219.72688440000638,0.7241379310344828,0.7241379310344828
reg3,252,9,reg3_m252_s0,0,590,29510,1.0451291055392846,252.0,252.0,0.03904189696894389,0.00011911245953956373,32,50,221.68539040000178,0.7241379310344828,0.7241379310344828
reg3,252,9,reg3_m252_s0,0,595,29760,1.0451291055392846,252.0,252.0,0.03904189696894389,0.00011911245953956373,32,50,223.575015600014,0.7241379310344828,0.7241379310344828
reg3,252,9,reg3_m252_s0,0,600,30010,1.0451291055392846,252.0,252.0,0.03904189696894385,0.0001191124595394874,32,51,225.46200299999327,0.7241379310344828,0.7241379310344828
reg3,252,9,reg3_m252_s0,0,605,30260,1.0451291055392846,252.0,252.0,0.03904189696894381,0.00011911245953955679,32,51,227.35003870000946,0.7241379310344828,0.7241379310344828
reg3,252,9,reg3_m252_s0,0,610,30510,1.0451291055392846,252.0,252.0,0.03904189696894381,0.00011911245953955679,32,51,229.31605290001608,0.7241379310344828,0.7241379310344828
reg3,252,9,reg3_m252_s0,0,615,30760,1.0451291055392846,252.0,252.0,0.03904189696894389,0.00011911245953956373,32,50,231.6060107999947,0.7241379310344828,0.7241379310344828
reg3,252,9,reg3_m252_s0,0,620,31010,1.0451291055392846,252.0,252.0,0.03904189696894379,0.000119112459539647,32,49,233.43948980001733,0.7241379310344828,0.7241379310344828
reg3,252,9,reg3_m252_s0,0,625,31260,1.0451291055392846,252.0,252.0,0.03904189696894379,0.000119112459539647,32,49,235.25292080000509,0.7241379310344828,0.7241379310344828
reg3,252,9,reg3_m252_s0,0,630,31510,1.0451291055392846,252.0,252.0,0.03904189696894389,0.00011911245953956373,32,50,237.1005359000119,0.7241379310344828,0.7241379310344828
reg3,252,9,reg3_m252_s0,0,635,31760,1.0451291055392846,252.0,252.0,0.03904189696894379,0.000119112459539647,32,49,238.7745971000113,0.7241379310344828,0.7241379310344828
reg3,252,9,reg3_m252_s0,0,640,32010,1.0451291055392846,252.0,252.0,0.03904189696894385,0.0001191124595395221,32,49,240.57499530000496,0.7241379310344828,0.7241379310344828
reg3,252,9,reg3_m252_s0,0,645,32260,1.0451291055392846,252.0,252.0,0.03904189696894389,0.00011911245953956373,32,50,242.29874520000885,0.7241379310344828,0.7241379310344828
reg3,252,9,reg3_m252_s0,0,650,32510,1.0451291055392846,252.0,252.0,0.03904189696894385,0.0001191124595395221,32,49,244.07290250001824,0.7241379310344828,0.7241379310344828
reg3,252,9,reg3_m252_s0,0,655,32760,1.0451291055392846,252.0,252.0,0.03904189696894389,0.00011911245953956373,32,50,245.90215959999477,0.7241379310344828,0.7241379310344828
reg3,252,9,reg3_m252_s0,0,660,33010,1.0451291055392846,252.0,252.0,0.03904189696894389,0.00011911245953956373,32,50,247.71977500000503,0.7241379310344828,0.7241379310344828
reg3,252,9,reg3_m252_s0,0,665,33260,1.0451291055392846,252.0,252.0,0.03904189696894379,0.000119112459539647,32,49,249.512207199994,0.7241379310344828,0.7241379310344828
reg3,252,9,reg3_m252_s0,0,670,33510,1.0451291055392846,252.0,252.0,0.039041896968943876,0.00011911245953955679,32,50,251.30115879999357,0.7241379310344828,0.7241379310344828
reg3,252,9,reg3_m252_s0,0,675,33760,1.0451291055392846,252.0,252.0,0.03904189696894379,0.0001191124595396123,32,50,253.17484640001203,0.7241379310344828,0.7241379310344828
reg3,252,9,reg3_m252_s0,0,680,34010,1.0451291055392846,252.0,252.0,0.03904189696894388,0.00011911245953954985,32,50,254.971334700007,0.7241379310344828,0.7241379310344828
reg3,252,9,reg3_m252_s0,0,685,34260,1.0451291055392846,252.0,252.0,0.03904189696894383,0.00011911245953964006,32,50,256.8248045000073,0.7241379310344828,0.7241379310344828
reg3,252,9,reg3_m252_s0,0,690,34510,1.0451291055392846,252.0,252.0,0.03904189696894385,0.0001191124595395221,32,49,258.5934199000185,0.7241379310344828,0.7241379310344828
reg3,252,9,reg3_m252_s0,0,695,34760,1.0451291055392846,252.0,252.0,0.03904189696894383,0.00011911245953964006,32,50,260.39919419999933,0.7241379310344828,0.7241379310344828
reg3,252,9,reg3_m252_s0,0,700,35010,1.0451291055392846,252.0,252.0,0.03904189696894385,0.0001191124595395221,32,49,262.08581630000845,0.7241379310344828,0.7241379310344828
reg3,252,9,reg3_m252_s0,0,705,35260,1.0451291055392846,252.0,252.0,0.03904189696894385,0.0001191124595395221,32,49,263.766746600013,0.7241379310344828,0.7241379310344828
reg3,252,9,reg3_m252_s0,0,710,35510,1.0451291055392846,252.0,252.0,0.03904189696894382,0.00011911245953965394,32,50,265.585705400008,0.7241379310344828,0.7241379310344828
reg3,252,9,reg3_m252_s0,0,715,35760,1.0451291055392846,252.0,252.0,0.03904189696894385,0.0001191124595395221,32,49,267.38744409999344,0.7241379310344828,0.7241379310344828
reg3,252,9,reg3_m252_s0,0,720,36010,1.0451291055392846,252.0,252.0,0.03904189696894382,0.00011911245953965394,32,50,269.3113368000195,0.7241379310344828,0.7241379310344828
reg3,252,9,reg3_m252_s0,0,725,36260,1.0451291055392846,252.0,252.0,0.039041896968943834,0.00011911245953961924,32,51,271.145180099993,0.7241379310344828,0.7241379310344828
reg3,252,9,reg3_m252_s0,0,730,36510,1.0451291055392846,252.0,252.0,0.03904189696894385,0.0001191124595395221,32,49,273.0033931999933,0.7241379310344828,0.7241379310344828
reg3,252,9,reg3_m252_s0,0,735,36760,1.0451291055392846,252.0,252.0,0.03904189696894385,0.0001191124595395221,32,49,274.7928960999998,0.7241379310344828,0.7241379310344828
reg3,252,9,reg3_m252_s0,0,740,37010,1.0451291055392846,252.0,252.0,0.03904189696894385,0.0001191124595395221,32,49,276.5707051999925,0.7241379310344828,0.7241379310344828
reg3,252,9,reg3_m252_s0,0,745,37260,1.0451291055392846,252.0,252.0,0.03904189696894385,0.0001191124595395221,32,49,278.3521050999989,0.7241379310344828,0.7241379310344828
reg3,252,9,reg3_m252_s0,0,750,37510,1.0451291055392846,252.0,252.0,0.03904189696894385,0.0001191124595395221,32,49,280.24040370000876,0.7241379310344828,0.7241379310344828
reg3,252,9,reg3_m252_s0,0,755,37760,1.0451291055392846,252.0,252.0,0.03904189696894381,0.00011911245953959843,32,51,282.0798225000035,0.7241379310344828,0.7241379310344828
reg3,252,9,reg3_m252_s0,0,760,38010,1.0451291055392846,252.0,252.0,0.039041896968943904,0.00011911245953954985,32,51,283.904285800003,0.7241379310344828,0.7241379310344828
reg3,252,9,reg3_m252_s0,0,765,38260,1.0451291055392846,252.0,252.0,0.039041896968943904,0.00011911245953954985,32,51,285.74409600000945,0.7241379310344828,0.7241379310344828
reg3,252,9,reg3_m252_s0,0,770,38510,1.0451291055392846,252.0,252.0,0.039041896968943904,0.00011911245953954985,32,51,287.572401500016,0.7241379310344828,0.7241379310344828
reg3,252,9,reg3_m252_s0,0,775,38760,1.0451291055392846,252.0,252.0,0.039041896968943904,0.00011911245953954985,32,51,289.40581910000765,0.7241379310344828,0.7241379310344828
reg3,252,9,reg3_m252_s0,0,780,39010,1.0451291055392846,252.0,252.0,0.039041896968943904,0.00011911245953954985,32,51,291.17709990000003,0.7241379310344828,0.7241379310344828
reg3,252,9,reg3_m252_s0,0,785,39260,1.0451291055392846,252.0,252.0,0.03904189696894385,0.0001191124595395221,32,49,292.9771190000174,0.7241379310344828,0.7241379310344828
reg3,252,9,reg3_m252_s0,0,790,39510,1.0451291055392846,252.0,252.0,0.039041896968943904,0.00011911245953954985,32,51,294.8271864000126,0.7241379310344828,0.7241379310344828
reg3,252,9,reg3_m252_s0,0,795,39760,1.0451291055392846,252.0,252.0,0.039041896968943904,0.00011911245953960536,32,49,296.601711299998,0.7241379310344828,0.7241379310344828
reg3,252,9,reg3_m252_s0,0,800,40010,1.0451291055392846,252.0,252.0,0.039041896968943834,0.00011911245953961924,32,51,298.5118184000021,0.7241379310344828,0.7241379310344828
reg3,252,9,reg3_m252_s0,0,805,40260,1.0451291055392846,252.0,252.0,0.039041896968943904,0.00011911245953954985,32,51,300.28866419999395,0.7241379310344828,0.7241379310344828
reg3,252,9,reg3_m252_s0,0,810,40510,1.0451291055392846,252.0,252.0,0.039041896968943904,0.00011911245953954985,32,51,302.1534401999961,0.7241379310344828,0.7241379310344828
reg3,252,9,reg3_m252_s0,0,815,40760,1.0451291055392846,252.0,252.0,0.039041896968943904,0.00011911245953960536,32,49,304.03142400001525,0.7241379310344828,0.7241379310344828
reg3,252,9,reg3_m252_s0,0,820,41010,1.0451291055392846,252.0,252.0,0.039041896968943904,0.00011911245953960536,32,49,305.80017410000437,0.7241379310344828,0.7241379310344828
reg3,252,9,reg3_m252_s0,0,825,41260,1.0451291055392846,252.0,252.0,0.039041896968943904,0.00011911245953954985,32,51,307.6260006999946,0.7241379310344828,0.7241379310344828
reg3,252,9,reg3_m252_s0,0,830,41510,1.0451291055392846,252.0,252.0,0.039041896968943904,0.00011911245953960536,32,49,309.54704850001144,0.7241379310344828,0.7241379310344828
reg3,252,9,reg3_m252_s0,0,835,41760,1.0451291055392846,252.0,252.0,0.039041896968943904,0.00011911245953960536,32,49,311.32917889999226,0.7241379310344828,0.7241379310344828
reg3,252,9,reg3_m252_s0,0,840,42010,1.0451291055392846,252.0,252.0,0.039041896968943904,0.00011911245953954985,32,51,313.18514489999507,0.7241379310344828,0.7241379310344828
reg3,252,9,reg3_m252_s0,0,845,42260,1.0451291055392846,252.0,252.0,0.039041896968943876,0.00011911245953955679,32,50,314.9579283000203,0.7241379310344828,0.7241379310344828
reg3,252,9,reg3_m252_s0,0,850,42510,1.0451291055392846,252.0,252.0,0.03904189696894385,0.00011911245953952904,32,50,316.7672094000154,0.7241379310344828,0.7241379310344828
reg3,252,9,reg3_m252_s0,0,855,42760,1.0451291055392846,252.0,252.0,0.03904189696894385,0.00011911245953952904,32,50,318.62051900001825,0.7241379310344828,0.7241379310344828
reg3,252,9,reg3_m252_s0,0,860,43010,1.0451291055392846,252.0,252.0,0.039041896968943904,0.00011911245953954985,32,51,320.4165685000189,0.7241379310344828,0.7241379310344828
reg3,252,9,reg3_m252_s0,0,865,43260,1.0451291055392846,252.0,252.0,0.039041896968943876,0.00011911245953952904,32,50,322.2851886000135,0.7241379310344828,0.7241379310344828
reg3,252,9,reg3_m252_s0,0,870,43510,1.0451291055392846,252.0,252.0,0.039041896968943904,0.00011911245953954985,32,51,324.19369149999693,0.7241379310344828,0.7241379310344828
reg3,252,9,reg3_m252_s0,0,875,43760,1.0451291055392846,252.0,252.0,0.039041896968943904,0.00011911245953954985,32,51,326.1323241000064,0.7241379310344828,0.7241379310344828
reg3,252,9,reg3_m252_s0,0,880,44010,1.0451291055392846,252.0,252.0,0.03904189696894385,0.00011911245953952904,32,50,327.8856355000171,0.7241379310344828,0.7241379310344828
reg3,252,9,reg3_m252_s0,0,885,44260,1.0451291055392846,252.0,252.0,0.039041896968943904,0.00011911245953954985,32,51,329.71129470001324,0.7241379310344828,0.7241379310344828
reg3,252,9,reg3_m252_s0,0,890,44510,1.0451291055392846,252.0,252.0,0.039041896968943904,0.00011911245953954985,32,51,331.63872139999876,0.7241379310344828,0.7241379310344828
reg3,252,9,reg3_m252_s0,0,895,44760,1.0451291055392846,252.0,252.0,0.039041896968943904,0.00011911245953954985,32,51,333.5201367000118,0.7241379310344828,0.7241379310344828
reg3,252,9,reg3_m252_s0,0,900,45010,1.0451291055392846,252.0,252.0,0.039041896968943904,0.00011911245953954985,32,51,335.4088000000047,0.7241379310344828,0.7241379310344828
reg3,252,9,reg3_m252_s0,0,905,45260,1.0451291055392846,252.0,252.0,0.03904189696894385,0.0001191124595394874,32,51,337.3838173999975,0.7241379310344828,0.7241379310344828
reg3,252,9,reg3_m252_s0,0,910,45510,1.0451291055392846,252.0,252.0,0.03904189696894386,0.00011911245953963312,32,51,339.3665588000149,0.7241379310344828,0.7241379310344828
reg3,252,9,reg3_m252_s0,0,915,45760,1.0451291055392846,252.0,252.0,0.03904189696894385,0.00011911245953952904,32,50,341.33189400000265,0.7241379310344828,0.7241379310344828
reg3,252,9,reg3_m252_s0,0,920,46010,1.0451291055392846,252.0,252.0,0.039041896968943834,0.00011911245953961924,32,51,343.2367626000196,0.7241379310344828,0.7241379310344828
reg3,252,9,reg3_m252_s0,0,925,46260,1.0451291055392846,252.0,252.0,0.03904189696894385,0.0001191124595394874,32,51,345.20995210000547,0.7241379310344828,0.7241379310344828
reg3,252,9,reg3_m252_s0,0,930,46510,1.0451291055392846,252.0,252.0,0.03904189696894385,0.0001191124595394874,32,51,347.2175673000165,0.7241379310344828,0.7241379310344828
reg3,252,9,reg3_m252_s0,0,935,46760,1.0451291055392846,252.0,252.0,0.039041896968943876,0.00011911245953955679,32,50,349.0356955000025,0.7241379310344828,0.7241379310344828
reg3,252,9,reg3_m252_s0,0,940,47010,1.0451291055392846,252.0,252.0,0.03904189696894386,0.00011911245953963312,32,51,351.21071899999515,0.7241379310344828,0.7241379310344828
reg3,252,9,reg3_m252_s0,0,945,47260,1.0451291055392846,252.0,252.0,0.03904189696894383,0.00011911245953964006,32,50,353.01182489999337,0.7241379310344828,0.7241379310344828
reg3,252,9,reg3_m252_s0,0,950,47510,1.0451291055392846,252.0,252.0,0.03904189696894383,0.00011911245953964006,32,50,354.7832525999984,0.7241379310344828,0.7241379310344828
reg3,252,9,reg3_m252_s0,0,955,47760,1.0451291055392846,252.0,252.0,0.03904189696894383,0.00011911245953964006,32,50,356.696283199999,0.7241379310344828,0.7241379310344828
reg3,252,9,reg3_m252_s0,0,960,48010,1.0451291055392846,252.0,252.0,0.03904189696894383,0.00011911245953964006,32,50,358.607119399996,0.7241379310344828,0.7241379310344828
reg3,252,9,reg3_m252_s0,0,965,48260,1.0451291055392846,252.0,252.0,0.039041896968943904,0.00011911245953954985,32,51,360.3463773000112,0.7241379310344828,0.7241379310344828
reg3,252,9,reg3_m252_s0,0,970,48510,1.0451291055392846,252.0,252.0,0.03904189696894385,0.0001191124595394874,32,51,362.1793367000064,0.7241379310344828,0.7241379310344828
reg3,252,9,reg3_m252_s0,0,975,48760,1.0451291055392846,252.0,252.0,0.03904189696894385,0.0001191124595394874,32,51,364.0350660000113,0.7241379310344828,0.7241379310344828
reg3,252,9,reg3_m252_s0,0,980,49010,1.0451291055392846,252.0,252.0,0.03904189696894385,0.0001191124595394874,32,51,365.76251010000124,0.7241379310344828,0.7241379310344828
reg3,252,9,reg3_m252_s0,0,985,49260,1.0451291055392846,252.0,252.0,0.03904189696894385,0.0001191124595394874,32,51,367.55070740001975,0.7241379310344828,0.7241379310344828
reg3,252,9,reg3_m252_s0,0,990,49510,1.0451291055392846,252.0,252.0,0.03904189696894385,0.0001191124595394874,32,51,369.3467421999958,0.7241379310344828,0.7241379310344828
reg3,252,9,reg3_m252_s0,0,995,49760,1.0451291055392846,252.0,252.0,0.039041896968943814,0.00011911245953959843,32,51,370.9950116999971,0.7241379310344828,0.7241379310344828
reg3,252,9,reg3_m252_s0,0,1000,50010,1.0451291055392846,252.0,252.0,0.039041896968943814,0.00011911245953959843,32,51,372.7768839999917,0.7241379310344828,0.7241379310344828
reg3,252,9,reg3_m252_s0,0,1005,50260,1.0451291055392846,252.0,252.0,0.03904189696894385,0.0001191124595394874,32,51,374.39172879999387,0.7241379310344828,0.7241379310344828
reg3,252,9,reg3_m252_s0,0,1010,50510,1.0451291055392846,252.0,252.0,0.039041896968943904,0.00011911245953960536,32,49,376.1952859000012,0.7241379310344828,0.7241379310344828
reg3,252,9,reg3_m252_s0,0,1015,50760,1.0451291055392846,252.0,252.0,0.039041896968943855,0.00011911245953954291,32,50,377.8456742000126,0.7241379310344828,0.7241379310344828
reg3,252,9,reg3_m252_s0,0,1020,51010,1.0451291055392846,252.0,252.0,0.03904189696894386,0.0001191124595396123,32,49,379.62330110001494,0.7241379310344828,0.7241379310344828
reg3,252,9,reg3_m252_s0,0,1025,51260,1.0451291055392846,252.0,252.0,0.03904189696894386,0.0001191124595396123,32,49,381.30366070001037,0.7241379310344828,0.7241379310344828
reg3,252,9,reg3_m252_s0,0,1030,51510,1.0451291055392846,252.0,252.0,0.03904189696894385,0.0001191124595394874,32,51,382.9378976000007,0.7241379310344828,0.7241379310344828
reg3,252,9,reg3_m252_s0,0,1035,51760,1.0451291055392846,252.0,252.0,0.03904189696894386,0.00011911245953957761,32,50,384.6164437000116,0.7241379310344828,0.7241379310344828
reg3,252,9,reg3_m252_s0,0,1040,52010,1.0451291055392846,252.0,252.0,0.03904189696894386,0.00011911245953957761,32,50,386.26848950001295,0.7241379310344828,0.7241379310344828
reg3,252,9,reg3_m252_s0,0,1045,52260,1.0451291055392846,252.0,252.0,0.039041896968943834,0.00011911245953954291,32,50,387.8908587000042,0.7241379310344828,0.7241379310344828
reg3,252,9,reg3_m252_s0,0,1050,52510,1.0451291055392846,252.0,252.0,0.039041896968943834,0.00011911245953954291,32,50,389.7735811000166,0.7241379310344828,0.7241379310344828
reg3,252,9,reg3_m252_s0,0,1055,52760,1.0451291055392846,252.0,252.0,0.039041896968943834,0.00011911245953954291,32,50,391.5779565999983,0.7241379310344828,0.7241379310344828
reg3,252,9,reg3_m252_s0,0,1060,53010,1.0451291055392846,252.0,252.0,0.03904189696894386,0.00011911245953957761,32,50,393.2318402999954,0.7241379310344828,0.7241379310344828
reg3,252,9,reg3_m252_s0,0,1065,53260,1.0451291055392846,252.0,252.0,0.03904189696894386,0.0001191124595396123,32,49,394.93455269999686,0.7241379310344828,0.7241379310344828
reg3,252,9,reg3_m252_s0,0,1070,53510,1.0451291055392846,252.0,252.0,0.03904189696894386,0.0001191124595396123,32,49,396.6591163999983,0.7241379310344828,0.7241379310344828
reg3,252,9,reg3_m252_s0,0,1075,53760,1.0451291055392846,252.0,252.0,0.03904189696894389,0.00011911245953955679,32,50,398.4302544000093,0.7241379310344828,0.7241379310344828
reg3,252,9,reg3_m252_s0,0,1080,54010,1.0451291055392846,252.0,252.0,0.03904189696894386,0.0001191124595396123,32,49,400.14573990000645,0.7241379310344828,0.7241379310344828
reg3,252,9,reg3_m252_s0,0,1085,54260,1.0451291055392846,252.0,252.0,0.039041896968943834,0.00011911245953954291,32,50,401.82623410000815,0.7241379310344828,0.7241379310344828
reg3,252,9,reg3_m252_s0,0,1090,54510,1.0451291055392846,252.0,252.0,0.039041896968943834,0.00011911245953954291,32,50,403.4841673000192,0.7241379310344828,0.7241379310344828
reg3,252,9,reg3_m252_s0,0,1095,54760,1.0451291055392846,252.0,252.0,0.039041896968943834,0.00011911245953954291,32,50,405.0571196000092,0.7241379310344828,0.7241379310344828
reg3,252,9,reg3_m252_s0,0,1100,55010,1.0451291055392846,252.0,252.0,0.03904189696894387,0.00011911245953961924,32,51,406.71561509999447,0.7241379310344828,0.7241379310344828
reg3,252,9,reg3_m252_s0,0,1105,55260,1.0451291055392846,252.0,252.0,0.039041896968943834,0.00011911245953954291,32,50,408.45708600000944,0.7241379310344828,0.7241379310344828
reg3,252,9,reg3_m252_s0,0,1110,55510,1.0451291055392846,252.0,252.0,0.03904189696894386,0.0001191124595396123,32,49,410.1683512000018,0.7241379310344828,0.7241379310344828
reg3,252,9,reg3_m252_s0,0,1115,55760,1.0451291055392846,252.0,252.0,0.039041896968943834,0.00011911245953954291,32,50,411.8470324999944,0.7241379310344828,0.7241379310344828
reg3,252,9,reg3_m252_s0,0,1120,56010,1.0451291055392846,252.0,252.0,0.039041896968943834,0.00011911245953954291,32,50,413.60048320001806,0.7241379310344828,0.7241379310344828
reg3,252,9,reg3_m252_s0,0,1125,56260,1.0451291055392846,252.0,252.0,0.039041896968943834,0.00011911245953954291,32,50,415.21036220001406,0.7241379310344828,0.7241379310344828
reg3,252,9,reg3_m252_s0,0,1130,56510,1.0451291055392846,252.0,252.0,0.039041896968943834,0.00011911245953954291,32,50,416.8638051000016,0.7241379310344828,0.7241379310344828
reg3,252,9,reg3_m252_s0,0,1135,56760,1.0451291055392846,252.0,252.0,0.039041896968943834,0.00011911245953954291,32,50,418.6143837000127,0.7241379310344828,0.7241379310344828
reg3,252,9,reg3_m252_s0,0,1140,57010,1.0451291055392846,252.0,252.0,0.03904189696894386,0.00011911245953957761,32,50,420.20750640000915,0.7241379310344828,0.7241379310344828
reg3,252,9,reg3_m252_s0,0,1145,57260,1.0451291055392846,252.0,252.0,0.03904189696894385,0.00011911245953952904,32,50,422.0209111000004,0.7241379310344828,0.7241379310344828
reg3,252,9,reg3_m252_s0,0,1150,57510,1.0451291055392846,252.0,252.0,0.039041896968943834,0.00011911245953954291,32,50,423.9113417000044,0.7241379310344828,0.7241379310344828
reg3,252,9,reg3_m252_s0,0,1155,57760,1.0451291055392846,252.0,252.0,0.039041896968943834,0.00011911245953954291,32,50,425.56400390001363,0.7241379310344828,0.7241379310344828
reg3,252,9,reg3_m252_s0,0,1160,58010,1.0451291055392846,252.0,252.0,0.039041896968943834,0.00011911245953962618,32,51,427.11353390000295,0.7241379310344828,0.7241379310344828
reg3,252,9,reg3_m252_s0,0,1165,58260,1.0451291055392846,252.0,252.0,0.039041896968943834,0.00011911245953954291,32,50,428.7007736999949,0.7241379310344828,0.7241379310344828
reg3,252,9,reg3_m252_s0,0,1170,58510,1.0451291055392846,252.0,252.0,0.039041896968943834,0.00011911245953962618,32,51,430.25901549999253,0.7241379310344828,0.7241379310344828
reg3,252,9,reg3_m252_s0,0,1175,58760,1.0451291055392846,252.0,252.0,0.03904189696894386,0.00011911245953963312,32,51,431.892018500017,0.7241379310344828,0.7241379310344828
reg3,252,9,reg3_m252_s0,0,1180,59010,1.0451291055392846,252.0,252.0,0.039041896968943834,0.00011911245953962618,32,51,433.53214480000315,0.7241379310344828,0.7241379310344828
reg3,252,9,reg3_m252_s0,0,1185,59260,1.0451291055392846,252.0,252.0,0.03904189696894381,0.00011911245953959843,32,51,435.23162870001397,0.7241379310344828,0.7241379310344828
reg3,252,9,reg3_m252_s0,0,1190,59510,1.0451291055392846,252.0,252.0,0.039041896968943834,0.00011911245953962618,32,51,436.8559433000046,0.7241379310344828,0.7241379310344828
reg3,252,9,reg3_m252_s0,0,1195,59760,1.0451291055392846,252.0,252.0,0.03904189696894386,0.00011911245953963312,32,51,438.62629790001665,0.7241379310344828,0.7241379310344828
reg3,252,9,reg3_m252_s0,0,1200,60010,1.0451291055392846,252.0,252.0,0.03904189696894382,0.00011911245953957761,32,51,440.2666182999965,0.7241379310344828,0.7241379310344828
reg3,252,9,reg3_m252_s0,0,1205,60260,1.0451291055392846,252.0,252.0,0.03904189696894383,0.000119112459539647,32,51,441.8960749999969,0.7241379310344828,0.7241379310344828
reg3,252,9,reg3_m252_s0,0,1210,60510,1.0451291055392846,252.0,252.0,0.039041896968943834,0.00011911245953954291,32,50,443.99472620000597,0.7241379310344828,0.7241379310344828
reg3,252,9,reg3_m252_s0,0,1215,60760,1.0451291055392846,252.0,252.0,0.039041896968943834,0.00011911245953954291,32,50,445.67343399999663,0.7241379310344828,0.7241379310344828
reg3,252,9,reg3_m252_s0,0,1220,61010,1.0451291055392846,252.0,252.0,0.039041896968943834,0.00011911245953959149,32,51,447.28686160000507,0.7241379310344828,0.7241379310344828
reg3,252,9,reg3_m252_s0,0,1225,61260,1.0451291055392846,252.0,252.0,0.039041896968943834,0.00011911245953962618,32,51,449.00398840001435,0.7241379310344828,0.7241379310344828
reg3,252,9,reg3_m252_s0,0,1230,61510,1.0451291055392846,252.0,252.0,0.039041896968943834,0.00011911245953959149,32,51,450.71209260000614,0.7241379310344828,0.7241379310344828
reg3,252,9,reg3_m252_s0,0,1235,61760,1.0451291055392846,252.0,252.0,0.039041896968943834,0.00011911245953959149,32,51,452.36128400001326,0.7241379310344828,0.7241379310344828
reg3,252,9,reg3_m252_s0,0,1240,62010,1.0451291055392846,252.0,252.0,0.03904189696894379,0.00011911245953955679,32,50,453.9797665000078,0.7241379310344828,0.7241379310344828
reg3,252,9,reg3_m252_s0,0,1245,62260,1.0451291055392846,252.0,252.0,0.039041896968943834,0.00011911245953959149,32,51,455.5958803000103,0.7241379310344828,0.7241379310344828
reg3,252,9,reg3_m252_s0,0,1250,62510,1.0451291055392846,252.0,252.0,0.039041896968943834,0.00011911245953954291,32,50,457.2679402999929,0.7241379310344828,0.7241379310344828
reg3,252,9,reg3_m252_s0,0,1255,62760,1.0451291055392846,252.0,252.0,0.039041896968943834,0.00011911245953959149,32,51,458.9111960000009,0.7241379310344828,0.7241379310344828
reg3,252,9,reg3_m252_s0,0,1260,63010,1.0451291055392846,252.0,252.0,0.039041896968943904,0.00011911245953954985,32,51,460.488608500018,0.7241379310344828,0.7241379310344828
reg3,252,9,reg3_m252_s0,0,1265,63260,1.0451291055392846,252.0,252.0,0.039041896968943834,0.00011911245953954291,32,50,462.5446573999943,0.7241379310344828,0.7241379310344828
reg3,252,9,reg3_m252_s0,0,1270,63510,1.0451291055392846,252.0,252.0,0.03904189696894381,0.00011911245953959843,32,51,464.24410169999464,0.7241379310344828,0.7241379310344828
reg3,252,9,reg3_m252_s0,0,1275,63760,1.0451291055392846,252.0,252.0,0.039041896968943834,0.00011911245953954291,32,50,465.8999443000066,0.7241379310344828,0.7241379310344828
reg3,252,9,reg3_m252_s0,0,1280,64010,1.0451291055392846,252.0,252.0,0.039041896968943834,0.00011911245953954291,32,50,467.53266719999374,0.7241379310344828,0.7241379310344828
reg3,252,9,reg3_m252_s0,0,1285,64260,1.0451291055392846,252.0,252.0,0.039041896968943834,0.00011911245953954291,32,50,469.2068142000062,0.7241379310344828,0.7241379310344828
reg3,252,9,reg3_m252_s0,0,1290,64510,1.0451291055392846,252.0,252.0,0.039041896968943834,0.00011911245953954291,32,50,470.97112140001263,0.7241379310344828,0.7241379310344828
reg3,252,9,reg3_m252_s0,0,1295,64760,1.0451291055392846,252.0,252.0,0.039041896968943834,0.00011911245953954291,32,50,472.5717801999999,0.7241379310344828,0.7241379310344828
reg3,252,9,reg3_m252_s0,0,1300,65010,1.0451291055392846,252.0,252.0,0.039041896968943904,0.00011911245953954985,32,51,474.3143454999954,0.7241379310344828,0.7241379310344828
reg3,252,9,reg3_m252_s0,0,1305,65260,1.0451291055392846,252.0,252.0,0.03904189696894385,0.00011911245953966088,32,51,476.111292400019,0.7241379310344828,0.7241379310344828
reg3,252,9,reg3_m252_s0,0,1310,65510,1.0451291055392846,252.0,252.0,0.039041896968943834,0.00011911245953954291,32,50,477.9121040000173,0.7241379310344828,0.7241379310344828
reg3,252,9,reg3_m252_s0,0,1315,65760,1.0451291055392846,252.0,252.0,0.03904189696894385,0.00011911245953960536,32,50,479.66185289999703,0.7241379310344828,0.7241379310344828
reg3,252,9,reg3_m252_s0,0,1320,66010,1.0451291055392846,252.0,252.0,0.039041896968943904,0.00011911245953960536,32,49,481.4790302000183,0.7241379310344828,0.7241379310344828
reg3,252,9,reg3_m252_s0,0,1325,66260,1.0451291055392846,252.0,252.0,0.039041896968943904,0.00011911245953960536,32,49,483.2918981999974,0.7241379310344828,0.7241379310344828
reg3,252,9,reg3_m252_s0,0,1330,66510,1.0451291055392846,252.0,252.0,0.03904189696894381,0.00011911245953959843,32,51,485.195682199992,0.7241379310344828,0.7241379310344828
reg3,252,9,reg3_m252_s0,0,1335,66760,1.0451291055392846,252.0,252.0,0.03904189696894381,0.00011911245953959843,32,51,486.9943903000094,0.7241379310344828,0.7241379310344828
reg3,252,9,reg3_m252_s0,0,1340,67010,1.0451291055392846,252.0,252.0,0.03904189696894381,0.00011911245953959843,32,51,488.70032930001616,0.7241379310344828,0.7241379310344828
reg3,252,9,reg3_m252_s0,0,1345,67260,1.0451291055392846,252.0,252.0,0.03904189696894381,0.00011911245953959843,32,51,490.52065970000695,0.7241379310344828,0.7241379310344828
reg3,252,9,reg3_m252_s0,0,1350,67510,1.0451291055392846,252.0,252.0,0.039041896968943904,0.00011911245953960536,32,49,492.2237083000073,0.7241379310344828,0.7241379310344828
reg3,252,9,reg3_m252_s0,0,1355,67760,1.0451291055392846,252.0,252.0,0.039041896968943904,0.00011911245953960536,32,49,494.01734310001484,0.7241379310344828,0.7241379310344828
reg3,252,9,reg3_m252_s0,0,1360,68010,1.0451291055392846,252.0,252.0,0.03904189696894381,0.00011911245953959843,32,51,495.64188280000235,0.7241379310344828,0.7241379310344828
reg3,252,9,reg3_m252_s0,0,1365,68260,1.0451291055392846,252.0,252.0,0.039041896968943904,0.00011911245953960536,32,49,497.34028219999163,0.7241379310344828,0.7241379310344828
reg3,252,9,reg3_m252_s0,0,1370,68510,1.0451291055392846,252.0,252.0,0.03904189696894387,0.0001191124595396123,32,50,499.09667550001177,0.7241379310344828,0.7241379310344828
reg3,252,9,reg3_m252_s0,0,1375,68760,1.0451291055392846,252.0,252.0,0.039041896968943904,0.00011911245953960536,32,49,500.7423795000068,0.7241379310344828,0.7241379310344828
reg3,252,9,reg3_m252_s0,0,1380,69010,1.0451291055392846,252.0,252.0,0.03904189696894385,0.0001191124595394874,32,51,502.41884800000116,0.7241379310344828,0.7241379310344828
reg3,252,9,reg3_m252_s0,0,1385,69260,1.0451291055392846,252.0,252.0,0.03904189696894385,0.0001191124595394874,32,51,504.14512980001746,0.7241379310344828,0.7241379310344828
reg3,252,9,reg3_m252_s0,0,1390,69510,1.0451291055392846,252.0,252.0,0.039041896968943904,0.00011911245953960536,32,49,505.7486850999994,0.7241379310344828,0.7241379310344828
reg3,252,9,reg3_m252_s0,0,1395,69760,1.0451291055392846,252.0,252.0,0.03904189696894385,0.0001191124595394874,32,51,507.3785296000133,0.7241379310344828,0.7241379310344828
reg3,252,9,reg3_m252_s0,0,1400,70010,1.0451291055392846,252.0,252.0,0.039041896968943904,0.00011911245953960536,32,49,509.0851459999976,0.7241379310344828,0.7241379310344828
reg3,252,9,reg3_m252_s0,0,1405,70260,1.0451291055392846,252.0,252.0,0.039041896968943904,0.00011911245953960536,32,49,510.853560699994,0.7241379310344828,0.7241379310344828
reg3,252,9,reg3_m252_s0,0,1410,70510,1.0451291055392846,252.0,252.0,0.039041896968943904,0.00011911245953960536,32,49,512.516445300018,0.7241379310344828,0.7241379310344828
reg3,252,9,reg3_m252_s0,0,1415,70760,1.0451291055392846,252.0,252.0,0.039041896968943855,0.00011911245953954291,32,50,514.2050485000073,0.7241379310344828,0.7241379310344828
reg3,252,9,reg3_m252_s0,0,1420,71010,1.0451291055392846,252.0,252.0,0.03904189696894379,0.00011911245953957067,32,50,515.9024740000023,0.7241379310344828,0.7241379310344828
reg3,252,9,reg3_m252_s0,0,1425,71260,1.0451291055392846,252.0,252.0,0.03904189696894379,0.00011911245953957067,32,50,517.6066181999922,0.7241379310344828,0.7241379310344828
reg3,252,9,reg3_m252_s0,0,1430,71510,1.0451291055392846,252.0,252.0,0.03904189696894385,0.00011911245953966088,32,51,519.2493009000027,0.7241379310344828,0.7241379310344828
reg3,252,9,reg3_m252_s0,0,1435,71760,1.0451291055392846,252.0,252.0,0.03904189696894386,0.00011911245953957761,32,50,520.8980972999998,0.7241379310344828,0.7241379310344828
reg3,252,9,reg3_m252_s0,0,1440,72010,1.0451291055392846,252.0,252.0,0.03904189696894385,0.00011911245953966088,32,51,522.5871280000138,0.7241379310344828,0.7241379310344828
reg3,252,9,reg3_m252_s0,0,1445,72260,1.0451291055392846,252.0,252.0,0.039041896968943904,0.00011911245953960536,32,49,524.2515860999993,0.7241379310344828,0.7241379310344828
reg3,252,9,reg3_m252_s0,0,1450,72510,1.0451291055392846,252.0,252.0,0.03904189696894386,0.00011911245953957761,32,50,526.0091864000133,0.7241379310344828,0.7241379310344828
reg3,252,9,reg3_m252_s0,0,1455,72760,1.0451291055392846,252.0,252.0,0.039041896968943904,0.00011911245953954985,32,51,527.7512844000012,0.7241379310344828,0.7241379310344828
reg3,252,9,reg3_m252_s0,0,1460,73010,1.0451291055392846,252.0,252.0,0.039041896968943876,0.00011911245953955679,32,50,529.541083899996,0.7241379310344828,0.7241379310344828
reg3,252,9,reg3_m252_s0,0,1465,73260,1.0451291055392846,252.0,252.0,0.039041896968943765,0.00011911245953957761,32,51,531.1525953999953,0.7241379310344828,0.7241379310344828
reg3,252,9,reg3_m252_s0,0,1470,73510,1.0451291055392846,252.0,252.0,0.039041896968943834,0.00011911245953959843,32,51,532.8430235999986,0.7241379310344828,0.7241379310344828
reg3,252,9,reg3_m252_s0,0,1475,73760,1.0451291055392846,252.0,252.0,0.039041896968943876,0.00011911245953955679,32,50,534.6054318000097,0.7241379310344828,0.7241379310344828
reg3,252,9,reg3_m252_s0,0,1480,74010,1.0451291055392846,252.0,252.0,0.039041896968943834,0.00011911245953959843,32,51,536.3877467999991,0.7241379310344828,0.7241379310344828
reg3,252,9,reg3_m252_s0,0,1485,74260,1.0451291055392846,252.0,252.0,0.03904189696894386,0.00011911245953957761,32,50,538.2321656999993,0.7241379310344828,0.7241379310344828
reg3,252,9,reg3_m252_s0,0,1490,74510,1.0451291055392846,252.0,252.0,0.039041896968943876,0.00011911245953952904,32,50,539.9644966000051,0.7241379310344828,0.7241379310344828
reg3,252,9,reg3_m252_s0,0,1495,74760,1.0451291055392846,252.0,252.0,0.03904189696894379,0.0001191124595396123,32,50,541.610643699998,0.7241379310344828,0.7241379310344828
reg3,252,9,reg3_m252_s0,0,1500,75010,1.0451291055392846,252.0,252.0,0.03904189696894386,0.00011911245953957761,32,50,543.2580409999937,0.7241379310344828,0.7241379310344828
reg3,252,9,reg3_m252_s0,0,1505,75260,1.0451291055392846,252.0,252.0,0.039041896968943876,0.00011911245953952904,32,50,544.9489290000056,0.7241379310344828,0.7241379310344828
reg3,252,9,reg3_m252_s0,0,1510,75510,1.0451291055392846,252.0,252.0,0.039041896968943876,0.00011911245953955679,32,50,546.6532963000063,0.7241379310344828,0.7241379310344828
reg3,252,9,reg3_m252_s0,0,1515,75760,1.0451291055392846,252.0,252.0,0.039041896968943876,0.00011911245953955679,32,50,548.246386600018,0.7241379310344828,0.7241379310344828
reg3,252,9,reg3_m252_s0,0,1520,76010,1.0451291055392846,252.0,252.0,0.039041896968943876,0.00011911245953952904,32,50,550.0012066000199,0.7241379310344828,0.7241379310344828
reg3,252,9,reg3_m252_s0,0,1525,76260,1.0451291055392846,252.0,252.0,0.039041896968943876,0.00011911245953952904,32,50,551.6295147000055,0.7241379310344828,0.7241379310344828
reg3,252,9,reg3_m252_s0,0,1530,76510,1.0451291055392846,252.0,252.0,0.039041896968943876,0.00011911245953952904,32,50,553.2656014999957,0.7241379310344828,0.7241379310344828
reg3,252,9,reg3_m252_s0,0,1535,76760,1.0451291055392846,252.0,252.0,0.039041896968943876,0.00011911245953952904,32,50,555.0670099999988,0.7241379310344828,0.7241379310344828
reg3,252,9,reg3_m252_s0,0,1540,77010,1.0451291055392846,252.0,252.0,0.039041896968943765,0.00011911245953957761,32,51,556.7987049999938,0.7241379310344828,0.7241379310344828
reg3,252,9,reg3_m252_s0,0,1545,77260,1.0451291055392846,252.0,252.0,0.039041896968943876,0.00011911245953952904,32,50,558.6113222000131,0.7241379310344828,0.7241379310344828
reg3,252,9,reg3_m252_s0,0,1550,77510,1.0451291055392846,252.0,252.0,0.039041896968943876,0.00011911245953952904,32,50,560.4942159999919,0.7241379310344828,0.7241379310344828
reg3,252,9,reg3_m252_s0,0,1555,77760,1.0451291055392846,252.0,252.0,0.039041896968943876,0.00011911245953952904,32,50,562.1273549000034,0.7241379310344828,0.7241379310344828
reg3,252,9,reg3_m252_s0,0,1560,78010,1.0451291055392846,252.0,252.0,0.039041896968943876,0.00011911245953952904,32,50,563.841029800009,0.7241379310344828,0.7241379310344828
reg3,252,9,reg3_m252_s0,0,1565,78260,1.0451291055392846,252.0,252.0,0.039041896968943765,0.00011911245953957761,32,51,565.6158133000135,0.7241379310344828,0.7241379310344828
reg3,252,9,reg3_m252_s0,0,1570,78510,1.0451291055392846,252.0,252.0,0.039041896968943876,0.00011911245953952904,32,50,567.2875666000182,0.7241379310344828,0.7241379310344828
reg3,252,9,reg3_m252_s0,0,1575,78760,1.0451291055392846,252.0,252.0,0.03904189696894385,0.00011911245953952904,32,50,568.9686863000097,0.7241379310344828,0.7241379310344828
reg3,252,9,reg3_m252_s0,0,1580,79010,1.0451291055392846,252.0,252.0,0.039041896968943876,0.00011911245953952904,32,50,570.6316033000185,0.7241379310344828,0.7241379310344828
reg3,252,9,reg3_m252_s0,0,1585,79260,1.0451291055392846,252.0,252.0,0.039041896968943876,0.00011911245953952904,32,50,572.2836096000101,0.7241379310344828,0.7241379310344828
reg3,252,9,reg3_m252_s0,0,1590,79510,1.0451291055392846,252.0,252.0,0.039041896968943855,0.00011911245953954291,32,50,574.3557440000004,0.7241379310344828,0.7241379310344828
reg3,252,9,reg3_m252_s0,0,1595,79760,1.0451291055392846,252.0,252.0,0.039041896968943855,0.00011911245953954291,32,50,575.8908705000067,0.7241379310344828,0.7241379310344828
reg3,252,9,reg3_m252_s0,0,1600,80010,1.0451291055392846,252.0,252.0,0.03904189696894387,0.0001191124595396123,32,50,577.44936530001,0.7241379310344828,0.7241379310344828
reg3,252,9,reg3_m252_s0,0,1605,80260,1.0451291055392846,252.0,252.0,0.03904189696894387,0.0001191124595396123,32,50,579.1102809000004,0.7241379310344828,0.7241379310344828
reg3,252,9,reg3_m252_s0,0,1610,80510,1.0451291055392846,252.0,252.0,0.03904189696894385,0.00011911245953952904,32,50,580.8469050000131,0.7241379310344828,0.7241379310344828
reg3,252,9,reg3_m252_s0,0,1615,80760,1.0451291055392846,252.0,252.0,0.039041896968943876,0.00011911245953955679,32,50,582.564223399997,0.7241379310344828,0.7241379310344828
reg3,252,9,reg3_m252_s0,0,1620,81010,1.0451291055392846,252.0,252.0,0.039041896968943876,0.00011911245953955679,32,50,584.1929278000025,0.7241379310344828,0.7241379310344828
reg3,252,9,reg3_m252_s0,0,1625,81260,1.0451291055392846,252.0,252.0,0.03904189696894387,0.0001191124595396123,32,50,585.7368204999948,0.7241379310344828,0.7241379310344828
reg3,252,9,reg3_m252_s0,0,1630,81510,1.0451291055392846,252.0,252.0,0.039041896968943855,0.000119112459539647,32,50,587.4637512000045,0.7241379310344828,0.7241379310344828
reg3,252,9,reg3_m252_s0,0,1635,81760,1.0451291055392846,252.0,252.0,0.03904189696894385,0.0001191124595395221,32,49,589.1661687000014,0.7241379310344828,0.7241379310344828
reg3,252,9,reg3_m252_s0,0,1640,82010,1.0451291055392846,252.0,252.0,0.03904189696894387,0.0001191124595396123,32,50,590.7823859000055,0.7241379310344828,0.7241379310344828
reg3,252,9,reg3_m252_s0,0,1645,82260,1.0451291055392846,252.0,252.0,0.03904189696894385,0.00011911245953952904,32,50,592.5722977000114,0.7241379310344828,0.7241379310344828
reg3,252,9,reg3_m252_s0,0,1650,82510,1.0451291055392846,252.0,252.0,0.03904189696894387,0.0001191124595396123,32,50,594.4066024000058,0.7241379310344828,0.7241379310344828
reg3,252,9,reg3_m252_s0,0,1655,82760,1.0451291055392846,252.0,252.0,0.03904189696894379,0.000119112459539647,32,49,596.117488799995,0.7241379310344828,0.7241379310344828
reg3,252,9,reg3_m252_s0,0,1660,83010,1.0451291055392846,252.0,252.0,0.03904189696894387,0.0001191124595396123,32,50,597.7204376000154,0.7241379310344828,0.7241379310344828
reg3,252,9,reg3_m252_s0,0,1665,83260,1.0451291055392846,252.0,252.0,0.03904189696894379,0.000119112459539647,32,49,599.4611199999927,0.7241379310344828,0.7241379310344828
reg3,252,9,reg3_m252_s0,0,1670,83510,1.0451291055392846,252.0,252.0,0.03904189696894379,0.000119112459539647,32,49,601.1459008000093,0.7241379310344828,0.7241379310344828
reg3,252,9,reg3_m252_s0,0,1675,83760,1.0451291055392846,252.0,252.0,0.03904189696894379,0.000119112459539647,32,49,602.7367360999924,0.7241379310344828,0.7241379310344828
reg3,252,9,reg3_m252_s0,0,1680,84010,1.0451291055392846,252.0,252.0,0.03904189696894387,0.0001191124595396123,32,50,604.323497800011,0.7241379310344828,0.7241379310344828
reg3,252,9,reg3_m252_s0,0,1685,84260,1.0451291055392846,252.0,252.0,0.03904189696894379,0.000119112459539647,32,49,605.9954575000156,0.7241379310344828,0.7241379310344828
reg3,252,9,reg3_m252_s0,0,1690,84510,1.0451291055392846,252.0,252.0,0.039041896968943904,0.00011911245953960536,32,49,607.6668112000043,0.7241379310344828,0.7241379310344828
reg3,252,9,reg3_m252_s0,0,1695,84760,1.0451291055392846,252.0,252.0,0.039041896968943904,0.00011911245953954985,32,51,609.4770545999927,0.7241379310344828,0.7241379310344828
reg3,252,9,reg3_m252_s0,0,1700,85010,1.0451291055392846,252.0,252.0,0.03904189696894386,0.0001191124595396123,32,49,611.3516401000088,0.7241379310344828,0.7241379310344828
reg3,252,9,reg3_m252_s0,0,1705,85260,1.0451291055392846,252.0,252.0,0.039041896968943904,0.00011911245953954985,32,51,613.0929798000143,0.7241379310344828,0.7241379310344828
reg3,252,9,reg3_m252_s0,0,1710,85510,1.0451291055392846,252.0,252.0,0.03904189696894386,0.0001191124595396123,32,49,614.7965788000147,0.7241379310344828,0.7241379310344828
reg3,252,9,reg3_m252_s0,0,1715,85760,1.0451291055392846,252.0,252.0,0.039041896968943904,0.00011911245953954985,32,51,616.6993502000114,0.7241379310344828,0.7241379310344828
reg3,252,9,reg3_m252_s0,0,1720,86010,1.0451291055392846,252.0,252.0,0.03904189696894386,0.0001191124595396123,32,49,618.7233647000103,0.7241379310344828,0.7241379310344828
reg3,252,9,reg3_m252_s0,0,1725,86260,1.0451291055392846,252.0,252.0,0.03904189696894386,0.0001191124595396123,32,49,620.5475003000174,0.7241379310344828,0.7241379310344828
reg3,252,9,reg3_m252_s0,0,1730,86510,1.0451291055392846,252.0,252.0,0.03904189696894386,0.0001191124595396123,32,49,622.4629603000067,0.7241379310344828,0.7241379310344828
reg3,252,9,reg3_m252_s0,0,1735,86760,1.0451291055392846,252.0,252.0,0.03904189696894386,0.0001191124595396123,32,49,624.2717827000015,0.7241379310344828,0.7241379310344828
reg3,252,9,reg3_m252_s0,0,1740,87010,1.0451291055392846,252.0,252.0,0.03904189696894386,0.0001191124595396123,32,49,626.0781157000165,0.7241379310344828,0.7241379310344828
reg3,252,9,reg3_m252_s0,0,1745,87260,1.0451291055392846,252.0,252.0,0.03904189696894386,0.0001191124595396123,32,49,627.9271029999945,0.7241379310344828,0.7241379310344828
reg3,252,9,reg3_m252_s0,0,1750,87510,1.0451291055392846,252.0,252.0,0.039041896968943904,0.00011911245953954985,32,51,629.7201733000111,0.7241379310344828,0.7241379310344828
reg3,252,9,reg3_m252_s0,0,1755,87760,1.0451291055392846,252.0,252.0,0.039041896968943904,0.00011911245953954985,32,51,631.4975004000007,0.7241379310344828,0.7241379310344828
reg3,252,9,reg3_m252_s0,0,1760,88010,1.0451291055392846,252.0,252.0,0.03904189696894386,0.0001191124595396123,32,49,633.1944360000198,0.7241379310344828,0.7241379310344828
reg3,252,9,reg3_m252_s0,0,1765,88260,1.0451291055392846,252.0,252.0,0.039041896968943834,0.00011911245953954291,32,50,634.9743420000013,0.7241379310344828,0.7241379310344828
reg3,252,9,reg3_m252_s0,0,1770,88510,1.0451291055392846,252.0,252.0,0.039041896968943904,0.00011911245953954985,32,51,636.8174631000147,0.7241379310344828,0.7241379310344828
reg3,252,9,reg3_m252_s0,0,1775,88760,1.0451291055392846,252.0,252.0,0.03904189696894382,0.00011911245953957761,32,51,638.5923208000022,0.7241379310344828,0.7241379310344828
reg3,252,9,reg3_m252_s0,0,1780,89010,1.0451291055392846,252.0,252.0,0.03904189696894386,0.0001191124595396123,32,49,640.4730579000025,0.7241379310344828,0.7241379310344828
reg3,252,9,reg3_m252_s0,0,1785,89260,1.0451291055392846,252.0,252.0,0.039041896968943834,0.00011911245953962618,32,51,642.2682416000171,0.7241379310344828,0.7241379310344828
reg3,252,9,reg3_m252_s0,0,1790,89510,1.0451291055392846,252.0,252.0,0.03904189696894382,0.00011911245953957761,32,51,644.0982758000027,0.7241379310344828,0.7241379310344828
reg3,252,9,reg3_m252_s0,0,1795,89760,1.0451291055392846,252.0,252.0,0.03904189696894382,0.00011911245953957761,32,51,645.9350197000022,0.7241379310344828,0.7241379310344828
reg3,252,9,reg3_m252_s0,0,1800,90010,1.0451291055392846,252.0,252.0,0.03904189696894382,0.00011911245953957761,32,51,647.9755391000072,0.7241379310344828,0.7241379310344828
reg3,252,9,reg3_m252_s0,0,1805,90260,1.0451291055392846,252.0,252.0,0.03904189696894386,0.0001191124595396123,32,49,649.7969922000193,0.7241379310344828,0.7241379310344828
reg3,252,9,reg3_m252_s0,0,1810,90510,1.0451291055392846,252.0,252.0,0.03904189696894386,0.0001191124595396123,32,49,651.647962499992,0.7241379310344828,0.7241379310344828
reg3,252,9,reg3_m252_s0,0,1815,90760,1.0451291055392846,252.0,252.0,0.03904189696894386,0.0001191124595396123,32,49,653.4743703000131,0.7241379310344828,0.7241379310344828
reg3,252,9,reg3_m252_s0,0,1820,91010,1.0451291055392846,252.0,252.0,0.03904189696894382,0.00011911245953957761,32,51,655.3337569000141,0.7241379310344828,0.7241379310344828
reg3,252,9,reg3_m252_s0,0,1825,91260,1.0451291055392846,252.0,252.0,0.03904189696894386,0.0001191124595396123,32,49,657.0845735000039,0.7241379310344828,0.7241379310344828
reg3,252,9,reg3_m252_s0,0,1830,91510,1.0451291055392846,252.0,252.0,0.03904189696894382,0.00011911245953957761,32,51,658.8721218999999,0.7241379310344828,0.7241379310344828
reg3,252,9,reg3_m252_s0,0,1835,91760,1.0451291055392846,252.0,252.0,0.03904189696894382,0.00011911245953957761,32,51,660.6963779999933,0.7241379310344828,0.7241379310344828
reg3,252,9,reg3_m252_s0,0,1840,92010,1.0451291055392846,252.0,252.0,0.03904189696894382,0.00011911245953957761,32,51,662.5241019999958,0.7241379310344828,0.7241379310344828
reg3,252,9,reg3_m252_s0,0,1845,92260,1.0451291055392846,252.0,252.0,0.03904189696894382,0.00011911245953957761,32,51,664.337062400009,0.7241379310344828,0.7241379310344828
reg3,252,9,reg3_m252_s0,0,1850,92510,1.0451291055392846,252.0,252.0,0.03904189696894382,0.00011911245953957761,32,51,666.1607920000097,0.7241379310344828,0.7241379310344828
reg3,252,9,reg3_m252_s0,0,1855,92760,1.0451291055392846,252.0,252.0,0.03904189696894381,0.00011911245953959843,32,51,667.9970363000175,0.7241379310344828,0.7241379310344828
reg3,252,9,reg3_m252_s0,0,1860,93010,1.0451291055392846,252.0,252.0,0.03904189696894387,0.00011911245953961924,32,51,669.8154264000186,0.7241379310344828,0.7241379310344828
reg3,252,9,reg3_m252_s0,0,1865,93260,1.0451291055392846,252.0,252.0,0.03904189696894381,0.00011911245953959843,32,51,671.6048169000132,0.7241379310344828,0.7241379310344828
reg3,252,9,reg3_m252_s0,0,1870,93510,1.0451291055392846,252.0,252.0,0.0390418969689438,0.00011911245953960536,32,51,673.3665398000157,0.7241379310344828,0.7241379310344828
reg3,252,9,reg3_m252_s0,0,1875,93760,1.0451291055392846,252.0,252.0,0.03904189696894381,0.00011911245953955679,32,51,675.1351288000005,0.7241379310344828,0.7241379310344828
reg3,252,9,reg3_m252_s0,0,1880,94010,1.0451291055392846,252.0,252.0,0.03904189696894387,0.00011911245953961924,32,51,676.9039071000007,0.7241379310344828,0.7241379310344828
reg3,252,9,reg3_m252_s0,0,1885,94260,1.0451291055392846,252.0,252.0,0.03904189696894382,0.00011911245953957761,32,51,678.5505740999943,0.7241379310344828,0.7241379310344828
reg3,252,9,reg3_m252_s0,0,1890,94510,1.0451291055392846,252.0,252.0,0.0390418969689438,0.00011911245953960536,32,51,680.400945100002,0.7241379310344828,0.7241379310344828
reg3,252,9,reg3_m252_s0,0,1895,94760,1.0451291055392846,252.0,252.0,0.0390418969689438,0.00011911245953960536,32,51,682.2389308999991,0.7241379310344828,0.7241379310344828
reg3,252,9,reg3_m252_s0,0,1900,95010,1.0451291055392846,252.0,252.0,0.0390418969689438,0.00011911245953960536,32,51,684.0457488000102,0.7241379310344828,0.7241379310344828
reg3,252,9,reg3_m252_s0,0,1905,95260,1.0451291055392846,252.0,252.0,0.039041896968943765,0.00011911245953957761,32,51,685.8735918000166,0.7241379310344828,0.7241379310344828
reg3,252,9,reg3_m252_s0,0,1910,95510,1.0451291055392846,252.0,252.0,0.039041896968943765,0.00011911245953957761,32,51,688.1593919000006,0.7241379310344828,0.7241379310344828
reg3,252,9,reg3_m252_s0,0,1915,95760,1.0451291055392846,252.0,252.0,0.03904189696894381,0.00011911245953959843,32,51,689.983350399998,0.7241379310344828,0.7241379310344828
reg3,252,9,reg3_m252_s0,0,1920,96010,1.0451291055392846,252.0,252.0,0.03904189696894381,0.00011911245953955679,32,51,691.8523020000139,0.7241379310344828,0.7241379310344828
reg3,252,9,reg3_m252_s0,0,1925,96260,1.0451291055392846,252.0,252.0,0.03904189696894382,0.00011911245953959843,32,51,693.6971555000055,0.7241379310344828,0.7241379310344828
reg3,252,9,reg3_m252_s0,0,1930,96510,1.0451291055392846,252.0,252.0,0.03904189696894381,0.00011911245953955679,32,51,695.3698707000003,0.7241379310344828,0.7241379310344828
reg3,252,9,reg3_m252_s0,0,1935,96760,1.0451291055392846,252.0,252.0,0.03904189696894387,0.00011911245953961924,32,51,697.208323400002,0.7241379310344828,0.7241379310344828
reg3,252,9,reg3_m252_s0,0,1940,97010,1.0451291055392846,252.0,252.0,0.039041896968943834,0.00011911245953962618,32,51,698.9404653999954,0.7241379310344828,0.7241379310344828
reg3,252,9,reg3_m252_s0,0,1945,97260,1.0451291055392846,252.0,252.0,0.03904189696894387,0.00011911245953961924,32,51,700.935072799999,0.7241379310344828,0.7241379310344828
reg3,252,9,reg3_m252_s0,0,1950,97510,1.0451291055392846,252.0,252.0,0.03904189696894381,0.00011911245953955679,32,51,702.7986351000145,0.7241379310344828,0.7241379310344828
reg3,252,9,reg3_m252_s0,0,1955,97760,1.0451291055392846,252.0,252.0,0.03904189696894382,0.00011911245953959843,32,51,704.5456596000004,0.7241379310344828,0.7241379310344828
reg3,252,9,reg3_m252_s0,0,1960,98010,1.0451291055392846,252.0,252.0,0.03904189696894382,0.00011911245953959843,32,51,706.4537029000057,0.7241379310344828,0.7241379310344828
reg3,252,9,reg3_m252_s0,0,1965,98260,1.0451291055392846,252.0,252.0,0.03904189696894387,0.00011911245953961924,32,51,708.2905288000184,0.7241379310344828,0.7241379310344828
reg3,252,9,reg3_m252_s0,0,1970,98510,1.0451291055392846,252.0,252.0,0.03904189696894381,0.00011911245953955679,32,51,710.0701245999953,0.7241379310344828,0.7241379310344828
reg3,252,9,reg3_m252_s0,0,1975,98760,1.0451291055392846,252.0,252.0,0.039041896968943834,0.00011911245953954291,32,50,711.8714536000043,0.7241379310344828,0.7241379310344828
reg3,252,9,reg3_m252_s0,0,1980,99010,1.0451291055392846,252.0,252.0,0.03904189696894387,0.00011911245953961924,32,51,713.8991862999974,0.7241379310344828,0.7241379310344828
reg3,252,9,reg3_m252_s0,0,1985,99260,1.0451291055392846,252.0,252.0,0.03904189696894387,0.00011911245953961924,32,51,715.5803386000043,0.7241379310344828,0.7241379310344828
reg3,252,9,reg3_m252_s0,0,1990,99510,1.0451291055392846,252.0,252.0,0.03904189696894387,0.00011911245953961924,32,51,717.4398889000004,0.7241379310344828,0.7241379310344828
reg3,252,9,reg3_m252_s0,0,1995,99760,1.0451291055392846,252.0,252.0,0.03904189696894387,0.00011911245953961924,32,51,719.3704376000096,0.7241379310344828,0.7241379310344828
reg3,252,9,reg3_m252_s0,0,2000,100010,1.0451291055392846,252.0,252.0,0.03904189696894387,0.00011911245953961924,32,51,721.1545129000151,0.7241379310344828,0.7241379310344828
