family,m,n,instance,run,generation,evaluations,best_score,best_cut,pop_mean_cut,median_abs_corr,min_abs_corr,two_qubit,non_clifford,seconds,ratio_best,ratio_pop_mean
reg3,858,13,reg3_m858_s0,0,0,10,0.7731463783233771,659.0,641.7,0.005733757339549974,0.0,48,70,0.2568273000069894,0.5561181434599156,0.5415189873417722
reg3,858,13,reg3_m858_s0,0,5,260,0.8320269810037247,706.0,698.4,0.011344000746178914,7.183322069645841e-07,48,72,6.491501699987566,0.5957805907172996,0.5893670886075949
reg3,858,13,reg3_m858_s0,0,10,510,0.8580380958079517,727.0,714.9,0.013246511114828255,0.0,48,75,12.793398100009654,0.6135021097046414,0.6032911392405063
reg3,858,13,reg3_m858_s0,0,15,760,0.867631775315794,736.0,727.7,0.010660051485209217,0.0,48,75,19.206051999994088,0.6210970464135022,0.6140928270042194
reg3,858,13,reg3_m858_s0,0,20,1010,0.8780132862286223,742.0,736.3,0.013763341028474145,9.889109659193956e-20,48,74,25.86597630000324,0.6261603375527426,0.6213502109704641
reg3,858,13,reg3_m858_s0,0,25,1260,0.8816994792374254,746.0,741.6,0.011637162847240564,9.803347573284459e-19,48,75,32.341072399984114,0.6295358649789029,0.6258227848101267
reg3,858,13,reg3_m858_s0,0,30,1510,0.8937480046779497,755.0,746.4,0.01213280210133947,5.908584202690779e-19,48,75,38.47289420000743,0.6371308016877637,0.629873417721519
reg3,858,13,reg3_m858_s0,0,35,1760,0.8937480046779497,755.0,749.1,0.01213280210133947,5.908584202690779e-19,48,75,44.860300300002564,0.6371308016877637,0.6321518987341772
reg3,858,13,reg3_m858_s0,0,40,2010,0.8937480046779497,755.0,752.8,0.01213280210133947,5.908584202690779e-19,48,75,51.2576759000076,0.6371308016877637,0.6352742616033755
reg3,858,13,reg3_m858_s0,0,45,2260,0.8937480046779497,755.0,753.4,0.01213280210133947,5.908584202690779e-19,48,75,57.769183900003554,0.6371308016877637,0.6357805907172995
reg3,858,13,reg3_m858_s0,0,50,2510,0.898232901963069,758.0,755.2,0.01189404372141599,4.51997956478576e-19,48,75,64.14274979999755,0.639662447257384,0.6372995780590718
reg3,858,13,reg3_m858_s0,0,55,2760,0.8996748663173518,760.0,756.1,0.012225562374594573,0.0,48,75,70.49635619999026,0.6413502109704642,0.6380590717299578
reg3,858,13,reg3_m858_s0,0,60,3010,0.8996748663173518,760.0,756.4,0.012225562374594573,0.0,48,75,76.7432395000069,0.6413502109704642,0.6383122362869198
reg3,858,13,reg3_m858_s0,0,65,3260,0.8996748663173518,760.0,757.0,0.012225562374594573,0.0,48,75,83.17180829998688,0.6413502109704642,0.6388185654008439
reg3,858,13,reg3_m858_s0,0,70,3510,0.8996748663173518,760.0,757.9,0.012225562374594573,0.0,48,75,89.59350409999024,0.6413502109704642,0.6395780590717299
reg3,858,13,reg3_m858_s0,0,75,3760,0.9043382297682409,764.0,759.9,0.012225562374594566,1.7575933655526732e-19,48,76,95.74366770000779,0.6447257383966245,0.6412658227848101
reg3,858,13,reg3_m858_s0,0,80,4010,0.9043382297682409,764.0,760.9,0.012225562374594566,1.7575933655526732e-19,48,76,101.98306379999849,0.6447257383966245,0.6421097046413502
reg3,858,13,reg3_m858_s0,0,85,4260,0.9043382297682409,764.0,760.9,0.012225562374594566,1.7575933655526732e-19,48,76,108.28362699999707,0.6447257383966245,0.6421097046413502
reg3,858,13,reg3_m858_s0,0,90,4510,0.9052973581699192,766.0,763.0,0.014512975370669437,7.27601301691444e-19,48,75,114.66690779998316,0.6464135021097046,0.6438818565400843
reg3,858,13,reg3_m858_s0,0,95,4760,0.9052973581699192,766.0,765.2,0.014512975370669437,7.27601301691444e-19,48,75,121.07193070001085,0.6464135021097046,0.6457383966244726
reg3,858,13,reg3_m858_s0,0,100,5010,0.9052973581699192,766.0,765.5,0.014512975370669437,7.27601301691444e-19,48,75,127.538515799999,0.6464135021097046,0.6459915611814346
reg3,858,13,reg3_m858_s0,0,105,5260,0.9052973581699192,766.0,765.8,0.014512975370669437,7.27601301691444e-19,48,75,133.9631803999946,0.6464135021097046,0.6462447257383966
reg3,858,13,reg3_m858_s0,0,110,5510,0.9052973581699192,766.0,766.0,0.014512975370669437,7.27601301691444e-19,48,75,140.48405749999802,0.6464135021097046,0.6464135021097046
reg3,858,13,reg3_m858_s0,0,115,5760,0.9052973581699192,766.0,766.0,0.014512975370669437,7.27601301691444e-19,48,75,146.87194499999168,0.6464135021097046,0.6464135021097046
reg3,858,13,reg3_m858_s0,0,120,6010,0.9052973581699192,766.0,766.0,0.014512975370669437,7.27601301691444e-19,48,75,153.1411911000032,0.6464135021097046,0.6464135021097046
reg3,858,13,reg3_m858_s0,0,125,6260,0.9052973581699192,766.0,766.0,0.014512975370669437,7.27601301691444e-19,48,75,159.32715989998542,0.6464135021097046,0.6464135021097046
reg3,858,13,reg3_m858_s0,0,130,6510,0.9052973581699192,766.0,766.0,0.014512975370669437,7.27601301691444e-19,48,75,165.51893170000403,0.6464135021097046,0.6464135021097046
reg3,858,13,reg3_m858_s0,0,135,6760,0.9052973581699192,766.0,766.0,0.014512975370669437,7.27601301691444e-19,48,75,171.6193750000093,0.6464135021097046,0.6464135021097046
reg3,858,13,reg3_m858_s0,0,140,7010,0.9052973581699192,766.0,766.0,0.014512975370669437,7.27601301691444e-19,48,75,177.81820819998393,0.6464135021097046,0.6464135021097046
reg3,858,13,reg3_m858_s0,0,145,7260,0.9052973581699192,766.0,766.0,0.014512975370669437,7.27601301691444e-19,48,75,183.87436409998918,0.6464135021097046,0.6464135021097046
reg3,858,13,reg3_m858_s0,0,150,7510,0.9052973581699192,766.0,766.0,0.014512975370669437,7.27601301691444e-19,48,75,190.09694409999065,0.6464135021097046,0.6464135021097046
reg3,858,13,reg3_m858_s0,0,155,7760,0.9052973581699192,766.0,766.0,0.014512975370669437,7.27601301691444e-19,48,75,196.32255069998791,0.6464135021097046,0.6464135021097046
reg3,858,13,reg3_m858_s0,0,160,8010,0.9052973581699192,766.0,766.0,0.014512975370669437,7.27601301691444e-19,48,75,202.96831910000765,0.6464135021097046,0.6464135021097046
reg3,858,13,reg3_m858_s0,0,165,8260,0.9052973581699192,766.0,766.0,0.014512975370669437,7.27601301691444e-19,48,75,209.20881169999484,0.6464135021097046,0.6464135021097046
reg3,858,13,reg3_m858_s0,0,170,8510,0.9057076579357937,765.0,765.9,0.01392845668024744,1.1926223897340549e-18,48,75,215.50143679999746,0.6455696202531646,0.6463291139240506
reg3,858,13,reg3_m858_s0,0,175,8760,0.9057076579357937,765.0,765.9,0.01392845668024744,1.1926223897340549e-18,48,75,221.83898030000273,0.6455696202531646,0.6463291139240506
reg3,858,13,reg3_m858_s0,0,180,9010,0.9057076579357937,765.0,765.9,0.01392845668024744,1.1926223897340549e-18,48,75,228.18390229999204,0.6455696202531646,0.6463291139240506
reg3,858,13,reg3_m858_s0,0,185,9260,0.9057076579357937,765.0,765.9,0.01392845668024744,1.1926223897340549e-18,48,75,234.59083289999398,0.6455696202531646,0.6463291139240506
reg3,858,13,reg3_m858_s0,0,190,9510,0.9057076579357937,765.0,765.7,0.01392845668024744,1.1926223897340549e-18,48,75,240.9573218000005,0.6455696202531646,0.6461603375527426
reg3,858,13,reg3_m858_s0,0,195,9760,0.909439717964773,770.0,765.9,0.014406964173907525,0.0,48,75,247.04107390000718,0.6497890295358649,0.6463291139240506
reg3,858,13,reg3_m858_s0,0,200,10010,0.909439717964773,770.0,766.5,0.014406964173907525,0.0,48,75,253.34306650000508,0.6497890295358649,0.6468354430379747
reg3,858,13,reg3_m858_s0,0,205,10260,0.909439717964773,770.0,767.5,0.014406964173907525,0.0,48,75,259.75039370000013,0.6497890295358649,0.6476793248945147
reg3,858,13,reg3_m858_s0,0,210,10510,0.909439717964773,770.0,768.0,0.014406964173907525,0.0,48,75,266.0661537999986,0.6497890295358649,0.6481012658227848
reg3,858,13,reg3_m858_s0,0,215,10760,0.909439717964773,770.0,768.0,0.014406964173907525,0.0,48,75,272.5224759999837,0.6497890295358649,0.6481012658227848
reg3,858,13,reg3_m858_s0,0,220,11010,0.909439717964773,770.0,770.0,0.014406964173907525,0.0,48,75,278.75912199998857,0.6497890295358649,0.6497890295358649
reg3,858,13,reg3_m858_s0,0,225,11260,0.909439717964773,770.0,770.0,0.014406964173907525,0.0,48,75,285.2339202000003,0.6497890295358649,0.6497890295358649
reg3,858,13,reg3_m858_s0,0,230,11510,0.909439717964773,770.0,770.0,0.014406964173907525,0.0,48,75,291.5565151000046,0.6497890295358649,0.6497890295358649
reg3,858,13,reg3_m858_s0,0,235,11760,0.909439717964773,770.0,770.0,0.014406964173907525,0.0,48,75,297.50225570000475,0.6497890295358649,0.6497890295358649
reg3,858,13,reg3_m858_s0,0,240,12010,0.909439717964773,770.0,770.0,0.014406964173907525,0.0,48,75,303.8302024999866,0.6497890295358649,0.6497890295358649
reg3,858,13,reg3_m858_s0,0,245,12260,0.909439717964773,770.0,770.0,0.014406964173907525,0.0,48,75,310.2007270999893,0.6497890295358649,0.6497890295358649
reg3,858,13,reg3_m858_s0,0,250,12510,0.909439717964773,770.0,770.0,0.014406964173907525,0.0,48,75,316.4655674000096,0.6497890295358649,0.6497890295358649
reg3,858,13,reg3_m858_s0,0,255,12760,0.909439717964773,770.0,770.0,0.014406964173907525,0.0,48,75,322.7511789999844,0.6497890295358649,0.6497890295358649
reg3,858,13,reg3_m858_s0,0,260,13010,0.909439717964773,770.0,770.0,0.014406964173907525,0.0,48,75,329.17960119998315,0.6497890295358649,0.6497890295358649
reg3,858,13,reg3_m858_s0,0,265,13260,0.909439717964773,770.0,770.0,0.014406964173907525,0.0,48,75,335.56111899999087,0.6497890295358649,0.6497890295358649
reg3,858,13,reg3_m858_s0,0,270,13510,0.909439717964773,770.0,770.0,0.014406964173907525,0.0,48,75,341.95200769999065,0.6497890295358649,0.6497890295358649
reg3,858,13,reg3_m858_s0,0,275,13760,0.909439717964773,770.0,770.0,0.014406964173907525,0.0,48,75,348.1917744000093,0.6497890295358649,0.6497890295358649
reg3,858,13,reg3_m858_s0,0,280,14010,0.909439717964773,770.0,770.0,0.014406964173907525,0.0,48,75,354.4124790999922,0.6497890295358649,0.6497890295358649
reg3,858,13,reg3_m858_s0,0,285,14260,0.909439717964773,770.0,770.0,0.014406964173907525,0.0,48,75,360.7470258999965,0.6497890295358649,0.6497890295358649
reg3,858,13,reg3_m858_s0,0,290,14510,0.909439717964773,770.0,770.0,0.014406964173907525,0.0,48,75,367.09182289999444,0.6497890295358649,0.6497890295358649
reg3,858,13,reg3_m858_s0,0,295,14760,0.909439717964773,770.0,770.0,0.014406964173907525,0.0,48,75,373.3449551000085,0.6497890295358649,0.6497890295358649
reg3,858,13,reg3_m858_s0,0,300,15010,0.909439717964773,770.0,770.0,0.014406964173907525,0.0,48,75,379.39513829999487,0.6497890295358649,0.6497890295358649
reg3,858,13,reg3_m858_s0,0,305,15260,0.909439717964773,770.0,770.0,0.014406964173907525,0.0,48,75,385.6529217000061,0.6497890295358649,0.6497890295358649
reg3,858,13,reg3_m858_s0,0,310,15510,0.909439717964773,770.0,770.0,0.014406964173907525,0.0,48,75,391.6105746999965,0.6497890295358649,0.6497890295358649
reg3,858,13,reg3_m858_s0,0,315,15760,0.909439717964773,770.0,770.0,0.014406964173907525,0.0,48,75,397.85940280000796,0.6497890295358649,0.6497890295358649
reg3,858,13,reg3_m858_s0,0,320,16010,0.9112149464937843,772.0,770.2,0.014049144003216506,1.4992483166401116e-19,48,75,404.1612394999829,0.6514767932489451,0.649957805907173
reg3,858,13,reg3_m858_s0,0,325,16260,0.9112149464937843,772.0,771.0,0.014049144003216506,1.4992483166401116e-19,48,75,410.32255320000695,0.6514767932489451,0.6506329113924051
reg3,858,13,reg3_m858_s0,0,330,16510,0.9112149464937843,772.0,771.8,0.014049144003216506,1.4992483166401116e-19,48,75,416.704659799987,0.6514767932489451,0.6513080168776371
reg3,858,13,reg3_m858_s0,0,335,16760,0.9112149464937843,772.0,772.0,0.014049144003216506,1.4992483166401116e-19,48,75,422.90367060000426,0.6514767932489451,0.6514767932489451
reg3,858,13,reg3_m858_s0,0,340,17010,0.9112149464937843,772.0,772.0,0.014049144003216506,1.4992483166401116e-19,48,75,429.2204872999864,0.6514767932489451,0.6514767932489451
reg3,858,13,reg3_m858_s0,0,345,17260,0.9112149464937843,772.0,772.0,0.014049144003216506,1.4992483166401116e-19,48,75,435.30409980000695,0.6514767932489451,0.6514767932489451
reg3,858,13,reg3_m858_s0,0,350,17510,0.9112149464937843,772.0,772.0,0.014049144003216506,1.4992483166401116e-19,48,75,441.46348889998626,0.6514767932489451,0.6514767932489451
reg3,858,13,reg3_m858_s0,0,355,17760,0.9112149464937843,772.0,772.0,0.014049144003216506,1.4992483166401116e-19,48,75,447.62190239998745,0.6514767932489451,0.6514767932489451
reg3,858,13,reg3_m858_s0,0,360,18010,0.9112149464937843,772.0,772.0,0.014049144003216506,1.4992483166401116e-19,48,75,453.7438431000046,0.6514767932489451,0.6514767932489451
reg3,858,13,reg3_m858_s0,0,365,18260,0.9112149464937843,772.0,772.0,0.014049144003216506,1.4992483166401116e-19,48,75,459.96170220000204,0.6514767932489451,0.6514767932489451
reg3,858,13,reg3_m858_s0,0,370,18510,0.9112149464937843,772.0,772.0,0.014049144003216506,1.4992483166401116e-19,48,75,466.1289812999894,0.6514767932489451,0.6514767932489451
reg3,858,13,reg3_m858_s0,0,375,18760,0.9112149464937843,772.0,772.0,0.014049144003216506,1.4992483166401116e-19,48,75,472.0861312999914,0.6514767932489451,0.6514767932489451
reg3,858,13,reg3_m858_s0,0,380,19010,0.9112149464937843,772.0,772.0,0.014049144003216506,1.4992483166401116e-19,48,75,478.3973979000002,0.6514767932489451,0.6514767932489451
reg3,858,13,reg3_m858_s0,0,385,19260,0.9112149464937843,772.0,772.0,0.014049144003216506,1.4992483166401116e-19,48,75,484.7622654000006,0.6514767932489451,0.6514767932489451
reg3,858,13,reg3_m858_s0,0,390,19510,0.9112149464937843,772.0,772.0,0.014049144003216506,1.4992483166401116e-19,48,75,491.0421296999848,0.6514767932489451,0.6514767932489451
reg3,858,13,reg3_m858_s0,0,395,19760,0.9112149464937843,772.0,772.0,0.014049144003216506,1.4992483166401116e-19,48,75,497.2565403000044,0.6514767932489451,0.6514767932489451
reg3,858,13,reg3_m858_s0,0,400,20010,0.9112149464937843,772.0,772.0,0.014049144003216506,1.4992483166401116e-19,48,75,503.72083619999466,0.6514767932489451,0.6514767932489451
reg3,858,13,reg3_m858_s0,0,405,20260,0.9112149464937843,772.0,772.0,0.014049144003216506,1.4992483166401116e-19,48,75,509.88486610000837,0.6514767932489451,0.6514767932489451
reg3,858,13,reg3_m858_s0,0,410,20510,0.9112149464937843,772.0,772.0,0.014049144003216506,1.4992483166401116e-19,48,75,516.3007773999998,0.6514767932489451,0.6514767932489451
reg3,858,13,reg3_m858_s0,0,415,20760,0.9112149464937843,772.0,772.0,0.014049144003216506,1.4992483166401116e-19,48,75,522.4789601000084,0.6514767932489451,0.6514767932489451
reg3,858,13,reg3_m858_s0,0,420,21010,0.9112149464937843,772.0,772.0,0.014049144003216506,1.4992483166401116e-19,48,75,528.6650325999944,0.6514767932489451,0.6514767932489451
reg3,858,13,reg3_m858_s0,0,425,21260,0.9112149464937843,772.0,772.0,0.014049144003216506,1.4992483166401116e-19,48,75,534.961964999995,0.6514767932489451,0.6514767932489451
reg3,858,13,reg3_m858_s0,0,430,21510,0.9112149464937843,772.0,772.0,0.014049144003216506,1.4992483166401116e-19,48,75,541.2142950999842,0.6514767932489451,0.6514767932489451
reg3,858,13,reg3_m858_s0,0,435,21760,0.9112149464937843,772.0,772.0,0.014049144003216506,1.4992483166401116e-19,48,75,547.7253671000071,0.6514767932489451,0.6514767932489451
reg3,858,13,reg3_m858_s0,0,440,22010,0.9112149464937843,772.0,772.0,0.014049144003216506,1.4992483166401116e-19,48,75,554.0970207999926,0.6514767932489451,0.6514767932489451
reg3,858,13,reg3_m858_s0,0,445,22260,0.9112149464937843,772.0,772.0,0.014049144003216506,1.4992483166401116e-19,48,75,560.8368424999935,0.6514767932489451,0.6514767932489451
reg3,858,13,reg3_m858_s0,0,450,22510,0.9112149464937843,772.0,772.0,0.014049144003216506,1.4992483166401116e-19,48,75,567.2887707999907,0.6514767932489451,0.6514767932489451
reg3,858,13,reg3_m858_s0,0,455,22760,0.9112149464937843,772.0,772.0,0.014049144003216506,1.4992483166401116e-19,48,75,573.4418082000047,0.6514767932489451,0.6514767932489451
reg3,858,13,reg3_m858_s0,0,460,23010,0.9112149464937843,772.0,772.0,0.014049144003216506,1.4992483166401116e-19,48,75,579.7318304000073,0.6514767932489451,0.6514767932489451
reg3,858,13,reg3_m858_s0,0,465,23260,0.9112149464937843,772.0,772.0,0.014049144003216506,1.4992483166401116e-19,48,75,586.1741503000085,0.6514767932489451,0.6514767932489451
reg3,858,13,reg3_m858_s0,0,470,23510,0.9112149464937843,772.0,772.0,0.014049144003216506,1.4992483166401116e-19,48,75,592.5260737999924,0.6514767932489451,0.6514767932489451
reg3,858,13,reg3_m858_s0,0,475,23760,0.9112149464937843,772.0,772.0,0.014049144003216506,1.4992483166401116e-19,48,75,598.9667914999882,0.6514767932489451,0.6514767932489451
reg3,858,13,reg3_m858_s0,0,480,24010,0.9112149464937843,772.0,772.0,0.014049144003216506,1.4992483166401116e-19,48,75,605.1807575999992,0.6514767932489451,0.6514767932489451
reg3,858,13,reg3_m858_s0,0,485,24260,0.9112149464937843,772.0,772.0,0.014049144003216506,1.4992483166401116e-19,48,75,611.4045896999887,0.6514767932489451,0.6514767932489451
reg3,858,13,reg3_m858_s0,0,490,24510,0.9112149464937843,772.0,772.0,0.014049144003216506,1.4992483166401116e-19,48,75,617.7421536000038,0.6514767932489451,0.6514767932489451
reg3,858,13,reg3_m858_s0,0,495,24760,0.9112149464937843,772.0,772.0,0.014049144003216506,1.4992483166401116e-19,48,75,623.9161337999976,0.6514767932489451,0.6514767932489451
reg3,858,13,reg3_m858_s0,0,500,25010,0.9112149464937843,772.0,772.0,0.014049144003216506,1.4992483166401116e-19,48,75,630.0236659999937,0.6514767932489451,0.6514767932489451
reg3,858,13,reg3_m858_s0,0,505,25260,0.9112149464937843,772.0,772.0,0.014049144003216506,1.4992483166401116e-19,48,75,636.1197259000037,0.6514767932489451,0.6514767932489451
reg3,858,13,reg3_m858_s0,0,510,25510,0.9112149464937843,772.0,772.0,0.014049144003216506,1.4992483166401116e-19,48,75,642.2760047999909,0.6514767932489451,0.6514767932489451
reg3,858,13,reg3_m858_s0,0,515,25760,0.9112149464937843,772.0,772.0,0.014049144003216506,1.4992483166401116e-19,48,75,648.5177075999964,0.6514767932489451,0.6514767932489451
reg3,858,13,reg3_m858_s0,0,520,26010,0.9112149464937843,772.0,772.0,0.014049144003216506,1.4992483166401116e-19,48,75,654.8218680999998,0.6514767932489451,0.6514767932489451
reg3,858,13,reg3_m858_s0,0,525,26260,0.9112149464937843,772.0,772.0,0.014049144003216506,1.4992483166401116e-19,48,75,660.8277864999836,0.6514767932489451,0.6514767932489451
reg3,858,13,reg3_m858_s0,0,530,26510,0.9112149464937843,772.0,772.0,0.014049144003216506,1.4992483166401116e-19,48,75,666.8355867000064,0.6514767932489451,0.6514767932489451
reg3,858,13,reg3_m858_s0,0,535,26760,0.9112149464937843,772.0,772.0,0.014049144003216506,1.4992483166401116e-19,48,75,672.969841699989,0.6514767932489451,0.6514767932489451
reg3,858,13,reg3_m858_s0,0,540,27010,0.9112149464937843,772.0,772.0,0.014049144003216506,1.4992483166401116e-19,48,75,679.3452012999915,0.6514767932489451,0.6514767932489451
reg3,858,13,reg3_m858_s0,0,545,27260,0.9112149464937843,772.0,772.0,0.014049144003216506,1.4992483166401116e-19,48,75,685.5688874000043,0.6514767932489451,0.6514767932489451
reg3,858,13,reg3_m858_s0,0,550,27510,0.9112149464937843,772.0,772.0,0.014049144003216506,1.4992483166401116e-19,48,75,691.9316754000029,0.6514767932489451,0.6514767932489451
reg3,858,13,reg3_m858_s0,0,555,27760,0.9112149464937843,772.0,772.0,0.014049144003216506,1.4992483166401116e-19,48,75,698.2139906999946,0.6514767932489451,0.6514767932489451
reg3,858,13,reg3_m858_s0,0,560,28010,0.9112149464937843,772.0,772.0,0.014049144003216506,1.4992483166401116e-19,48,75,704.5502504000033,0.6514767932489451,0.6514767932489451
reg3,858,13,reg3_m858_s0,0,565,28260,0.9112149464937843,772.0,772.0,0.014049144003216506,1.4992483166401116e-19,48,75,710.7292849000078,0.6514767932489451,0.6514767932489451
reg3,858,13,reg3_m858_s0,0,570,28510,0.9112149464937843,772.0,772.0,0.014049144003216506,1.4992483166401116e-19,48,75,716.848465499992,0.6514767932489451,0.6514767932489451
reg3,858,13,reg3_m858_s0,0,575,28760,0.9112149464937843,772.0,772.0,0.014049144003216506,1.4992483166401116e-19,48,75,723.0186596999993,0.6514767932489451,0.6514767932489451
reg3,858,13,reg3_m858_s0,0,580,29010,0.9112149464937843,772.0,772.0,0.014049144003216506,1.4992483166401116e-19,48,75,729.2559791000094,0.6514767932489451,0.6514767932489451
reg3,858,13,reg3_m858_s0,0,585,29260,0.9112149464937843,772.0,772.0,0.014049144003216506,1.4992483166401116e-19,48,75,735.351468799985,0.6514767932489451,0.6514767932489451
reg3,858,13,reg3_m858_s0,0,590,29510,0.9112149464937843,772.0,772.0,0.014049144003216506,1.4992483166401116e-19,48,75,741.483730500011,0.6514767932489451,0.6514767932489451
reg3,858,13,reg3_m858_s0,0,595,29760,0.9112149464937843,772.0,772.0,0.014049144003216506,1.4992483166401116e-19,48,75,747.7376179999846,0.6514767932489451,0.6514767932489451
reg3,858,13,reg3_m858_s0,0,600,30010,0.9112149464937843,772.0,772.0,0.014049144003216506,1.4992483166401116e-19,48,75,753.9637887999997,0.6514767932489451,0.6514767932489451
reg3,858,13,reg3_m858_s0,0,605,30260,0.9112149464937843,772.0,772.0,0.014049144003216506,1.4992483166401116e-19,48,75,760.019295999984,0.6514767932489451,0.6514767932489451
reg3,858,13,reg3_m858_s0,0,610,30510,0.9112149464937843,772.0,772.0,0.014049144003216506,1.4992483166401116e-19,48,75,766.2195926999848,0.6514767932489451,0.6514767932489451
reg3,858,13,reg3_m858_s0,0,615,30760,0.9112149464937843,772.0,772.0,0.014049144003216506,1.4992483166401116e-19,48,75,772.5151964999968,0.6514767932489451,0.6514767932489451
reg3,858,13,reg3_m858_s0,0,620,31010,0.9112149464937843,772.0,772.0,0.014049144003216506,1.4992483166401116e-19,48,75,778.8275262000097,0.6514767932489451,0.6514767932489451
reg3,858,13,reg3_m858_s0,0,625,31260,0.9112149464937843,772.0,772.0,0.014049144003216506,1.4992483166401116e-19,48,75,785.0763802999863,0.6514767932489451,0.6514767932489451
reg3,858,13,reg3_m858_s0,0,630,31510,0.9112149464937843,772.0,772.0,0.014049144003216506,1.4992483166401116e-19,48,75,791.1825611999957,0.6514767932489451,0.6514767932489451
reg3,858,13,reg3_m858_s0,0,635,31760,0.9112149464937843,772.0,772.0,0.014049144003216506,1.4992483166401116e-19,48,75,797.441021799983,0.6514767932489451,0.6514767932489451
reg3,858,13,reg3_m858_s0,0,640,32010,0.9112149464937843,772.0,772.0,0.014049144003216506,1.4992483166401116e-19,48,75,803.7843836999964,0.6514767932489451,0.6514767932489451
reg3,858,13,reg3_m858_s0,0,645,32260,0.9112149464937843,772.0,772.0,0.014049144003216506,1.4992483166401116e-19,48,75,810.2039100999827,0.6514767932489451,0.6514767932489451
reg3,858,13,reg3_m858_s0,0,650,32510,0.9112149464937843,772.0,772.0,0.014049144003216506,1.4992483166401116e-19,48,75,816.3802851999935,0.6514767932489451,0.6514767932489451
reg3,858,13,reg3_m858_s0,0,655,32760,0.9112149464937843,772.0,772.0,0.014049144003216506,1.4992483166401116e-19,48,75,822.5151444000076,0.6514767932489451,0.6514767932489451
reg3,858,13,reg3_m858_s0,0,660,33010,0.9112149464937843,772.0,772.0,0.014049144003216506,1.4992483166401116e-19,48,75,828.7283735999954,0.6514767932489451,0.6514767932489451
reg3,858,13,reg3_m858_s0,0,665,33260,0.9112149464937843,772.0,772.0,0.014049144003216506,1.4992483166401116e-19,48,75,835.0352319999947,0.6514767932489451,0.6514767932489451
reg3,858,13,reg3_m858_s0,0,670,33510,0.9112149464937843,772.0,772.0,0.014049144003216506,1.4992483166401116e-19,48,75,841.1698109999998,0.6514767932489451,0.6514767932489451
reg3,858,13,reg3_m858_s0,0,675,33760,0.9112149464937843,772.0,772.0,0.014049144003216506,1.4992483166401116e-19,48,75,847.5693412999972,0.6514767932489451,0.6514767932489451
reg3,858,13,reg3_m858_s0,0,680,34010,0.9112149464937843,772.0,772.0,0.014049144003216506,1.4992483166401116e-19,48,75,853.992920699995,0.6514767932489451,0.6514767932489451
reg3,858,13,reg3_m858_s0,0,685,34260,0.9112149464937843,772.0,772.0,0.014049144003216506,1.4992483166401116e-19,48,75,860.3113824999891,0.6514767932489451,0.6514767932489451
reg3,858,13,reg3_m858_s0,0,690,34510,0.9112149464937843,772.0,772.0,0.014049144003216506,1.4992483166401116e-19,48,75,866.6610641999869,0.6514767932489451,0.6514767932489451
reg3,858,13,reg3_m858_s0,0,695,34760,0.9112149464937843,772.0,772.0,0.014049144003216506,1.4992483166401116e-19,48,75,872.8075453999918,0.6514767932489451,0.6514767932489451
reg3,858,13,reg3_m858_s0,0,700,35010,0.9112149464937843,772.0,772.0,0.014049144003216506,1.4992483166401116e-19,48,75,878.9249143000052,0.6514767932489451,0.6514767932489451
reg3,858,13,reg3_m858_s0,0,705,35260,0.9112149464937843,772.0,772.0,0.014049144003216506,1.4992483166401116e-19,48,75,885.2778268999828,0.6514767932489451,0.6514767932489451
reg3,858,13,reg3_m858_s0,0,710,35510,0.9112149464937843,772.0,772.0,0.014049144003216506,1.4992483166401116e-19,48,75,891.6424619999889,0.6514767932489451,0.6514767932489451
reg3,858,13,reg3_m858_s0,0,715,35760,0.9112149464937843,772.0,772.0,0.014049144003216506,1.4992483166401116e-19,48,75,897.8745542000106,0.6514767932489451,0.6514767932489451
reg3,858,13,reg3_m858_s0,0,720,36010,0.9112149464937843,772.0,772.0,0.014049144003216506,1.4992483166401116e-19,48,75,904.4384221000073,0.6514767932489451,0.6514767932489451
reg3,858,13,reg3_m858_s0,0,725,36260,0.9112149464937843,772.0,772.0,0.014049144003216506,1.4992483166401116e-19,48,75,910.6355419000029,0.6514767932489451,0.6514767932489451
reg3,858,13,reg3_m858_s0,0,730,36510,0.9112149464937843,772.0,772.0,0.014049144003216506,1.4992483166401116e-19,48,75,916.7902217000083,0.6514767932489451,0.6514767932489451
reg3,858,13,reg3_m858_s0,0,735,36760,0.9112149464937843,772.0,772.0,0.014049144003216506,1.4992483166401116e-19,48,75,923.0517104000028,0.6514767932489451,0.6514767932489451
reg3,858,13,reg3_m858_s0,0,740,37010,0.9112149464937843,772.0,772.0,0.014049144003216506,1.4992483166401116e-19,48,75,929.3727989000035,0.6514767932489451,0.6514767932489451
reg3,858,13,reg3_m858_s0,0,745,37260,0.9112149464937843,772.0,772.0,0.014049144003216506,1.4992483166401116e-19,48,75,935.8182940999977,0.6514767932489451,0.6514767932489451
reg3,858,13,reg3_m858_s0,0,750,37510,0.9112149464937843,772.0,772.0,0.014049144003216506,1.4992483166401116e-19,48,75,942.0646892999939,0.6514767932489451,0.6514767932489451
reg3,858,13,reg3_m858_s0,0,755,37760,0.9112149464937843,772.0,772.0,0.014049144003216506,1.4992483166401116e-19,48,75,948.3700992999948,0.6514767932489451,0.6514767932489451
reg3,858,13,reg3_m858_s0,0,760,38010,0.9112149464937843,772.0,772.0,0.014049144003216506,1.4992483166401116e-19,48,75,954.4482762999833,0.6514767932489451,0.6514767932489451
reg3,858,13,reg3_m858_s0,0,765,38260,0.9112149464937843,772.0,772.0,0.014049144003216506,1.4992483166401116e-19,48,75,960.7381105000095,0.6514767932489451,0.6514767932489451
reg3,858,13,reg3_m858_s0,0,770,38510,0.9112149464937843,772.0,772.0,0.014049144003216506,1.4992483166401116e-19,48,75,967.0935316999967,0.6514767932489451,0.6514767932489451
reg3,858,13,reg3_m858_s0,0,775,38760,0.9112149464937843,772.0,772.0,0.014049144003216506,1.4992483166401116e-19,48,75,973.3992931999965,0.6514767932489451,0.6514767932489451
reg3,858,13,reg3_m858_s0,0,780,39010,0.9112149464937843,772.0,772.0,0.014049144003216506,1.4992483166401116e-19,48,75,979.7555143999925,0.6514767932489451,0.6514767932489451
reg3,858,13,reg3_m858_s0,0,785,39260,0.9112149464937843,772.0,772.0,0.014049144003216506,1.4992483166401116e-19,48,75,986.1528573000105,0.6514767932489451,0.6514767932489451
reg3,858,13,reg3_m858_s0,0,790,39510,0.9112149464937843,772.0,772.0,0.014049144003216506,1.4992483166401116e-19,48,75,992.5432209999999,0.6514767932489451,0.6514767932489451
reg3,858,13,reg3_m858_s0,0,795,39760,0.9112149464937843,772.0,772.0,0.014049144003216506,1.4992483166401116e-19,48,75,999.0872362999944,0.6514767932489451,0.6514767932489451
reg3,858,13,reg3_m858_s0,0,800,40010,0.9112149464937843,772.0,772.0,0.014049144003216506,1.4992483166401116e-19,48,75,1005.3576854999992,0.6514767932489451,0.6514767932489451
reg3,858,13,reg3_m858_s0,0,805,40260,0.9112149464937843,772.0,772.0,0.014049144003216506,1.4992483166401116e-19,48,75,1011.6279186999891,0.6514767932489451,0.6514767932489451
reg3,858,13,reg3_m858_s0,0,810,40510,0.9112149464937843,772.0,772.0,0.014049144003216506,1.4992483166401116e-19,48,75,1017.7331615999865,0.6514767932489451,0.6514767932489451
reg3,858,13,reg3_m858_s0,0,815,40760,0.9112149464937843,772.0,772.0,0.014049144003216506,1.4992483166401116e-19,48,75,1023.9197827999888,0.6514767932489451,0.6514767932489451
reg3,858,13,reg3_m858_s0,0,820,41010,0.9112149464937843,772.0,772.0,0.014049144003216506,1.4992483166401116e-19,48,75,1030.1205699999991,0.6514767932489451,0.6514767932489451
reg3,858,13,reg3_m858_s0,0,825,41260,0.9112149464937843,772.0,772.0,0.014049144003216506,1.4992483166401116e-19,48,75,1036.2942276000103,0.6514767932489451,0.6514767932489451
reg3,858,13,reg3_m858_s0,0,830,41510,0.9112149464937843,772.0,772.0,0.014049144003216506,1.4992483166401116e-19,48,75,1042.4121882999898,0.6514767932489451,0.6514767932489451
reg3,858,13,reg3_m858_s0,0,835,41760,0.9112149464937843,772.0,772.0,0.014049144003216506,1.4992483166401116e-19,48,75,1048.9393781999825,0.6514767932489451,0.6514767932489451
reg3,858,13,reg3_m858_s0,0,840,42010,0.9112149464937843,772.0,772.0,0.014049144003216506,1.4992483166401116e-19,48,75,1055.2143236999982,0.6514767932489451,0.6514767932489451
reg3,858,13,reg3_m858_s0,0,845,42260,0.9112149464937843,772.0,772.0,0.014049144003216506,1.4992483166401116e-19,48,75,1061.3117390999978,0.6514767932489451,0.6514767932489451
reg3,858,13,reg3_m858_s0,0,850,42510,0.9112149464937843,772.0,772.0,0.014049144003216506,1.4992483166401116e-19,48,75,1067.448674299987,0.6514767932489451,0.6514767932489451
reg3,858,13,reg3_m858_s0,0,855,42760,0.9112149464937843,772.0,772.0,0.014049144003216506,1.4992483166401116e-19,48,75,1073.6114323000074,0.6514767932489451,0.6514767932489451
reg3,858,13,reg3_m858_s0,0,860,43010,0.9112149464937843,772.0,772.0,0.014049144003216506,1.4992483166401116e-19,48,75,1079.8223096999864,0.6514767932489451,0.6514767932489451
reg3,858,13,reg3_m858_s0,0,865,43260,0.9112149464937843,772.0,772.0,0.014049144003216506,1.4992483166401116e-19,48,75,1085.2977769999998,0.6514767932489451,0.6514767932489451
reg3,858,13,reg3_m858_s0,0,870,43510,0.9112149464937843,772.0,772.0,0.014049144003216506,1.4992483166401116e-19,48,75,1091.1864115000062,0.6514767932489451,0.6514767932489451
reg3,858,13,reg3_m858_s0,0,875,43760,0.9112149464937843,772.0,772.0,0.014049144003216506,1.4992483166401116e-19,48,75,1096.5964526000025,0.6514767932489451,0.6514767932489451
reg3,858,13,reg3_m858_s0,0,880,44010,0.9112149464937843,772.0,772.0,0.014049144003216506,1.4992483166401116e-19,48,75,1101.9147739000036,0.6514767932489451,0.6514767932489451
reg3,858,13,reg3_m858_s0,0,885,44260,0.9112149464937843,772.0,772.0,0.014049144003216506,1.4992483166401116e-19,48,75,1107.4538356999983,0.6514767932489451,0.6514767932489451
reg3,858,13,reg3_m858_s0,0,890,44510,0.9112149464937843,772.0,772.0,0.014049144003216506,1.4992483166401116e-19,48,75,1112.8469196000078,0.6514767932489451,0.6514767932489451
reg3,858,13,reg3_m858_s0,0,895,44760,0.9112149464937843,772.0,772.0,0.014049144003216506,1.4992483166401116e-19,48,75,1118.366278600006,0.6514767932489451,0.6514767932489451
reg3,858,13,reg3_m858_s0,0,900,45010,0.9112149464937843,772.0,772.0,0.014049144003216506,1.4992483166401116e-19,48,75,1124.0600754999905,0.6514767932489451,0.6514767932489451
reg3,858,13,reg3_m858_s0,0,905,45260,0.9112149464937843,772.0,772.0,0.014049144003216506,1.4992483166401116e-19,48,75,1129.345349100011,0.6514767932489451,0.6514767932489451
reg3,858,13,reg3_m858_s0,0,910,45510,0.9112149464937843,772.0,772.0,0.014049144003216506,1.4992483166401116e-19,48,75,1134.7488926000078,0.6514767932489451,0.6514767932489451
reg3,858,13,reg3_m858_s0,0,915,45760,0.9112149464937843,772.0,772.0,0.014049144003216506,1.4992483166401116e-19,48,75,1140.2375361000013,0.6514767932489451,0.6514767932489451
reg3,858,13,reg3_m858_s0,0,920,46010,0.9112149464937843,772.0,772.0,0.014049144003216506,1.4992483166401116e-19,48,75,1145.7213627999881,0.6514767932489451,0.6514767932489451
reg3,858,13,reg3_m858_s0,0,925,46260,0.9112149464937843,772.0,772.0,0.014049144003216506,1.4992483166401116e-19,48,75,1151.2558174000005,0.6514767932489451,0.6514767932489451
reg3,858,13,reg3_m858_s0,0,930,46510,0.9112149464937843,772.0,772.0,0.014049144003216506,1.4992483166401116e-19,48,75,1156.7443465999968,0.6514767932489451,0.6514767932489451
reg3,858,13,reg3_m858_s0,0,935,46760,0.9112149464937843,772.0,772.0,0.014049144003216506,1.4992483166401116e-19,48,75,1162.259952399996,0.6514767932489451,0.6514767932489451
reg3,858,13,reg3_m858_s0,0,940,47010,0.9112149464937843,772.0,772.0,0.014049144003216506,1.4992483166401116e-19,48,75,1167.6568382999976,0.6514767932489451,0.6514767932489451
reg3,858,13,reg3_m858_s0,0,945,47260,0.9112149464937843,772.0,772.0,0.014049144003216506,1.4992483166401116e-19,48,75,1173.2426347,0.6514767932489451,0.6514767932489451
reg3,858,13,reg3_m858_s0,0,950,47510,0.9112149464937843,772.0,772.0,0.014049144003216506,1.4992483166401116e-19,48,75,1180.517994599999,0.6514767932489451,0.6514767932489451
reg3,858,13,reg3_m858_s0,0,955,47760,0.9112149464937843,772.0,772.0,0.014049144003216506,1.4992483166401116e-19,48,75,1187.268632399995,0.6514767932489451,0.6514767932489451
reg3,858,13,reg3_m858_s0,0,960,48010,0.9112149464937843,772.0,772.0,0.014049144003216506,1.4992483166401116e-19,48,75,1194.056958000001,0.6514767932489451,0.6514767932489451
reg3,858,13,reg3_m858_s0,0,965,48260,0.9112149464937843,772.0,772.0,0.014049144003216506,1.4992483166401116e-19,48,75,1200.257450300007,0.6514767932489451,0.6514767932489451
reg3,858,13,reg3_m858_s0,0,970,48510,0.9112149464937843,772.0,772.0,0.014049144003216506,1.4992483166401116e-19,48,75,1206.2071435000107,0.6514767932489451,0.6514767932489451
reg3,858,13,reg3_m858_s0,0,975,48760,0.9112149464937843,772.0,772.0,0.014049144003216506,1.4992483166401116e-19,48,75,1211.7307262000104,0.6514767932489451,0.6514767932489451
reg3,858,13,reg3_m858_s0,0,980,49010,0.9112149464937843,772.0,772.0,0.014049144003216506,1.4992483166401116e-19,48,75,1217.0874348999932,0.6514767932489451,0.6514767932489451
reg3,858,13,reg3_m858_s0,0,985,49260,0.9112149464937843,772.0,772.0,0.014049144003216506,1.4992483166401116e-19,48,75,1222.8193666999869,0.6514767932489451,0.6514767932489451
reg3,858,13,reg3_m858_s0,0,990,49510,0.9112149464937843,772.0,772.0,0.014049144003216506,1.4992483166401116e-19,48,75,1228.5263735000044,0.6514767932489451,0.6514767932489451
reg3,858,13,reg3_m858_s0,0,995,49760,0.9112149464937843,772.0,772.0,0.014049144003216506,1.4992483166401116e-19,48,75,1234.2380429999903,0.6514767932489451,0.6514767932489451
reg3,858,13,reg3_m858_s0,0,1000,50010,0.9112149464937843,772.0,772.0,0.014049144003216506,1.4992483166401116e-19,48,75,1239.6283466999885,0.6514767932489451,0.6514767932489451
reg3,858,13,reg3_m858_s0,0,1005,50260,0.9112149464937843,772.0,772.0,0.014049144003216506,1.4992483166401116e-19,48,75,1245.2103489,0.6514767932489451,0.6514767932489451
reg3,858,13,reg3_m858_s0,0,1010,50510,0.9112149464937843,772.0,772.0,0.014049144003216506,1.4992483166401116e-19,48,75,1250.684214000008,0.6514767932489451,0.6514767932489451
reg3,858,13,reg3_m858_s0,0,1015,50760,0.9112149464937843,772.0,772.0,0.014049144003216506,1.4992483166401116e-19,48,75,1256.4661095000047,0.6514767932489451,0.6514767932489451
reg3,858,13,reg3_m858_s0,0,1020,51010,0.9112149464937843,772.0,772.0,0.014049144003216506,1.4992483166401116e-19,48,75,1262.116666899994,0.6514767932489451,0.6514767932489451
reg3,858,13,reg3_m858_s0,0,1025,51260,0.9112149464937843,772.0,772.0,0.014049144003216506,1.4992483166401116e-19,48,75,1268.5132684999844,0.6514767932489451,0.6514767932489451
reg3,858,13,reg3_m858_s0,0,1030,51510,0.9112149464937843,772.0,772.0,0.014049144003216506,1.4992483166401116e-19,48,75,1273.7964184999873,0.6514767932489451,0.6514767932489451
reg3,858,13,reg3_m858_s0,0,1035,51760,0.9112149464937843,772.0,772.0,0.014049144003216506,1.4992483166401116e-19,48,75,1279.0564397999842,0.6514767932489451,0.6514767932489451
reg3,858,13,reg3_m858_s0,0,1040,52010,0.9112149464937843,772.0,772.0,0.014049144003216506,1.4992483166401116e-19,48,75,1284.4008257999958,0.6514767932489451,0.6514767932489451
reg3,858,13,reg3_m858_s0,0,1045,52260,0.9112149464937843,772.0,772.0,0.014049144003216506,1.4992483166401116e-19,48,75,1289.8407505000068,0.6514767932489451,0.6514767932489451
reg3,858,13,reg3_m858_s0,0,1050,52510,0.9112149464937843,772.0,772.0,0.014049144003216506,1.4992483166401116e-19,48,75,1294.9181669999962,0.6514767932489451,0.6514767932489451
reg3,858,13,reg3_m858_s0,0,1055,52760,0.9112149464937843,772.0,772.0,0.014049144003216506,1.4992483166401116e-19,48,75,1300.436826899997,0.6514767932489451,0.6514767932489451
reg3,858,13,reg3_m858_s0,0,1060,53010,0.9112149464937843,772.0,772.0,0.014049144003216506,1.4992483166401116e-19,48,75,1305.8467282000056,0.6514767932489451,0.6514767932489451
reg3,858,13,reg3_m858_s0,0,1065,53260,0.9112149464937843,772.0,772.0,0.014049144003216506,1.4992483166401116e-19,48,75,1311.0693206999858,0.6514767932489451,0.6514767932489451
reg3,858,13,reg3_m858_s0,0,1070,53510,0.9112149464937843,772.0,772.0,0.014049144003216506,1.4992483166401116e-19,48,75,1316.6461942000024,0.6514767932489451,0.6514767932489451
reg3,858,13,reg3_m858_s0,0,1075,53760,0.9112149464937843,772.0,772.0,0.014049144003216506,1.4992483166401116e-19,48,75,1322.0602575000084,0.6514767932489451,0.6514767932489451
reg3,858,13,reg3_m858_s0,0,1080,54010,0.9112149464937843,772.0,772.0,0.014049144003216506,1.4992483166401116e-19,48,75,1327.1233159999829,0.6514767932489451,0.6514767932489451
reg3,858,13,reg3_m858_s0,0,1085,54260,0.9112149464937843,772.0,772.0,0.014049144003216506,1.4992483166401116e-19,48,75,1332.4744819999905,0.6514767932489451,0.6514767932489451
reg3,858,13,reg3_m858_s0,0,1090,54510,0.9112149464937843,772.0,772.0,0.014049144003216506,1.4992483166401116e-19,48,75,1337.935460699984,0.6514767932489451,0.6514767932489451
reg3,858,13,reg3_m858_s0,0,1095,54760,0.9112149464937843,772.0,772.0,0.014049144003216506,1.4992483166401116e-19,48,75,1343.4749445999914,0.6514767932489451,0.6514767932489451
reg3,858,13,reg3_m858_s0,0,1100,55010,0.9112149464937843,772.0,772.0,0.014049144003216506,1.4992483166401116e-19,48,75,1348.6359834999894,0.6514767932489451,0.6514767932489451
reg3,858,13,reg3_m858_s0,0,1105,55260,0.9112149464937843,772.0,772.0,0.014049144003216506,1.4992483166401116e-19,48,75,1353.9072942000057,0.6514767932489451,0.6514767932489451
reg3,858,13,reg3_m858_s0,0,1110,55510,0.9112149464937843,772.0,772.0,0.014049144003216506,1.4992483166401116e-19,48,75,1359.2779474999988,0.6514767932489451,0.6514767932489451
reg3,858,13,reg3_m858_s0,0,1115,55760,0.9112149464937843,772.0,772.0,0.014049144003216506,1.4992483166401116e-19,48,75,1364.4678519000008,0.6514767932489451,0.6514767932489451
reg3,858,13,reg3_m858_s0,0,1120,56010,0.9112149464937843,772.0,772.0,0.014049144003216506,1.4992483166401116e-19,48,75,1370.0598016000004,0.6514767932489451,0.6514767932489451
reg3,858,13,reg3_m858_s0,0,1125,56260,0.9112149464937843,772.0,772.0,0.014049144003216506,1.4992483166401116e-19,48,75,1375.2524980999879,0.6514767932489451,0.6514767932489451
reg3,858,13,reg3_m858_s0,0,1130,56510,0.9112149464937843,772.0,772.0,0.014049144003216506,1.4992483166401116e-19,48,75,1380.6798828000028,0.6514767932489451,0.6514767932489451
reg3,858,13,reg3_m858_s0,0,1135,56760,0.9112149464937843,772.0,772.0,0.014049144003216506,1.4992483166401116e-19,48,75,1386.027197599993,0.6514767932489451,0.6514767932489451
reg3,858,13,reg3_m858_s0,0,1140,57010,0.9112149464937843,772.0,772.0,0.014049144003216506,1.4992483166401116e-19,48,75,1391.0327865,0.6514767932489451,0.6514767932489451
reg3,858,13,reg3_m858_s0,0,1145,57260,0.9112149464937843,772.0,772.0,0.014049144003216506,1.4992483166401116e-19,48,75,1395.9744393999863,0.6514767932489451,0.6514767932489451
reg3,858,13,reg3_m858_s0,0,1150,57510,0.9112149464937843,772.0,772.0,0.014049144003216506,1.4992483166401116e-19,48,75,1401.1070557000057,0.6514767932489451,0.6514767932489451
reg3,858,13,reg3_m858_s0,0,1155,57760,0.9112149464937843,772.0,772.0,0.014049144003216506,1.4992483166401116e-19,48,75,1406.3184565999836,0.6514767932489451,0.6514767932489451
reg3,858,13,reg3_m858_s0,0,1160,58010,0.9112149464937843,772.0,772.0,0.014049144003216506,1.4992483166401116e-19,48,75,1411.429915899993,0.6514767932489451,0.6514767932489451
reg3,858,13,reg3_m858_s0,0,1165,58260,0.9112149464937843,772.0,772.0,0.014049144003216506,1.4992483166401116e-19,48,75,1416.5841397999902,0.6514767932489451,0.6514767932489451
reg3,858,13,reg3_m858_s0,0,1170,58510,0.9112149464937843,772.0,772.0,0.014049144003216506,1.4992483166401116e-19,48,75,1421.62336279999,0.6514767932489451,0.6514767932489451
reg3,858,13,reg3_m858_s0,0,1175,58760,0.9112149464937843,772.0,772.0,0.014049144003216506,1.4992483166401116e-19,48,75,1426.7696527999942,0.6514767932489451,0.6514767932489451
reg3,858,13,reg3_m858_s0,0,1180,59010,0.9112149464937843,772.0,772.0,0.014049144003216506,1.4992483166401116e-19,48,75,1431.825678299996,0.6514767932489451,0.6514767932489451
reg3,858,13,reg3_m858_s0,0,1185,59260,0.9112149464937843,772.0,772.0,0.014049144003216506,1.4992483166401116e-19,48,75,1437.0623510000005,0.6514767932489451,0.6514767932489451
reg3,858,13,reg3_m858_s0,0,1190,59510,0.9112149464937843,772.0,772.0,0.014049144003216506,1.4992483166401116e-19,48,75,1442.3001836999902,0.6514767932489451,0.6514767932489451
reg3,858,13,reg3_m858_s0,0,1195,59760,0.9112149464937843,772.0,772.0,0.014049144003216506,1.4992483166401116e-19,48,75,1447.5332666999893,0.6514767932489451,0.6514767932489451
reg3,858,13,reg3_m858_s0,0,1200,60010,0.9112149464937843,772.0,772.0,0.014049144003216506,1.4992483166401116e-19,48,75,1452.7976928999997,0.6514767932489451,0.6514767932489451
reg3,858,13,reg3_m858_s0,0,1205,60260,0.9112149464937843,772.0,772.0,0.014049144003216506,1.4992483166401116e-19,48,75,1457.9398762999917,0.6514767932489451,0.6514767932489451
reg3,858,13,reg3_m858_s0,0,1210,60510,0.9112149464937843,772.0,772.0,0.014049144003216506,1.4992483166401116e-19,48,75,1463.2108692000038,0.6514767932489451,0.6514767932489451
reg3,858,13,reg3_m858_s0,0,1215,60760,0.9112149464937843,772.0,772.0,0.014049144003216506,1.4992483166401116e-19,48,75,1468.4395098999958,0.6514767932489451,0.6514767932489451
reg3,858,13,reg3_m858_s0,0,1220,61010,0.9112149464937843,772.0,772.0,0.014049144003216506,1.4992483166401116e-19,48,75,1473.4735290000099,0.6514767932489451,0.6514767932489451
reg3,858,13,reg3_m858_s0,0,1225,61260,0.9112149464937843,772.0,772.0,0.014049144003216506,1.4992483166401116e-19,48,75,1478.6270201999869,0.6514767932489451,0.6514767932489451
reg3,858,13,reg3_m858_s0,0,1230,61510,0.9112149464937843,772.0,772.0,0.014049144003216506,1.4992483166401116e-19,48,75,1483.8694942999864,0.6514767932489451,0.6514767932489451
reg3,858,13,reg3_m858_s0,0,1235,61760,0.9112149464937843,772.0,772.0,0.014049144003216506,1.4992483166401116e-19,48,75,1489.0902707999921,0.6514767932489451,0.6514767932489451
reg3,858,13,reg3_m858_s0,0,1240,62010,0.9112149464937843,772.0,772.0,0.014049144003216506,1.4992483166401116e-19,48,75,1494.2968157999858,0.6514767932489451,0.6514767932489451
reg3,858,13,reg3_m858_s0,0,1245,62260,0.9112149464937843,772.0,772.0,0.014049144003216506,1.4992483166401116e-19,48,75,1499.3267338000005,0.6514767932489451,0.6514767932489451
reg3,858,13,reg3_m858_s0,0,1250,62510,0.9112149464937843,772.0,772.0,0.014049144003216506,1.4992483166401116e-19,48,75,1504.402894800005,0.6514767932489451,0.6514767932489451
reg3,858,13,reg3_m858_s0,0,1255,62760,0.9112149464937843,772.0,772.0,0.014049144003216506,1.4992483166401116e-19,48,75,1509.7023405999935,0.6514767932489451,0.6514767932489451
reg3,858,13,reg3_m858_s0,0,1260,63010,0.9112149464937843,772.0,772.0,0.014049144003216506,1.4992483166401116e-19,48,75,1514.9973270999908,0.6514767932489451,0.6514767932489451
reg3,858,13,reg3_m858_s0,0,1265,63260,0.9112149464937843,772.0,772.0,0.014049144003216506,1.4992483166401116e-19,48,75,1520.247906100005,0.6514767932489451,0.6514767932489451
reg3,858,13,reg3_m858_s0,0,1270,63510,0.9112149464937843,772.0,772.0,0.014049144003216506,1.4992483166401116e-19,48,75,1525.4095185000042,0.6514767932489451,0.6514767932489451
reg3,858,13,reg3_m858_s0,0,1275,63760,0.9112149464937843,772.0,772.0,0.014049144003216506,1.4992483166401116e-19,48,75,1530.4840563999896,0.6514767932489451,0.6514767932489451
reg3,858,13,reg3_m858_s0,0,1280,64010,0.9112149464937843,772.0,772.0,0.014049144003216506,1.4992483166401116e-19,48,75,1535.6354343999992,0.6514767932489451,0.6514767932489451
reg3,858,13,reg3_m858_s0,0,1285,64260,0.9112149464937843,772.0,772.0,0.014049144003216506,1.4992483166401116e-19,48,75,1541.5804973999911,0.6514767932489451,0.6514767932489451
reg3,858,13,reg3_m858_s0,0,1290,64510,0.9112149464937843,772.0,772.0,0.014049144003216506,1.4992483166401116e-19,48,75,1547.5485647000023,0.6514767932489451,0.6514767932489451
reg3,858,13,reg3_m858_s0,0,1295,64760,0.9112149464937843,772.0,772.0,0.014049144003216506,1.4992483166401116e-19,48,75,1553.4119286999921,0.6514767932489451,0.6514767932489451
reg3,858,13,reg3_m858_s0,0,1300,65010,0.9112149464937843,772.0,772.0,0.014049144003216506,1.4992483166401116e-19,48,75,1559.326021899993,0.6514767932489451,0.6514767932489451
reg3,858,13,reg3_m858_s0,0,1305,65260,0.9112149464937843,772.0,772.0,0.014049144003216506,1.4992483166401116e-19,48,75,1565.2485624999972,0.6514767932489451,0.6514767932489451
reg3,858,13,reg3_m858_s0,0,1310,65510,0.9112149464937843,772.0,772.0,0.014049144003216506,1.4992483166401116e-19,48,75,1571.07462140001,0.6514767932489451,0.6514767932489451
reg3,858,13,reg3_m858_s0,0,1315,65760,0.9112149464937843,772.0,772.0,0.014049144003216506,1.4992483166401116e-19,48,75,1577.114594099985,0.6514767932489451,0.6514767932489451
reg3,858,13,reg3_m858_s0,0,1320,66010,0.9112149464937843,772.0,772.0,0.014049144003216506,1.4992483166401116e-19,48,75,1583.038884699985,0.6514767932489451,0.6514767932489451
reg3,858,13,reg3_m858_s0,0,1325,66260,0.9112149464937843,772.0,772.0,0.014049144003216506,1.4992483166401116e-19,48,75,1589.0311860000074,0.6514767932489451,0.6514767932489451
reg3,858,13,reg3_m858_s0,0,1330,66510,0.9112149464937843,772.0,772.0,0.014049144003216506,1.4992483166401116e-19,48,75,1594.899724899995,0.6514767932489451,0.6514767932489451
reg3,858,13,reg3_m858_s0,0,1335,66760,0.9112149464937843,772.0,772.0,0.014049144003216506,1.4992483166401116e-19,48,75,1600.8146818999958,0.6514767932489451,0.6514767932489451
reg3,858,13,reg3_m858_s0,0,1340,67010,0.9112149464937843,772.0,772.0,0.014049144003216506,1.4992483166401116e-19,48,75,1606.8932212000072,0.6514767932489451,0.6514767932489451
reg3,858,13,reg3_m858_s0,0,1345,67260,0.9112149464937843,772.0,772.0,0.014049144003216506,1.4992483166401116e-19,48,75,1612.740511699987,0.6514767932489451,0.6514767932489451
reg3,858,13,reg3_m858_s0,0,1350,67510,0.9112149464937843,772.0,772.0,0.014049144003216506,1.4992483166401116e-19,48,75,1618.7057694999967,0.6514767932489451,0.6514767932489451
reg3,858,13,reg3_m858_s0,0,1355,67760,0.9112149464937843,772.0,772.0,0.014049144003216506,1.4992483166401116e-19,48,75,1624.6977595000062,0.6514767932489451,0.6514767932489451
reg3,858,13,reg3_m858_s0,0,1360,68010,0.9112149464937843,772.0,772.0,0.014049144003216506,1.4992483166401116e-19,48,75,1630.5835389999847,0.6514767932489451,0.6514767932489451
reg3,858,13,reg3_m858_s0,0,1365,68260,0.9112149464937843,772.0,772.0,0.014049144003216506,1.4992483166401116e-19,48,75,1636.4727071000088,0.6514767932489451,0.6514767932489451
reg3,858,13,reg3_m858_s0,0,1370,68510,0.9112149464937843,772.0,772.0,0.014049144003216506,1.4992483166401116e-19,48,75,1642.3304069000005,0.6514767932489451,0.6514767932489451
reg3,858,13,reg3_m858_s0,0,1375,68760,0.9112149464937843,772.0,772.0,0.014049144003216506,1.4992483166401116e-19,48,75,1648.2858085999906,0.6514767932489451,0.6514767932489451
reg3,858,13,reg3_m858_s0,0,1380,69010,0.9112149464937843,772.0,772.0,0.014049144003216506,1.4992483166401116e-19,48,75,1654.3449892000062,0.6514767932489451,0.6514767932489451
reg3,858,13,reg3_m858_s0,0,1385,69260,0.9112149464937843,772.0,772.0,0.014049144003216506,1.4992483166401116e-19,48,75,1660.4541298999975,0.6514767932489451,0.6514767932489451
reg3,858,13,reg3_m858_s0,0,1390,69510,0.9112149464937843,772.0,772.0,0.014049144003216506,1.4992483166401116e-19,48,75,1666.4583644999948,0.6514767932489451,0.6514767932489451
reg3,858,13,reg3_m858_s0,0,1395,69760,0.9112149464937843,772.0,772.0,0.014049144003216506,1.4992483166401116e-19,48,75,1672.4497476999823,0.6514767932489451,0.6514767932489451
reg3,858,13,reg3_m858_s0,0,1400,70010,0.9112149464937843,772.0,772.0,0.014049144003216506,1.4992483166401116e-19,48,75,1678.405987999984,0.6514767932489451,0.6514767932489451
reg3,858,13,reg3_m858_s0,0,1405,70260,0.9112149464937843,772.0,772.0,0.014049144003216506,1.4992483166401116e-19,48,75,1684.5943485999887,0.6514767932489451,0.6514767932489451
reg3,858,13,reg3_m858_s0,0,1410,70510,0.9112149464937843,772.0,772.0,0.014049144003216506,1.4992483166401116e-19,48,75,1690.555309599993,0.6514767932489451,0.6514767932489451
reg3,858,13,reg3_m858_s0,0,1415,70760,0.9112149464937843,772.0,772.0,0.014049144003216506,1.4992483166401116e-19,48,75,1696.6406499999866,0.6514767932489451,0.6514767932489451
reg3,858,13,reg3_m858_s0,0,1420,71010,0.9112149464937843,772.0,772.0,0.014049144003216506,1.4992483166401116e-19,48,75,1702.803851900011,0.6514767932489451,0.6514767932489451
reg3,858,13,reg3_m858_s0,0,1425,71260,0.9112149464937843,772.0,772.0,0.014049144003216506,1.4992483166401116e-19,48,75,1708.916198699997,0.6514767932489451,0.6514767932489451
reg3,858,13,reg3_m858_s0,0,1430,71510,0.9112149464937843,772.0,772.0,0.014049144003216506,1.4992483166401116e-19,48,75,1715.137601800001,0.6514767932489451,0.6514767932489451
reg3,858,13,reg3_m858_s0,0,1435,71760,0.9112149464937843,772.0,772.0,0.014049144003216506,1.4992483166401116e-19,48,75,1721.4175807999854,0.6514767932489451,0.6514767932489451
reg3,858,13,reg3_m858_s0,0,1440,72010,0.9112149464937843,772.0,772.0,0.014049144003216506,1.4992483166401116e-19,48,75,1727.7933248000045,0.6514767932489451,0.6514767932489451
reg3,858,13,reg3_m858_s0,0,1445,72260,0.9112149464937843,772.0,772.0,0.014049144003216506,1.4992483166401116e-19,48,75,1733.9008733000082,0.6514767932489451,0.6514767932489451
reg3,858,13,reg3_m858_s0,0,1450,72510,0.9112149464937843,772.0,772.0,0.014049144003216506,1.4992483166401116e-19,48,75,1739.8061101000058,0.6514767932489451,0.6514767932489451
reg3,858,13,reg3_m858_s0,0,1455,72760,0.9112149464937843,772.0,772.0,0.014049144003216506,1.4992483166401116e-19,48,75,1745.8205407999922,0.6514767932489451,0.6514767932489451
reg3,858,13,reg3_m858_s0,0,1460,73010,0.9112149464937843,772.0,772.0,0.014049144003216506,1.4992483166401116e-19,48,75,1751.770338500006,0.6514767932489451,0.6514767932489451
reg3,858,13,reg3_m858_s0,0,1465,73260,0.9112149464937843,772.0,772.0,0.014049144003216506,1.4992483166401116e-19,48,75,1757.713424799993,0.6514767932489451,0.6514767932489451
reg3,858,13,reg3_m858_s0,0,1470,73510,0.9112149464937843,772.0,772.0,0.014049144003216506,1.4992483166401116e-19,48,75,1763.6830035999883,0.6514767932489451,0.6514767932489451
reg3,858,13,reg3_m858_s0,0,1475,73760,0.9112149464937843,772.0,772.0,0.014049144003216506,1.4992483166401116e-19,48,75,1769.5584104000009,0.6514767932489451,0.6514767932489451
reg3,858,13,reg3_m858_s0,0,1480,74010,0.9112149464937843,772.0,772.0,0.014049144003216506,1.4992483166401116e-19,48,75,1775.7714098999859,0.6514767932489451,0.6514767932489451
reg3,858,13,reg3_m858_s0,0,1485,74260,0.9112149464937843,772.0,772.0,0.014049144003216506,1.4992483166401116e-19,48,75,1781.7705181000056,0.6514767932489451,0.6514767932489451
reg3,858,13,reg3_m858_s0,0,1490,74510,0.9112149464937843,772.0,772.0,0.014049144003216506,1.4992483166401116e-19,48,75,1787.7762432000018,0.6514767932489451,0.6514767932489451
reg3,858,13,reg3_m858_s0,0,1495,74760,0.9112149464937843,772.0,772.0,0.014049144003216506,1.4992483166401116e-19,48,75,1793.596237699996,0.6514767932489451,0.6514767932489451
reg3,858,13,reg3_m858_s0,0,1500,75010,0.9112149464937843,772.0,772.0,0.014049144003216506,1.4992483166401116e-19,48,75,1799.6319784999941,0.6514767932489451,0.6514767932489451
reg3,858,13,reg3_m858_s0,0,1505,75260,0.9112149464937843,772.0,772.0,0.014049144003216506,1.4992483166401116e-19,48,75,1805.6458106999926,0.6514767932489451,0.6514767932489451
reg3,858,13,reg3_m858_s0,0,1510,75510,0.9112149464937843,772.0,772.0,0.014049144003216506,1.4992483166401116e-19,48,75,1811.5127855000028,0.6514767932489451,0.6514767932489451
reg3,858,13,reg3_m858_s0,0,1515,75760,0.9112149464937843,772.0,772.0,0.014049144003216506,1.4992483166401116e-19,48,75,1817.378123500006,0.6514767932489451,0.6514767932489451
reg3,858,13,reg3_m858_s0,0,1520,76010,0.9112149464937843,772.0,772.0,0.014049144003216506,1.4992483166401116e-19,48,75,1823.2718696999946,0.6514767932489451,0.6514767932489451
reg3,858,13,reg3_m858_s0,0,1525,76260,0.9112149464937843,772.0,772.0,0.014049144003216506,1.4992483166401116e-19,48,75,1829.089088799985,0.6514767932489451,0.6514767932489451
reg3,858,13,reg3_m858_s0,0,1530,76510,0.9112149464937843,772.0,772.0,0.014049144003216506,1.4992483166401116e-19,48,75,1835.0140943999868,0.6514767932489451,0.6514767932489451
reg3,858,13,reg3_m858_s0,0,1535,76760,0.9112149464937843,772.0,772.0,0.014049144003216506,1.4992483166401116e-19,48,75,1841.011971800006,0.6514767932489451,0.6514767932489451
reg3,858,13,reg3_m858_s0,0,1540,77010,0.9112149464937843,772.0,772.0,0.014049144003216506,1.4992483166401116e-19,48,75,1846.9739680000057,0.6514767932489451,0.6514767932489451
reg3,858,13,reg3_m858_s0,0,1545,77260,0.9112149464937843,772.0,772.0,0.014049144003216506,1.4992483166401116e-19,48,75,1852.8562452000042,0.6514767932489451,0.6514767932489451
reg3,858,13,reg3_m858_s0,0,1550,77510,0.9112149464937843,772.0,772.0,0.014049144003216506,1.4992483166401116e-19,48,75,1858.733477700007,0.6514767932489451,0.6514767932489451
reg3,858,13,reg3_m858_s0,0,1555,77760,0.9112149464937843,772.0,772.0,0.014049144003216506,1.4992483166401116e-19,48,75,1864.6611820999824,0.6514767932489451,0.6514767932489451
reg3,858,13,reg3_m858_s0,0,1560,78010,0.9112149464937843,772.0,772.0,0.014049144003216506,1.4992483166401116e-19,48,75,1870.519441499986,0.6514767932489451,0.6514767932489451
reg3,858,13,reg3_m858_s0,0,1565,78260,0.9112149464937843,772.0,772.0,0.014049144003216506,1.4992483166401116e-19,48,75,1876.462860300002,0.6514767932489451,0.6514767932489451
reg3,858,13,reg3_m858_s0,0,1570,78510,0.9112149464937843,772.0,772.0,0.014049144003216506,1.4992483166401116e-19,48,75,1882.3056716999854,0.6514767932489451,0.6514767932489451
reg3,858,13,reg3_m858_s0,0,1575,78760,0.9112149464937843,772.0,772.0,0.014049144003216506,1.4992483166401116e-19,48,75,1888.0663212999934,0.6514767932489451,0.6514767932489451
reg3,858,13,reg3_m858_s0,0,1580,79010,0.9112149464937843,772.0,772.0,0.014049144003216506,1.4992483166401116e-19,48,75,1894.0561065000074,0.6514767932489451,0.6514767932489451
reg3,858,13,reg3_m858_s0,0,1585,79260,0.9112149464937843,772.0,772.0,0.014049144003216506,1.4992483166401116e-19,48,75,1900.0087851999851,0.6514767932489451,0.6514767932489451
reg3,858,13,reg3_m858_s0,0,1590,79510,0.9112149464937843,772.0,772.0,0.014049144003216506,1.4992483166401116e-19,48,75,1905.915528099984,0.6514767932489451,0.6514767932489451
reg3,858,13,reg3_m858_s0,0,1595,79760,0.9112149464937843,772.0,772.0,0.014049144003216506,1.4992483166401116e-19,48,75,1911.8888898000005,0.6514767932489451,0.6514767932489451
reg3,858,13,reg3_m858_s0,0,1600,80010,0.9112149464937843,772.0,772.0,0.014049144003216506,1.4992483166401116e-19,48,75,1917.876022099983,0.6514767932489451,0.6514767932489451
reg3,858,13,reg3_m858_s0,0,1605,80260,0.9112149464937843,772.0,772.0,0.014049144003216506,1.4992483166401116e-19,48,75,1923.9021054999903,0.6514767932489451,0.6514767932489451
reg3,858,13,reg3_m858_s0,0,1610,80510,0.9112149464937843,772.0,772.0,0.014049144003216506,1.4992483166401116e-19,48,75,1929.8380749000062,0.6514767932489451,0.6514767932489451
reg3,858,13,reg3_m858_s0,0,1615,80760,0.9112149464937843,772.0,772.0,0.014049144003216506,1.4992483166401116e-19,48,75,1935.73920370001,0.6514767932489451,0.6514767932489451
reg3,858,13,reg3_m858_s0,0,1620,81010,0.9112149464937843,772.0,772.0,0.014049144003216506,1.4992483166401116e-19,48,75,1941.7618871000013,0.6514767932489451,0.6514767932489451
reg3,858,13,reg3_m858_s0,0,1625,81260,0.9112149464937843,772.0,772.0,0.014049144003216506,1.4992483166401116e-19,48,75,1947.800596999994,0.6514767932489451,0.6514767932489451
reg3,858,13,reg3_m858_s0,0,1630,81510,0.9112149464937843,772.0,772.0,0.014049144003216506,1.4992483166401116e-19,48,75,1954.1203099999984,0.6514767932489451,0.6514767932489451
reg3,858,13,reg3_m858_s0,0,1635,81760,0.9112149464937843,772.0,772.0,0.014049144003216506,1.4992483166401116e-19,48,75,1960.287466699985,0.6514767932489451,0.6514767932489451
reg3,858,13,reg3_m858_s0,0,1640,82010,0.9112149464937843,772.0,772.0,0.014049144003216506,1.4992483166401116e-19,48,75,1966.2072148000007,0.6514767932489451,0.6514767932489451
reg3,858,13,reg3_m858_s0,0,1645,82260,0.9112149464937843,772.0,772.0,0.014049144003216506,1.4992483166401116e-19,48,75,1972.1692850000109,0.6514767932489451,0.6514767932489451
reg3,858,13,reg3_m858_s0,0,1650,82510,0.9112149464937843,772.0,772.0,0.014049144003216506,1.4992483166401116e-19,48,75,1978.2605775999837,0.6514767932489451,0.6514767932489451
reg3,858,13,reg3_m858_s0,0,1655,82760,0.9112149464937843,772.0,772.0,0.014049144003216506,1.4992483166401116e-19,48,75,1984.3042647000111,0.6514767932489451,0.6514767932489451
reg3,858,13,reg3_m858_s0,0,1660,83010,0.9112149464937843,772.0,772.0,0.014049144003216506,1.4992483166401116e-19,48,75,1990.1563283999858,0.6514767932489451,0.6514767932489451
reg3,858,13,reg3_m858_s0,0,1665,83260,0.9112149464937843,772.0,772.0,0.014049144003216506,1.4992483166401116e-19,48,75,1996.0373003999994,0.6514767932489451,0.6514767932489451
reg3,858,13,reg3_m858_s0,0,1670,83510,0.9112149464937843,772.0,772.0,0.014049144003216506,1.4992483166401116e-19,48,75,2001.9388441999909,0.6514767932489451,0.6514767932489451
reg3,858,13,reg3_m858_s0,0,1675,83760,0.9112149464937843,772.0,772.0,0.014049144003216506,1.4992483166401116e-19,48,75,2007.8825299000018,0.6514767932489451,0.6514767932489451
reg3,858,13,reg3_m858_s0,0,1680,84010,0.9112149464937843,772.0,772.0,0.014049144003216506,1.4992483166401116e-19,48,75,2013.9581833999837,0.6514767932489451,0.6514767932489451
reg3,858,13,reg3_m858_s0,0,1685,84260,0.9112149464937843,772.0,772.0,0.014049144003216506,1.4992483166401116e-19,48,75,2019.8805068999936,0.6514767932489451,0.6514767932489451
reg3,858,13,reg3_m858_s0,0,1690,84510,0.9112149464937843,772.0,772.0,0.014049144003216506,1.4992483166401116e-19,48,75,2025.9525535999855,0.6514767932489451,0.6514767932489451
reg3,858,13,reg3_m858_s0,0,1695,84760,0.9112149464937843,772.0,772.0,0.014049144003216506,1.4992483166401116e-19,48,75,2032.0354764999938,0.6514767932489451,0.6514767932489451
reg3,858,13,reg3_m858_s0,0,1700,85010,0.9112149464937843,772.0,772.0,0.014049144003216506,1.4992483166401116e-19,48,75,2038.0398529999948,0.6514767932489451,0.6514767932489451
reg3,858,13,reg3_m858_s0,0,1705,85260,0.9112149464937843,772.0,772.0,0.014049144003216506,1.4992483166401116e-19,48,75,2044.1137764999876,0.6514767932489451,0.6514767932489451
reg3,858,13,reg3_m858_s0,0,1710,85510,0.9112149464937843,772.0,772.0,0.014049144003216506,1.4992483166401116e-19,48,75,2050.025191599998,0.6514767932489451,0.6514767932489451
reg3,858,13,reg3_m858_s0,0,1715,85760,0.9112149464937843,772.0,772.0,0.014049144003216506,1.4992483166401116e-19,48,75,2055.935676199995,0.6514767932489451,0.6514767932489451
reg3,858,13,reg3_m858_s0,0,1720,86010,0.9112149464937843,772.0,772.0,0.014049144003216506,1.4992483166401116e-19,48,75,2061.9940735999844,0.6514767932489451,0.6514767932489451
reg3,858,13,reg3_m858_s0,0,1725,86260,0.9112149464937843,772.0,772.0,0.014049144003216506,1.4992483166401116e-19,48,75,2068.1048933999846,0.6514767932489451,0.6514767932489451
reg3,858,13,reg3_m858_s0,0,1730,86510,0.9112149464937843,772.0,772.0,0.014049144003216506,1.4992483166401116e-19,48,75,2074.138926099986,0.6514767932489451,0.6514767932489451
reg3,858,13,reg3_m858_s0,0,1735,86760,0.9112149464937843,772.0,772.0,0.014049144003216506,1.4992483166401116e-19,48,75,2080.1992322999868,0.6514767932489451,0.6514767932489451
reg3,858,13,reg3_m858_s0,0,1740,87010,0.9112149464937843,772.0,772.0,0.014049144003216506,1.4992483166401116e-19,48,75,2086.1211011999985,0.6514767932489451,0.6514767932489451
reg3,858,13,reg3_m858_s0,0,1745,87260,0.9112149464937843,772.0,772.0,0.014049144003216506,1.4992483166401116e-19,48,75,2092.1856557999854,0.6514767932489451,0.6514767932489451
reg3,858,13,reg3_m858_s0,0,1750,87510,0.9112149464937843,772.0,772.0,0.014049144003216506,1.4992483166401116e-19,48,75,2098.081131199986,0.6514767932489451,0.6514767932489451
reg3,858,13,reg3_m858_s0,0,1755,87760,0.9112149464937843,772.0,772.0,0.014049144003216506,1.4992483166401116e-19,48,75,2104.0731158999843,0.6514767932489451,0.6514767932489451
reg3,858,13,reg3_m858_s0,0,1760,88010,0.9112149464937843,772.0,772.0,0.014049144003216506,1.4992483166401116e-19,48,75,2109.9544539999915,0.6514767932489451,0.6514767932489451
reg3,858,13,reg3_m858_s0,0,1765,88260,0.9112149464937843,772.0,772.0,0.014049144003216506,1.4992483166401116e-19,48,75,2116.1562766999996,0.6514767932489451,0.6514767932489451
reg3,858,13,reg3_m858_s0,0,1770,88510,0.9112149464937843,772.0,772.0,0.014049144003216506,1.4992483166401116e-19,48,75,2122.093490500003,0.6514767932489451,0.6514767932489451
reg3,858,13,reg3_m858_s0,0,1775,88760,0.9112149464937843,772.0,772.0,0.014049144003216506,1.4992483166401116e-19,48,75,2127.9857899000053,0.6514767932489451,0.6514767932489451
reg3,858,13,reg3_m858_s0,0,1780,89010,0.9112149464937843,772.0,772.0,0.014049144003216506,1.4992483166401116e-19,48,75,2133.8199826999917,0.6514767932489451,0.6514767932489451
reg3,858,13,reg3_m858_s0,0,1785,89260,0.9112149464937843,772.0,772.0,0.014049144003216506,1.4992483166401116e-19,48,75,2139.8247028999904,0.6514767932489451,0.6514767932489451
reg3,858,13,reg3_m858_s0,0,1790,89510,0.9112149464937843,772.0,772.0,0.014049144003216506,1.4992483166401116e-19,48,75,2145.642098000011,0.6514767932489451,0.6514767932489451
reg3,858,13,reg3_m858_s0,0,1795,89760,0.9112149464937843,772.0,772.0,0.014049144003216506,1.4992483166401116e-19,48,75,2151.5848285999964,0.6514767932489451,0.6514767932489451
reg3,858,13,reg3_m858_s0,0,1800,90010,0.9112149464937843,772.0,772.0,0.014049144003216506,1.4992483166401116e-19,48,75,2157.514967199997,0.6514767932489451,0.6514767932489451
reg3,858,13,reg3_m858_s0,0,1805,90260,0.9112149464937843,772.0,772.0,0.014049144003216506,1.4992483166401116e-19,48,75,2163.3724333999853,0.6514767932489451,0.6514767932489451
reg3,858,13,reg3_m858_s0,0,1810,90510,0.9112149464937843,772.0,772.0,0.014049144003216506,1.4992483166401116e-19,48,75,2169.3353487999993,0.6514767932489451,0.6514767932489451
reg3,858,13,reg3_m858_s0,0,1815,90760,0.9112149464937843,772.0,772.0,0.014049144003216506,1.4992483166401116e-19,48,75,2175.129613500001,0.6514767932489451,0.6514767932489451
reg3,858,13,reg3_m858_s0,0,1820,91010,0.9112149464937843,772.0,772.0,0.014049144003216506,1.4992483166401116e-19,48,75,2181.1151202000037,0.6514767932489451,0.6514767932489451
reg3,858,13,reg3_m858_s0,0,1825,91260,0.9112149464937843,772.0,772.0,0.014049144003216506,1.4992483166401116e-19,48,75,2187.032618199999,0.6514767932489451,0.6514767932489451
reg3,858,13,reg3_m858_s0,0,1830,91510,0.9112149464937843,772.0,772.0,0.014049144003216506,1.4992483166401116e-19,48,75,2193.0228705999907,0.6514767932489451,0.6514767932489451
reg3,858,13,reg3_m858_s0,0,1835,91760,0.9112149464937843,772.0,772.0,0.014049144003216506,1.4992483166401116e-19,48,75,2199.0342198,0.6514767932489451,0.6514767932489451
reg3,858,13,reg3_m858_s0,0,1840,92010,0.9112149464937843,772.0,772.0,0.014049144003216506,1.4992483166401116e-19,48,75,2204.968986699998,0.6514767932489451,0.6514767932489451
reg3,858,13,reg3_m858_s0,0,1845,92260,0.9112149464937843,772.0,772.0,0.014049144003216506,1.4992483166401116e-19,48,75,2210.8914211000083,0.6514767932489451,0.6514767932489451
reg3,858,13,reg3_m858_s0,0,1850,92510,0.9112149464937843,772.0,772.0,0.014049144003216506,1.4992483166401116e-19,48,75,2216.9683420000074,0.6514767932489451,0.6514767932489451
reg3,858,13,reg3_m858_s0,0,1855,92760,0.9112149464937843,772.0,772.0,0.014049144003216506,1.4992483166401116e-19,48,75,2223.0519637000107,0.6514767932489451,0.6514767932489451
reg3,858,13,reg3_m858_s0,0,1860,93010,0.9112149464937843,772.0,772.0,0.014049144003216506,1.4992483166401116e-19,48,75,2229.0708334000083,0.6514767932489451,0.6514767932489451
reg3,858,13,reg3_m858_s0,0,1865,93260,0.9112149464937843,772.0,772.0,0.014049144003216506,1.4992483166401116e-19,48,75,2234.8596226999944,0.6514767932489451,0.6514767932489451
reg3,858,13,reg3_m858_s0,0,1870,93510,0.9112149464937843,772.0,772.0,0.014049144003216506,1.4992483166401116e-19,48,75,2240.8444863999903,0.6514767932489451,0.6514767932489451
reg3,858,13,reg3_m858_s0,0,1875,93760,0.9112149464937843,772.0,772.0,0.014049144003216506,1.4992483166401116e-19,48,75,2246.805613000004,0.6514767932489451,0.6514767932489451
reg3,858,13,reg3_m858_s0,0,1880,94010,0.9112149464937843,772.0,772.0,0.014049144003216506,1.4992483166401116e-19,48,75,2252.738764699985,0.6514767932489451,0.6514767932489451
reg3,858,13,reg3_m858_s0,0,1885,94260,0.9112149464937843,772.0,772.0,0.014049144003216506,1.4992483166401116e-19,48,75,2258.7073502999847,0.6514767932489451,0.6514767932489451
reg3,858,13,reg3_m858_s0,0,1890,94510,0.9112149464937843,772.0,772.0,0.014049144003216506,1.4992483166401116e-19,48,75,2264.723365599988,0.6514767932489451,0.6514767932489451
reg3,858,13,reg3_m858_s0,0,1895,94760,0.9112149464937843,772.0,772.0,0.014049144003216506,1.4992483166401116e-19,48,75,2270.591424299986,0.6514767932489451,0.6514767932489451
reg3,858,13,reg3_m858_s0,0,1900,95010,0.9112149464937843,772.0,772.0,0.014049144003216506,1.4992483166401116e-19,48,75,2276.7801215999934,0.6514767932489451,0.6514767932489451
reg3,858,13,reg3_m858_s0,0,1905,95260,0.9112149464937843,772.0,772.0,0.014049144003216506,1.4992483166401116e-19,48,75,2282.794572899991,0.6514767932489451,0.6514767932489451
reg3,858,13,reg3_m858_s0,0,1910,95510,0.9112149464937843,772.0,772.0,0.014049144003216506,1.4992483166401116e-19,48,75,2288.6719053999986,0.6514767932489451,0.6514767932489451
reg3,858,13,reg3_m858_s0,0,1915,95760,0.9112149464937843,772.0,772.0,0.014049144003216506,1.4992483166401116e-19,48,75,2294.7742857999983,0.6514767932489451,0.6514767932489451
reg3,858,13,reg3_m858_s0,0,1920,96010,0.9112149464937843,772.0,772.0,0.014049144003216506,1.4992483166401116e-19,48,75,2300.622780899983,0.6514767932489451,0.6514767932489451
reg3,858,13,reg3_m858_s0,0,1925,96260,0.9112149464937843,772.0,772.0,0.014049144003216506,1.4992483166401116e-19,48,75,2306.618272099993,0.6514767932489451,0.6514767932489451
reg3,858,13,reg3_m858_s0,0,1930,96510,0.9112149464937843,772.0,772.0,0.014049144003216506,1.4992483166401116e-19,48,75,2312.516036999994,0.6514767932489451,0.6514767932489451
reg3,858,13,reg3_m858_s0,0,1935,96760,0.9112149464937843,772.0,772.0,0.014049144003216506,1.4992483166401116e-19,48,75,2318.483792599989,0.6514767932489451,0.6514767932489451
reg3,858,13,reg3_m858_s0,0,1940,97010,0.9112149464937843,772.0,772.0,0.014049144003216506,1.4992483166401116e-19,48,75,2324.5013083000085,0.6514767932489451,0.6514767932489451
reg3,858,13,reg3_m858_s0,0,1945,97260,0.9112149464937843,772.0,772.0,0.014049144003216506,1.4992483166401116e-19,48,75,2330.340600800002,0.6514767932489451,0.6514767932489451
reg3,858,13,reg3_m858_s0,0,1950,97510,0.9112149464937843,772.0,772.0,0.014049144003216506,1.4992483166401116e-19,48,75,2336.1897554000025,0.6514767932489451,0.6514767932489451
reg3,858,13,reg3_m858_s0,0,1955,97760,0.9112149464937843,772.0,772.0,0.014049144003216506,1.4992483166401116e-19,48,75,2342.115046799998,0.6514767932489451,0.6514767932489451
reg3,858,13,reg3_m858_s0,0,1960,98010,0.9112149464937843,772.0,772.0,0.014049144003216506,1.4992483166401116e-19,48,75,2348.086503600003,0.6514767932489451,0.6514767932489451
reg3,858,13,reg3_m858_s0,0,1965,98260,0.9112149464937843,772.0,772.0,0.014049144003216506,1.4992483166401116e-19,48,75,2353.955737099983,0.6514767932489451,0.6514767932489451
reg3,858,13,reg3_m858_s0,0,1970,98510,0.9112149464937843,772.0,772.0,0.014049144003216506,1.4992483166401116e-19,48,75,2359.930046099995,0.6514767932489451,0.6514767932489451
reg3,858,13,reg3_m858_s0,0,1975,98760,0.9112149464937843,772.0,772.0,0.014049144003216506,1.4992483166401116e-19,48,75,2365.8667009999917,0.6514767932489451,0.6514767932489451
reg3,858,13,reg3_m858_s0,0,1980,99010,0.9112149464937843,772.0,772.0,0.014049144003216506,1.4992483166401116e-19,48,75,2371.755270499998,0.6514767932489451,0.6514767932489451
reg3,858,13,reg3_m858_s0,0,1985,99260,0.9112149464937843,772.0,772.0,0.014049144003216506,1.4992483166401116e-19,48,75,2377.746785299998,0.6514767932489451,0.6514767932489451
reg3,858,13,reg3_m858_s0,0,1990,99510,0.9112149464937843,772.0,772.0,0.014049144003216506,1.4992483166401116e-19,48,75,2383.596428799996,0.6514767932489451,0.6514767932489451
reg3,858,13,reg3_m858_s0,0,1995,99760,0.9112149464937843,772.0,772.0,0.014049144003216506,1.4992483166401116e-19,48,75,2389.604918199999,0.6514767932489451,0.6514767932489451
reg3,858,13,reg3_m858_s0,0,2000,100010,0.9112149464937843,772.0,772.0,0.014049144003216506,1.4992483166401116e-19,48,75,2395.7292192000023,0.6514767932489451,0.6514767932489451
reg3,858,13,reg3_m858_s0,0,2005,100260,0.9112149464937843,772.0,772.0,0.014049144003216506,1.4992483166401116e-19,48,75,2401.7003994999977,0.6514767932489451,0.6514767932489451
reg3,858,13,reg3_m858_s0,0,2010,100510,0.9112149464937843,772.0,772.0,0.014049144003216506,1.4992483166401116e-19,48,75,2407.6952989999845,0.6514767932489451,0.6514767932489451
reg3,858,13,reg3_m858_s0,0,2015,100760,0.9112149464937843,772.0,772.0,0.014049144003216506,1.4992483166401116e-19,48,75,2413.587191800005,0.6514767932489451,0.6514767932489451
reg3,858,13,reg3_m858_s0,0,2020,101010,0.9112149464937843,772.0,772.0,0.014049144003216506,1.4992483166401116e-19,48,75,2419.542242700001,0.6514767932489451,0.6514767932489451
reg3,858,13,reg3_m858_s0,0,2025,101260,0.9112149464937843,772.0,772.0,0.014049144003216506,1.4992483166401116e-19,48,75,2425.4293428999954,0.6514767932489451,0.6514767932489451
reg3,858,13,reg3_m858_s0,0,2030,101510,0.9112149464937843,772.0,772.0,0.014049144003216506,1.4992483166401116e-19,48,75,2431.489549299993,0.6514767932489451,0.6514767932489451
reg3,858,13,reg3_m858_s0,0,2035,101760,0.9112149464937843,772.0,772.0,0.014049144003216506,1.4992483166401116e-19,48,75,2437.4225503999915,0.6514767932489451,0.6514767932489451
reg3,858,13,reg3_m858_s0,0,2040,102010,0.9112149464937843,772.0,772.0,0.014049144003216506,1.4992483166401116e-19,48,75,2443.3694145999907,0.6514767932489451,0.6514767932489451
reg3,858,13,reg3_m858_s0,0,2045,102260,0.9112149464937843,772.0,772.0,0.014049144003216506,1.4992483166401116e-19,48,75,2449.396154499991,0.6514767932489451,0.6514767932489451
reg3,858,13,reg3_m858_s0,0,2050,102510,0.9112149464937843,772.0,772.0,0.014049144003216506,1.4992483166401116e-19,48,75,2455.6310852000024,0.6514767932489451,0.6514767932489451
reg3,858,13,reg3_m858_s0,0,2055,102760,0.9112149464937843,772.0,772.0,0.014049144003216506,1.4992483166401116e-19,48,75,2461.785341699986,0.6514767932489451,0.6514767932489451
reg3,858,13,reg3_m858_s0,0,2060,103010,0.9112149464937843,772.0,772.0,0.014049144003216506,1.4992483166401116e-19,48,75,2467.6836686999886,0.6514767932489451,0.6514767932489451
reg3,858,13,reg3_m858_s0,0,2065,103260,0.9112149464937843,772.0,772.0,0.014049144003216506,1.4992483166401116e-19,48,75,2473.86420750001,0.6514767932489451,0.6514767932489451
reg3,858,13,reg3_m858_s0,0,2070,103510,0.9112149464937843,772.0,772.0,0.014049144003216506,1.4992483166401116e-19,48,75,2480.0967253999843,0.6514767932489451,0.6514767932489451
reg3,858,13,reg3_m858_s0,0,2075,103760,0.9112149464937843,772.0,772.0,0.014049144003216506,1.4992483166401116e-19,48,75,2486.287447299983,0.6514767932489451,0.6514767932489451
reg3,858,13,reg3_m858_s0,0,2080,104010,0.9112149464937843,772.0,772.0,0.014049144003216506,1.4992483166401116e-19,48,75,2492.8570805999916,0.6514767932489451,0.6514767932489451
reg3,858,13,reg3_m858_s0,0,2085,104260,0.9112149464937843,772.0,772.0,0.014049144003216506,1.4992483166401116e-19,48,75,2499.2052982999885,0.6514767932489451,0.6514767932489451
reg3,858,13,reg3_m858_s0,0,2090,104510,0.9112149464937843,772.0,772.0,0.014049144003216506,1.4992483166401116e-19,48,75,2505.677934200008,0.6514767932489451,0.6514767932489451
reg3,858,13,reg3_m858_s0,0,2095,104760,0.9112149464937843,772.0,772.0,0.014049144003216506,1.4992483166401116e-19,48,75,2511.9136530999967,0.6514767932489451,0.6514767932489451
reg3,858,13,reg3_m858_s0,0,2100,105010,0.9112149464937843,772.0,772.0,0.014049144003216506,1.4992483166401116e-19,48,75,2518.0201662000036,0.6514767932489451,0.6514767932489451
reg3,858,13,reg3_m858_s0,0,2105,105260,0.9112149464937843,772.0,772.0,0.014049144003216506,1.4992483166401116e-19,48,75,2524.0688379000057,0.6514767932489451,0.6514767932489451
reg3,858,13,reg3_m858_s0,0,2110,105510,0.9112149464937843,772.0,772.0,0.014049144003216506,1.4992483166401116e-19,48,75,2530.3309899999877,0.6514767932489451,0.6514767932489451
reg3,858,13,reg3_m858_s0,0,2115,105760,0.9112149464937843,772.0,772.0,0.014049144003216506,1.4992483166401116e-19,48,75,2536.1727956999966,0.6514767932489451,0.6514767932489451
reg3,858,13,reg3_m858_s0,0,2120,106010,0.9112149464937843,772.0,772.0,0.014049144003216506,1.4992483166401116e-19,48,75,2542.09672880001,0.6514767932489451,0.6514767932489451
reg3,858,13,reg3_m858_s0,0,2125,106260,0.9112149464937843,772.0,772.0,0.014049144003216506,1.4992483166401116e-19,48,75,2548.229958000011,0.6514767932489451,0.6514767932489451
reg3,858,13,reg3_m858_s0,0,2130,106510,0.9112149464937843,772.0,772.0,0.014049144003216506,1.4992483166401116e-19,48,75,2554.1503459000087,0.6514767932489451,0.6514767932489451
reg3,858,13,reg3_m858_s0,0,2135,106760,0.9112149464937843,772.0,772.0,0.014049144003216506,1.4992483166401116e-19,48,75,2560.0108669000037,0.6514767932489451,0.6514767932489451
reg3,858,13,reg3_m858_s0,0,2140,107010,0.9112149464937843,772.0,772.0,0.014049144003216506,1.4992483166401116e-19,48,75,2566.0341087999986,0.6514767932489451,0.6514767932489451
reg3,858,13,reg3_m858_s0,0,2145,107260,0.9112149464937843,772.0,772.0,0.014049144003216506,1.4992483166401116e-19,48,75,2571.917017300002,0.6514767932489451,0.6514767932489451
reg3,858,13,reg3_m858_s0,0,2150,107510,0.9112149464937843,772.0,772.0,0.014049144003216506,1.4992483166401116e-19,48,75,2577.9392943999846,0.6514767932489451,0.6514767932489451
reg3,858,13,reg3_m858_s0,0,2155,107760,0.9112149464937843,772.0,772.0,0.014049144003216506,1.4992483166401116e-19,48,75,2584.047505900002,0.6514767932489451,0.6514767932489451
reg3,858,13,reg3_m858_s0,0,2160,108010,0.9112149464937843,772.0,772.0,0.014049144003216506,1.4992483166401116e-19,48,75,2590.043700499984,0.6514767932489451,0.6514767932489451
reg3,858,13,reg3_m858_s0,0,2165,108260,0.9112149464937843,772.0,772.0,0.014049144003216506,1.4992483166401116e-19,48,75,2596.0406392999867,0.6514767932489451,0.6514767932489451
reg3,858,13,reg3_m858_s0,0,2170,108510,0.9112149464937843,772.0,772.0,0.014049144003216506,1.4992483166401116e-19,48,75,2601.9371813999896,0.6514767932489451,0.6514767932489451
reg3,858,13,reg3_m858_s0,0,2175,108760,0.9112149464937843,772.0,772.0,0.014049144003216506,1.4992483166401116e-19,48,75,2607.9249105000054,0.6514767932489451,0.6514767932489451
reg3,858,13,reg3_m858_s0,0,2180,109010,0.9112149464937843,772.0,772.0,0.014049144003216506,1.4992483166401116e-19,48,75,2613.9370302000025,0.6514767932489451,0.6514767932489451
reg3,858,13,reg3_m858_s0,0,2185,109260,0.9112149464937843,772.0,772.0,0.014049144003216506,1.4992483166401116e-19,48,75,2620.0138865000044,0.6514767932489451,0.6514767932489451
reg3,858,13,reg3_m858_s0,0,2190,109510,0.9112149464937843,772.0,772.0,0.014049144003216506,1.4992483166401116e-19,48,75,2626.0922418999835,0.6514767932489451,0.6514767932489451
reg3,858,13,reg3_m858_s0,0,2195,109760,0.9112149464937843,772.0,772.0,0.014049144003216506,1.4992483166401116e-19,48,75,2631.8428723000106,0.6514767932489451,0.6514767932489451
reg3,858,13,reg3_m858_s0,0,2200,110010,0.9112149464937843,772.0,772.0,0.014049144003216506,1.4992483166401116e-19,48,75,2637.726694699988,0.6514767932489451,0.6514767932489451
reg3,858,13,reg3_m858_s0,0,2205,110260,0.9112149464937843,772.0,772.0,0.014049144003216506,1.4992483166401116e-19,48,75,2643.590667099983,0.6514767932489451,0.6514767932489451
reg3,858,13,reg3_m858_s0,0,2210,110510,0.9112149464937843,772.0,772.0,0.014049144003216506,1.4992483166401116e-19,48,75,2649.593896400009,0.6514767932489451,0.6514767932489451
reg3,858,13,reg3_m858_s0,0,2215,110760,0.9112149464937843,772.0,772.0,0.014049144003216506,1.4992483166401116e-19,48,75,2655.5242894999974,0.6514767932489451,0.6514767932489451
reg3,858,13,reg3_m858_s0,0,2220,111010,0.9112149464937843,772.0,772.0,0.014049144003216506,1.4992483166401116e-19,48,75,2661.529021399998,0.6514767932489451,0.6514767932489451
reg3,858,13,reg3_m858_s0,0,2225,111260,0.9112149464937843,772.0,772.0,0.014049144003216506,1.4992483166401116e-19,48,75,2667.464133600006,0.6514767932489451,0.6514767932489451
reg3,858,13,reg3_m858_s0,0,2230,111510,0.9112149464937843,772.0,772.0,0.014049144003216506,1.4992483166401116e-19,48,75,2673.429941899987,0.6514767932489451,0.6514767932489451
reg3,858,13,reg3_m858_s0,0,2235,111760,0.9112149464937843,772.0,772.0,0.014049144003216506,1.4992483166401116e-19,48,75,2679.422371599998,0.6514767932489451,0.6514767932489451
reg3,858,13,reg3_m858_s0,0,2240,112010,0.9112149464937843,772.0,772.0,0.014049144003216506,1.4992483166401116e-19,48,75,2685.62934330001,0.6514767932489451,0.6514767932489451
reg3,858,13,reg3_m858_s0,0,2245,112260,0.9112149464937843,772.0,772.0,0.014049144003216506,1.4992483166401116e-19,48,75,2692.1611390000035,0.6514767932489451,0.6514767932489451
reg3,858,13,reg3_m858_s0,0,2250,112510,0.9112149464937843,772.0,772.0,0.014049144003216506,1.4992483166401116e-19,48,75,2698.4929473999946,0.6514767932489451,0.6514767932489451
reg3,858,13,reg3_m858_s0,0,2255,112760,0.9112149464937843,772.0,772.0,0.014049144003216506,1.4992483166401116e-19,48,75,2705.4223312000104,0.6514767932489451,0.6514767932489451
reg3,858,13,reg3_m858_s0,0,2260,113010,0.9112149464937843,772.0,772.0,0.014049144003216506,1.4992483166401116e-19,48,75,2712.6991486999905,0.6514767932489451,0.6514767932489451
reg3,858,13,reg3_m858_s0,0,2265,113260,0.9112149464937843,772.0,772.0,0.014049144003216506,1.4992483166401116e-19,48,75,2721.358105799998,0.6514767932489451,0.6514767932489451
reg3,858,13,reg3_m858_s0,0,2270,113510,0.9112149464937843,772.0,772.0,0.014049144003216506,1.4992483166401116e-19,48,75,2729.1513289999857,0.6514767932489451,0.6514767932489451
reg3,858,13,reg3_m858_s0,0,2275,113760,0.9112149464937843,772.0,772.0,0.014049144003216506,1.4992483166401116e-19,48,75,2736.891663599992,0.6514767932489451,0.6514767932489451
reg3,858,13,reg3_m858_s0,0,2280,114010,0.9112149464937843,772.0,772.0,0.014049144003216506,1.4992483166401116e-19,48,75,2744.1313938999956,0.6514767932489451,0.6514767932489451
reg3,858,13,reg3_m858_s0,0,2285,114260,0.9112149464937843,772.0,772.0,0.014049144003216506,1.4992483166401116e-19,48,75,2751.0895365999895,0.6514767932489451,0.6514767932489451
reg3,858,13,reg3_m858_s0,0,2290,114510,0.9112149464937843,772.0,772.0,0.014049144003216506,1.4992483166401116e-19,48,75,2758.0802663000068,0.6514767932489451,0.6514767932489451
reg3,858,13,reg3_m858_s0,0,2295,114760,0.9112149464937843,772.0,772.0,0.014049144003216506,1.4992483166401116e-19,48,75,2764.8914180999855,0.6514767932489451,0.6514767932489451
reg3,858,13,reg3_m858_s0,0,2300,115010,0.9112149464937843,772.0,772.0,0.014049144003216506,1.4992483166401116e-19,48,75,2771.167792799999,0.6514767932489451,0.6514767932489451
reg3,858,13,reg3_m858_s0,0,2305,115260,0.9112149464937843,772.0,772.0,0.014049144003216506,1.4992483166401116e-19,48,75,2777.1651327,0.6514767932489451,0.6514767932489451
reg3,858,13,reg3_m858_s0,0,2310,115510,0.9112149464937843,772.0,772.0,0.014049144003216506,1.4992483166401116e-19,48,75,2783.4213769999915,0.6514767932489451,0.6514767932489451
reg3,858,13,reg3_m858_s0,0,2315,115760,0.9112149464937843,772.0,772.0,0.014049144003216506,1.4992483166401116e-19,48,75,2790.0786622999876,0.6514767932489451,0.6514767932489451
reg3,858,13,reg3_m858_s0,0,2320,116010,0.9112149464937843,772.0,772.0,0.014049144003216506,1.4992483166401116e-19,48,75,2796.7745796999952,0.6514767932489451,0.6514767932489451
reg3,858,13,reg3_m858_s0,0,2325,116260,0.9112149464937843,772.0,772.0,0.014049144003216506,1.4992483166401116e-19,48,75,2803.7262595999928,0.6514767932489451,0.6514767932489451
reg3,858,13,reg3_m858_s0,0,2330,116510,0.9112149464937843,772.0,772.0,0.014049144003216506,1.4992483166401116e-19,48,75,2811.067586099991,0.6514767932489451,0.6514767932489451
reg3,858,13,reg3_m858_s0,0,2335,116760,0.9112149464937843,772.0,772.0,0.014049144003216506,1.4992483166401116e-19,48,75,2818.255774899997,0.6514767932489451,0.6514767932489451
reg3,858,13,reg3_m858_s0,0,2340,117010,0.9112149464937843,772.0,772.0,0.014049144003216506,1.4992483166401116e-19,48,75,2825.446997299994,0.6514767932489451,0.6514767932489451
reg3,858,13,reg3_m858_s0,0,2345,117260,0.9112149464937843,772.0,772.0,0.014049144003216506,1.4992483166401116e-19,48,75,2832.9887140000064,0.6514767932489451,0.6514767932489451
reg3,858,13,reg3_m858_s0,0,2350,117510,0.9112149464937843,772.0,772.0,0.014049144003216506,1.4992483166401116e-19,48,75,2840.059622700006,0.6514767932489451,0.6514767932489451
reg3,858,13,reg3_m858_s0,0,2355,117760,0.9112149464937843,772.0,772.0,0.014049144003216506,1.4992483166401116e-19,48,75,2846.9985263999843,0.6514767932489451,0.6514767932489451
reg3,858,13,reg3_m858_s0,0,2360,118010,0.9112149464937843,772.0,772.0,0.014049144003216506,1.4992483166401116e-19,48,75,2853.911441700009,0.6514767932489451,0.6514767932489451
reg3,858,13,reg3_m858_s0,0,2365,118260,0.9112149464937843,772.0,772.0,0.014049144003216506,1.4992483166401116e-19,48,75,2860.703850299993,0.6514767932489451,0.6514767932489451
reg3,858,13,reg3_m858_s0,0,2370,118510,0.9112149464937843,772.0,772.0,0.014049144003216506,1.4992483166401116e-19,48,75,2867.5710575999983,0.6514767932489451,0.6514767932489451
reg3,858,13,reg3_m858_s0,0,2375,118760,0.9112149464937843,772.0,772.0,0.014049144003216506,1.4992483166401116e-19,48,75,2874.146671399998,0.6514767932489451,0.6514767932489451
reg3,858,13,reg3_m858_s0,0,2380,119010,0.9112149464937843,772.0,772.0,0.014049144003216506,1.4992483166401116e-19,48,75,2880.9558579000004,0.6514767932489451,0.6514767932489451
reg3,858,13,reg3_m858_s0,0,2385,119260,0.9112149464937843,772.0,772.0,0.014049144003216506,1.4992483166401116e-19,48,75,2887.539250600006,0.6514767932489451,0.6514767932489451
reg3,858,13,reg3_m858_s0,0,2390,119510,0.9112149464937843,772.0,772.0,0.014049144003216506,1.4992483166401116e-19,48,75,2894.269268200005,0.6514767932489451,0.6514767932489451
reg3,858,13,reg3_m858_s0,0,2395,119760,0.9112149464937843,772.0,772.0,0.014049144003216506,1.4992483166401116e-19,48,75,2901.128342299984,0.6514767932489451,0.6514767932489451
reg3,858,13,reg3_m858_s0,0,2400,120010,0.9112149464937843,772.0,772.0,0.014049144003216506,1.4992483166401116e-19,48,75,2907.7676982999837,0.6514767932489451,0.6514767932489451
reg3,858,13,reg3_m858_s0,0,2405,120260,0.9112149464937843,772.0,772.0,0.014049144003216506,1.4992483166401116e-19,48,75,2914.432946599991,0.6514767932489451,0.6514767932489451
reg3,858,13,reg3_m858_s0,0,2410,120510,0.9112149464937843,772.0,772.0,0.014049144003216506,1.4992483166401116e-19,48,75,2921.4404753999843,0.6514767932489451,0.6514767932489451
reg3,858,13,reg3_m858_s0,0,2415,120760,0.9112149464937843,772.0,772.0,0.014049144003216506,1.4992483166401116e-19,48,75,2927.9626859999844,0.6514767932489451,0.6514767932489451
reg3,858,13,reg3_m858_s0,0,2420,121010,0.9112149464937843,772.0,772.0,0.014049144003216506,1.4992483166401116e-19,48,75,2934.634402099997,0.6514767932489451,0.6514767932489451
reg3,858,13,reg3_m858_s0,0,2425,121260,0.9112149464937843,772.0,772.0,0.014049144003216506,1.4992483166401116e-19,48,75,2941.1082232999906,0.6514767932489451,0.6514767932489451
reg3,858,13,reg3_m858_s0,0,2430,121510,0.9112149464937843,772.0,772.0,0.014049144003216506,1.4992483166401116e-19,48,75,2947.73868770001,0.6514767932489451,0.6514767932489451
reg3,858,13,reg3_m858_s0,0,2435,121760,0.9112149464937843,772.0,772.0,0.014049144003216506,1.4992483166401116e-19,48,75,2954.211512000009,0.6514767932489451,0.6514767932489451
reg3,858,13,reg3_m858_s0,0,2440,122010,0.9112149464937843,772.0,772.0,0.014049144003216506,1.4992483166401116e-19,48,75,2960.9459945999843,0.6514767932489451,0.6514767932489451
reg3,858,13,reg3_m858_s0,0,2445,122260,0.9112149464937843,772.0,772.0,0.014049144003216506,1.4992483166401116e-19,48,75,2967.7126606999955,0.6514767932489451,0.6514767932489451
reg3,858,13,reg3_m858_s0,0,2450,122510,0.9112149464937843,772.0,772.0,0.014049144003216506,1.4992483166401116e-19,48,75,2974.546019900008,0.6514767932489451,0.6514767932489451
reg3,858,13,reg3_m858_s0,0,2455,122760,0.9112149464937843,772.0,772.0,0.014049144003216506,1.4992483166401116e-19,48,75,2981.9354634000047,0.6514767932489451,0.6514767932489451
reg3,858,13,reg3_m858_s0,0,2460,123010,0.914875133055039,778.0,773.2,0.011466256535868772,4.436335061244398e-20,48,74,2988.8112520999857,0.6565400843881857,0.6524894514767933
reg3,858,13,reg3_m858_s0,0,2465,123260,0.914875133055039,778.0,773.2,0.011466256535868772,4.436335061244398e-20,48,74,2995.6088438000006,0.6565400843881857,0.6524894514767933
reg3,858,13,reg3_m858_s0,0,2470,123510,0.914875133055039,778.0,774.4,0.011466256535868772,4.436335061244398e-20,48,74,3002.109857400006,0.6565400843881857,0.6535021097046413
reg3,858,13,reg3_m858_s0,0,2475,123760,0.914875133055039,778.0,776.2,0.011466256535868772,4.436335061244398e-20,48,74,3008.6038951000082,0.6565400843881857,0.6550210970464135
reg3,858,13,reg3_m858_s0,0,2480,124010,0.914875133055039,778.0,778.0,0.011466256535868772,4.436335061244398e-20,48,74,3015.333794200007,0.6565400843881857,0.6565400843881857
reg3,858,13,reg3_m858_s0,0,2485,124260,0.914875133055039,778.0,778.0,0.011466256535868772,4.436335061244398e-20,48,74,3021.955653199984,0.6565400843881857,0.6565400843881857
reg3,858,13,reg3_m858_s0,0,2490,124510,0.914875133055039,778.0,778.0,0.011466256535868772,4.436335061244398e-20,48,74,3028.669030399993,0.6565400843881857,0.6565400843881857
reg3,858,13,reg3_m858_s0,0,2495,124760,0.914875133055039,778.0,778.0,0.011466256535868772,4.436335061244398e-20,48,74,3035.8152091999946,0.6565400843881857,0.6565400843881857
reg3,858,13,reg3_m858_s0,0,2500,125010,0.914875133055039,778.0,778.0,0.011466256535868772,4.436335061244398e-20,48,74,3042.5264360999863,0.6565400843881857,0.6565400843881857
reg3,858,13,reg3_m858_s0,0,2505,125260,0.914875133055039,778.0,778.0,0.011466256535868772,4.436335061244398e-20,48,74,3049.2134588999907,0.6565400843881857,0.6565400843881857
reg3,858,13,reg3_m858_s0,0,2510,125510,0.914875133055039,778.0,778.0,0.011466256535868772,4.436335061244398e-20,48,74,3056.0584174999967,0.6565400843881857,0.6565400843881857
reg3,858,13,reg3_m858_s0,0,2515,125760,0.914875133055039,778.0,778.0,0.011466256535868772,4.436335061244398e-20,48,74,3062.461155500001,0.6565400843881857,0.6565400843881857
reg3,858,13,reg3_m858_s0,0,2520,126010,0.914875133055039,778.0,778.0,0.011466256535868772,4.436335061244398e-20,48,74,3068.969172399986,0.6565400843881857,0.6565400843881857
reg3,858,13,reg3_m858_s0,0,2525,126260,0.914875133055039,778.0,778.0,0.011466256535868772,4.436335061244398e-20,48,74,3075.4699282000074,0.6565400843881857,0.6565400843881857
reg3,858,13,reg3_m858_s0,0,2530,126510,0.914875133055039,778.0,778.0,0.011466256535868772,4.436335061244398e-20,48,74,3082.2751127000083,0.6565400843881857,0.6565400843881857
reg3,858,13,reg3_m858_s0,0,2535,126760,0.914875133055039,778.0,778.0,0.011466256535868772,4.436335061244398e-20,48,74,3088.9907265999936,0.6565400843881857,0.6565400843881857
reg3,858,13,reg3_m858_s0,0,2540,127010,0.914875133055039,778.0,778.0,0.011466256535868772,4.436335061244398e-20,48,74,3095.676975499984,0.6565400843881857,0.6565400843881857
reg3,858,13,reg3_m858_s0,0,2545,127260,0.914875133055039,778.0,778.0,0.011466256535868772,4.436335061244398e-20,48,74,3102.5814326999825,0.6565400843881857,0.6565400843881857
reg3,858,13,reg3_m858_s0,0,2550,127510,0.914875133055039,778.0,778.0,0.011466256535868772,4.436335061244398e-20,48,74,3109.4120731999865,0.6565400843881857,0.6565400843881857
reg3,858,13,reg3_m858_s0,0,2555,127760,0.914875133055039,778.0,778.0,0.011466256535868772,4.436335061244398e-20,48,74,3116.054590999993,0.6565400843881857,0.6565400843881857
reg3,858,13,reg3_m858_s0,0,2560,128010,0.914875133055039,778.0,778.0,0.011466256535868772,4.436335061244398e-20,48,74,3123.052171999996,0.6565400843881857,0.6565400843881857
reg3,858,13,reg3_m858_s0,0,2565,128260,0.914875133055039,778.0,778.0,0.011466256535868772,4.436335061244398e-20,48,74,3129.8073947000084,0.6565400843881857,0.6565400843881857
reg3,858,13,reg3_m858_s0,0,2570,128510,0.914875133055039,778.0,778.0,0.011466256535868772,4.436335061244398e-20,48,74,3136.720684700005,0.6565400843881857,0.6565400843881857
reg3,858,13,reg3_m858_s0,0,2575,128760,0.914875133055039,778.0,778.0,0.011466256535868772,4.436335061244398e-20,48,74,3143.440250899992,0.6565400843881857,0.6565400843881857
reg3,858,13,reg3_m858_s0,0,2580,129010,0.914875133055039,778.0,778.0,0.011466256535868772,4.436335061244398e-20,48,74,3150.159630000009,0.6565400843881857,0.6565400843881857
reg3,858,13,reg3_m858_s0,0,2585,129260,0.914875133055039,778.0,778.0,0.011466256535868772,4.436335061244398e-20,48,74,3157.097837899986,0.6565400843881857,0.6565400843881857
reg3,858,13,reg3_m858_s0,0,2590,129510,0.914875133055039,778.0,778.0,0.011466256535868772,4.436335061244398e-20,48,74,3163.835869100003,0.6565400843881857,0.6565400843881857
reg3,858,13,reg3_m858_s0,0,2595,129760,0.914875133055039,778.0,778.0,0.011466256535868772,4.436335061244398e-20,48,74,3170.2383175999857,0.6565400843881857,0.6565400843881857
reg3,858,13,reg3_m858_s0,0,2600,130010,0.914875133055039,778.0,778.0,0.011466256535868772,4.436335061244398e-20,48,74,3176.9236346000107,0.6565400843881857,0.6565400843881857
reg3,858,13,reg3_m858_s0,0,2605,130260,0.914875133055039,778.0,778.0,0.011466256535868772,4.436335061244398e-20,48,74,3183.181709299999,0.6565400843881857,0.6565400843881857
reg3,858,13,reg3_m858_s0,0,2610,130510,0.914875133055039,778.0,778.0,0.011466256535868772,4.436335061244398e-20,48,74,3189.3252346999943,0.6565400843881857,0.6565400843881857
reg3,858,13,reg3_m858_s0,0,2615,130760,0.914875133055039,778.0,778.0,0.011466256535868772,4.436335061244398e-20,48,74,3195.3032326000102,0.6565400843881857,0.6565400843881857
reg3,858,13,reg3_m858_s0,0,2620,131010,0.914875133055039,778.0,778.0,0.011466256535868772,4.436335061244398e-20,48,74,3201.2598312000046,0.6565400843881857,0.6565400843881857
reg3,858,13,reg3_m858_s0,0,2625,131260,0.914875133055039,778.0,778.0,0.011466256535868772,4.436335061244398e-20,48,74,3207.200446600007,0.6565400843881857,0.6565400843881857
reg3,858,13,reg3_m858_s0,0,2630,131510,0.914875133055039,778.0,778.0,0.011466256535868772,4.436335061244398e-20,48,74,3213.2705023000017,0.6565400843881857,0.6565400843881857
reg3,858,13,reg3_m858_s0,0,2635,131760,0.914875133055039,778.0,778.0,0.011466256535868772,4.436335061244398e-20,48,74,3220.2387345999887,0.6565400843881857,0.6565400843881857
reg3,858,13,reg3_m858_s0,0,2640,132010,0.914875133055039,778.0,778.0,0.011466256535868772,4.436335061244398e-20,48,74,3227.2942014999862,0.6565400843881857,0.6565400843881857
reg3,858,13,reg3_m858_s0,0,2645,132260,0.914875133055039,778.0,778.0,0.011466256535868772,4.436335061244398e-20,48,74,3234.1893869999913,0.6565400843881857,0.6565400843881857
reg3,858,13,reg3_m858_s0,0,2650,132510,0.914875133055039,778.0,778.0,0.011466256535868772,4.436335061244398e-20,48,74,3241.1518555000075,0.6565400843881857,0.6565400843881857
reg3,858,13,reg3_m858_s0,0,2655,132760,0.914875133055039,778.0,778.0,0.011466256535868772,4.436335061244398e-20,48,74,3247.3100780000095,0.6565400843881857,0.6565400843881857
reg3,858,13,reg3_m858_s0,0,2660,133010,0.914875133055039,778.0,778.0,0.011466256535868772,4.436335061244398e-20,48,74,3253.9593117999902,0.6565400843881857,0.6565400843881857
reg3,858,13,reg3_m858_s0,0,2665,133260,0.914875133055039,778.0,778.0,0.011466256535868772,4.436335061244398e-20,48,74,3260.216619099985,0.6565400843881857,0.6565400843881857
reg3,858,13,reg3_m858_s0,0,2670,133510,0.914875133055039,778.0,778.0,0.011466256535868772,4.436335061244398e-20,48,74,3266.895725200011,0.6565400843881857,0.6565400843881857
reg3,858,13,reg3_m858_s0,0,2675,133760,0.914875133055039,778.0,778.0,0.011466256535868772,4.436335061244398e-20,48,74,3274.5617980000097,0.6565400843881857,0.6565400843881857
reg3,858,13,reg3_m858_s0,0,2680,134010,0.914875133055039,778.0,778.0,0.011466256535868772,4.436335061244398e-20,48,74,3281.635402199987,0.6565400843881857,0.6565400843881857
reg3,858,13,reg3_m858_s0,0,2685,134260,0.914875133055039,778.0,778.0,0.011466256535868772,4.436335061244398e-20,48,74,3288.475397000002,0.6565400843881857,0.6565400843881857
reg3,858,13,reg3_m858_s0,0,2690,134510,0.914875133055039,778.0,778.0,0.011466256535868772,4.436335061244398e-20,48,74,3295.71632159999,0.6565400843881857,0.6565400843881857
reg3,858,13,reg3_m858_s0,0,2695,134760,0.914875133055039,778.0,778.0,0.011466256535868772,4.436335061244398e-20,48,74,3303.723196600011,0.6565400843881857,0.6565400843881857
reg3,858,13,reg3_m858_s0,0,2700,135010,0.914875133055039,778.0,778.0,0.011466256535868772,4.436335061244398e-20,48,74,3311.4323449000076,0.6565400843881857,0.6565400843881857
reg3,858,13,reg3_m858_s0,0,2705,135260,0.914875133055039,778.0,778.0,0.011466256535868772,4.436335061244398e-20,48,74,3318.9854432999855,0.6565400843881857,0.6565400843881857
reg3,858,13,reg3_m858_s0,0,2710,135510,0.914875133055039,778.0,778.0,0.011466256535868772,4.436335061244398e-20,48,74,3325.1088645999844,0.6565400843881857,0.6565400843881857
reg3,858,13,reg3_m858_s0,0,2715,135760,0.914875133055039,778.0,778.0,0.011466256535868772,4.436335061244398e-20,48,74,3331.4559357000107,0.6565400843881857,0.6565400843881857
reg3,858,13,reg3_m858_s0,0,2720,136010,0.914875133055039,778.0,778.0,0.011466256535868772,4.436335061244398e-20,48,74,3339.0038989000022,0.6565400843881857,0.6565400843881857
reg3,858,13,reg3_m858_s0,0,2725,136260,0.914875133055039,778.0,778.0,0.011466256535868772,4.436335061244398e-20,48,74,3346.7796315999876,0.6565400843881857,0.6565400843881857
reg3,858,13,reg3_m858_s0,0,2730,136510,0.914875133055039,778.0,778.0,0.011466256535868772,4.436335061244398e-20,48,74,3354.4472375999903,0.6565400843881857,0.6565400843881857
reg3,858,13,reg3_m858_s0,0,2735,136760,0.914875133055039,778.0,778.0,0.011466256535868772,4.436335061244398e-20,48,74,3362.6435461000074,0.6565400843881857,0.6565400843881857
reg3,858,13,reg3_m858_s0,0,2740,137010,0.9207043373686502,783.0,778.5,0.01146625653586878,2.710505431213761e-19,48,74,3370.659607699985,0.660759493670886,0.6569620253164556
reg3,858,13,reg3_m858_s0,0,2745,137260,0.9207043373686502,783.0,779.0,0.01146625653586878,2.710505431213761e-19,48,74,3377.5722292999853,0.660759493670886,0.6573839662447257
reg3,858,13,reg3_m858_s0,0,2750,137510,0.9207043373686502,783.0,780.5,0.01146625653586878,2.710505431213761e-19,48,74,3384.5401133999985,0.660759493670886,0.6586497890295359
reg3,858,13,reg3_m858_s0,0,2755,137760,0.9207043373686502,783.0,781.5,0.01146625653586878,2.710505431213761e-19,48,74,3391.1112138000026,0.660759493670886,0.6594936708860759
reg3,858,13,reg3_m858_s0,0,2760,138010,0.9207043373686502,783.0,783.0,0.01146625653586878,2.710505431213761e-19,48,74,3397.9486744999886,0.660759493670886,0.660759493670886
reg3,858,13,reg3_m858_s0,0,2765,138260,0.9207043373686502,783.0,783.0,0.01146625653586878,2.710505431213761e-19,48,74,3404.622485800006,0.660759493670886,0.660759493670886
reg3,858,13,reg3_m858_s0,0,2770,138510,0.9207043373686502,783.0,783.0,0.01146625653586878,2.710505431213761e-19,48,74,3411.1928809999954,0.660759493670886,0.660759493670886
reg3,858,13,reg3_m858_s0,0,2775,138760,0.9207043373686502,783.0,783.0,0.01146625653586878,2.710505431213761e-19,48,74,3417.722910599987,0.660759493670886,0.660759493670886
reg3,858,13,reg3_m858_s0,0,2780,139010,0.9207043373686502,783.0,783.0,0.01146625653586878,2.710505431213761e-19,48,74,3424.2049463999865,0.660759493670886,0.660759493670886
reg3,858,13,reg3_m858_s0,0,2785,139260,0.9207043373686502,783.0,783.0,0.01146625653586878,2.710505431213761e-19,48,74,3430.64960959999,0.660759493670886,0.660759493670886
reg3,858,13,reg3_m858_s0,0,2790,139510,0.9207043373686502,783.0,783.0,0.01146625653586878,2.710505431213761e-19,48,74,3437.4373204000003,0.660759493670886,0.660759493670886
reg3,858,13,reg3_m858_s0,0,2795,139760,0.9207043373686502,783.0,783.0,0.01146625653586878,2.710505431213761e-19,48,74,3443.9407674999966,0.660759493670886,0.660759493670886
reg3,858,13,reg3_m858_s0,0,2800,140010,0.9207043373686502,783.0,783.0,0.01146625653586878,2.710505431213761e-19,48,74,3450.424632999988,0.660759493670886,0.660759493670886
reg3,858,13,reg3_m858_s0,0,2805,140260,0.9207043373686502,783.0,783.0,0.01146625653586878,2.710505431213761e-19,48,74,3457.415611000004,0.660759493670886,0.660759493670886
reg3,858,13,reg3_m858_s0,0,2810,140510,0.9207043373686502,783.0,783.0,0.01146625653586878,2.710505431213761e-19,48,74,3464.524368399987,0.660759493670886,0.660759493670886
reg3,858,13,reg3_m858_s0,0,2815,140760,0.9207043373686502,783.0,783.0,0.01146625653586878,2.710505431213761e-19,48,74,3471.3681791999843,0.660759493670886,0.660759493670886
reg3,858,13,reg3_m858_s0,0,2820,141010,0.9207043373686502,783.0,783.0,0.01146625653586878,2.710505431213761e-19,48,74,3478.4625206000055,0.660759493670886,0.660759493670886
reg3,858,13,reg3_m858_s0,0,2825,141260,0.9207043373686502,783.0,783.0,0.01146625653586878,2.710505431213761e-19,48,74,3485.93543350001,0.660759493670886,0.660759493670886
reg3,858,13,reg3_m858_s0,0,2830,141510,0.9207043373686502,783.0,783.0,0.01146625653586878,2.710505431213761e-19,48,74,3493.288165999984,0.660759493670886,0.660759493670886
reg3,858,13,reg3_m858_s0,0,2835,141760,0.9207043373686502,783.0,783.0,0.01146625653586878,2.710505431213761e-19,48,74,3500.764907500008,0.660759493670886,0.660759493670886
reg3,858,13,reg3_m858_s0,0,2840,142010,0.9207043373686502,783.0,783.0,0.01146625653586878,2.710505431213761e-19,48,74,3507.9035595000023,0.660759493670886,0.660759493670886
reg3,858,13,reg3_m858_s0,0,2845,142260,0.9207043373686502,783.0,783.0,0.01146625653586878,2.710505431213761e-19,48,74,3514.337602899992,0.660759493670886,0.660759493670886
reg3,858,13,reg3_m858_s0,0,2850,142510,0.9207043373686502,783.0,783.0,0.01146625653586878,2.710505431213761e-19,48,74,3521.2984503000043,0.660759493670886,0.660759493670886
reg3,858,13,reg3_m858_s0,0,2855,142760,0.9207043373686502,783.0,783.0,0.01146625653586878,2.710505431213761e-19,48,74,3528.1168946000107,0.660759493670886,0.660759493670886
reg3,858,13,reg3_m858_s0,0,2860,143010,0.9207043373686502,783.0,783.0,0.01146625653586878,2.710505431213761e-19,48,74,3534.9601364999835,0.660759493670886,0.660759493670886
reg3,858,13,reg3_m858_s0,0,2865,143260,0.9207043373686502,783.0,783.0,0.01146625653586878,2.710505431213761e-19,48,74,3541.7869041000085,0.660759493670886,0.660759493670886
reg3,858,13,reg3_m858_s0,0,2870,143510,0.9207043373686502,783.0,783.0,0.01146625653586878,2.710505431213761e-19,48,74,3548.8638411999855,0.660759493670886,0.660759493670886
reg3,858,13,reg3_m858_s0,0,2875,143760,0.9207043373686502,783.0,783.0,0.01146625653586878,2.710505431213761e-19,48,74,3556.674835999991,0.660759493670886,0.660759493670886
reg3,858,13,reg3_m858_s0,0,2880,144010,0.9207043373686502,783.0,783.0,0.01146625653586878,2.710505431213761e-19,48,74,3564.2800220999925,0.660759493670886,0.660759493670886
reg3,858,13,reg3_m858_s0,0,2885,144260,0.9207043373686502,783.0,783.0,0.01146625653586878,2.710505431213761e-19,48,74,3570.933566099993,0.660759493670886,0.660759493670886
reg3,858,13,reg3_m858_s0,0,2890,144510,0.9207043373686502,783.0,783.0,0.01146625653586878,2.710505431213761e-19,48,74,3577.5549818,0.660759493670886,0.660759493670886
reg3,858,13,reg3_m858_s0,0,2895,144760,0.9207043373686502,783.0,783.0,0.01146625653586878,2.710505431213761e-19,48,74,3584.656381699984,0.660759493670886,0.660759493670886
reg3,858,13,reg3_m858_s0,0,2900,145010,0.9207043373686502,783.0,783.0,0.01146625653586878,2.710505431213761e-19,48,74,3591.5598814999976,0.660759493670886,0.660759493670886
reg3,858,13,reg3_m858_s0,0,2905,145260,0.9207043373686502,783.0,783.0,0.01146625653586878,2.710505431213761e-19,48,74,3598.9830832000007,0.660759493670886,0.660759493670886
reg3,858,13,reg3_m858_s0,0,2910,145510,0.9207043373686502,783.0,783.0,0.01146625653586878,2.710505431213761e-19,48,74,3606.578111299983,0.660759493670886,0.660759493670886
reg3,858,13,reg3_m858_s0,0,2915,145760,0.9207043373686502,783.0,783.0,0.01146625653586878,2.710505431213761e-19,48,74,3616.2621455999906,0.660759493670886,0.660759493670886
reg3,858,13,reg3_m858_s0,0,2920,146010,0.9207043373686502,783.0,783.0,0.01146625653586878,2.710505431213761e-19,48,74,3626.65541810001,0.660759493670886,0.660759493670886
reg3,858,13,reg3_m858_s0,0,2925,146260,0.9207043373686502,783.0,783.0,0.01146625653586878,2.710505431213761e-19,48,74,3636.693582799984,0.660759493670886,0.660759493670886
reg3,858,13,reg3_m858_s0,0,2930,146510,0.9207043373686502,783.0,783.0,0.01146625653586878,2.710505431213761e-19,48,74,3648.701224999997,0.660759493670886,0.660759493670886
reg3,858,13,reg3_m858_s0,0,2935,146760,0.9207043373686502,783.0,783.0,0.01146625653586878,2.710505431213761e-19,48,74,3660.3509185999865,0.660759493670886,0.660759493670886
reg3,858,13,reg3_m858_s0,0,2940,147010,0.9207043373686502,783.0,783.0,0.01146625653586878,2.710505431213761e-19,48,74,3670.6303179000097,0.660759493670886,0.660759493670886
reg3,858,13,reg3_m858_s0,0,2945,147260,0.9207043373686502,783.0,783.0,0.01146625653586878,2.710505431213761e-19,48,74,3682.8701189999992,0.660759493670886,0.660759493670886
reg3,858,13,reg3_m858_s0,0,2950,147510,0.9207043373686502,783.0,783.0,0.01146625653586878,2.710505431213761e-19,48,74,3694.0656891999824,0.660759493670886,0.660759493670886
reg3,858,13,reg3_m858_s0,0,2955,147760,0.9207043373686502,783.0,783.0,0.01146625653586878,2.710505431213761e-19,48,74,3704.931957499997,0.660759493670886,0.660759493670886
reg3,858,13,reg3_m858_s0,0,2960,148010,0.9207043373686502,783.0,783.0,0.01146625653586878,2.710505431213761e-19,48,74,3715.932310000004,0.660759493670886,0.660759493670886
reg3,858,13,reg3_m858_s0,0,2965,148260,0.9207043373686502,783.0,783.0,0.01146625653586878,2.710505431213761e-19,48,74,3726.8400906999887,0.660759493670886,0.660759493670886
reg3,858,13,reg3_m858_s0,0,2970,148510,0.9207043373686502,783.0,783.0,0.01146625653586878,2.710505431213761e-19,48,74,3737.908813499991,0.660759493670886,0.660759493670886
reg3,858,13,reg3_m858_s0,0,2975,148760,0.9207043373686502,783.0,783.0,0.01146625653586878,2.710505431213761e-19,48,74,3747.556381000002,0.660759493670886,0.660759493670886
reg3,858,13,reg3_m858_s0,0,2980,149010,0.9207043373686502,783.0,783.0,0.01146625653586878,2.710505431213761e-19,48,74,3757.532861099986,0.660759493670886,0.660759493670886
reg3,858,13,reg3_m858_s0,0,2985,149260,0.9207043373686502,783.0,783.0,0.01146625653586878,2.710505431213761e-19,48,74,3767.058167499985,0.660759493670886,0.660759493670886
reg3,858,13,reg3_m858_s0,0,2990,149510,0.9207043373686502,783.0,783.0,0.01146625653586878,2.710505431213761e-19,48,74,3776.601242900011,0.660759493670886,0.660759493670886
reg3,858,13,reg3_m858_s0,0,2995,149760,0.9207043373686502,783.0,783.0,0.01146625653586878,2.710505431213761e-19,48,74,3786.3028982999967,0.660759493670886,0.660759493670886
reg3,858,13,reg3_m858_s0,0,3000,150010,0.9207043373686502,783.0,783.0,0.01146625653586878,2.710505431213761e-19,48,74,3795.990932799992,0.660759493670886,0.660759493670886
