family,m,instance,method,run,generation,evaluations,best_score,best_cut,pop_mean_cut,median_abs_corr,min_abs_corr,two_qubit,non_clifford,seconds,ratio_best,ratio_pop_mean
reg3,60,reg3_m60_s0,es,0,0,10,0.8309630285234236,49.0,45.8,0.03422181726598081,1.0842021724855044e-18,20,32,0.03379210000275634,0.5903614457831325,0.5518072289156626
reg3,60,reg3_m60_s0,es,0,5,260,1.0726312396664537,60.0,58.9,0.0695242405627506,0.0005968111915276696,20,38,1.0580271999933757,0.7228915662650602,0.7096385542168675
reg3,60,reg3_m60_s0,es,0,10,510,1.1327204060333493,63.0,62.9,0.06165100349233671,0.0013125448532299074,20,38,1.993249499995727,0.7590361445783133,0.7578313253012048
reg3,60,reg3_m60_s0,es,0,15,760,1.1353459234829315,65.0,64.5,0.0443256844965716,0.0018461642435758999,20,37,2.95527909998782,0.7831325301204819,0.7771084337349398
reg3,60,reg3_m60_s0,es,0,20,1010,1.1796901382377605,67.0,65.2,0.037564450943634725,0.0013139571655955591,20,37,3.89215110000805,0.8072289156626506,0.7855421686746988
reg3,60,reg3_m60_s0,es,0,25,1260,1.1796901382377605,67.0,66.1,0.037564450943634725,0.0013139571655955591,20,37,4.894606099987868,0.8072289156626506,0.7963855421686746
reg3,60,reg3_m60_s0,es,0,30,1510,1.1796901382377605,67.0,66.6,0.037564450943634725,0.0013139571655955591,20,37,5.85857599999872,0.8072289156626506,0.8024096385542168
reg3,60,reg3_m60_s0,es,0,35,1760,1.207240520296466,68.0,67.7,0.04867651176367328,2.1935629722951572e-05,20,37,7.060282899998128,0.8192771084337349,0.8156626506024097
reg3,60,reg3_m60_s0,es,0,40,2010,1.2072405202964662,68.0,68.0,0.04867651176367326,2.1935629723135452e-05,20,37,8.194032800005516,0.8192771084337349,0.8192771084337349
reg3,60,reg3_m60_s0,es,0,45,2260,1.209111510203775,68.0,68.0,0.04787589533063326,2.193562972295851e-05,20,36,9.17020799999591,0.8192771084337349,0.8192771084337349
reg3,60,reg3_m60_s0,es,0,50,2510,1.223849643961208,69.0,68.2,0.051973073019986216,2.1935629723000144e-05,20,37,10.168825900007505,0.8313253012048193,0.8216867469879519
reg3,60,reg3_m60_s0,es,0,55,2760,1.223849643961208,69.0,68.5,0.051973073019986216,2.1935629723000144e-05,20,37,11.149814000003971,0.8313253012048193,0.8253012048192772
reg3,60,reg3_m60_s0,es,0,60,3010,1.2260595889244117,69.0,69.0,0.054818718469420796,0.00019463617103424036,20,36,12.189059099997394,0.8313253012048193,0.8313253012048193
reg3,60,reg3_m60_s0,es,0,65,3260,1.2260595889244117,69.0,69.0,0.054818718469420796,0.00019463617103424036,20,36,13.131312499986961,0.8313253012048193,0.8313253012048193
reg3,60,reg3_m60_s0,es,0,70,3510,1.2267257021554896,69.0,69.0,0.04944169107446255,0.0016887061560587075,20,37,14.086235800001305,0.8313253012048193,0.8313253012048193
reg3,60,reg3_m60_s0,es,0,75,3760,1.2444120374245584,70.0,69.2,0.05377509779686875,0.00019463617103419179,20,37,15.029221400007373,0.8433734939759037,0.8337349397590362
reg3,60,reg3_m60_s0,es,0,80,4010,1.2444120374245584,70.0,69.8,0.05377509779686884,0.0001946361710341571,20,37,16.020464900007937,0.8433734939759037,0.8409638554216867
reg3,60,reg3_m60_s0,es,0,85,4260,1.2502067279524722,70.0,70.0,0.051773219073586965,0.00098022876181208,20,37,16.99660969999968,0.8433734939759037,0.8433734939759037
reg3,60,reg3_m60_s0,es,0,90,4510,1.2511329770096746,70.0,70.0,0.05398297309233492,0.0009325716304768739,20,37,18.003305599995656,0.8433734939759037,0.8433734939759037
reg3,60,reg3_m60_s0,es,0,95,4760,1.2513468825512706,70.0,70.0,0.054981569644466995,0.00010122255706085728,20,38,18.924941799981752,0.8433734939759037,0.8433734939759037
reg3,60,reg3_m60_s0,es,0,100,5010,1.2513468825512706,70.0,70.0,0.054981569644466995,0.00010122255706085728,20,38,20.008879400003934,0.8433734939759037,0.8433734939759037
reg3,60,reg3_m60_s0,es,0,105,5260,1.2513468825512706,70.0,70.0,0.054981569644466995,0.00010122255706085728,20,38,20.914960699999938,0.8433734939759037,0.8433734939759037
reg3,60,reg3_m60_s0,es,0,110,5510,1.2535480448776444,70.0,70.0,0.06643630248941859,0.0005789101407181804,20,38,21.888142599986168,0.8433734939759037,0.8433734939759037
reg3,60,reg3_m60_s0,es,0,115,5760,1.2535480448776444,70.0,70.0,0.06643630248941859,0.0005789101407181804,20,38,22.962867499998538,0.8433734939759037,0.8433734939759037
reg3,60,reg3_m60_s0,es,0,120,6010,1.2535480448776444,70.0,70.0,0.06643630248941859,0.0005789101407181804,20,38,23.961565600009635,0.8433734939759037,0.8433734939759037
reg3,60,reg3_m60_s0,es,0,125,6260,1.2535480448776444,70.0,70.0,0.06643630248941862,0.0005789101407182046,20,38,24.916626899997937,0.8433734939759037,0.8433734939759037
reg3,60,reg3_m60_s0,es,0,130,6510,1.2535480448776444,70.0,70.0,0.06643630248941862,0.0005789101407182046,20,38,25.8630501999869,0.8433734939759037,0.8433734939759037
reg3,60,reg3_m60_s0,es,0,135,6760,1.2535480448776444,70.0,70.0,0.06643630248941866,0.000578910140718215,20,38,26.848088700004155,0.8433734939759037,0.8433734939759037
reg3,60,reg3_m60_s0,es,0,140,7010,1.2557287673407214,70.0,70.0,0.05978977090914903,0.0008906406472847031,20,38,27.8751498000056,0.8433734939759037,0.8433734939759037
reg3,60,reg3_m60_s0,es,0,145,7260,1.2557287673407214,70.0,70.0,0.05978977090914903,0.0008906406472847031,20,38,28.789868799998658,0.8433734939759037,0.8433734939759037
reg3,60,reg3_m60_s0,es,0,150,7510,1.2557287673407214,70.0,70.0,0.05978977090914903,0.0008906406472847031,20,38,29.76866339999833,0.8433734939759037,0.8433734939759037
reg3,60,reg3_m60_s0,es,0,155,7760,1.263135732459675,71.0,70.1,0.052253887034099944,0.0038101084282742073,20,38,30.7818059999845,0.8554216867469879,0.844578313253012
reg3,60,reg3_m60_s0,es,0,160,8010,1.263135732459675,71.0,70.4,0.052253887034099944,0.0038101084282742073,20,38,31.967956200009212,0.8554216867469879,0.8481927710843374
reg3,60,reg3_m60_s0,es,0,165,8260,1.2802807524468631,72.0,71.0,0.05319678008022537,0.0007851639017873412,20,37,33.05884379998315,0.8674698795180723,0.8554216867469879
reg3,60,reg3_m60_s0,es,0,170,8510,1.2802807524468631,72.0,71.1,0.05319678008022537,0.0007851639017873412,20,37,33.98905869998271,0.8674698795180723,0.8566265060240963
reg3,60,reg3_m60_s0,es,0,175,8760,1.2802807524468631,72.0,71.2,0.05319678008022537,0.0007851639017873412,20,37,34.976416899997275,0.8674698795180723,0.8578313253012049
reg3,60,reg3_m60_s0,es,0,180,9010,1.2802807524468631,72.0,71.3,0.05319678008022537,0.0007851639017873412,20,37,35.93152079998981,0.8674698795180723,0.8590361445783132
reg3,60,reg3_m60_s0,es,0,185,9260,1.2803195938014793,72.0,71.5,0.050457796150700514,0.0009683113950126956,20,37,36.85857409998425,0.8674698795180723,0.8614457831325302
reg3,60,reg3_m60_s0,es,0,190,9510,1.2803195938014793,72.0,72.0,0.050457796150700514,0.0009683113950126956,20,37,37.807005899987416,0.8674698795180723,0.8674698795180723
reg3,60,reg3_m60_s0,es,0,195,9760,1.2803195938014793,72.0,72.0,0.050457796150700514,0.0009683113950126956,20,37,38.764081400004216,0.8674698795180723,0.8674698795180723
reg3,60,reg3_m60_s0,es,0,200,10010,1.2803195938014793,72.0,72.0,0.050457796150700514,0.0009683113950126956,20,37,39.67353339999681,0.8674698795180723,0.8674698795180723
reg3,60,reg3_m60_s0,es,0,205,10260,1.2806110567179823,72.0,72.0,0.050055821700905154,0.0005863398137562256,20,37,40.606735899986234,0.8674698795180723,0.8674698795180723
reg3,60,reg3_m60_s0,es,0,210,10510,1.2806110567179823,72.0,72.0,0.050055821700905154,0.0005863398137562256,20,37,41.534922499995446,0.8674698795180723,0.8674698795180723
reg3,60,reg3_m60_s0,es,0,215,10760,1.2806110567179823,72.0,72.0,0.050055821700905154,0.0005863398137562256,20,37,42.50262559999828,0.8674698795180723,0.8674698795180723
reg3,60,reg3_m60_s0,es,0,220,11010,1.2806110567179825,72.0,72.0,0.050055821700905084,0.0005863398137562099,20,37,43.48450729998876,0.8674698795180723,0.8674698795180723
reg3,60,reg3_m60_s0,es,0,225,11260,1.2806110567179825,72.0,72.0,0.050055821700905084,0.0005863398137562099,20,37,44.53926279998268,0.8674698795180723,0.8674698795180723
reg3,60,reg3_m60_s0,es,0,230,11510,1.2806110567179825,72.0,72.0,0.050055821700905084,0.0005863398137562099,20,37,45.580741199984914,0.8674698795180723,0.8674698795180723
reg3,60,reg3_m60_s0,es,0,235,11760,1.2806110567179825,72.0,72.0,0.050055821700905084,0.0005863398137562099,20,37,46.516526699997485,0.8674698795180723,0.8674698795180723
reg3,60,reg3_m60_s0,es,0,240,12010,1.2806110567179825,72.0,72.0,0.050055821700905084,0.0005863398137562099,20,37,47.61482950000209,0.8674698795180723,0.8674698795180723
reg3,60,reg3_m60_s0,es,0,245,12260,1.2806110567179825,72.0,72.0,0.050055821700905084,0.0005863398137562099,20,37,48.65646279999055,0.8674698795180723,0.8674698795180723
reg3,60,reg3_m60_s0,es,0,250,12510,1.2830044597101486,72.0,72.0,0.05732742807025602,0.0012270811848911767,20,37,49.65154419999453,0.8674698795180723,0.8674698795180723
reg3,60,reg3_m60_s0,es,0,255,12760,1.2830044597101486,72.0,72.0,0.05732742807025602,0.0012270811848911767,20,37,50.641244900005404,0.8674698795180723,0.8674698795180723
reg3,60,reg3_m60_s0,es,0,260,13010,1.2830044597101486,72.0,72.0,0.05732742807025616,0.0012270811848911177,20,37,51.64971890000743,0.8674698795180723,0.8674698795180723
reg3,60,reg3_m60_s0,es,0,265,13260,1.2830044597101486,72.0,72.0,0.05732742807025602,0.0012270811848911767,20,37,52.68692750000628,0.8674698795180723,0.8674698795180723
reg3,60,reg3_m60_s0,es,0,270,13510,1.2830044597101486,72.0,72.0,0.05732742807025616,0.0012270811848911177,20,37,53.70586960000219,0.8674698795180723,0.8674698795180723
reg3,60,reg3_m60_s0,es,0,275,13760,1.2830044597101486,72.0,72.0,0.05732742807025616,0.0012270811848911177,20,37,54.790804799995385,0.8674698795180723,0.8674698795180723
reg3,60,reg3_m60_s0,es,0,280,14010,1.2830044597101486,72.0,72.0,0.05732742807025602,0.0012270811848911767,20,37,55.76187280000886,0.8674698795180723,0.8674698795180723
reg3,60,reg3_m60_s0,es,0,285,14260,1.2830044597101486,72.0,72.0,0.05732742807025602,0.0012270811848911767,20,37,56.77829630000633,0.8674698795180723,0.8674698795180723
reg3,60,reg3_m60_s0,es,0,290,14510,1.2830044597101486,72.0,72.0,0.05732742807025616,0.0012270811848911177,20,37,57.80473659999552,0.8674698795180723,0.8674698795180723
reg3,60,reg3_m60_s0,es,0,295,14760,1.2830044597101486,72.0,72.0,0.05732742807025616,0.0012270811848911177,20,37,58.821964300004765,0.8674698795180723,0.8674698795180723
reg3,60,reg3_m60_s0,es,0,300,15010,1.2833544709320046,72.0,72.0,0.05145733456292095,0.000824934767092474,20,37,59.842545799998334,0.8674698795180723,0.8674698795180723
reg3,60,reg3_m60_s0,es,0,305,15260,1.2833544709320046,72.0,72.0,0.05145733456292095,0.000824934767092474,20,37,60.88200019998476,0.8674698795180723,0.8674698795180723
reg3,60,reg3_m60_s0,es,0,310,15510,1.2833544709320046,72.0,72.0,0.05145733456292095,0.000824934767092474,20,37,61.8614222999895,0.8674698795180723,0.8674698795180723
reg3,60,reg3_m60_s0,es,0,315,15760,1.2833544709320046,72.0,72.0,0.05145733456292095,0.000824934767092474,20,37,62.88461370000732,0.8674698795180723,0.8674698795180723
reg3,60,reg3_m60_s0,es,0,320,16010,1.2833544709320046,72.0,72.0,0.05145733456292095,0.000824934767092474,20,37,63.90682830000878,0.8674698795180723,0.8674698795180723
reg3,60,reg3_m60_s0,es,0,325,16260,1.2833544709320046,72.0,72.0,0.051457334562920995,0.0008249347670924966,20,37,64.82344370000646,0.8674698795180723,0.8674698795180723
reg3,60,reg3_m60_s0,es,0,330,16510,1.2833544709320046,72.0,72.0,0.051457334562920995,0.0008249347670924966,20,37,65.84122490001027,0.8674698795180723,0.8674698795180723
reg3,60,reg3_m60_s0,es,0,335,16760,1.2833544709320046,72.0,72.0,0.051457334562920995,0.0008249347670924966,20,37,66.90450199999032,0.8674698795180723,0.8674698795180723
reg3,60,reg3_m60_s0,es,0,340,17010,1.2833544709320046,72.0,72.0,0.05145733456292095,0.000824934767092474,20,37,67.92288830000325,0.8674698795180723,0.8674698795180723
reg3,60,reg3_m60_s0,es,0,345,17260,1.2833544709320046,72.0,72.0,0.051457334562920995,0.0008249347670924966,20,37,68.85123629998998,0.8674698795180723,0.8674698795180723
reg3,60,reg3_m60_s0,es,0,350,17510,1.2833544709320046,72.0,72.0,0.05145733456292091,0.0008249347670925174,20,36,69.80382760000066,0.8674698795180723,0.8674698795180723
reg3,60,reg3_m60_s0,es,0,355,17760,1.2833544709320046,72.0,72.0,0.05145733456292078,0.0008249347670924723,20,37,70.77553439998883,0.8674698795180723,0.8674698795180723
reg3,60,reg3_m60_s0,es,0,360,18010,1.2833544709320046,72.0,72.0,0.051457334562920995,0.0008249347670924966,20,37,71.76229789998615,0.8674698795180723,0.8674698795180723
reg3,60,reg3_m60_s0,es,0,365,18260,1.2833544709320046,72.0,72.0,0.051457334562920995,0.0008249347670924966,20,37,72.80646110000089,0.8674698795180723,0.8674698795180723
reg3,60,reg3_m60_s0,es,0,370,18510,1.2833544709320046,72.0,72.0,0.05145733456292091,0.0008249347670925174,20,36,73.84725309998612,0.8674698795180723,0.8674698795180723
reg3,60,reg3_m60_s0,es,0,375,18760,1.2833544709320046,72.0,72.0,0.05145733456292091,0.0008249347670925174,20,36,74.7347221999953,0.8674698795180723,0.8674698795180723
reg3,60,reg3_m60_s0,es,0,380,19010,1.2833544709320046,72.0,72.0,0.05145733456292091,0.0008249347670925174,20,36,75.76240390000748,0.8674698795180723,0.8674698795180723
reg3,60,reg3_m60_s0,es,0,385,19260,1.2833544709320046,72.0,72.0,0.05145733456292091,0.0008249347670925174,20,36,76.71169080000254,0.8674698795180723,0.8674698795180723
reg3,60,reg3_m60_s0,es,0,390,19510,1.2833544709320046,72.0,72.0,0.05145733456292091,0.0008249347670925174,20,36,77.66744309998467,0.8674698795180723,0.8674698795180723
reg3,60,reg3_m60_s0,es,0,395,19760,1.2833544709320046,72.0,72.0,0.05145733456292091,0.0008249347670925174,20,36,78.66818899998907,0.8674698795180723,0.8674698795180723
reg3,60,reg3_m60_s0,es,0,400,20010,1.2833544709320046,72.0,72.0,0.051457334562920995,0.0008249347670924966,20,37,79.75787989998935,0.8674698795180723,0.8674698795180723
reg3,60,reg3_m60_s0,es,1,0,10,0.736444777344415,44.0,46.3,0.07304383663338695,0.00098649445651193,20,35,0.02779220000957139,0.5301204819277109,0.5578313253012048
reg3,60,reg3_m60_s0,es,1,5,260,1.0294795068528633,58.0,56.5,0.06597869230179365,4.336808689942018e-18,20,35,0.9805095000192523,0.6987951807228916,0.6807228915662651
reg3,60,reg3_m60_s0,es,1,10,510,1.1020403107965229,61.0,60.6,0.10185265388483511,0.0029636355156159805,20,32,1.9410140000109095,0.7349397590361446,0.7301204819277108
reg3,60,reg3_m60_s0,es,1,15,760,1.1994230953349467,66.0,64.9,0.09853079177497343,0.0012198810822825132,20,33,2.8644942000100855,0.7951807228915663,0.7819277108433735
reg3,60,reg3_m60_s0,es,1,20,1010,1.2750897318574232,67.0,66.7,0.13254005807007352,0.001793474772852027,20,33,3.8566419999988284,0.8072289156626506,0.8036144578313253
reg3,60,reg3_m60_s0,es,1,25,1260,1.2837343614284975,67.0,67.0,0.1511358381596044,0.0031385623731792103,20,34,4.828647600021213,0.8072289156626506,0.8072289156626506
reg3,60,reg3_m60_s0,es,1,30,1510,1.3022845541041528,69.0,67.2,0.13254005807007338,0.0028068295499984255,20,33,5.776311900001019,0.8313253012048193,0.8096385542168675
reg3,60,reg3_m60_s0,es,1,35,1760,1.3180938086032068,70.0,68.6,0.1419290056315065,0.004918862897024062,20,33,6.747812400019029,0.8433734939759037,0.8265060240963855
reg3,60,reg3_m60_s0,es,1,40,2010,1.3180938086032068,70.0,68.6,0.1419290056315065,0.004918862897024062,20,33,7.794856199994683,0.8433734939759037,0.8265060240963855
reg3,60,reg3_m60_s0,es,1,45,2260,1.32970498877381,69.0,68.8,0.14784182738351465,0.000743854068924639,20,33,8.712320200022077,0.8313253012048193,0.8289156626506023
reg3,60,reg3_m60_s0,es,1,50,2510,1.32970498877381,69.0,69.1,0.14784182738351465,0.000743854068924639,20,33,9.757125700009055,0.8313253012048193,0.8325301204819276
reg3,60,reg3_m60_s0,es,1,55,2760,1.337472532377403,69.0,69.0,0.16999980433714668,0.004994418509670147,20,33,10.70057660000748,0.8313253012048193,0.8313253012048193
reg3,60,reg3_m60_s0,es,1,60,3010,1.3430644433725905,69.0,69.0,0.16026704946874995,0.004994418509670121,20,33,11.865468800009694,0.8313253012048193,0.8313253012048193
reg3,60,reg3_m60_s0,es,1,65,3260,1.3460630199638053,69.0,69.0,0.1593296271248334,0.0007548020515294965,20,33,12.844857699994463,0.8313253012048193,0.8313253012048193
reg3,60,reg3_m60_s0,es,1,70,3510,1.3460630199638053,69.0,69.0,0.1593296271248334,0.0007548020515294965,20,33,13.79615440001362,0.8313253012048193,0.8313253012048193
reg3,60,reg3_m60_s0,es,1,75,3760,1.3756821329756017,72.0,69.9,0.12632697899670348,0.005286099548663388,20,34,15.04054640000686,0.8674698795180723,0.8421686746987952
reg3,60,reg3_m60_s0,es,1,80,4010,1.3889924677401966,72.0,71.8,0.14275741939293934,0.003506042853340138,20,34,16.062058400013484,0.8674698795180723,0.8650602409638554
reg3,60,reg3_m60_s0,es,1,85,4260,1.3932199482727916,73.0,72.5,0.11478533498980886,0.0011411868725198365,20,34,17.08043660002295,0.8795180722891566,0.8734939759036144
reg3,60,reg3_m60_s0,es,1,90,4510,1.3932199482727916,73.0,73.0,0.11478533498980878,0.0011411868725198452,20,34,18.059557000000495,0.8795180722891566,0.8795180722891566
reg3,60,reg3_m60_s0,es,1,95,4760,1.4000394104669671,73.0,73.0,0.13183504539269247,0.00041230515770321156,20,34,19.07869640001445,0.8795180722891566,0.8795180722891566
reg3,60,reg3_m60_s0,es,1,100,5010,1.4000394104669671,73.0,73.0,0.13183504539269247,0.00041230515770321156,20,34,20.181603000004543,0.8795180722891566,0.8795180722891566
reg3,60,reg3_m60_s0,es,1,105,5260,1.400118080912703,73.0,73.0,0.12429980027732335,0.002097134275678099,20,32,21.124615600012476,0.8795180722891566,0.8795180722891566
reg3,60,reg3_m60_s0,es,1,110,5510,1.400118080912703,73.0,73.0,0.12429980027732335,0.002097134275678099,20,32,22.004616899997927,0.8795180722891566,0.8795180722891566
reg3,60,reg3_m60_s0,es,1,115,5760,1.400118080912703,73.0,73.0,0.12429980027732335,0.002097134275678099,20,32,22.94201910000993,0.8795180722891566,0.8795180722891566
reg3,60,reg3_m60_s0,es,1,120,6010,1.4047006383532596,73.0,73.0,0.13490637630688768,0.0019917413696109894,20,33,23.842695400002412,0.8795180722891566,0.8795180722891566
reg3,60,reg3_m60_s0,es,1,125,6260,1.4047006383532596,73.0,73.0,0.13490637630688768,0.0019917413696109894,20,33,24.86450130000594,0.8795180722891566,0.8795180722891566
reg3,60,reg3_m60_s0,es,1,130,6510,1.4059270793017296,73.0,73.0,0.1365841905874401,0.0072104800605741915,20,34,25.7990570999973,0.8795180722891566,0.8795180722891566
reg3,60,reg3_m60_s0,es,1,135,6760,1.4072258163943931,73.0,73.0,0.14055935874829706,0.0034121065046136875,20,34,26.78011780002271,0.8795180722891566,0.8795180722891566
reg3,60,reg3_m60_s0,es,1,140,7010,1.4091682827058736,73.0,73.0,0.14315764751645269,0.0004182431711349296,20,34,27.78899739999906,0.8795180722891566,0.8795180722891566
reg3,60,reg3_m60_s0,es,1,145,7260,1.4114039385003618,73.0,73.0,0.1365841905874401,0.004172397951143545,20,34,28.76451979999547,0.8795180722891566,0.8795180722891566
reg3,60,reg3_m60_s0,es,1,150,7510,1.4114039385003618,73.0,73.0,0.1365841905874401,0.004172397951143545,20,34,29.719542000006186,0.8795180722891566,0.8795180722891566
reg3,60,reg3_m60_s0,es,1,155,7760,1.4114039385003618,73.0,73.0,0.1365841905874401,0.004172397951143545,20,34,30.65416780000669,0.8795180722891566,0.8795180722891566
reg3,60,reg3_m60_s0,es,1,160,8010,1.4114039385003618,73.0,73.0,0.13658419058744015,0.004172397951143391,20,33,31.616071099997498,0.8795180722891566,0.8795180722891566
reg3,60,reg3_m60_s0,es,1,165,8260,1.4131083006047622,73.0,73.0,0.1418370445399254,0.0033094986061628587,20,35,32.558753200020874,0.8795180722891566,0.8795180722891566
reg3,60,reg3_m60_s0,es,1,170,8510,1.4131083006047622,73.0,73.0,0.1418370445399254,0.0033094986061628587,20,35,33.485599100007676,0.8795180722891566,0.8795180722891566
reg3,60,reg3_m60_s0,es,1,175,8760,1.4131083006047622,73.0,73.0,0.1418370445399254,0.0033094986061628587,20,35,34.47363829999813,0.8795180722891566,0.8795180722891566
reg3,60,reg3_m60_s0,es,1,180,9010,1.4131083006047622,73.0,73.0,0.1418370445399254,0.0033094986061628587,20,35,35.38019090000307,0.8795180722891566,0.8795180722891566
reg3,60,reg3_m60_s0,es,1,185,9260,1.4131083006047622,73.0,73.0,0.1418370445399254,0.0033094986061628587,20,35,36.33380220000981,0.8795180722891566,0.8795180722891566
reg3,60,reg3_m60_s0,es,1,190,9510,1.4140666788740675,73.0,73.0,0.1468048310726317,0.0014161035802765336,20,37,37.32827329999418,0.8795180722891566,0.8795180722891566
reg3,60,reg3_m60_s0,es,1,195,9760,1.417004258923963,73.0,73.0,0.13450468558376355,0.0018913810138611528,20,35,38.325965399999404,0.8795180722891566,0.8795180722891566
reg3,60,reg3_m60_s0,es,1,200,10010,1.417004258923963,73.0,73.0,0.13450468558376355,0.0018913810138611528,20,35,39.30123700000695,0.8795180722891566,0.8795180722891566
reg3,60,reg3_m60_s0,es,1,205,10260,1.4184291627658936,73.0,73.0,0.14783122848335178,0.0014161035802765145,20,37,40.32229670000379,0.8795180722891566,0.8795180722891566
reg3,60,reg3_m60_s0,es,1,210,10510,1.4184291627658936,73.0,73.0,0.14783122848335178,0.0014161035802765145,20,37,41.33851820000564,0.8795180722891566,0.8795180722891566
reg3,60,reg3_m60_s0,es,1,215,10760,1.4184291627658936,73.0,73.0,0.14783122848335178,0.0014161035802765145,20,37,42.33007350002299,0.8795180722891566,0.8795180722891566
reg3,60,reg3_m60_s0,es,1,220,11010,1.4184291627658938,73.0,73.0,0.14783122848335178,0.0014161035802764867,20,37,43.31867060001241,0.8795180722891566,0.8795180722891566
reg3,60,reg3_m60_s0,es,1,225,11260,1.4190662175994468,73.0,73.0,0.1395638002972583,0.0008042855900639596,20,36,44.32597070001066,0.8795180722891566,0.8795180722891566
reg3,60,reg3_m60_s0,es,1,230,11510,1.4190662175994468,73.0,73.0,0.1395638002972583,0.0008042855900639596,20,36,45.31061929999851,0.8795180722891566,0.8795180722891566
reg3,60,reg3_m60_s0,es,1,235,11760,1.4190662175994468,73.0,73.0,0.1395638002972583,0.0008042855900638746,20,36,46.31690500001423,0.8795180722891566,0.8795180722891566
reg3,60,reg3_m60_s0,es,1,240,12010,1.4190662175994468,73.0,73.0,0.1395638002972583,0.0008042855900638746,20,36,47.32904189999681,0.8795180722891566,0.8795180722891566
reg3,60,reg3_m60_s0,es,1,245,12260,1.4190662175994468,73.0,73.0,0.1395638002972583,0.0008042855900639596,20,36,48.27562050000415,0.8795180722891566,0.8795180722891566
reg3,60,reg3_m60_s0,es,1,250,12510,1.4190662175994468,73.0,73.0,0.13956380029725834,0.0008042855900640012,20,35,49.164553400012664,0.8795180722891566,0.8795180722891566
reg3,60,reg3_m60_s0,es,1,255,12760,1.4190662175994468,73.0,73.0,0.1395638002972584,0.0008042855900640012,20,35,50.208249200019054,0.8795180722891566,0.8795180722891566
reg3,60,reg3_m60_s0,es,1,260,13010,1.4190662175994468,73.0,73.0,0.1395638002972583,0.0008042855900638746,20,36,51.17819160001818,0.8795180722891566,0.8795180722891566
reg3,60,reg3_m60_s0,es,1,265,13260,1.4190662175994468,73.0,73.0,0.1395638002972583,0.0008042855900638694,20,34,52.16168079999625,0.8795180722891566,0.8795180722891566
reg3,60,reg3_m60_s0,es,1,270,13510,1.4190662175994468,73.0,73.0,0.13956380029725834,0.0008042855900640012,20,35,53.09247960001812,0.8795180722891566,0.8795180722891566
reg3,60,reg3_m60_s0,es,1,275,13760,1.4190662175994468,73.0,73.0,0.1395638002972583,0.0008042855900638694,20,34,54.08732439999585,0.8795180722891566,0.8795180722891566
reg3,60,reg3_m60_s0,es,1,280,14010,1.4190662175994468,73.0,73.0,0.13956380029725834,0.0008042855900640012,20,35,54.98320080002304,0.8795180722891566,0.8795180722891566
reg3,60,reg3_m60_s0,es,1,285,14260,1.4190662175994468,73.0,73.0,0.13956380029725837,0.000804285590064114,20,35,56.01005179999629,0.8795180722891566,0.8795180722891566
reg3,60,reg3_m60_s0,es,1,290,14510,1.4190662175994468,73.0,73.0,0.1395638002972584,0.0008042855900639977,20,33,56.965955100022256,0.8795180722891566,0.8795180722891566
reg3,60,reg3_m60_s0,es,1,295,14760,1.419066217599447,73.0,73.0,0.1395638002972584,0.0008042855900640793,20,34,57.95418990001781,0.8795180722891566,0.8795180722891566
reg3,60,reg3_m60_s0,es,1,300,15010,1.419066217599447,73.0,73.0,0.1395638002972584,0.0008042855900640793,20,34,58.89507369999774,0.8795180722891566,0.8795180722891566
reg3,60,reg3_m60_s0,es,1,305,15260,1.419066217599447,73.0,73.0,0.1395638002972584,0.0008042855900640793,20,34,59.98289850002038,0.8795180722891566,0.8795180722891566
reg3,60,reg3_m60_s0,es,1,310,15510,1.419066217599447,73.0,73.0,0.1395638002972584,0.0008042855900640793,20,34,61.02689979999559,0.8795180722891566,0.8795180722891566
reg3,60,reg3_m60_s0,es,1,315,15760,1.419066217599447,73.0,73.0,0.1395638002972584,0.0008042855900640793,20,34,62.00235799999791,0.8795180722891566,0.8795180722891566
reg3,60,reg3_m60_s0,es,1,320,16010,1.419066217599447,73.0,73.0,0.1395638002972584,0.0008042855900640793,20,34,62.94183389999671,0.8795180722891566,0.8795180722891566
reg3,60,reg3_m60_s0,es,1,325,16260,1.419066217599447,73.0,73.0,0.1395638002972584,0.0008042855900640793,20,34,63.85649090001243,0.8795180722891566,0.8795180722891566
reg3,60,reg3_m60_s0,es,1,330,16510,1.419066217599447,73.0,73.0,0.1395638002972584,0.0008042855900640793,20,34,64.75999750001938,0.8795180722891566,0.8795180722891566
reg3,60,reg3_m60_s0,es,1,335,16760,1.419066217599447,73.0,73.0,0.1395638002972584,0.0008042855900640793,20,34,65.73329470001045,0.8795180722891566,0.8795180722891566
reg3,60,reg3_m60_s0,es,1,340,17010,1.419066217599447,73.0,73.0,0.1395638002972584,0.0008042855900640793,20,34,66.66853740002261,0.8795180722891566,0.8795180722891566
reg3,60,reg3_m60_s0,es,1,345,17260,1.419066217599447,73.0,73.0,0.1395638002972584,0.0008042855900640793,20,34,67.67401720001362,0.8795180722891566,0.8795180722891566
reg3,60,reg3_m60_s0,es,1,350,17510,1.419066217599447,73.0,73.0,0.1395638002972584,0.0008042855900640793,20,34,68.64281520000077,0.8795180722891566,0.8795180722891566
reg3,60,reg3_m60_s0,es,1,355,17760,1.419066217599447,73.0,73.0,0.1395638002972584,0.0008042855900640793,20,34,69.60281949999626,0.8795180722891566,0.8795180722891566
reg3,60,reg3_m60_s0,es,1,360,18010,1.419066217599447,73.0,73.0,0.1395638002972584,0.0008042855900640793,20,34,70.62160470001982,0.8795180722891566,0.8795180722891566
reg3,60,reg3_m60_s0,es,1,365,18260,1.419066217599447,73.0,73.0,0.1395638002972584,0.0008042855900640793,20,34,71.58257650001906,0.8795180722891566,0.8795180722891566
reg3,60,reg3_m60_s0,es,1,370,18510,1.419066217599447,73.0,73.0,0.1395638002972584,0.0008042855900640793,20,34,72.53805250002188,0.8795180722891566,0.8795180722891566
reg3,60,reg3_m60_s0,es,1,375,18760,1.419066217599447,73.0,73.0,0.1395638002972584,0.0008042855900640793,20,34,73.45986659999471,0.8795180722891566,0.8795180722891566
reg3,60,reg3_m60_s0,es,1,380,19010,1.419066217599447,73.0,73.0,0.1395638002972584,0.0008042855900640793,20,34,74.4246369000175,0.8795180722891566,0.8795180722891566
reg3,60,reg3_m60_s0,es,1,385,19260,1.419066217599447,73.0,73.0,0.1395638002972584,0.0008042855900640793,20,34,75.38408730001538,0.8795180722891566,0.8795180722891566
reg3,60,reg3_m60_s0,es,1,390,19510,1.419066217599447,73.0,73.0,0.1395638002972584,0.0008042855900640793,20,34,76.4099378999963,0.8795180722891566,0.8795180722891566
reg3,60,reg3_m60_s0,es,1,395,19760,1.419066217599447,73.0,73.0,0.1395638002972584,0.0008042855900640793,20,34,77.49602690001484,0.8795180722891566,0.8795180722891566
reg3,60,reg3_m60_s0,es,1,400,20010,1.419066217599447,73.0,73.0,0.1395638002972584,0.0008042855900640793,20,34,78.52565600001253,0.8795180722891566,0.8795180722891566
reg3,60,reg3_m60_s0,es+pbil,0,0,10,0.8309630285234236,49.0,45.8,0.03422181726598081,1.0842021724855044e-18,20,32,0.041464999987510964,0.5903614457831325,0.5518072289156626
reg3,60,reg3_m60_s0,es+pbil,0,5,260,1.0011586641474584,56.0,55.4,0.08771730110686554,0.0030189794866126857,20,35,1.069676499988418,0.6746987951807228,0.6674698795180722
reg3,60,reg3_m60_s0,es+pbil,0,10,510,1.0685185201765544,62.0,58.9,0.031773600479924835,0.0003135030036049268,20,31,2.0225184999872,0.7469879518072289,0.7096385542168675
reg3,60,reg3_m60_s0,es+pbil,0,15,760,1.1101643659407598,62.0,60.3,0.0876269257224199,0.015980651455924994,20,36,2.978437699988717,0.7469879518072289,0.7265060240963855
reg3,60,reg3_m60_s0,es+pbil,0,20,1010,1.1513899856163627,63.0,60.9,0.12368618409213855,0.007285135144664626,20,33,4.020867199986242,0.7590361445783133,0.7337349397590361
reg3,60,reg3_m60_s0,es+pbil,0,25,1260,1.175511292284438,65.0,63.0,0.11516326606994556,0.0012219908782052924,20,33,4.896741600008681,0.7831325301204819,0.7590361445783133
reg3,60,reg3_m60_s0,es+pbil,0,30,1510,1.175511292284438,65.0,63.9,0.11516326606994556,0.0012219908782052924,20,33,5.858220499998424,0.7831325301204819,0.7698795180722892
reg3,60,reg3_m60_s0,es+pbil,0,35,1760,1.175511292284438,65.0,64.3,0.11516326606994556,0.0012219908782052924,20,33,6.79079100000672,0.7831325301204819,0.7746987951807228
reg3,60,reg3_m60_s0,es+pbil,0,40,2010,1.175511292284438,65.0,64.5,0.11516326606994556,0.0012219908782052924,20,33,7.835770900011994,0.7831325301204819,0.7771084337349398
reg3,60,reg3_m60_s0,es+pbil,0,45,2260,1.1986321512590778,66.0,65.2,0.11491879181201417,0.0009373209888911688,20,33,8.757698200002778,0.7951807228915663,0.7855421686746988
reg3,60,reg3_m60_s0,es+pbil,0,50,2510,1.1986321512590778,66.0,65.4,0.11491879181201417,0.0009373209888911688,20,33,9.713593699998455,0.7951807228915663,0.7879518072289158
reg3,60,reg3_m60_s0,es+pbil,0,55,2760,1.2064909505585715,66.0,66.0,0.10762166507744911,0.007983852893181334,20,34,10.649065500008874,0.7951807228915663,0.7951807228915663
reg3,60,reg3_m60_s0,es+pbil,0,60,3010,1.2121886455210054,66.0,65.9,0.0926894781924455,0.006146128232230985,20,34,11.730067900003633,0.7951807228915663,0.7939759036144579
reg3,60,reg3_m60_s0,es+pbil,0,65,3260,1.2121886455210054,66.0,66.1,0.0926894781924455,0.006146128232230985,20,34,12.773811299994122,0.7951807228915663,0.7963855421686746
reg3,60,reg3_m60_s0,es+pbil,0,70,3510,1.2128423959706156,66.0,66.1,0.08706681559092708,0.007759541834494052,20,33,13.848380999988876,0.7951807228915663,0.7963855421686746
reg3,60,reg3_m60_s0,es+pbil,0,75,3760,1.227357513987068,67.0,66.2,0.09587917641346262,0.005413791971692696,20,34,14.90787980001187,0.8072289156626506,0.7975903614457832
reg3,60,reg3_m60_s0,es+pbil,0,80,4010,1.227357513987068,67.0,66.5,0.09587917641346262,0.005413791971692696,20,34,16.048421499988763,0.8072289156626506,0.8012048192771084
reg3,60,reg3_m60_s0,es+pbil,0,85,4260,1.227357513987068,67.0,66.9,0.09587917641346258,0.005413791971692828,20,34,17.123603899992304,0.8072289156626506,0.8060240963855423
reg3,60,reg3_m60_s0,es+pbil,0,90,4510,1.227357513987068,67.0,67.0,0.09587917641346262,0.005413791971692696,20,34,18.146258599997964,0.8072289156626506,0.8072289156626506
reg3,60,reg3_m60_s0,es+pbil,0,95,4760,1.2275587224340037,67.0,67.0,0.0979817292827817,0.003999625308037706,20,34,19.20164680000744,0.8072289156626506,0.8072289156626506
reg3,60,reg3_m60_s0,es+pbil,0,100,5010,1.229115828598832,67.0,67.0,0.10299861305999362,0.00019431138944890972,20,36,20.23853199998848,0.8072289156626506,0.8072289156626506
reg3,60,reg3_m60_s0,es+pbil,0,105,5260,1.258914728703347,68.0,67.1,0.10019514587950167,0.0006633676988623965,20,34,21.32111819999409,0.8192771084337349,0.808433734939759
reg3,60,reg3_m60_s0,es+pbil,0,110,5510,1.258914728703347,68.0,67.3,0.10019514587950167,0.0006633676988623965,20,34,22.38974579999922,0.8192771084337349,0.8108433734939758
reg3,60,reg3_m60_s0,es+pbil,0,115,5760,1.258914728703347,68.0,67.7,0.10019514587950167,0.0006633676988623965,20,34,23.588137399987318,0.8192771084337349,0.8156626506024097
reg3,60,reg3_m60_s0,es+pbil,0,120,6010,1.258914728703347,68.0,67.9,0.10019514587950167,0.0006633676988623965,20,34,24.63562549999915,0.8192771084337349,0.8180722891566266
reg3,60,reg3_m60_s0,es+pbil,0,125,6260,1.258914728703347,68.0,68.0,0.10019514587950167,0.0006633676988623965,20,34,25.783373000012944,0.8192771084337349,0.8192771084337349
reg3,60,reg3_m60_s0,es+pbil,0,130,6510,1.258914728703347,68.0,68.0,0.10019514587950167,0.0006633676988623965,20,34,26.88290239998605,0.8192771084337349,0.8192771084337349
reg3,60,reg3_m60_s0,es+pbil,0,135,6760,1.2799533436555874,69.0,68.1,0.0944803088994839,0.0003620985672353194,20,34,27.958563699998194,0.8313253012048193,0.8204819277108433
reg3,60,reg3_m60_s0,es+pbil,0,140,7010,1.2799533436555874,69.0,68.2,0.0944803088994839,0.0003620985672353194,20,34,29.125962699996307,0.8313253012048193,0.8216867469879519
reg3,60,reg3_m60_s0,es+pbil,0,145,7260,1.2799533436555874,69.0,68.2,0.0944803088994839,0.0003620985672353194,20,34,30.35936239999137,0.8313253012048193,0.8216867469879519
reg3,60,reg3_m60_s0,es+pbil,0,150,7510,1.2799533436555874,69.0,68.8,0.0944803088994839,0.0003620985672353194,20,34,31.487240099988412,0.8313253012048193,0.8289156626506023
reg3,60,reg3_m60_s0,es+pbil,0,155,7760,1.2799533436555874,69.0,69.0,0.0944803088994839,0.0003620985672353194,20,34,32.56802790000802,0.8313253012048193,0.8313253012048193
reg3,60,reg3_m60_s0,es+pbil,0,160,8010,1.2799533436555874,69.0,69.0,0.0944803088994839,0.0003620985672353194,20,34,33.62663149999571,0.8313253012048193,0.8313253012048193
reg3,60,reg3_m60_s0,es+pbil,0,165,8260,1.2799533436555874,69.0,69.0,0.0944803088994839,0.0003620985672353194,20,34,34.64637010000297,0.8313253012048193,0.8313253012048193
reg3,60,reg3_m60_s0,es+pbil,0,170,8510,1.3035328191192432,70.0,69.2,0.09674851416761857,0.007400003455011548,20,35,35.67637209998793,0.8433734939759037,0.8337349397590362
reg3,60,reg3_m60_s0,es+pbil,0,175,8760,1.3035328191192432,70.0,69.4,0.09674851416761857,0.007400003455011548,20,35,36.764182399987476,0.8433734939759037,0.8361445783132531
reg3,60,reg3_m60_s0,es+pbil,0,180,9010,1.3035328191192432,70.0,69.6,0.09674851416761857,0.007400003455011548,20,35,37.88655500000459,0.8433734939759037,0.8385542168674698
reg3,60,reg3_m60_s0,es+pbil,0,185,9260,1.3035328191192432,70.0,70.0,0.09674851416761857,0.007400003455011548,20,35,38.920423200004734,0.8433734939759037,0.8433734939759037
reg3,60,reg3_m60_s0,es+pbil,0,190,9510,1.3173646470123102,71.0,70.1,0.08329432083705532,0.006118071466530289,20,34,39.918034900008934,0.8554216867469879,0.844578313253012
reg3,60,reg3_m60_s0,es+pbil,0,195,9760,1.3184524183741149,71.0,70.6,0.08684463821618496,0.0036674230632646743,20,34,40.998280700005125,0.8554216867469879,0.8506024096385542
reg3,60,reg3_m60_s0,es+pbil,0,200,10010,1.318452418374115,71.0,70.9,0.08684463821618493,0.0036674230632647714,20,34,42.07895600001211,0.8554216867469879,0.8542168674698796
reg3,60,reg3_m60_s0,es+pbil,0,205,10260,1.330015898839569,72.0,71.1,0.09070287316528279,0.0024949766941579493,20,34,43.119718400004786,0.8674698795180723,0.8566265060240963
reg3,60,reg3_m60_s0,es+pbil,0,210,10510,1.330015898839569,72.0,71.2,0.09070287316528279,0.0024949766941579493,20,34,44.23151700000744,0.8674698795180723,0.8578313253012049
reg3,60,reg3_m60_s0,es+pbil,0,215,10760,1.330015898839569,72.0,71.2,0.09070287316528279,0.0024949766941579493,20,34,45.24859249999281,0.8674698795180723,0.8578313253012049
reg3,60,reg3_m60_s0,es+pbil,0,220,11010,1.3335965156887368,73.0,71.4,0.09266577510072793,0.0031465861638990296,20,34,46.345375100005185,0.8795180722891566,0.8602409638554217
reg3,60,reg3_m60_s0,es+pbil,0,225,11260,1.3335965156887368,73.0,71.5,0.09266577510072793,0.0031465861638990296,20,34,47.43157149999752,0.8795180722891566,0.8614457831325302
reg3,60,reg3_m60_s0,es+pbil,0,230,11510,1.3335965156887368,73.0,72.0,0.09266577510072793,0.0031465861638990296,20,34,48.59203400000115,0.8795180722891566,0.8674698795180723
reg3,60,reg3_m60_s0,es+pbil,0,235,11760,1.3335965156887368,73.0,72.1,0.09266577510072793,0.0031465861638990296,20,34,49.628115700004855,0.8795180722891566,0.8686746987951807
reg3,60,reg3_m60_s0,es+pbil,0,240,12010,1.3462474734742067,72.0,72.3,0.09545694008085016,0.004925466219684184,20,34,50.78471090001403,0.8674698795180723,0.8710843373493976
reg3,60,reg3_m60_s0,es+pbil,0,245,12260,1.3462474734742067,72.0,72.6,0.09545694008085016,0.004925466219684184,20,34,51.81307279999601,0.8674698795180723,0.8746987951807228
reg3,60,reg3_m60_s0,es+pbil,0,250,12510,1.3462474734742067,72.0,72.1,0.09545694008085016,0.004925466219684184,20,34,52.91939719999209,0.8674698795180723,0.8686746987951807
reg3,60,reg3_m60_s0,es+pbil,0,255,12760,1.3462474734742067,72.0,72.1,0.09545694008085016,0.004925466219684184,20,34,54.045086700003594,0.8674698795180723,0.8686746987951807
reg3,60,reg3_m60_s0,es+pbil,0,260,13010,1.3462474734742067,72.0,72.1,0.09545694008085016,0.004925466219684184,20,34,55.11641539999982,0.8674698795180723,0.8686746987951807
reg3,60,reg3_m60_s0,es+pbil,0,265,13260,1.3591249532572154,73.0,72.7,0.0891380923105503,0.007049495365368714,20,35,56.109010699990904,0.8795180722891566,0.8759036144578314
reg3,60,reg3_m60_s0,es+pbil,0,270,13510,1.3591249532572154,73.0,72.5,0.0891380923105503,0.007049495365368714,20,35,57.19319300001371,0.8795180722891566,0.8734939759036144
reg3,60,reg3_m60_s0,es+pbil,0,275,13760,1.3591249532572154,73.0,72.7,0.0891380923105503,0.007049495365368714,20,35,58.33071400001063,0.8795180722891566,0.8759036144578314
reg3,60,reg3_m60_s0,es+pbil,0,280,14010,1.3591249532572154,73.0,73.0,0.08913809231055034,0.007049495365368589,20,34,59.43692179999198,0.8795180722891566,0.8795180722891566
reg3,60,reg3_m60_s0,es+pbil,0,285,14260,1.3591249532572154,73.0,73.0,0.08913809231055034,0.007049495365368589,20,34,60.606950199988205,0.8795180722891566,0.8795180722891566
reg3,60,reg3_m60_s0,es+pbil,0,290,14510,1.3639683589135916,73.0,73.0,0.10330883177901157,0.0020481999433805756,20,35,61.73467179998988,0.8795180722891566,0.8795180722891566
reg3,60,reg3_m60_s0,es+pbil,0,295,14760,1.3639683589135916,73.0,73.0,0.10330883177901157,0.0020481999433805756,20,35,62.780880500009516,0.8795180722891566,0.8795180722891566
reg3,60,reg3_m60_s0,es+pbil,0,300,15010,1.3639683589135916,73.0,73.0,0.10330883177901157,0.0020481999433805756,20,35,63.93919820000883,0.8795180722891566,0.8795180722891566
reg3,60,reg3_m60_s0,es+pbil,0,305,15260,1.3639683589135916,73.0,73.0,0.10330883177901157,0.0020481999433805756,20,35,64.9890563999943,0.8795180722891566,0.8795180722891566
reg3,60,reg3_m60_s0,es+pbil,0,310,15510,1.3639683589135916,73.0,73.0,0.10330883177901157,0.0020481999433805756,20,35,66.098441500013,0.8795180722891566,0.8795180722891566
reg3,60,reg3_m60_s0,es+pbil,0,315,15760,1.3639683589135916,73.0,73.0,0.10330883177901157,0.0020481999433805756,20,35,67.13189469999634,0.8795180722891566,0.8795180722891566
reg3,60,reg3_m60_s0,es+pbil,0,320,16010,1.3639683589135916,73.0,73.0,0.10330883177901157,0.0020481999433805756,20,35,68.49546949999058,0.8795180722891566,0.8795180722891566
reg3,60,reg3_m60_s0,es+pbil,0,325,16260,1.3639683589135916,73.0,73.0,0.10330883177901157,0.0020481999433805756,20,35,69.55761570000323,0.8795180722891566,0.8795180722891566
reg3,60,reg3_m60_s0,es+pbil,0,330,16510,1.3639683589135916,73.0,73.0,0.10330883177901157,0.0020481999433805756,20,35,70.72027809999418,0.8795180722891566,0.8795180722891566
reg3,60,reg3_m60_s0,es+pbil,0,335,16760,1.3639683589135916,73.0,73.0,0.10330883177901157,0.0020481999433805756,20,35,71.78080149999005,0.8795180722891566,0.8795180722891566
reg3,60,reg3_m60_s0,es+pbil,0,340,17010,1.3639683589135916,73.0,73.0,0.10330883177901157,0.0020481999433805756,20,35,72.88101529999403,0.8795180722891566,0.8795180722891566
reg3,60,reg3_m60_s0,es+pbil,0,345,17260,1.3639683589135916,73.0,73.0,0.10330883177901165,0.0020481999433803466,20,35,73.99357759999111,0.8795180722891566,0.8795180722891566
reg3,60,reg3_m60_s0,es+pbil,0,350,17510,1.3639683589135916,73.0,73.0,0.10330883177901157,0.0020481999433805756,20,35,75.14673579999362,0.8795180722891566,0.8795180722891566
reg3,60,reg3_m60_s0,es+pbil,0,355,17760,1.3639683589135916,73.0,73.0,0.10330883177901157,0.0020481999433805756,20,35,76.3681559000106,0.8795180722891566,0.8795180722891566
reg3,60,reg3_m60_s0,es+pbil,0,360,18010,1.3639683589135918,73.0,73.0,0.1033088317790117,0.0020481999433805617,20,34,77.45738720000372,0.8795180722891566,0.8795180722891566
reg3,60,reg3_m60_s0,es+pbil,0,365,18260,1.3639683589135918,73.0,73.0,0.1033088317790117,0.0020481999433805617,20,34,78.61960000000545,0.8795180722891566,0.8795180722891566
reg3,60,reg3_m60_s0,es+pbil,0,370,18510,1.3639683589135918,73.0,73.0,0.1033088317790117,0.0020481999433805617,20,34,79.72655580000719,0.8795180722891566,0.8795180722891566
reg3,60,reg3_m60_s0,es+pbil,0,375,18760,1.3645784707064326,73.0,73.0,0.0983878760283011,0.0026699101592416105,20,34,80.87415280001005,0.8795180722891566,0.8795180722891566
reg3,60,reg3_m60_s0,es+pbil,0,380,19010,1.3645784707064326,73.0,73.0,0.0983878760283011,0.0026699101592416105,20,34,81.89077410000027,0.8795180722891566,0.8795180722891566
reg3,60,reg3_m60_s0,es+pbil,0,385,19260,1.3645784707064326,73.0,73.0,0.0983878760283011,0.0026699101592416105,20,34,83.05365459999302,0.8795180722891566,0.8795180722891566
reg3,60,reg3_m60_s0,es+pbil,0,390,19510,1.3674936195863052,73.0,73.0,0.09807596740368112,0.0047172339970230175,20,34,84.12872690000222,0.8795180722891566,0.8795180722891566
reg3,60,reg3_m60_s0,es+pbil,0,395,19760,1.3674936195863052,73.0,73.0,0.09807596740368112,0.0047172339970230175,20,34,85.22922000000835,0.8795180722891566,0.8795180722891566
reg3,60,reg3_m60_s0,es+pbil,0,400,20010,1.3674936195863052,73.0,73.0,0.09807596740368112,0.0047172339970230175,20,34,86.37461520000943,0.8795180722891566,0.8795180722891566
reg3,60,reg3_m60_s0,es+pbil,1,0,10,0.736444777344415,44.0,46.3,0.07304383663338695,0.00098649445651193,20,35,0.04773920000297949,0.5301204819277109,0.5578313253012048
reg3,60,reg3_m60_s0,es+pbil,1,5,260,1.0424193598464742,60.0,56.7,0.07253974386606904,0.0005746950452865315,20,37,1.0845517000125255,0.7228915662650602,0.6831325301204819
reg3,60,reg3_m60_s0,es+pbil,1,10,510,1.074835583827527,61.0,59.7,0.08631823809206697,0.0005840591615479864,20,37,2.1125086000247393,0.7349397590361446,0.7192771084337349
reg3,60,reg3_m60_s0,es+pbil,1,15,760,1.1205623781320615,61.0,61.1,0.11898478826455428,0.001869843063097551,20,33,3.1387366999988444,0.7349397590361446,0.7361445783132531
reg3,60,reg3_m60_s0,es+pbil,1,20,1010,1.1205623781320615,61.0,62.7,0.11898478826455428,0.001869843063097551,20,33,4.211000600014813,0.7349397590361446,0.755421686746988
reg3,60,reg3_m60_s0,es+pbil,1,25,1260,1.1253781209290135,61.0,62.4,0.13541941261469984,0.004662247467290253,20,33,5.276888699998381,0.7349397590361446,0.7518072289156627
reg3,60,reg3_m60_s0,es+pbil,1,30,1510,1.1321056499340965,61.0,61.9,0.12274883656953925,0.01943999971009514,20,33,6.356477100023767,0.7349397590361446,0.7457831325301205
reg3,60,reg3_m60_s0,es+pbil,1,35,1760,1.1329461867828154,61.0,61.1,0.1305866252138318,0.0070984663612701695,20,33,7.436216300004162,0.7349397590361446,0.7361445783132531
reg3,60,reg3_m60_s0,es+pbil,1,40,2010,1.1386300615274267,62.0,61.1,0.12108121614953561,0.010003303396443175,20,32,8.523546800017357,0.7469879518072289,0.7361445783132531
reg3,60,reg3_m60_s0,es+pbil,1,45,2260,1.1431175666378168,62.0,61.4,0.13074945370962215,0.008183047939992728,20,32,9.516327000019373,0.7469879518072289,0.7397590361445783
reg3,60,reg3_m60_s0,es+pbil,1,50,2510,1.1431175666378168,62.0,61.6,0.13074945370962215,0.008183047939992728,20,32,10.540451600012602,0.7469879518072289,0.7421686746987952
reg3,60,reg3_m60_s0,es+pbil,1,55,2760,1.1431175666378168,62.0,62.0,0.13074945370962227,0.008183047939992728,20,32,11.613243600004353,0.7469879518072289,0.7469879518072289
reg3,60,reg3_m60_s0,es+pbil,1,60,3010,1.1431175666378168,62.0,62.0,0.13074945370962215,0.008183047939992728,20,32,12.672483300004387,0.7469879518072289,0.7469879518072289
reg3,60,reg3_m60_s0,es+pbil,1,65,3260,1.1665187289607424,63.0,62.1,0.12724691942152044,0.004075919854151904,20,34,13.618167100008577,0.7590361445783133,0.7481927710843373
reg3,60,reg3_m60_s0,es+pbil,1,70,3510,1.1665187289607424,63.0,62.1,0.12724691942152044,0.004075919854151904,20,34,14.649501500010956,0.7590361445783133,0.7481927710843373
reg3,60,reg3_m60_s0,es+pbil,1,75,3760,1.1665187289607424,63.0,62.2,0.12724691942152044,0.004075919854151904,20,34,15.61833630001638,0.7590361445783133,0.7493975903614458
reg3,60,reg3_m60_s0,es+pbil,1,80,4010,1.1665187289607424,63.0,62.3,0.12724691942152044,0.004075919854151904,20,34,16.720105300017167,0.7590361445783133,0.7506024096385542
reg3,60,reg3_m60_s0,es+pbil,1,85,4260,1.1665187289607424,63.0,62.5,0.12724691942152044,0.004075919854151904,20,34,17.83036030002404,0.7590361445783133,0.7530120481927711
reg3,60,reg3_m60_s0,es+pbil,1,90,4510,1.1685879428203858,64.0,63.1,0.1280009924662378,0.0070354788522417125,20,35,18.83800750001683,0.7710843373493976,0.7602409638554217
reg3,60,reg3_m60_s0,es+pbil,1,95,4760,1.1685879428203858,64.0,63.1,0.1280009924662378,0.0070354788522417125,20,35,19.854170400009025,0.7710843373493976,0.7602409638554217
reg3,60,reg3_m60_s0,es+pbil,1,100,5010,1.1844798059450992,64.0,63.2,0.14172990877568664,0.006018678053966682,20,36,20.988160200009588,0.7710843373493976,0.7614457831325302
reg3,60,reg3_m60_s0,es+pbil,1,105,5260,1.1844798059450992,64.0,63.4,0.14172990877568664,0.006018678053966682,20,36,22.010865600022953,0.7710843373493976,0.7638554216867469
reg3,60,reg3_m60_s0,es+pbil,1,110,5510,1.1844798059450992,64.0,63.7,0.14172990877568664,0.006018678053966682,20,36,23.04090220000944,0.7710843373493976,0.7674698795180723
reg3,60,reg3_m60_s0,es+pbil,1,115,5760,1.1851156651768673,64.0,64.0,0.13821118771407948,0.005749920948607802,20,35,24.022056600020733,0.7710843373493976,0.7710843373493976
reg3,60,reg3_m60_s0,es+pbil,1,120,6010,1.1851156651768673,64.0,64.0,0.13821118771407948,0.005749920948607802,20,35,25.080435400013812,0.7710843373493976,0.7710843373493976
reg3,60,reg3_m60_s0,es+pbil,1,125,6260,1.1864152131057328,64.0,64.0,0.14118192778527194,0.006073141002961625,20,36,26.066910699999426,0.7710843373493976,0.7710843373493976
reg3,60,reg3_m60_s0,es+pbil,1,130,6510,1.1907635232309506,64.0,64.0,0.1390255961689382,0.005067396850663394,20,35,27.069736000004923,0.7710843373493976,0.7710843373493976
reg3,60,reg3_m60_s0,es+pbil,1,135,6760,1.1907635232309506,64.0,64.0,0.1390255961689382,0.005067396850663394,20,35,28.094809000001987,0.7710843373493976,0.7710843373493976
reg3,60,reg3_m60_s0,es+pbil,1,140,7010,1.1907635232309506,64.0,64.0,0.1390255961689382,0.005067396850663394,20,35,29.090605400007917,0.7710843373493976,0.7710843373493976
reg3,60,reg3_m60_s0,es+pbil,1,145,7260,1.1907635232309506,64.0,64.0,0.1390255961689382,0.005067396850663394,20,35,30.135200700024143,0.7710843373493976,0.7710843373493976
reg3,60,reg3_m60_s0,es+pbil,1,150,7510,1.1907635232309506,64.0,64.0,0.1390255961689382,0.005067396850663394,20,35,31.15666360000614,0.7710843373493976,0.7710843373493976
reg3,60,reg3_m60_s0,es+pbil,1,155,7760,1.1909638621120786,64.0,64.0,0.14356303055515124,0.00041541740567969596,20,36,32.26322470000014,0.7710843373493976,0.7710843373493976
reg3,60,reg3_m60_s0,es+pbil,1,160,8010,1.1909638621120786,64.0,64.0,0.14356303055515124,0.00041541740567969596,20,36,33.30028680001851,0.7710843373493976,0.7710843373493976
reg3,60,reg3_m60_s0,es+pbil,1,165,8260,1.1909638621120786,64.0,64.0,0.14356303055515124,0.00041541740567969596,20,36,34.39600259999861,0.7710843373493976,0.7710843373493976
reg3,60,reg3_m60_s0,es+pbil,1,170,8510,1.1909638621120786,64.0,64.0,0.14356303055515096,0.0004154174056796474,20,37,35.41855440000654,0.7710843373493976,0.7710843373493976
reg3,60,reg3_m60_s0,es+pbil,1,175,8760,1.1909638621120786,64.0,64.0,0.14356303055515118,0.0004154174056796335,20,37,36.456154500017874,0.7710843373493976,0.7710843373493976
reg3,60,reg3_m60_s0,es+pbil,1,180,9010,1.1909638621120786,64.0,64.0,0.14356303055515096,0.0004154174056796474,20,37,37.48728940001456,0.7710843373493976,0.7710843373493976
reg3,60,reg3_m60_s0,es+pbil,1,185,9260,1.1909638621120786,64.0,64.0,0.14356303055515104,0.00041541740567969596,20,36,38.63002340000821,0.7710843373493976,0.7710843373493976
reg3,60,reg3_m60_s0,es+pbil,1,190,9510,1.1909638621120786,64.0,64.0,0.14356303055515118,0.0004154174056796335,20,37,39.64151529999799,0.7710843373493976,0.7710843373493976
reg3,60,reg3_m60_s0,es+pbil,1,195,9760,1.1909638621120786,64.0,64.0,0.14356303055515124,0.00041541740567969596,20,36,40.6744602000108,0.7710843373493976,0.7710843373493976
reg3,60,reg3_m60_s0,es+pbil,1,200,10010,1.1917211761741486,64.0,64.0,0.13951968471871762,0.00582137769329258,20,37,41.77768910001032,0.7710843373493976,0.7710843373493976
reg3,60,reg3_m60_s0,es+pbil,1,205,10260,1.1917211761741486,64.0,64.0,0.13951968471871762,0.00582137769329258,20,37,42.90253510000184,0.7710843373493976,0.7710843373493976
reg3,60,reg3_m60_s0,es+pbil,1,210,10510,1.1917211761741486,64.0,64.0,0.13951968471871762,0.00582137769329258,20,37,44.01009840000188,0.7710843373493976,0.7710843373493976
reg3,60,reg3_m60_s0,es+pbil,1,215,10760,1.1917211761741486,64.0,64.0,0.13951968471871762,0.00582137769329258,20,37,45.10284620002494,0.7710843373493976,0.7710843373493976
reg3,60,reg3_m60_s0,es+pbil,1,220,11010,1.1917211761741486,64.0,64.0,0.13951968471871762,0.00582137769329258,20,37,46.1387764000101,0.7710843373493976,0.7710843373493976
reg3,60,reg3_m60_s0,es+pbil,1,225,11260,1.1917211761741486,64.0,64.0,0.13951968471871762,0.00582137769329258,20,37,47.29437640000833,0.7710843373493976,0.7710843373493976
reg3,60,reg3_m60_s0,es+pbil,1,230,11510,1.1917211761741486,64.0,64.0,0.13951968471871762,0.00582137769329258,20,37,48.227924500009976,0.7710843373493976,0.7710843373493976
reg3,60,reg3_m60_s0,es+pbil,1,235,11760,1.1917211761741486,64.0,64.0,0.13951968471871762,0.00582137769329258,20,37,49.28243650001241,0.7710843373493976,0.7710843373493976
reg3,60,reg3_m60_s0,es+pbil,1,240,12010,1.1928865072169896,64.0,64.0,0.13821739415739975,0.002012875543172116,20,37,50.69585030002054,0.7710843373493976,0.7710843373493976
reg3,60,reg3_m60_s0,es+pbil,1,245,12260,1.1928865072169896,64.0,64.0,0.13821739415739975,0.002012875543172116,20,37,51.71150890001445,0.7710843373493976,0.7710843373493976
reg3,60,reg3_m60_s0,es+pbil,1,250,12510,1.1928865072169896,64.0,64.0,0.13821739415739975,0.002012875543172116,20,37,52.80661020000116,0.7710843373493976,0.7710843373493976
reg3,60,reg3_m60_s0,es+pbil,1,255,12760,1.1928865072169896,64.0,64.0,0.13821739415739975,0.002012875543172116,20,37,54.00249110002187,0.7710843373493976,0.7710843373493976
reg3,60,reg3_m60_s0,es+pbil,1,260,13010,1.1928865072169896,64.0,64.0,0.13821739415739975,0.002012875543172116,20,37,55.249203400016995,0.7710843373493976,0.7710843373493976
reg3,60,reg3_m60_s0,es+pbil,1,265,13260,1.1928865072169896,64.0,64.0,0.13821739415739975,0.002012875543172116,20,37,56.29914720001398,0.7710843373493976,0.7710843373493976
reg3,60,reg3_m60_s0,es+pbil,1,270,13510,1.1930592870529448,64.0,64.0,0.13744055430811986,4.253938646608859e-06,20,36,57.49541110001155,0.7710843373493976,0.7710843373493976
reg3,60,reg3_m60_s0,es+pbil,1,275,13760,1.1930592870529448,64.0,64.0,0.13744055430811994,4.253938646633145e-06,20,37,58.52456640001037,0.7710843373493976,0.7710843373493976
reg3,60,reg3_m60_s0,es+pbil,1,280,14010,1.1930592870529448,64.0,64.0,0.13744055430811994,4.253938646633145e-06,20,37,59.5528045000101,0.7710843373493976,0.7710843373493976
reg3,60,reg3_m60_s0,es+pbil,1,285,14260,1.1961862728672406,64.0,64.0,0.14402258704124604,0.002381553079908085,20,36,60.520749200019054,0.7710843373493976,0.7710843373493976
reg3,60,reg3_m60_s0,es+pbil,1,290,14510,1.1961862728672406,64.0,64.0,0.14402258704124604,0.002381553079908085,20,36,61.632221900013974,0.7710843373493976,0.7710843373493976
reg3,60,reg3_m60_s0,es+pbil,1,295,14760,1.1961862728672406,64.0,64.0,0.14402258704124604,0.002381553079908085,20,36,62.70173090000753,0.7710843373493976,0.7710843373493976
reg3,60,reg3_m60_s0,es+pbil,1,300,15010,1.2091345455060103,64.0,64.0,0.13698665129803814,0.016737414343717196,20,37,63.781730500020785,0.7710843373493976,0.7710843373493976
reg3,60,reg3_m60_s0,es+pbil,1,305,15260,1.2091345455060103,64.0,64.0,0.13698665129803814,0.016737414343717196,20,37,64.83824170002481,0.7710843373493976,0.7710843373493976
reg3,60,reg3_m60_s0,es+pbil,1,310,15510,1.2091345455060103,64.0,64.0,0.13698665129803814,0.016737414343717196,20,37,66.03100250000716,0.7710843373493976,0.7710843373493976
reg3,60,reg3_m60_s0,es+pbil,1,315,15760,1.2091345455060103,64.0,64.0,0.13698665129803814,0.016737414343717196,20,37,66.98939230001997,0.7710843373493976,0.7710843373493976
reg3,60,reg3_m60_s0,es+pbil,1,320,16010,1.2091345455060103,64.0,64.1,0.13698665129803814,0.016737414343717196,20,37,68.02489500000956,0.7710843373493976,0.772289156626506
reg3,60,reg3_m60_s0,es+pbil,1,325,16260,1.2091345455060103,64.0,64.0,0.13698665129803814,0.016737414343717196,20,37,69.09584210001049,0.7710843373493976,0.7710843373493976
reg3,60,reg3_m60_s0,es+pbil,1,330,16510,1.2222490605263807,65.0,64.3,0.13175655647062637,0.008691803636395677,20,37,70.11231650001719,0.7831325301204819,0.7746987951807228
reg3,60,reg3_m60_s0,es+pbil,1,335,16760,1.223203159282162,65.0,64.9,0.14460150335898353,0.003353874415226222,20,37,71.09937530002207,0.7831325301204819,0.7819277108433735
reg3,60,reg3_m60_s0,es+pbil,1,340,17010,1.2260045362896086,65.0,65.0,0.12534703583363824,0.008360760182149114,20,36,72.12491500002216,0.7831325301204819,0.7831325301204819
reg3,60,reg3_m60_s0,es+pbil,1,345,17260,1.2260045362896086,65.0,65.0,0.12534703583363824,0.008360760182149114,20,36,73.16468590000295,0.7831325301204819,0.7831325301204819
reg3,60,reg3_m60_s0,es+pbil,1,350,17510,1.2260045362896086,65.0,65.0,0.12534703583363824,0.008360760182149114,20,36,74.14150500000687,0.7831325301204819,0.7831325301204819
reg3,60,reg3_m60_s0,es+pbil,1,355,17760,1.2319479825472748,65.0,65.0,0.14154013230731177,0.00042003765692602557,20,37,75.12654860000475,0.7831325301204819,0.7831325301204819
reg3,60,reg3_m60_s0,es+pbil,1,360,18010,1.2319479825472748,65.0,65.0,0.14154013230731177,0.00042003765692602557,20,37,76.0967168000061,0.7831325301204819,0.7831325301204819
reg3,60,reg3_m60_s0,es+pbil,1,365,18260,1.2319479825472748,65.0,65.0,0.14154013230731177,0.00042003765692602557,20,37,77.11330200001248,0.7831325301204819,0.7831325301204819
reg3,60,reg3_m60_s0,es+pbil,1,370,18510,1.2324331603239602,65.0,65.0,0.1293519635634819,0.0033972781061742657,20,36,78.11956630001077,0.7831325301204819,0.7831325301204819
reg3,60,reg3_m60_s0,es+pbil,1,375,18760,1.2324331603239602,65.0,65.0,0.1293519635634819,0.0033972781061742657,20,36,79.14478490001056,0.7831325301204819,0.7831325301204819
reg3,60,reg3_m60_s0,es+pbil,1,380,19010,1.2328923809622954,65.0,65.0,0.14312773859910738,0.0021044984072862982,20,37,80.0489060000109,0.7831325301204819,0.7831325301204819
reg3,60,reg3_m60_s0,es+pbil,1,385,19260,1.2328923809622954,65.0,65.0,0.14312773859910746,0.0021044984072862843,20,37,81.0909361000231,0.7831325301204819,0.7831325301204819
reg3,60,reg3_m60_s0,es+pbil,1,390,19510,1.2349385763701948,65.0,65.0,0.14356159546604658,0.0003922492473551471,20,36,82.08345820000977,0.7831325301204819,0.7831325301204819
reg3,60,reg3_m60_s0,es+pbil,1,395,19760,1.2369686484946802,65.0,65.0,0.15043298292884658,0.004247259793673466,20,36,83.11805050002295,0.7831325301204819,0.7831325301204819
reg3,60,reg3_m60_s0,es+pbil,1,400,20010,1.2369686484946802,65.0,65.0,0.15043298292884658,0.004247259793673466,20,36,84.04840690002311,0.7831325301204819,0.7831325301204819
reg3,60,reg3_m60_s0,es+gpt,0,0,10,0.8309630285234236,49.0,45.8,0.03422181726598081,1.0842021724855044e-18,20,32,0.04519360000267625,0.5903614457831325,0.5518072289156626
reg3,60,reg3_m60_s0,es+gpt,0,5,260,1.0065439955530773,58.0,56.2,0.031460466391467816,0.00010572360920109089,20,30,9.43301569999312,0.6987951807228916,0.6771084337349398
reg3,60,reg3_m60_s0,es+gpt,0,10,510,1.0741811612230205,62.0,58.0,0.04156474274161791,0.0,20,32,18.83875339999213,0.7469879518072289,0.6987951807228916
reg3,60,reg3_m60_s0,es+gpt,0,15,760,1.0768043504939575,61.0,59.7,0.06087791136188611,3.407447059976254e-05,20,33,28.243845399993006,0.7349397590361446,0.7192771084337349
reg3,60,reg3_m60_s0,es+gpt,0,20,1010,1.1220770262305069,63.0,61.6,0.061641016448110986,0.0018668964412459008,20,40,37.670614799979376,0.7590361445783133,0.7421686746987952
reg3,60,reg3_m60_s0,es+gpt,0,25,1260,1.1726696224991437,66.0,63.2,0.06727359628527377,5.956535691793545e-06,20,40,46.93042239997885,0.7951807228915663,0.7614457831325302
reg3,60,reg3_m60_s0,es+gpt,0,30,1510,1.1741021399454814,66.0,65.4,0.06383864898713568,0.004052784041235253,20,38,56.27192949998425,0.7951807228915663,0.7879518072289158
reg3,60,reg3_m60_s0,es+gpt,0,35,1760,1.1969012691546883,68.0,66.3,0.07101038449567615,0.0010723290130088686,20,40,65.7220978999976,0.8192771084337349,0.7987951807228916
reg3,60,reg3_m60_s0,es+gpt,0,40,2010,1.19878987899968,69.0,66.5,0.04652676501344258,0.0008934224309106295,20,39,75.2156281999778,0.8313253012048193,0.8012048192771084
reg3,60,reg3_m60_s0,es+gpt,0,45,2260,1.19878987899968,69.0,66.4,0.04652676501344258,0.0008934224309106295,20,39,84.58037509999122,0.8313253012048193,0.8
reg3,60,reg3_m60_s0,es+gpt,0,50,2510,1.209586684909905,68.0,67.9,0.06889062539211119,0.0003882672125086542,20,39,93.86950999998953,0.8192771084337349,0.8180722891566266
reg3,60,reg3_m60_s0,es+gpt,0,55,2760,1.223538944958717,69.0,68.4,0.050451878565880216,0.0003882672125087982,20,38,103.28580529999454,0.8313253012048193,0.8240963855421688
reg3,60,reg3_m60_s0,es+gpt,0,60,3010,1.223538944958717,69.0,68.3,0.050451878565880216,0.0003882672125087982,20,38,112.92323949999991,0.8313253012048193,0.8228915662650602
reg3,60,reg3_m60_s0,es+gpt,0,65,3260,1.228256821441952,70.0,69.0,0.053184187746388376,0.00040768022175702214,20,37,122.36005399998976,0.8433734939759037,0.8313253012048193
reg3,60,reg3_m60_s0,es+gpt,0,70,3510,1.2507886591784994,71.0,69.8,0.052865368353625396,0.0005532076545242126,20,39,131.80663799998,0.8554216867469879,0.8409638554216867
reg3,60,reg3_m60_s0,es+gpt,0,75,3760,1.2507886591784994,71.0,69.9,0.052865368353625396,0.0005532076545242126,20,39,141.28734489998897,0.8554216867469879,0.8421686746987952
reg3,60,reg3_m60_s0,es+gpt,0,80,4010,1.2507886591784994,71.0,70.2,0.052865368353625396,0.0005532076545242126,20,39,150.8337649999885,0.8554216867469879,0.8457831325301205
reg3,60,reg3_m60_s0,es+gpt,0,85,4260,1.2507886591784994,71.0,70.6,0.052865368353625396,0.0005532076545242126,20,39,160.43449289997807,0.8554216867469879,0.8506024096385542
reg3,60,reg3_m60_s0,es+gpt,0,90,4510,1.2507886591784994,71.0,71.0,0.052865368353625375,0.0005532076545241918,20,38,169.82535729999654,0.8554216867469879,0.8554216867469879
reg3,60,reg3_m60_s0,es+gpt,0,95,4760,1.2551809863229715,71.0,71.0,0.05286536835362542,0.0005089514991394265,20,40,179.21056499998667,0.8554216867469879,0.8554216867469879
reg3,60,reg3_m60_s0,es+gpt,0,100,5010,1.256118645620707,71.0,71.0,0.047514905700315024,0.00019201399409308345,20,39,188.62794139998732,0.8554216867469879,0.8554216867469879
reg3,60,reg3_m60_s0,es+gpt,0,105,5260,1.256118645620707,71.0,71.0,0.047514905700315024,0.00019201399409308345,20,39,198.08853300000192,0.8554216867469879,0.8554216867469879
reg3,60,reg3_m60_s0,es+gpt,0,110,5510,1.256118645620707,71.0,71.0,0.047514905700315024,0.00019201399409308345,20,39,207.41227849997813,0.8554216867469879,0.8554216867469879
reg3,60,reg3_m60_s0,es+gpt,0,115,5760,1.256118645620707,71.0,71.0,0.047514905700315024,0.00019201399409308345,20,39,216.8840274999966,0.8554216867469879,0.8554216867469879
reg3,60,reg3_m60_s0,es+gpt,0,120,6010,1.256118645620707,71.0,71.0,0.047514905700315024,0.00019201399409308345,20,39,226.4746698999952,0.8554216867469879,0.8554216867469879
reg3,60,reg3_m60_s0,es+gpt,0,125,6260,1.2593262597993617,71.0,71.0,0.048800172370719846,0.0004338217090043041,20,39,236.3181171999895,0.8554216867469879,0.8554216867469879
reg3,60,reg3_m60_s0,es+gpt,0,130,6510,1.267621677517636,72.0,71.1,0.03897762865040948,1.8125975670111455e-05,20,39,245.72822189997532,0.8674698795180723,0.8566265060240963
reg3,60,reg3_m60_s0,es+gpt,0,135,6760,1.2676216775176363,72.0,71.3,0.038977628650409546,1.8125975670031658e-05,20,39,255.313304899988,0.8674698795180723,0.8590361445783132
reg3,60,reg3_m60_s0,es+gpt,0,140,7010,1.2676216775176363,72.0,71.6,0.03897762865040956,1.8125975670191252e-05,20,38,264.79986959998496,0.8674698795180723,0.8626506024096385
reg3,60,reg3_m60_s0,es+gpt,0,145,7260,1.2676216775176363,72.0,71.7,0.038977628650409546,1.8125975670031658e-05,20,39,274.45276389998617,0.8674698795180723,0.863855421686747
reg3,60,reg3_m60_s0,es+gpt,0,150,7510,1.292067678284954,73.0,72.1,0.045296768081570356,0.0005571155734024474,20,40,284.0804726999777,0.8795180722891566,0.8686746987951807
reg3,60,reg3_m60_s0,es+gpt,0,155,7760,1.292067678284954,73.0,72.1,0.045296768081570356,0.0005571155734024474,20,40,293.60585199997877,0.8795180722891566,0.8686746987951807
reg3,60,reg3_m60_s0,es+gpt,0,160,8010,1.292067678284954,73.0,72.2,0.045296768081570356,0.0005571155734024474,20,40,302.984300799988,0.8795180722891566,0.8698795180722891
reg3,60,reg3_m60_s0,es+gpt,0,165,8260,1.306741627747792,74.0,72.8,0.039816050543930545,0.00048303704326804753,20,39,312.5284986999759,0.891566265060241,0.8771084337349397
reg3,60,reg3_m60_s0,es+gpt,0,170,8510,1.306741627747792,74.0,73.1,0.039816050543930545,0.00048303704326804753,20,39,322.0190010999795,0.891566265060241,0.880722891566265
reg3,60,reg3_m60_s0,es+gpt,0,175,8760,1.306741627747792,74.0,73.2,0.039816050543930545,0.00048303704326804753,20,39,331.3924856999947,0.891566265060241,0.8819277108433735
reg3,60,reg3_m60_s0,es+gpt,0,180,9010,1.3067416277477921,74.0,73.4,0.03981605054393057,0.000483037043267992,20,40,340.9237126999942,0.891566265060241,0.8843373493975905
reg3,60,reg3_m60_s0,es+gpt,0,185,9260,1.3067416277477921,74.0,73.5,0.03981605054393057,0.000483037043267992,20,40,350.4152769999928,0.891566265060241,0.8855421686746988
reg3,60,reg3_m60_s0,es+gpt,0,190,9510,1.3067416277477921,74.0,73.9,0.03981605054393057,0.000483037043267992,20,40,359.94030859999475,0.891566265060241,0.8903614457831326
reg3,60,reg3_m60_s0,es+gpt,0,195,9760,1.3067416277477921,74.0,74.0,0.03981605054393057,0.000483037043267992,20,40,369.54647869998007,0.891566265060241,0.891566265060241
reg3,60,reg3_m60_s0,es+gpt,0,200,10010,1.3067416277477921,74.0,74.0,0.03981605054393057,0.000483037043267992,20,40,379.2909776000015,0.891566265060241,0.891566265060241
reg3,60,reg3_m60_s0,es+gpt,0,205,10260,1.3067416277477921,74.0,74.0,0.03981605054393057,0.000483037043267992,20,40,388.8983301999979,0.891566265060241,0.891566265060241
reg3,60,reg3_m60_s0,es+gpt,0,210,10510,1.3067416277477921,74.0,74.0,0.03981605054393057,0.000483037043267992,20,40,398.2493901999842,0.891566265060241,0.891566265060241
reg3,60,reg3_m60_s0,es+gpt,0,215,10760,1.3067416277477921,74.0,74.0,0.03981605054393057,0.000483037043267992,20,40,407.62732349999715,0.891566265060241,0.891566265060241
reg3,60,reg3_m60_s0,es+gpt,0,220,11010,1.3067416277477921,74.0,74.0,0.0398160505439305,0.000483037043267992,20,40,416.9039905999962,0.891566265060241,0.891566265060241
reg3,60,reg3_m60_s0,es+gpt,0,225,11260,1.3067416277477921,74.0,74.0,0.039816050543930566,0.0004830370432679365,20,40,426.54522729999735,0.891566265060241,0.891566265060241
reg3,60,reg3_m60_s0,es+gpt,0,230,11510,1.3067416277477921,74.0,74.0,0.03981605054393057,0.000483037043267992,20,40,437.0966000999906,0.891566265060241,0.891566265060241
reg3,60,reg3_m60_s0,es+gpt,0,235,11760,1.3067416277477921,74.0,74.0,0.03981605054393057,0.000483037043267992,20,40,447.7923746999877,0.891566265060241,0.891566265060241
reg3,60,reg3_m60_s0,es+gpt,0,240,12010,1.3067416277477921,74.0,74.0,0.03981605054393052,0.00048303704326810304,20,39,457.44183070000145,0.891566265060241,0.891566265060241
reg3,60,reg3_m60_s0,es+gpt,0,245,12260,1.3067416277477921,74.0,74.0,0.03981605054393059,0.00048303704326790875,20,39,466.59705299997586,0.891566265060241,0.891566265060241
reg3,60,reg3_m60_s0,es+gpt,0,250,12510,1.3067416277477921,74.0,74.0,0.0398160505439305,0.0004830370432680059,20,39,475.911835899984,0.891566265060241,0.891566265060241
reg3,60,reg3_m60_s0,es+gpt,0,255,12760,1.3067416277477921,74.0,74.0,0.03981605054393052,0.00048303704326810304,20,39,485.526913699985,0.891566265060241,0.891566265060241
reg3,60,reg3_m60_s0,es+gpt,0,260,13010,1.3067416277477921,74.0,74.0,0.039816050543930545,0.00048303704326819324,20,39,494.7924077999778,0.891566265060241,0.891566265060241
reg3,60,reg3_m60_s0,es+gpt,0,265,13260,1.3067416277477921,74.0,74.0,0.039816050543930594,0.0004830370432680614,20,38,503.8875919999846,0.891566265060241,0.891566265060241
reg3,60,reg3_m60_s0,es+gpt,0,270,13510,1.3067416277477921,74.0,74.0,0.03981605054393058,0.0004830370432680822,20,39,513.2256457999756,0.891566265060241,0.891566265060241
reg3,60,reg3_m60_s0,es+gpt,0,275,13760,1.3067416277477921,74.0,74.0,0.039816050543930566,0.000483037043267881,20,39,522.4960943999758,0.891566265060241,0.891566265060241
reg3,60,reg3_m60_s0,es+gpt,0,280,14010,1.3067416277477921,74.0,74.0,0.039816050543930545,0.00048303704326819324,20,39,531.7141657999891,0.891566265060241,0.891566265060241
reg3,60,reg3_m60_s0,es+gpt,0,285,14260,1.3067416277477921,74.0,74.0,0.03981605054393064,0.00048303704326790875,20,39,540.8998257999774,0.891566265060241,0.891566265060241
reg3,60,reg3_m60_s0,es+gpt,0,290,14510,1.3067416277477921,74.0,74.0,0.0398160505439305,0.000483037043267992,20,40,550.1075216999743,0.891566265060241,0.891566265060241
reg3,60,reg3_m60_s0,es+gpt,0,295,14760,1.3067416277477921,74.0,74.0,0.039816050543930594,0.0004830370432680614,20,38,559.6976511999965,0.891566265060241,0.891566265060241
reg3,60,reg3_m60_s0,es+gpt,0,300,15010,1.3067416277477921,74.0,74.0,0.039816050543930614,0.0004830370432679851,20,39,568.8774953999964,0.891566265060241,0.891566265060241
reg3,60,reg3_m60_s0,es+gpt,0,305,15260,1.3067416277477921,74.0,74.0,0.03981605054393059,0.00048303704326810304,20,39,578.2214412999747,0.891566265060241,0.891566265060241
reg3,60,reg3_m60_s0,es+gpt,0,310,15510,1.3067416277477921,74.0,74.0,0.0398160505439305,0.0004830370432680406,20,38,587.534351099981,0.891566265060241,0.891566265060241
reg3,60,reg3_m60_s0,es+gpt,0,315,15760,1.3067416277477921,74.0,74.0,0.039816050543930594,0.0004830370432680614,20,38,596.6053226999938,0.891566265060241,0.891566265060241
reg3,60,reg3_m60_s0,es+gpt,0,320,16010,1.3067416277477921,74.0,74.0,0.03981605054393049,0.00048303704326801977,20,38,605.8072066999739,0.891566265060241,0.891566265060241
reg3,60,reg3_m60_s0,es+gpt,0,325,16260,1.3067416277477921,74.0,74.0,0.03981605054393059,0.00048303704326789487,20,40,615.0052520000027,0.891566265060241,0.891566265060241
reg3,60,reg3_m60_s0,es+gpt,0,330,16510,1.3067416277477921,74.0,74.0,0.0398160505439305,0.00048303704326787406,20,39,624.3941526999988,0.891566265060241,0.891566265060241
reg3,60,reg3_m60_s0,es+gpt,0,335,16760,1.3067416277477921,74.0,74.0,0.03981605054393057,0.000483037043267992,20,40,633.510532699991,0.891566265060241,0.891566265060241
reg3,60,reg3_m60_s0,es+gpt,0,340,17010,1.3067416277477921,74.0,74.0,0.03981605054393061,0.0004830370432679018,20,38,642.6488399999798,0.891566265060241,0.891566265060241
reg3,60,reg3_m60_s0,es+gpt,0,345,17260,1.3067416277477921,74.0,74.0,0.03981605054393053,0.00048303704326801977,20,39,652.083912299975,0.891566265060241,0.891566265060241
reg3,60,reg3_m60_s0,es+gpt,0,350,17510,1.3067416277477921,74.0,74.0,0.0398160505439305,0.0004830370432679504,20,39,661.3598830999981,0.891566265060241,0.891566265060241
reg3,60,reg3_m60_s0,es+gpt,0,355,17760,1.3067416277477921,74.0,74.0,0.03981605054393071,0.0004830370432679504,20,39,670.4303399999917,0.891566265060241,0.891566265060241
reg3,60,reg3_m60_s0,es+gpt,0,360,18010,1.3067416277477921,74.0,74.0,0.03981605054393049,0.00048303704326801977,20,38,679.5810517999926,0.891566265060241,0.891566265060241
reg3,60,reg3_m60_s0,es+gpt,0,365,18260,1.3067416277477921,74.0,74.0,0.03981605054393056,0.00048303704326810304,20,40,688.8739100999956,0.891566265060241,0.891566265060241
reg3,60,reg3_m60_s0,es+gpt,0,370,18510,1.3067416277477921,74.0,74.0,0.039816050543930497,0.0004830370432679365,20,39,697.975455799984,0.891566265060241,0.891566265060241
reg3,60,reg3_m60_s0,es+gpt,0,375,18760,1.3067416277477921,74.0,74.0,0.0398160505439305,0.00048303704326787406,20,39,706.9204281999846,0.891566265060241,0.891566265060241
reg3,60,reg3_m60_s0,es+gpt,0,380,19010,1.3067416277477921,74.0,74.0,0.03981605054393062,0.0004830370432680753,20,39,716.3170196999854,0.891566265060241,0.891566265060241
reg3,60,reg3_m60_s0,es+gpt,0,385,19260,1.3067416277477921,74.0,74.0,0.0398160505439305,0.00048303704326789487,20,39,725.4953565999749,0.891566265060241,0.891566265060241
reg3,60,reg3_m60_s0,es+gpt,0,390,19510,1.3067416277477921,74.0,74.0,0.039816050543930614,0.00048303704326785324,20,38,734.6593044999754,0.891566265060241,0.891566265060241
reg3,60,reg3_m60_s0,es+gpt,0,395,19760,1.3067416277477921,74.0,74.0,0.039816050543930497,0.0004830370432679365,20,39,743.848502799985,0.891566265060241,0.891566265060241
reg3,60,reg3_m60_s0,es+gpt,0,400,20010,1.3067416277477921,74.0,74.0,0.039816050543930545,0.0004830370432680614,20,37,752.9081274999771,0.891566265060241,0.891566265060241
reg3,60,reg3_m60_s0,es+gpt,1,0,10,0.736444777344415,44.0,46.3,0.07304383663338695,0.00098649445651193,20,35,0.03453720000106841,0.5301204819277109,0.5578313253012048
reg3,60,reg3_m60_s0,es+gpt,1,5,260,1.029536954971634,57.0,56.1,0.1080442208016181,0.0,20,29,9.13090019999072,0.6867469879518072,0.6759036144578313
reg3,60,reg3_m60_s0,es+gpt,1,10,510,1.0831746069883694,59.0,58.5,0.09193082564288804,0.00023664816643641722,20,31,18.601014200015925,0.7108433734939759,0.7048192771084337
reg3,60,reg3_m60_s0,es+gpt,1,15,760,1.1340931212454293,62.0,61.3,0.07226569749193111,0.0005065180429029287,20,32,27.649399899994023,0.7469879518072289,0.7385542168674698
reg3,60,reg3_m60_s0,es+gpt,1,20,1010,1.1840091660269936,65.0,62.6,0.09411334971176222,0.00010673855474332972,20,31,36.51449679999496,0.7831325301204819,0.7542168674698795
reg3,60,reg3_m60_s0,es+gpt,1,25,1260,1.2208398578252915,67.0,65.2,0.10315791246401494,6.938893903907228e-18,20,32,45.519990400003735,0.8072289156626506,0.7855421686746988
reg3,60,reg3_m60_s0,es+gpt,1,30,1510,1.2361498940608417,68.0,66.1,0.1013734441006002,0.0009293232700105687,20,32,54.860724300000584,0.8192771084337349,0.7963855421686746
reg3,60,reg3_m60_s0,es+gpt,1,35,1760,1.2361498940608417,68.0,66.8,0.1013734441006002,0.0009293232700105687,20,32,64.0376959000132,0.8192771084337349,0.8048192771084337
reg3,60,reg3_m60_s0,es+gpt,1,40,2010,1.2361498940608417,68.0,67.3,0.1013734441006002,0.0009293232700105687,20,32,73.04968369999551,0.8192771084337349,0.8108433734939758
reg3,60,reg3_m60_s0,es+gpt,1,45,2260,1.2392499385172444,68.0,67.9,0.0935876424586323,0.001293887704412272,20,32,82.37456050000037,0.8192771084337349,0.8180722891566266
reg3,60,reg3_m60_s0,es+gpt,1,50,2510,1.242473003548377,68.0,68.0,0.10056223399375376,0.0005227542739726018,20,32,91.39886899999692,0.8192771084337349,0.8192771084337349
reg3,60,reg3_m60_s0,es+gpt,1,55,2760,1.242473003548377,68.0,68.0,0.10056223399375376,0.0005227542739726018,20,32,100.58771859999979,0.8192771084337349,0.8192771084337349
reg3,60,reg3_m60_s0,es+gpt,1,60,3010,1.242473003548377,68.0,68.0,0.10056223399375376,0.0005227542739726018,20,32,109.80837040001643,0.8192771084337349,0.8192771084337349
reg3,60,reg3_m60_s0,es+gpt,1,65,3260,1.2434372270105805,68.0,68.0,0.09163570768216607,0.0005060748222503915,20,32,119.10133850001148,0.8192771084337349,0.8192771084337349
reg3,60,reg3_m60_s0,es+gpt,1,70,3510,1.2434372270105805,68.0,68.0,0.09163570768216607,0.0005060748222503915,20,32,128.42385330001707,0.8192771084337349,0.8192771084337349
reg3,60,reg3_m60_s0,es+gpt,1,75,3760,1.2486328276239231,68.0,68.0,0.1077165383439703,0.0008478048154402437,20,31,137.95501979999244,0.8192771084337349,0.8192771084337349
reg3,60,reg3_m60_s0,es+gpt,1,80,4010,1.2486328276239231,68.0,68.0,0.10771653834397034,0.0008478048154402437,20,33,147.2747314000153,0.8192771084337349,0.8192771084337349
reg3,60,reg3_m60_s0,es+gpt,1,85,4260,1.2486328276239231,68.0,68.0,0.10771653834397034,0.0008478048154402437,20,33,156.75618920000852,0.8192771084337349,0.8192771084337349
reg3,60,reg3_m60_s0,es+gpt,1,90,4510,1.2498803167444177,68.0,68.0,0.10572540868556415,0.0005610911623698811,20,32,165.9757213999983,0.8192771084337349,0.8192771084337349
reg3,60,reg3_m60_s0,es+gpt,1,95,4760,1.249880316744418,68.0,68.0,0.10572540868556426,0.0005610911623699921,20,33,175.27898470000946,0.8192771084337349,0.8192771084337349
reg3,60,reg3_m60_s0,es+gpt,1,100,5010,1.249880316744418,68.0,68.0,0.10572540868556426,0.0005610911623699921,20,33,184.73496920001344,0.8192771084337349,0.8192771084337349
reg3,60,reg3_m60_s0,es+gpt,1,105,5260,1.250544914593461,68.0,68.0,0.0999182651835091,0.0002655991086080167,20,32,194.07278770001722,0.8192771084337349,0.8192771084337349
reg3,60,reg3_m60_s0,es+gpt,1,110,5510,1.250544914593461,68.0,68.0,0.0999182651835091,0.00026559910860793,20,32,203.36265960001037,0.8192771084337349,0.8192771084337349
reg3,60,reg3_m60_s0,es+gpt,1,115,5760,1.2511940022703723,68.0,68.0,0.11308497913990992,0.0006600311090307585,20,31,212.60645640001167,0.8192771084337349,0.8192771084337349
reg3,60,reg3_m60_s0,es+gpt,1,120,6010,1.2511940022703723,68.0,68.0,0.11308497913990992,0.0006600311090307585,20,31,221.83266159999766,0.8192771084337349,0.8192771084337349
reg3,60,reg3_m60_s0,es+gpt,1,125,6260,1.2512117044036468,68.0,68.0,0.1030007241152749,8.864446931702852e-05,20,32,231.2593354000128,0.8192771084337349,0.8192771084337349
reg3,60,reg3_m60_s0,es+gpt,1,130,6510,1.2601470177739555,68.0,68.1,0.12059285267113948,0.0008673196963707372,20,33,240.7776004000043,0.8192771084337349,0.8204819277108433
reg3,60,reg3_m60_s0,es+gpt,1,135,6760,1.2617880775193133,68.0,68.2,0.11588373279871292,0.0008269605263960395,20,31,250.14151030001813,0.8192771084337349,0.8216867469879519
reg3,60,reg3_m60_s0,es+gpt,1,140,7010,1.2623273017817047,68.0,68.0,0.1192902920661515,0.0004767197832159509,20,32,259.5864500000025,0.8192771084337349,0.8192771084337349
reg3,60,reg3_m60_s0,es+gpt,1,145,7260,1.2623273017817047,68.0,68.0,0.1192902920661515,0.0004767197832159509,20,32,268.7491808999912,0.8192771084337349,0.8192771084337349
reg3,60,reg3_m60_s0,es+gpt,1,150,7510,1.26256919689747,68.0,68.0,0.1101131234606944,0.0007800771970229471,20,30,277.98735000001034,0.8192771084337349,0.8192771084337349
reg3,60,reg3_m60_s0,es+gpt,1,155,7760,1.26256919689747,68.0,68.1,0.1101131234606944,0.0007800771970229471,20,30,286.95894129999215,0.8192771084337349,0.8204819277108433
reg3,60,reg3_m60_s0,es+gpt,1,160,8010,1.26256919689747,68.0,68.1,0.1101131234606944,0.0007800771970229471,20,30,295.91565820001415,0.8192771084337349,0.8204819277108433
reg3,60,reg3_m60_s0,es+gpt,1,165,8260,1.264412148701375,69.0,68.4,0.11175519686173593,0.0005367640357704479,20,32,304.91239720000885,0.8313253012048193,0.8240963855421688
reg3,60,reg3_m60_s0,es+gpt,1,170,8510,1.264412148701375,69.0,68.5,0.11175519686173593,0.0005367640357704479,20,32,313.8519865999988,0.8313253012048193,0.8253012048192772
reg3,60,reg3_m60_s0,es+gpt,1,175,8760,1.2644121487013753,69.0,68.6,0.11175519686173599,0.0005367640357703911,20,33,322.94365289999405,0.8313253012048193,0.8265060240963855
reg3,60,reg3_m60_s0,es+gpt,1,180,9010,1.2644121487013753,69.0,68.2,0.11175519686173599,0.0005367640357703911,20,33,331.78573800000595,0.8313253012048193,0.8216867469879519
reg3,60,reg3_m60_s0,es+gpt,1,185,9260,1.2644121487013753,69.0,68.3,0.11175519686173599,0.0005367640357703911,20,33,341.01644680000027,0.8313253012048193,0.8228915662650602
reg3,60,reg3_m60_s0,es+gpt,1,190,9510,1.2644121487013753,69.0,68.9,0.11175519686173599,0.0005367640357703911,20,33,350.3114482999954,0.8313253012048193,0.8301204819277109
reg3,60,reg3_m60_s0,es+gpt,1,195,9760,1.2644121487013753,69.0,69.0,0.11175519686173599,0.0005367640357703911,20,33,359.4810235000041,0.8313253012048193,0.8313253012048193
reg3,60,reg3_m60_s0,es+gpt,1,200,10010,1.2666707758347195,69.0,69.0,0.10804335900046075,0.00070764642178976,20,31,368.57656919999863,0.8313253012048193,0.8313253012048193
reg3,60,reg3_m60_s0,es+gpt,1,205,10260,1.2666707758347195,69.0,69.0,0.10804335900046062,0.0007076464217896472,20,30,377.7250577000086,0.8313253012048193,0.8313253012048193
reg3,60,reg3_m60_s0,es+gpt,1,210,10510,1.2666707758347195,69.0,69.0,0.10804335900046075,0.00070764642178976,20,31,387.02640750000137,0.8313253012048193,0.8313253012048193
reg3,60,reg3_m60_s0,es+gpt,1,215,10760,1.2666707758347195,69.0,69.0,0.10804335900046075,0.00070764642178976,20,31,396.307472400018,0.8313253012048193,0.8313253012048193
reg3,60,reg3_m60_s0,es+gpt,1,220,11010,1.2666707758347195,69.0,69.0,0.10804335900046062,0.0007076464217896472,20,30,405.5692018000118,0.8313253012048193,0.8313253012048193
reg3,60,reg3_m60_s0,es+gpt,1,225,11260,1.2666707758347195,69.0,69.0,0.10804335900046062,0.0007076464217896472,20,30,414.79694830000517,0.8313253012048193,0.8313253012048193
reg3,60,reg3_m60_s0,es+gpt,1,230,11510,1.2713806870901505,69.0,69.0,0.08821015242821811,0.0003323392503983818,20,31,423.8080227000173,0.8313253012048193,0.8313253012048193
reg3,60,reg3_m60_s0,es+gpt,1,235,11760,1.2713806870901505,69.0,69.0,0.08821015242821811,0.0003323392503983818,20,31,432.90360769999097,0.8313253012048193,0.8313253012048193
reg3,60,reg3_m60_s0,es+gpt,1,240,12010,1.2713806870901505,69.0,69.0,0.08821015242821811,0.0003323392503983818,20,31,442.09418400001596,0.8313253012048193,0.8313253012048193
reg3,60,reg3_m60_s0,es+gpt,1,245,12260,1.282122597820388,70.0,69.1,0.08824022593482943,0.00019999835310399467,20,31,450.9795172000013,0.8433734939759037,0.8325301204819276
reg3,60,reg3_m60_s0,es+gpt,1,250,12510,1.282122597820388,70.0,69.1,0.08824022593482943,0.00019999835310399467,20,31,459.99889149999944,0.8433734939759037,0.8325301204819276
reg3,60,reg3_m60_s0,es+gpt,1,255,12760,1.282122597820388,70.0,69.3,0.0882402259348294,0.00019999835310407208,20,32,468.9360882000183,0.8433734939759037,0.8349397590361446
reg3,60,reg3_m60_s0,es+gpt,1,260,13010,1.285494114050104,70.0,69.9,0.08400046477408224,0.00020260927610155706,20,32,477.80965410001227,0.8433734939759037,0.8421686746987952
reg3,60,reg3_m60_s0,es+gpt,1,265,13260,1.285494114050104,70.0,70.0,0.08400046477408238,0.00020260927610162298,20,32,486.70759180001915,0.8433734939759037,0.8433734939759037
reg3,60,reg3_m60_s0,es+gpt,1,270,13510,1.285494114050104,70.0,70.0,0.0840004647740823,0.0002026092761016002,20,31,495.74214519999805,0.8433734939759037,0.8433734939759037
reg3,60,reg3_m60_s0,es+gpt,1,275,13760,1.285494114050104,70.0,70.0,0.08400046477408232,0.0002026092761016427,20,33,504.7693497000146,0.8433734939759037,0.8433734939759037
reg3,60,reg3_m60_s0,es+gpt,1,280,14010,1.285494114050104,70.0,70.0,0.08400046477408238,0.00020260927610162298,20,32,513.7696273000038,0.8433734939759037,0.8433734939759037
reg3,60,reg3_m60_s0,es+gpt,1,285,14260,1.285494114050104,70.0,70.0,0.0840004647740823,0.0002026092761015872,20,32,522.7433978999907,0.8433734939759037,0.8433734939759037
reg3,60,reg3_m60_s0,es+gpt,1,290,14510,1.2854941140501042,70.0,70.0,0.08400046477408245,0.00020260927610164727,20,33,531.5294126000081,0.8433734939759037,0.8433734939759037
reg3,60,reg3_m60_s0,es+gpt,1,295,14760,1.28719095216654,70.0,70.0,0.08606389725739036,0.000160628499087382,20,32,540.3915770000021,0.8433734939759037,0.8433734939759037
reg3,60,reg3_m60_s0,es+gpt,1,300,15010,1.2877068534957143,70.0,70.0,0.08674374203135565,0.00020924976908974057,20,33,549.7413223000185,0.8433734939759037,0.8433734939759037
reg3,60,reg3_m60_s0,es+gpt,1,305,15260,1.2877068534957143,70.0,70.0,0.0867437420313556,0.0002092497690899251,20,33,558.730619000009,0.8433734939759037,0.8433734939759037
reg3,60,reg3_m60_s0,es+gpt,1,310,15510,1.2882273052279807,70.0,70.0,0.0876173913062013,0.0003275590581730222,20,32,567.4756735000119,0.8433734939759037,0.8433734939759037
reg3,60,reg3_m60_s0,es+gpt,1,315,15760,1.2918251483319294,70.0,70.0,0.0434900445106495,0.0002449607745130069,20,33,576.2318475999928,0.8433734939759037,0.8433734939759037
reg3,60,reg3_m60_s0,es+gpt,1,320,16010,1.2918251483319294,70.0,70.0,0.0434900445106495,0.0002449607745130069,20,33,585.2316168000107,0.8433734939759037,0.8433734939759037
reg3,60,reg3_m60_s0,es+gpt,1,325,16260,1.2918251483319294,70.0,70.0,0.0434900445106495,0.0002449607745130069,20,33,594.0686772000045,0.8433734939759037,0.8433734939759037
reg3,60,reg3_m60_s0,es+gpt,1,330,16510,1.2918251483319294,70.0,70.0,0.0434900445106495,0.0002449607745130069,20,33,603.2012709999981,0.8433734939759037,0.8433734939759037
reg3,60,reg3_m60_s0,es+gpt,1,335,16760,1.2918251483319294,70.0,70.0,0.04349004451064958,0.00024496077451315046,20,34,611.9551805999945,0.8433734939759037,0.8433734939759037
reg3,60,reg3_m60_s0,es+gpt,1,340,17010,1.2918251483319294,70.0,70.0,0.0434900445106495,0.0002449607745130069,20,33,620.6289415000065,0.8433734939759037,0.8433734939759037
reg3,60,reg3_m60_s0,es+gpt,1,345,17260,1.3071761464032932,71.0,70.2,0.040726912165912274,0.00016714152923846186,20,34,629.3217931000108,0.8554216867469879,0.8457831325301205
reg3,60,reg3_m60_s0,es+gpt,1,350,17510,1.3071761464032932,71.0,70.3,0.04072691216591229,0.00016714152923847985,20,33,638.088743500004,0.8554216867469879,0.8469879518072289
reg3,60,reg3_m60_s0,es+gpt,1,355,17760,1.3071761464032932,71.0,70.6,0.040726912165912225,0.00016714152923850804,20,33,646.7580253999913,0.8554216867469879,0.8506024096385542
reg3,60,reg3_m60_s0,es+gpt,1,360,18010,1.3071761464032932,71.0,71.0,0.040726912165912274,0.00016714152923846186,20,34,655.2324183000019,0.8554216867469879,0.8554216867469879
reg3,60,reg3_m60_s0,es+gpt,1,365,18260,1.3071761464032932,71.0,71.0,0.04072691216591229,0.00016714152923847985,20,33,663.9468388000096,0.8554216867469879,0.8554216867469879
reg3,60,reg3_m60_s0,es+gpt,1,370,18510,1.3071761464032932,71.0,71.0,0.04072691216591235,0.00016714152923839225,20,33,672.5093284000177,0.8554216867469879,0.8554216867469879
reg3,60,reg3_m60_s0,es+gpt,1,375,18760,1.3072080770608434,71.0,71.0,0.04069976237232506,0.00016403251630166715,20,34,681.5044999000093,0.8554216867469879,0.8554216867469879
reg3,60,reg3_m60_s0,es+gpt,1,380,19010,1.3072080770608434,71.0,71.0,0.04069976237232506,0.00016403251630166715,20,34,690.3211996000027,0.8554216867469879,0.8554216867469879
reg3,60,reg3_m60_s0,es+gpt,1,385,19260,1.3072080770608434,71.0,71.0,0.04069976237232518,0.00016403251630176256,20,35,699.3074884999951,0.8554216867469879,0.8554216867469879
reg3,60,reg3_m60_s0,es+gpt,1,390,19510,1.3072080770608436,71.0,71.0,0.04069976237232521,0.0001640325163018402,20,33,708.1938647000061,0.8554216867469879,0.8554216867469879
reg3,60,reg3_m60_s0,es+gpt,1,395,19760,1.3072080770608436,71.0,71.0,0.04069976237232521,0.0001640325163018402,20,33,716.968650099996,0.8554216867469879,0.8554216867469879
reg3,60,reg3_m60_s0,es+gpt,1,400,20010,1.3072080770608436,71.0,71.0,0.04069976237232521,0.0001640325163018402,20,33,725.7587014000164,0.8554216867469879,0.8554216867469879
reg3,252,reg3_m252_s0,es,0,0,10,0.7270501309563662,182.0,184.8,0.02096537386545469,1.3010426069826053e-18,32,48,0.06900960000348277,0.5229885057471264,0.5310344827586208
reg3,252,reg3_m252_s0,es,0,5,260,0.9069184632530146,225.0,218.8,0.013515447539656434,2.9381547074296653e-06,32,48,1.7403455000021495,0.646551724137931,0.628735632183908
reg3,252,reg3_m252_s0,es,0,10,510,0.9081561855321616,224.0,224.1,0.02048809472013807,4.2377029031108807e-05,32,49,3.3682663000072353,0.6436781609195402,0.6439655172413793
reg3,252,reg3_m252_s0,es,0,15,760,0.9434578521310341,232.0,226.4,0.027012259924728468,1.0707771768266147e-05,32,50,4.93776249999064,0.6666666666666666,0.6505747126436782
reg3,252,reg3_m252_s0,es,0,20,1010,0.9497007791384366,232.0,231.8,0.028647062827582864,0.00033667837543148785,32,47,6.556954500003485,0.6666666666666666,0.6660919540229885
reg3,252,reg3_m252_s0,es,0,25,1260,0.9631668899750714,236.0,233.0,0.027518901247910545,0.00010866355246234101,32,50,8.409887799993157,0.6781609195402298,0.6695402298850575
reg3,252,reg3_m252_s0,es,0,30,1510,0.9631668899750714,236.0,234.0,0.027518901247910545,0.00010866355246234101,32,50,10.026535499986494,0.6781609195402298,0.6724137931034483
reg3,252,reg3_m252_s0,es,0,35,1760,0.9748735366288279,238.0,236.7,0.028844548278985978,0.00011604072327998927,32,50,11.741800799994962,0.6839080459770115,0.6801724137931034
reg3,252,reg3_m252_s0,es,0,40,2010,0.9748735366288279,238.0,237.4,0.028844548278985978,0.00011604072327998927,32,50,13.397511399991345,0.6839080459770115,0.6821839080459771
reg3,252,reg3_m252_s0,es,0,45,2260,0.9748735366288279,238.0,238.0,0.028844548278985978,0.00011604072327993202,32,50,15.045928699983051,0.6839080459770115,0.6839080459770115
reg3,252,reg3_m252_s0,es,0,50,2510,0.9778032548597849,239.0,238.1,0.02592825205581209,3.2198359996756505e-05,32,51,16.78803870000411,0.6867816091954023,0.6841954022988506
reg3,252,reg3_m252_s0,es,0,55,2760,0.9778032548597849,239.0,238.4,0.02592825205581209,3.2198359996756505e-05,32,51,18.483366400003433,0.6867816091954023,0.6850574712643678
reg3,252,reg3_m252_s0,es,0,60,3010,1.000518504170204,243.0,239.6,0.028070262267667845,0.00019909467428984843,32,51,20.166485199995805,0.6982758620689655,0.6885057471264368
reg3,252,reg3_m252_s0,es,0,65,3260,1.000518504170204,243.0,240.2,0.028070262267667845,0.00019909467428984843,32,51,21.79599600000074,0.6982758620689655,0.6902298850574712
reg3,252,reg3_m252_s0,es,0,70,3510,1.0043557704478119,243.0,241.2,0.030418782517736147,0.00012837936588505844,32,51,23.536637799988966,0.6982758620689655,0.693103448275862
reg3,252,reg3_m252_s0,es,0,75,3760,1.0126642689521352,245.0,242.6,0.029370107919255622,0.0001492416259336268,32,50,25.23359889999847,0.7040229885057471,0.6971264367816091
reg3,252,reg3_m252_s0,es,0,80,4010,1.0134145143205993,245.0,243.7,0.029307464620151144,0.00022660454110250052,32,50,26.920174900005804,0.7040229885057471,0.700287356321839
reg3,252,reg3_m252_s0,es,0,85,4260,1.015555451919678,246.0,244.9,0.02690669691391054,2.7856777034079155e-05,32,51,28.660547200008295,0.7068965517241379,0.7037356321839081
reg3,252,reg3_m252_s0,es,0,90,4510,1.0222314527071485,248.0,245.6,0.026945736675526164,0.00017963338307890807,32,51,30.410261999990325,0.7126436781609196,0.7057471264367816
reg3,252,reg3_m252_s0,es,0,95,4760,1.0250838090807928,248.0,246.6,0.02883030673708311,0.0002266045411025014,32,50,32.253226900007576,0.7126436781609196,0.7086206896551724
reg3,252,reg3_m252_s0,es,0,100,5010,1.0250838090807928,248.0,248.0,0.028830306737083117,0.0002266045411025014,32,50,33.992209499992896,0.7126436781609196,0.7126436781609196
reg3,252,reg3_m252_s0,es,0,105,5260,1.030045253826954,249.0,248.1,0.030347034350676698,0.00022660454110251874,32,50,35.599964799999725,0.7155172413793104,0.7129310344827586
reg3,252,reg3_m252_s0,es,0,110,5510,1.030045253826954,249.0,248.2,0.030347034350676698,0.00022660454110251874,32,50,37.302957899984904,0.7155172413793104,0.7132183908045977
reg3,252,reg3_m252_s0,es,0,115,5760,1.030045253826954,249.0,248.7,0.030347034350676698,0.00022660454110251874,32,50,39.02344570000423,0.7155172413793104,0.7146551724137931
reg3,252,reg3_m252_s0,es,0,120,6010,1.030045253826954,249.0,249.0,0.030347034350676698,0.00022660454110251874,32,50,40.66702900000382,0.7155172413793104,0.7155172413793104
reg3,252,reg3_m252_s0,es,0,125,6260,1.0304719071077968,249.0,249.0,0.030868314541884906,0.0002266045411024732,32,50,42.29029050000827,0.7155172413793104,0.7155172413793104
reg3,252,reg3_m252_s0,es,0,130,6510,1.0304719071077968,249.0,249.0,0.030868314541884906,0.0002266045411024732,32,50,43.9145872000081,0.7155172413793104,0.7155172413793104
reg3,252,reg3_m252_s0,es,0,135,6760,1.0304719071077968,249.0,249.0,0.030868314541884906,0.0002266045411024732,32,50,45.62331840000115,0.7155172413793104,0.7155172413793104
reg3,252,reg3_m252_s0,es,0,140,7010,1.0304719071077968,249.0,249.0,0.030868314541884906,0.0002266045411024732,32,50,47.320613199990476,0.7155172413793104,0.7155172413793104
reg3,252,reg3_m252_s0,es,0,145,7260,1.0304719071077968,249.0,249.0,0.030868314541884906,0.0002266045411024732,32,50,49.1857447999937,0.7155172413793104,0.7155172413793104
reg3,252,reg3_m252_s0,es,0,150,7510,1.0309525535304773,249.0,249.0,0.03287705402768675,0.00011026401663942476,32,50,50.91384689998813,0.7155172413793104,0.7155172413793104
reg3,252,reg3_m252_s0,es,0,155,7760,1.0309525535304773,249.0,249.0,0.03287705402768675,0.00011026401663942476,32,50,52.57272959998227,0.7155172413793104,0.7155172413793104
reg3,252,reg3_m252_s0,es,0,160,8010,1.0309525535304773,249.0,249.0,0.03287705402768675,0.00011026401663942476,32,50,54.210456700006034,0.7155172413793104,0.7155172413793104
reg3,252,reg3_m252_s0,es,0,165,8260,1.0367748785346207,251.0,250.1,0.03184647755993254,2.6477467208566984e-05,32,49,55.8930546999909,0.7212643678160919,0.7186781609195402
reg3,252,reg3_m252_s0,es,0,170,8510,1.0367748785346207,251.0,250.7,0.03184647755993254,2.6477467208566984e-05,32,49,57.58258550000028,0.7212643678160919,0.7204022988505747
reg3,252,reg3_m252_s0,es,0,175,8760,1.0372506875340393,251.0,251.0,0.03153639326083903,2.647746720853836e-05,32,49,59.25906529999338,0.7212643678160919,0.7212643678160919
reg3,252,reg3_m252_s0,es,0,180,9010,1.0372506875340393,251.0,251.0,0.031536393260839075,2.6477467208403053e-05,32,49,60.91926589998184,0.7212643678160919,0.7212643678160919
reg3,252,reg3_m252_s0,es,0,185,9260,1.0372506875340393,251.0,251.0,0.031536393260839075,2.6477467208403053e-05,32,49,62.60751249999157,0.7212643678160919,0.7212643678160919
reg3,252,reg3_m252_s0,es,0,190,9510,1.0372506875340393,251.0,251.0,0.031536393260839075,2.6477467208403053e-05,32,49,64.3329706999939,0.7212643678160919,0.7212643678160919
reg3,252,reg3_m252_s0,es,0,195,9760,1.0372506875340393,251.0,251.0,0.03153639326083903,2.647746720853836e-05,32,49,65.91073199998937,0.7212643678160919,0.7212643678160919
reg3,252,reg3_m252_s0,es,0,200,10010,1.0372506875340393,251.0,251.0,0.031536393260839075,2.6477467208403053e-05,32,49,67.69903499999782,0.7212643678160919,0.7212643678160919
reg3,252,reg3_m252_s0,es,0,205,10260,1.0372506875340393,251.0,251.0,0.031536393260839075,2.6477467208403053e-05,32,49,69.65778869998758,0.7212643678160919,0.7212643678160919
reg3,252,reg3_m252_s0,es,0,210,10510,1.0372506875340393,251.0,251.0,0.03153639326083903,2.647746720853836e-05,32,49,71.3267477999907,0.7212643678160919,0.7212643678160919
reg3,252,reg3_m252_s0,es,0,215,10760,1.0372506875340393,251.0,251.0,0.031536393260839075,2.6477467208403053e-05,32,49,72.98109950000071,0.7212643678160919,0.7212643678160919
reg3,252,reg3_m252_s0,es,0,220,11010,1.0372506875340393,251.0,251.0,0.031536393260839055,2.647746720851234e-05,32,49,74.61320709998836,0.7212643678160919,0.7212643678160919
reg3,252,reg3_m252_s0,es,0,225,11260,1.0372506875340393,251.0,251.0,0.03153639326083903,2.647746720842452e-05,32,50,76.1583888999885,0.7212643678160919,0.7212643678160919
reg3,252,reg3_m252_s0,es,0,230,11510,1.0372506875340393,251.0,251.0,0.031536393260839055,2.6477467208562647e-05,32,50,77.78348969999934,0.7212643678160919,0.7212643678160919
reg3,252,reg3_m252_s0,es,0,235,11760,1.0372506875340393,251.0,251.0,0.03153639326083901,2.647746720847808e-05,32,50,79.52479409999796,0.7212643678160919,0.7212643678160919
reg3,252,reg3_m252_s0,es,0,240,12010,1.0372506875340393,251.0,251.0,0.03153639326083903,2.647746720842452e-05,32,50,81.22640339998179,0.7212643678160919,0.7212643678160919
reg3,252,reg3_m252_s0,es,0,245,12260,1.0372506875340393,251.0,251.0,0.031536393260839055,2.647746720851234e-05,32,49,82.8405259999854,0.7212643678160919,0.7212643678160919
reg3,252,reg3_m252_s0,es,0,250,12510,1.0372506875340393,251.0,251.0,0.03153639326083903,2.647746720853836e-05,32,49,84.39930049999384,0.7212643678160919,0.7212643678160919
reg3,252,reg3_m252_s0,es,0,255,12760,1.0372506875340393,251.0,251.0,0.03153639326083903,2.647746720853836e-05,32,49,85.9847574000014,0.7212643678160919,0.7212643678160919
reg3,252,reg3_m252_s0,es,0,260,13010,1.0372506875340393,251.0,251.0,0.03153639326083903,2.647746720842452e-05,32,50,87.65314290000242,0.7212643678160919,0.7212643678160919
reg3,252,reg3_m252_s0,es,0,265,13260,1.0372506875340393,251.0,251.0,0.03153639326083903,2.647746720853836e-05,32,49,89.3209976000071,0.7212643678160919,0.7212643678160919
reg3,252,reg3_m252_s0,es,0,270,13510,1.0411823699413598,252.0,251.1,0.032498840055565886,2.5968710100427155e-05,32,50,90.90132599999197,0.7241379310344828,0.721551724137931
reg3,252,reg3_m252_s0,es,0,275,13760,1.0411823699413598,252.0,251.1,0.032498840055565886,2.5968710100427155e-05,32,50,92.58588649999001,0.7241379310344828,0.721551724137931
reg3,252,reg3_m252_s0,es,0,280,14010,1.0411823699413598,252.0,251.1,0.032498840055565886,2.5968710100427155e-05,32,50,94.18814670000575,0.7241379310344828,0.721551724137931
reg3,252,reg3_m252_s0,es,0,285,14260,1.0411823699413598,252.0,251.1,0.032498840055565886,2.5968710100427155e-05,32,50,95.80610469999374,0.7241379310344828,0.721551724137931
reg3,252,reg3_m252_s0,es,0,290,14510,1.0411823699413598,252.0,251.1,0.032498840055565886,2.5968710100427155e-05,32,50,97.41734640000504,0.7241379310344828,0.721551724137931
reg3,252,reg3_m252_s0,es,0,295,14760,1.0411823699413598,252.0,251.2,0.032498840055565886,2.5968710100427155e-05,32,50,99.14439589998801,0.7241379310344828,0.7218390804597701
reg3,252,reg3_m252_s0,es,0,300,15010,1.0411823699413598,252.0,251.4,0.032498840055565886,2.5968710100427155e-05,32,50,100.79684579998138,0.7241379310344828,0.7224137931034483
reg3,252,reg3_m252_s0,es,0,305,15260,1.0411823699413598,252.0,251.7,0.032498840055565886,2.5968710100427155e-05,32,50,102.72642389999237,0.7241379310344828,0.7232758620689654
reg3,252,reg3_m252_s0,es,0,310,15510,1.0411823699413598,252.0,252.0,0.032498840055565886,2.59687101004226e-05,32,49,104.5378583999991,0.7241379310344828,0.7241379310344828
reg3,252,reg3_m252_s0,es,0,315,15760,1.0411823699413598,252.0,252.0,0.032498840055565886,2.5968710100427155e-05,32,50,106.2058582000027,0.7241379310344828,0.7241379310344828
reg3,252,reg3_m252_s0,es,0,320,16010,1.0411823699413598,252.0,252.0,0.032498840055565886,2.59687101004226e-05,32,49,107.91619099999662,0.7241379310344828,0.7241379310344828
reg3,252,reg3_m252_s0,es,0,325,16260,1.0411823699413598,252.0,252.0,0.032498840055565886,2.5968710100427155e-05,32,50,109.53975789999822,0.7241379310344828,0.7241379310344828
reg3,252,reg3_m252_s0,es,0,330,16510,1.0411823699413598,252.0,252.0,0.03249884005556588,2.596871010046055e-05,32,49,111.18712220000452,0.7241379310344828,0.7241379310344828
reg3,252,reg3_m252_s0,es,0,335,16760,1.0411823699413598,252.0,252.0,0.032498840055565886,2.5968710100427155e-05,32,50,112.91239779998432,0.7241379310344828,0.7241379310344828
reg3,252,reg3_m252_s0,es,0,340,17010,1.0425376079668958,252.0,252.0,0.03385477074713214,2.5968710100439732e-05,32,49,114.58066059998237,0.7241379310344828,0.7241379310344828
reg3,252,reg3_m252_s0,es,0,345,17260,1.0425376079668958,252.0,252.0,0.03385477074713214,2.5968710100439732e-05,32,49,116.23008109998773,0.7241379310344828,0.7241379310344828
reg3,252,reg3_m252_s0,es,0,350,17510,1.0425376079668958,252.0,252.0,0.03385477074713214,2.5968710100439732e-05,32,49,117.971473099984,0.7241379310344828,0.7241379310344828
reg3,252,reg3_m252_s0,es,0,355,17760,1.0425376079668958,252.0,252.0,0.03385477074713214,2.5968710100439732e-05,32,49,119.6085802000016,0.7241379310344828,0.7241379310344828
reg3,252,reg3_m252_s0,es,0,360,18010,1.0425376079668958,252.0,252.0,0.03385477074713214,2.5968710100439732e-05,32,49,121.20906900000409,0.7241379310344828,0.7241379310344828
reg3,252,reg3_m252_s0,es,0,365,18260,1.0425376079668958,252.0,252.0,0.03385477074713214,2.5968710100439732e-05,32,49,122.83347219999996,0.7241379310344828,0.7241379310344828
reg3,252,reg3_m252_s0,es,0,370,18510,1.0425376079668958,252.0,252.0,0.03385477074713214,2.5968710100439732e-05,32,49,124.5689890999929,0.7241379310344828,0.7241379310344828
reg3,252,reg3_m252_s0,es,0,375,18760,1.0425376079668958,252.0,252.0,0.033854770747132064,2.5968710100384654e-05,32,51,126.1891767999914,0.7241379310344828,0.7241379310344828
reg3,252,reg3_m252_s0,es,0,380,19010,1.0425376079668958,252.0,252.0,0.033854770747132064,2.5968710100384654e-05,32,51,127.7756640999869,0.7241379310344828,0.7241379310344828
reg3,252,reg3_m252_s0,es,0,385,19260,1.0425376079668958,252.0,252.0,0.03385477074713209,2.596871010037815e-05,32,50,129.52700339999865,0.7241379310344828,0.7241379310344828
reg3,252,reg3_m252_s0,es,0,390,19510,1.0425376079668958,252.0,252.0,0.033854770747132064,2.5968710100384654e-05,32,51,131.2236114999978,0.7241379310344828,0.7241379310344828
reg3,252,reg3_m252_s0,es,0,395,19760,1.0425376079668958,252.0,252.0,0.03385477074713209,2.596871010037815e-05,32,50,132.82081380000454,0.7241379310344828,0.7241379310344828
reg3,252,reg3_m252_s0,es,0,400,20010,1.0425376079668958,252.0,252.0,0.03385477074713214,2.5968710100439732e-05,32,49,134.44574399999692,0.7241379310344828,0.7241379310344828
reg3,252,reg3_m252_s0,es,1,0,10,0.7188898023526615,181.0,196.1,0.024897247431810793,6.729247164983382e-05,32,51,0.06730530000641011,0.5201149425287356,0.5635057471264368
reg3,252,reg3_m252_s0,es,1,5,260,0.8853795105854775,220.0,217.0,0.018840743758911625,1.8912551646294018e-17,32,49,1.7944927999924403,0.632183908045977,0.6235632183908046
reg3,252,reg3_m252_s0,es,1,10,510,0.9054318500809269,222.0,220.8,0.03635094267105607,7.571410750239772e-05,32,53,3.377534300001571,0.6379310344827587,0.6344827586206897
reg3,252,reg3_m252_s0,es,1,15,760,0.9434725699229107,235.0,225.1,0.027875412788816382,1.7461694808281955e-07,32,53,4.951265899988357,0.6752873563218391,0.6468390804597701
reg3,252,reg3_m252_s0,es,1,20,1010,0.9507148468606149,237.0,235.4,0.028886822389778067,1.7489355667849862e-05,32,53,6.592523300001631,0.6810344827586207,0.6764367816091954
reg3,252,reg3_m252_s0,es,1,25,1260,0.9620576726518415,239.0,236.4,0.029867967125701285,7.17524674447365e-05,32,53,8.346423599985428,0.6867816091954023,0.6793103448275862
reg3,252,reg3_m252_s0,es,1,30,1510,0.9620576726518415,239.0,236.7,0.029867967125701285,7.17524674447365e-05,32,53,9.926457199995639,0.6867816091954023,0.6801724137931034
reg3,252,reg3_m252_s0,es,1,35,1760,0.971526250396848,239.0,238.6,0.03377900346161422,0.00018758960606678893,32,52,11.684430299996166,0.6867816091954023,0.6856321839080459
reg3,252,reg3_m252_s0,es,1,40,2010,0.971526250396848,239.0,239.0,0.03377900346161432,0.0001875896060667126,32,53,13.219448499992723,0.6867816091954023,0.6867816091954023
reg3,252,reg3_m252_s0,es,1,45,2260,0.9942435976146176,240.0,239.3,0.04578432177706697,0.0001139475586938981,32,54,14.76712679999764,0.6896551724137931,0.6876436781609195
reg3,252,reg3_m252_s0,es,1,50,2510,0.9942435976146176,240.0,239.1,0.04578432177706697,0.0001139475586938981,32,54,16.38392969997949,0.6896551724137931,0.6870689655172414
reg3,252,reg3_m252_s0,es,1,55,2760,1.0077321568769495,243.0,242.2,0.04333055252197509,4.126399457942721e-05,32,54,18.062034999980824,0.6982758620689655,0.6959770114942528
reg3,252,reg3_m252_s0,es,1,60,3010,1.0104763498908473,245.0,242.9,0.036051936800426176,3.065412236113313e-17,32,54,19.80055089999223,0.7040229885057471,0.6979885057471265
reg3,252,reg3_m252_s0,es,1,65,3260,1.0144485445283844,246.0,243.7,0.036051936800426176,2.2937652211646453e-18,32,55,21.428925399988657,0.7068965517241379,0.700287356321839
reg3,252,reg3_m252_s0,es,1,70,3510,1.0144485445283844,246.0,244.1,0.036051936800426176,2.2937652211646453e-18,32,55,23.144032699987292,0.7068965517241379,0.7014367816091954
reg3,252,reg3_m252_s0,es,1,75,3760,1.021410349070486,246.0,245.4,0.03765747180761671,0.000376330219704471,32,56,24.715077899978496,0.7068965517241379,0.7051724137931035
reg3,252,reg3_m252_s0,es,1,80,4010,1.021410349070486,246.0,246.2,0.03765747180761671,0.000376330219704471,32,56,26.262966099980986,0.7068965517241379,0.707471264367816
reg3,252,reg3_m252_s0,es,1,85,4260,1.0309536527738024,250.0,247.0,0.03616372765947931,1.9871392942585886e-18,32,53,27.88955019999412,0.7183908045977011,0.7097701149425287
reg3,252,reg3_m252_s0,es,1,90,4510,1.0309536527738024,250.0,247.2,0.03616372765947931,1.9871392942585886e-18,32,53,29.569479400001,0.7183908045977011,0.7103448275862069
reg3,252,reg3_m252_s0,es,1,95,4760,1.0342146009267916,250.0,247.6,0.033492920789909154,0.00046258623273951133,32,55,31.195627299981425,0.7183908045977011,0.7114942528735632
reg3,252,reg3_m252_s0,es,1,100,5010,1.0342146009267916,250.0,250.0,0.033492920789909154,0.00046258623273951133,32,55,32.81333109998377,0.7183908045977011,0.7183908045977011
reg3,252,reg3_m252_s0,es,1,105,5260,1.0342146009267916,250.0,250.0,0.033492920789909154,0.00046258623273951133,32,55,34.58711999998195,0.7183908045977011,0.7183908045977011
reg3,252,reg3_m252_s0,es,1,110,5510,1.0342146009267916,250.0,250.0,0.0334929207899092,0.00046258623273948314,32,54,36.21195749999606,0.7183908045977011,0.7183908045977011
reg3,252,reg3_m252_s0,es,1,115,5760,1.0342146009267916,250.0,250.0,0.033492920789909154,0.00046258623273951133,32,55,37.78856699998141,0.7183908045977011,0.7183908045977011
reg3,252,reg3_m252_s0,es,1,120,6010,1.0371863554743277,250.0,250.0,0.040830373656254804,0.0002777735849378571,32,55,39.51241629998549,0.7183908045977011,0.7183908045977011
reg3,252,reg3_m252_s0,es,1,125,6260,1.0371863554743277,250.0,250.0,0.040830373656254804,0.0002777735849378571,32,55,41.17341339998529,0.7183908045977011,0.7183908045977011
reg3,252,reg3_m252_s0,es,1,130,6510,1.0388167348179098,250.0,250.0,0.041958409706555,0.00042947537769839894,32,55,42.79556529998081,0.7183908045977011,0.7183908045977011
reg3,252,reg3_m252_s0,es,1,135,6760,1.0388167348179098,250.0,250.0,0.041958409706555,0.00042947537769839894,32,55,44.469836499978555,0.7183908045977011,0.7183908045977011
reg3,252,reg3_m252_s0,es,1,140,7010,1.0389038090540703,250.0,250.0,0.04046158461173423,0.0004817532889256973,32,56,46.148597299994435,0.7183908045977011,0.7183908045977011
reg3,252,reg3_m252_s0,es,1,145,7260,1.0389038090540703,250.0,250.0,0.04046158461173416,0.00048175328892572505,32,55,47.82579390000319,0.7183908045977011,0.7183908045977011
reg3,252,reg3_m252_s0,es,1,150,7510,1.0389038090540703,250.0,250.0,0.04046158461173416,0.00048175328892572505,32,55,49.530567799985874,0.7183908045977011,0.7183908045977011
reg3,252,reg3_m252_s0,es,1,155,7760,1.0401342823395845,250.0,250.0,0.04034293208887364,0.00021986114437592963,32,56,51.1602260999789,0.7183908045977011,0.7183908045977011
reg3,252,reg3_m252_s0,es,1,160,8010,1.0418870804460607,250.0,250.0,0.043184092709397166,0.0003910853264097597,32,55,52.902812299988,0.7183908045977011,0.7183908045977011
reg3,252,reg3_m252_s0,es,1,165,8260,1.0418870804460607,250.0,250.0,0.04318409270939715,0.0003910853264097944,32,56,54.77069459998165,0.7183908045977011,0.7183908045977011
reg3,252,reg3_m252_s0,es,1,170,8510,1.0418870804460607,250.0,250.0,0.04318409270939712,0.0003910853264098499,32,56,56.40654589998303,0.7183908045977011,0.7183908045977011
reg3,252,reg3_m252_s0,es,1,175,8760,1.0447815706580652,251.0,250.3,0.044271837389930756,0.00016303219486898252,32,55,58.13263999999617,0.7212643678160919,0.7192528735632184
reg3,252,reg3_m252_s0,es,1,180,9010,1.0447815706580652,251.0,250.5,0.044271837389930756,0.00016303219486898252,32,55,59.74288159998832,0.7212643678160919,0.7198275862068966
reg3,252,reg3_m252_s0,es,1,185,9260,1.0447815706580652,251.0,250.9,0.04427183738993079,0.00016303219486889925,32,56,61.37924229999771,0.7212643678160919,0.7209770114942529
reg3,252,reg3_m252_s0,es,1,190,9510,1.0449785541728058,251.0,251.0,0.04258779940135053,0.00023600975372720795,32,55,63.16559379998944,0.7212643678160919,0.7212643678160919
reg3,252,reg3_m252_s0,es,1,195,9760,1.0449785541728058,251.0,251.0,0.04258779940135053,0.00023600975372720795,32,55,64.86487869999837,0.7212643678160919,0.7212643678160919
reg3,252,reg3_m252_s0,es,1,200,10010,1.052225448404808,253.0,251.2,0.04567179522165387,2.9791514521756296e-05,32,57,66.52412819999154,0.7270114942528736,0.7218390804597701
reg3,252,reg3_m252_s0,es,1,205,10260,1.052225448404808,253.0,251.8,0.04567179522165387,2.9791514521756296e-05,32,57,68.13336439998238,0.7270114942528736,0.7235632183908046
reg3,252,reg3_m252_s0,es,1,210,10510,1.052225448404808,253.0,252.6,0.045671795221653766,2.979151452172854e-05,32,57,69.8112417999946,0.7270114942528736,0.7258620689655172
reg3,252,reg3_m252_s0,es,1,215,10760,1.052225448404808,253.0,253.0,0.045671795221653794,2.979151452164007e-05,32,57,71.54740929999389,0.7270114942528736,0.7270114942528736
reg3,252,reg3_m252_s0,es,1,220,11010,1.052225448404808,253.0,253.0,0.04567179522165387,2.9791514521756296e-05,32,57,73.25015229999553,0.7270114942528736,0.7270114942528736
reg3,252,reg3_m252_s0,es,1,225,11260,1.052225448404808,253.0,253.0,0.04567179522165387,2.9791514521756296e-05,32,57,74.92612899999949,0.7270114942528736,0.7270114942528736
reg3,252,reg3_m252_s0,es,1,230,11510,1.052225448404808,253.0,253.0,0.04567179522165376,2.979151452169905e-05,32,57,76.64455890000681,0.7270114942528736,0.7270114942528736
reg3,252,reg3_m252_s0,es,1,235,11760,1.052225448404808,253.0,253.0,0.045671795221653835,2.979151452164701e-05,32,56,78.19951129998663,0.7270114942528736,0.7270114942528736
reg3,252,reg3_m252_s0,es,1,240,12010,1.052225448404808,253.0,253.0,0.04567179522165376,2.979151452169905e-05,32,57,79.85644420000608,0.7270114942528736,0.7270114942528736
reg3,252,reg3_m252_s0,es,1,245,12260,1.052225448404808,253.0,253.0,0.04567179522165376,2.979151452169905e-05,32,57,81.54190169999492,0.7270114942528736,0.7270114942528736
reg3,252,reg3_m252_s0,es,1,250,12510,1.052225448404808,253.0,253.0,0.045671795221653794,2.9791514521780582e-05,32,56,83.16520339998533,0.7270114942528736,0.7270114942528736
reg3,252,reg3_m252_s0,es,1,255,12760,1.052225448404808,253.0,253.0,0.04567179522165387,2.9791514521756296e-05,32,57,84.78118309998536,0.7270114942528736,0.7270114942528736
reg3,252,reg3_m252_s0,es,1,260,13010,1.052225448404808,253.0,253.0,0.04567179522165376,2.979151452169905e-05,32,57,86.53676409999025,0.7270114942528736,0.7270114942528736
reg3,252,reg3_m252_s0,es,1,265,13260,1.052225448404808,253.0,253.0,0.04567179522165387,2.9791514521756296e-05,32,57,88.1945396999945,0.7270114942528736,0.7270114942528736
reg3,252,reg3_m252_s0,es,1,270,13510,1.052225448404808,253.0,253.0,0.0456717952216538,2.979151452173548e-05,32,56,89.96216759999515,0.7270114942528736,0.7270114942528736
reg3,252,reg3_m252_s0,es,1,275,13760,1.052225448404808,253.0,253.0,0.0456717952216538,2.979151452173548e-05,32,56,91.70712589999312,0.7270114942528736,0.7270114942528736
reg3,252,reg3_m252_s0,es,1,280,14010,1.0523665296841755,253.0,253.0,0.045933446062150045,2.9791514521777113e-05,32,55,93.44344360000105,0.7270114942528736,0.7270114942528736
reg3,252,reg3_m252_s0,es,1,285,14260,1.0523665296841755,253.0,253.0,0.045933446062150045,2.9791514521777113e-05,32,55,95.19873919998645,0.7270114942528736,0.7270114942528736
reg3,252,reg3_m252_s0,es,1,290,14510,1.0523665296841758,253.0,253.0,0.04593344606215003,2.9791514521612314e-05,32,55,96.85795350000262,0.7270114942528736,0.7270114942528736
reg3,252,reg3_m252_s0,es,1,295,14760,1.0523665296841758,253.0,253.0,0.04593344606215003,2.9791514521612314e-05,32,55,98.44224879998364,0.7270114942528736,0.7270114942528736
reg3,252,reg3_m252_s0,es,1,300,15010,1.0525917912877942,253.0,253.0,0.04482134712087779,7.197213768348962e-06,32,54,100.1614949000068,0.7270114942528736,0.7270114942528736
reg3,252,reg3_m252_s0,es,1,305,15260,1.0525917912877945,253.0,253.0,0.044821347120877805,7.197213768239674e-06,32,55,101.95724429999245,0.7270114942528736,0.7270114942528736
reg3,252,reg3_m252_s0,es,1,310,15510,1.0525917912877945,253.0,253.0,0.044821347120877805,7.197213768239674e-06,32,55,104.00343250000151,0.7270114942528736,0.7270114942528736
reg3,252,reg3_m252_s0,es,1,315,15760,1.0525917912877945,253.0,253.0,0.044821347120877764,7.1972137681997755e-06,32,53,105.57144619998871,0.7270114942528736,0.7270114942528736
reg3,252,reg3_m252_s0,es,1,320,16010,1.0525917912877945,253.0,253.0,0.044821347120877805,7.197213768239674e-06,32,55,107.23020089999773,0.7270114942528736,0.7270114942528736
reg3,252,reg3_m252_s0,es,1,325,16260,1.0525917912877945,253.0,253.0,0.044821347120877764,7.1972137681997755e-06,32,53,108.91879429999972,0.7270114942528736,0.7270114942528736
reg3,252,reg3_m252_s0,es,1,330,16510,1.0525917912877945,253.0,253.0,0.044821347120877805,7.197213768239674e-06,32,55,110.51640550000593,0.7270114942528736,0.7270114942528736
reg3,252,reg3_m252_s0,es,1,335,16760,1.0525917912877945,253.0,253.0,0.044821347120877764,7.1972137681997755e-06,32,53,112.16958439999144,0.7270114942528736,0.7270114942528736
reg3,252,reg3_m252_s0,es,1,340,17010,1.0525917912877945,253.0,253.0,0.044821347120877764,7.1972137681997755e-06,32,53,113.89393339998787,0.7270114942528736,0.7270114942528736
reg3,252,reg3_m252_s0,es,1,345,17260,1.0525917912877945,253.0,253.0,0.044821347120877805,7.197213768239674e-06,32,55,115.563899700006,0.7270114942528736,0.7270114942528736
reg3,252,reg3_m252_s0,es,1,350,17510,1.0525917912877945,253.0,253.0,0.044821347120877764,7.1972137681997755e-06,32,53,117.13781829999061,0.7270114942528736,0.7270114942528736
reg3,252,reg3_m252_s0,es,1,355,17760,1.0525917912877945,253.0,253.0,0.044821347120877764,7.1972137681997755e-06,32,53,118.81241260000388,0.7270114942528736,0.7270114942528736
reg3,252,reg3_m252_s0,es,1,360,18010,1.0525917912877945,253.0,253.0,0.044821347120877764,7.1972137681997755e-06,32,53,120.42338839999866,0.7270114942528736,0.7270114942528736
reg3,252,reg3_m252_s0,es,1,365,18260,1.0525917912877945,253.0,253.0,0.044821347120877764,7.1972137681997755e-06,32,53,122.03429169999436,0.7270114942528736,0.7270114942528736
reg3,252,reg3_m252_s0,es,1,370,18510,1.0525917912877945,253.0,253.0,0.044821347120877764,7.1972137681997755e-06,32,53,123.6184568000026,0.7270114942528736,0.7270114942528736
reg3,252,reg3_m252_s0,es,1,375,18760,1.0525917912877945,253.0,253.0,0.044821347120877764,7.1972137681997755e-06,32,53,125.17851050000172,0.7270114942528736,0.7270114942528736
reg3,252,reg3_m252_s0,es,1,380,19010,1.0525917912877945,253.0,253.0,0.044821347120877764,7.1972137681997755e-06,32,53,126.76464459998533,0.7270114942528736,0.7270114942528736
reg3,252,reg3_m252_s0,es,1,385,19260,1.0525917912877945,253.0,253.0,0.044821347120877764,7.1972137681997755e-06,32,53,128.46373519999906,0.7270114942528736,0.7270114942528736
reg3,252,reg3_m252_s0,es,1,390,19510,1.0525917912877945,253.0,253.0,0.044821347120877764,7.1972137681997755e-06,32,53,130.09988269998576,0.7270114942528736,0.7270114942528736
reg3,252,reg3_m252_s0,es,1,395,19760,1.0525917912877945,253.0,253.0,0.044821347120877764,7.1972137681997755e-06,32,53,131.8722535999841,0.7270114942528736,0.7270114942528736
reg3,252,reg3_m252_s0,es,1,400,20010,1.0525917912877945,253.0,253.0,0.044821347120877764,7.1972137681997755e-06,32,53,133.52248759998474,0.7270114942528736,0.7270114942528736
reg3,252,reg3_m252_s0,es+pbil,0,0,10,0.7270501309563662,182.0,184.8,0.02096537386545469,1.3010426069826053e-18,32,48,0.06613849999848753,0.5229885057471264,0.5310344827586208
reg3,252,reg3_m252_s0,es+pbil,0,5,260,0.9035492248532684,223.0,220.3,0.0412708388476119,0.0007395292364529078,32,58,1.675266099977307,0.6408045977011494,0.6330459770114942
reg3,252,reg3_m252_s0,es+pbil,0,10,510,0.921755256896737,229.0,223.3,0.02158192340734997,2.4054697831828696e-05,32,53,3.422756699990714,0.6580459770114943,0.6416666666666667
reg3,252,reg3_m252_s0,es+pbil,0,15,760,0.921755256896737,229.0,225.0,0.02158192340734997,2.4054697831828696e-05,32,53,5.113091499981238,0.6580459770114943,0.646551724137931
reg3,252,reg3_m252_s0,es+pbil,0,20,1010,0.921755256896737,229.0,226.2,0.02158192340734997,2.4054697831828696e-05,32,53,6.781403000000864,0.6580459770114943,0.65
reg3,252,reg3_m252_s0,es+pbil,0,25,1260,0.9262863254561464,230.0,227.5,0.025345044656597142,0.00034950823695516133,32,53,8.413244499999564,0.6609195402298851,0.6537356321839081
reg3,252,reg3_m252_s0,es+pbil,0,30,1510,0.927143704833077,228.0,228.8,0.02431343926680551,9.891775775140244e-05,32,58,10.123791999998502,0.6551724137931034,0.6574712643678161
reg3,252,reg3_m252_s0,es+pbil,0,35,1760,0.9298449932307864,229.0,228.7,0.02231224511098466,5.283918540569541e-05,32,57,11.756246899982216,0.6580459770114943,0.6571839080459769
reg3,252,reg3_m252_s0,es+pbil,0,40,2010,0.9298449932307864,229.0,228.6,0.02231224511098466,5.283918540569541e-05,32,57,13.397444400005043,0.6580459770114943,0.656896551724138
reg3,252,reg3_m252_s0,es+pbil,0,45,2260,0.9457239356773213,234.0,230.2,0.025014506485269147,5.725919128989239e-05,32,58,15.202301299985265,0.6724137931034483,0.6614942528735632
reg3,252,reg3_m252_s0,es+pbil,0,50,2510,0.9489334513608991,234.0,233.4,0.030241402923020147,6.779524364304568e-05,32,57,16.969199799990747,0.6724137931034483,0.6706896551724139
reg3,252,reg3_m252_s0,es+pbil,0,55,2760,0.9531232114593974,236.0,234.4,0.02348390444553483,2.6551956621210723e-05,32,58,18.611461199994665,0.6781609195402298,0.6735632183908046
reg3,252,reg3_m252_s0,es+pbil,0,60,3010,0.9563075463233666,237.0,235.5,0.021449436213280687,0.0003115512676538073,32,58,20.374592799984384,0.6810344827586207,0.6767241379310345
reg3,252,reg3_m252_s0,es+pbil,0,65,3260,0.9613198460627059,238.0,236.6,0.021659211307885323,9.398943076301819e-06,32,58,22.012632199999643,0.6839080459770115,0.6798850574712644
reg3,252,reg3_m252_s0,es+pbil,0,70,3510,0.9613198460627059,238.0,237.0,0.021659211307885323,9.398943076301819e-06,32,58,23.696442699991167,0.6839080459770115,0.6810344827586207
reg3,252,reg3_m252_s0,es+pbil,0,75,3760,0.9613198460627059,238.0,237.4,0.021659211307885323,9.398943076301819e-06,32,58,25.44825309998123,0.6839080459770115,0.6821839080459771
reg3,252,reg3_m252_s0,es+pbil,0,80,4010,0.9613198460627059,238.0,237.5,0.02165921130788534,9.3989430762359e-06,32,57,27.13085739998496,0.6839080459770115,0.6824712643678161
reg3,252,reg3_m252_s0,es+pbil,0,85,4260,0.9652794756025448,239.0,237.8,0.022721535828060958,2.831597397340028e-05,32,58,28.804642699979013,0.6867816091954023,0.6833333333333333
reg3,252,reg3_m252_s0,es+pbil,0,90,4510,0.9652794756025448,239.0,238.1,0.022721535828060958,2.831597397340028e-05,32,58,30.505016499984777,0.6867816091954023,0.6841954022988506
reg3,252,reg3_m252_s0,es+pbil,0,95,4760,0.9652794756025448,239.0,238.1,0.022721535828060958,2.831597397340028e-05,32,58,32.17450699998881,0.6867816091954023,0.6841954022988506
reg3,252,reg3_m252_s0,es+pbil,0,100,5010,0.9700440961386265,240.0,238.8,0.021121292360786397,3.7038902274211e-05,32,56,33.8364295999927,0.6896551724137931,0.6862068965517242
reg3,252,reg3_m252_s0,es+pbil,0,105,5260,0.9778193917510872,242.0,239.3,0.020222577448038792,8.986216903135533e-06,32,58,35.4037965000025,0.6954022988505747,0.6876436781609195
reg3,252,reg3_m252_s0,es+pbil,0,110,5510,0.9992277867214546,247.0,241.3,0.023931768028496204,2.4358414204136416e-05,32,56,37.03795830000308,0.7097701149425287,0.6933908045977012
reg3,252,reg3_m252_s0,es+pbil,0,115,5760,0.9992277867214546,247.0,242.8,0.023931768028496204,2.4358414204136416e-05,32,56,38.780268300004536,0.7097701149425287,0.6977011494252874
reg3,252,reg3_m252_s0,es+pbil,0,120,6010,0.9992277867214546,247.0,243.0,0.023931768028496204,2.4358414204136416e-05,32,56,40.502634199976455,0.7097701149425287,0.6982758620689655
reg3,252,reg3_m252_s0,es+pbil,0,125,6260,0.9992277867214546,247.0,243.0,0.023931768028496204,2.4358414204136416e-05,32,56,42.25659969999106,0.7097701149425287,0.6982758620689655
reg3,252,reg3_m252_s0,es+pbil,0,130,6510,0.9992277867214546,247.0,242.9,0.023931768028496204,2.4358414204136416e-05,32,56,43.98269609999261,0.7097701149425287,0.6979885057471265
reg3,252,reg3_m252_s0,es+pbil,0,135,6760,0.9992277867214546,247.0,243.4,0.023931768028496204,2.4358414204136416e-05,32,56,45.6298003999982,0.7097701149425287,0.6994252873563218
reg3,252,reg3_m252_s0,es+pbil,0,140,7010,0.9992277867214546,247.0,246.9,0.023931768028496274,2.435841420413056e-05,32,56,47.300148799986346,0.7097701149425287,0.7094827586206897
reg3,252,reg3_m252_s0,es+pbil,0,145,7260,0.9992277867214546,247.0,247.0,0.023931768028496274,2.435841420413056e-05,32,56,48.95578369998839,0.7097701149425287,0.7097701149425287
reg3,252,reg3_m252_s0,es+pbil,0,150,7510,1.007963695444293,249.0,247.2,0.023381711419007863,9.516131970298963e-05,32,56,50.611436799983494,0.7155172413793104,0.7103448275862069
reg3,252,reg3_m252_s0,es+pbil,0,155,7760,1.007963695444293,249.0,247.6,0.023381711419007863,9.516131970298963e-05,32,56,52.20126929998514,0.7155172413793104,0.7114942528735632
reg3,252,reg3_m252_s0,es+pbil,0,160,8010,1.007963695444293,249.0,248.0,0.023381711419007863,9.516131970298963e-05,32,56,53.877347999979975,0.7155172413793104,0.7126436781609196
reg3,252,reg3_m252_s0,es+pbil,0,165,8260,1.007963695444293,249.0,248.2,0.02338171141900785,9.516131970293412e-05,32,56,55.602462099981494,0.7155172413793104,0.7132183908045977
reg3,252,reg3_m252_s0,es+pbil,0,170,8510,1.007963695444293,249.0,248.8,0.02338171141900785,9.516131970281616e-05,32,55,57.335442799987504,0.7155172413793104,0.7149425287356322
reg3,252,reg3_m252_s0,es+pbil,0,175,8760,1.007963695444293,249.0,249.0,0.02338171141900788,9.516131970280228e-05,32,55,59.052902299998095,0.7155172413793104,0.7155172413793104
reg3,252,reg3_m252_s0,es+pbil,0,180,9010,1.007963695444293,249.0,249.0,0.02338171141900785,9.516131970293412e-05,32,56,60.67035410000244,0.7155172413793104,0.7155172413793104
reg3,252,reg3_m252_s0,es+pbil,0,185,9260,1.007963695444293,249.0,249.0,0.02338171141900785,9.516131970293412e-05,32,56,62.21457459998783,0.7155172413793104,0.7155172413793104
reg3,252,reg3_m252_s0,es+pbil,0,190,9510,1.007963695444293,249.0,249.0,0.02338171141900785,9.516131970293412e-05,32,56,63.82053929998074,0.7155172413793104,0.7155172413793104
reg3,252,reg3_m252_s0,es+pbil,0,195,9760,1.007963695444293,249.0,249.0,0.02338171141900785,9.516131970293412e-05,32,56,65.51705739999306,0.7155172413793104,0.7155172413793104
reg3,252,reg3_m252_s0,es+pbil,0,200,10010,1.007963695444293,249.0,249.0,0.02338171141900785,9.516131970293412e-05,32,56,67.15677169998526,0.7155172413793104,0.7155172413793104
reg3,252,reg3_m252_s0,es+pbil,0,205,10260,1.007963695444293,249.0,249.0,0.023381711419007897,9.516131970289249e-05,32,56,68.76774129999103,0.7155172413793104,0.7155172413793104
reg3,252,reg3_m252_s0,es+pbil,0,210,10510,1.007963695444293,249.0,249.0,0.023381711419007897,9.516131970275371e-05,32,56,70.37285610000254,0.7155172413793104,0.7155172413793104
reg3,252,reg3_m252_s0,es+pbil,0,215,10760,1.007963695444293,249.0,249.0,0.02338171141900785,9.516131970281616e-05,32,55,71.92364189997897,0.7155172413793104,0.7155172413793104
reg3,252,reg3_m252_s0,es+pbil,0,220,11010,1.007963695444293,249.0,249.0,0.023381711419007814,9.516131970279534e-05,32,55,73.63454199998523,0.7155172413793104,0.7155172413793104
reg3,252,reg3_m252_s0,es+pbil,0,225,11260,1.007963695444293,249.0,249.0,0.023381711419007883,9.516131970283004e-05,32,55,75.33036049999646,0.7155172413793104,0.7155172413793104
reg3,252,reg3_m252_s0,es+pbil,0,230,11510,1.007963695444293,249.0,249.0,0.023381711419007897,9.516131970275371e-05,32,56,76.9499723999761,0.7155172413793104,0.7155172413793104
reg3,252,reg3_m252_s0,es+pbil,0,235,11760,1.0125097705156958,250.0,249.1,0.022074255234630906,9.516131970285086e-05,32,54,78.59984929999337,0.7183908045977011,0.7158045977011495
reg3,252,reg3_m252_s0,es+pbil,0,240,12010,1.0125097705156958,250.0,249.1,0.022074255234630906,9.516131970285086e-05,32,54,80.24603489998844,0.7183908045977011,0.7158045977011495
reg3,252,reg3_m252_s0,es+pbil,0,245,12260,1.0125097705156958,250.0,249.2,0.022074255234630906,9.516131970285086e-05,32,54,81.82514249999076,0.7183908045977011,0.7160919540229884
reg3,252,reg3_m252_s0,es+pbil,0,250,12510,1.0125097705156958,250.0,249.5,0.022074255234630906,9.516131970285086e-05,32,54,83.45308379997732,0.7183908045977011,0.7169540229885057
reg3,252,reg3_m252_s0,es+pbil,0,255,12760,1.0125097705156958,250.0,249.8,0.022074255234630906,9.516131970285086e-05,32,54,85.03038959999685,0.7183908045977011,0.7178160919540231
reg3,252,reg3_m252_s0,es+pbil,0,260,13010,1.0125097705156958,250.0,250.0,0.02207425523463103,9.516131970297576e-05,32,53,86.63906970000244,0.7183908045977011,0.7183908045977011
reg3,252,reg3_m252_s0,es+pbil,0,265,13260,1.0125097705156958,250.0,250.0,0.022074255234630948,9.516131970287861e-05,32,53,88.23792379998486,0.7183908045977011,0.7183908045977011
reg3,252,reg3_m252_s0,es+pbil,0,270,13510,1.0125097705156958,250.0,250.0,0.022074255234630906,9.516131970285086e-05,32,54,89.89471739999135,0.7183908045977011,0.7183908045977011
reg3,252,reg3_m252_s0,es+pbil,0,275,13760,1.0125097705156958,250.0,250.0,0.02207425523463091,9.51613197027884e-05,32,54,91.52367169997888,0.7183908045977011,0.7183908045977011
reg3,252,reg3_m252_s0,es+pbil,0,280,14010,1.0125097705156958,250.0,250.0,0.022074255234630906,9.516131970285086e-05,32,54,93.1856205999793,0.7183908045977011,0.7183908045977011
reg3,252,reg3_m252_s0,es+pbil,0,285,14260,1.0125097705156958,250.0,250.0,0.02207425523463091,9.51613197027884e-05,32,54,94.86761859999388,0.7183908045977011,0.7183908045977011
reg3,252,reg3_m252_s0,es+pbil,0,290,14510,1.0125097705156958,250.0,250.0,0.022074255234630948,9.516131970287861e-05,32,53,96.53227070000139,0.7183908045977011,0.7183908045977011
reg3,252,reg3_m252_s0,es+pbil,0,295,14760,1.0125097705156958,250.0,250.0,0.022074255234630948,9.516131970287861e-05,32,53,98.16340049999417,0.7183908045977011,0.7183908045977011
reg3,252,reg3_m252_s0,es+pbil,0,300,15010,1.0125097705156958,250.0,250.0,0.022074255234630948,9.516131970288555e-05,32,55,99.86369219998596,0.7183908045977011,0.7183908045977011
reg3,252,reg3_m252_s0,es+pbil,0,305,15260,1.0125097705156958,250.0,250.0,0.022074255234630906,9.516131970285086e-05,32,54,101.44298019999405,0.7183908045977011,0.7183908045977011
reg3,252,reg3_m252_s0,es+pbil,0,310,15510,1.0125097705156958,250.0,250.0,0.022074255234630948,9.516131970287861e-05,32,53,103.18685229998664,0.7183908045977011,0.7183908045977011
reg3,252,reg3_m252_s0,es+pbil,0,315,15760,1.0125097705156958,250.0,250.0,0.022074255234630948,9.516131970287861e-05,32,53,104.75137369998265,0.7183908045977011,0.7183908045977011
reg3,252,reg3_m252_s0,es+pbil,0,320,16010,1.0125097705156958,250.0,250.0,0.02207425523463091,9.51613197027884e-05,32,54,106.85029889998259,0.7183908045977011,0.7183908045977011
reg3,252,reg3_m252_s0,es+pbil,0,325,16260,1.021008083616036,252.0,250.2,0.022566732296573917,0.0001240428307856217,32,53,108.52189969999017,0.7241379310344828,0.7189655172413792
reg3,252,reg3_m252_s0,es+pbil,0,330,16510,1.021008083616036,252.0,250.2,0.022566732296573917,0.0001240428307856217,32,53,110.12654759999714,0.7241379310344828,0.7189655172413792
reg3,252,reg3_m252_s0,es+pbil,0,335,16760,1.021008083616036,252.0,250.4,0.02256673229657396,0.000124042830785628,32,54,111.8263592000003,0.7241379310344828,0.7195402298850575
reg3,252,reg3_m252_s0,es+pbil,0,340,17010,1.021008083616036,252.0,251.0,0.022566732296573917,0.0001240428307856217,32,53,113.46019899999374,0.7241379310344828,0.7212643678160919
reg3,252,reg3_m252_s0,es+pbil,0,345,17260,1.021008083616036,252.0,251.0,0.022566732296573917,0.0001240428307856217,32,53,115.04050719999941,0.7241379310344828,0.7212643678160919
reg3,252,reg3_m252_s0,es+pbil,0,350,17510,1.021008083616036,252.0,251.7,0.022566732296573917,0.0001240428307856217,32,53,116.67620610000449,0.7241379310344828,0.7232758620689654
reg3,252,reg3_m252_s0,es+pbil,0,355,17760,1.021008083616036,252.0,252.0,0.02256673229657393,0.0001240428307856756,32,53,118.31259549999959,0.7241379310344828,0.7241379310344828
reg3,252,reg3_m252_s0,es+pbil,0,360,18010,1.021008083616036,252.0,252.0,0.022566732296573917,0.0001240428307856217,32,53,120.11822730000131,0.7241379310344828,0.7241379310344828
reg3,252,reg3_m252_s0,es+pbil,0,365,18260,1.021008083616036,252.0,252.0,0.022566732296573917,0.0001240428307856217,32,53,121.89029799998389,0.7241379310344828,0.7241379310344828
reg3,252,reg3_m252_s0,es+pbil,0,370,18510,1.021008083616036,252.0,252.0,0.022566732296573917,0.0001240428307856217,32,53,123.74699029998737,0.7241379310344828,0.7241379310344828
reg3,252,reg3_m252_s0,es+pbil,0,375,18760,1.021008083616036,252.0,252.0,0.022566732296573917,0.0001240428307856217,32,53,125.4269907999842,0.7241379310344828,0.7241379310344828
reg3,252,reg3_m252_s0,es+pbil,0,380,19010,1.021008083616036,252.0,252.0,0.022566732296573917,0.0001240428307856292,32,54,127.01025949997711,0.7241379310344828,0.7241379310344828
reg3,252,reg3_m252_s0,es+pbil,0,385,19260,1.021008083616036,252.0,252.0,0.022566732296573917,0.0001240428307856217,32,53,128.58340339999995,0.7241379310344828,0.7241379310344828
reg3,252,reg3_m252_s0,es+pbil,0,390,19510,1.021008083616036,252.0,252.0,0.022566732296573917,0.0001240428307856217,32,53,130.2272170999786,0.7241379310344828,0.7241379310344828
reg3,252,reg3_m252_s0,es+pbil,0,395,19760,1.021008083616036,252.0,252.0,0.022566732296573917,0.0001240428307856292,32,54,131.86588239998673,0.7241379310344828,0.7241379310344828
reg3,252,reg3_m252_s0,es+pbil,0,400,20010,1.021008083616036,252.0,252.0,0.022566732296573917,0.0001240428307856217,32,53,133.6720638999832,0.7241379310344828,0.7241379310344828
reg3,252,reg3_m252_s0,es+pbil,1,0,10,0.7188898023526615,181.0,196.1,0.024897247431810793,6.729247164983382e-05,32,51,0.061995299998670816,0.5201149425287356,0.5635057471264368
reg3,252,reg3_m252_s0,es+pbil,1,5,260,0.9280166100809025,226.0,213.2,0.04211316530087296,0.0001209021066247277,32,49,1.772712700010743,0.6494252873563219,0.6126436781609195
reg3,252,reg3_m252_s0,es+pbil,1,10,510,0.9280166100809025,226.0,221.2,0.04211316530087296,0.0001209021066247277,32,49,3.340048999991268,0.6494252873563219,0.635632183908046
reg3,252,reg3_m252_s0,es+pbil,1,15,760,0.9281338087521623,226.0,224.4,0.04194384065896284,0.0008718934435687897,32,49,4.934819199988851,0.6494252873563219,0.6448275862068966
reg3,252,reg3_m252_s0,es+pbil,1,20,1010,0.9281338087521623,226.0,225.8,0.04194384065896284,0.0008718934435687897,32,49,6.585169900004985,0.6494252873563219,0.6488505747126437
reg3,252,reg3_m252_s0,es+pbil,1,25,1260,0.9333735830082384,228.0,226.8,0.04653258088060613,0.00031349020611474814,32,49,8.239121699996758,0.6551724137931034,0.6517241379310346
reg3,252,reg3_m252_s0,es+pbil,1,30,1510,0.9458681784954741,230.0,227.6,0.05423298318216837,0.0004004068160847647,32,48,9.959531100001186,0.6609195402298851,0.6540229885057471
reg3,252,reg3_m252_s0,es+pbil,1,35,1760,0.9458681784954741,230.0,228.2,0.05423298318216837,0.0004004068160847647,32,48,11.626013700006297,0.6609195402298851,0.6557471264367816
reg3,252,reg3_m252_s0,es+pbil,1,40,2010,0.9458681784954741,230.0,228.5,0.05423298318216837,0.0004004068160847647,32,48,13.256293899990851,0.6609195402298851,0.6566091954022989
reg3,252,reg3_m252_s0,es+pbil,1,45,2260,0.9458681784954741,230.0,228.9,0.05423298318216837,0.0004004068160847647,32,48,14.837150900013512,0.6609195402298851,0.6577586206896552
reg3,252,reg3_m252_s0,es+pbil,1,50,2510,0.9531409223082249,232.0,229.3,0.04871539873927931,2.868635675566016e-05,32,49,16.48809150001034,0.6666666666666666,0.6589080459770116
reg3,252,reg3_m252_s0,es+pbil,1,55,2760,0.9652917885038262,233.0,231.2,0.057586595797770625,5.551616445177276e-05,32,49,18.113864999992074,0.6695402298850575,0.6643678160919539
reg3,252,reg3_m252_s0,es+pbil,1,60,3010,0.9652917885038262,233.0,232.0,0.057586595797770625,5.551616445177276e-05,32,49,19.766632699989714,0.6695402298850575,0.6666666666666666
reg3,252,reg3_m252_s0,es+pbil,1,65,3260,0.9760595295804523,236.0,233.2,0.05268861006865022,0.0004637440980263998,32,50,21.537423100002343,0.6781609195402298,0.6701149425287356
reg3,252,reg3_m252_s0,es+pbil,1,70,3510,0.9826029114729739,237.0,234.4,0.05580558206901082,4.856315869468191e-05,32,49,23.32792710000649,0.6810344827586207,0.6735632183908046
reg3,252,reg3_m252_s0,es+pbil,1,75,3760,1.0090230700920266,243.0,236.8,0.05469981136465182,0.00020451158982954729,32,49,25.011301899998216,0.6982758620689655,0.6804597701149425
reg3,252,reg3_m252_s0,es+pbil,1,80,4010,1.0090230700920266,243.0,237.9,0.05469981136465182,0.00020451158982954729,32,49,26.670289800007595,0.6982758620689655,0.6836206896551724
reg3,252,reg3_m252_s0,es+pbil,1,85,4260,1.0114364444943496,242.0,239.4,0.05815845375800756,2.249948455655855e-05,32,51,28.321563300007256,0.6954022988505747,0.6879310344827586
reg3,252,reg3_m252_s0,es+pbil,1,90,4510,1.0114364444943496,242.0,241.3,0.05815845375800756,2.249948455655855e-05,32,51,29.97908039999311,0.6954022988505747,0.6933908045977012
reg3,252,reg3_m252_s0,es+pbil,1,95,4760,1.016077753610564,245.0,242.8,0.05009556998800328,0.00018799283591426586,32,50,31.56568279999192,0.7040229885057471,0.6977011494252874
reg3,252,reg3_m252_s0,es+pbil,1,100,5010,1.0184261748737955,245.0,243.4,0.05442760731462115,0.00020451158982957678,32,48,33.20556800000486,0.7040229885057471,0.6994252873563218
reg3,252,reg3_m252_s0,es+pbil,1,105,5260,1.0184261748737955,245.0,243.6,0.05442760731462115,0.00020451158982957678,32,48,34.86423120001564,0.7040229885057471,0.7
reg3,252,reg3_m252_s0,es+pbil,1,110,5510,1.0184261748737955,245.0,243.5,0.05442760731462115,0.00020451158982957678,32,48,36.483323599997675,0.7040229885057471,0.6997126436781609
reg3,252,reg3_m252_s0,es+pbil,1,115,5760,1.0184261748737955,245.0,243.4,0.05442760731462115,0.00020451158982957678,32,48,38.133284200011985,0.7040229885057471,0.6994252873563218
reg3,252,reg3_m252_s0,es+pbil,1,120,6010,1.0184261748737955,245.0,244.2,0.05442760731462115,0.00020451158982957678,32,48,39.76879160001408,0.7040229885057471,0.7017241379310345
reg3,252,reg3_m252_s0,es+pbil,1,125,6260,1.0184261748737955,245.0,245.0,0.05442760731462115,0.00020451158982957678,32,48,41.391872000007425,0.7040229885057471,0.7040229885057471
reg3,252,reg3_m252_s0,es+pbil,1,130,6510,1.0184261748737955,245.0,245.0,0.05442760731462115,0.00020451158982957678,32,48,43.04796699999133,0.7040229885057471,0.7040229885057471
reg3,252,reg3_m252_s0,es+pbil,1,135,6760,1.0184261748737955,245.0,245.0,0.05442760731462115,0.00020451158982957678,32,48,44.70516129999305,0.7040229885057471,0.7040229885057471
reg3,252,reg3_m252_s0,es+pbil,1,140,7010,1.0216644947751872,246.0,245.1,0.052507251936324925,0.000431746765329517,32,48,46.3016290999949,0.7068965517241379,0.7043103448275861
reg3,252,reg3_m252_s0,es+pbil,1,145,7260,1.0257472730481094,246.0,245.2,0.05189340646251703,0.00021499442825612548,32,48,47.84895990000223,0.7068965517241379,0.7045977011494252
reg3,252,reg3_m252_s0,es+pbil,1,150,7510,1.0257472730481094,246.0,245.3,0.05189340646251703,0.00021499442825612548,32,48,49.51966300001368,0.7068965517241379,0.7048850574712644
reg3,252,reg3_m252_s0,es+pbil,1,155,7760,1.0257472730481094,246.0,245.7,0.05189340646251703,0.00021499442825612548,32,48,51.219414599996526,0.7068965517241379,0.7060344827586207
reg3,252,reg3_m252_s0,es+pbil,1,160,8010,1.0313223255244244,248.0,246.4,0.05101938010958913,3.6876454666767645e-05,32,49,52.83046359999571,0.7126436781609196,0.7080459770114943
reg3,252,reg3_m252_s0,es+pbil,1,165,8260,1.0313223255244244,248.0,246.8,0.05101938010958913,3.6876454666767645e-05,32,49,54.45782569999574,0.7126436781609196,0.7091954022988506
reg3,252,reg3_m252_s0,es+pbil,1,170,8510,1.0313223255244244,248.0,247.6,0.05101938010958913,3.6876454666767645e-05,32,49,56.12198319999152,0.7126436781609196,0.7114942528735632
reg3,252,reg3_m252_s0,es+pbil,1,175,8760,1.0313223255244244,248.0,247.8,0.051019380109589195,3.687645466667218e-05,32,50,57.66057740000542,0.7126436781609196,0.7120689655172414
reg3,252,reg3_m252_s0,es+pbil,1,180,9010,1.0313223255244244,248.0,248.0,0.05101938010958913,3.6876454666767645e-05,32,49,59.316747600008966,0.7126436781609196,0.7126436781609196
reg3,252,reg3_m252_s0,es+pbil,1,185,9260,1.0313223255244244,248.0,248.0,0.051019380109589195,3.687645466667218e-05,32,50,60.982657399988966,0.7126436781609196,0.7126436781609196
reg3,252,reg3_m252_s0,es+pbil,1,190,9510,1.0355925545973501,249.0,248.1,0.05112986037434765,0.00011425742843994171,32,50,62.641259199997876,0.7155172413793104,0.7129310344827586
reg3,252,reg3_m252_s0,es+pbil,1,195,9760,1.0385872676235544,249.0,248.8,0.053549792335465016,5.0268783427665094e-05,32,50,64.3440452000068,0.7155172413793104,0.7149425287356322
reg3,252,reg3_m252_s0,es+pbil,1,200,10010,1.0385872676235544,249.0,249.0,0.053549792335465016,5.0268783427665094e-05,32,50,65.94838009998784,0.7155172413793104,0.7155172413793104
reg3,252,reg3_m252_s0,es+pbil,1,205,10260,1.0416496928928465,250.0,249.1,0.054288492172397916,9.333313982771291e-05,32,50,67.59626849999768,0.7183908045977011,0.7158045977011495
reg3,252,reg3_m252_s0,es+pbil,1,210,10510,1.0416496928928465,250.0,249.2,0.054288492172397916,9.333313982771291e-05,32,50,69.20400190001237,0.7183908045977011,0.7160919540229884
reg3,252,reg3_m252_s0,es+pbil,1,215,10760,1.0416496928928465,250.0,249.2,0.054288492172397916,9.333313982771291e-05,32,50,71.00310890001128,0.7183908045977011,0.7160919540229884
reg3,252,reg3_m252_s0,es+pbil,1,220,11010,1.0416496928928465,250.0,249.2,0.054288492172397916,9.333313982771291e-05,32,50,72.62928630001261,0.7183908045977011,0.7160919540229884
reg3,252,reg3_m252_s0,es+pbil,1,225,11260,1.0416496928928465,250.0,249.4,0.054288492172397916,9.333313982771291e-05,32,50,74.160100100009,0.7183908045977011,0.7166666666666667
reg3,252,reg3_m252_s0,es+pbil,1,230,11510,1.0416496928928465,250.0,249.4,0.054288492172397916,9.333313982771291e-05,32,50,75.75343609999982,0.7183908045977011,0.7166666666666667
reg3,252,reg3_m252_s0,es+pbil,1,235,11760,1.0416496928928465,250.0,249.5,0.054288492172397916,9.333313982771291e-05,32,50,77.35545460000867,0.7183908045977011,0.7169540229885057
reg3,252,reg3_m252_s0,es+pbil,1,240,12010,1.0416496928928465,250.0,249.6,0.054288492172397916,9.333313982771291e-05,32,50,79.06069159999606,0.7183908045977011,0.7172413793103448
reg3,252,reg3_m252_s0,es+pbil,1,245,12260,1.0416496928928465,250.0,249.5,0.05428849217239791,9.333313982773025e-05,32,50,80.74799209999037,0.7183908045977011,0.7169540229885057
reg3,252,reg3_m252_s0,es+pbil,1,250,12510,1.0416496928928465,250.0,249.7,0.05428849217239791,9.333313982773025e-05,32,50,82.30162360001123,0.7183908045977011,0.7175287356321839
reg3,252,reg3_m252_s0,es+pbil,1,255,12760,1.0429362025490876,250.0,250.0,0.04890505964425122,9.333313982768515e-05,32,50,83.93226070000674,0.7183908045977011,0.7183908045977011
reg3,252,reg3_m252_s0,es+pbil,1,260,13010,1.0429362025490876,250.0,250.0,0.04890505964425122,9.333313982768515e-05,32,50,85.55057809999562,0.7183908045977011,0.7183908045977011
reg3,252,reg3_m252_s0,es+pbil,1,265,13260,1.0429362025490876,250.0,250.0,0.04890505964425122,9.333313982768515e-05,32,50,87.12257460001274,0.7183908045977011,0.7183908045977011
reg3,252,reg3_m252_s0,es+pbil,1,270,13510,1.0429362025490876,250.0,250.0,0.04890505964425122,9.333313982768515e-05,32,50,88.79931199998828,0.7183908045977011,0.7183908045977011
reg3,252,reg3_m252_s0,es+pbil,1,275,13760,1.0429362025490876,250.0,250.0,0.04890505964425122,9.333313982768515e-05,32,50,90.38697399999364,0.7183908045977011,0.7183908045977011
reg3,252,reg3_m252_s0,es+pbil,1,280,14010,1.0429362025490876,250.0,250.0,0.04890505964425122,9.333313982768515e-05,32,50,92.1519215000153,0.7183908045977011,0.7183908045977011
reg3,252,reg3_m252_s0,es+pbil,1,285,14260,1.0429362025490876,250.0,250.0,0.048905059644251195,9.333313982760535e-05,32,51,93.75628950001555,0.7183908045977011,0.7183908045977011
reg3,252,reg3_m252_s0,es+pbil,1,290,14510,1.0451986612103628,250.0,250.0,0.050657517909749386,0.00024650059331055615,32,50,95.4605193999887,0.7183908045977011,0.7183908045977011
reg3,252,reg3_m252_s0,es+pbil,1,295,14760,1.0451986612103628,250.0,250.0,0.050657517909749386,0.00024650059331055615,32,50,97.06813239998883,0.7183908045977011,0.7183908045977011
reg3,252,reg3_m252_s0,es+pbil,1,300,15010,1.0451986612103628,250.0,250.0,0.050657517909749386,0.00024650059331055615,32,50,98.79002489999402,0.7183908045977011,0.7183908045977011
reg3,252,reg3_m252_s0,es+pbil,1,305,15260,1.0455391483683165,250.0,250.0,0.047460628098713806,0.00015171440252632684,32,51,100.44504869999946,0.7183908045977011,0.7183908045977011
reg3,252,reg3_m252_s0,es+pbil,1,310,15510,1.0455391483683165,250.0,250.0,0.047460628098713806,0.00015171440252632684,32,51,102.08921820000978,0.7183908045977011,0.7183908045977011
reg3,252,reg3_m252_s0,es+pbil,1,315,15760,1.0455391483683165,250.0,250.0,0.047460628098713806,0.00015171440252632684,32,51,103.70373420001124,0.7183908045977011,0.7183908045977011
reg3,252,reg3_m252_s0,es+pbil,1,320,16010,1.0455391483683165,250.0,250.0,0.047460628098713806,0.00015171440252632684,32,51,105.37949359999038,0.7183908045977011,0.7183908045977011
reg3,252,reg3_m252_s0,es+pbil,1,325,16260,1.0455391483683165,250.0,250.0,0.047460628098713806,0.00015171440252632684,32,51,107.51207080000313,0.7183908045977011,0.7183908045977011
reg3,252,reg3_m252_s0,es+pbil,1,330,16510,1.0455391483683165,250.0,250.0,0.047460628098713806,0.00015171440252632684,32,51,109.17194400000153,0.7183908045977011,0.7183908045977011
reg3,252,reg3_m252_s0,es+pbil,1,335,16760,1.0455391483683165,250.0,250.0,0.047460628098713806,0.00015171440252632684,32,51,110.84947310001007,0.7183908045977011,0.7183908045977011
reg3,252,reg3_m252_s0,es+pbil,1,340,17010,1.0455391483683165,250.0,250.0,0.047460628098713806,0.00015171440252632684,32,51,112.50307350000367,0.7183908045977011,0.7183908045977011
reg3,252,reg3_m252_s0,es+pbil,1,345,17260,1.0496042692114829,251.0,250.1,0.04863534344492692,0.00015171440252621506,32,51,114.1330394000106,0.7212643678160919,0.7186781609195402
reg3,252,reg3_m252_s0,es+pbil,1,350,17510,1.0496042692114829,251.0,250.1,0.04863534344492692,0.00015171440252621506,32,51,115.83272649999708,0.7212643678160919,0.7186781609195402
reg3,252,reg3_m252_s0,es+pbil,1,355,17760,1.0496042692114829,251.0,250.2,0.04863534344492692,0.00015171440252621506,32,51,117.48938630000339,0.7212643678160919,0.7189655172413792
reg3,252,reg3_m252_s0,es+pbil,1,360,18010,1.0502758379120511,251.0,250.5,0.04958375580014916,0.00013971842348383615,32,51,119.13182589999633,0.7212643678160919,0.7198275862068966
reg3,252,reg3_m252_s0,es+pbil,1,365,18260,1.0502758379120511,251.0,250.5,0.04958375580014916,0.00013971842348383615,32,51,120.77914520000922,0.7212643678160919,0.7198275862068966
reg3,252,reg3_m252_s0,es+pbil,1,370,18510,1.0502758379120511,251.0,250.6,0.04958375580014916,0.00013971842348383615,32,51,122.41503999999259,0.7212643678160919,0.7201149425287356
reg3,252,reg3_m252_s0,es+pbil,1,375,18760,1.0502758379120511,251.0,251.0,0.04958375580014916,0.00013971842348383615,32,51,124.00293449999299,0.7212643678160919,0.7212643678160919
reg3,252,reg3_m252_s0,es+pbil,1,380,19010,1.0502758379120511,251.0,251.0,0.04958375580014916,0.00013971842348383615,32,51,125.6568924000021,0.7212643678160919,0.7212643678160919
reg3,252,reg3_m252_s0,es+pbil,1,385,19260,1.0502758379120511,251.0,251.0,0.04958375580014916,0.00013971842348383615,32,51,127.35985050001182,0.7212643678160919,0.7212643678160919
reg3,252,reg3_m252_s0,es+pbil,1,390,19510,1.0502758379120511,251.0,251.0,0.04958375580014916,0.00013971842348383615,32,51,129.00066290001268,0.7212643678160919,0.7212643678160919
reg3,252,reg3_m252_s0,es+pbil,1,395,19760,1.0502758379120511,251.0,251.0,0.04958375580014916,0.00013971842348383615,32,51,130.55543169999146,0.7212643678160919,0.7212643678160919
reg3,252,reg3_m252_s0,es+pbil,1,400,20010,1.0502758379120511,251.0,251.0,0.04958375580014916,0.00013971842348383615,32,51,132.17702189998818,0.7212643678160919,0.7212643678160919
reg3,252,reg3_m252_s0,es+gpt,0,0,10,0.7270501309563662,182.0,184.8,0.02096537386545469,1.3010426069826053e-18,32,48,0.05513520000386052,0.5229885057471264,0.5310344827586208
reg3,252,reg3_m252_s0,es+gpt,0,5,260,0.896820434275301,223.0,214.1,0.016098742069084404,1.3794030415769211e-06,32,52,15.072502900002291,0.6408045977011494,0.6152298850574712
reg3,252,reg3_m252_s0,es+gpt,0,10,510,0.9118291871959808,225.0,219.4,0.015212915019409003,1.4819011890261245e-05,32,56,30.24195170000894,0.646551724137931,0.6304597701149426
reg3,252,reg3_m252_s0,es+gpt,0,15,760,0.9118291871959808,225.0,223.1,0.015212915019409003,1.4819011890261245e-05,32,56,45.419212299981155,0.646551724137931,0.6410919540229885
reg3,252,reg3_m252_s0,es+gpt,0,20,1010,0.9363123171011627,233.0,227.0,0.018872761472082073,8.755287164479255e-05,32,50,60.4745910000056,0.6695402298850575,0.6522988505747126
reg3,252,reg3_m252_s0,es+gpt,0,25,1260,0.9364993983211528,231.0,229.5,0.013291912222087972,6.254073305380237e-06,32,56,75.5922988000093,0.6637931034482759,0.6594827586206896
reg3,252,reg3_m252_s0,es+gpt,0,30,1510,0.9364993983211528,231.0,230.8,0.013291912222087972,6.254073305380237e-06,32,56,91.63236019999022,0.6637931034482759,0.6632183908045978
reg3,252,reg3_m252_s0,es+gpt,0,35,1760,0.9396642342737015,232.0,231.4,0.012844050120204769,8.47761220191829e-06,32,55,106.54397979998612,0.6666666666666666,0.6649425287356322
reg3,252,reg3_m252_s0,es+gpt,0,40,2010,0.9396642342737015,232.0,231.1,0.012844050120204769,8.47761220191829e-06,32,55,121.59125369999674,0.6666666666666666,0.6640804597701149
reg3,252,reg3_m252_s0,es+gpt,0,45,2260,0.9510627941350973,234.0,231.5,0.0118709366224624,2.8039044942525118e-05,32,56,137.01346499999636,0.6724137931034483,0.6652298850574713
reg3,252,reg3_m252_s0,es+gpt,0,50,2510,0.9510627941350973,234.0,232.6,0.0118709366224624,2.8039044942525118e-05,32,56,152.30009469998186,0.6724137931034483,0.6683908045977012
reg3,252,reg3_m252_s0,es+gpt,0,55,2760,0.9510627941350973,234.0,232.7,0.0118709366224624,2.8039044942525118e-05,32,56,167.78347959998064,0.6724137931034483,0.6686781609195402
reg3,252,reg3_m252_s0,es+gpt,0,60,3010,0.9510627941350973,234.0,232.6,0.0118709366224624,2.8039044942525118e-05,32,56,183.37256059999345,0.6724137931034483,0.6683908045977012
reg3,252,reg3_m252_s0,es+gpt,0,65,3260,0.9510627941350973,234.0,233.1,0.0118709366224624,2.8039044942525118e-05,32,56,198.76243199998862,0.6724137931034483,0.6698275862068965
reg3,252,reg3_m252_s0,es+gpt,0,70,3510,0.9510627941350973,234.0,233.3,0.0118709366224624,2.8039044942525118e-05,32,56,214.23860819998663,0.6724137931034483,0.6704022988505748
reg3,252,reg3_m252_s0,es+gpt,0,75,3760,0.9525416065440401,235.0,234.1,0.01556486015043119,1.294135376387095e-05,32,56,229.47189859999344,0.6752873563218391,0.6727011494252874
reg3,252,reg3_m252_s0,es+gpt,0,80,4010,0.9525416065440401,235.0,234.1,0.01556486015043119,1.294135376387095e-05,32,56,244.8161231999984,0.6752873563218391,0.6727011494252874
reg3,252,reg3_m252_s0,es+gpt,0,85,4260,0.9578572596397861,236.0,234.6,0.012176108026465482,2.8039044942513626e-05,32,56,260.0373965000035,0.6781609195402298,0.6741379310344827
reg3,252,reg3_m252_s0,es+gpt,0,90,4510,0.9578572596397861,236.0,234.9,0.01217610802646547,2.8039044942523926e-05,32,55,275.3781431999814,0.6781609195402298,0.675
reg3,252,reg3_m252_s0,es+gpt,0,95,4760,0.9730598697096949,240.0,235.8,0.015705192067017714,3.159943485466941e-05,32,55,290.83430709998356,0.6896551724137931,0.6775862068965518
reg3,252,reg3_m252_s0,es+gpt,0,100,5010,0.9730598697096949,240.0,235.9,0.015705192067017714,3.159943485466941e-05,32,55,306.2876183000044,0.6896551724137931,0.6778735632183909
reg3,252,reg3_m252_s0,es+gpt,0,105,5260,0.9730598697096949,240.0,236.2,0.015705192067017714,3.159943485466941e-05,32,55,321.6310363000084,0.6896551724137931,0.678735632183908
reg3,252,reg3_m252_s0,es+gpt,0,110,5510,0.9730598697096949,240.0,236.8,0.015705192067017714,3.159943485466941e-05,32,55,337.0720027000061,0.6896551724137931,0.6804597701149425
reg3,252,reg3_m252_s0,es+gpt,0,115,5760,0.9730598697096949,240.0,237.7,0.015705192067017714,3.159943485466941e-05,32,55,352.4821702000045,0.6896551724137931,0.6830459770114942
reg3,252,reg3_m252_s0,es+gpt,0,120,6010,0.9730598697096949,240.0,238.1,0.015705192067017714,3.159943485466941e-05,32,55,367.9640427999839,0.6896551724137931,0.6841954022988506
reg3,252,reg3_m252_s0,es+gpt,0,125,6260,0.9730598697096949,240.0,239.1,0.015705192067017714,3.159943485466941e-05,32,55,383.3187021999911,0.6896551724137931,0.6870689655172414
reg3,252,reg3_m252_s0,es+gpt,0,130,6510,0.9780971281127567,241.0,240.1,0.014559034473501051,3.1599434854736414e-05,32,56,398.6903134000022,0.6925287356321839,0.6899425287356322
reg3,252,reg3_m252_s0,es+gpt,0,135,6760,0.9780971281127567,241.0,240.1,0.014559034473501051,3.1599434854736414e-05,32,56,415.2157098999887,0.6925287356321839,0.6899425287356322
reg3,252,reg3_m252_s0,es+gpt,0,140,7010,0.9780971281127567,241.0,240.1,0.014559034473501051,3.1599434854736414e-05,32,56,432.1946139000065,0.6925287356321839,0.6899425287356322
reg3,252,reg3_m252_s0,es+gpt,0,145,7260,0.9780971281127567,241.0,240.1,0.014559034473501051,3.1599434854736414e-05,32,56,447.50302720000036,0.6925287356321839,0.6899425287356322
reg3,252,reg3_m252_s0,es+gpt,0,150,7510,0.9780971281127567,241.0,240.1,0.014559034473501051,3.1599434854736414e-05,32,56,462.9731974999886,0.6925287356321839,0.6899425287356322
reg3,252,reg3_m252_s0,es+gpt,0,155,7760,0.9780971281127567,241.0,240.3,0.014559034473501051,3.1599434854736414e-05,32,56,478.23529899999266,0.6925287356321839,0.6905172413793104
reg3,252,reg3_m252_s0,es+gpt,0,160,8010,0.9780971281127567,241.0,240.5,0.014559034473501051,3.1599434854736414e-05,32,56,493.6215564000013,0.6925287356321839,0.6910919540229885
reg3,252,reg3_m252_s0,es+gpt,0,165,8260,0.9780971281127567,241.0,241.0,0.014559034473501051,3.1599434854736414e-05,32,56,508.82457510000677,0.6925287356321839,0.6925287356321839
reg3,252,reg3_m252_s0,es+gpt,0,170,8510,0.9780971281127567,241.0,241.0,0.014559034473501051,3.1599434854736414e-05,32,56,524.1057347999886,0.6925287356321839,0.6925287356321839
reg3,252,reg3_m252_s0,es+gpt,0,175,8760,0.9780971281127567,241.0,241.0,0.014559034473501029,3.159943485439446e-05,32,56,539.666833299998,0.6925287356321839,0.6925287356321839
reg3,252,reg3_m252_s0,es+gpt,0,180,9010,0.9780971281127567,241.0,241.0,0.014559034473501051,3.1599434854736414e-05,32,56,554.9748041999992,0.6925287356321839,0.6925287356321839
reg3,252,reg3_m252_s0,es+gpt,0,185,9260,0.9780971281127567,241.0,241.0,0.014559034473500976,3.159943485448759e-05,32,56,570.6275193000038,0.6925287356321839,0.6925287356321839
reg3,252,reg3_m252_s0,es+gpt,0,190,9510,0.9780971281127567,241.0,241.0,0.014559034473500966,3.159943485444433e-05,32,56,586.1308717000065,0.6925287356321839,0.6925287356321839
reg3,252,reg3_m252_s0,es+gpt,0,195,9760,0.9780971281127567,241.0,241.0,0.014559034473500987,3.159943485457563e-05,32,56,601.5452730999968,0.6925287356321839,0.6925287356321839
reg3,252,reg3_m252_s0,es+gpt,0,200,10010,0.9780971281127567,241.0,241.0,0.014559034473501051,3.1599434854736414e-05,32,56,617.1925534000038,0.6925287356321839,0.6925287356321839
reg3,252,reg3_m252_s0,es+gpt,0,205,10260,0.9810611306641953,242.0,241.1,0.014354556740083717,3.15994348546139e-05,32,55,632.603143299988,0.6954022988505747,0.6928160919540229
reg3,252,reg3_m252_s0,es+gpt,0,210,10510,0.9810611306641953,242.0,241.1,0.014354556740083717,3.15994348546139e-05,32,55,647.8453033999831,0.6954022988505747,0.6928160919540229
reg3,252,reg3_m252_s0,es+gpt,0,215,10760,0.9810611306641953,242.0,241.3,0.014354556740083783,3.159943485463103e-05,32,55,663.775673199998,0.6954022988505747,0.6933908045977012
reg3,252,reg3_m252_s0,es+gpt,0,220,11010,0.9810611306641953,242.0,241.4,0.01435455674008373,3.159943485454321e-05,32,54,678.9271562999929,0.6954022988505747,0.6936781609195403
reg3,252,reg3_m252_s0,es+gpt,0,225,11260,0.9810611306641953,242.0,241.5,0.014354556740083717,3.15994348546139e-05,32,55,694.2380583999911,0.6954022988505747,0.6939655172413793
reg3,252,reg3_m252_s0,es+gpt,0,230,11510,0.9810611306641953,242.0,241.9,0.014354556740083783,3.159943485463103e-05,32,55,709.2119395000045,0.6954022988505747,0.6951149425287356
reg3,252,reg3_m252_s0,es+gpt,0,235,11760,0.9810611306641953,242.0,242.0,0.014354556740083717,3.15994348546139e-05,32,55,724.2353034999978,0.6954022988505747,0.6954022988505747
reg3,252,reg3_m252_s0,es+gpt,0,240,12010,0.9810611306641954,242.0,242.0,0.014354556740083709,3.1599434854574e-05,32,53,738.9060589000001,0.6954022988505747,0.6954022988505747
reg3,252,reg3_m252_s0,es+gpt,0,245,12260,0.9855278317922365,243.0,242.3,0.014158650023125233,3.159943485441506e-05,32,56,754.106534999999,0.6982758620689655,0.696264367816092
reg3,252,reg3_m252_s0,es+gpt,0,250,12510,0.9855278317922365,243.0,242.9,0.014158650023125205,3.159943485463081e-05,32,56,769.0796575999993,0.6982758620689655,0.6979885057471265
reg3,252,reg3_m252_s0,es+gpt,0,255,12760,0.9876641679760931,243.0,243.0,0.014844812431381,3.5728270805177606e-07,32,57,784.2256283999886,0.6982758620689655,0.6982758620689655
reg3,252,reg3_m252_s0,es+gpt,0,260,13010,0.9914939150278029,244.0,243.1,0.01499111166814016,3.159943485444693e-05,32,56,799.0805260000052,0.7011494252873564,0.6985632183908046
reg3,252,reg3_m252_s0,es+gpt,0,265,13260,0.9914939150278029,244.0,243.1,0.01499111166814016,3.159943485444693e-05,32,56,814.3217098999885,0.7011494252873564,0.6985632183908046
reg3,252,reg3_m252_s0,es+gpt,0,270,13510,0.9914939150278029,244.0,243.2,0.01499111166814016,3.159943485444693e-05,32,56,829.5239699000085,0.7011494252873564,0.6988505747126437
reg3,252,reg3_m252_s0,es+gpt,0,275,13760,0.9917903502057176,244.0,243.3,0.01549127055282619,6.271729253476584e-07,32,55,844.8859341999923,0.7011494252873564,0.6991379310344827
reg3,252,reg3_m252_s0,es+gpt,0,280,14010,0.9917903502057176,244.0,243.4,0.01549127055282619,6.271729253476584e-07,32,55,859.9890373999951,0.7011494252873564,0.6994252873563218
reg3,252,reg3_m252_s0,es+gpt,0,285,14260,0.9917903502057176,244.0,243.5,0.015491270552826236,6.27172925357633e-07,32,55,874.8984315999842,0.7011494252873564,0.6997126436781609
reg3,252,reg3_m252_s0,es+gpt,0,290,14510,0.9917903502057176,244.0,243.5,0.015491270552826236,6.27172925357633e-07,32,55,889.866658599989,0.7011494252873564,0.6997126436781609
reg3,252,reg3_m252_s0,es+gpt,0,295,14760,0.9917903502057176,244.0,243.5,0.015491270552826236,6.27172925357633e-07,32,55,904.8898734999821,0.7011494252873564,0.6997126436781609
reg3,252,reg3_m252_s0,es+gpt,0,300,15010,0.9917903502057176,244.0,243.8,0.01549127055282619,6.271729253476584e-07,32,55,919.8309554999869,0.7011494252873564,0.7005747126436782
reg3,252,reg3_m252_s0,es+gpt,0,305,15260,0.9917903502057176,244.0,244.0,0.015491270552826241,6.271729253227217e-07,32,54,934.7461906999815,0.7011494252873564,0.7011494252873564
reg3,252,reg3_m252_s0,es+gpt,0,310,15510,0.9917903502057176,244.0,244.0,0.01549127055282619,6.271729253476584e-07,32,55,949.5939081999823,0.7011494252873564,0.7011494252873564
reg3,252,reg3_m252_s0,es+gpt,0,315,15760,0.9990360615189594,246.0,244.2,0.01614970726615339,6.271729252882441e-07,32,54,964.7321785999811,0.7068965517241379,0.7017241379310345
reg3,252,reg3_m252_s0,es+gpt,0,320,16010,0.9990360615189594,246.0,244.2,0.01614970726615339,6.271729252882441e-07,32,54,979.8158321999945,0.7068965517241379,0.7017241379310345
reg3,252,reg3_m252_s0,es+gpt,0,325,16260,0.9990360615189594,246.0,244.3,0.01614970726615339,6.271729252882441e-07,32,54,994.8561959000072,0.7068965517241379,0.7020114942528736
reg3,252,reg3_m252_s0,es+gpt,0,330,16510,0.9990360615189594,246.0,244.3,0.01614970726615339,6.271729252882441e-07,32,54,1010.3154701000021,0.7068965517241379,0.7020114942528736
reg3,252,reg3_m252_s0,es+gpt,0,335,16760,0.9990360615189594,246.0,244.4,0.01614970726615339,6.271729252882441e-07,32,54,1025.5895684999996,0.7068965517241379,0.7022988505747126
reg3,252,reg3_m252_s0,es+gpt,0,340,17010,0.9990360615189594,246.0,244.4,0.01614970726615339,6.271729252882441e-07,32,54,1040.695562000008,0.7068965517241379,0.7022988505747126
reg3,252,reg3_m252_s0,es+gpt,0,345,17260,0.9990360615189594,246.0,244.4,0.01614970726615339,6.271729252882441e-07,32,54,1055.8555377000012,0.7068965517241379,0.7022988505747126
reg3,252,reg3_m252_s0,es+gpt,0,350,17510,0.9990360615189595,246.0,244.8,0.016149707266153474,6.271729253812686e-07,32,54,1071.2757633999863,0.7068965517241379,0.703448275862069
reg3,252,reg3_m252_s0,es+gpt,0,355,17760,0.9990360615189595,246.0,245.6,0.0161497072661535,6.271729253051576e-07,32,53,1086.2472979000013,0.7068965517241379,0.7057471264367816
reg3,252,reg3_m252_s0,es+gpt,0,360,18010,0.9990360615189595,246.0,246.0,0.0161497072661535,6.271729253051576e-07,32,53,1101.4109225999855,0.7068965517241379,0.7068965517241379
reg3,252,reg3_m252_s0,es+gpt,0,365,18260,0.9990360615189595,246.0,246.0,0.01614970726615344,6.271729253890749e-07,32,54,1116.326599699998,0.7068965517241379,0.7068965517241379
reg3,252,reg3_m252_s0,es+gpt,0,370,18510,0.9990360615189595,246.0,246.0,0.016149707266153474,6.271729253812686e-07,32,54,1132.1847873000079,0.7068965517241379,0.7068965517241379
reg3,252,reg3_m252_s0,es+gpt,0,375,18760,0.9990360615189595,246.0,246.0,0.01614970726615344,6.271729253890749e-07,32,54,1147.669241399999,0.7068965517241379,0.7068965517241379
reg3,252,reg3_m252_s0,es+gpt,0,380,19010,0.9998162847831666,246.0,246.0,0.01621736622095022,6.271729253606688e-07,32,54,1162.9847775999806,0.7068965517241379,0.7068965517241379
reg3,252,reg3_m252_s0,es+gpt,0,385,19260,0.9998162847831666,246.0,246.0,0.01621736622095022,6.271729253606688e-07,32,54,1178.4097691999923,0.7068965517241379,0.7068965517241379
reg3,252,reg3_m252_s0,es+gpt,0,390,19510,1.0004920014667373,246.0,246.0,0.018967788306886675,6.271729253409363e-07,32,54,1193.9193157999835,0.7068965517241379,0.7068965517241379
reg3,252,reg3_m252_s0,es+gpt,0,395,19760,1.0004920014667373,246.0,246.0,0.018967788306886675,6.271729253409363e-07,32,54,1209.7872035999899,0.7068965517241379,0.7068965517241379
reg3,252,reg3_m252_s0,es+gpt,0,400,20010,1.0004920014667373,246.0,246.0,0.018967788306886675,6.271729253409363e-07,32,54,1225.3553374999901,0.7068965517241379,0.7068965517241379
reg3,252,reg3_m252_s0,es+gpt,1,0,10,0.7188898023526615,181.0,196.1,0.024897247431810793,6.729247164983382e-05,32,51,0.055477899994002655,0.5201149425287356,0.5635057471264368
reg3,252,reg3_m252_s0,es+gpt,1,5,260,0.8840787851030284,219.0,210.8,0.03247762027447722,2.2009510897322195e-05,32,49,14.973496899998281,0.6293103448275862,0.6057471264367816
reg3,252,reg3_m252_s0,es+gpt,1,10,510,0.9158441596952406,223.0,217.3,0.05287007641283167,0.00014545607914508195,32,45,30.341242199996486,0.6408045977011494,0.6244252873563219
reg3,252,reg3_m252_s0,es+gpt,1,15,760,0.9517127688264951,226.0,223.4,0.05696797013053594,0.00019344985904430363,32,45,45.74322669999674,0.6494252873563219,0.6419540229885058
reg3,252,reg3_m252_s0,es+gpt,1,20,1010,1.0196154701475084,242.0,230.5,0.06609961065542284,0.00018930382770429642,32,44,61.198969999997644,0.6954022988505747,0.6623563218390804
reg3,252,reg3_m252_s0,es+gpt,1,25,1260,1.0471385124677084,250.0,242.2,0.06150786766019756,0.00018930382770430943,32,45,76.53330460001598,0.7183908045977011,0.6959770114942528
reg3,252,reg3_m252_s0,es+gpt,1,30,1510,1.0471385124677084,250.0,244.9,0.06150786766019756,0.00018930382770430943,32,45,92.12222210000618,0.7183908045977011,0.7037356321839081
reg3,252,reg3_m252_s0,es+gpt,1,35,1760,1.0471385124677084,250.0,248.5,0.06150786766019756,0.00018930382770430943,32,45,107.59350519999862,0.7183908045977011,0.7140804597701149
reg3,252,reg3_m252_s0,es+gpt,1,40,2010,1.0471385124677084,250.0,250.0,0.06150786766019756,0.0001893038277042382,32,46,122.90953930001706,0.7183908045977011,0.7183908045977011
reg3,252,reg3_m252_s0,es+gpt,1,45,2260,1.0471385124677084,250.0,250.0,0.06150786766019756,0.00018930382770430943,32,45,138.48208539999905,0.7183908045977011,0.7183908045977011
reg3,252,reg3_m252_s0,es+gpt,1,50,2510,1.0499533402940926,249.0,249.9,0.05855251480676059,0.0002788892945699077,32,45,153.72661720000906,0.7155172413793104,0.718103448275862
reg3,252,reg3_m252_s0,es+gpt,1,55,2760,1.0517405010094876,251.0,249.8,0.056961322763703665,8.936240713659207e-05,32,45,169.0475767000171,0.7212643678160919,0.7178160919540231
reg3,252,reg3_m252_s0,es+gpt,1,60,3010,1.0587610704008512,253.0,249.8,0.05729377670554978,0.00027888929456987646,32,45,184.3906884000171,0.7270114942528736,0.7178160919540231
reg3,252,reg3_m252_s0,es+gpt,1,65,3260,1.068361677013021,253.0,250.4,0.05703468573224525,2.757360254940916e-05,32,46,199.63004069999442,0.7270114942528736,0.7195402298850575
reg3,252,reg3_m252_s0,es+gpt,1,70,3510,1.068361677013021,253.0,252.0,0.05703468573224525,2.757360254940916e-05,32,46,215.1183399000147,0.7270114942528736,0.7241379310344828
reg3,252,reg3_m252_s0,es+gpt,1,75,3760,1.0729590799243012,253.0,252.4,0.06160804304448472,6.014853870475734e-05,32,45,230.65173740001046,0.7270114942528736,0.725287356321839
reg3,252,reg3_m252_s0,es+gpt,1,80,4010,1.0729590799243012,253.0,252.6,0.06160804304448472,6.014853870475734e-05,32,45,246.38290270001744,0.7270114942528736,0.7258620689655172
reg3,252,reg3_m252_s0,es+gpt,1,85,4260,1.088842270228044,256.0,253.2,0.06816568435766257,0.00013029307743775507,32,44,261.59956220001914,0.735632183908046,0.7275862068965517
reg3,252,reg3_m252_s0,es+gpt,1,90,4510,1.088842270228044,256.0,253.6,0.06816568435766257,0.00013029307743775507,32,44,277.09465149999596,0.735632183908046,0.728735632183908
reg3,252,reg3_m252_s0,es+gpt,1,95,4760,1.088842270228044,256.0,254.5,0.06816568435766257,0.00013029307743775507,32,44,292.8489550999948,0.735632183908046,0.7313218390804598
reg3,252,reg3_m252_s0,es+gpt,1,100,5010,1.0952161485223877,255.0,255.8,0.07172976573526213,0.0014490449932169133,32,46,307.9120600000024,0.7327586206896551,0.7350574712643678
reg3,252,reg3_m252_s0,es+gpt,1,105,5260,1.0952161485223877,255.0,256.3,0.07172976573526213,0.0014490449932169133,32,46,323.00787890001084,0.7327586206896551,0.7364942528735633
reg3,252,reg3_m252_s0,es+gpt,1,110,5510,1.0952161485223877,255.0,257.4,0.07172976573526213,0.0014490449932169133,32,46,337.94725570001174,0.7327586206896551,0.7396551724137931
reg3,252,reg3_m252_s0,es+gpt,1,115,5760,1.0952161485223877,255.0,257.9,0.07172976573526213,0.0014490449932169133,32,46,353.31636160000926,0.7327586206896551,0.7410919540229884
reg3,252,reg3_m252_s0,es+gpt,1,120,6010,1.0952161485223877,255.0,257.8,0.07172976573526213,0.0014490449932169133,32,46,368.7098467000178,0.7327586206896551,0.7408045977011495
reg3,252,reg3_m252_s0,es+gpt,1,125,6260,1.0952161485223877,255.0,257.0,0.07172976573526213,0.0014490449932169167,32,47,383.850582700019,0.7327586206896551,0.7385057471264368
reg3,252,reg3_m252_s0,es+gpt,1,130,6510,1.098788003828317,256.0,255.5,0.07100295150411476,0.0005049089767664491,32,45,398.9652983999986,0.735632183908046,0.7341954022988506
reg3,252,reg3_m252_s0,es+gpt,1,135,6760,1.103103859520243,256.0,255.6,0.06918162484522627,2.026280311680966e-05,32,44,414.3813047000149,0.735632183908046,0.7344827586206897
reg3,252,reg3_m252_s0,es+gpt,1,140,7010,1.1137242518454433,259.0,256.6,0.06951690039394895,8.457158868453111e-05,32,43,429.5981293999939,0.7442528735632183,0.7373563218390805
reg3,252,reg3_m252_s0,es+gpt,1,145,7260,1.1137242518454433,259.0,256.6,0.06951690039394895,8.457158868453111e-05,32,43,444.3814925000188,0.7442528735632183,0.7373563218390805
reg3,252,reg3_m252_s0,es+gpt,1,150,7510,1.1137242518454433,259.0,256.8,0.06951690039394895,8.457158868453111e-05,32,43,459.6178943999985,0.7442528735632183,0.7379310344827587
reg3,252,reg3_m252_s0,es+gpt,1,155,7760,1.1137242518454433,259.0,258.0,0.06951690039394895,8.457158868453111e-05,32,43,474.7859839000157,0.7442528735632183,0.7413793103448276
reg3,252,reg3_m252_s0,es+gpt,1,160,8010,1.1137242518454433,259.0,259.0,0.06951690039394895,8.457158868453111e-05,32,43,489.6817927999946,0.7442528735632183,0.7442528735632183
reg3,252,reg3_m252_s0,es+gpt,1,165,8260,1.1159337148611133,258.0,258.8,0.0745402572479947,3.959098383658549e-05,32,45,504.7915126000007,0.7413793103448276,0.7436781609195403
reg3,252,reg3_m252_s0,es+gpt,1,170,8510,1.1159337148611133,258.0,258.7,0.0745402572479947,3.959098383658549e-05,32,45,520.0919730000023,0.7413793103448276,0.7433908045977011
reg3,252,reg3_m252_s0,es+gpt,1,175,8760,1.1185003140409702,259.0,258.8,0.07439112363075717,8.4571588684531e-05,32,46,535.0397107000172,0.7442528735632183,0.7436781609195403
reg3,252,reg3_m252_s0,es+gpt,1,180,9010,1.1185003140409702,259.0,258.7,0.07439112363075717,8.4571588684531e-05,32,46,550.6214286000177,0.7442528735632183,0.7433908045977011
reg3,252,reg3_m252_s0,es+gpt,1,185,9260,1.1185003140409702,259.0,258.6,0.07439112363075717,8.4571588684531e-05,32,46,566.2946079999965,0.7442528735632183,0.7431034482758622
reg3,252,reg3_m252_s0,es+gpt,1,190,9510,1.119469156606918,259.0,258.3,0.07731719846999062,3.930800114900846e-05,32,47,581.6192012999963,0.7442528735632183,0.7422413793103448
reg3,252,reg3_m252_s0,es+gpt,1,195,9760,1.119469156606918,259.0,258.4,0.07731719846999062,3.930800114900846e-05,32,47,597.1693136999966,0.7442528735632183,0.7425287356321838
reg3,252,reg3_m252_s0,es+gpt,1,200,10010,1.119469156606918,259.0,258.7,0.07731719846999062,3.930800114900846e-05,32,47,612.6591862000059,0.7442528735632183,0.7433908045977011
reg3,252,reg3_m252_s0,es+gpt,1,205,10260,1.119469156606918,259.0,259.0,0.07731719846999062,3.930800114900846e-05,32,47,627.9708338000055,0.7442528735632183,0.7442528735632183
reg3,252,reg3_m252_s0,es+gpt,1,210,10510,1.1204767577445864,260.0,259.1,0.07457713678789195,8.45715886845381e-05,32,47,643.0275979000144,0.7471264367816092,0.7445402298850575
reg3,252,reg3_m252_s0,es+gpt,1,215,10760,1.1273275787813197,261.0,259.8,0.07319057982874788,6.913233535015884e-05,32,45,658.1608469999919,0.75,0.746551724137931
reg3,252,reg3_m252_s0,es+gpt,1,220,11010,1.1273275787813197,261.0,260.3,0.07319057982874788,6.913233535015884e-05,32,45,673.2039887999999,0.75,0.7479885057471265
reg3,252,reg3_m252_s0,es+gpt,1,225,11260,1.1273275787813197,261.0,260.4,0.07319057982874788,6.913233535015884e-05,32,45,688.3558414000145,0.75,0.7482758620689655
reg3,252,reg3_m252_s0,es+gpt,1,230,11510,1.1273275787813197,261.0,261.1,0.07319057982874788,6.913233535015884e-05,32,45,703.3887066000025,0.75,0.7502873563218392
reg3,252,reg3_m252_s0,es+gpt,1,235,11760,1.1273275787813197,261.0,261.1,0.07319057982874788,6.913233535015884e-05,32,45,718.2655684000056,0.75,0.7502873563218392
reg3,252,reg3_m252_s0,es+gpt,1,240,12010,1.128837691194451,261.0,261.0,0.0748408963611869,6.913233535017272e-05,32,46,733.224277900008,0.75,0.75
reg3,252,reg3_m252_s0,es+gpt,1,245,12260,1.128837691194451,261.0,261.0,0.0748408963611869,6.913233535017272e-05,32,46,748.4291559999983,0.75,0.75
reg3,252,reg3_m252_s0,es+gpt,1,250,12510,1.128837691194451,261.0,261.0,0.0748408963611869,6.913233535017272e-05,32,46,763.5352669999993,0.75,0.75
reg3,252,reg3_m252_s0,es+gpt,1,255,12760,1.128837691194451,261.0,261.0,0.0748408963611869,6.913233535017272e-05,32,46,778.6245895000175,0.75,0.75
reg3,252,reg3_m252_s0,es+gpt,1,260,13010,1.128837691194451,261.0,261.0,0.0748408963611869,6.913233535017272e-05,32,46,793.6938321000198,0.75,0.75
reg3,252,reg3_m252_s0,es+gpt,1,265,13260,1.1293575937660052,262.0,261.1,0.0642504379068598,2.6131148202056947e-06,32,46,808.6303310999938,0.7528735632183908,0.7502873563218392
reg3,252,reg3_m252_s0,es+gpt,1,270,13510,1.1293575937660052,262.0,261.1,0.0642504379068598,2.6131148202056947e-06,32,46,823.655642800004,0.7528735632183908,0.7502873563218392
reg3,252,reg3_m252_s0,es+gpt,1,275,13760,1.1293575937660052,262.0,261.3,0.0642504379068598,2.6131148202056947e-06,32,46,839.0614408999973,0.7528735632183908,0.7508620689655173
reg3,252,reg3_m252_s0,es+gpt,1,280,14010,1.1293575937660052,262.0,261.3,0.0642504379068598,2.6131148202056947e-06,32,46,854.1337596999947,0.7528735632183908,0.7508620689655173
reg3,252,reg3_m252_s0,es+gpt,1,285,14260,1.1293575937660052,262.0,261.3,0.0642504379068598,2.6131148202056947e-06,32,46,869.3153014999989,0.7528735632183908,0.7508620689655173
reg3,252,reg3_m252_s0,es+gpt,1,290,14510,1.1293575937660052,262.0,261.5,0.0642504379068598,2.6131148202056947e-06,32,46,884.2420413999935,0.7528735632183908,0.7514367816091954
reg3,252,reg3_m252_s0,es+gpt,1,295,14760,1.1293575937660052,262.0,261.6,0.0642504379068598,2.6131148202056947e-06,32,46,899.3487900000182,0.7528735632183908,0.7517241379310345
reg3,252,reg3_m252_s0,es+gpt,1,300,15010,1.1293575937660052,262.0,261.8,0.0642504379068598,2.6131148202056947e-06,32,46,914.4714639000013,0.7528735632183908,0.7522988505747127
reg3,252,reg3_m252_s0,es+gpt,1,305,15260,1.1293575937660052,262.0,262.0,0.0642504379068598,2.6131148202056947e-06,32,46,929.6865153000108,0.7528735632183908,0.7528735632183908
reg3,252,reg3_m252_s0,es+gpt,1,310,15510,1.1293575937660052,262.0,262.0,0.0642504379068598,2.6131148202056947e-06,32,46,945.1387493000075,0.7528735632183908,0.7528735632183908
reg3,252,reg3_m252_s0,es+gpt,1,315,15760,1.1293575937660052,262.0,262.0,0.0642504379068598,2.6131148202056947e-06,32,46,960.4929597000009,0.7528735632183908,0.7528735632183908
reg3,252,reg3_m252_s0,es+gpt,1,320,16010,1.1293575937660052,262.0,262.0,0.0642504379068598,2.6131148202056947e-06,32,46,975.4533166000037,0.7528735632183908,0.7528735632183908
reg3,252,reg3_m252_s0,es+gpt,1,325,16260,1.1293575937660052,262.0,262.0,0.0642504379068598,2.6131148202056947e-06,32,46,990.4056362000119,0.7528735632183908,0.7528735632183908
reg3,252,reg3_m252_s0,es+gpt,1,330,16510,1.1293575937660052,262.0,262.0,0.0642504379068598,2.6131148202056947e-06,32,46,1005.4382155000058,0.7528735632183908,0.7528735632183908
reg3,252,reg3_m252_s0,es+gpt,1,335,16760,1.133788767546418,262.0,262.0,0.07911173840954995,7.153637289259579e-05,32,48,1020.9999729999981,0.7528735632183908,0.7528735632183908
reg3,252,reg3_m252_s0,es+gpt,1,340,17010,1.133788767546418,262.0,262.0,0.07911173840954995,7.153637289259579e-05,32,48,1036.0320684000035,0.7528735632183908,0.7528735632183908
reg3,252,reg3_m252_s0,es+gpt,1,345,17260,1.133788767546418,262.0,262.0,0.07911173840954995,7.153637289259579e-05,32,48,1051.1092567000014,0.7528735632183908,0.7528735632183908
reg3,252,reg3_m252_s0,es+gpt,1,350,17510,1.1354850159082541,263.0,262.1,0.07525338287252895,0.0001466579789784464,32,47,1066.2382592000067,0.7557471264367817,0.7531609195402299
reg3,252,reg3_m252_s0,es+gpt,1,355,17760,1.1354850159082541,263.0,262.2,0.07525338287252895,0.0001466579789784464,32,47,1081.3713586000085,0.7557471264367817,0.753448275862069
reg3,252,reg3_m252_s0,es+gpt,1,360,18010,1.1354850159082541,263.0,262.3,0.07525338287252895,0.0001466579789784464,32,47,1096.5766968000098,0.7557471264367817,0.753735632183908
reg3,252,reg3_m252_s0,es+gpt,1,365,18260,1.135689342273599,263.0,262.5,0.0742768348520883,0.00013020532885016963,32,48,1111.5938625000126,0.7557471264367817,0.7543103448275862
reg3,252,reg3_m252_s0,es+gpt,1,370,18510,1.135689342273599,263.0,262.7,0.0742768348520883,0.00013020532885016963,32,48,1126.5883122000087,0.7557471264367817,0.7548850574712643
reg3,252,reg3_m252_s0,es+gpt,1,375,18760,1.135689342273599,263.0,263.0,0.0742768348520883,0.00013020532885016963,32,48,1141.4196311999985,0.7557471264367817,0.7557471264367817
reg3,252,reg3_m252_s0,es+gpt,1,380,19010,1.135689342273599,263.0,263.0,0.0742768348520883,0.00013020532885016963,32,48,1156.8003864000202,0.7557471264367817,0.7557471264367817
reg3,252,reg3_m252_s0,es+gpt,1,385,19260,1.135689342273599,263.0,263.0,0.0742768348520883,0.00013020532885016963,32,48,1171.3342424000148,0.7557471264367817,0.7557471264367817
reg3,252,reg3_m252_s0,es+gpt,1,390,19510,1.135689342273599,263.0,263.0,0.0742768348520883,0.00013020532885016963,32,48,1185.9579846000124,0.7557471264367817,0.7557471264367817
reg3,252,reg3_m252_s0,es+gpt,1,395,19760,1.135689342273599,263.0,263.0,0.0742768348520883,0.00013020532885016963,32,48,1200.471312700014,0.7557471264367817,0.7557471264367817
reg3,252,reg3_m252_s0,es+gpt,1,400,20010,1.135689342273599,263.0,263.0,0.0742768348520883,0.00013020532885016963,32,48,1215.0111617000075,0.7557471264367817,0.7557471264367817
er4,60,er4_m60_s0,es,0,0,10,0.7710230174381983,57.0,61.4,0.03422181726598081,1.0842021724855044e-18,20,32,0.03135060000931844,0.5757575757575758,0.6202020202020202
er4,60,er4_m60_s0,es,0,5,260,1.1162952455527737,79.0,75.5,0.0528493875061289,1.0234868508263162e-16,20,34,1.0544379999919329,0.797979797979798,0.7626262626262627
er4,60,er4_m60_s0,es,0,10,510,1.1162952455527737,79.0,79.6,0.0528493875061289,1.0234868508263162e-16,20,34,2.0343964000057895,0.797979797979798,0.804040404040404
er4,60,er4_m60_s0,es,0,15,760,1.1512014616013597,82.0,80.4,0.06534770662945803,0.004953130117126523,20,36,3.0022395999985747,0.8282828282828283,0.8121212121212121
er4,60,er4_m60_s0,es,0,20,1010,1.1512014616013597,82.0,81.5,0.06534770662945803,0.004953130117126523,20,36,4.133985899999971,0.8282828282828283,0.8232323232323232
er4,60,er4_m60_s0,es,0,25,1260,1.1813784819481943,85.0,82.3,0.0576680770668086,0.000565913042894186,20,35,5.126256999996258,0.8585858585858586,0.8313131313131313
er4,60,er4_m60_s0,es,0,30,1510,1.1813784819481943,85.0,83.1,0.0576680770668086,0.000565913042894186,20,35,6.052623399998993,0.8585858585858586,0.8393939393939394
er4,60,er4_m60_s0,es,0,35,1760,1.1862971614191389,85.0,84.0,0.06586936611917946,0.001416891659551367,20,35,6.973010399990017,0.8585858585858586,0.8484848484848485
er4,60,er4_m60_s0,es,0,40,2010,1.1862971614191389,85.0,85.0,0.06586936611917946,0.001416891659551367,20,35,7.927597300003981,0.8585858585858586,0.8585858585858586
er4,60,er4_m60_s0,es,0,45,2260,1.1862971614191389,85.0,85.0,0.06586936611917946,0.001416891659551367,20,35,8.892951599991648,0.8585858585858586,0.8585858585858586
er4,60,er4_m60_s0,es,0,50,2510,1.1862971614191389,85.0,85.0,0.06586936611917948,0.0014168916595512625,20,34,9.798679300001822,0.8585858585858586,0.8585858585858586
er4,60,er4_m60_s0,es,0,55,2760,1.1923242442474944,85.0,85.0,0.07273061914186219,0.0015944914859686993,20,34,10.703386899986072,0.8585858585858586,0.8585858585858586
er4,60,er4_m60_s0,es,0,60,3010,1.1923242442474944,85.0,85.0,0.07273061914186219,0.0015944914859686993,20,34,11.65940460001002,0.8585858585858586,0.8585858585858586
er4,60,er4_m60_s0,es,0,65,3260,1.1923242442474944,85.0,85.0,0.07273061914186219,0.0015944914859686993,20,34,12.572821399982786,0.8585858585858586,0.8585858585858586
er4,60,er4_m60_s0,es,0,70,3510,1.1923242442474944,85.0,85.0,0.07273061914186219,0.0015944914859686993,20,34,13.42336729998351,0.8585858585858586,0.8585858585858586
er4,60,er4_m60_s0,es,0,75,3760,1.1950114595017034,85.0,85.0,0.0727306191418623,0.0015944914859686108,20,34,14.349210599990329,0.8585858585858586,0.8585858585858586
er4,60,er4_m60_s0,es,0,80,4010,1.1950114595017034,85.0,85.0,0.0727306191418623,0.0015944914859686108,20,34,15.249104399990756,0.8585858585858586,0.8585858585858586
er4,60,er4_m60_s0,es,0,85,4260,1.2041878279152722,86.0,85.1,0.07136802703625056,0.0010104540424872594,20,34,16.21734919998562,0.8686868686868687,0.8595959595959596
er4,60,er4_m60_s0,es,0,90,4510,1.2041878279152722,86.0,85.3,0.07136802703625046,0.0010104540424871519,20,35,17.144823799986625,0.8686868686868687,0.8616161616161616
er4,60,er4_m60_s0,es,0,95,4760,1.2041878279152722,86.0,85.6,0.07136802703625056,0.0010104540424872594,20,34,18.113833099982003,0.8686868686868687,0.8646464646464646
er4,60,er4_m60_s0,es,0,100,5010,1.2056158490935873,86.0,86.0,0.07016777708601857,0.00025126706071015685,20,34,19.096407000004547,0.8686868686868687,0.8686868686868687
er4,60,er4_m60_s0,es,0,105,5260,1.2056158490935873,86.0,86.0,0.07016777708601857,0.00025126706071015685,20,34,20.120530299987877,0.8686868686868687,0.8686868686868687
er4,60,er4_m60_s0,es,0,110,5510,1.2056158490935873,86.0,86.0,0.07016777708601848,0.00025126706071018287,20,34,21.077154400001746,0.8686868686868687,0.8686868686868687
er4,60,er4_m60_s0,es,0,115,5760,1.2056158490935873,86.0,86.0,0.07016777708601857,0.00025126706071015685,20,34,21.91667760000564,0.8686868686868687,0.8686868686868687
er4,60,er4_m60_s0,es,0,120,6010,1.2056158490935873,86.0,86.0,0.07016777708601857,0.00025126706071015685,20,34,22.812805599998683,0.8686868686868687,0.8686868686868687
er4,60,er4_m60_s0,es,0,125,6260,1.2056158490935873,86.0,86.0,0.07016777708601857,0.00025126706071015685,20,34,23.800702999986243,0.8686868686868687,0.8686868686868687
er4,60,er4_m60_s0,es,0,130,6510,1.2056158490935873,86.0,86.0,0.07016777708601857,0.00025126706071015685,20,34,24.711951000004774,0.8686868686868687,0.8686868686868687
er4,60,er4_m60_s0,es,0,135,6760,1.2056158490935873,86.0,86.0,0.07016777708601848,0.00025126706071018287,20,34,25.580476400005864,0.8686868686868687,0.8686868686868687
er4,60,er4_m60_s0,es,0,140,7010,1.2056158490935873,86.0,86.0,0.07016777708601857,0.00025126706071015685,20,34,26.4754580000008,0.8686868686868687,0.8686868686868687
er4,60,er4_m60_s0,es,0,145,7260,1.2056158490935873,86.0,86.0,0.07016777708601861,0.0002512670607102384,20,34,27.41634530000738,0.8686868686868687,0.8686868686868687
er4,60,er4_m60_s0,es,0,150,7510,1.2056158490935873,86.0,86.0,0.07016777708601858,0.00025126706071027655,20,35,28.34402930000215,0.8686868686868687,0.8686868686868687
er4,60,er4_m60_s0,es,0,155,7760,1.2056158490935873,86.0,86.0,0.07016777708601857,0.00025126706071015685,20,34,29.297531299991533,0.8686868686868687,0.8686868686868687
er4,60,er4_m60_s0,es,0,160,8010,1.2056158490935873,86.0,86.0,0.07016777708601857,0.00025126706071015685,20,34,30.181930799997644,0.8686868686868687,0.8686868686868687
er4,60,er4_m60_s0,es,0,165,8260,1.2056158490935873,86.0,86.0,0.07016777708601854,0.0002512670607101794,20,34,31.135541399999056,0.8686868686868687,0.8686868686868687
er4,60,er4_m60_s0,es,0,170,8510,1.2056158490935873,86.0,86.0,0.07016777708601858,0.00025126706071027655,20,35,32.0992782000103,0.8686868686868687,0.8686868686868687
er4,60,er4_m60_s0,es,0,175,8760,1.2056158490935873,86.0,86.0,0.07016777708601857,0.00025126706071011695,20,35,33.072769099992,0.8686868686868687,0.8686868686868687
er4,60,er4_m60_s0,es,0,180,9010,1.2056158490935873,86.0,86.0,0.07016777708601857,0.00025126706071011695,20,35,33.97531660000095,0.8686868686868687,0.8686868686868687
er4,60,er4_m60_s0,es,0,185,9260,1.2056158490935873,86.0,86.0,0.07016777708601857,0.00025126706071011695,20,35,34.83075429999735,0.8686868686868687,0.8686868686868687
er4,60,er4_m60_s0,es,0,190,9510,1.2056158490935873,86.0,86.0,0.07016777708601858,0.00025126706071027655,20,35,35.81036830000812,0.8686868686868687,0.8686868686868687
er4,60,er4_m60_s0,es,0,195,9760,1.2056158490935873,86.0,86.0,0.07016777708601857,0.00025126706071011695,20,35,36.71857969998382,0.8686868686868687,0.8686868686868687
er4,60,er4_m60_s0,es,0,200,10010,1.2056158490935873,86.0,86.0,0.07016777708601857,0.00025126706071011695,20,35,37.56543650000822,0.8686868686868687,0.8686868686868687
er4,60,er4_m60_s0,es,0,205,10260,1.2056158490935873,86.0,86.0,0.07016777708601858,0.00025126706071011695,20,34,38.468405799998436,0.8686868686868687,0.8686868686868687
er4,60,er4_m60_s0,es,0,210,10510,1.2056158490935873,86.0,86.0,0.07016777708601858,0.00025126706071011695,20,34,39.458250900002895,0.8686868686868687,0.8686868686868687
er4,60,er4_m60_s0,es,0,215,10760,1.2056158490935873,86.0,86.0,0.07016777708601858,0.00025126706071011695,20,34,40.43637700000545,0.8686868686868687,0.8686868686868687
er4,60,er4_m60_s0,es,0,220,11010,1.2056158490935873,86.0,86.0,0.07016777708601858,0.00025126706071011695,20,34,41.38920139998663,0.8686868686868687,0.8686868686868687
er4,60,er4_m60_s0,es,0,225,11260,1.2056158490935873,86.0,86.0,0.07016777708601858,0.00025126706071011695,20,34,42.32855030000792,0.8686868686868687,0.8686868686868687
er4,60,er4_m60_s0,es,0,230,11510,1.2056158490935873,86.0,86.0,0.07016777708601854,0.00025126706071026267,20,34,43.40718929999275,0.8686868686868687,0.8686868686868687
er4,60,er4_m60_s0,es,0,235,11760,1.2056158490935873,86.0,86.0,0.07016777708601858,0.00025126706071011695,20,34,44.380833800008986,0.8686868686868687,0.8686868686868687
er4,60,er4_m60_s0,es,0,240,12010,1.2056158490935873,86.0,86.0,0.07016777708601858,0.00025126706071011695,20,34,45.28999049999402,0.8686868686868687,0.8686868686868687
er4,60,er4_m60_s0,es,0,245,12260,1.2056158490935873,86.0,86.0,0.07016777708601854,0.00025126706071026267,20,34,46.20599930000026,0.8686868686868687,0.8686868686868687
er4,60,er4_m60_s0,es,0,250,12510,1.2056158490935873,86.0,86.0,0.07016777708601858,0.00025126706071011695,20,34,47.15256930000032,0.8686868686868687,0.8686868686868687
er4,60,er4_m60_s0,es,0,255,12760,1.2056158490935873,86.0,86.0,0.07016777708601854,0.00025126706071026267,20,34,48.116065699985484,0.8686868686868687,0.8686868686868687
er4,60,er4_m60_s0,es,0,260,13010,1.2056158490935873,86.0,86.0,0.07016777708601854,0.00025126706071026267,20,34,49.11553039998398,0.8686868686868687,0.8686868686868687
er4,60,er4_m60_s0,es,0,265,13260,1.2056158490935873,86.0,86.0,0.07016777708601854,0.00025126706071026267,20,34,49.959512500005076,0.8686868686868687,0.8686868686868687
er4,60,er4_m60_s0,es,0,270,13510,1.2056158490935873,86.0,86.0,0.07016777708601854,0.00025126706071026267,20,34,50.867270999995526,0.8686868686868687,0.8686868686868687
er4,60,er4_m60_s0,es,0,275,13760,1.2056158490935873,86.0,86.0,0.07016777708601848,0.00025126706071018287,20,34,51.78347570000915,0.8686868686868687,0.8686868686868687
er4,60,er4_m60_s0,es,0,280,14010,1.2056158490935873,86.0,86.0,0.07016777708601858,0.00025126706071011695,20,34,52.72533459999249,0.8686868686868687,0.8686868686868687
er4,60,er4_m60_s0,es,0,285,14260,1.2056158490935873,86.0,86.0,0.07016777708601858,0.00025126706071011695,20,34,53.64534509999794,0.8686868686868687,0.8686868686868687
er4,60,er4_m60_s0,es,0,290,14510,1.2056158490935873,86.0,86.0,0.07016777708601848,0.00025126706071018287,20,34,54.55082740000216,0.8686868686868687,0.8686868686868687
er4,60,er4_m60_s0,es,0,295,14760,1.2056158490935873,86.0,86.0,0.07016777708601858,0.00025126706071011695,20,34,55.516926999989664,0.8686868686868687,0.8686868686868687
er4,60,er4_m60_s0,es,0,300,15010,1.2056158490935873,86.0,86.0,0.07016777708601858,0.00025126706071011695,20,34,56.375264900008915,0.8686868686868687,0.8686868686868687
er4,60,er4_m60_s0,es,0,305,15260,1.2056158490935873,86.0,86.0,0.07016777708601858,0.00025126706071011695,20,34,57.236064700002316,0.8686868686868687,0.8686868686868687
er4,60,er4_m60_s0,es,0,310,15510,1.2056158490935873,86.0,86.0,0.07016777708601858,0.00025126706071011695,20,34,58.16962939998484,0.8686868686868687,0.8686868686868687
er4,60,er4_m60_s0,es,0,315,15760,1.2056158490935873,86.0,86.0,0.07016777708601858,0.00025126706071011695,20,34,59.074692800000776,0.8686868686868687,0.8686868686868687
er4,60,er4_m60_s0,es,0,320,16010,1.2056158490935873,86.0,86.0,0.07016777708601854,0.00025126706071026267,20,34,60.02780260000145,0.8686868686868687,0.8686868686868687
er4,60,er4_m60_s0,es,0,325,16260,1.2056158490935873,86.0,86.0,0.07016777708601848,0.00025126706071018287,20,34,60.98090369999409,0.8686868686868687,0.8686868686868687
er4,60,er4_m60_s0,es,0,330,16510,1.2056158490935873,86.0,86.0,0.07016777708601865,0.00025126706071026267,20,33,61.83127070000046,0.8686868686868687,0.8686868686868687
er4,60,er4_m60_s0,es,0,335,16760,1.2056158490935873,86.0,86.0,0.07016777708601865,0.00025126706071026267,20,33,62.74415569999837,0.8686868686868687,0.8686868686868687
er4,60,er4_m60_s0,es,0,340,17010,1.2056158490935873,86.0,86.0,0.0701677770860185,0.00025126706071012736,20,33,64.00150340000982,0.8686868686868687,0.8686868686868687
er4,60,er4_m60_s0,es,0,345,17260,1.2056158490935873,86.0,86.0,0.07016777708601862,0.0002512670607102037,20,34,64.94820379998419,0.8686868686868687,0.8686868686868687
er4,60,er4_m60_s0,es,0,350,17510,1.2056158490935873,86.0,86.0,0.07016777708601858,0.00025126706071011695,20,34,65.80592959999922,0.8686868686868687,0.8686868686868687
er4,60,er4_m60_s0,es,0,355,17760,1.2056158490935873,86.0,86.0,0.07016777708601854,0.0002512670607101794,20,34,66.77655209999648,0.8686868686868687,0.8686868686868687
er4,60,er4_m60_s0,es,0,360,18010,1.2056158490935873,86.0,86.0,0.07016777708601854,0.0002512670607101794,20,34,67.7179010999971,0.8686868686868687,0.8686868686868687
er4,60,er4_m60_s0,es,0,365,18260,1.2056158490935873,86.0,86.0,0.07016777708601854,0.0002512670607101794,20,34,68.61194229999091,0.8686868686868687,0.8686868686868687
er4,60,er4_m60_s0,es,0,370,18510,1.2056158490935873,86.0,86.0,0.0701677770860186,0.00025126706071018287,20,35,69.58032109998749,0.8686868686868687,0.8686868686868687
er4,60,er4_m60_s0,es,0,375,18760,1.2056158490935873,86.0,86.0,0.07016777708601851,0.00025126706071019675,20,34,70.53012419998413,0.8686868686868687,0.8686868686868687
er4,60,er4_m60_s0,es,0,380,19010,1.2056158490935873,86.0,86.0,0.07016777708601851,0.00025126706071019675,20,34,71.45025359999272,0.8686868686868687,0.8686868686868687
er4,60,er4_m60_s0,es,0,385,19260,1.2056158490935873,86.0,86.0,0.07016777708601851,0.00025126706071019675,20,34,72.38441739999689,0.8686868686868687,0.8686868686868687
er4,60,er4_m60_s0,es,0,390,19510,1.2056158490935873,86.0,86.0,0.07016777708601854,0.0002512670607101794,20,34,73.27528249999159,0.8686868686868687,0.8686868686868687
er4,60,er4_m60_s0,es,0,395,19760,1.2056158490935873,86.0,86.0,0.07016777708601854,0.0002512670607101794,20,34,74.1865972999949,0.8686868686868687,0.8686868686868687
er4,60,er4_m60_s0,es,0,400,20010,1.2056158490935873,86.0,86.0,0.07016777708601854,0.0002512670607102002,20,34,75.07751339999959,0.8686868686868687,0.8686868686868687
er4,60,er4_m60_s0,es,1,0,10,0.6521497513659937,50.0,58.7,0.07304383663338695,0.00098649445651193,20,35,0.029518499999539927,0.5050505050505051,0.592929292929293
er4,60,er4_m60_s0,es,1,5,260,1.1296328433286227,78.0,75.5,0.09495284318955396,0.0021667264571543707,20,36,0.9438282999908552,0.7878787878787878,0.7626262626262627
er4,60,er4_m60_s0,es,1,10,510,1.1632879519486319,81.0,78.1,0.08844955320891959,0.00035889709988130326,20,37,1.837058100005379,0.8181818181818182,0.7888888888888889
er4,60,er4_m60_s0,es,1,15,760,1.1928043498566034,81.0,80.1,0.09766073162183794,0.003731143480883714,20,37,2.806525599997258,0.8181818181818182,0.8090909090909091
er4,60,er4_m60_s0,es,1,20,1010,1.2040801957873724,81.0,81.4,0.1234317501485991,0.005067594858848216,20,36,3.852248300012434,0.8181818181818182,0.8222222222222223
er4,60,er4_m60_s0,es,1,25,1260,1.2133034371740896,83.0,81.4,0.08595362327304737,0.004388578007314674,20,37,4.769823600014206,0.8383838383838383,0.8222222222222223
er4,60,er4_m60_s0,es,1,30,1510,1.21446209693385,82.0,82.1,0.13036180566733316,0.007883035937777103,20,36,5.673191100009717,0.8282828282828283,0.8292929292929292
er4,60,er4_m60_s0,es,1,35,1760,1.2717726098998359,86.0,82.8,0.0852322324232132,0.0025319295270380057,20,37,6.6117134999949485,0.8686868686868687,0.8363636363636363
er4,60,er4_m60_s0,es,1,40,2010,1.2785734508373272,88.0,85.3,0.0739586914991625,0.00037566823963331233,20,37,7.519404799997574,0.8888888888888888,0.8616161616161616
er4,60,er4_m60_s0,es,1,45,2260,1.2802583302702202,87.0,86.4,0.08527374967189755,0.003550751738562702,20,37,8.484899500006577,0.8787878787878788,0.8727272727272728
er4,60,er4_m60_s0,es,1,50,2510,1.3085825446132202,88.0,86.9,0.09405905001569947,0.0009859292006526889,20,38,9.530551600008039,0.8888888888888888,0.8777777777777779
er4,60,er4_m60_s0,es,1,55,2760,1.3085825446132202,88.0,86.7,0.09405905001569947,0.0009859292006526889,20,38,10.515767800010508,0.8888888888888888,0.8757575757575757
er4,60,er4_m60_s0,es,1,60,3010,1.3108628452924462,87.0,87.3,0.11626377556363449,0.001163983466769828,20,37,11.496173999999883,0.8787878787878788,0.8818181818181818
er4,60,er4_m60_s0,es,1,65,3260,1.3140672459885556,87.0,87.4,0.11303881334770371,0.0002734989499718638,20,37,12.425289400009206,0.8787878787878788,0.8828282828282829
er4,60,er4_m60_s0,es,1,70,3510,1.3335920433431714,88.0,87.5,0.12759482448282977,0.001869514224180132,20,38,13.402638100000331,0.8888888888888888,0.8838383838383839
er4,60,er4_m60_s0,es,1,75,3760,1.3335920433431714,88.0,87.7,0.12759482448282977,0.001869514224180132,20,38,14.332196100003785,0.8888888888888888,0.8858585858585859
er4,60,er4_m60_s0,es,1,80,4010,1.3335920433431714,88.0,88.0,0.12759482448282977,0.001869514224180132,20,38,15.295375199988484,0.8888888888888888,0.8888888888888888
er4,60,er4_m60_s0,es,1,85,4260,1.3335920433431714,88.0,88.0,0.12759482448282977,0.001869514224180132,20,38,16.228552499989746,0.8888888888888888,0.8888888888888888
er4,60,er4_m60_s0,es,1,90,4510,1.3380979648268203,88.0,88.0,0.12257065630068967,0.010822497935001174,20,37,17.262905999989016,0.8888888888888888,0.8888888888888888
er4,60,er4_m60_s0,es,1,95,4760,1.3380979648268203,88.0,88.0,0.12257065630068967,0.010822497935001174,20,37,18.269034500001,0.8888888888888888,0.8888888888888888
er4,60,er4_m60_s0,es,1,100,5010,1.3380979648268203,88.0,88.0,0.12257065630068967,0.010822497935001174,20,37,19.23987130000023,0.8888888888888888,0.8888888888888888
er4,60,er4_m60_s0,es,1,105,5260,1.3402898422130398,88.0,88.0,0.12157300321034159,0.013617280570546078,20,38,20.194415200006915,0.8888888888888888,0.8888888888888888
er4,60,er4_m60_s0,es,1,110,5510,1.3402898422130398,88.0,88.0,0.12157300321034159,0.013617280570546078,20,38,21.179681600013282,0.8888888888888888,0.8888888888888888
er4,60,er4_m60_s0,es,1,115,5760,1.3451450812221033,88.0,88.0,0.11904551922902076,0.0009397125106985205,20,37,22.170607000007294,0.8888888888888888,0.8888888888888888
er4,60,er4_m60_s0,es,1,120,6010,1.3464208881249071,88.0,88.0,0.1288765204336077,0.002323314917059588,20,37,23.15082879998954,0.8888888888888888,0.8888888888888888
er4,60,er4_m60_s0,es,1,125,6260,1.3484094666258084,88.0,88.0,0.1258413131068234,0.020502452503068178,20,38,24.118115699995542,0.8888888888888888,0.8888888888888888
er4,60,er4_m60_s0,es,1,130,6510,1.3530964383624504,88.0,88.0,0.13381386284464786,0.014676283544087482,20,37,25.149932100001024,0.8888888888888888,0.8888888888888888
er4,60,er4_m60_s0,es,1,135,6760,1.3530964383624504,88.0,88.0,0.13381386284464786,0.014676283544087482,20,37,26.07359620000352,0.8888888888888888,0.8888888888888888
er4,60,er4_m60_s0,es,1,140,7010,1.3530964383624504,88.0,88.0,0.13381386284464786,0.014676283544087482,20,37,27.05897029998596,0.8888888888888888,0.8888888888888888
er4,60,er4_m60_s0,es,1,145,7260,1.3530964383624504,88.0,88.0,0.13381386284464786,0.014676283544087482,20,37,28.05451779998839,0.8888888888888888,0.8888888888888888
er4,60,er4_m60_s0,es,1,150,7510,1.3551033287277818,88.0,88.0,0.1290017221845297,0.006489246671913612,20,38,28.976537700014887,0.8888888888888888,0.8888888888888888
er4,60,er4_m60_s0,es,1,155,7760,1.3560824194683703,88.0,88.0,0.13843450035868476,0.007888831138085431,20,37,29.910006699996302,0.8888888888888888,0.8888888888888888
er4,60,er4_m60_s0,es,1,160,8010,1.3560824194683703,88.0,88.0,0.13843450035868476,0.007888831138085431,20,37,30.8318222000089,0.8888888888888888,0.8888888888888888
er4,60,er4_m60_s0,es,1,165,8260,1.3560824194683703,88.0,88.0,0.13843450035868476,0.007888831138085431,20,37,31.80149059998803,0.8888888888888888,0.8888888888888888
er4,60,er4_m60_s0,es,1,170,8510,1.3625966736179285,88.0,88.0,0.1489883510656567,0.0009854054479956492,20,37,32.71905290000723,0.8888888888888888,0.8888888888888888
er4,60,er4_m60_s0,es,1,175,8760,1.3625966736179285,88.0,88.0,0.1489883510656567,0.0009854054479956492,20,37,33.65513369999826,0.8888888888888888,0.8888888888888888
er4,60,er4_m60_s0,es,1,180,9010,1.3625966736179285,88.0,88.0,0.1489883510656567,0.0009854054479956492,20,37,34.63060340000084,0.8888888888888888,0.8888888888888888
er4,60,er4_m60_s0,es,1,185,9260,1.3625966736179285,88.0,88.0,0.1489883510656567,0.0009854054479956492,20,37,35.56038969999645,0.8888888888888888,0.8888888888888888
er4,60,er4_m60_s0,es,1,190,9510,1.3639651276063047,88.0,88.0,0.14567839003428731,0.0034379536580075483,20,37,36.49491899998975,0.8888888888888888,0.8888888888888888
er4,60,er4_m60_s0,es,1,195,9760,1.3639651276063047,88.0,88.0,0.14567839003428731,0.0034379536580075483,20,37,37.440766000014264,0.8888888888888888,0.8888888888888888
er4,60,er4_m60_s0,es,1,200,10010,1.3641818386054516,88.0,88.0,0.13561282339276548,0.000985405447995552,20,37,38.31887650000863,0.8888888888888888,0.8888888888888888
er4,60,er4_m60_s0,es,1,205,10260,1.3655181308480133,88.0,88.0,0.15689673481139488,0.007125417858296117,20,37,39.24981680000201,0.8888888888888888,0.8888888888888888
er4,60,er4_m60_s0,es,1,210,10510,1.366377979069111,88.0,88.0,0.15040721160713705,0.0029123094434373373,20,37,40.236328400002094,0.8888888888888888,0.8888888888888888
er4,60,er4_m60_s0,es,1,215,10760,1.366377979069111,88.0,88.0,0.15040721160713705,0.0029123094434373373,20,37,41.10321329999715,0.8888888888888888,0.8888888888888888
er4,60,er4_m60_s0,es,1,220,11010,1.3694828132906511,88.0,88.0,0.15191288205181486,0.0013936050240939725,20,37,42.028351599990856,0.8888888888888888,0.8888888888888888
er4,60,er4_m60_s0,es,1,225,11260,1.3694828132906511,88.0,88.0,0.15191288205181486,0.0013936050240939725,20,37,42.97066409999388,0.8888888888888888,0.8888888888888888
er4,60,er4_m60_s0,es,1,230,11510,1.3694828132906511,88.0,88.0,0.15191288205181486,0.0013936050240939725,20,37,43.93425500000012,0.8888888888888888,0.8888888888888888
er4,60,er4_m60_s0,es,1,235,11760,1.3714237429427985,88.0,88.0,0.16444152988972388,0.010867343555346548,20,37,44.84365570000955,0.8888888888888888,0.8888888888888888
er4,60,er4_m60_s0,es,1,240,12010,1.3847359802581918,89.0,88.1,0.1497919033848419,6.874616078969553e-05,20,37,45.81109840000863,0.898989898989899,0.8898989898989899
er4,60,er4_m60_s0,es,1,245,12260,1.3847359802581918,89.0,88.3,0.1497919033848419,6.874616078969553e-05,20,37,46.76960299999337,0.898989898989899,0.8919191919191919
er4,60,er4_m60_s0,es,1,250,12510,1.385753511779888,89.0,88.7,0.15496905264911637,0.0015700767565777624,20,37,47.70786450000014,0.898989898989899,0.895959595959596
er4,60,er4_m60_s0,es,1,255,12760,1.3894508711160034,89.0,89.0,0.12933336923987826,0.010571020096761452,20,39,48.64094589999877,0.898989898989899,0.898989898989899
er4,60,er4_m60_s0,es,1,260,13010,1.39089044725733,89.0,89.0,0.13647818770185474,0.008154690054373456,20,39,49.63359660000424,0.898989898989899,0.898989898989899
er4,60,er4_m60_s0,es,1,265,13260,1.39089044725733,89.0,89.0,0.13647818770185474,0.008154690054373456,20,39,50.49858700000914,0.898989898989899,0.898989898989899
er4,60,er4_m60_s0,es,1,270,13510,1.39089044725733,89.0,89.0,0.13647818770185474,0.008154690054373456,20,39,51.457378499995684,0.898989898989899,0.898989898989899
er4,60,er4_m60_s0,es,1,275,13760,1.396584207705087,89.0,89.0,0.15313849369631413,0.004958724678148882,20,39,52.37125759999617,0.898989898989899,0.898989898989899
er4,60,er4_m60_s0,es,1,280,14010,1.3981072995611314,89.0,89.0,0.16661006270498346,0.007242547567736973,20,39,53.36527790001128,0.898989898989899,0.898989898989899
er4,60,er4_m60_s0,es,1,285,14260,1.3981072995611314,89.0,89.0,0.16661006270498346,0.007242547567736973,20,39,54.35007099999348,0.898989898989899,0.898989898989899
er4,60,er4_m60_s0,es,1,290,14510,1.3981072995611314,89.0,89.0,0.16661006270498346,0.007242547567736973,20,39,55.27028210001299,0.898989898989899,0.898989898989899
er4,60,er4_m60_s0,es,1,295,14760,1.3981072995611314,89.0,89.0,0.16661006270498346,0.007242547567736973,20,39,56.19393730000593,0.898989898989899,0.898989898989899
er4,60,er4_m60_s0,es,1,300,15010,1.3981072995611314,89.0,89.0,0.16661006270498346,0.007242547567736973,20,39,57.100898600008804,0.898989898989899,0.898989898989899
er4,60,er4_m60_s0,es,1,305,15260,1.399006843100378,89.0,89.0,0.1604746273990245,0.003594719289846532,20,39,58.017394700000295,0.898989898989899,0.898989898989899
er4,60,er4_m60_s0,es,1,310,15510,1.3991032812370507,89.0,89.0,0.15558378887815366,0.007397450666011954,20,39,59.027485700004036,0.898989898989899,0.898989898989899
er4,60,er4_m60_s0,es,1,315,15760,1.3991032812370507,89.0,89.0,0.15558378887815366,0.007397450666011954,20,39,60.008034400001634,0.898989898989899,0.898989898989899
er4,60,er4_m60_s0,es,1,320,16010,1.3991032812370507,89.0,89.0,0.15558378887815366,0.007397450666011954,20,39,60.97916879999684,0.898989898989899,0.898989898989899
er4,60,er4_m60_s0,es,1,325,16260,1.399686470542355,89.0,89.0,0.15753939349063706,0.0021922445757447118,20,38,61.857739400002174,0.898989898989899,0.898989898989899
er4,60,er4_m60_s0,es,1,330,16510,1.399686470542355,89.0,89.0,0.15753939349063706,0.0021922445757447118,20,38,62.849874900013674,0.898989898989899,0.898989898989899
er4,60,er4_m60_s0,es,1,335,16760,1.399686470542355,89.0,89.0,0.15753939349063706,0.0021922445757447118,20,38,63.777915799990296,0.898989898989899,0.898989898989899
er4,60,er4_m60_s0,es,1,340,17010,1.399686470542355,89.0,89.0,0.15753939349063706,0.0021922445757447118,20,38,64.72122430001036,0.898989898989899,0.898989898989899
er4,60,er4_m60_s0,es,1,345,17260,1.399686470542355,89.0,89.0,0.15753939349063706,0.0021922445757447118,20,38,66.05600010001217,0.898989898989899,0.898989898989899
er4,60,er4_m60_s0,es,1,350,17510,1.399686470542355,89.0,89.0,0.15753939349063706,0.0021922445757447118,20,38,67.010297300003,0.898989898989899,0.898989898989899
er4,60,er4_m60_s0,es,1,355,17760,1.4027381656649773,89.0,89.0,0.1627525763290897,0.013511081162156317,20,38,67.935658900009,0.898989898989899,0.898989898989899
er4,60,er4_m60_s0,es,1,360,18010,1.4027611295716347,89.0,89.0,0.17291865045576157,0.0067105459730248535,20,39,68.93716760000098,0.898989898989899,0.898989898989899
er4,60,er4_m60_s0,es,1,365,18260,1.4027611295716347,89.0,89.0,0.17291865045576157,0.0067105459730248535,20,39,69.86259440000867,0.898989898989899,0.898989898989899
er4,60,er4_m60_s0,es,1,370,18510,1.4027611295716347,89.0,89.0,0.17291865045576157,0.0067105459730248535,20,39,70.83417640000698,0.898989898989899,0.898989898989899
er4,60,er4_m60_s0,es,1,375,18760,1.4027611295716347,89.0,89.0,0.17291865045576157,0.0067105459730248535,20,39,71.86686569999438,0.898989898989899,0.898989898989899
er4,60,er4_m60_s0,es,1,380,19010,1.4027611295716347,89.0,89.0,0.17291865045576157,0.0067105459730248535,20,39,72.83563889999641,0.898989898989899,0.898989898989899
er4,60,er4_m60_s0,es,1,385,19260,1.4027611295716347,89.0,89.0,0.17291865045576157,0.0067105459730248535,20,39,73.87664820000646,0.898989898989899,0.898989898989899
er4,60,er4_m60_s0,es,1,390,19510,1.4027611295716347,89.0,89.0,0.17291865045576157,0.0067105459730248535,20,39,74.85509520000778,0.898989898989899,0.898989898989899
er4,60,er4_m60_s0,es,1,395,19760,1.4027611295716347,89.0,89.0,0.17291865045576157,0.0067105459730248535,20,39,75.70636280000326,0.898989898989899,0.898989898989899
er4,60,er4_m60_s0,es,1,400,20010,1.409676204389353,89.0,89.0,0.17778736371174703,0.0023231298697607896,20,38,76.64778739999747,0.898989898989899,0.898989898989899
er4,60,er4_m60_s0,es+pbil,0,0,10,0.7710230174381983,57.0,61.4,0.03422181726598081,1.0842021724855044e-18,20,32,0.04645969998091459,0.5757575757575758,0.6202020202020202
er4,60,er4_m60_s0,es+pbil,0,5,260,1.0166785344180087,75.0,72.6,0.06079377020526695,0.0006933622785758459,20,42,0.9603753999981564,0.7575757575757576,0.7333333333333333
er4,60,er4_m60_s0,es+pbil,0,10,510,1.1936941139074029,86.0,75.2,0.05286835281774774,0.0009245951682211942,20,36,1.9135321999783628,0.8686868686868687,0.7595959595959596
er4,60,er4_m60_s0,es+pbil,0,15,760,1.1936941139074029,86.0,78.9,0.05286835281774774,0.0009245951682211942,20,36,2.830439999990631,0.8686868686868687,0.796969696969697
er4,60,er4_m60_s0,es+pbil,0,20,1010,1.1936941139074029,86.0,82.6,0.05286835281774774,0.0009245951682211942,20,36,3.764117199985776,0.8686868686868687,0.8343434343434343
er4,60,er4_m60_s0,es+pbil,0,25,1260,1.2335506779422902,89.0,85.1,0.04904195791727235,0.007769850578514023,20,36,4.659534599981271,0.898989898989899,0.8595959595959596
er4,60,er4_m60_s0,es+pbil,0,30,1510,1.2455410412332404,89.0,86.5,0.056375176885304044,0.0031137282454316278,20,36,5.697568699979456,0.898989898989899,0.8737373737373737
er4,60,er4_m60_s0,es+pbil,0,35,1760,1.2455410412332404,89.0,87.8,0.056375176885304044,0.0031137282454316278,20,36,6.542369899980258,0.898989898989899,0.8868686868686868
er4,60,er4_m60_s0,es+pbil,0,40,2010,1.2455410412332404,89.0,88.1,0.056375176885304044,0.0031137282454316278,20,36,7.473460999986855,0.898989898989899,0.8898989898989899
er4,60,er4_m60_s0,es+pbil,0,45,2260,1.2623254621661804,90.0,88.9,0.060802430541883265,0.006251699172467047,20,36,8.454727499978617,0.9090909090909091,0.897979797979798
er4,60,er4_m60_s0,es+pbil,0,50,2510,1.2914228548732434,92.0,89.6,0.06206511868924454,0.0008295884685830604,20,36,9.420002900005784,0.9292929292929293,0.905050505050505
er4,60,er4_m60_s0,es+pbil,0,55,2760,1.2914228548732434,92.0,90.9,0.06206511868924454,0.0008295884685830604,20,36,10.485642899991944,0.9292929292929293,0.9181818181818182
er4,60,er4_m60_s0,es+pbil,0,60,3010,1.2914228548732434,92.0,91.1,0.06206511868924454,0.0008295884685830604,20,36,11.392840999993496,0.9292929292929293,0.9202020202020201
er4,60,er4_m60_s0,es+pbil,0,65,3260,1.2918246513524574,92.0,92.0,0.06022856634846837,0.001682914850165848,20,35,12.352666599996155,0.9292929292929293,0.9292929292929293
er4,60,er4_m60_s0,es+pbil,0,70,3510,1.2918246513524574,92.0,92.0,0.06022856634846837,0.001682914850165848,20,35,13.37023189998581,0.9292929292929293,0.9292929292929293
er4,60,er4_m60_s0,es+pbil,0,75,3760,1.2918246513524574,92.0,92.0,0.06022856634846837,0.001682914850165848,20,35,14.314539099985268,0.9292929292929293,0.9292929292929293
er4,60,er4_m60_s0,es+pbil,0,80,4010,1.2918246513524574,92.0,92.0,0.06022856634846837,0.001682914850165848,20,35,15.223647799983155,0.9292929292929293,0.9292929292929293
er4,60,er4_m60_s0,es+pbil,0,85,4260,1.2918246513524574,92.0,92.0,0.06022856634846837,0.001682914850165848,20,35,16.17767219999223,0.9292929292929293,0.9292929292929293
er4,60,er4_m60_s0,es+pbil,0,90,4510,1.2918246513524574,92.0,92.0,0.06022856634846837,0.001682914850165848,20,35,17.13938939999207,0.9292929292929293,0.9292929292929293
er4,60,er4_m60_s0,es+pbil,0,95,4760,1.3227878334437746,93.0,92.1,0.07617295476125438,0.00795752425927762,20,35,18.13139689998934,0.9393939393939394,0.9303030303030303
er4,60,er4_m60_s0,es+pbil,0,100,5010,1.3302862638244706,93.0,92.6,0.07453249559094531,0.0020606608187748315,20,36,19.024098299996695,0.9393939393939394,0.9353535353535353
er4,60,er4_m60_s0,es+pbil,0,105,5260,1.3302862638244706,93.0,93.0,0.07453249559094531,0.0020606608187748315,20,36,20.055549299984705,0.9393939393939394,0.9393939393939394
er4,60,er4_m60_s0,es+pbil,0,110,5510,1.3302862638244706,93.0,93.0,0.07453249559094531,0.0020606608187748315,20,36,20.960527899995213,0.9393939393939394,0.9393939393939394
er4,60,er4_m60_s0,es+pbil,0,115,5760,1.3302862638244706,93.0,93.0,0.07453249559094531,0.0020606608187748315,20,36,21.91032239998458,0.9393939393939394,0.9393939393939394
er4,60,er4_m60_s0,es+pbil,0,120,6010,1.3302862638244706,93.0,93.0,0.07453249559094531,0.0020606608187748315,20,36,22.870123899978353,0.9393939393939394,0.9393939393939394
er4,60,er4_m60_s0,es+pbil,0,125,6260,1.3302862638244706,93.0,93.0,0.07453249559094531,0.0020606608187748315,20,36,23.784239500004333,0.9393939393939394,0.9393939393939394
er4,60,er4_m60_s0,es+pbil,0,130,6510,1.3452230806112944,92.0,92.9,0.08195807767690297,0.01066050104025366,20,36,24.72420619998593,0.9292929292929293,0.9383838383838384
er4,60,er4_m60_s0,es+pbil,0,135,6760,1.3452230806112944,92.0,92.9,0.08195807767690297,0.01066050104025366,20,36,25.65371879999293,0.9292929292929293,0.9383838383838384
er4,60,er4_m60_s0,es+pbil,0,140,7010,1.3452230806112944,92.0,92.7,0.08195807767690297,0.01066050104025366,20,36,26.640886299981503,0.9292929292929293,0.9363636363636364
er4,60,er4_m60_s0,es+pbil,0,145,7260,1.3452230806112944,92.0,91.7,0.08195807767690297,0.01066050104025366,20,36,27.58547570000519,0.9292929292929293,0.9262626262626263
er4,60,er4_m60_s0,es+pbil,0,150,7510,1.3503917751930279,92.0,92.0,0.08314651079632922,0.0016693604005246603,20,36,28.537830499990378,0.9292929292929293,0.9292929292929293
er4,60,er4_m60_s0,es+pbil,0,155,7760,1.3503917751930279,92.0,92.0,0.08314651079632922,0.0016693604005246603,20,36,29.523354999982985,0.9292929292929293,0.9292929292929293
er4,60,er4_m60_s0,es+pbil,0,160,8010,1.3503917751930279,92.0,92.0,0.08314651079632922,0.0016693604005246603,20,36,30.431137699983083,0.9292929292929293,0.9292929292929293
er4,60,er4_m60_s0,es+pbil,0,165,8260,1.3503917751930279,92.0,92.0,0.08314651079632922,0.0016693604005246603,20,36,31.405830100004096,0.9292929292929293,0.9292929292929293
er4,60,er4_m60_s0,es+pbil,0,170,8510,1.3503917751930279,92.0,92.0,0.08314651079632922,0.0016693604005246603,20,36,32.574989399989136,0.9292929292929293,0.9292929292929293
er4,60,er4_m60_s0,es+pbil,0,175,8760,1.3503917751930279,92.0,92.0,0.08314651079632922,0.0016693604005246603,20,36,33.48383189999731,0.9292929292929293,0.9292929292929293
er4,60,er4_m60_s0,es+pbil,0,180,9010,1.3521328670778356,92.0,92.0,0.09142825003447377,0.0026456528250854514,20,37,34.44250239999383,0.9292929292929293,0.9292929292929293
er4,60,er4_m60_s0,es+pbil,0,185,9260,1.3521328670778356,92.0,92.0,0.09142825003447377,0.0026456528250854514,20,37,35.4025840999966,0.9292929292929293,0.9292929292929293
er4,60,er4_m60_s0,es+pbil,0,190,9510,1.3642924329394917,93.0,92.1,0.09312381166946429,0.0016576295092379997,20,37,36.36816709997947,0.9393939393939394,0.9303030303030303
er4,60,er4_m60_s0,es+pbil,0,195,9760,1.3642924329394917,93.0,92.2,0.09312381166946429,0.0016576295092379997,20,37,37.270877899980405,0.9393939393939394,0.9313131313131313
er4,60,er4_m60_s0,es+pbil,0,200,10010,1.3642924329394917,93.0,92.2,0.09312381166946429,0.0016576295092379997,20,37,38.30117639998207,0.9393939393939394,0.9313131313131313
er4,60,er4_m60_s0,es+pbil,0,205,10260,1.3642924329394917,93.0,92.2,0.09312381166946429,0.0016576295092379997,20,37,39.26514469998074,0.9393939393939394,0.9313131313131313
er4,60,er4_m60_s0,es+pbil,0,210,10510,1.3642924329394917,93.0,92.4,0.09312381166946429,0.0016576295092379997,20,37,40.28795969998464,0.9393939393939394,0.9333333333333333
er4,60,er4_m60_s0,es+pbil,0,215,10760,1.3642924329394917,93.0,92.9,0.09312381166946429,0.0016576295092381108,20,36,41.11473780000233,0.9393939393939394,0.9383838383838384
er4,60,er4_m60_s0,es+pbil,0,220,11010,1.3642924329394917,93.0,93.0,0.09312381166946429,0.0016576295092381108,20,36,42.133310100005474,0.9393939393939394,0.9393939393939394
er4,60,er4_m60_s0,es+pbil,0,225,11260,1.3642924329394917,93.0,93.0,0.09312381166946429,0.0016576295092379997,20,37,43.128977899992606,0.9393939393939394,0.9393939393939394
er4,60,er4_m60_s0,es+pbil,0,230,11510,1.3642924329394917,93.0,93.0,0.09312381166946429,0.0016576295092381108,20,36,44.094977100001415,0.9393939393939394,0.9393939393939394
er4,60,er4_m60_s0,es+pbil,0,235,11760,1.3642924329394917,93.0,93.0,0.09312381166946429,0.0016576295092379997,20,37,45.123578600003384,0.9393939393939394,0.9393939393939394
er4,60,er4_m60_s0,es+pbil,0,240,12010,1.3642924329394917,93.0,93.0,0.09312381166946429,0.0016576295092379997,20,37,46.078131399990525,0.9393939393939394,0.9393939393939394
er4,60,er4_m60_s0,es+pbil,0,245,12260,1.3642924329394917,93.0,93.0,0.09312381166946429,0.0016576295092379997,20,37,47.03815509998822,0.9393939393939394,0.9393939393939394
er4,60,er4_m60_s0,es+pbil,0,250,12510,1.3642924329394917,93.0,93.0,0.09312381166946428,0.001657629509238187,20,37,47.99717769998824,0.9393939393939394,0.9393939393939394
er4,60,er4_m60_s0,es+pbil,0,255,12760,1.3642924329394917,93.0,93.0,0.09312381166946429,0.0016576295092379997,20,37,49.03609249999863,0.9393939393939394,0.9393939393939394
er4,60,er4_m60_s0,es+pbil,0,260,13010,1.3642924329394917,93.0,93.0,0.09312381166946429,0.0016576295092379997,20,37,50.03078390000155,0.9393939393939394,0.9393939393939394
er4,60,er4_m60_s0,es+pbil,0,265,13260,1.3642924329394917,93.0,93.0,0.09312381166946429,0.0016576295092379997,20,37,51.02085440000519,0.9393939393939394,0.9393939393939394
er4,60,er4_m60_s0,es+pbil,0,270,13510,1.3642924329394917,93.0,93.0,0.09312381166946429,0.0016576295092379997,20,37,51.93959949997952,0.9393939393939394,0.9393939393939394
er4,60,er4_m60_s0,es+pbil,0,275,13760,1.3642924329394917,93.0,93.0,0.09312381166946429,0.0016576295092379997,20,37,52.91195759997936,0.9393939393939394,0.9393939393939394
er4,60,er4_m60_s0,es+pbil,0,280,14010,1.3642924329394917,93.0,93.0,0.09312381166946429,0.0016576295092379997,20,37,53.84483600000385,0.9393939393939394,0.9393939393939394
er4,60,er4_m60_s0,es+pbil,0,285,14260,1.3642924329394917,93.0,93.0,0.09312381166946429,0.0016576295092379997,20,37,54.8358384000021,0.9393939393939394,0.9393939393939394
er4,60,er4_m60_s0,es+pbil,0,290,14510,1.3643487427190975,93.0,93.0,0.09829860060949769,0.002265790553935172,20,35,55.78901199999382,0.9393939393939394,0.9393939393939394
er4,60,er4_m60_s0,es+pbil,0,295,14760,1.3643487427190975,93.0,93.0,0.09829860060949769,0.002265790553935172,20,35,56.78554559999611,0.9393939393939394,0.9393939393939394
er4,60,er4_m60_s0,es+pbil,0,300,15010,1.3643487427190975,93.0,93.0,0.09829860060949769,0.002265790553935172,20,35,57.73670859998674,0.9393939393939394,0.9393939393939394
er4,60,er4_m60_s0,es+pbil,0,305,15260,1.3643487427190975,93.0,93.0,0.09829860060949769,0.002265790553935172,20,35,58.677630899997894,0.9393939393939394,0.9393939393939394
er4,60,er4_m60_s0,es+pbil,0,310,15510,1.3643487427190975,93.0,93.0,0.09829860060949769,0.002265790553935172,20,35,59.594912500004284,0.9393939393939394,0.9393939393939394
er4,60,er4_m60_s0,es+pbil,0,315,15760,1.3643487427190975,93.0,93.0,0.09829860060949769,0.002265790553935172,20,35,60.62381469999673,0.9393939393939394,0.9393939393939394
er4,60,er4_m60_s0,es+pbil,0,320,16010,1.3643487427190975,93.0,93.0,0.09829860060949769,0.002265790553935172,20,35,61.62821419999818,0.9393939393939394,0.9393939393939394
er4,60,er4_m60_s0,es+pbil,0,325,16260,1.3675442184022721,93.0,93.0,0.08860517044319616,0.002067855156770583,20,37,62.589993100002175,0.9393939393939394,0.9393939393939394
er4,60,er4_m60_s0,es+pbil,0,330,16510,1.3675442184022721,93.0,93.0,0.08860517044319616,0.002067855156770583,20,37,63.649735899991356,0.9393939393939394,0.9393939393939394
er4,60,er4_m60_s0,es+pbil,0,335,16760,1.3675442184022721,93.0,93.0,0.08860517044319616,0.002067855156770583,20,37,64.55355250000139,0.9393939393939394,0.9393939393939394
er4,60,er4_m60_s0,es+pbil,0,340,17010,1.3675442184022721,93.0,93.0,0.08860517044319616,0.002067855156770583,20,37,65.51222109998344,0.9393939393939394,0.9393939393939394
er4,60,er4_m60_s0,es+pbil,0,345,17260,1.3675442184022721,93.0,93.0,0.08860517044319616,0.002067855156770583,20,37,66.50674879999133,0.9393939393939394,0.9393939393939394
er4,60,er4_m60_s0,es+pbil,0,350,17510,1.3675442184022721,93.0,93.0,0.08860517044319616,0.002067855156770583,20,37,67.81030879999162,0.9393939393939394,0.9393939393939394
er4,60,er4_m60_s0,es+pbil,0,355,17760,1.3675442184022721,93.0,93.0,0.08860517044319616,0.002067855156770583,20,37,68.80098319999524,0.9393939393939394,0.9393939393939394
er4,60,er4_m60_s0,es+pbil,0,360,18010,1.3675442184022721,93.0,93.0,0.08860517044319616,0.002067855156770583,20,37,69.79219369997736,0.9393939393939394,0.9393939393939394
er4,60,er4_m60_s0,es+pbil,0,365,18260,1.3675442184022721,93.0,93.0,0.08860517044319616,0.002067855156770583,20,37,70.76428000000305,0.9393939393939394,0.9393939393939394
er4,60,er4_m60_s0,es+pbil,0,370,18510,1.3675442184022721,93.0,93.0,0.08860517044319616,0.002067855156770583,20,37,71.73212790000252,0.9393939393939394,0.9393939393939394
er4,60,er4_m60_s0,es+pbil,0,375,18760,1.3675442184022721,93.0,93.0,0.08860517044319616,0.002067855156770583,20,37,72.72827069999767,0.9393939393939394,0.9393939393939394
er4,60,er4_m60_s0,es+pbil,0,380,19010,1.3675442184022721,93.0,92.9,0.08860517044319616,0.002067855156770583,20,37,73.77234199998202,0.9393939393939394,0.9383838383838384
er4,60,er4_m60_s0,es+pbil,0,385,19260,1.3779494497973495,92.0,92.7,0.10822444781303739,0.0003058002275483848,20,35,74.72825240000384,0.9292929292929293,0.9363636363636364
er4,60,er4_m60_s0,es+pbil,0,390,19510,1.3779494497973495,92.0,92.7,0.10822444781303739,0.0003058002275483848,20,35,75.68044719999307,0.9292929292929293,0.9363636363636364
er4,60,er4_m60_s0,es+pbil,0,395,19760,1.3779494497973495,92.0,92.6,0.10822444781303739,0.0003058002275483848,20,35,76.64105789997848,0.9292929292929293,0.9353535353535353
er4,60,er4_m60_s0,es+pbil,0,400,20010,1.3797171992860446,92.0,92.5,0.0965859782818062,0.002130493392107677,20,36,77.58484349999344,0.9292929292929293,0.9343434343434344
er4,60,er4_m60_s0,es+pbil,1,0,10,0.6521497513659937,50.0,58.7,0.07304383663338695,0.00098649445651193,20,35,0.03907889997935854,0.5050505050505051,0.592929292929293
er4,60,er4_m60_s0,es+pbil,1,5,260,1.1903344945661154,81.0,76.5,0.0766955182604022,0.0010701424209877686,20,34,1.0288688000000548,0.8181818181818182,0.7727272727272727
er4,60,er4_m60_s0,es+pbil,1,10,510,1.1903344945661154,81.0,80.0,0.0766955182604023,0.001070142420987831,20,34,2.0233938999881502,0.8181818181818182,0.8080808080808081
er4,60,er4_m60_s0,es+pbil,1,15,760,1.1903344945661154,81.0,80.4,0.0766955182604023,0.001070142420987831,20,34,2.9512318999913987,0.8181818181818182,0.8121212121212121
er4,60,er4_m60_s0,es+pbil,1,20,1010,1.2257738386252557,84.0,81.4,0.07922784230613511,0.0020011829912241447,20,34,3.86800439999206,0.8484848484848485,0.8222222222222223
er4,60,er4_m60_s0,es+pbil,1,25,1260,1.2257738386252557,84.0,81.6,0.07922784230613511,0.0020011829912241447,20,34,4.826855599996634,0.8484848484848485,0.8242424242424242
er4,60,er4_m60_s0,es+pbil,1,30,1510,1.2257738386252557,84.0,82.1,0.07922784230613511,0.0020011829912241447,20,34,5.853555599984247,0.8484848484848485,0.8292929292929292
er4,60,er4_m60_s0,es+pbil,1,35,1760,1.2623447244201997,87.0,82.6,0.07681465341579917,4.448865197342758e-05,20,34,6.796809599996777,0.8787878787878788,0.8343434343434343
er4,60,er4_m60_s0,es+pbil,1,40,2010,1.2623447244201997,87.0,84.2,0.07681465341579917,4.448865197342758e-05,20,34,7.745930399978533,0.8787878787878788,0.8505050505050505
er4,60,er4_m60_s0,es+pbil,1,45,2260,1.2623447244201997,87.0,84.8,0.07681465341579917,4.448865197342758e-05,20,34,8.700764099980006,0.8787878787878788,0.8565656565656565
er4,60,er4_m60_s0,es+pbil,1,50,2510,1.2623447244201997,87.0,86.5,0.07681465341579917,4.448865197342758e-05,20,34,9.598206800001208,0.8787878787878788,0.8737373737373737
er4,60,er4_m60_s0,es+pbil,1,55,2760,1.263749364135243,87.0,87.1,0.07722376704725316,0.0003746134689878375,20,34,10.49715319997631,0.8787878787878788,0.8797979797979797
er4,60,er4_m60_s0,es+pbil,1,60,3010,1.263749364135243,87.0,87.0,0.07722376704725316,0.0003746134689878375,20,34,11.505311299988534,0.8787878787878788,0.8787878787878788
er4,60,er4_m60_s0,es+pbil,1,65,3260,1.263749364135243,87.0,87.0,0.07722376704725316,0.0003746134689878375,20,34,12.48000419998425,0.8787878787878788,0.8787878787878788
er4,60,er4_m60_s0,es+pbil,1,70,3510,1.263749364135243,87.0,87.0,0.07722376704725316,0.0003746134689878375,20,34,13.431301499978872,0.8787878787878788,0.8787878787878788
er4,60,er4_m60_s0,es+pbil,1,75,3760,1.2653838693334414,87.0,87.0,0.07950803524702287,0.0005994719949490787,20,34,14.307088000001386,0.8787878787878788,0.8787878787878788
er4,60,er4_m60_s0,es+pbil,1,80,4010,1.2653838693334414,87.0,87.0,0.07950803524702287,0.0005994719949490787,20,34,15.277091299998574,0.8787878787878788,0.8787878787878788
er4,60,er4_m60_s0,es+pbil,1,85,4260,1.2653838693334414,87.0,87.0,0.07950803524702287,0.0005994719949490787,20,34,16.252299599989783,0.8787878787878788,0.8787878787878788
er4,60,er4_m60_s0,es+pbil,1,90,4510,1.2653838693334414,87.0,87.0,0.07950803524702287,0.0005994719949490787,20,34,17.18328769999789,0.8787878787878788,0.8787878787878788
er4,60,er4_m60_s0,es+pbil,1,95,4760,1.2653838693334414,87.0,87.0,0.07950803524702287,0.0005994719949490787,20,34,18.118853599997237,0.8787878787878788,0.8787878787878788
er4,60,er4_m60_s0,es+pbil,1,100,5010,1.2653838693334414,87.0,87.0,0.07950803524702287,0.0005994719949490787,20,34,19.128227899986086,0.8787878787878788,0.8787878787878788
er4,60,er4_m60_s0,es+pbil,1,105,5260,1.265551495309347,88.0,87.1,0.06860688137534435,0.0012793023581582873,20,34,20.064325499988627,0.8888888888888888,0.8797979797979797
er4,60,er4_m60_s0,es+pbil,1,110,5510,1.265551495309347,88.0,87.2,0.06860688137534435,0.0012793023581582873,20,34,20.89602559999912,0.8888888888888888,0.8808080808080808
er4,60,er4_m60_s0,es+pbil,1,115,5760,1.265551495309347,88.0,87.2,0.06860688137534435,0.0012793023581582873,20,34,21.76083379998454,0.8888888888888888,0.8808080808080808
er4,60,er4_m60_s0,es+pbil,1,120,6010,1.27626655666054,87.0,87.2,0.0785721941166757,0.0010720552702766645,20,34,22.69575799998711,0.8787878787878788,0.8808080808080808
er4,60,er4_m60_s0,es+pbil,1,125,6260,1.27626655666054,87.0,87.2,0.07857219411667582,0.0010720552702766922,20,33,23.579357299982803,0.8787878787878788,0.8808080808080808
er4,60,er4_m60_s0,es+pbil,1,130,6510,1.27626655666054,87.0,87.7,0.07857219411667582,0.0010720552702766922,20,33,24.581830999988597,0.8787878787878788,0.8858585858585859
er4,60,er4_m60_s0,es+pbil,1,135,6760,1.276792166662535,88.0,87.2,0.06944780136968144,0.0020284429794912018,20,35,25.46645839998382,0.8888888888888888,0.8808080808080808
er4,60,er4_m60_s0,es+pbil,1,140,7010,1.276792166662535,88.0,87.2,0.06944780136968144,0.0020284429794912018,20,35,26.389135799981887,0.8888888888888888,0.8808080808080808
er4,60,er4_m60_s0,es+pbil,1,145,7260,1.276792166662535,88.0,87.3,0.06944780136968144,0.0020284429794912018,20,35,27.312602199992398,0.8888888888888888,0.8818181818181818
er4,60,er4_m60_s0,es+pbil,1,150,7510,1.279648112598606,87.0,87.6,0.0890269664015921,0.00037763104361631175,20,35,28.270681099995272,0.8787878787878788,0.8848484848484848
er4,60,er4_m60_s0,es+pbil,1,155,7760,1.279648112598606,87.0,87.9,0.0890269664015921,0.00037763104361631175,20,35,29.239597499981755,0.8787878787878788,0.8878787878787879
er4,60,er4_m60_s0,es+pbil,1,160,8010,1.2881520038606225,89.0,88.2,0.06584342665501192,0.0012793023581582769,20,35,30.147440899978392,0.898989898989899,0.890909090909091
er4,60,er4_m60_s0,es+pbil,1,165,8260,1.294660246388391,90.0,88.4,0.06487355752189342,0.002992262308642822,20,36,31.1630011999805,0.9090909090909091,0.892929292929293
er4,60,er4_m60_s0,es+pbil,1,170,8510,1.294660246388391,90.0,88.7,0.06487355752189342,0.002992262308642822,20,36,32.10547349997796,0.9090909090909091,0.895959595959596
er4,60,er4_m60_s0,es+pbil,1,175,8760,1.2946602463883912,90.0,89.3,0.06487355752189355,0.002992262308642947,20,36,33.028624200000195,0.9090909090909091,0.9020202020202019
er4,60,er4_m60_s0,es+pbil,1,180,9010,1.2946602463883912,90.0,89.2,0.06487355752189355,0.002992262308642947,20,36,34.00978729999042,0.9090909090909091,0.901010101010101
er4,60,er4_m60_s0,es+pbil,1,185,9260,1.2946602463883912,90.0,90.0,0.06487355752189355,0.002992262308642947,20,36,34.99119589998736,0.9090909090909091,0.9090909090909091
er4,60,er4_m60_s0,es+pbil,1,190,9510,1.3103518131078356,91.0,90.1,0.07212040796981917,0.0005091926653701413,20,36,35.946128999989014,0.9191919191919192,0.9101010101010101
er4,60,er4_m60_s0,es+pbil,1,195,9760,1.3103518131078356,91.0,90.1,0.07212040796981917,0.0005091926653701413,20,36,36.89301709999563,0.9191919191919192,0.9101010101010101
er4,60,er4_m60_s0,es+pbil,1,200,10010,1.3103518131078356,91.0,90.1,0.07212040796981917,0.0005091926653701413,20,36,37.86607170000207,0.9191919191919192,0.9101010101010101
er4,60,er4_m60_s0,es+pbil,1,205,10260,1.3103518131078356,91.0,90.3,0.07212040796981917,0.0005091926653701413,20,36,38.809333299985155,0.9191919191919192,0.9121212121212121
er4,60,er4_m60_s0,es+pbil,1,210,10510,1.3103518131078356,91.0,90.4,0.07212040796981917,0.0005091926653701413,20,36,39.816367399995215,0.9191919191919192,0.9131313131313132
er4,60,er4_m60_s0,es+pbil,1,215,10760,1.3103518131078356,91.0,90.8,0.07212040796981917,0.0005091926653701413,20,36,40.68313510000007,0.9191919191919192,0.9171717171717172
er4,60,er4_m60_s0,es+pbil,1,220,11010,1.3103518131078356,91.0,91.0,0.07212040796981917,0.0005091926653701413,20,36,41.78641319999588,0.9191919191919192,0.9191919191919192
er4,60,er4_m60_s0,es+pbil,1,225,11260,1.3103518131078356,91.0,91.0,0.07212040796981917,0.0005091926653701413,20,36,42.70701369998278,0.9191919191919192,0.9191919191919192
er4,60,er4_m60_s0,es+pbil,1,230,11510,1.3103518131078356,91.0,91.0,0.07212040796981917,0.0005091926653701413,20,36,43.68980140000349,0.9191919191919192,0.9191919191919192
er4,60,er4_m60_s0,es+pbil,1,235,11760,1.3103518131078356,91.0,91.0,0.07212040796981917,0.0005091926653701413,20,36,44.71125269998447,0.9191919191919192,0.9191919191919192
er4,60,er4_m60_s0,es+pbil,1,240,12010,1.3103518131078356,91.0,91.0,0.07212040796981917,0.0005091926653701413,20,36,45.73142219998408,0.9191919191919192,0.9191919191919192
er4,60,er4_m60_s0,es+pbil,1,245,12260,1.3103518131078356,91.0,91.0,0.07212040796981917,0.0005091926653701413,20,36,46.71047369998996,0.9191919191919192,0.9191919191919192
er4,60,er4_m60_s0,es+pbil,1,250,12510,1.3103518131078356,91.0,91.0,0.07212040796981917,0.0005091926653701413,20,36,47.598875299998326,0.9191919191919192,0.9191919191919192
er4,60,er4_m60_s0,es+pbil,1,255,12760,1.3114817323846668,91.0,91.0,0.08380087227502234,0.0005091926653701465,20,36,48.513882899977034,0.9191919191919192,0.9191919191919192
er4,60,er4_m60_s0,es+pbil,1,260,13010,1.3138086774086473,91.0,91.0,0.0759497166290213,7.604257067849243e-06,20,36,49.405939099990064,0.9191919191919192,0.9191919191919192
er4,60,er4_m60_s0,es+pbil,1,265,13260,1.3138086774086473,91.0,91.0,0.0759497166290213,7.604257067849243e-06,20,36,50.32735690000118,0.9191919191919192,0.9191919191919192
er4,60,er4_m60_s0,es+pbil,1,270,13510,1.3138086774086473,91.0,91.0,0.0759497166290213,7.604257067849243e-06,20,36,51.31461279999348,0.9191919191919192,0.9191919191919192
er4,60,er4_m60_s0,es+pbil,1,275,13760,1.3160481226742702,91.0,91.0,0.0797478949334359,0.0007104387968043177,20,34,52.19946619999246,0.9191919191919192,0.9191919191919192
er4,60,er4_m60_s0,es+pbil,1,280,14010,1.3242019989775797,91.0,91.0,0.08085211691778049,0.0008902972916650202,20,36,53.13710880000144,0.9191919191919192,0.9191919191919192
er4,60,er4_m60_s0,es+pbil,1,285,14260,1.3242019989775797,91.0,90.9,0.08085211691778049,0.0008902972916650202,20,36,54.01769619999686,0.9191919191919192,0.9181818181818182
er4,60,er4_m60_s0,es+pbil,1,290,14510,1.3242019989775797,91.0,90.7,0.08085211691778049,0.0008902972916650202,20,36,54.99040509999031,0.9191919191919192,0.9161616161616162
er4,60,er4_m60_s0,es+pbil,1,295,14760,1.3242019989775797,91.0,90.7,0.08085211691778049,0.0008902972916650202,20,36,55.913903599983314,0.9191919191919192,0.9161616161616162
er4,60,er4_m60_s0,es+pbil,1,300,15010,1.3244818954338777,91.0,90.9,0.08085211691778069,0.0002030196871060791,20,34,56.82668859997648,0.9191919191919192,0.9181818181818182
er4,60,er4_m60_s0,es+pbil,1,305,15260,1.3260202041653482,91.0,91.0,0.0809733308844943,0.002014217317666732,20,36,57.79704710000078,0.9191919191919192,0.9191919191919192
er4,60,er4_m60_s0,es+pbil,1,310,15510,1.3260202041653482,91.0,91.0,0.0809733308844943,0.002014217317666732,20,36,58.72696810000343,0.9191919191919192,0.9191919191919192
er4,60,er4_m60_s0,es+pbil,1,315,15760,1.3260202041653482,91.0,91.0,0.0809733308844943,0.002014217317666732,20,36,59.62223079998512,0.9191919191919192,0.9191919191919192
er4,60,er4_m60_s0,es+pbil,1,320,16010,1.3260202041653482,91.0,91.0,0.0809733308844943,0.002014217317666732,20,36,60.517406600003596,0.9191919191919192,0.9191919191919192
er4,60,er4_m60_s0,es+pbil,1,325,16260,1.3260202041653482,91.0,91.0,0.0809733308844943,0.002014217317666732,20,36,61.42685259997961,0.9191919191919192,0.9191919191919192
er4,60,er4_m60_s0,es+pbil,1,330,16510,1.3260202041653482,91.0,91.0,0.0809733308844943,0.002014217317666732,20,36,62.34747859998606,0.9191919191919192,0.9191919191919192
er4,60,er4_m60_s0,es+pbil,1,335,16760,1.3260202041653482,91.0,91.0,0.0809733308844943,0.002014217317666732,20,36,63.25322809998761,0.9191919191919192,0.9191919191919192
er4,60,er4_m60_s0,es+pbil,1,340,17010,1.3261108445817156,91.0,91.0,0.08112839914663514,0.0014721707257093642,20,35,64.23293269998976,0.9191919191919192,0.9191919191919192
er4,60,er4_m60_s0,es+pbil,1,345,17260,1.3261108445817156,91.0,91.0,0.08112839914663514,0.0014721707257093642,20,35,65.16801130000385,0.9191919191919192,0.9191919191919192
er4,60,er4_m60_s0,es+pbil,1,350,17510,1.3261108445817156,91.0,91.0,0.08112839914663514,0.0014721707257093642,20,35,66.1332724999811,0.9191919191919192,0.9191919191919192
er4,60,er4_m60_s0,es+pbil,1,355,17760,1.3296890342598187,91.0,91.0,0.08097333088449434,0.0028950989490511047,20,36,67.55357489999733,0.9191919191919192,0.9191919191919192
er4,60,er4_m60_s0,es+pbil,1,360,18010,1.3296890342598187,91.0,91.0,0.08097333088449434,0.0028950989490511047,20,36,68.56967080000322,0.9191919191919192,0.9191919191919192
er4,60,er4_m60_s0,es+pbil,1,365,18260,1.3297978468040272,91.0,91.0,0.08152989091501933,0.00289509894905113,20,35,69.51347899998655,0.9191919191919192,0.9191919191919192
er4,60,er4_m60_s0,es+pbil,1,370,18510,1.3297978468040272,91.0,91.0,0.08152989091501933,0.00289509894905113,20,35,70.49697449998348,0.9191919191919192,0.9191919191919192
er4,60,er4_m60_s0,es+pbil,1,375,18760,1.3301144452438984,91.0,91.0,0.07105215079455035,0.001119050291306883,20,34,71.42101579997689,0.9191919191919192,0.9191919191919192
er4,60,er4_m60_s0,es+pbil,1,380,19010,1.3301144452438984,91.0,91.0,0.07105215079455035,0.001119050291306883,20,34,72.30348109998158,0.9191919191919192,0.9191919191919192
er4,60,er4_m60_s0,es+pbil,1,385,19260,1.3301144452438984,91.0,91.0,0.07105215079455035,0.001119050291306883,20,34,73.22071279998636,0.9191919191919192,0.9191919191919192
er4,60,er4_m60_s0,es+pbil,1,390,19510,1.3335231845149262,91.0,91.0,0.08845122595229771,0.0031300493550700734,20,35,74.21028279999155,0.9191919191919192,0.9191919191919192
er4,60,er4_m60_s0,es+pbil,1,395,19760,1.3345203136476738,91.0,91.0,0.08335406853536087,0.0011743456649810288,20,35,75.15953439997975,0.9191919191919192,0.9191919191919192
er4,60,er4_m60_s0,es+pbil,1,400,20010,1.3345203136476738,91.0,91.0,0.08335406853536087,0.0011743456649810288,20,35,76.0859630999912,0.9191919191919192,0.9191919191919192
er4,60,er4_m60_s0,es+gpt,0,0,10,0.7710230174381983,57.0,61.4,0.03422181726598081,1.0842021724855044e-18,20,32,0.0353078999905847,0.5757575757575758,0.6202020202020202
er4,60,er4_m60_s0,es+gpt,0,5,260,1.0266280449656404,73.0,72.3,0.07780540628651808,0.003571914455410486,20,36,9.214613499992993,0.7373737373737373,0.7303030303030302
er4,60,er4_m60_s0,es+gpt,0,10,510,1.0778125425846077,77.0,75.1,0.09376611510811415,0.0006290080691281844,20,36,18.426126999984263,0.7777777777777778,0.7585858585858585
er4,60,er4_m60_s0,es+gpt,0,15,760,1.103735769546274,79.0,77.2,0.07532709779033925,0.0009711382515009918,20,34,27.89988509999239,0.797979797979798,0.7797979797979798
er4,60,er4_m60_s0,es+gpt,0,20,1010,1.103735769546274,79.0,77.8,0.07532709779033925,0.0009711382515009918,20,34,37.16038769998704,0.797979797979798,0.7858585858585858
er4,60,er4_m60_s0,es+gpt,0,25,1260,1.1046408159141687,79.0,79.0,0.07639400779738806,0.002560135115379794,20,34,46.55762379997759,0.797979797979798,0.797979797979798
er4,60,er4_m60_s0,es+gpt,0,30,1510,1.1290710398238983,81.0,79.4,0.05089031445198923,0.0033876001208375606,20,33,55.64614899997832,0.8181818181818182,0.8020202020202021
er4,60,er4_m60_s0,es+gpt,0,35,1760,1.1290710398238983,81.0,79.4,0.05089031445198923,0.0033876001208375606,20,33,64.9744323999912,0.8181818181818182,0.8020202020202021
er4,60,er4_m60_s0,es+gpt,0,40,2010,1.1637335642655564,81.0,80.1,0.07174850885577716,0.0015825502183810687,20,35,74.36779259998002,0.8181818181818182,0.8090909090909091
er4,60,er4_m60_s0,es+gpt,0,45,2260,1.2116352067607294,84.0,81.3,0.06756050979460046,0.00028790083096601887,20,34,83.70249359999434,0.8484848484848485,0.8212121212121212
er4,60,er4_m60_s0,es+gpt,0,50,2510,1.2378584076708314,86.0,83.6,0.07098372327939317,0.0009546260958822224,20,34,93.20089059998281,0.8686868686868687,0.8444444444444444
er4,60,er4_m60_s0,es+gpt,0,55,2760,1.2505528103634502,86.0,85.1,0.09931978764488643,0.0009546260958821946,20,34,102.45897179999156,0.8686868686868687,0.8595959595959596
er4,60,er4_m60_s0,es+gpt,0,60,3010,1.2505528103634502,86.0,85.4,0.09931978764488643,0.0009546260958821946,20,34,111.80158549998305,0.8686868686868687,0.8626262626262626
er4,60,er4_m60_s0,es+gpt,0,65,3260,1.2523210085570449,86.0,85.6,0.07186477644257606,0.0009546260958822154,20,33,121.11973169998964,0.8686868686868687,0.8646464646464646
er4,60,er4_m60_s0,es+gpt,0,70,3510,1.2523210085570449,86.0,85.7,0.07186477644257606,0.0009546260958822154,20,33,130.33520459997817,0.8686868686868687,0.8656565656565657
er4,60,er4_m60_s0,es+gpt,0,75,3760,1.2523210085570449,86.0,85.8,0.07186477644257606,0.0009546260958822154,20,33,139.6058170000033,0.8686868686868687,0.8666666666666666
er4,60,er4_m60_s0,es+gpt,0,80,4010,1.2523210085570449,86.0,85.8,0.07186477644257606,0.0009546260958822154,20,33,148.93083589998423,0.8686868686868687,0.8666666666666666
er4,60,er4_m60_s0,es+gpt,0,85,4260,1.2523210085570449,86.0,85.5,0.07186477644257606,0.0009546260958822154,20,33,158.03149459999986,0.8686868686868687,0.8636363636363636
er4,60,er4_m60_s0,es+gpt,0,90,4510,1.2531020264068229,86.0,85.5,0.10173293741208637,0.0006815010239960978,20,34,167.595708799985,0.8686868686868687,0.8636363636363636
er4,60,er4_m60_s0,es+gpt,0,95,4760,1.2534089763845222,85.0,85.7,0.1101593062915096,0.0007220253153997856,20,35,176.7156615999993,0.8585858585858586,0.8656565656565657
er4,60,er4_m60_s0,es+gpt,0,100,5010,1.2565301982426524,86.0,85.7,0.07290957779906851,0.0014002204386859857,20,34,185.90138709999155,0.8686868686868687,0.8656565656565657
er4,60,er4_m60_s0,es+gpt,0,105,5260,1.2656858913093234,86.0,85.7,0.1063996252676993,1.2722117759853685e-05,20,34,195.1544970999821,0.8686868686868687,0.8656565656565657
er4,60,er4_m60_s0,es+gpt,0,110,5510,1.267228822880824,86.0,85.7,0.10684416837190687,0.0006332810410944224,20,35,204.3805563999922,0.8686868686868687,0.8656565656565657
er4,60,er4_m60_s0,es+gpt,0,115,5760,1.267228822880824,86.0,86.0,0.10684416837190687,0.0006332810410944224,20,35,213.46589619998122,0.8686868686868687,0.8686868686868687
er4,60,er4_m60_s0,es+gpt,0,120,6010,1.267228822880824,86.0,86.0,0.10684416837190687,0.0006332810410944224,20,35,222.78872859998955,0.8686868686868687,0.8686868686868687
er4,60,er4_m60_s0,es+gpt,0,125,6260,1.267228822880824,86.0,86.0,0.10684416837190687,0.0006332810410944224,20,35,232.05844399999478,0.8686868686868687,0.8686868686868687
er4,60,er4_m60_s0,es+gpt,0,130,6510,1.267228822880824,86.0,86.0,0.10684416837190687,0.0006332810410944224,20,35,241.22795760000008,0.8686868686868687,0.8686868686868687
er4,60,er4_m60_s0,es+gpt,0,135,6760,1.267228822880824,86.0,86.0,0.10684416837190687,0.0006332810410944224,20,35,250.54983099998208,0.8686868686868687,0.8686868686868687
er4,60,er4_m60_s0,es+gpt,0,140,7010,1.267228822880824,86.0,86.0,0.10684416837190687,0.0006332810410944224,20,35,259.8466709999775,0.8686868686868687,0.8686868686868687
er4,60,er4_m60_s0,es+gpt,0,145,7260,1.267228822880824,86.0,86.0,0.10684416837190687,0.0006332810410944224,20,35,269.21515999999247,0.8686868686868687,0.8686868686868687
er4,60,er4_m60_s0,es+gpt,0,150,7510,1.267228822880824,86.0,86.0,0.10684416837190687,0.0006332810410944224,20,35,278.38606900000013,0.8686868686868687,0.8686868686868687
er4,60,er4_m60_s0,es+gpt,0,155,7760,1.2684275404093543,86.0,86.0,0.10347939753411058,0.0021921421903867977,20,35,287.52952549999463,0.8686868686868687,0.8686868686868687
er4,60,er4_m60_s0,es+gpt,0,160,8010,1.2688629569469891,86.0,86.0,0.10920781414981792,0.00109683280475888,20,36,296.8189981000032,0.8686868686868687,0.8686868686868687
er4,60,er4_m60_s0,es+gpt,0,165,8260,1.2688629569469891,86.0,86.0,0.10920781414981792,0.00109683280475888,20,36,306.1775848999969,0.8686868686868687,0.8686868686868687
er4,60,er4_m60_s0,es+gpt,0,170,8510,1.2688629569469891,86.0,86.0,0.10920781414981792,0.00109683280475888,20,36,315.55047239997657,0.8686868686868687,0.8686868686868687
er4,60,er4_m60_s0,es+gpt,0,175,8760,1.2715070051601634,86.0,86.0,0.10102094881181438,0.0009287754666087132,20,33,324.9749505999789,0.8686868686868687,0.8686868686868687
er4,60,er4_m60_s0,es+gpt,0,180,9010,1.2715070051601634,86.0,86.0,0.10102094881181438,0.0009287754666087132,20,33,334.30662989997654,0.8686868686868687,0.8686868686868687
er4,60,er4_m60_s0,es+gpt,0,185,9260,1.2715070051601634,86.0,86.0,0.10102094881181438,0.0009287754666087132,20,33,343.65266289998544,0.8686868686868687,0.8686868686868687
er4,60,er4_m60_s0,es+gpt,0,190,9510,1.2715070051601634,86.0,86.0,0.10102094881181438,0.0009287754666087132,20,33,352.8768385000003,0.8686868686868687,0.8686868686868687
er4,60,er4_m60_s0,es+gpt,0,195,9760,1.273231963266092,86.0,86.0,0.10050077265453372,0.0001473443198455049,20,33,362.26524089998566,0.8686868686868687,0.8686868686868687
er4,60,er4_m60_s0,es+gpt,0,200,10010,1.273231963266092,86.0,86.0,0.10050077265453372,0.0001473443198455049,20,33,371.3825964999851,0.8686868686868687,0.8686868686868687
er4,60,er4_m60_s0,es+gpt,0,205,10260,1.2819442536943082,86.0,86.0,0.12368322309484955,0.004938116879385987,20,33,380.3341190999781,0.8686868686868687,0.8686868686868687
er4,60,er4_m60_s0,es+gpt,0,210,10510,1.2819442536943082,86.0,86.0,0.12368322309484955,0.004938116879385987,20,33,389.2886771999765,0.8686868686868687,0.8686868686868687
er4,60,er4_m60_s0,es+gpt,0,215,10760,1.2829931134348354,86.0,86.0,0.1307029653887597,0.0024602695077756698,20,32,398.57282099997974,0.8686868686868687,0.8686868686868687
er4,60,er4_m60_s0,es+gpt,0,220,11010,1.289457903162414,86.0,86.0,0.10554885934159558,0.0021596427336423585,20,33,407.96871699998155,0.8686868686868687,0.8686868686868687
er4,60,er4_m60_s0,es+gpt,0,225,11260,1.289457903162414,86.0,86.0,0.10554885934159558,0.0021596427336423585,20,33,417.5972357999999,0.8686868686868687,0.8686868686868687
er4,60,er4_m60_s0,es+gpt,0,230,11510,1.289457903162414,86.0,86.0,0.10554885934159558,0.0021596427336423585,20,33,426.9281154999917,0.8686868686868687,0.8686868686868687
er4,60,er4_m60_s0,es+gpt,0,235,11760,1.289457903162414,86.0,86.0,0.10554885934159558,0.0021596427336423585,20,33,436.2882055999944,0.8686868686868687,0.8686868686868687
er4,60,er4_m60_s0,es+gpt,0,240,12010,1.289457903162414,86.0,86.0,0.10554885934159558,0.0021596427336423585,20,33,445.56671240000287,0.8686868686868687,0.8686868686868687
er4,60,er4_m60_s0,es+gpt,0,245,12260,1.2993194784825666,86.0,86.0,0.11781569983771063,0.0020922058154669715,20,33,454.7684844000032,0.8686868686868687,0.8686868686868687
er4,60,er4_m60_s0,es+gpt,0,250,12510,1.2993194784825666,86.0,86.0,0.11781569983771063,0.0020922058154669715,20,33,464.22339989998727,0.8686868686868687,0.8686868686868687
er4,60,er4_m60_s0,es+gpt,0,255,12760,1.2993194784825666,86.0,86.0,0.11781569983771063,0.0020922058154669715,20,33,473.3781118999759,0.8686868686868687,0.8686868686868687
er4,60,er4_m60_s0,es+gpt,0,260,13010,1.30258465870388,86.0,86.0,0.11907284908276125,0.00019274182002268492,20,33,482.7371309000009,0.8686868686868687,0.8686868686868687
er4,60,er4_m60_s0,es+gpt,0,265,13260,1.30258465870388,86.0,86.0,0.11907284908276125,0.00019274182002268492,20,33,492.162642899988,0.8686868686868687,0.8686868686868687
er4,60,er4_m60_s0,es+gpt,0,270,13510,1.3125271399789147,87.0,86.1,0.11641005073030504,0.0003783576318371479,20,33,501.4065694999881,0.8787878787878788,0.8696969696969696
er4,60,er4_m60_s0,es+gpt,0,275,13760,1.3125271399789147,87.0,86.2,0.11641005073030504,0.0003783576318371479,20,33,510.8650989999878,0.8787878787878788,0.8707070707070708
er4,60,er4_m60_s0,es+gpt,0,280,14010,1.3125271399789147,87.0,86.4,0.11641005073030504,0.0003783576318371479,20,33,520.2821449000039,0.8787878787878788,0.8727272727272728
er4,60,er4_m60_s0,es+gpt,0,285,14260,1.3126822430523337,87.0,86.7,0.1327955612395164,0.0002531665905438074,20,33,529.7492424999946,0.8787878787878788,0.8757575757575757
er4,60,er4_m60_s0,es+gpt,0,290,14510,1.3126822430523337,87.0,86.8,0.1327955612395164,0.0002531665905438074,20,33,538.993802299985,0.8787878787878788,0.8767676767676768
er4,60,er4_m60_s0,es+gpt,0,295,14760,1.3126822430523337,87.0,87.0,0.1327955612395164,0.0002531665905438074,20,33,548.3764668999938,0.8787878787878788,0.8787878787878788
er4,60,er4_m60_s0,es+gpt,0,300,15010,1.3126822430523337,87.0,87.0,0.1327955612395164,0.0002531665905438074,20,33,557.7792980999802,0.8787878787878788,0.8787878787878788
er4,60,er4_m60_s0,es+gpt,0,305,15260,1.3169560574046757,87.0,87.0,0.11346566751864742,0.0007164251404740696,20,33,567.297819200001,0.8787878787878788,0.8787878787878788
er4,60,er4_m60_s0,es+gpt,0,310,15510,1.3169560574046757,87.0,87.0,0.11346566751864742,0.0007164251404740696,20,33,576.6083242000022,0.8787878787878788,0.8787878787878788
er4,60,er4_m60_s0,es+gpt,0,315,15760,1.317298624462086,87.0,87.0,0.11628362146335477,0.0009543814438960387,20,34,585.9386904999847,0.8787878787878788,0.8787878787878788
er4,60,er4_m60_s0,es+gpt,0,320,16010,1.317298624462086,87.0,87.0,0.11628362146335477,0.0009543814438960387,20,34,595.1589636999997,0.8787878787878788,0.8787878787878788
er4,60,er4_m60_s0,es+gpt,0,325,16260,1.3243787738533046,88.0,87.1,0.10795190120252317,0.00048621993047417295,20,34,604.210949100001,0.8888888888888888,0.8797979797979797
er4,60,er4_m60_s0,es+gpt,0,330,16510,1.3243787738533046,88.0,87.2,0.10795190120252317,0.00048621993047417295,20,34,613.5988343999779,0.8888888888888888,0.8808080808080808
er4,60,er4_m60_s0,es+gpt,0,335,16760,1.3243787738533046,88.0,87.2,0.10795190120252317,0.00048621993047417295,20,34,623.0451579999935,0.8888888888888888,0.8808080808080808
er4,60,er4_m60_s0,es+gpt,0,340,17010,1.3243787738533046,88.0,87.4,0.10795190120252317,0.00048621993047417295,20,34,632.6311823999858,0.8888888888888888,0.8828282828282829
er4,60,er4_m60_s0,es+gpt,0,345,17260,1.3245838366913893,88.0,88.0,0.11522631304015324,0.0004862199304740966,20,34,641.969666399993,0.8888888888888888,0.8888888888888888
er4,60,er4_m60_s0,es+gpt,0,350,17510,1.3296603520728942,88.0,88.0,0.10356371715893094,0.000972454709350791,20,33,651.3366074999794,0.8888888888888888,0.8888888888888888
er4,60,er4_m60_s0,es+gpt,0,355,17760,1.3296603520728942,88.0,88.0,0.10356371715893094,0.000972454709350791,20,33,660.6754233999818,0.8888888888888888,0.8888888888888888
er4,60,er4_m60_s0,es+gpt,0,360,18010,1.3299671405701479,88.0,88.0,0.10944629977969889,0.003111987319076512,20,33,670.2876808999863,0.8888888888888888,0.8888888888888888
er4,60,er4_m60_s0,es+gpt,0,365,18260,1.3299671405701479,88.0,88.0,0.10944629977969889,0.003111987319076512,20,33,679.5647031999833,0.8888888888888888,0.8888888888888888
er4,60,er4_m60_s0,es+gpt,0,370,18510,1.3299671405701479,88.0,88.0,0.10944629977969889,0.003111987319076512,20,33,688.8862445999985,0.8888888888888888,0.8888888888888888
er4,60,er4_m60_s0,es+gpt,0,375,18760,1.3299671405701479,88.0,88.0,0.10944629977969889,0.003111987319076512,20,33,698.4304700999928,0.8888888888888888,0.8888888888888888
er4,60,er4_m60_s0,es+gpt,0,380,19010,1.3308727513453837,88.0,88.0,0.10928408581145455,2.3356353750968173e-05,20,34,707.4976529999985,0.8888888888888888,0.8888888888888888
er4,60,er4_m60_s0,es+gpt,0,385,19260,1.3308727513453837,88.0,88.0,0.10928408581145455,2.3356353750968173e-05,20,34,716.8235776999791,0.8888888888888888,0.8888888888888888
er4,60,er4_m60_s0,es+gpt,0,390,19510,1.3308761934247666,88.0,88.0,0.11110289661363601,0.0002447579416037359,20,32,726.3067699999956,0.8888888888888888,0.8888888888888888
er4,60,er4_m60_s0,es+gpt,0,395,19760,1.3308761934247666,88.0,88.0,0.11110289661363601,0.0002447579416037359,20,32,735.694783199986,0.8888888888888888,0.8888888888888888
er4,60,er4_m60_s0,es+gpt,0,400,20010,1.3308761934247666,88.0,88.0,0.11110289661363601,0.0002447579416037359,20,32,745.0582924999762,0.8888888888888888,0.8888888888888888
er4,60,er4_m60_s0,es+gpt,1,0,10,0.6521497513659937,50.0,58.7,0.07304383663338695,0.00098649445651193,20,35,0.0394564000016544,0.5050505050505051,0.592929292929293
er4,60,er4_m60_s0,es+gpt,1,5,260,1.051570616854564,75.0,72.2,0.0615185222293998,0.0014309588972943599,20,36,9.328658999991603,0.7575757575757576,0.7292929292929293
er4,60,er4_m60_s0,es+gpt,1,10,510,1.102951159957278,79.0,75.8,0.0576464187310664,0.001322777458643884,20,36,18.489321000000928,0.797979797979798,0.7656565656565656
er4,60,er4_m60_s0,es+gpt,1,15,760,1.138300093025327,79.0,78.4,0.08481436370154771,0.0013116722714479612,20,35,28.08502810000209,0.797979797979798,0.791919191919192
er4,60,er4_m60_s0,es+gpt,1,20,1010,1.1939882003333129,83.0,79.5,0.08144588470401597,0.0010661758257392573,20,35,37.11286639998434,0.8383838383838383,0.803030303030303
er4,60,er4_m60_s0,es+gpt,1,25,1260,1.1966272251562922,83.0,81.1,0.07970805206248399,5.793314882142353e-05,20,35,46.18485809999402,0.8383838383838383,0.8191919191919191
er4,60,er4_m60_s0,es+gpt,1,30,1510,1.1966272251562922,83.0,81.4,0.07970805206248399,5.793314882142353e-05,20,35,55.175687599985395,0.8383838383838383,0.8222222222222223
er4,60,er4_m60_s0,es+gpt,1,35,1760,1.1966272251562922,83.0,82.3,0.07970805206248399,5.793314882142353e-05,20,35,64.11737449999782,0.8383838383838383,0.8313131313131313
er4,60,er4_m60_s0,es+gpt,1,40,2010,1.1970438894918525,83.0,83.0,0.08363161999716147,5.0306980803327406e-17,20,34,73.1235633000033,0.8383838383838383,0.8383838383838383
er4,60,er4_m60_s0,es+gpt,1,45,2260,1.1970438894918525,83.0,83.0,0.08363161999716147,5.0306980803327406e-17,20,34,81.9159754999855,0.8383838383838383,0.8383838383838383
er4,60,er4_m60_s0,es+gpt,1,50,2510,1.2104218159132571,84.0,83.1,0.08363161999716132,3.9898639947466563e-17,20,33,91.09201359999133,0.8484848484848485,0.8393939393939394
er4,60,er4_m60_s0,es+gpt,1,55,2760,1.2104218159132571,84.0,83.2,0.08363161999716132,3.9898639947466563e-17,20,33,100.08067870000377,0.8484848484848485,0.8404040404040405
er4,60,er4_m60_s0,es+gpt,1,60,3010,1.2138811373253,84.0,83.3,0.09486925998835495,8.153200337090993e-17,20,33,109.09146719999262,0.8484848484848485,0.8414141414141414
er4,60,er4_m60_s0,es+gpt,1,65,3260,1.2193903625107738,84.0,84.0,0.08733090551569342,1.3877787807814457e-17,20,32,118.14358609999181,0.8484848484848485,0.8484848484848485
er4,60,er4_m60_s0,es+gpt,1,70,3510,1.2293378184044037,84.0,84.0,0.08834969422843347,3.122502256758253e-17,20,34,127.3104972000001,0.8484848484848485,0.8484848484848485
er4,60,er4_m60_s0,es+gpt,1,75,3760,1.234712413514331,84.0,84.0,0.09496254000858854,3.469446951953614e-18,20,33,136.51213369998732,0.8484848484848485,0.8484848484848485
er4,60,er4_m60_s0,es+gpt,1,80,4010,1.238681075652298,84.0,84.0,0.10692768028422871,0.002154380511872722,20,34,145.52661479997914,0.8484848484848485,0.8484848484848485
er4,60,er4_m60_s0,es+gpt,1,85,4260,1.238681075652298,84.0,84.0,0.10692768028422871,0.002154380511872722,20,34,154.57220649998635,0.8484848484848485,0.8484848484848485
er4,60,er4_m60_s0,es+gpt,1,90,4510,1.238681075652298,84.0,84.0,0.10692768028422871,0.002154380511872722,20,34,163.54726819999632,0.8484848484848485,0.8484848484848485
er4,60,er4_m60_s0,es+gpt,1,95,4760,1.238681075652298,84.0,84.0,0.10692768028422871,0.002154380511872722,20,34,172.56275339997956,0.8484848484848485,0.8484848484848485
er4,60,er4_m60_s0,es+gpt,1,100,5010,1.2431911511950087,84.0,83.8,0.12062547749280622,0.011032058155221035,20,36,181.50165859999834,0.8484848484848485,0.8464646464646465
er4,60,er4_m60_s0,es+gpt,1,105,5260,1.243809746036113,84.0,83.7,0.11229442985518823,0.008980358932696261,20,35,190.76070049998816,0.8484848484848485,0.8454545454545455
er4,60,er4_m60_s0,es+gpt,1,110,5510,1.2463674896348906,84.0,83.7,0.1339394349924054,0.003476819166653716,20,36,200.310064099991,0.8484848484848485,0.8454545454545455
er4,60,er4_m60_s0,es+gpt,1,115,5760,1.2463674896348906,84.0,83.9,0.1339394349924054,0.003476819166653716,20,36,209.42048309999518,0.8484848484848485,0.8474747474747475
er4,60,er4_m60_s0,es+gpt,1,120,6010,1.2463674896348906,84.0,83.9,0.1339394349924054,0.003476819166653716,20,36,218.59113419998903,0.8484848484848485,0.8474747474747475
er4,60,er4_m60_s0,es+gpt,1,125,6260,1.2463674896348906,84.0,83.9,0.1339394349924054,0.003476819166653716,20,36,227.57262719998835,0.8484848484848485,0.8474747474747475
er4,60,er4_m60_s0,es+gpt,1,130,6510,1.2498477695132262,84.0,84.0,0.10922294895758883,0.0004117436092412998,20,34,236.8166447999829,0.8484848484848485,0.8484848484848485
er4,60,er4_m60_s0,es+gpt,1,135,6760,1.268126125172969,87.0,84.3,0.10710142557590242,0.0012885035947763496,20,36,245.8030054999981,0.8787878787878788,0.8515151515151514
er4,60,er4_m60_s0,es+gpt,1,140,7010,1.268126125172969,87.0,84.3,0.10710142557590242,0.0012885035947763496,20,36,254.84998749999795,0.8787878787878788,0.8515151515151514
er4,60,er4_m60_s0,es+gpt,1,145,7260,1.268126125172969,87.0,85.2,0.10710142557590242,0.0012885035947763496,20,36,263.68067229998996,0.8787878787878788,0.8606060606060606
er4,60,er4_m60_s0,es+gpt,1,150,7510,1.2798865620809603,87.0,87.0,0.10321660685075973,0.0043703881526559775,20,36,272.50470009999117,0.8787878787878788,0.8787878787878788
er4,60,er4_m60_s0,es+gpt,1,155,7760,1.2798865620809603,87.0,87.7,0.10321660685075973,0.0043703881526559775,20,36,281.4975084000034,0.8787878787878788,0.8858585858585859
er4,60,er4_m60_s0,es+gpt,1,160,8010,1.2798865620809603,87.0,87.9,0.10321660685075973,0.0043703881526559775,20,36,290.47799729998223,0.8787878787878788,0.8878787878787879
er4,60,er4_m60_s0,es+gpt,1,165,8260,1.2832445791347131,88.0,87.6,0.11120551057816554,0.012802605090597385,20,36,299.26524710000376,0.8888888888888888,0.8848484848484848
er4,60,er4_m60_s0,es+gpt,1,170,8510,1.2856326573592485,88.0,87.3,0.09920677054760393,0.0005003440162879846,20,36,307.97613029999775,0.8888888888888888,0.8818181818181818
er4,60,er4_m60_s0,es+gpt,1,175,8760,1.2856326573592485,88.0,87.5,0.09920677054760393,0.0005003440162879846,20,36,317.29863499998464,0.8888888888888888,0.8838383838383839
er4,60,er4_m60_s0,es+gpt,1,180,9010,1.2928734415303622,88.0,87.8,0.12346865056691889,0.0014679253233065362,20,36,326.5508173999842,0.8888888888888888,0.8868686868686868
er4,60,er4_m60_s0,es+gpt,1,185,9260,1.2974269960377334,88.0,87.7,0.11111283404795416,0.0014679253233065397,20,36,335.39009269999224,0.8888888888888888,0.8858585858585859
er4,60,er4_m60_s0,es+gpt,1,190,9510,1.3013030260483684,88.0,87.7,0.12137582557646734,0.0014679253233065709,20,36,344.37826759999734,0.8888888888888888,0.8858585858585859
er4,60,er4_m60_s0,es+gpt,1,195,9760,1.3013030260483684,88.0,88.0,0.12137582557646734,0.0014679253233065709,20,36,353.3757424999785,0.8888888888888888,0.8888888888888888
er4,60,er4_m60_s0,es+gpt,1,200,10010,1.3013030260483684,88.0,88.0,0.12137582557646717,0.0014679253233065154,20,37,362.4544524999801,0.8888888888888888,0.8888888888888888
er4,60,er4_m60_s0,es+gpt,1,205,10260,1.301998995170778,88.0,88.0,0.12243272236743756,0.0003667570207077451,20,36,371.54782669999986,0.8888888888888888,0.8888888888888888
er4,60,er4_m60_s0,es+gpt,1,210,10510,1.301998995170778,88.0,88.0,0.12243272236743756,0.0003667570207077451,20,36,380.6549832999881,0.8888888888888888,0.8888888888888888
er4,60,er4_m60_s0,es+gpt,1,215,10760,1.301998995170778,88.0,88.0,0.12243272236743756,0.0003667570207077451,20,36,389.73749479997787,0.8888888888888888,0.8888888888888888
er4,60,er4_m60_s0,es+gpt,1,220,11010,1.3031353999280098,88.0,88.0,0.11992598636521973,0.0010136663258724747,20,35,398.60809239998343,0.8888888888888888,0.8888888888888888
er4,60,er4_m60_s0,es+gpt,1,225,11260,1.3031353999280098,88.0,88.0,0.11992598636521973,0.0010136663258724747,20,35,407.40996779999114,0.8888888888888888,0.8888888888888888
er4,60,er4_m60_s0,es+gpt,1,230,11510,1.3031353999280098,88.0,88.0,0.11992598636521976,0.0010136663258724504,20,34,416.5035558999807,0.8888888888888888,0.8888888888888888
er4,60,er4_m60_s0,es+gpt,1,235,11760,1.3063559525739719,88.0,88.0,0.1222839409892778,0.0015080342251496334,20,37,425.4490898999793,0.8888888888888888,0.8888888888888888
er4,60,er4_m60_s0,es+gpt,1,240,12010,1.3063559525739719,88.0,88.0,0.12228394098927756,0.0015080342251494738,20,37,434.3870332999795,0.8888888888888888,0.8888888888888888
er4,60,er4_m60_s0,es+gpt,1,245,12260,1.306355952573972,88.0,88.0,0.12228394098927788,0.0015080342251495085,20,36,443.43574210000224,0.8888888888888888,0.8888888888888888
er4,60,er4_m60_s0,es+gpt,1,250,12510,1.308195149602971,88.0,88.0,0.12727682794796855,0.0006013616252988734,20,37,452.3865908999869,0.8888888888888888,0.8888888888888888
er4,60,er4_m60_s0,es+gpt,1,255,12760,1.308195149602971,88.0,88.0,0.12727682794796855,0.0006013616252988734,20,37,461.1634311999951,0.8888888888888888,0.8888888888888888
er4,60,er4_m60_s0,es+gpt,1,260,13010,1.308195149602971,88.0,88.0,0.12727682794796855,0.0006013616252988734,20,37,469.9115214999765,0.8888888888888888,0.8888888888888888
er4,60,er4_m60_s0,es+gpt,1,265,13260,1.308195149602971,88.0,88.0,0.12727682794796866,0.0006013616252988768,20,37,478.85563239999465,0.8888888888888888,0.8888888888888888
er4,60,er4_m60_s0,es+gpt,1,270,13510,1.308195149602971,88.0,88.0,0.1272768279479688,0.0006013616252988647,20,37,487.75391879997915,0.8888888888888888,0.8888888888888888
er4,60,er4_m60_s0,es+gpt,1,275,13760,1.308195149602971,88.0,88.0,0.12727682794796852,0.0006013616252989913,20,37,496.6337024999957,0.8888888888888888,0.8888888888888888
er4,60,er4_m60_s0,es+gpt,1,280,14010,1.308195149602971,88.0,88.0,0.12727682794796855,0.0006013616252988734,20,37,505.5786909000017,0.8888888888888888,0.8888888888888888
er4,60,er4_m60_s0,es+gpt,1,285,14260,1.308195149602971,88.0,88.0,0.12727682794796852,0.0006013616252989948,20,36,514.5181840999867,0.8888888888888888,0.8888888888888888
er4,60,er4_m60_s0,es+gpt,1,290,14510,1.3102301566044692,88.0,88.0,0.12602442464778346,0.0025292862168561966,20,37,523.5832563999866,0.8888888888888888,0.8888888888888888
er4,60,er4_m60_s0,es+gpt,1,295,14760,1.3102301566044692,88.0,88.0,0.12602442464778346,0.0025292862168561966,20,37,532.4909886999812,0.8888888888888888,0.8888888888888888
er4,60,er4_m60_s0,es+gpt,1,300,15010,1.3107128492649989,88.0,88.0,0.1275963372861743,0.0011110925963543142,20,35,541.4030777000007,0.8888888888888888,0.8888888888888888
er4,60,er4_m60_s0,es+gpt,1,305,15260,1.3107128492649989,88.0,88.0,0.12759633728617423,0.0011110925963542725,20,36,550.1013081999845,0.8888888888888888,0.8888888888888888
er4,60,er4_m60_s0,es+gpt,1,310,15510,1.3107128492649989,88.0,88.0,0.1275963372861743,0.0011110925963543142,20,35,559.0275563999894,0.8888888888888888,0.8888888888888888
er4,60,er4_m60_s0,es+gpt,1,315,15760,1.3107128492649989,88.0,88.0,0.1275963372861743,0.0011110925963543142,20,35,567.9931769999966,0.8888888888888888,0.8888888888888888
er4,60,er4_m60_s0,es+gpt,1,320,16010,1.3138671734099554,88.0,88.0,0.12634393398598906,0.005058458102716712,20,36,576.8943161999923,0.8888888888888888,0.8888888888888888
er4,60,er4_m60_s0,es+gpt,1,325,16260,1.3138671734099554,88.0,88.0,0.12634393398598906,0.005058458102716712,20,36,585.7820195999811,0.8888888888888888,0.8888888888888888
er4,60,er4_m60_s0,es+gpt,1,330,16510,1.3138671734099554,88.0,88.0,0.12634393398598906,0.005058458102716712,20,36,594.841829699988,0.8888888888888888,0.8888888888888888
er4,60,er4_m60_s0,es+gpt,1,335,16760,1.3138671734099554,88.0,88.0,0.12634393398598906,0.005058458102716712,20,36,603.6273746999796,0.8888888888888888,0.8888888888888888
er4,60,er4_m60_s0,es+gpt,1,340,17010,1.3138671734099554,88.0,88.0,0.12634393398598912,0.005058458102716518,20,35,612.4763325999957,0.8888888888888888,0.8888888888888888
er4,60,er4_m60_s0,es+gpt,1,345,17260,1.314870890266848,88.0,88.0,0.12736094867754244,0.0036743664262383485,20,36,621.7098616999865,0.8888888888888888,0.8888888888888888
er4,60,er4_m60_s0,es+gpt,1,350,17510,1.314870890266848,88.0,88.0,0.12736094867754263,0.003674366426238432,20,35,630.7953317999782,0.8888888888888888,0.8888888888888888
er4,60,er4_m60_s0,es+gpt,1,355,17760,1.314870890266848,88.0,88.0,0.12736094867754244,0.0036743664262383485,20,36,639.7669530999847,0.8888888888888888,0.8888888888888888
er4,60,er4_m60_s0,es+gpt,1,360,18010,1.314870890266848,88.0,88.0,0.12736094867754244,0.0036743664262383485,20,36,648.859592199995,0.8888888888888888,0.8888888888888888
er4,60,er4_m60_s0,es+gpt,1,365,18260,1.3148708902668482,88.0,88.0,0.12736094867754255,0.0036743664262383624,20,35,657.9477381999895,0.8888888888888888,0.8888888888888888
er4,60,er4_m60_s0,es+gpt,1,370,18510,1.3148708902668482,88.0,88.0,0.12736094867754255,0.0036743664262383624,20,35,667.1206266999943,0.8888888888888888,0.8888888888888888
er4,60,er4_m60_s0,es+gpt,1,375,18760,1.3149043015878343,88.0,88.0,0.14359869407829753,0.006810627202163022,20,35,676.107932199986,0.8888888888888888,0.8888888888888888
er4,60,er4_m60_s0,es+gpt,1,380,19010,1.3149043015878343,88.0,88.0,0.14359869407829753,0.006810627202163022,20,35,685.143350600003,0.8888888888888888,0.8888888888888888
er4,60,er4_m60_s0,es+gpt,1,385,19260,1.3149043015878343,88.0,88.0,0.14359869407829773,0.006810627202163216,20,35,694.264909999998,0.8888888888888888,0.8888888888888888
er4,60,er4_m60_s0,es+gpt,1,390,19510,1.3149043015878343,88.0,88.0,0.14359869407829756,0.006810627202162897,20,35,703.1057314999925,0.8888888888888888,0.8888888888888888
er4,60,er4_m60_s0,es+gpt,1,395,19760,1.3149043015878343,88.0,88.0,0.14359869407829773,0.006810627202163216,20,35,712.3261212999932,0.8888888888888888,0.8888888888888888
er4,60,er4_m60_s0,es+gpt,1,400,20010,1.3149043015878343,88.0,88.0,0.14359869407829742,0.006810627202162883,20,35,721.1470123999752,0.8888888888888888,0.8888888888888888
er4,252,er4_m252_s0,es,0,0,10,0.7778805985032988,247.0,254.1,0.02096537386545469,1.3010426069826053e-18,32,48,0.07335500000044703,0.5771028037383178,0.5936915887850467
er4,252,er4_m252_s0,es,0,5,260,0.93827962600983,290.0,282.9,0.022048624785836596,0.0002821651250475357,32,57,1.6352878000179771,0.677570093457944,0.6609813084112149
er4,252,er4_m252_s0,es,0,10,510,0.9698831169485843,300.0,295.6,0.02010090712585681,7.104897719371547e-05,32,58,3.117324200022267,0.7009345794392523,0.6906542056074767
er4,252,er4_m252_s0,es,0,15,760,1.019636868213154,316.0,305.0,0.01811760038571103,0.00020451356848678794,32,58,4.561842199997045,0.7383177570093458,0.7126168224299065
er4,252,er4_m252_s0,es,0,20,1010,1.0219025838388123,315.0,311.7,0.020429420353122812,6.819649057839515e-05,32,58,6.10806890000822,0.735981308411215,0.7282710280373832
er4,252,er4_m252_s0,es,0,25,1260,1.0219025838388123,315.0,313.5,0.020429420353122812,6.819649057839515e-05,32,58,7.554161800013389,0.735981308411215,0.7324766355140186
er4,252,er4_m252_s0,es,0,30,1510,1.0219025838388123,315.0,314.7,0.020429420353122812,6.819649057839515e-05,32,58,9.429212500021094,0.735981308411215,0.7352803738317757
er4,252,er4_m252_s0,es,0,35,1760,1.0219025838388123,315.0,315.3,0.020429420353122812,6.819649057839515e-05,32,58,11.19750860001659,0.735981308411215,0.7366822429906542
er4,252,er4_m252_s0,es,0,40,2010,1.0219025838388123,315.0,315.0,0.02042942035312286,6.819649057841597e-05,32,58,12.964392800000496,0.735981308411215,0.735981308411215
er4,252,er4_m252_s0,es,0,45,2260,1.025304927856022,316.0,315.2,0.020287675596414957,7.062523490519376e-05,32,58,14.585172299994156,0.7383177570093458,0.7364485981308411
er4,252,er4_m252_s0,es,0,50,2510,1.025304927856022,316.0,315.5,0.020287675596414957,7.062523490519376e-05,32,58,16.30436060001375,0.7383177570093458,0.7371495327102804
er4,252,er4_m252_s0,es,0,55,2760,1.0283490823632178,317.0,316.1,0.020417328734488677,7.25502756810225e-05,32,57,17.913838800013764,0.7406542056074766,0.7385514018691589
er4,252,er4_m252_s0,es,0,60,3010,1.0283490823632178,317.0,316.1,0.020417328734488677,7.25502756810225e-05,32,57,19.556732099998044,0.7406542056074766,0.7385514018691589
er4,252,er4_m252_s0,es,0,65,3260,1.0283490823632178,317.0,316.1,0.020417328734488677,7.25502756810225e-05,32,57,21.0163928999973,0.7406542056074766,0.7385514018691589
er4,252,er4_m252_s0,es,0,70,3510,1.0283490823632178,317.0,316.1,0.020417328734488677,7.25502756810225e-05,32,57,22.4415752000059,0.7406542056074766,0.7385514018691589
er4,252,er4_m252_s0,es,0,75,3760,1.0283490823632178,317.0,316.1,0.020417328734488677,7.25502756810225e-05,32,57,23.972316400002455,0.7406542056074766,0.7385514018691589
er4,252,er4_m252_s0,es,0,80,4010,1.0283490823632178,317.0,316.4,0.020417328734488698,7.255027568102163e-05,32,57,25.315701500017894,0.7406542056074766,0.7392523364485981
er4,252,er4_m252_s0,es,0,85,4260,1.030118894570859,318.0,317.2,0.020095058273567487,7.255027568106283e-05,32,57,26.650490300002275,0.7429906542056075,0.7411214953271028
er4,252,er4_m252_s0,es,0,90,4510,1.030118894570859,318.0,317.2,0.020095058273567487,7.255027568106283e-05,32,57,28.110489100014092,0.7429906542056075,0.7411214953271028
er4,252,er4_m252_s0,es,0,95,4760,1.030118894570859,318.0,317.2,0.020095058273567487,7.255027568106283e-05,32,57,29.60326940001687,0.7429906542056075,0.7411214953271028
er4,252,er4_m252_s0,es,0,100,5010,1.0303181536702946,318.0,317.7,0.02127566823369547,7.255027568099778e-05,32,56,31.055387700005667,0.7429906542056075,0.7422897196261682
er4,252,er4_m252_s0,es,0,105,5260,1.0303181536702946,318.0,318.0,0.02127566823369547,7.255027568099778e-05,32,56,32.39691959999618,0.7429906542056075,0.7429906542056075
er4,252,er4_m252_s0,es,0,110,5510,1.0303181536702946,318.0,318.0,0.021275668233695436,7.255027568097046e-05,32,57,33.933105600008275,0.7429906542056075,0.7429906542056075
er4,252,er4_m252_s0,es,0,115,5760,1.0378700348573726,320.0,318.5,0.019493393379702212,7.255027568099084e-05,32,57,35.54844250000315,0.7476635514018691,0.7441588785046729
er4,252,er4_m252_s0,es,0,120,6010,1.0400741386718646,321.0,319.7,0.019895665704192718,0.00024105273660363514,32,57,36.95414640000672,0.75,0.7469626168224299
er4,252,er4_m252_s0,es,0,125,6260,1.0400741386718646,321.0,320.1,0.019895665704192718,0.00024105273660363514,32,57,38.43565590001526,0.75,0.7478971962616823
er4,252,er4_m252_s0,es,0,130,6510,1.0420494034698042,321.0,320.9,0.019409955600719696,3.3264999428982145e-05,32,57,39.95727230000193,0.75,0.7497663551401869
er4,252,er4_m252_s0,es,0,135,6760,1.0420494034698042,321.0,321.0,0.019409955600719696,3.3264999428982145e-05,32,57,41.48785360000329,0.75,0.75
er4,252,er4_m252_s0,es,0,140,7010,1.0420494034698042,321.0,321.0,0.019409955600719734,3.326499942902378e-05,32,57,42.984092900005635,0.75,0.75
er4,252,er4_m252_s0,es,0,145,7260,1.0446686009964017,322.0,321.2,0.02184099541124343,9.817883024861116e-05,32,57,44.56158950002282,0.7523364485981309,0.7504672897196262
er4,252,er4_m252_s0,es,0,150,7510,1.0446686009964017,322.0,321.5,0.02184099541124343,9.817883024861116e-05,32,57,46.07903910000459,0.7523364485981309,0.7511682242990654
er4,252,er4_m252_s0,es,0,155,7760,1.0446686009964017,322.0,322.0,0.02184099541124343,9.817883024861116e-05,32,57,47.67702980001923,0.7523364485981309,0.7523364485981309
er4,252,er4_m252_s0,es,0,160,8010,1.0446686009964017,322.0,322.0,0.02184099541124349,9.817883024856779e-05,32,56,49.144622799998615,0.7523364485981309,0.7523364485981309
er4,252,er4_m252_s0,es,0,165,8260,1.0446686009964017,322.0,322.0,0.02184099541124343,9.817883024861116e-05,32,57,50.66389779999736,0.7523364485981309,0.7523364485981309
er4,252,er4_m252_s0,es,0,170,8510,1.0446686009964017,322.0,322.0,0.02184099541124343,9.817883024861116e-05,32,57,52.07477400000789,0.7523364485981309,0.7523364485981309
er4,252,er4_m252_s0,es,0,175,8760,1.0446686009964017,322.0,322.0,0.02184099541124343,9.817883024861116e-05,32,57,53.54413160000695,0.7523364485981309,0.7523364485981309
er4,252,er4_m252_s0,es,0,180,9010,1.0446686009964017,322.0,322.0,0.02184099541124345,9.817883024848453e-05,32,57,55.12850059999619,0.7523364485981309,0.7523364485981309
er4,252,er4_m252_s0,es,0,185,9260,1.0446686009964017,322.0,322.0,0.02184099541124345,9.817883024848453e-05,32,57,56.51789560000179,0.7523364485981309,0.7523364485981309
er4,252,er4_m252_s0,es,0,190,9510,1.045251840035982,322.0,322.0,0.021840995411243434,0.0004092524459401309,32,56,58.12276739999652,0.7523364485981309,0.7523364485981309
er4,252,er4_m252_s0,es,0,195,9760,1.045251840035982,322.0,322.0,0.021840995411243434,0.0004092524459401309,32,56,59.54150469999877,0.7523364485981309,0.7523364485981309
er4,252,er4_m252_s0,es,0,200,10010,1.045251840035982,322.0,322.0,0.021840995411243434,0.0004092524459401309,32,56,60.93802020000294,0.7523364485981309,0.7523364485981309
er4,252,er4_m252_s0,es,0,205,10260,1.045251840035982,322.0,322.0,0.021840995411243434,0.0004092524459401309,32,56,62.4294280000031,0.7523364485981309,0.7523364485981309
er4,252,er4_m252_s0,es,0,210,10510,1.045251840035982,322.0,322.0,0.021840995411243434,0.0004092524459401309,32,56,63.841913400014164,0.7523364485981309,0.7523364485981309
er4,252,er4_m252_s0,es,0,215,10760,1.045251840035982,322.0,322.0,0.021840995411243434,0.0004092524459401309,32,56,65.24158510001143,0.7523364485981309,0.7523364485981309
er4,252,er4_m252_s0,es,0,220,11010,1.0453264757488205,322.0,322.0,0.02174495574723663,0.00033111836399220274,32,56,66.62973270000657,0.7523364485981309,0.7523364485981309
er4,252,er4_m252_s0,es,0,225,11260,1.0453264757488205,322.0,322.0,0.02174495574723663,0.00033111836399220274,32,56,68.19901750001009,0.7523364485981309,0.7523364485981309
er4,252,er4_m252_s0,es,0,230,11510,1.0453264757488205,322.0,322.0,0.02174495574723663,0.00033111836399220274,32,56,69.61739420000231,0.7523364485981309,0.7523364485981309
er4,252,er4_m252_s0,es,0,235,11760,1.045856349413536,322.0,322.0,0.0221892314362529,0.000463587766278189,32,56,71.03347310001845,0.7523364485981309,0.7523364485981309
er4,252,er4_m252_s0,es,0,240,12010,1.045856349413536,322.0,322.0,0.0221892314362529,0.000463587766278189,32,56,72.60475009999936,0.7523364485981309,0.7523364485981309
er4,252,er4_m252_s0,es,0,245,12260,1.045856349413536,322.0,322.0,0.0221892314362529,0.000463587766278189,32,56,74.01076100001228,0.7523364485981309,0.7523364485981309
er4,252,er4_m252_s0,es,0,250,12510,1.045856349413536,322.0,322.0,0.0221892314362529,0.000463587766278189,32,56,75.52259880001657,0.7523364485981309,0.7523364485981309
er4,252,er4_m252_s0,es,0,255,12760,1.0490015542714324,323.0,322.2,0.01778953464448005,1.260377649836043e-05,32,56,76.85035190000781,0.7546728971962616,0.7528037383177569
er4,252,er4_m252_s0,es,0,260,13010,1.0490015542714324,323.0,322.3,0.01778953464448005,1.260377649836043e-05,32,56,78.25883180001983,0.7546728971962616,0.7530373831775701
er4,252,er4_m252_s0,es,0,265,13260,1.0490015542714324,323.0,322.5,0.01778953464448005,1.260377649836043e-05,32,56,79.60364119999576,0.7546728971962616,0.7535046728971962
er4,252,er4_m252_s0,es,0,270,13510,1.0501457098270586,323.0,322.7,0.019691648889806714,1.2603776498420496e-05,32,56,81.14531720001833,0.7546728971962616,0.7539719626168224
er4,252,er4_m252_s0,es,0,275,13760,1.0501457098270586,323.0,323.0,0.01969164888980665,1.2603776498304377e-05,32,56,82.7042282000184,0.7546728971962616,0.7546728971962616
er4,252,er4_m252_s0,es,0,280,14010,1.0501457098270586,323.0,323.0,0.019691648889806714,1.2603776498420496e-05,32,56,84.22421340001165,0.7546728971962616,0.7546728971962616
er4,252,er4_m252_s0,es,0,285,14260,1.0501457098270586,323.0,323.0,0.01969164888980665,1.2603776498304377e-05,32,56,85.6681188000075,0.7546728971962616,0.7546728971962616
er4,252,er4_m252_s0,es,0,290,14510,1.0501457098270586,323.0,323.0,0.01969164888980665,1.2603776498304377e-05,32,56,87.09323570001288,0.7546728971962616,0.7546728971962616
er4,252,er4_m252_s0,es,0,295,14760,1.057645657619641,325.0,323.4,0.019662101254169034,1.2603776498336036e-05,32,56,88.6069220000063,0.7593457943925234,0.755607476635514
er4,252,er4_m252_s0,es,0,300,15010,1.057645657619641,325.0,323.7,0.019662101254169034,1.2603776498336036e-05,32,56,90.11218419999932,0.7593457943925234,0.7563084112149533
er4,252,er4_m252_s0,es,0,305,15260,1.057645657619641,325.0,323.9,0.019662101254169034,1.2603776498336036e-05,32,56,91.64670730000944,0.7593457943925234,0.7567757009345794
er4,252,er4_m252_s0,es,0,310,15510,1.057645657619641,325.0,325.0,0.019662101254169034,1.2603776498336036e-05,32,56,92.97768750000978,0.7593457943925234,0.7593457943925234
er4,252,er4_m252_s0,es,0,315,15760,1.057645657619641,325.0,325.0,0.019662101254169034,1.2603776498336036e-05,32,56,94.43449610000243,0.7593457943925234,0.7593457943925234
er4,252,er4_m252_s0,es,0,320,16010,1.057645657619641,325.0,325.0,0.019662101254169034,1.2603776498336036e-05,32,56,95.99150020000525,0.7593457943925234,0.7593457943925234
er4,252,er4_m252_s0,es,0,325,16260,1.057645657619641,325.0,325.0,0.019662101254169034,1.2603776498336036e-05,32,56,97.5423953999998,0.7593457943925234,0.7593457943925234
er4,252,er4_m252_s0,es,0,330,16510,1.057645657619641,325.0,325.0,0.019662101254169038,1.2603776498435349e-05,32,56,100.05296160001308,0.7593457943925234,0.7593457943925234
er4,252,er4_m252_s0,es,0,335,16760,1.057645657619641,325.0,325.0,0.019662101254169034,1.2603776498336036e-05,32,56,102.38253510001232,0.7593457943925234,0.7593457943925234
er4,252,er4_m252_s0,es,0,340,17010,1.057645657619641,325.0,325.0,0.019662101254169034,1.2603776498336036e-05,32,56,104.22179690000485,0.7593457943925234,0.7593457943925234
er4,252,er4_m252_s0,es,0,345,17260,1.057645657619641,325.0,325.0,0.019662101254169034,1.2603776498336036e-05,32,56,106.16261070000473,0.7593457943925234,0.7593457943925234
er4,252,er4_m252_s0,es,0,350,17510,1.057645657619641,325.0,325.0,0.019662101254169038,1.2603776498435349e-05,32,56,108.0368221999961,0.7593457943925234,0.7593457943925234
er4,252,er4_m252_s0,es,0,355,17760,1.057645657619641,325.0,325.0,0.019662101254169034,1.2603776498336036e-05,32,56,109.89935680001508,0.7593457943925234,0.7593457943925234
er4,252,er4_m252_s0,es,0,360,18010,1.057645657619641,325.0,325.0,0.019662101254169034,1.2603776498336036e-05,32,56,111.98691510001663,0.7593457943925234,0.7593457943925234
er4,252,er4_m252_s0,es,0,365,18260,1.0577564612135746,325.0,325.0,0.02036281967295143,1.260377649829733e-05,32,56,113.97559790001833,0.7593457943925234,0.7593457943925234
er4,252,er4_m252_s0,es,0,370,18510,1.0577564612135746,325.0,325.0,0.02036281967295144,1.2603776498433723e-05,32,56,116.35027029999765,0.7593457943925234,0.7593457943925234
er4,252,er4_m252_s0,es,0,375,18760,1.0577564612135746,325.0,325.0,0.020362819672951456,1.2603776498461587e-05,32,55,118.18431500002043,0.7593457943925234,0.7593457943925234
er4,252,er4_m252_s0,es,0,380,19010,1.0577564612135746,325.0,325.0,0.02036281967295144,1.2603776498433723e-05,32,56,119.80898950001574,0.7593457943925234,0.7593457943925234
er4,252,er4_m252_s0,es,0,385,19260,1.0577564612135746,325.0,325.0,0.020362819672951456,1.2603776498461587e-05,32,55,121.54370940002264,0.7593457943925234,0.7593457943925234
er4,252,er4_m252_s0,es,0,390,19510,1.0577564612135746,325.0,325.0,0.020362819672951456,1.2603776498461587e-05,32,55,123.20387900000787,0.7593457943925234,0.7593457943925234
er4,252,er4_m252_s0,es,0,395,19760,1.0577564612135746,325.0,325.0,0.02036281967295158,1.2603776498426459e-05,32,56,124.77749219999532,0.7593457943925234,0.7593457943925234
er4,252,er4_m252_s0,es,0,400,20010,1.0577564612135746,325.0,325.0,0.02036281967295158,1.2603776498426459e-05,32,56,126.43338230001973,0.7593457943925234,0.7593457943925234
er4,252,er4_m252_s0,es,1,0,10,0.7788723592916005,245.0,251.9,0.024897247431810793,6.729247164983382e-05,32,51,0.07890719998977147,0.572429906542056,0.5885514018691589
er4,252,er4_m252_s0,es,1,5,260,0.9569534003871352,294.0,289.7,0.030267448271067775,0.00016939062910323007,32,50,1.7739263999974355,0.6869158878504673,0.6768691588785046
er4,252,er4_m252_s0,es,1,10,510,0.9663204988663521,296.0,294.7,0.02713986950514874,1.0511263294439577e-05,32,50,3.277690499991877,0.6915887850467289,0.6885514018691589
er4,252,er4_m252_s0,es,1,15,760,0.9774863673226315,299.0,297.0,0.03317432458552065,5.957008751570833e-05,32,50,4.81936679998762,0.6985981308411215,0.6939252336448598
er4,252,er4_m252_s0,es,1,20,1010,0.9987300515592639,302.0,298.1,0.04273645763026672,0.00046263091914901504,32,50,6.273721000005025,0.705607476635514,0.6964953271028038
er4,252,er4_m252_s0,es,1,25,1260,1.0044082348517425,305.0,300.6,0.0405945278067508,0.0001801489752886892,32,50,7.895876399998087,0.7126168224299065,0.7023364485981309
er4,252,er4_m252_s0,es,1,30,1510,1.0237131382885407,310.0,306.0,0.042283583827740084,7.399581352761364e-05,32,50,9.470647800015286,0.7242990654205608,0.7149532710280374
er4,252,er4_m252_s0,es,1,35,1760,1.0244043429714258,310.0,309.4,0.047660243217515455,0.0004146503143568288,32,48,10.923255900008371,0.7242990654205608,0.7228971962616821
er4,252,er4_m252_s0,es,1,40,2010,1.0252878859842174,312.0,310.7,0.03849258829761831,0.000789908105412777,32,49,12.443027000001166,0.7289719626168224,0.7259345794392523
er4,252,er4_m252_s0,es,1,45,2260,1.0252878859842174,312.0,310.6,0.03849258829761831,0.000789908105412777,32,49,13.948763299995335,0.7289719626168224,0.7257009345794393
er4,252,er4_m252_s0,es,1,50,2510,1.0252878859842174,312.0,310.8,0.03849258829761831,0.000789908105412777,32,49,15.372473299998092,0.7289719626168224,0.7261682242990655
er4,252,er4_m252_s0,es,1,55,2760,1.0304674526397863,313.0,311.6,0.04242014778557559,3.806129286363063e-05,32,47,16.934405000007246,0.7313084112149533,0.7280373831775702
er4,252,er4_m252_s0,es,1,60,3010,1.0430483628648153,318.0,312.7,0.03543848572510444,0.0005795818839011303,32,49,18.27786259999266,0.7429906542056075,0.730607476635514
er4,252,er4_m252_s0,es,1,65,3260,1.0573775388146816,322.0,315.2,0.03680658097488784,0.00012599832920982476,32,50,19.808178900013445,0.7523364485981309,0.7364485981308411
er4,252,er4_m252_s0,es,1,70,3510,1.0573775388146816,322.0,319.0,0.03680658097488784,0.00012599832920982476,32,50,21.356438499991782,0.7523364485981309,0.7453271028037384
er4,252,er4_m252_s0,es,1,75,3760,1.0573775388146816,322.0,319.7,0.03680658097488784,0.00012599832920982476,32,50,22.78397680001217,0.7523364485981309,0.7469626168224299
er4,252,er4_m252_s0,es,1,80,4010,1.0573775388146816,322.0,321.1,0.03680658097488784,0.00012599832920982476,32,50,24.134903700003633,0.7523364485981309,0.7502336448598131
er4,252,er4_m252_s0,es,1,85,4260,1.0585560421284061,323.0,322.1,0.03605066616495952,0.00032840811535633785,32,49,25.57521650000126,0.7546728971962616,0.752570093457944
er4,252,er4_m252_s0,es,1,90,4510,1.0585560421284061,323.0,322.2,0.03605066616495952,0.00032840811535633785,32,49,27.019236099993577,0.7546728971962616,0.7528037383177569
er4,252,er4_m252_s0,es,1,95,4760,1.0615225625475446,324.0,323.1,0.03282349585291143,0.00012599832920984905,32,50,28.428060200007167,0.7570093457943925,0.7549065420560748
er4,252,er4_m252_s0,es,1,100,5010,1.0615225625475446,324.0,323.2,0.03282349585291143,0.00012599832920984905,32,50,30.036781500006327,0.7570093457943925,0.7551401869158878
er4,252,er4_m252_s0,es,1,105,5260,1.0628880693209777,325.0,323.4,0.03515656774602865,0.0008561662132155886,32,49,31.51742980000563,0.7593457943925234,0.755607476635514
er4,252,er4_m252_s0,es,1,110,5510,1.0695770450378892,326.0,323.5,0.036360330526119033,0.0008561662132155355,32,49,32.96754099999089,0.7616822429906542,0.7558411214953271
er4,252,er4_m252_s0,es,1,115,5760,1.0695770450378892,326.0,324.9,0.036360330526119033,0.0008561662132155355,32,49,34.47883239999646,0.7616822429906542,0.7591121495327102
er4,252,er4_m252_s0,es,1,120,6010,1.0695770450378892,326.0,325.3,0.036360330526119033,0.0008561662132155355,32,49,36.1457677000144,0.7616822429906542,0.7600467289719627
er4,252,er4_m252_s0,es,1,125,6260,1.0695770450378892,326.0,325.6,0.036360330526119033,0.0008561662132155355,32,49,37.6499274999951,0.7616822429906542,0.7607476635514019
er4,252,er4_m252_s0,es,1,130,6510,1.0798569207690734,329.0,326.4,0.035566980635245216,0.0005375181520995628,32,49,39.274128099990776,0.7686915887850467,0.7626168224299065
er4,252,er4_m252_s0,es,1,135,6760,1.0798569207690734,329.0,326.6,0.035566980635245216,0.0005375181520995628,32,49,40.90855890000239,0.7686915887850467,0.7630841121495328
er4,252,er4_m252_s0,es,1,140,7010,1.0800106539630412,328.0,327.5,0.040458757959160596,0.0002025972359345476,32,49,42.397177600010764,0.7663551401869159,0.7651869158878505
er4,252,er4_m252_s0,es,1,145,7260,1.0800106539630412,328.0,327.5,0.040458757959160596,0.0002025972359345476,32,49,44.00146319999476,0.7663551401869159,0.7651869158878505
er4,252,er4_m252_s0,es,1,150,7510,1.0800106539630412,328.0,328.9,0.040458757959160596,0.0002025972359345476,32,49,45.44856220000656,0.7663551401869159,0.7684579439252336
er4,252,er4_m252_s0,es,1,155,7760,1.0800106539630412,328.0,328.9,0.040458757959160596,0.0002025972359345476,32,49,46.98147140000947,0.7663551401869159,0.7684579439252336
er4,252,er4_m252_s0,es,1,160,8010,1.0800106539630412,328.0,328.9,0.040458757959160596,0.0002025972359345476,32,49,48.431513599993195,0.7663551401869159,0.7684579439252336
er4,252,er4_m252_s0,es,1,165,8260,1.0800106539630412,328.0,328.6,0.040458757959160596,0.0002025972359345476,32,49,49.85289179999381,0.7663551401869159,0.7677570093457945
er4,252,er4_m252_s0,es,1,170,8510,1.0819101084099427,329.0,328.5,0.03735156853297558,0.0005375181520995628,32,50,51.25874550000299,0.7686915887850467,0.7675233644859814
er4,252,er4_m252_s0,es,1,175,8760,1.0819101084099427,329.0,328.3,0.03735156853297558,0.0005375181520995628,32,50,52.92917809999199,0.7686915887850467,0.7670560747663552
er4,252,er4_m252_s0,es,1,180,9010,1.0819101084099427,329.0,328.2,0.03735156853297558,0.0005375181520995628,32,50,54.491007100004936,0.7686915887850467,0.766822429906542
er4,252,er4_m252_s0,es,1,185,9260,1.0819101084099427,329.0,328.2,0.03735156853297558,0.0005375181520995628,32,50,55.826892899989616,0.7686915887850467,0.766822429906542
er4,252,er4_m252_s0,es,1,190,9510,1.0819101084099427,329.0,328.3,0.03735156853297558,0.0005375181520995628,32,50,57.455774400004884,0.7686915887850467,0.7670560747663552
er4,252,er4_m252_s0,es,1,195,9760,1.0819101084099427,329.0,328.6,0.03735156853297558,0.0005375181520995628,32,50,59.32354390001274,0.7686915887850467,0.7677570093457945
er4,252,er4_m252_s0,es,1,200,10010,1.0819101084099427,329.0,329.0,0.03735156853297558,0.0005375181520995628,32,50,60.93267730000662,0.7686915887850467,0.7686915887850467
er4,252,er4_m252_s0,es,1,205,10260,1.0819101084099427,329.0,329.0,0.03735156853297558,0.0005375181520995628,32,50,62.77338180001243,0.7686915887850467,0.7686915887850467
er4,252,er4_m252_s0,es,1,210,10510,1.0819101084099427,329.0,329.0,0.03735156853297558,0.0005375181520995628,32,50,64.31576309999218,0.7686915887850467,0.7686915887850467
er4,252,er4_m252_s0,es,1,215,10760,1.0819101084099427,329.0,329.0,0.03735156853297558,0.0005375181520995628,32,50,65.68738809999195,0.7686915887850467,0.7686915887850467
er4,252,er4_m252_s0,es,1,220,11010,1.0819101084099427,329.0,329.0,0.03735156853297558,0.0005375181520995628,32,50,66.9949198999966,0.7686915887850467,0.7686915887850467
er4,252,er4_m252_s0,es,1,225,11260,1.0819101084099427,329.0,329.0,0.03735156853297558,0.0005375181520995628,32,50,68.36704059998738,0.7686915887850467,0.7686915887850467
er4,252,er4_m252_s0,es,1,230,11510,1.0821979656743212,329.0,329.0,0.036119882593526,0.00017508537181609024,32,50,69.72479820001172,0.7686915887850467,0.7686915887850467
er4,252,er4_m252_s0,es,1,235,11760,1.0821979656743212,329.0,329.0,0.036119882593526,0.00017508537181609024,32,50,71.15925349999452,0.7686915887850467,0.7686915887850467
er4,252,er4_m252_s0,es,1,240,12010,1.0821979656743212,329.0,329.0,0.036119882593526,0.00017508537181609024,32,50,72.46088080000482,0.7686915887850467,0.7686915887850467
er4,252,er4_m252_s0,es,1,245,12260,1.0821979656743212,329.0,329.0,0.036119882593526,0.00017508537181609024,32,50,73.84307309999713,0.7686915887850467,0.7686915887850467
er4,252,er4_m252_s0,es,1,250,12510,1.0821979656743212,329.0,329.0,0.036119882593526,0.00017508537181609024,32,50,75.20311649999348,0.7686915887850467,0.7686915887850467
er4,252,er4_m252_s0,es,1,255,12760,1.0821979656743212,329.0,329.0,0.036119882593526,0.00017508537181609024,32,50,76.50311859999783,0.7686915887850467,0.7686915887850467
er4,252,er4_m252_s0,es,1,260,13010,1.0821979656743212,329.0,329.0,0.036119882593526,0.00017508537181609024,32,50,77.89324880001368,0.7686915887850467,0.7686915887850467
er4,252,er4_m252_s0,es,1,265,13260,1.0821979656743212,329.0,329.0,0.036119882593526,0.00017508537181609024,32,50,79.32268410001416,0.7686915887850467,0.7686915887850467
er4,252,er4_m252_s0,es,1,270,13510,1.0821979656743212,329.0,329.0,0.036119882593526,0.00017508537181609024,32,50,80.61013089999324,0.7686915887850467,0.7686915887850467
er4,252,er4_m252_s0,es,1,275,13760,1.0832753681160041,329.0,329.0,0.03611988259352599,0.0001518482543004739,32,50,82.01961210000445,0.7686915887850467,0.7686915887850467
er4,252,er4_m252_s0,es,1,280,14010,1.0832753681160041,329.0,329.0,0.03611988259352599,0.0001518482543004739,32,50,83.4338856000104,0.7686915887850467,0.7686915887850467
er4,252,er4_m252_s0,es,1,285,14260,1.0832753681160041,329.0,329.0,0.03611988259352599,0.0001518482543004739,32,50,84.88524179998785,0.7686915887850467,0.7686915887850467
er4,252,er4_m252_s0,es,1,290,14510,1.0903238026436668,332.0,329.9,0.03597179204588571,7.322141441319999e-05,32,50,86.31437899998855,0.7757009345794392,0.7707943925233645
er4,252,er4_m252_s0,es,1,295,14760,1.0903238026436668,332.0,329.9,0.03597179204588571,7.322141441319999e-05,32,50,87.70316130001447,0.7757009345794392,0.7707943925233645
er4,252,er4_m252_s0,es,1,300,15010,1.0903238026436668,332.0,331.4,0.03597179204588571,7.322141441319999e-05,32,50,89.00896680000005,0.7757009345794392,0.7742990654205607
er4,252,er4_m252_s0,es,1,305,15260,1.0903238026436668,332.0,332.0,0.03597179204588571,7.322141441319999e-05,32,50,90.35604119999334,0.7757009345794392,0.7757009345794392
er4,252,er4_m252_s0,es,1,310,15510,1.0903238026436668,332.0,332.0,0.03597179204588571,7.322141441319999e-05,32,50,91.769363600004,0.7757009345794392,0.7757009345794392
er4,252,er4_m252_s0,es,1,315,15760,1.0903238026436668,332.0,332.0,0.03597179204588571,7.322141441319999e-05,32,50,93.14875399999437,0.7757009345794392,0.7757009345794392
er4,252,er4_m252_s0,es,1,320,16010,1.0903238026436668,332.0,332.0,0.03597179204588571,7.322141441319999e-05,32,50,94.4656559000141,0.7757009345794392,0.7757009345794392
er4,252,er4_m252_s0,es,1,325,16260,1.0903238026436668,332.0,332.0,0.03597179204588571,7.322141441319999e-05,32,50,95.89602839999134,0.7757009345794392,0.7757009345794392
er4,252,er4_m252_s0,es,1,330,16510,1.0903238026436668,332.0,332.0,0.03597179204588571,7.322141441319999e-05,32,50,97.21380840000347,0.7757009345794392,0.7757009345794392
er4,252,er4_m252_s0,es,1,335,16760,1.0903238026436668,332.0,332.0,0.03597179204588571,7.322141441319999e-05,32,50,98.58606770000188,0.7757009345794392,0.7757009345794392
er4,252,er4_m252_s0,es,1,340,17010,1.0903238026436668,332.0,332.0,0.03597179204588571,7.322141441319999e-05,32,50,99.99903100001393,0.7757009345794392,0.7757009345794392
er4,252,er4_m252_s0,es,1,345,17260,1.0903238026436668,332.0,332.0,0.03597179204588571,7.322141441319999e-05,32,50,101.31844559998717,0.7757009345794392,0.7757009345794392
er4,252,er4_m252_s0,es,1,350,17510,1.0903238026436668,332.0,332.0,0.03597179204588571,7.322141441319999e-05,32,50,102.69068890000926,0.7757009345794392,0.7757009345794392
er4,252,er4_m252_s0,es,1,355,17760,1.0903238026436668,332.0,332.0,0.03597179204588571,7.322141441319999e-05,32,50,103.89930039999308,0.7757009345794392,0.7757009345794392
er4,252,er4_m252_s0,es,1,360,18010,1.0903238026436668,332.0,332.0,0.03597179204588571,7.322141441319999e-05,32,50,105.28411450001295,0.7757009345794392,0.7757009345794392
er4,252,er4_m252_s0,es,1,365,18260,1.0903238026436668,332.0,332.0,0.03597179204588571,7.322141441319999e-05,32,50,106.55474880000111,0.7757009345794392,0.7757009345794392
er4,252,er4_m252_s0,es,1,370,18510,1.0903238026436668,332.0,332.0,0.03597179204588571,7.322141441319999e-05,32,50,107.83222730000853,0.7757009345794392,0.7757009345794392
er4,252,er4_m252_s0,es,1,375,18760,1.0903238026436668,332.0,332.0,0.03597179204588571,7.322141441319999e-05,32,50,109.6609740999993,0.7757009345794392,0.7757009345794392
er4,252,er4_m252_s0,es,1,380,19010,1.0903238026436668,332.0,332.0,0.03597179204588571,7.322141441319999e-05,32,50,110.97643569999491,0.7757009345794392,0.7757009345794392
er4,252,er4_m252_s0,es,1,385,19260,1.0903238026436668,332.0,332.0,0.03597179204588571,7.322141441319999e-05,32,50,112.33024479998858,0.7757009345794392,0.7757009345794392
er4,252,er4_m252_s0,es,1,390,19510,1.0903238026436668,332.0,332.0,0.03597179204588571,7.322141441319999e-05,32,50,113.63174700000673,0.7757009345794392,0.7757009345794392
er4,252,er4_m252_s0,es,1,395,19760,1.0903238026436668,332.0,332.0,0.03597179204588571,7.322141441319999e-05,32,50,115.01668599998811,0.7757009345794392,0.7757009345794392
er4,252,er4_m252_s0,es,1,400,20010,1.0903238026436668,332.0,332.0,0.03597179204588571,7.322141441319999e-05,32,50,116.39793810000992,0.7757009345794392,0.7757009345794392
er4,252,er4_m252_s0,es+pbil,0,0,10,0.7778805985032988,247.0,254.1,0.02096537386545469,1.3010426069826053e-18,32,48,0.054400699998950586,0.5771028037383178,0.5936915887850467
er4,252,er4_m252_s0,es+pbil,0,5,260,0.9229889436434302,285.0,278.6,0.025861943209217524,5.1582753328657804e-05,32,55,1.4643438000057358,0.6658878504672897,0.6509345794392524
er4,252,er4_m252_s0,es+pbil,0,10,510,0.966728198536152,294.0,290.0,0.03551674232733196,0.00017243864559312195,32,49,2.7613598000025377,0.6869158878504673,0.677570093457944
er4,252,er4_m252_s0,es+pbil,0,15,760,0.9713768994764933,298.0,292.8,0.02522627522456278,3.371037810709918e-05,32,49,4.084328500000993,0.6962616822429907,0.6841121495327103
er4,252,er4_m252_s0,es+pbil,0,20,1010,1.0191297150977474,300.0,295.6,0.09399327304110196,2.525121978871024e-05,32,53,5.5044682000007015,0.7009345794392523,0.6906542056074767
er4,252,er4_m252_s0,es+pbil,0,25,1260,1.0560405582835906,306.0,305.6,0.10985203248710279,0.0018863362063179568,32,52,6.844785299996147,0.7149532710280374,0.7140186915887851
er4,252,er4_m252_s0,es+pbil,0,30,1510,1.0699410634300883,310.0,308.7,0.1070515617951767,0.000916764373372107,32,52,8.187276100012241,0.7242990654205608,0.7212616822429906
er4,252,er4_m252_s0,es+pbil,0,35,1760,1.0879738397447472,315.0,312.9,0.1108540766391244,0.00040986729670689534,32,51,9.705995900003472,0.735981308411215,0.7310747663551401
er4,252,er4_m252_s0,es+pbil,0,40,2010,1.09457933148852,314.0,314.9,0.10361384328198991,0.00012461539390739348,32,51,11.012500100012403,0.7336448598130841,0.7357476635514019
er4,252,er4_m252_s0,es+pbil,0,45,2260,1.1011236558840753,316.0,315.3,0.09495834067376437,0.001494988229571941,32,52,12.36863589999848,0.7383177570093458,0.7366822429906542
er4,252,er4_m252_s0,es+pbil,0,50,2510,1.1042290909628902,316.0,316.1,0.10866421372121356,0.0002402970889325803,32,54,13.78657860000385,0.7383177570093458,0.7385514018691589
er4,252,er4_m252_s0,es+pbil,0,55,2760,1.1052585443127207,316.0,316.1,0.11937072234716237,0.0009151755495394329,32,53,15.153972700005397,0.7383177570093458,0.7385514018691589
er4,252,er4_m252_s0,es+pbil,0,60,3010,1.1103939511016236,319.0,316.4,0.10413730766648167,0.0022677248082311917,32,55,16.746096399991075,0.7453271028037384,0.7392523364485981
er4,252,er4_m252_s0,es+pbil,0,65,3260,1.1103939511016236,319.0,318.8,0.10413730766648167,0.0022677248082311917,32,55,18.077668799989624,0.7453271028037384,0.7448598130841122
er4,252,er4_m252_s0,es+pbil,0,70,3510,1.1105792695877021,316.0,318.5,0.1150330557219304,8.855527101248191e-05,32,55,19.296689900016645,0.7383177570093458,0.7441588785046729
er4,252,er4_m252_s0,es+pbil,0,75,3760,1.1120658546960807,316.0,318.8,0.10813876624553626,0.00013716484468498713,32,55,20.740334800007986,0.7383177570093458,0.7448598130841122
er4,252,er4_m252_s0,es+pbil,0,80,4010,1.1155833779550561,318.0,318.4,0.11428834316561667,2.6784589953658848e-05,32,54,21.968410600005882,0.7429906542056075,0.7439252336448597
er4,252,er4_m252_s0,es+pbil,0,85,4260,1.1162447183914972,318.0,318.6,0.11386988946049222,1.001673655994881e-05,32,55,23.40142810001271,0.7429906542056075,0.744392523364486
er4,252,er4_m252_s0,es+pbil,0,90,4510,1.1180169614692226,318.0,318.0,0.11642481077302347,1.9627527159409258e-05,32,54,24.72000840000692,0.7429906542056075,0.7429906542056075
er4,252,er4_m252_s0,es+pbil,0,95,4760,1.1180169614692226,318.0,318.0,0.11642481077302347,1.9627527159409258e-05,32,54,26.0169087999966,0.7429906542056075,0.7429906542056075
er4,252,er4_m252_s0,es+pbil,0,100,5010,1.1246395783125585,321.0,318.3,0.11133513789814736,0.00025632025261821485,32,55,27.37202330000582,0.75,0.7436915887850467
er4,252,er4_m252_s0,es+pbil,0,105,5260,1.1246395783125585,321.0,318.6,0.11133513789814736,0.00025632025261821485,32,55,28.685842000006232,0.75,0.744392523364486
er4,252,er4_m252_s0,es+pbil,0,110,5510,1.1246395783125585,321.0,318.9,0.11133513789814736,0.00025632025261821485,32,55,30.0509502000059,0.75,0.7450934579439252
er4,252,er4_m252_s0,es+pbil,0,115,5760,1.1246395783125585,321.0,319.8,0.11133513789814736,0.00025632025261821485,32,55,31.33915829999023,0.75,0.7471962616822431
er4,252,er4_m252_s0,es+pbil,0,120,6010,1.1246395783125585,321.0,321.0,0.11133513789814736,0.00025632025261821485,32,55,32.68659769999795,0.75,0.75
er4,252,er4_m252_s0,es+pbil,0,125,6260,1.1273049354744067,322.0,321.1,0.12708368169412473,5.088465639170672e-05,32,54,34.13979750001454,0.7523364485981309,0.7502336448598131
er4,252,er4_m252_s0,es+pbil,0,130,6510,1.131914807723861,323.0,321.8,0.12444564364310658,1.9455862018152208e-05,32,54,35.64331410001614,0.7546728971962616,0.7518691588785047
er4,252,er4_m252_s0,es+pbil,0,135,6760,1.1323676277518138,323.0,321.7,0.12355623053021747,2.52253949898552e-05,32,53,36.83668249999755,0.7546728971962616,0.7516355140186916
er4,252,er4_m252_s0,es+pbil,0,140,7010,1.136382805267392,325.0,323.4,0.12308155563721027,0.0004237391402195274,32,53,38.216832000005525,0.7593457943925234,0.755607476635514
er4,252,er4_m252_s0,es+pbil,0,145,7260,1.1382669307736406,325.0,324.4,0.11987892052899968,2.5837986465936135e-06,32,54,39.6695907000103,0.7593457943925234,0.7579439252336448
er4,252,er4_m252_s0,es+pbil,0,150,7510,1.1382669307736406,325.0,324.9,0.11987892052899968,2.5837986465936135e-06,32,54,40.925599200010765,0.7593457943925234,0.7591121495327102
er4,252,er4_m252_s0,es+pbil,0,155,7760,1.1417900508986543,325.0,325.0,0.1173596689287125,0.00020554675405911997,32,54,42.36498489999212,0.7593457943925234,0.7593457943925234
er4,252,er4_m252_s0,es+pbil,0,160,8010,1.1417900508986543,325.0,325.2,0.1173596689287125,0.00020554675405911997,32,54,43.629060700011905,0.7593457943925234,0.7598130841121495
er4,252,er4_m252_s0,es+pbil,0,165,8260,1.1417900508986543,325.0,325.4,0.1173596689287125,0.00020554675405911997,32,54,44.93988809999428,0.7593457943925234,0.7602803738317756
er4,252,er4_m252_s0,es+pbil,0,170,8510,1.1417900508986543,325.0,325.7,0.1173596689287125,0.00020554675405911997,32,54,46.24253069999395,0.7593457943925234,0.7609813084112149
er4,252,er4_m252_s0,es+pbil,0,175,8760,1.1417900508986543,325.0,325.5,0.1173596689287125,0.00020554675405911997,32,54,47.55541259999154,0.7593457943925234,0.7605140186915887
er4,252,er4_m252_s0,es+pbil,0,180,9010,1.1417900508986543,325.0,325.6,0.1173596689287125,0.00020554675405911997,32,54,48.89614160000929,0.7593457943925234,0.7607476635514019
er4,252,er4_m252_s0,es+pbil,0,185,9260,1.1417900508986543,325.0,325.5,0.1173596689287125,0.00020554675405911997,32,54,50.16377680000733,0.7593457943925234,0.7605140186915887
er4,252,er4_m252_s0,es+pbil,0,190,9510,1.1417900508986543,325.0,325.0,0.1173596689287125,0.00020554675405911997,32,54,51.59635440001148,0.7593457943925234,0.7593457943925234
er4,252,er4_m252_s0,es+pbil,0,195,9760,1.1417900508986543,325.0,325.0,0.1173596689287125,0.00020554675405911997,32,54,52.88775140000507,0.7593457943925234,0.7593457943925234
er4,252,er4_m252_s0,es+pbil,0,200,10010,1.1417900508986543,325.0,325.0,0.1173596689287125,0.00020554675405911997,32,54,54.29278940000222,0.7593457943925234,0.7593457943925234
er4,252,er4_m252_s0,es+pbil,0,205,10260,1.1430668143390301,325.0,325.0,0.1183526901875302,0.00031850203768072445,32,52,55.60641370000667,0.7593457943925234,0.7593457943925234
er4,252,er4_m252_s0,es+pbil,0,210,10510,1.1430668143390301,325.0,325.1,0.1183526901875302,0.00031850203768072445,32,52,57.01623720000498,0.7593457943925234,0.7595794392523365
er4,252,er4_m252_s0,es+pbil,0,215,10760,1.1446587050783499,326.0,325.5,0.11895366976724867,0.0007121879745283768,32,52,58.47378239998943,0.7616822429906542,0.7605140186915887
er4,252,er4_m252_s0,es+pbil,0,220,11010,1.145468492853624,326.0,325.8,0.12191433650789628,0.0006169909023279636,32,52,59.84912319999421,0.7616822429906542,0.7612149532710281
er4,252,er4_m252_s0,es+pbil,0,225,11260,1.1458073985796007,326.0,326.0,0.11937189969568546,0.000545009793071344,32,53,61.14236920000985,0.7616822429906542,0.7616822429906542
er4,252,er4_m252_s0,es+pbil,0,230,11510,1.1458073985796007,326.0,326.0,0.11937189969568546,0.000545009793071344,32,53,62.584250000014435,0.7616822429906542,0.7616822429906542
er4,252,er4_m252_s0,es+pbil,0,235,11760,1.1458073985796007,326.0,326.0,0.11937189969568546,0.000545009793071344,32,53,63.97213060001377,0.7616822429906542,0.7616822429906542
er4,252,er4_m252_s0,es+pbil,0,240,12010,1.1458073985796007,326.0,326.0,0.11937189969568546,0.000545009793071344,32,53,65.32081920001656,0.7616822429906542,0.7616822429906542
er4,252,er4_m252_s0,es+pbil,0,245,12260,1.1458425180832226,326.0,326.0,0.12578887225773683,0.0006169909023279363,32,53,66.67027209998923,0.7616822429906542,0.7616822429906542
er4,252,er4_m252_s0,es+pbil,0,250,12510,1.1458425180832226,326.0,326.0,0.12578887225773683,0.0006169909023279363,32,53,67.92745449999347,0.7616822429906542,0.7616822429906542
er4,252,er4_m252_s0,es+pbil,0,255,12760,1.1460039562706652,326.0,326.0,0.11861665777094924,0.0005998889455637528,32,53,69.25677740000538,0.7616822429906542,0.7616822429906542
er4,252,er4_m252_s0,es+pbil,0,260,13010,1.1460039562706652,326.0,326.0,0.11861665777094924,0.0005998889455637528,32,53,70.58072820000234,0.7616822429906542,0.7616822429906542
er4,252,er4_m252_s0,es+pbil,0,265,13260,1.1460039562706652,326.0,326.0,0.11861665777094924,0.0005998889455637528,32,53,71.94778680001036,0.7616822429906542,0.7616822429906542
er4,252,er4_m252_s0,es+pbil,0,270,13510,1.1460039562706652,326.0,326.0,0.1186166577709491,0.0005998889455637068,32,52,73.2693869000068,0.7616822429906542,0.7616822429906542
er4,252,er4_m252_s0,es+pbil,0,275,13760,1.146872826556521,326.0,326.0,0.12821297445357666,0.0006169909023278785,32,52,74.5481657999917,0.7616822429906542,0.7616822429906542
er4,252,er4_m252_s0,es+pbil,0,280,14010,1.146872826556521,326.0,326.0,0.12821297445357666,0.0006169909023278785,32,52,75.77921490001609,0.7616822429906542,0.7616822429906542
er4,252,er4_m252_s0,es+pbil,0,285,14260,1.146872826556521,326.0,326.0,0.12821297445357666,0.0006169909023278785,32,52,77.10215489999973,0.7616822429906542,0.7616822429906542
er4,252,er4_m252_s0,es+pbil,0,290,14510,1.146872826556521,326.0,326.0,0.12821297445357666,0.0006169909023278785,32,52,78.3109289999993,0.7616822429906542,0.7616822429906542
er4,252,er4_m252_s0,es+pbil,0,295,14760,1.146872826556521,326.0,326.0,0.12821297445357666,0.0006169909023278785,32,52,79.7019389999914,0.7616822429906542,0.7616822429906542
er4,252,er4_m252_s0,es+pbil,0,300,15010,1.146872826556521,326.0,326.0,0.12821297445357666,0.0006169909023278785,32,52,81.09287079999922,0.7616822429906542,0.7616822429906542
er4,252,er4_m252_s0,es+pbil,0,305,15260,1.146872826556521,326.0,326.0,0.12821297445357666,0.0006169909023278785,32,52,82.33808970000246,0.7616822429906542,0.7616822429906542
er4,252,er4_m252_s0,es+pbil,0,310,15510,1.146872826556521,326.0,326.0,0.12821297445357666,0.0006169909023278785,32,52,83.64784330001567,0.7616822429906542,0.7616822429906542
er4,252,er4_m252_s0,es+pbil,0,315,15760,1.146872826556521,326.0,326.0,0.12821297445357666,0.0006169909023278785,32,52,84.8629224000033,0.7616822429906542,0.7616822429906542
er4,252,er4_m252_s0,es+pbil,0,320,16010,1.1468728265565211,326.0,326.0,0.12821297445357668,0.0006169909023279202,32,52,86.3000461999909,0.7616822429906542,0.7616822429906542
er4,252,er4_m252_s0,es+pbil,0,325,16260,1.1468728265565211,326.0,326.0,0.12821297445357668,0.0006169909023279202,32,52,87.55681870001717,0.7616822429906542,0.7616822429906542
er4,252,er4_m252_s0,es+pbil,0,330,16510,1.1477011151366525,326.0,326.0,0.12948312891985775,8.973888904106496e-05,32,52,88.92456569999922,0.7616822429906542,0.7616822429906542
er4,252,er4_m252_s0,es+pbil,0,335,16760,1.1477011151366525,326.0,326.0,0.1294831289198577,8.973888904098884e-05,32,52,90.2404164999898,0.7616822429906542,0.7616822429906542
er4,252,er4_m252_s0,es+pbil,0,340,17010,1.1477011151366525,326.0,326.0,0.1294831289198577,8.973888904098884e-05,32,52,91.41572940000333,0.7616822429906542,0.7616822429906542
er4,252,er4_m252_s0,es+pbil,0,345,17260,1.147976029808483,326.0,326.0,0.129923475756892,8.973888904096315e-05,32,53,92.68178000001353,0.7616822429906542,0.7616822429906542
er4,252,er4_m252_s0,es+pbil,0,350,17510,1.147976029808483,326.0,326.0,0.129923475756892,8.973888904096315e-05,32,53,93.90770440001506,0.7616822429906542,0.7616822429906542
er4,252,er4_m252_s0,es+pbil,0,355,17760,1.147976029808483,326.0,326.0,0.129923475756892,8.973888904096315e-05,32,53,95.24625369999558,0.7616822429906542,0.7616822429906542
er4,252,er4_m252_s0,es+pbil,0,360,18010,1.147976029808483,326.0,326.0,0.129923475756892,8.973888904096315e-05,32,53,96.4541792999953,0.7616822429906542,0.7616822429906542
er4,252,er4_m252_s0,es+pbil,0,365,18260,1.147976029808483,326.0,326.0,0.129923475756892,8.973888904096315e-05,32,53,97.74495849999948,0.7616822429906542,0.7616822429906542
er4,252,er4_m252_s0,es+pbil,0,370,18510,1.147976029808483,326.0,326.0,0.129923475756892,8.973888904096315e-05,32,53,99.12152720001177,0.7616822429906542,0.7616822429906542
er4,252,er4_m252_s0,es+pbil,0,375,18760,1.147976029808483,326.0,326.0,0.129923475756892,8.973888904096315e-05,32,53,100.40275300000212,0.7616822429906542,0.7616822429906542
er4,252,er4_m252_s0,es+pbil,0,380,19010,1.147976029808483,326.0,326.0,0.129923475756892,8.973888904096315e-05,32,53,102.28242460000911,0.7616822429906542,0.7616822429906542
er4,252,er4_m252_s0,es+pbil,0,385,19260,1.147976029808483,326.0,326.0,0.129923475756892,8.973888904096315e-05,32,53,103.57102830000804,0.7616822429906542,0.7616822429906542
er4,252,er4_m252_s0,es+pbil,0,390,19510,1.147976029808483,326.0,326.0,0.129923475756892,8.973888904096315e-05,32,53,104.81095320000895,0.7616822429906542,0.7616822429906542
er4,252,er4_m252_s0,es+pbil,0,395,19760,1.147976029808483,326.0,326.0,0.129923475756892,8.973888904096315e-05,32,53,106.23339330000454,0.7616822429906542,0.7616822429906542
er4,252,er4_m252_s0,es+pbil,0,400,20010,1.147976029808483,326.0,326.0,0.129923475756892,8.973888904096315e-05,32,53,107.67638210000587,0.7616822429906542,0.7616822429906542
er4,252,er4_m252_s0,es+pbil,1,0,10,0.7788723592916005,245.0,251.9,0.024897247431810793,6.729247164983382e-05,32,51,0.04510730001493357,0.572429906542056,0.5885514018691589
er4,252,er4_m252_s0,es+pbil,1,5,260,0.9556916424492843,289.0,283.9,0.04385394097090455,0.0005937594886782846,32,54,1.434367600013502,0.6752336448598131,0.6633177570093457
er4,252,er4_m252_s0,es+pbil,1,10,510,0.9883249884288247,299.0,292.3,0.04048965433704574,0.00015136292223036363,32,53,2.773828700010199,0.6985981308411215,0.6829439252336449
er4,252,er4_m252_s0,es+pbil,1,15,760,1.0091568098115422,304.0,299.9,0.03852215250745274,0.00020407968386308532,32,54,4.126284300000407,0.7102803738317757,0.7007009345794392
er4,252,er4_m252_s0,es+pbil,1,20,1010,1.0105882001987887,306.0,302.7,0.040868811705193395,0.00028590046831416236,32,53,5.348176600004081,0.7149532710280374,0.7072429906542056
er4,252,er4_m252_s0,es+pbil,1,25,1260,1.0171914838253227,306.0,303.4,0.04500590825360272,0.00027264563675448395,32,53,6.750985599996056,0.7149532710280374,0.7088785046728971
er4,252,er4_m252_s0,es+pbil,1,30,1510,1.0171914838253227,306.0,304.9,0.04500590825360272,0.00027264563675448395,32,53,8.110719999996945,0.7149532710280374,0.7123831775700934
er4,252,er4_m252_s0,es+pbil,1,35,1760,1.0201636737641115,306.0,305.8,0.04639717588450033,0.0002859004683141992,32,52,9.431802600010997,0.7149532710280374,0.7144859813084112
er4,252,er4_m252_s0,es+pbil,1,40,2010,1.0201636737641115,306.0,305.9,0.04639717588450033,0.0002859004683141992,32,52,10.66009310001391,0.7149532710280374,0.7147196261682243
er4,252,er4_m252_s0,es+pbil,1,45,2260,1.033206359890173,310.0,307.0,0.04640029188662782,0.0001845281793843999,32,52,12.047078500007046,0.7242990654205608,0.7172897196261683
er4,252,er4_m252_s0,es+pbil,1,50,2510,1.0406811240661857,313.0,309.2,0.04121204545336796,0.00018093673487861665,32,53,13.370489199995063,0.7313084112149533,0.7224299065420561
er4,252,er4_m252_s0,es+pbil,1,55,2760,1.0421011683072436,313.0,311.3,0.04280200431328993,0.00016263406570040653,32,53,14.65018150000833,0.7313084112149533,0.7273364485981308
er4,252,er4_m252_s0,es+pbil,1,60,3010,1.043506047562984,316.0,313.0,0.04070106275631196,2.1925773012792995e-05,32,53,16.01563979999628,0.7383177570093458,0.7313084112149533
er4,252,er4_m252_s0,es+pbil,1,65,3260,1.0653965055833936,321.0,314.9,0.04433148289427297,0.0003099436436757152,32,53,17.340721000015037,0.75,0.7357476635514019
er4,252,er4_m252_s0,es+pbil,1,70,3510,1.0653965055833936,321.0,316.6,0.04433148289427297,0.0003099436436757152,32,53,18.610319800005527,0.75,0.7397196261682244
er4,252,er4_m252_s0,es+pbil,1,75,3760,1.0653965055833936,321.0,317.9,0.04433148289427297,0.0003099436436757152,32,53,19.99785410001641,0.75,0.7427570093457944
er4,252,er4_m252_s0,es+pbil,1,80,4010,1.0653965055833936,321.0,318.8,0.04433148289427297,0.0003099436436757152,32,53,21.158553000015672,0.75,0.7448598130841122
er4,252,er4_m252_s0,es+pbil,1,85,4260,1.0653965055833936,321.0,320.7,0.04433148289427297,0.0003099436436757152,32,53,22.524438699998427,0.75,0.7492990654205607
er4,252,er4_m252_s0,es+pbil,1,90,4510,1.0822430257898352,326.0,321.7,0.0447873905607836,1.4551670301057813e-05,32,53,23.824734099995112,0.7616822429906542,0.7516355140186916
er4,252,er4_m252_s0,es+pbil,1,95,4760,1.0822430257898352,326.0,321.7,0.0447873905607836,1.4551670301057813e-05,32,53,25.194709500006866,0.7616822429906542,0.7516355140186916
er4,252,er4_m252_s0,es+pbil,1,100,5010,1.0822430257898352,326.0,322.1,0.0447873905607836,1.4551670301057813e-05,32,53,26.490035499999067,0.7616822429906542,0.752570093457944
er4,252,er4_m252_s0,es+pbil,1,105,5260,1.0822430257898352,326.0,322.8,0.0447873905607836,1.4551670301057813e-05,32,53,27.764940599998226,0.7616822429906542,0.7542056074766356
er4,252,er4_m252_s0,es+pbil,1,110,5510,1.0822430257898352,326.0,323.9,0.0447873905607836,1.4551670301057813e-05,32,53,28.990883499995107,0.7616822429906542,0.7567757009345794
er4,252,er4_m252_s0,es+pbil,1,115,5760,1.0870550475056684,327.0,325.3,0.04249579214187706,0.00010256507090148671,32,54,30.251152300013928,0.764018691588785,0.7600467289719627
er4,252,er4_m252_s0,es+pbil,1,120,6010,1.0870550475056684,327.0,325.9,0.04249579214187706,0.00010256507090148671,32,54,31.636496799997985,0.764018691588785,0.7614485981308411
er4,252,er4_m252_s0,es+pbil,1,125,6260,1.0870550475056684,327.0,326.0,0.04249579214187706,0.00010256507090148671,32,54,33.067049900011625,0.764018691588785,0.7616822429906542
er4,252,er4_m252_s0,es+pbil,1,130,6510,1.0875084094030594,327.0,326.2,0.04249579214187707,0.00010256507090140518,32,53,34.399568900000304,0.764018691588785,0.7621495327102803
er4,252,er4_m252_s0,es+pbil,1,135,6760,1.0875084094030594,327.0,326.3,0.04249579214187707,0.00010256507090140518,32,53,35.792804500000784,0.764018691588785,0.7623831775700934
er4,252,er4_m252_s0,es+pbil,1,140,7010,1.0875084094030594,327.0,326.8,0.04249579214187707,0.00010256507090140518,32,53,37.15465579999727,0.764018691588785,0.7635514018691589
er4,252,er4_m252_s0,es+pbil,1,145,7260,1.087832595392019,328.0,327.2,0.03789076096805487,0.0003394643525558936,32,54,38.3456814000092,0.7663551401869159,0.7644859813084112
er4,252,er4_m252_s0,es+pbil,1,150,7510,1.087832595392019,328.0,327.2,0.03789076096805487,0.0003394643525558936,32,54,39.74978780001402,0.7663551401869159,0.7644859813084112
er4,252,er4_m252_s0,es+pbil,1,155,7760,1.087832595392019,328.0,327.4,0.03789076096805487,0.0003394643525558936,32,54,41.1076466999948,0.7663551401869159,0.7649532710280373
er4,252,er4_m252_s0,es+pbil,1,160,8010,1.087832595392019,328.0,327.3,0.03789076096805487,0.0003394643525558936,32,54,42.48393680001027,0.7663551401869159,0.7647196261682243
er4,252,er4_m252_s0,es+pbil,1,165,8260,1.087832595392019,328.0,327.6,0.03789076096805487,0.0003394643525558936,32,54,43.818194399995264,0.7663551401869159,0.7654205607476636
er4,252,er4_m252_s0,es+pbil,1,170,8510,1.087832595392019,328.0,327.9,0.03789076096805487,0.0003394643525558936,32,54,45.165260500012664,0.7663551401869159,0.7661214953271027
er4,252,er4_m252_s0,es+pbil,1,175,8760,1.0920285481751781,329.0,328.2,0.042964419778052584,6.175161361258964e-05,32,53,46.486418999993475,0.7686915887850467,0.766822429906542
er4,252,er4_m252_s0,es+pbil,1,180,9010,1.0920285481751781,329.0,328.0,0.042964419778052584,6.175161361258964e-05,32,53,47.75140969999484,0.7686915887850467,0.7663551401869159
er4,252,er4_m252_s0,es+pbil,1,185,9260,1.0930426533503466,328.0,328.0,0.04664045903314995,0.0005333835019839011,32,54,49.07117790001212,0.7663551401869159,0.7663551401869159
er4,252,er4_m252_s0,es+pbil,1,190,9510,1.0930426533503466,328.0,328.0,0.04664045903314995,0.0005333835019839011,32,54,50.56054189999122,0.7663551401869159,0.7663551401869159
er4,252,er4_m252_s0,es+pbil,1,195,9760,1.0930426533503466,328.0,328.4,0.04664045903314995,0.0005333835019839011,32,54,51.85049149999395,0.7663551401869159,0.7672897196261682
er4,252,er4_m252_s0,es+pbil,1,200,10010,1.0930426533503466,328.0,328.6,0.04664045903314995,0.0005333835019839285,32,53,53.312304799997946,0.7663551401869159,0.7677570093457945
er4,252,er4_m252_s0,es+pbil,1,205,10260,1.0930426533503466,328.0,328.4,0.04664045903314995,0.0005333835019839011,32,54,54.521784800017485,0.7663551401869159,0.7672897196261682
er4,252,er4_m252_s0,es+pbil,1,210,10510,1.0930426533503466,328.0,328.1,0.04664045903314997,0.0005333835019839011,32,54,55.807688300003065,0.7663551401869159,0.766588785046729
er4,252,er4_m252_s0,es+pbil,1,215,10760,1.0930426533503466,328.0,328.0,0.04664045903314995,0.0005333835019839011,32,54,57.150628200004576,0.7663551401869159,0.7663551401869159
er4,252,er4_m252_s0,es+pbil,1,220,11010,1.0930426533503466,328.0,328.0,0.04664045903314997,0.0005333835019839011,32,54,58.520003799989354,0.7663551401869159,0.7663551401869159
er4,252,er4_m252_s0,es+pbil,1,225,11260,1.0930426533503466,328.0,328.0,0.04664045903314995,0.0005333835019839011,32,54,59.861034200002905,0.7663551401869159,0.7663551401869159
er4,252,er4_m252_s0,es+pbil,1,230,11510,1.0930426533503466,328.0,328.0,0.04664045903314995,0.0005333835019839011,32,54,61.08627259999048,0.7663551401869159,0.7663551401869159
er4,252,er4_m252_s0,es+pbil,1,235,11760,1.0930426533503466,328.0,328.0,0.04664045903314995,0.0005333835019839011,32,54,62.366706700006034,0.7663551401869159,0.7663551401869159
er4,252,er4_m252_s0,es+pbil,1,240,12010,1.0930426533503466,328.0,328.0,0.04664045903314995,0.0005333835019839285,32,53,63.664978100016015,0.7663551401869159,0.7663551401869159
er4,252,er4_m252_s0,es+pbil,1,245,12260,1.0930426533503466,328.0,328.0,0.04664045903314997,0.0005333835019839011,32,54,65.06129559999681,0.7663551401869159,0.7663551401869159
er4,252,er4_m252_s0,es+pbil,1,250,12510,1.0930426533503466,328.0,328.0,0.04664045903314995,0.0005333835019839011,32,54,66.43072460000985,0.7663551401869159,0.7663551401869159
er4,252,er4_m252_s0,es+pbil,1,255,12760,1.0930426533503466,328.0,328.0,0.04664045903314995,0.0005333835019839011,32,54,67.69987869999022,0.7663551401869159,0.7663551401869159
er4,252,er4_m252_s0,es+pbil,1,260,13010,1.0930426533503466,328.0,328.0,0.04664045903314995,0.0005333835019839285,32,53,69.00074809999205,0.7663551401869159,0.7663551401869159
er4,252,er4_m252_s0,es+pbil,1,265,13260,1.0930426533503466,328.0,328.0,0.04664045903314995,0.0005333835019839011,32,54,70.31169520001276,0.7663551401869159,0.7663551401869159
er4,252,er4_m252_s0,es+pbil,1,270,13510,1.093780348589192,328.0,328.0,0.04980985879205069,0.0005537983680033608,32,54,71.75704600001336,0.7663551401869159,0.7663551401869159
er4,252,er4_m252_s0,es+pbil,1,275,13760,1.093780348589192,328.0,328.0,0.04980985879205069,0.0005537983680033608,32,54,73.0763993000146,0.7663551401869159,0.7663551401869159
er4,252,er4_m252_s0,es+pbil,1,280,14010,1.093780348589192,328.0,328.0,0.04980985879205069,0.0005537983680033608,32,54,74.37293830001727,0.7663551401869159,0.7663551401869159
er4,252,er4_m252_s0,es+pbil,1,285,14260,1.093780348589192,328.0,328.0,0.04980985879205069,0.0005537983680033608,32,54,75.67541970001184,0.7663551401869159,0.7663551401869159
er4,252,er4_m252_s0,es+pbil,1,290,14510,1.093780348589192,328.0,328.0,0.04980985879205069,0.0005537983680033608,32,54,77.07652679999592,0.7663551401869159,0.7663551401869159
er4,252,er4_m252_s0,es+pbil,1,295,14760,1.093780348589192,328.0,328.0,0.04980985879205069,0.0005537983680033608,32,54,78.46021960000508,0.7663551401869159,0.7663551401869159
er4,252,er4_m252_s0,es+pbil,1,300,15010,1.093780348589192,328.0,328.0,0.04980985879205069,0.0005537983680033608,32,54,79.79867610000656,0.7663551401869159,0.7663551401869159
er4,252,er4_m252_s0,es+pbil,1,305,15260,1.093780348589192,328.0,328.0,0.04980985879205062,0.0005537983680033162,32,53,81.09867619999568,0.7663551401869159,0.7663551401869159
er4,252,er4_m252_s0,es+pbil,1,310,15510,1.093780348589192,328.0,328.0,0.04980985879205069,0.0005537983680033608,32,54,82.43175509999855,0.7663551401869159,0.7663551401869159
er4,252,er4_m252_s0,es+pbil,1,315,15760,1.093780348589192,328.0,328.0,0.04980985879205069,0.0005537983680033608,32,54,83.751946400007,0.7663551401869159,0.7663551401869159
er4,252,er4_m252_s0,es+pbil,1,320,16010,1.093780348589192,328.0,328.0,0.04980985879205069,0.0005537983680033608,32,54,85.10663210001076,0.7663551401869159,0.7663551401869159
er4,252,er4_m252_s0,es+pbil,1,325,16260,1.093780348589192,328.0,328.0,0.04980985879205062,0.0005537983680033162,32,53,86.32696800000849,0.7663551401869159,0.7663551401869159
er4,252,er4_m252_s0,es+pbil,1,330,16510,1.0941738538551682,328.0,328.0,0.05142508834510774,0.00017260766666789252,32,54,87.72272630000953,0.7663551401869159,0.7663551401869159
er4,252,er4_m252_s0,es+pbil,1,335,16760,1.0941738538551682,328.0,328.0,0.05142508834510774,0.00017260766666789252,32,54,89.07188580001821,0.7663551401869159,0.7663551401869159
er4,252,er4_m252_s0,es+pbil,1,340,17010,1.0941738538551682,328.0,328.0,0.05142508834510774,0.00017260766666789252,32,54,90.35280090000015,0.7663551401869159,0.7663551401869159
er4,252,er4_m252_s0,es+pbil,1,345,17260,1.0941738538551682,328.0,328.0,0.05142508834510774,0.00017260766666789252,32,54,91.61322729999665,0.7663551401869159,0.7663551401869159
er4,252,er4_m252_s0,es+pbil,1,350,17510,1.0941738538551682,328.0,328.0,0.05142508834510774,0.00017260766666789252,32,54,93.02017510001315,0.7663551401869159,0.7663551401869159
er4,252,er4_m252_s0,es+pbil,1,355,17760,1.0941738538551682,328.0,328.0,0.05142508834510774,0.00017260766666789252,32,54,94.41277180000907,0.7663551401869159,0.7663551401869159
er4,252,er4_m252_s0,es+pbil,1,360,18010,1.0941738538551682,328.0,328.0,0.0514250883451077,0.00017260766666785408,32,54,95.76017300001695,0.7663551401869159,0.7663551401869159
er4,252,er4_m252_s0,es+pbil,1,365,18260,1.0941738538551682,328.0,328.0,0.05142508834510774,0.00017260766666789252,32,54,97.29036690000794,0.7663551401869159,0.7663551401869159
er4,252,er4_m252_s0,es+pbil,1,370,18510,1.0941738538551682,328.0,328.0,0.05142508834510774,0.00017260766666789252,32,54,98.6077082999982,0.7663551401869159,0.7663551401869159
er4,252,er4_m252_s0,es+pbil,1,375,18760,1.0941738538551682,328.0,328.0,0.05142508834510774,0.00017260766666789252,32,54,99.98180420001154,0.7663551401869159,0.7663551401869159
er4,252,er4_m252_s0,es+pbil,1,380,19010,1.0941738538551682,328.0,328.0,0.05142508834510774,0.00017260766666789252,32,54,101.35104100001627,0.7663551401869159,0.7663551401869159
er4,252,er4_m252_s0,es+pbil,1,385,19260,1.0941738538551682,328.0,328.0,0.05142508834510774,0.00017260766666789252,32,54,103.11286220001057,0.7663551401869159,0.7663551401869159
er4,252,er4_m252_s0,es+pbil,1,390,19510,1.0941738538551682,328.0,328.0,0.0514250883451077,0.00017260766666785408,32,54,104.40887859999202,0.7663551401869159,0.7663551401869159
er4,252,er4_m252_s0,es+pbil,1,395,19760,1.0941738538551682,328.0,328.0,0.05142508834510774,0.00017260766666789252,32,54,105.70586680000997,0.7663551401869159,0.7663551401869159
er4,252,er4_m252_s0,es+pbil,1,400,20010,1.0941738538551682,328.0,328.0,0.0514250883451077,0.00017260766666785408,32,54,106.9318745000055,0.7663551401869159,0.7663551401869159
er4,252,er4_m252_s0,es+gpt,0,0,10,0.7778805985032988,247.0,254.1,0.02096537386545469,1.3010426069826053e-18,32,48,0.04922819999046624,0.5771028037383178,0.5936915887850467
er4,252,er4_m252_s0,es+gpt,0,5,260,0.9229889436434302,285.0,280.6,0.025861943209217524,5.1582753328657804e-05,32,55,14.150875799998175,0.6658878504672897,0.6556074766355141
er4,252,er4_m252_s0,es+gpt,0,10,510,0.9368599417760364,291.0,284.9,0.007578596705841742,6.396792817664476e-18,32,49,28.776000399986515,0.6799065420560748,0.6656542056074766
er4,252,er4_m252_s0,es+gpt,0,15,760,0.9716467754537053,293.0,292.6,0.05259204158728896,0.0005115447403666032,32,59,43.23379299999215,0.6845794392523364,0.6836448598130842
er4,252,er4_m252_s0,es+gpt,0,20,1010,1.0183240823553836,310.0,305.8,0.04140411916077439,0.0004467989630273046,32,58,57.649703100003535,0.7242990654205608,0.7144859813084112
er4,252,er4_m252_s0,es+gpt,0,25,1260,1.018368963538065,309.0,309.2,0.04517172478701501,0.00013593227741881314,32,57,72.2753085999866,0.7219626168224299,0.7224299065420561
er4,252,er4_m252_s0,es+gpt,0,30,1510,1.0390642527315417,316.0,311.6,0.043698448107063706,0.0005456401969640597,32,58,86.96638570001232,0.7383177570093458,0.7280373831775702
er4,252,er4_m252_s0,es+gpt,0,35,1760,1.0390642527315417,316.0,313.8,0.043698448107063706,0.0005456401969640597,32,58,101.76494490000186,0.7383177570093458,0.733177570093458
er4,252,er4_m252_s0,es+gpt,0,40,2010,1.040617417947564,316.0,315.1,0.04622791658947899,0.0003029853090846335,32,58,116.45687059999909,0.7383177570093458,0.736214953271028
er4,252,er4_m252_s0,es+gpt,0,45,2260,1.0443413736922353,315.0,315.1,0.04767410012668932,0.0005456401969640562,32,58,130.98966739999014,0.735981308411215,0.736214953271028
er4,252,er4_m252_s0,es+gpt,0,50,2510,1.0443413736922353,315.0,315.0,0.04767410012668932,0.0005456401969640562,32,58,145.48786170000676,0.735981308411215,0.735981308411215
er4,252,er4_m252_s0,es+gpt,0,55,2760,1.0443413736922353,315.0,314.9,0.04767410012668931,0.000545640196964018,32,58,159.9595597999869,0.735981308411215,0.7357476635514019
er4,252,er4_m252_s0,es+gpt,0,60,3010,1.0564399584285578,318.0,314.4,0.04392469208868756,0.00032722254188218404,32,58,174.30354890000308,0.7429906542056075,0.7345794392523364
er4,252,er4_m252_s0,es+gpt,0,65,3260,1.0564399584285578,318.0,314.4,0.04392469208868756,0.00032722254188218404,32,58,188.79986229998758,0.7429906542056075,0.7345794392523364
er4,252,er4_m252_s0,es+gpt,0,70,3510,1.059400629195626,315.0,315.2,0.058145997663066704,0.0003779160998186973,32,59,203.2632341000135,0.735981308411215,0.7364485981308411
er4,252,er4_m252_s0,es+gpt,0,75,3760,1.059400629195626,315.0,316.1,0.058145997663066704,0.0003779160998186973,32,59,217.61560449999524,0.735981308411215,0.7385514018691589
er4,252,er4_m252_s0,es+gpt,0,80,4010,1.0623866884332553,317.0,315.3,0.0651825623594604,3.698703962079497e-06,32,59,231.97782840000582,0.7406542056074766,0.7366822429906542
er4,252,er4_m252_s0,es+gpt,0,85,4260,1.064625856713664,318.0,317.2,0.05559304696114753,0.0007370852256715782,32,59,246.2682613999932,0.7429906542056075,0.7411214953271028
er4,252,er4_m252_s0,es+gpt,0,90,4510,1.065378823358378,319.0,317.8,0.03637969439874181,1.799248864552301e-05,32,60,260.90828400000464,0.7453271028037384,0.7425233644859813
er4,252,er4_m252_s0,es+gpt,0,95,4760,1.065378823358378,319.0,318.2,0.03637969439874181,1.799248864552301e-05,32,60,275.361003900005,0.7453271028037384,0.7434579439252336
er4,252,er4_m252_s0,es+gpt,0,100,5010,1.0779587741811691,320.0,318.5,0.05850102949575292,0.00021928546981564564,32,59,289.7134640000004,0.7476635514018691,0.7441588785046729
er4,252,er4_m252_s0,es+gpt,0,105,5260,1.0779587741811691,320.0,318.7,0.05850102949575292,0.00021928546981564564,32,59,304.04356270001153,0.7476635514018691,0.7446261682242991
er4,252,er4_m252_s0,es+gpt,0,110,5510,1.0779587741811691,320.0,318.3,0.05850102949575292,0.00021928546981564564,32,59,318.6889911000035,0.7476635514018691,0.7436915887850467
er4,252,er4_m252_s0,es+gpt,0,115,5760,1.0779587741811691,320.0,320.0,0.05850102949575292,0.00021928546981564564,32,59,333.2295366000035,0.7476635514018691,0.7476635514018691
er4,252,er4_m252_s0,es+gpt,0,120,6010,1.0799006035507142,320.0,320.0,0.058037889603151406,0.0001644563647706424,32,59,347.4717093000072,0.7476635514018691,0.7476635514018691
er4,252,er4_m252_s0,es+gpt,0,125,6260,1.0799006035507142,320.0,320.0,0.058037889603151406,0.0001644563647706424,32,59,362.10659690000466,0.7476635514018691,0.7476635514018691
er4,252,er4_m252_s0,es+gpt,0,130,6510,1.0799006035507144,320.0,320.0,0.05803788960315143,0.00016445636477066409,32,58,376.533961899986,0.7476635514018691,0.7476635514018691
er4,252,er4_m252_s0,es+gpt,0,135,6760,1.0799006035507144,320.0,320.0,0.05803788960315143,0.00016445636477066409,32,58,391.0915505999874,0.7476635514018691,0.7476635514018691
er4,252,er4_m252_s0,es+gpt,0,140,7010,1.0817347525239613,320.0,320.0,0.059939521562441506,3.4228577561961336e-05,32,58,405.33339720001095,0.7476635514018691,0.7476635514018691
er4,252,er4_m252_s0,es+gpt,0,145,7260,1.0820731109115658,320.0,320.0,0.05804139077392262,0.00016445636477066333,32,59,420.14978509998764,0.7476635514018691,0.7476635514018691
er4,252,er4_m252_s0,es+gpt,0,150,7510,1.0820731109115658,320.0,320.0,0.05804139077392262,0.00016445636477066333,32,59,434.2424379999866,0.7476635514018691,0.7476635514018691
er4,252,er4_m252_s0,es+gpt,0,155,7760,1.0820731109115658,320.0,320.0,0.05804139077392262,0.00016445636477066333,32,59,448.69021800000337,0.7476635514018691,0.7476635514018691
er4,252,er4_m252_s0,es+gpt,0,160,8010,1.0820731109115658,320.0,320.0,0.05804139077392262,0.00016445636477066333,32,59,462.9538199999952,0.7476635514018691,0.7476635514018691
er4,252,er4_m252_s0,es+gpt,0,165,8260,1.0820731109115658,320.0,320.0,0.05804139077392267,0.0001644563647707221,32,60,477.3568355999887,0.7476635514018691,0.7476635514018691
er4,252,er4_m252_s0,es+gpt,0,170,8510,1.0820731109115658,320.0,320.0,0.0580413907739228,0.000164456364770712,32,60,491.7427308000042,0.7476635514018691,0.7476635514018691
er4,252,er4_m252_s0,es+gpt,0,175,8760,1.0830447119582067,320.0,320.0,0.06164182345754346,3.422857756204731e-05,32,58,506.23703039999236,0.7476635514018691,0.7476635514018691
er4,252,er4_m252_s0,es+gpt,0,180,9010,1.0843058096374034,322.0,320.4,0.04905328703395039,3.422857756196264e-05,32,58,520.5313344000024,0.7523364485981309,0.7485981308411215
er4,252,er4_m252_s0,es+gpt,0,185,9260,1.0843058096374034,322.0,320.4,0.04905328703395039,3.422857756196264e-05,32,58,534.9099315000058,0.7523364485981309,0.7485981308411215
er4,252,er4_m252_s0,es+gpt,0,190,9510,1.0843058096374034,322.0,320.6,0.04905328703395039,3.422857756196264e-05,32,58,549.2228005999932,0.7523364485981309,0.7490654205607478
er4,252,er4_m252_s0,es+gpt,0,195,9760,1.0843058096374034,322.0,321.0,0.04905328703395039,3.422857756196264e-05,32,58,563.3003120000067,0.7523364485981309,0.75
er4,252,er4_m252_s0,es+gpt,0,200,10010,1.0843058096374036,322.0,322.0,0.04905328703395051,3.422857756199527e-05,32,59,577.4134979000082,0.7523364485981309,0.7523364485981309
er4,252,er4_m252_s0,es+gpt,0,205,10260,1.0843058096374036,322.0,322.0,0.04905328703395051,3.422857756199527e-05,32,59,591.4406871999963,0.7523364485981309,0.7523364485981309
er4,252,er4_m252_s0,es+gpt,0,210,10510,1.0843058096374036,322.0,322.0,0.04905328703395051,3.422857756199527e-05,32,59,605.627057500009,0.7523364485981309,0.7523364485981309
er4,252,er4_m252_s0,es+gpt,0,215,10760,1.0852850885531566,322.0,322.0,0.05147953142141982,0.00016445636477064088,32,59,620.0536336000077,0.7523364485981309,0.7523364485981309
er4,252,er4_m252_s0,es+gpt,0,220,11010,1.0852850885531566,322.0,322.0,0.05147953142141982,0.00016445636477064088,32,59,634.3892302000022,0.7523364485981309,0.7523364485981309
er4,252,er4_m252_s0,es+gpt,0,225,11260,1.0852850885531566,322.0,322.0,0.0514795314214197,0.00016445636477065368,32,59,648.5839907999907,0.7523364485981309,0.7523364485981309
er4,252,er4_m252_s0,es+gpt,0,230,11510,1.0856779163703145,322.0,322.0,0.049053287033950455,0.00028836418610946003,32,60,663.1475223999878,0.7523364485981309,0.7523364485981309
er4,252,er4_m252_s0,es+gpt,0,235,11760,1.0856779163703145,322.0,322.0,0.04905328703395047,0.00028836418610942024,32,57,677.4488737999927,0.7523364485981309,0.7523364485981309
er4,252,er4_m252_s0,es+gpt,0,240,12010,1.0856779163703145,322.0,322.0,0.049053287033950295,0.00028836418610946914,32,59,692.2816914000141,0.7523364485981309,0.7523364485981309
er4,252,er4_m252_s0,es+gpt,0,245,12260,1.0856779163703145,322.0,322.0,0.04905328703395048,0.0002883641861094529,32,59,706.7186340999906,0.7523364485981309,0.7523364485981309
er4,252,er4_m252_s0,es+gpt,0,250,12510,1.0860631649486239,322.0,322.0,0.04957158618156607,3.21138805989146e-05,32,59,721.2928459999966,0.7523364485981309,0.7523364485981309
er4,252,er4_m252_s0,es+gpt,0,255,12760,1.0860631649486239,322.0,322.0,0.04957158618156607,3.21138805989146e-05,32,59,735.7614098000049,0.7523364485981309,0.7523364485981309
er4,252,er4_m252_s0,es+gpt,0,260,13010,1.0860631649486239,322.0,322.0,0.04957158618156607,3.21138805989146e-05,32,59,750.4188375000085,0.7523364485981309,0.7523364485981309
er4,252,er4_m252_s0,es+gpt,0,265,13260,1.0860631649486239,322.0,322.0,0.04957158618156607,3.21138805989146e-05,32,59,764.9473571999988,0.7523364485981309,0.7523364485981309
er4,252,er4_m252_s0,es+gpt,0,270,13510,1.0860631649486239,322.0,322.0,0.04957158618156607,3.21138805989146e-05,32,59,779.3059061999957,0.7523364485981309,0.7523364485981309
er4,252,er4_m252_s0,es+gpt,0,275,13760,1.0860631649486239,322.0,322.0,0.04957158618156607,3.21138805989146e-05,32,59,793.6935664000048,0.7523364485981309,0.7523364485981309
er4,252,er4_m252_s0,es+gpt,0,280,14010,1.0860631649486239,322.0,322.0,0.04957158618156607,3.21138805989146e-05,32,59,808.0551084000035,0.7523364485981309,0.7523364485981309
er4,252,er4_m252_s0,es+gpt,0,285,14260,1.0860631649486239,322.0,322.0,0.049571586181566006,3.211388059888923e-05,32,59,822.38810869999,0.7523364485981309,0.7523364485981309
er4,252,er4_m252_s0,es+gpt,0,290,14510,1.0860631649486239,322.0,322.0,0.049571586181566124,3.211388059898388e-05,32,58,836.85487380001,0.7523364485981309,0.7523364485981309
er4,252,er4_m252_s0,es+gpt,0,295,14760,1.0860631649486239,322.0,322.0,0.049571586181566006,3.2113880598801624e-05,32,58,851.2850888000103,0.7523364485981309,0.7523364485981309
er4,252,er4_m252_s0,es+gpt,0,300,15010,1.0860631649486239,322.0,322.0,0.04957158618156601,3.211388059875945e-05,32,58,865.8312039999873,0.7523364485981309,0.7523364485981309
er4,252,er4_m252_s0,es+gpt,0,305,15260,1.0860631649486239,322.0,322.0,0.049571586181565916,3.211388059880596e-05,32,58,880.4983753999986,0.7523364485981309,0.7523364485981309
er4,252,er4_m252_s0,es+gpt,0,310,15510,1.0860631649486239,322.0,322.0,0.04957158618156605,3.211388059890636e-05,32,60,894.8938235999958,0.7523364485981309,0.7523364485981309
er4,252,er4_m252_s0,es+gpt,0,315,15760,1.0860631649486239,322.0,322.0,0.04957158618156592,3.2113880598809864e-05,32,59,909.4156661999878,0.7523364485981309,0.7523364485981309
er4,252,er4_m252_s0,es+gpt,0,320,16010,1.0860631649486239,322.0,322.0,0.04957158618156601,3.2113880598837186e-05,32,58,924.0558360999858,0.7523364485981309,0.7523364485981309
er4,252,er4_m252_s0,es+gpt,0,325,16260,1.0860631649486239,322.0,322.0,0.04957158618156607,3.21138805989146e-05,32,59,938.5397621000011,0.7523364485981309,0.7523364485981309
er4,252,er4_m252_s0,es+gpt,0,330,16510,1.0860631649486239,322.0,322.0,0.04957158618156601,3.211388059899071e-05,32,57,952.6741249999905,0.7523364485981309,0.7523364485981309
er4,252,er4_m252_s0,es+gpt,0,335,16760,1.0860631649486239,322.0,322.0,0.049571586181565985,3.211388059876747e-05,32,59,967.4602758999972,0.7523364485981309,0.7523364485981309
er4,252,er4_m252_s0,es+gpt,0,340,17010,1.0860631649486239,322.0,322.0,0.04957158618156601,3.2113880598909393e-05,32,60,982.0031586000114,0.7523364485981309,0.7523364485981309
er4,252,er4_m252_s0,es+gpt,0,345,17260,1.0871933797240982,322.0,322.0,0.05203154878991387,0.0016234984279045535,32,59,996.7224871999933,0.7523364485981309,0.7523364485981309
er4,252,er4_m252_s0,es+gpt,0,350,17510,1.0871933797240982,322.0,322.0,0.052031548789913826,0.0016234984279045856,32,57,1010.9240218999912,0.7523364485981309,0.7523364485981309
er4,252,er4_m252_s0,es+gpt,0,355,17760,1.0871933797240982,322.0,322.0,0.052031548789913826,0.0016234984279045856,32,57,1025.1179423999856,0.7523364485981309,0.7523364485981309
er4,252,er4_m252_s0,es+gpt,0,360,18010,1.0871933797240982,322.0,322.0,0.05203154878991385,0.001623498427904508,32,60,1039.217696800013,0.7523364485981309,0.7523364485981309
er4,252,er4_m252_s0,es+gpt,0,365,18260,1.0871933797240982,322.0,322.0,0.052031548789913826,0.001623498427904489,32,58,1053.5557651999989,0.7523364485981309,0.7523364485981309
er4,252,er4_m252_s0,es+gpt,0,370,18510,1.0871933797240982,322.0,322.0,0.05203154878991392,0.0016234984279044462,32,59,1067.952944699995,0.7523364485981309,0.7523364485981309
er4,252,er4_m252_s0,es+gpt,0,375,18760,1.0871933797240982,322.0,322.0,0.05203154878991391,0.0016234984279045349,32,58,1082.4161415999988,0.7523364485981309,0.7523364485981309
er4,252,er4_m252_s0,es+gpt,0,380,19010,1.0871933797240982,322.0,322.0,0.05203154878991384,0.001623498427904466,32,58,1096.6601995000092,0.7523364485981309,0.7523364485981309
er4,252,er4_m252_s0,es+gpt,0,385,19260,1.0871933797240982,322.0,322.0,0.052031548789913895,0.0016234984279045383,32,58,1110.7897946999874,0.7523364485981309,0.7523364485981309
er4,252,er4_m252_s0,es+gpt,0,390,19510,1.087280947337291,322.0,322.0,0.04917618183040723,0.0008171234748271363,32,57,1125.4702416000073,0.7523364485981309,0.7523364485981309
er4,252,er4_m252_s0,es+gpt,0,395,19760,1.087280947337291,322.0,322.0,0.04917618183040723,0.0008171234748271363,32,57,1139.810118399997,0.7523364485981309,0.7523364485981309
er4,252,er4_m252_s0,es+gpt,0,400,20010,1.087280947337291,322.0,322.0,0.04917618183040723,0.0008171234748271363,32,57,1154.8510667000082,0.7523364485981309,0.7523364485981309
er4,252,er4_m252_s0,es+gpt,1,0,10,0.7788723592916005,245.0,251.9,0.024897247431810793,6.729247164983382e-05,32,51,0.0636110000195913,0.572429906542056,0.5885514018691589
er4,252,er4_m252_s0,es+gpt,1,5,260,0.9185746301236705,285.0,276.1,0.033396918307650215,3.7730235602495554e-17,32,52,15.542066900001373,0.6658878504672897,0.6450934579439253
er4,252,er4_m252_s0,es+gpt,1,10,510,0.9283169863288874,285.0,282.4,0.037884951609498264,9.107298248878237e-18,32,53,33.46520320000127,0.6658878504672897,0.6598130841121495
er4,252,er4_m252_s0,es+gpt,1,15,760,0.9568351514978306,289.0,286.5,0.04764534800581017,0.0002792422920617375,32,56,50.868704200023785,0.6752336448598131,0.669392523364486
er4,252,er4_m252_s0,es+gpt,1,20,1010,0.9687306717947108,295.0,290.3,0.048744157535546104,1.4952092336757315e-05,32,54,66.91746340002283,0.6892523364485982,0.6782710280373832
er4,252,er4_m252_s0,es+gpt,1,25,1260,0.9687306717947108,295.0,292.9,0.04874415753554617,1.4952092336526651e-05,32,53,82.35152710002149,0.6892523364485982,0.6843457943925233
er4,252,er4_m252_s0,es+gpt,1,30,1510,0.979348787492454,292.0,293.2,0.05068952294028571,0.00013745488623444712,32,57,97.26487700000871,0.6822429906542056,0.6850467289719626
er4,252,er4_m252_s0,es+gpt,1,35,1760,1.011786017276402,300.0,294.6,0.04951739958829009,5.499271603419398e-06,32,56,113.30413400000543,0.7009345794392523,0.6883177570093458
er4,252,er4_m252_s0,es+gpt,1,40,2010,1.0199949188665658,302.0,298.4,0.05556700745691519,0.0003754753740938489,32,56,129.77028940001037,0.705607476635514,0.6971962616822429
er4,252,er4_m252_s0,es+gpt,1,45,2260,1.037533161663333,307.0,304.4,0.0425519150176155,0.00038460725698188057,32,56,146.5472248000151,0.7172897196261683,0.711214953271028
er4,252,er4_m252_s0,es+gpt,1,50,2510,1.0493955720199009,309.0,307.3,0.04282672588187548,9.577749505570787e-05,32,57,162.37085360000492,0.7219626168224299,0.7179906542056075
er4,252,er4_m252_s0,es+gpt,1,55,2760,1.0493955720199009,309.0,307.8,0.04282672588187548,9.577749505570787e-05,32,57,177.6299241000088,0.7219626168224299,0.719158878504673
er4,252,er4_m252_s0,es+gpt,1,60,3010,1.05512203185486,311.0,309.2,0.04218128799203158,2.758429181403375e-05,32,57,193.3586525999999,0.7266355140186916,0.7224299065420561
er4,252,er4_m252_s0,es+gpt,1,65,3260,1.0599004012727018,312.0,310.5,0.04563222448671769,0.0007662540159268901,32,56,209.1476070000208,0.7289719626168224,0.7254672897196262
er4,252,er4_m252_s0,es+gpt,1,70,3510,1.0600001712619525,314.0,312.1,0.04479615588462056,0.0001531531543798939,32,56,224.63524650002364,0.7336448598130841,0.7292056074766355
er4,252,er4_m252_s0,es+gpt,1,75,3760,1.0651267562023423,314.0,312.5,0.04336750159935547,0.0008628874105123759,32,57,239.71685940001043,0.7336448598130841,0.7301401869158879
er4,252,er4_m252_s0,es+gpt,1,80,4010,1.0680893541634329,312.0,313.5,0.04612921198760426,6.729452717815982e-05,32,55,255.19315310000093,0.7289719626168224,0.7324766355140186
er4,252,er4_m252_s0,es+gpt,1,85,4260,1.0713127394664081,313.0,313.9,0.047427911935992106,0.0001916385997980599,32,54,270.6058757000137,0.7313084112149533,0.733411214953271
er4,252,er4_m252_s0,es+gpt,1,90,4510,1.0737149679071265,314.0,313.8,0.045762404321742355,0.00027298686785009454,32,54,286.3406225000217,0.7336448598130841,0.733177570093458
er4,252,er4_m252_s0,es+gpt,1,95,4760,1.0737149679071265,314.0,313.0,0.045762404321742355,0.00027298686785009454,32,54,302.6456805000198,0.7336448598130841,0.7313084112149533
er4,252,er4_m252_s0,es+gpt,1,100,5010,1.0740737578888953,313.0,313.5,0.0491019633160084,0.00036536107570756676,32,57,317.6373624000116,0.7313084112149533,0.7324766355140186
er4,252,er4_m252_s0,es+gpt,1,105,5260,1.0740737578888953,313.0,313.6,0.0491019633160084,0.00036536107570756676,32,57,333.39303440001095,0.7313084112149533,0.7327102803738318
er4,252,er4_m252_s0,es+gpt,1,110,5510,1.0775481320269054,315.0,313.8,0.051692397103749205,0.00019736673908271737,32,54,349.3076737000083,0.735981308411215,0.733177570093458
er4,252,er4_m252_s0,es+gpt,1,115,5760,1.0783450964778036,315.0,314.1,0.050791695866497115,0.00019434120202734928,32,52,365.2901512000244,0.735981308411215,0.7338785046728973
er4,252,er4_m252_s0,es+gpt,1,120,6010,1.0783450964778036,315.0,315.2,0.050791695866497115,0.00019434120202734928,32,52,380.5879471000226,0.735981308411215,0.7364485981308411
er4,252,er4_m252_s0,es+gpt,1,125,6260,1.0804873548616625,315.0,315.2,0.051197029338165986,6.200028418851429e-05,32,53,396.38870460001635,0.735981308411215,0.7364485981308411
er4,252,er4_m252_s0,es+gpt,1,130,6510,1.0852392175494059,317.0,315.4,0.050475015782521865,2.6426793749347467e-05,32,55,412.2735493000073,0.7406542056074766,0.7369158878504672
er4,252,er4_m252_s0,es+gpt,1,135,6760,1.0852392175494059,317.0,316.4,0.050475015782521865,2.6426793749347467e-05,32,55,427.7081678000104,0.7406542056074766,0.7392523364485981
er4,252,er4_m252_s0,es+gpt,1,140,7010,1.0852392175494059,317.0,316.0,0.050475015782521865,2.6426793749347467e-05,32,55,443.73333660000935,0.7406542056074766,0.7383177570093458
er4,252,er4_m252_s0,es+gpt,1,145,7260,1.0858874376146284,319.0,317.0,0.04962328139120935,4.181599693346412e-05,32,55,459.1056886000151,0.7453271028037384,0.7406542056074766
er4,252,er4_m252_s0,es+gpt,1,150,7510,1.0858874376146284,319.0,317.6,0.04962328139120935,4.181599693346412e-05,32,55,475.1803098000237,0.7453271028037384,0.7420560747663552
er4,252,er4_m252_s0,es+gpt,1,155,7760,1.0858874376146284,319.0,317.5,0.04962328139120935,4.181599693346412e-05,32,55,490.5188674000092,0.7453271028037384,0.741822429906542
er4,252,er4_m252_s0,es+gpt,1,160,8010,1.0871733786901991,319.0,317.6,0.04990853927441521,8.542657707220826e-06,32,53,504.9410515000054,0.7453271028037384,0.7420560747663552
er4,252,er4_m252_s0,es+gpt,1,165,8260,1.0871733786901991,319.0,317.8,0.04990853927441521,8.542657707220826e-06,32,53,519.4050872000225,0.7453271028037384,0.7425233644859813
er4,252,er4_m252_s0,es+gpt,1,170,8510,1.0871733786901991,319.0,318.0,0.04990853927441521,8.542657707220826e-06,32,53,534.9579264000058,0.7453271028037384,0.7429906542056075
er4,252,er4_m252_s0,es+gpt,1,175,8760,1.0871733786901991,319.0,317.7,0.04990853927441521,8.542657707220826e-06,32,53,550.7280643000267,0.7453271028037384,0.7422897196261682
er4,252,er4_m252_s0,es+gpt,1,180,9010,1.0871733786901991,319.0,317.9,0.04990853927441521,8.542657707220826e-06,32,53,565.455737500015,0.7453271028037384,0.7427570093457944
er4,252,er4_m252_s0,es+gpt,1,185,9260,1.0871733786901991,319.0,318.7,0.04990853927441521,8.542657707220826e-06,32,53,581.3299708000268,0.7453271028037384,0.7446261682242991
er4,252,er4_m252_s0,es+gpt,1,190,9510,1.089218796270579,319.0,319.0,0.0554787187542533,8.542657707230747e-06,32,52,597.7643195000128,0.7453271028037384,0.7453271028037384
er4,252,er4_m252_s0,es+gpt,1,195,9760,1.089218796270579,319.0,319.0,0.0554787187542533,8.542657707230747e-06,32,52,614.8917629000207,0.7453271028037384,0.7453271028037384
er4,252,er4_m252_s0,es+gpt,1,200,10010,1.0899066266858277,320.0,319.2,0.049644552700510325,0.00011057817784092112,32,53,631.3170511000208,0.7476635514018691,0.7457943925233644
er4,252,er4_m252_s0,es+gpt,1,205,10260,1.0899066266858277,320.0,319.2,0.049644552700510325,0.00011057817784092112,32,53,647.3552102000103,0.7476635514018691,0.7457943925233644
er4,252,er4_m252_s0,es+gpt,1,210,10510,1.0899066266858277,320.0,319.2,0.049644552700510325,0.00011057817784092112,32,53,664.7471837000048,0.7476635514018691,0.7457943925233644
er4,252,er4_m252_s0,es+gpt,1,215,10760,1.0899066266858277,320.0,319.2,0.049644552700510325,0.00011057817784092112,32,53,682.3688986000197,0.7476635514018691,0.7457943925233644
er4,252,er4_m252_s0,es+gpt,1,220,11010,1.0899066266858277,320.0,319.3,0.049644552700510325,0.00011057817784092112,32,53,698.5011440000089,0.7476635514018691,0.7460280373831776
er4,252,er4_m252_s0,es+gpt,1,225,11260,1.0899066266858277,320.0,319.3,0.049644552700510325,0.00011057817784092112,32,53,713.9501119000197,0.7476635514018691,0.7460280373831776
er4,252,er4_m252_s0,es+gpt,1,230,11510,1.0899066266858277,320.0,319.4,0.049644552700510325,0.00011057817784092112,32,53,729.0581114000233,0.7476635514018691,0.7462616822429906
er4,252,er4_m252_s0,es+gpt,1,235,11760,1.0899479771964815,319.0,319.4,0.054341008288538536,5.091667062697737e-05,32,53,744.0301394000126,0.7453271028037384,0.7462616822429906
er4,252,er4_m252_s0,es+gpt,1,240,12010,1.091837339762904,320.0,319.5,0.05434404899501,3.3881798437898625e-05,32,52,759.0892197000212,0.7476635514018691,0.7464953271028038
er4,252,er4_m252_s0,es+gpt,1,245,12260,1.091837339762904,320.0,319.3,0.05434404899501,3.3881798437898625e-05,32,52,775.3066387000144,0.7476635514018691,0.7460280373831776
er4,252,er4_m252_s0,es+gpt,1,250,12510,1.091837339762904,320.0,319.7,0.05434404899501,3.3881798437898625e-05,32,52,791.9431637000234,0.7476635514018691,0.7469626168224299
er4,252,er4_m252_s0,es+gpt,1,255,12760,1.091837339762904,320.0,320.0,0.05434404899501,3.3881798437898625e-05,32,52,809.1249133000092,0.7476635514018691,0.7476635514018691
er4,252,er4_m252_s0,es+gpt,1,260,13010,1.091837339762904,320.0,320.0,0.05434404899501,3.3881798437898625e-05,32,52,825.1604770000267,0.7476635514018691,0.7476635514018691
er4,252,er4_m252_s0,es+gpt,1,265,13260,1.0926882494764416,320.0,320.0,0.05474731298249527,3.388179843798536e-05,32,54,841.2577670000028,0.7476635514018691,0.7476635514018691
er4,252,er4_m252_s0,es+gpt,1,270,13510,1.0937320267364359,320.0,320.0,0.059388615406571796,3.388179843799577e-05,32,54,857.4105106000206,0.7476635514018691,0.7476635514018691
er4,252,er4_m252_s0,es+gpt,1,275,13760,1.0937320267364359,320.0,320.0,0.059388615406571796,3.388179843799577e-05,32,54,874.4799653000082,0.7476635514018691,0.7476635514018691
er4,252,er4_m252_s0,es+gpt,1,280,14010,1.0937320267364359,320.0,320.0,0.059388615406571796,3.38817984379125e-05,32,55,889.9433172999998,0.7476635514018691,0.7476635514018691
er4,252,er4_m252_s0,es+gpt,1,285,14260,1.0937320267364359,320.0,320.0,0.059388615406571796,3.388179843799577e-05,32,54,906.1233984999999,0.7476635514018691,0.7476635514018691
er4,252,er4_m252_s0,es+gpt,1,290,14510,1.0937320267364359,320.0,320.0,0.059388615406571796,3.38817984379125e-05,32,55,924.621641500009,0.7476635514018691,0.7476635514018691
er4,252,er4_m252_s0,es+gpt,1,295,14760,1.0937320267364359,320.0,320.0,0.05938861540657188,3.38817984379472e-05,32,54,946.4334516000235,0.7476635514018691,0.7476635514018691
er4,252,er4_m252_s0,es+gpt,1,300,15010,1.0937320267364359,320.0,320.0,0.059388615406571796,3.388179843799577e-05,32,54,972.9443447000231,0.7476635514018691,0.7476635514018691
er4,252,er4_m252_s0,es+gpt,1,305,15260,1.0937320267364359,320.0,320.0,0.05938861540657171,3.3881798437888216e-05,32,53,997.1592784000095,0.7476635514018691,0.7476635514018691
er4,252,er4_m252_s0,es+gpt,1,310,15510,1.0937320267364359,320.0,320.0,0.05938861540657188,3.38817984379472e-05,32,54,1019.3072078000114,0.7476635514018691,0.7476635514018691
er4,252,er4_m252_s0,es+gpt,1,315,15760,1.0937320267364359,320.0,320.0,0.059388615406571824,3.388179843797322e-05,32,55,1043.1800231000234,0.7476635514018691,0.7476635514018691
er4,252,er4_m252_s0,es+gpt,1,320,16010,1.0937320267364359,320.0,320.0,0.0593886154065719,3.3881798437905564e-05,32,56,1063.8174126000085,0.7476635514018691,0.7476635514018691
er4,252,er4_m252_s0,es+gpt,1,325,16260,1.0966670268452603,321.0,320.1,0.05750457844492174,1.5119629604079879e-05,32,56,1085.0679424000264,0.75,0.7478971962616823
er4,252,er4_m252_s0,es+gpt,1,330,16510,1.0966670268452603,321.0,320.3,0.05750457844492174,1.5119629604079879e-05,32,56,1105.2951378000143,0.75,0.7483644859813084
er4,252,er4_m252_s0,es+gpt,1,335,16760,1.0966670268452603,321.0,320.5,0.057504578444921704,1.5119629604020465e-05,32,56,1125.5339645000058,0.75,0.7488317757009346
er4,252,er4_m252_s0,es+gpt,1,340,17010,1.0966670268452603,321.0,321.0,0.05750457844492177,1.5119629604022633e-05,32,55,1146.0032447000267,0.75,0.75
er4,252,er4_m252_s0,es+gpt,1,345,17260,1.0966670268452603,321.0,321.0,0.057504578444921774,1.5119629604062098e-05,32,58,1165.3244823999994,0.75,0.75
er4,252,er4_m252_s0,es+gpt,1,350,17510,1.0966670268452603,321.0,321.0,0.05750457844492181,1.5119629604041715e-05,32,55,1185.2917651000025,0.75,0.75
er4,252,er4_m252_s0,es+gpt,1,355,17760,1.0966670268452603,321.0,321.0,0.05750457844492173,1.5119629604064266e-05,32,53,1204.612095700024,0.75,0.75
er4,252,er4_m252_s0,es+gpt,1,360,18010,1.097210877071404,321.0,321.0,0.04529601893041342,1.945650154195396e-06,32,56,1224.683196100028,0.75,0.75
er4,252,er4_m252_s0,es+gpt,1,365,18260,1.097210877071404,321.0,321.0,0.04529601893041342,1.945650154195396e-06,32,56,1243.6632640000025,0.75,0.75
er4,252,er4_m252_s0,es+gpt,1,370,18510,1.097210877071404,321.0,321.0,0.04529601893041342,1.945650154195396e-06,32,56,1263.643826000014,0.75,0.75
er4,252,er4_m252_s0,es+gpt,1,375,18760,1.097210877071404,321.0,321.0,0.04529601893041342,1.945650154195396e-06,32,56,1282.6623269000265,0.75,0.75
er4,252,er4_m252_s0,es+gpt,1,380,19010,1.097210877071404,321.0,321.0,0.04529601893041342,1.945650154195396e-06,32,56,1302.6861883000238,0.75,0.75
er4,252,er4_m252_s0,es+gpt,1,385,19260,1.097210877071404,321.0,321.0,0.04529601893041342,1.945650154195396e-06,32,56,1322.7021267000237,0.75,0.75
er4,252,er4_m252_s0,es+gpt,1,390,19510,1.097210877071404,321.0,321.0,0.04529601893041342,1.945650154195396e-06,32,56,1342.076951200026,0.75,0.75
er4,252,er4_m252_s0,es+gpt,1,395,19760,1.097210877071404,321.0,321.0,0.04529601893041342,1.945650154195396e-06,32,56,1363.3861072,0.75,0.75
er4,252,er4_m252_s0,es+gpt,1,400,20010,1.097210877071404,321.0,321.0,0.04529601893041342,1.945650154195396e-06,32,56,1378.9608876000275,0.75,0.75
