family,m,instance,method,run,generation,evaluations,best_score,best_cut,pop_mean_cut,median_abs_corr,min_abs_corr,two_qubit,non_clifford,scorer_loss,seconds,ratio_best,ratio_pop_mean
reg3,60,reg3_m60_s0,es,0,0,10,0.8309630285234236,49.0,45.8,0.03422181726598081,1.0842021724855044e-18,20,32,,0.03548630001023412,0.5903614457831325,0.5518072289156626
reg3,60,reg3_m60_s0,es,0,5,260,1.026370361091108,60.0,57.8,0.033028544684906,0.0017921165202516203,20,40,,0.7556653000065126,0.7228915662650602,0.6963855421686747
reg3,60,reg3_m60_s0,es,0,10,510,1.1167670108087875,65.0,62.6,0.04793150120056559,0.00011888313586847811,20,35,,1.5199889999930747,0.7831325301204819,0.7542168674698795
reg3,60,reg3_m60_s0,es,0,15,760,1.1635421578853316,67.0,63.9,0.05976672547790514,0.0007156133338559155,20,37,,2.259289200010244,0.8072289156626506,0.7698795180722892
reg3,60,reg3_m60_s0,es,0,20,1010,1.1669565457970497,67.0,64.2,0.05139112467370166,0.0006647969903537301,20,37,,2.9852930000051856,0.8072289156626506,0.7734939759036145
reg3,60,reg3_m60_s0,es,0,25,1260,1.1742114487538298,65.0,66.3,0.1051408716785766,0.001602118122633011,20,31,,3.841411800007336,0.7831325301204819,0.7987951807228916
reg3,60,reg3_m60_s0,es,0,30,1510,1.181937844504649,66.0,65.7,0.08915320810769894,0.0013431386971796688,20,32,,4.705378599988762,0.7951807228915663,0.791566265060241
reg3,60,reg3_m60_s0,es,0,35,1760,1.209422577811505,67.0,66.8,0.09529533195886378,0.0011129088981652047,20,34,,5.559135499992408,0.8072289156626506,0.8048192771084337
reg3,60,reg3_m60_s0,es,0,40,2010,1.2195187116078423,68.0,67.1,0.09567318940504164,0.0003809181315917662,20,35,,6.408050500031095,0.8192771084337349,0.808433734939759
reg3,60,reg3_m60_s0,es,0,45,2260,1.2204812983389426,68.0,68.0,0.09522811880680301,0.0010896930241718616,20,34,,7.158889600017574,0.8192771084337349,0.8192771084337349
reg3,60,reg3_m60_s0,es,0,50,2510,1.2348839285201791,69.0,68.4,0.08739702339260913,0.0003811718652522748,20,33,,7.909727699996438,0.8313253012048193,0.8240963855421688
reg3,60,reg3_m60_s0,es,0,55,2760,1.2348839285201791,69.0,68.8,0.08739702339260913,0.0003811718652522748,20,33,,8.672887900029309,0.8313253012048193,0.8289156626506023
reg3,60,reg3_m60_s0,es,0,60,3010,1.2348839285201791,69.0,69.0,0.08739702339260913,0.0003811718652522748,20,33,,9.528910499997437,0.8313253012048193,0.8313253012048193
reg3,60,reg3_m60_s0,es,0,65,3260,1.2355882679500851,69.0,69.0,0.09583082863872897,0.001065161067027337,20,33,,10.289156300015748,0.8313253012048193,0.8313253012048193
reg3,60,reg3_m60_s0,es,0,70,3510,1.237438111336251,69.0,69.0,0.09476969145349795,0.0012817576014821012,20,33,,11.123398300027475,0.8313253012048193,0.8313253012048193
reg3,60,reg3_m60_s0,es,0,75,3760,1.2399366594724475,69.0,69.0,0.09987434867170206,0.002087585729631662,20,34,,11.928632099996321,0.8313253012048193,0.8313253012048193
reg3,60,reg3_m60_s0,es,0,80,4010,1.2399366594724477,69.0,69.0,0.09987434867170202,0.0020875857296316796,20,34,,12.683764200017322,0.8313253012048193,0.8313253012048193
reg3,60,reg3_m60_s0,es,0,85,4260,1.2425896069292777,69.0,69.0,0.10461854584454078,0.0016375175061768207,20,33,,13.406390200019814,0.8313253012048193,0.8313253012048193
reg3,60,reg3_m60_s0,es,0,90,4510,1.242640914451751,69.0,69.0,0.10435705909690628,0.0011544691386463843,20,35,,14.19587529997807,0.8313253012048193,0.8313253012048193
reg3,60,reg3_m60_s0,es,0,95,4760,1.242640914451751,69.0,69.0,0.10435705909690629,0.0011544691386463843,20,35,,14.931848099979106,0.8313253012048193,0.8313253012048193
reg3,60,reg3_m60_s0,es,0,100,5010,1.2439668074066366,69.0,69.0,0.10141795324178735,0.00015992583824141898,20,34,,15.675716899975669,0.8313253012048193,0.8313253012048193
reg3,60,reg3_m60_s0,es,0,105,5260,1.244324350619645,69.0,69.0,0.0931338422256377,0.00010444326898650285,20,36,,16.427297100017313,0.8313253012048193,0.8313253012048193
reg3,60,reg3_m60_s0,es,0,110,5510,1.244324350619645,69.0,69.0,0.09313384222563753,0.00010444326898635952,20,35,,17.171788999985438,0.8313253012048193,0.8313253012048193
reg3,60,reg3_m60_s0,es,0,115,5760,1.245147347677183,69.0,69.0,0.11141482558731933,0.00010444326898639443,20,34,,17.932367300032638,0.8313253012048193,0.8313253012048193
reg3,60,reg3_m60_s0,es,0,120,6010,1.245147347677183,69.0,69.0,0.11141482558731933,0.00010444326898639443,20,34,,18.73380879999604,0.8313253012048193,0.8313253012048193
reg3,60,reg3_m60_s0,es,0,125,6260,1.2518120083290707,69.0,69.0,0.1107246459641855,0.0007370627328717209,20,33,,19.470120800018776,0.8313253012048193,0.8313253012048193
reg3,60,reg3_m60_s0,es,0,130,6510,1.2518120083290707,69.0,69.0,0.11072464596418555,0.0007370627328716769,20,35,,20.38790329999756,0.8313253012048193,0.8313253012048193
reg3,60,reg3_m60_s0,es,0,135,6760,1.2518120083290707,69.0,69.0,0.1107246459641855,0.0007370627328717209,20,33,,21.137970399984624,0.8313253012048193,0.8313253012048193
reg3,60,reg3_m60_s0,es,0,140,7010,1.251812008329071,69.0,69.0,0.11072464596418558,0.0007370627328716853,20,35,,21.85786599997664,0.8313253012048193,0.8313253012048193
reg3,60,reg3_m60_s0,es,0,145,7260,1.2520448073587993,69.0,69.0,0.10783419310535078,0.0016903801203743962,20,35,,22.608700799988583,0.8313253012048193,0.8313253012048193
reg3,60,reg3_m60_s0,es,0,150,7510,1.2539965695948208,69.0,69.0,0.11207897422481783,0.0018269162906449643,20,35,,23.32685270003276,0.8313253012048193,0.8313253012048193
reg3,60,reg3_m60_s0,es,0,155,7760,1.2539965695948208,69.0,69.0,0.11207897422481783,0.0018269162906449643,20,35,,24.104648099979386,0.8313253012048193,0.8313253012048193
reg3,60,reg3_m60_s0,es,0,160,8010,1.253996569594821,69.0,69.0,0.11207897422481794,0.0018269162906450337,20,35,,24.837791999976616,0.8313253012048193,0.8313253012048193
reg3,60,reg3_m60_s0,es,0,165,8260,1.253996569594821,69.0,69.0,0.11207897422481794,0.0018269162906450614,20,34,,25.581109100021422,0.8313253012048193,0.8313253012048193
reg3,60,reg3_m60_s0,es,0,170,8510,1.253996569594821,69.0,69.0,0.11207897422481794,0.0018269162906450337,20,35,,26.31631630001357,0.8313253012048193,0.8313253012048193
reg3,60,reg3_m60_s0,es,0,175,8760,1.2547049628488007,69.0,69.0,0.10774068180517384,0.00022414620201907653,20,35,,27.042120199999772,0.8313253012048193,0.8313253012048193
reg3,60,reg3_m60_s0,es,0,180,9010,1.2547049628488007,69.0,69.0,0.10774068180517384,0.00022414620201907653,20,35,,27.81112490000669,0.8313253012048193,0.8313253012048193
reg3,60,reg3_m60_s0,es,0,185,9260,1.2547049628488007,69.0,69.0,0.10774068180517384,0.00022414620201907653,20,35,,28.726399399980437,0.8313253012048193,0.8313253012048193
reg3,60,reg3_m60_s0,es,0,190,9510,1.2547049628488007,69.0,69.0,0.10774068180517384,0.00022414620201907653,20,35,,29.487549300014507,0.8313253012048193,0.8313253012048193
reg3,60,reg3_m60_s0,es,0,195,9760,1.254704962848801,69.0,69.0,0.10774068180517377,0.00022414620201913205,20,34,,30.24319020000985,0.8313253012048193,0.8313253012048193
reg3,60,reg3_m60_s0,es,0,200,10010,1.254704962848801,69.0,69.0,0.10774068180517377,0.00022414620201913205,20,34,,30.96675680001499,0.8313253012048193,0.8313253012048193
reg3,60,reg3_m60_s0,es,0,205,10260,1.254704962848801,69.0,69.0,0.10774068180517377,0.00022414620201913205,20,34,,31.728667500021402,0.8313253012048193,0.8313253012048193
reg3,60,reg3_m60_s0,es,0,210,10510,1.254704962848801,69.0,69.0,0.1077406818051738,0.00022414620201906266,20,35,,32.45987259998219,0.8313253012048193,0.8313253012048193
reg3,60,reg3_m60_s0,es,0,215,10760,1.254704962848801,69.0,69.0,0.1077406818051738,0.00022414620201906266,20,35,,33.20517450000625,0.8313253012048193,0.8313253012048193
reg3,60,reg3_m60_s0,es,0,220,11010,1.254704962848801,69.0,69.0,0.10774068180517377,0.00022414620201913205,20,34,,33.9958904000232,0.8313253012048193,0.8313253012048193
reg3,60,reg3_m60_s0,es,0,225,11260,1.254704962848801,69.0,69.0,0.10774068180517388,0.00022414620201911817,20,35,,34.76354110002285,0.8313253012048193,0.8313253012048193
reg3,60,reg3_m60_s0,es,0,230,11510,1.254704962848801,69.0,69.0,0.1077406818051738,0.0002241462020190349,20,34,,35.51813199999742,0.8313253012048193,0.8313253012048193
reg3,60,reg3_m60_s0,es,0,235,11760,1.254704962848801,69.0,69.0,0.10774068180517385,0.00022414620201904878,20,33,,36.27790729998378,0.8313253012048193,0.8313253012048193
reg3,60,reg3_m60_s0,es,0,240,12010,1.254704962848801,69.0,69.0,0.10774068180517384,0.00022414620201917368,20,35,,37.009715699998196,0.8313253012048193,0.8313253012048193
reg3,60,reg3_m60_s0,es,0,245,12260,1.254704962848801,69.0,69.0,0.10774068180517374,0.0002241462020191598,20,35,,37.80957739998121,0.8313253012048193,0.8313253012048193
reg3,60,reg3_m60_s0,es,0,250,12510,1.254704962848801,69.0,69.0,0.10774068180517388,0.00022414620201911817,20,35,,38.54592609999236,0.8313253012048193,0.8313253012048193
reg3,60,reg3_m60_s0,es,0,255,12760,1.254704962848801,69.0,69.0,0.10774068180517384,0.00022414620201917368,20,35,,39.2991121999803,0.8313253012048193,0.8313253012048193
reg3,60,reg3_m60_s0,es,0,260,13010,1.254704962848801,69.0,69.0,0.1077406818051738,0.0002241462020191043,20,33,,40.020682999980636,0.8313253012048193,0.8313253012048193
reg3,60,reg3_m60_s0,es,0,265,13260,1.254704962848801,69.0,69.0,0.10774068180517385,0.00022414620201904878,20,33,,40.75691779999761,0.8313253012048193,0.8313253012048193
reg3,60,reg3_m60_s0,es,0,270,13510,1.2564561656323483,69.0,69.0,0.11128395731697718,0.0002241462020191043,20,34,,41.50089189998107,0.8313253012048193,0.8313253012048193
reg3,60,reg3_m60_s0,es,0,275,13760,1.2564561656323483,69.0,69.0,0.11128395731697718,0.0002241462020191043,20,34,,42.26412710000295,0.8313253012048193,0.8313253012048193
reg3,60,reg3_m60_s0,es,0,280,14010,1.2564561656323483,69.0,69.0,0.11128395731697718,0.0002241462020191043,20,34,,43.02309550001519,0.8313253012048193,0.8313253012048193
reg3,60,reg3_m60_s0,es,0,285,14260,1.2564561656323483,69.0,69.0,0.1112839573169773,0.00022414620201900715,20,35,,43.76179439999396,0.8313253012048193,0.8313253012048193
reg3,60,reg3_m60_s0,es,0,290,14510,1.2564561656323483,69.0,69.0,0.11128395731697734,0.00022414620201906266,20,35,,44.520506599976216,0.8313253012048193,0.8313253012048193
reg3,60,reg3_m60_s0,es,0,295,14760,1.2579483922243317,69.0,69.0,0.12095881101519163,0.0010238617605922568,20,35,,45.270935699983966,0.8313253012048193,0.8313253012048193
reg3,60,reg3_m60_s0,es,0,300,15010,1.2579483922243317,69.0,69.0,0.1209588110151916,0.0010238617605922568,20,35,,46.06334579997929,0.8313253012048193,0.8313253012048193
reg3,60,reg3_m60_s0,es,0,305,15260,1.2579483922243317,69.0,69.0,0.12095881101519165,0.001023861760592118,20,36,,46.823064399999566,0.8313253012048193,0.8313253012048193
reg3,60,reg3_m60_s0,es,0,310,15510,1.2579483922243317,69.0,69.0,0.12095881101519165,0.0010238617605921319,20,34,,47.555692700028885,0.8313253012048193,0.8313253012048193
reg3,60,reg3_m60_s0,es,0,315,15760,1.2579483922243317,69.0,69.0,0.1209588110151916,0.0010238617605921874,20,34,,48.34885100001702,0.8313253012048193,0.8313253012048193
reg3,60,reg3_m60_s0,es,0,320,16010,1.2579483922243317,69.0,69.0,0.12095881101519156,0.0010238617605922012,20,37,,49.141596300003584,0.8313253012048193,0.8313253012048193
reg3,60,reg3_m60_s0,es,0,325,16260,1.2579483922243317,69.0,69.0,0.12095881101519165,0.001023861760592118,20,36,,49.90493910002988,0.8313253012048193,0.8313253012048193
reg3,60,reg3_m60_s0,es,0,330,16510,1.2579483922243317,69.0,69.0,0.12095881101519164,0.0010238617605921457,20,35,,50.66602950001834,0.8313253012048193,0.8313253012048193
reg3,60,reg3_m60_s0,es,0,335,16760,1.2579483922243317,69.0,69.0,0.12095881101519165,0.0010238617605920902,20,36,,51.41895040002419,0.8313253012048193,0.8313253012048193
reg3,60,reg3_m60_s0,es,0,340,17010,1.2579483922243317,69.0,69.0,0.1209588110151916,0.0010238617605921874,20,34,,52.17423910001526,0.8313253012048193,0.8313253012048193
reg3,60,reg3_m60_s0,es,0,345,17260,1.2579483922243317,69.0,69.0,0.12095881101519154,0.0010238617605921596,20,36,,52.91735380003229,0.8313253012048193,0.8313253012048193
reg3,60,reg3_m60_s0,es,0,350,17510,1.2579483922243317,69.0,69.0,0.12095881101519164,0.0010238617605921457,20,35,,53.66376369999489,0.8313253012048193,0.8313253012048193
reg3,60,reg3_m60_s0,es,0,355,17760,1.2579483922243317,69.0,69.0,0.12095881101519164,0.001023861760592118,20,37,,54.41230239998549,0.8313253012048193,0.8313253012048193
reg3,60,reg3_m60_s0,es,0,360,18010,1.2579483922243317,69.0,69.0,0.12095881101519157,0.0010238617605921735,20,36,,55.159563400025945,0.8313253012048193,0.8313253012048193
reg3,60,reg3_m60_s0,es,0,365,18260,1.2579483922243317,69.0,69.0,0.12095881101519156,0.0010238617605921596,20,36,,56.019498399982695,0.8313253012048193,0.8313253012048193
reg3,60,reg3_m60_s0,es,0,370,18510,1.2579483922243317,69.0,69.0,0.12095881101519154,0.0010238617605921319,20,35,,56.78949240001384,0.8313253012048193,0.8313253012048193
reg3,60,reg3_m60_s0,es,0,375,18760,1.2579483922243317,69.0,69.0,0.1209588110151916,0.0010238617605921735,20,37,,57.53991709998809,0.8313253012048193,0.8313253012048193
reg3,60,reg3_m60_s0,es,0,380,19010,1.2579483922243317,69.0,69.0,0.12095881101519165,0.0010238617605920763,20,34,,58.30163800000446,0.8313253012048193,0.8313253012048193
reg3,60,reg3_m60_s0,es,0,385,19260,1.2579483922243317,69.0,69.0,0.12095881101519165,0.001023861760592118,20,36,,59.04021529998863,0.8313253012048193,0.8313253012048193
reg3,60,reg3_m60_s0,es,0,390,19510,1.2579483922243317,69.0,69.0,0.12095881101519154,0.0010238617605921319,20,35,,59.79964610002935,0.8313253012048193,0.8313253012048193
reg3,60,reg3_m60_s0,es,0,395,19760,1.2579483922243317,69.0,69.0,0.12095881101519163,0.0010238617605921874,20,36,,60.561414499999955,0.8313253012048193,0.8313253012048193
reg3,60,reg3_m60_s0,es,0,400,20010,1.2579483922243317,69.0,69.0,0.1209588110151916,0.0010238617605920763,20,37,,61.35386660002405,0.8313253012048193,0.8313253012048193
reg3,60,reg3_m60_s0,es,1,0,10,0.7771125736319795,46.0,45.4,0.05166664887746342,0.0017005162399207317,20,38,,0.031265400000847876,0.5542168674698795,0.5469879518072289
reg3,60,reg3_m60_s0,es,1,5,260,1.0438353911852771,60.0,57.6,0.03528332307126322,6.938893903907228e-18,20,33,,0.794634899997618,0.7228915662650602,0.6939759036144578
reg3,60,reg3_m60_s0,es,1,10,510,1.105810892815645,63.0,61.0,0.05787108844884581,0.0011653682909701772,20,31,,1.5598818000289612,0.7590361445783133,0.7349397590361446
reg3,60,reg3_m60_s0,es,1,15,760,1.1450894594051784,63.0,62.2,0.0822967341889986,0.00035301915746977375,20,32,,2.326626199996099,0.7590361445783133,0.7493975903614458
reg3,60,reg3_m60_s0,es,1,20,1010,1.1652411657416637,65.0,63.7,0.07749692843966134,0.0008849867719631262,20,32,,3.129103799990844,0.7831325301204819,0.7674698795180723
reg3,60,reg3_m60_s0,es,1,25,1260,1.1652411657416637,65.0,64.3,0.0774969284396615,0.0008849867719631817,20,31,,3.891015300003346,0.7831325301204819,0.7746987951807228
reg3,60,reg3_m60_s0,es,1,30,1510,1.1717447676908725,65.0,64.5,0.0694465954918223,0.0006052111104228389,20,31,,4.640008000016678,0.7831325301204819,0.7771084337349398
reg3,60,reg3_m60_s0,es,1,35,1760,1.1788085785075122,65.0,64.8,0.07797478709519065,0.0003135319081518026,20,33,,5.6379481999902055,0.7831325301204819,0.7807228915662651
reg3,60,reg3_m60_s0,es,1,40,2010,1.1788085785075122,65.0,64.8,0.07797478709519065,0.0003135319081518026,20,33,,6.431737300008535,0.7831325301204819,0.7807228915662651
reg3,60,reg3_m60_s0,es,1,45,2260,1.1849318940088394,65.0,64.6,0.08268189753213832,0.0012010296935206118,20,31,,7.17893069999991,0.7831325301204819,0.7783132530120481
reg3,60,reg3_m60_s0,es,1,50,2510,1.2309996628488977,67.0,65.3,0.10773761901161613,0.0011216367894910304,20,34,,7.941006800043397,0.8072289156626506,0.7867469879518072
reg3,60,reg3_m60_s0,es,1,55,2760,1.2317091245097775,68.0,66.6,0.08521385341568768,0.001071078751195569,20,33,,8.705210599990096,0.8192771084337349,0.8024096385542168
reg3,60,reg3_m60_s0,es,1,60,3010,1.2350099979204616,67.0,67.0,0.10365765157762903,0.0011010328421952632,20,34,,9.510014400002547,0.8072289156626506,0.8072289156626506
reg3,60,reg3_m60_s0,es,1,65,3260,1.2385839681245983,68.0,67.2,0.09598279013525109,0.0031868609826831715,20,33,,10.260394900047686,0.8192771084337349,0.8096385542168675
reg3,60,reg3_m60_s0,es,1,70,3510,1.254825764185508,68.0,67.3,0.10732538009278361,6.809711724609785e-06,20,34,,11.01117420004448,0.8192771084337349,0.8108433734939758
reg3,60,reg3_m60_s0,es,1,75,3760,1.2551186747213363,68.0,67.7,0.1101022207820111,0.001371506566590637,20,34,,11.759899199998472,0.8192771084337349,0.8156626506024097
reg3,60,reg3_m60_s0,es,1,80,4010,1.2551186747213363,68.0,68.0,0.11010222078201104,0.0013715065665906231,20,34,,12.520247500040568,0.8192771084337349,0.8192771084337349
reg3,60,reg3_m60_s0,es,1,85,4260,1.255647323392375,68.0,68.0,0.10619473525179132,0.0013966620160953958,20,34,,13.261395400040783,0.8192771084337349,0.8192771084337349
reg3,60,reg3_m60_s0,es,1,90,4510,1.259573926295945,68.0,68.0,0.1098042229007237,0.0002122130131837624,20,33,,14.030166700016707,0.8192771084337349,0.8192771084337349
reg3,60,reg3_m60_s0,es,1,95,4760,1.259573926295945,68.0,68.1,0.1098042229007237,0.0002122130131837624,20,33,,14.792074700002559,0.8192771084337349,0.8204819277108433
reg3,60,reg3_m60_s0,es,1,100,5010,1.2607587928075765,68.0,68.1,0.10156338803854933,0.003395392237583429,20,33,,15.54536630003713,0.8192771084337349,0.8204819277108433
reg3,60,reg3_m60_s0,es,1,105,5260,1.2622430135861376,68.0,68.0,0.10294500123134238,0.0020324646323411407,20,33,,16.363107900018804,0.8192771084337349,0.8192771084337349
reg3,60,reg3_m60_s0,es,1,110,5510,1.26463622677546,68.0,68.0,0.10853671215868935,0.0019475015446795505,20,32,,17.117949500039686,0.8192771084337349,0.8192771084337349
reg3,60,reg3_m60_s0,es,1,115,5760,1.26463622677546,68.0,68.0,0.10853671215868935,0.0019475015446795505,20,32,,17.907719300012104,0.8192771084337349,0.8192771084337349
reg3,60,reg3_m60_s0,es,1,120,6010,1.2646362267754603,68.0,68.0,0.10853671215868932,0.0019475015446794725,20,32,,18.666483400040306,0.8192771084337349,0.8192771084337349
reg3,60,reg3_m60_s0,es,1,125,6260,1.2646362267754603,68.0,68.0,0.10853671215868949,0.0019475015446794083,20,31,,19.394736300047953,0.8192771084337349,0.8192771084337349
reg3,60,reg3_m60_s0,es,1,130,6510,1.2646362267754603,68.0,68.0,0.10853671215868932,0.0019475015446794725,20,32,,20.161558800027706,0.8192771084337349,0.8192771084337349
reg3,60,reg3_m60_s0,es,1,135,6760,1.265433316728308,68.0,68.0,0.10603509960705541,0.0019475015446794273,20,32,,20.90125600004103,0.8192771084337349,0.8192771084337349
reg3,60,reg3_m60_s0,es,1,140,7010,1.265433316728308,68.0,68.0,0.10603509960705541,0.0019475015446794273,20,32,,21.644436300033703,0.8192771084337349,0.8192771084337349
reg3,60,reg3_m60_s0,es,1,145,7260,1.265433316728308,68.0,68.0,0.10603509960705541,0.0019475015446794273,20,32,,22.38202740001725,0.8192771084337349,0.8192771084337349
reg3,60,reg3_m60_s0,es,1,150,7510,1.265433316728308,68.0,68.0,0.10603509960705541,0.0019475015446794273,20,32,,23.120784100028686,0.8192771084337349,0.8192771084337349
reg3,60,reg3_m60_s0,es,1,155,7760,1.2671060154195364,68.0,68.0,0.10220268516787412,0.0004276435938591217,20,32,,23.874358900007792,0.8192771084337349,0.8192771084337349
reg3,60,reg3_m60_s0,es,1,160,8010,1.268517999744414,68.0,68.0,0.11303463299176045,0.0012908334258935564,20,32,,24.621194000006653,0.8192771084337349,0.8192771084337349
reg3,60,reg3_m60_s0,es,1,165,8260,1.268517999744414,68.0,68.0,0.11303463299176045,0.0012908334258935564,20,32,,25.36604829999851,0.8192771084337349,0.8192771084337349
reg3,60,reg3_m60_s0,es,1,170,8510,1.268517999744414,68.0,68.0,0.11303463299176045,0.0012908334258935564,20,32,,26.16250570002012,0.8192771084337349,0.8192771084337349
reg3,60,reg3_m60_s0,es,1,175,8760,1.2687089410264785,68.0,68.0,0.11069782479501013,0.0006485036296641818,20,30,,26.91752620000625,0.8192771084337349,0.8192771084337349
reg3,60,reg3_m60_s0,es,1,180,9010,1.2693740211831315,68.0,68.0,0.11186315824881231,0.0001693914702174948,20,30,,27.68975280004088,0.8192771084337349,0.8192771084337349
reg3,60,reg3_m60_s0,es,1,185,9260,1.2693740211831315,68.0,68.0,0.11186315824881231,0.0001693914702174948,20,30,,28.4336499000201,0.8192771084337349,0.8192771084337349
reg3,60,reg3_m60_s0,es,1,190,9510,1.269462857440364,68.0,68.0,0.11103068504752198,3.2796020655155404e-05,20,30,,29.180694700044114,0.8192771084337349,0.8192771084337349
reg3,60,reg3_m60_s0,es,1,195,9760,1.2694628574403641,68.0,68.0,0.11103068504752214,3.279602065506173e-05,20,30,,29.920617300027516,0.8192771084337349,0.8192771084337349
reg3,60,reg3_m60_s0,es,1,200,10010,1.2694628574403641,68.0,68.0,0.1110306850475221,3.279602065499494e-05,20,29,,30.64302250003675,0.8192771084337349,0.8192771084337349
reg3,60,reg3_m60_s0,es,1,205,10260,1.2695472361368356,68.0,68.0,0.11198098524861413,0.0015874693326869997,20,32,,31.381514300010167,0.8192771084337349,0.8192771084337349
reg3,60,reg3_m60_s0,es,1,210,10510,1.2695472361368356,68.0,68.0,0.11198098524861413,0.0015874693326869997,20,32,,32.11125280003762,0.8192771084337349,0.8192771084337349
reg3,60,reg3_m60_s0,es,1,215,10760,1.2695472361368356,68.0,68.0,0.11198098524861413,0.0015874693326869997,20,32,,32.910346399992704,0.8192771084337349,0.8192771084337349
reg3,60,reg3_m60_s0,es,1,220,11010,1.2696670120082756,68.0,68.0,0.11195326784255932,0.0015080993761601436,20,32,,33.68210330000147,0.8192771084337349,0.8192771084337349
reg3,60,reg3_m60_s0,es,1,225,11260,1.2696670120082758,68.0,68.0,0.11195326784255934,0.0015080993761602025,20,32,,34.445287200040184,0.8192771084337349,0.8192771084337349
reg3,60,reg3_m60_s0,es,1,230,11510,1.2696670120082758,68.0,68.0,0.11195326784255935,0.0015080993761604367,20,31,,35.20697580004344,0.8192771084337349,0.8192771084337349
reg3,60,reg3_m60_s0,es,1,235,11760,1.2696670120082758,68.0,68.0,0.11195326784255934,0.0015080993761602025,20,32,,35.945686499995645,0.8192771084337349,0.8192771084337349
reg3,60,reg3_m60_s0,es,1,240,12010,1.2696670120082758,68.0,68.0,0.11195326784255943,0.0015080993761602615,20,30,,36.69285450002644,0.8192771084337349,0.8192771084337349
reg3,60,reg3_m60_s0,es,1,245,12260,1.2696670120082758,68.0,68.0,0.11195326784255925,0.0015080993761601783,20,32,,37.433188700000755,0.8192771084337349,0.8192771084337349
reg3,60,reg3_m60_s0,es,1,250,12510,1.2696670120082758,68.0,68.0,0.11195326784255927,0.001508099376160161,20,31,,38.17638200003421,0.8192771084337349,0.8192771084337349
reg3,60,reg3_m60_s0,es,1,255,12760,1.2696670120082758,68.0,68.0,0.11195326784255932,0.0015080993761602858,20,30,,38.916734700032976,0.8192771084337349,0.8192771084337349
reg3,60,reg3_m60_s0,es,1,260,13010,1.2696670120082758,68.0,68.0,0.1119532678425594,0.0015080993761600985,20,31,,39.65126210002927,0.8192771084337349,0.8192771084337349
reg3,60,reg3_m60_s0,es,1,265,13260,1.2696670120082758,68.0,68.0,0.11195326784255927,0.0015080993761602806,20,30,,40.382308000000194,0.8192771084337349,0.8192771084337349
reg3,60,reg3_m60_s0,es,1,270,13510,1.2696670120082758,68.0,68.0,0.1119532678425593,0.0015080993761602468,20,31,,41.10820320004132,0.8192771084337349,0.8192771084337349
reg3,60,reg3_m60_s0,es,1,275,13760,1.2696670120082758,68.0,68.0,0.11195326784255935,0.0015080993761604367,20,31,,41.82488800003193,0.8192771084337349,0.8192771084337349
reg3,60,reg3_m60_s0,es,1,280,14010,1.2696670120082758,68.0,68.0,0.11195326784255935,0.0015080993761604367,20,31,,42.552755400014576,0.8192771084337349,0.8192771084337349
reg3,60,reg3_m60_s0,es,1,285,14260,1.2696670120082758,68.0,68.0,0.11195326784255921,0.0015080993761601071,20,32,,43.28684670000803,0.8192771084337349,0.8192771084337349
reg3,60,reg3_m60_s0,es,1,290,14510,1.2696670120082758,68.0,68.0,0.11195326784255921,0.0015080993761600586,20,32,,44.025452200032305,0.8192771084337349,0.8192771084337349
reg3,60,reg3_m60_s0,es,1,295,14760,1.2696670120082758,68.0,68.0,0.11195326784255927,0.0015080993761601835,20,31,,44.76288970001042,0.8192771084337349,0.8192771084337349
reg3,60,reg3_m60_s0,es,1,300,15010,1.2696670120082758,68.0,68.0,0.11195326784255927,0.0015080993761599952,20,31,,45.48834560002433,0.8192771084337349,0.8192771084337349
reg3,60,reg3_m60_s0,es,1,305,15260,1.2696670120082758,68.0,68.0,0.11195326784255921,0.0015080993761601071,20,32,,46.22457780002151,0.8192771084337349,0.8192771084337349
reg3,60,reg3_m60_s0,es,1,310,15510,1.2696670120082758,68.0,68.0,0.11195326784255938,0.0015080993761601505,20,30,,46.952541700040456,0.8192771084337349,0.8192771084337349
reg3,60,reg3_m60_s0,es,1,315,15760,1.2696670120082758,68.0,68.0,0.11195326784255935,0.0015080993761602208,20,31,,47.69482950004749,0.8192771084337349,0.8192771084337349
reg3,60,reg3_m60_s0,es,1,320,16010,1.2696670120082758,68.0,68.0,0.11195326784255917,0.0015080993761602988,20,31,,48.49461990001146,0.8192771084337349,0.8192771084337349
reg3,60,reg3_m60_s0,es,1,325,16260,1.2696670120082758,68.0,68.0,0.11195326784255928,0.0015080993761602607,20,31,,49.233367900014855,0.8192771084337349,0.8192771084337349
reg3,60,reg3_m60_s0,es,1,330,16510,1.2696670120082758,68.0,68.0,0.11195326784255927,0.0015080993761602633,20,29,,49.988932200009,0.8192771084337349,0.8192771084337349
reg3,60,reg3_m60_s0,es,1,335,16760,1.2696670120082758,68.0,68.0,0.11195326784255927,0.0015080993761601835,20,31,,50.73319330002414,0.8192771084337349,0.8192771084337349
reg3,60,reg3_m60_s0,es,1,340,17010,1.2696670120082758,68.0,68.0,0.11195326784255935,0.0015080993761602208,20,31,,51.48470870003803,0.8192771084337349,0.8192771084337349
reg3,60,reg3_m60_s0,es,1,345,17260,1.2696670120082758,68.0,68.0,0.1119532678425594,0.0015080993761602528,20,31,,52.22173910000129,0.8192771084337349,0.8192771084337349
reg3,60,reg3_m60_s0,es,1,350,17510,1.2696670120082758,68.0,68.0,0.11195326784255932,0.0015080993761602936,20,31,,52.968540200032294,0.8192771084337349,0.8192771084337349
reg3,60,reg3_m60_s0,es,1,355,17760,1.2696670120082758,68.0,68.0,0.11195326784255934,0.001508099376160154,20,32,,53.70066999999108,0.8192771084337349,0.8192771084337349
reg3,60,reg3_m60_s0,es,1,360,18010,1.2696670120082758,68.0,68.0,0.11195326784255935,0.0015080993761602208,20,31,,54.43639809999149,0.8192771084337349,0.8192771084337349
reg3,60,reg3_m60_s0,es,1,365,18260,1.2696670120082758,68.0,68.0,0.1119532678425594,0.0015080993761600343,20,31,,55.18173420004314,0.8192771084337349,0.8192771084337349
reg3,60,reg3_m60_s0,es,1,370,18510,1.2696670120082758,68.0,68.0,0.11195326784255935,0.0015080993761601557,20,30,,56.131601400033105,0.8192771084337349,0.8192771084337349
reg3,60,reg3_m60_s0,es,1,375,18760,1.2696670120082758,68.0,68.0,0.1119532678425593,0.0015080993761601132,20,30,,56.90670739999041,0.8192771084337349,0.8192771084337349
reg3,60,reg3_m60_s0,es,1,380,19010,1.2696670120082758,68.0,68.0,0.11195326784255931,0.0015080993761600516,20,31,,57.637925799994264,0.8192771084337349,0.8192771084337349
reg3,60,reg3_m60_s0,es,1,385,19260,1.2696670120082758,68.0,68.0,0.11195326784255938,0.0015080993761601652,20,30,,58.3840857000323,0.8192771084337349,0.8192771084337349
reg3,60,reg3_m60_s0,es,1,390,19510,1.2696670120082758,68.0,68.0,0.11195326784255935,0.001508099376160081,20,31,,59.11518330004765,0.8192771084337349,0.8192771084337349
reg3,60,reg3_m60_s0,es,1,395,19760,1.2696670120082758,68.0,68.0,0.11195326784255932,0.0015080993761603326,20,29,,59.8403757000342,0.8192771084337349,0.8192771084337349
reg3,60,reg3_m60_s0,es,1,400,20010,1.2696670120082758,68.0,68.0,0.11195326784255938,0.0015080993761602884,20,31,,60.56111010001041,0.8192771084337349,0.8192771084337349
reg3,60,reg3_m60_s0,es,2,0,10,0.7762294883134409,47.0,44.2,0.0676406189577323,0.0023716933296687587,20,33,,0.030226800008676946,0.5662650602409639,0.5325301204819277
reg3,60,reg3_m60_s0,es,2,5,260,1.0792323159640813,62.0,58.9,0.07973541966653724,0.00039824189723869146,20,35,,0.7764774999814108,0.7469879518072289,0.7096385542168675
reg3,60,reg3_m60_s0,es,2,10,510,1.1678715940834226,66.0,62.5,0.06473045423967708,0.0005852667265290601,20,36,,1.5505455000093207,0.7951807228915663,0.7530120481927711
reg3,60,reg3_m60_s0,es,2,15,760,1.2321268967057255,69.0,64.9,0.07037477862515867,0.0001540847939263401,20,36,,2.2989275000290945,0.8313253012048193,0.7819277108433735
reg3,60,reg3_m60_s0,es,2,20,1010,1.2321268967057255,69.0,65.3,0.07037477862515867,0.0001540847939263401,20,36,,3.0827950999955647,0.8313253012048193,0.7867469879518072
reg3,60,reg3_m60_s0,es,2,25,1260,1.2321268967057255,69.0,64.9,0.07037477862515867,0.0001540847939263401,20,36,,3.832342999987304,0.8313253012048193,0.7819277108433735
reg3,60,reg3_m60_s0,es,2,30,1510,1.2491414971488324,70.0,67.2,0.07893362299666087,0.00024068343582831636,20,37,,4.586078500025906,0.8433734939759037,0.8096385542168675
reg3,60,reg3_m60_s0,es,2,35,1760,1.2491414971488324,70.0,69.7,0.07893362299666087,0.00024068343582831636,20,37,,5.341021600004751,0.8433734939759037,0.8397590361445784
reg3,60,reg3_m60_s0,es,2,40,2010,1.2505087808724271,70.0,70.0,0.08030602428669817,0.00024068343582863555,20,37,,6.1796002999763004,0.8433734939759037,0.8433734939759037
reg3,60,reg3_m60_s0,es,2,45,2260,1.251627023820114,70.0,70.0,0.07846943635720659,0.0005246893760050154,20,36,,6.973980400012806,0.8433734939759037,0.8433734939759037
reg3,60,reg3_m60_s0,es,2,50,2510,1.251627023820114,70.0,70.0,0.07846943635720655,0.0005246893760051212,20,37,,7.745003300020471,0.8433734939759037,0.8433734939759037
reg3,60,reg3_m60_s0,es,2,55,2760,1.251627023820114,70.0,70.0,0.07846943635720655,0.000524689376005109,20,36,,8.511235099984333,0.8433734939759037,0.8433734939759037
reg3,60,reg3_m60_s0,es,2,60,3010,1.251627023820114,70.0,70.0,0.07846943635720659,0.0005246893760050154,20,36,,9.283355400024448,0.8433734939759037,0.8433734939759037
reg3,60,reg3_m60_s0,es,2,65,3260,1.251627023820114,70.0,70.0,0.07846943635720659,0.0005246893760050154,20,36,,10.05322940001497,0.8433734939759037,0.8433734939759037
reg3,60,reg3_m60_s0,es,2,70,3510,1.251627023820114,70.0,70.0,0.07846943635720655,0.0005246893760051195,20,38,,10.817026700009592,0.8433734939759037,0.8433734939759037
reg3,60,reg3_m60_s0,es,2,75,3760,1.251627023820114,70.0,70.0,0.0784694363572066,0.0005246893760051871,20,36,,11.580680700019002,0.8433734939759037,0.8433734939759037
reg3,60,reg3_m60_s0,es,2,80,4010,1.251627023820114,70.0,70.0,0.07846943635720666,0.000524689376005031,20,36,,12.351842000032775,0.8433734939759037,0.8433734939759037
reg3,60,reg3_m60_s0,es,2,85,4260,1.251777603717471,70.0,70.0,0.07006472238571516,0.0007418168721640972,20,36,,13.132221599982586,0.8433734939759037,0.8433734939759037
reg3,60,reg3_m60_s0,es,2,90,4510,1.251777603717471,70.0,70.0,0.0700647223857151,0.0007418168721640139,20,36,,13.900002899987157,0.8433734939759037,0.8433734939759037
reg3,60,reg3_m60_s0,es,2,95,4760,1.251777603717471,70.0,70.0,0.07006472238571516,0.0007418168721640972,20,36,,14.662897799978964,0.8433734939759037,0.8433734939759037
reg3,60,reg3_m60_s0,es,2,100,5010,1.251777603717471,70.0,70.0,0.07006472238571507,0.0007418168721640972,20,36,,15.442442600033246,0.8433734939759037,0.8433734939759037
reg3,60,reg3_m60_s0,es,2,105,5260,1.2520271316949276,70.0,70.0,0.07477027833490264,0.0012057158203548357,20,36,,16.26060320000397,0.8433734939759037,0.8433734939759037
reg3,60,reg3_m60_s0,es,2,110,5510,1.2520271316949276,70.0,70.0,0.07477027833490264,0.0012057158203548357,20,36,,17.008820799994282,0.8433734939759037,0.8433734939759037
reg3,60,reg3_m60_s0,es,2,115,5760,1.2528386991192304,70.0,70.0,0.07473665598702478,0.0007418168721639307,20,37,,17.81443379999837,0.8433734939759037,0.8433734939759037
reg3,60,reg3_m60_s0,es,2,120,6010,1.253203603435296,70.0,70.0,0.0762154522609353,0.0011022875676958421,20,36,,18.585177599976305,0.8433734939759037,0.8433734939759037
reg3,60,reg3_m60_s0,es,2,125,6260,1.2543831966244026,70.0,70.0,0.0790166307810922,0.00027159372210017185,20,35,,19.358055100019556,0.8433734939759037,0.8433734939759037
reg3,60,reg3_m60_s0,es,2,130,6510,1.2543831966244026,70.0,70.0,0.07901663078109211,0.00027159372210036614,20,35,,20.115463700029068,0.8433734939759037,0.8433734939759037
reg3,60,reg3_m60_s0,es,2,135,6760,1.2543831966244026,70.0,70.0,0.07901663078109211,0.00027159372210036614,20,35,,20.872559099982027,0.8433734939759037,0.8433734939759037
reg3,60,reg3_m60_s0,es,2,140,7010,1.2567838807512026,70.0,70.0,0.08740001517774273,1.8660819522009486e-05,20,35,,21.61912609997671,0.8433734939759037,0.8433734939759037
reg3,60,reg3_m60_s0,es,2,145,7260,1.2587901945787618,70.0,70.0,0.09482543901311255,1.866081952212051e-05,20,36,,22.352375100017525,0.8433734939759037,0.8433734939759037
reg3,60,reg3_m60_s0,es,2,150,7510,1.2587901945787618,70.0,70.0,0.09482543901311247,1.866081952212051e-05,20,35,,23.108674700022675,0.8433734939759037,0.8433734939759037
reg3,60,reg3_m60_s0,es,2,155,7760,1.2587901945787618,70.0,70.0,0.09482543901311247,1.866081952212051e-05,20,35,,23.848041000019293,0.8433734939759037,0.8433734939759037
reg3,60,reg3_m60_s0,es,2,160,8010,1.2587901945787618,70.0,70.0,0.09482543901311247,1.866081952212051e-05,20,35,,24.607336600020062,0.8433734939759037,0.8433734939759037
reg3,60,reg3_m60_s0,es,2,165,8260,1.2587901945787618,70.0,70.0,0.09482543901311252,1.8660819521953975e-05,20,35,,25.341718000010587,0.8433734939759037,0.8433734939759037
reg3,60,reg3_m60_s0,es,2,170,8510,1.2587901945787618,70.0,70.0,0.09482543901311251,1.866081952212051e-05,20,35,,26.131886499992106,0.8433734939759037,0.8433734939759037
reg3,60,reg3_m60_s0,es,2,175,8760,1.258790194578762,70.0,70.0,0.09482543901311255,1.8660819522037242e-05,20,35,,26.894573899975512,0.8433734939759037,0.8433734939759037
reg3,60,reg3_m60_s0,es,2,180,9010,1.258790194578762,70.0,70.0,0.09482543901311255,1.8660819522037242e-05,20,35,,27.64395360002527,0.8433734939759037,0.8433734939759037
reg3,60,reg3_m60_s0,es,2,185,9260,1.258790194578762,70.0,70.0,0.09482543901311255,1.8660819522037242e-05,20,35,,28.421199099975638,0.8433734939759037,0.8433734939759037
reg3,60,reg3_m60_s0,es,2,190,9510,1.258790194578762,70.0,70.0,0.09482543901311255,1.8660819522037242e-05,20,35,,29.162521700025536,0.8433734939759037,0.8433734939759037
reg3,60,reg3_m60_s0,es,2,195,9760,1.258790194578762,70.0,70.0,0.09482543901311255,1.8660819522037242e-05,20,35,,29.931338399997912,0.8433734939759037,0.8433734939759037
reg3,60,reg3_m60_s0,es,2,200,10010,1.258790194578762,70.0,70.0,0.09482543901311255,1.8660819522037242e-05,20,35,,30.688480000011623,0.8433734939759037,0.8433734939759037
reg3,60,reg3_m60_s0,es,2,205,10260,1.258790194578762,70.0,70.0,0.09482543901311255,1.8660819522037242e-05,20,35,,31.436487899976783,0.8433734939759037,0.8433734939759037
reg3,60,reg3_m60_s0,es,2,210,10510,1.258790194578762,70.0,70.0,0.09482543901311255,1.8660819522037242e-05,20,35,,32.23401539999759,0.8433734939759037,0.8433734939759037
reg3,60,reg3_m60_s0,es,2,215,10760,1.258790194578762,70.0,70.0,0.09482543901311255,1.8660819522037242e-05,20,35,,33.01258360000793,0.8433734939759037,0.8433734939759037
reg3,60,reg3_m60_s0,es,2,220,11010,1.258790194578762,70.0,70.0,0.09482543901311255,1.8660819522037242e-05,20,35,,33.76802110002609,0.8433734939759037,0.8433734939759037
reg3,60,reg3_m60_s0,es,2,225,11260,1.2589776953793839,70.0,70.0,0.09080849499617538,0.0006348578091205648,20,37,,34.53088299999945,0.8433734939759037,0.8433734939759037
reg3,60,reg3_m60_s0,es,2,230,11510,1.258977695379384,70.0,70.0,0.09080849499617544,0.0006348578091206064,20,37,,35.279459699988365,0.8433734939759037,0.8433734939759037
reg3,60,reg3_m60_s0,es,2,235,11760,1.258977695379384,70.0,70.0,0.09080849499617544,0.0006348578091206064,20,37,,36.04539659997681,0.8433734939759037,0.8433734939759037
reg3,60,reg3_m60_s0,es,2,240,12010,1.258977695379384,70.0,70.0,0.09080849499617544,0.0006348578091206064,20,37,,36.814102999982424,0.8433734939759037,0.8433734939759037
reg3,60,reg3_m60_s0,es,2,245,12260,1.258977695379384,70.0,70.0,0.0908084949961754,0.0006348578091206064,20,36,,37.57492400001502,0.8433734939759037,0.8433734939759037
reg3,60,reg3_m60_s0,es,2,250,12510,1.258977695379384,70.0,70.0,0.09080849499617545,0.0006348578091205509,20,36,,38.349286400014535,0.8433734939759037,0.8433734939759037
reg3,60,reg3_m60_s0,es,2,255,12760,1.2596812988660138,70.0,70.0,0.08337104124820355,0.00014542189360837454,20,35,,39.091567800031044,0.8433734939759037,0.8433734939759037
reg3,60,reg3_m60_s0,es,2,260,13010,1.2596812988660138,70.0,70.0,0.0833710412482036,0.00014542189360811086,20,35,,39.86334949999582,0.8433734939759037,0.8433734939759037
reg3,60,reg3_m60_s0,es,2,265,13260,1.2596812988660138,70.0,70.0,0.08337104124820345,0.00014542189360822189,20,34,,40.61925689998316,0.8433734939759037,0.8433734939759037
reg3,60,reg3_m60_s0,es,2,270,13510,1.2596812988660138,70.0,70.0,0.08337104124820363,0.00014542189360834679,20,34,,41.36983869998949,0.8433734939759037,0.8433734939759037
reg3,60,reg3_m60_s0,es,2,275,13760,1.2596812988660138,70.0,70.0,0.08337104124820355,0.0001454218936082774,20,36,,42.14924020000035,0.8433734939759037,0.8433734939759037
reg3,60,reg3_m60_s0,es,2,280,14010,1.2596812988660138,70.0,70.0,0.08337104124820352,0.00014542189360834679,20,36,,42.90193809999619,0.8433734939759037,0.8433734939759037
reg3,60,reg3_m60_s0,es,2,285,14260,1.2596812988660138,70.0,70.0,0.08337104124820353,0.0001454218936082774,20,37,,43.63426399999298,0.8433734939759037,0.8433734939759037
reg3,60,reg3_m60_s0,es,2,290,14510,1.2596812988660138,70.0,70.0,0.0833710412482034,0.0001454218936083329,20,35,,44.39403339999262,0.8433734939759037,0.8433734939759037
reg3,60,reg3_m60_s0,es,2,295,14760,1.2596812988660138,70.0,70.0,0.08337104124820346,0.0001454218936083329,20,37,,45.13103340001544,0.8433734939759037,0.8433734939759037
reg3,60,reg3_m60_s0,es,2,300,15010,1.2596812988660138,70.0,70.0,0.08337104124820342,0.00014542189360841618,20,37,,46.16470650001429,0.8433734939759037,0.8433734939759037
reg3,60,reg3_m60_s0,es,2,305,15260,1.2596812988660138,70.0,70.0,0.08337104124820345,0.00014542189360823576,20,36,,46.910345099982806,0.8433734939759037,0.8433734939759037
reg3,60,reg3_m60_s0,es,2,310,15510,1.2596812988660138,70.0,70.0,0.08337104124820358,0.00014542189360818025,20,36,,47.71114289999241,0.8433734939759037,0.8433734939759037
reg3,60,reg3_m60_s0,es,2,315,15760,1.2596812988660138,70.0,70.0,0.08337104124820353,0.0001454218936082774,20,36,,48.50668350001797,0.8433734939759037,0.8433734939759037
reg3,60,reg3_m60_s0,es,2,320,16010,1.2596812988660138,70.0,70.0,0.08337104124820353,0.00014542189360831903,20,36,,49.2754860999994,0.8433734939759037,0.8433734939759037
reg3,60,reg3_m60_s0,es,2,325,16260,1.2596812988660138,70.0,70.0,0.08337104124820346,0.000145421893608208,20,37,,50.038935800024774,0.8433734939759037,0.8433734939759037
reg3,60,reg3_m60_s0,es,2,330,16510,1.2596812988660138,70.0,70.0,0.0833710412482034,0.00014542189360849944,20,37,,50.816968100029044,0.8433734939759037,0.8433734939759037
reg3,60,reg3_m60_s0,es,2,335,16760,1.2596812988660138,70.0,70.0,0.0833710412482036,0.00014542189360811086,20,35,,51.57178220001515,0.8433734939759037,0.8433734939759037
reg3,60,reg3_m60_s0,es,2,340,17010,1.2596812988660138,70.0,70.0,0.08337104124820369,0.000145421893608208,20,34,,52.33172379998723,0.8433734939759037,0.8433734939759037
reg3,60,reg3_m60_s0,es,2,345,17260,1.2596812988660138,70.0,70.0,0.08337104124820352,0.00014542189360837454,20,37,,53.104742099996656,0.8433734939759037,0.8433734939759037
reg3,60,reg3_m60_s0,es,2,350,17510,1.2596812988660138,70.0,70.0,0.0833710412482035,0.00014542189360836066,20,36,,53.886400200019125,0.8433734939759037,0.8433734939759037
reg3,60,reg3_m60_s0,es,2,355,17760,1.2596812988660138,70.0,70.0,0.08337104124820349,0.00014542189360819413,20,37,,54.63035360001959,0.8433734939759037,0.8433734939759037
reg3,60,reg3_m60_s0,es,2,360,18010,1.2596812988660138,70.0,70.0,0.08337104124820358,0.00014542189360818025,20,36,,55.37888169998769,0.8433734939759037,0.8433734939759037
reg3,60,reg3_m60_s0,es,2,365,18260,1.2596812988660138,70.0,70.0,0.08337104124820344,0.00014542189360834679,20,36,,56.14074110001093,0.8433734939759037,0.8433734939759037
reg3,60,reg3_m60_s0,es,2,370,18510,1.2596812988660138,70.0,70.0,0.08337104124820358,0.0001454218936082774,20,36,,56.955603800015524,0.8433734939759037,0.8433734939759037
reg3,60,reg3_m60_s0,es,2,375,18760,1.2596812988660138,70.0,70.0,0.08337104124820352,0.00014542189360834679,20,34,,57.704293399991,0.8433734939759037,0.8433734939759037
reg3,60,reg3_m60_s0,es,2,380,19010,1.2596812988660138,70.0,70.0,0.08337104124820362,0.00014542189360829127,20,36,,58.4683649999788,0.8433734939759037,0.8433734939759037
reg3,60,reg3_m60_s0,es,2,385,19260,1.2596812988660138,70.0,70.0,0.0833710412482036,0.00014542189360823576,20,35,,59.229256300022826,0.8433734939759037,0.8433734939759037
reg3,60,reg3_m60_s0,es,2,390,19510,1.2596812988660138,70.0,70.0,0.08337104124820352,0.00014542189360838842,20,36,,59.98420150001766,0.8433734939759037,0.8433734939759037
reg3,60,reg3_m60_s0,es,2,395,19760,1.2596812988660138,70.0,70.0,0.08337104124820362,0.00014542189360829127,20,36,,60.76718010002514,0.8433734939759037,0.8433734939759037
reg3,60,reg3_m60_s0,es,2,400,20010,1.2596812988660138,70.0,70.0,0.08337104124820366,0.00014542189360826352,20,35,,61.533545800019056,0.8433734939759037,0.8433734939759037
reg3,60,reg3_m60_s0,es+learned,0,0,10,0.8309630285234236,49.0,45.8,0.03422181726598081,1.0842021724855044e-18,20,32,,0.033135500038042665,0.5903614457831325,0.5518072289156626
reg3,60,reg3_m60_s0,es+learned,0,5,260,1.1063212173242094,64.0,58.5,0.043592789700445514,0.0005232328269958262,20,40,0.06364655494689941,11.899622900004033,0.7710843373493976,0.7048192771084337
reg3,60,reg3_m60_s0,es+learned,0,10,510,1.1196886502010204,65.0,62.4,0.028120532164214895,3.476249108644129e-05,20,28,0.07083099335432053,25.975196500017773,0.7831325301204819,0.7518072289156627
reg3,60,reg3_m60_s0,es+learned,0,15,760,1.1656596213800243,68.0,65.1,0.033309765451056336,0.00010331093968190402,20,41,0.0419546477496624,39.957091799995396,0.8192771084337349,0.7843373493975903
reg3,60,reg3_m60_s0,es+learned,0,20,1010,1.1656596213800243,68.0,65.9,0.033309765451056336,0.00010331093968190402,20,41,0.018063392490148544,53.895166800008155,0.8192771084337349,0.7939759036144579
reg3,60,reg3_m60_s0,es+learned,0,25,1260,1.1656596213800243,68.0,66.4,0.033309765451056336,0.00010331093968190402,20,41,0.023499688133597374,68.01057620003121,0.8192771084337349,0.8
reg3,60,reg3_m60_s0,es+learned,0,30,1510,1.1824995416996567,69.0,67.3,0.03272566106442773,0.0006272089707883427,20,40,0.018324444070458412,82.45763489999808,0.8313253012048193,0.8108433734939758
reg3,60,reg3_m60_s0,es+learned,0,35,1760,1.1824995416996569,69.0,67.5,0.032725661064427806,0.0006272089707883201,20,39,0.024777419865131378,96.46981199999573,0.8313253012048193,0.8132530120481928
reg3,60,reg3_m60_s0,es+learned,0,40,2010,1.1955533841596844,69.0,68.2,0.04374009391364536,0.0007714866841543461,20,40,0.017651544883847237,110.93278920004377,0.8313253012048193,0.8216867469879519
reg3,60,reg3_m60_s0,es+learned,0,45,2260,1.2046240025983048,68.0,68.7,0.045489266394847266,0.0026073287091437566,20,40,0.018466634675860405,125.19314810005017,0.8192771084337349,0.827710843373494
reg3,60,reg3_m60_s0,es+learned,0,50,2510,1.2186991667390081,69.0,68.2,0.047441558506920674,0.0010311108215233858,20,39,0.02020971104502678,138.9826910000411,0.8313253012048193,0.8216867469879519
reg3,60,reg3_m60_s0,es+learned,0,55,2760,1.2261291890477641,69.0,68.9,0.07480339399841446,0.0005935563878264397,20,39,0.01874961331486702,153.07581060001394,0.8313253012048193,0.8301204819277109
reg3,60,reg3_m60_s0,es+learned,0,60,3010,1.2368918313914616,70.0,69.2,0.047369353255766834,0.002434963419370356,20,41,0.01916206069290638,167.33608830004232,0.8433734939759037,0.8337349397590362
reg3,60,reg3_m60_s0,es+learned,0,65,3260,1.2370148951523015,69.0,69.2,0.06697008712007896,0.0010220326486501206,20,38,0.01741921529173851,181.55734270001994,0.8313253012048193,0.8337349397590362
reg3,60,reg3_m60_s0,es+learned,0,70,3510,1.2385324669324385,69.0,69.2,0.06456092620822014,0.00102203264864998,20,37,0.014285726472735405,195.68528680002782,0.8313253012048193,0.8337349397590362
reg3,60,reg3_m60_s0,es+learned,0,75,3760,1.2512012465476878,70.0,69.1,0.06981208571582136,0.0033600120184764104,20,39,0.011992757208645344,209.74403990001883,0.8433734939759037,0.8325301204819276
reg3,60,reg3_m60_s0,es+learned,0,80,4010,1.2512012465476878,70.0,69.4,0.06981208571582136,0.0033600120184764104,20,39,0.012369158677756786,223.7106071000453,0.8433734939759037,0.8361445783132531
reg3,60,reg3_m60_s0,es+learned,0,85,4260,1.2512012465476878,70.0,69.7,0.06981208571582127,0.00336001201847632,20,39,0.014004534110426903,237.65783490001922,0.8433734939759037,0.8397590361445784
reg3,60,reg3_m60_s0,es+learned,0,90,4510,1.2554777374361872,70.0,70.0,0.08453268992001839,0.004920679365298365,20,38,0.013145295903086662,251.83926040004008,0.8433734939759037,0.8433734939759037
reg3,60,reg3_m60_s0,es+learned,0,95,4760,1.2570446192998286,70.0,70.0,0.08940130078788411,0.0005723385945784164,20,37,0.012708164751529694,265.8931135000312,0.8433734939759037,0.8433734939759037
reg3,60,reg3_m60_s0,es+learned,0,100,5010,1.2602702409351572,70.0,70.0,0.10213829258269039,0.0007860096171691082,20,37,0.011118624359369278,280.13188360002823,0.8433734939759037,0.8433734939759037
reg3,60,reg3_m60_s0,es+learned,0,105,5260,1.2602702409351572,70.0,70.0,0.10213829258269028,0.0007860096171691394,20,38,0.01532368641346693,294.19809030002216,0.8433734939759037,0.8433734939759037
reg3,60,reg3_m60_s0,es+learned,0,110,5510,1.2631625351049756,70.0,70.0,0.09156910839246024,0.0025126650811391656,20,38,0.012610387988388538,308.2657162999967,0.8433734939759037,0.8433734939759037
reg3,60,reg3_m60_s0,es+learned,0,115,5760,1.2702113865076547,70.0,70.0,0.10385895544537671,0.0007860096171691047,20,39,0.008547213859856129,322.572591300006,0.8433734939759037,0.8433734939759037
reg3,60,reg3_m60_s0,es+learned,0,120,6010,1.276455430070255,70.0,70.0,0.10545801678243966,0.0005099498174792501,20,39,0.012059742584824562,336.78672610002104,0.8433734939759037,0.8433734939759037
reg3,60,reg3_m60_s0,es+learned,0,125,6260,1.2786167836874545,70.0,70.0,0.10829130543846291,0.0009482061856144891,20,39,0.008560978807508945,350.8642364999978,0.8433734939759037,0.8433734939759037
reg3,60,reg3_m60_s0,es+learned,0,130,6510,1.2786167836874545,70.0,70.0,0.10829130543846291,0.0009482061856144891,20,39,0.014342180453240871,364.99949770001695,0.8433734939759037,0.8433734939759037
reg3,60,reg3_m60_s0,es+learned,0,135,6760,1.2786167836874545,70.0,70.0,0.10829130543846288,0.0009482061856144752,20,38,0.013967649079859257,378.8889953000471,0.8433734939759037,0.8433734939759037
reg3,60,reg3_m60_s0,es+learned,0,140,7010,1.2805232158414168,70.0,70.0,0.10162371966520226,0.0008128597571358948,20,38,0.011901439167559147,392.860393800016,0.8433734939759037,0.8433734939759037
reg3,60,reg3_m60_s0,es+learned,0,145,7260,1.2805232158414168,70.0,70.0,0.10162371966520226,0.0008128597571358948,20,38,0.011551632545888424,406.89735690003727,0.8433734939759037,0.8433734939759037
reg3,60,reg3_m60_s0,es+learned,0,150,7510,1.2815010984124438,70.0,70.0,0.09339606049034602,0.0016017069591366118,20,38,0.014188215136528015,420.90730650001206,0.8433734939759037,0.8433734939759037
reg3,60,reg3_m60_s0,es+learned,0,155,7760,1.2840858129478714,70.0,70.0,0.0821438889195252,0.0031179649462350217,20,38,0.009153931401669979,435.2984340999974,0.8433734939759037,0.8433734939759037
reg3,60,reg3_m60_s0,es+learned,0,160,8010,1.2997182534917107,71.0,70.1,0.07573154064642705,0.007320558097885642,20,38,0.011591711081564426,449.51149870001245,0.8554216867469879,0.844578313253012
reg3,60,reg3_m60_s0,es+learned,0,165,8260,1.2997182534917107,71.0,70.1,0.07573154064642705,0.007320558097885642,20,38,0.009093249216675758,463.16982060001465,0.8554216867469879,0.844578313253012
reg3,60,reg3_m60_s0,es+learned,0,170,8510,1.2997182534917107,71.0,70.3,0.07573154064642705,0.007320558097885642,20,38,0.007898960262537003,476.9675448000198,0.8554216867469879,0.8469879518072289
reg3,60,reg3_m60_s0,es+learned,0,175,8760,1.3036561704827987,71.0,70.7,0.06561648381858744,0.003484913747227425,20,40,0.00886737834662199,491.2713655999978,0.8554216867469879,0.8518072289156627
reg3,60,reg3_m60_s0,es+learned,0,180,9010,1.3078009296882247,71.0,71.0,0.0679176232548237,0.0010100566224452157,20,40,0.009309855289757252,505.4575578000513,0.8554216867469879,0.8554216867469879
reg3,60,reg3_m60_s0,es+learned,0,185,9260,1.3078009296882247,71.0,71.0,0.0679176232548237,0.0010100566224452157,20,40,0.008166024461388588,519.5994260000298,0.8554216867469879,0.8554216867469879
reg3,60,reg3_m60_s0,es+learned,0,190,9510,1.3078009296882247,71.0,71.0,0.0679176232548237,0.0010100566224452157,20,40,0.008534427732229233,533.856623300002,0.8554216867469879,0.8554216867469879
reg3,60,reg3_m60_s0,es+learned,0,195,9760,1.3262304382265255,72.0,71.4,0.0714590318063982,0.0021208203519550786,20,40,0.010701893828809261,547.940012200037,0.8674698795180723,0.8602409638554217
reg3,60,reg3_m60_s0,es+learned,0,200,10010,1.334038614995778,71.0,71.7,0.10014974106503868,0.002532445794774272,20,38,0.009197104722261429,562.0921907000011,0.8554216867469879,0.863855421686747
reg3,60,reg3_m60_s0,es+learned,0,205,10260,1.3507764261311581,73.0,72.0,0.09489981345404064,0.0009119056496691182,20,40,0.008030897006392479,576.301730200008,0.8795180722891566,0.8674698795180723
reg3,60,reg3_m60_s0,es+learned,0,210,10510,1.3668998262438632,74.0,73.2,0.0996151257883634,0.0009713436339500447,20,39,0.007058464922010899,590.5314991000341,0.891566265060241,0.8819277108433735
reg3,60,reg3_m60_s0,es+learned,0,215,10760,1.3790617155853513,74.0,73.8,0.1050386818012602,0.0038317240726882112,20,39,0.008403711020946503,604.6238758999971,0.891566265060241,0.8891566265060241
reg3,60,reg3_m60_s0,es+learned,0,220,11010,1.3790617155853513,74.0,73.9,0.1050386818012602,0.0038317240726882112,20,39,0.011811383999884129,618.8081987000187,0.891566265060241,0.8903614457831326
reg3,60,reg3_m60_s0,es+learned,0,225,11260,1.3790617155853513,74.0,74.0,0.1050386818012602,0.0038317240726882112,20,39,0.00995635986328125,633.1556711000158,0.891566265060241,0.891566265060241
reg3,60,reg3_m60_s0,es+learned,0,230,11510,1.3807432602310639,74.0,74.0,0.11160665326925504,0.00046533453797792737,20,38,0.008339598774909973,647.3474279000075,0.891566265060241,0.891566265060241
reg3,60,reg3_m60_s0,es+learned,0,235,11760,1.3807432602310639,74.0,74.0,0.11160665326925504,0.00046533453797792737,20,38,0.009527888149023056,661.6518461999949,0.891566265060241,0.891566265060241
reg3,60,reg3_m60_s0,es+learned,0,240,12010,1.3810953104569126,74.0,74.0,0.11404824213511258,0.0005288786624391348,20,39,0.007753439247608185,675.7475497000269,0.891566265060241,0.891566265060241
reg3,60,reg3_m60_s0,es+learned,0,245,12260,1.3810953104569126,74.0,74.0,0.11404824213511258,0.0005288786624391348,20,39,0.008972384966909885,689.937506300048,0.891566265060241,0.891566265060241
reg3,60,reg3_m60_s0,es+learned,0,250,12510,1.3826176962563128,74.0,74.0,0.11376424659051028,0.0006462357378644173,20,37,0.0067629688419401646,704.1659212000086,0.891566265060241,0.891566265060241
reg3,60,reg3_m60_s0,es+learned,0,255,12760,1.3830836129552977,74.0,74.0,0.11629606261063447,0.00045833921858819127,20,38,0.0074331690557301044,718.4141174000106,0.891566265060241,0.891566265060241
reg3,60,reg3_m60_s0,es+learned,0,260,13010,1.3907633466456109,75.0,74.1,0.11198411990064035,0.0017661242510949443,20,39,0.009796802885830402,732.6955558000482,0.9036144578313253,0.8927710843373493
reg3,60,reg3_m60_s0,es+learned,0,265,13260,1.3907633466456109,75.0,74.1,0.11198411990064035,0.0017661242510949443,20,39,0.009078526869416237,746.8499381000292,0.9036144578313253,0.8927710843373493
reg3,60,reg3_m60_s0,es+learned,0,270,13510,1.3920752920671706,75.0,74.3,0.09955509315620498,0.0009805051996088013,20,38,0.006482554133981466,761.0796279000351,0.9036144578313253,0.8951807228915662
reg3,60,reg3_m60_s0,es+learned,0,275,13760,1.393237255979615,75.0,74.5,0.11176532824903673,0.0012368643381198904,20,37,0.008462836034595966,775.2806744000409,0.9036144578313253,0.8975903614457831
reg3,60,reg3_m60_s0,es+learned,0,280,14010,1.393237255979615,75.0,75.0,0.11176532824903673,0.0012368643381198904,20,37,0.008137647062540054,789.5880745000322,0.9036144578313253,0.9036144578313253
reg3,60,reg3_m60_s0,es+learned,0,285,14260,1.393237255979615,75.0,75.0,0.11176532824903673,0.0012368643381198904,20,37,0.007592783309519291,803.7807348000351,0.9036144578313253,0.9036144578313253
reg3,60,reg3_m60_s0,es+learned,0,290,14510,1.393237255979615,75.0,75.0,0.11176532824903673,0.0012368643381198904,20,37,0.007171989884227514,817.9535324000171,0.9036144578313253,0.9036144578313253
reg3,60,reg3_m60_s0,es+learned,0,295,14760,1.3957390118343553,75.0,75.0,0.1116338786543394,0.0011904821982622812,20,37,0.006860868539661169,832.1935083999997,0.9036144578313253,0.9036144578313253
reg3,60,reg3_m60_s0,es+learned,0,300,15010,1.396851023527978,75.0,75.0,0.1044404595057025,0.000724971467268451,20,38,0.008387170732021332,846.30432320002,0.9036144578313253,0.9036144578313253
reg3,60,reg3_m60_s0,es+learned,0,305,15260,1.396851023527978,75.0,75.0,0.1044404595057025,0.000724971467268451,20,38,0.005918244831264019,860.4576428,0.9036144578313253,0.9036144578313253
reg3,60,reg3_m60_s0,es+learned,0,310,15510,1.3968510235279783,75.0,75.0,0.10444045950570258,0.0007249714672684648,20,36,0.007952505722641945,874.5006149000255,0.9036144578313253,0.9036144578313253
reg3,60,reg3_m60_s0,es+learned,0,315,15760,1.3968510235279785,75.0,75.0,0.10444045950570259,0.0007249714672684648,20,38,0.005913133732974529,888.6610204000026,0.9036144578313253,0.9036144578313253
reg3,60,reg3_m60_s0,es+learned,0,320,16010,1.3968510235279785,75.0,75.0,0.10444045950570259,0.0007249714672684648,20,38,0.005972372367978096,902.7970921000233,0.9036144578313253,0.9036144578313253
reg3,60,reg3_m60_s0,es+learned,0,325,16260,1.3968510235279785,75.0,75.0,0.10444045950570259,0.0007249714672684648,20,38,0.006279859226197004,916.9146611000178,0.9036144578313253,0.9036144578313253
reg3,60,reg3_m60_s0,es+learned,0,330,16510,1.3968510235279785,75.0,75.0,0.10444045950570259,0.0007249714672684648,20,38,0.006217536050826311,931.1329589000088,0.9036144578313253,0.9036144578313253
reg3,60,reg3_m60_s0,es+learned,0,335,16760,1.3968510235279785,75.0,75.0,0.10444045950570259,0.0007249714672684648,20,38,0.006415471434593201,945.3142860000371,0.9036144578313253,0.9036144578313253
reg3,60,reg3_m60_s0,es+learned,0,340,17010,1.3968510235279785,75.0,75.0,0.10444045950570259,0.0007249714672684648,20,38,0.007133754435926676,959.4425038000336,0.9036144578313253,0.9036144578313253
reg3,60,reg3_m60_s0,es+learned,0,345,17260,1.3968510235279785,75.0,75.0,0.10444045950570259,0.0007249714672684648,20,38,0.007175412029027939,973.7421568999998,0.9036144578313253,0.9036144578313253
reg3,60,reg3_m60_s0,es+learned,0,350,17510,1.3968510235279785,75.0,75.0,0.10444045950570259,0.0007249714672684648,20,38,0.007734567392617464,987.9126390000456,0.9036144578313253,0.9036144578313253
reg3,60,reg3_m60_s0,es+learned,0,355,17760,1.3968510235279785,75.0,75.0,0.10444045950570259,0.0007249714672684648,20,38,0.00632772222161293,1002.1561725000502,0.9036144578313253,0.9036144578313253
reg3,60,reg3_m60_s0,es+learned,0,360,18010,1.3968510235279785,75.0,75.0,0.10444045950570259,0.0007249714672684648,20,38,0.006471218075603247,1015.9244035000447,0.9036144578313253,0.9036144578313253
reg3,60,reg3_m60_s0,es+learned,0,365,18260,1.3968510235279785,75.0,75.0,0.10444045950570259,0.0007249714672684648,20,38,0.005011949688196182,1029.0349590000114,0.9036144578313253,0.9036144578313253
reg3,60,reg3_m60_s0,es+learned,0,370,18510,1.3968510235279785,75.0,75.0,0.10444045950570259,0.0007249714672684648,20,38,0.006281182635575533,1042.1525193999987,0.9036144578313253,0.9036144578313253
reg3,60,reg3_m60_s0,es+learned,0,375,18760,1.3968510235279785,75.0,75.0,0.10444045950570259,0.0007249714672684648,20,38,0.005399545654654503,1055.2506565000513,0.9036144578313253,0.9036144578313253
reg3,60,reg3_m60_s0,es+learned,0,380,19010,1.3968510235279785,75.0,75.0,0.10444045950570259,0.0007249714672684648,20,38,0.006306623108685017,1068.5948752000113,0.9036144578313253,0.9036144578313253
reg3,60,reg3_m60_s0,es+learned,0,385,19260,1.3968510235279785,75.0,75.0,0.10444045950570259,0.0007249714672684648,20,38,0.005847402848303318,1083.3693418000476,0.9036144578313253,0.9036144578313253
reg3,60,reg3_m60_s0,es+learned,0,390,19510,1.3968510235279785,75.0,75.0,0.10444045950570259,0.0007249714672684648,20,38,0.0035919512156397104,1096.87684360001,0.9036144578313253,0.9036144578313253
reg3,60,reg3_m60_s0,es+learned,0,395,19760,1.3968510235279785,75.0,75.0,0.10444045950570259,0.0007249714672684648,20,38,0.00488569401204586,1110.863623500045,0.9036144578313253,0.9036144578313253
reg3,60,reg3_m60_s0,es+learned,0,400,20010,1.3968510235279785,75.0,75.0,0.10444045950570259,0.0007249714672684648,20,38,0.004498993046581745,1125.104997700022,0.9036144578313253,0.9036144578313253
reg3,60,reg3_m60_s0,es+learned,1,0,10,0.7771125736319795,46.0,45.4,0.05166664887746342,0.0017005162399207317,20,38,,0.03140969999367371,0.5542168674698795,0.5469879518072289
reg3,60,reg3_m60_s0,es+learned,1,5,260,1.100231600795036,62.0,60.5,0.07472994374834564,0.007703634847637267,20,31,0.13649076223373413,3.7936055999598466,0.7469879518072289,0.7289156626506024
reg3,60,reg3_m60_s0,es+learned,1,10,510,1.1130453460755165,62.0,62.0,0.07770731497111433,0.0018039385828940435,20,34,0.11381130665540695,9.84501339995768,0.7469879518072289,0.7469879518072289
reg3,60,reg3_m60_s0,es+learned,1,15,760,1.1565535403642684,65.0,63.9,0.05736037633591468,0.0013906703134009954,20,34,0.12345723807811737,15.691330799949355,0.7831325301204819,0.7698795180722892
reg3,60,reg3_m60_s0,es+learned,1,20,1010,1.2032017564246913,68.0,66.1,0.055916151197279065,0.0012929275720731355,20,34,0.08540084213018417,19.10740319994511,0.8192771084337349,0.7963855421686746
reg3,60,reg3_m60_s0,es+learned,1,25,1260,1.2042406554713365,68.0,68.0,0.056540507556729305,0.00041060752149260464,20,33,0.09909461438655853,24.903381399984937,0.8192771084337349,0.8192771084337349
reg3,60,reg3_m60_s0,es+learned,1,30,1510,1.2058797322811383,68.0,68.0,0.056587249078922014,0.0001253866566381552,20,33,0.06549418717622757,30.718671399983577,0.8192771084337349,0.8192771084337349
reg3,60,reg3_m60_s0,es+learned,1,35,1760,1.2058797322811383,68.0,68.0,0.056587249078922014,0.0001253866566381552,20,33,0.08179392665624619,34.11843819997739,0.8192771084337349,0.8192771084337349
reg3,60,reg3_m60_s0,es+learned,1,40,2010,1.2061527078735903,68.0,68.0,0.050183590361772695,0.001973928715085809,20,34,0.04443763196468353,40.34329989994876,0.8192771084337349,0.8192771084337349
reg3,60,reg3_m60_s0,es+learned,1,45,2260,1.2061527078735903,68.0,68.0,0.050183590361772695,0.0019739287150858723,20,34,0.042757343500852585,46.60744459996931,0.8192771084337349,0.8192771084337349
reg3,60,reg3_m60_s0,es+learned,1,50,2510,1.2061527078735903,68.0,68.0,0.050183590361772695,0.001973928715085809,20,34,0.03387625887989998,50.228034399973694,0.8192771084337349,0.8192771084337349
reg3,60,reg3_m60_s0,es+learned,1,55,2760,1.2061527078735903,68.0,68.0,0.050183590361772556,0.001973928715085756,20,33,0.036351777613162994,56.46734649996506,0.8192771084337349,0.8192771084337349
reg3,60,reg3_m60_s0,es+learned,1,60,3010,1.2082849495647985,68.0,68.0,0.04914132586116437,0.002874458765527347,20,34,0.027763070538640022,62.69677649997175,0.8192771084337349,0.8192771084337349
reg3,60,reg3_m60_s0,es+learned,1,65,3260,1.2082849495647985,68.0,68.0,0.04914132586116449,0.0028744587655273254,20,33,0.026067502796649933,66.25203379994491,0.8192771084337349,0.8192771084337349
reg3,60,reg3_m60_s0,es+learned,1,70,3510,1.2082849495647985,68.0,68.0,0.0491413258611644,0.0028744587655272925,20,35,0.02974480390548706,72.51437989994884,0.8192771084337349,0.8192771084337349
reg3,60,reg3_m60_s0,es+learned,1,75,3760,1.2098921678731398,68.0,68.0,0.048731749270898295,0.004185024408667616,20,32,0.020248347893357277,78.70298099995125,0.8192771084337349,0.8192771084337349
reg3,60,reg3_m60_s0,es+learned,1,80,4010,1.2098921678731398,68.0,68.0,0.048731749270898135,0.004185024408667533,20,33,0.023502958938479424,82.2725849999697,0.8192771084337349,0.8192771084337349
reg3,60,reg3_m60_s0,es+learned,1,85,4260,1.2098921678731398,68.0,68.0,0.048731749270898135,0.004185024408667533,20,33,0.022205796092748642,88.46873289998621,0.8192771084337349,0.8192771084337349
reg3,60,reg3_m60_s0,es+learned,1,90,4510,1.2098921678731398,68.0,68.0,0.048731749270898135,0.004185024408667533,20,33,0.022801637649536133,94.70544639998116,0.8192771084337349,0.8192771084337349
reg3,60,reg3_m60_s0,es+learned,1,95,4760,1.2098921678731398,68.0,68.0,0.04873174927089832,0.004185024408667491,20,33,0.018493326380848885,98.28434829995967,0.8192771084337349,0.8192771084337349
reg3,60,reg3_m60_s0,es+learned,1,100,5010,1.2098921678731398,68.0,68.0,0.048731749270898225,0.004185024408667727,20,33,0.01942327246069908,104.44452119997004,0.8192771084337349,0.8192771084337349
reg3,60,reg3_m60_s0,es+learned,1,105,5260,1.2098921678731398,68.0,68.0,0.048731749270898135,0.004185024408667533,20,33,0.024347761645913124,110.64386799995555,0.8192771084337349,0.8192771084337349
reg3,60,reg3_m60_s0,es+learned,1,110,5510,1.2098921678731398,68.0,68.0,0.04873174927089832,0.004185024408667491,20,33,0.01810937561094761,114.17703819996677,0.8192771084337349,0.8192771084337349
reg3,60,reg3_m60_s0,es+learned,1,115,5760,1.2098921678731398,68.0,68.0,0.048731749270898135,0.004185024408667533,20,33,0.01955767162144184,120.31263439997565,0.8192771084337349,0.8192771084337349
reg3,60,reg3_m60_s0,es+learned,1,120,6010,1.2164910310407642,68.0,68.0,0.06296160423303082,0.0040222616237782505,20,33,0.018612395972013474,126.61542899999768,0.8192771084337349,0.8192771084337349
reg3,60,reg3_m60_s0,es+learned,1,125,6260,1.2164910310407642,68.0,68.0,0.06296160423303082,0.0040222616237782505,20,33,0.018629148602485657,130.11718509998173,0.8192771084337349,0.8192771084337349
reg3,60,reg3_m60_s0,es+learned,1,130,6510,1.2164910310407642,68.0,68.0,0.06296160423303082,0.0040222616237782505,20,33,0.014254488050937653,136.28269829996862,0.8192771084337349,0.8192771084337349
reg3,60,reg3_m60_s0,es+learned,1,135,6760,1.2164910310407642,68.0,68.0,0.06296160423303082,0.0040222616237782505,20,33,0.015783928334712982,142.7435677999747,0.8192771084337349,0.8192771084337349
reg3,60,reg3_m60_s0,es+learned,1,140,7010,1.2164910310407642,68.0,68.0,0.06296160423303082,0.0040222616237782505,20,33,0.015104396268725395,146.3425502999453,0.8192771084337349,0.8192771084337349
reg3,60,reg3_m60_s0,es+learned,1,145,7260,1.2164910310407642,68.0,68.0,0.06296160423303082,0.0040222616237782505,20,33,0.01609177328646183,152.4869249999756,0.8192771084337349,0.8192771084337349
reg3,60,reg3_m60_s0,es+learned,1,150,7510,1.2252548961821081,68.0,68.0,0.0707903413688785,0.004873036503065895,20,33,0.01628110371530056,158.91191259998595,0.8192771084337349,0.8192771084337349
reg3,60,reg3_m60_s0,es+learned,1,155,7760,1.22708041137092,68.0,68.0,0.07111637086390221,0.004747254604081461,20,33,0.016263848170638084,162.4560581999831,0.8192771084337349,0.8192771084337349
reg3,60,reg3_m60_s0,es+learned,1,160,8010,1.2435225547742539,69.0,68.2,0.07247104154621732,0.002122929911815827,20,33,0.015923649072647095,168.71035489998758,0.8313253012048193,0.8216867469879519
reg3,60,reg3_m60_s0,es+learned,1,165,8260,1.2666477716181657,69.0,69.0,0.08523840035631396,0.0015284504628498147,20,33,0.016822293400764465,174.96289649995742,0.8313253012048193,0.8313253012048193
reg3,60,reg3_m60_s0,es+learned,1,170,8510,1.2666477716181657,69.0,69.0,0.08523840035631386,0.0015284504628499535,20,34,0.01169522199779749,178.5611493999604,0.8313253012048193,0.8313253012048193
reg3,60,reg3_m60_s0,es+learned,1,175,8760,1.2827827816744892,70.0,69.1,0.07946435241595523,0.0034432311404386778,20,34,0.013808153569698334,184.8972672999953,0.8433734939759037,0.8325301204819276
reg3,60,reg3_m60_s0,es+learned,1,180,9010,1.2827827816744892,70.0,69.3,0.07946435241595523,0.0034432311404386778,20,34,0.015674740076065063,191.17740200000117,0.8433734939759037,0.8349397590361446
reg3,60,reg3_m60_s0,es+learned,1,185,9260,1.2827827816744892,70.0,69.8,0.07946435241595523,0.0034432311404386778,20,34,0.014191826805472374,194.73581019998528,0.8433734939759037,0.8409638554216867
reg3,60,reg3_m60_s0,es+learned,1,190,9510,1.2827827816744892,70.0,70.0,0.07946435241595523,0.0034432311404386778,20,34,0.014342742040753365,200.93186139996396,0.8433734939759037,0.8433734939759037
reg3,60,reg3_m60_s0,es+learned,1,195,9760,1.2827827816744892,70.0,70.0,0.07946435241595523,0.0034432311404386778,20,34,0.013885942287743092,207.2265029999544,0.8433734939759037,0.8433734939759037
reg3,60,reg3_m60_s0,es+learned,1,200,10010,1.2827827816744892,70.0,70.0,0.07946435241595523,0.0034432311404386778,20,34,0.01496627926826477,210.8124489999609,0.8433734939759037,0.8433734939759037
reg3,60,reg3_m60_s0,es+learned,1,205,10260,1.2827827816744894,70.0,70.0,0.07946435241595509,0.0034432311404387957,20,33,0.010620213113725185,216.98367269994924,0.8433734939759037,0.8433734939759037
reg3,60,reg3_m60_s0,es+learned,1,210,10510,1.2827827816744894,70.0,70.0,0.07946435241595509,0.0034432311404387957,20,33,0.013177434913814068,223.14345529995626,0.8433734939759037,0.8433734939759037
reg3,60,reg3_m60_s0,es+learned,1,215,10760,1.2827827816744894,70.0,70.0,0.07946435241595513,0.003443231140438742,20,34,0.015042195096611977,226.73803729994688,0.8433734939759037,0.8433734939759037
reg3,60,reg3_m60_s0,es+learned,1,220,11010,1.2827827816744894,70.0,70.0,0.07946435241595509,0.0034432311404387957,20,33,0.010783878155052662,233.03918839996913,0.8433734939759037,0.8433734939759037
reg3,60,reg3_m60_s0,es+learned,1,225,11260,1.2827827816744894,70.0,70.0,0.07946435241595518,0.0034432311404387194,20,35,0.012783301994204521,239.216583899979,0.8433734939759037,0.8433734939759037
reg3,60,reg3_m60_s0,es+learned,1,230,11510,1.2827827816744894,70.0,70.0,0.07946435241595531,0.0034432311404387524,20,34,0.011605730280280113,242.7718018000014,0.8433734939759037,0.8433734939759037
reg3,60,reg3_m60_s0,es+learned,1,235,11760,1.2827827816744894,70.0,70.0,0.07946435241595518,0.0034432311404387194,20,35,0.012225400656461716,249.06601309997495,0.8433734939759037,0.8433734939759037
reg3,60,reg3_m60_s0,es+learned,1,240,12010,1.2827827816744894,70.0,70.0,0.07946435241595512,0.0034432311404386457,20,34,0.01151609979569912,255.23824999999488,0.8433734939759037,0.8433734939759037
reg3,60,reg3_m60_s0,es+learned,1,245,12260,1.2827827816744894,70.0,70.0,0.07946435241595512,0.0034432311404386943,20,35,0.009694824926555157,258.80192129994975,0.8433734939759037,0.8433734939759037
reg3,60,reg3_m60_s0,es+learned,1,250,12510,1.2827827816744894,70.0,70.0,0.0794643524159552,0.003443231140438813,20,35,0.01085447147488594,265.0515416999697,0.8433734939759037,0.8433734939759037
reg3,60,reg3_m60_s0,es+learned,1,255,12760,1.285634087023991,70.0,70.0,0.0906559044004749,0.0018018874909133814,20,33,0.011787195689976215,271.5591577999876,0.8433734939759037,0.8433734939759037
reg3,60,reg3_m60_s0,es+learned,1,260,13010,1.285634087023991,70.0,70.0,0.09065590440047479,0.0018018874909133745,20,34,0.012217293493449688,275.120255399961,0.8433734939759037,0.8433734939759037
reg3,60,reg3_m60_s0,es+learned,1,265,13260,1.285634087023991,70.0,70.0,0.09065590440047483,0.0018018874909133537,20,34,0.012141846120357513,281.3492553999531,0.8433734939759037,0.8433734939759037
reg3,60,reg3_m60_s0,es+learned,1,270,13510,1.285634087023991,70.0,70.0,0.09065590440047479,0.0018018874909133745,20,34,0.011809919960796833,287.6496827999945,0.8433734939759037,0.8433734939759037
reg3,60,reg3_m60_s0,es+learned,1,275,13760,1.285634087023991,70.0,70.0,0.09065590440047479,0.0018018874909133745,20,34,0.010929861105978489,291.23217779997503,0.8433734939759037,0.8433734939759037
reg3,60,reg3_m60_s0,es+learned,1,280,14010,1.285634087023991,70.0,70.0,0.09065590440047479,0.0018018874909133745,20,34,0.008970772847533226,297.3837153999484,0.8433734939759037,0.8433734939759037
reg3,60,reg3_m60_s0,es+learned,1,285,14260,1.2879875211580534,70.0,70.0,0.09001085703462963,0.0018018874909133675,20,32,0.012544233351945877,303.665299699991,0.8433734939759037,0.8433734939759037
reg3,60,reg3_m60_s0,es+learned,1,290,14510,1.2879875211580534,70.0,70.0,0.09001085703462963,0.0018018874909133675,20,32,0.010267782025039196,307.2516355999978,0.8433734939759037,0.8433734939759037
reg3,60,reg3_m60_s0,es+learned,1,295,14760,1.2879875211580534,70.0,70.0,0.09001085703462963,0.0018018874909133675,20,32,0.008568204939365387,313.525467999978,0.8433734939759037,0.8433734939759037
reg3,60,reg3_m60_s0,es+learned,1,300,15010,1.2879875211580534,70.0,70.0,0.09001085703462963,0.0018018874909133675,20,32,0.009692993015050888,319.7712535999599,0.8433734939759037,0.8433734939759037
reg3,60,reg3_m60_s0,es+learned,1,305,15260,1.2879875211580534,70.0,70.0,0.09001085703462963,0.0018018874909133675,20,32,0.006595131475478411,323.31594459997723,0.8433734939759037,0.8433734939759037
reg3,60,reg3_m60_s0,es+learned,1,310,15510,1.2879875211580534,70.0,70.0,0.09001085703462963,0.0018018874909133675,20,32,0.009669609367847443,329.5933585999883,0.8433734939759037,0.8433734939759037
reg3,60,reg3_m60_s0,es+learned,1,315,15760,1.2879875211580534,70.0,70.0,0.09001085703462959,0.0018018874909133953,20,31,0.01274205930531025,335.8266781999846,0.8433734939759037,0.8433734939759037
reg3,60,reg3_m60_s0,es+learned,1,320,16010,1.2879875211580534,70.0,70.0,0.09001085703462974,0.001801887490913312,20,32,0.009116516448557377,339.39011149998987,0.8433734939759037,0.8433734939759037
reg3,60,reg3_m60_s0,es+learned,1,325,16260,1.2879875211580534,70.0,70.0,0.09001085703462963,0.0018018874909133675,20,32,0.011017728596925735,345.6383874999592,0.8433734939759037,0.8433734939759037
reg3,60,reg3_m60_s0,es+learned,1,330,16510,1.2879875211580534,70.0,70.0,0.09001085703462974,0.001801887490913312,20,32,0.010567531920969486,351.8821273999638,0.8433734939759037,0.8433734939759037
reg3,60,reg3_m60_s0,es+learned,1,335,16760,1.2879875211580534,70.0,70.0,0.09001085703462974,0.001801887490913312,20,32,0.0068783508613705635,355.5719936999958,0.8433734939759037,0.8433734939759037
reg3,60,reg3_m60_s0,es+learned,1,340,17010,1.2884896484504387,70.0,70.0,0.08194680414201445,0.003901408078357052,20,32,0.010361147113144398,361.73791349999374,0.8433734939759037,0.8433734939759037
reg3,60,reg3_m60_s0,es+learned,1,345,17260,1.2895550289725342,70.0,70.0,0.08529691487297872,0.005533217169589311,20,33,0.0082771647721529,368.017026699963,0.8433734939759037,0.8433734939759037
reg3,60,reg3_m60_s0,es+learned,1,350,17510,1.2895550289725342,70.0,70.0,0.08529691487297866,0.005533217169589259,20,33,0.010635876096785069,371.60304299998097,0.8433734939759037,0.8433734939759037
reg3,60,reg3_m60_s0,es+learned,1,355,17760,1.2920128544529697,70.0,70.0,0.09214226600437012,0.0018086573970440903,20,33,0.008023075759410858,377.82178109994857,0.8433734939759037,0.8433734939759037
reg3,60,reg3_m60_s0,es+learned,1,360,18010,1.2922551065479269,70.0,70.0,0.09021076830993922,0.004884298038024138,20,33,0.010626358911395073,384.01340629998595,0.8433734939759037,0.8433734939759037
reg3,60,reg3_m60_s0,es+learned,1,365,18260,1.2922551065479269,70.0,70.0,0.09021076830993922,0.004884298038024138,20,33,0.007183446083217859,387.5547258000006,0.8433734939759037,0.8433734939759037
reg3,60,reg3_m60_s0,es+learned,1,370,18510,1.2926541043555868,70.0,70.0,0.09377164784970854,0.00500472181278817,20,34,0.009154511615633965,393.729700899974,0.8433734939759037,0.8433734939759037
reg3,60,reg3_m60_s0,es+learned,1,375,18760,1.2926541043555868,70.0,70.0,0.09377164784970854,0.00500472181278817,20,34,0.008553355932235718,400.0458796999883,0.8433734939759037,0.8433734939759037
reg3,60,reg3_m60_s0,es+learned,1,380,19010,1.2965385772121774,70.0,70.0,0.09554175643769316,0.0016997507610362595,20,34,0.01096271350979805,403.6280899999547,0.8433734939759037,0.8433734939759037
reg3,60,reg3_m60_s0,es+learned,1,385,19260,1.2965385772121774,70.0,70.0,0.09554175643769316,0.0016997507610362595,20,34,0.00769958458840847,409.9238546999986,0.8433734939759037,0.8433734939759037
reg3,60,reg3_m60_s0,es+learned,1,390,19510,1.3051678873752075,71.0,70.2,0.0902976427827358,0.00301636360339976,20,36,0.010311325080692768,416.14444159995764,0.8554216867469879,0.8457831325301205
reg3,60,reg3_m60_s0,es+learned,1,395,19760,1.3109036851950295,71.0,70.6,0.08244895372104324,0.0019464601993322735,20,36,0.010186072438955307,419.7421255999943,0.8554216867469879,0.8506024096385542
reg3,60,reg3_m60_s0,es+learned,1,400,20010,1.3177716456241382,72.0,71.3,0.08926967504988731,0.003421521521692332,20,35,0.00949864648282528,425.9963894999819,0.8674698795180723,0.8590361445783132
reg3,60,reg3_m60_s0,es+learned,2,0,10,0.7762294883134409,47.0,44.2,0.0676406189577323,0.0023716933296687587,20,33,,0.028373800043482333,0.5662650602409639,0.5325301204819277
reg3,60,reg3_m60_s0,es+learned,2,5,260,1.091181462168333,60.0,58.7,0.09430592534899943,0.0011722022175763248,20,38,0.19390185177326202,3.6251929000136442,0.7228915662650602,0.7072289156626507
reg3,60,reg3_m60_s0,es+learned,2,10,510,1.1814679999234527,64.0,63.6,0.08432849837900588,0.00032224420837446716,20,38,0.12559467554092407,9.863648600003216,0.7710843373493976,0.7662650602409639
reg3,60,reg3_m60_s0,es+learned,2,15,760,1.212869884724213,66.0,64.9,0.08534385771746161,0.002955814087166132,20,38,0.14873741567134857,16.02190230000997,0.7951807228915663,0.7819277108433735
reg3,60,reg3_m60_s0,es+learned,2,20,1010,1.2276406189388804,66.0,65.8,0.10832024017948001,0.003270533415298933,20,37,0.0660920962691307,19.53965769999195,0.7951807228915663,0.7927710843373493
reg3,60,reg3_m60_s0,es+learned,2,25,1260,1.2333088985768086,67.0,66.2,0.08304231852748074,0.0004839864328383507,20,38,0.08871649205684662,25.73767320002662,0.8072289156626506,0.7975903614457832
reg3,60,reg3_m60_s0,es+learned,2,30,1510,1.2366594061271798,66.0,66.2,0.12558484501853975,0.0012789425592642442,20,37,0.052455056458711624,32.01325260003796,0.7951807228915663,0.7975903614457832
reg3,60,reg3_m60_s0,es+learned,2,35,1760,1.2587932680776355,68.0,66.4,0.12433255532892644,0.0018098910599145127,20,38,0.050788190215826035,35.560280700039584,0.8192771084337349,0.8
reg3,60,reg3_m60_s0,es+learned,2,40,2010,1.2780260864823094,68.0,67.6,0.10831577454248154,0.0014792355956484797,20,38,0.04883956164121628,41.696085100003984,0.8192771084337349,0.8144578313253011
reg3,60,reg3_m60_s0,es+learned,2,45,2260,1.2869753518387896,68.0,68.0,0.1159685812451754,0.008769402270699493,20,38,0.03401343896985054,47.85171940003056,0.8192771084337349,0.8192771084337349
reg3,60,reg3_m60_s0,es+learned,2,50,2510,1.2876393139268234,68.0,68.0,0.09527661297884302,0.009481145839060949,20,38,0.04237890988588333,51.420155600004364,0.8192771084337349,0.8192771084337349
reg3,60,reg3_m60_s0,es+learned,2,55,2760,1.2920778087290536,68.0,68.0,0.10979732608942341,0.00018419276484665792,20,39,0.028610628098249435,57.5552064999938,0.8192771084337349,0.8192771084337349
reg3,60,reg3_m60_s0,es+learned,2,60,3010,1.2940833643528467,68.0,68.0,0.0968277603408083,0.01078711644506345,20,39,0.025238048285245895,63.792069100018125,0.8192771084337349,0.8192771084337349
reg3,60,reg3_m60_s0,es+learned,2,65,3260,1.2940833643528467,68.0,68.0,0.0968277603408083,0.01078711644506345,20,39,0.023561999201774597,67.39726200001314,0.8192771084337349,0.8192771084337349
reg3,60,reg3_m60_s0,es+learned,2,70,3510,1.2955947929572365,68.0,68.0,0.10402299009054566,0.0006725727676485313,20,39,0.021464243531227112,73.58387920004316,0.8192771084337349,0.8192771084337349
reg3,60,reg3_m60_s0,es+learned,2,75,3760,1.2964691756310458,68.0,68.0,0.11723146491677253,0.002221265304381992,20,39,0.020659323781728745,79.78101259999676,0.8192771084337349,0.8192771084337349
reg3,60,reg3_m60_s0,es+learned,2,80,4010,1.296534028031991,68.0,68.0,0.09768162878523715,0.0001113004080038893,20,37,0.023504508659243584,83.34851590002654,0.8192771084337349,0.8192771084337349
reg3,60,reg3_m60_s0,es+learned,2,85,4260,1.296534028031991,68.0,68.0,0.09768162878523715,0.0001113004080038893,20,37,0.0197893176227808,89.44805000000633,0.8192771084337349,0.8192771084337349
reg3,60,reg3_m60_s0,es+learned,2,90,4510,1.302344550633404,68.0,68.0,0.12067568558880316,0.0022212653043819225,20,39,0.021993571892380714,95.68220219999785,0.8192771084337349,0.8192771084337349
reg3,60,reg3_m60_s0,es+learned,2,95,4760,1.302344550633404,68.0,68.0,0.12067568558880316,0.0022212653043819225,20,39,0.022577771916985512,99.197876500024,0.8192771084337349,0.8192771084337349
reg3,60,reg3_m60_s0,es+learned,2,100,5010,1.302344550633404,68.0,68.0,0.12067568558880316,0.0022212653043819225,20,39,0.015082532539963722,105.3379442000296,0.8192771084337349,0.8192771084337349
reg3,60,reg3_m60_s0,es+learned,2,105,5260,1.3221121534198645,69.0,69.5,0.11702961188393253,0.0021135511164774162,20,39,0.01313801109790802,111.56029220001074,0.8313253012048193,0.8373493975903614
reg3,60,reg3_m60_s0,es+learned,2,110,5510,1.3233012609150385,69.0,69.3,0.12390317007662914,0.00047948599786075755,20,39,0.013710909523069859,115.07797840004787,0.8313253012048193,0.8349397590361446
reg3,60,reg3_m60_s0,es+learned,2,115,5760,1.347613179890344,71.0,69.2,0.11702961188393238,0.0007066293443590971,20,38,0.02064037322998047,121.20865720004076,0.8554216867469879,0.8337349397590362
reg3,60,reg3_m60_s0,es+learned,2,120,6010,1.347613179890344,71.0,69.2,0.11702961188393238,0.0007066293443590971,20,38,0.01468396745622158,127.35013780003646,0.8554216867469879,0.8337349397590362
reg3,60,reg3_m60_s0,es+learned,2,125,6260,1.3496404592198434,71.0,70.6,0.13431160872410186,0.0017786550339112944,20,38,0.018069926649332047,130.91216120001627,0.8554216867469879,0.8506024096385542
reg3,60,reg3_m60_s0,es+learned,2,130,6510,1.3726082766064018,73.0,71.6,0.108978267216745,0.001006940292404817,20,38,0.018456246703863144,137.14335760002723,0.8795180722891566,0.8626506024096385
reg3,60,reg3_m60_s0,es+learned,2,135,6760,1.3739849977818686,73.0,72.7,0.10419233947235798,0.0033283267333958366,20,39,0.015570899471640587,143.26839560002554,0.8795180722891566,0.8759036144578314
reg3,60,reg3_m60_s0,es+learned,2,140,7010,1.3928923004407125,75.0,73.4,0.11183805592653694,0.0007750959545219649,20,38,0.018264049664139748,146.8402445000247,0.9036144578313253,0.8843373493975905
reg3,60,reg3_m60_s0,es+learned,2,145,7260,1.3998360438622508,75.0,74.7,0.10829882586886362,0.0016491969678468325,20,38,0.017556598410010338,152.95959830004722,0.9036144578313253,0.9
reg3,60,reg3_m60_s0,es+learned,2,150,7510,1.4031654304413177,75.0,75.0,0.11737807301519076,0.0005537052764509661,20,38,0.017618900164961815,159.1187215000391,0.9036144578313253,0.9036144578313253
reg3,60,reg3_m60_s0,es+learned,2,155,7760,1.4031654304413177,75.0,75.0,0.11737807301519076,0.0005537052764509661,20,38,0.013407668098807335,162.70852390001528,0.9036144578313253,0.9036144578313253
reg3,60,reg3_m60_s0,es+learned,2,160,8010,1.4031654304413177,75.0,75.0,0.11737807301519076,0.0005537052764509661,20,38,0.016022037714719772,168.91283400001703,0.9036144578313253,0.9036144578313253
reg3,60,reg3_m60_s0,es+learned,2,165,8260,1.4068450791403748,75.0,75.0,0.11398391534347985,0.0018283723927684098,20,38,0.018254602327942848,175.09335939999437,0.9036144578313253,0.9036144578313253
reg3,60,reg3_m60_s0,es+learned,2,170,8510,1.4068450791403748,75.0,75.0,0.11398391534347985,0.0018283723927684098,20,38,0.017312636598944664,178.57372610003222,0.9036144578313253,0.9036144578313253
reg3,60,reg3_m60_s0,es+learned,2,175,8760,1.4068450791403748,75.0,75.0,0.11398391534347982,0.0018283723927680837,20,38,0.0127715440467,184.82260890002362,0.9036144578313253,0.9036144578313253
reg3,60,reg3_m60_s0,es+learned,2,180,9010,1.4068450791403748,75.0,75.0,0.11398391534347985,0.0018283723927684098,20,38,0.021397165954113007,190.83342120004818,0.9036144578313253,0.9036144578313253
reg3,60,reg3_m60_s0,es+learned,2,185,9260,1.4075564336967314,75.0,75.0,0.10766401261409955,0.006959496254000349,20,37,0.012390483170747757,194.48126780003076,0.9036144578313253,0.9036144578313253
reg3,60,reg3_m60_s0,es+learned,2,190,9510,1.4075564336967314,75.0,75.0,0.10766401261409955,0.006959496254000349,20,37,0.01396093051880598,200.62014230003115,0.9036144578313253,0.9036144578313253
reg3,60,reg3_m60_s0,es+learned,2,195,9760,1.4075564336967317,75.0,75.0,0.10766401261409979,0.006959496253999817,20,36,0.013494309969246387,206.97735890001059,0.9036144578313253,0.9036144578313253
reg3,60,reg3_m60_s0,es+learned,2,200,10010,1.4075564336967317,75.0,75.0,0.10766401261409979,0.006959496253999817,20,36,0.012909065000712872,210.5002484000288,0.9036144578313253,0.9036144578313253
reg3,60,reg3_m60_s0,es+learned,2,205,10260,1.4094372984292536,75.0,75.0,0.11294568050738563,0.0010154936700761986,20,38,0.014160828664898872,216.72484030004125,0.9036144578313253,0.9036144578313253
reg3,60,reg3_m60_s0,es+learned,2,210,10510,1.4102744265215263,75.0,75.0,0.10878010836114782,0.00442629545781097,20,38,0.019598040729761124,222.97940910002217,0.9036144578313253,0.9036144578313253
reg3,60,reg3_m60_s0,es+learned,2,215,10760,1.4151755857149249,75.0,75.0,0.11050507010908028,0.002645165135293023,20,38,0.013056646101176739,226.52648550004233,0.9036144578313253,0.9036144578313253
reg3,60,reg3_m60_s0,es+learned,2,220,11010,1.4151755857149249,75.0,75.0,0.11050507010908028,0.002645165135293023,20,38,0.01433167327195406,232.7540871000383,0.9036144578313253,0.9036144578313253
reg3,60,reg3_m60_s0,es+learned,2,225,11260,1.4155473670666416,75.0,75.0,0.11097601882663369,0.0025614773700629104,20,37,0.0170101597905159,238.97740770003293,0.9036144578313253,0.9036144578313253
reg3,60,reg3_m60_s0,es+learned,2,230,11510,1.4155473670666416,75.0,75.0,0.11097601882663369,0.0025614773700629104,20,37,0.01786765456199646,242.60015930002555,0.9036144578313253,0.9036144578313253
reg3,60,reg3_m60_s0,es+learned,2,235,11760,1.4155473670666416,75.0,75.0,0.11097601882663383,0.0025614773700630474,20,37,0.013612695969641209,248.86185380001552,0.9036144578313253,0.9036144578313253
reg3,60,reg3_m60_s0,es+learned,2,240,12010,1.416064160815707,75.0,75.0,0.10994860397056565,0.003168574120083492,20,37,0.014561322517693043,255.08876440004678,0.9036144578313253,0.9036144578313253
reg3,60,reg3_m60_s0,es+learned,2,245,12260,1.4167346715068636,75.0,75.0,0.11192615987675353,0.0030316799314494512,20,38,0.01275178138166666,258.6415343999979,0.9036144578313253,0.9036144578313253
reg3,60,reg3_m60_s0,es+learned,2,250,12510,1.4167346715068636,75.0,75.0,0.11192615987675353,0.0030316799314494512,20,38,0.013667981140315533,265.0020928000449,0.9036144578313253,0.9036144578313253
reg3,60,reg3_m60_s0,es+learned,2,255,12760,1.417047010195474,75.0,75.0,0.1092751151075486,0.0003996971318042525,20,37,0.01310914009809494,271.35995930002537,0.9036144578313253,0.9036144578313253
reg3,60,reg3_m60_s0,es+learned,2,260,13010,1.418595958720493,75.0,75.0,0.11663409019539414,0.003985164120519455,20,38,0.019129909574985504,274.93921390001196,0.9036144578313253,0.9036144578313253
reg3,60,reg3_m60_s0,es+learned,2,265,13260,1.418595958720493,75.0,75.0,0.11663409019539414,0.003985164120519455,20,38,0.014586234465241432,281.2156298000482,0.9036144578313253,0.9036144578313253
reg3,60,reg3_m60_s0,es+learned,2,270,13510,1.4219548541506564,75.0,75.0,0.11000754813318975,0.0004685534816787837,20,39,0.01370180957019329,287.85903900000267,0.9036144578313253,0.9036144578313253
reg3,60,reg3_m60_s0,es+learned,2,275,13760,1.4219548541506564,75.0,75.0,0.11000754813318975,0.0004685534816787837,20,39,0.01606011763215065,291.47883290000027,0.9036144578313253,0.9036144578313253
reg3,60,reg3_m60_s0,es+learned,2,280,14010,1.4219548541506564,75.0,75.0,0.11000754813318975,0.0004685534816787837,20,39,0.014653434976935387,297.70543170004385,0.9036144578313253,0.9036144578313253
reg3,60,reg3_m60_s0,es+learned,2,285,14260,1.4219548541506564,75.0,75.0,0.11000754813318975,0.0004685534816787837,20,39,0.010418405756354332,304.02972180000506,0.9036144578313253,0.9036144578313253
reg3,60,reg3_m60_s0,es+learned,2,290,14510,1.4219548541506564,75.0,75.0,0.11000754813318975,0.0004685534816787837,20,39,0.012768369168043137,307.6172035000054,0.9036144578313253,0.9036144578313253
reg3,60,reg3_m60_s0,es+learned,2,295,14760,1.4219548541506564,75.0,75.0,0.11000754813318975,0.0004685534816787837,20,39,0.012494971044361591,313.7209301000112,0.9036144578313253,0.9036144578313253
reg3,60,reg3_m60_s0,es+learned,2,300,15010,1.4219548541506564,75.0,75.0,0.11000754813318975,0.0004685534816787837,20,39,0.011220922693610191,319.99519590003183,0.9036144578313253,0.9036144578313253
reg3,60,reg3_m60_s0,es+learned,2,305,15260,1.4219548541506564,75.0,75.0,0.11000754813318975,0.0004685534816787837,20,39,0.01630162075161934,323.52317709999625,0.9036144578313253,0.9036144578313253
reg3,60,reg3_m60_s0,es+learned,2,310,15510,1.4219548541506564,75.0,75.0,0.11000754813318986,0.00046855348167868655,20,38,0.011663739569485188,329.69701010000426,0.9036144578313253,0.9036144578313253
reg3,60,reg3_m60_s0,es+learned,2,315,15760,1.4219548541506564,75.0,75.0,0.11000754813318997,0.0004685534816789294,20,39,0.013120039366185665,336.003743200039,0.9036144578313253,0.9036144578313253
reg3,60,reg3_m60_s0,es+learned,2,320,16010,1.4219548541506566,75.0,75.0,0.11000754813318991,0.0004685534816787629,20,39,0.017221948131918907,339.6483847000054,0.9036144578313253,0.9036144578313253
reg3,60,reg3_m60_s0,es+learned,2,325,16260,1.4219548541506566,75.0,75.0,0.11000754813318991,0.0004685534816787629,20,39,0.013082867488265038,345.96082430001115,0.9036144578313253,0.9036144578313253
reg3,60,reg3_m60_s0,es+learned,2,330,16510,1.4260021611461242,75.0,75.0,0.11322522087652115,7.955673807177877e-05,20,38,0.010174124501645565,352.20867429999635,0.9036144578313253,0.9036144578313253
reg3,60,reg3_m60_s0,es+learned,2,335,16760,1.4260021611461242,75.0,75.0,0.11322522087652115,7.955673807177877e-05,20,38,0.011418038979172707,355.8133745000232,0.9036144578313253,0.9036144578313253
reg3,60,reg3_m60_s0,es+learned,2,340,17010,1.4260021611461242,75.0,75.0,0.11322522087652115,7.955673807177877e-05,20,38,0.013062835671007633,362.1223387999926,0.9036144578313253,0.9036144578313253
reg3,60,reg3_m60_s0,es+learned,2,345,17260,1.4260021611461242,75.0,75.0,0.11322522087652119,7.955673807195224e-05,20,37,0.011198973283171654,368.404873099993,0.9036144578313253,0.9036144578313253
reg3,60,reg3_m60_s0,es+learned,2,350,17510,1.4260021611461242,75.0,75.0,0.11322522087652122,7.955673807192448e-05,20,37,0.010588238015770912,371.98713470000075,0.9036144578313253,0.9036144578313253
reg3,60,reg3_m60_s0,es+learned,2,355,17760,1.4260021611461242,75.0,75.0,0.11322522087652115,7.955673807177877e-05,20,38,0.011616099625825882,378.3154724999913,0.9036144578313253,0.9036144578313253
reg3,60,reg3_m60_s0,es+learned,2,360,18010,1.4266864300137252,75.0,75.0,0.11556635667753067,0.0008161447136663252,20,38,0.012998558580875397,384.6042489000247,0.9036144578313253,0.9036144578313253
reg3,60,reg3_m60_s0,es+learned,2,365,18260,1.4266864300137252,75.0,75.0,0.11556635667753067,0.0008161447136663252,20,38,0.01107009593397379,388.2454234000179,0.9036144578313253,0.9036144578313253
reg3,60,reg3_m60_s0,es+learned,2,370,18510,1.4266864300137252,75.0,75.0,0.11556635667753067,0.0008161447136663252,20,38,0.010799072682857513,394.41958770004567,0.9036144578313253,0.9036144578313253
reg3,60,reg3_m60_s0,es+learned,2,375,18760,1.4266864300137252,75.0,75.0,0.11556635667753067,0.0008161447136663252,20,38,0.00986850168555975,400.6836272000219,0.9036144578313253,0.9036144578313253
reg3,60,reg3_m60_s0,es+learned,2,380,19010,1.4266864300137252,75.0,75.0,0.11556635667753067,0.0008161447136663252,20,38,0.009567715227603912,404.27908540004864,0.9036144578313253,0.9036144578313253
reg3,60,reg3_m60_s0,es+learned,2,385,19260,1.4266864300137252,75.0,75.0,0.11556635667753067,0.0008161447136663252,20,38,0.01054973341524601,410.5278421000112,0.9036144578313253,0.9036144578313253
reg3,60,reg3_m60_s0,es+learned,2,390,19510,1.4266864300137252,75.0,75.0,0.11556635667753067,0.0008161447136663252,20,38,0.01098559144884348,416.7554475000361,0.9036144578313253,0.9036144578313253
reg3,60,reg3_m60_s0,es+learned,2,395,19760,1.4266864300137252,75.0,75.0,0.11556635667753067,0.0008161447136663252,20,38,0.009451080113649368,420.3347768000094,0.9036144578313253,0.9036144578313253
reg3,60,reg3_m60_s0,es+learned,2,400,20010,1.4266864300137252,75.0,75.0,0.11556635667753067,0.0008161447136663252,20,38,0.009867402724921703,426.5975960000069,0.9036144578313253,0.9036144578313253
reg3,60,reg3_m60_s0,es+pretrained,0,0,10,0.8309630285234236,49.0,45.8,0.03422181726598081,1.0842021724855044e-18,20,32,,0.0353840000461787,0.5903614457831325,0.5518072289156626
reg3,60,reg3_m60_s0,es+pretrained,0,5,260,1.0007011003316737,58.0,56.0,0.041377629027148255,0.001935110508632992,20,41,0.0137679073959589,3.611766699992586,0.6987951807228916,0.6746987951807228
reg3,60,reg3_m60_s0,es+pretrained,0,10,510,1.0529583085268042,61.0,59.9,0.0449278204494452,9.922393684273605e-05,20,28,0.008375605568289757,9.91314090002561,0.7349397590361446,0.7216867469879518
reg3,60,reg3_m60_s0,es+pretrained,0,15,760,1.0755134874024301,62.0,61.2,0.044133414388380046,0.001589819626672588,20,29,0.012853337451815605,16.19093540002359,0.7469879518072289,0.7373493975903614
reg3,60,reg3_m60_s0,es+pretrained,0,20,1010,1.1494577339570224,65.0,64.1,0.07177988518376371,0.001726204342937892,20,40,0.009687302634119987,19.714167900034226,0.7831325301204819,0.772289156626506
reg3,60,reg3_m60_s0,es+pretrained,0,25,1260,1.1494577339570224,65.0,65.0,0.07177988518376371,0.001726204342937892,20,40,0.012944379821419716,25.973221299995203,0.7831325301204819,0.7831325301204819
reg3,60,reg3_m60_s0,es+pretrained,0,30,1510,1.1560755210197948,65.0,65.0,0.06754882552922209,0.0008061937596311238,20,40,0.009450952522456646,32.332647900038864,0.7831325301204819,0.7831325301204819
reg3,60,reg3_m60_s0,es+pretrained,0,35,1760,1.1711709764222125,66.0,65.3,0.08987729318776991,0.002271664812324291,20,39,0.009519007056951523,35.84866419999162,0.7951807228915663,0.7867469879518072
reg3,60,reg3_m60_s0,es+pretrained,0,40,2010,1.1711709764222125,66.0,65.7,0.08987729318776994,0.002271664812324256,20,40,0.011268630623817444,42.035332300001755,0.7951807228915663,0.791566265060241
reg3,60,reg3_m60_s0,es+pretrained,0,45,2260,1.1738672733092157,66.0,66.0,0.085741787267024,0.00033565229061356325,20,40,0.007091980427503586,48.25416250003036,0.7951807228915663,0.7951807228915663
reg3,60,reg3_m60_s0,es+pretrained,0,50,2510,1.1742837220325766,66.0,66.0,0.06986695905137569,0.0011449168039905332,20,38,0.01040768250823021,51.87740970001323,0.7951807228915663,0.7951807228915663
reg3,60,reg3_m60_s0,es+pretrained,0,55,2760,1.1815468483333744,66.0,66.0,0.09051477059343689,0.0006005530101967638,20,40,0.010413356125354767,58.10872720001498,0.7951807228915663,0.7951807228915663
reg3,60,reg3_m60_s0,es+pretrained,0,60,3010,1.1815468483333744,66.0,66.0,0.09051477059343689,0.0006005530101967638,20,40,0.007815486751496792,64.4582183000166,0.7951807228915663,0.7951807228915663
reg3,60,reg3_m60_s0,es+pretrained,0,65,3260,1.1992239861924994,67.0,66.5,0.09084597216584156,0.0007055575792662243,20,41,0.008848424069583416,67.9942731000483,0.8072289156626506,0.8012048192771084
reg3,60,reg3_m60_s0,es+pretrained,0,70,3510,1.2020369787484058,67.0,67.0,0.10094421382054566,0.0007055575792661653,20,42,0.009042292833328247,74.26117860001978,0.8072289156626506,0.8072289156626506
reg3,60,reg3_m60_s0,es+pretrained,0,75,3760,1.202036978748406,67.0,67.0,0.10094421382054564,0.0007055575792662,20,42,0.008561068214476109,80.57608890003758,0.8072289156626506,0.8072289156626506
reg3,60,reg3_m60_s0,es+pretrained,0,80,4010,1.202036978748406,67.0,67.0,0.10094421382054564,0.0007055575792662,20,42,0.010854795575141907,84.19677390001016,0.8072289156626506,0.8072289156626506
reg3,60,reg3_m60_s0,es+pretrained,0,85,4260,1.2029412682996157,67.0,67.0,0.08506229002788507,0.0013935442919009722,20,41,0.006109222769737244,90.47735350002768,0.8072289156626506,0.8072289156626506
reg3,60,reg3_m60_s0,es+pretrained,0,90,4510,1.2144911433322723,68.0,67.1,0.09771480684446679,0.0022701982661210846,20,42,0.006413997150957584,96.87459230003878,0.8192771084337349,0.808433734939759
reg3,60,reg3_m60_s0,es+pretrained,0,95,4760,1.2144911433322723,68.0,67.1,0.09771480684446679,0.0022701982661210846,20,42,0.009297467768192291,100.47029339999426,0.8192771084337349,0.808433734939759
reg3,60,reg3_m60_s0,es+pretrained,0,100,5010,1.2144911433322723,68.0,67.1,0.09771480684446679,0.0022701982661210846,20,42,0.009514330886304379,106.73604960000375,0.8192771084337349,0.808433734939759
reg3,60,reg3_m60_s0,es+pretrained,0,105,5260,1.2144911433322723,68.0,67.1,0.09771480684446679,0.0022701982661210846,20,42,0.007190680131316185,112.95986310002627,0.8192771084337349,0.808433734939759
reg3,60,reg3_m60_s0,es+pretrained,0,110,5510,1.2144911433322723,68.0,67.2,0.09771480684446679,0.0022701982661210846,20,42,0.005058785900473595,116.5603562000324,0.8192771084337349,0.8096385542168675
reg3,60,reg3_m60_s0,es+pretrained,0,115,5760,1.216073795069974,68.0,67.6,0.10161712326551581,0.0024716189110550076,20,42,0.008296918123960495,122.87664660002338,0.8192771084337349,0.8144578313253011
reg3,60,reg3_m60_s0,es+pretrained,0,120,6010,1.216073795069974,68.0,67.8,0.10161712326551581,0.0024716189110550076,20,42,0.0067398748360574245,129.18162340001436,0.8192771084337349,0.8168674698795181
reg3,60,reg3_m60_s0,es+pretrained,0,125,6260,1.216073795069974,68.0,68.0,0.10161712326551574,0.00247161891105507,20,42,0.007512589450925589,132.82624230004149,0.8192771084337349,0.8192771084337349
reg3,60,reg3_m60_s0,es+pretrained,0,130,6510,1.216073795069974,68.0,68.0,0.10161712326551581,0.0024716189110550076,20,42,0.007058445364236832,139.21111130004283,0.8192771084337349,0.8192771084337349
reg3,60,reg3_m60_s0,es+pretrained,0,135,6760,1.2178557138915562,68.0,68.0,0.10073138714182289,0.00047585277127310324,20,42,0.007644537836313248,145.63327220000792,0.8192771084337349,0.8192771084337349
reg3,60,reg3_m60_s0,es+pretrained,0,140,7010,1.2178557138915562,68.0,68.0,0.10073138714182289,0.00047585277127310324,20,42,0.005932732485234737,149.25666440004716,0.8192771084337349,0.8192771084337349
reg3,60,reg3_m60_s0,es+pretrained,0,145,7260,1.2180947515819582,68.0,68.0,0.10515944700680172,0.00030474575135577137,20,41,0.0058379946276545525,155.53114930004813,0.8192771084337349,0.8192771084337349
reg3,60,reg3_m60_s0,es+pretrained,0,150,7510,1.2180947515819582,68.0,68.0,0.10515944700680172,0.00030474575135577137,20,41,0.005736680701375008,161.77951360004954,0.8192771084337349,0.8192771084337349
reg3,60,reg3_m60_s0,es+pretrained,0,155,7760,1.2180947515819582,68.0,68.0,0.10515944700680172,0.00030474575135577137,20,41,0.0048000384122133255,165.3825437000487,0.8192771084337349,0.8192771084337349
reg3,60,reg3_m60_s0,es+pretrained,0,160,8010,1.2180947515819582,68.0,68.0,0.10515944700680172,0.00030474575135577137,20,41,0.005738364532589912,171.65268380002817,0.8192771084337349,0.8192771084337349
reg3,60,reg3_m60_s0,es+pretrained,0,165,8260,1.2180947515819582,68.0,68.0,0.10515944700680172,0.00030474575135577137,20,41,0.004504998214542866,177.9968430000008,0.8192771084337349,0.8192771084337349
reg3,60,reg3_m60_s0,es+pretrained,0,170,8510,1.2180947515819582,68.0,68.0,0.10515944700680172,0.00030474575135577137,20,41,0.006779293064028025,181.67561030003708,0.8192771084337349,0.8192771084337349
reg3,60,reg3_m60_s0,es+pretrained,0,175,8760,1.224122024939702,69.0,68.2,0.08369931047437162,0.0018740196174003854,20,41,0.005396554712206125,187.96622060000664,0.8313253012048193,0.8216867469879519
reg3,60,reg3_m60_s0,es+pretrained,0,180,9010,1.224122024939702,69.0,68.2,0.08369931047437162,0.0018740196174003854,20,41,0.005240282975137234,194.29453840001952,0.8313253012048193,0.8216867469879519
reg3,60,reg3_m60_s0,es+pretrained,0,185,9260,1.224122024939702,69.0,68.2,0.08369931047437162,0.0018740196174003854,20,41,0.00605662539601326,197.97761590004666,0.8313253012048193,0.8216867469879519
reg3,60,reg3_m60_s0,es+pretrained,0,190,9510,1.2473565721909217,70.0,68.6,0.10584316931812271,0.0002718371232705921,20,42,0.006718036253005266,204.20969109999714,0.8433734939759037,0.8265060240963855
reg3,60,reg3_m60_s0,es+pretrained,0,195,9760,1.2473565721909217,70.0,68.6,0.10584316931812271,0.0002718371232705921,20,42,0.005192030221223831,210.55432990001282,0.8433734939759037,0.8265060240963855
reg3,60,reg3_m60_s0,es+pretrained,0,200,10010,1.2473565721909217,70.0,68.8,0.10584316931812271,0.0002718371232705921,20,42,0.005363295786082745,214.23138970002765,0.8433734939759037,0.8289156626506023
reg3,60,reg3_m60_s0,es+pretrained,0,205,10260,1.2473565721909217,70.0,69.1,0.10584316931812271,0.0002718371232705921,20,42,0.005947942845523357,220.54270809999434,0.8433734939759037,0.8325301204819276
reg3,60,reg3_m60_s0,es+pretrained,0,210,10510,1.2545792516709793,70.0,69.3,0.10592986117400244,0.00039106920959124797,20,41,0.005550412926822901,226.8426327999914,0.8433734939759037,0.8349397590361446
reg3,60,reg3_m60_s0,es+pretrained,0,215,10760,1.2545792516709793,70.0,69.4,0.10592986117400244,0.00039106920959124797,20,41,0.005243433639407158,230.41078219999326,0.8433734939759037,0.8361445783132531
reg3,60,reg3_m60_s0,es+pretrained,0,220,11010,1.2545792516709793,70.0,69.5,0.10592986117400244,0.00039106920959124797,20,41,0.004806228913366795,236.71065359999193,0.8433734939759037,0.8373493975903614
reg3,60,reg3_m60_s0,es+pretrained,0,225,11260,1.2545792516709793,70.0,69.8,0.10592986117400244,0.00039106920959124797,20,41,0.0061269463039934635,242.5708209000295,0.8433734939759037,0.8409638554216867
reg3,60,reg3_m60_s0,es+pretrained,0,230,11510,1.2545792516709793,70.0,70.0,0.10592986117400244,0.00039106920959124797,20,41,0.006496654357761145,245.9385965000256,0.8433734939759037,0.8433734939759037
reg3,60,reg3_m60_s0,es+pretrained,0,235,11760,1.2719895334199223,71.0,70.1,0.10757936579811095,0.001755923756410701,20,42,0.005836164113134146,251.7335590000148,0.8554216867469879,0.844578313253012
reg3,60,reg3_m60_s0,es+pretrained,0,240,12010,1.2719895334199223,71.0,70.1,0.10757936579811095,0.001755923756410701,20,42,0.006342398934066296,257.5412280000164,0.8554216867469879,0.844578313253012
reg3,60,reg3_m60_s0,es+pretrained,0,245,12260,1.2719895334199223,71.0,70.1,0.10757936579811095,0.001755923756410701,20,42,0.004346906207501888,260.91081299999496,0.8554216867469879,0.844578313253012
reg3,60,reg3_m60_s0,es+pretrained,0,250,12510,1.2719895334199223,71.0,70.1,0.10757936579811095,0.001755923756410701,20,42,0.007216847501695156,266.78375560004497,0.8554216867469879,0.844578313253012
reg3,60,reg3_m60_s0,es+pretrained,0,255,12760,1.2719895334199223,71.0,70.1,0.10757936579811095,0.001755923756410701,20,42,0.0058398162946105,272.61545650003245,0.8554216867469879,0.844578313253012
reg3,60,reg3_m60_s0,es+pretrained,0,260,13010,1.2815770892384815,70.0,70.0,0.1299214758677088,0.0019828495603274703,20,40,0.005804543383419514,275.98691820004024,0.8433734939759037,0.8433734939759037
reg3,60,reg3_m60_s0,es+pretrained,0,265,13260,1.2839059745177255,70.0,70.0,0.1419415709156467,0.0005213929366627637,20,40,0.007258065510541201,281.8144133000169,0.8433734939759037,0.8433734939759037
reg3,60,reg3_m60_s0,es+pretrained,0,270,13510,1.2967605336935333,70.0,70.0,0.1142716581231174,0.0005213929366628539,20,40,0.006827035453170538,287.6221201000153,0.8433734939759037,0.8433734939759037
reg3,60,reg3_m60_s0,es+pretrained,0,275,13760,1.2967605336935333,70.0,70.0,0.1142716581231174,0.0005213929366628539,20,40,0.006005330942571163,290.9908408000483,0.8433734939759037,0.8433734939759037
reg3,60,reg3_m60_s0,es+pretrained,0,280,14010,1.2967605336935333,70.0,70.0,0.1142716581231174,0.0005213929366628539,20,40,0.0065376246348023415,296.8625299000414,0.8433734939759037,0.8433734939759037
reg3,60,reg3_m60_s0,es+pretrained,0,285,14260,1.2990045313565568,70.0,70.0,0.13136623199263536,0.0014342162895793608,20,40,0.006946317385882139,302.71612900000764,0.8433734939759037,0.8433734939759037
reg3,60,reg3_m60_s0,es+pretrained,0,290,14510,1.3056213623681203,71.0,70.1,0.10276874280391653,0.0008598361788530132,20,40,0.006561092101037502,306.1173269000137,0.8554216867469879,0.844578313253012
reg3,60,reg3_m60_s0,es+pretrained,0,295,14760,1.3056213623681203,71.0,70.3,0.10276874280391654,0.0008598361788530427,20,40,0.008961386978626251,312.28649299999233,0.8554216867469879,0.8469879518072289
reg3,60,reg3_m60_s0,es+pretrained,0,300,15010,1.310726621687658,71.0,70.6,0.118372380206693,0.00026714170446782287,20,40,0.007889380678534508,318.05004530004226,0.8554216867469879,0.8506024096385542
reg3,60,reg3_m60_s0,es+pretrained,0,305,15260,1.310726621687658,71.0,71.0,0.118372380206693,0.00026714170446782287,20,40,0.007945227436721325,321.4098753000144,0.8554216867469879,0.8554216867469879
reg3,60,reg3_m60_s0,es+pretrained,0,310,15510,1.310726621687658,71.0,71.0,0.118372380206693,0.00026714170446782287,20,40,0.006267839577049017,327.3682235000306,0.8554216867469879,0.8554216867469879
reg3,60,reg3_m60_s0,es+pretrained,0,315,15760,1.3394210682319985,74.0,71.8,0.07412093631164737,0.0037106296409532558,20,39,0.007715519517660141,333.50077450001845,0.891566265060241,0.8650602409638554
reg3,60,reg3_m60_s0,es+pretrained,0,320,16010,1.3451642162001938,74.0,72.3,0.08595998688336054,0.0025687822391560616,20,40,0.007587223779410124,337.14889890002087,0.891566265060241,0.8710843373493976
reg3,60,reg3_m60_s0,es+pretrained,0,325,16260,1.3451642162001938,74.0,73.5,0.08595998688336054,0.0025687822391560616,20,40,0.007021326571702957,343.4752220000373,0.891566265060241,0.8855421686746988
reg3,60,reg3_m60_s0,es+pretrained,0,330,16510,1.3451642162001938,74.0,74.0,0.08595998688336054,0.0025687822391560616,20,40,0.00961027480661869,349.8257942000055,0.891566265060241,0.891566265060241
reg3,60,reg3_m60_s0,es+pretrained,0,335,16760,1.3451642162001938,74.0,74.0,0.08595998688336054,0.0025687822391560616,20,40,0.005619521718472242,353.4325117000262,0.891566265060241,0.891566265060241
reg3,60,reg3_m60_s0,es+pretrained,0,340,17010,1.3453834484611167,74.0,74.0,0.08700552263611804,0.0021598887749977452,20,40,0.005562305450439453,359.6927895999979,0.891566265060241,0.891566265060241
reg3,60,reg3_m60_s0,es+pretrained,0,345,17260,1.3453834484611167,74.0,74.0,0.08700552263611804,0.0021598887749977452,20,40,0.0060539813712239265,365.9650416999939,0.891566265060241,0.891566265060241
reg3,60,reg3_m60_s0,es+pretrained,0,350,17510,1.3455300073934726,74.0,74.0,0.0867078163614465,0.0011843396593562705,20,39,0.009126214310526848,369.53446200001054,0.891566265060241,0.891566265060241
reg3,60,reg3_m60_s0,es+pretrained,0,355,17760,1.3455300073934726,74.0,74.0,0.0867078163614466,0.001184339659356326,20,39,0.006462192162871361,375.86402780003846,0.891566265060241,0.891566265060241
reg3,60,reg3_m60_s0,es+pretrained,0,360,18010,1.3455300073934726,74.0,74.0,0.0867078163614467,0.001184339659356326,20,40,0.005414563696831465,382.0387635999941,0.891566265060241,0.891566265060241
reg3,60,reg3_m60_s0,es+pretrained,0,365,18260,1.3455300073934726,74.0,74.0,0.0867078163614466,0.001184339659356326,20,39,0.008113984018564224,385.6554511000286,0.891566265060241,0.891566265060241
reg3,60,reg3_m60_s0,es+pretrained,0,370,18510,1.3455300073934726,74.0,74.0,0.08670781636144667,0.001184339659356326,20,40,0.007400973699986935,391.95905050000874,0.891566265060241,0.891566265060241
reg3,60,reg3_m60_s0,es+pretrained,0,375,18760,1.3455300073934726,74.0,74.0,0.0867078163614467,0.001184339659356326,20,40,0.010345624759793282,398.32905010000104,0.891566265060241,0.891566265060241
reg3,60,reg3_m60_s0,es+pretrained,0,380,19010,1.3455300073934726,74.0,74.0,0.0867078163614466,0.001184339659356326,20,39,0.008070578798651695,401.93714230001206,0.891566265060241,0.891566265060241
reg3,60,reg3_m60_s0,es+pretrained,0,385,19260,1.3455300073934726,74.0,74.0,0.0867078163614467,0.001184339659356333,20,40,0.006246003322303295,408.41720950003946,0.891566265060241,0.891566265060241
reg3,60,reg3_m60_s0,es+pretrained,0,390,19510,1.3455300073934726,74.0,74.0,0.0867078163614466,0.001184339659356326,20,39,0.005593101494014263,414.69757620000746,0.891566265060241,0.891566265060241
reg3,60,reg3_m60_s0,es+pretrained,0,395,19760,1.3455300073934726,74.0,74.0,0.08670781636144659,0.0011843396593563121,20,40,0.007606237195432186,418.33830450003734,0.891566265060241,0.891566265060241
reg3,60,reg3_m60_s0,es+pretrained,0,400,20010,1.3455300073934726,74.0,74.0,0.0867078163614467,0.001184339659356333,20,40,0.006719711236655712,424.7052352000028,0.891566265060241,0.891566265060241
reg3,60,reg3_m60_s0,es+pretrained,1,0,10,0.7771125736319795,46.0,45.4,0.05166664887746342,0.0017005162399207317,20,38,,0.036123499972745776,0.5542168674698795,0.5469879518072289
reg3,60,reg3_m60_s0,es+pretrained,1,5,260,1.1181620111246482,63.0,60.5,0.07313204190376274,0.0011623242887768177,20,32,0.01191770937293768,3.708206199982669,0.7590361445783133,0.7289156626506024
reg3,60,reg3_m60_s0,es+pretrained,1,10,510,1.1383534760547744,64.0,63.6,0.05595386846800117,0.0015878676906562195,20,33,0.007483438588678837,10.143182299972977,0.7710843373493976,0.7662650602409639
reg3,60,reg3_m60_s0,es+pretrained,1,15,760,1.1383534760547744,64.0,63.9,0.055953868468001294,0.0015878676906562542,20,33,0.01140940934419632,16.4660268999869,0.7710843373493976,0.7698795180722892
reg3,60,reg3_m60_s0,es+pretrained,1,20,1010,1.1459874352880126,65.0,64.3,0.06733170574440439,0.000911804491838579,20,33,0.009466085582971573,20.121616199961863,0.7831325301204819,0.7746987951807228
reg3,60,reg3_m60_s0,es+pretrained,1,25,1260,1.1809678344666414,67.0,65.4,0.06997390633385284,0.0012818389762998955,20,34,0.009775876998901367,26.4388890999835,0.8072289156626506,0.7879518072289158
reg3,60,reg3_m60_s0,es+pretrained,1,30,1510,1.1812059718116716,67.0,66.5,0.07235858985284097,0.0021010162366523547,20,34,0.010509137995541096,32.53802099998575,0.8072289156626506,0.8012048192771084
reg3,60,reg3_m60_s0,es+pretrained,1,35,1760,1.1812059718116716,67.0,67.0,0.07235858985284097,0.0021010162366523547,20,34,0.009201597422361374,36.151873799972236,0.8072289156626506,0.8072289156626506
reg3,60,reg3_m60_s0,es+pretrained,1,40,2010,1.1812059718116716,67.0,67.0,0.07235858985284097,0.0021010162366523547,20,34,0.007455622311681509,42.382728399999905,0.8072289156626506,0.8072289156626506
reg3,60,reg3_m60_s0,es+pretrained,1,45,2260,1.1812059718116716,67.0,67.0,0.07235858985284097,0.0021010162366523547,20,34,0.010198031552135944,48.70538250001846,0.8072289156626506,0.8072289156626506
reg3,60,reg3_m60_s0,es+pretrained,1,50,2510,1.1812059718116716,67.0,67.0,0.07235858985284097,0.0021010162366523547,20,34,0.009208841249346733,52.322288599971216,0.8072289156626506,0.8072289156626506
reg3,60,reg3_m60_s0,es+pretrained,1,55,2760,1.1812059718116716,67.0,67.0,0.07235858985284097,0.0021010162366523547,20,34,0.006229780614376068,58.6922942000092,0.8072289156626506,0.8072289156626506
reg3,60,reg3_m60_s0,es+pretrained,1,60,3010,1.1812059718116716,67.0,67.0,0.07235858985284097,0.0021010162366523547,20,34,0.006022155284881592,64.90971669997089,0.8072289156626506,0.8072289156626506
reg3,60,reg3_m60_s0,es+pretrained,1,65,3260,1.1812059718116716,67.0,67.0,0.07235858985284097,0.0021010162366523547,20,34,0.00596028845757246,68.46444050001446,0.8072289156626506,0.8072289156626506
reg3,60,reg3_m60_s0,es+pretrained,1,70,3510,1.1829594152313019,67.0,67.0,0.0768336111163713,0.000753332788951809,20,34,0.0054100980050861835,74.71155439998256,0.8072289156626506,0.8072289156626506
reg3,60,reg3_m60_s0,es+pretrained,1,75,3760,1.1830049124251756,67.0,67.0,0.06896502479417083,0.0016605211687080457,20,34,0.005143920425325632,80.98769330000505,0.8072289156626506,0.8072289156626506
reg3,60,reg3_m60_s0,es+pretrained,1,80,4010,1.1990301176002367,67.0,67.0,0.07325097324157001,0.004093599517970781,20,34,0.005896200891584158,84.54139999998733,0.8072289156626506,0.8072289156626506
reg3,60,reg3_m60_s0,es+pretrained,1,85,4260,1.2101410480280803,68.0,67.0,0.07038892299803531,0.0070063793068627644,20,34,0.005245150998234749,90.81574240000919,0.8192771084337349,0.8072289156626506
reg3,60,reg3_m60_s0,es+pretrained,1,90,4510,1.2125765004392977,68.0,67.9,0.07058510736453696,0.007202715711998597,20,35,0.005320345982909203,97.08854919997975,0.8192771084337349,0.8180722891566266
reg3,60,reg3_m60_s0,es+pretrained,1,95,4760,1.2135440828672672,68.0,68.0,0.07328350653242845,0.005699566267667308,20,34,0.005210021045058966,100.67253909999272,0.8192771084337349,0.8192771084337349
reg3,60,reg3_m60_s0,es+pretrained,1,100,5010,1.219964287123797,68.0,68.0,0.08026818423657975,0.0007123403143065726,20,34,0.0047174119390547276,106.9539091999759,0.8192771084337349,0.8192771084337349
reg3,60,reg3_m60_s0,es+pretrained,1,105,5260,1.2249260321774564,68.0,68.0,0.08715871697909613,0.005734849098166385,20,34,0.006456318777054548,113.29387639998458,0.8192771084337349,0.8192771084337349
reg3,60,reg3_m60_s0,es+pretrained,1,110,5510,1.2249260321774564,68.0,68.0,0.08715871697909613,0.005734849098166385,20,34,0.004824136383831501,116.8810841999948,0.8192771084337349,0.8192771084337349
reg3,60,reg3_m60_s0,es+pretrained,1,115,5760,1.2249260321774564,68.0,68.0,0.08715871697909613,0.005734849098166385,20,34,0.006194601766765118,123.26545519998763,0.8192771084337349,0.8192771084337349
reg3,60,reg3_m60_s0,es+pretrained,1,120,6010,1.2296693692981955,68.0,68.1,0.08591931009478693,0.005562999734477686,20,35,0.0065146805718541145,129.49101070000324,0.8192771084337349,0.8204819277108433
reg3,60,reg3_m60_s0,es+pretrained,1,125,6260,1.2296693692981955,68.0,68.1,0.08591931009478693,0.005562999734477686,20,35,0.00618085777387023,133.02274479996413,0.8192771084337349,0.8204819277108433
reg3,60,reg3_m60_s0,es+pretrained,1,130,6510,1.238313042407541,69.0,68.2,0.0917756721498437,0.002307999129616456,20,35,0.006867119576781988,139.19200679997448,0.8313253012048193,0.8216867469879519
reg3,60,reg3_m60_s0,es+pretrained,1,135,6760,1.238313042407541,69.0,68.2,0.0917756721498437,0.002307999129616456,20,35,0.005833371542394161,145.43459590000566,0.8313253012048193,0.8216867469879519
reg3,60,reg3_m60_s0,es+pretrained,1,140,7010,1.2458331032281336,69.0,68.7,0.08519403405366299,0.002783036575461483,20,35,0.005079166032373905,148.96733429998858,0.8313253012048193,0.827710843373494
reg3,60,reg3_m60_s0,es+pretrained,1,145,7260,1.2458331032281336,69.0,69.0,0.08519403405366299,0.002783036575461483,20,35,0.006563933566212654,155.20698999997694,0.8313253012048193,0.8313253012048193
reg3,60,reg3_m60_s0,es+pretrained,1,150,7510,1.246555793056494,69.0,69.0,0.09122375305582114,0.003887471577661658,20,35,0.006781572941690683,161.46702619997086,0.8313253012048193,0.8313253012048193
reg3,60,reg3_m60_s0,es+pretrained,1,155,7760,1.246555793056494,69.0,69.0,0.09122375305582114,0.003887471577661658,20,35,0.005488359834998846,165.08325779996812,0.8313253012048193,0.8313253012048193
reg3,60,reg3_m60_s0,es+pretrained,1,160,8010,1.246555793056494,69.0,69.0,0.09122375305582114,0.003887471577661658,20,35,0.007037676405161619,171.36503829999128,0.8313253012048193,0.8313253012048193
reg3,60,reg3_m60_s0,es+pretrained,1,165,8260,1.2474323660087365,69.0,69.0,0.08479777121221821,0.00253207035984283,20,36,0.0048977527767419815,177.59046759997727,0.8313253012048193,0.8313253012048193
reg3,60,reg3_m60_s0,es+pretrained,1,170,8510,1.2541059518728748,69.0,69.0,0.09748870160764879,0.0015770296064451794,20,35,0.007318361662328243,181.19723160000285,0.8313253012048193,0.8313253012048193
reg3,60,reg3_m60_s0,es+pretrained,1,175,8760,1.2541059518728748,69.0,69.0,0.09748870160764879,0.0015770296064451794,20,35,0.005493693053722382,187.45662389998324,0.8313253012048193,0.8313253012048193
reg3,60,reg3_m60_s0,es+pretrained,1,180,9010,1.2541059518728748,69.0,69.0,0.09748870160764879,0.0015770296064451794,20,35,0.005911921616643667,193.86406220000936,0.8313253012048193,0.8313253012048193
reg3,60,reg3_m60_s0,es+pretrained,1,185,9260,1.2541059518728748,69.0,69.0,0.09748870160764879,0.0015770296064451794,20,35,0.005876089446246624,197.41766999999527,0.8313253012048193,0.8313253012048193
reg3,60,reg3_m60_s0,es+pretrained,1,190,9510,1.269452701676486,70.0,69.1,0.08342223613820357,0.00038924487329305806,20,34,0.005412939470261335,203.6939797999803,0.8433734939759037,0.8325301204819276
reg3,60,reg3_m60_s0,es+pretrained,1,195,9760,1.269452701676486,70.0,69.1,0.08342223613820357,0.00038924487329305806,20,34,0.005671868100762367,210.00272529997164,0.8433734939759037,0.8325301204819276
reg3,60,reg3_m60_s0,es+pretrained,1,200,10010,1.2718303467478396,70.0,69.2,0.07929253339792122,0.0026310997259779006,20,36,0.005921401549130678,213.57905479997862,0.8433734939759037,0.8337349397590362
reg3,60,reg3_m60_s0,es+pretrained,1,205,10260,1.2718303467478396,70.0,69.1,0.07929253339792122,0.0026310997259779006,20,36,0.006310183554887772,219.90391439996893,0.8433734939759037,0.8325301204819276
reg3,60,reg3_m60_s0,es+pretrained,1,210,10510,1.2718303467478396,70.0,69.2,0.07929253339792122,0.0026310997259779006,20,36,0.005438167601823807,226.26450509997085,0.8433734939759037,0.8337349397590362
reg3,60,reg3_m60_s0,es+pretrained,1,215,10760,1.2718303467478396,70.0,69.8,0.0792925333979213,0.0026310997259779284,20,34,0.005405813455581665,229.84943719999865,0.8433734939759037,0.8409638554216867
reg3,60,reg3_m60_s0,es+pretrained,1,220,11010,1.2743661442572425,70.0,70.0,0.08614822000116715,0.004381118318073751,20,36,0.005644120275974274,236.06593599996995,0.8433734939759037,0.8433734939759037
reg3,60,reg3_m60_s0,es+pretrained,1,225,11260,1.2853430136627468,71.0,70.1,0.07963712808378207,0.0027878424526004506,20,36,0.005390803795307875,242.34604330000002,0.8554216867469879,0.844578313253012
reg3,60,reg3_m60_s0,es+pretrained,1,230,11510,1.2853430136627468,71.0,70.1,0.07963712808378207,0.0027878424526004506,20,36,0.006422397214919329,245.9154109999654,0.8554216867469879,0.844578313253012
reg3,60,reg3_m60_s0,es+pretrained,1,235,11760,1.2853430136627468,71.0,70.1,0.07963712808378207,0.0027878424526004506,20,36,0.004923924803733826,252.10492859996157,0.8554216867469879,0.844578313253012
reg3,60,reg3_m60_s0,es+pretrained,1,240,12010,1.2853430136627468,71.0,70.1,0.07963712808378207,0.0027878424526004506,20,36,0.00472937012091279,258.3922084000078,0.8554216867469879,0.844578313253012
reg3,60,reg3_m60_s0,es+pretrained,1,245,12260,1.2853430136627468,71.0,70.1,0.07963712808378207,0.0027878424526004506,20,36,0.005842889659106731,261.986713899998,0.8554216867469879,0.844578313253012
reg3,60,reg3_m60_s0,es+pretrained,1,250,12510,1.2853430136627468,71.0,70.1,0.07963712808378207,0.0027878424526004506,20,36,0.006168074905872345,268.26449909998337,0.8554216867469879,0.844578313253012
reg3,60,reg3_m60_s0,es+pretrained,1,255,12760,1.2857474377596172,71.0,70.2,0.07841242637947497,0.004867669171815423,20,36,0.004867293406277895,274.5606984999613,0.8554216867469879,0.8457831325301205
reg3,60,reg3_m60_s0,es+pretrained,1,260,13010,1.2857474377596172,71.0,70.3,0.07841242637947497,0.004867669171815423,20,36,0.00592130096629262,278.1073690999765,0.8554216867469879,0.8469879518072289
reg3,60,reg3_m60_s0,es+pretrained,1,265,13260,1.2857474377596172,71.0,70.3,0.07841242637947497,0.004867669171815423,20,36,0.006875547580420971,284.3758082999848,0.8554216867469879,0.8469879518072289
reg3,60,reg3_m60_s0,es+pretrained,1,270,13510,1.2857474377596172,71.0,70.3,0.07841242637947497,0.004867669171815423,20,36,0.006040537264198065,290.7445887000067,0.8554216867469879,0.8469879518072289
reg3,60,reg3_m60_s0,es+pretrained,1,275,13760,1.2857474377596172,71.0,70.3,0.07841242637947497,0.004867669171815423,20,36,0.0049037388525903225,294.3813303000061,0.8554216867469879,0.8469879518072289
reg3,60,reg3_m60_s0,es+pretrained,1,280,14010,1.2857474377596172,71.0,70.3,0.07841242637947497,0.004867669171815423,20,36,0.005223776679486036,300.6835560000036,0.8554216867469879,0.8469879518072289
reg3,60,reg3_m60_s0,es+pretrained,1,285,14260,1.2857474377596172,71.0,70.3,0.07841242637947497,0.004867669171815423,20,36,0.004322514403611422,306.8635576000088,0.8554216867469879,0.8469879518072289
reg3,60,reg3_m60_s0,es+pretrained,1,290,14510,1.2857474377596172,71.0,70.4,0.07841242637947497,0.004867669171815423,20,36,0.005174756981432438,310.3614154999959,0.8554216867469879,0.8481927710843374
reg3,60,reg3_m60_s0,es+pretrained,1,295,14760,1.2857474377596172,71.0,70.5,0.07841242637947497,0.004867669171815423,20,36,0.00493760546669364,316.6106036999845,0.8554216867469879,0.8493975903614458
reg3,60,reg3_m60_s0,es+pretrained,1,300,15010,1.2857474377596172,71.0,70.6,0.07841242637947497,0.004867669171815423,20,36,0.004050000570714474,322.93057839997346,0.8554216867469879,0.8506024096385542
reg3,60,reg3_m60_s0,es+pretrained,1,305,15260,1.2857474377596172,71.0,70.6,0.07841242637947497,0.004867669171815423,20,36,0.004443464335054159,326.51527530001476,0.8554216867469879,0.8506024096385542
reg3,60,reg3_m60_s0,es+pretrained,1,310,15510,1.2857474377596172,71.0,70.7,0.07841242637947497,0.004867669171815423,20,36,0.005429445765912533,332.82431130000623,0.8554216867469879,0.8518072289156627
reg3,60,reg3_m60_s0,es+pretrained,1,315,15760,1.2857474377596172,71.0,70.8,0.07841242637947497,0.004867669171815423,20,36,0.0061104390770196915,339.1388195999898,0.8554216867469879,0.8530120481927711
reg3,60,reg3_m60_s0,es+pretrained,1,320,16010,1.2988923546799354,71.0,70.9,0.08700842747470924,0.0011018488350001618,20,36,0.006155644543468952,343.2146405999665,0.8554216867469879,0.8542168674698796
reg3,60,reg3_m60_s0,es+pretrained,1,325,16260,1.2992375533275415,71.0,70.9,0.0831732843522126,0.002439828301637706,20,36,0.005842917133122683,349.41736839996884,0.8554216867469879,0.8542168674698796
reg3,60,reg3_m60_s0,es+pretrained,1,330,16510,1.2992375533275415,71.0,70.9,0.0831732843522126,0.002439828301637706,20,36,0.005882569123059511,355.6601726000081,0.8554216867469879,0.8542168674698796
reg3,60,reg3_m60_s0,es+pretrained,1,335,16760,1.2992375533275415,71.0,70.8,0.0831732843522126,0.002439828301637706,20,36,0.004314239136874676,359.30094899999676,0.8554216867469879,0.8530120481927711
reg3,60,reg3_m60_s0,es+pretrained,1,340,17010,1.2992375533275415,71.0,70.8,0.0831732843522126,0.002439828301637706,20,36,0.006859607994556427,365.5585427999613,0.8554216867469879,0.8530120481927711
reg3,60,reg3_m60_s0,es+pretrained,1,345,17260,1.2994268786191814,71.0,71.0,0.08254151491991624,0.0033560345461912076,20,36,0.005687488708645105,371.85567019996233,0.8554216867469879,0.8554216867469879
reg3,60,reg3_m60_s0,es+pretrained,1,350,17510,1.2994268786191814,71.0,71.0,0.08254151491991624,0.0033560345461912076,20,36,0.004093736410140991,375.4557921999949,0.8554216867469879,0.8554216867469879
reg3,60,reg3_m60_s0,es+pretrained,1,355,17760,1.2994268786191814,71.0,71.0,0.08254151491991624,0.0033560345461912076,20,36,0.004957239609211683,381.7486670999788,0.8554216867469879,0.8554216867469879
reg3,60,reg3_m60_s0,es+pretrained,1,360,18010,1.3004634803767063,71.0,71.0,0.07742579256989142,0.007594393681696607,20,36,0.005661337170749903,387.98709949996555,0.8554216867469879,0.8554216867469879
reg3,60,reg3_m60_s0,es+pretrained,1,365,18260,1.3019867384168202,71.0,71.0,0.08375580721498263,0.0037901014073112513,20,36,0.004513310734182596,391.5482822000049,0.8554216867469879,0.8554216867469879
reg3,60,reg3_m60_s0,es+pretrained,1,370,18510,1.3019867384168202,71.0,71.0,0.08375580721498263,0.0037901014073112513,20,36,0.0048894137144088745,397.88630030001514,0.8554216867469879,0.8554216867469879
reg3,60,reg3_m60_s0,es+pretrained,1,375,18760,1.3019867384168202,71.0,71.0,0.08375580721498263,0.0037901014073112513,20,36,0.0045128995552659035,404.09530280000763,0.8554216867469879,0.8554216867469879
reg3,60,reg3_m60_s0,es+pretrained,1,380,19010,1.3019867384168202,71.0,71.0,0.08375580721498263,0.0037901014073112513,20,36,0.005323463119566441,407.7872417999897,0.8554216867469879,0.8554216867469879
reg3,60,reg3_m60_s0,es+pretrained,1,385,19260,1.3019867384168202,71.0,71.0,0.08375580721498263,0.0037901014073112513,20,36,0.004265863448381424,414.0165424000006,0.8554216867469879,0.8554216867469879
reg3,60,reg3_m60_s0,es+pretrained,1,390,19510,1.302359421051931,71.0,71.0,0.08615884786783941,0.0010528425086073004,20,35,0.00495337788015604,420.24209369998425,0.8554216867469879,0.8554216867469879
reg3,60,reg3_m60_s0,es+pretrained,1,395,19760,1.302359421051931,71.0,71.0,0.08615884786783941,0.0010528425086073004,20,35,0.0055491141974925995,423.7473436999717,0.8554216867469879,0.8554216867469879
reg3,60,reg3_m60_s0,es+pretrained,1,400,20010,1.302359421051931,71.0,71.0,0.08615884786783941,0.0010528425086073004,20,35,0.004553278908133507,430.0685006999993,0.8554216867469879,0.8554216867469879
reg3,60,reg3_m60_s0,es+pretrained,2,0,10,0.7762294883134409,47.0,44.2,0.0676406189577323,0.0023716933296687587,20,33,,0.035584400000516325,0.5662650602409639,0.5325301204819277
reg3,60,reg3_m60_s0,es+pretrained,2,5,260,1.1011410449625003,62.0,58.2,0.06532918136896668,1.5893431721892073e-06,20,39,0.008787527680397034,3.6295075999805704,0.7469879518072289,0.7012048192771084
reg3,60,reg3_m60_s0,es+pretrained,2,10,510,1.155085460537354,65.0,62.2,0.06895292735327825,0.0010004801293225988,20,39,0.01110114622861147,9.895896299974993,0.7831325301204819,0.7493975903614458
reg3,60,reg3_m60_s0,es+pretrained,2,15,760,1.212632050015032,67.0,65.0,0.10095106847807064,0.004684488410007334,20,37,0.011003240011632442,16.172350300010294,0.8072289156626506,0.7831325301204819
reg3,60,reg3_m60_s0,es+pretrained,2,20,1010,1.2154669383218815,67.0,67.0,0.09793977129012527,0.0017405939802242407,20,38,0.009255517274141312,19.79066579998471,0.8072289156626506,0.8072289156626506
reg3,60,reg3_m60_s0,es+pretrained,2,25,1260,1.2213997760126414,67.0,67.0,0.11048550884543101,0.001651496510225052,20,37,0.009289140813052654,25.90596549998736,0.8072289156626506,0.8072289156626506
reg3,60,reg3_m60_s0,es+pretrained,2,30,1510,1.233044951155325,67.0,67.0,0.1064016208518796,0.0010023811391778048,20,36,0.00904649868607521,32.00735460000578,0.8072289156626506,0.8072289156626506
reg3,60,reg3_m60_s0,es+pretrained,2,35,1760,1.234949102072541,67.0,67.0,0.10636953133887977,0.00036016033942065304,20,36,0.009008878841996193,35.5644301000284,0.8072289156626506,0.8072289156626506
reg3,60,reg3_m60_s0,es+pretrained,2,40,2010,1.2774680497863629,70.0,67.6,0.09784714154421906,0.0010409070981067725,20,38,0.00739323440939188,41.75405019999016,0.8433734939759037,0.8144578313253011
reg3,60,reg3_m60_s0,es+pretrained,2,45,2260,1.2808304489496225,70.0,70.0,0.09716154140247096,0.005657750443813101,20,38,0.006933408789336681,47.82638159999624,0.8433734939759037,0.8433734939759037
reg3,60,reg3_m60_s0,es+pretrained,2,50,2510,1.2839381125643015,70.0,70.0,0.10789770352221574,0.0024471417056179876,20,38,0.007978728041052818,51.30133200000273,0.8433734939759037,0.8433734939759037
reg3,60,reg3_m60_s0,es+pretrained,2,55,2760,1.2858593397447187,70.0,70.0,0.10207395748138104,0.0055283020612819115,20,39,0.010125087574124336,57.38025849999394,0.8433734939759037,0.8433734939759037
reg3,60,reg3_m60_s0,es+pretrained,2,60,3010,1.2858593397447187,70.0,70.0,0.10207395748138104,0.0055283020612819115,20,39,0.00798018928617239,63.5466273999773,0.8433734939759037,0.8433734939759037
reg3,60,reg3_m60_s0,es+pretrained,2,65,3260,1.2858593397447189,70.0,70.0,0.10207395748138108,0.005528302061281926,20,39,0.008250758051872253,67.10407399997348,0.8433734939759037,0.8433734939759037
reg3,60,reg3_m60_s0,es+pretrained,2,70,3510,1.2858593397447189,70.0,70.0,0.10207395748138108,0.005528302061281926,20,39,0.007853980176150799,73.21335729997372,0.8433734939759037,0.8433734939759037
reg3,60,reg3_m60_s0,es+pretrained,2,75,3760,1.296507465759737,70.0,70.0,0.1071788658533902,0.0052059374524670654,20,39,0.007888535968959332,79.2377205999801,0.8433734939759037,0.8433734939759037
reg3,60,reg3_m60_s0,es+pretrained,2,80,4010,1.2993708689559256,70.0,70.0,0.1165614460027192,0.00652665547040697,20,39,0.007426152471452951,82.93062870000722,0.8433734939759037,0.8433734939759037
reg3,60,reg3_m60_s0,es+pretrained,2,85,4260,1.303262087682083,70.0,70.0,0.12476013385863896,0.0002876194949443696,20,39,0.009097343310713768,89.00697109999601,0.8433734939759037,0.8433734939759037
reg3,60,reg3_m60_s0,es+pretrained,2,90,4510,1.303262087682083,70.0,70.0,0.12476013385863896,0.0002876194949443696,20,39,0.007702319882810116,95.15577269997448,0.8433734939759037,0.8433734939759037
reg3,60,reg3_m60_s0,es+pretrained,2,95,4760,1.305791502769408,71.0,70.3,0.10365132419881784,0.0036844567583921607,20,38,0.005514872260391712,98.6415065000183,0.8554216867469879,0.8469879518072289
reg3,60,reg3_m60_s0,es+pretrained,2,100,5010,1.305791502769408,71.0,70.9,0.10365132419881784,0.0036844567583921607,20,38,0.007253960240632296,104.81138730002567,0.8554216867469879,0.8542168674698796
reg3,60,reg3_m60_s0,es+pretrained,2,105,5260,1.305791502769408,71.0,71.1,0.10365132419881781,0.0036844567583921503,20,38,0.005949532613158226,110.93818240001565,0.8554216867469879,0.8566265060240963
reg3,60,reg3_m60_s0,es+pretrained,2,110,5510,1.305791502769408,71.0,71.5,0.10365132419881776,0.003684456758392192,20,38,0.006543117109686136,114.4645676999935,0.8554216867469879,0.8614457831325302
reg3,60,reg3_m60_s0,es+pretrained,2,115,5760,1.3170872874384043,72.0,71.1,0.10436307789405672,0.0030082355643954277,20,38,0.007786439266055822,120.59867650002707,0.8674698795180723,0.8566265060240963
reg3,60,reg3_m60_s0,es+pretrained,2,120,6010,1.3170872874384043,72.0,71.5,0.10436307789405685,0.0030082355643953514,20,38,0.007037783972918987,126.68792310002027,0.8674698795180723,0.8614457831325302
reg3,60,reg3_m60_s0,es+pretrained,2,125,6260,1.3170872874384043,72.0,71.8,0.10436307789405685,0.0030082355643953514,20,38,0.006715357769280672,130.2088372000144,0.8674698795180723,0.8650602409638554
reg3,60,reg3_m60_s0,es+pretrained,2,130,6510,1.3170872874384043,72.0,72.0,0.10436307789405685,0.003008235564395398,20,38,0.004741360899060965,136.33450190001167,0.8674698795180723,0.8674698795180723
reg3,60,reg3_m60_s0,es+pretrained,2,135,6760,1.3170872874384043,72.0,72.0,0.10436307789405683,0.0030082355643954763,20,38,0.005630072671920061,142.51219099998707,0.8674698795180723,0.8674698795180723
reg3,60,reg3_m60_s0,es+pretrained,2,140,7010,1.3170872874384043,72.0,72.0,0.10436307789405683,0.003008235564395289,20,38,0.007966984063386917,146.03685899998527,0.8674698795180723,0.8674698795180723
reg3,60,reg3_m60_s0,es+pretrained,2,145,7260,1.3170872874384043,72.0,72.0,0.10436307789405683,0.003008235564395322,20,38,0.0059759789146482944,152.15592420002213,0.8674698795180723,0.8674698795180723
reg3,60,reg3_m60_s0,es+pretrained,2,150,7510,1.3170872874384043,72.0,72.0,0.10436307789405683,0.0030082355643954763,20,38,0.007130205165594816,158.32631939998828,0.8674698795180723,0.8674698795180723
reg3,60,reg3_m60_s0,es+pretrained,2,155,7760,1.3170872874384043,72.0,72.0,0.10436307789405683,0.003008235564395426,20,38,0.006771179847419262,161.93072910001501,0.8674698795180723,0.8674698795180723
reg3,60,reg3_m60_s0,es+pretrained,2,160,8010,1.3170872874384043,72.0,72.0,0.10436307789405683,0.0030082355643954763,20,38,0.005389420315623283,168.03945069998736,0.8674698795180723,0.8674698795180723
reg3,60,reg3_m60_s0,es+pretrained,2,165,8260,1.3170872874384043,72.0,72.0,0.10436307789405688,0.003008235564395419,20,36,0.005891445558518171,174.0649751999881,0.8674698795180723,0.8674698795180723
reg3,60,reg3_m60_s0,es+pretrained,2,170,8510,1.3170872874384043,72.0,72.0,0.10436307789405685,0.0030082355643953253,20,38,0.0061953188851475716,177.58130620000884,0.8674698795180723,0.8674698795180723
reg3,60,reg3_m60_s0,es+pretrained,2,175,8760,1.3170872874384043,72.0,72.0,0.10436307789405688,0.003008235564395414,20,37,0.005833249539136887,183.67051710002124,0.8674698795180723,0.8674698795180723
reg3,60,reg3_m60_s0,es+pretrained,2,180,9010,1.3170872874384043,72.0,72.0,0.10436307789405677,0.0030082355643954242,20,38,0.005702591966837645,189.7081385999918,0.8674698795180723,0.8674698795180723
reg3,60,reg3_m60_s0,es+pretrained,2,185,9260,1.3170872874384043,72.0,72.0,0.10436307789405683,0.003008235564395393,20,36,0.0051798634231090546,193.36764599999879,0.8674698795180723,0.8674698795180723
reg3,60,reg3_m60_s0,es+pretrained,2,190,9510,1.3170872874384043,72.0,72.0,0.10436307789405685,0.0030082355643953253,20,38,0.006314155180007219,199.65707780001685,0.8674698795180723,0.8674698795180723
reg3,60,reg3_m60_s0,es+pretrained,2,195,9760,1.3170872874384043,72.0,72.0,0.10436307789405685,0.003008235564395289,20,36,0.004963450599461794,205.8291769999778,0.8674698795180723,0.8674698795180723
reg3,60,reg3_m60_s0,es+pretrained,2,200,10010,1.3170872874384043,72.0,72.0,0.1043630778940568,0.0030082355643954173,20,37,0.004721845034509897,209.35189839999657,0.8674698795180723,0.8674698795180723
reg3,60,reg3_m60_s0,es+pretrained,2,205,10260,1.3170872874384043,72.0,72.0,0.10436307789405674,0.003008235564395568,20,37,0.004427654203027487,215.4765017000027,0.8674698795180723,0.8674698795180723
reg3,60,reg3_m60_s0,es+pretrained,2,210,10510,1.3170872874384043,72.0,72.0,0.10436307789405688,0.003008235564395419,20,36,0.004942192696034908,221.73173400002997,0.8674698795180723,0.8674698795180723
reg3,60,reg3_m60_s0,es+pretrained,2,215,10760,1.3170872874384043,72.0,72.0,0.10436307789405691,0.0030082355643953913,20,37,0.005057868547737598,225.31417440000223,0.8674698795180723,0.8674698795180723
reg3,60,reg3_m60_s0,es+pretrained,2,220,11010,1.3170872874384043,72.0,72.0,0.10436307789405685,0.003008235564395459,20,37,0.004352536052465439,231.48673030000646,0.8674698795180723,0.8674698795180723
reg3,60,reg3_m60_s0,es+pretrained,2,225,11260,1.3170872874384043,72.0,72.0,0.10436307789405695,0.0030082355643954242,20,38,0.004701221361756325,237.61509769997792,0.8674698795180723,0.8674698795180723
reg3,60,reg3_m60_s0,es+pretrained,2,230,11510,1.3170872874384043,72.0,72.0,0.1043630778940568,0.0030082355643954277,20,37,0.0040685757994651794,241.10903490002966,0.8674698795180723,0.8674698795180723
reg3,60,reg3_m60_s0,es+pretrained,2,235,11760,1.3170872874384043,72.0,72.0,0.10436307789405683,0.003008235564395322,20,38,0.00357088353484869,247.20497020002222,0.8674698795180723,0.8674698795180723
reg3,60,reg3_m60_s0,es+pretrained,2,240,12010,1.3170872874384045,72.0,72.0,0.104363077894057,0.0030082355643955526,20,37,0.0035814542789012194,253.5150055999984,0.8674698795180723,0.8674698795180723
reg3,60,reg3_m60_s0,es+pretrained,2,245,12260,1.3170872874384045,72.0,72.0,0.104363077894057,0.0030082355643955526,20,37,0.0045319232158362865,257.107700499997,0.8674698795180723,0.8674698795180723
reg3,60,reg3_m60_s0,es+pretrained,2,250,12510,1.3170872874384045,72.0,72.0,0.104363077894057,0.0030082355643955526,20,37,0.004387481138110161,263.2375098000048,0.8674698795180723,0.8674698795180723
reg3,60,reg3_m60_s0,es+pretrained,2,255,12760,1.3170872874384045,72.0,72.0,0.104363077894057,0.0030082355643955526,20,37,0.0035496032796800137,269.37210320000304,0.8674698795180723,0.8674698795180723
reg3,60,reg3_m60_s0,es+pretrained,2,260,13010,1.3170872874384045,72.0,72.0,0.104363077894057,0.0030082355643955526,20,37,0.00449447613209486,272.8777862000279,0.8674698795180723,0.8674698795180723
reg3,60,reg3_m60_s0,es+pretrained,2,265,13260,1.3170872874384045,72.0,72.0,0.104363077894057,0.0030082355643955526,20,37,0.004119078163057566,279.0823839000077,0.8674698795180723,0.8674698795180723
reg3,60,reg3_m60_s0,es+pretrained,2,270,13510,1.3170872874384045,72.0,72.0,0.104363077894057,0.0030082355643955526,20,37,0.003493702970445156,285.24363500002073,0.8674698795180723,0.8674698795180723
reg3,60,reg3_m60_s0,es+pretrained,2,275,13760,1.3170872874384045,72.0,72.0,0.10436307789405692,0.0030082355643954277,20,38,0.0043045575730502605,288.7497213999741,0.8674698795180723,0.8674698795180723
reg3,60,reg3_m60_s0,es+pretrained,2,280,14010,1.3170872874384045,72.0,72.0,0.104363077894057,0.0030082355643955526,20,37,0.004448798485100269,294.7845563000301,0.8674698795180723,0.8674698795180723
reg3,60,reg3_m60_s0,es+pretrained,2,285,14260,1.3170872874384045,72.0,72.0,0.10436307789405692,0.0030082355643954277,20,38,0.004112462513148785,300.8699334000121,0.8674698795180723,0.8674698795180723
reg3,60,reg3_m60_s0,es+pretrained,2,290,14510,1.3170872874384045,72.0,72.0,0.104363077894057,0.0030082355643955526,20,37,0.004648563452064991,304.3746705999947,0.8674698795180723,0.8674698795180723
reg3,60,reg3_m60_s0,es+pretrained,2,295,14760,1.3170872874384045,72.0,72.0,0.10436307789405692,0.0030082355643954277,20,38,0.002327113877981901,310.5101214000024,0.8674698795180723,0.8674698795180723
reg3,60,reg3_m60_s0,es+pretrained,2,300,15010,1.3170872874384045,72.0,72.0,0.104363077894057,0.0030082355643955526,20,37,0.003474276280030608,316.5807313999976,0.8674698795180723,0.8674698795180723
reg3,60,reg3_m60_s0,es+pretrained,2,305,15260,1.3170872874384045,72.0,72.0,0.10436307789405692,0.0030082355643954277,20,38,0.003821926424279809,320.0954563000123,0.8674698795180723,0.8674698795180723
reg3,60,reg3_m60_s0,es+pretrained,2,310,15510,1.3170872874384045,72.0,72.0,0.104363077894057,0.0030082355643955526,20,37,0.003966882824897766,326.2484446000308,0.8674698795180723,0.8674698795180723
reg3,60,reg3_m60_s0,es+pretrained,2,315,15760,1.3170872874384045,72.0,72.0,0.104363077894057,0.0030082355643955526,20,37,0.0033436270896345377,332.3550756999757,0.8674698795180723,0.8674698795180723
reg3,60,reg3_m60_s0,es+pretrained,2,320,16010,1.3170872874384045,72.0,72.0,0.10436307789405692,0.0030082355643954277,20,38,0.0036576706916093826,335.8250580999884,0.8674698795180723,0.8674698795180723
reg3,60,reg3_m60_s0,es+pretrained,2,325,16260,1.3170872874384045,72.0,72.0,0.10436307789405692,0.0030082355643954277,20,38,0.0025618579238653183,341.6246235999861,0.8674698795180723,0.8674698795180723
reg3,60,reg3_m60_s0,es+pretrained,2,330,16510,1.3170872874384045,72.0,72.0,0.104363077894057,0.0030082355643955526,20,37,0.003852325025945902,347.38142769999104,0.8674698795180723,0.8674698795180723
reg3,60,reg3_m60_s0,es+pretrained,2,335,16760,1.3170872874384045,72.0,72.0,0.10436307789405692,0.0030082355643954277,20,38,0.003399771638214588,350.6609462000197,0.8674698795180723,0.8674698795180723
reg3,60,reg3_m60_s0,es+pretrained,2,340,17010,1.3170872874384045,72.0,72.0,0.10436307789405692,0.0030082355643954277,20,38,0.00324154831469059,356.40627570002107,0.8674698795180723,0.8674698795180723
reg3,60,reg3_m60_s0,es+pretrained,2,345,17260,1.3170872874384045,72.0,72.0,0.104363077894057,0.0030082355643955526,20,37,0.004036290571093559,362.4528943999903,0.8674698795180723,0.8674698795180723
reg3,60,reg3_m60_s0,es+pretrained,2,350,17510,1.3170872874384045,72.0,72.0,0.10436307789405692,0.0030082355643954277,20,38,0.0028511479031294584,365.89438940002583,0.8674698795180723,0.8674698795180723
reg3,60,reg3_m60_s0,es+pretrained,2,355,17760,1.3170872874384045,72.0,72.0,0.10436307789405692,0.0030082355643954277,20,38,0.003431495511904359,371.57371440000134,0.8674698795180723,0.8674698795180723
reg3,60,reg3_m60_s0,es+pretrained,2,360,18010,1.3170872874384045,72.0,72.0,0.104363077894057,0.0030082355643955526,20,37,0.004136699251830578,377.3047609999776,0.8674698795180723,0.8674698795180723
reg3,60,reg3_m60_s0,es+pretrained,2,365,18260,1.3170872874384045,72.0,72.0,0.10436307789405692,0.0030082355643954277,20,38,0.002830598270520568,380.59212970000226,0.8674698795180723,0.8674698795180723
reg3,60,reg3_m60_s0,es+pretrained,2,370,18510,1.3170872874384045,72.0,72.0,0.10436307789405692,0.0030082355643954277,20,38,0.003154235426336527,386.2931746999966,0.8674698795180723,0.8674698795180723
reg3,60,reg3_m60_s0,es+pretrained,2,375,18760,1.3170872874384045,72.0,72.0,0.104363077894057,0.0030082355643955526,20,37,0.0025560674257576466,391.98256089998176,0.8674698795180723,0.8674698795180723
reg3,60,reg3_m60_s0,es+pretrained,2,380,19010,1.3170872874384045,72.0,72.0,0.104363077894057,0.0030082355643955526,20,37,0.0029923664405941963,395.26492759998655,0.8674698795180723,0.8674698795180723
reg3,60,reg3_m60_s0,es+pretrained,2,385,19260,1.3170872874384045,72.0,72.0,0.10436307789405692,0.0030082355643954277,20,38,0.0027194663416594267,400.98043940000935,0.8674698795180723,0.8674698795180723
reg3,60,reg3_m60_s0,es+pretrained,2,390,19510,1.3170872874384045,72.0,72.0,0.104363077894057,0.0030082355643955526,20,37,0.0032551430631428957,406.7619193000137,0.8674698795180723,0.8674698795180723
reg3,60,reg3_m60_s0,es+pretrained,2,395,19760,1.3170872874384045,72.0,72.0,0.104363077894057,0.0030082355643955526,20,37,0.003102386835962534,410.2906252000248,0.8674698795180723,0.8674698795180723
reg3,60,reg3_m60_s0,es+pretrained,2,400,20010,1.3170872874384045,72.0,72.0,0.10436307789405692,0.0030082355643954277,20,38,0.003166932612657547,416.3642399000237,0.8674698795180723,0.8674698795180723
reg3,60,reg3_m60_s0,es+transfer,0,0,10,0.8309630285234236,49.0,45.8,0.03422181726598081,1.0842021724855044e-18,20,32,,0.035550499975215644,0.5903614457831325,0.5518072289156626
reg3,60,reg3_m60_s0,es+transfer,0,5,260,1.0007011003316737,58.0,56.0,0.041377629027148255,0.001935110508632992,20,41,0.01248218771070242,3.512834799999837,0.6987951807228916,0.6746987951807228
reg3,60,reg3_m60_s0,es+transfer,0,10,510,1.0639765067267348,62.0,60.6,0.05182013735639491,0.0009310617048998854,20,40,0.008640201762318611,9.73503039998468,0.7469879518072289,0.7301204819277108
reg3,60,reg3_m60_s0,es+transfer,0,15,760,1.1780370896110595,67.0,65.9,0.07878704370372298,0.008275120364777785,20,44,0.011024490930140018,15.939387499995064,0.8072289156626506,0.7939759036144579
reg3,60,reg3_m60_s0,es+transfer,0,20,1010,1.2221631938011264,69.0,67.4,0.07931216233915656,0.0005023485606940031,20,44,0.012859153561294079,19.511321599944495,0.8313253012048193,0.8120481927710844
reg3,60,reg3_m60_s0,es+transfer,0,25,1260,1.2307552193422509,69.0,68.7,0.0945858167158379,0.0006808012836164706,20,42,0.012613359838724136,25.782019399979617,0.8313253012048193,0.827710843373494
reg3,60,reg3_m60_s0,es+transfer,0,30,1510,1.251648435523425,69.0,69.0,0.09878296258788812,0.003620609906847424,20,42,0.014169445261359215,32.02099869999802,0.8313253012048193,0.8313253012048193
reg3,60,reg3_m60_s0,es+transfer,0,35,1760,1.2810191956613748,70.0,69.4,0.07507084608148168,0.00351659949858886,20,40,0.010447503067553043,35.687275299977046,0.8433734939759037,0.8361445783132531
reg3,60,reg3_m60_s0,es+transfer,0,40,2010,1.2918012593295407,70.0,70.2,0.07961710967300582,0.004331332402792761,20,40,0.016656680032610893,41.8388126999489,0.8433734939759037,0.8457831325301205
reg3,60,reg3_m60_s0,es+transfer,0,45,2260,1.321813123379983,72.0,71.0,0.09760606242973585,0.0017367985519497545,20,42,0.008737658150494099,48.02919019997353,0.8674698795180723,0.8554216867469879
reg3,60,reg3_m60_s0,es+transfer,0,50,2510,1.3679268825997364,74.0,72.0,0.0894029121977879,0.002269925665791808,20,43,0.01261661946773529,51.55597139999736,0.891566265060241,0.8674698795180723
reg3,60,reg3_m60_s0,es+transfer,0,55,2760,1.3679268825997364,74.0,72.5,0.0894029121977879,0.0022699256657918183,20,43,0.014515332877635956,57.76051129994448,0.891566265060241,0.8734939759036144
reg3,60,reg3_m60_s0,es+transfer,0,60,3010,1.3834353951430702,75.0,74.2,0.08086280341768654,0.002442766117273877,20,43,0.010288361459970474,63.97094059997471,0.9036144578313253,0.8939759036144579
reg3,60,reg3_m60_s0,es+transfer,0,65,3260,1.4010123457387809,76.0,74.6,0.07281791707517869,0.0004925781844929977,20,43,0.010730032809078693,67.6142775999615,0.9156626506024096,0.8987951807228916
reg3,60,reg3_m60_s0,es+transfer,0,70,3510,1.4055161252971,76.0,75.5,0.0767753699969557,0.0004925781844930775,20,42,0.013279423117637634,73.85836159996688,0.9156626506024096,0.9096385542168675
reg3,60,reg3_m60_s0,es+transfer,0,75,3760,1.4055161252971,76.0,76.0,0.0767753699969557,0.0004925781844930775,20,42,0.01326482743024826,80.03240299999015,0.9156626506024096,0.9156626506024096
reg3,60,reg3_m60_s0,es+transfer,0,80,4010,1.4055161252971,76.0,76.0,0.0767753699969557,0.0004925781844930775,20,42,0.009141129441559315,83.65152619994478,0.9156626506024096,0.9156626506024096
reg3,60,reg3_m60_s0,es+transfer,0,85,4260,1.4088733182511803,76.0,76.0,0.07851344374782472,0.002422394873709783,20,43,0.009925946593284607,89.89107639994472,0.9156626506024096,0.9156626506024096
reg3,60,reg3_m60_s0,es+transfer,0,90,4510,1.4088733182511803,76.0,76.0,0.07851344374782472,0.002422394873709783,20,43,0.008089438080787659,96.05457109998679,0.9156626506024096,0.9156626506024096
reg3,60,reg3_m60_s0,es+transfer,0,95,4760,1.4088733182511803,76.0,76.0,0.07851344374782472,0.002422394873709783,20,43,0.010349346324801445,99.705286899989,0.9156626506024096,0.9156626506024096
reg3,60,reg3_m60_s0,es+transfer,0,100,5010,1.4088733182511803,76.0,76.0,0.07851344374782472,0.002422394873709783,20,43,0.00951138325035572,106.04408569994848,0.9156626506024096,0.9156626506024096
reg3,60,reg3_m60_s0,es+transfer,0,105,5260,1.4088733182511803,76.0,76.0,0.07851344374782472,0.002422394873709783,20,43,0.008992445655167103,112.3092552999733,0.9156626506024096,0.9156626506024096
reg3,60,reg3_m60_s0,es+transfer,0,110,5510,1.4088733182511803,76.0,76.0,0.0785134437478246,0.002422394873709814,20,43,0.007840482518076897,115.8693819999462,0.9156626506024096,0.9156626506024096
reg3,60,reg3_m60_s0,es+transfer,0,115,5760,1.4088733182511803,76.0,76.0,0.07851344374782472,0.002422394873709783,20,43,0.007886120118200779,122.09202799998457,0.9156626506024096,0.9156626506024096
reg3,60,reg3_m60_s0,es+transfer,0,120,6010,1.4088733182511803,76.0,76.0,0.0785134437478246,0.002422394873709814,20,43,0.00816681981086731,128.37109459994826,0.9156626506024096,0.9156626506024096
reg3,60,reg3_m60_s0,es+transfer,0,125,6260,1.4088733182511803,76.0,76.0,0.07851344374782472,0.002422394873709783,20,43,0.006704538129270077,131.95985039998777,0.9156626506024096,0.9156626506024096
reg3,60,reg3_m60_s0,es+transfer,0,130,6510,1.4088733182511803,76.0,76.0,0.07851344374782462,0.0024223948737098176,20,42,0.00847507081925869,138.1981832999736,0.9156626506024096,0.9156626506024096
reg3,60,reg3_m60_s0,es+transfer,0,135,6760,1.4134822673554726,76.0,76.0,0.07496347518550518,0.007714172131171863,20,43,0.00807113666087389,144.483212799998,0.9156626506024096,0.9156626506024096
reg3,60,reg3_m60_s0,es+transfer,0,140,7010,1.4134822673554726,76.0,76.0,0.07496347518550518,0.007714172131171863,20,43,0.006860565394163132,148.10543449997203,0.9156626506024096,0.9156626506024096
reg3,60,reg3_m60_s0,es+transfer,0,145,7260,1.4134822673554726,76.0,76.0,0.07496347518550518,0.007714172131171863,20,43,0.006776024121791124,154.37934049998876,0.9156626506024096,0.9156626506024096
reg3,60,reg3_m60_s0,es+transfer,0,150,7510,1.4187936977451547,77.0,76.1,0.07671054719297506,0.0003726623175617349,20,42,0.006730230059474707,160.54006909998134,0.927710843373494,0.916867469879518
reg3,60,reg3_m60_s0,es+transfer,0,155,7760,1.4187936977451547,77.0,76.2,0.07671054719297496,0.0003726623175618147,20,42,0.006879424676299095,164.0598601999809,0.927710843373494,0.9180722891566265
reg3,60,reg3_m60_s0,es+transfer,0,160,8010,1.4187936977451547,77.0,76.3,0.07671054719297496,0.0003726623175618147,20,42,0.007365331053733826,170.2907376999501,0.927710843373494,0.9192771084337349
reg3,60,reg3_m60_s0,es+transfer,0,165,8260,1.4187936977451547,77.0,76.3,0.07671054719297496,0.0003726623175618147,20,42,0.00851856917142868,176.40122539998265,0.927710843373494,0.9192771084337349
reg3,60,reg3_m60_s0,es+transfer,0,170,8510,1.4187936977451547,77.0,76.3,0.07671054719297496,0.0003726623175618147,20,42,0.0066492799669504166,179.96524029999273,0.927710843373494,0.9192771084337349
reg3,60,reg3_m60_s0,es+transfer,0,175,8760,1.419174914930609,76.0,76.3,0.09824073673595052,0.007271173308248384,20,43,0.006507673300802708,186.22611679998226,0.9156626506024096,0.9192771084337349
reg3,60,reg3_m60_s0,es+transfer,0,180,9010,1.426002585148102,77.0,76.6,0.08483999382475771,0.0020514107294331493,20,42,0.005578778218477964,192.47284939995734,0.927710843373494,0.9228915662650602
reg3,60,reg3_m60_s0,es+transfer,0,185,9260,1.426002585148102,77.0,76.8,0.08483999382475771,0.0020514107294331493,20,42,0.006411766167730093,195.999689499964,0.927710843373494,0.925301204819277
reg3,60,reg3_m60_s0,es+transfer,0,190,9510,1.426002585148102,77.0,76.7,0.08483999382475771,0.0020514107294331493,20,42,0.005504540633410215,202.24813269998413,0.927710843373494,0.9240963855421687
reg3,60,reg3_m60_s0,es+transfer,0,195,9760,1.426002585148102,77.0,76.4,0.08483999382475771,0.0020514107294331493,20,42,0.007589495740830898,208.49561389995506,0.927710843373494,0.9204819277108435
reg3,60,reg3_m60_s0,es+transfer,0,200,10010,1.426002585148102,77.0,76.3,0.08483999382475782,0.0020514107294330453,20,42,0.004815293941646814,212.04045769997174,0.927710843373494,0.9192771084337349
reg3,60,reg3_m60_s0,es+transfer,0,205,10260,1.426002585148102,77.0,76.5,0.08483999382475771,0.0020514107294331493,20,42,0.006770696025341749,218.23641539999517,0.927710843373494,0.9216867469879518
reg3,60,reg3_m60_s0,es+transfer,0,210,10510,1.426002585148102,77.0,76.6,0.08483999382475782,0.0020514107294331597,20,43,0.006951881572604179,224.4305958999903,0.927710843373494,0.9228915662650602
reg3,60,reg3_m60_s0,es+transfer,0,215,10760,1.426002585148102,77.0,76.8,0.08483999382475776,0.0020514107294331493,20,43,0.005628897342830896,227.9425474999589,0.927710843373494,0.925301204819277
reg3,60,reg3_m60_s0,es+transfer,0,220,11010,1.4266801844497723,77.0,77.0,0.09144147394045984,0.00014960959034165944,20,42,0.004857127089053392,234.20101579994662,0.927710843373494,0.927710843373494
reg3,60,reg3_m60_s0,es+transfer,0,225,11260,1.4266801844497723,77.0,77.0,0.09144147394045984,0.00014960959034165944,20,42,0.005677365232259035,240.26455519994488,0.927710843373494,0.927710843373494
reg3,60,reg3_m60_s0,es+transfer,0,230,11510,1.4266801844497723,77.0,77.0,0.09144147394045984,0.00014960959034165944,20,42,0.0065147955901920795,243.77022859995486,0.927710843373494,0.927710843373494
reg3,60,reg3_m60_s0,es+transfer,0,235,11760,1.4266801844497725,77.0,77.0,0.09144147394045998,0.00014960959034157617,20,43,0.004627286456525326,250.0532913999632,0.927710843373494,0.927710843373494
reg3,60,reg3_m60_s0,es+transfer,0,240,12010,1.4266801844497725,77.0,77.0,0.09144147394045998,0.00014960959034157617,20,43,0.005130387376993895,256.3182651999523,0.927710843373494,0.927710843373494
reg3,60,reg3_m60_s0,es+transfer,0,245,12260,1.4266801844497725,77.0,77.0,0.09144147394045998,0.00014960959034157617,20,43,0.004981732927262783,259.7997274999507,0.927710843373494,0.927710843373494
reg3,60,reg3_m60_s0,es+transfer,0,250,12510,1.4266801844497725,77.0,77.0,0.09144147394045998,0.00014960959034157617,20,43,0.005069454200565815,265.97246649995213,0.927710843373494,0.927710843373494
reg3,60,reg3_m60_s0,es+transfer,0,255,12760,1.4266801844497725,77.0,77.0,0.09144147394045998,0.00014960959034157617,20,43,0.007064553443342447,272.1814377999981,0.927710843373494,0.927710843373494
reg3,60,reg3_m60_s0,es+transfer,0,260,13010,1.4274631515708842,77.0,77.0,0.09144147394045996,0.002051410729433177,20,43,0.006754098925739527,275.77767969999695,0.927710843373494,0.927710843373494
reg3,60,reg3_m60_s0,es+transfer,0,265,13260,1.4274631515708842,77.0,77.0,0.09144147394045983,0.00205141072943317,20,43,0.005814356729388237,281.9877159000025,0.927710843373494,0.927710843373494
reg3,60,reg3_m60_s0,es+transfer,0,270,13510,1.4274631515708842,77.0,77.0,0.09144147394045996,0.002051410729433177,20,43,0.0056768679060041904,288.2428914999473,0.927710843373494,0.927710843373494
reg3,60,reg3_m60_s0,es+transfer,0,275,13760,1.4274631515708842,77.0,77.0,0.09144147394045996,0.0020514107294331736,20,43,0.005200365092605352,291.80011149996426,0.927710843373494,0.927710843373494
reg3,60,reg3_m60_s0,es+transfer,0,280,14010,1.4274631515708842,77.0,77.0,0.09144147394045996,0.002051410729433177,20,43,0.004716737195849419,297.92394439998316,0.927710843373494,0.927710843373494
reg3,60,reg3_m60_s0,es+transfer,0,285,14260,1.4274631515708842,77.0,77.0,0.09144147394045989,0.0020514107294331563,20,42,0.005075755063444376,304.10384039999917,0.927710843373494,0.927710843373494
reg3,60,reg3_m60_s0,es+transfer,0,290,14510,1.4274631515708842,77.0,77.0,0.09144147394045993,0.0020514107294331216,20,43,0.00629185838624835,307.7051341999904,0.927710843373494,0.927710843373494
reg3,60,reg3_m60_s0,es+transfer,0,295,14760,1.4274631515708842,77.0,77.0,0.09144147394045976,0.0020514107294330765,20,43,0.005164667963981628,313.93558009999106,0.927710843373494,0.927710843373494
reg3,60,reg3_m60_s0,es+transfer,0,300,15010,1.4274631515708842,77.0,77.0,0.09144147394045993,0.0020514107294331216,20,43,0.005715764593333006,320.1400813999935,0.927710843373494,0.927710843373494
reg3,60,reg3_m60_s0,es+transfer,0,305,15260,1.4274631515708842,77.0,77.0,0.09144147394045989,0.0020514107294331563,20,42,0.004875095095485449,323.7022305999999,0.927710843373494,0.927710843373494
reg3,60,reg3_m60_s0,es+transfer,0,310,15510,1.4274631515708842,77.0,77.0,0.09144147394045976,0.0020514107294330765,20,43,0.0043215504847466946,329.88850049994653,0.927710843373494,0.927710843373494
reg3,60,reg3_m60_s0,es+transfer,0,315,15760,1.4274631515708842,77.0,77.0,0.09144147394045983,0.00205141072943317,20,43,0.0052741579711437225,336.1091589999851,0.927710843373494,0.927710843373494
reg3,60,reg3_m60_s0,es+transfer,0,320,16010,1.4274631515708842,77.0,77.0,0.09144147394045993,0.0020514107294331216,20,43,0.005189069546759129,339.60497599997325,0.927710843373494,0.927710843373494
reg3,60,reg3_m60_s0,es+transfer,0,325,16260,1.4274631515708842,77.0,77.0,0.09144147394045996,0.0020514107294331736,20,43,0.005787884816527367,345.82914349995553,0.927710843373494,0.927710843373494
reg3,60,reg3_m60_s0,es+transfer,0,330,16510,1.4274631515708842,77.0,77.0,0.09144147394045976,0.0020514107294330765,20,43,0.006552422419190407,352.02254059998086,0.927710843373494,0.927710843373494
reg3,60,reg3_m60_s0,es+transfer,0,335,16760,1.4274631515708842,77.0,77.0,0.09144147394045983,0.00205141072943317,20,43,0.005301506258547306,355.60673639999004,0.927710843373494,0.927710843373494
reg3,60,reg3_m60_s0,es+transfer,0,340,17010,1.4274631515708842,77.0,77.0,0.09144147394045976,0.0020514107294330765,20,43,0.005471160635352135,361.7735178999719,0.927710843373494,0.927710843373494
reg3,60,reg3_m60_s0,es+transfer,0,345,17260,1.4274631515708842,77.0,77.0,0.09144147394045993,0.0020514107294331216,20,43,0.004825171083211899,367.91253199998755,0.927710843373494,0.927710843373494
reg3,60,reg3_m60_s0,es+transfer,0,350,17510,1.4274631515708842,77.0,77.0,0.09144147394045996,0.002051410729433177,20,43,0.004725048318505287,371.4702555999975,0.927710843373494,0.927710843373494
reg3,60,reg3_m60_s0,es+transfer,0,355,17760,1.4274631515708842,77.0,77.0,0.09144147394045996,0.002051410729433177,20,43,0.006820955313742161,377.60383789998014,0.927710843373494,0.927710843373494
reg3,60,reg3_m60_s0,es+transfer,0,360,18010,1.4274631515708842,77.0,77.0,0.09144147394045976,0.0020514107294330765,20,43,0.005415887571871281,383.7992772999569,0.927710843373494,0.927710843373494
reg3,60,reg3_m60_s0,es+transfer,0,365,18260,1.4274631515708842,77.0,77.0,0.09144147394045993,0.0020514107294331216,20,43,0.003853263333439827,387.31369649997214,0.927710843373494,0.927710843373494
reg3,60,reg3_m60_s0,es+transfer,0,370,18510,1.4274631515708842,77.0,77.0,0.09144147394045996,0.0020514107294331736,20,43,0.0039721885696053505,393.9009108999744,0.927710843373494,0.927710843373494
reg3,60,reg3_m60_s0,es+transfer,0,375,18760,1.4274631515708842,77.0,77.0,0.09144147394045996,0.002051410729433177,20,43,0.0034043488558381796,400.0974261999945,0.927710843373494,0.927710843373494
reg3,60,reg3_m60_s0,es+transfer,0,380,19010,1.4274631515708842,77.0,77.0,0.09144147394045976,0.0020514107294330765,20,43,0.00630523357540369,403.6440840999712,0.927710843373494,0.927710843373494
reg3,60,reg3_m60_s0,es+transfer,0,385,19260,1.4274631515708842,77.0,77.0,0.09144147394045996,0.002051410729433177,20,43,0.004853116348385811,409.85998909996124,0.927710843373494,0.927710843373494
reg3,60,reg3_m60_s0,es+transfer,0,390,19510,1.4274631515708842,77.0,77.0,0.09144147394045996,0.0020514107294331736,20,43,0.003766273148357868,416.05668089998653,0.927710843373494,0.927710843373494
reg3,60,reg3_m60_s0,es+transfer,0,395,19760,1.4274631515708842,77.0,77.0,0.09144147394045983,0.00205141072943317,20,43,0.004439982585608959,419.64097359997686,0.927710843373494,0.927710843373494
reg3,60,reg3_m60_s0,es+transfer,0,400,20010,1.4274631515708842,77.0,77.0,0.09144147394045993,0.0020514107294331216,20,43,0.0037060489412397146,425.8687289999798,0.927710843373494,0.927710843373494
reg3,60,reg3_m60_s0,es+transfer,1,0,10,0.7771125736319795,46.0,45.4,0.05166664887746342,0.0017005162399207317,20,38,,0.03299829998286441,0.5542168674698795,0.5469879518072289
reg3,60,reg3_m60_s0,es+transfer,1,5,260,1.1181620111246482,63.0,60.5,0.07313204190376274,0.0011623242887768177,20,32,0.008459093049168587,3.4675074000260793,0.7590361445783133,0.7289156626506024
reg3,60,reg3_m60_s0,es+transfer,1,10,510,1.1278548837787261,63.0,63.0,0.0678405422249452,0.0008364612676857452,20,33,0.009016955271363258,9.199285699985921,0.7590361445783133,0.7590361445783133
reg3,60,reg3_m60_s0,es+transfer,1,15,760,1.18125551719956,66.0,64.5,0.06731717060457681,0.00017151106855448376,20,33,0.008769837208092213,14.93791149999015,0.7951807228915663,0.7771084337349398
reg3,60,reg3_m60_s0,es+transfer,1,20,1010,1.1812555171995602,66.0,65.8,0.06731717060457688,0.00017151106855473313,20,33,0.007938621565699577,18.242425700009335,0.7951807228915663,0.7927710843373493
reg3,60,reg3_m60_s0,es+transfer,1,25,1260,1.2160356312146394,66.0,66.0,0.10623113279979036,0.00417137321735591,20,34,0.00936878565698862,23.99825070000952,0.7951807228915663,0.7951807228915663
reg3,60,reg3_m60_s0,es+transfer,1,30,1510,1.2225418436221145,67.0,66.2,0.08993457254635662,0.00700714601307189,20,34,0.00853988528251648,29.778763000038452,0.8072289156626506,0.7975903614457832
reg3,60,reg3_m60_s0,es+transfer,1,35,1760,1.2225418436221145,67.0,66.3,0.08993457254635662,0.00700714601307189,20,34,0.007157488260418177,33.17635050002718,0.8072289156626506,0.7987951807228916
reg3,60,reg3_m60_s0,es+transfer,1,40,2010,1.2520926463788469,68.0,67.1,0.08993370962052574,0.0041081780507659805,20,34,0.008602739311754704,39.02828920003958,0.8192771084337349,0.808433734939759
reg3,60,reg3_m60_s0,es+transfer,1,45,2260,1.2686686041773623,69.0,68.1,0.09740533754689232,0.004117399587973924,20,34,0.009480699896812439,44.825031400017906,0.8313253012048193,0.8204819277108433
reg3,60,reg3_m60_s0,es+transfer,1,50,2510,1.2780309529331275,70.0,69.4,0.09471505058310856,0.0010387761715695554,20,35,0.009188196621835232,48.1539062000229,0.8433734939759037,0.8361445783132531
reg3,60,reg3_m60_s0,es+transfer,1,55,2760,1.2825874653371039,70.0,69.9,0.09239901977177556,0.00027257116096343625,20,33,0.007395065389573574,53.95144600002095,0.8433734939759037,0.8421686746987952
reg3,60,reg3_m60_s0,es+transfer,1,60,3010,1.2985379050620824,71.0,70.2,0.08352689001555824,0.0024828195867565017,20,34,0.006551073398441076,59.911305300018284,0.8554216867469879,0.8457831325301205
reg3,60,reg3_m60_s0,es+transfer,1,65,3260,1.298668687251632,71.0,70.8,0.08932521197011294,0.0016211841202335535,20,34,0.008066413924098015,63.36008790001506,0.8554216867469879,0.8530120481927711
reg3,60,reg3_m60_s0,es+transfer,1,70,3510,1.3141210995419088,72.0,71.3,0.10033539175905015,0.0018195106621454564,20,34,0.008499691262841225,69.13839360000566,0.8674698795180723,0.8590361445783132
reg3,60,reg3_m60_s0,es+transfer,1,75,3760,1.3141210995419088,72.0,71.6,0.10033539175905029,0.0018195106621454286,20,35,0.008389529772102833,74.93016190000344,0.8674698795180723,0.8626506024096385
reg3,60,reg3_m60_s0,es+transfer,1,80,4010,1.3141210995419088,72.0,72.0,0.10033539175905018,0.0018195106621454044,20,35,0.007069922983646393,78.24335370003246,0.8674698795180723,0.8674698795180723
reg3,60,reg3_m60_s0,es+transfer,1,85,4260,1.3141210995419088,72.0,72.0,0.10033539175905018,0.0018195106621453315,20,34,0.008232797496020794,83.98876410000958,0.8674698795180723,0.8674698795180723
reg3,60,reg3_m60_s0,es+transfer,1,90,4510,1.3161651061741633,72.0,72.0,0.09536479820029384,0.0006392486554756549,20,34,0.009929528459906578,89.69565459998557,0.8674698795180723,0.8674698795180723
reg3,60,reg3_m60_s0,es+transfer,1,95,4760,1.3223478322909665,72.0,72.0,0.10671120512012529,0.0018195106621453905,20,35,0.008300160057842731,93.001399700006,0.8674698795180723,0.8674698795180723
reg3,60,reg3_m60_s0,es+transfer,1,100,5010,1.3223478322909665,72.0,72.0,0.10671120512012491,0.0018195106621453835,20,33,0.006689888425171375,99.0933381000068,0.8674698795180723,0.8674698795180723
reg3,60,reg3_m60_s0,es+transfer,1,105,5260,1.3223478322909665,72.0,72.0,0.10671120512012529,0.0018195106621453905,20,35,0.0077497223392128944,105.50300030002836,0.8674698795180723,0.8674698795180723
reg3,60,reg3_m60_s0,es+transfer,1,110,5510,1.3223478322909665,72.0,72.0,0.10671120512012505,0.0018195106621454425,20,34,0.005970277823507786,109.15140899998369,0.8674698795180723,0.8674698795180723
reg3,60,reg3_m60_s0,es+transfer,1,115,5760,1.3230386824516986,72.0,72.0,0.10754478278646917,0.001819510662145439,20,34,0.009327289648354053,115.43411790003302,0.8674698795180723,0.8674698795180723
reg3,60,reg3_m60_s0,es+transfer,1,120,6010,1.3230386824516986,72.0,72.0,0.10754478278646917,0.001819510662145439,20,34,0.009931415319442749,121.54179889999796,0.8674698795180723,0.8674698795180723
reg3,60,reg3_m60_s0,es+transfer,1,125,6260,1.3230386824516986,72.0,72.0,0.1075447827864692,0.0018195106621453627,20,35,0.005614978726953268,125.12834460003069,0.8674698795180723,0.8674698795180723
reg3,60,reg3_m60_s0,es+transfer,1,130,6510,1.3230386824516986,72.0,72.0,0.10754478278646928,0.0018195106621455015,20,33,0.0056909313425421715,131.41778680001153,0.8674698795180723,0.8674698795180723
reg3,60,reg3_m60_s0,es+transfer,1,135,6760,1.3288563891298302,72.0,72.0,0.09509970079866191,0.003455546137194284,20,35,0.0057328674010932446,137.61102300003404,0.8674698795180723,0.8674698795180723
reg3,60,reg3_m60_s0,es+transfer,1,140,7010,1.3288563891298304,72.0,72.0,0.09509970079866205,0.003455546137194355,20,34,0.005452733486890793,141.18450229999144,0.8674698795180723,0.8674698795180723
reg3,60,reg3_m60_s0,es+transfer,1,145,7260,1.3366369523625512,72.0,72.0,0.09844980504720297,0.0011201696932490006,20,36,0.005475570447742939,147.37198420002824,0.8674698795180723,0.8674698795180723
reg3,60,reg3_m60_s0,es+transfer,1,150,7510,1.3366369523625512,72.0,72.0,0.09844980504720308,0.0011201696932488757,20,35,0.006296523381024599,153.50979400001233,0.8674698795180723,0.8674698795180723
reg3,60,reg3_m60_s0,es+transfer,1,155,7760,1.3383712166412591,72.0,72.0,0.11045164645391159,0.002201724385843016,20,36,0.005971892271190882,156.95468940003775,0.8674698795180723,0.8674698795180723
reg3,60,reg3_m60_s0,es+transfer,1,160,8010,1.3402287509131376,72.0,72.0,0.08968673138311567,0.0011201696932488965,20,36,0.0057267602533102036,163.16191319999052,0.8674698795180723,0.8674698795180723
reg3,60,reg3_m60_s0,es+transfer,1,165,8260,1.3402287509131376,72.0,72.0,0.08968673138311567,0.0011201696932488965,20,36,0.0045857056975364685,169.28511799999978,0.8674698795180723,0.8674698795180723
reg3,60,reg3_m60_s0,es+transfer,1,170,8510,1.3420115008324842,72.0,72.0,0.09384885413299804,0.0004381957494475758,20,36,0.006060483865439892,172.84731179999653,0.8674698795180723,0.8674698795180723
reg3,60,reg3_m60_s0,es+transfer,1,175,8760,1.3484331516862975,72.0,72.0,0.11283038400590366,0.0001165969911838087,20,35,0.006796780973672867,179.07341449998785,0.8674698795180723,0.8674698795180723
reg3,60,reg3_m60_s0,es+transfer,1,180,9010,1.3484331516862975,72.0,72.0,0.11283038400590366,0.0001165969911838087,20,35,0.006657793186604977,185.26712500001304,0.8674698795180723,0.8674698795180723
reg3,60,reg3_m60_s0,es+transfer,1,185,9260,1.3484331516862975,72.0,72.0,0.11283038400590366,0.0001165969911838087,20,35,0.006025916896760464,188.9462891999865,0.8674698795180723,0.8674698795180723
reg3,60,reg3_m60_s0,es+transfer,1,190,9510,1.3484331516862975,72.0,72.0,0.11283038400590366,0.0001165969911838087,20,35,0.005512839183211327,195.19317720003892,0.8674698795180723,0.8674698795180723
reg3,60,reg3_m60_s0,es+transfer,1,195,9760,1.3487432311792897,72.0,72.0,0.093061365332026,0.0011201696932489104,20,36,0.006040032487362623,201.2707162000006,0.8674698795180723,0.8674698795180723
reg3,60,reg3_m60_s0,es+transfer,1,200,10010,1.348974424819175,72.0,72.0,0.10115407897685676,0.0026888006879644127,20,35,0.005314083304256201,204.8562343000085,0.8674698795180723,0.8674698795180723
reg3,60,reg3_m60_s0,es+transfer,1,205,10260,1.3498776013780434,72.0,72.0,0.09414619925374071,0.0015922232362649905,20,36,0.005536315497010946,211.25313610001467,0.8674698795180723,0.8674698795180723
reg3,60,reg3_m60_s0,es+transfer,1,210,10510,1.3498776013780434,72.0,72.0,0.09414619925374071,0.0015922232362649905,20,36,0.006017782725393772,217.59242390003055,0.8674698795180723,0.8674698795180723
reg3,60,reg3_m60_s0,es+transfer,1,215,10760,1.3571435207856015,73.0,72.3,0.08369323806375288,0.0013763706567213804,20,36,0.005026974715292454,221.1996578000253,0.8795180722891566,0.8710843373493976
reg3,60,reg3_m60_s0,es+transfer,1,220,11010,1.3571435207856015,73.0,72.3,0.08369323806375288,0.0013763706567213804,20,36,0.006673263385891914,227.49397060001502,0.8795180722891566,0.8710843373493976
reg3,60,reg3_m60_s0,es+transfer,1,225,11260,1.3571435207856015,73.0,72.5,0.08369323806375267,0.0013763706567213804,20,37,0.0058993445709347725,233.8012938000029,0.8795180722891566,0.8734939759036144
reg3,60,reg3_m60_s0,es+transfer,1,230,11510,1.3694847767915703,74.0,73.1,0.09510689610459397,0.0012618791719602729,20,35,0.005944878328591585,237.51159390003886,0.891566265060241,0.880722891566265
reg3,60,reg3_m60_s0,es+transfer,1,235,11760,1.3727201298545526,74.0,73.2,0.10009371283150602,0.0036141489975130524,20,34,0.005180492531508207,243.93027449998772,0.891566265060241,0.8819277108433735
reg3,60,reg3_m60_s0,es+transfer,1,240,12010,1.3759495641158552,74.0,73.4,0.08424249774136283,0.0002476585105351571,20,36,0.0038651330396533012,250.2157753999927,0.891566265060241,0.8843373493975905
reg3,60,reg3_m60_s0,es+transfer,1,245,12260,1.3759495641158552,74.0,73.5,0.08424249774136283,0.0002476585105349767,20,36,0.005310992244631052,253.8835231999983,0.891566265060241,0.8855421686746988
reg3,60,reg3_m60_s0,es+transfer,1,250,12510,1.3759495641158552,74.0,73.9,0.08424249774136283,0.0002476585105351571,20,36,0.005098660476505756,260.16396410000743,0.891566265060241,0.8903614457831326
reg3,60,reg3_m60_s0,es+transfer,1,255,12760,1.3759495641158552,74.0,74.0,0.08424249774136283,0.0002476585105350461,20,36,0.005539377219974995,266.5105980000226,0.891566265060241,0.891566265060241
reg3,60,reg3_m60_s0,es+transfer,1,260,13010,1.3759495641158552,74.0,74.0,0.08424249774136283,0.0002476585105349767,20,36,0.0054663075134158134,270.1420659000287,0.891566265060241,0.891566265060241
reg3,60,reg3_m60_s0,es+transfer,1,265,13260,1.3759495641158555,74.0,74.0,0.08424249774136292,0.0002476585105352126,20,35,0.006540963426232338,276.4667455999879,0.891566265060241,0.891566265060241
reg3,60,reg3_m60_s0,es+transfer,1,270,13510,1.3759495641158555,74.0,74.0,0.08424249774136292,0.00024765851053493507,20,35,0.006133685819804668,282.8271475000074,0.891566265060241,0.891566265060241
reg3,60,reg3_m60_s0,es+transfer,1,275,13760,1.3759495641158555,74.0,74.0,0.08424249774136292,0.00024765851053493507,20,35,0.00566704710945487,286.4772668000078,0.891566265060241,0.891566265060241
reg3,60,reg3_m60_s0,es+transfer,1,280,14010,1.3759495641158555,74.0,74.0,0.08424249774136292,0.0002476585105352126,20,35,0.0050089675933122635,292.7888987000333,0.891566265060241,0.891566265060241
reg3,60,reg3_m60_s0,es+transfer,1,285,14260,1.3759495641158555,74.0,74.0,0.08424249774136279,0.00024765851053513976,20,36,0.006414176896214485,299.09479120001197,0.891566265060241,0.891566265060241
reg3,60,reg3_m60_s0,es+transfer,1,290,14510,1.3759495641158555,74.0,74.0,0.08424249774136279,0.00024765851053513976,20,36,0.0037271834444254637,302.8008082000306,0.891566265060241,0.891566265060241
reg3,60,reg3_m60_s0,es+transfer,1,295,14760,1.3759495641158555,74.0,74.0,0.08424249774136292,0.0002476585105352126,20,35,0.004123272839933634,309.0846820999868,0.891566265060241,0.891566265060241
reg3,60,reg3_m60_s0,es+transfer,1,300,15010,1.3759495641158555,74.0,74.0,0.08424249774136289,0.00024765851053506344,20,34,0.004536991007626057,315.49113570002373,0.891566265060241,0.891566265060241
reg3,60,reg3_m60_s0,es+transfer,1,305,15260,1.3759495641158555,74.0,74.0,0.08424249774136279,0.00024765851053513976,20,36,0.003902134718373418,319.14835969998967,0.891566265060241,0.891566265060241
reg3,60,reg3_m60_s0,es+transfer,1,310,15510,1.3759495641158555,74.0,74.0,0.08424249774136292,0.0002476585105352126,20,35,0.004832838661968708,325.5614045999828,0.891566265060241,0.891566265060241
reg3,60,reg3_m60_s0,es+transfer,1,315,15760,1.3759495641158555,74.0,74.0,0.08424249774136292,0.00024765851053493507,20,35,0.004568862728774548,331.98936850001337,0.891566265060241,0.891566265060241
reg3,60,reg3_m60_s0,es+transfer,1,320,16010,1.3759495641158555,74.0,74.0,0.08424249774136289,0.00024765851053506344,20,34,0.005180533975362778,335.6306556999916,0.891566265060241,0.891566265060241
reg3,60,reg3_m60_s0,es+transfer,1,325,16260,1.3759495641158555,74.0,74.0,0.08424249774136292,0.00024765851053493507,20,35,0.004747746512293816,342.15573090000544,0.891566265060241,0.891566265060241
reg3,60,reg3_m60_s0,es+transfer,1,330,16510,1.3759495641158555,74.0,74.0,0.08424249774136279,0.00024765851053513976,20,36,0.004042384680360556,348.48349310003687,0.891566265060241,0.891566265060241
reg3,60,reg3_m60_s0,es+transfer,1,335,16760,1.3759495641158555,74.0,74.0,0.08424249774136292,0.00024765851053493507,20,35,0.004971209913492203,352.1369645000086,0.891566265060241,0.891566265060241
reg3,60,reg3_m60_s0,es+transfer,1,340,17010,1.3759495641158555,74.0,74.0,0.08424249774136279,0.00024765851053513976,20,36,0.005444437265396118,358.5614387000096,0.891566265060241,0.891566265060241
reg3,60,reg3_m60_s0,es+transfer,1,345,17260,1.3759495641158555,74.0,74.0,0.08424249774136292,0.0002476585105352126,20,35,0.0048247892409563065,364.88718459999654,0.891566265060241,0.891566265060241
reg3,60,reg3_m60_s0,es+transfer,1,350,17510,1.3759495641158555,74.0,74.0,0.08424249774136292,0.00024765851053493507,20,35,0.005386299453675747,368.5138636000338,0.891566265060241,0.891566265060241
reg3,60,reg3_m60_s0,es+transfer,1,355,17760,1.3759495641158555,74.0,74.0,0.08424249774136289,0.00024765851053506344,20,34,0.00531338294968009,374.9226676999824,0.891566265060241,0.891566265060241
reg3,60,reg3_m60_s0,es+transfer,1,360,18010,1.3759495641158555,74.0,74.0,0.08424249774136289,0.00024765851053506344,20,34,0.004202851094305515,381.23229339998215,0.891566265060241,0.891566265060241
reg3,60,reg3_m60_s0,es+transfer,1,365,18260,1.3759495641158555,74.0,74.0,0.08424249774136292,0.0002476585105352126,20,35,0.005463550798594952,384.894409200002,0.891566265060241,0.891566265060241
reg3,60,reg3_m60_s0,es+transfer,1,370,18510,1.3759495641158555,74.0,74.0,0.08424249774136292,0.00024765851053493507,20,35,0.004129776731133461,391.27724530000705,0.891566265060241,0.891566265060241
reg3,60,reg3_m60_s0,es+transfer,1,375,18760,1.3759495641158555,74.0,74.0,0.08424249774136292,0.00024765851053493507,20,35,0.0038186819292604923,397.6826398000121,0.891566265060241,0.891566265060241
reg3,60,reg3_m60_s0,es+transfer,1,380,19010,1.3759495641158555,74.0,74.0,0.08424249774136289,0.00024765851053506344,20,34,0.002589245093986392,401.32041280000703,0.891566265060241,0.891566265060241
reg3,60,reg3_m60_s0,es+transfer,1,385,19260,1.3759495641158555,74.0,74.0,0.08424249774136289,0.00024765851053506344,20,34,0.004115607589483261,407.7208715000306,0.891566265060241,0.891566265060241
reg3,60,reg3_m60_s0,es+transfer,1,390,19510,1.3759495641158555,74.0,74.0,0.08424249774136292,0.00024765851053493507,20,35,0.004296240862458944,414.124233199982,0.891566265060241,0.891566265060241
reg3,60,reg3_m60_s0,es+transfer,1,395,19760,1.3759495641158555,74.0,74.0,0.08424249774136292,0.00024765851053493507,20,35,0.0037503475323319435,418.1582497000345,0.891566265060241,0.891566265060241
reg3,60,reg3_m60_s0,es+transfer,1,400,20010,1.3759495641158555,74.0,74.0,0.08424249774136289,0.00024765851053506344,20,34,0.0038418651092797518,424.3886406000238,0.891566265060241,0.891566265060241
reg3,60,reg3_m60_s0,es+transfer,2,0,10,0.7762294883134409,47.0,44.2,0.0676406189577323,0.0023716933296687587,20,33,,0.038055900018662214,0.5662650602409639,0.5325301204819277
reg3,60,reg3_m60_s0,es+transfer,2,5,260,1.1011410449625003,62.0,58.2,0.06532918136896668,1.5893431721892073e-06,20,39,0.006391775794327259,3.7765745000215247,0.7469879518072289,0.7012048192771084
reg3,60,reg3_m60_s0,es+transfer,2,10,510,1.155085460537354,65.0,62.2,0.06895292735327825,0.0010004801293225988,20,39,0.013206948526203632,10.056915799970739,0.7831325301204819,0.7493975903614458
reg3,60,reg3_m60_s0,es+transfer,2,15,760,1.212632050015032,67.0,65.0,0.10095106847807064,0.004684488410007334,20,37,0.011819422245025635,16.383867600001395,0.8072289156626506,0.7831325301204819
reg3,60,reg3_m60_s0,es+transfer,2,20,1010,1.2154669383218815,67.0,67.0,0.09793977129012527,0.0017405939802242407,20,38,0.011118002235889435,20.000391800014768,0.8072289156626506,0.8072289156626506
reg3,60,reg3_m60_s0,es+transfer,2,25,1260,1.2213997760126414,67.0,67.0,0.11048550884543101,0.001651496510225052,20,37,0.01125764474272728,26.319396500010043,0.8072289156626506,0.8072289156626506
reg3,60,reg3_m60_s0,es+transfer,2,30,1510,1.233044951155325,67.0,67.0,0.1064016208518796,0.0010023811391778048,20,36,0.01088560838252306,32.60745509999106,0.8072289156626506,0.8072289156626506
reg3,60,reg3_m60_s0,es+transfer,2,35,1760,1.234949102072541,67.0,67.0,0.10636953133887977,0.00036016033942065304,20,36,0.010019304230809212,36.191829000017606,0.8072289156626506,0.8072289156626506
reg3,60,reg3_m60_s0,es+transfer,2,40,2010,1.2774680497863629,70.0,67.6,0.09784714154421906,0.0010409070981067725,20,38,0.008475067093968391,42.4351742999861,0.8433734939759037,0.8144578313253011
reg3,60,reg3_m60_s0,es+transfer,2,45,2260,1.2808304489496225,70.0,70.0,0.09716154140247096,0.005657750443813101,20,38,0.006324870511889458,48.63292320002802,0.8433734939759037,0.8433734939759037
reg3,60,reg3_m60_s0,es+transfer,2,50,2510,1.2839381125643015,70.0,70.0,0.10789770352221574,0.0024471417056179876,20,38,0.008852620609104633,52.322875800018664,0.8433734939759037,0.8433734939759037
reg3,60,reg3_m60_s0,es+transfer,2,55,2760,1.2858593397447187,70.0,70.0,0.10207395748138104,0.0055283020612819115,20,39,0.009201766923069954,58.67593620001571,0.8433734939759037,0.8433734939759037
reg3,60,reg3_m60_s0,es+transfer,2,60,3010,1.2858593397447187,70.0,70.0,0.10207395748138104,0.0055283020612819115,20,39,0.009885444305837154,64.97808410000289,0.8433734939759037,0.8433734939759037
reg3,60,reg3_m60_s0,es+transfer,2,65,3260,1.2858593397447189,70.0,70.0,0.10207395748138108,0.005528302061281926,20,39,0.008188306353986263,68.6110631999909,0.8433734939759037,0.8433734939759037
reg3,60,reg3_m60_s0,es+transfer,2,70,3510,1.2858593397447189,70.0,70.0,0.10207395748138111,0.005528302061281865,20,39,0.007449825294315815,74.98900529998355,0.8433734939759037,0.8433734939759037
reg3,60,reg3_m60_s0,es+transfer,2,75,3760,1.2931402769578624,70.0,70.0,0.10876692925660189,0.009333012362398217,20,39,0.008707473985850811,81.34838450001553,0.8433734939759037,0.8433734939759037
reg3,60,reg3_m60_s0,es+transfer,2,80,4010,1.3005368760032194,70.0,70.1,0.11426100785105213,0.006526655470406741,20,39,0.008158218115568161,84.95813629997429,0.8433734939759037,0.844578313253012
reg3,60,reg3_m60_s0,es+transfer,2,85,4260,1.3059163888035852,71.0,70.2,0.09607476319183753,0.007258736758995534,20,39,0.008381384424865246,91.09528379997937,0.8554216867469879,0.8457831325301205
reg3,60,reg3_m60_s0,es+transfer,2,90,4510,1.3142809711390837,71.0,70.7,0.10231223085854185,0.012517576488241245,20,39,0.006832201033830643,96.92601270001614,0.8554216867469879,0.8518072289156627
reg3,60,reg3_m60_s0,es+transfer,2,95,4760,1.3179987114566112,71.0,71.1,0.10178020675440397,0.012191048930717013,20,39,0.0047486936673521996,100.3158090999932,0.8554216867469879,0.8566265060240963
reg3,60,reg3_m60_s0,es+transfer,2,100,5010,1.3182583881439358,71.0,71.2,0.0976435895590084,0.006892564152993594,20,39,0.006242489907890558,106.21123179997085,0.8554216867469879,0.8578313253012049
reg3,60,reg3_m60_s0,es+transfer,2,105,5260,1.3207413799180565,71.0,71.0,0.10421751013125546,0.006448522563240166,20,39,0.005930988118052483,112.029494300019,0.8554216867469879,0.8554216867469879
reg3,60,reg3_m60_s0,es+transfer,2,110,5510,1.3233809108982095,71.0,71.0,0.10307682487165544,0.002052178430340057,20,40,0.006922962609678507,115.40009990002727,0.8554216867469879,0.8554216867469879
reg3,60,reg3_m60_s0,es+transfer,2,115,5760,1.324942067326679,71.0,71.0,0.10535275473355746,0.0024076843312179855,20,37,0.006400808691978455,121.21339400002034,0.8554216867469879,0.8554216867469879
reg3,60,reg3_m60_s0,es+transfer,2,120,6010,1.3252707124292897,71.0,71.0,0.10340318953710378,0.003931636123729777,20,37,0.006458021700382233,127.0842876000097,0.8554216867469879,0.8554216867469879
reg3,60,reg3_m60_s0,es+transfer,2,125,6260,1.3261880773659853,71.0,71.0,0.10831494225125854,0.005522572327915892,20,38,0.006337509024888277,130.4718965999782,0.8554216867469879,0.8554216867469879
reg3,60,reg3_m60_s0,es+transfer,2,130,6510,1.3265450647658408,71.0,71.0,0.10609121206674539,0.0013843361107240253,20,38,0.005003659054636955,136.3097187000094,0.8554216867469879,0.8554216867469879
reg3,60,reg3_m60_s0,es+transfer,2,135,6760,1.3265450647658408,71.0,71.0,0.10609121206674552,0.0013843361107240479,20,39,0.0059903329238295555,142.09825839998666,0.8554216867469879,0.8554216867469879
reg3,60,reg3_m60_s0,es+transfer,2,140,7010,1.3265450647658408,71.0,71.0,0.10609121206674552,0.0013843361107240479,20,39,0.008055607788264751,145.44136290001916,0.8554216867469879,0.8554216867469879
reg3,60,reg3_m60_s0,es+transfer,2,145,7260,1.3266376122433345,71.0,71.0,0.1053407243452836,0.004882437420796585,20,38,0.006663942709565163,151.36735640000552,0.8554216867469879,0.8554216867469879
reg3,60,reg3_m60_s0,es+transfer,2,150,7510,1.3266376122433345,71.0,71.0,0.1053407243452836,0.004882437420796651,20,38,0.00813728105276823,157.22800970001845,0.8554216867469879,0.8554216867469879
reg3,60,reg3_m60_s0,es+transfer,2,155,7760,1.3285045140091916,71.0,71.0,0.10665283717565258,0.005522572327915851,20,39,0.005880778189748526,160.71996000001673,0.8554216867469879,0.8554216867469879
reg3,60,reg3_m60_s0,es+transfer,2,160,8010,1.3285045140091916,71.0,71.0,0.10665283717565258,0.005522572327915851,20,39,0.005836354102939367,166.60298869997496,0.8554216867469879,0.8554216867469879
reg3,60,reg3_m60_s0,es+transfer,2,165,8260,1.3285045140091916,71.0,71.0,0.10665283717565258,0.005522572327915851,20,39,0.005276679061353207,172.48806150001474,0.8554216867469879,0.8554216867469879
reg3,60,reg3_m60_s0,es+transfer,2,170,8510,1.3285045140091916,71.0,71.0,0.10665283717565258,0.005522572327915851,20,39,0.00462173018604517,175.84475960000418,0.8554216867469879,0.8554216867469879
reg3,60,reg3_m60_s0,es+transfer,2,175,8760,1.3285045140091916,71.0,71.0,0.10665283717565256,0.00552257232791574,20,39,0.005466518457978964,181.73968090000562,0.8554216867469879,0.8554216867469879
reg3,60,reg3_m60_s0,es+transfer,2,180,9010,1.3285045140091916,71.0,71.0,0.10665283717565258,0.005522572327915851,20,39,0.005158203653991222,187.63214180001523,0.8554216867469879,0.8554216867469879
reg3,60,reg3_m60_s0,es+transfer,2,185,9260,1.3285045140091918,71.0,71.0,0.1066528371756526,0.005522572327915989,20,38,0.0049348389729857445,190.96570599998813,0.8554216867469879,0.8554216867469879
reg3,60,reg3_m60_s0,es+transfer,2,190,9510,1.329813319459135,71.0,71.0,0.10578954895369601,0.008054842736726665,20,37,0.00584546010941267,196.9238411000115,0.8554216867469879,0.8554216867469879
reg3,60,reg3_m60_s0,es+transfer,2,195,9760,1.329813319459135,71.0,71.0,0.10578954895369617,0.008054842736726792,20,37,0.006345788482576609,202.73593079997227,0.8554216867469879,0.8554216867469879
reg3,60,reg3_m60_s0,es+transfer,2,200,10010,1.329813319459135,71.0,71.0,0.10578954895369602,0.008054842736726693,20,37,0.0054353997111320496,206.13565529999323,0.8554216867469879,0.8554216867469879
reg3,60,reg3_m60_s0,es+transfer,2,205,10260,1.3298133194591353,71.0,71.0,0.10578954895369613,0.008054842736726693,20,37,0.004766799975186586,211.90141869999934,0.8554216867469879,0.8554216867469879
reg3,60,reg3_m60_s0,es+transfer,2,210,10510,1.330594690318104,71.0,71.0,0.10867007840221185,0.008694391064309595,20,38,0.005185633897781372,217.75702269998146,0.8554216867469879,0.8554216867469879
reg3,60,reg3_m60_s0,es+transfer,2,215,10760,1.3310609212472189,71.0,71.0,0.10668785722836313,0.0006953306955636944,20,38,0.004371419548988342,221.0854431000189,0.8554216867469879,0.8554216867469879
reg3,60,reg3_m60_s0,es+transfer,2,220,11010,1.3310609212472189,71.0,71.0,0.10668785722836313,0.0006953306955636944,20,38,0.004440092947334051,226.9269123999984,0.8554216867469879,0.8554216867469879
reg3,60,reg3_m60_s0,es+transfer,2,225,11260,1.3310609212472189,71.0,71.0,0.10668785722836313,0.0006953306955636944,20,38,0.004835216328501701,232.75475159997586,0.8554216867469879,0.8554216867469879
reg3,60,reg3_m60_s0,es+transfer,2,230,11510,1.3310609212472189,71.0,71.0,0.10668785722836313,0.0006953306955636944,20,38,0.004049800336360931,236.0915268000099,0.8554216867469879,0.8554216867469879
reg3,60,reg3_m60_s0,es+transfer,2,235,11760,1.3310609212472189,71.0,71.0,0.10668785722836313,0.0006953306955636944,20,38,0.004736742004752159,241.9297844999819,0.8554216867469879,0.8554216867469879
reg3,60,reg3_m60_s0,es+transfer,2,240,12010,1.3310609212472189,71.0,71.0,0.10668785722836313,0.0006953306955636944,20,38,0.004544858820736408,247.73378419998335,0.8554216867469879,0.8554216867469879
reg3,60,reg3_m60_s0,es+transfer,2,245,12260,1.3310609212472189,71.0,71.0,0.10668785722836313,0.0006953306955636944,20,38,0.005414313171058893,251.08975689997897,0.8554216867469879,0.8554216867469879
reg3,60,reg3_m60_s0,es+transfer,2,250,12510,1.3310609212472189,71.0,71.0,0.10668785722836313,0.0006953306955636944,20,38,0.005651744082570076,257.1832279000082,0.8554216867469879,0.8554216867469879
reg3,60,reg3_m60_s0,es+transfer,2,255,12760,1.3310609212472189,71.0,71.0,0.10668785722836313,0.0006953306955636944,20,38,0.00412606168538332,263.5776833000127,0.8554216867469879,0.8554216867469879
reg3,60,reg3_m60_s0,es+transfer,2,260,13010,1.3310609212472189,71.0,71.0,0.10668785722836313,0.0006953306955636944,20,38,0.003637328976765275,267.2006170999957,0.8554216867469879,0.8554216867469879
reg3,60,reg3_m60_s0,es+transfer,2,265,13260,1.3310609212472189,71.0,71.0,0.10668785722836313,0.0006953306955636944,20,38,0.0051053068600595,273.6508427999797,0.8554216867469879,0.8554216867469879
reg3,60,reg3_m60_s0,es+transfer,2,270,13510,1.3310609212472189,71.0,71.0,0.10668785722836305,0.0006953306955637256,20,39,0.0045308745466172695,280.01381640002364,0.8554216867469879,0.8554216867469879
reg3,60,reg3_m60_s0,es+transfer,2,275,13760,1.3310609212472189,71.0,71.0,0.10668785722836313,0.0006953306955636944,20,38,0.0030535287223756313,283.6599128000089,0.8554216867469879,0.8554216867469879
reg3,60,reg3_m60_s0,es+transfer,2,280,14010,1.3310609212472189,71.0,71.0,0.10668785722836313,0.0006953306955636944,20,38,0.004082570318132639,289.9861616999842,0.8554216867469879,0.8554216867469879
reg3,60,reg3_m60_s0,es+transfer,2,285,14260,1.3310609212472189,71.0,71.0,0.10668785722836313,0.0006953306955636944,20,38,0.0031923376955091953,296.574138499971,0.8554216867469879,0.8554216867469879
reg3,60,reg3_m60_s0,es+transfer,2,290,14510,1.3310609212472189,71.0,71.0,0.10668785722836313,0.0006953306955636944,20,38,0.004667041823267937,300.24067430000287,0.8554216867469879,0.8554216867469879
reg3,60,reg3_m60_s0,es+transfer,2,295,14760,1.3310609212472189,71.0,71.0,0.10668785722836305,0.0006953306955637013,20,37,0.00325638591311872,306.63675529998727,0.8554216867469879,0.8554216867469879
reg3,60,reg3_m60_s0,es+transfer,2,300,15010,1.3310609212472189,71.0,71.0,0.10668785722836313,0.0006953306955636944,20,38,0.0033886590972542763,313.045908399974,0.8554216867469879,0.8554216867469879
reg3,60,reg3_m60_s0,es+transfer,2,305,15260,1.3310609212472189,71.0,71.0,0.10668785722836313,0.0006953306955636944,20,38,0.003792237024754286,316.6754923000117,0.8554216867469879,0.8554216867469879
reg3,60,reg3_m60_s0,es+transfer,2,310,15510,1.3310609212472189,71.0,71.0,0.10668785722836313,0.0006953306955636944,20,38,0.003255612915381789,322.58579629997257,0.8554216867469879,0.8554216867469879
reg3,60,reg3_m60_s0,es+transfer,2,315,15760,1.3310609212472189,71.0,71.0,0.10668785722836305,0.0006953306955637013,20,37,0.003605194855481386,328.5828123000101,0.8554216867469879,0.8554216867469879
reg3,60,reg3_m60_s0,es+transfer,2,320,16010,1.3310609212472189,71.0,71.0,0.10668785722836313,0.0006953306955636944,20,38,0.003647174220532179,331.97010139998747,0.8554216867469879,0.8554216867469879
reg3,60,reg3_m60_s0,es+transfer,2,325,16260,1.3310609212472189,71.0,71.0,0.10668785722836313,0.0006953306955636944,20,38,0.003566988278180361,337.8526033000089,0.8554216867469879,0.8554216867469879
reg3,60,reg3_m60_s0,es+transfer,2,330,16510,1.3310609212472189,71.0,71.0,0.10668785722836305,0.0006953306955638106,20,38,0.0037617990747094154,343.7701998000266,0.8554216867469879,0.8554216867469879
reg3,60,reg3_m60_s0,es+transfer,2,335,16760,1.3310609212472189,71.0,71.0,0.10668785722836305,0.0006953306955637256,20,39,0.003435443388298154,347.4011073000147,0.8554216867469879,0.8554216867469879
reg3,60,reg3_m60_s0,es+transfer,2,340,17010,1.3310609212472189,71.0,71.0,0.10668785722836313,0.0006953306955636944,20,38,0.003959850408136845,353.8666032999754,0.8554216867469879,0.8554216867469879
reg3,60,reg3_m60_s0,es+transfer,2,345,17260,1.3310609212472189,71.0,71.0,0.10668785722836305,0.0006953306955637013,20,37,0.003146895905956626,360.2543074999703,0.8554216867469879,0.8554216867469879
reg3,60,reg3_m60_s0,es+transfer,2,350,17510,1.3310609212472189,71.0,71.0,0.10668785722836305,0.0006953306955637256,20,39,0.0028822505846619606,363.9291889999877,0.8554216867469879,0.8554216867469879
reg3,60,reg3_m60_s0,es+transfer,2,355,17760,1.3310609212472189,71.0,71.0,0.10668785722836305,0.0006953306955637256,20,39,0.003804597072303295,370.3535818000091,0.8554216867469879,0.8554216867469879
reg3,60,reg3_m60_s0,es+transfer,2,360,18010,1.3310609212472189,71.0,71.0,0.10668785722836312,0.0006953306955638748,20,38,0.0037503791972994804,376.7016479999875,0.8554216867469879,0.8554216867469879
reg3,60,reg3_m60_s0,es+transfer,2,365,18260,1.3310609212472189,71.0,71.0,0.10668785722836313,0.0006953306955636944,20,38,0.003746393136680126,380.409399199998,0.8554216867469879,0.8554216867469879
reg3,60,reg3_m60_s0,es+transfer,2,370,18510,1.3310609212472189,71.0,71.0,0.10668785722836303,0.0006953306955636788,20,38,0.0037492429837584496,386.92080790002365,0.8554216867469879,0.8554216867469879
reg3,60,reg3_m60_s0,es+transfer,2,375,18760,1.3310609212472189,71.0,71.0,0.10668785722836305,0.0006953306955637256,20,39,0.0033332984894514084,393.41348460002337,0.8554216867469879,0.8554216867469879
reg3,60,reg3_m60_s0,es+transfer,2,380,19010,1.3310609212472189,71.0,71.0,0.10668785722836313,0.0006953306955636944,20,38,0.002397399628534913,397.0828366000205,0.8554216867469879,0.8554216867469879
reg3,60,reg3_m60_s0,es+transfer,2,385,19260,1.3310609212472189,71.0,71.0,0.10668785722836306,0.0006953306955637759,20,39,0.0028389962390065193,403.5451938000042,0.8554216867469879,0.8554216867469879
reg3,60,reg3_m60_s0,es+transfer,2,390,19510,1.3310609212472189,71.0,71.0,0.10668785722836303,0.0006953306955636788,20,38,0.0032704167533665895,409.9709448000067,0.8554216867469879,0.8554216867469879
reg3,60,reg3_m60_s0,es+transfer,2,395,19760,1.3310609212472189,71.0,71.0,0.10668785722836305,0.0006953306955638106,20,38,0.0029324269853532314,413.71664509997936,0.8554216867469879,0.8554216867469879
reg3,60,reg3_m60_s0,es+transfer,2,400,20010,1.3310609212472189,71.0,71.0,0.10668785722836313,0.0006953306955636944,20,38,0.0025555926840752363,420.06040159997065,0.8554216867469879,0.8554216867469879
reg3,60,reg3_m60_s1,es,0,0,10,0.6998357169175002,44.0,43.5,0.07304383663338695,0.00098649445651193,20,35,,0.04333979997318238,0.5432098765432098,0.5370370370370371
reg3,60,reg3_m60_s1,es,0,5,260,1.0930614463880177,62.0,58.7,0.06132129253773336,0.0013365913182886695,20,35,,0.8149579999735579,0.7654320987654321,0.7246913580246914
reg3,60,reg3_m60_s1,es,0,10,510,1.1895144135254543,66.0,65.2,0.05691126551724669,0.001480674654781515,20,33,,1.608740099996794,0.8148148148148148,0.8049382716049384
reg3,60,reg3_m60_s1,es,0,15,760,1.2357996610653224,69.0,67.5,0.05365941977596107,0.0009146476033707607,20,34,,2.405023799976334,0.8518518518518519,0.8333333333333334
reg3,60,reg3_m60_s1,es,0,20,1010,1.2841641460806212,72.0,69.3,0.05346095528155889,0.0003608854144312723,20,34,,3.597198700008448,0.8888888888888888,0.8555555555555555
reg3,60,reg3_m60_s1,es,0,25,1260,1.3170950438018454,72.0,70.9,0.07001203200751646,0.0014071800816962514,20,33,,4.4237841999856755,0.8888888888888888,0.8753086419753087
reg3,60,reg3_m60_s1,es,0,30,1510,1.3242474253453274,72.0,72.0,0.07467785003788036,0.0032189392229525493,20,33,,5.219370200007688,0.8888888888888888,0.8888888888888888
reg3,60,reg3_m60_s1,es,0,35,1760,1.3242474253453274,72.0,72.0,0.07467785003788047,0.0032189392229526187,20,34,,5.9977656999835745,0.8888888888888888,0.8888888888888888
reg3,60,reg3_m60_s1,es,0,40,2010,1.3364808328729285,73.0,72.2,0.06689725101151409,0.0020841924670395445,20,34,,6.804934400017373,0.9012345679012346,0.891358024691358
reg3,60,reg3_m60_s1,es,0,45,2260,1.3364808328729285,73.0,72.2,0.06689725101151409,0.0020841924670395445,20,34,,7.598321099998429,0.9012345679012346,0.891358024691358
reg3,60,reg3_m60_s1,es,0,50,2510,1.3364808328729285,73.0,72.2,0.06689725101151409,0.0020841924670395445,20,34,,8.40442500001518,0.9012345679012346,0.891358024691358
reg3,60,reg3_m60_s1,es,0,55,2760,1.3364808328729285,73.0,72.3,0.06689725101151409,0.0020841924670395445,20,34,,9.199216099979822,0.9012345679012346,0.8925925925925926
reg3,60,reg3_m60_s1,es,0,60,3010,1.3364808328729285,73.0,72.9,0.06689725101151403,0.0020841924670396174,20,34,,10.018024799996056,0.9012345679012346,0.9
reg3,60,reg3_m60_s1,es,0,65,3260,1.3364808328729285,73.0,73.0,0.06689725101151411,0.0020841924670395202,20,33,,10.818677700008266,0.9012345679012346,0.9012345679012346
reg3,60,reg3_m60_s1,es,0,70,3510,1.3364808328729285,73.0,73.0,0.06689725101151395,0.002084192467039673,20,34,,11.597384699969552,0.9012345679012346,0.9012345679012346
reg3,60,reg3_m60_s1,es,0,75,3760,1.3364808328729285,73.0,73.0,0.06689725101151413,0.0020841924670396035,20,34,,12.387539000017568,0.9012345679012346,0.9012345679012346
reg3,60,reg3_m60_s1,es,0,80,4010,1.3364808328729285,73.0,73.0,0.066897251011514,0.0020841924670395844,20,33,,13.157229200005531,0.9012345679012346,0.9012345679012346
reg3,60,reg3_m60_s1,es,0,85,4260,1.3364808328729285,73.0,73.0,0.0668972510115142,0.002084192467039621,20,33,,13.929257399984635,0.9012345679012346,0.9012345679012346
reg3,60,reg3_m60_s1,es,0,90,4510,1.3364808328729285,73.0,73.0,0.06689725101151411,0.002084192467039548,20,32,,14.697609999973793,0.9012345679012346,0.9012345679012346
reg3,60,reg3_m60_s1,es,0,95,4760,1.3364808328729285,73.0,73.0,0.06689725101151403,0.0020841924670396174,20,34,,15.46587830001954,0.9012345679012346,0.9012345679012346
reg3,60,reg3_m60_s1,es,0,100,5010,1.3364808328729285,73.0,73.0,0.06689725101151411,0.002084192467039442,20,33,,16.25696989998687,0.9012345679012346,0.9012345679012346
reg3,60,reg3_m60_s1,es,0,105,5260,1.3364808328729285,73.0,73.0,0.06689725101151414,0.002084192467039503,20,33,,17.057409400003962,0.9012345679012346,0.9012345679012346
reg3,60,reg3_m60_s1,es,0,110,5510,1.3364808328729285,73.0,73.0,0.066897251011514,0.0020841924670397163,20,35,,17.970728099986445,0.9012345679012346,0.9012345679012346
reg3,60,reg3_m60_s1,es,0,115,5760,1.3364808328729285,73.0,73.0,0.06689725101151409,0.0020841924670395705,20,33,,18.786881699983496,0.9012345679012346,0.9012345679012346
reg3,60,reg3_m60_s1,es,0,120,6010,1.3364808328729285,73.0,73.0,0.06689725101151395,0.002084192467039673,20,34,,19.608451900014188,0.9012345679012346,0.9012345679012346
reg3,60,reg3_m60_s1,es,0,125,6260,1.3364808328729285,73.0,73.0,0.06689725101151414,0.0020841924670394647,20,34,,20.391115900012664,0.9012345679012346,0.9012345679012346
reg3,60,reg3_m60_s1,es,0,130,6510,1.3364808328729285,73.0,73.0,0.06689725101151411,0.002084192467039628,20,33,,21.191265499975998,0.9012345679012346,0.9012345679012346
reg3,60,reg3_m60_s1,es,0,135,6760,1.3364808328729285,73.0,73.0,0.06689725101151403,0.0020841924670396157,20,32,,22.00067639996996,0.9012345679012346,0.9012345679012346
reg3,60,reg3_m60_s1,es,0,140,7010,1.3364808328729285,73.0,73.0,0.06689725101151403,0.0020841924670396157,20,32,,22.86059589998331,0.9012345679012346,0.9012345679012346
reg3,60,reg3_m60_s1,es,0,145,7260,1.3364808328729285,73.0,73.0,0.06689725101151403,0.0020841924670396157,20,32,,23.656394099991303,0.9012345679012346,0.9012345679012346
reg3,60,reg3_m60_s1,es,0,150,7510,1.3364808328729285,73.0,73.0,0.0668972510115141,0.0020841924670397007,20,34,,24.4422690999927,0.9012345679012346,0.9012345679012346
reg3,60,reg3_m60_s1,es,0,155,7760,1.3364808328729285,73.0,73.0,0.06689725101151418,0.0020841924670396694,20,34,,25.260481400007848,0.9012345679012346,0.9012345679012346
reg3,60,reg3_m60_s1,es,0,160,8010,1.3364808328729285,73.0,73.0,0.06689725101151417,0.002084192467039501,20,34,,26.071484500018414,0.9012345679012346,0.9012345679012346
reg3,60,reg3_m60_s1,es,0,165,8260,1.3364808328729285,73.0,73.0,0.06689725101151409,0.0020841924670395705,20,33,,26.85513619997073,0.9012345679012346,0.9012345679012346
reg3,60,reg3_m60_s1,es,0,170,8510,1.3364808328729285,73.0,73.0,0.06689725101151406,0.0020841924670395584,20,33,,27.649226400011685,0.9012345679012346,0.9012345679012346
reg3,60,reg3_m60_s1,es,0,175,8760,1.3364808328729285,73.0,73.0,0.06689725101151411,0.002084192467039529,20,33,,28.463541899982374,0.9012345679012346,0.9012345679012346
reg3,60,reg3_m60_s1,es,0,180,9010,1.3364808328729285,73.0,73.0,0.06689725101151411,0.002084192467039442,20,33,,29.327475400001276,0.9012345679012346,0.9012345679012346
reg3,60,reg3_m60_s1,es,0,185,9260,1.3364808328729285,73.0,73.0,0.06689725101151407,0.002084192467039593,20,34,,30.14784290001262,0.9012345679012346,0.9012345679012346
reg3,60,reg3_m60_s1,es,0,190,9510,1.3364808328729285,73.0,73.0,0.06689725101151414,0.0020841924670394647,20,34,,30.920677799964324,0.9012345679012346,0.9012345679012346
reg3,60,reg3_m60_s1,es,0,195,9760,1.3364808328729285,73.0,73.0,0.0668972510115141,0.0020841924670397007,20,34,,31.692091199976858,0.9012345679012346,0.9012345679012346
reg3,60,reg3_m60_s1,es,0,200,10010,1.3364808328729285,73.0,73.0,0.06689725101151411,0.0020841924670395653,20,35,,32.48568440001691,0.9012345679012346,0.9012345679012346
reg3,60,reg3_m60_s1,es,0,205,10260,1.3364808328729285,73.0,73.0,0.06689725101151403,0.0020841924670396174,20,34,,33.27200429997174,0.9012345679012346,0.9012345679012346
reg3,60,reg3_m60_s1,es,0,210,10510,1.3364808328729285,73.0,73.0,0.06689725101151403,0.0020841924670396174,20,34,,34.04497779998928,0.9012345679012346,0.9012345679012346
reg3,60,reg3_m60_s1,es,0,215,10760,1.3364808328729285,73.0,73.0,0.06689725101151417,0.002084192467039586,20,33,,34.82952640001895,0.9012345679012346,0.9012345679012346
reg3,60,reg3_m60_s1,es,0,220,11010,1.3364808328729285,73.0,73.0,0.06689725101151403,0.0020841924670396157,20,32,,35.63009260001127,0.9012345679012346,0.9012345679012346
reg3,60,reg3_m60_s1,es,0,225,11260,1.3364808328729285,73.0,73.0,0.06689725101151411,0.0020841924670395202,20,33,,36.43036499997834,0.9012345679012346,0.9012345679012346
reg3,60,reg3_m60_s1,es,0,230,11510,1.3364808328729285,73.0,73.0,0.06689725101151403,0.0020841924670396174,20,34,,37.21684569999343,0.9012345679012346,0.9012345679012346
reg3,60,reg3_m60_s1,es,0,235,11760,1.3364808328729285,73.0,73.0,0.0668972510115141,0.0020841924670396555,20,34,,38.00346649996936,0.9012345679012346,0.9012345679012346
reg3,60,reg3_m60_s1,es,0,240,12010,1.3364808328729285,73.0,73.0,0.066897251011514,0.0020841924670396174,20,35,,38.80006320000393,0.9012345679012346,0.9012345679012346
reg3,60,reg3_m60_s1,es,0,245,12260,1.3364808328729285,73.0,73.0,0.06689725101151406,0.0020841924670394803,20,35,,39.590192099974956,0.9012345679012346,0.9012345679012346
reg3,60,reg3_m60_s1,es,0,250,12510,1.3364808328729285,73.0,73.0,0.06689725101151403,0.0020841924670396157,20,32,,40.41226800001459,0.9012345679012346,0.9012345679012346
reg3,60,reg3_m60_s1,es,0,255,12760,1.3364808328729285,73.0,73.0,0.06689725101151404,0.0020841924670395775,20,34,,41.17837609996786,0.9012345679012346,0.9012345679012346
reg3,60,reg3_m60_s1,es,0,260,13010,1.3364808328729285,73.0,73.0,0.06689725101151417,0.0020841924670395237,20,34,,41.97887079999782,0.9012345679012346,0.9012345679012346
reg3,60,reg3_m60_s1,es,0,265,13260,1.3364808328729285,73.0,73.0,0.06689725101151411,0.002084192467039548,20,32,,42.76157629996305,0.9012345679012346,0.9012345679012346
reg3,60,reg3_m60_s1,es,0,270,13510,1.3364808328729285,73.0,73.0,0.06689725101151403,0.0020841924670396157,20,32,,43.56729999999516,0.9012345679012346,0.9012345679012346
reg3,60,reg3_m60_s1,es,0,275,13760,1.3364808328729285,73.0,73.0,0.06689725101151411,0.002084192467039628,20,33,,44.34500679996563,0.9012345679012346,0.9012345679012346
reg3,60,reg3_m60_s1,es,0,280,14010,1.3364808328729285,73.0,73.0,0.066897251011514,0.0020841924670397007,20,34,,45.14048379997257,0.9012345679012346,0.9012345679012346
reg3,60,reg3_m60_s1,es,0,285,14260,1.3364808328729285,73.0,73.0,0.06689725101151414,0.0020841924670394855,20,33,,45.92044539999915,0.9012345679012346,0.9012345679012346
reg3,60,reg3_m60_s1,es,0,290,14510,1.3364808328729285,73.0,73.0,0.06689725101151414,0.0020841924670396035,20,34,,46.70826159999706,0.9012345679012346,0.9012345679012346
reg3,60,reg3_m60_s1,es,0,295,14760,1.3364808328729285,73.0,73.0,0.06689725101151403,0.0020841924670396174,20,34,,47.53606710000895,0.9012345679012346,0.9012345679012346
reg3,60,reg3_m60_s1,es,0,300,15010,1.3364808328729285,73.0,73.0,0.06689725101151411,0.002084192467039548,20,32,,48.310533999989275,0.9012345679012346,0.9012345679012346
reg3,60,reg3_m60_s1,es,0,305,15260,1.3364808328729285,73.0,73.0,0.06689725101151417,0.002084192467039501,20,34,,49.10181389999343,0.9012345679012346,0.9012345679012346
reg3,60,reg3_m60_s1,es,0,310,15510,1.3364808328729285,73.0,73.0,0.06689725101151404,0.002084192467039732,20,34,,49.8731822000118,0.9012345679012346,0.9012345679012346
reg3,60,reg3_m60_s1,es,0,315,15760,1.3364808328729285,73.0,73.0,0.06689725101151411,0.002084192467039548,20,32,,50.67136559996288,0.9012345679012346,0.9012345679012346
reg3,60,reg3_m60_s1,es,0,320,16010,1.3364808328729285,73.0,73.0,0.06689725101151411,0.0020841924670396226,20,34,,51.45667980000144,0.9012345679012346,0.9012345679012346
reg3,60,reg3_m60_s1,es,0,325,16260,1.3364808328729285,73.0,73.0,0.06689725101151417,0.0020841924670395827,20,34,,52.21135170001071,0.9012345679012346,0.9012345679012346
reg3,60,reg3_m60_s1,es,0,330,16510,1.3364808328729285,73.0,73.0,0.06689725101151409,0.0020841924670395705,20,33,,52.98033709998708,0.9012345679012346,0.9012345679012346
reg3,60,reg3_m60_s1,es,0,335,16760,1.3364808328729285,73.0,73.0,0.06689725101151411,0.0020841924670395202,20,34,,53.75713679997716,0.9012345679012346,0.9012345679012346
reg3,60,reg3_m60_s1,es,0,340,17010,1.3364808328729285,73.0,73.0,0.0668972510115142,0.002084192467039527,20,34,,54.52886399999261,0.9012345679012346,0.9012345679012346
reg3,60,reg3_m60_s1,es,0,345,17260,1.3364808328729285,73.0,73.0,0.06689725101151407,0.002084192467039593,20,34,,55.29953089996707,0.9012345679012346,0.9012345679012346
reg3,60,reg3_m60_s1,es,0,350,17510,1.3364808328729285,73.0,73.0,0.06689725101151418,0.0020841924670396694,20,34,,56.103224199963734,0.9012345679012346,0.9012345679012346
reg3,60,reg3_m60_s1,es,0,355,17760,1.3364808328729285,73.0,73.0,0.06689725101151409,0.0020841924670395792,20,35,,56.873347499989904,0.9012345679012346,0.9012345679012346
reg3,60,reg3_m60_s1,es,0,360,18010,1.3364808328729285,73.0,73.0,0.06689725101151407,0.002084192467039593,20,34,,57.677238299977034,0.9012345679012346,0.9012345679012346
reg3,60,reg3_m60_s1,es,0,365,18260,1.3364808328729285,73.0,73.0,0.06689725101151414,0.002084192467039496,20,34,,58.4744142999989,0.9012345679012346,0.9012345679012346
reg3,60,reg3_m60_s1,es,0,370,18510,1.3364808328729285,73.0,73.0,0.0668972510115142,0.002084192467039527,20,34,,59.263825899979565,0.9012345679012346,0.9012345679012346
reg3,60,reg3_m60_s1,es,0,375,18760,1.3364808328729285,73.0,73.0,0.06689725101151409,0.0020841924670397007,20,34,,60.07391859998461,0.9012345679012346,0.9012345679012346
reg3,60,reg3_m60_s1,es,0,380,19010,1.3364808328729285,73.0,73.0,0.06689725101151411,0.0020841924670395202,20,34,,60.85840069997357,0.9012345679012346,0.9012345679012346
reg3,60,reg3_m60_s1,es,0,385,19260,1.3364808328729285,73.0,73.0,0.06689725101151416,0.0020841924670395653,20,33,,61.64894779998576,0.9012345679012346,0.9012345679012346
reg3,60,reg3_m60_s1,es,0,390,19510,1.3364808328729285,73.0,73.0,0.06689725101151409,0.0020841924670395705,20,33,,62.42814209999051,0.9012345679012346,0.9012345679012346
reg3,60,reg3_m60_s1,es,0,395,19760,1.3364808328729285,73.0,73.0,0.06689725101151403,0.0020841924670396035,20,33,,63.22089810000034,0.9012345679012346,0.9012345679012346
reg3,60,reg3_m60_s1,es,0,400,20010,1.3364808328729285,73.0,73.0,0.06689725101151404,0.002084192467039458,20,33,,63.990898499963805,0.9012345679012346,0.9012345679012346
reg3,60,reg3_m60_s1,es,1,0,10,0.6442662691159342,40.0,42.1,0.027540394807960496,0.001616262496467678,20,33,,0.03452620003372431,0.49382716049382713,0.5197530864197532
reg3,60,reg3_m60_s1,es,1,5,260,1.1808574709234112,65.0,59.7,0.07176159596619391,7.806255641895632e-18,20,31,,0.8062686999910511,0.8024691358024691,0.737037037037037
reg3,60,reg3_m60_s1,es,1,10,510,1.2059191217692962,66.0,64.5,0.06358882738261054,9.367506770274758e-17,20,33,,1.6013859999948181,0.8148148148148148,0.7962962962962963
reg3,60,reg3_m60_s1,es,1,15,760,1.2232605063597977,68.0,66.9,0.04388027732600672,4.163336342344337e-17,20,32,,2.382911199994851,0.8395061728395061,0.825925925925926
reg3,60,reg3_m60_s1,es,1,20,1010,1.238146094891875,68.0,67.2,0.07075648885378674,5.637851296924623e-17,20,32,,3.168969599995762,0.8395061728395061,0.8296296296296297
reg3,60,reg3_m60_s1,es,1,25,1260,1.246318420893669,68.0,67.4,0.08101175327735241,1.0842021724855044e-16,20,32,,3.9381434000097215,0.8395061728395061,0.8320987654320988
reg3,60,reg3_m60_s1,es,1,30,1510,1.246318420893669,68.0,67.9,0.08101175327735252,7.502679033599691e-17,20,31,,4.715398800035473,0.8395061728395061,0.8382716049382717
reg3,60,reg3_m60_s1,es,1,35,1760,1.246318420893669,68.0,68.0,0.08101175327735258,5.594483210025203e-17,20,31,,5.544077500002459,0.8395061728395061,0.8395061728395061
reg3,60,reg3_m60_s1,es,1,40,2010,1.2802910484227707,69.0,68.2,0.10511913998112166,6.808789643208968e-17,20,33,,6.3448238000273705,0.8518518518518519,0.8419753086419753
reg3,60,reg3_m60_s1,es,1,45,2260,1.2802910484227707,69.0,68.3,0.10511913998112166,6.808789643208968e-17,20,33,,7.628294399997685,0.8518518518518519,0.8432098765432099
reg3,60,reg3_m60_s1,es,1,50,2510,1.2802910484227707,69.0,68.4,0.10511913998112157,3.903127820947816e-17,20,34,,8.408910800004378,0.8518518518518519,0.8444444444444446
reg3,60,reg3_m60_s1,es,1,55,2760,1.2802910484227707,69.0,68.7,0.10511913998112157,3.903127820947816e-17,20,34,,9.202866800012998,0.8518518518518519,0.8481481481481482
reg3,60,reg3_m60_s1,es,1,60,3010,1.2802910484227707,69.0,69.0,0.10511913998112153,3.7730235602495554e-17,20,32,,9.985885900037829,0.8518518518518519,0.8518518518518519
reg3,60,reg3_m60_s1,es,1,65,3260,1.2802910484227707,69.0,69.0,0.10511913998112157,3.903127820947816e-17,20,34,,10.773233000014443,0.8518518518518519,0.8518518518518519
reg3,60,reg3_m60_s1,es,1,70,3510,1.2802910484227707,69.0,69.0,0.10511913998112142,1.214306433183765e-17,20,33,,11.55749229999492,0.8518518518518519,0.8518518518518519
reg3,60,reg3_m60_s1,es,1,75,3760,1.2802910484227707,69.0,69.0,0.10511913998112156,8.890457814381136e-17,20,34,,12.359966100018937,0.8518518518518519,0.8518518518518519
reg3,60,reg3_m60_s1,es,1,80,4010,1.2802910484227707,69.0,69.0,0.10511913998112145,7.28583859910259e-17,20,34,,13.154854400025215,0.8518518518518519,0.8518518518518519
reg3,60,reg3_m60_s1,es,1,85,4260,1.2802910484227707,69.0,69.0,0.10511913998112142,1.214306433183765e-17,20,33,,13.910014700028114,0.8518518518518519,0.8518518518518519
reg3,60,reg3_m60_s1,es,1,90,4510,1.2802910484227707,69.0,69.0,0.10511913998112157,1.734723475976807e-17,20,33,,14.69730860000709,0.8518518518518519,0.8518518518518519
reg3,60,reg3_m60_s1,es,1,95,4760,1.2802910484227707,69.0,69.0,0.10511913998112155,8.933825901280557e-17,20,33,,15.460305300017353,0.8518518518518519,0.8518518518518519
reg3,60,reg3_m60_s1,es,1,100,5010,1.2802910484227707,69.0,69.0,0.10511913998112157,1.734723475976807e-17,20,33,,16.188326800009236,0.8518518518518519,0.8518518518518519
reg3,60,reg3_m60_s1,es,1,105,5260,1.2802910484227707,69.0,69.0,0.10511913998112155,2.688821387764051e-17,20,33,,16.934859700035304,0.8518518518518519,0.8518518518518519
reg3,60,reg3_m60_s1,es,1,110,5510,1.2802910484227707,69.0,69.0,0.10511913998112155,6.938893903907228e-18,20,33,,17.716755100002047,0.8518518518518519,0.8518518518518519
reg3,60,reg3_m60_s1,es,1,115,5760,1.2802910484227707,69.0,69.0,0.1051191399811216,3.642919299551295e-17,20,34,,18.48003490001429,0.8518518518518519,0.8518518518518519
reg3,60,reg3_m60_s1,es,1,120,6010,1.2802910484227707,69.0,69.0,0.1051191399811216,5.724587470723463e-17,20,34,,19.22487400000682,0.8518518518518519,0.8518518518518519
reg3,60,reg3_m60_s1,es,1,125,6260,1.2802910484227707,69.0,69.0,0.10511913998112155,6.938893903907228e-18,20,33,,19.982517099997494,0.8518518518518519,0.8518518518518519
reg3,60,reg3_m60_s1,es,1,130,6510,1.2802910484227707,69.0,69.0,0.10511913998112157,5.767955557622884e-17,20,34,,20.740539200021885,0.8518518518518519,0.8518518518518519
reg3,60,reg3_m60_s1,es,1,135,6760,1.2802910484227707,69.0,69.0,0.10511913998112156,1.201296007113939e-16,20,33,,21.66593170003034,0.8518518518518519,0.8518518518518519
reg3,60,reg3_m60_s1,es,1,140,7010,1.2802910484227707,69.0,69.0,0.10511913998112149,8.673617379884035e-18,20,32,,22.42602060001809,0.8518518518518519,0.8518518518518519
reg3,60,reg3_m60_s1,es,1,145,7260,1.2802910484227707,69.0,69.0,0.10511913998112157,5.767955557622884e-17,20,34,,23.21400810003979,0.8518518518518519,0.8518518518518519
reg3,60,reg3_m60_s1,es,1,150,7510,1.2802910484227707,69.0,69.0,0.10511913998112135,2.47198095326695e-17,20,32,,23.97104690002743,0.8518518518518519,0.8518518518518519
reg3,60,reg3_m60_s1,es,1,155,7760,1.2802910484227707,69.0,69.0,0.10511913998112156,9.540979117872439e-17,20,32,,24.738804700027686,0.8518518518518519,0.8518518518518519
reg3,60,reg3_m60_s1,es,1,160,8010,1.2802910484227707,69.0,69.0,0.10511913998112171,7.892991815694472e-17,20,34,,25.495425900036935,0.8518518518518519,0.8518518518518519
reg3,60,reg3_m60_s1,es,1,165,8260,1.2802910484227707,69.0,69.0,0.10511913998112146,1.5612511283791264e-17,20,32,,26.294080500025302,0.8518518518518519,0.8518518518518519
reg3,60,reg3_m60_s1,es,1,170,8510,1.2802910484227707,69.0,69.0,0.10511913998112149,3.382710778154774e-17,20,33,,27.05208950000815,0.8518518518518519,0.8518518518518519
reg3,60,reg3_m60_s1,es,1,175,8760,1.2802910484227707,69.0,69.0,0.10511913998112152,9.71445146547012e-17,20,31,,27.835416299989447,0.8518518518518519,0.8518518518518519
reg3,60,reg3_m60_s1,es,1,180,9010,1.280291048422771,69.0,69.0,0.10511913998112171,9.540979117872439e-18,20,33,,28.617907500010915,0.8518518518518519,0.8518518518518519
reg3,60,reg3_m60_s1,es,1,185,9260,1.280291048422771,69.0,69.0,0.10511913998112171,9.540979117872439e-18,20,33,,29.395997299987357,0.8518518518518519,0.8518518518518519
reg3,60,reg3_m60_s1,es,1,190,9510,1.280291048422771,69.0,69.0,0.10511913998112171,9.540979117872439e-18,20,33,,30.165537900000345,0.8518518518518519,0.8518518518518519
reg3,60,reg3_m60_s1,es,1,195,9760,1.280291048422771,69.0,69.0,0.10511913998112171,9.540979117872439e-18,20,33,,30.935700500034727,0.8518518518518519,0.8518518518518519
reg3,60,reg3_m60_s1,es,1,200,10010,1.280291048422771,69.0,69.0,0.10511913998112171,9.540979117872439e-18,20,33,,31.711756600008812,0.8518518518518519,0.8518518518518519
reg3,60,reg3_m60_s1,es,1,205,10260,1.280291048422771,69.0,69.0,0.10511913998112171,9.540979117872439e-18,20,33,,32.55482489999849,0.8518518518518519,0.8518518518518519
reg3,60,reg3_m60_s1,es,1,210,10510,1.280291048422771,69.0,69.0,0.10511913998112171,9.540979117872439e-18,20,33,,33.31173860002309,0.8518518518518519,0.8518518518518519
reg3,60,reg3_m60_s1,es,1,215,10760,1.280291048422771,69.0,69.0,0.10511913998112171,9.540979117872439e-18,20,33,,34.07541410002159,0.8518518518518519,0.8518518518518519
reg3,60,reg3_m60_s1,es,1,220,11010,1.280291048422771,69.0,69.0,0.10511913998112171,9.540979117872439e-18,20,33,,34.850770200020634,0.8518518518518519,0.8518518518518519
reg3,60,reg3_m60_s1,es,1,225,11260,1.280291048422771,69.0,69.0,0.10511913998112171,9.540979117872439e-18,20,33,,35.62955040001543,0.8518518518518519,0.8518518518518519
reg3,60,reg3_m60_s1,es,1,230,11510,1.280291048422771,69.0,69.0,0.10511913998112171,9.540979117872439e-18,20,33,,36.38373170001432,0.8518518518518519,0.8518518518518519
reg3,60,reg3_m60_s1,es,1,235,11760,1.280291048422771,69.0,69.0,0.10511913998112171,9.540979117872439e-18,20,33,,37.20815920003224,0.8518518518518519,0.8518518518518519
reg3,60,reg3_m60_s1,es,1,240,12010,1.280291048422771,69.0,69.0,0.10511913998112171,9.540979117872439e-18,20,33,,37.981521200039424,0.8518518518518519,0.8518518518518519
reg3,60,reg3_m60_s1,es,1,245,12260,1.280291048422771,69.0,69.0,0.10511913998112171,9.540979117872439e-18,20,33,,38.76444060000358,0.8518518518518519,0.8518518518518519
reg3,60,reg3_m60_s1,es,1,250,12510,1.280291048422771,69.0,69.0,0.10511913998112171,9.540979117872439e-18,20,33,,39.545806500012986,0.8518518518518519,0.8518518518518519
reg3,60,reg3_m60_s1,es,1,255,12760,1.280291048422771,69.0,69.0,0.10511913998112171,9.540979117872439e-18,20,33,,40.28402810002444,0.8518518518518519,0.8518518518518519
reg3,60,reg3_m60_s1,es,1,260,13010,1.280291048422771,69.0,69.0,0.10511913998112171,9.540979117872439e-18,20,33,,41.040280600020196,0.8518518518518519,0.8518518518518519
reg3,60,reg3_m60_s1,es,1,265,13260,1.280291048422771,69.0,69.0,0.10511913998112171,9.540979117872439e-18,20,33,,41.81954430002952,0.8518518518518519,0.8518518518518519
reg3,60,reg3_m60_s1,es,1,270,13510,1.280291048422771,69.0,69.0,0.10511913998112171,9.540979117872439e-18,20,33,,42.568322300037835,0.8518518518518519,0.8518518518518519
reg3,60,reg3_m60_s1,es,1,275,13760,1.280291048422771,69.0,69.0,0.10511913998112171,9.540979117872439e-18,20,33,,43.362781700037885,0.8518518518518519,0.8518518518518519
reg3,60,reg3_m60_s1,es,1,280,14010,1.280291048422771,69.0,69.0,0.10511913998112171,9.540979117872439e-18,20,33,,44.126077499997336,0.8518518518518519,0.8518518518518519
reg3,60,reg3_m60_s1,es,1,285,14260,1.280291048422771,69.0,69.0,0.10511913998112171,9.540979117872439e-18,20,33,,44.88820789998863,0.8518518518518519,0.8518518518518519
reg3,60,reg3_m60_s1,es,1,290,14510,1.280291048422771,69.0,69.0,0.10511913998112171,9.540979117872439e-18,20,33,,45.6577056000242,0.8518518518518519,0.8518518518518519
reg3,60,reg3_m60_s1,es,1,295,14760,1.280291048422771,69.0,69.0,0.10511913998112171,9.540979117872439e-18,20,33,,46.428041999985,0.8518518518518519,0.8518518518518519
reg3,60,reg3_m60_s1,es,1,300,15010,1.280291048422771,69.0,69.0,0.10511913998112171,9.540979117872439e-18,20,33,,47.20766130002448,0.8518518518518519,0.8518518518518519
reg3,60,reg3_m60_s1,es,1,305,15260,1.280291048422771,69.0,69.0,0.10511913998112171,9.540979117872439e-18,20,33,,47.9806346000405,0.8518518518518519,0.8518518518518519
reg3,60,reg3_m60_s1,es,1,310,15510,1.280291048422771,69.0,69.0,0.10511913998112171,9.540979117872439e-18,20,33,,48.77704600000288,0.8518518518518519,0.8518518518518519
reg3,60,reg3_m60_s1,es,1,315,15760,1.280291048422771,69.0,69.0,0.10511913998112171,9.540979117872439e-18,20,33,,49.567877700028475,0.8518518518518519,0.8518518518518519
reg3,60,reg3_m60_s1,es,1,320,16010,1.280291048422771,69.0,69.0,0.10511913998112171,9.540979117872439e-18,20,33,,50.33111720002489,0.8518518518518519,0.8518518518518519
reg3,60,reg3_m60_s1,es,1,325,16260,1.280291048422771,69.0,69.0,0.10511913998112171,9.540979117872439e-18,20,33,,51.086746699991636,0.8518518518518519,0.8518518518518519
reg3,60,reg3_m60_s1,es,1,330,16510,1.280291048422771,69.0,69.0,0.10511913998112171,9.540979117872439e-18,20,33,,51.86533830000553,0.8518518518518519,0.8518518518518519
reg3,60,reg3_m60_s1,es,1,335,16760,1.280291048422771,69.0,69.0,0.10511913998112171,9.540979117872439e-18,20,33,,52.61908470001072,0.8518518518518519,0.8518518518518519
reg3,60,reg3_m60_s1,es,1,340,17010,1.280291048422771,69.0,69.0,0.10511913998112171,9.540979117872439e-18,20,33,,53.38088559999596,0.8518518518518519,0.8518518518518519
reg3,60,reg3_m60_s1,es,1,345,17260,1.280291048422771,69.0,69.0,0.10511913998112171,9.540979117872439e-18,20,33,,54.16894780000439,0.8518518518518519,0.8518518518518519
reg3,60,reg3_m60_s1,es,1,350,17510,1.280291048422771,69.0,69.0,0.10511913998112171,9.540979117872439e-18,20,33,,54.956709299993236,0.8518518518518519,0.8518518518518519
reg3,60,reg3_m60_s1,es,1,355,17760,1.280291048422771,69.0,69.0,0.10511913998112171,9.540979117872439e-18,20,33,,55.7223493999918,0.8518518518518519,0.8518518518518519
reg3,60,reg3_m60_s1,es,1,360,18010,1.280291048422771,69.0,69.0,0.10511913998112171,9.540979117872439e-18,20,33,,56.51069500000449,0.8518518518518519,0.8518518518518519
reg3,60,reg3_m60_s1,es,1,365,18260,1.280291048422771,69.0,69.0,0.10511913998112171,9.540979117872439e-18,20,33,,57.29720390000148,0.8518518518518519,0.8518518518518519
reg3,60,reg3_m60_s1,es,1,370,18510,1.280291048422771,69.0,69.0,0.10511913998112171,9.540979117872439e-18,20,33,,58.109629400016274,0.8518518518518519,0.8518518518518519
reg3,60,reg3_m60_s1,es,1,375,18760,1.280291048422771,69.0,69.0,0.10511913998112171,9.540979117872439e-18,20,33,,58.881105400039814,0.8518518518518519,0.8518518518518519
reg3,60,reg3_m60_s1,es,1,380,19010,1.280291048422771,69.0,69.0,0.10511913998112171,9.540979117872439e-18,20,33,,59.643253099988215,0.8518518518518519,0.8518518518518519
reg3,60,reg3_m60_s1,es,1,385,19260,1.280291048422771,69.0,69.0,0.10511913998112171,9.540979117872439e-18,20,33,,60.40323110000463,0.8518518518518519,0.8518518518518519
reg3,60,reg3_m60_s1,es,1,390,19510,1.280291048422771,69.0,69.0,0.10511913998112171,9.540979117872439e-18,20,33,,61.17989720002515,0.8518518518518519,0.8518518518518519
reg3,60,reg3_m60_s1,es,1,395,19760,1.280291048422771,69.0,69.0,0.10511913998112171,9.540979117872439e-18,20,33,,61.945687200000975,0.8518518518518519,0.8518518518518519
reg3,60,reg3_m60_s1,es,1,400,20010,1.280291048422771,69.0,69.0,0.10511913998112171,9.540979117872439e-18,20,33,,62.72162969998317,0.8518518518518519,0.8518518518518519
reg3,60,reg3_m60_s1,es,2,0,10,0.6329530361121426,40.0,44.6,0.04581983327067264,0.0005821446788837163,20,39,,0.031046700023580343,0.49382716049382713,0.5506172839506173
reg3,60,reg3_m60_s1,es,2,5,260,1.0785950375413467,60.0,59.5,0.0904890626761852,0.0020657121730384455,20,28,,0.8011105000041425,0.7407407407407407,0.7345679012345679
reg3,60,reg3_m60_s1,es,2,10,510,1.1867944247602231,65.0,63.0,0.11471100967513811,0.0045106120020448285,20,30,,1.5678393000271171,0.8024691358024691,0.7777777777777778
reg3,60,reg3_m60_s1,es,2,15,760,1.221802632443806,67.0,65.9,0.12818535021522268,0.00018050609688374797,20,31,,2.352960999996867,0.8271604938271605,0.8135802469135803
reg3,60,reg3_m60_s1,es,2,20,1010,1.237007577152681,67.0,66.7,0.09954815872423557,0.00041352770084832763,20,30,,3.109589400002733,0.8271604938271605,0.8234567901234568
reg3,60,reg3_m60_s1,es,2,25,1260,1.2441460265886177,67.0,67.1,0.11010633719449064,0.0026396855187483846,20,30,,3.878627000027336,0.8271604938271605,0.8283950617283949
reg3,60,reg3_m60_s1,es,2,30,1510,1.2441460265886177,67.0,67.2,0.11010633719449064,0.0026396855187483846,20,30,,4.670971199986525,0.8271604938271605,0.8296296296296297
reg3,60,reg3_m60_s1,es,2,35,1760,1.2481725582598524,67.0,67.1,0.09875706559985872,0.0030276791037594283,20,31,,5.43539390002843,0.8271604938271605,0.8283950617283949
reg3,60,reg3_m60_s1,es,2,40,2010,1.2481725582598524,67.0,67.0,0.09875706559985872,0.0030276791037594283,20,31,,6.192781899997499,0.8271604938271605,0.8271604938271605
reg3,60,reg3_m60_s1,es,2,45,2260,1.2567240244346862,68.0,67.4,0.10054282140996809,0.006810538811641724,20,32,,6.962395200040191,0.8395061728395061,0.8320987654320988
reg3,60,reg3_m60_s1,es,2,50,2510,1.277252501999132,69.0,68.7,0.11369894154007976,0.00605966773401812,20,33,,7.727431400038768,0.8518518518518519,0.8481481481481482
reg3,60,reg3_m60_s1,es,2,55,2760,1.2801333310527054,69.0,69.0,0.10946934302387892,0.000276963360184174,20,33,,8.478892599989194,0.8518518518518519,0.8518518518518519
reg3,60,reg3_m60_s1,es,2,60,3010,1.2873906640926234,69.0,69.0,0.11256120378276008,0.006407459221965249,20,33,,9.258476199989673,0.8518518518518519,0.8518518518518519
reg3,60,reg3_m60_s1,es,2,65,3260,1.2873906640926234,69.0,69.0,0.11256120378276008,0.006407459221965249,20,33,,10.01449390000198,0.8518518518518519,0.8518518518518519
reg3,60,reg3_m60_s1,es,2,70,3510,1.298446487002361,70.0,69.4,0.1052879687033285,0.0017016526489852715,20,33,,11.177619100024458,0.8641975308641975,0.8567901234567902
reg3,60,reg3_m60_s1,es,2,75,3760,1.2985386558437297,69.0,69.3,0.11732893609439651,0.010263946196346511,20,34,,11.992194399994332,0.8518518518518519,0.8555555555555555
reg3,60,reg3_m60_s1,es,2,80,4010,1.3015180410584033,70.0,69.7,0.11401584091526501,0.004607323671527061,20,33,,12.790947200031951,0.8641975308641975,0.8604938271604938
reg3,60,reg3_m60_s1,es,2,85,4260,1.3119685164763395,70.0,70.0,0.11728875517979503,0.0003820367443359632,20,33,,13.55297800002154,0.8641975308641975,0.8641975308641975
reg3,60,reg3_m60_s1,es,2,90,4510,1.322432892730649,71.0,70.1,0.1032944714079986,0.0015977144156322232,20,34,,14.351492799993139,0.8765432098765432,0.865432098765432
reg3,60,reg3_m60_s1,es,2,95,4760,1.322432892730649,71.0,70.1,0.1032944714079986,0.0015977144156322232,20,34,,15.15917320002336,0.8765432098765432,0.865432098765432
reg3,60,reg3_m60_s1,es,2,100,5010,1.3224328927306492,71.0,70.3,0.10329447140799894,0.0015977144156321225,20,33,,15.959047899988946,0.8765432098765432,0.8679012345679012
reg3,60,reg3_m60_s1,es,2,105,5260,1.3224328927306492,71.0,70.3,0.10329447140799894,0.0015977144156321225,20,33,,16.739320599997882,0.8765432098765432,0.8679012345679012
reg3,60,reg3_m60_s1,es,2,110,5510,1.322639214238256,71.0,70.5,0.11194389982324027,0.003374819911652959,20,34,,17.508238999987952,0.8765432098765432,0.8703703703703703
reg3,60,reg3_m60_s1,es,2,115,5760,1.331082470194057,71.0,71.0,0.10828002886630748,0.001187600819821083,20,34,,18.280429600039497,0.8765432098765432,0.8765432098765432
reg3,60,reg3_m60_s1,es,2,120,6010,1.331082470194057,71.0,71.0,0.1082800288663073,0.001187600819820972,20,33,,19.06023840000853,0.8765432098765432,0.8765432098765432
reg3,60,reg3_m60_s1,es,2,125,6260,1.331082470194057,71.0,71.0,0.1082800288663073,0.001187600819820972,20,33,,19.842086900025606,0.8765432098765432,0.8765432098765432
reg3,60,reg3_m60_s1,es,2,130,6510,1.3310824701940571,71.0,71.0,0.10828002886630742,0.0011876008198207846,20,34,,20.59616170002846,0.8765432098765432,0.8765432098765432
reg3,60,reg3_m60_s1,es,2,135,6760,1.3310824701940571,71.0,71.0,0.10828002886630742,0.0011876008198207846,20,34,,21.37120200000936,0.8765432098765432,0.8765432098765432
reg3,60,reg3_m60_s1,es,2,140,7010,1.3310824701940571,71.0,71.0,0.10828002886630742,0.0011876008198207846,20,34,,22.161239599983674,0.8765432098765432,0.8765432098765432
reg3,60,reg3_m60_s1,es,2,145,7260,1.3310824701940571,71.0,71.0,0.10828002886630742,0.0011876008198207846,20,34,,22.93523709999863,0.8765432098765432,0.8765432098765432
reg3,60,reg3_m60_s1,es,2,150,7510,1.3310824701940571,71.0,71.0,0.10828002886630742,0.0011876008198207846,20,34,,23.75068390002707,0.8765432098765432,0.8765432098765432
reg3,60,reg3_m60_s1,es,2,155,7760,1.3310824701940571,71.0,71.0,0.10828002886630742,0.0011876008198207846,20,34,,24.53699090000009,0.8765432098765432,0.8765432098765432
reg3,60,reg3_m60_s1,es,2,160,8010,1.3310824701940571,71.0,71.0,0.10828002886630742,0.0011876008198207846,20,34,,25.44924390001688,0.8765432098765432,0.8765432098765432
reg3,60,reg3_m60_s1,es,2,165,8260,1.3310824701940571,71.0,71.0,0.10828002886630742,0.0011876008198207846,20,34,,26.23503919999348,0.8765432098765432,0.8765432098765432
reg3,60,reg3_m60_s1,es,2,170,8510,1.3310824701940571,71.0,71.0,0.10828002886630742,0.0011876008198207846,20,34,,27.020748000009917,0.8765432098765432,0.8765432098765432
reg3,60,reg3_m60_s1,es,2,175,8760,1.3310824701940571,71.0,71.0,0.10828002886630742,0.0011876008198207846,20,34,,27.814274200005457,0.8765432098765432,0.8765432098765432
reg3,60,reg3_m60_s1,es,2,180,9010,1.3310824701940571,71.0,71.0,0.10828002886630742,0.0011876008198207846,20,34,,28.597255500033498,0.8765432098765432,0.8765432098765432
reg3,60,reg3_m60_s1,es,2,185,9260,1.3310824701940571,71.0,71.0,0.10828002886630742,0.0011876008198207846,20,34,,29.38393210002687,0.8765432098765432,0.8765432098765432
reg3,60,reg3_m60_s1,es,2,190,9510,1.3310824701940571,71.0,71.0,0.10828002886630742,0.0011876008198207846,20,34,,30.193396000016946,0.8765432098765432,0.8765432098765432
reg3,60,reg3_m60_s1,es,2,195,9760,1.3310824701940571,71.0,71.0,0.10828002886630742,0.0011876008198207846,20,34,,30.973851100017782,0.8765432098765432,0.8765432098765432
reg3,60,reg3_m60_s1,es,2,200,10010,1.3310824701940571,71.0,71.0,0.10828002886630742,0.0011876008198207846,20,34,,31.74423620000016,0.8765432098765432,0.8765432098765432
reg3,60,reg3_m60_s1,es,2,205,10260,1.3310824701940571,71.0,71.0,0.10828002886630742,0.0011876008198207846,20,34,,32.53216609999072,0.8765432098765432,0.8765432098765432
reg3,60,reg3_m60_s1,es,2,210,10510,1.3310824701940571,71.0,71.0,0.10828002886630742,0.0011876008198207846,20,34,,33.29874009999912,0.8765432098765432,0.8765432098765432
reg3,60,reg3_m60_s1,es,2,215,10760,1.3310824701940571,71.0,71.0,0.10828002886630742,0.0011876008198207846,20,34,,34.092361100018024,0.8765432098765432,0.8765432098765432
reg3,60,reg3_m60_s1,es,2,220,11010,1.3310824701940571,71.0,71.0,0.10828002886630742,0.0011876008198207846,20,34,,34.92400900000939,0.8765432098765432,0.8765432098765432
reg3,60,reg3_m60_s1,es,2,225,11260,1.3310824701940571,71.0,71.0,0.10828002886630742,0.0011876008198207846,20,34,,35.69957729999442,0.8765432098765432,0.8765432098765432
reg3,60,reg3_m60_s1,es,2,230,11510,1.3310824701940571,71.0,71.0,0.10828002886630742,0.0011876008198207846,20,34,,36.599112100026105,0.8765432098765432,0.8765432098765432
reg3,60,reg3_m60_s1,es,2,235,11760,1.3310824701940571,71.0,71.0,0.10828002886630742,0.0011876008198207846,20,34,,37.346737599989865,0.8765432098765432,0.8765432098765432
reg3,60,reg3_m60_s1,es,2,240,12010,1.3310824701940571,71.0,71.0,0.10828002886630742,0.0011876008198207846,20,34,,38.1133361000102,0.8765432098765432,0.8765432098765432
reg3,60,reg3_m60_s1,es,2,245,12260,1.3310824701940571,71.0,71.0,0.10828002886630742,0.0011876008198207846,20,34,,38.88578950002557,0.8765432098765432,0.8765432098765432
reg3,60,reg3_m60_s1,es,2,250,12510,1.3310824701940571,71.0,71.0,0.10828002886630742,0.0011876008198207846,20,34,,39.69391860003816,0.8765432098765432,0.8765432098765432
reg3,60,reg3_m60_s1,es,2,255,12760,1.3310824701940571,71.0,71.0,0.10828002886630742,0.0011876008198207846,20,34,,40.464916400029324,0.8765432098765432,0.8765432098765432
reg3,60,reg3_m60_s1,es,2,260,13010,1.3310824701940571,71.0,71.0,0.10828002886630742,0.0011876008198207846,20,34,,41.26290329999756,0.8765432098765432,0.8765432098765432
reg3,60,reg3_m60_s1,es,2,265,13260,1.3310824701940571,71.0,71.0,0.10828002886630742,0.0011876008198207846,20,34,,42.049535500002094,0.8765432098765432,0.8765432098765432
reg3,60,reg3_m60_s1,es,2,270,13510,1.3310824701940571,71.0,71.0,0.10828002886630742,0.0011876008198207846,20,34,,42.83056090003811,0.8765432098765432,0.8765432098765432
reg3,60,reg3_m60_s1,es,2,275,13760,1.3310824701940571,71.0,71.0,0.10828002886630742,0.0011876008198207846,20,34,,43.62999510002555,0.8765432098765432,0.8765432098765432
reg3,60,reg3_m60_s1,es,2,280,14010,1.3310824701940571,71.0,71.0,0.10828002886630742,0.0011876008198207846,20,34,,44.43359850003617,0.8765432098765432,0.8765432098765432
reg3,60,reg3_m60_s1,es,2,285,14260,1.3310824701940571,71.0,71.0,0.10828002886630742,0.0011876008198207846,20,34,,45.21101810003165,0.8765432098765432,0.8765432098765432
reg3,60,reg3_m60_s1,es,2,290,14510,1.3310824701940571,71.0,71.0,0.10828002886630742,0.0011876008198207846,20,34,,45.986518700025044,0.8765432098765432,0.8765432098765432
reg3,60,reg3_m60_s1,es,2,295,14760,1.3310824701940571,71.0,71.0,0.10828002886630742,0.0011876008198207846,20,34,,46.76536339998711,0.8765432098765432,0.8765432098765432
reg3,60,reg3_m60_s1,es,2,300,15010,1.3310824701940571,71.0,71.0,0.10828002886630742,0.0011876008198207846,20,34,,47.545563200023025,0.8765432098765432,0.8765432098765432
reg3,60,reg3_m60_s1,es,2,305,15260,1.3310824701940571,71.0,71.0,0.10828002886630742,0.0011876008198207846,20,34,,48.31098860001657,0.8765432098765432,0.8765432098765432
reg3,60,reg3_m60_s1,es,2,310,15510,1.3310824701940571,71.0,71.0,0.10828002886630742,0.0011876008198207846,20,34,,49.10804110002937,0.8765432098765432,0.8765432098765432
reg3,60,reg3_m60_s1,es,2,315,15760,1.3310824701940571,71.0,71.0,0.10828002886630742,0.0011876008198207846,20,34,,49.88691800000379,0.8765432098765432,0.8765432098765432
reg3,60,reg3_m60_s1,es,2,320,16010,1.3310824701940571,71.0,71.0,0.10828002886630742,0.0011876008198207846,20,34,,50.68876910000108,0.8765432098765432,0.8765432098765432
reg3,60,reg3_m60_s1,es,2,325,16260,1.3310824701940571,71.0,71.0,0.10828002886630742,0.0011876008198207846,20,34,,51.46407640003599,0.8765432098765432,0.8765432098765432
reg3,60,reg3_m60_s1,es,2,330,16510,1.3310824701940571,71.0,71.0,0.10828002886630742,0.0011876008198207846,20,34,,52.23147689999314,0.8765432098765432,0.8765432098765432
reg3,60,reg3_m60_s1,es,2,335,16760,1.3310824701940571,71.0,71.0,0.10828002886630742,0.0011876008198207846,20,34,,53.02185160003137,0.8765432098765432,0.8765432098765432
reg3,60,reg3_m60_s1,es,2,340,17010,1.3310824701940571,71.0,71.0,0.10828002886630742,0.0011876008198207846,20,34,,53.791388600016944,0.8765432098765432,0.8765432098765432
reg3,60,reg3_m60_s1,es,2,345,17260,1.3310824701940571,71.0,71.0,0.10828002886630742,0.0011876008198207846,20,34,,54.57224579999456,0.8765432098765432,0.8765432098765432
reg3,60,reg3_m60_s1,es,2,350,17510,1.3310824701940571,71.0,71.0,0.10828002886630742,0.0011876008198207846,20,34,,55.36131900001783,0.8765432098765432,0.8765432098765432
reg3,60,reg3_m60_s1,es,2,355,17760,1.3310824701940571,71.0,71.0,0.10828002886630742,0.0011876008198207846,20,34,,56.14020550000714,0.8765432098765432,0.8765432098765432
reg3,60,reg3_m60_s1,es,2,360,18010,1.3310824701940571,71.0,71.0,0.10828002886630742,0.0011876008198207846,20,34,,56.895983599999454,0.8765432098765432,0.8765432098765432
reg3,60,reg3_m60_s1,es,2,365,18260,1.3310824701940571,71.0,71.0,0.10828002886630742,0.0011876008198207846,20,34,,57.68274090002524,0.8765432098765432,0.8765432098765432
reg3,60,reg3_m60_s1,es,2,370,18510,1.3310824701940571,71.0,71.0,0.10828002886630742,0.0011876008198207846,20,34,,58.46929490001639,0.8765432098765432,0.8765432098765432
reg3,60,reg3_m60_s1,es,2,375,18760,1.3310824701940571,71.0,71.0,0.10828002886630742,0.0011876008198207846,20,34,,59.24433100002352,0.8765432098765432,0.8765432098765432
reg3,60,reg3_m60_s1,es,2,380,19010,1.3310824701940571,71.0,71.0,0.10828002886630742,0.0011876008198207846,20,34,,60.02860070002498,0.8765432098765432,0.8765432098765432
reg3,60,reg3_m60_s1,es,2,385,19260,1.3310824701940571,71.0,71.0,0.10828002886630742,0.0011876008198207846,20,34,,60.803758800029755,0.8765432098765432,0.8765432098765432
reg3,60,reg3_m60_s1,es,2,390,19510,1.3310824701940571,71.0,71.0,0.10828002886630742,0.0011876008198207846,20,34,,61.58943819999695,0.8765432098765432,0.8765432098765432
reg3,60,reg3_m60_s1,es,2,395,19760,1.3310824701940571,71.0,71.0,0.10828002886630742,0.0011876008198207846,20,34,,62.351568899990525,0.8765432098765432,0.8765432098765432
reg3,60,reg3_m60_s1,es,2,400,20010,1.3310824701940571,71.0,71.0,0.10828002886630742,0.0011876008198207846,20,34,,63.09845350001706,0.8765432098765432,0.8765432098765432
reg3,60,reg3_m60_s1,es+learned,0,0,10,0.6998357169175002,44.0,43.5,0.07304383663338695,0.00098649445651193,20,35,,0.05654840002534911,0.5432098765432098,0.5370370370370371
reg3,60,reg3_m60_s1,es+learned,0,5,260,0.9979184421378529,57.0,56.0,0.05892903304547341,0.00018924407914867186,20,34,0.1461794674396515,3.7352906999876723,0.7037037037037037,0.691358024691358
reg3,60,reg3_m60_s1,es+learned,0,10,510,1.0787249089165,61.0,60.0,0.06943099075743384,0.0020675374656758255,20,35,0.1123398095369339,10.140666600025725,0.7530864197530864,0.7407407407407407
reg3,60,reg3_m60_s1,es+learned,0,15,760,1.1283376843216,63.0,62.9,0.06836349572690945,8.107859515391058e-05,20,33,0.10676290094852448,16.430108300002757,0.7777777777777778,0.7765432098765432
reg3,60,reg3_m60_s1,es+learned,0,20,1010,1.1900846443660154,66.0,64.4,0.06977321883972204,0.005441813201440996,20,33,0.10275395214557648,20.056652200000826,0.8148148148148148,0.7950617283950618
reg3,60,reg3_m60_s1,es+learned,0,25,1260,1.2241748825856162,68.0,66.7,0.07085490661756962,0.00014688186380801857,20,34,0.08642125129699707,26.381748099985998,0.8395061728395061,0.8234567901234568
reg3,60,reg3_m60_s1,es+learned,0,30,1510,1.2326652549252155,69.0,67.3,0.060131345638570026,1.2836953722228372e-16,20,31,0.056123457849025726,32.74089429999003,0.8518518518518519,0.8308641975308642
reg3,60,reg3_m60_s1,es+learned,0,35,1760,1.2338249834138544,69.0,68.2,0.06013114882146982,2.6020852139652106e-18,20,31,0.03855164721608162,36.32259619998513,0.8518518518518519,0.8419753086419753
reg3,60,reg3_m60_s1,es+learned,0,40,2010,1.2470506261931131,69.0,68.7,0.07076063103232733,0.0023866711802588546,20,34,0.04300294816493988,42.2814931999892,0.8518518518518519,0.8481481481481482
reg3,60,reg3_m60_s1,es+learned,0,45,2260,1.2470506261931131,69.0,68.7,0.07076063103232733,0.0023866711802588546,20,34,0.026577133685350418,48.15712019999046,0.8518518518518519,0.8481481481481482
reg3,60,reg3_m60_s1,es+learned,0,50,2510,1.2547139559703115,70.0,69.0,0.06474321340797493,0.0015643046209330384,20,34,0.032278310507535934,51.50010669999756,0.8641975308641975,0.8518518518518519
reg3,60,reg3_m60_s1,es+learned,0,55,2760,1.2594882107814456,70.0,69.4,0.060822850668372154,0.0015643046209330175,20,34,0.03488864377140999,57.45947709999746,0.8641975308641975,0.8567901234567902
reg3,60,reg3_m60_s1,es+learned,0,60,3010,1.2595107469754212,70.0,70.0,0.07534126425336268,0.0011287868279818841,20,33,0.025253627449274063,63.322299999999814,0.8641975308641975,0.8641975308641975
reg3,60,reg3_m60_s1,es+learned,0,65,3260,1.2642273002373812,70.0,70.0,0.06928878596544974,0.0006031273671372739,20,34,0.03365310654044151,66.7292454999988,0.8641975308641975,0.8641975308641975
reg3,60,reg3_m60_s1,es+learned,0,70,3510,1.2642273002373812,70.0,70.0,0.06928878596544974,0.0006031273671372739,20,34,0.03178932145237923,72.67183010000736,0.8641975308641975,0.8641975308641975
reg3,60,reg3_m60_s1,es+learned,0,75,3760,1.2642273002373814,70.0,70.0,0.0692887859654498,0.0006031273671370241,20,34,0.027605395764112473,78.57384450000245,0.8641975308641975,0.8641975308641975
reg3,60,reg3_m60_s1,es+learned,0,80,4010,1.269932930757915,70.0,70.0,0.07008873427398818,0.0002477879393890884,20,34,0.0242762491106987,81.95718049997231,0.8641975308641975,0.8641975308641975
reg3,60,reg3_m60_s1,es+learned,0,85,4260,1.269932930757915,70.0,70.0,0.07008873427398818,0.0002477879393890884,20,34,0.02965676598250866,87.81633970001712,0.8641975308641975,0.8641975308641975
reg3,60,reg3_m60_s1,es+learned,0,90,4510,1.269932930757915,70.0,70.0,0.07008873427398818,0.0002477879393890884,20,34,0.021912308409810066,93.7121498999768,0.8641975308641975,0.8641975308641975
reg3,60,reg3_m60_s1,es+learned,0,95,4760,1.2699407869373311,70.0,70.0,0.0695314384549135,0.00043635324385697324,20,34,0.021297339349985123,97.35235840000678,0.8641975308641975,0.8641975308641975
reg3,60,reg3_m60_s1,es+learned,0,100,5010,1.2699407869373311,70.0,70.0,0.0695314384549135,0.00043635324385697324,20,34,0.027736486867070198,103.15089649998117,0.8641975308641975,0.8641975308641975
reg3,60,reg3_m60_s1,es+learned,0,105,5260,1.2699407869373311,70.0,70.0,0.06953143845491336,0.0004363532438569316,20,32,0.024294806644320488,108.99274820002029,0.8641975308641975,0.8641975308641975
reg3,60,reg3_m60_s1,es+learned,0,110,5510,1.2699407869373311,70.0,70.0,0.06953143845491336,0.0004363532438568501,20,31,0.024841133505105972,112.34720249997918,0.8641975308641975,0.8641975308641975
reg3,60,reg3_m60_s1,es+learned,0,115,5760,1.2699407869373311,70.0,70.0,0.0695314384549135,0.00043635324385697324,20,34,0.01961601711809635,118.16079459997127,0.8641975308641975,0.8641975308641975
reg3,60,reg3_m60_s1,es+learned,0,120,6010,1.2699407869373311,70.0,70.0,0.06953143845491333,0.0004363532438569819,20,33,0.026182200759649277,123.9264282999793,0.8641975308641975,0.8641975308641975
reg3,60,reg3_m60_s1,es+learned,0,125,6260,1.2699407869373311,70.0,70.0,0.06953143845491341,0.0004363532438569073,20,32,0.022962775081396103,127.27817960001994,0.8641975308641975,0.8641975308641975
reg3,60,reg3_m60_s1,es+learned,0,130,6510,1.2699407869373311,70.0,70.0,0.06953143845491336,0.0004363532438569316,20,32,0.01605808362364769,133.12415749998763,0.8641975308641975,0.8641975308641975
reg3,60,reg3_m60_s1,es+learned,0,135,6760,1.2699407869373311,70.0,70.0,0.06953143845491333,0.0004363532438569819,20,33,0.021539688110351562,138.98105770000257,0.8641975308641975,0.8641975308641975
reg3,60,reg3_m60_s1,es+learned,0,140,7010,1.2699407869373311,70.0,70.0,0.06953143845491341,0.0004363532438568067,20,33,0.018267357721924782,142.36045219999505,0.8641975308641975,0.8641975308641975
reg3,60,reg3_m60_s1,es+learned,0,145,7260,1.2699407869373311,70.0,70.0,0.06953143845491341,0.00043635324385689865,20,33,0.024353688582777977,148.24012149998453,0.8641975308641975,0.8641975308641975
reg3,60,reg3_m60_s1,es+learned,0,150,7510,1.2699407869373311,70.0,70.0,0.06953143845491333,0.00043635324385682406,20,31,0.017406029626727104,154.12286740000127,0.8641975308641975,0.8641975308641975
reg3,60,reg3_m60_s1,es+learned,0,155,7760,1.2699407869373311,70.0,70.0,0.06953143845491336,0.0004363532438568501,20,31,0.013816248625516891,157.47576840000693,0.8641975308641975,0.8641975308641975
reg3,60,reg3_m60_s1,es+learned,0,160,8010,1.2699407869373311,70.0,70.0,0.06953143845491339,0.00043635324385687436,20,34,0.010871616192162037,163.34440270002233,0.8641975308641975,0.8641975308641975
reg3,60,reg3_m60_s1,es+learned,0,165,8260,1.2699407869373311,70.0,70.0,0.06953143845491333,0.0004363532438568015,20,33,0.01532843615859747,169.34184910001932,0.8641975308641975,0.8641975308641975
reg3,60,reg3_m60_s1,es+learned,0,170,8510,1.2699407869373311,70.0,70.0,0.06953143845491336,0.0004363532438568501,20,31,0.017316635698080063,172.70332410000265,0.8641975308641975,0.8641975308641975
reg3,60,reg3_m60_s1,es+learned,0,175,8760,1.2699407869373311,70.0,70.0,0.06953143845491333,0.00043635324385692814,20,32,0.017837677150964737,178.4985123000224,0.8641975308641975,0.8641975308641975
reg3,60,reg3_m60_s1,es+learned,0,180,9010,1.2699407869373311,70.0,70.0,0.0695314384549134,0.0004363532438568969,20,33,0.016889307647943497,184.33317940001143,0.8641975308641975,0.8641975308641975
reg3,60,reg3_m60_s1,es+learned,0,185,9260,1.2699407869373311,70.0,70.0,0.06953143845491341,0.00043635324385696284,20,32,0.01540943793952465,187.82825129997218,0.8641975308641975,0.8641975308641975
reg3,60,reg3_m60_s1,es+learned,0,190,9510,1.2699407869373311,70.0,70.0,0.06953143845491336,0.0004363532438569923,20,32,0.01544505637139082,193.64808650000487,0.8641975308641975,0.8641975308641975
reg3,60,reg3_m60_s1,es+learned,0,195,9760,1.2699407869373311,70.0,70.0,0.06953143845491341,0.0004363532438568761,20,32,0.012638406828045845,199.52133730001515,0.8641975308641975,0.8641975308641975
reg3,60,reg3_m60_s1,es+learned,0,200,10010,1.2699407869373311,70.0,70.0,0.06953143845491332,0.0004363532438568501,20,32,0.015347149223089218,202.92546220001532,0.8641975308641975,0.8641975308641975
reg3,60,reg3_m60_s1,es+learned,0,205,10260,1.2699407869373311,70.0,70.0,0.06953143845491336,0.0004363532438569698,20,33,0.011193824000656605,208.80520050000632,0.8641975308641975,0.8641975308641975
reg3,60,reg3_m60_s1,es+learned,0,210,10510,1.2699407869373311,70.0,70.0,0.06953143845491344,0.00043635324385695763,20,32,0.01564199849963188,214.67205880000256,0.8641975308641975,0.8641975308641975
reg3,60,reg3_m60_s1,es+learned,0,215,10760,1.2699407869373311,70.0,70.0,0.06953143845491336,0.0004363532438569698,20,33,0.012767395004630089,218.03130470000906,0.8641975308641975,0.8641975308641975
reg3,60,reg3_m60_s1,es+learned,0,220,11010,1.2699407869373311,70.0,70.0,0.06953143845491339,0.00043635324385687957,20,33,0.009189504198729992,223.87755159998778,0.8641975308641975,0.8641975308641975
reg3,60,reg3_m60_s1,es+learned,0,225,11260,1.2699407869373311,70.0,70.0,0.06953143845491339,0.00043635324385682926,20,31,0.014864758588373661,229.74570660002064,0.8641975308641975,0.8641975308641975
reg3,60,reg3_m60_s1,es+learned,0,230,11510,1.2699407869373311,70.0,70.0,0.06953143845491333,0.00043635324385683447,20,32,0.01539753656834364,233.11106179998023,0.8641975308641975,0.8641975308641975
reg3,60,reg3_m60_s1,es+learned,0,235,11760,1.2699407869373311,70.0,70.0,0.06953143845491339,0.00043635324385691947,20,34,0.012594124302268028,238.96335949999047,0.8641975308641975,0.8641975308641975
reg3,60,reg3_m60_s1,es+learned,0,240,12010,1.2699407869373311,70.0,70.0,0.06953143845491336,0.0004363532438569698,20,32,0.01147565059363842,244.82247429998824,0.8641975308641975,0.8641975308641975
reg3,60,reg3_m60_s1,es+learned,0,245,12260,1.2699407869373311,70.0,70.0,0.06953143845491333,0.00043635324385689345,20,33,0.01252690888941288,248.1746524000191,0.8641975308641975,0.8641975308641975
reg3,60,reg3_m60_s1,es+learned,0,250,12510,1.2699407869373311,70.0,70.0,0.0695314384549134,0.00043635324385691426,20,32,0.014959391206502914,254.05223109998042,0.8641975308641975,0.8641975308641975
reg3,60,reg3_m60_s1,es+learned,0,255,12760,1.2699407869373311,70.0,70.0,0.06953143845491343,0.0004363532438568657,20,33,0.010909735225141048,260.0176422999939,0.8641975308641975,0.8641975308641975
reg3,60,reg3_m60_s1,es+learned,0,260,13010,1.2699407869373311,70.0,70.0,0.06953143845491343,0.0004363532438568657,20,33,0.013591478578746319,263.4052210000227,0.8641975308641975,0.8641975308641975
reg3,60,reg3_m60_s1,es+learned,0,265,13260,1.2699407869373311,70.0,70.0,0.06953143845491347,0.00043635324385688304,20,33,0.010661610402166843,269.20494109997526,0.8641975308641975,0.8641975308641975
reg3,60,reg3_m60_s1,es+learned,0,270,13510,1.2699407869373311,70.0,70.0,0.06953143845491339,0.0004363532438568865,20,33,0.012174788862466812,275.049886599998,0.8641975308641975,0.8641975308641975
reg3,60,reg3_m60_s1,es+learned,0,275,13760,1.2699407869373311,70.0,70.0,0.0695314384549134,0.00043635324385691426,20,32,0.0107279596850276,278.4223015999887,0.8641975308641975,0.8641975308641975
reg3,60,reg3_m60_s1,es+learned,0,280,14010,1.2699407869373311,70.0,70.0,0.0695314384549134,0.0004363532438569264,20,32,0.010220907628536224,284.264208699984,0.8641975308641975,0.8641975308641975
reg3,60,reg3_m60_s1,es+learned,0,285,14260,1.2699407869373311,70.0,70.0,0.06953143845491344,0.000436353243856857,20,33,0.012960413470864296,290.12425370002165,0.8641975308641975,0.8641975308641975
reg3,60,reg3_m60_s1,es+learned,0,290,14510,1.2699407869373311,70.0,70.0,0.06953143845491336,0.0004363532438568952,20,34,0.011855156160891056,293.5048839999945,0.8641975308641975,0.8641975308641975
reg3,60,reg3_m60_s1,es+learned,0,295,14760,1.2699407869373311,70.0,70.0,0.06953143845491341,0.00043635324385687957,20,33,0.009904158301651478,299.4665857999935,0.8641975308641975,0.8641975308641975
reg3,60,reg3_m60_s1,es+learned,0,300,15010,1.2699407869373311,70.0,70.0,0.06953143845491344,0.00043635324385692294,20,34,0.010696123354136944,305.2678888000082,0.8641975308641975,0.8641975308641975
reg3,60,reg3_m60_s1,es+learned,0,305,15260,1.2699407869373311,70.0,70.0,0.0695314384549133,0.00043635324385687436,20,34,0.008140245452523232,308.5792146999738,0.8641975308641975,0.8641975308641975
reg3,60,reg3_m60_s1,es+learned,0,310,15510,1.2699407869373311,70.0,70.0,0.06953143845491346,0.00043635324385690906,20,33,0.00904222670942545,314.4528261999949,0.8641975308641975,0.8641975308641975
reg3,60,reg3_m60_s1,es+learned,0,315,15760,1.2699407869373311,70.0,70.0,0.06953143845491341,0.0004363532438569854,20,33,0.00808693002909422,320.3590228999965,0.8641975308641975,0.8641975308641975
reg3,60,reg3_m60_s1,es+learned,0,320,16010,1.2699407869373311,70.0,70.0,0.0695314384549134,0.00043635324385687436,20,34,0.009307831525802612,323.7908751000068,0.8641975308641975,0.8641975308641975
reg3,60,reg3_m60_s1,es+learned,0,325,16260,1.2699407869373311,70.0,70.0,0.06953143845491339,0.0004363532438569316,20,34,0.005835243035107851,329.90351329999976,0.8641975308641975,0.8641975308641975
reg3,60,reg3_m60_s1,es+learned,0,330,16510,1.2699407869373311,70.0,70.0,0.06953143845491348,0.00043635324385692814,20,34,0.0083173718303442,335.856627799978,0.8641975308641975,0.8641975308641975
reg3,60,reg3_m60_s1,es+learned,0,335,16760,1.2699407869373311,70.0,70.0,0.06953143845491339,0.00043635324385692814,20,33,0.009804826229810715,339.46362300001783,0.8641975308641975,0.8641975308641975
reg3,60,reg3_m60_s1,es+learned,0,340,17010,1.2699407869373311,70.0,70.0,0.06953143845491341,0.0004363532438569611,20,33,0.00738645251840353,345.6395642000134,0.8641975308641975,0.8641975308641975
reg3,60,reg3_m60_s1,es+learned,0,345,17260,1.2699407869373311,70.0,70.0,0.06953143845491341,0.00043635324385695937,20,34,0.007457302883267403,351.57380650000414,0.8641975308641975,0.8641975308641975
reg3,60,reg3_m60_s1,es+learned,0,350,17510,1.2699407869373311,70.0,70.0,0.06953143845491344,0.00043635324385698365,20,34,0.007795363664627075,354.97100209997734,0.8641975308641975,0.8641975308641975
reg3,60,reg3_m60_s1,es+learned,0,355,17760,1.2699407869373311,70.0,70.0,0.06953143845491344,0.00043635324385698365,20,34,0.008435782976448536,360.84131400001934,0.8641975308641975,0.8641975308641975
reg3,60,reg3_m60_s1,es+learned,0,360,18010,1.2699407869373311,70.0,70.0,0.06953143845491344,0.0004363532438568813,20,34,0.006640256382524967,366.7259474999737,0.8641975308641975,0.8641975308641975
reg3,60,reg3_m60_s1,es+learned,0,365,18260,1.2699407869373311,70.0,70.0,0.06953143845491336,0.0004363532438569351,20,34,0.00996110588312149,370.1494752999861,0.8641975308641975,0.8641975308641975
reg3,60,reg3_m60_s1,es+learned,0,370,18510,1.2699407869373311,70.0,70.0,0.0695314384549133,0.0004363532438569264,20,33,0.0075050173327326775,376.0127091999748,0.8641975308641975,0.8641975308641975
reg3,60,reg3_m60_s1,es+learned,0,375,18760,1.2699407869373311,70.0,70.0,0.0695314384549133,0.00043635324385692814,20,33,0.006820965558290482,381.8927257999894,0.8641975308641975,0.8641975308641975
reg3,60,reg3_m60_s1,es+learned,0,380,19010,1.2699407869373311,70.0,70.0,0.06953143845491341,0.0004363532438568969,20,34,0.006499271374195814,385.32103829999687,0.8641975308641975,0.8641975308641975
reg3,60,reg3_m60_s1,es+learned,0,385,19260,1.2699407869373311,70.0,70.0,0.06953143845491347,0.0004363532438568223,20,32,0.006218855269253254,391.17482249997556,0.8641975308641975,0.8641975308641975
reg3,60,reg3_m60_s1,es+learned,0,390,19510,1.2699407869373311,70.0,70.0,0.0695314384549134,0.00043635324385692467,20,34,0.00865048449486494,397.0504425999825,0.8641975308641975,0.8641975308641975
reg3,60,reg3_m60_s1,es+learned,0,395,19760,1.2699407869373311,70.0,70.0,0.0695314384549134,0.0004363532438568969,20,33,0.007683441508561373,400.43510719999904,0.8641975308641975,0.8641975308641975
reg3,60,reg3_m60_s1,es+learned,0,400,20010,1.2699407869373311,70.0,70.0,0.06953143845491347,0.0004363532438568223,20,32,0.008344491012394428,406.3502449999796,0.8641975308641975,0.8641975308641975
reg3,60,reg3_m60_s1,es+learned,1,0,10,0.6442662691159342,40.0,42.1,0.027540394807960496,0.001616262496467678,20,33,,0.044118600024376065,0.49382716049382713,0.5197530864197532
reg3,60,reg3_m60_s1,es+learned,1,5,260,1.061638053661986,62.0,59.4,0.04818378642378393,6.508032149681042e-05,20,29,0.08679306507110596,3.488568100030534,0.7654320987654321,0.7333333333333333
reg3,60,reg3_m60_s1,es+learned,1,10,510,1.1646668435796814,67.0,63.1,0.04088337505783962,6.938893903907228e-17,20,29,0.1285165697336197,9.339519600034691,0.8271604938271605,0.7790123456790123
reg3,60,reg3_m60_s1,es+learned,1,15,760,1.2101492654589512,66.0,66.3,0.06822171720064987,0.002193230131057926,20,29,0.0927450954914093,15.219350300030783,0.8148148148148148,0.8185185185185185
reg3,60,reg3_m60_s1,es+learned,1,20,1010,1.2458366622417514,70.0,67.7,0.06748768761188542,1.1102230246251565e-16,20,29,0.10123784095048904,18.64796450000722,0.8641975308641975,0.8358024691358025
reg3,60,reg3_m60_s1,es+learned,1,25,1260,1.2677866196709004,70.0,69.2,0.07490568080975556,0.001757714964514323,20,29,0.09097342938184738,24.432756100024562,0.8641975308641975,0.8543209876543211
reg3,60,reg3_m60_s1,es+learned,1,30,1510,1.2693950321090313,70.0,69.6,0.07559574892741633,0.0050959995652971185,20,29,0.05438870191574097,30.4297734000138,0.8641975308641975,0.8592592592592592
reg3,60,reg3_m60_s1,es+learned,1,35,1760,1.2738415844070714,70.0,70.0,0.07096329543209477,0.0015855740724722706,20,29,0.04901713877916336,34.06623250001576,0.8641975308641975,0.8641975308641975
reg3,60,reg3_m60_s1,es+learned,1,40,2010,1.3148732125124987,72.0,70.7,0.05159731052373817,0.003888359802099839,20,30,0.0436757393181324,40.40226140001323,0.8888888888888888,0.8728395061728396
reg3,60,reg3_m60_s1,es+learned,1,45,2260,1.3148732125124987,72.0,71.6,0.0515973105237382,0.0038883598020996724,20,30,0.04638488218188286,46.694346600037534,0.8888888888888888,0.8839506172839505
reg3,60,reg3_m60_s1,es+learned,1,50,2510,1.3199716798740195,72.0,72.0,0.06351674476946174,0.0008194111701674747,20,30,0.03787185251712799,50.299256600032095,0.8888888888888888,0.8888888888888888
reg3,60,reg3_m60_s1,es+learned,1,55,2760,1.3231476716248485,72.0,72.0,0.06921629067820355,0.004791912999023956,20,30,0.02584391087293625,56.538190399995074,0.8888888888888888,0.8888888888888888
reg3,60,reg3_m60_s1,es+learned,1,60,3010,1.3369124852890384,73.0,72.1,0.06704993737719113,0.00027248255029126145,20,30,0.03174709528684616,62.83586930000456,0.9012345679012346,0.8901234567901234
reg3,60,reg3_m60_s1,es+learned,1,65,3260,1.3404201011593506,72.0,72.1,0.08519333535146774,0.001413077986393299,20,29,0.03236754238605499,66.47708480001893,0.8888888888888888,0.8901234567901234
reg3,60,reg3_m60_s1,es+learned,1,70,3510,1.3404201011593506,72.0,72.2,0.08519333535146774,0.001413077986393299,20,29,0.025899620726704597,72.77210330002708,0.8888888888888888,0.891358024691358
reg3,60,reg3_m60_s1,es+learned,1,75,3760,1.3564720761205291,74.0,72.9,0.0646644196456022,0.00018395403730296633,20,30,0.03138255327939987,79.04712629999267,0.9135802469135802,0.9
reg3,60,reg3_m60_s1,es+learned,1,80,4010,1.3564720761205291,74.0,73.5,0.0646644196456022,0.00018395403730296633,20,30,0.025537211447954178,82.66556719999062,0.9135802469135802,0.9074074074074074
reg3,60,reg3_m60_s1,es+learned,1,85,4260,1.36049063959797,74.0,74.0,0.08256315610011299,0.0010248340728088445,20,30,0.02394966594874859,89.02189630002249,0.9135802469135802,0.9135802469135802
reg3,60,reg3_m60_s1,es+learned,1,90,4510,1.36049063959797,74.0,74.0,0.08256315610011299,0.0010248340728088445,20,30,0.02680392935872078,95.3478058000328,0.9135802469135802,0.9135802469135802
reg3,60,reg3_m60_s1,es+learned,1,95,4760,1.36049063959797,74.0,74.0,0.08256315610011299,0.0010248340728088445,20,30,0.024120979011058807,99.01658270001644,0.9135802469135802,0.9135802469135802
reg3,60,reg3_m60_s1,es+learned,1,100,5010,1.3627659395461575,74.0,74.0,0.07858693644166292,0.0028444957173535054,20,32,0.02491135150194168,105.37419990001945,0.9135802469135802,0.9135802469135802
reg3,60,reg3_m60_s1,es+learned,1,105,5260,1.3660984398966574,74.0,74.0,0.08289328116955916,0.001024834072808567,20,30,0.02910829894244671,111.79700530000264,0.9135802469135802,0.9135802469135802
reg3,60,reg3_m60_s1,es+learned,1,110,5510,1.3724378156431596,74.0,74.0,0.08240407635714689,0.004175692759870286,20,31,0.0246723759919405,115.46838350000326,0.9135802469135802,0.9135802469135802
reg3,60,reg3_m60_s1,es+learned,1,115,5760,1.3748223802301034,74.0,74.0,0.08067254354824734,0.0038967458155310915,20,31,0.024889685213565826,121.77313230000436,0.9135802469135802,0.9135802469135802
reg3,60,reg3_m60_s1,es+learned,1,120,6010,1.3748223802301034,74.0,74.0,0.08067254354824734,0.0038967458155310915,20,31,0.024797359481453896,128.57947019999847,0.9135802469135802,0.9135802469135802
reg3,60,reg3_m60_s1,es+learned,1,125,6260,1.3748223802301034,74.0,74.0,0.08067254354824738,0.00389674581553118,20,32,0.01908484846353531,132.19715890003135,0.9135802469135802,0.9135802469135802
reg3,60,reg3_m60_s1,es+learned,1,130,6510,1.3760885883859664,74.0,74.0,0.08885099909505985,0.002092937613864662,20,32,0.028705373406410217,138.52055429999018,0.9135802469135802,0.9135802469135802
reg3,60,reg3_m60_s1,es+learned,1,135,6760,1.3761439786189817,74.0,74.0,0.08799972041289894,0.0046564958813548555,20,31,0.027588926255702972,144.7838025999954,0.9135802469135802,0.9135802469135802
reg3,60,reg3_m60_s1,es+learned,1,140,7010,1.3761439786189817,74.0,74.0,0.08799972041289894,0.0046564958813548555,20,31,0.021031610667705536,148.48847979999846,0.9135802469135802,0.9135802469135802
reg3,60,reg3_m60_s1,es+learned,1,145,7260,1.3770792146058632,74.0,74.0,0.08676172624308416,0.0020929376138646757,20,31,0.018962344154715538,154.74398430000292,0.9135802469135802,0.9135802469135802
reg3,60,reg3_m60_s1,es+learned,1,150,7510,1.3813173296341739,74.0,74.0,0.09022607132828206,0.004012482347100797,20,32,0.016759948804974556,161.12559270003112,0.9135802469135802,0.9135802469135802
reg3,60,reg3_m60_s1,es+learned,1,155,7760,1.3813173296341739,74.0,74.0,0.09022607132828206,0.004012482347100797,20,32,0.017229659482836723,164.73274830001174,0.9135802469135802,0.9135802469135802
reg3,60,reg3_m60_s1,es+learned,1,160,8010,1.3822008331594349,74.0,74.0,0.09301735823249173,0.00027259297328146963,20,31,0.019775938242673874,171.05928079999285,0.9135802469135802,0.9135802469135802
reg3,60,reg3_m60_s1,es+learned,1,165,8260,1.3822008331594349,74.0,74.0,0.09301735823249173,0.00027259297328146963,20,31,0.016674552112817764,177.50178270001197,0.9135802469135802,0.9135802469135802
reg3,60,reg3_m60_s1,es+learned,1,170,8510,1.3822008331594349,74.0,74.0,0.09301735823249173,0.00027259297328146963,20,31,0.018382763490080833,181.13257439999143,0.9135802469135802,0.9135802469135802
reg3,60,reg3_m60_s1,es+learned,1,175,8760,1.3822008331594349,74.0,74.0,0.09301735823249169,0.00027259297328142626,20,31,0.016517505049705505,187.55704099999275,0.9135802469135802,0.9135802469135802
reg3,60,reg3_m60_s1,es+learned,1,180,9010,1.3822008331594349,74.0,74.0,0.0930173582324918,0.00027259297328160667,20,31,0.015945065766572952,193.8977637999924,0.9135802469135802,0.9135802469135802
reg3,60,reg3_m60_s1,es+learned,1,185,9260,1.3861466267902758,74.0,74.0,0.10345140035456654,0.001849790010783052,20,30,0.016520455479621887,197.53129519999493,0.9135802469135802,0.9135802469135802
reg3,60,reg3_m60_s1,es+learned,1,190,9510,1.3861896444223412,74.0,74.0,0.10304026820586264,0.0021946176407714735,20,30,0.018322043120861053,203.88086750003276,0.9135802469135802,0.9135802469135802
reg3,60,reg3_m60_s1,es+learned,1,195,9760,1.3861896444223412,74.0,74.0,0.10304026820586264,0.0021946176407714735,20,30,0.018862713128328323,210.21024119999493,0.9135802469135802,0.9135802469135802
reg3,60,reg3_m60_s1,es+learned,1,200,10010,1.3861896444223412,74.0,74.0,0.1030402682058627,0.002194617640771432,20,30,0.02023022063076496,213.87476530001732,0.9135802469135802,0.9135802469135802
reg3,60,reg3_m60_s1,es+learned,1,205,10260,1.3861896444223412,74.0,74.0,0.1030402682058627,0.002194617640771432,20,30,0.013957349583506584,220.14380299998447,0.9135802469135802,0.9135802469135802
reg3,60,reg3_m60_s1,es+learned,1,210,10510,1.3868259684499442,74.0,74.0,0.10059949813083112,0.0031589279632833547,20,31,0.014949342235922813,226.59251159999985,0.9135802469135802,0.9135802469135802
reg3,60,reg3_m60_s1,es+learned,1,215,10760,1.3868259684499442,74.0,74.0,0.10059949813083112,0.0031589279632833547,20,31,0.01960657350718975,230.24423409998417,0.9135802469135802,0.9135802469135802
reg3,60,reg3_m60_s1,es+learned,1,220,11010,1.3868259684499442,74.0,74.0,0.10059949813083112,0.0031589279632833547,20,31,0.015605888329446316,236.5771975000389,0.9135802469135802,0.9135802469135802
reg3,60,reg3_m60_s1,es+learned,1,225,11260,1.3868259684499442,74.0,74.0,0.10059949813083115,0.0031589279632834796,20,32,0.01415032148361206,242.89745960000437,0.9135802469135802,0.9135802469135802
reg3,60,reg3_m60_s1,es+learned,1,230,11510,1.3868259684499442,74.0,74.0,0.10059949813083115,0.0031589279632834796,20,32,0.01484678965061903,246.51199730002554,0.9135802469135802,0.9135802469135802
reg3,60,reg3_m60_s1,es+learned,1,235,11760,1.3868259684499442,74.0,74.0,0.10059949813083115,0.0031589279632834796,20,32,0.01532384566962719,252.68378230003873,0.9135802469135802,0.9135802469135802
reg3,60,reg3_m60_s1,es+learned,1,240,12010,1.3868259684499442,74.0,74.0,0.10059949813083115,0.0031589279632834796,20,32,0.011615580879151821,259.001337099995,0.9135802469135802,0.9135802469135802
reg3,60,reg3_m60_s1,es+learned,1,245,12260,1.3868259684499442,74.0,74.0,0.10059949813083115,0.0031589279632834796,20,32,0.011217373423278332,262.6353478000383,0.9135802469135802,0.9135802469135802
reg3,60,reg3_m60_s1,es+learned,1,250,12510,1.3868259684499442,74.0,74.0,0.10059949813083091,0.003158927963283431,20,32,0.011898638680577278,268.97404519998236,0.9135802469135802,0.9135802469135802
reg3,60,reg3_m60_s1,es+learned,1,255,12760,1.3868259684499442,74.0,74.0,0.10059949813083112,0.0031589279632833547,20,31,0.015306479297578335,275.39687569998205,0.9135802469135802,0.9135802469135802
reg3,60,reg3_m60_s1,es+learned,1,260,13010,1.3868259684499442,74.0,74.0,0.10059949813083112,0.0031589279632833547,20,31,0.016480032354593277,278.92101980000734,0.9135802469135802,0.9135802469135802
reg3,60,reg3_m60_s1,es+learned,1,265,13260,1.3872639681600507,74.0,74.0,0.09578631393811296,0.003774663418025695,20,32,0.011429895646870136,285.2761692000204,0.9135802469135802,0.9135802469135802
reg3,60,reg3_m60_s1,es+learned,1,270,13510,1.3872639681600507,74.0,74.0,0.09578631393811296,0.003774663418025695,20,32,0.008678813464939594,291.6070647999877,0.9135802469135802,0.9135802469135802
reg3,60,reg3_m60_s1,es+learned,1,275,13760,1.3872639681600507,74.0,74.0,0.09578631393811296,0.003774663418025695,20,32,0.012858143076300621,295.25522300001467,0.9135802469135802,0.9135802469135802
reg3,60,reg3_m60_s1,es+learned,1,280,14010,1.3872639681600507,74.0,74.0,0.09578631393811296,0.003774663418025695,20,32,0.008848551660776138,301.713551599998,0.9135802469135802,0.9135802469135802
reg3,60,reg3_m60_s1,es+learned,1,285,14260,1.3872639681600507,74.0,74.0,0.09578631393811296,0.003774663418025695,20,32,0.010006445460021496,308.0382803999819,0.9135802469135802,0.9135802469135802
reg3,60,reg3_m60_s1,es+learned,1,290,14510,1.3872639681600507,74.0,74.0,0.09578631393811296,0.003774663418025695,20,32,0.014368748292326927,311.6674235999817,0.9135802469135802,0.9135802469135802
reg3,60,reg3_m60_s1,es+learned,1,295,14760,1.3872639681600507,74.0,74.0,0.09578631393811296,0.003774663418025695,20,32,0.015080188401043415,318.0961279000039,0.9135802469135802,0.9135802469135802
reg3,60,reg3_m60_s1,es+learned,1,300,15010,1.3872639681600507,74.0,74.0,0.09578631393811296,0.003774663418025695,20,32,0.011421436443924904,324.385872200015,0.9135802469135802,0.9135802469135802
reg3,60,reg3_m60_s1,es+learned,1,305,15260,1.3872639681600507,74.0,74.0,0.09578631393811296,0.003774663418025695,20,32,0.009752269834280014,327.93408229999477,0.9135802469135802,0.9135802469135802
reg3,60,reg3_m60_s1,es+learned,1,310,15510,1.3872639681600507,74.0,74.0,0.09578631393811296,0.003774663418025695,20,32,0.00906178168952465,334.28947740001604,0.9135802469135802,0.9135802469135802
reg3,60,reg3_m60_s1,es+learned,1,315,15760,1.3872639681600507,74.0,74.0,0.09578631393811296,0.003774663418025577,20,31,0.012324577197432518,340.64115859998856,0.9135802469135802,0.9135802469135802
reg3,60,reg3_m60_s1,es+learned,1,320,16010,1.3872639681600507,74.0,74.0,0.09578631393811296,0.003774663418025577,20,31,0.009313911199569702,344.04854129999876,0.9135802469135802,0.9135802469135802
reg3,60,reg3_m60_s1,es+learned,1,325,16260,1.3872639681600507,74.0,74.0,0.09578631393811296,0.003774663418025577,20,31,0.008196348324418068,349.84857870003907,0.9135802469135802,0.9135802469135802
reg3,60,reg3_m60_s1,es+learned,1,330,16510,1.3872639681600507,74.0,74.0,0.09578631393811297,0.0037746634180257366,20,31,0.012633925303816795,355.6542678999831,0.9135802469135802,0.9135802469135802
reg3,60,reg3_m60_s1,es+learned,1,335,16760,1.3872639681600507,74.0,74.0,0.09578631393811297,0.0037746634180257366,20,31,0.011585707776248455,359.0622592000291,0.9135802469135802,0.9135802469135802
reg3,60,reg3_m60_s1,es+learned,1,340,17010,1.3872639681600507,74.0,74.0,0.095786313938113,0.003774663418025674,20,31,0.009147003293037415,364.81959209998604,0.9135802469135802,0.9135802469135802
reg3,60,reg3_m60_s1,es+learned,1,345,17260,1.3872639681600507,74.0,74.0,0.09578631393811297,0.0037746634180257366,20,31,0.009934947825968266,370.6447641000268,0.9135802469135802,0.9135802469135802
reg3,60,reg3_m60_s1,es+learned,1,350,17510,1.3872639681600507,74.0,74.0,0.09578631393811303,0.0037746634180257713,20,30,0.011030211113393307,373.9999981999863,0.9135802469135802,0.9135802469135802
reg3,60,reg3_m60_s1,es+learned,1,355,17760,1.3872639681600507,74.0,74.0,0.09578631393811297,0.0037746634180257366,20,31,0.011280018836259842,379.809488400002,0.9135802469135802,0.9135802469135802
reg3,60,reg3_m60_s1,es+learned,1,360,18010,1.3872639681600507,74.0,74.0,0.09578631393811296,0.003774663418025695,20,32,0.009343466721475124,385.67843179998454,0.9135802469135802,0.9135802469135802
reg3,60,reg3_m60_s1,es+learned,1,365,18260,1.3872639681600507,74.0,74.0,0.09578631393811297,0.0037746634180257366,20,31,0.009673327207565308,389.0554276999901,0.9135802469135802,0.9135802469135802
reg3,60,reg3_m60_s1,es+learned,1,370,18510,1.3872639681600507,74.0,74.0,0.09578631393811297,0.0037746634180257366,20,31,0.009092878550291061,394.8565008000005,0.9135802469135802,0.9135802469135802
reg3,60,reg3_m60_s1,es+learned,1,375,18760,1.3872639681600507,74.0,74.0,0.095786313938113,0.003774663418025792,20,32,0.010905874893069267,400.6216110000387,0.9135802469135802,0.9135802469135802
reg3,60,reg3_m60_s1,es+learned,1,380,19010,1.3872639681600507,74.0,74.0,0.09578631393811297,0.0037746634180257366,20,31,0.009894181042909622,403.9617322999984,0.9135802469135802,0.9135802469135802
reg3,60,reg3_m60_s1,es+learned,1,385,19260,1.3872639681600507,74.0,74.0,0.09578631393811288,0.0037746634180257574,20,31,0.0075731114484369755,409.79245970002376,0.9135802469135802,0.9135802469135802
reg3,60,reg3_m60_s1,es+learned,1,390,19510,1.3872639681600507,74.0,74.0,0.09578631393811296,0.003774663418025577,20,31,0.010312252677977085,415.5966838999884,0.9135802469135802,0.9135802469135802
reg3,60,reg3_m60_s1,es+learned,1,395,19760,1.3872639681600507,74.0,74.0,0.095786313938113,0.003774663418025792,20,32,0.010238572023808956,418.9872675000224,0.9135802469135802,0.9135802469135802
reg3,60,reg3_m60_s1,es+learned,1,400,20010,1.3872639681600507,74.0,74.0,0.09578631393811303,0.0037746634180257713,20,30,0.009688954800367355,424.7722300000023,0.9135802469135802,0.9135802469135802
reg3,60,reg3_m60_s1,es+learned,2,0,10,0.6329530361121426,40.0,44.6,0.04581983327067264,0.0005821446788837163,20,39,,0.03477939998265356,0.49382716049382713,0.5506172839506173
reg3,60,reg3_m60_s1,es+learned,2,5,260,1.087088136525989,61.0,59.0,0.06221458687468013,0.001705917401543286,20,32,0.15631552040576935,3.4730495999683626,0.7530864197530864,0.7283950617283951
reg3,60,reg3_m60_s1,es+learned,2,10,510,1.1240660342659468,63.0,62.2,0.0833779577879194,0.0013389887642944985,20,32,0.14311747252941132,9.33490429999074,0.7777777777777778,0.7679012345679013
reg3,60,reg3_m60_s1,es+learned,2,15,760,1.144450960866676,64.0,63.0,0.07688587865473265,0.00012760089755269738,20,31,0.18003995716571808,15.154442699975334,0.7901234567901234,0.7777777777777778
reg3,60,reg3_m60_s1,es+learned,2,20,1010,1.183414188706155,66.0,63.8,0.07324563533606779,0.0025518098908729647,20,31,0.09530507028102875,18.545922599965706,0.8148148148148148,0.7876543209876543
reg3,60,reg3_m60_s1,es+learned,2,25,1260,1.1834141887061551,66.0,64.9,0.07324563533606783,0.002551809890872861,20,31,0.0941324308514595,24.408475799951702,0.8148148148148148,0.8012345679012346
reg3,60,reg3_m60_s1,es+learned,2,30,1510,1.1834141887061551,66.0,65.4,0.07324563533606783,0.002551809890872861,20,31,0.05621945858001709,30.264350199955516,0.8148148148148148,0.8074074074074075
reg3,60,reg3_m60_s1,es+learned,2,35,1760,1.1848417877220065,66.0,66.0,0.07180715147042777,0.0005390222807112877,20,31,0.07322598993778229,33.67464519996429,0.8148148148148148,0.8148148148148148
reg3,60,reg3_m60_s1,es+learned,2,40,2010,1.1848417877220065,66.0,66.0,0.07180715147042777,0.0005390222807112877,20,31,0.040082015097141266,39.58676989999367,0.8148148148148148,0.8148148148148148
reg3,60,reg3_m60_s1,es+learned,2,45,2260,1.1848417877220065,66.0,66.0,0.07180715147042777,0.0005390222807112877,20,31,0.0352151021361351,45.483571999997366,0.8148148148148148,0.8148148148148148
reg3,60,reg3_m60_s1,es+learned,2,50,2510,1.184977037465527,66.0,66.0,0.07456352369348222,8.241607546693314e-05,20,32,0.03319685161113739,48.908688299998175,0.8148148148148148,0.8148148148148148
reg3,60,reg3_m60_s1,es+learned,2,55,2760,1.184977037465527,66.0,66.0,0.07456352369348215,8.241607546700426e-05,20,32,0.03799300268292427,54.79603169998154,0.8148148148148148,0.8148148148148148
reg3,60,reg3_m60_s1,es+learned,2,60,3010,1.1993011224191372,67.0,66.1,0.07319284732730508,0.0016701412913569195,20,32,0.028026683256030083,60.55565840000054,0.8271604938271605,0.8160493827160493
reg3,60,reg3_m60_s1,es+learned,2,65,3260,1.1993011224191372,67.0,66.1,0.07319284732730508,0.0016701412913569195,20,32,0.025329118594527245,63.9411914999946,0.8271604938271605,0.8160493827160493
reg3,60,reg3_m60_s1,es+learned,2,70,3510,1.1993011224191372,67.0,66.1,0.07319284732730508,0.0016701412913569195,20,32,0.022888386622071266,69.84179699997185,0.8271604938271605,0.8160493827160493
reg3,60,reg3_m60_s1,es+learned,2,75,3760,1.1993011224191372,67.0,66.1,0.07319284732730508,0.0016701412913569195,20,32,0.027599778026342392,75.73129869997501,0.8271604938271605,0.8160493827160493
reg3,60,reg3_m60_s1,es+learned,2,80,4010,1.1993011224191372,67.0,66.2,0.07319284732730505,0.0016701412913569975,20,30,0.029500048607587814,79.05031510000117,0.8271604938271605,0.817283950617284
reg3,60,reg3_m60_s1,es+learned,2,85,4260,1.1993011224191372,67.0,66.4,0.07319284732730505,0.0016701412913569975,20,30,0.015025385655462742,85.0452664999757,0.8271604938271605,0.8197530864197532
reg3,60,reg3_m60_s1,es+learned,2,90,4510,1.1993011224191372,67.0,66.5,0.07319284732730505,0.0016701412913569975,20,30,0.019698187708854675,90.99142229999416,0.8271604938271605,0.8209876543209876
reg3,60,reg3_m60_s1,es+learned,2,95,4760,1.1993011224191372,67.0,66.6,0.07319284732730505,0.0016701412913569975,20,30,0.018726734444499016,94.3778433999978,0.8271604938271605,0.8222222222222222
reg3,60,reg3_m60_s1,es+learned,2,100,5010,1.1993011224191372,67.0,66.9,0.07319284732730505,0.0016701412913569975,20,30,0.018867548555135727,100.2718069999828,0.8271604938271605,0.825925925925926
reg3,60,reg3_m60_s1,es+learned,2,105,5260,1.1993011224191374,67.0,67.0,0.07319284732730516,0.001670141291356838,20,31,0.01516150776296854,106.19677929999307,0.8271604938271605,0.8271604938271605
reg3,60,reg3_m60_s1,es+learned,2,110,5510,1.1993011224191374,67.0,67.0,0.07319284732730508,0.0016701412913568726,20,31,0.019366217777132988,109.52608339994913,0.8271604938271605,0.8271604938271605
reg3,60,reg3_m60_s1,es+learned,2,115,5760,1.1993011224191374,67.0,67.0,0.0731928473273051,0.0016701412913568345,20,32,0.01641923561692238,115.53075599996373,0.8271604938271605,0.8271604938271605
reg3,60,reg3_m60_s1,es+learned,2,120,6010,1.1993011224191374,67.0,67.0,0.07319284732730501,0.0016701412913569212,20,32,0.015158641152083874,121.85760989994742,0.8271604938271605,0.8271604938271605
reg3,60,reg3_m60_s1,es+learned,2,125,6260,1.1993011224191374,67.0,67.0,0.07319284732730508,0.0016701412913568726,20,31,0.013590378686785698,125.56278109998675,0.8271604938271605,0.8271604938271605
reg3,60,reg3_m60_s1,es+learned,2,130,6510,1.1993011224191374,67.0,67.0,0.0731928473273051,0.0016701412913568171,20,31,0.01718893274664879,131.98730099998647,0.8271604938271605,0.8271604938271605
reg3,60,reg3_m60_s1,es+learned,2,135,6760,1.1993011224191374,67.0,67.0,0.07319284732730519,0.0016701412913570392,20,31,0.01448842603713274,138.5546605999698,0.8271604938271605,0.8271604938271605
reg3,60,reg3_m60_s1,es+learned,2,140,7010,1.1993011224191374,67.0,67.0,0.07319284732730513,0.00167014129135689,20,32,0.01210995577275753,142.30871599999955,0.8271604938271605,0.8271604938271605
reg3,60,reg3_m60_s1,es+learned,2,145,7260,1.1993011224191374,67.0,67.0,0.07319284732730519,0.001670141291357001,20,32,0.013353962451219559,148.9659647999797,0.8271604938271605,0.8271604938271605
reg3,60,reg3_m60_s1,es+learned,2,150,7510,1.1993011224191374,67.0,67.0,0.07319284732730501,0.0016701412913569212,20,32,0.013305718079209328,155.25854809995508,0.8271604938271605,0.8271604938271605
reg3,60,reg3_m60_s1,es+learned,2,155,7760,1.1993011224191374,67.0,67.0,0.07319284732730519,0.0016701412913570392,20,31,0.013899087905883789,158.8802070999518,0.8271604938271605,0.8271604938271605
reg3,60,reg3_m60_s1,es+learned,2,160,8010,1.1993011224191374,67.0,67.0,0.0731928473273051,0.0016701412913568171,20,31,0.011254503391683102,165.23958839999977,0.8271604938271605,0.8271604938271605
reg3,60,reg3_m60_s1,es+learned,2,165,8260,1.1993011224191374,67.0,67.0,0.0731928473273051,0.0016701412913568345,20,32,0.016302740201354027,171.7281380999484,0.8271604938271605,0.8271604938271605
reg3,60,reg3_m60_s1,es+learned,2,170,8510,1.1993011224191374,67.0,67.0,0.07319284732730505,0.0016701412913570357,20,32,0.012263153679668903,175.3714833999984,0.8271604938271605,0.8271604938271605
reg3,60,reg3_m60_s1,es+learned,2,175,8760,1.1993011224191374,67.0,67.0,0.07319284732730519,0.0016701412913570392,20,31,0.010946137830615044,181.805820199952,0.8271604938271605,0.8271604938271605
reg3,60,reg3_m60_s1,es+learned,2,180,9010,1.1993011224191374,67.0,67.0,0.07319284732730502,0.0016701412913569177,20,31,0.0116117550060153,188.24880739999935,0.8271604938271605,0.8271604938271605
reg3,60,reg3_m60_s1,es+learned,2,185,9260,1.1993011224191374,67.0,67.0,0.07319284732730502,0.0016701412913569177,20,31,0.01204373687505722,191.83893499994883,0.8271604938271605,0.8271604938271605
reg3,60,reg3_m60_s1,es+learned,2,190,9510,1.1993011224191374,67.0,67.0,0.07319284732730516,0.0016701412913568154,20,32,0.010961726307868958,198.13971439999295,0.8271604938271605,0.8271604938271605
reg3,60,reg3_m60_s1,es+learned,2,195,9760,1.1993011224191374,67.0,67.0,0.07319284732730502,0.0016701412913569177,20,31,0.012372316792607307,204.57264839997515,0.8271604938271605,0.8271604938271605
reg3,60,reg3_m60_s1,es+learned,2,200,10010,1.1993011224191374,67.0,67.0,0.0731928473273051,0.0016701412913570045,20,32,0.011795733124017715,208.2332282999996,0.8271604938271605,0.8271604938271605
reg3,60,reg3_m60_s1,es+learned,2,205,10260,1.1993011224191374,67.0,67.0,0.0731928473273051,0.0016701412913570045,20,32,0.009678713046014309,214.6111944000004,0.8271604938271605,0.8271604938271605
reg3,60,reg3_m60_s1,es+learned,2,210,10510,1.1993011224191374,67.0,67.0,0.0731928473273051,0.0016701412913568171,20,31,0.00998053140938282,220.95113239996135,0.8271604938271605,0.8271604938271605
reg3,60,reg3_m60_s1,es+learned,2,215,10760,1.1993011224191374,67.0,67.0,0.07319284732730513,0.00167014129135689,20,32,0.012804238125681877,224.570743499964,0.8271604938271605,0.8271604938271605
reg3,60,reg3_m60_s1,es+learned,2,220,11010,1.1993011224191374,67.0,67.0,0.0731928473273051,0.0016701412913570045,20,32,0.0074513256549835205,230.823098999972,0.8271604938271605,0.8271604938271605
reg3,60,reg3_m60_s1,es+learned,2,225,11260,1.1993011224191374,67.0,67.0,0.07319284732730505,0.0016701412913570357,20,32,0.01418068166822195,237.12494089995744,0.8271604938271605,0.8271604938271605
reg3,60,reg3_m60_s1,es+learned,2,230,11510,1.1993011224191374,67.0,67.0,0.0731928473273051,0.0016701412913570045,20,32,0.010032642632722855,240.76717169996118,0.8271604938271605,0.8271604938271605
reg3,60,reg3_m60_s1,es+learned,2,235,11760,1.1993011224191374,67.0,67.0,0.07319284732730519,0.0016701412913570392,20,31,0.009296177886426449,247.20186380000087,0.8271604938271605,0.8271604938271605
reg3,60,reg3_m60_s1,es+learned,2,240,12010,1.1993011224191374,67.0,67.0,0.07319284732730519,0.0016701412913570392,20,31,0.008535053580999374,253.59078959998442,0.8271604938271605,0.8271604938271605
reg3,60,reg3_m60_s1,es+learned,2,245,12260,1.1993011224191374,67.0,67.0,0.0731928473273051,0.0016701412913568345,20,32,0.009916911832988262,257.1814548999537,0.8271604938271605,0.8271604938271605
reg3,60,reg3_m60_s1,es+learned,2,250,12510,1.1993011224191374,67.0,67.0,0.0731928473273051,0.0016701412913568345,20,32,0.010975293815135956,263.58457539998926,0.8271604938271605,0.8271604938271605
reg3,60,reg3_m60_s1,es+learned,2,255,12760,1.1993011224191374,67.0,67.0,0.07319284732730519,0.0016701412913570392,20,31,0.009624655358493328,269.87628159997985,0.8271604938271605,0.8271604938271605
reg3,60,reg3_m60_s1,es+learned,2,260,13010,1.1993011224191374,67.0,67.0,0.0731928473273051,0.0016701412913568345,20,32,0.01030362956225872,273.3840647999896,0.8271604938271605,0.8271604938271605
reg3,60,reg3_m60_s1,es+learned,2,265,13260,1.1993011224191374,67.0,67.0,0.07319284732730519,0.001670141291356812,20,32,0.009686137549579144,279.8387821999495,0.8271604938271605,0.8271604938271605
reg3,60,reg3_m60_s1,es+learned,2,270,13510,1.1993011224191374,67.0,67.0,0.0731928473273051,0.0016701412913568171,20,32,0.007700649090111256,286.2235231999657,0.8271604938271605,0.8271604938271605
reg3,60,reg3_m60_s1,es+learned,2,275,13760,1.1993011224191374,67.0,67.0,0.07319284732730519,0.0016701412913570392,20,31,0.008963883854448795,289.9413916999474,0.8271604938271605,0.8271604938271605
reg3,60,reg3_m60_s1,es+learned,2,280,14010,1.1993011224191374,67.0,67.0,0.07319284732730513,0.00167014129135689,20,32,0.008940392173826694,296.3026248999522,0.8271604938271605,0.8271604938271605
reg3,60,reg3_m60_s1,es+learned,2,285,14260,1.1993011224191374,67.0,67.0,0.07319284732730501,0.0016701412913569212,20,32,0.010383103042840958,302.6490575999487,0.8271604938271605,0.8271604938271605
reg3,60,reg3_m60_s1,es+learned,2,290,14510,1.1993011224191374,67.0,67.0,0.07319284732730513,0.00167014129135689,20,32,0.007902623154222965,306.3250101999729,0.8271604938271605,0.8271604938271605
reg3,60,reg3_m60_s1,es+learned,2,295,14760,1.1993011224191374,67.0,67.0,0.07319284732730519,0.0016701412913570392,20,31,0.009273462928831577,312.6645690999576,0.8271604938271605,0.8271604938271605
reg3,60,reg3_m60_s1,es+learned,2,300,15010,1.1993011224191374,67.0,67.0,0.07319284732730513,0.00167014129135689,20,32,0.006121054291725159,318.9929480999708,0.8271604938271605,0.8271604938271605
reg3,60,reg3_m60_s1,es+learned,2,305,15260,1.1993011224191374,67.0,67.0,0.07319284732730501,0.0016701412913569212,20,32,0.008892177604138851,322.677785799955,0.8271604938271605,0.8271604938271605
reg3,60,reg3_m60_s1,es+learned,2,310,15510,1.1993011224191374,67.0,67.0,0.07319284732730512,0.0016701412913569195,20,31,0.005331409629434347,329.07816109998384,0.8271604938271605,0.8271604938271605
reg3,60,reg3_m60_s1,es+learned,2,315,15760,1.1993011224191374,67.0,67.0,0.07319284732730513,0.00167014129135689,20,32,0.008462623693048954,335.4280856999685,0.8271604938271605,0.8271604938271605
reg3,60,reg3_m60_s1,es+learned,2,320,16010,1.1993011224191374,67.0,67.0,0.07319284732730498,0.0016701412913567894,20,32,0.005531921051442623,339.1201482999604,0.8271604938271605,0.8271604938271605
reg3,60,reg3_m60_s1,es+learned,2,325,16260,1.1993011224191374,67.0,67.0,0.07319284732730505,0.0016701412913570357,20,32,0.008213491179049015,345.34302420000313,0.8271604938271605,0.8271604938271605
reg3,60,reg3_m60_s1,es+learned,2,330,16510,1.1993011224191374,67.0,67.0,0.0731928473273051,0.0016701412913570045,20,32,0.005335083231329918,351.5135381,0.8271604938271605,0.8271604938271605
reg3,60,reg3_m60_s1,es+learned,2,335,16760,1.1993011224191374,67.0,67.0,0.0731928473273051,0.0016701412913568171,20,31,0.007505204528570175,355.1225546999485,0.8271604938271605,0.8271604938271605
reg3,60,reg3_m60_s1,es+learned,2,340,17010,1.1993011224191374,67.0,67.0,0.07319284732730505,0.0016701412913569663,20,31,0.00756519939750433,361.49016509996727,0.8271604938271605,0.8271604938271605
reg3,60,reg3_m60_s1,es+learned,2,345,17260,1.1993011224191374,67.0,67.0,0.0731928473273051,0.0016701412913570045,20,32,0.007588762324303389,367.80002639995655,0.8271604938271605,0.8271604938271605
reg3,60,reg3_m60_s1,es+learned,2,350,17510,1.1993011224191374,67.0,67.0,0.07319284732730498,0.0016701412913567894,20,32,0.006366115994751453,371.5267110999557,0.8271604938271605,0.8271604938271605
reg3,60,reg3_m60_s1,es+learned,2,355,17760,1.1993011224191374,67.0,67.0,0.07319284732730513,0.00167014129135689,20,31,0.010021373629570007,377.92684289999306,0.8271604938271605,0.8271604938271605
reg3,60,reg3_m60_s1,es+learned,2,360,18010,1.1993011224191374,67.0,67.0,0.0731928473273051,0.0016701412913568345,20,32,0.005992686375975609,384.3360693999566,0.8271604938271605,0.8271604938271605
reg3,60,reg3_m60_s1,es+learned,2,365,18260,1.1993011224191374,67.0,67.0,0.0731928473273051,0.0016701412913568171,20,32,0.008409203961491585,387.96095699997386,0.8271604938271605,0.8271604938271605
reg3,60,reg3_m60_s1,es+learned,2,370,18510,1.1993011224191374,67.0,67.0,0.07319284732730502,0.0016701412913569177,20,31,0.006968763191252947,394.28135389997624,0.8271604938271605,0.8271604938271605
reg3,60,reg3_m60_s1,es+learned,2,375,18760,1.1993011224191374,67.0,67.0,0.07319284732730516,0.0016701412913568154,20,32,0.00822968315333128,400.7226434999611,0.8271604938271605,0.8271604938271605
reg3,60,reg3_m60_s1,es+learned,2,380,19010,1.1993011224191374,67.0,67.0,0.07319284732730512,0.0016701412913569195,20,31,0.006593937985599041,404.24797199998284,0.8271604938271605,0.8271604938271605
reg3,60,reg3_m60_s1,es+learned,2,385,19260,1.1993011224191374,67.0,67.0,0.07319284732730498,0.0016701412913567894,20,32,0.005309768952429295,410.6070585999987,0.8271604938271605,0.8271604938271605
reg3,60,reg3_m60_s1,es+learned,2,390,19510,1.1993011224191374,67.0,67.0,0.07319284732730519,0.001670141291357001,20,30,0.007780956104397774,416.9983679999714,0.8271604938271605,0.8271604938271605
reg3,60,reg3_m60_s1,es+learned,2,395,19760,1.1993011224191374,67.0,67.0,0.07319284732730502,0.0016701412913569177,20,31,0.006683439016342163,420.6126038999646,0.8271604938271605,0.8271604938271605
reg3,60,reg3_m60_s1,es+learned,2,400,20010,1.1993011224191374,67.0,67.0,0.07319284732730516,0.0016701412913568154,20,32,0.0055857328698039055,426.91538009996293,0.8271604938271605,0.8271604938271605
reg3,60,reg3_m60_s1,es+pretrained,0,0,10,0.6998357169175002,44.0,43.5,0.07304383663338695,0.00098649445651193,20,35,,0.03506919997744262,0.5432098765432098,0.5370370370370371
reg3,60,reg3_m60_s1,es+pretrained,0,5,260,1.0440092712528113,58.0,56.2,0.07288542893283201,0.0006559839154165262,20,36,0.006616951432079077,3.655258899962064,0.7160493827160493,0.6938271604938272
reg3,60,reg3_m60_s1,es+pretrained,0,10,510,1.1294558431587236,64.0,60.6,0.046151030651574956,0.0010743278235619477,20,38,0.009196190163493156,10.054291499953251,0.7901234567901234,0.7481481481481481
reg3,60,reg3_m60_s1,es+pretrained,0,15,760,1.1676332298507834,66.0,64.5,0.05388252297262222,0.00025842235607522607,20,37,0.010201090946793556,16.310832099989057,0.8148148148148148,0.7962962962962963
reg3,60,reg3_m60_s1,es+pretrained,0,20,1010,1.1676332298507837,66.0,65.9,0.053882522972622256,0.00025842235607517056,20,37,0.011941698379814625,19.815561199968215,0.8148148148148148,0.8135802469135803
reg3,60,reg3_m60_s1,es+pretrained,0,25,1260,1.1683199567542455,66.0,66.0,0.05329901792338499,0.0017096450473283453,20,38,0.01111083384603262,26.112710699962918,0.8148148148148148,0.8148148148148148
reg3,60,reg3_m60_s1,es+pretrained,0,30,1510,1.1829340034642863,67.0,66.3,0.07583192177646868,0.0005014652048433454,20,39,0.009312218055129051,32.395103799994104,0.8271604938271605,0.8185185185185185
reg3,60,reg3_m60_s1,es+pretrained,0,35,1760,1.1938606550064155,67.0,67.0,0.08722927457629365,0.0007906038179794116,20,40,0.01012483611702919,36.021530299971346,0.8271604938271605,0.8271604938271605
reg3,60,reg3_m60_s1,es+pretrained,0,40,2010,1.2128164664097631,68.0,67.8,0.08638427259089027,0.0012214028975550528,20,39,0.011766873300075531,42.31296619999921,0.8395061728395061,0.837037037037037
reg3,60,reg3_m60_s1,es+pretrained,0,45,2260,1.2177293733893664,69.0,68.1,0.06925977432374134,0.0008901685208572156,20,39,0.009824843145906925,48.61991839995608,0.8518518518518519,0.8407407407407407
reg3,60,reg3_m60_s1,es+pretrained,0,50,2510,1.2226525475888868,68.0,68.9,0.0744168155645008,0.0015106724506568636,20,38,0.010328605771064758,52.25811329996213,0.8395061728395061,0.8506172839506173
reg3,60,reg3_m60_s1,es+pretrained,0,55,2760,1.2256531137973157,68.0,68.6,0.07065655761303999,0.0017089506122537068,20,39,0.011102139949798584,58.51059289998375,0.8395061728395061,0.8469135802469135
reg3,60,reg3_m60_s1,es+pretrained,0,60,3010,1.232842361484259,68.0,68.0,0.08579542909111412,0.003496325407029127,20,37,0.007658769376575947,64.8487917999737,0.8395061728395061,0.8395061728395061
reg3,60,reg3_m60_s1,es+pretrained,0,65,3260,1.2358745548836632,68.0,68.3,0.07571337052180063,0.0034963254070290543,20,39,0.009726457297801971,68.47077109996462,0.8395061728395061,0.8432098765432099
reg3,60,reg3_m60_s1,es+pretrained,0,70,3510,1.2563810737279573,70.0,68.6,0.075788946475122,4.249561971257469e-05,20,36,0.010052906349301338,74.70453389995964,0.8641975308641975,0.8469135802469135
reg3,60,reg3_m60_s1,es+pretrained,0,75,3760,1.2796804668162285,71.0,70.1,0.06915510787340229,0.0013790357004983822,20,39,0.009573030285537243,80.99929449998308,0.8765432098765432,0.865432098765432
reg3,60,reg3_m60_s1,es+pretrained,0,80,4010,1.2796804668162285,71.0,70.7,0.06915510787340229,0.0013790357004983822,20,39,0.007988275960087776,84.60464129998581,0.8765432098765432,0.8728395061728396
reg3,60,reg3_m60_s1,es+pretrained,0,85,4260,1.2859030673532992,71.0,71.0,0.0857392874378867,0.00424666115311342,20,39,0.008736873045563698,90.99026339995908,0.8765432098765432,0.8765432098765432
reg3,60,reg3_m60_s1,es+pretrained,0,90,4510,1.2859030673532992,71.0,71.0,0.08573928743788659,0.0042466611531133125,20,39,0.010060298256576061,97.33968789997743,0.8765432098765432,0.8765432098765432
reg3,60,reg3_m60_s1,es+pretrained,0,95,4760,1.2859030673532992,71.0,70.9,0.08573928743788659,0.0042466611531133125,20,39,0.007128811441361904,100.97968989994843,0.8765432098765432,0.8753086419753087
reg3,60,reg3_m60_s1,es+pretrained,0,100,5010,1.2924739953382947,71.0,70.9,0.08477754785372885,0.00197238764076782,20,39,0.007361132185906172,107.26805409998633,0.8765432098765432,0.8753086419753087
reg3,60,reg3_m60_s1,es+pretrained,0,105,5260,1.2924739953382947,71.0,71.0,0.08477754785372885,0.00197238764076782,20,39,0.007973958738148212,113.57671249995474,0.8765432098765432,0.8765432098765432
reg3,60,reg3_m60_s1,es+pretrained,0,110,5510,1.2924739953382947,71.0,71.0,0.08477754785372885,0.00197238764076782,20,39,0.009304743260145187,117.21125659998506,0.8765432098765432,0.8765432098765432
reg3,60,reg3_m60_s1,es+pretrained,0,115,5760,1.2924739953382947,71.0,71.0,0.08477754785372885,0.00197238764076782,20,39,0.009173709899187088,123.42214849998709,0.8765432098765432,0.8765432098765432
reg3,60,reg3_m60_s1,es+pretrained,0,120,6010,1.2945218465487247,72.0,71.2,0.07592399418509652,6.907793907993064e-06,20,38,0.0072298068553209305,129.76715599995805,0.8888888888888888,0.8790123456790124
reg3,60,reg3_m60_s1,es+pretrained,0,125,6260,1.2945218465487247,72.0,71.2,0.07592399418509652,6.907793907993064e-06,20,38,0.007848645560443401,133.3620735000004,0.8888888888888888,0.8790123456790124
reg3,60,reg3_m60_s1,es+pretrained,0,130,6510,1.2945218465487247,72.0,71.2,0.07592399418509652,6.907793907993064e-06,20,38,0.006671683397144079,139.72189629997592,0.8888888888888888,0.8790123456790124
reg3,60,reg3_m60_s1,es+pretrained,0,135,6760,1.2945218465487247,72.0,71.2,0.07592399418509652,6.907793907993064e-06,20,38,0.0076261344365775585,146.04767279996304,0.8888888888888888,0.8790123456790124
reg3,60,reg3_m60_s1,es+pretrained,0,140,7010,1.2945218465487247,72.0,71.2,0.07592399418509652,6.907793907993064e-06,20,38,0.007539577782154083,149.68122549995314,0.8888888888888888,0.8790123456790124
reg3,60,reg3_m60_s1,es+pretrained,0,145,7260,1.2945218465487247,72.0,71.5,0.07592399418509652,6.907793907993064e-06,20,38,0.006882796995341778,155.9002899999614,0.8888888888888888,0.8827160493827161
reg3,60,reg3_m60_s1,es+pretrained,0,150,7510,1.2945218465487247,72.0,71.6,0.07592399418509643,6.90779390796043e-06,20,38,0.006542946211993694,162.27520779997576,0.8888888888888888,0.8839506172839505
reg3,60,reg3_m60_s1,es+pretrained,0,155,7760,1.294521846548725,72.0,72.0,0.0759239941850966,6.90779390796867e-06,20,38,0.0063605839386582375,165.85024979995796,0.8888888888888888,0.8888888888888888
reg3,60,reg3_m60_s1,es+pretrained,0,160,8010,1.294521846548725,72.0,72.0,0.0759239941850966,6.90779390796867e-06,20,38,0.007040119729936123,172.11590350000188,0.8888888888888888,0.8888888888888888
reg3,60,reg3_m60_s1,es+pretrained,0,165,8260,1.294521846548725,72.0,72.0,0.07592399418509668,6.9077939079926305e-06,20,39,0.006382423918694258,178.4534214999876,0.8888888888888888,0.8888888888888888
reg3,60,reg3_m60_s1,es+pretrained,0,170,8510,1.294521846548725,72.0,72.0,0.0759239941850966,6.90779390796867e-06,20,38,0.006449605338275433,182.5074644999695,0.8888888888888888,0.8888888888888888
reg3,60,reg3_m60_s1,es+pretrained,0,175,8760,1.294521846548725,72.0,72.0,0.0759239941850966,6.9077939079627065e-06,20,39,0.005058839451521635,188.88838729995769,0.8888888888888888,0.8888888888888888
reg3,60,reg3_m60_s1,es+pretrained,0,180,9010,1.294521846548725,72.0,72.0,0.07592399418509668,6.9077939079926305e-06,20,39,0.0068946657702326775,195.25231650000205,0.8888888888888888,0.8888888888888888
reg3,60,reg3_m60_s1,es+pretrained,0,185,9260,1.294521846548725,72.0,72.0,0.0759239941850966,6.9077939079627065e-06,20,39,0.006524041295051575,198.82496030000038,0.8888888888888888,0.8888888888888888
reg3,60,reg3_m60_s1,es+pretrained,0,190,9510,1.294521846548725,72.0,72.0,0.0759239941850966,6.9077939079627065e-06,20,39,0.0061528948135674,205.13796389999334,0.8888888888888888,0.8888888888888888
reg3,60,reg3_m60_s1,es+pretrained,0,195,9760,1.294521846548725,72.0,72.0,0.0759239941850966,6.90779390796867e-06,20,38,0.004837865941226482,211.41874090000056,0.8888888888888888,0.8888888888888888
reg3,60,reg3_m60_s1,es+pretrained,0,200,10010,1.294521846548725,72.0,72.0,0.0759239941850966,6.907793908009869e-06,20,39,0.006348941009491682,215.12721139995847,0.8888888888888888,0.8888888888888888
reg3,60,reg3_m60_s1,es+pretrained,0,205,10260,1.294521846548725,72.0,72.0,0.0759239941850966,6.90779390796867e-06,20,38,0.0068808021023869514,221.42176559998188,0.8888888888888888,0.8888888888888888
reg3,60,reg3_m60_s1,es+pretrained,0,210,10510,1.294521846548725,72.0,72.0,0.0759239941850966,6.907793908009869e-06,20,39,0.00785166397690773,227.76447120000375,0.8888888888888888,0.8888888888888888
reg3,60,reg3_m60_s1,es+pretrained,0,215,10760,1.294521846548725,72.0,72.0,0.0759239941850966,6.90779390796867e-06,20,38,0.005713807884603739,231.35290289996192,0.8888888888888888,0.8888888888888888
reg3,60,reg3_m60_s1,es+pretrained,0,220,11010,1.294521846548725,72.0,72.0,0.07592399418509652,6.907793907980054e-06,20,37,0.007228571455925703,237.67669799999567,0.8888888888888888,0.8888888888888888
reg3,60,reg3_m60_s1,es+pretrained,0,225,11260,1.294521846548725,72.0,72.0,0.07592399418509653,6.907793908090534e-06,20,38,0.0048268623650074005,243.82267229998251,0.8888888888888888,0.8888888888888888
reg3,60,reg3_m60_s1,es+pretrained,0,230,11510,1.294521846548725,72.0,72.0,0.0759239941850966,6.90779390796867e-06,20,38,0.005022626370191574,247.27053079998586,0.8888888888888888,0.8888888888888888
reg3,60,reg3_m60_s1,es+pretrained,0,235,11760,1.294521846548725,72.0,72.0,0.0759239941850966,6.90779390796867e-06,20,38,0.005882556084543467,253.31508769997163,0.8888888888888888,0.8888888888888888
reg3,60,reg3_m60_s1,es+pretrained,0,240,12010,1.294521846548725,72.0,72.0,0.0759239941850966,6.9077939079627065e-06,20,39,0.004855385050177574,259.18007829994895,0.8888888888888888,0.8888888888888888
reg3,60,reg3_m60_s1,es+pretrained,0,245,12260,1.294521846548725,72.0,72.0,0.0759239941850966,6.907793908009869e-06,20,39,0.004633560311049223,262.59762590000173,0.8888888888888888,0.8888888888888888
reg3,60,reg3_m60_s1,es+pretrained,0,250,12510,1.294521846548725,72.0,72.0,0.0759239941850966,6.90779390796867e-06,20,38,0.004979335702955723,268.4445252000005,0.8888888888888888,0.8888888888888888
reg3,60,reg3_m60_s1,es+pretrained,0,255,12760,1.2951172656099486,72.0,72.0,0.07517347111983877,0.005173084949375153,20,38,0.00546408724039793,274.3280719000031,0.8888888888888888,0.8888888888888888
reg3,60,reg3_m60_s1,es+pretrained,0,260,13010,1.299104462290363,72.0,72.0,0.07650404865577518,0.0017274073463398477,20,38,0.005301906261593103,277.82271899998887,0.8888888888888888,0.8888888888888888
reg3,60,reg3_m60_s1,es+pretrained,0,265,13260,1.299104462290363,72.0,72.0,0.07650404865577518,0.0017274073463398477,20,38,0.004618408624082804,283.6179812999908,0.8888888888888888,0.8888888888888888
reg3,60,reg3_m60_s1,es+pretrained,0,270,13510,1.3095531986783684,72.0,72.0,0.08273675956695739,0.0024214896179474282,20,38,0.004503094125539064,289.42281119996915,0.8888888888888888,0.8888888888888888
reg3,60,reg3_m60_s1,es+pretrained,0,275,13760,1.3095531986783684,72.0,72.0,0.08273675956695739,0.0024214896179474282,20,38,0.005896349437534809,292.7978770000045,0.8888888888888888,0.8888888888888888
reg3,60,reg3_m60_s1,es+pretrained,0,280,14010,1.3095531986783684,72.0,72.1,0.08273675956695739,0.0024214896179474282,20,38,0.0036199591122567654,298.62009779998334,0.8888888888888888,0.8901234567901234
reg3,60,reg3_m60_s1,es+pretrained,0,285,14260,1.3095531986783684,72.0,72.0,0.08273675956695739,0.0024214896179474282,20,38,0.0054726735688745975,304.4498644999694,0.8888888888888888,0.8888888888888888
reg3,60,reg3_m60_s1,es+pretrained,0,290,14510,1.31079961092428,72.0,72.0,0.08197782350397748,0.002421489617947456,20,38,0.004983770661056042,307.79697189998114,0.8888888888888888,0.8888888888888888
reg3,60,reg3_m60_s1,es+pretrained,0,295,14760,1.31079961092428,72.0,72.0,0.08197782350397748,0.002421489617947456,20,38,0.004591953009366989,313.62840519996826,0.8888888888888888,0.8888888888888888
reg3,60,reg3_m60_s1,es+pretrained,0,300,15010,1.3116980770784246,72.0,72.0,0.08398182364310519,0.002421489617947456,20,39,0.006043997127562761,319.5103143999586,0.8888888888888888,0.8888888888888888
reg3,60,reg3_m60_s1,es+pretrained,0,305,15260,1.3116980770784246,72.0,72.0,0.08398182364310519,0.002421489617947456,20,39,0.004960931371897459,322.9434307999909,0.8888888888888888,0.8888888888888888
reg3,60,reg3_m60_s1,es+pretrained,0,310,15510,1.3116980770784246,72.0,72.0,0.08398182364310519,0.002421489617947456,20,39,0.004159403499215841,328.7004223999684,0.8888888888888888,0.8888888888888888
reg3,60,reg3_m60_s1,es+pretrained,0,315,15760,1.3116980770784246,72.0,72.0,0.08398182364310519,0.002421489617947456,20,39,0.004744013771414757,334.53864939999767,0.8888888888888888,0.8888888888888888
reg3,60,reg3_m60_s1,es+pretrained,0,320,16010,1.3116980770784246,72.0,72.0,0.08398182364310519,0.002421489617947456,20,39,0.003974296618252993,337.8506664999877,0.8888888888888888,0.8888888888888888
reg3,60,reg3_m60_s1,es+pretrained,0,325,16260,1.3116980770784246,72.0,72.0,0.08398182364310519,0.002421489617947456,20,39,0.005438873078674078,343.6633656999911,0.8888888888888888,0.8888888888888888
reg3,60,reg3_m60_s1,es+pretrained,0,330,16510,1.3116980770784246,72.0,72.0,0.08398182364310519,0.002421489617947456,20,39,0.004974628798663616,349.60618659999454,0.8888888888888888,0.8888888888888888
reg3,60,reg3_m60_s1,es+pretrained,0,335,16760,1.3222232679581871,73.0,72.1,0.0711623814713216,0.003710112520658858,20,38,0.006187658756971359,352.9409601999796,0.9012345679012346,0.8901234567901234
reg3,60,reg3_m60_s1,es+pretrained,0,340,17010,1.3222232679581871,73.0,72.1,0.0711623814713216,0.003710112520658858,20,38,0.004738021641969681,358.7783718999708,0.9012345679012346,0.8901234567901234
reg3,60,reg3_m60_s1,es+pretrained,0,345,17260,1.3222232679581871,73.0,72.1,0.0711623814713216,0.003710112520658858,20,38,0.00515703484416008,364.60418480000226,0.9012345679012346,0.8901234567901234
reg3,60,reg3_m60_s1,es+pretrained,0,350,17510,1.3222232679581871,73.0,72.2,0.0711623814713216,0.003710112520658858,20,38,0.004116569645702839,367.9170246999711,0.9012345679012346,0.891358024691358
reg3,60,reg3_m60_s1,es+pretrained,0,355,17760,1.3222232679581871,73.0,72.3,0.0711623814713216,0.003710112520658858,20,38,0.004918764811009169,373.733208599966,0.9012345679012346,0.8925925925925926
reg3,60,reg3_m60_s1,es+pretrained,0,360,18010,1.3222232679581871,73.0,72.3,0.0711623814713216,0.003710112520658858,20,38,0.004123636521399021,379.5434537999681,0.9012345679012346,0.8925925925925926
reg3,60,reg3_m60_s1,es+pretrained,0,365,18260,1.3222232679581871,73.0,72.3,0.0711623814713216,0.003710112520658858,20,38,0.005492719821631908,382.91871119994903,0.9012345679012346,0.8925925925925926
reg3,60,reg3_m60_s1,es+pretrained,0,370,18510,1.3222232679581871,73.0,72.6,0.0711623814713216,0.003710112520658858,20,38,0.005031982436776161,388.7218570999685,0.9012345679012346,0.8962962962962963
reg3,60,reg3_m60_s1,es+pretrained,0,375,18760,1.325857854852887,73.0,73.0,0.07818013290945006,0.0017946727840771719,20,38,0.003918474540114403,394.53995879995637,0.9012345679012346,0.9012345679012346
reg3,60,reg3_m60_s1,es+pretrained,0,380,19010,1.325857854852887,73.0,73.0,0.07818013290945006,0.0017946727840771719,20,38,0.0050012459978461266,397.90922129998216,0.9012345679012346,0.9012345679012346
reg3,60,reg3_m60_s1,es+pretrained,0,385,19260,1.3280262228069628,73.0,73.0,0.07780793914845548,0.002003232649211496,20,38,0.004832156002521515,403.737896799983,0.9012345679012346,0.9012345679012346
reg3,60,reg3_m60_s1,es+pretrained,0,390,19510,1.333479546680718,74.0,73.1,0.06339569802101078,0.00020907076845206804,20,39,0.005828103981912136,409.54163639998296,0.9135802469135802,0.902469135802469
reg3,60,reg3_m60_s1,es+pretrained,0,395,19760,1.333479546680718,74.0,73.1,0.06339569802101078,0.00020907076845206804,20,39,0.0051199896261096,412.94808689999627,0.9135802469135802,0.902469135802469
reg3,60,reg3_m60_s1,es+pretrained,0,400,20010,1.333479546680718,74.0,73.1,0.06339569802101078,0.00020907076845206804,20,39,0.004192959051579237,418.7112285000039,0.9135802469135802,0.902469135802469
reg3,60,reg3_m60_s1,es+pretrained,1,0,10,0.6442662691159342,40.0,42.1,0.027540394807960496,0.001616262496467678,20,33,,0.035338500048965216,0.49382716049382713,0.5197530864197532
reg3,60,reg3_m60_s1,es+pretrained,1,5,260,1.039277821225118,59.0,57.5,0.09852602522972187,0.0037308882417739237,20,38,0.008460224606096745,3.3880779000464827,0.7283950617283951,0.7098765432098766
reg3,60,reg3_m60_s1,es+pretrained,1,10,510,1.1106611106422533,62.0,59.4,0.10257653897750799,0.0012816831304525156,20,37,0.01080179214477539,9.20499940001173,0.7654320987654321,0.7333333333333333
reg3,60,reg3_m60_s1,es+pretrained,1,15,760,1.1401345010577315,63.0,62.4,0.15099395292666914,2.406431086658667e-05,20,37,0.008154276758432388,15.017452900006901,0.7777777777777778,0.7703703703703704
reg3,60,reg3_m60_s1,es+pretrained,1,20,1010,1.1401345010577315,63.0,62.8,0.15099395292666914,2.406431086658667e-05,20,37,0.011902935802936554,18.366502400022,0.7777777777777778,0.7753086419753086
reg3,60,reg3_m60_s1,es+pretrained,1,25,1260,1.1608334554349167,65.0,63.4,0.10898609449896679,0.0002808753218750751,20,36,0.011317389085888863,24.184824700001627,0.8024691358024691,0.782716049382716
reg3,60,reg3_m60_s1,es+pretrained,1,30,1510,1.1998307892727467,66.0,64.4,0.14770761840552987,0.005787505471676805,20,36,0.010057607665657997,30.022290499997325,0.8148148148148148,0.7950617283950618
reg3,60,reg3_m60_s1,es+pretrained,1,35,1760,1.1998307892727467,66.0,65.0,0.14770761840552987,0.005787505471676805,20,36,0.011602172628045082,33.39963200001512,0.8148148148148148,0.8024691358024691
reg3,60,reg3_m60_s1,es+pretrained,1,40,2010,1.2038146745578922,66.0,66.0,0.15287320402318733,0.0043584529177165465,20,37,0.011283738538622856,39.22385710000526,0.8148148148148148,0.8148148148148148
reg3,60,reg3_m60_s1,es+pretrained,1,45,2260,1.2054943412061514,66.0,66.0,0.10853076638451598,0.003130706006871719,20,35,0.010152604430913925,44.963442100037355,0.8148148148148148,0.8148148148148148
reg3,60,reg3_m60_s1,es+pretrained,1,50,2510,1.2054943412061514,66.0,66.0,0.10853076638451598,0.003130706006871719,20,35,0.012510700151324272,48.306808300025295,0.8148148148148148,0.8148148148148148
reg3,60,reg3_m60_s1,es+pretrained,1,55,2760,1.2067302355562648,66.0,66.0,0.10572682823160495,0.00021576508910150366,20,36,0.006161614321172237,54.106359700032044,0.8148148148148148,0.8148148148148148
reg3,60,reg3_m60_s1,es+pretrained,1,60,3010,1.211963780938908,66.0,66.0,0.09569107069453175,0.00486322207280937,20,35,0.007218397222459316,59.901628500025254,0.8148148148148148,0.8148148148148148
reg3,60,reg3_m60_s1,es+pretrained,1,65,3260,1.211963780938908,66.0,66.0,0.09569107069453173,0.004863222072809356,20,36,0.009277126751840115,63.22902570001315,0.8148148148148148,0.8148148148148148
reg3,60,reg3_m60_s1,es+pretrained,1,70,3510,1.211963780938908,66.0,66.0,0.09569107069453173,0.004863222072809356,20,36,0.0087388064712286,69.07807059999323,0.8148148148148148,0.8148148148148148
reg3,60,reg3_m60_s1,es+pretrained,1,75,3760,1.2161301974193948,66.0,66.0,0.09228255072908312,0.000346095935374836,20,37,0.00927762221544981,74.95199990004767,0.8148148148148148,0.8148148148148148
reg3,60,reg3_m60_s1,es+pretrained,1,80,4010,1.2913880573964756,70.0,67.2,0.09626192498312133,0.003728556200763237,20,36,0.0072236876003444195,78.32462830003351,0.8641975308641975,0.8296296296296297
reg3,60,reg3_m60_s1,es+pretrained,1,85,4260,1.2913880573964756,70.0,68.8,0.09626192498312128,0.003728556200763296,20,34,0.006844802293926477,84.12201160000404,0.8641975308641975,0.8493827160493826
reg3,60,reg3_m60_s1,es+pretrained,1,90,4510,1.3038500342212742,71.0,70.4,0.11950494867286551,0.006498094568654705,20,34,0.006448852363973856,89.92026740004076,0.8765432098765432,0.8691358024691359
reg3,60,reg3_m60_s1,es+pretrained,1,95,4760,1.3157992063817907,71.0,70.7,0.11324935770529071,0.00033303246949803467,20,35,0.005070578306913376,93.32001850003144,0.8765432098765432,0.8728395061728396
reg3,60,reg3_m60_s1,es+pretrained,1,100,5010,1.3222247069532458,72.0,70.9,0.11051411135730807,0.007856377768977258,20,34,0.0076105426996946335,99.19987440004479,0.8888888888888888,0.8753086419753087
reg3,60,reg3_m60_s1,es+pretrained,1,105,5260,1.3331839323255557,71.0,71.2,0.11500619307436363,0.0010760430729958546,20,34,0.00751268956810236,105.10347349999938,0.8765432098765432,0.8790123456790124
reg3,60,reg3_m60_s1,es+pretrained,1,110,5510,1.3457172836770592,72.0,71.3,0.09983253076144621,0.0001296806016291424,20,35,0.008558900095522404,108.54683220002335,0.8888888888888888,0.8802469135802469
reg3,60,reg3_m60_s1,es+pretrained,1,115,5760,1.356584671558391,73.0,71.6,0.0964218550959847,0.002954754694510949,20,35,0.006322549190372229,114.4361347000231,0.9012345679012346,0.8839506172839505
reg3,60,reg3_m60_s1,es+pretrained,1,120,6010,1.3594831354167385,73.0,72.2,0.1001432995363751,0.0025900428416588996,20,35,0.007029302883893251,120.20261229999596,0.9012345679012346,0.891358024691358
reg3,60,reg3_m60_s1,es+pretrained,1,125,6260,1.3660490080610026,73.0,72.4,0.09402249028709586,0.00016352861163052013,20,35,0.007977258414030075,123.61504530004459,0.9012345679012346,0.8938271604938273
reg3,60,reg3_m60_s1,es+pretrained,1,130,6510,1.3660490080610026,73.0,72.5,0.09402249028709586,0.00016352861163052013,20,35,0.008068772964179516,129.40354930004105,0.9012345679012346,0.8950617283950617
reg3,60,reg3_m60_s1,es+pretrained,1,135,6760,1.366420017388056,73.0,73.0,0.09891638089071303,0.0012351826875350302,20,34,0.006542138289660215,135.3054761000094,0.9012345679012346,0.9012345679012346
reg3,60,reg3_m60_s1,es+pretrained,1,140,7010,1.3809284292810884,74.0,73.1,0.08762272772708268,0.0016321776937072326,20,35,0.0064048063941299915,138.68750940001337,0.9135802469135802,0.902469135802469
reg3,60,reg3_m60_s1,es+pretrained,1,145,7260,1.3809284292810884,74.0,73.4,0.08762272772708271,0.0016321776937070175,20,35,0.0059232865460217,144.5340017999988,0.9135802469135802,0.9061728395061729
reg3,60,reg3_m60_s1,es+pretrained,1,150,7510,1.3822539171164785,74.0,73.9,0.09263701019204618,0.0005082900039485305,20,35,0.007422297261655331,150.4856412000372,0.9135802469135802,0.9123456790123458
reg3,60,reg3_m60_s1,es+pretrained,1,155,7760,1.3822539171164785,74.0,74.0,0.09263701019204595,0.0005082900039485305,20,35,0.0069032954052090645,153.85536640003556,0.9135802469135802,0.9135802469135802
reg3,60,reg3_m60_s1,es+pretrained,1,160,8010,1.3822539171164787,74.0,74.0,0.09263701019204623,0.0005082900039483779,20,35,0.0072934627532958984,159.80359220004175,0.9135802469135802,0.9135802469135802
reg3,60,reg3_m60_s1,es+pretrained,1,165,8260,1.3822539171164787,74.0,74.0,0.09263701019204623,0.0005082900039483779,20,35,0.008325777016580105,165.55525530001614,0.9135802469135802,0.9135802469135802
reg3,60,reg3_m60_s1,es+pretrained,1,170,8510,1.3939815235579056,75.0,74.1,0.10844904531593103,0.0015405158221246783,20,35,0.008082066662609577,168.97191130003193,0.9259259259259259,0.9148148148148147
reg3,60,reg3_m60_s1,es+pretrained,1,175,8760,1.3939815235579056,75.0,74.2,0.10844904531593098,0.0015405158221245196,20,35,0.005214018281549215,174.90300109999953,0.9259259259259259,0.9160493827160494
reg3,60,reg3_m60_s1,es+pretrained,1,180,9010,1.3939815235579056,75.0,74.4,0.10844904531593103,0.0015405158221246558,20,35,0.008564120158553123,180.8099963000277,0.9259259259259259,0.9185185185185186
reg3,60,reg3_m60_s1,es+pretrained,1,185,9260,1.3939815235579056,75.0,74.5,0.10844904531593111,0.0015405158221246402,20,35,0.008386309258639812,184.22331720002694,0.9259259259259259,0.9197530864197531
reg3,60,reg3_m60_s1,es+pretrained,1,190,9510,1.3960712439700187,75.0,75.0,0.09486921688837158,0.0001472898684193205,20,35,0.007149304263293743,190.11483500001486,0.9259259259259259,0.9259259259259259
reg3,60,reg3_m60_s1,es+pretrained,1,195,9760,1.396071243970019,75.0,75.0,0.09486921688837162,0.00014728986841954167,20,35,0.007402208633720875,196.28305070003262,0.9259259259259259,0.9259259259259259
reg3,60,reg3_m60_s1,es+pretrained,1,200,10010,1.396071243970019,75.0,75.0,0.09486921688837162,0.00014728986841954167,20,35,0.007736122235655785,199.69729520002147,0.9259259259259259,0.9259259259259259
reg3,60,reg3_m60_s1,es+pretrained,1,205,10260,1.396071243970019,75.0,75.0,0.09486921688837155,0.00014728986841955165,20,34,0.005383830517530441,205.58876190002775,0.9259259259259259,0.9259259259259259
reg3,60,reg3_m60_s1,es+pretrained,1,210,10510,1.396071243970019,75.0,75.0,0.09486921688837163,0.00014728986841947792,20,35,0.009473655372858047,211.41423019999638,0.9259259259259259,0.9259259259259259
reg3,60,reg3_m60_s1,es+pretrained,1,215,10760,1.3996425128481902,75.0,75.0,0.10547455744177302,0.00014728986841959025,20,34,0.007649413775652647,214.86273779999465,0.9259259259259259,0.9259259259259259
reg3,60,reg3_m60_s1,es+pretrained,1,220,11010,1.3996425128481902,75.0,75.0,0.10547455744177296,0.00014728986841955772,20,34,0.0056561254896223545,220.76800770004047,0.9259259259259259,0.9259259259259259
reg3,60,reg3_m60_s1,es+pretrained,1,225,11260,1.3996425128481902,75.0,75.0,0.10547455744177296,0.00014728986841955772,20,34,0.006327254697680473,226.6550278000068,0.9259259259259259,0.9259259259259259
reg3,60,reg3_m60_s1,es+pretrained,1,230,11510,1.3996425128481902,75.0,75.0,0.10547455744177296,0.00014728986841955772,20,34,0.005865259096026421,230.05927620001603,0.9259259259259259,0.9259259259259259
reg3,60,reg3_m60_s1,es+pretrained,1,235,11760,1.3996425128481902,75.0,75.0,0.10547455744177281,0.00014728986841938902,20,35,0.006506643258035183,236.34664480003994,0.9259259259259259,0.9259259259259259
reg3,60,reg3_m60_s1,es+pretrained,1,240,12010,1.4003155114316854,75.0,75.0,0.10474323723671064,0.0008422391471602977,20,36,0.0057957055978477,242.66271310002776,0.9259259259259259,0.9259259259259259
reg3,60,reg3_m60_s1,es+pretrained,1,245,12260,1.4003155114316854,75.0,75.0,0.10474323723671065,0.0008422391471604651,20,36,0.007345552556216717,246.3659156000358,0.9259259259259259,0.9259259259259259
reg3,60,reg3_m60_s1,es+pretrained,1,250,12510,1.4003155114316854,75.0,75.0,0.10474323723671071,0.0008422391471604425,20,36,0.006235976237803698,252.52158900001086,0.9259259259259259,0.9259259259259259
reg3,60,reg3_m60_s1,es+pretrained,1,255,12760,1.4018601706002451,75.0,75.0,0.1165071581696574,0.0008422391471605544,20,36,0.005456429906189442,258.5521784000448,0.9259259259259259,0.9259259259259259
reg3,60,reg3_m60_s1,es+pretrained,1,260,13010,1.4018601706002451,75.0,75.0,0.1165071581696574,0.0008422391471605544,20,36,0.005190578289330006,262.00908510002773,0.9259259259259259,0.9259259259259259
reg3,60,reg3_m60_s1,es+pretrained,1,265,13260,1.4018601706002451,75.0,75.0,0.1165071581696574,0.0008422391471605544,20,36,0.006329432129859924,268.32815460005077,0.9259259259259259,0.9259259259259259
reg3,60,reg3_m60_s1,es+pretrained,1,270,13510,1.4018601706002451,75.0,75.0,0.11650715816965745,0.0008422391471603922,20,36,0.005226516164839268,274.66847220005,0.9259259259259259,0.9259259259259259
reg3,60,reg3_m60_s1,es+pretrained,1,275,13760,1.4018601706002451,75.0,75.0,0.1165071581696574,0.0008422391471605544,20,36,0.006824682932347059,278.31925130001036,0.9259259259259259,0.9259259259259259
reg3,60,reg3_m60_s1,es+pretrained,1,280,14010,1.4028830756249784,75.0,75.0,0.10880157501072932,0.00261970384580594,20,35,0.005367387551814318,284.71900520002237,0.9259259259259259,0.9259259259259259
reg3,60,reg3_m60_s1,es+pretrained,1,285,14260,1.4028830756249784,75.0,75.0,0.10880157501072932,0.00261970384580594,20,35,0.005689706653356552,291.18567430000985,0.9259259259259259,0.9259259259259259
reg3,60,reg3_m60_s1,es+pretrained,1,290,14510,1.4028830756249784,75.0,75.0,0.10880157501072932,0.00261970384580594,20,35,0.005451771896332502,294.86815220001154,0.9259259259259259,0.9259259259259259
reg3,60,reg3_m60_s1,es+pretrained,1,295,14760,1.4028830756249784,75.0,75.0,0.10880157501072932,0.00261970384580594,20,35,0.005050056613981724,301.2069440000341,0.9259259259259259,0.9259259259259259
reg3,60,reg3_m60_s1,es+pretrained,1,300,15010,1.4028830756249786,75.0,75.0,0.10880157501072929,0.0026197038458061206,20,35,0.005170897580683231,307.57966720004333,0.9259259259259259,0.9259259259259259
reg3,60,reg3_m60_s1,es+pretrained,1,305,15260,1.4130019343763252,75.0,75.0,0.11230044500054187,0.0007684188570429174,20,36,0.004397999495267868,311.27950040000724,0.9259259259259259,0.9259259259259259
reg3,60,reg3_m60_s1,es+pretrained,1,310,15510,1.4130019343763252,75.0,75.0,0.11230044500054187,0.0007684188570429174,20,36,0.003945985808968544,317.68263580003986,0.9259259259259259,0.9259259259259259
reg3,60,reg3_m60_s1,es+pretrained,1,315,15760,1.4130019343763252,75.0,75.0,0.11230044500054187,0.0007684188570429174,20,36,0.005367671139538288,324.09550970001146,0.9259259259259259,0.9259259259259259
reg3,60,reg3_m60_s1,es+pretrained,1,320,16010,1.4130019343763252,75.0,75.0,0.11230044500054187,0.0007684188570429174,20,36,0.004027939401566982,327.74324760003947,0.9259259259259259,0.9259259259259259
reg3,60,reg3_m60_s1,es+pretrained,1,325,16260,1.4130019343763252,75.0,75.0,0.11230044500054187,0.0007684188570429174,20,36,0.005057461094111204,334.13982030004263,0.9259259259259259,0.9259259259259259
reg3,60,reg3_m60_s1,es+pretrained,1,330,16510,1.4130019343763252,75.0,75.0,0.11230044500054187,0.0007684188570429174,20,36,0.005540523678064346,340.51190520002274,0.9259259259259259,0.9259259259259259
reg3,60,reg3_m60_s1,es+pretrained,1,335,16760,1.4130019343763252,75.0,75.0,0.11230044500054187,0.0007684188570429174,20,36,0.004015179816633463,344.2004852000391,0.9259259259259259,0.9259259259259259
reg3,60,reg3_m60_s1,es+pretrained,1,340,17010,1.4130019343763252,75.0,75.0,0.11230044500054191,0.0007684188570427977,20,35,0.003911995328962803,350.530810700031,0.9259259259259259,0.9259259259259259
reg3,60,reg3_m60_s1,es+pretrained,1,345,17260,1.4130019343763252,75.0,75.0,0.11230044500054187,0.0007684188570429174,20,36,0.005935033317655325,356.8403964000172,0.9259259259259259,0.9259259259259259
reg3,60,reg3_m60_s1,es+pretrained,1,350,17510,1.4130019343763252,75.0,75.0,0.11230044500054191,0.0007684188570427977,20,35,0.004006481263786554,360.48964100005105,0.9259259259259259,0.9259259259259259
reg3,60,reg3_m60_s1,es+pretrained,1,355,17760,1.414020274393458,75.0,75.0,0.12226237113480941,0.0007363813545477743,20,36,0.004486028105020523,366.90846790000796,0.9259259259259259,0.9259259259259259
reg3,60,reg3_m60_s1,es+pretrained,1,360,18010,1.414020274393458,75.0,75.0,0.12226237113480941,0.0007363813545477743,20,36,0.005892983637750149,373.1823500000173,0.9259259259259259,0.9259259259259259
reg3,60,reg3_m60_s1,es+pretrained,1,365,18260,1.414020274393458,75.0,75.0,0.12226237113480941,0.0007363813545477743,20,36,0.005430787801742554,376.8848706000135,0.9259259259259259,0.9259259259259259
reg3,60,reg3_m60_s1,es+pretrained,1,370,18510,1.414020274393458,75.0,75.0,0.12226237113480941,0.0007363813545477743,20,36,0.005265292711555958,383.25894710002467,0.9259259259259259,0.9259259259259259
reg3,60,reg3_m60_s1,es+pretrained,1,375,18760,1.414020274393458,75.0,75.0,0.12226237113480941,0.0007363813545477743,20,36,0.0048243398778140545,389.2231326000183,0.9259259259259259,0.9259259259259259
reg3,60,reg3_m60_s1,es+pretrained,1,380,19010,1.414020274393458,75.0,75.0,0.12226237113480941,0.0007363813545477743,20,36,0.0045738667249679565,392.59142000001157,0.9259259259259259,0.9259259259259259
reg3,60,reg3_m60_s1,es+pretrained,1,385,19260,1.414020274393458,75.0,75.0,0.12226237113480941,0.0007363813545477743,20,36,0.004819256253540516,398.39927490003174,0.9259259259259259,0.9259259259259259
reg3,60,reg3_m60_s1,es+pretrained,1,390,19510,1.414020274393458,75.0,75.0,0.12226237113480941,0.0007363813545477743,20,36,0.004156040959060192,404.4723225000198,0.9259259259259259,0.9259259259259259
reg3,60,reg3_m60_s1,es+pretrained,1,395,19760,1.414020274393458,75.0,75.0,0.12226237113480941,0.0007363813545477743,20,36,0.005317409057170153,407.98131750000175,0.9259259259259259,0.9259259259259259
reg3,60,reg3_m60_s1,es+pretrained,1,400,20010,1.414020274393458,75.0,75.0,0.12226237113480941,0.0007363813545477743,20,36,0.004136001691222191,413.8949734000489,0.9259259259259259,0.9259259259259259
reg3,60,reg3_m60_s1,es+pretrained,2,0,10,0.6329530361121426,40.0,44.6,0.04581983327067264,0.0005821446788837163,20,39,,0.0336830000160262,0.49382716049382713,0.5506172839506173
reg3,60,reg3_m60_s1,es+pretrained,2,5,260,1.087088136525989,61.0,59.4,0.06221458687468013,0.001705917401543286,20,32,0.010773115791380405,3.731746800011024,0.7530864197530864,0.7333333333333333
reg3,60,reg3_m60_s1,es+pretrained,2,10,510,1.1210818703982266,63.0,62.1,0.06524035700189829,0.0001400888081674219,20,33,0.010401342995464802,10.06646699999692,0.7777777777777778,0.7666666666666667
reg3,60,reg3_m60_s1,es+pretrained,2,15,760,1.1356439753283467,63.0,62.9,0.07278490855021644,0.0005938531635655969,20,32,0.011651587672531605,16.503324799996335,0.7777777777777778,0.7765432098765432
reg3,60,reg3_m60_s1,es+pretrained,2,20,1010,1.1393431861337173,64.0,63.2,0.07290033366010655,0.0019970813904994986,20,31,0.011917282827198505,20.140042999992147,0.7901234567901234,0.780246913580247
reg3,60,reg3_m60_s1,es+pretrained,2,25,1260,1.140932340323392,64.0,63.4,0.06689889799370137,0.0037817298035114355,20,31,0.01140672992914915,26.541643299977295,0.7901234567901234,0.782716049382716
reg3,60,reg3_m60_s1,es+pretrained,2,30,1510,1.142582710481838,64.0,63.9,0.06905600857715116,0.0008441835342135849,20,31,0.012759018689393997,32.96561610000208,0.7901234567901234,0.7888888888888889
reg3,60,reg3_m60_s1,es+pretrained,2,35,1760,1.1509123790994764,65.0,63.8,0.06246149439418744,0.00245025295444537,20,32,0.007189840078353882,36.59641930001089,0.8024691358024691,0.7876543209876543
reg3,60,reg3_m60_s1,es+pretrained,2,40,2010,1.1509123790994764,65.0,64.7,0.06246149439418742,0.0024502529544453075,20,33,0.009525412693619728,43.137398799997754,0.8024691358024691,0.7987654320987655
reg3,60,reg3_m60_s1,es+pretrained,2,45,2260,1.1509123790994764,65.0,65.0,0.06246149439418744,0.00245025295444537,20,32,0.008725229650735855,49.490311399975326,0.8024691358024691,0.8024691358024691
reg3,60,reg3_m60_s1,es+pretrained,2,50,2510,1.1509123790994764,65.0,65.0,0.06246149439418746,0.0024502529544452034,20,32,0.006626708433032036,53.15114239999093,0.8024691358024691,0.8024691358024691
reg3,60,reg3_m60_s1,es+pretrained,2,55,2760,1.1509123790994764,65.0,65.0,0.06246149439418732,0.002450252954445252,20,33,0.006369432434439659,59.494184600014705,0.8024691358024691,0.8024691358024691
reg3,60,reg3_m60_s1,es+pretrained,2,60,3010,1.1509123790994766,65.0,65.0,0.0624614943941875,0.0024502529544451618,20,30,0.006594747304916382,65.9492101999931,0.8024691358024691,0.8024691358024691
reg3,60,reg3_m60_s1,es+pretrained,2,65,3260,1.1509123790994766,65.0,65.0,0.06246149439418744,0.0024502529544453353,20,32,0.00551109854131937,69.63842380000278,0.8024691358024691,0.8024691358024691
reg3,60,reg3_m60_s1,es+pretrained,2,70,3510,1.1509123790994766,65.0,65.0,0.06246149439418752,0.0024502529544453075,20,31,0.005181726533919573,76.04394200001843,0.8024691358024691,0.8024691358024691
reg3,60,reg3_m60_s1,es+pretrained,2,75,3760,1.1509123790994766,65.0,65.0,0.06246149439418752,0.0024502529544453075,20,31,0.005702093709260225,82.42573029996129,0.8024691358024691,0.8024691358024691
reg3,60,reg3_m60_s1,es+pretrained,2,80,4010,1.1509123790994766,65.0,65.0,0.06246149439418744,0.0024502529544453353,20,32,0.006987317930907011,86.10655189998215,0.8024691358024691,0.8024691358024691
reg3,60,reg3_m60_s1,es+pretrained,2,85,4260,1.1509123790994766,65.0,65.0,0.06246149439418752,0.0024502529544453075,20,31,0.005579986609518528,92.5141173999873,0.8024691358024691,0.8024691358024691
reg3,60,reg3_m60_s1,es+pretrained,2,90,4510,1.1509123790994766,65.0,65.0,0.06246149439418744,0.0024502529544453353,20,32,0.003901940304785967,98.94622489996254,0.8024691358024691,0.8024691358024691
reg3,60,reg3_m60_s1,es+pretrained,2,95,4760,1.1509123790994766,65.0,65.0,0.06246149439418746,0.0024502529544453353,20,33,0.005259871017187834,102.72735890001059,0.8024691358024691,0.8024691358024691
reg3,60,reg3_m60_s1,es+pretrained,2,100,5010,1.1509123790994766,65.0,65.0,0.06246149439418744,0.0024502529544453353,20,32,0.00403460580855608,109.08532549999654,0.8024691358024691,0.8024691358024691
reg3,60,reg3_m60_s1,es+pretrained,2,105,5260,1.1509123790994766,65.0,65.0,0.06246149439418752,0.0024502529544453075,20,31,0.005210467614233494,115.47944139997708,0.8024691358024691,0.8024691358024691
reg3,60,reg3_m60_s1,es+pretrained,2,110,5510,1.1509123790994766,65.0,65.0,0.06246149439418736,0.0024502529544453144,20,31,0.004308268427848816,119.14668619999429,0.8024691358024691,0.8024691358024691
reg3,60,reg3_m60_s1,es+pretrained,2,115,5760,1.1566910800094703,65.0,65.0,0.06785060667461221,0.0005173685177130224,20,31,0.004153525456786156,125.54338539997116,0.8024691358024691,0.8024691358024691
reg3,60,reg3_m60_s1,es+pretrained,2,120,6010,1.1566910800094703,65.0,65.0,0.06785060667461218,0.0005173685177127761,20,31,0.004314001649618149,132.0080533999717,0.8024691358024691,0.8024691358024691
reg3,60,reg3_m60_s1,es+pretrained,2,125,6260,1.1566910800094703,65.0,65.0,0.0678506066746122,0.0005173685177128282,20,30,0.0036542450543493032,135.6475104999845,0.8024691358024691,0.8024691358024691
reg3,60,reg3_m60_s1,es+pretrained,2,130,6510,1.1566910800094703,65.0,65.0,0.06785060667461221,0.0005173685177129149,20,30,0.0034909688401967287,142.02432149997912,0.8024691358024691,0.8024691358024691
reg3,60,reg3_m60_s1,es+pretrained,2,135,6760,1.1604059812874645,65.0,65.0,0.0885245677792107,1.8978065825764334e-05,20,32,0.004247685894370079,148.49507259996608,0.8024691358024691,0.8024691358024691
reg3,60,reg3_m60_s1,es+pretrained,2,140,7010,1.1783019761900726,66.0,65.4,0.08506314016980934,0.0004734957401351658,20,32,0.003608935046941042,152.15960559999803,0.8148148148148148,0.8074074074074075
reg3,60,reg3_m60_s1,es+pretrained,2,145,7260,1.206606287820882,68.0,66.6,0.057135606446195294,0.00010805630739774488,20,28,0.00351770524866879,158.12357709999196,0.8395061728395061,0.8222222222222222
reg3,60,reg3_m60_s1,es+pretrained,2,150,7510,1.22063647249499,69.0,68.2,0.05959961513336717,0.0008519846049915188,20,30,0.0046420954167842865,164.08871009998256,0.8518518518518519,0.8419753086419753
reg3,60,reg3_m60_s1,es+pretrained,2,155,7760,1.256276687690289,71.0,69.2,0.057567162528768534,0.0008898447112146712,20,31,0.003175806486979127,167.5273636999773,0.8765432098765432,0.8543209876543211
reg3,60,reg3_m60_s1,es+pretrained,2,160,8010,1.256276687690289,71.0,70.2,0.05756716252876852,0.0008898447112145706,20,32,0.003345407545566559,173.4684142000042,0.8765432098765432,0.8666666666666667
reg3,60,reg3_m60_s1,es+pretrained,2,165,8260,1.273293270957657,73.0,71.2,0.0446815136875936,0.0008898447112145567,20,30,0.0047414302825927734,179.36558099999093,0.9012345679012346,0.8790123456790124
reg3,60,reg3_m60_s1,es+pretrained,2,170,8510,1.273293270957657,73.0,71.2,0.0446815136875936,0.0008898447112145567,20,30,0.005077211186289787,182.78741719998652,0.9012345679012346,0.8790123456790124
reg3,60,reg3_m60_s1,es+pretrained,2,175,8760,1.273293270957657,73.0,71.2,0.0446815136875936,0.0008898447112145567,20,30,0.0046899933367967606,188.89265539997723,0.9012345679012346,0.8790123456790124
reg3,60,reg3_m60_s1,es+pretrained,2,180,9010,1.273293270957657,73.0,71.4,0.0446815136875936,0.0008898447112145567,20,30,0.006316367536783218,194.88981429999694,0.9012345679012346,0.8814814814814815
reg3,60,reg3_m60_s1,es+pretrained,2,185,9260,1.273293270957657,73.0,72.8,0.0446815136875936,0.0008898447112145706,20,30,0.006214729510247707,198.33487269998295,0.9012345679012346,0.8987654320987654
reg3,60,reg3_m60_s1,es+pretrained,2,190,9510,1.273293270957657,73.0,73.0,0.044681513687593606,0.0008898447112146435,20,30,0.006192674394696951,204.36948180000763,0.9012345679012346,0.9012345679012346
reg3,60,reg3_m60_s1,es+pretrained,2,195,9760,1.273293270957657,73.0,73.0,0.044681513687593495,0.0008898447112145845,20,30,0.0055022588931024075,210.3842486999929,0.9012345679012346,0.9012345679012346
reg3,60,reg3_m60_s1,es+pretrained,2,200,10010,1.273293270957657,73.0,73.0,0.044681513687593585,0.0008898447112145706,20,30,0.007698279805481434,213.76631199999247,0.9012345679012346,0.9012345679012346
reg3,60,reg3_m60_s1,es+pretrained,2,205,10260,1.2982432348566793,74.0,73.1,0.05010232553956258,0.0008898447112147302,20,31,0.005833037663251162,219.66275399998995,0.9135802469135802,0.902469135802469
reg3,60,reg3_m60_s1,es+pretrained,2,210,10510,1.2982432348566793,74.0,73.4,0.050102325539562516,0.0008898447112147198,20,30,0.006053248420357704,225.66466860001674,0.9135802469135802,0.9061728395061729
reg3,60,reg3_m60_s1,es+pretrained,2,215,10760,1.2982432348566793,74.0,74.0,0.05010232553956262,0.0008898447112145359,20,32,0.005734320264309645,229.0904492000118,0.9135802469135802,0.9135802469135802
reg3,60,reg3_m60_s1,es+pretrained,2,220,11010,1.2982432348566793,74.0,74.0,0.050102325539562634,0.0008898447112146157,20,32,0.006060977466404438,235.28794309997465,0.9135802469135802,0.9135802469135802
reg3,60,reg3_m60_s1,es+pretrained,2,225,11260,1.2982432348566793,74.0,74.0,0.050102325539562675,0.0008898447112147302,20,30,0.005299798678606749,241.21696569997584,0.9135802469135802,0.9135802469135802
reg3,60,reg3_m60_s1,es+pretrained,2,230,11510,1.2982432348566793,74.0,74.0,0.050102325539562634,0.0008898447112146331,20,32,0.0059846569783985615,244.58966870000586,0.9135802469135802,0.9135802469135802
reg3,60,reg3_m60_s1,es+pretrained,2,235,11760,1.2982432348566793,74.0,74.0,0.0501023255395625,0.0008898447112147233,20,31,0.004987319465726614,250.4967542999657,0.9135802469135802,0.9135802469135802
reg3,60,reg3_m60_s1,es+pretrained,2,240,12010,1.2982432348566793,74.0,74.0,0.05010232553956263,0.0008898447112146227,20,32,0.005124236922711134,256.3492016000091,0.9135802469135802,0.9135802469135802
reg3,60,reg3_m60_s1,es+pretrained,2,245,12260,1.2982432348566793,74.0,74.0,0.05010232553956249,0.0008898447112146365,20,30,0.0054345387034118176,259.77738729998237,0.9135802469135802,0.9135802469135802
reg3,60,reg3_m60_s1,es+pretrained,2,250,12510,1.2982432348566793,74.0,74.0,0.05010232553956267,0.0008898447112146296,20,29,0.005608600098639727,265.65760410000803,0.9135802469135802,0.9135802469135802
reg3,60,reg3_m60_s1,es+pretrained,2,255,12760,1.2982432348566793,74.0,74.0,0.05010232553956258,0.0008898447112146018,20,29,0.006572667043656111,271.57972709997557,0.9135802469135802,0.9135802469135802
reg3,60,reg3_m60_s1,es+pretrained,2,260,13010,1.2982432348566793,74.0,74.0,0.05010232553956266,0.0008898447112145741,20,30,0.0050019496120512486,275.04795949999243,0.9135802469135802,0.9135802469135802
reg3,60,reg3_m60_s1,es+pretrained,2,265,13260,1.2982432348566793,74.0,74.0,0.05010232553956257,0.0008898447112145776,20,31,0.006654019933193922,280.94335039996076,0.9135802469135802,0.9135802469135802
reg3,60,reg3_m60_s1,es+pretrained,2,270,13510,1.2982432348566793,74.0,74.0,0.05010232553956251,0.0008898447112146574,20,31,0.006510055158287287,286.8451382999774,0.9135802469135802,0.9135802469135802
reg3,60,reg3_m60_s1,es+pretrained,2,275,13760,1.2982432348566793,74.0,74.0,0.05010232553956258,0.0008898447112146435,20,32,0.005385272204875946,290.2958997999667,0.9135802469135802,0.9135802469135802
reg3,60,reg3_m60_s1,es+pretrained,2,280,14010,1.2982432348566793,74.0,74.0,0.050102325539562564,0.0008898447112146018,20,30,0.004857746884226799,296.4806513999938,0.9135802469135802,0.9135802469135802
reg3,60,reg3_m60_s1,es+pretrained,2,285,14260,1.2982432348566793,74.0,74.0,0.05010232553956256,0.0008898447112147545,20,32,0.004668911918997765,302.92050309997285,0.9135802469135802,0.9135802469135802
reg3,60,reg3_m60_s1,es+pretrained,2,290,14510,1.2982432348566793,74.0,74.0,0.05010232553956262,0.0008898447112146331,20,33,0.004503270611166954,306.55112909997115,0.9135802469135802,0.9135802469135802
reg3,60,reg3_m60_s1,es+pretrained,2,295,14760,1.2982432348566793,74.0,74.0,0.05010232553956273,0.0008898447112144839,20,33,0.004176646936684847,312.9194056999986,0.9135802469135802,0.9135802469135802
reg3,60,reg3_m60_s1,es+pretrained,2,300,15010,1.2982432348566793,74.0,74.0,0.05010232553956254,0.0008898447112144839,20,32,0.004154356196522713,319.320859999978,0.9135802469135802,0.9135802469135802
reg3,60,reg3_m60_s1,es+pretrained,2,305,15260,1.2982432348566793,74.0,74.0,0.050102325539562634,0.000889844711214581,20,32,0.005750114563852549,323.04932059999555,0.9135802469135802,0.9135802469135802
reg3,60,reg3_m60_s1,es+pretrained,2,310,15510,1.2982432348566793,74.0,74.0,0.05010232553956254,0.0008898447112147823,20,31,0.00466944370418787,329.1537325999816,0.9135802469135802,0.9135802469135802
reg3,60,reg3_m60_s1,es+pretrained,2,315,15760,1.2982432348566793,74.0,74.0,0.05010232553956255,0.0008898447112147614,20,32,0.006665665656328201,335.0656893000123,0.9135802469135802,0.9135802469135802
reg3,60,reg3_m60_s1,es+pretrained,2,320,16010,1.2982432348566793,74.0,74.0,0.05010232553956255,0.0008898447112145602,20,33,0.004101490136235952,338.45801219996065,0.9135802469135802,0.9135802469135802
reg3,60,reg3_m60_s1,es+pretrained,2,325,16260,1.2982432348566793,74.0,74.0,0.050102325539562544,0.0008898447112146504,20,30,0.0057485150173306465,344.4013758999645,0.9135802469135802,0.9135802469135802
reg3,60,reg3_m60_s1,es+pretrained,2,330,16510,1.2982432348566793,74.0,74.0,0.05010232553956267,0.000889844711214522,20,33,0.00408715195953846,350.2365290999878,0.9135802469135802,0.9135802469135802
reg3,60,reg3_m60_s1,es+pretrained,2,335,16760,1.2982432348566793,74.0,74.0,0.05010232553956251,0.0008898447112147476,20,33,0.0043227882124483585,353.64531970000826,0.9135802469135802,0.9135802469135802
reg3,60,reg3_m60_s1,es+pretrained,2,340,17010,1.2982432348566793,74.0,74.0,0.050102325539562585,0.0008898447112146365,20,31,0.00348485866561532,359.5669208000181,0.9135802469135802,0.9135802469135802
reg3,60,reg3_m60_s1,es+pretrained,2,345,17260,1.2982432348566793,74.0,74.0,0.050102325539562675,0.0008898447112145845,20,30,0.004920496605336666,365.46523119998164,0.9135802469135802,0.9135802469135802
reg3,60,reg3_m60_s1,es+pretrained,2,350,17510,1.2982432348566793,74.0,74.0,0.050102325539562634,0.0008898447112145741,20,30,0.004089527763426304,368.91124559997115,0.9135802469135802,0.9135802469135802
reg3,60,reg3_m60_s1,es+pretrained,2,355,17760,1.2982432348566793,74.0,74.0,0.05010232553956257,0.0008898447112146539,20,30,0.003934972919523716,374.84587660001125,0.9135802469135802,0.9135802469135802
reg3,60,reg3_m60_s1,es+pretrained,2,360,18010,1.2982432348566793,74.0,74.0,0.05010232553956267,0.0008898447112144665,20,32,0.004981116391718388,380.78946940001333,0.9135802469135802,0.9135802469135802
reg3,60,reg3_m60_s1,es+pretrained,2,365,18260,1.2982432348566793,74.0,74.0,0.05010232553956254,0.000889844711214758,20,31,0.005431600380688906,384.14115340000717,0.9135802469135802,0.9135802469135802
reg3,60,reg3_m60_s1,es+pretrained,2,370,18510,1.2982432348566793,74.0,74.0,0.05010232553956257,0.0008898447112146296,20,30,0.004727596882730722,389.9402413999778,0.9135802469135802,0.9135802469135802
reg3,60,reg3_m60_s1,es+pretrained,2,375,18760,1.2982432348566793,74.0,74.0,0.05010232553956266,0.0008898447112146296,20,33,0.003360515693202615,395.80450059997384,0.9135802469135802,0.9135802469135802
reg3,60,reg3_m60_s1,es+pretrained,2,380,19010,1.2982432348566793,74.0,74.0,0.05010232553956265,0.00088984471121464,20,32,0.003947210963815451,399.22389700001804,0.9135802469135802,0.9135802469135802
reg3,60,reg3_m60_s1,es+pretrained,2,385,19260,1.2982432348566793,74.0,74.0,0.05010232553956266,0.0008898447112145672,20,32,0.002743729157373309,405.27063949999865,0.9135802469135802,0.9135802469135802
reg3,60,reg3_m60_s1,es+pretrained,2,390,19510,1.2982432348566793,74.0,74.0,0.05010232553956241,0.0008898447112148343,20,31,0.0035060462541878223,411.13325760001317,0.9135802469135802,0.9135802469135802
reg3,60,reg3_m60_s1,es+pretrained,2,395,19760,1.2982432348566793,74.0,74.0,0.05010232553956258,0.0008898447112146331,20,32,0.003928906749933958,414.52085239998996,0.9135802469135802,0.9135802469135802
reg3,60,reg3_m60_s1,es+pretrained,2,400,20010,1.2982432348566793,74.0,74.0,0.050102325539562634,0.0008898447112144353,20,32,0.0031922184862196445,420.42671739996877,0.9135802469135802,0.9135802469135802
reg3,60,reg3_m60_s1,es+transfer,0,0,10,0.6998357169175002,44.0,43.5,0.07304383663338695,0.00098649445651193,20,35,,0.03601209999760613,0.5432098765432098,0.5370370370370371
reg3,60,reg3_m60_s1,es+transfer,0,5,260,1.0440092712528113,58.0,56.2,0.07288542893283201,0.0006559839154165262,20,36,0.0070444135926663876,3.6497551999636926,0.7160493827160493,0.6938271604938272
reg3,60,reg3_m60_s1,es+transfer,0,10,510,1.1111504890776396,61.0,59.8,0.08695894436857149,0.0005871187914052219,20,37,0.01234414055943489,9.925507199950516,0.7530864197530864,0.7382716049382716
reg3,60,reg3_m60_s1,es+transfer,0,15,760,1.1413774541697985,64.0,62.8,0.06181160840781549,0.001580681477726123,20,37,0.013927345164120197,16.1252594999969,0.7901234567901234,0.7753086419753086
reg3,60,reg3_m60_s1,es+transfer,0,20,1010,1.172189320738733,63.0,63.5,0.1194794827350252,0.002280680267824794,20,36,0.014082694426178932,19.663739599986002,0.7777777777777778,0.7839506172839507
reg3,60,reg3_m60_s1,es+transfer,0,25,1260,1.239463828363335,66.0,65.1,0.1095704321862428,0.0044929755269492964,20,37,0.014336623251438141,25.921772599976975,0.8148148148148148,0.8037037037037036
reg3,60,reg3_m60_s1,es+transfer,0,30,1510,1.2571374431460842,67.0,66.2,0.11038032413813118,0.003103661866895446,20,37,0.010458184406161308,32.02891249995446,0.8271604938271605,0.817283950617284
reg3,60,reg3_m60_s1,es+transfer,0,35,1760,1.2693365928490161,68.0,67.0,0.1116773593739509,0.006757397785189245,20,37,0.010459999553859234,35.54605029994855,0.8395061728395061,0.8271604938271605
reg3,60,reg3_m60_s1,es+transfer,0,40,2010,1.2693365928490161,68.0,67.5,0.1116773593739509,0.006757397785189245,20,37,0.012097358703613281,41.75140399998054,0.8395061728395061,0.8333333333333334
reg3,60,reg3_m60_s1,es+transfer,0,45,2260,1.2693365928490161,68.0,67.8,0.1116773593739509,0.006757397785189245,20,37,0.012689195573329926,47.988011299981736,0.8395061728395061,0.837037037037037
reg3,60,reg3_m60_s1,es+transfer,0,50,2510,1.280477307938166,68.0,67.5,0.13884172424152613,0.0047334913860053625,20,36,0.010083162225782871,51.59025789995212,0.8395061728395061,0.8333333333333334
reg3,60,reg3_m60_s1,es+transfer,0,55,2760,1.2893342137045782,68.0,67.9,0.15817673165702514,0.0025118668303882917,20,37,0.01001796592026949,57.74690729996655,0.8395061728395061,0.8382716049382717
reg3,60,reg3_m60_s1,es+transfer,0,60,3010,1.2917865505687014,68.0,68.0,0.1487933753874536,0.002511866830388282,20,37,0.009995193220674992,64.0285762999556,0.8395061728395061,0.8395061728395061
reg3,60,reg3_m60_s1,es+transfer,0,65,3260,1.2944141561115727,68.0,68.0,0.14406959367088323,0.0008886426979562859,20,37,0.01267927885055542,67.58921229996486,0.8395061728395061,0.8395061728395061
reg3,60,reg3_m60_s1,es+transfer,0,70,3510,1.2965330149493528,69.0,68.1,0.14470881968621224,0.0010315997812232903,20,37,0.008029615506529808,73.78384869999718,0.8518518518518519,0.8407407407407407
reg3,60,reg3_m60_s1,es+transfer,0,75,3760,1.2980022054616267,68.0,68.2,0.15125584830318772,0.0035013998764877423,20,37,0.00831645354628563,79.983708499989,0.8395061728395061,0.8419753086419753
reg3,60,reg3_m60_s1,es+transfer,0,80,4010,1.3016082438518097,69.0,68.4,0.1614742240449729,0.002143164330610188,20,37,0.008403677493333817,83.58151349995751,0.8518518518518519,0.8444444444444446
reg3,60,reg3_m60_s1,es+transfer,0,85,4260,1.3016082438518097,69.0,68.3,0.1614742240449729,0.002143164330610188,20,37,0.006952754221856594,89.87651079997886,0.8518518518518519,0.8432098765432099
reg3,60,reg3_m60_s1,es+transfer,0,90,4510,1.3017578614596497,68.0,68.7,0.15181448809584533,0.009668407359713933,20,37,0.008247990161180496,96.12988229998155,0.8395061728395061,0.8481481481481482
reg3,60,reg3_m60_s1,es+transfer,0,95,4760,1.303405977122949,68.0,68.4,0.14534310391910638,0.01131846628643635,20,37,0.006941181607544422,99.75146539998241,0.8395061728395061,0.8444444444444446
reg3,60,reg3_m60_s1,es+transfer,0,100,5010,1.3166960410052135,69.0,68.3,0.1268388070248776,0.0017408545915097058,20,39,0.006290029734373093,106.11052029998973,0.8518518518518519,0.8432098765432099
reg3,60,reg3_m60_s1,es+transfer,0,105,5260,1.3166960410052135,69.0,68.6,0.12683880702487743,0.0017408545915095826,20,39,0.006751966662704945,112.31357619998744,0.8518518518518519,0.8469135802469135
reg3,60,reg3_m60_s1,es+transfer,0,110,5510,1.3166960410052135,69.0,68.8,0.12683880702487743,0.0017408545915095826,20,39,0.007422850467264652,115.92321589996573,0.8518518518518519,0.8493827160493826
reg3,60,reg3_m60_s1,es+transfer,0,115,5760,1.3166960410052135,69.0,69.0,0.12683880702487726,0.001740854591509704,20,39,0.007984527386724949,122.14001239999197,0.8518518518518519,0.8518518518518519
reg3,60,reg3_m60_s1,es+transfer,0,120,6010,1.3166960410052135,69.0,69.0,0.12683880702487751,0.0017408545915096434,20,38,0.007734799757599831,128.44951799995033,0.8518518518518519,0.8518518518518519
reg3,60,reg3_m60_s1,es+transfer,0,125,6260,1.3166960410052135,69.0,69.0,0.12683880702487738,0.0017408545915097474,20,39,0.005675579886883497,131.97375629999442,0.8518518518518519,0.8518518518518519
reg3,60,reg3_m60_s1,es+transfer,0,130,6510,1.3182799246590224,69.0,69.0,0.14208789769479874,0.0017408545915097544,20,39,0.005265628919005394,137.84622559999116,0.8518518518518519,0.8518518518518519
reg3,60,reg3_m60_s1,es+transfer,0,135,6760,1.3182799246590224,69.0,69.0,0.14208789769479874,0.0017408545915097544,20,39,0.004852705635130405,143.63005479995627,0.8518518518518519,0.8518518518518519
reg3,60,reg3_m60_s1,es+transfer,0,140,7010,1.320479211764952,69.0,69.0,0.1427108199079019,0.0015678835340198352,20,39,0.0053266920149326324,146.9915994000039,0.8518518518518519,0.8518518518518519
reg3,60,reg3_m60_s1,es+transfer,0,145,7260,1.3206044382128932,69.0,69.0,0.1301133372738822,0.0017408545915096121,20,38,0.005502447951585054,152.791630599997,0.8518518518518519,0.8518518518518519
reg3,60,reg3_m60_s1,es+transfer,0,150,7510,1.3206044382128932,69.0,69.0,0.1301133372738822,0.0017408545915096121,20,38,0.005930932238698006,158.55144680000376,0.8518518518518519,0.8518518518518519
reg3,60,reg3_m60_s1,es+transfer,0,155,7760,1.3206044382128932,69.0,69.0,0.1301133372738822,0.0017408545915096121,20,38,0.0059881992638111115,161.9348076999886,0.8518518518518519,0.8518518518518519
reg3,60,reg3_m60_s1,es+transfer,0,160,8010,1.3206044382128932,69.0,69.0,0.1301133372738822,0.0017408545915096121,20,38,0.005198488477617502,167.71103799995035,0.8518518518518519,0.8518518518518519
reg3,60,reg3_m60_s1,es+transfer,0,165,8260,1.3229047724897172,69.0,69.0,0.12200751898370446,0.0015678835340199545,20,39,0.0048170145601034164,173.47700349998195,0.8518518518518519,0.8518518518518519
reg3,60,reg3_m60_s1,es+transfer,0,170,8510,1.3245970305966461,69.0,69.0,0.14350646259026595,0.006045104450484281,20,39,0.006215256173163652,176.8572881,0.8518518518518519,0.8518518518518519
reg3,60,reg3_m60_s1,es+transfer,0,175,8760,1.3245970305966461,69.0,69.0,0.14350646259026595,0.006045104450484281,20,39,0.00725944247096777,182.61492189997807,0.8518518518518519,0.8518518518518519
reg3,60,reg3_m60_s1,es+transfer,0,180,9010,1.3245970305966461,69.0,69.0,0.14350646259026595,0.006045104450484281,20,39,0.006267103366553783,188.38732919999165,0.8518518518518519,0.8518518518518519
reg3,60,reg3_m60_s1,es+transfer,0,185,9260,1.3245970305966461,69.0,69.0,0.14350646259026595,0.006045104450484281,20,39,0.0062829176895320415,191.73113189998548,0.8518518518518519,0.8518518518518519
reg3,60,reg3_m60_s1,es+transfer,0,190,9510,1.3245970305966461,69.0,69.0,0.14350646259026595,0.006045104450484281,20,39,0.005933309905230999,197.4878100999631,0.8518518518518519,0.8518518518518519
reg3,60,reg3_m60_s1,es+transfer,0,195,9760,1.3245970305966461,69.0,69.0,0.14350646259026595,0.006045104450484281,20,39,0.006088359281420708,203.27106050000293,0.8518518518518519,0.8518518518518519
reg3,60,reg3_m60_s1,es+transfer,0,200,10010,1.3245970305966461,69.0,69.0,0.14350646259026595,0.006045104450484281,20,39,0.0057748365215957165,206.56936239998322,0.8518518518518519,0.8518518518518519
reg3,60,reg3_m60_s1,es+transfer,0,205,10260,1.3245970305966461,69.0,69.0,0.14350646259026595,0.006045104450484281,20,39,0.0051131178624928,212.38130239996826,0.8518518518518519,0.8518518518518519
reg3,60,reg3_m60_s1,es+transfer,0,210,10510,1.3245970305966461,69.0,69.0,0.14350646259026595,0.006045104450484281,20,39,0.004366833250969648,218.22470879997127,0.8518518518518519,0.8518518518518519
reg3,60,reg3_m60_s1,es+transfer,0,215,10760,1.3249219907835128,69.0,69.0,0.1579753182806467,0.006846046810742657,20,39,0.004586103372275829,221.6356090999907,0.8518518518518519,0.8518518518518519
reg3,60,reg3_m60_s1,es+transfer,0,220,11010,1.3254418147261076,69.0,69.0,0.14274152960237796,0.0016940144972383822,20,38,0.004311856813728809,227.46654839999974,0.8518518518518519,0.8518518518518519
reg3,60,reg3_m60_s1,es+transfer,0,225,11260,1.3276100956478893,69.0,69.0,0.149526639278873,0.00044461585220153827,20,39,0.005566058214753866,233.32096909999382,0.8518518518518519,0.8518518518518519
reg3,60,reg3_m60_s1,es+transfer,0,230,11510,1.3276100956478893,69.0,69.0,0.149526639278873,0.00044461585220153827,20,39,0.004791796673089266,236.6654331999598,0.8518518518518519,0.8518518518518519
reg3,60,reg3_m60_s1,es+transfer,0,235,11760,1.3276100956478893,69.0,69.0,0.149526639278873,0.00044461585220153827,20,39,0.005184654146432877,242.4931625999743,0.8518518518518519,0.8518518518518519
reg3,60,reg3_m60_s1,es+transfer,0,240,12010,1.3276100956478893,69.0,69.0,0.149526639278873,0.00044461585220153827,20,39,0.0040010795928537846,248.39250429999083,0.8518518518518519,0.8518518518518519
reg3,60,reg3_m60_s1,es+transfer,0,245,12260,1.3276100956478893,69.0,69.0,0.14952663927887322,0.0004446158522014949,20,39,0.005016625858843327,251.88530500000343,0.8518518518518519,0.8518518518518519
reg3,60,reg3_m60_s1,es+transfer,0,250,12510,1.3276100956478893,69.0,69.0,0.149526639278873,0.00044461585220153827,20,39,0.005716167390346527,257.959760800004,0.8518518518518519,0.8518518518518519
reg3,60,reg3_m60_s1,es+transfer,0,255,12760,1.3276100956478893,69.0,69.0,0.14952663927887322,0.0004446158522014949,20,39,0.006386681459844112,263.68182659999,0.8518518518518519,0.8518518518518519
reg3,60,reg3_m60_s1,es+transfer,0,260,13010,1.3276100956478893,69.0,69.0,0.149526639278873,0.00044461585220153827,20,39,0.004770845640450716,267.0146528999903,0.8518518518518519,0.8518518518518519
reg3,60,reg3_m60_s1,es+transfer,0,265,13260,1.3276100956478893,69.0,69.0,0.149526639278873,0.00044461585220153827,20,39,0.004332618322223425,272.8261570999748,0.8518518518518519,0.8518518518518519
reg3,60,reg3_m60_s1,es+transfer,0,270,13510,1.3276100956478893,69.0,69.0,0.14952663927887327,0.0004446158522016866,20,40,0.0039797150529921055,278.54496129998006,0.8518518518518519,0.8518518518518519
reg3,60,reg3_m60_s1,es+transfer,0,275,13760,1.3276100956478893,69.0,69.0,0.14952663927887327,0.0004446158522014923,20,40,0.0037802085280418396,281.8928799999994,0.8518518518518519,0.8518518518518519
reg3,60,reg3_m60_s1,es+transfer,0,280,14010,1.3276100956478893,69.0,69.0,0.14952663927887322,0.0004446158522014333,20,40,0.004623756743967533,287.6449991999543,0.8518518518518519,0.8518518518518519
reg3,60,reg3_m60_s1,es+transfer,0,285,14260,1.3276100956478893,69.0,69.0,0.14952663927887327,0.0004446158522016866,20,40,0.004214510787278414,293.3812945999671,0.8518518518518519,0.8518518518518519
reg3,60,reg3_m60_s1,es+transfer,0,290,14510,1.3276100956478896,69.0,69.0,0.14952663927887325,0.0004446158522015062,20,40,0.005816918797791004,296.6958330999478,0.8518518518518519,0.8518518518518519
reg3,60,reg3_m60_s1,es+transfer,0,295,14760,1.3276100956478896,69.0,69.0,0.14952663927887325,0.0004446158522015062,20,40,0.004567337222397327,302.43766979995416,0.8518518518518519,0.8518518518518519
reg3,60,reg3_m60_s1,es+transfer,0,300,15010,1.3276100956478896,69.0,69.0,0.14952663927887325,0.0004446158522015062,20,40,0.005500745493918657,308.1415157999727,0.8518518518518519,0.8518518518518519
reg3,60,reg3_m60_s1,es+transfer,0,305,15260,1.3276100956478896,69.0,69.0,0.14952663927887325,0.0004446158522015062,20,40,0.00409503560513258,311.6988023999729,0.8518518518518519,0.8518518518518519
reg3,60,reg3_m60_s1,es+transfer,0,310,15510,1.3276100956478896,69.0,69.0,0.14952663927887325,0.0004446158522015062,20,40,0.003889055922627449,317.91267639998114,0.8518518518518519,0.8518518518518519
reg3,60,reg3_m60_s1,es+transfer,0,315,15760,1.3276100956478896,69.0,69.0,0.14952663927887325,0.0004446158522015062,20,40,0.004012678749859333,324.20765209995443,0.8518518518518519,0.8518518518518519
reg3,60,reg3_m60_s1,es+transfer,0,320,16010,1.3276100956478896,69.0,69.0,0.14952663927887325,0.0004446158522015062,20,40,0.004024078603833914,327.7674500999856,0.8518518518518519,0.8518518518518519
reg3,60,reg3_m60_s1,es+transfer,0,325,16260,1.3276100956478896,69.0,69.0,0.14952663927887325,0.0004446158522015062,20,40,0.004718543495982885,334.1785961999558,0.8518518518518519,0.8518518518518519
reg3,60,reg3_m60_s1,es+transfer,0,330,16510,1.3276100956478896,69.0,69.0,0.14952663927887325,0.0004446158522015062,20,40,0.0055174389854073524,340.5856991999899,0.8518518518518519,0.8518518518518519
reg3,60,reg3_m60_s1,es+transfer,0,335,16760,1.3276100956478896,69.0,69.0,0.14952663927887325,0.0004446158522015062,20,40,0.0054672276601195335,344.39078299998073,0.8518518518518519,0.8518518518518519
reg3,60,reg3_m60_s1,es+transfer,0,340,17010,1.3276100956478896,69.0,69.0,0.14952663927887327,0.00044461585220150444,20,40,0.005189038813114166,350.79639799997676,0.8518518518518519,0.8518518518518519
reg3,60,reg3_m60_s1,es+transfer,0,345,17260,1.3276100956478896,69.0,69.0,0.14952663927887325,0.0004446158522015062,20,40,0.005947575904428959,357.049750999955,0.8518518518518519,0.8518518518518519
reg3,60,reg3_m60_s1,es+transfer,0,350,17510,1.3276100956478896,69.0,69.0,0.14952663927887325,0.0004446158522015062,20,40,0.0036027422174811363,360.6795459999703,0.8518518518518519,0.8518518518518519
reg3,60,reg3_m60_s1,es+transfer,0,355,17760,1.3276100956478896,69.0,69.0,0.14952663927887325,0.0004446158522015062,20,40,0.003157428465783596,366.9978436999954,0.8518518518518519,0.8518518518518519
reg3,60,reg3_m60_s1,es+transfer,0,360,18010,1.3276100956478896,69.0,69.0,0.14952663927887325,0.0004446158522015062,20,40,0.003605122212320566,373.3522260999889,0.8518518518518519,0.8518518518518519
reg3,60,reg3_m60_s1,es+transfer,0,365,18260,1.3276100956478896,69.0,69.0,0.14952663927887325,0.0004446158522015062,20,40,0.0033534816466271877,377.0500124999671,0.8518518518518519,0.8518518518518519
reg3,60,reg3_m60_s1,es+transfer,0,370,18510,1.3276100956478896,69.0,69.0,0.14952663927887325,0.0004446158522015062,20,40,0.0031601230148226023,383.39112240000395,0.8518518518518519,0.8518518518518519
reg3,60,reg3_m60_s1,es+transfer,0,375,18760,1.3276100956478896,69.0,69.0,0.14952663927887325,0.0004446158522015062,20,40,0.003226036438718438,389.7361021999968,0.8518518518518519,0.8518518518518519
reg3,60,reg3_m60_s1,es+transfer,0,380,19010,1.3276100956478896,69.0,69.0,0.14952663927887325,0.0004446158522015062,20,40,0.003683449700474739,393.3679828000022,0.8518518518518519,0.8518518518518519
reg3,60,reg3_m60_s1,es+transfer,0,385,19260,1.3276100956478896,69.0,69.0,0.14952663927887325,0.0004446158522015062,20,40,0.0031184677500277758,399.6762557000038,0.8518518518518519,0.8518518518518519
reg3,60,reg3_m60_s1,es+transfer,0,390,19510,1.3276100956478896,69.0,69.0,0.14952663927887325,0.0004446158522015062,20,40,0.003983863163739443,405.7547814999707,0.8518518518518519,0.8518518518518519
reg3,60,reg3_m60_s1,es+transfer,0,395,19760,1.3276100956478896,69.0,69.0,0.14952663927887325,0.0004446158522015062,20,40,0.003938712645322084,409.13902929995675,0.8518518518518519,0.8518518518518519
reg3,60,reg3_m60_s1,es+transfer,0,400,20010,1.3276100956478896,69.0,69.0,0.14952663927887325,0.0004446158522015062,20,40,0.0044200546108186245,415.07732929999474,0.8518518518518519,0.8518518518518519
reg3,60,reg3_m60_s1,es+transfer,1,0,10,0.6442662691159342,40.0,42.1,0.027540394807960496,0.001616262496467678,20,33,,0.0377468999940902,0.49382716049382713,0.5197530864197532
reg3,60,reg3_m60_s1,es+transfer,1,5,260,1.039277821225118,59.0,57.5,0.09852602522972187,0.0037308882417739237,20,38,0.00877340417355299,3.490999399975408,0.7283950617283951,0.7098765432098766
reg3,60,reg3_m60_s1,es+transfer,1,10,510,1.1106611106422533,62.0,59.4,0.10257653897750799,0.0012816831304525156,20,37,0.008483589626848698,9.360622699954547,0.7654320987654321,0.7333333333333333
reg3,60,reg3_m60_s1,es+transfer,1,15,760,1.1401345010577315,63.0,62.4,0.15099395292666914,2.406431086658667e-05,20,37,0.008722929283976555,15.1657454999513,0.7777777777777778,0.7703703703703704
reg3,60,reg3_m60_s1,es+transfer,1,20,1010,1.1401345010577315,63.0,62.8,0.15099395292666914,2.406431086658667e-05,20,37,0.011514212004840374,18.536097699950915,0.7777777777777778,0.7753086419753086
reg3,60,reg3_m60_s1,es+transfer,1,25,1260,1.1608334554349167,65.0,63.3,0.10898609449896679,0.0002808753218750751,20,36,0.012195445597171783,24.34011249995092,0.8024691358024691,0.7814814814814814
reg3,60,reg3_m60_s1,es+transfer,1,30,1510,1.1998307892727467,66.0,64.5,0.14770761840552987,0.005787505471676805,20,36,0.01068821270018816,30.14940969995223,0.8148148148148148,0.7962962962962963
reg3,60,reg3_m60_s1,es+transfer,1,35,1760,1.1998307892727467,66.0,65.1,0.14770761840552987,0.005787505471676805,20,36,0.012459163554012775,33.48483689996647,0.8148148148148148,0.8037037037037036
reg3,60,reg3_m60_s1,es+transfer,1,40,2010,1.2086798426868803,66.0,66.0,0.14517486412466452,0.004358452917716585,20,37,0.00826311856508255,39.39383019995876,0.8148148148148148,0.8148148148148148
reg3,60,reg3_m60_s1,es+transfer,1,45,2260,1.2086798426868803,66.0,66.0,0.14517486412466452,0.004358452917716585,20,37,0.009131127037107944,45.209611399972346,0.8148148148148148,0.8148148148148148
reg3,60,reg3_m60_s1,es+transfer,1,50,2510,1.2086798426868803,66.0,66.0,0.14517486412466452,0.004358452917716585,20,37,0.01498858816921711,48.564657699957024,0.8148148148148148,0.8148148148148148
reg3,60,reg3_m60_s1,es+transfer,1,55,2760,1.2102348191638783,66.0,66.0,0.1468978835114616,0.0004766172388531477,20,37,0.012513081543147564,54.38359149999451,0.8148148148148148,0.8148148148148148
reg3,60,reg3_m60_s1,es+transfer,1,60,3010,1.2136871203060071,66.0,66.0,0.1458510519882715,0.004149674255511389,20,37,0.00884009525179863,60.148446399951354,0.8148148148148148,0.8148148148148148
reg3,60,reg3_m60_s1,es+transfer,1,65,3260,1.2155715491330208,66.0,66.0,0.12193634268529119,0.0019369613207241634,20,37,0.011631449684500694,63.46661269996548,0.8148148148148148,0.8148148148148148
reg3,60,reg3_m60_s1,es+transfer,1,70,3510,1.2193310911882578,66.0,66.0,0.12476945939560877,0.002596275125133121,20,38,0.007207511458545923,69.29000039998209,0.8148148148148148,0.8148148148148148
reg3,60,reg3_m60_s1,es+transfer,1,75,3760,1.2193310911882578,66.0,66.0,0.12476945939560877,0.002596275125133121,20,38,0.009323849342763424,75.1340460999636,0.8148148148148148,0.8148148148148148
reg3,60,reg3_m60_s1,es+transfer,1,80,4010,1.2336400088836652,67.0,66.1,0.10284919002453892,0.002017963553220266,20,38,0.005321279633790255,78.54974119999679,0.8271604938271605,0.8160493827160493
reg3,60,reg3_m60_s1,es+transfer,1,85,4260,1.2336400088836652,67.0,66.5,0.10284919002453892,0.002017963553220266,20,38,0.007341393269598484,84.35936339996988,0.8271604938271605,0.8209876543209876
reg3,60,reg3_m60_s1,es+transfer,1,90,4510,1.2336400088836652,67.0,66.7,0.10284919002453892,0.002017963553220266,20,38,0.008036966435611248,90.24785839999095,0.8271604938271605,0.8234567901234568
reg3,60,reg3_m60_s1,es+transfer,1,95,4760,1.2336400088836652,67.0,66.8,0.10284919002453892,0.002017963553220252,20,38,0.0071637979708611965,93.60034269996686,0.8271604938271605,0.8246913580246913
reg3,60,reg3_m60_s1,es+transfer,1,100,5010,1.2336400088836652,67.0,67.0,0.10284919002453892,0.002017963553220266,20,38,0.007073096465319395,99.44726309995167,0.8271604938271605,0.8271604938271605
reg3,60,reg3_m60_s1,es+transfer,1,105,5260,1.2439782739807808,67.0,66.8,0.09852506155939907,0.0006765081237404547,20,38,0.0066222273744642735,105.24666179995984,0.8271604938271605,0.8246913580246913
reg3,60,reg3_m60_s1,es+transfer,1,110,5510,1.2517671155401515,67.0,67.0,0.09788716974317985,0.0013183212658736607,20,39,0.005462879315018654,108.67012339999201,0.8271604938271605,0.8271604938271605
reg3,60,reg3_m60_s1,es+transfer,1,115,5760,1.2517671155401515,67.0,67.0,0.09788716974317976,0.0013183212658737925,20,38,0.005958138965070248,114.47342910000589,0.8271604938271605,0.8271604938271605
reg3,60,reg3_m60_s1,es+transfer,1,120,6010,1.2839115739222267,69.0,67.5,0.09761899208581093,0.00014176868125054254,20,39,0.0055010318756103516,120.26718259998597,0.8518518518518519,0.8333333333333334
reg3,60,reg3_m60_s1,es+transfer,1,125,6260,1.2977079348271838,70.0,68.4,0.11859526122173268,0.0045056726649686865,20,39,0.005626333877444267,123.63900530000683,0.8641975308641975,0.8444444444444446
reg3,60,reg3_m60_s1,es+transfer,1,130,6510,1.2977079348271838,70.0,69.2,0.11859526122173294,0.004505672664968707,20,39,0.008239930495619774,129.52285779995145,0.8641975308641975,0.8543209876543211
reg3,60,reg3_m60_s1,es+transfer,1,135,6760,1.332874197727173,71.0,69.6,0.11785716263220944,0.006227052670161062,20,39,0.006676844786852598,135.3597196000046,0.8765432098765432,0.8592592592592592
reg3,60,reg3_m60_s1,es+transfer,1,140,7010,1.332874197727173,71.0,69.9,0.11785716263220944,0.006227052670161062,20,39,0.005816242191940546,138.73626049997984,0.8765432098765432,0.862962962962963
reg3,60,reg3_m60_s1,es+transfer,1,145,7260,1.3469500057617538,73.0,70.8,0.11506952489099286,0.0024202885585086244,20,39,0.007408807519823313,145.04543549998198,0.9012345679012346,0.874074074074074
reg3,60,reg3_m60_s1,es+transfer,1,150,7510,1.35010520984775,73.0,72.1,0.1337609004101861,0.0005971905335350677,20,39,0.007282571867108345,151.37460529996315,0.9012345679012346,0.8901234567901234
reg3,60,reg3_m60_s1,es+transfer,1,155,7760,1.359452042370426,73.0,72.8,0.11506952489099274,0.0029386549872330026,20,39,0.0076287235133349895,155.0283827999956,0.9012345679012346,0.8987654320987654
reg3,60,reg3_m60_s1,es+transfer,1,160,8010,1.3600037193163363,73.0,73.0,0.1264371457235189,0.002990790821179222,20,39,0.009755576029419899,161.33774839999387,0.9012345679012346,0.9012345679012346
reg3,60,reg3_m60_s1,es+transfer,1,165,8260,1.3600037193163363,73.0,73.0,0.1264371457235189,0.002990790821179222,20,39,0.008337085135281086,167.72150949999923,0.9012345679012346,0.9012345679012346
reg3,60,reg3_m60_s1,es+transfer,1,170,8510,1.3600037193163363,73.0,73.0,0.1264371457235189,0.002990790821179222,20,39,0.006344181019812822,171.28426709998166,0.9012345679012346,0.9012345679012346
reg3,60,reg3_m60_s1,es+transfer,1,175,8760,1.3600037193163363,73.0,73.0,0.1264371457235189,0.002990790821179222,20,39,0.0058926683850586414,177.63946009997744,0.9012345679012346,0.9012345679012346
reg3,60,reg3_m60_s1,es+transfer,1,180,9010,1.3600037193163363,73.0,73.0,0.1264371457235189,0.002990790821179222,20,39,0.006759746000170708,183.93193679995602,0.9012345679012346,0.9012345679012346
reg3,60,reg3_m60_s1,es+transfer,1,185,9260,1.3600037193163363,73.0,73.0,0.12643714572351886,0.0029907908211793156,20,39,0.007140674628317356,187.49248119996628,0.9012345679012346,0.9012345679012346
reg3,60,reg3_m60_s1,es+transfer,1,190,9510,1.3614845071469897,73.0,73.0,0.12526451384813908,0.002206591559993065,20,39,0.005971780978143215,193.76836119999643,0.9012345679012346,0.9012345679012346
reg3,60,reg3_m60_s1,es+transfer,1,195,9760,1.3614845071469897,73.0,73.0,0.12526451384813908,0.002206591559993065,20,39,0.005794394761323929,199.9100727000041,0.9012345679012346,0.9012345679012346
reg3,60,reg3_m60_s1,es+transfer,1,200,10010,1.363581409402137,73.0,73.0,0.12380580855477032,0.0004948816811117581,20,39,0.009064659476280212,203.41158229997382,0.9012345679012346,0.9012345679012346
reg3,60,reg3_m60_s1,es+transfer,1,205,10260,1.363581409402137,73.0,73.0,0.12380580855477032,0.0004948816811117581,20,39,0.0077383373863995075,209.61518049996812,0.9012345679012346,0.9012345679012346
reg3,60,reg3_m60_s1,es+transfer,1,210,10510,1.364752010841658,73.0,73.0,0.12304678709061523,0.004051269040890267,20,39,0.007054253481328487,215.49832459999016,0.9012345679012346,0.9012345679012346
reg3,60,reg3_m60_s1,es+transfer,1,215,10760,1.3677902493821104,73.0,73.0,0.11332297408748909,0.0017571042209994989,20,39,0.008254043757915497,218.92069899995113,0.9012345679012346,0.9012345679012346
reg3,60,reg3_m60_s1,es+transfer,1,220,11010,1.36856282262228,73.0,73.0,0.12589455726013346,0.002855782045623527,20,37,0.00615053903311491,224.82417999999598,0.9012345679012346,0.9012345679012346
reg3,60,reg3_m60_s1,es+transfer,1,225,11260,1.36856282262228,73.0,73.0,0.12589455726013346,0.002855782045623527,20,37,0.0063783335499465466,230.6895371999708,0.9012345679012346,0.9012345679012346
reg3,60,reg3_m60_s1,es+transfer,1,230,11510,1.36856282262228,73.0,73.0,0.12589455726013346,0.002855782045623527,20,37,0.006958387792110443,234.0679179999861,0.9012345679012346,0.9012345679012346
reg3,60,reg3_m60_s1,es+transfer,1,235,11760,1.3708284152549766,73.0,73.0,0.12891563302897435,0.000485701802976456,20,38,0.005742985289543867,239.88687789998949,0.9012345679012346,0.9012345679012346
reg3,60,reg3_m60_s1,es+transfer,1,240,12010,1.3713397100467317,73.0,73.0,0.13623430207767767,0.002855782045623527,20,38,0.00572510901838541,245.70408599998336,0.9012345679012346,0.9012345679012346
reg3,60,reg3_m60_s1,es+transfer,1,245,12260,1.3713397100467317,73.0,73.0,0.13623430207767767,0.002855782045623527,20,38,0.006402696017175913,249.08374769997317,0.9012345679012346,0.9012345679012346
reg3,60,reg3_m60_s1,es+transfer,1,250,12510,1.3713397100467317,73.0,73.0,0.1362343020776775,0.0028557820456234654,20,39,0.007393283769488335,255.3554089999525,0.9012345679012346,0.9012345679012346
reg3,60,reg3_m60_s1,es+transfer,1,255,12760,1.3713397100467317,73.0,73.0,0.13623430207767767,0.002855782045623527,20,38,0.0068811229430139065,261.7338947999524,0.9012345679012346,0.9012345679012346
reg3,60,reg3_m60_s1,es+transfer,1,260,13010,1.3713397100467317,73.0,73.0,0.1362343020776775,0.0028557820456234654,20,39,0.006573188584297895,265.4409941000049,0.9012345679012346,0.9012345679012346
reg3,60,reg3_m60_s1,es+transfer,1,265,13260,1.3713397100467317,73.0,73.0,0.13623430207767767,0.002855782045623527,20,38,0.00715728010982275,271.81619139999384,0.9012345679012346,0.9012345679012346
reg3,60,reg3_m60_s1,es+transfer,1,270,13510,1.371391402538856,73.0,73.0,0.14685140415596404,0.0004857018029763979,20,39,0.0049546994268894196,278.3689177999622,0.9012345679012346,0.9012345679012346
reg3,60,reg3_m60_s1,es+transfer,1,275,13760,1.3716972176922593,73.0,73.0,0.14905845991125372,0.00048570180297657223,20,38,0.006102373357862234,281.6584102999768,0.9012345679012346,0.9012345679012346
reg3,60,reg3_m60_s1,es+transfer,1,280,14010,1.3716972176922593,73.0,73.0,0.14905845991125372,0.00048570180297657223,20,38,0.006090078968554735,287.7610083000036,0.9012345679012346,0.9012345679012346
reg3,60,reg3_m60_s1,es+transfer,1,285,14260,1.3791797690990908,73.0,73.0,0.11603294739421119,0.00048570180297649503,20,36,0.005810139700770378,294.08486859995173,0.9012345679012346,0.9012345679012346
reg3,60,reg3_m60_s1,es+transfer,1,290,14510,1.3791797690990908,73.0,73.0,0.11603294739421119,0.00048570180297649503,20,36,0.0059531088918447495,297.735253699997,0.9012345679012346,0.9012345679012346
reg3,60,reg3_m60_s1,es+transfer,1,295,14760,1.3791797690990908,73.0,73.0,0.11603294739421119,0.00048570180297649503,20,36,0.005807715468108654,304.0627333999728,0.9012345679012346,0.9012345679012346
reg3,60,reg3_m60_s1,es+transfer,1,300,15010,1.3791797690990908,73.0,73.0,0.11603294739421119,0.00048570180297649503,20,36,0.005729966331273317,310.39193429995794,0.9012345679012346,0.9012345679012346
reg3,60,reg3_m60_s1,es+transfer,1,305,15260,1.3791797690990908,73.0,73.0,0.11603294739421119,0.00048570180297649503,20,36,0.0040144240483641624,313.97532589995535,0.9012345679012346,0.9012345679012346
reg3,60,reg3_m60_s1,es+transfer,1,310,15510,1.3791797690990908,73.0,73.0,0.11603294739421119,0.00048570180297649503,20,36,0.005370670929551125,320.28995129995747,0.9012345679012346,0.9012345679012346
reg3,60,reg3_m60_s1,es+transfer,1,315,15760,1.3791797690990908,73.0,73.0,0.11603294739421119,0.00048570180297649503,20,36,0.004841875750571489,326.5968986999942,0.9012345679012346,0.9012345679012346
reg3,60,reg3_m60_s1,es+transfer,1,320,16010,1.3791797690990908,73.0,73.0,0.11603294739421119,0.00048570180297649503,20,36,0.004399024415761232,330.1837191999657,0.9012345679012346,0.9012345679012346
reg3,60,reg3_m60_s1,es+transfer,1,325,16260,1.3791797690990908,73.0,73.0,0.11603294739421119,0.00048570180297649503,20,36,0.004382275976240635,336.5884903999977,0.9012345679012346,0.9012345679012346
reg3,60,reg3_m60_s1,es+transfer,1,330,16510,1.3791797690990908,73.0,73.0,0.11603294739421119,0.00048570180297649503,20,36,0.004809352569282055,342.9849193999544,0.9012345679012346,0.9012345679012346
reg3,60,reg3_m60_s1,es+transfer,1,335,16760,1.3791797690990908,73.0,73.0,0.11603294739421119,0.00048570180297649503,20,36,0.005295856390148401,346.6368498999509,0.9012345679012346,0.9012345679012346
reg3,60,reg3_m60_s1,es+transfer,1,340,17010,1.3791797690990908,73.0,73.0,0.11603294739421119,0.00048570180297649503,20,36,0.004589985590428114,352.96745830000145,0.9012345679012346,0.9012345679012346
reg3,60,reg3_m60_s1,es+transfer,1,345,17260,1.3791797690990908,73.0,73.0,0.11603294739421119,0.00048570180297649503,20,36,0.006027070339769125,359.329584799998,0.9012345679012346,0.9012345679012346
reg3,60,reg3_m60_s1,es+transfer,1,350,17510,1.3791797690990908,73.0,73.0,0.11603294739421119,0.00048570180297649503,20,36,0.004893165547400713,363.0038748999941,0.9012345679012346,0.9012345679012346
reg3,60,reg3_m60_s1,es+transfer,1,355,17760,1.3791797690990908,73.0,73.0,0.11603294739421119,0.00048570180297649503,20,36,0.005704213865101337,369.3293153999839,0.9012345679012346,0.9012345679012346
reg3,60,reg3_m60_s1,es+transfer,1,360,18010,1.379179769099091,73.0,73.0,0.11603294739421106,0.00048570180297652366,20,37,0.006360872648656368,375.84547499998007,0.9012345679012346,0.9012345679012346
reg3,60,reg3_m60_s1,es+transfer,1,365,18260,1.379179769099091,73.0,73.0,0.11603294739421106,0.00048570180297652366,20,37,0.004993834067136049,379.44328399997903,0.9012345679012346,0.9012345679012346
reg3,60,reg3_m60_s1,es+transfer,1,370,18510,1.379179769099091,73.0,73.0,0.11603294739421106,0.00048570180297652366,20,37,0.005625403951853514,385.74450739996973,0.9012345679012346,0.9012345679012346
reg3,60,reg3_m60_s1,es+transfer,1,375,18760,1.379179769099091,73.0,73.0,0.11603294739421106,0.00048570180297652366,20,37,0.005464560352265835,392.0584857999929,0.9012345679012346,0.9012345679012346
reg3,60,reg3_m60_s1,es+transfer,1,380,19010,1.379179769099091,73.0,73.0,0.11603294739421106,0.00048570180297652366,20,37,0.0032959580421447754,395.67811169999186,0.9012345679012346,0.9012345679012346
reg3,60,reg3_m60_s1,es+transfer,1,385,19260,1.379179769099091,73.0,73.0,0.11603294739421106,0.00048570180297652366,20,37,0.0043546841479837894,401.9952691999497,0.9012345679012346,0.9012345679012346
reg3,60,reg3_m60_s1,es+transfer,1,390,19510,1.379179769099091,73.0,73.0,0.11603294739421106,0.00048570180297652366,20,37,0.00423251511529088,408.3976893000072,0.9012345679012346,0.9012345679012346
reg3,60,reg3_m60_s1,es+transfer,1,395,19760,1.379179769099091,73.0,73.0,0.11603294739421106,0.00048570180297652366,20,37,0.004636501893401146,412.06301319994964,0.9012345679012346,0.9012345679012346
reg3,60,reg3_m60_s1,es+transfer,1,400,20010,1.379179769099091,73.0,73.0,0.11603294739421106,0.00048570180297652366,20,37,0.005698527209460735,418.35888509999495,0.9012345679012346,0.9012345679012346
reg3,60,reg3_m60_s1,es+transfer,2,0,10,0.6329530361121426,40.0,44.6,0.04581983327067264,0.0005821446788837163,20,39,,0.03651979996357113,0.49382716049382713,0.5506172839506173
reg3,60,reg3_m60_s1,es+transfer,2,5,260,1.087088136525989,61.0,59.4,0.06221458687468013,0.001705917401543286,20,32,0.013947553932666779,3.5780049999593757,0.7530864197530864,0.7333333333333333
reg3,60,reg3_m60_s1,es+transfer,2,10,510,1.1210818703982266,63.0,62.1,0.06524035700189829,0.0001400888081674219,20,33,0.009863088838756084,9.740942500007804,0.7777777777777778,0.7666666666666667
reg3,60,reg3_m60_s1,es+transfer,2,15,760,1.1356439753283467,63.0,62.9,0.07278490855021644,0.0005938531635655969,20,32,0.009523117914795876,16.052001899981406,0.7777777777777778,0.7765432098765432
reg3,60,reg3_m60_s1,es+transfer,2,20,1010,1.1393431861337173,64.0,63.2,0.07290033366010655,0.0019970813904994986,20,31,0.010173892602324486,19.68333159998292,0.7901234567901234,0.780246913580247
reg3,60,reg3_m60_s1,es+transfer,2,25,1260,1.140932340323392,64.0,63.6,0.06689889799370137,0.0037817298035114355,20,31,0.008431578055024147,26.033569399965927,0.7901234567901234,0.7851851851851852
reg3,60,reg3_m60_s1,es+transfer,2,30,1510,1.142582710481838,64.0,64.0,0.06905600857715105,0.0008441835342135919,20,31,0.010744710452854633,32.46901890001027,0.7901234567901234,0.7901234567901234
reg3,60,reg3_m60_s1,es+transfer,2,35,1760,1.1509123790994764,65.0,64.1,0.062461494394187404,0.002450252954445356,20,33,0.0070038409903645515,36.12999379995745,0.8024691358024691,0.791358024691358
reg3,60,reg3_m60_s1,es+transfer,2,40,2010,1.1509123790994764,65.0,64.8,0.06246149439418738,0.002450252954445245,20,33,0.011316440999507904,42.42741589999059,0.8024691358024691,0.7999999999999999
reg3,60,reg3_m60_s1,es+transfer,2,45,2260,1.156327533102156,65.0,65.0,0.08152690291412468,0.0002463764075028192,20,31,0.005383262876421213,48.65949970000656,0.8024691358024691,0.8024691358024691
reg3,60,reg3_m60_s1,es+transfer,2,50,2510,1.156327533102156,65.0,65.0,0.0815269029141247,0.00024637640750285045,20,31,0.00724754435941577,52.206834799959324,0.8024691358024691,0.8024691358024691
reg3,60,reg3_m60_s1,es+transfer,2,55,2760,1.1600202563706166,65.0,65.0,0.08211972489351352,0.0026768455326732186,20,33,0.006490042433142662,58.469153799989726,0.8024691358024691,0.8024691358024691
reg3,60,reg3_m60_s1,es+transfer,2,60,3010,1.161630331760223,65.0,65.0,0.08214893635334608,0.0028534095359728645,20,30,0.006693434901535511,64.86128419998568,0.8024691358024691,0.8024691358024691
reg3,60,reg3_m60_s1,es+transfer,2,65,3260,1.1616303317602232,65.0,65.0,0.08214893635334611,0.0028534095359729946,20,30,0.004605443216860294,68.47753899998497,0.8024691358024691,0.8024691358024691
reg3,60,reg3_m60_s1,es+transfer,2,70,3510,1.1616303317602232,65.0,65.0,0.08214893635334608,0.0028534095359731317,20,31,0.004721397068351507,74.71676639997168,0.8024691358024691,0.8024691358024691
reg3,60,reg3_m60_s1,es+transfer,2,75,3760,1.1616303317602232,65.0,65.0,0.08214893635334619,0.002853409535973059,20,30,0.004721472505480051,81.07681020000018,0.8024691358024691,0.8024691358024691
reg3,60,reg3_m60_s1,es+transfer,2,80,4010,1.1616303317602232,65.0,65.0,0.08214893635334618,0.002853409535973024,20,32,0.0059081693179905415,84.60622029996011,0.8024691358024691,0.8024691358024691
reg3,60,reg3_m60_s1,es+transfer,2,85,4260,1.1616303317602232,65.0,65.0,0.08214893635334622,0.002853409535972991,20,30,0.004827357362955809,90.92432639998151,0.8024691358024691,0.8024691358024691
reg3,60,reg3_m60_s1,es+transfer,2,90,4510,1.1616303317602232,65.0,65.0,0.08214893635334619,0.002853409535972974,20,31,0.004370348062366247,97.18337789998623,0.8024691358024691,0.8024691358024691
reg3,60,reg3_m60_s1,es+transfer,2,95,4760,1.1616303317602232,65.0,65.0,0.08214893635334619,0.002853409535973059,20,30,0.005467652343213558,100.78225910000037,0.8024691358024691,0.8024691358024691
reg3,60,reg3_m60_s1,es+transfer,2,100,5010,1.1616303317602232,65.0,65.0,0.08214893635334622,0.002853409535972991,20,30,0.004106482025235891,107.1097962000058,0.8024691358024691,0.8024691358024691
reg3,60,reg3_m60_s1,es+transfer,2,105,5260,1.1616303317602232,65.0,65.0,0.08214893635334626,0.0028534095359731004,20,31,0.0042395154014229774,113.40175189997535,0.8024691358024691,0.8024691358024691
reg3,60,reg3_m60_s1,es+transfer,2,110,5510,1.1616303317602232,65.0,65.0,0.08214893635334619,0.002853409535972974,20,31,0.004847222939133644,117.07224849995691,0.8024691358024691,0.8024691358024691
reg3,60,reg3_m60_s1,es+transfer,2,115,5760,1.1666190671499008,65.0,65.0,0.07791460795706771,0.0029149541124198902,20,29,0.004053279757499695,123.42480599996634,0.8024691358024691,0.8024691358024691
reg3,60,reg3_m60_s1,es+transfer,2,120,6010,1.1666190671499008,65.0,65.0,0.07791460795706787,0.0029149541124200012,20,30,0.004403062630444765,129.70834059995832,0.8024691358024691,0.8024691358024691
reg3,60,reg3_m60_s1,es+transfer,2,125,6260,1.166619067149901,65.0,65.0,0.07791460795706781,0.002914954112419793,20,29,0.0043970029801130295,133.28645369998412,0.8024691358024691,0.8024691358024691
reg3,60,reg3_m60_s1,es+transfer,2,130,6510,1.1707570135826884,65.0,65.0,0.07244676575129158,0.000882497545694999,20,30,0.0038816421292722225,139.65254599996842,0.8024691358024691,0.8024691358024691
reg3,60,reg3_m60_s1,es+transfer,2,135,6760,1.1707570135826884,65.0,65.0,0.07244676575129158,0.000882497545694999,20,30,0.003759699407964945,146.07020309998188,0.8024691358024691,0.8024691358024691
reg3,60,reg3_m60_s1,es+transfer,2,140,7010,1.1707570135826886,65.0,65.0,0.07244676575129161,0.0008824975456949817,20,31,0.0034889334347099066,149.6512190999929,0.8024691358024691,0.8024691358024691
reg3,60,reg3_m60_s1,es+transfer,2,145,7260,1.1707570135826886,65.0,65.0,0.07244676575129153,0.0008824975456950754,20,32,0.0035896790213882923,155.95007909997366,0.8024691358024691,0.8024691358024691
reg3,60,reg3_m60_s1,es+transfer,2,150,7510,1.1707570135826886,65.0,65.0,0.07244676575129164,0.0008824975456949921,20,30,0.0035103140398859978,162.27872229996137,0.8024691358024691,0.8024691358024691
reg3,60,reg3_m60_s1,es+transfer,2,155,7760,1.1736971161546046,65.0,65.0,0.08174712799653161,0.0007087298854790425,20,30,0.0034432155080139637,165.9960401999997,0.8024691358024691,0.8024691358024691
reg3,60,reg3_m60_s1,es+transfer,2,160,8010,1.1736971161546046,65.0,65.0,0.08174712799653161,0.000708729885479209,20,30,0.0025601880624890327,172.36134969996056,0.8024691358024691,0.8024691358024691
reg3,60,reg3_m60_s1,es+transfer,2,165,8260,1.1736971161546046,65.0,65.0,0.08174712799653161,0.000708729885479209,20,30,0.002766883233562112,178.62751409999328,0.8024691358024691,0.8024691358024691
reg3,60,reg3_m60_s1,es+transfer,2,170,8510,1.1736971161546046,65.0,65.0,0.08174712799653161,0.000708729885479209,20,30,0.003484932705760002,182.3072855999926,0.8024691358024691,0.8024691358024691
reg3,60,reg3_m60_s1,es+transfer,2,175,8760,1.1867077082619473,66.0,65.2,0.07331154352740257,0.0008748816491103012,20,28,0.0027643160428851843,188.68626519996906,0.8148148148148148,0.8049382716049384
reg3,60,reg3_m60_s1,es+transfer,2,180,9010,1.1868089740367855,66.0,66.0,0.07743469547093718,0.0019443915762880487,20,31,0.0039007130544632673,195.02614390000235,0.8148148148148148,0.8148148148148148
reg3,60,reg3_m60_s1,es+transfer,2,185,9260,1.1868089740367855,66.0,66.0,0.07743469547093718,0.0019443915762880487,20,31,0.002338370541110635,198.6992326999898,0.8148148148148148,0.8148148148148148
reg3,60,reg3_m60_s1,es+transfer,2,190,9510,1.1905561642510487,66.0,66.0,0.07365535692028133,0.0008879177997472027,20,31,0.003855169750750065,205.05281079997076,0.8148148148148148,0.8148148148148148
reg3,60,reg3_m60_s1,es+transfer,2,195,9760,1.1905561642510487,66.0,66.0,0.07365535692028133,0.0008879177997472183,20,31,0.002644624561071396,211.41064560000086,0.8148148148148148,0.8148148148148148
reg3,60,reg3_m60_s1,es+transfer,2,200,10010,1.190556164251049,66.0,66.0,0.0736553569202814,0.0008879177997472894,20,31,0.0031317616812884808,215.01580059999833,0.8148148148148148,0.8148148148148148
reg3,60,reg3_m60_s1,es+transfer,2,205,10260,1.190556164251049,66.0,66.0,0.0736553569202814,0.0008879177997472894,20,31,0.003929927013814449,221.34756379999453,0.8148148148148148,0.8148148148148148
reg3,60,reg3_m60_s1,es+transfer,2,210,10510,1.1998145303786256,67.0,66.1,0.05752947697280887,0.001684731327159357,20,31,0.0030695958994328976,227.69036989996675,0.8271604938271605,0.8160493827160493
reg3,60,reg3_m60_s1,es+transfer,2,215,10760,1.2207371700948848,68.0,66.9,0.05777756882308037,0.002445130147955183,20,32,0.0036783162504434586,231.34340129996417,0.8395061728395061,0.825925925925926
reg3,60,reg3_m60_s1,es+transfer,2,220,11010,1.2260371345746508,68.0,67.8,0.05990621432202666,0.0019287483580371079,20,32,0.0026938740629702806,237.7036889999872,0.8395061728395061,0.837037037037037
reg3,60,reg3_m60_s1,es+transfer,2,225,11260,1.2260371345746508,68.0,68.0,0.05990621432202666,0.0019287483580371079,20,32,0.0032198524568229914,244.01647599996068,0.8395061728395061,0.8395061728395061
reg3,60,reg3_m60_s1,es+transfer,2,230,11510,1.2260371345746508,68.0,68.0,0.05990621432202666,0.0019287483580371079,20,32,0.003012431552633643,247.60747149999952,0.8395061728395061,0.8395061728395061
reg3,60,reg3_m60_s1,es+transfer,2,235,11760,1.239201327069966,69.0,68.2,0.05149578233021469,0.0013416306078042547,20,33,0.003838401986286044,254.074840199959,0.8518518518518519,0.8419753086419753
reg3,60,reg3_m60_s1,es+transfer,2,240,12010,1.239201327069966,69.0,68.3,0.05149578233021469,0.0013416306078042547,20,33,0.003173668636009097,260.0768685999792,0.8518518518518519,0.8432098765432099
reg3,60,reg3_m60_s1,es+transfer,2,245,12260,1.2392013270699662,69.0,68.7,0.05149578233021468,0.001341630607804286,20,33,0.0032007736153900623,263.43715059995884,0.8518518518518519,0.8481481481481482
reg3,60,reg3_m60_s1,es+transfer,2,250,12510,1.2392013270699662,69.0,68.7,0.05149578233021468,0.001341630607804286,20,33,0.003453161334618926,269.2388887999696,0.8518518518518519,0.8481481481481482
reg3,60,reg3_m60_s1,es+transfer,2,255,12760,1.2392013270699662,69.0,69.0,0.05149578233021468,0.001341630607804286,20,33,0.0053874412551522255,275.08753580000484,0.8518518518518519,0.8518518518518519
reg3,60,reg3_m60_s1,es+transfer,2,260,13010,1.2392013270699662,69.0,69.0,0.05149578233021468,0.0013416306078041715,20,33,0.003762770676985383,278.4193738999893,0.8518518518518519,0.8518518518518519
reg3,60,reg3_m60_s1,es+transfer,2,265,13260,1.243683243583665,69.0,69.0,0.06027263383272329,0.0021616209219579297,20,33,0.003394938539713621,284.1827166999574,0.8518518518518519,0.8518518518518519
reg3,60,reg3_m60_s1,es+transfer,2,270,13510,1.243683243583665,69.0,69.0,0.06027263383272329,0.0021616209219579297,20,33,0.0034281413536518812,290.0210043999832,0.8518518518518519,0.8518518518518519
reg3,60,reg3_m60_s1,es+transfer,2,275,13760,1.243683243583665,69.0,69.0,0.060272633832723334,0.0021616209219580945,20,32,0.004563799127936363,293.4574200999923,0.8518518518518519,0.8518518518518519
reg3,60,reg3_m60_s1,es+transfer,2,280,14010,1.243683243583665,69.0,69.0,0.06027263383272329,0.0021616209219579297,20,33,0.0038584843277931213,299.4412429999793,0.8518518518518519,0.8518518518518519
reg3,60,reg3_m60_s1,es+transfer,2,285,14260,1.243683243583665,69.0,69.0,0.060272633832723334,0.0021616209219580945,20,32,0.0026250523515045643,305.54021579999244,0.8518518518518519,0.8518518518518519
reg3,60,reg3_m60_s1,es+transfer,2,290,14510,1.243683243583665,69.0,69.0,0.06027263383272329,0.0021616209219579297,20,33,0.003952881786972284,309.25195119995624,0.8518518518518519,0.8518518518518519
reg3,60,reg3_m60_s1,es+transfer,2,295,14760,1.243683243583665,69.0,69.0,0.06027263383272332,0.0021616209219580164,20,33,0.0036579733714461327,315.7184133999981,0.8518518518518519,0.8518518518518519
reg3,60,reg3_m60_s1,es+transfer,2,300,15010,1.243683243583665,69.0,69.0,0.06027263383272332,0.0021616209219580164,20,33,0.004263343755155802,322.1666747999843,0.8518518518518519,0.8518518518518519
reg3,60,reg3_m60_s1,es+transfer,2,305,15260,1.243683243583665,69.0,69.0,0.06027263383272329,0.0021616209219579297,20,33,0.004844984970986843,325.70033369999146,0.8518518518518519,0.8518518518518519
reg3,60,reg3_m60_s1,es+transfer,2,310,15510,1.243683243583665,69.0,69.0,0.06027263383272329,0.0021616209219579297,20,33,0.0028832154348492622,332.00396040000487,0.8518518518518519,0.8518518518518519
reg3,60,reg3_m60_s1,es+transfer,2,315,15760,1.243683243583665,69.0,69.0,0.06027263383272323,0.0021616209219581135,20,33,0.0034426446072757244,338.1995859000017,0.8518518518518519,0.8518518518518519
reg3,60,reg3_m60_s1,es+transfer,2,320,16010,1.243683243583665,69.0,69.0,0.06027263383272332,0.0021616209219580164,20,33,0.003222191706299782,341.7696827999898,0.8518518518518519,0.8518518518518519
reg3,60,reg3_m60_s1,es+transfer,2,325,16260,1.243683243583665,69.0,69.0,0.06027263383272323,0.0021616209219581135,20,33,0.0036397066432982683,348.0361222999636,0.8518518518518519,0.8518518518518519
reg3,60,reg3_m60_s1,es+transfer,2,330,16510,1.243683243583665,69.0,69.0,0.06027263383272329,0.0021616209219579297,20,33,0.00298339338041842,354.2230809999746,0.8518518518518519,0.8518518518518519
reg3,60,reg3_m60_s1,es+transfer,2,335,16760,1.243683243583665,69.0,69.0,0.0602726338327234,0.0021616209219579297,20,32,0.003821614198386669,357.7918264999753,0.8518518518518519,0.8518518518518519
reg3,60,reg3_m60_s1,es+transfer,2,340,17010,1.2483711771332662,69.0,69.0,0.06281275750225035,0.0008222899651770463,20,32,0.004656867124140263,364.00640199996997,0.8518518518518519,0.8518518518518519
reg3,60,reg3_m60_s1,es+transfer,2,345,17260,1.2483711771332662,69.0,69.0,0.06281275750225035,0.0008222899651770463,20,32,0.0033139269798994064,370.2378136999905,0.8518518518518519,0.8518518518518519
reg3,60,reg3_m60_s1,es+transfer,2,350,17510,1.25744044466815,69.0,69.0,0.06730594207211077,0.00027749451874554965,20,32,0.004119143821299076,373.81109649996506,0.8518518518518519,0.8518518518518519
reg3,60,reg3_m60_s1,es+transfer,2,355,17760,1.25744044466815,69.0,69.0,0.06730594207211077,0.00027749451874554965,20,32,0.0026209037750959396,380.03775580000365,0.8518518518518519,0.8518518518518519
reg3,60,reg3_m60_s1,es+transfer,2,360,18010,1.25744044466815,69.0,69.0,0.06730594207211077,0.00027749451874554965,20,32,0.0026647010818123817,386.2215937000001,0.8518518518518519,0.8518518518518519
reg3,60,reg3_m60_s1,es+transfer,2,365,18260,1.25744044466815,69.0,69.0,0.06730594207211077,0.00027749451874554965,20,32,0.005017290357500315,389.76061489997664,0.8518518518518519,0.8518518518518519
reg3,60,reg3_m60_s1,es+transfer,2,370,18510,1.2574404446681502,69.0,69.0,0.06730594207211088,0.0002774945187454386,20,32,0.003929472528398037,395.5685256999568,0.8518518518518519,0.8518518518518519
reg3,60,reg3_m60_s1,es+transfer,2,375,18760,1.2639643173387,70.0,69.2,0.0632992120175963,0.0001335349012874902,20,33,0.0036854746285825968,401.34501559997443,0.8641975308641975,0.8543209876543211
reg3,60,reg3_m60_s1,es+transfer,2,380,19010,1.264545297592702,70.0,69.3,0.056593295272219325,2.5820941953250826e-05,20,34,0.004058917984366417,404.6798740999657,0.8641975308641975,0.8555555555555555
reg3,60,reg3_m60_s1,es+transfer,2,385,19260,1.264545297592702,70.0,69.4,0.056593295272219325,2.5820941953250826e-05,20,34,0.0034060711041092873,410.5622191999573,0.8641975308641975,0.8567901234567902
reg3,60,reg3_m60_s1,es+transfer,2,390,19510,1.2667472806271467,70.0,69.9,0.06229293787536823,0.0018613131743284578,20,33,0.003345521865412593,416.34238659997936,0.8641975308641975,0.862962962962963
reg3,60,reg3_m60_s1,es+transfer,2,395,19760,1.2667472806271467,70.0,70.0,0.06229293787536823,0.0018613131743284578,20,33,0.003427236108109355,419.70985409995774,0.8641975308641975,0.8641975308641975
reg3,60,reg3_m60_s1,es+transfer,2,400,20010,1.2667472806271467,70.0,70.0,0.06229293787536823,0.0018613131743284578,20,33,0.004303743131458759,425.5766569999978,0.8641975308641975,0.8641975308641975
