family,instance,arm,run,generation,evaluations,best_score,best_cut,pop_mean_cut,median_abs_corr,min_abs_corr,two_qubit,non_clifford,scorer_loss,seconds,ratio_best,ratio_pop_mean
reg3,reg3_m60_s0,es_1_2,0,0,10,0.8309630285234236,49.0,45.8,0.03422181726598081,1.0842021724855044e-18,20,32,,0.03136570000788197,0.5903614457831325,0.5518072289156626
reg3,reg3_m60_s0,es_1_2,0,5,260,1.0726312396664537,60.0,58.9,0.0695242405627506,0.0005968111915276696,20,38,,0.9777863000053912,0.7228915662650602,0.7096385542168675
reg3,reg3_m60_s0,es_1_2,0,10,510,1.1327204060333493,63.0,62.9,0.06165100349233671,0.0013125448532299074,20,38,,1.9796397000318393,0.7590361445783133,0.7578313253012048
reg3,reg3_m60_s0,es_1_2,0,15,760,1.1353459234829315,65.0,64.5,0.0443256844965716,0.0018461642435758999,20,37,,3.034382599988021,0.7831325301204819,0.7771084337349398
reg3,reg3_m60_s0,es_1_2,0,20,1010,1.1796901382377605,67.0,65.2,0.037564450943634725,0.0013139571655955591,20,37,,4.0439093000022694,0.8072289156626506,0.7855421686746988
reg3,reg3_m60_s0,es_1_2,0,25,1260,1.1796901382377605,67.0,66.1,0.037564450943634725,0.0013139571655955591,20,37,,5.013741300033871,0.8072289156626506,0.7963855421686746
reg3,reg3_m60_s0,es_1_2,0,30,1510,1.1796901382377605,67.0,66.6,0.037564450943634725,0.0013139571655955591,20,37,,6.014468700042926,0.8072289156626506,0.8024096385542168
reg3,reg3_m60_s0,es_1_2,0,35,1760,1.207240520296466,68.0,67.7,0.04867651176367328,2.1935629722951572e-05,20,37,,7.049422600015532,0.8192771084337349,0.8156626506024097
reg3,reg3_m60_s0,es_1_2,0,40,2010,1.2072405202964662,68.0,68.0,0.04867651176367326,2.1935629723135452e-05,20,37,,8.05821540002944,0.8192771084337349,0.8192771084337349
reg3,reg3_m60_s0,es_1_2,0,45,2260,1.209111510203775,68.0,68.0,0.04787589533063326,2.193562972295851e-05,20,36,,9.015609599999152,0.8192771084337349,0.8192771084337349
reg3,reg3_m60_s0,es_1_2,0,50,2510,1.223849643961208,69.0,68.2,0.051973073019986216,2.1935629723000144e-05,20,37,,9.903430000005756,0.8313253012048193,0.8216867469879519
reg3,reg3_m60_s0,es_1_2,0,55,2760,1.223849643961208,69.0,68.5,0.051973073019986216,2.1935629723000144e-05,20,37,,10.8948658000445,0.8313253012048193,0.8253012048192772
reg3,reg3_m60_s0,es_1_2,0,60,3010,1.2260595889244117,69.0,69.0,0.054818718469420796,0.00019463617103424036,20,36,,11.860020200023428,0.8313253012048193,0.8313253012048193
reg3,reg3_m60_s0,es_1_2,0,65,3260,1.2260595889244117,69.0,69.0,0.054818718469420796,0.00019463617103424036,20,36,,12.670543100044597,0.8313253012048193,0.8313253012048193
reg3,reg3_m60_s0,es_1_2,0,70,3510,1.2267257021554896,69.0,69.0,0.04944169107446255,0.0016887061560587075,20,37,,13.81569350004429,0.8313253012048193,0.8313253012048193
reg3,reg3_m60_s0,es_1_2,0,75,3760,1.2444120374245584,70.0,69.2,0.05377509779686875,0.00019463617103419179,20,37,,14.888253300043289,0.8433734939759037,0.8337349397590362
reg3,reg3_m60_s0,es_1_2,0,80,4010,1.2444120374245584,70.0,69.8,0.05377509779686884,0.0001946361710341571,20,37,,16.017522200010717,0.8433734939759037,0.8409638554216867
reg3,reg3_m60_s0,es_1_2,0,85,4260,1.2502067279524722,70.0,70.0,0.051773219073586965,0.00098022876181208,20,37,,17.070074399991427,0.8433734939759037,0.8433734939759037
reg3,reg3_m60_s0,es_1_2,0,90,4510,1.2511329770096746,70.0,70.0,0.05398297309233492,0.0009325716304768739,20,37,,18.157764600007795,0.8433734939759037,0.8433734939759037
reg3,reg3_m60_s0,es_1_2,0,95,4760,1.2513468825512706,70.0,70.0,0.054981569644466995,0.00010122255706085728,20,38,,19.278195400023833,0.8433734939759037,0.8433734939759037
reg3,reg3_m60_s0,es_1_2,0,100,5010,1.2513468825512706,70.0,70.0,0.054981569644466995,0.00010122255706085728,20,38,,20.40699930000119,0.8433734939759037,0.8433734939759037
reg3,reg3_m60_s0,es_1_2,0,105,5260,1.2513468825512706,70.0,70.0,0.054981569644466995,0.00010122255706085728,20,38,,21.549474200000986,0.8433734939759037,0.8433734939759037
reg3,reg3_m60_s0,es_1_2,0,110,5510,1.2535480448776444,70.0,70.0,0.06643630248941859,0.0005789101407181804,20,38,,22.46602430002531,0.8433734939759037,0.8433734939759037
reg3,reg3_m60_s0,es_1_2,0,115,5760,1.2535480448776444,70.0,70.0,0.06643630248941859,0.0005789101407181804,20,38,,23.473823800042737,0.8433734939759037,0.8433734939759037
reg3,reg3_m60_s0,es_1_2,0,120,6010,1.2535480448776444,70.0,70.0,0.06643630248941859,0.0005789101407181804,20,38,,24.444911500031594,0.8433734939759037,0.8433734939759037
reg3,reg3_m60_s0,es_1_2,0,125,6260,1.2535480448776444,70.0,70.0,0.06643630248941862,0.0005789101407182046,20,38,,25.34636230004253,0.8433734939759037,0.8433734939759037
reg3,reg3_m60_s0,es_1_2,0,130,6510,1.2535480448776444,70.0,70.0,0.06643630248941862,0.0005789101407182046,20,38,,26.43721430003643,0.8433734939759037,0.8433734939759037
reg3,reg3_m60_s0,es_1_2,0,135,6760,1.2535480448776444,70.0,70.0,0.06643630248941866,0.000578910140718215,20,38,,27.38026980002178,0.8433734939759037,0.8433734939759037
reg3,reg3_m60_s0,es_1_2,0,140,7010,1.2557287673407214,70.0,70.0,0.05978977090914903,0.0008906406472847031,20,38,,28.387557000038214,0.8433734939759037,0.8433734939759037
reg3,reg3_m60_s0,es_1_2,0,145,7260,1.2557287673407214,70.0,70.0,0.05978977090914903,0.0008906406472847031,20,38,,29.285144600027706,0.8433734939759037,0.8433734939759037
reg3,reg3_m60_s0,es_1_2,0,150,7510,1.2557287673407214,70.0,70.0,0.05978977090914903,0.0008906406472847031,20,38,,30.23898960003862,0.8433734939759037,0.8433734939759037
reg3,reg3_m60_s0,es_1_2,0,155,7760,1.263135732459675,71.0,70.1,0.052253887034099944,0.0038101084282742073,20,38,,31.18586760002654,0.8554216867469879,0.844578313253012
reg3,reg3_m60_s0,es_1_2,0,160,8010,1.263135732459675,71.0,70.4,0.052253887034099944,0.0038101084282742073,20,38,,32.13669600000139,0.8554216867469879,0.8481927710843374
reg3,reg3_m60_s0,es_1_2,0,165,8260,1.2802807524468631,72.0,71.0,0.05319678008022537,0.0007851639017873412,20,37,,33.04998640000122,0.8674698795180723,0.8554216867469879
reg3,reg3_m60_s0,es_1_2,0,170,8510,1.2802807524468631,72.0,71.1,0.05319678008022537,0.0007851639017873412,20,37,,33.91036149999127,0.8674698795180723,0.8566265060240963
reg3,reg3_m60_s0,es_1_2,0,175,8760,1.2802807524468631,72.0,71.2,0.05319678008022537,0.0007851639017873412,20,37,,34.847884199989494,0.8674698795180723,0.8578313253012049
reg3,reg3_m60_s0,es_1_2,0,180,9010,1.2802807524468631,72.0,71.3,0.05319678008022537,0.0007851639017873412,20,37,,35.70778250001604,0.8674698795180723,0.8590361445783132
reg3,reg3_m60_s0,es_1_2,0,185,9260,1.2803195938014793,72.0,71.5,0.050457796150700514,0.0009683113950126956,20,37,,36.683734100020956,0.8674698795180723,0.8614457831325302
reg3,reg3_m60_s0,es_1_2,0,190,9510,1.2803195938014793,72.0,72.0,0.050457796150700514,0.0009683113950126956,20,37,,37.61670330003835,0.8674698795180723,0.8674698795180723
reg3,reg3_m60_s0,es_1_2,0,195,9760,1.2803195938014793,72.0,72.0,0.050457796150700514,0.0009683113950126956,20,37,,38.48788200004492,0.8674698795180723,0.8674698795180723
reg3,reg3_m60_s0,es_1_2,0,200,10010,1.2803195938014793,72.0,72.0,0.050457796150700514,0.0009683113950126956,20,37,,39.38902880001115,0.8674698795180723,0.8674698795180723
reg3,reg3_m60_s0,es_1_2,0,205,10260,1.2806110567179823,72.0,72.0,0.050055821700905154,0.0005863398137562256,20,37,,40.2857759000035,0.8674698795180723,0.8674698795180723
reg3,reg3_m60_s0,es_1_2,0,210,10510,1.2806110567179823,72.0,72.0,0.050055821700905154,0.0005863398137562256,20,37,,41.18244430003688,0.8674698795180723,0.8674698795180723
reg3,reg3_m60_s0,es_1_2,0,215,10760,1.2806110567179823,72.0,72.0,0.050055821700905154,0.0005863398137562256,20,37,,42.03915440000128,0.8674698795180723,0.8674698795180723
reg3,reg3_m60_s0,es_1_2,0,220,11010,1.2806110567179825,72.0,72.0,0.050055821700905084,0.0005863398137562099,20,37,,42.892858600011095,0.8674698795180723,0.8674698795180723
reg3,reg3_m60_s0,es_1_2,0,225,11260,1.2806110567179825,72.0,72.0,0.050055821700905084,0.0005863398137562099,20,37,,43.783079500019085,0.8674698795180723,0.8674698795180723
reg3,reg3_m60_s0,es_1_2,0,230,11510,1.2806110567179825,72.0,72.0,0.050055821700905084,0.0005863398137562099,20,37,,44.68553700001212,0.8674698795180723,0.8674698795180723
reg3,reg3_m60_s0,es_1_2,0,235,11760,1.2806110567179825,72.0,72.0,0.050055821700905084,0.0005863398137562099,20,37,,45.4385256000096,0.8674698795180723,0.8674698795180723
reg3,reg3_m60_s0,es_1_2,0,240,12010,1.2806110567179825,72.0,72.0,0.050055821700905084,0.0005863398137562099,20,37,,46.31326299998909,0.8674698795180723,0.8674698795180723
reg3,reg3_m60_s0,es_1_2,0,245,12260,1.2806110567179825,72.0,72.0,0.050055821700905084,0.0005863398137562099,20,37,,47.13473910000175,0.8674698795180723,0.8674698795180723
reg3,reg3_m60_s0,es_1_2,0,250,12510,1.2830044597101486,72.0,72.0,0.05732742807025602,0.0012270811848911767,20,37,,48.0714491000399,0.8674698795180723,0.8674698795180723
reg3,reg3_m60_s0,es_1_2,0,255,12760,1.2830044597101486,72.0,72.0,0.05732742807025602,0.0012270811848911767,20,37,,49.0530684000114,0.8674698795180723,0.8674698795180723
reg3,reg3_m60_s0,es_1_2,0,260,13010,1.2830044597101486,72.0,72.0,0.05732742807025616,0.0012270811848911177,20,37,,49.975440600013826,0.8674698795180723,0.8674698795180723
reg3,reg3_m60_s0,es_1_2,0,265,13260,1.2830044597101486,72.0,72.0,0.05732742807025602,0.0012270811848911767,20,37,,50.971224800043274,0.8674698795180723,0.8674698795180723
reg3,reg3_m60_s0,es_1_2,0,270,13510,1.2830044597101486,72.0,72.0,0.05732742807025616,0.0012270811848911177,20,37,,51.96534520003479,0.8674698795180723,0.8674698795180723
reg3,reg3_m60_s0,es_1_2,0,275,13760,1.2830044597101486,72.0,72.0,0.05732742807025616,0.0012270811848911177,20,37,,52.806165600020904,0.8674698795180723,0.8674698795180723
reg3,reg3_m60_s0,es_1_2,0,280,14010,1.2830044597101486,72.0,72.0,0.05732742807025602,0.0012270811848911767,20,37,,53.62894460000098,0.8674698795180723,0.8674698795180723
reg3,reg3_m60_s0,es_1_2,0,285,14260,1.2830044597101486,72.0,72.0,0.05732742807025602,0.0012270811848911767,20,37,,54.48531170003116,0.8674698795180723,0.8674698795180723
reg3,reg3_m60_s0,es_1_2,0,290,14510,1.2830044597101486,72.0,72.0,0.05732742807025616,0.0012270811848911177,20,37,,55.2910534000257,0.8674698795180723,0.8674698795180723
reg3,reg3_m60_s0,es_1_2,0,295,14760,1.2830044597101486,72.0,72.0,0.05732742807025616,0.0012270811848911177,20,37,,56.24801080004545,0.8674698795180723,0.8674698795180723
reg3,reg3_m60_s0,es_1_2,0,300,15010,1.2833544709320046,72.0,72.0,0.05145733456292095,0.000824934767092474,20,37,,57.09147200000007,0.8674698795180723,0.8674698795180723
reg3,reg3_m60_s0,es_1_2,0,305,15260,1.2833544709320046,72.0,72.0,0.05145733456292095,0.000824934767092474,20,37,,58.05852560000494,0.8674698795180723,0.8674698795180723
reg3,reg3_m60_s0,es_1_2,0,310,15510,1.2833544709320046,72.0,72.0,0.05145733456292095,0.000824934767092474,20,37,,58.868973900040146,0.8674698795180723,0.8674698795180723
reg3,reg3_m60_s0,es_1_2,0,315,15760,1.2833544709320046,72.0,72.0,0.05145733456292095,0.000824934767092474,20,37,,59.76396440004464,0.8674698795180723,0.8674698795180723
reg3,reg3_m60_s0,es_1_2,0,320,16010,1.2833544709320046,72.0,72.0,0.05145733456292095,0.000824934767092474,20,37,,60.667489400017075,0.8674698795180723,0.8674698795180723
reg3,reg3_m60_s0,es_1_2,0,325,16260,1.2833544709320046,72.0,72.0,0.051457334562920995,0.0008249347670924966,20,37,,61.41311299998779,0.8674698795180723,0.8674698795180723
reg3,reg3_m60_s0,es_1_2,0,330,16510,1.2833544709320046,72.0,72.0,0.051457334562920995,0.0008249347670924966,20,37,,62.26367010001559,0.8674698795180723,0.8674698795180723
reg3,reg3_m60_s0,es_1_2,0,335,16760,1.2833544709320046,72.0,72.0,0.051457334562920995,0.0008249347670924966,20,37,,63.23144770000363,0.8674698795180723,0.8674698795180723
reg3,reg3_m60_s0,es_1_2,0,340,17010,1.2833544709320046,72.0,72.0,0.05145733456292095,0.000824934767092474,20,37,,64.13518159999512,0.8674698795180723,0.8674698795180723
reg3,reg3_m60_s0,es_1_2,0,345,17260,1.2833544709320046,72.0,72.0,0.051457334562920995,0.0008249347670924966,20,37,,65.11606510001002,0.8674698795180723,0.8674698795180723
reg3,reg3_m60_s0,es_1_2,0,350,17510,1.2833544709320046,72.0,72.0,0.05145733456292091,0.0008249347670925174,20,36,,66.03283310000552,0.8674698795180723,0.8674698795180723
reg3,reg3_m60_s0,es_1_2,0,355,17760,1.2833544709320046,72.0,72.0,0.05145733456292078,0.0008249347670924723,20,37,,67.07953980000457,0.8674698795180723,0.8674698795180723
reg3,reg3_m60_s0,es_1_2,0,360,18010,1.2833544709320046,72.0,72.0,0.051457334562920995,0.0008249347670924966,20,37,,68.23377739998978,0.8674698795180723,0.8674698795180723
reg3,reg3_m60_s0,es_1_2,0,365,18260,1.2833544709320046,72.0,72.0,0.051457334562920995,0.0008249347670924966,20,37,,69.48047479998786,0.8674698795180723,0.8674698795180723
reg3,reg3_m60_s0,es_1_2,0,370,18510,1.2833544709320046,72.0,72.0,0.05145733456292091,0.0008249347670925174,20,36,,70.69865000003483,0.8674698795180723,0.8674698795180723
reg3,reg3_m60_s0,es_1_2,0,375,18760,1.2833544709320046,72.0,72.0,0.05145733456292091,0.0008249347670925174,20,36,,72.01264349999838,0.8674698795180723,0.8674698795180723
reg3,reg3_m60_s0,es_1_2,0,380,19010,1.2833544709320046,72.0,72.0,0.05145733456292091,0.0008249347670925174,20,36,,73.30785159999505,0.8674698795180723,0.8674698795180723
reg3,reg3_m60_s0,es_1_2,0,385,19260,1.2833544709320046,72.0,72.0,0.05145733456292091,0.0008249347670925174,20,36,,74.51373160001822,0.8674698795180723,0.8674698795180723
reg3,reg3_m60_s0,es_1_2,0,390,19510,1.2833544709320046,72.0,72.0,0.05145733456292091,0.0008249347670925174,20,36,,75.74305530003039,0.8674698795180723,0.8674698795180723
reg3,reg3_m60_s0,es_1_2,0,395,19760,1.2833544709320046,72.0,72.0,0.05145733456292091,0.0008249347670925174,20,36,,76.67992960003903,0.8674698795180723,0.8674698795180723
reg3,reg3_m60_s0,es_1_2,0,400,20010,1.2833544709320046,72.0,72.0,0.051457334562920995,0.0008249347670924966,20,37,,77.70162270002766,0.8674698795180723,0.8674698795180723
reg3,reg3_m60_s0,es_1_2,1,0,10,0.736444777344415,44.0,46.3,0.07304383663338695,0.00098649445651193,20,35,,0.04746419994626194,0.5301204819277109,0.5578313253012048
reg3,reg3_m60_s0,es_1_2,1,5,260,1.0294795068528633,58.0,56.5,0.06597869230179365,4.336808689942018e-18,20,35,,1.0726900000008754,0.6987951807228916,0.6807228915662651
reg3,reg3_m60_s0,es_1_2,1,10,510,1.1020403107965229,61.0,60.6,0.10185265388483511,0.0029636355156159805,20,32,,2.0095759999821894,0.7349397590361446,0.7301204819277108
reg3,reg3_m60_s0,es_1_2,1,15,760,1.1994230953349467,66.0,64.9,0.09853079177497343,0.0012198810822825132,20,33,,3.045545899949502,0.7951807228915663,0.7819277108433735
reg3,reg3_m60_s0,es_1_2,1,20,1010,1.2750897318574232,67.0,66.7,0.13254005807007352,0.001793474772852027,20,33,,4.009362299984787,0.8072289156626506,0.8036144578313253
reg3,reg3_m60_s0,es_1_2,1,25,1260,1.2837343614284975,67.0,67.0,0.1511358381596044,0.0031385623731792103,20,34,,5.214094299997669,0.8072289156626506,0.8072289156626506
reg3,reg3_m60_s0,es_1_2,1,30,1510,1.3022845541041528,69.0,67.2,0.13254005807007338,0.0028068295499984255,20,33,,6.170304399973247,0.8313253012048193,0.8096385542168675
reg3,reg3_m60_s0,es_1_2,1,35,1760,1.3180938086032068,70.0,68.6,0.1419290056315065,0.004918862897024062,20,33,,7.332981399958953,0.8433734939759037,0.8265060240963855
reg3,reg3_m60_s0,es_1_2,1,40,2010,1.3180938086032068,70.0,68.6,0.1419290056315065,0.004918862897024062,20,33,,8.25825579999946,0.8433734939759037,0.8265060240963855
reg3,reg3_m60_s0,es_1_2,1,45,2260,1.32970498877381,69.0,68.8,0.14784182738351465,0.000743854068924639,20,33,,9.263963899982627,0.8313253012048193,0.8289156626506023
reg3,reg3_m60_s0,es_1_2,1,50,2510,1.32970498877381,69.0,69.1,0.14784182738351465,0.000743854068924639,20,33,,10.090460799983703,0.8313253012048193,0.8325301204819276
reg3,reg3_m60_s0,es_1_2,1,55,2760,1.337472532377403,69.0,69.0,0.16999980433714668,0.004994418509670147,20,33,,10.882820899947546,0.8313253012048193,0.8313253012048193
reg3,reg3_m60_s0,es_1_2,1,60,3010,1.3430644433725905,69.0,69.0,0.16026704946874995,0.004994418509670121,20,33,,11.729935299954377,0.8313253012048193,0.8313253012048193
reg3,reg3_m60_s0,es_1_2,1,65,3260,1.3460630199638053,69.0,69.0,0.1593296271248334,0.0007548020515294965,20,33,,12.598377499962226,0.8313253012048193,0.8313253012048193
reg3,reg3_m60_s0,es_1_2,1,70,3510,1.3460630199638053,69.0,69.0,0.1593296271248334,0.0007548020515294965,20,33,,13.447584999958053,0.8313253012048193,0.8313253012048193
reg3,reg3_m60_s0,es_1_2,1,75,3760,1.3756821329756017,72.0,69.9,0.12632697899670348,0.005286099548663388,20,34,,14.34411409997847,0.8674698795180723,0.8421686746987952
reg3,reg3_m60_s0,es_1_2,1,80,4010,1.3889924677401966,72.0,71.8,0.14275741939293934,0.003506042853340138,20,34,,15.200966599979438,0.8674698795180723,0.8650602409638554
reg3,reg3_m60_s0,es_1_2,1,85,4260,1.3932199482727916,73.0,72.5,0.11478533498980886,0.0011411868725198365,20,34,,16.033760599966627,0.8795180722891566,0.8734939759036144
reg3,reg3_m60_s0,es_1_2,1,90,4510,1.3932199482727916,73.0,73.0,0.11478533498980878,0.0011411868725198452,20,34,,16.860627899994142,0.8795180722891566,0.8795180722891566
reg3,reg3_m60_s0,es_1_2,1,95,4760,1.4000394104669671,73.0,73.0,0.13183504539269247,0.00041230515770321156,20,34,,17.662001099961344,0.8795180722891566,0.8795180722891566
reg3,reg3_m60_s0,es_1_2,1,100,5010,1.4000394104669671,73.0,73.0,0.13183504539269247,0.00041230515770321156,20,34,,18.46042719995603,0.8795180722891566,0.8795180722891566
reg3,reg3_m60_s0,es_1_2,1,105,5260,1.400118080912703,73.0,73.0,0.12429980027732335,0.002097134275678099,20,32,,19.31612109998241,0.8795180722891566,0.8795180722891566
reg3,reg3_m60_s0,es_1_2,1,110,5510,1.400118080912703,73.0,73.0,0.12429980027732335,0.002097134275678099,20,32,,20.21613899996737,0.8795180722891566,0.8795180722891566
reg3,reg3_m60_s0,es_1_2,1,115,5760,1.400118080912703,73.0,73.0,0.12429980027732335,0.002097134275678099,20,32,,21.15575259999605,0.8795180722891566,0.8795180722891566
reg3,reg3_m60_s0,es_1_2,1,120,6010,1.4047006383532596,73.0,73.0,0.13490637630688768,0.0019917413696109894,20,33,,21.999415699974634,0.8795180722891566,0.8795180722891566
reg3,reg3_m60_s0,es_1_2,1,125,6260,1.4047006383532596,73.0,73.0,0.13490637630688768,0.0019917413696109894,20,33,,22.90227799996501,0.8795180722891566,0.8795180722891566
reg3,reg3_m60_s0,es_1_2,1,130,6510,1.4059270793017296,73.0,73.0,0.1365841905874401,0.0072104800605741915,20,34,,23.870807499974035,0.8795180722891566,0.8795180722891566
reg3,reg3_m60_s0,es_1_2,1,135,6760,1.4072258163943931,73.0,73.0,0.14055935874829706,0.0034121065046136875,20,34,,24.707307999953628,0.8795180722891566,0.8795180722891566
reg3,reg3_m60_s0,es_1_2,1,140,7010,1.4091682827058736,73.0,73.0,0.14315764751645269,0.0004182431711349296,20,34,,25.631194399960805,0.8795180722891566,0.8795180722891566
reg3,reg3_m60_s0,es_1_2,1,145,7260,1.4114039385003618,73.0,73.0,0.1365841905874401,0.004172397951143545,20,34,,26.571743099950254,0.8795180722891566,0.8795180722891566
reg3,reg3_m60_s0,es_1_2,1,150,7510,1.4114039385003618,73.0,73.0,0.1365841905874401,0.004172397951143545,20,34,,27.51459789997898,0.8795180722891566,0.8795180722891566
reg3,reg3_m60_s0,es_1_2,1,155,7760,1.4114039385003618,73.0,73.0,0.1365841905874401,0.004172397951143545,20,34,,28.520422599976882,0.8795180722891566,0.8795180722891566
reg3,reg3_m60_s0,es_1_2,1,160,8010,1.4114039385003618,73.0,73.0,0.13658419058744015,0.004172397951143391,20,33,,29.543233799980953,0.8795180722891566,0.8795180722891566
reg3,reg3_m60_s0,es_1_2,1,165,8260,1.4131083006047622,73.0,73.0,0.1418370445399254,0.0033094986061628587,20,35,,30.369231099961326,0.8795180722891566,0.8795180722891566
reg3,reg3_m60_s0,es_1_2,1,170,8510,1.4131083006047622,73.0,73.0,0.1418370445399254,0.0033094986061628587,20,35,,31.237785999954212,0.8795180722891566,0.8795180722891566
reg3,reg3_m60_s0,es_1_2,1,175,8760,1.4131083006047622,73.0,73.0,0.1418370445399254,0.0033094986061628587,20,35,,32.14170739997644,0.8795180722891566,0.8795180722891566
reg3,reg3_m60_s0,es_1_2,1,180,9010,1.4131083006047622,73.0,73.0,0.1418370445399254,0.0033094986061628587,20,35,,33.02398479997646,0.8795180722891566,0.8795180722891566
reg3,reg3_m60_s0,es_1_2,1,185,9260,1.4131083006047622,73.0,73.0,0.1418370445399254,0.0033094986061628587,20,35,,34.00393709994387,0.8795180722891566,0.8795180722891566
reg3,reg3_m60_s0,es_1_2,1,190,9510,1.4140666788740675,73.0,73.0,0.1468048310726317,0.0014161035802765336,20,37,,35.00062419997994,0.8795180722891566,0.8795180722891566
reg3,reg3_m60_s0,es_1_2,1,195,9760,1.417004258923963,73.0,73.0,0.13450468558376355,0.0018913810138611528,20,35,,35.87534429994412,0.8795180722891566,0.8795180722891566
reg3,reg3_m60_s0,es_1_2,1,200,10010,1.417004258923963,73.0,73.0,0.13450468558376355,0.0018913810138611528,20,35,,36.7589125999948,0.8795180722891566,0.8795180722891566
reg3,reg3_m60_s0,es_1_2,1,205,10260,1.4184291627658936,73.0,73.0,0.14783122848335178,0.0014161035802765145,20,37,,37.62044219998643,0.8795180722891566,0.8795180722891566
reg3,reg3_m60_s0,es_1_2,1,210,10510,1.4184291627658936,73.0,73.0,0.14783122848335178,0.0014161035802765145,20,37,,38.48671959998319,0.8795180722891566,0.8795180722891566
reg3,reg3_m60_s0,es_1_2,1,215,10760,1.4184291627658936,73.0,73.0,0.14783122848335178,0.0014161035802765145,20,37,,39.36217109998688,0.8795180722891566,0.8795180722891566
reg3,reg3_m60_s0,es_1_2,1,220,11010,1.4184291627658938,73.0,73.0,0.14783122848335178,0.0014161035802764867,20,37,,40.1597101999796,0.8795180722891566,0.8795180722891566
reg3,reg3_m60_s0,es_1_2,1,225,11260,1.4190662175994468,73.0,73.0,0.1395638002972583,0.0008042855900639596,20,36,,40.9653911999776,0.8795180722891566,0.8795180722891566
reg3,reg3_m60_s0,es_1_2,1,230,11510,1.4190662175994468,73.0,73.0,0.1395638002972583,0.0008042855900639596,20,36,,42.029746699961834,0.8795180722891566,0.8795180722891566
reg3,reg3_m60_s0,es_1_2,1,235,11760,1.4190662175994468,73.0,73.0,0.1395638002972583,0.0008042855900638746,20,36,,42.966554999991786,0.8795180722891566,0.8795180722891566
reg3,reg3_m60_s0,es_1_2,1,240,12010,1.4190662175994468,73.0,73.0,0.1395638002972583,0.0008042855900638746,20,36,,43.84684649994597,0.8795180722891566,0.8795180722891566
reg3,reg3_m60_s0,es_1_2,1,245,12260,1.4190662175994468,73.0,73.0,0.1395638002972583,0.0008042855900639596,20,36,,44.74301259999629,0.8795180722891566,0.8795180722891566
reg3,reg3_m60_s0,es_1_2,1,250,12510,1.4190662175994468,73.0,73.0,0.13956380029725834,0.0008042855900640012,20,35,,45.595654299948364,0.8795180722891566,0.8795180722891566
reg3,reg3_m60_s0,es_1_2,1,255,12760,1.4190662175994468,73.0,73.0,0.1395638002972584,0.0008042855900640012,20,35,,46.49374979996355,0.8795180722891566,0.8795180722891566
reg3,reg3_m60_s0,es_1_2,1,260,13010,1.4190662175994468,73.0,73.0,0.1395638002972583,0.0008042855900638746,20,36,,47.310431299963966,0.8795180722891566,0.8795180722891566
reg3,reg3_m60_s0,es_1_2,1,265,13260,1.4190662175994468,73.0,73.0,0.1395638002972583,0.0008042855900638694,20,34,,48.294473499991,0.8795180722891566,0.8795180722891566
reg3,reg3_m60_s0,es_1_2,1,270,13510,1.4190662175994468,73.0,73.0,0.13956380029725834,0.0008042855900640012,20,35,,49.22889949998353,0.8795180722891566,0.8795180722891566
reg3,reg3_m60_s0,es_1_2,1,275,13760,1.4190662175994468,73.0,73.0,0.1395638002972583,0.0008042855900638694,20,34,,50.15666339994641,0.8795180722891566,0.8795180722891566
reg3,reg3_m60_s0,es_1_2,1,280,14010,1.4190662175994468,73.0,73.0,0.13956380029725834,0.0008042855900640012,20,35,,51.06500879995292,0.8795180722891566,0.8795180722891566
reg3,reg3_m60_s0,es_1_2,1,285,14260,1.4190662175994468,73.0,73.0,0.13956380029725837,0.000804285590064114,20,35,,51.88838639995083,0.8795180722891566,0.8795180722891566
reg3,reg3_m60_s0,es_1_2,1,290,14510,1.4190662175994468,73.0,73.0,0.1395638002972584,0.0008042855900639977,20,33,,52.8241255999892,0.8795180722891566,0.8795180722891566
reg3,reg3_m60_s0,es_1_2,1,295,14760,1.419066217599447,73.0,73.0,0.1395638002972584,0.0008042855900640793,20,34,,53.781430099974386,0.8795180722891566,0.8795180722891566
reg3,reg3_m60_s0,es_1_2,1,300,15010,1.419066217599447,73.0,73.0,0.1395638002972584,0.0008042855900640793,20,34,,54.74464949994581,0.8795180722891566,0.8795180722891566
reg3,reg3_m60_s0,es_1_2,1,305,15260,1.419066217599447,73.0,73.0,0.1395638002972584,0.0008042855900640793,20,34,,55.65233429998625,0.8795180722891566,0.8795180722891566
reg3,reg3_m60_s0,es_1_2,1,310,15510,1.419066217599447,73.0,73.0,0.1395638002972584,0.0008042855900640793,20,34,,56.576975199976005,0.8795180722891566,0.8795180722891566
reg3,reg3_m60_s0,es_1_2,1,315,15760,1.419066217599447,73.0,73.0,0.1395638002972584,0.0008042855900640793,20,34,,57.443715399946086,0.8795180722891566,0.8795180722891566
reg3,reg3_m60_s0,es_1_2,1,320,16010,1.419066217599447,73.0,73.0,0.1395638002972584,0.0008042855900640793,20,34,,58.273330899944995,0.8795180722891566,0.8795180722891566
reg3,reg3_m60_s0,es_1_2,1,325,16260,1.419066217599447,73.0,73.0,0.1395638002972584,0.0008042855900640793,20,34,,59.0637811999768,0.8795180722891566,0.8795180722891566
reg3,reg3_m60_s0,es_1_2,1,330,16510,1.419066217599447,73.0,73.0,0.1395638002972584,0.0008042855900640793,20,34,,59.90021569997771,0.8795180722891566,0.8795180722891566
reg3,reg3_m60_s0,es_1_2,1,335,16760,1.419066217599447,73.0,73.0,0.1395638002972584,0.0008042855900640793,20,34,,60.824425799946766,0.8795180722891566,0.8795180722891566
reg3,reg3_m60_s0,es_1_2,1,340,17010,1.419066217599447,73.0,73.0,0.1395638002972584,0.0008042855900640793,20,34,,61.699648699956015,0.8795180722891566,0.8795180722891566
reg3,reg3_m60_s0,es_1_2,1,345,17260,1.419066217599447,73.0,73.0,0.1395638002972584,0.0008042855900640793,20,34,,62.71839809999801,0.8795180722891566,0.8795180722891566
reg3,reg3_m60_s0,es_1_2,1,350,17510,1.419066217599447,73.0,73.0,0.1395638002972584,0.0008042855900640793,20,34,,63.868861599999946,0.8795180722891566,0.8795180722891566
reg3,reg3_m60_s0,es_1_2,1,355,17760,1.419066217599447,73.0,73.0,0.1395638002972584,0.0008042855900640793,20,34,,64.75471069995547,0.8795180722891566,0.8795180722891566
reg3,reg3_m60_s0,es_1_2,1,360,18010,1.419066217599447,73.0,73.0,0.1395638002972584,0.0008042855900640793,20,34,,65.60992049996275,0.8795180722891566,0.8795180722891566
reg3,reg3_m60_s0,es_1_2,1,365,18260,1.419066217599447,73.0,73.0,0.1395638002972584,0.0008042855900640793,20,34,,66.46227189997444,0.8795180722891566,0.8795180722891566
reg3,reg3_m60_s0,es_1_2,1,370,18510,1.419066217599447,73.0,73.0,0.1395638002972584,0.0008042855900640793,20,34,,67.57460679998621,0.8795180722891566,0.8795180722891566
reg3,reg3_m60_s0,es_1_2,1,375,18760,1.419066217599447,73.0,73.0,0.1395638002972584,0.0008042855900640793,20,34,,68.47959039994748,0.8795180722891566,0.8795180722891566
reg3,reg3_m60_s0,es_1_2,1,380,19010,1.419066217599447,73.0,73.0,0.1395638002972584,0.0008042855900640793,20,34,,69.48210109997308,0.8795180722891566,0.8795180722891566
reg3,reg3_m60_s0,es_1_2,1,385,19260,1.419066217599447,73.0,73.0,0.1395638002972584,0.0008042855900640793,20,34,,70.52894539997214,0.8795180722891566,0.8795180722891566
reg3,reg3_m60_s0,es_1_2,1,390,19510,1.419066217599447,73.0,73.0,0.1395638002972584,0.0008042855900640793,20,34,,71.54297589999624,0.8795180722891566,0.8795180722891566
reg3,reg3_m60_s0,es_1_2,1,395,19760,1.419066217599447,73.0,73.0,0.1395638002972584,0.0008042855900640793,20,34,,72.5066194999963,0.8795180722891566,0.8795180722891566
reg3,reg3_m60_s0,es_1_2,1,400,20010,1.419066217599447,73.0,73.0,0.1395638002972584,0.0008042855900640793,20,34,,73.56570139998803,0.8795180722891566,0.8795180722891566
reg3,reg3_m60_s0,es_1_2,2,0,10,0.6212453794867391,38.0,44.9,0.03190252217659621,0.0017974010528312402,20,35,,0.04170709999743849,0.4578313253012048,0.5409638554216867
reg3,reg3_m60_s0,es_1_2,2,5,260,1.0579406139248424,61.0,58.6,0.052180681228364716,7.107141277603625e-05,20,39,,1.0558866999926977,0.7349397590361446,0.7060240963855422
reg3,reg3_m60_s0,es_1_2,2,10,510,1.0850506367421011,62.0,60.9,0.05336631601630604,0.0005075581751945724,20,39,,2.036788900033571,0.7469879518072289,0.7337349397590361
reg3,reg3_m60_s0,es_1_2,2,15,760,1.126586603209159,64.0,61.6,0.06763533788495682,0.002737359861257224,20,39,,2.987505000026431,0.7710843373493976,0.7421686746987952
reg3,reg3_m60_s0,es_1_2,2,20,1010,1.126586603209159,64.0,62.4,0.06763533788495682,0.002737359861257224,20,39,,4.061324100010097,0.7710843373493976,0.7518072289156627
reg3,reg3_m60_s0,es_1_2,2,25,1260,1.1480219986642393,66.0,64.2,0.05078260413737303,0.00031039424627710404,20,39,,4.944064999988768,0.7951807228915663,0.7734939759036145
reg3,reg3_m60_s0,es_1_2,2,30,1510,1.1480219986642393,66.0,65.6,0.050782604137373,0.00031039424627714307,20,39,,5.884147500037216,0.7951807228915663,0.7903614457831325
reg3,reg3_m60_s0,es_1_2,2,35,1760,1.1709096845143931,67.0,66.2,0.048111265182792934,0.0008286343099821311,20,38,,6.916760899999645,0.8072289156626506,0.7975903614457832
reg3,reg3_m60_s0,es_1_2,2,40,2010,1.1709096845143931,67.0,66.2,0.048111265182792934,0.0008286343099821311,20,38,,7.78900310001336,0.8072289156626506,0.7975903614457832
reg3,reg3_m60_s0,es_1_2,2,45,2260,1.1709096845143931,67.0,66.3,0.048111265182792816,0.0008286343099822404,20,39,,8.697965800005477,0.8072289156626506,0.7987951807228916
reg3,reg3_m60_s0,es_1_2,2,50,2510,1.1746591461859028,67.0,66.8,0.053404454011026954,0.0021387310808315546,20,37,,9.603990000032354,0.8072289156626506,0.8048192771084337
reg3,reg3_m60_s0,es_1_2,2,55,2760,1.1746591461859028,67.0,67.0,0.053404454011026954,0.0021387310808315546,20,37,,10.59281689999625,0.8072289156626506,0.8072289156626506
reg3,reg3_m60_s0,es_1_2,2,60,3010,1.1987174471436672,69.0,67.2,0.059786812844448034,0.0009208803921580584,20,39,,11.468331300013233,0.8313253012048193,0.8096385542168675
reg3,reg3_m60_s0,es_1_2,2,65,3260,1.1987174471436672,69.0,67.6,0.059786812844448034,0.0009208803921580584,20,39,,12.370007499994244,0.8313253012048193,0.8144578313253011
reg3,reg3_m60_s0,es_1_2,2,70,3510,1.200050849132769,69.0,68.9,0.06573713441475951,0.0011111456200431982,20,40,,13.278396699985024,0.8313253012048193,0.8301204819277109
reg3,reg3_m60_s0,es_1_2,2,75,3760,1.200050849132769,69.0,69.0,0.06573713441475951,0.0011111456200431982,20,40,,14.14927599998191,0.8313253012048193,0.8313253012048193
reg3,reg3_m60_s0,es_1_2,2,80,4010,1.200050849132769,69.0,69.0,0.06573713441475951,0.0011111456200431982,20,40,,14.997804899991024,0.8313253012048193,0.8313253012048193
reg3,reg3_m60_s0,es_1_2,2,85,4260,1.2001899992991019,69.0,69.0,0.05588941773674462,0.0010763194729627515,20,39,,15.890014300006442,0.8313253012048193,0.8313253012048193
reg3,reg3_m60_s0,es_1_2,2,90,4510,1.2001899992991019,69.0,69.0,0.05588941773674462,0.0010763194729627515,20,39,,16.760485400038306,0.8313253012048193,0.8313253012048193
reg3,reg3_m60_s0,es_1_2,2,95,4760,1.2001899992991019,69.0,69.0,0.05588941773674462,0.0010763194729627515,20,39,,17.562006400024984,0.8313253012048193,0.8313253012048193
reg3,reg3_m60_s0,es_1_2,2,100,5010,1.2001899992991019,69.0,69.0,0.05588941773674469,0.001076319472962833,20,39,,18.518985600036103,0.8313253012048193,0.8313253012048193
reg3,reg3_m60_s0,es_1_2,2,105,5260,1.221712454703097,70.0,69.1,0.06455987127173733,0.0017513874126443944,20,39,,19.41045209998265,0.8433734939759037,0.8325301204819276
reg3,reg3_m60_s0,es_1_2,2,110,5510,1.221712454703097,70.0,69.1,0.06455987127173733,0.0017513874126443944,20,39,,20.29592689999845,0.8433734939759037,0.8325301204819276
reg3,reg3_m60_s0,es_1_2,2,115,5760,1.221712454703097,70.0,69.1,0.06455987127173733,0.0017513874126443944,20,39,,21.192757299984805,0.8433734939759037,0.8325301204819276
reg3,reg3_m60_s0,es_1_2,2,120,6010,1.221712454703097,70.0,69.1,0.06455987127173733,0.0017513874126443944,20,39,,22.05893440003274,0.8433734939759037,0.8325301204819276
reg3,reg3_m60_s0,es_1_2,2,125,6260,1.221712454703097,70.0,69.1,0.06455987127173733,0.0017513874126443944,20,39,,23.10199900000589,0.8433734939759037,0.8325301204819276
reg3,reg3_m60_s0,es_1_2,2,130,6510,1.221712454703097,70.0,69.3,0.06455987127173733,0.0017513874126443944,20,39,,24.00658889999613,0.8433734939759037,0.8349397590361446
reg3,reg3_m60_s0,es_1_2,2,135,6760,1.221712454703097,70.0,69.6,0.06455987127173733,0.0017513874126443944,20,39,,24.909816600033082,0.8433734939759037,0.8385542168674698
reg3,reg3_m60_s0,es_1_2,2,140,7010,1.221712454703097,70.0,70.0,0.06455987127173733,0.0017513874126443944,20,39,,25.830580400011968,0.8433734939759037,0.8433734939759037
reg3,reg3_m60_s0,es_1_2,2,145,7260,1.2230701911695614,70.0,70.0,0.05411153367192886,0.0017018974457758441,20,39,,26.736213500029407,0.8433734939759037,0.8433734939759037
reg3,reg3_m60_s0,es_1_2,2,150,7510,1.2230701911695614,70.0,70.0,0.05411153367192886,0.0017018974457758441,20,39,,27.586981100030243,0.8433734939759037,0.8433734939759037
reg3,reg3_m60_s0,es_1_2,2,155,7760,1.2230701911695614,70.0,70.0,0.05411153367192886,0.0017018974457758441,20,39,,28.543746599985752,0.8433734939759037,0.8433734939759037
reg3,reg3_m60_s0,es_1_2,2,160,8010,1.2230701911695614,70.0,70.0,0.05411153367192886,0.0017018974457758441,20,39,,29.409470900020096,0.8433734939759037,0.8433734939759037
reg3,reg3_m60_s0,es_1_2,2,165,8260,1.2230701911695614,70.0,70.0,0.05411153367192886,0.0017018974457758441,20,39,,30.28542800003197,0.8433734939759037,0.8433734939759037
reg3,reg3_m60_s0,es_1_2,2,170,8510,1.2230701911695614,70.0,70.0,0.05411153367192886,0.0017018974457758441,20,39,,31.118462699989323,0.8433734939759037,0.8433734939759037
reg3,reg3_m60_s0,es_1_2,2,175,8760,1.2230701911695614,70.0,70.0,0.05411153367192892,0.001701897445776009,20,38,,32.08440310001606,0.8433734939759037,0.8433734939759037
reg3,reg3_m60_s0,es_1_2,2,180,9010,1.2248712229151635,70.0,70.0,0.050270661096298644,0.0008659833807997015,20,39,,33.026659600029234,0.8433734939759037,0.8433734939759037
reg3,reg3_m60_s0,es_1_2,2,185,9260,1.2248712229151635,70.0,70.0,0.05027066109629884,0.0008659833807997692,20,40,,33.89471419999609,0.8433734939759037,0.8433734939759037
reg3,reg3_m60_s0,es_1_2,2,190,9510,1.2248712229151635,70.0,70.0,0.05027066109629873,0.0008659833807998368,20,39,,34.73783579998417,0.8433734939759037,0.8433734939759037
reg3,reg3_m60_s0,es_1_2,2,195,9760,1.2248712229151635,70.0,70.0,0.050270661096298644,0.0008659833807997015,20,39,,35.56934210000327,0.8433734939759037,0.8433734939759037
reg3,reg3_m60_s0,es_1_2,2,200,10010,1.2248712229151635,70.0,70.0,0.050270661096298644,0.0008659833807997015,20,39,,36.38447270001052,0.8433734939759037,0.8433734939759037
reg3,reg3_m60_s0,es_1_2,2,205,10260,1.2248712229151635,70.0,70.0,0.05027066109629873,0.0008659833807998368,20,39,,37.17446780001046,0.8433734939759037,0.8433734939759037
reg3,reg3_m60_s0,es_1_2,2,210,10510,1.2248712229151635,70.0,70.0,0.050270661096298644,0.0008659833807997015,20,39,,37.938259900023695,0.8433734939759037,0.8433734939759037
reg3,reg3_m60_s0,es_1_2,2,215,10760,1.2304442636781643,70.0,70.0,0.05316113777817584,0.002055692846718818,20,39,,38.84756979998201,0.8433734939759037,0.8433734939759037
reg3,reg3_m60_s0,es_1_2,2,220,11010,1.2304442636781643,70.0,70.0,0.05316113777817584,0.002055692846718818,20,39,,39.640701700001955,0.8433734939759037,0.8433734939759037
reg3,reg3_m60_s0,es_1_2,2,225,11260,1.2304442636781643,70.0,70.0,0.05316113777817576,0.0020556928467190816,20,39,,40.4671027000295,0.8433734939759037,0.8433734939759037
reg3,reg3_m60_s0,es_1_2,2,230,11510,1.2304442636781643,70.0,70.0,0.05316113777817576,0.0020556928467190816,20,39,,41.352255500038154,0.8433734939759037,0.8433734939759037
reg3,reg3_m60_s0,es_1_2,2,235,11760,1.2304442636781643,70.0,70.0,0.05316113777817581,0.002055692846719019,20,40,,42.191758000000846,0.8433734939759037,0.8433734939759037
reg3,reg3_m60_s0,es_1_2,2,240,12010,1.2304442636781645,70.0,70.0,0.053161137778175785,0.002055692846719019,20,39,,43.03266930003883,0.8433734939759037,0.8433734939759037
reg3,reg3_m60_s0,es_1_2,2,245,12260,1.2304442636781645,70.0,70.0,0.053161137778175785,0.002055692846719019,20,39,,43.88539419998415,0.8433734939759037,0.8433734939759037
reg3,reg3_m60_s0,es_1_2,2,250,12510,1.2304442636781645,70.0,70.0,0.053161137778175785,0.002055692846719019,20,39,,44.68747190001886,0.8433734939759037,0.8433734939759037
reg3,reg3_m60_s0,es_1_2,2,255,12760,1.2304442636781645,70.0,70.0,0.053161137778175785,0.002055692846719019,20,39,,45.5672360000317,0.8433734939759037,0.8433734939759037
reg3,reg3_m60_s0,es_1_2,2,260,13010,1.2304442636781645,70.0,70.0,0.053161137778175785,0.002055692846719019,20,39,,46.356511800026055,0.8433734939759037,0.8433734939759037
reg3,reg3_m60_s0,es_1_2,2,265,13260,1.2304442636781645,70.0,70.0,0.053161137778175785,0.002055692846719019,20,39,,47.22542660002364,0.8433734939759037,0.8433734939759037
reg3,reg3_m60_s0,es_1_2,2,270,13510,1.2304442636781645,70.0,70.0,0.053161137778175785,0.002055692846719019,20,39,,48.15306350000901,0.8433734939759037,0.8433734939759037
reg3,reg3_m60_s0,es_1_2,2,275,13760,1.2304442636781645,70.0,70.0,0.053161137778175785,0.002055692846719019,20,39,,49.038074899988715,0.8433734939759037,0.8433734939759037
reg3,reg3_m60_s0,es_1_2,2,280,14010,1.2304442636781645,70.0,70.0,0.053161137778175785,0.002055692846719019,20,39,,49.99646280001616,0.8433734939759037,0.8433734939759037
reg3,reg3_m60_s0,es_1_2,2,285,14260,1.2304442636781645,70.0,70.0,0.053161137778175785,0.002055692846719019,20,39,,50.8135066999821,0.8433734939759037,0.8433734939759037
reg3,reg3_m60_s0,es_1_2,2,290,14510,1.2304442636781645,70.0,70.0,0.053161137778175785,0.002055692846719019,20,39,,51.539330400002655,0.8433734939759037,0.8433734939759037
reg3,reg3_m60_s0,es_1_2,2,295,14760,1.2304442636781645,70.0,70.0,0.053161137778175785,0.002055692846719019,20,39,,52.39113790000556,0.8433734939759037,0.8433734939759037
reg3,reg3_m60_s0,es_1_2,2,300,15010,1.2304442636781645,70.0,70.0,0.053161137778175785,0.002055692846719019,20,39,,53.48542430001544,0.8433734939759037,0.8433734939759037
reg3,reg3_m60_s0,es_1_2,2,305,15260,1.2304442636781645,70.0,70.0,0.053161137778175785,0.002055692846719019,20,39,,54.41519800003152,0.8433734939759037,0.8433734939759037
reg3,reg3_m60_s0,es_1_2,2,310,15510,1.2304442636781645,70.0,70.0,0.053161137778175785,0.002055692846719019,20,39,,55.3140759000089,0.8433734939759037,0.8433734939759037
reg3,reg3_m60_s0,es_1_2,2,315,15760,1.2304442636781645,70.0,70.0,0.053161137778175785,0.002055692846719019,20,39,,56.04308030003449,0.8433734939759037,0.8433734939759037
reg3,reg3_m60_s0,es_1_2,2,320,16010,1.2304442636781645,70.0,70.0,0.053161137778175785,0.002055692846719019,20,39,,56.95923079998465,0.8433734939759037,0.8433734939759037
reg3,reg3_m60_s0,es_1_2,2,325,16260,1.2304442636781645,70.0,70.0,0.053161137778175785,0.002055692846719019,20,39,,57.773297300038394,0.8433734939759037,0.8433734939759037
reg3,reg3_m60_s0,es_1_2,2,330,16510,1.2304442636781645,70.0,70.0,0.053161137778175785,0.002055692846719019,20,39,,58.72601460001897,0.8433734939759037,0.8433734939759037
reg3,reg3_m60_s0,es_1_2,2,335,16760,1.2304442636781645,70.0,70.0,0.053161137778175785,0.002055692846719019,20,39,,59.65926839999156,0.8433734939759037,0.8433734939759037
reg3,reg3_m60_s0,es_1_2,2,340,17010,1.2304442636781645,70.0,70.0,0.053161137778175785,0.002055692846719019,20,39,,60.48069639998721,0.8433734939759037,0.8433734939759037
reg3,reg3_m60_s0,es_1_2,2,345,17260,1.2304442636781645,70.0,70.0,0.053161137778175785,0.002055692846719019,20,39,,61.33548529999098,0.8433734939759037,0.8433734939759037
reg3,reg3_m60_s0,es_1_2,2,350,17510,1.2304442636781645,70.0,70.0,0.053161137778175785,0.002055692846719019,20,39,,62.178537800034974,0.8433734939759037,0.8433734939759037
reg3,reg3_m60_s0,es_1_2,2,355,17760,1.2304442636781645,70.0,70.0,0.053161137778175785,0.002055692846719019,20,39,,63.06620709999697,0.8433734939759037,0.8433734939759037
reg3,reg3_m60_s0,es_1_2,2,360,18010,1.2304442636781645,70.0,70.0,0.053161137778175785,0.002055692846719019,20,39,,63.88742769998498,0.8433734939759037,0.8433734939759037
reg3,reg3_m60_s0,es_1_2,2,365,18260,1.2304442636781645,70.0,70.0,0.053161137778175785,0.002055692846719019,20,39,,64.77655509999022,0.8433734939759037,0.8433734939759037
reg3,reg3_m60_s0,es_1_2,2,370,18510,1.2304442636781645,70.0,70.0,0.053161137778175785,0.002055692846719019,20,39,,65.61579890002031,0.8433734939759037,0.8433734939759037
reg3,reg3_m60_s0,es_1_2,2,375,18760,1.2304442636781645,70.0,70.0,0.053161137778175785,0.002055692846719019,20,39,,66.35331859998405,0.8433734939759037,0.8433734939759037
reg3,reg3_m60_s0,es_1_2,2,380,19010,1.2304442636781645,70.0,70.0,0.053161137778175785,0.002055692846719019,20,39,,67.36092000000644,0.8433734939759037,0.8433734939759037
reg3,reg3_m60_s0,es_1_2,2,385,19260,1.2304442636781645,70.0,70.0,0.053161137778175785,0.002055692846719019,20,39,,68.21420190000208,0.8433734939759037,0.8433734939759037
reg3,reg3_m60_s0,es_1_2,2,390,19510,1.2304442636781645,70.0,70.0,0.053161137778175785,0.002055692846719019,20,39,,69.03976760001387,0.8433734939759037,0.8433734939759037
reg3,reg3_m60_s0,es_1_2,2,395,19760,1.2304442636781645,70.0,70.0,0.053161137778175785,0.002055692846719019,20,39,,69.92701220000163,0.8433734939759037,0.8433734939759037
reg3,reg3_m60_s0,es_1_2,2,400,20010,1.2304442636781645,70.0,70.0,0.053161137778175785,0.002055692846719019,20,39,,70.79664539999794,0.8433734939759037,0.8433734939759037
reg3,reg3_m60_s0,es_1_2,3,0,10,0.510890886101881,31.0,44.4,0.043618584570616764,1.984089975648473e-17,20,32,,0.036000800027977675,0.37349397590361444,0.5349397590361445
reg3,reg3_m60_s0,es_1_2,3,5,260,1.051078258379566,62.0,60.3,0.05545341229264668,0.0017785926980249172,20,37,,0.913235500047449,0.7469879518072289,0.7265060240963855
reg3,reg3_m60_s0,es_1_2,3,10,510,1.052672709524056,62.0,61.8,0.05697005286735014,0.001630541108003758,20,36,,1.7405953000416048,0.7469879518072289,0.744578313253012
reg3,reg3_m60_s0,es_1_2,3,15,760,1.052672709524056,62.0,62.0,0.056970052867350136,0.0016305411080039592,20,36,,2.674969100044109,0.7469879518072289,0.7469879518072289
reg3,reg3_m60_s0,es_1_2,3,20,1010,1.1623476411554043,67.0,62.6,0.06397233484806956,0.0013050855355887375,20,35,,3.531138700025622,0.8072289156626506,0.7542168674698795
reg3,reg3_m60_s0,es_1_2,3,25,1260,1.171507139676401,67.0,66.1,0.06650872028728608,0.003672656811185653,20,35,,4.380511299998034,0.8072289156626506,0.7963855421686746
reg3,reg3_m60_s0,es_1_2,3,30,1510,1.191520789147601,68.0,67.7,0.057567519267947564,0.0007305057863588298,20,34,,5.184242999996059,0.8192771084337349,0.8156626506024097
reg3,reg3_m60_s0,es_1_2,3,35,1760,1.2197170754037183,69.0,68.3,0.052522383895058436,0.0024682047161478857,20,34,,6.029348500014748,0.8313253012048193,0.8228915662650602
reg3,reg3_m60_s0,es_1_2,3,40,2010,1.230930572638832,69.0,69.0,0.07937220753607617,0.0024682047161476775,20,34,,6.919929800031241,0.8313253012048193,0.8313253012048193
reg3,reg3_m60_s0,es_1_2,3,45,2260,1.236156442890959,70.0,69.2,0.0575322361877938,0.0012146814723184296,20,35,,7.724147400003858,0.8433734939759037,0.8337349397590362
reg3,reg3_m60_s0,es_1_2,3,50,2510,1.2419167239466586,70.0,70.0,0.08716807436060839,0.001107803999013085,20,34,,8.549674800015055,0.8433734939759037,0.8433734939759037
reg3,reg3_m60_s0,es_1_2,3,55,2760,1.2467408358439456,70.0,70.0,0.07773147081312895,0.0012146814723184504,20,36,,9.376033100008499,0.8433734939759037,0.8433734939759037
reg3,reg3_m60_s0,es_1_2,3,60,3010,1.2691992343387783,71.0,70.2,0.07551673114159038,0.0008604804421829294,20,36,,10.239884300041012,0.8554216867469879,0.8457831325301205
reg3,reg3_m60_s0,es_1_2,3,65,3260,1.2708538414556774,71.0,71.0,0.0861717051298312,0.0020105894788544493,20,36,,11.022515700024087,0.8554216867469879,0.8554216867469879
reg3,reg3_m60_s0,es_1_2,3,70,3510,1.2800749031917833,71.0,71.0,0.09286869898783531,0.003738672201802483,20,34,,11.838488200039137,0.8554216867469879,0.8554216867469879
reg3,reg3_m60_s0,es_1_2,3,75,3760,1.2851270159233623,71.0,71.0,0.09700917375291115,0.0034098226924296204,20,35,,12.643285400001332,0.8554216867469879,0.8554216867469879
reg3,reg3_m60_s0,es_1_2,3,80,4010,1.2851270159233625,71.0,71.0,0.09700917375291107,0.0034098226924296343,20,36,,13.507419700035825,0.8554216867469879,0.8554216867469879
reg3,reg3_m60_s0,es_1_2,3,85,4260,1.289490224387448,71.0,71.0,0.09181806491678854,0.0005818393047307135,20,35,,14.40709130000323,0.8554216867469879,0.8554216867469879
reg3,reg3_m60_s0,es_1_2,3,90,4510,1.2900341900567198,71.0,71.0,0.09184048997094447,0.0005818393047306025,20,35,,15.173765200015623,0.8554216867469879,0.8554216867469879
reg3,reg3_m60_s0,es_1_2,3,95,4760,1.295178573565958,71.0,71.0,0.092549334727414,0.000167877912959441,20,35,,15.939277600031346,0.8554216867469879,0.8554216867469879
reg3,reg3_m60_s0,es_1_2,3,100,5010,1.29900353434343,71.0,71.0,0.08708598674108484,0.0008485432670247983,20,35,,16.784664000035264,0.8554216867469879,0.8554216867469879
reg3,reg3_m60_s0,es_1_2,3,105,5260,1.299571291879344,71.0,71.0,0.08730832921582657,0.00016787791295943405,20,35,,17.5276682000258,0.8554216867469879,0.8554216867469879
reg3,reg3_m60_s0,es_1_2,3,110,5510,1.2995712918793443,71.0,71.0,0.08730832921582662,0.0001678779129594271,20,34,,18.357009300030768,0.8554216867469879,0.8554216867469879
reg3,reg3_m60_s0,es_1_2,3,115,5760,1.302286277670655,71.0,71.0,0.09107527264313917,0.004882387896748275,20,34,,19.230734000040684,0.8554216867469879,0.8554216867469879
reg3,reg3_m60_s0,es_1_2,3,120,6010,1.305332296480128,71.0,71.0,0.0967217259685024,0.00010331966160443198,20,34,,20.103996100020595,0.8554216867469879,0.8554216867469879
reg3,reg3_m60_s0,es_1_2,3,125,6260,1.305641157204103,71.0,71.0,0.10401607731271968,0.0043432255828258545,20,33,,20.933229400019627,0.8554216867469879,0.8554216867469879
reg3,reg3_m60_s0,es_1_2,3,130,6510,1.3056411572041031,71.0,71.0,0.10401607731271964,0.004343225582826031,20,32,,21.689691100036725,0.8554216867469879,0.8554216867469879
reg3,reg3_m60_s0,es_1_2,3,135,6760,1.307436746880541,71.0,71.0,0.10103945464482383,0.00034569668419088054,20,36,,22.513563300017267,0.8554216867469879,0.8554216867469879
reg3,reg3_m60_s0,es_1_2,3,140,7010,1.3077161971140745,71.0,71.0,0.10257107958459524,0.0050061688456889825,20,34,,23.232300200033933,0.8554216867469879,0.8554216867469879
reg3,reg3_m60_s0,es_1_2,3,145,7260,1.3077161971140745,71.0,71.0,0.10257107958459524,0.0050061688456889825,20,34,,24.125500400026795,0.8554216867469879,0.8554216867469879
reg3,reg3_m60_s0,es_1_2,3,150,7510,1.3077161971140745,71.0,71.0,0.10257107958459522,0.005006168845688955,20,34,,24.96317210001871,0.8554216867469879,0.8554216867469879
reg3,reg3_m60_s0,es_1_2,3,155,7760,1.3077161971140745,71.0,71.0,0.10257107958459524,0.0050061688456889825,20,34,,25.8562263000058,0.8554216867469879,0.8554216867469879
reg3,reg3_m60_s0,es_1_2,3,160,8010,1.3177581467961323,72.0,71.1,0.08327600507169983,0.001141972099234459,20,35,,26.717283300007693,0.8674698795180723,0.8566265060240963
reg3,reg3_m60_s0,es_1_2,3,165,8260,1.3177581467961323,72.0,71.3,0.08327600507169983,0.001141972099234459,20,35,,27.468401900026947,0.8674698795180723,0.8590361445783132
reg3,reg3_m60_s0,es_1_2,3,170,8510,1.3177581467961323,72.0,71.4,0.08327600507169983,0.001141972099234459,20,35,,28.318960600008722,0.8674698795180723,0.8602409638554217
reg3,reg3_m60_s0,es_1_2,3,175,8760,1.3177581467961323,72.0,71.7,0.08327600507169983,0.001141972099234459,20,35,,29.164625200035516,0.8674698795180723,0.863855421686747
reg3,reg3_m60_s0,es_1_2,3,180,9010,1.3177581467961323,72.0,72.0,0.08327600507169983,0.001141972099234459,20,35,,29.99664250004571,0.8674698795180723,0.8674698795180723
reg3,reg3_m60_s0,es_1_2,3,185,9260,1.3177581467961323,72.0,72.0,0.08327600507169983,0.001141972099234459,20,35,,30.81637930002762,0.8674698795180723,0.8674698795180723
reg3,reg3_m60_s0,es_1_2,3,190,9510,1.3177581467961323,72.0,72.0,0.08327600507169983,0.001141972099234459,20,35,,31.66758629999822,0.8674698795180723,0.8674698795180723
reg3,reg3_m60_s0,es_1_2,3,195,9760,1.3188886463110987,72.0,72.0,0.08641304766505598,0.0032331875611281147,20,34,,32.51313910004683,0.8674698795180723,0.8674698795180723
reg3,reg3_m60_s0,es_1_2,3,200,10010,1.3188886463110987,72.0,72.0,0.08641304766505598,0.0032331875611281147,20,34,,33.322067700035404,0.8674698795180723,0.8674698795180723
reg3,reg3_m60_s0,es_1_2,3,205,10260,1.3191094914028458,72.0,72.0,0.08480299928002522,0.0012997693956327203,20,34,,34.090263599995524,0.8674698795180723,0.8674698795180723
reg3,reg3_m60_s0,es_1_2,3,210,10510,1.3191094914028458,72.0,72.0,0.08480299928002522,0.0012997693956327203,20,34,,34.91799869999522,0.8674698795180723,0.8674698795180723
reg3,reg3_m60_s0,es_1_2,3,215,10760,1.3191094914028458,72.0,72.0,0.08480299928002522,0.0012997693956327203,20,34,,35.6660947999917,0.8674698795180723,0.8674698795180723
reg3,reg3_m60_s0,es_1_2,3,220,11010,1.3191094914028458,72.0,72.0,0.08480299928002522,0.0012997693956327203,20,34,,36.557509700010996,0.8674698795180723,0.8674698795180723
reg3,reg3_m60_s0,es_1_2,3,225,11260,1.3191094914028458,72.0,72.0,0.08480299928002522,0.0012997693956327203,20,34,,37.29791180003667,0.8674698795180723,0.8674698795180723
reg3,reg3_m60_s0,es_1_2,3,230,11510,1.3191094914028458,72.0,72.0,0.08480299928002522,0.0012997693956327203,20,34,,38.269681800040416,0.8674698795180723,0.8674698795180723
reg3,reg3_m60_s0,es_1_2,3,235,11760,1.3191094914028458,72.0,72.0,0.08480299928002522,0.0012997693956325676,20,33,,39.08848450001096,0.8674698795180723,0.8674698795180723
reg3,reg3_m60_s0,es_1_2,3,240,12010,1.3193505038051203,72.0,72.0,0.08646340946677485,0.0003050747470725035,20,34,,39.95312720001675,0.8674698795180723,0.8674698795180723
reg3,reg3_m60_s0,es_1_2,3,245,12260,1.3193505038051203,72.0,72.0,0.08646340946677485,0.0003050747470725035,20,34,,40.744268400012515,0.8674698795180723,0.8674698795180723
reg3,reg3_m60_s0,es_1_2,3,250,12510,1.3236742373502781,72.0,72.0,0.09574408964209374,0.00030507474707276716,20,33,,41.618778400006704,0.8674698795180723,0.8674698795180723
reg3,reg3_m60_s0,es_1_2,3,255,12760,1.3236742373502781,72.0,72.0,0.09574408964209374,0.00030507474707276716,20,33,,42.50250580004649,0.8674698795180723,0.8674698795180723
reg3,reg3_m60_s0,es_1_2,3,260,13010,1.3236742373502781,72.0,72.0,0.09574408964209374,0.00030507474707276716,20,33,,43.41194600000745,0.8674698795180723,0.8674698795180723
reg3,reg3_m60_s0,es_1_2,3,265,13260,1.3236742373502781,72.0,72.0,0.09574408964209374,0.00030507474707276716,20,33,,44.228214300004765,0.8674698795180723,0.8674698795180723
reg3,reg3_m60_s0,es_1_2,3,270,13510,1.3236742373502781,72.0,72.0,0.09574408964209374,0.00030507474707276716,20,33,,45.00431420002133,0.8674698795180723,0.8674698795180723
reg3,reg3_m60_s0,es_1_2,3,275,13760,1.3236742373502781,72.0,72.0,0.09574408964209374,0.00030507474707276716,20,33,,45.766745800036006,0.8674698795180723,0.8674698795180723
reg3,reg3_m60_s0,es_1_2,3,280,14010,1.3236742373502781,72.0,72.0,0.09574408964209374,0.00030507474707276716,20,33,,46.56787670002086,0.8674698795180723,0.8674698795180723
reg3,reg3_m60_s0,es_1_2,3,285,14260,1.3236742373502781,72.0,72.0,0.09574408964209383,0.00030507474707260063,20,32,,47.37547640001867,0.8674698795180723,0.8674698795180723
reg3,reg3_m60_s0,es_1_2,3,290,14510,1.3236742373502781,72.0,72.0,0.09574408964209388,0.00030507474707272553,20,33,,48.20137790002627,0.8674698795180723,0.8674698795180723
reg3,reg3_m60_s0,es_1_2,3,295,14760,1.3236742373502781,72.0,72.0,0.09574408964209374,0.00030507474707276716,20,33,,48.98512490000576,0.8674698795180723,0.8674698795180723
reg3,reg3_m60_s0,es_1_2,3,300,15010,1.3236742373502781,72.0,72.0,0.09574408964209383,0.0003050747470725451,20,32,,49.96737190004205,0.8674698795180723,0.8674698795180723
reg3,reg3_m60_s0,es_1_2,3,305,15260,1.3236742373502781,72.0,72.0,0.09574408964209369,0.00030507474707271165,20,33,,50.798493600043,0.8674698795180723,0.8674698795180723
reg3,reg3_m60_s0,es_1_2,3,310,15510,1.3236742373502781,72.0,72.0,0.09574408964209388,0.00030507474707272553,20,33,,51.61409550003009,0.8674698795180723,0.8674698795180723
reg3,reg3_m60_s0,es_1_2,3,315,15760,1.3236742373502781,72.0,72.0,0.09574408964209388,0.00030507474707272553,20,33,,52.38350039999932,0.8674698795180723,0.8674698795180723
reg3,reg3_m60_s0,es_1_2,3,320,16010,1.3236742373502781,72.0,72.0,0.09574408964209388,0.00030507474707272553,20,33,,53.13815479999175,0.8674698795180723,0.8674698795180723
reg3,reg3_m60_s0,es_1_2,3,325,16260,1.3236742373502781,72.0,72.0,0.09574408964209388,0.00030507474707272553,20,33,,54.03594670002349,0.8674698795180723,0.8674698795180723
reg3,reg3_m60_s0,es_1_2,3,330,16510,1.3236742373502781,72.0,72.0,0.09574408964209383,0.00030507474707260063,20,32,,54.95652930001961,0.8674698795180723,0.8674698795180723
reg3,reg3_m60_s0,es_1_2,3,335,16760,1.3236742373502781,72.0,72.0,0.09574408964209384,0.0003050747470726145,20,32,,55.81654329999583,0.8674698795180723,0.8674698795180723
reg3,reg3_m60_s0,es_1_2,3,340,17010,1.3236742373502781,72.0,72.0,0.09574408964209384,0.0003050747470726145,20,32,,56.72806330001913,0.8674698795180723,0.8674698795180723
reg3,reg3_m60_s0,es_1_2,3,345,17260,1.3236742373502781,72.0,72.0,0.09574408964209383,0.00030507474707260063,20,32,,57.51798380003311,0.8674698795180723,0.8674698795180723
reg3,reg3_m60_s0,es_1_2,3,350,17510,1.3281213420547953,72.0,72.0,0.09806399336511945,0.0014485385205834783,20,32,,58.231409700005315,0.8674698795180723,0.8674698795180723
reg3,reg3_m60_s0,es_1_2,3,355,17760,1.3281213420547953,72.0,72.0,0.09806399336511945,0.0014485385205834783,20,32,,59.18881780002266,0.8674698795180723,0.8674698795180723
reg3,reg3_m60_s0,es_1_2,3,360,18010,1.3281213420547953,72.0,72.0,0.09806399336511945,0.0014485385205834783,20,32,,59.90989420004189,0.8674698795180723,0.8674698795180723
reg3,reg3_m60_s0,es_1_2,3,365,18260,1.3281213420547953,72.0,72.0,0.09806399336511945,0.0014485385205834783,20,32,,60.47193820000393,0.8674698795180723,0.8674698795180723
reg3,reg3_m60_s0,es_1_2,3,370,18510,1.3281213420547953,72.0,72.0,0.09806399336511945,0.0014485385205834783,20,32,,61.099615600018296,0.8674698795180723,0.8674698795180723
reg3,reg3_m60_s0,es_1_2,3,375,18760,1.3281213420547953,72.0,72.0,0.09806399336511945,0.0014485385205834783,20,32,,61.70822210004553,0.8674698795180723,0.8674698795180723
reg3,reg3_m60_s0,es_1_2,3,380,19010,1.3281213420547953,72.0,72.0,0.09806399336511945,0.0014485385205834783,20,32,,62.4691843999899,0.8674698795180723,0.8674698795180723
reg3,reg3_m60_s0,es_1_2,3,385,19260,1.3281213420547953,72.0,72.0,0.09806399336511945,0.0014485385205834783,20,32,,63.58852740004659,0.8674698795180723,0.8674698795180723
reg3,reg3_m60_s0,es_1_2,3,390,19510,1.3281213420547953,72.0,72.0,0.09806399336511931,0.0014485385205835338,20,32,,64.63107350002974,0.8674698795180723,0.8674698795180723
reg3,reg3_m60_s0,es_1_2,3,395,19760,1.3281213420547953,72.0,72.0,0.09806399336511945,0.0014485385205834783,20,32,,65.62973500002408,0.8674698795180723,0.8674698795180723
reg3,reg3_m60_s0,es_1_2,3,400,20010,1.3281213420547953,72.0,72.0,0.09806399336511945,0.0014485385205834783,20,32,,66.54980209999485,0.8674698795180723,0.8674698795180723
reg3,reg3_m60_s0,es_1_2,4,0,10,0.6376665406417732,38.0,42.3,0.067840025423876,0.0028286894968670324,20,38,,0.04229939996730536,0.4578313253012048,0.5096385542168674
reg3,reg3_m60_s0,es_1_2,4,5,260,1.0158594971924675,57.0,56.9,0.07900589229931128,0.0029612782320016084,20,40,,0.9124930999823846,0.6867469879518072,0.6855421686746987
reg3,reg3_m60_s0,es_1_2,4,10,510,1.079575438155528,60.0,59.4,0.08961609515681579,0.004969035679290471,20,41,,1.87886289996095,0.7228915662650602,0.7156626506024096
reg3,reg3_m60_s0,es_1_2,4,15,760,1.1089345728297448,60.0,60.8,0.11369059611340612,0.003961210830766556,20,41,,2.833766099996865,0.7228915662650602,0.7325301204819277
reg3,reg3_m60_s0,es_1_2,4,20,1010,1.1529229505964886,65.0,61.8,0.08334018146820216,0.0018255325340821998,20,37,,3.9193634999683127,0.7831325301204819,0.744578313253012
reg3,reg3_m60_s0,es_1_2,4,25,1260,1.1529229505964886,65.0,64.9,0.08334018146820216,0.0018255325340821998,20,37,,4.924455199972726,0.7831325301204819,0.7819277108433735
reg3,reg3_m60_s0,es_1_2,4,30,1510,1.1642503721096102,65.0,64.9,0.0897531633819445,0.0003965588732217362,20,36,,5.807287000003271,0.7831325301204819,0.7819277108433735
reg3,reg3_m60_s0,es_1_2,4,35,1760,1.1642503721096102,65.0,64.9,0.0897531633819445,0.0003965588732217362,20,36,,6.836584499978926,0.7831325301204819,0.7819277108433735
reg3,reg3_m60_s0,es_1_2,4,40,2010,1.1642503721096102,65.0,65.0,0.0897531633819445,0.0003965588732217362,20,36,,7.889094099984504,0.7831325301204819,0.7831325301204819
reg3,reg3_m60_s0,es_1_2,4,45,2260,1.1681477565901361,65.0,65.0,0.0870527447820992,0.0010076528936240337,20,37,,8.764330599980894,0.7831325301204819,0.7831325301204819
reg3,reg3_m60_s0,es_1_2,4,50,2510,1.1681477565901361,65.0,65.0,0.0870527447820992,0.0010076528936240337,20,37,,9.77450439997483,0.7831325301204819,0.7831325301204819
reg3,reg3_m60_s0,es_1_2,4,55,2760,1.1681477565901361,65.0,65.0,0.0870527447820992,0.0010076528936240337,20,37,,10.772746499977075,0.7831325301204819,0.7831325301204819
reg3,reg3_m60_s0,es_1_2,4,60,3010,1.1787642463773713,65.0,65.0,0.0805969893532607,0.00044502943288569907,20,37,,11.789381699985825,0.7831325301204819,0.7831325301204819
reg3,reg3_m60_s0,es_1_2,4,65,3260,1.1787642463773713,65.0,65.0,0.0805969893532607,0.00044502943288569907,20,37,,12.722806299978402,0.7831325301204819,0.7831325301204819
reg3,reg3_m60_s0,es_1_2,4,70,3510,1.1787642463773713,65.0,65.0,0.0805969893532607,0.00044502943288569907,20,37,,13.747600499948021,0.7831325301204819,0.7831325301204819
reg3,reg3_m60_s0,es_1_2,4,75,3760,1.1787642463773713,65.0,65.0,0.0805969893532607,0.00044502943288567826,20,37,,14.697048100002576,0.7831325301204819,0.7831325301204819
reg3,reg3_m60_s0,es_1_2,4,80,4010,1.1787642463773713,65.0,65.0,0.0805969893532607,0.00044502943288569907,20,37,,15.55530579999322,0.7831325301204819,0.7831325301204819
reg3,reg3_m60_s0,es_1_2,4,85,4260,1.1787642463773713,65.0,65.0,0.0805969893532607,0.00044502943288569907,20,37,,16.393850399996154,0.7831325301204819,0.7831325301204819
reg3,reg3_m60_s0,es_1_2,4,90,4510,1.1787642463773715,65.0,65.0,0.08059698935326085,0.00044502943288564356,20,36,,17.290814899955876,0.7831325301204819,0.7831325301204819
reg3,reg3_m60_s0,es_1_2,4,95,4760,1.1787642463773715,65.0,65.0,0.08059698935326085,0.00044502943288564356,20,36,,18.203388699970674,0.7831325301204819,0.7831325301204819
reg3,reg3_m60_s0,es_1_2,4,100,5010,1.1787642463773715,65.0,65.0,0.08059698935326085,0.00044502943288564356,20,36,,19.372183199971914,0.7831325301204819,0.7831325301204819
reg3,reg3_m60_s0,es_1_2,4,105,5260,1.1787642463773715,65.0,65.0,0.08059698935326085,0.00044502943288564356,20,36,,20.478468999965116,0.7831325301204819,0.7831325301204819
reg3,reg3_m60_s0,es_1_2,4,110,5510,1.1787642463773715,65.0,65.0,0.08059698935326085,0.00044502943288564356,20,36,,21.471312599955127,0.7831325301204819,0.7831325301204819
reg3,reg3_m60_s0,es_1_2,4,115,5760,1.1787642463773715,65.0,65.0,0.08059698935326085,0.00044502943288564356,20,36,,22.410201199993026,0.7831325301204819,0.7831325301204819
reg3,reg3_m60_s0,es_1_2,4,120,6010,1.1808114079205132,65.0,65.0,0.07954620804039565,0.0010165664018735657,20,36,,23.311804500001017,0.7831325301204819,0.7831325301204819
reg3,reg3_m60_s0,es_1_2,4,125,6260,1.1808114079205132,65.0,65.0,0.07954620804039565,0.0010165664018735657,20,36,,24.167807499994524,0.7831325301204819,0.7831325301204819
reg3,reg3_m60_s0,es_1_2,4,130,6510,1.1808114079205132,65.0,65.0,0.0795462080403957,0.0010165664018735483,20,37,,25.176733399974182,0.7831325301204819,0.7831325301204819
reg3,reg3_m60_s0,es_1_2,4,135,6760,1.1818659299333167,65.0,65.0,0.06346702754445548,0.0008729566342409907,20,36,,26.04870200000005,0.7831325301204819,0.7831325301204819
reg3,reg3_m60_s0,es_1_2,4,140,7010,1.1818659299333167,65.0,65.0,0.06346702754445548,0.0008729566342409907,20,36,,26.980566499987617,0.7831325301204819,0.7831325301204819
reg3,reg3_m60_s0,es_1_2,4,145,7260,1.1818659299333167,65.0,65.0,0.06346702754445548,0.0008729566342409907,20,36,,27.846777899947483,0.7831325301204819,0.7831325301204819
reg3,reg3_m60_s0,es_1_2,4,150,7510,1.1818659299333167,65.0,65.0,0.06346702754445549,0.0008729566342410323,20,36,,28.730296799971256,0.7831325301204819,0.7831325301204819
reg3,reg3_m60_s0,es_1_2,4,155,7760,1.1818659299333167,65.0,65.0,0.06346702754445548,0.0008729566342409976,20,35,,29.70525399997132,0.7831325301204819,0.7831325301204819
reg3,reg3_m60_s0,es_1_2,4,160,8010,1.1818659299333167,65.0,65.0,0.06346702754445532,0.0008729566342410185,20,35,,30.941767199954484,0.7831325301204819,0.7831325301204819
reg3,reg3_m60_s0,es_1_2,4,165,8260,1.1818659299333167,65.0,65.0,0.06346702754445549,0.0008729566342410323,20,36,,31.97920839994913,0.7831325301204819,0.7831325301204819
reg3,reg3_m60_s0,es_1_2,4,170,8510,1.2248383829369218,68.0,66.6,0.06782115739406192,0.001347571916389144,20,35,,32.883387099951506,0.8192771084337349,0.8024096385542168
reg3,reg3_m60_s0,es_1_2,4,175,8760,1.2290965255788715,68.0,68.0,0.0690939870678525,0.00017261748303770003,20,34,,33.83236069994746,0.8192771084337349,0.8192771084337349
reg3,reg3_m60_s0,es_1_2,4,180,9010,1.2290965255788715,68.0,68.0,0.0690939870678525,0.00017261748303770003,20,34,,34.83450619998621,0.8192771084337349,0.8192771084337349
reg3,reg3_m60_s0,es_1_2,4,185,9260,1.2680671254790228,71.0,68.3,0.05295852331928086,0.00031221914004687587,20,35,,35.52598299999954,0.8554216867469879,0.8228915662650602
reg3,reg3_m60_s0,es_1_2,4,190,9510,1.268067125479023,71.0,69.5,0.052958523319281026,0.0003122191400469036,20,35,,36.13231899996754,0.8554216867469879,0.8373493975903614
reg3,reg3_m60_s0,es_1_2,4,195,9760,1.268067125479023,71.0,70.1,0.05295852331928094,0.00031221914004686893,20,36,,37.16921469999943,0.8554216867469879,0.844578313253012
reg3,reg3_m60_s0,es_1_2,4,200,10010,1.268067125479023,71.0,71.0,0.05295852331928079,0.0003122191400469071,20,37,,38.29878519999329,0.8554216867469879,0.8554216867469879
reg3,reg3_m60_s0,es_1_2,4,205,10260,1.268067125479023,71.0,71.0,0.05295852331928094,0.00031221914004686893,20,36,,39.254071999981534,0.8554216867469879,0.8554216867469879
reg3,reg3_m60_s0,es_1_2,4,210,10510,1.2713127556113162,71.0,71.0,0.056487277214999715,1.8601083178913444e-05,20,37,,40.28008039999986,0.8554216867469879,0.8554216867469879
reg3,reg3_m60_s0,es_1_2,4,215,10760,1.272021290617816,71.0,71.0,0.058709056541418905,1.860108317896722e-05,20,36,,41.290729699947406,0.8554216867469879,0.8554216867469879
reg3,reg3_m60_s0,es_1_2,4,220,11010,1.2723975662190739,71.0,71.0,0.05648727721499973,1.860108317897763e-05,20,37,,42.32000749994768,0.8554216867469879,0.8554216867469879
reg3,reg3_m60_s0,es_1_2,4,225,11260,1.2723975662190739,71.0,71.0,0.05648727721499973,1.860108317897763e-05,20,37,,43.38379069999792,0.8554216867469879,0.8554216867469879
reg3,reg3_m60_s0,es_1_2,4,230,11510,1.2723975662190739,71.0,71.0,0.05648727721499973,1.860108317897763e-05,20,37,,44.29400989995338,0.8554216867469879,0.8554216867469879
reg3,reg3_m60_s0,es_1_2,4,235,11760,1.29211793386752,72.0,71.3,0.06174562650412771,0.00035821081062821156,20,36,,45.26241649995791,0.8674698795180723,0.8590361445783132
reg3,reg3_m60_s0,es_1_2,4,240,12010,1.29211793386752,72.0,71.7,0.06174562650412771,0.00035821081062821156,20,36,,46.314363199984655,0.8674698795180723,0.863855421686747
reg3,reg3_m60_s0,es_1_2,4,245,12260,1.2935002505936282,72.0,72.0,0.07185797536987507,0.00033880291224779556,20,35,,47.393913099949714,0.8674698795180723,0.8674698795180723
reg3,reg3_m60_s0,es_1_2,4,250,12510,1.2935002505936282,72.0,72.0,0.07185797536987507,0.00033880291224779556,20,35,,48.495237199997064,0.8674698795180723,0.8674698795180723
reg3,reg3_m60_s0,es_1_2,4,255,12760,1.2935002505936282,72.0,72.0,0.07185797536987507,0.00033880291224779556,20,35,,49.65881949994946,0.8674698795180723,0.8674698795180723
reg3,reg3_m60_s0,es_1_2,4,260,13010,1.2967620839713476,72.0,72.0,0.07399784591849756,0.0010358487209005483,20,35,,50.70650839997688,0.8674698795180723,0.8674698795180723
reg3,reg3_m60_s0,es_1_2,4,265,13260,1.297788317493291,72.0,72.0,0.06314854335001435,0.00033880291224772097,20,36,,51.82048840000061,0.8674698795180723,0.8674698795180723
reg3,reg3_m60_s0,es_1_2,4,270,13510,1.309246272394143,72.0,72.0,0.055819390614837414,0.0012140857991162837,20,35,,52.82020779995946,0.8674698795180723,0.8674698795180723
reg3,reg3_m60_s0,es_1_2,4,275,13760,1.309246272394143,72.0,72.0,0.055819390614837414,0.0012140857991162837,20,35,,53.842659699963406,0.8674698795180723,0.8674698795180723
reg3,reg3_m60_s0,es_1_2,4,280,14010,1.309246272394143,72.0,72.0,0.055819390614837414,0.0012140857991161519,20,34,,54.88541999994777,0.8674698795180723,0.8674698795180723
reg3,reg3_m60_s0,es_1_2,4,285,14260,1.309246272394143,72.0,72.0,0.055819390614837414,0.0012140857991161519,20,34,,55.89587999996729,0.8674698795180723,0.8674698795180723
reg3,reg3_m60_s0,es_1_2,4,290,14510,1.309246272394143,72.0,72.0,0.055819390614837455,0.0012140857991163878,20,34,,56.82810319995042,0.8674698795180723,0.8674698795180723
reg3,reg3_m60_s0,es_1_2,4,295,14760,1.309246272394143,72.0,72.0,0.055819390614837455,0.0012140857991163878,20,34,,57.91550219996134,0.8674698795180723,0.8674698795180723
reg3,reg3_m60_s0,es_1_2,4,300,15010,1.309246272394143,72.0,72.0,0.055819390614837414,0.0012140857991161519,20,34,,58.951293499965686,0.8674698795180723,0.8674698795180723
reg3,reg3_m60_s0,es_1_2,4,305,15260,1.3097231695297025,72.0,72.0,0.05255301876278622,0.00017918427729791964,20,34,,59.95212609996088,0.8674698795180723,0.8674698795180723
reg3,reg3_m60_s0,es_1_2,4,310,15510,1.3097231695297025,72.0,72.0,0.05255301876278622,0.00017918427729791964,20,34,,60.99967029999243,0.8674698795180723,0.8674698795180723
reg3,reg3_m60_s0,es_1_2,4,315,15760,1.3097231695297025,72.0,72.0,0.05255301876278622,0.00017918427729791964,20,34,,61.99679369997466,0.8674698795180723,0.8674698795180723
reg3,reg3_m60_s0,es_1_2,4,320,16010,1.3097231695297025,72.0,72.0,0.05255301876278622,0.00017918427729791964,20,34,,62.96801719994983,0.8674698795180723,0.8674698795180723
reg3,reg3_m60_s0,es_1_2,4,325,16260,1.324595586725973,73.0,72.1,0.055311528774261806,0.0015664675014815136,20,34,,64.0070520999725,0.8795180722891566,0.8686746987951807
reg3,reg3_m60_s0,es_1_2,4,330,16510,1.3260946610896582,73.0,72.3,0.05350223636187495,0.00046103116648467043,20,34,,65.00317959999666,0.8795180722891566,0.8710843373493976
reg3,reg3_m60_s0,es_1_2,4,335,16760,1.328890975607713,73.0,73.0,0.06272271542991212,0.00023210703936246344,20,34,,66.02808099996764,0.8795180722891566,0.8795180722891566
reg3,reg3_m60_s0,es_1_2,4,340,17010,1.3288909756077132,73.0,73.0,0.06272271542991215,0.00023210703936234547,20,33,,67.00211209995905,0.8795180722891566,0.8795180722891566
reg3,reg3_m60_s0,es_1_2,4,345,17260,1.3288909756077132,73.0,73.0,0.06272271542991215,0.00023210703936234547,20,33,,67.91285429999698,0.8795180722891566,0.8795180722891566
reg3,reg3_m60_s0,es_1_2,4,350,17510,1.3288909756077132,73.0,73.0,0.06272271542991215,0.00023210703936234547,20,33,,68.86216129997047,0.8795180722891566,0.8795180722891566
reg3,reg3_m60_s0,es_1_2,4,355,17760,1.3288909756077132,73.0,73.0,0.06272271542991215,0.00023210703936234547,20,33,,69.83595509995939,0.8795180722891566,0.8795180722891566
reg3,reg3_m60_s0,es_1_2,4,360,18010,1.3288909756077132,73.0,73.0,0.06272271542991215,0.00023210703936234547,20,33,,70.77046029997291,0.8795180722891566,0.8795180722891566
reg3,reg3_m60_s0,es_1_2,4,365,18260,1.3288909756077132,73.0,73.0,0.06272271542991215,0.00023210703936234547,20,33,,71.69326479994925,0.8795180722891566,0.8795180722891566
reg3,reg3_m60_s0,es_1_2,4,370,18510,1.3288909756077132,73.0,73.0,0.06272271542991215,0.00023210703936234547,20,33,,72.66000559995882,0.8795180722891566,0.8795180722891566
reg3,reg3_m60_s0,es_1_2,4,375,18760,1.3299167868370898,73.0,73.0,0.0653915872714911,4.792554232112625e-05,20,33,,73.64178119995631,0.8795180722891566,0.8795180722891566
reg3,reg3_m60_s0,es_1_2,4,380,19010,1.3299167868370898,73.0,73.0,0.0653915872714911,4.792554232112625e-05,20,33,,74.69652259995928,0.8795180722891566,0.8795180722891566
reg3,reg3_m60_s0,es_1_2,4,385,19260,1.3299167868370898,73.0,73.0,0.0653915872714911,4.792554232112625e-05,20,33,,75.68166999996174,0.8795180722891566,0.8795180722891566
reg3,reg3_m60_s0,es_1_2,4,390,19510,1.3299167868370898,73.0,73.0,0.0653915872714911,4.792554232112625e-05,20,33,,76.58784089999972,0.8795180722891566,0.8795180722891566
reg3,reg3_m60_s0,es_1_2,4,395,19760,1.3299167868370898,73.0,73.0,0.0653915872714911,4.792554232112625e-05,20,33,,77.51698159996886,0.8795180722891566,0.8795180722891566
reg3,reg3_m60_s0,es_1_2,4,400,20010,1.3299167868370898,73.0,73.0,0.0653915872714911,4.792554232112625e-05,20,33,,78.50188359996537,0.8795180722891566,0.8795180722891566
reg3,reg3_m60_s0,es_single,0,0,10,0.8309630285234236,49.0,45.8,0.03422181726598081,1.0842021724855044e-18,20,32,,0.04246680001961067,0.5903614457831325,0.5518072289156626
reg3,reg3_m60_s0,es_single,0,5,260,1.026370361091108,60.0,57.8,0.033028544684906,0.0017921165202516203,20,40,,1.0279398999991827,0.7228915662650602,0.6963855421686747
reg3,reg3_m60_s0,es_single,0,10,510,1.1167670108087875,65.0,62.6,0.04793150120056559,0.00011888313586847811,20,35,,1.9908684000256471,0.7831325301204819,0.7542168674698795
reg3,reg3_m60_s0,es_single,0,15,760,1.1635421578853316,67.0,63.9,0.05976672547790514,0.0007156133338559155,20,37,,2.9516171000432223,0.8072289156626506,0.7698795180722892
reg3,reg3_m60_s0,es_single,0,20,1010,1.1669565457970497,67.0,64.2,0.05139112467370166,0.0006647969903537301,20,37,,3.869128299993463,0.8072289156626506,0.7734939759036145
reg3,reg3_m60_s0,es_single,0,25,1260,1.1742114487538298,65.0,66.3,0.1051408716785766,0.001602118122633011,20,31,,4.792736700037494,0.7831325301204819,0.7987951807228916
reg3,reg3_m60_s0,es_single,0,30,1510,1.181937844504649,66.0,65.7,0.08915320810769894,0.0013431386971796688,20,32,,5.691361600009259,0.7951807228915663,0.791566265060241
reg3,reg3_m60_s0,es_single,0,35,1760,1.209422577811505,67.0,66.8,0.09529533195886378,0.0011129088981652047,20,34,,6.54158349998761,0.8072289156626506,0.8048192771084337
reg3,reg3_m60_s0,es_single,0,40,2010,1.2195187116078423,68.0,67.1,0.09567318940504164,0.0003809181315917662,20,35,,7.506041900021955,0.8192771084337349,0.808433734939759
reg3,reg3_m60_s0,es_single,0,45,2260,1.2204812983389426,68.0,68.0,0.09522811880680301,0.0010896930241718616,20,34,,8.450578499992844,0.8192771084337349,0.8192771084337349
reg3,reg3_m60_s0,es_single,0,50,2510,1.2348839285201791,69.0,68.4,0.08739702339260913,0.0003811718652522748,20,33,,9.432371100003365,0.8313253012048193,0.8240963855421688
reg3,reg3_m60_s0,es_single,0,55,2760,1.2348839285201791,69.0,68.8,0.08739702339260913,0.0003811718652522748,20,33,,10.303542400011793,0.8313253012048193,0.8289156626506023
reg3,reg3_m60_s0,es_single,0,60,3010,1.2348839285201791,69.0,69.0,0.08739702339260913,0.0003811718652522748,20,33,,11.294106299988925,0.8313253012048193,0.8313253012048193
reg3,reg3_m60_s0,es_single,0,65,3260,1.2355882679500851,69.0,69.0,0.09583082863872897,0.001065161067027337,20,33,,12.16442799998913,0.8313253012048193,0.8313253012048193
reg3,reg3_m60_s0,es_single,0,70,3510,1.237438111336251,69.0,69.0,0.09476969145349795,0.0012817576014821012,20,33,,13.14807130000554,0.8313253012048193,0.8313253012048193
reg3,reg3_m60_s0,es_single,0,75,3760,1.2399366594724475,69.0,69.0,0.09987434867170206,0.002087585729631662,20,34,,14.097188299987465,0.8313253012048193,0.8313253012048193
reg3,reg3_m60_s0,es_single,0,80,4010,1.2399366594724477,69.0,69.0,0.09987434867170202,0.0020875857296316796,20,34,,15.085531199991237,0.8313253012048193,0.8313253012048193
reg3,reg3_m60_s0,es_single,0,85,4260,1.2425896069292777,69.0,69.0,0.10461854584454078,0.0016375175061768207,20,33,,16.029092200042214,0.8313253012048193,0.8313253012048193
reg3,reg3_m60_s0,es_single,0,90,4510,1.242640914451751,69.0,69.0,0.10435705909690628,0.0011544691386463843,20,35,,17.44694769999478,0.8313253012048193,0.8313253012048193
reg3,reg3_m60_s0,es_single,0,95,4760,1.242640914451751,69.0,69.0,0.10435705909690629,0.0011544691386463843,20,35,,18.451928100024816,0.8313253012048193,0.8313253012048193
reg3,reg3_m60_s0,es_single,0,100,5010,1.2439668074066366,69.0,69.0,0.10141795324178735,0.00015992583824141898,20,34,,19.336936700041406,0.8313253012048193,0.8313253012048193
reg3,reg3_m60_s0,es_single,0,105,5260,1.244324350619645,69.0,69.0,0.0931338422256377,0.00010444326898650285,20,36,,20.329038900032174,0.8313253012048193,0.8313253012048193
reg3,reg3_m60_s0,es_single,0,110,5510,1.244324350619645,69.0,69.0,0.09313384222563753,0.00010444326898635952,20,35,,21.24378970003454,0.8313253012048193,0.8313253012048193
reg3,reg3_m60_s0,es_single,0,115,5760,1.245147347677183,69.0,69.0,0.11141482558731933,0.00010444326898639443,20,34,,22.18120310001541,0.8313253012048193,0.8313253012048193
reg3,reg3_m60_s0,es_single,0,120,6010,1.245147347677183,69.0,69.0,0.11141482558731933,0.00010444326898639443,20,34,,23.094741800043266,0.8313253012048193,0.8313253012048193
reg3,reg3_m60_s0,es_single,0,125,6260,1.2518120083290707,69.0,69.0,0.1107246459641855,0.0007370627328717209,20,33,,24.12482180004008,0.8313253012048193,0.8313253012048193
reg3,reg3_m60_s0,es_single,0,130,6510,1.2518120083290707,69.0,69.0,0.11072464596418555,0.0007370627328716769,20,35,,25.0848180000321,0.8313253012048193,0.8313253012048193
reg3,reg3_m60_s0,es_single,0,135,6760,1.2518120083290707,69.0,69.0,0.1107246459641855,0.0007370627328717209,20,33,,26.06606089998968,0.8313253012048193,0.8313253012048193
reg3,reg3_m60_s0,es_single,0,140,7010,1.251812008329071,69.0,69.0,0.11072464596418558,0.0007370627328716853,20,35,,26.996732900035568,0.8313253012048193,0.8313253012048193
reg3,reg3_m60_s0,es_single,0,145,7260,1.2520448073587993,69.0,69.0,0.10783419310535078,0.0016903801203743962,20,35,,27.875984999991488,0.8313253012048193,0.8313253012048193
reg3,reg3_m60_s0,es_single,0,150,7510,1.2539965695948208,69.0,69.0,0.11207897422481783,0.0018269162906449643,20,35,,28.8102896999917,0.8313253012048193,0.8313253012048193
reg3,reg3_m60_s0,es_single,0,155,7760,1.2539965695948208,69.0,69.0,0.11207897422481783,0.0018269162906449643,20,35,,29.669849400001112,0.8313253012048193,0.8313253012048193
reg3,reg3_m60_s0,es_single,0,160,8010,1.253996569594821,69.0,69.0,0.11207897422481794,0.0018269162906450337,20,35,,30.756454200018197,0.8313253012048193,0.8313253012048193
reg3,reg3_m60_s0,es_single,0,165,8260,1.253996569594821,69.0,69.0,0.11207897422481794,0.0018269162906450614,20,34,,31.6540559999994,0.8313253012048193,0.8313253012048193
reg3,reg3_m60_s0,es_single,0,170,8510,1.253996569594821,69.0,69.0,0.11207897422481794,0.0018269162906450337,20,35,,32.62719960004324,0.8313253012048193,0.8313253012048193
reg3,reg3_m60_s0,es_single,0,175,8760,1.2547049628488007,69.0,69.0,0.10774068180517384,0.00022414620201907653,20,35,,33.55768480000552,0.8313253012048193,0.8313253012048193
reg3,reg3_m60_s0,es_single,0,180,9010,1.2547049628488007,69.0,69.0,0.10774068180517384,0.00022414620201907653,20,35,,34.552776299999095,0.8313253012048193,0.8313253012048193
reg3,reg3_m60_s0,es_single,0,185,9260,1.2547049628488007,69.0,69.0,0.10774068180517384,0.00022414620201907653,20,35,,35.54941030003829,0.8313253012048193,0.8313253012048193
reg3,reg3_m60_s0,es_single,0,190,9510,1.2547049628488007,69.0,69.0,0.10774068180517384,0.00022414620201907653,20,35,,36.532969399995636,0.8313253012048193,0.8313253012048193
reg3,reg3_m60_s0,es_single,0,195,9760,1.254704962848801,69.0,69.0,0.10774068180517377,0.00022414620201913205,20,34,,37.42452780000167,0.8313253012048193,0.8313253012048193
reg3,reg3_m60_s0,es_single,0,200,10010,1.254704962848801,69.0,69.0,0.10774068180517377,0.00022414620201913205,20,34,,38.3402585000149,0.8313253012048193,0.8313253012048193
reg3,reg3_m60_s0,es_single,0,205,10260,1.254704962848801,69.0,69.0,0.10774068180517377,0.00022414620201913205,20,34,,39.246244200039655,0.8313253012048193,0.8313253012048193
reg3,reg3_m60_s0,es_single,0,210,10510,1.254704962848801,69.0,69.0,0.1077406818051738,0.00022414620201906266,20,35,,40.3258463999955,0.8313253012048193,0.8313253012048193
reg3,reg3_m60_s0,es_single,0,215,10760,1.254704962848801,69.0,69.0,0.1077406818051738,0.00022414620201906266,20,35,,41.34787460003281,0.8313253012048193,0.8313253012048193
reg3,reg3_m60_s0,es_single,0,220,11010,1.254704962848801,69.0,69.0,0.10774068180517377,0.00022414620201913205,20,34,,42.323350900027435,0.8313253012048193,0.8313253012048193
reg3,reg3_m60_s0,es_single,0,225,11260,1.254704962848801,69.0,69.0,0.10774068180517388,0.00022414620201911817,20,35,,43.44660730002215,0.8313253012048193,0.8313253012048193
reg3,reg3_m60_s0,es_single,0,230,11510,1.254704962848801,69.0,69.0,0.1077406818051738,0.0002241462020190349,20,34,,44.447639300022274,0.8313253012048193,0.8313253012048193
reg3,reg3_m60_s0,es_single,0,235,11760,1.254704962848801,69.0,69.0,0.10774068180517385,0.00022414620201904878,20,33,,45.41535180003848,0.8313253012048193,0.8313253012048193
reg3,reg3_m60_s0,es_single,0,240,12010,1.254704962848801,69.0,69.0,0.10774068180517384,0.00022414620201917368,20,35,,46.367062900040764,0.8313253012048193,0.8313253012048193
reg3,reg3_m60_s0,es_single,0,245,12260,1.254704962848801,69.0,69.0,0.10774068180517374,0.0002241462020191598,20,35,,47.029539500013925,0.8313253012048193,0.8313253012048193
reg3,reg3_m60_s0,es_single,0,250,12510,1.254704962848801,69.0,69.0,0.10774068180517388,0.00022414620201911817,20,35,,47.555083200044464,0.8313253012048193,0.8313253012048193
reg3,reg3_m60_s0,es_single,0,255,12760,1.254704962848801,69.0,69.0,0.10774068180517384,0.00022414620201917368,20,35,,48.12223420001101,0.8313253012048193,0.8313253012048193
reg3,reg3_m60_s0,es_single,0,260,13010,1.254704962848801,69.0,69.0,0.1077406818051738,0.0002241462020191043,20,33,,49.25839570001699,0.8313253012048193,0.8313253012048193
reg3,reg3_m60_s0,es_single,0,265,13260,1.254704962848801,69.0,69.0,0.10774068180517385,0.00022414620201904878,20,33,,49.82092800003011,0.8313253012048193,0.8313253012048193
reg3,reg3_m60_s0,es_single,0,270,13510,1.2564561656323483,69.0,69.0,0.11128395731697718,0.0002241462020191043,20,34,,50.36898369999835,0.8313253012048193,0.8313253012048193
reg3,reg3_m60_s0,es_single,0,275,13760,1.2564561656323483,69.0,69.0,0.11128395731697718,0.0002241462020191043,20,34,,50.92793529998744,0.8313253012048193,0.8313253012048193
reg3,reg3_m60_s0,es_single,0,280,14010,1.2564561656323483,69.0,69.0,0.11128395731697718,0.0002241462020191043,20,34,,51.4369554000441,0.8313253012048193,0.8313253012048193
reg3,reg3_m60_s0,es_single,0,285,14260,1.2564561656323483,69.0,69.0,0.1112839573169773,0.00022414620201900715,20,35,,51.929944700037595,0.8313253012048193,0.8313253012048193
reg3,reg3_m60_s0,es_single,0,290,14510,1.2564561656323483,69.0,69.0,0.11128395731697734,0.00022414620201906266,20,35,,52.49571530002868,0.8313253012048193,0.8313253012048193
reg3,reg3_m60_s0,es_single,0,295,14760,1.2579483922243317,69.0,69.0,0.12095881101519163,0.0010238617605922568,20,35,,52.97924090002198,0.8313253012048193,0.8313253012048193
reg3,reg3_m60_s0,es_single,0,300,15010,1.2579483922243317,69.0,69.0,0.1209588110151916,0.0010238617605922568,20,35,,53.85936150001362,0.8313253012048193,0.8313253012048193
reg3,reg3_m60_s0,es_single,0,305,15260,1.2579483922243317,69.0,69.0,0.12095881101519165,0.001023861760592118,20,36,,54.72234540001955,0.8313253012048193,0.8313253012048193
reg3,reg3_m60_s0,es_single,0,310,15510,1.2579483922243317,69.0,69.0,0.12095881101519165,0.0010238617605921319,20,34,,55.66922380001051,0.8313253012048193,0.8313253012048193
reg3,reg3_m60_s0,es_single,0,315,15760,1.2579483922243317,69.0,69.0,0.1209588110151916,0.0010238617605921874,20,34,,56.57430110004498,0.8313253012048193,0.8313253012048193
reg3,reg3_m60_s0,es_single,0,320,16010,1.2579483922243317,69.0,69.0,0.12095881101519156,0.0010238617605922012,20,37,,57.375503999996,0.8313253012048193,0.8313253012048193
reg3,reg3_m60_s0,es_single,0,325,16260,1.2579483922243317,69.0,69.0,0.12095881101519165,0.001023861760592118,20,36,,58.02208520000568,0.8313253012048193,0.8313253012048193
reg3,reg3_m60_s0,es_single,0,330,16510,1.2579483922243317,69.0,69.0,0.12095881101519164,0.0010238617605921457,20,35,,58.68835539999418,0.8313253012048193,0.8313253012048193
reg3,reg3_m60_s0,es_single,0,335,16760,1.2579483922243317,69.0,69.0,0.12095881101519165,0.0010238617605920902,20,36,,59.43644590000622,0.8313253012048193,0.8313253012048193
reg3,reg3_m60_s0,es_single,0,340,17010,1.2579483922243317,69.0,69.0,0.1209588110151916,0.0010238617605921874,20,34,,60.19532140000956,0.8313253012048193,0.8313253012048193
reg3,reg3_m60_s0,es_single,0,345,17260,1.2579483922243317,69.0,69.0,0.12095881101519154,0.0010238617605921596,20,36,,60.8548398000421,0.8313253012048193,0.8313253012048193
reg3,reg3_m60_s0,es_single,0,350,17510,1.2579483922243317,69.0,69.0,0.12095881101519164,0.0010238617605921457,20,35,,61.526882000034675,0.8313253012048193,0.8313253012048193
reg3,reg3_m60_s0,es_single,0,355,17760,1.2579483922243317,69.0,69.0,0.12095881101519164,0.001023861760592118,20,37,,62.13200530002359,0.8313253012048193,0.8313253012048193
reg3,reg3_m60_s0,es_single,0,360,18010,1.2579483922243317,69.0,69.0,0.12095881101519157,0.0010238617605921735,20,36,,63.15563160000602,0.8313253012048193,0.8313253012048193
reg3,reg3_m60_s0,es_single,0,365,18260,1.2579483922243317,69.0,69.0,0.12095881101519156,0.0010238617605921596,20,36,,64.15722390002338,0.8313253012048193,0.8313253012048193
reg3,reg3_m60_s0,es_single,0,370,18510,1.2579483922243317,69.0,69.0,0.12095881101519154,0.0010238617605921319,20,35,,65.2003300000215,0.8313253012048193,0.8313253012048193
reg3,reg3_m60_s0,es_single,0,375,18760,1.2579483922243317,69.0,69.0,0.1209588110151916,0.0010238617605921735,20,37,,66.19694960000925,0.8313253012048193,0.8313253012048193
reg3,reg3_m60_s0,es_single,0,380,19010,1.2579483922243317,69.0,69.0,0.12095881101519165,0.0010238617605920763,20,34,,67.16250900004525,0.8313253012048193,0.8313253012048193
reg3,reg3_m60_s0,es_single,0,385,19260,1.2579483922243317,69.0,69.0,0.12095881101519165,0.001023861760592118,20,36,,68.2407068000175,0.8313253012048193,0.8313253012048193
reg3,reg3_m60_s0,es_single,0,390,19510,1.2579483922243317,69.0,69.0,0.12095881101519154,0.0010238617605921319,20,35,,69.34188260004157,0.8313253012048193,0.8313253012048193
reg3,reg3_m60_s0,es_single,0,395,19760,1.2579483922243317,69.0,69.0,0.12095881101519163,0.0010238617605921874,20,36,,70.45638720004354,0.8313253012048193,0.8313253012048193
reg3,reg3_m60_s0,es_single,0,400,20010,1.2579483922243317,69.0,69.0,0.1209588110151916,0.0010238617605920763,20,37,,71.50865510001313,0.8313253012048193,0.8313253012048193
reg3,reg3_m60_s0,es_single,1,0,10,0.736444777344415,44.0,46.3,0.07304383663338695,0.00098649445651193,20,35,,0.04245430004084483,0.5301204819277109,0.5578313253012048
reg3,reg3_m60_s0,es_single,1,5,260,1.0720531212935083,59.0,59.2,0.10083881992134329,0.0016349359691489526,20,33,,1.1296126000233926,0.7108433734939759,0.7132530120481928
reg3,reg3_m60_s0,es_single,1,10,510,1.1054744151097988,61.0,60.5,0.09155542501646288,0.0004991719384584495,20,33,,2.2074229000136256,0.7349397590361446,0.7289156626506024
reg3,reg3_m60_s0,es_single,1,15,760,1.1446354823062441,62.0,61.8,0.11048673765181147,0.0013172386214059528,20,33,,3.215600300056394,0.7469879518072289,0.744578313253012
reg3,reg3_m60_s0,es_single,1,20,1010,1.1710167365409312,64.0,62.6,0.08270886784734466,0.0015103290890137629,20,33,,4.486294500005897,0.7710843373493976,0.7542168674698795
reg3,reg3_m60_s0,es_single,1,25,1260,1.2504696497815033,67.0,65.7,0.11951623031581232,0.00031391792382488154,20,34,,5.504971400019713,0.8072289156626506,0.791566265060241
reg3,reg3_m60_s0,es_single,1,30,1510,1.277798697470323,68.0,67.3,0.11037147107551662,0.00023837451927566453,20,33,,6.5304467000532895,0.8192771084337349,0.8108433734939758
reg3,reg3_m60_s0,es_single,1,35,1760,1.2887931709575176,69.0,68.3,0.10432379792194135,0.0003778670883308917,20,34,,7.44427950005047,0.8313253012048193,0.8228915662650602
reg3,reg3_m60_s0,es_single,1,40,2010,1.292554765550225,69.0,68.8,0.08296948336274636,0.00023013194456250954,20,32,,8.329533600015566,0.8313253012048193,0.8289156626506023
reg3,reg3_m60_s0,es_single,1,45,2260,1.2996995269687723,69.0,69.0,0.10612294452240797,0.0012609963602921498,20,35,,9.258815000008326,0.8313253012048193,0.8313253012048193
reg3,reg3_m60_s0,es_single,1,50,2510,1.2996995269687723,69.0,69.0,0.10612294452240797,0.0012609963602921498,20,35,,10.342214400006924,0.8313253012048193,0.8313253012048193
reg3,reg3_m60_s0,es_single,1,55,2760,1.2996995269687723,69.0,69.0,0.10612294452240797,0.0012609963602921498,20,35,,11.219786100031342,0.8313253012048193,0.8313253012048193
reg3,reg3_m60_s0,es_single,1,60,3010,1.304415239442947,69.0,69.0,0.12790287136822068,0.002691250822597871,20,35,,12.176852700009476,0.8313253012048193,0.8313253012048193
reg3,reg3_m60_s0,es_single,1,65,3260,1.317345726009153,70.0,69.1,0.11148344029869167,0.001754074662377366,20,35,,13.131563000031747,0.8433734939759037,0.8325301204819276
reg3,reg3_m60_s0,es_single,1,70,3510,1.3195395431360022,71.0,69.9,0.09611005788352382,0.0020016398439034154,20,34,,14.054068100056611,0.8554216867469879,0.8421686746987952
reg3,reg3_m60_s0,es_single,1,75,3760,1.3278750793469494,71.0,70.8,0.10786795150783579,0.0008439888971381662,20,34,,14.904635000042617,0.8554216867469879,0.8530120481927711
reg3,reg3_m60_s0,es_single,1,80,4010,1.329765747957249,71.0,71.0,0.11514367371881952,0.002340611343057214,20,33,,15.822941400052514,0.8554216867469879,0.8554216867469879
reg3,reg3_m60_s0,es_single,1,85,4260,1.329765747957249,71.0,71.0,0.11514367371881952,0.002340611343057214,20,33,,16.68635880004149,0.8554216867469879,0.8554216867469879
reg3,reg3_m60_s0,es_single,1,90,4510,1.3311316820319032,71.0,71.0,0.09987384247072725,0.0013208418799909487,20,35,,17.741467700048815,0.8554216867469879,0.8554216867469879
reg3,reg3_m60_s0,es_single,1,95,4760,1.3375413059780847,71.0,71.0,0.1374941912521399,0.0017240779572508698,20,35,,18.63150640000822,0.8554216867469879,0.8554216867469879
reg3,reg3_m60_s0,es_single,1,100,5010,1.3375413059780847,71.0,71.0,0.1374941912521399,0.0017240779572508698,20,35,,19.623661100049503,0.8554216867469879,0.8554216867469879
reg3,reg3_m60_s0,es_single,1,105,5260,1.338473146280624,71.0,71.0,0.11343884057957768,0.0025499563412727314,20,36,,20.670888900000136,0.8554216867469879,0.8554216867469879
reg3,reg3_m60_s0,es_single,1,110,5510,1.3389814711612538,71.0,71.0,0.13749419125213988,0.0017240779572508698,20,34,,21.59802740003215,0.8554216867469879,0.8554216867469879
reg3,reg3_m60_s0,es_single,1,115,5760,1.339009521639184,71.0,71.0,0.13697165037654668,0.001670702014709053,20,34,,22.525810500024818,0.8554216867469879,0.8554216867469879
reg3,reg3_m60_s0,es_single,1,120,6010,1.3442537846527245,71.0,71.0,0.1279933317522658,0.0004249823667866245,20,37,,23.469449700030964,0.8554216867469879,0.8554216867469879
reg3,reg3_m60_s0,es_single,1,125,6260,1.3442537846527245,71.0,71.0,0.1279933317522658,0.0004249823667866245,20,37,,24.404524600016885,0.8554216867469879,0.8554216867469879
reg3,reg3_m60_s0,es_single,1,130,6510,1.3465990519827002,71.0,71.0,0.12577685459146137,0.0009190343665974668,20,37,,25.119767000025604,0.8554216867469879,0.8554216867469879
reg3,reg3_m60_s0,es_single,1,135,6760,1.358969872538955,71.0,71.0,0.1350292744502956,0.001097760643168173,20,37,,25.723614000016823,0.8554216867469879,0.8554216867469879
reg3,reg3_m60_s0,es_single,1,140,7010,1.358969872538955,71.0,71.0,0.1350292744502956,0.001097760643168173,20,37,,26.275913300050888,0.8554216867469879,0.8554216867469879
reg3,reg3_m60_s0,es_single,1,145,7260,1.3599820741092297,71.0,71.0,0.1352720925222692,0.00010321029458702433,20,37,,26.75227590004215,0.8554216867469879,0.8554216867469879
reg3,reg3_m60_s0,es_single,1,150,7510,1.3599820741092297,71.0,71.0,0.1352720925222692,0.00010321029458702433,20,37,,27.215630700055044,0.8554216867469879,0.8554216867469879
reg3,reg3_m60_s0,es_single,1,155,7760,1.3599820741092297,71.0,71.0,0.1352720925222692,0.00010321029458702433,20,37,,28.070337100012694,0.8554216867469879,0.8554216867469879
reg3,reg3_m60_s0,es_single,1,160,8010,1.360138033203699,71.0,71.0,0.13606529234936415,0.0008943598743958994,20,38,,29.051329500041902,0.8554216867469879,0.8554216867469879
reg3,reg3_m60_s0,es_single,1,165,8260,1.3605708247744608,71.0,71.0,0.1501996209541579,0.0010292719122640013,20,38,,29.932528000033926,0.8554216867469879,0.8554216867469879
reg3,reg3_m60_s0,es_single,1,170,8510,1.3605708247744608,71.0,71.0,0.1501996209541579,0.0010292719122640013,20,38,,30.817436000041198,0.8554216867469879,0.8554216867469879
reg3,reg3_m60_s0,es_single,1,175,8760,1.3605708247744608,71.0,71.0,0.1501996209541579,0.0010292719122640013,20,38,,31.72094680002192,0.8554216867469879,0.8554216867469879
reg3,reg3_m60_s0,es_single,1,180,9010,1.3608485681029951,71.0,71.0,0.14108602291110173,0.0005045255185113524,20,37,,32.639224800048396,0.8554216867469879,0.8554216867469879
reg3,reg3_m60_s0,es_single,1,185,9260,1.3608485681029951,71.0,71.0,0.14108602291110167,0.0005045255185113662,20,36,,33.56325620005373,0.8554216867469879,0.8554216867469879
reg3,reg3_m60_s0,es_single,1,190,9510,1.3608485681029951,71.0,71.0,0.14108602291110167,0.0005045255185113662,20,36,,34.47628340002848,0.8554216867469879,0.8554216867469879
reg3,reg3_m60_s0,es_single,1,195,9760,1.3608485681029951,71.0,71.0,0.14108602291110164,0.0005045255185113021,20,38,,35.488035100046545,0.8554216867469879,0.8554216867469879
reg3,reg3_m60_s0,es_single,1,200,10010,1.3608485681029951,71.0,71.0,0.14108602291110167,0.0005045255185113662,20,36,,36.48320590000367,0.8554216867469879,0.8554216867469879
reg3,reg3_m60_s0,es_single,1,205,10260,1.3608485681029951,71.0,71.0,0.14108602291110167,0.0005045255185113662,20,36,,37.54033370001707,0.8554216867469879,0.8554216867469879
reg3,reg3_m60_s0,es_single,1,210,10510,1.3608485681029951,71.0,71.0,0.1410860229111017,0.0005045255185112639,20,38,,38.60366580000846,0.8554216867469879,0.8554216867469879
reg3,reg3_m60_s0,es_single,1,215,10760,1.3608485681029954,71.0,71.0,0.14108602291110167,0.0005045255185113437,20,37,,39.51925780001329,0.8554216867469879,0.8554216867469879
reg3,reg3_m60_s0,es_single,1,220,11010,1.3608485681029954,71.0,71.0,0.14108602291110167,0.0005045255185113437,20,37,,40.499038800015114,0.8554216867469879,0.8554216867469879
reg3,reg3_m60_s0,es_single,1,225,11260,1.3608485681029954,71.0,71.0,0.14108602291110167,0.0005045255185113437,20,37,,41.58204840001417,0.8554216867469879,0.8554216867469879
reg3,reg3_m60_s0,es_single,1,230,11510,1.3608485681029954,71.0,71.0,0.14108602291110167,0.0005045255185113437,20,37,,42.533662000030745,0.8554216867469879,0.8554216867469879
reg3,reg3_m60_s0,es_single,1,235,11760,1.3608485681029954,71.0,71.0,0.14108602291110162,0.0005045255185112361,20,38,,43.46630760002881,0.8554216867469879,0.8554216867469879
reg3,reg3_m60_s0,es_single,1,240,12010,1.3608485681029954,71.0,71.0,0.14108602291110167,0.0005045255185113662,20,37,,44.48842060001334,0.8554216867469879,0.8554216867469879
reg3,reg3_m60_s0,es_single,1,245,12260,1.3608485681029954,71.0,71.0,0.14108602291110162,0.0005045255185112361,20,38,,45.401371200045105,0.8554216867469879,0.8554216867469879
reg3,reg3_m60_s0,es_single,1,250,12510,1.3608485681029954,71.0,71.0,0.14108602291110167,0.0005045255185113662,20,37,,46.32647310005268,0.8554216867469879,0.8554216867469879
reg3,reg3_m60_s0,es_single,1,255,12760,1.3608485681029954,71.0,71.0,0.14108602291110167,0.0005045255185113662,20,37,,47.21748310001567,0.8554216867469879,0.8554216867469879
reg3,reg3_m60_s0,es_single,1,260,13010,1.3608485681029954,71.0,71.0,0.14108602291110167,0.0005045255185113662,20,37,,48.081610100052785,0.8554216867469879,0.8554216867469879
reg3,reg3_m60_s0,es_single,1,265,13260,1.3608485681029954,71.0,71.0,0.14108602291110173,0.0005045255185113715,20,36,,49.019825600029435,0.8554216867469879,0.8554216867469879
reg3,reg3_m60_s0,es_single,1,270,13510,1.3608485681029954,71.0,71.0,0.14108602291110173,0.0005045255185113715,20,36,,49.99504710000474,0.8554216867469879,0.8554216867469879
reg3,reg3_m60_s0,es_single,1,275,13760,1.3608485681029954,71.0,71.0,0.14108602291110173,0.0005045255185113715,20,36,,50.93509140005335,0.8554216867469879,0.8554216867469879
reg3,reg3_m60_s0,es_single,1,280,14010,1.3608485681029954,71.0,71.0,0.14108602291110173,0.0005045255185113715,20,36,,51.85418580000987,0.8554216867469879,0.8554216867469879
reg3,reg3_m60_s0,es_single,1,285,14260,1.3608485681029954,71.0,71.0,0.14108602291110162,0.0005045255185112361,20,38,,52.80489930004114,0.8554216867469879,0.8554216867469879
reg3,reg3_m60_s0,es_single,1,290,14510,1.3608485681029954,71.0,71.0,0.14108602291110167,0.0005045255185113437,20,37,,53.639080100052524,0.8554216867469879,0.8554216867469879
reg3,reg3_m60_s0,es_single,1,295,14760,1.3608485681029954,71.0,71.0,0.14108602291110164,0.0005045255185114166,20,37,,54.63160700001754,0.8554216867469879,0.8554216867469879
reg3,reg3_m60_s0,es_single,1,300,15010,1.3608485681029954,71.0,71.0,0.14108602291110167,0.0005045255185113662,20,37,,55.63056870002765,0.8554216867469879,0.8554216867469879
reg3,reg3_m60_s0,es_single,1,305,15260,1.3608485681029954,71.0,71.0,0.14108602291110173,0.0005045255185113715,20,36,,56.57617100002244,0.8554216867469879,0.8554216867469879
reg3,reg3_m60_s0,es_single,1,310,15510,1.3608485681029954,71.0,71.0,0.14108602291110173,0.0005045255185113715,20,36,,57.51311680005165,0.8554216867469879,0.8554216867469879
reg3,reg3_m60_s0,es_single,1,315,15760,1.3608485681029954,71.0,71.0,0.14108602291110164,0.0005045255185114166,20,37,,58.43444040004397,0.8554216867469879,0.8554216867469879
reg3,reg3_m60_s0,es_single,1,320,16010,1.3608485681029954,71.0,71.0,0.14108602291110167,0.0005045255185113662,20,37,,59.46425030002138,0.8554216867469879,0.8554216867469879
reg3,reg3_m60_s0,es_single,1,325,16260,1.3608485681029954,71.0,71.0,0.14108602291110167,0.0005045255185113662,20,37,,60.44329140003538,0.8554216867469879,0.8554216867469879
reg3,reg3_m60_s0,es_single,1,330,16510,1.3608485681029954,71.0,71.0,0.14108602291110173,0.0005045255185113715,20,36,,61.3838456000085,0.8554216867469879,0.8554216867469879
reg3,reg3_m60_s0,es_single,1,335,16760,1.3608485681029954,71.0,71.0,0.14108602291110164,0.0005045255185114166,20,37,,62.358041600033175,0.8554216867469879,0.8554216867469879
reg3,reg3_m60_s0,es_single,1,340,17010,1.3608485681029954,71.0,71.0,0.14108602291110167,0.0005045255185113662,20,37,,63.36066150001716,0.8554216867469879,0.8554216867469879
reg3,reg3_m60_s0,es_single,1,345,17260,1.3608485681029954,71.0,71.0,0.14108602291110173,0.0005045255185113715,20,36,,64.4395776000456,0.8554216867469879,0.8554216867469879
reg3,reg3_m60_s0,es_single,1,350,17510,1.3608485681029954,71.0,71.0,0.14108602291110173,0.0005045255185113715,20,36,,65.42696510005044,0.8554216867469879,0.8554216867469879
reg3,reg3_m60_s0,es_single,1,355,17760,1.3608485681029954,71.0,71.0,0.14108602291110164,0.0005045255185114166,20,37,,66.72407830000157,0.8554216867469879,0.8554216867469879
reg3,reg3_m60_s0,es_single,1,360,18010,1.3608485681029954,71.0,71.0,0.14108602291110167,0.0005045255185113662,20,37,,67.78204240003834,0.8554216867469879,0.8554216867469879
reg3,reg3_m60_s0,es_single,1,365,18260,1.3608485681029954,71.0,71.0,0.14108602291110167,0.0005045255185113662,20,37,,68.83358980005141,0.8554216867469879,0.8554216867469879
reg3,reg3_m60_s0,es_single,1,370,18510,1.3608485681029954,71.0,71.0,0.14108602291110173,0.0005045255185113715,20,36,,69.74853910005186,0.8554216867469879,0.8554216867469879
reg3,reg3_m60_s0,es_single,1,375,18760,1.3608485681029954,71.0,71.0,0.14108602291110164,0.0005045255185114166,20,37,,70.75518890004605,0.8554216867469879,0.8554216867469879
reg3,reg3_m60_s0,es_single,1,380,19010,1.3608485681029954,71.0,71.0,0.14108602291110173,0.0005045255185113715,20,36,,71.74269090004964,0.8554216867469879,0.8554216867469879
reg3,reg3_m60_s0,es_single,1,385,19260,1.3608485681029954,71.0,71.0,0.14108602291110167,0.0005045255185113662,20,37,,72.76347250002436,0.8554216867469879,0.8554216867469879
reg3,reg3_m60_s0,es_single,1,390,19510,1.3608485681029954,71.0,71.0,0.14108602291110173,0.0005045255185113715,20,36,,73.7651179000386,0.8554216867469879,0.8554216867469879
reg3,reg3_m60_s0,es_single,1,395,19760,1.3608485681029954,71.0,71.0,0.14108602291110164,0.0005045255185114166,20,37,,74.76265850005439,0.8554216867469879,0.8554216867469879
reg3,reg3_m60_s0,es_single,1,400,20010,1.3608485681029954,71.0,71.0,0.14108602291110167,0.0005045255185113662,20,37,,75.87778500001878,0.8554216867469879,0.8554216867469879
reg3,reg3_m60_s0,es_single,2,0,10,0.6212453794867391,38.0,44.9,0.03190252217659621,0.0017974010528312402,20,35,,0.04790460004005581,0.4578313253012048,0.5409638554216867
reg3,reg3_m60_s0,es_single,2,5,260,1.0194364948279826,60.0,56.8,0.059075500710460076,0.002704667135535064,20,39,,1.0077814000542276,0.7228915662650602,0.6843373493975903
reg3,reg3_m60_s0,es_single,2,10,510,1.0194364948279826,60.0,58.2,0.059075500710460076,0.002704667135535064,20,39,,1.9746081000193954,0.7228915662650602,0.7012048192771084
reg3,reg3_m60_s0,es_single,2,15,760,1.0444198758046048,59.0,59.4,0.08522647909549115,0.00042085945155189916,20,40,,2.9451306000119075,0.7108433734939759,0.7156626506024096
reg3,reg3_m60_s0,es_single,2,20,1010,1.099980958673686,62.0,60.3,0.0882843526650702,0.003847164579867139,20,41,,3.96089570003096,0.7469879518072289,0.7265060240963855
reg3,reg3_m60_s0,es_single,2,25,1260,1.1504851979907738,65.0,62.4,0.07021048769931607,0.00019884304882383623,20,38,,4.885691900039092,0.7831325301204819,0.7518072289156627
reg3,reg3_m60_s0,es_single,2,30,1510,1.1715537535721887,66.0,64.5,0.06968462317239386,0.0004754156399626938,20,37,,5.8493521000491455,0.7951807228915663,0.7771084337349398
reg3,reg3_m60_s0,es_single,2,35,1760,1.1715537535721887,66.0,65.1,0.06968462317239386,0.0004754156399626938,20,37,,6.941172600025311,0.7951807228915663,0.7843373493975903
reg3,reg3_m60_s0,es_single,2,40,2010,1.181424454852245,67.0,65.3,0.07194705216766982,0.0006407339383370306,20,37,,7.912365200056229,0.8072289156626506,0.7867469879518072
reg3,reg3_m60_s0,es_single,2,45,2260,1.1814589894913594,66.0,65.5,0.07176520628025712,0.0006964808372636466,20,36,,8.880817400000524,0.7951807228915663,0.7891566265060241
reg3,reg3_m60_s0,es_single,2,50,2510,1.1964539010359967,66.0,66.1,0.08072734577836127,0.00023345879659303695,20,37,,9.890193400031421,0.7951807228915663,0.7963855421686746
reg3,reg3_m60_s0,es_single,2,55,2760,1.1978746537006777,66.0,66.0,0.07982219868231157,0.0007005504801521345,20,38,,10.857368100027088,0.7951807228915663,0.7951807228915663
reg3,reg3_m60_s0,es_single,2,60,3010,1.1978746537006777,66.0,66.0,0.07982219868231157,0.0007005504801521345,20,38,,11.829324700054713,0.7951807228915663,0.7951807228915663
reg3,reg3_m60_s0,es_single,2,65,3260,1.2167325285142012,67.0,66.1,0.0898164709979549,0.0015297436485657429,20,36,,12.7976561000105,0.8072289156626506,0.7963855421686746
reg3,reg3_m60_s0,es_single,2,70,3510,1.2167325285142012,67.0,66.1,0.0898164709979549,0.0015297436485657429,20,36,,13.795874200004619,0.8072289156626506,0.7963855421686746
reg3,reg3_m60_s0,es_single,2,75,3760,1.2167325285142012,67.0,66.4,0.0898164709979549,0.0015297436485657429,20,36,,14.83035360003123,0.8072289156626506,0.8
reg3,reg3_m60_s0,es_single,2,80,4010,1.2167325285142012,67.0,66.7,0.0898164709979549,0.0015297436485657429,20,36,,15.839506500051357,0.8072289156626506,0.8036144578313253
reg3,reg3_m60_s0,es_single,2,85,4260,1.228321770021985,68.0,67.1,0.07901103391866594,6.561552064502513e-05,20,37,,16.89601860003313,0.8192771084337349,0.808433734939759
reg3,reg3_m60_s0,es_single,2,90,4510,1.229489602377256,67.0,67.1,0.10474517217340154,0.001971513711482159,20,37,,18.077692400023807,0.8072289156626506,0.808433734939759
reg3,reg3_m60_s0,es_single,2,95,4760,1.229489602377256,67.0,67.1,0.10474517217340147,0.001971513711482015,20,36,,19.230851000000257,0.8072289156626506,0.808433734939759
reg3,reg3_m60_s0,es_single,2,100,5010,1.229489602377256,67.0,67.4,0.10474517217340146,0.0019715137114821903,20,36,,20.16262210003333,0.8072289156626506,0.8120481927710844
reg3,reg3_m60_s0,es_single,2,105,5260,1.229489602377256,67.0,67.3,0.10474517217340146,0.0019715137114821087,20,37,,21.17751980002504,0.8072289156626506,0.8108433734939758
reg3,reg3_m60_s0,es_single,2,110,5510,1.229489602377256,67.0,67.0,0.10474517217340151,0.0019715137114822458,20,36,,22.17968640004983,0.8072289156626506,0.8072289156626506
reg3,reg3_m60_s0,es_single,2,115,5760,1.229489602377256,67.0,67.0,0.10474517217340146,0.0019715137114820393,20,37,,23.27088290004758,0.8072289156626506,0.8072289156626506
reg3,reg3_m60_s0,es_single,2,120,6010,1.230423937335509,67.0,67.0,0.09435050007814538,0.0033622376625317835,20,36,,24.14965850004228,0.8072289156626506,0.8072289156626506
reg3,reg3_m60_s0,es_single,2,125,6260,1.2308608873960674,67.0,67.0,0.09835767510495894,0.01220160629846252,20,36,,25.171357600018382,0.8072289156626506,0.8072289156626506
reg3,reg3_m60_s0,es_single,2,130,6510,1.2308608873960674,67.0,67.0,0.09835767510495894,0.01220160629846252,20,36,,26.254816800006665,0.8072289156626506,0.8072289156626506
reg3,reg3_m60_s0,es_single,2,135,6760,1.2496904619687275,68.0,67.2,0.10420317498305681,0.002991108172246966,20,35,,27.216536700027063,0.8192771084337349,0.8096385542168675
reg3,reg3_m60_s0,es_single,2,140,7010,1.2496904619687275,68.0,67.2,0.10420317498305681,0.002991108172246966,20,35,,28.29977390001295,0.8192771084337349,0.8096385542168675
reg3,reg3_m60_s0,es_single,2,145,7260,1.2496904619687275,68.0,67.2,0.10420317498305681,0.002991108172246966,20,35,,29.477806200040504,0.8192771084337349,0.8096385542168675
reg3,reg3_m60_s0,es_single,2,150,7510,1.2496904619687275,68.0,67.4,0.10420317498305691,0.002991108172247202,20,36,,30.576853700040374,0.8192771084337349,0.8120481927710844
reg3,reg3_m60_s0,es_single,2,155,7760,1.2496904619687275,68.0,67.7,0.10420317498305681,0.002991108172246966,20,35,,31.548049700038973,0.8192771084337349,0.8156626506024097
reg3,reg3_m60_s0,es_single,2,160,8010,1.2496904619687275,68.0,68.0,0.10420317498305692,0.002991108172247084,20,36,,32.591761100047734,0.8192771084337349,0.8192771084337349
reg3,reg3_m60_s0,es_single,2,165,8260,1.2496904619687275,68.0,68.0,0.10420317498305694,0.0029911081722470787,20,36,,33.57634820003295,0.8192771084337349,0.8192771084337349
reg3,reg3_m60_s0,es_single,2,170,8510,1.2496904619687275,68.0,68.0,0.10420317498305695,0.002991108172247006,20,37,,34.58170690003317,0.8192771084337349,0.8192771084337349
reg3,reg3_m60_s0,es_single,2,175,8760,1.2496904619687275,68.0,68.0,0.10420317498305691,0.002991108172247202,20,36,,35.54207429999951,0.8192771084337349,0.8192771084337349
reg3,reg3_m60_s0,es_single,2,180,9010,1.2496904619687275,68.0,68.0,0.1042031749830568,0.0029911081722470614,20,37,,36.515562700049486,0.8192771084337349,0.8192771084337349
reg3,reg3_m60_s0,es_single,2,185,9260,1.2496904619687275,68.0,68.0,0.1042031749830569,0.0029911081722470874,20,36,,37.581679000053555,0.8192771084337349,0.8192771084337349
reg3,reg3_m60_s0,es_single,2,190,9510,1.2496904619687275,68.0,68.0,0.10420317498305677,0.0029911081722470024,20,37,,38.581700000038836,0.8192771084337349,0.8192771084337349
reg3,reg3_m60_s0,es_single,2,195,9760,1.2496904619687275,68.0,68.0,0.10420317498305695,0.002991108172246999,20,37,,39.62994440004695,0.8192771084337349,0.8192771084337349
reg3,reg3_m60_s0,es_single,2,200,10010,1.2496904619687275,68.0,68.0,0.1042031749830568,0.0029911081722470614,20,37,,40.593880700005684,0.8192771084337349,0.8192771084337349
reg3,reg3_m60_s0,es_single,2,205,10260,1.2496904619687275,68.0,68.0,0.10420317498305684,0.002991108172247039,20,35,,41.601040000037756,0.8192771084337349,0.8192771084337349
reg3,reg3_m60_s0,es_single,2,210,10510,1.2496904619687275,68.0,68.0,0.10420317498305677,0.0029911081722470024,20,37,,42.61041020002449,0.8192771084337349,0.8192771084337349
reg3,reg3_m60_s0,es_single,2,215,10760,1.2496904619687275,68.0,68.0,0.10420317498305694,0.00299110817224711,20,35,,43.506216800014954,0.8192771084337349,0.8192771084337349
reg3,reg3_m60_s0,es_single,2,220,11010,1.2496904619687275,68.0,68.0,0.10420317498305694,0.0029911081722470752,20,36,,44.52624190005008,0.8192771084337349,0.8192771084337349
reg3,reg3_m60_s0,es_single,2,225,11260,1.2496904619687275,68.0,68.0,0.10420317498305696,0.0029911081722470215,20,36,,45.53841080004349,0.8192771084337349,0.8192771084337349
reg3,reg3_m60_s0,es_single,2,230,11510,1.2496904619687275,68.0,68.0,0.10420317498305684,0.00299110817224707,20,36,,46.46820010000374,0.8192771084337349,0.8192771084337349
reg3,reg3_m60_s0,es_single,2,235,11760,1.2496904619687275,68.0,68.0,0.10420317498305683,0.0029911081722470197,20,37,,47.38130360003561,0.8192771084337349,0.8192771084337349
reg3,reg3_m60_s0,es_single,2,240,12010,1.2496904619687275,68.0,68.0,0.10420317498305692,0.002991108172247084,20,36,,48.39457410003524,0.8192771084337349,0.8192771084337349
reg3,reg3_m60_s0,es_single,2,245,12260,1.2496904619687275,68.0,68.0,0.10420317498305691,0.0029911081722471602,20,36,,49.4565834000241,0.8192771084337349,0.8192771084337349
reg3,reg3_m60_s0,es_single,2,250,12510,1.2496904619687275,68.0,68.0,0.10420317498305695,0.002991108172247006,20,37,,50.5097835000488,0.8192771084337349,0.8192771084337349
reg3,reg3_m60_s0,es_single,2,255,12760,1.2496904619687275,68.0,68.0,0.10420317498305692,0.002991108172247051,20,37,,51.591167900012806,0.8192771084337349,0.8192771084337349
reg3,reg3_m60_s0,es_single,2,260,13010,1.2496904619687275,68.0,68.0,0.10420317498305695,0.002991108172246999,20,37,,52.5474763000384,0.8192771084337349,0.8192771084337349
reg3,reg3_m60_s0,es_single,2,265,13260,1.2496904619687275,68.0,68.0,0.10420317498305684,0.002991108172247155,20,37,,53.59550220001256,0.8192771084337349,0.8192771084337349
reg3,reg3_m60_s0,es_single,2,270,13510,1.2496904619687275,68.0,68.0,0.10420317498305698,0.002991108172247065,20,37,,54.57837460003793,0.8192771084337349,0.8192771084337349
reg3,reg3_m60_s0,es_single,2,275,13760,1.2496904619687275,68.0,68.0,0.10420317498305687,0.002991108172247065,20,36,,55.492600800003856,0.8192771084337349,0.8192771084337349
reg3,reg3_m60_s0,es_single,2,280,14010,1.2496904619687275,68.0,68.0,0.10420317498305683,0.0029911081722470197,20,37,,56.45788739999989,0.8192771084337349,0.8192771084337349
reg3,reg3_m60_s0,es_single,2,285,14260,1.2496904619687275,68.0,68.0,0.10420317498305695,0.002991108172246999,20,37,,57.94811670004856,0.8192771084337349,0.8192771084337349
reg3,reg3_m60_s0,es_single,2,290,14510,1.2496904619687275,68.0,68.0,0.10420317498305691,0.0029911081722470787,20,37,,58.99250300001586,0.8192771084337349,0.8192771084337349
reg3,reg3_m60_s0,es_single,2,295,14760,1.2496904619687275,68.0,68.0,0.10420317498305681,0.002991108172246973,20,37,,60.054629100020975,0.8192771084337349,0.8192771084337349
reg3,reg3_m60_s0,es_single,2,300,15010,1.2496904619687275,68.0,68.0,0.10420317498305687,0.0029911081722470267,20,36,,60.96146110002883,0.8192771084337349,0.8192771084337349
reg3,reg3_m60_s0,es_single,2,305,15260,1.2496904619687275,68.0,68.0,0.10420317498305696,0.0029911081722470215,20,36,,61.984451200056355,0.8192771084337349,0.8192771084337349
reg3,reg3_m60_s0,es_single,2,310,15510,1.2496904619687275,68.0,68.0,0.10420317498305683,0.0029911081722470197,20,37,,62.95677160000196,0.8192771084337349,0.8192771084337349
reg3,reg3_m60_s0,es_single,2,315,15760,1.2496904619687275,68.0,68.0,0.10420317498305681,0.002991108172246966,20,35,,63.830887700023595,0.8192771084337349,0.8192771084337349
reg3,reg3_m60_s0,es_single,2,320,16010,1.2496904619687275,68.0,68.0,0.10420317498305687,0.002991108172247065,20,36,,64.76062660000753,0.8192771084337349,0.8192771084337349
reg3,reg3_m60_s0,es_single,2,325,16260,1.2496904619687275,68.0,68.0,0.10420317498305681,0.002991108172246966,20,35,,65.7802767000394,0.8192771084337349,0.8192771084337349
reg3,reg3_m60_s0,es_single,2,330,16510,1.2496904619687275,68.0,68.0,0.10420317498305687,0.0029911081722470267,20,36,,66.62455290002981,0.8192771084337349,0.8192771084337349
reg3,reg3_m60_s0,es_single,2,335,16760,1.2496904619687275,68.0,68.0,0.10420317498305694,0.00299110817224711,20,35,,67.66553540003952,0.8192771084337349,0.8192771084337349
reg3,reg3_m60_s0,es_single,2,340,17010,1.2496904619687275,68.0,68.0,0.10420317498305683,0.0029911081722470197,20,37,,68.63927330001025,0.8192771084337349,0.8192771084337349
reg3,reg3_m60_s0,es_single,2,345,17260,1.2496904619687275,68.0,68.0,0.10420317498305687,0.0029911081722470267,20,36,,69.5632247000467,0.8192771084337349,0.8192771084337349
reg3,reg3_m60_s0,es_single,2,350,17510,1.2496904619687275,68.0,68.0,0.10420317498305694,0.0029911081722470752,20,36,,70.51785360003123,0.8192771084337349,0.8192771084337349
reg3,reg3_m60_s0,es_single,2,355,17760,1.2496904619687275,68.0,68.0,0.10420317498305685,0.0029911081722470544,20,37,,71.65879390004557,0.8192771084337349,0.8192771084337349
reg3,reg3_m60_s0,es_single,2,360,18010,1.2496904619687275,68.0,68.0,0.10420317498305691,0.002991108172247136,20,36,,72.64319350000005,0.8192771084337349,0.8192771084337349
reg3,reg3_m60_s0,es_single,2,365,18260,1.2496904619687275,68.0,68.0,0.10420317498305678,0.0029911081722470527,20,37,,73.61957610002719,0.8192771084337349,0.8192771084337349
reg3,reg3_m60_s0,es_single,2,370,18510,1.2496904619687275,68.0,68.0,0.10420317498305683,0.0029911081722470197,20,37,,74.61743820004631,0.8192771084337349,0.8192771084337349
reg3,reg3_m60_s0,es_single,2,375,18760,1.2496904619687275,68.0,68.0,0.10420317498305681,0.002991108172246966,20,35,,75.66744210000616,0.8192771084337349,0.8192771084337349
reg3,reg3_m60_s0,es_single,2,380,19010,1.2496904619687275,68.0,68.0,0.10420317498305691,0.002991108172247202,20,36,,76.67470850003883,0.8192771084337349,0.8192771084337349
reg3,reg3_m60_s0,es_single,2,385,19260,1.2496904619687275,68.0,68.0,0.10420317498305694,0.00299110817224711,20,35,,77.63214650005102,0.8192771084337349,0.8192771084337349
reg3,reg3_m60_s0,es_single,2,390,19510,1.2496904619687275,68.0,68.0,0.10420317498305681,0.002991108172246966,20,35,,78.68137860001298,0.8192771084337349,0.8192771084337349
reg3,reg3_m60_s0,es_single,2,395,19760,1.2496904619687275,68.0,68.0,0.10420317498305684,0.0029911081722470267,20,36,,79.64625710004475,0.8192771084337349,0.8192771084337349
reg3,reg3_m60_s0,es_single,2,400,20010,1.2496904619687275,68.0,68.0,0.10420317498305698,0.0029911081722471065,20,37,,80.70309640001506,0.8192771084337349,0.8192771084337349
reg3,reg3_m60_s0,es_single,3,0,10,0.510890886101881,31.0,44.4,0.043618584570616764,1.984089975648473e-17,20,32,,0.04283769999165088,0.37349397590361444,0.5349397590361445
reg3,reg3_m60_s0,es_single,3,5,260,1.0475023566122028,60.0,58.3,0.06053814208921707,1.3877787807814457e-17,20,33,,1.069388700008858,0.7228915662650602,0.7024096385542168
reg3,reg3_m60_s0,es_single,3,10,510,1.1385279500751104,65.0,63.4,0.05437064798489386,1.734723475976807e-18,20,33,,2.0691767999669537,0.7831325301204819,0.7638554216867469
reg3,reg3_m60_s0,es_single,3,15,760,1.1385279500751104,65.0,64.7,0.05437064798489386,1.734723475976807e-18,20,33,,3.043705999967642,0.7831325301204819,0.7795180722891567
reg3,reg3_m60_s0,es_single,3,20,1010,1.1863633970897502,67.0,65.3,0.059689187812553474,5.204170427930421e-18,20,31,,4.144788699981291,0.8072289156626506,0.7867469879518072
reg3,reg3_m60_s0,es_single,3,25,1260,1.1863633970897502,67.0,66.2,0.059689187812553474,5.204170427930421e-18,20,31,,5.198708200012334,0.8072289156626506,0.7975903614457832
reg3,reg3_m60_s0,es_single,3,30,1510,1.1863633970897502,67.0,66.4,0.059689187812553474,5.204170427930421e-18,20,31,,6.1568450999911875,0.8072289156626506,0.8
reg3,reg3_m60_s0,es_single,3,35,1760,1.209995584968302,69.0,67.7,0.0437493427717129,0.0,20,33,,7.120245700003579,0.8313253012048193,0.8156626506024097
reg3,reg3_m60_s0,es_single,3,40,2010,1.2182589953390768,69.0,68.5,0.049632595359653926,0.0015096543831114063,20,34,,8.112920999992639,0.8313253012048193,0.8253012048192772
reg3,reg3_m60_s0,es_single,3,45,2260,1.271804528641626,72.0,69.7,0.06258093802215228,0.0012709869525185206,20,34,,9.170954499975778,0.8674698795180723,0.8397590361445784
reg3,reg3_m60_s0,es_single,3,50,2510,1.271804528641626,72.0,71.3,0.06258093802215228,0.0012709869525185206,20,34,,10.218577399966307,0.8674698795180723,0.8590361445783132
reg3,reg3_m60_s0,es_single,3,55,2760,1.2760343530386666,72.0,72.1,0.04878253555172129,0.002237763799134068,20,35,,11.223663199984003,0.8674698795180723,0.8686746987951807
reg3,reg3_m60_s0,es_single,3,60,3010,1.2842908262168458,73.0,72.5,0.042309642423794105,0.0012783234277635447,20,34,,12.1648158999742,0.8795180722891566,0.8734939759036144
reg3,reg3_m60_s0,es_single,3,65,3260,1.292672328878982,73.0,72.8,0.04780964963156916,4.129636052047081e-05,20,35,,13.153046199993696,0.8795180722891566,0.8771084337349397
reg3,reg3_m60_s0,es_single,3,70,3510,1.292672328878982,73.0,73.0,0.04780964963156916,4.129636052047081e-05,20,35,,14.167526600009296,0.8795180722891566,0.8795180722891566
reg3,reg3_m60_s0,es_single,3,75,3760,1.3024875039294166,73.0,73.2,0.047086400368339484,0.0030297298426134565,20,35,,15.181291299988516,0.8795180722891566,0.8819277108433735
reg3,reg3_m60_s0,es_single,3,80,4010,1.3024875039294166,73.0,73.1,0.047086400368339484,0.0030297298426134565,20,35,,16.142802399990615,0.8795180722891566,0.880722891566265
reg3,reg3_m60_s0,es_single,3,85,4260,1.3041699489864313,73.0,73.0,0.06046531655896602,0.002051520583129183,20,35,,17.173855900007766,0.8795180722891566,0.8795180722891566
reg3,reg3_m60_s0,es_single,3,90,4510,1.3041699489864313,73.0,73.0,0.06046531655896602,0.002051520583129183,20,35,,18.223188099975232,0.8795180722891566,0.8795180722891566
reg3,reg3_m60_s0,es_single,3,95,4760,1.3041699489864313,73.0,73.0,0.06046531655896602,0.002051520583129183,20,35,,19.298984199995175,0.8795180722891566,0.8795180722891566
reg3,reg3_m60_s0,es_single,3,100,5010,1.3041699489864313,73.0,73.0,0.06046531655896607,0.002051520583129079,20,34,,20.28032289998373,0.8795180722891566,0.8795180722891566
reg3,reg3_m60_s0,es_single,3,105,5260,1.3041699489864313,73.0,73.0,0.06046531655896605,0.002051520583129157,20,35,,21.261279099970125,0.8795180722891566,0.8795180722891566
reg3,reg3_m60_s0,es_single,3,110,5510,1.3161453477150982,74.0,73.1,0.05134407309189515,0.0025118443127668012,20,35,,22.21672490000492,0.891566265060241,0.880722891566265
reg3,reg3_m60_s0,es_single,3,115,5760,1.3161453477150982,74.0,73.3,0.05134407309189515,0.0025118443127668012,20,35,,23.1939855000237,0.891566265060241,0.8831325301204819
reg3,reg3_m60_s0,es_single,3,120,6010,1.316543874666329,74.0,73.6,0.04897409298286336,0.0006689435476349946,20,34,,24.12040249997517,0.891566265060241,0.8867469879518072
reg3,reg3_m60_s0,es_single,3,125,6260,1.3321257744313488,75.0,74.1,0.05145676950497853,0.0015550210087789534,20,35,,25.06135390000418,0.9036144578313253,0.8927710843373493
reg3,reg3_m60_s0,es_single,3,130,6510,1.3321257744313488,75.0,74.2,0.05145676950497857,0.001555021008778995,20,34,,26.08051349996822,0.9036144578313253,0.8939759036144579
reg3,reg3_m60_s0,es_single,3,135,6760,1.3321257744313488,75.0,74.4,0.051456769504978614,0.0015550210087789673,20,35,,27.120312999992166,0.9036144578313253,0.8963855421686747
reg3,reg3_m60_s0,es_single,3,140,7010,1.3321257744313488,75.0,74.4,0.05145676950497853,0.0015550210087789534,20,35,,28.11633609997807,0.9036144578313253,0.8963855421686747
reg3,reg3_m60_s0,es_single,3,145,7260,1.335562657171943,75.0,74.7,0.057348812247683005,0.0011426835763206494,20,35,,29.11527880001813,0.9036144578313253,0.9
reg3,reg3_m60_s0,es_single,3,150,7510,1.335562657171943,75.0,75.0,0.057348812247683005,0.0011426835763206494,20,35,,30.06770359998336,0.9036144578313253,0.9036144578313253
reg3,reg3_m60_s0,es_single,3,155,7760,1.335562657171943,75.0,75.0,0.057348812247683005,0.0011426835763206494,20,35,,31.03286899998784,0.9036144578313253,0.9036144578313253
reg3,reg3_m60_s0,es_single,3,160,8010,1.335562657171943,75.0,75.0,0.057348812247683005,0.0011426835763206494,20,35,,31.932029200019315,0.9036144578313253,0.9036144578313253
reg3,reg3_m60_s0,es_single,3,165,8260,1.335562657171943,75.0,75.0,0.057348812247683005,0.0011426835763206494,20,35,,32.88408139999956,0.9036144578313253,0.9036144578313253
reg3,reg3_m60_s0,es_single,3,170,8510,1.335562657171943,75.0,75.0,0.057348812247683005,0.0011426835763206494,20,35,,33.80630310002016,0.9036144578313253,0.9036144578313253
reg3,reg3_m60_s0,es_single,3,175,8760,1.335562657171943,75.0,75.0,0.05734881224768276,0.0011426835763206425,20,34,,34.75927059998503,0.9036144578313253,0.9036144578313253
reg3,reg3_m60_s0,es_single,3,180,9010,1.335562657171943,75.0,75.0,0.057348812247682825,0.0011426835763205176,20,34,,35.84047739999369,0.9036144578313253,0.9036144578313253
reg3,reg3_m60_s0,es_single,3,185,9260,1.335562657171943,75.0,75.0,0.05734881224768278,0.0011426835763206494,20,35,,36.849536399997305,0.9036144578313253,0.9036144578313253
reg3,reg3_m60_s0,es_single,3,190,9510,1.335562657171943,75.0,75.0,0.057348812247682804,0.0011426835763205315,20,33,,37.992417500005104,0.9036144578313253,0.9036144578313253
reg3,reg3_m60_s0,es_single,3,195,9760,1.335562657171943,75.0,75.0,0.05734881224768285,0.001142683576320698,20,35,,39.09247019997565,0.9036144578313253,0.9036144578313253
reg3,reg3_m60_s0,es_single,3,200,10010,1.335562657171943,75.0,75.0,0.05734881224768285,0.0011426835763203996,20,35,,40.18511000002036,0.9036144578313253,0.9036144578313253
reg3,reg3_m60_s0,es_single,3,205,10260,1.335562657171943,75.0,75.0,0.057348812247682825,0.0011426835763205176,20,34,,41.22158539999509,0.9036144578313253,0.9036144578313253
reg3,reg3_m60_s0,es_single,3,210,10510,1.3355626571719432,75.0,75.0,0.0573488122476828,0.0011426835763205662,20,35,,42.2450440999819,0.9036144578313253,0.9036144578313253
reg3,reg3_m60_s0,es_single,3,215,10760,1.3355626571719432,75.0,75.0,0.0573488122476828,0.0011426835763205662,20,35,,43.53879279998364,0.9036144578313253,0.9036144578313253
reg3,reg3_m60_s0,es_single,3,220,11010,1.3355626571719432,75.0,75.0,0.05734881224768286,0.001142683576320587,20,35,,44.65270380000584,0.9036144578313253,0.9036144578313253
reg3,reg3_m60_s0,es_single,3,225,11260,1.3355626571719432,75.0,75.0,0.05734881224768286,0.001142683576320587,20,35,,45.76303169998573,0.9036144578313253,0.9036144578313253
reg3,reg3_m60_s0,es_single,3,230,11510,1.3355626571719432,75.0,75.0,0.05734881224768286,0.001142683576320587,20,35,,46.87409569998272,0.9036144578313253,0.9036144578313253
reg3,reg3_m60_s0,es_single,3,235,11760,1.3355626571719432,75.0,75.0,0.05734881224768286,0.001142683576320587,20,35,,47.96615140000358,0.9036144578313253,0.9036144578313253
reg3,reg3_m60_s0,es_single,3,240,12010,1.336368514556941,75.0,75.0,0.058180039944566324,0.0005619104491747032,20,34,,49.0670034000068,0.9036144578313253,0.9036144578313253
reg3,reg3_m60_s0,es_single,3,245,12260,1.3363685145569413,75.0,75.0,0.05818003994456652,0.0005619104491745904,20,33,,50.13621409999905,0.9036144578313253,0.9036144578313253
reg3,reg3_m60_s0,es_single,3,250,12510,1.3363685145569413,75.0,75.0,0.058180039944566456,0.0005619104491745748,20,35,,51.202820600010455,0.9036144578313253,0.9036144578313253
reg3,reg3_m60_s0,es_single,3,255,12760,1.3363685145569413,75.0,75.0,0.05818003994456648,0.0005619104491745783,20,34,,52.15120029996615,0.9036144578313253,0.9036144578313253
reg3,reg3_m60_s0,es_single,3,260,13010,1.3363685145569413,75.0,75.0,0.058180039944566414,0.0005619104491745765,20,34,,53.21012750000227,0.9036144578313253,0.9036144578313253
reg3,reg3_m60_s0,es_single,3,265,13260,1.3375512995302359,75.0,75.0,0.060039297392747465,0.0002742144559290671,20,34,,54.23485770000843,0.9036144578313253,0.9036144578313253
reg3,reg3_m60_s0,es_single,3,270,13510,1.3479478022784404,76.0,75.1,0.05976482403097744,0.0011684282121522255,20,35,,55.36902529996587,0.9156626506024096,0.9048192771084337
reg3,reg3_m60_s0,es_single,3,275,13760,1.3479478022784404,76.0,75.2,0.05976482403097744,0.0011684282121522255,20,35,,56.411578900006134,0.9156626506024096,0.9060240963855422
reg3,reg3_m60_s0,es_single,3,280,14010,1.3479478022784404,76.0,75.2,0.05976482403097744,0.0011684282121522255,20,35,,57.48392839997541,0.9156626506024096,0.9060240963855422
reg3,reg3_m60_s0,es_single,3,285,14260,1.3479478022784404,76.0,75.4,0.05976482403097744,0.0011684282121522255,20,35,,58.593020899978,0.9156626506024096,0.9084337349397591
reg3,reg3_m60_s0,es_single,3,290,14510,1.3490295662323508,76.0,75.6,0.05862295782918714,0.0011684282121521665,20,35,,59.63682600000175,0.9156626506024096,0.9108433734939758
reg3,reg3_m60_s0,es_single,3,295,14760,1.3490295662323508,76.0,75.9,0.05862295782918714,0.0011684282121521665,20,35,,60.6904839000199,0.9156626506024096,0.9144578313253012
reg3,reg3_m60_s0,es_single,3,300,15010,1.3490295662323508,76.0,76.0,0.058622957829187146,0.001168428212152333,20,35,,61.80422809999436,0.9156626506024096,0.9156626506024096
reg3,reg3_m60_s0,es_single,3,305,15260,1.3490295662323508,76.0,76.0,0.058622957829187146,0.001168428212152333,20,35,,62.930280299973674,0.9156626506024096,0.9156626506024096
reg3,reg3_m60_s0,es_single,3,310,15510,1.3490295662323508,76.0,76.0,0.05862295782918714,0.0011684282121521665,20,35,,63.987232799991034,0.9156626506024096,0.9156626506024096
reg3,reg3_m60_s0,es_single,3,315,15760,1.3490295662323508,76.0,76.0,0.058622957829187146,0.001168428212152333,20,35,,65.0578163000173,0.9156626506024096,0.9156626506024096
reg3,reg3_m60_s0,es_single,3,320,16010,1.3490295662323508,76.0,76.0,0.05862295782918714,0.0011684282121521665,20,35,,66.02933920000214,0.9156626506024096,0.9156626506024096
reg3,reg3_m60_s0,es_single,3,325,16260,1.3490295662323508,76.0,76.0,0.05862295782918713,0.001168428212152281,20,34,,67.06065619998844,0.9156626506024096,0.9156626506024096
reg3,reg3_m60_s0,es_single,3,330,16510,1.3490295662323508,76.0,76.0,0.058622957829187146,0.001168428212152333,20,35,,68.12661510001635,0.9156626506024096,0.9156626506024096
reg3,reg3_m60_s0,es_single,3,335,16760,1.3490295662323508,76.0,76.0,0.05862295782918713,0.001168428212152281,20,34,,69.15780659997836,0.9156626506024096,0.9156626506024096
reg3,reg3_m60_s0,es_single,3,340,17010,1.3505396436870656,76.0,76.0,0.05925373883192462,0.0004991175736764608,20,35,,70.20986329996958,0.9156626506024096,0.9156626506024096
reg3,reg3_m60_s0,es_single,3,345,17260,1.356366424937228,76.0,76.0,0.05465491099311488,0.0027486476065617417,20,35,,71.19399910001084,0.9156626506024096,0.9156626506024096
reg3,reg3_m60_s0,es_single,3,350,17510,1.356366424937228,76.0,76.0,0.05465491099311488,0.0027486476065617417,20,35,,72.33317100000568,0.9156626506024096,0.9156626506024096
reg3,reg3_m60_s0,es_single,3,355,17760,1.356366424937228,76.0,76.0,0.05465491099311488,0.0027486476065617417,20,35,,73.39423869998427,0.9156626506024096,0.9156626506024096
reg3,reg3_m60_s0,es_single,3,360,18010,1.356366424937228,76.0,76.0,0.05465491099311488,0.0027486476065617417,20,35,,74.399676800007,0.9156626506024096,0.9156626506024096
reg3,reg3_m60_s0,es_single,3,365,18260,1.356366424937228,76.0,76.0,0.054654910993114904,0.0027486476065617417,20,35,,75.38712149998173,0.9156626506024096,0.9156626506024096
reg3,reg3_m60_s0,es_single,3,370,18510,1.356366424937228,76.0,76.0,0.05465491099311488,0.0027486476065617417,20,35,,76.42009979998693,0.9156626506024096,0.9156626506024096
reg3,reg3_m60_s0,es_single,3,375,18760,1.356366424937228,76.0,76.0,0.05465491099311501,0.002748647606561811,20,34,,77.38298900000518,0.9156626506024096,0.9156626506024096
reg3,reg3_m60_s0,es_single,3,380,19010,1.356366424937228,76.0,76.0,0.054654910993114904,0.0027486476065617417,20,35,,78.46014739997918,0.9156626506024096,0.9156626506024096
reg3,reg3_m60_s0,es_single,3,385,19260,1.356366424937228,76.0,76.0,0.05465491099311491,0.002748647606561714,20,35,,79.57024369999999,0.9156626506024096,0.9156626506024096
reg3,reg3_m60_s0,es_single,3,390,19510,1.356366424937228,76.0,76.0,0.05465491099311494,0.0027486476065616827,20,35,,80.57774320000317,0.9156626506024096,0.9156626506024096
reg3,reg3_m60_s0,es_single,3,395,19760,1.356366424937228,76.0,76.0,0.05465491099311488,0.0027486476065617417,20,35,,81.56018729996867,0.9156626506024096,0.9156626506024096
reg3,reg3_m60_s0,es_single,3,400,20010,1.356366424937228,76.0,76.0,0.05465491099311495,0.0027486476065617087,20,35,,82.51820679998491,0.9156626506024096,0.9156626506024096
reg3,reg3_m60_s0,es_single,4,0,10,0.6376665406417732,38.0,42.3,0.067840025423876,0.0028286894968670324,20,38,,0.05141900002490729,0.4578313253012048,0.5096385542168674
reg3,reg3_m60_s0,es_single,4,5,260,1.0364238434550503,58.0,56.6,0.055659937037679394,0.0006141839502821177,20,37,,1.0584885000134818,0.6987951807228916,0.6819277108433736
reg3,reg3_m60_s0,es_single,4,10,510,1.126478971591687,65.0,61.5,0.06861754372355197,0.0003676145875541881,20,37,,2.2813462000340223,0.7831325301204819,0.7409638554216867
reg3,reg3_m60_s0,es_single,4,15,760,1.1590722378868925,65.0,65.0,0.06727209576374213,0.0026126248339957137,20,35,,3.3310277000418864,0.7831325301204819,0.7831325301204819
reg3,reg3_m60_s0,es_single,4,20,1010,1.1794670694508544,66.0,65.1,0.086075285744563,0.001238455809840732,20,37,,4.403100900002755,0.7951807228915663,0.7843373493975903
reg3,reg3_m60_s0,es_single,4,25,1260,1.1971795270698034,67.0,66.0,0.08066671977524902,0.0007384570040826557,20,36,,5.368154800031334,0.8072289156626506,0.7951807228915663
reg3,reg3_m60_s0,es_single,4,30,1510,1.1971795270698034,67.0,66.7,0.08066671977524902,0.0007384570040826557,20,36,,6.390970100008417,0.8072289156626506,0.8036144578313253
reg3,reg3_m60_s0,es_single,4,35,1760,1.1971795270698034,67.0,67.0,0.08066671977524914,0.0007384570040827598,20,37,,7.337934800016228,0.8072289156626506,0.8072289156626506
reg3,reg3_m60_s0,es_single,4,40,2010,1.198540614314347,67.0,67.0,0.09386147748510894,3.6722462669895985e-05,20,35,,8.35293960000854,0.8072289156626506,0.8072289156626506
reg3,reg3_m60_s0,es_single,4,45,2260,1.210743378666658,68.0,67.1,0.0907038660134794,3.6722462670128546e-05,20,36,,9.326869799988344,0.8192771084337349,0.808433734939759
reg3,reg3_m60_s0,es_single,4,50,2510,1.216277131097309,68.0,67.4,0.09361780387451182,3.6722462670013025e-05,20,36,,10.246858900005464,0.8192771084337349,0.8120481927710844
reg3,reg3_m60_s0,es_single,4,55,2760,1.216277131097309,68.0,68.0,0.09361780387451182,3.672246266994597e-05,20,36,,11.252320600033272,0.8192771084337349,0.8192771084337349
reg3,reg3_m60_s0,es_single,4,60,3010,1.2183533569903267,68.0,68.0,0.08631002294070653,3.672246267023393e-05,20,37,,12.157529000018258,0.8192771084337349,0.8192771084337349
reg3,reg3_m60_s0,es_single,4,65,3260,1.2183949454524385,68.0,68.0,0.08398132647109834,3.6722462670045605e-05,20,36,,13.082399600010831,0.8192771084337349,0.8192771084337349
reg3,reg3_m60_s0,es_single,4,70,3510,1.218936334268676,68.0,68.0,0.07874328399871747,9.230625379073003e-05,20,36,,14.187577300006524,0.8192771084337349,0.8192771084337349
reg3,reg3_m60_s0,es_single,4,75,3760,1.218936334268676,68.0,68.0,0.07874328399871747,9.230625379073003e-05,20,36,,15.295371700020041,0.8192771084337349,0.8192771084337349
reg3,reg3_m60_s0,es_single,4,80,4010,1.2198419724374157,68.0,68.0,0.07611710471005173,9.230625379054187e-05,20,37,,16.340256199997384,0.8192771084337349,0.8192771084337349
reg3,reg3_m60_s0,es_single,4,85,4260,1.2239634365263476,68.0,68.0,0.09700112234703323,6.868888472976896e-05,20,37,,17.394280800013803,0.8192771084337349,0.8192771084337349
reg3,reg3_m60_s0,es_single,4,90,4510,1.2239634365263476,68.0,68.0,0.09700112234703323,6.868888472976896e-05,20,37,,18.464453599997796,0.8192771084337349,0.8192771084337349
reg3,reg3_m60_s0,es_single,4,95,4760,1.2239634365263476,68.0,68.0,0.09700112234703323,6.868888472976896e-05,20,37,,19.569565000012517,0.8192771084337349,0.8192771084337349
reg3,reg3_m60_s0,es_single,4,100,5010,1.2239634365263476,68.0,68.0,0.09700112234703298,6.868888472979053e-05,20,37,,20.66115300002275,0.8192771084337349,0.8192771084337349
reg3,reg3_m60_s0,es_single,4,105,5260,1.2239634365263476,68.0,68.0,0.09700112234703323,6.868888472964742e-05,20,37,,21.657204999995884,0.8192771084337349,0.8192771084337349
reg3,reg3_m60_s0,es_single,4,110,5510,1.2239634365263476,68.0,68.0,0.09700112234703323,6.868888472964742e-05,20,37,,22.64862069999799,0.8192771084337349,0.8192771084337349
reg3,reg3_m60_s0,es_single,4,115,5760,1.2239634365263476,68.0,68.0,0.09700112234703308,6.86888847295339e-05,20,36,,23.678397400013637,0.8192771084337349,0.8192771084337349
reg3,reg3_m60_s0,es_single,4,120,6010,1.2239634365263476,68.0,68.0,0.09700112234703323,6.868888472964742e-05,20,37,,24.772601900040172,0.8192771084337349,0.8192771084337349
reg3,reg3_m60_s0,es_single,4,125,6260,1.2239634365263476,68.0,68.0,0.09700112234703312,6.868888472958833e-05,20,37,,25.81527520000236,0.8192771084337349,0.8192771084337349
reg3,reg3_m60_s0,es_single,4,130,6510,1.2239634365263476,68.0,68.0,0.09700112234703313,6.868888472970813e-05,20,36,,26.89718329999596,0.8192771084337349,0.8192771084337349
reg3,reg3_m60_s0,es_single,4,135,6760,1.2239634365263476,68.0,68.0,0.09700112234703313,6.868888472970813e-05,20,36,,27.955912600038573,0.8192771084337349,0.8192771084337349
reg3,reg3_m60_s0,es_single,4,140,7010,1.2239634365263476,68.0,68.0,0.09700112234703298,6.868888472954691e-05,20,36,,28.965095299994573,0.8192771084337349,0.8192771084337349
reg3,reg3_m60_s0,es_single,4,145,7260,1.2239634365263476,68.0,68.0,0.09700112234703298,6.868888472954691e-05,20,36,,30.43143430002965,0.8192771084337349,0.8192771084337349
reg3,reg3_m60_s0,es_single,4,150,7510,1.2239634365263476,68.0,68.0,0.0970011223470331,6.868888472981948e-05,20,36,,31.493067000003066,0.8192771084337349,0.8192771084337349
reg3,reg3_m60_s0,es_single,4,155,7760,1.2239634365263476,68.0,68.0,0.09700112234703319,6.868888472981265e-05,20,36,,32.543474500009324,0.8192771084337349,0.8192771084337349
reg3,reg3_m60_s0,es_single,4,160,8010,1.2239634365263479,68.0,68.0,0.09700112234703329,6.86888847298185e-05,20,36,,33.57829020003555,0.8192771084337349,0.8192771084337349
reg3,reg3_m60_s0,es_single,4,165,8260,1.2239634365263479,68.0,68.0,0.09700112234703329,6.86888847298185e-05,20,36,,34.60203240002738,0.8192771084337349,0.8192771084337349
reg3,reg3_m60_s0,es_single,4,170,8510,1.2239634365263479,68.0,68.0,0.09700112234703329,6.86888847298185e-05,20,36,,35.49583010002971,0.8192771084337349,0.8192771084337349
reg3,reg3_m60_s0,es_single,4,175,8760,1.2239634365263479,68.0,68.0,0.09700112234703329,6.86888847298185e-05,20,36,,36.475954100023955,0.8192771084337349,0.8192771084337349
reg3,reg3_m60_s0,es_single,4,180,9010,1.2239634365263479,68.0,68.0,0.09700112234703329,6.86888847298185e-05,20,36,,37.38017950003268,0.8192771084337349,0.8192771084337349
reg3,reg3_m60_s0,es_single,4,185,9260,1.2239634365263479,68.0,68.0,0.09700112234703329,6.86888847298185e-05,20,36,,38.276369200029876,0.8192771084337349,0.8192771084337349
reg3,reg3_m60_s0,es_single,4,190,9510,1.2239634365263479,68.0,68.0,0.09700112234703302,6.868888472972992e-05,20,37,,39.219221400038805,0.8192771084337349,0.8192771084337349
reg3,reg3_m60_s0,es_single,4,195,9760,1.2239634365263479,68.0,68.0,0.09700112234703329,6.86888847298185e-05,20,36,,40.149170199991204,0.8192771084337349,0.8192771084337349
reg3,reg3_m60_s0,es_single,4,200,10010,1.2239634365263479,68.0,68.0,0.09700112234703302,6.868888472972992e-05,20,37,,41.12373520003166,0.8192771084337349,0.8192771084337349
reg3,reg3_m60_s0,es_single,4,205,10260,1.2239634365263479,68.0,68.0,0.09700112234703329,6.86888847298185e-05,20,36,,42.210366200015415,0.8192771084337349,0.8192771084337349
reg3,reg3_m60_s0,es_single,4,210,10510,1.2239634365263479,68.0,68.0,0.09700112234703302,6.868888472972992e-05,20,37,,43.19951210002182,0.8192771084337349,0.8192771084337349
reg3,reg3_m60_s0,es_single,4,215,10760,1.2239634365263479,68.0,68.0,0.09700112234703329,6.86888847298185e-05,20,36,,44.289653400017414,0.8192771084337349,0.8192771084337349
reg3,reg3_m60_s0,es_single,4,220,11010,1.2239634365263479,68.0,68.0,0.09700112234703329,6.86888847298185e-05,20,36,,45.3169827000238,0.8192771084337349,0.8192771084337349
reg3,reg3_m60_s0,es_single,4,225,11260,1.2239634365263479,68.0,68.0,0.09700112234703302,6.868888472972992e-05,20,37,,46.33961760002421,0.8192771084337349,0.8192771084337349
reg3,reg3_m60_s0,es_single,4,230,11510,1.2239634365263479,68.0,68.0,0.09700112234703329,6.86888847298185e-05,20,36,,47.38639240001794,0.8192771084337349,0.8192771084337349
reg3,reg3_m60_s0,es_single,4,235,11760,1.2239634365263479,68.0,68.0,0.09700112234703329,6.86888847298185e-05,20,36,,48.409562000015285,0.8192771084337349,0.8192771084337349
reg3,reg3_m60_s0,es_single,4,240,12010,1.2239634365263479,68.0,68.0,0.09700112234703329,6.86888847298185e-05,20,36,,49.50204320001649,0.8192771084337349,0.8192771084337349
reg3,reg3_m60_s0,es_single,4,245,12260,1.2239634365263479,68.0,68.0,0.09700112234703329,6.86888847298185e-05,20,36,,50.560254300013185,0.8192771084337349,0.8192771084337349
reg3,reg3_m60_s0,es_single,4,250,12510,1.2239634365263479,68.0,68.0,0.09700112234703329,6.86888847298185e-05,20,36,,51.59077010001056,0.8192771084337349,0.8192771084337349
reg3,reg3_m60_s0,es_single,4,255,12760,1.2239634365263479,68.0,68.0,0.09700112234703329,6.86888847298185e-05,20,36,,52.62635350000346,0.8192771084337349,0.8192771084337349
reg3,reg3_m60_s0,es_single,4,260,13010,1.2239634365263479,68.0,68.0,0.09700112234703329,6.86888847298185e-05,20,36,,53.686065900023095,0.8192771084337349,0.8192771084337349
reg3,reg3_m60_s0,es_single,4,265,13260,1.2239634365263479,68.0,68.0,0.09700112234703329,6.86888847298185e-05,20,36,,54.64385669998592,0.8192771084337349,0.8192771084337349
reg3,reg3_m60_s0,es_single,4,270,13510,1.2239634365263479,68.0,68.0,0.09700112234703329,6.86888847298185e-05,20,36,,55.70186959998682,0.8192771084337349,0.8192771084337349
reg3,reg3_m60_s0,es_single,4,275,13760,1.2239634365263479,68.0,68.0,0.09700112234703329,6.86888847298185e-05,20,36,,56.738674200023524,0.8192771084337349,0.8192771084337349
reg3,reg3_m60_s0,es_single,4,280,14010,1.2239634365263479,68.0,68.0,0.09700112234703329,6.86888847298185e-05,20,36,,57.91222850000486,0.8192771084337349,0.8192771084337349
reg3,reg3_m60_s0,es_single,4,285,14260,1.2239634365263479,68.0,68.0,0.09700112234703329,6.86888847298185e-05,20,36,,58.97621380002238,0.8192771084337349,0.8192771084337349
reg3,reg3_m60_s0,es_single,4,290,14510,1.2239634365263479,68.0,68.0,0.09700112234703329,6.86888847298185e-05,20,36,,59.972039100015536,0.8192771084337349,0.8192771084337349
reg3,reg3_m60_s0,es_single,4,295,14760,1.2239634365263479,68.0,68.0,0.09700112234703329,6.86888847298185e-05,20,36,,61.02019820001442,0.8192771084337349,0.8192771084337349
reg3,reg3_m60_s0,es_single,4,300,15010,1.2239634365263479,68.0,68.0,0.09700112234703329,6.86888847298185e-05,20,36,,62.05804440000793,0.8192771084337349,0.8192771084337349
reg3,reg3_m60_s0,es_single,4,305,15260,1.2239634365263479,68.0,68.0,0.09700112234703329,6.86888847298185e-05,20,36,,63.10551630001282,0.8192771084337349,0.8192771084337349
reg3,reg3_m60_s0,es_single,4,310,15510,1.2239634365263479,68.0,68.0,0.09700112234703329,6.86888847298185e-05,20,36,,64.24430289998418,0.8192771084337349,0.8192771084337349
reg3,reg3_m60_s0,es_single,4,315,15760,1.2239634365263479,68.0,68.0,0.09700112234703302,6.868888472972992e-05,20,37,,65.3502535999869,0.8192771084337349,0.8192771084337349
reg3,reg3_m60_s0,es_single,4,320,16010,1.2239634365263479,68.0,68.0,0.09700112234703329,6.86888847298185e-05,20,36,,66.37293970002793,0.8192771084337349,0.8192771084337349
reg3,reg3_m60_s0,es_single,4,325,16260,1.2239634365263479,68.0,68.0,0.09700112234703329,6.86888847298185e-05,20,36,,67.40882190002594,0.8192771084337349,0.8192771084337349
reg3,reg3_m60_s0,es_single,4,330,16510,1.2239634365263479,68.0,68.0,0.09700112234703329,6.86888847298185e-05,20,36,,68.42919160000747,0.8192771084337349,0.8192771084337349
reg3,reg3_m60_s0,es_single,4,335,16760,1.2239634365263479,68.0,68.0,0.09700112234703329,6.86888847298185e-05,20,36,,69.44061759999022,0.8192771084337349,0.8192771084337349
reg3,reg3_m60_s0,es_single,4,340,17010,1.2239634365263479,68.0,68.0,0.09700112234703329,6.86888847298185e-05,20,36,,70.49432040000102,0.8192771084337349,0.8192771084337349
reg3,reg3_m60_s0,es_single,4,345,17260,1.2239634365263479,68.0,68.0,0.09700112234703329,6.86888847298185e-05,20,36,,71.43945180001901,0.8192771084337349,0.8192771084337349
reg3,reg3_m60_s0,es_single,4,350,17510,1.2239634365263479,68.0,68.0,0.09700112234703329,6.86888847298185e-05,20,36,,72.4427074000123,0.8192771084337349,0.8192771084337349
reg3,reg3_m60_s0,es_single,4,355,17760,1.2239634365263479,68.0,68.0,0.09700112234703329,6.86888847298185e-05,20,36,,73.56872229999863,0.8192771084337349,0.8192771084337349
reg3,reg3_m60_s0,es_single,4,360,18010,1.2239634365263479,68.0,68.0,0.09700112234703329,6.86888847298185e-05,20,36,,74.60607280000113,0.8192771084337349,0.8192771084337349
reg3,reg3_m60_s0,es_single,4,365,18260,1.2239634365263479,68.0,68.0,0.09700112234703329,6.86888847298185e-05,20,36,,75.62757780001266,0.8192771084337349,0.8192771084337349
reg3,reg3_m60_s0,es_single,4,370,18510,1.2239634365263479,68.0,68.0,0.09700112234703329,6.86888847298185e-05,20,36,,76.61505840002792,0.8192771084337349,0.8192771084337349
reg3,reg3_m60_s0,es_single,4,375,18760,1.2239634365263479,68.0,68.0,0.09700112234703329,6.86888847298185e-05,20,36,,77.66840279998723,0.8192771084337349,0.8192771084337349
reg3,reg3_m60_s0,es_single,4,380,19010,1.2239634365263479,68.0,68.0,0.09700112234703329,6.86888847298185e-05,20,36,,78.96828080003615,0.8192771084337349,0.8192771084337349
reg3,reg3_m60_s0,es_single,4,385,19260,1.2239634365263479,68.0,68.0,0.09700112234703329,6.86888847298185e-05,20,36,,80.27792520000366,0.8192771084337349,0.8192771084337349
reg3,reg3_m60_s0,es_single,4,390,19510,1.2239634365263479,68.0,68.0,0.09700112234703329,6.86888847298185e-05,20,36,,81.52602990000742,0.8192771084337349,0.8192771084337349
reg3,reg3_m60_s0,es_single,4,395,19760,1.2239634365263479,68.0,68.0,0.09700112234703329,6.86888847298185e-05,20,36,,82.62195500003872,0.8192771084337349,0.8192771084337349
reg3,reg3_m60_s0,es_single,4,400,20010,1.2239634365263479,68.0,68.0,0.09700112234703329,6.86888847298185e-05,20,36,,83.87114440003643,0.8192771084337349,0.8192771084337349
reg3,reg3_m60_s0,es_learned,0,0,10,0.8309630285234236,49.0,45.8,0.03422181726598081,1.0842021724855044e-18,20,32,,0.048118899983819574,0.5903614457831325,0.5518072289156626
reg3,reg3_m60_s0,es_learned,0,5,260,1.0240063425118326,59.0,56.6,0.03798263177686706,9.325669336998285e-05,20,29,0.1335483342409134,5.9211383999791,0.7108433734939759,0.6819277108433736
reg3,reg3_m60_s0,es_learned,0,10,510,1.1090889934529362,65.0,62.1,0.032720221655501834,6.938893903907228e-18,20,29,0.18255336582660675,16.090830800007097,0.7831325301204819,0.7481927710843373
reg3,reg3_m60_s0,es_learned,0,15,760,1.1392408789046466,64.0,64.0,0.054300237134314144,0.002746809173239889,20,40,0.1278366595506668,26.01543089997722,0.7710843373493976,0.7710843373493976
reg3,reg3_m60_s0,es_learned,0,20,1010,1.2016273012108203,66.0,65.2,0.07340937820385976,0.00046316309279572504,20,40,0.1003415435552597,31.748644899984356,0.7951807228915663,0.7855421686746988
reg3,reg3_m60_s0,es_learned,0,25,1260,1.2369590343631787,68.0,67.5,0.07418663936691844,0.00036349589186288056,20,40,0.0930308923125267,41.65616259997478,0.8192771084337349,0.8132530120481928
reg3,reg3_m60_s0,es_learned,0,30,1510,1.2369590343631787,68.0,68.1,0.07418663936691844,0.00036349589186288056,20,40,0.06929269433021545,51.660153799981344,0.8192771084337349,0.8204819277108433
reg3,reg3_m60_s0,es_learned,0,35,1760,1.2474444855813496,70.0,68.3,0.06481431544315051,0.0007048037384914177,20,39,0.04886273294687271,57.3536424000049,0.8433734939759037,0.8228915662650602
reg3,reg3_m60_s0,es_learned,0,40,2010,1.2474444855813496,70.0,68.4,0.06481431544315051,0.0007048037384914177,20,39,0.042972661554813385,67.24742089997744,0.8433734939759037,0.8240963855421688
reg3,reg3_m60_s0,es_learned,0,45,2260,1.250401755824044,70.0,68.9,0.06110882273456432,0.001389753036185732,20,40,0.031426116824150085,77.03978940000525,0.8433734939759037,0.8301204819277109
reg3,reg3_m60_s0,es_learned,0,50,2510,1.2589379812968087,70.0,70.0,0.0725676708357291,0.0028410256157924488,20,40,0.04177158325910568,82.73652769997716,0.8433734939759037,0.8433734939759037
reg3,reg3_m60_s0,es_learned,0,55,2760,1.2700645874970178,70.0,70.1,0.08608465952161137,0.001794408057974796,20,40,0.03497638925909996,92.62436459999299,0.8433734939759037,0.844578313253012
reg3,reg3_m60_s0,es_learned,0,60,3010,1.2779714959702497,71.0,70.3,0.06214472989460314,0.0008828929175126784,20,41,0.030980370938777924,102.6670543999644,0.8554216867469879,0.8469879518072289
reg3,reg3_m60_s0,es_learned,0,65,3260,1.3066360397664694,71.0,70.7,0.06735412203239813,0.000589211691612912,20,39,0.03611791133880615,108.372509000008,0.8554216867469879,0.8518072289156627
reg3,reg3_m60_s0,es_learned,0,70,3510,1.3067958995285212,71.0,70.4,0.06773047007375305,0.0005739144766011492,20,39,0.03576679155230522,118.25275430001784,0.8554216867469879,0.8481927710843374
reg3,reg3_m60_s0,es_learned,0,75,3760,1.3067958995285212,71.0,70.7,0.06773047007375305,0.0005739144766011284,20,39,0.028677983209490776,128.2088725999929,0.8554216867469879,0.8518072289156627
reg3,reg3_m60_s0,es_learned,0,80,4010,1.3078137932407266,71.0,70.9,0.06844173379630339,0.0006483157951893727,20,40,0.03193863853812218,133.94437629997265,0.8554216867469879,0.8542168674698796
reg3,reg3_m60_s0,es_learned,0,85,4260,1.314920642270632,71.0,71.0,0.07296175033454433,0.0007933831432861624,20,39,0.028906773775815964,143.81148229999235,0.8554216867469879,0.8554216867469879
reg3,reg3_m60_s0,es_learned,0,90,4510,1.3319002270927074,72.0,71.3,0.0800594562421035,0.0008868834750513383,20,38,0.025366652756929398,154.0082375999773,0.8674698795180723,0.8590361445783132
reg3,reg3_m60_s0,es_learned,0,95,4760,1.3319002270927074,72.0,71.7,0.0800594562421035,0.0008868834750513383,20,38,0.023937832564115524,159.86473979998846,0.8674698795180723,0.863855421686747
reg3,reg3_m60_s0,es_learned,0,100,5010,1.3319002270927074,72.0,72.0,0.0800594562421035,0.0008868834750513383,20,38,0.0345991812646389,169.97696709999582,0.8674698795180723,0.8674698795180723
reg3,reg3_m60_s0,es_learned,0,105,5260,1.3319002270927074,72.0,72.0,0.0800594562421035,0.0008868834750513383,20,38,0.025410063564777374,179.8532356999931,0.8674698795180723,0.8674698795180723
reg3,reg3_m60_s0,es_learned,0,110,5510,1.3505606662736094,73.0,72.1,0.06614039672042188,0.0015245143812003432,20,39,0.019417565315961838,185.5695838999818,0.8795180722891566,0.8686746987951807
reg3,reg3_m60_s0,es_learned,0,115,5760,1.3505606662736094,73.0,72.1,0.06614039672042188,0.0015245143812003432,20,39,0.019489387050271034,195.55720450001536,0.8795180722891566,0.8686746987951807
reg3,reg3_m60_s0,es_learned,0,120,6010,1.3505606662736094,73.0,72.2,0.06614039672042188,0.0015245143812003432,20,39,0.029274288564920425,205.64706230000593,0.8795180722891566,0.8698795180722891
reg3,reg3_m60_s0,es_learned,0,125,6260,1.3505606662736094,73.0,72.3,0.06614039672042188,0.0015245143812003432,20,39,0.019682446494698524,211.1270865999977,0.8795180722891566,0.8710843373493976
reg3,reg3_m60_s0,es_learned,0,130,6510,1.3506400909120408,73.0,72.5,0.06930668329258616,0.0004756866086264022,20,38,0.025587448850274086,221.04050599999027,0.8795180722891566,0.8734939759036144
reg3,reg3_m60_s0,es_learned,0,135,6760,1.3506400909120408,73.0,73.0,0.06930668329258616,0.0004756866086264022,20,38,0.023697925731539726,230.91502800001763,0.8795180722891566,0.8795180722891566
reg3,reg3_m60_s0,es_learned,0,140,7010,1.3506400909120408,73.0,73.0,0.06930668329258616,0.0004756866086264022,20,38,0.019337328150868416,236.55682910000905,0.8795180722891566,0.8795180722891566
reg3,reg3_m60_s0,es_learned,0,145,7260,1.3542850236559856,73.0,73.0,0.06978678286143744,0.002717582962179746,20,40,0.013122063130140305,246.60506630002055,0.8795180722891566,0.8795180722891566
reg3,reg3_m60_s0,es_learned,0,150,7510,1.3542850236559856,73.0,73.0,0.06978678286143744,0.002717582962179746,20,40,0.023508058860898018,256.6249865000136,0.8795180722891566,0.8795180722891566
reg3,reg3_m60_s0,es_learned,0,155,7760,1.35650377343449,73.0,73.0,0.07275294429340848,0.0018996530852946093,20,40,0.01697675697505474,262.4131134999916,0.8795180722891566,0.8795180722891566
reg3,reg3_m60_s0,es_learned,0,160,8010,1.35650377343449,73.0,73.0,0.07275294429340848,0.0018996530852946093,20,40,0.016431517899036407,272.278131900006,0.8795180722891566,0.8795180722891566
reg3,reg3_m60_s0,es_learned,0,165,8260,1.35650377343449,73.0,73.0,0.07275294429340848,0.0018996530852946093,20,40,0.020849965512752533,282.6387491999776,0.8795180722891566,0.8795180722891566
reg3,reg3_m60_s0,es_learned,0,170,8510,1.35650377343449,73.0,73.0,0.07275294429340848,0.0018996530852946093,20,40,0.01840917579829693,288.39213659998495,0.8795180722891566,0.8795180722891566
reg3,reg3_m60_s0,es_learned,0,175,8760,1.3565486551315873,73.0,73.0,0.07213384168283707,0.0008856663284920558,20,40,0.02284758910536766,298.48161919997074,0.8795180722891566,0.8795180722891566
reg3,reg3_m60_s0,es_learned,0,180,9010,1.3565486551315873,73.0,73.0,0.07213384168283707,0.0008856663284920558,20,40,0.015008430927991867,308.489579599991,0.8795180722891566,0.8795180722891566
reg3,reg3_m60_s0,es_learned,0,185,9260,1.3565486551315873,73.0,73.0,0.07213384168283707,0.0008856663284920558,20,40,0.022301439195871353,314.14616439997917,0.8795180722891566,0.8795180722891566
reg3,reg3_m60_s0,es_learned,0,190,9510,1.3568834442108368,73.0,73.0,0.06941224522894354,0.011701464605790315,20,40,0.017661161720752716,324.2960690999753,0.8795180722891566,0.8795180722891566
reg3,reg3_m60_s0,es_learned,0,195,9760,1.3568834442108368,73.0,73.0,0.06941224522894354,0.011701464605790315,20,40,0.018157092854380608,334.49693209998077,0.8795180722891566,0.8795180722891566
reg3,reg3_m60_s0,es_learned,0,200,10010,1.3568834442108368,73.0,73.0,0.06941224522894354,0.011701464605790315,20,40,0.017556235194206238,340.21675510000205,0.8795180722891566,0.8795180722891566
reg3,reg3_m60_s0,es_learned,0,205,10260,1.357940076329959,73.0,73.0,0.06791730516372868,0.005719439343799107,20,40,0.01712711714208126,350.52088739996543,0.8795180722891566,0.8795180722891566
reg3,reg3_m60_s0,es_learned,0,210,10510,1.3634873466962893,74.0,73.1,0.08630064339898899,0.0006170579479621574,20,39,0.015903446823358536,360.7794650999713,0.891566265060241,0.880722891566265
reg3,reg3_m60_s0,es_learned,0,215,10760,1.3634873466962893,74.0,73.1,0.08630064339898899,0.0006170579479621574,20,39,0.011707646772265434,366.78147809999064,0.891566265060241,0.880722891566265
reg3,reg3_m60_s0,es_learned,0,220,11010,1.3634873466962893,74.0,73.1,0.08630064339898899,0.0006170579479621574,20,39,0.015927515923976898,376.7558665999677,0.891566265060241,0.880722891566265
reg3,reg3_m60_s0,es_learned,0,225,11260,1.3634873466962893,74.0,73.1,0.08630064339898899,0.0006170579479621574,20,39,0.016739074140787125,386.46979200001806,0.891566265060241,0.880722891566265
reg3,reg3_m60_s0,es_learned,0,230,11510,1.3634873466962893,74.0,73.1,0.08630064339898899,0.0006170579479621574,20,39,0.013866373337805271,392.0841452999739,0.891566265060241,0.880722891566265
reg3,reg3_m60_s0,es_learned,0,235,11760,1.3634873466962893,74.0,73.1,0.08630064339898899,0.0006170579479621574,20,39,0.012551437132060528,402.0653510999982,0.891566265060241,0.880722891566265
reg3,reg3_m60_s0,es_learned,0,240,12010,1.3634873466962893,74.0,73.1,0.08630064339898899,0.0006170579479621574,20,39,0.015000974759459496,412.35152610001387,0.891566265060241,0.880722891566265
reg3,reg3_m60_s0,es_learned,0,245,12260,1.3634873466962893,74.0,73.1,0.08630064339898899,0.0006170579479621574,20,39,0.013978971168398857,418.01465129997814,0.891566265060241,0.880722891566265
reg3,reg3_m60_s0,es_learned,0,250,12510,1.3634873466962893,74.0,73.1,0.08630064339898899,0.0006170579479621574,20,39,0.01383131928741932,428.07989479997195,0.891566265060241,0.880722891566265
reg3,reg3_m60_s0,es_learned,0,255,12760,1.3634873466962893,74.0,73.1,0.08630064339898899,0.0006170579479621574,20,39,0.013047255575656891,438.0633327999967,0.891566265060241,0.880722891566265
reg3,reg3_m60_s0,es_learned,0,260,13010,1.3634873466962893,74.0,73.2,0.08630064339898899,0.0006170579479621574,20,39,0.016534121707081795,443.7469378999667,0.891566265060241,0.8819277108433735
reg3,reg3_m60_s0,es_learned,0,265,13260,1.3634873466962893,74.0,73.4,0.08630064339898899,0.0006170579479621574,20,39,0.012638497166335583,453.7407116999966,0.891566265060241,0.8843373493975905
reg3,reg3_m60_s0,es_learned,0,270,13510,1.3634873466962893,74.0,73.5,0.08630064339898899,0.0006170579479621574,20,39,0.01272664126008749,463.7137539999676,0.891566265060241,0.8855421686746988
reg3,reg3_m60_s0,es_learned,0,275,13760,1.3634873466962893,74.0,73.5,0.08630064339898899,0.0006170579479621574,20,39,0.015673281624913216,469.4140318999998,0.891566265060241,0.8855421686746988
reg3,reg3_m60_s0,es_learned,0,280,14010,1.3644102249587875,74.0,73.6,0.07893718081538287,0.0009358363211083047,20,39,0.011056603863835335,479.41160859999945,0.891566265060241,0.8867469879518072
reg3,reg3_m60_s0,es_learned,0,285,14260,1.3644102249587875,74.0,73.6,0.07893718081538287,0.0009358363211083047,20,39,0.015201623551547527,489.44413389998954,0.891566265060241,0.8867469879518072
reg3,reg3_m60_s0,es_learned,0,290,14510,1.3644102249587875,74.0,73.7,0.07893718081538287,0.0009358363211083047,20,39,0.013245614245533943,495.16628980002133,0.891566265060241,0.8879518072289156
reg3,reg3_m60_s0,es_learned,0,295,14760,1.3644102249587875,74.0,73.7,0.07893718081538287,0.0009358363211083047,20,39,0.015320107340812683,505.32517749996623,0.891566265060241,0.8879518072289156
reg3,reg3_m60_s0,es_learned,0,300,15010,1.3644102249587875,74.0,73.7,0.07893718081538287,0.0009358363211083047,20,39,0.01284773275256157,515.0794758999837,0.891566265060241,0.8879518072289156
reg3,reg3_m60_s0,es_learned,0,305,15260,1.3644102249587875,74.0,73.9,0.07893718081538287,0.0009358363211083047,20,39,0.012008682824671268,520.7267849000054,0.891566265060241,0.8903614457831326
reg3,reg3_m60_s0,es_learned,0,310,15510,1.3644102249587875,74.0,74.0,0.07893718081538287,0.0009358363211083047,20,39,0.00972489919513464,530.6858953000046,0.891566265060241,0.891566265060241
reg3,reg3_m60_s0,es_learned,0,315,15760,1.3644102249587875,74.0,74.0,0.07893718081538287,0.0009358363211083047,20,39,0.011935040354728699,540.8318152999855,0.891566265060241,0.891566265060241
reg3,reg3_m60_s0,es_learned,0,320,16010,1.3644102249587875,74.0,74.0,0.07893718081538287,0.0009358363211083047,20,39,0.01349853165447712,546.6683790999814,0.891566265060241,0.891566265060241
reg3,reg3_m60_s0,es_learned,0,325,16260,1.3644102249587875,74.0,74.0,0.07893718081538287,0.0009358363211083047,20,39,0.012673566117882729,556.8922875999706,0.891566265060241,0.891566265060241
reg3,reg3_m60_s0,es_learned,0,330,16510,1.3644102249587875,74.0,74.0,0.07893718081538287,0.0009358363211083047,20,39,0.011890160851180553,566.8406229999964,0.891566265060241,0.891566265060241
reg3,reg3_m60_s0,es_learned,0,335,16760,1.3644102249587875,74.0,74.0,0.07893718081538287,0.0009358363211083047,20,39,0.01102902926504612,572.4940130999894,0.891566265060241,0.891566265060241
reg3,reg3_m60_s0,es_learned,0,340,17010,1.3644102249587875,74.0,74.0,0.07893718081538287,0.0009358363211083047,20,39,0.01318311132490635,582.4668623000034,0.891566265060241,0.891566265060241
reg3,reg3_m60_s0,es_learned,0,345,17260,1.3651839892354003,74.0,74.0,0.07720734729071044,0.002306985747949757,20,39,0.013308912515640259,592.2485785000026,0.891566265060241,0.891566265060241
reg3,reg3_m60_s0,es_learned,0,350,17510,1.3659250482414067,74.0,74.0,0.08854235281462103,0.0007911039181009915,20,39,0.01070812065154314,597.8746167999925,0.891566265060241,0.891566265060241
reg3,reg3_m60_s0,es_learned,0,355,17760,1.3659250482414067,74.0,74.0,0.08854235281462103,0.0007911039181009915,20,39,0.010753133334219456,608.1362651999807,0.891566265060241,0.891566265060241
reg3,reg3_m60_s0,es_learned,0,360,18010,1.3659250482414067,74.0,74.0,0.08854235281462103,0.0007911039181009915,20,39,0.009746176190674305,618.0227703999844,0.891566265060241,0.891566265060241
reg3,reg3_m60_s0,es_learned,0,365,18260,1.3659250482414067,74.0,74.0,0.08854235281462103,0.0007911039181009915,20,39,0.011245879344642162,623.765124699974,0.891566265060241,0.891566265060241
reg3,reg3_m60_s0,es_learned,0,370,18510,1.3659250482414067,74.0,74.0,0.08854235281462103,0.0007911039181009915,20,39,0.010116491466760635,633.6800787000102,0.891566265060241,0.891566265060241
reg3,reg3_m60_s0,es_learned,0,375,18760,1.3659725270923133,74.0,74.0,0.08353783078036983,6.271407381564387e-05,20,40,0.01070043072104454,643.6775874000159,0.891566265060241,0.891566265060241
reg3,reg3_m60_s0,es_learned,0,380,19010,1.3659725270923133,74.0,74.0,0.08353783078036983,6.271407381564387e-05,20,40,0.014070423319935799,649.2919499999844,0.891566265060241,0.891566265060241
reg3,reg3_m60_s0,es_learned,0,385,19260,1.3659725270923133,74.0,74.0,0.08353783078036983,6.271407381564387e-05,20,40,0.011601364240050316,659.5299359000055,0.891566265060241,0.891566265060241
reg3,reg3_m60_s0,es_learned,0,390,19510,1.3659725270923133,74.0,74.0,0.08353783078036983,6.271407381564387e-05,20,40,0.008673791773617268,669.8342475999962,0.891566265060241,0.891566265060241
reg3,reg3_m60_s0,es_learned,0,395,19760,1.3659725270923133,74.0,74.0,0.08353783078036983,6.271407381564387e-05,20,40,0.012291742488741875,675.6390118999989,0.891566265060241,0.891566265060241
reg3,reg3_m60_s0,es_learned,0,400,20010,1.3659725270923133,74.0,74.0,0.08353783078036983,6.271407381564387e-05,20,40,0.012450631707906723,686.1832511000102,0.891566265060241,0.891566265060241
reg3,reg3_m60_s0,es_learned,1,0,10,0.736444777344415,44.0,46.3,0.07304383663338695,0.00098649445651193,20,35,,0.061176199989859015,0.5301204819277109,0.5578313253012048
reg3,reg3_m60_s0,es_learned,1,5,260,1.045467991440068,59.0,57.4,0.08242391310705856,0.0029908374413545012,20,36,0.14754325151443481,6.487757399969269,0.7108433734939759,0.691566265060241
reg3,reg3_m60_s0,es_learned,1,10,510,1.130753289699718,64.0,61.5,0.07137793968419058,0.0012516659870884309,20,35,0.1587909758090973,17.367004699946847,0.7710843373493976,0.7409638554216867
reg3,reg3_m60_s0,es_learned,1,15,760,1.130753289699718,64.0,62.3,0.07137793968419058,0.0012516659870884309,20,35,0.14950184524059296,27.531835499976296,0.7710843373493976,0.7506024096385542
reg3,reg3_m60_s0,es_learned,1,20,1010,1.1320184729327152,64.0,63.6,0.07196488526294609,0.0012263599476545588,20,34,0.1216561421751976,33.195453899970744,0.7710843373493976,0.7662650602409639
reg3,reg3_m60_s0,es_learned,1,25,1260,1.1580165071757373,64.0,63.6,0.10105037477026116,0.0013984996066713183,20,34,0.09323712438344955,43.39867799996864,0.7710843373493976,0.7662650602409639
reg3,reg3_m60_s0,es_learned,1,30,1510,1.1738142628784989,65.0,64.1,0.08283069550102917,0.0017920037441108289,20,35,0.07066105306148529,54.51513349998277,0.7831325301204819,0.772289156626506
reg3,reg3_m60_s0,es_learned,1,35,1760,1.1816130653652124,65.0,64.9,0.10180763467308232,0.0016707364962290378,20,35,0.06991816312074661,61.66621969995322,0.7831325301204819,0.7819277108433735
reg3,reg3_m60_s0,es_learned,1,40,2010,1.2026587646708489,67.0,65.3,0.0916131486070002,0.0010492277895915135,20,34,0.037830907851457596,71.94637139997212,0.8072289156626506,0.7867469879518072
reg3,reg3_m60_s0,es_learned,1,45,2260,1.2026587646708489,67.0,66.4,0.0916131486070002,0.0010492277895915135,20,34,0.03630127012729645,81.9941796999774,0.8072289156626506,0.8
reg3,reg3_m60_s0,es_learned,1,50,2510,1.2026587646708489,67.0,66.9,0.0916131486070002,0.0010492277895915135,20,34,0.03151271492242813,87.62676479999209,0.8072289156626506,0.8060240963855423
reg3,reg3_m60_s0,es_learned,1,55,2760,1.2026587646708489,67.0,67.0,0.09161314860700033,0.0010492277895915517,20,33,0.028791233897209167,97.48028909997083,0.8072289156626506,0.8072289156626506
reg3,reg3_m60_s0,es_learned,1,60,3010,1.2026587646708489,67.0,67.0,0.09161314860700022,0.0010492277895915482,20,34,0.03308141976594925,107.35664729995187,0.8072289156626506,0.8072289156626506
reg3,reg3_m60_s0,es_learned,1,65,3260,1.207525142207506,67.0,67.0,0.10117298302449848,0.004139026093952766,20,33,0.024797292426228523,113.069254299975,0.8072289156626506,0.8072289156626506
reg3,reg3_m60_s0,es_learned,1,70,3510,1.2103082196715453,67.0,67.0,0.08517278271892093,0.0027531166257043008,20,34,0.024937879294157028,122.9183438999462,0.8072289156626506,0.8072289156626506
reg3,reg3_m60_s0,es_learned,1,75,3760,1.2143993004878628,67.0,67.0,0.10434226913875916,0.0027531166257044916,20,35,0.035038165748119354,132.74093829997582,0.8072289156626506,0.8072289156626506
reg3,reg3_m60_s0,es_learned,1,80,4010,1.2164923407210257,67.0,67.0,0.06890606549161887,0.0027070562056052024,20,34,0.020125554874539375,138.39084959996399,0.8072289156626506,0.8072289156626506
reg3,reg3_m60_s0,es_learned,1,85,4260,1.2164923407210257,67.0,67.0,0.06890606549161887,0.0027070562056052024,20,34,0.02228938788175583,148.405116799986,0.8072289156626506,0.8072289156626506
reg3,reg3_m60_s0,es_learned,1,90,4510,1.2164923407210257,67.0,67.0,0.06890606549161887,0.0027070562056052024,20,34,0.024116387590765953,158.2069825999788,0.8072289156626506,0.8072289156626506
reg3,reg3_m60_s0,es_learned,1,95,4760,1.2164923407210257,67.0,67.0,0.06890606549161896,0.0027070562056051815,20,34,0.025364451110363007,163.82118319999427,0.8072289156626506,0.8072289156626506
reg3,reg3_m60_s0,es_learned,1,100,5010,1.2164923407210257,67.0,67.0,0.06890606549161886,0.0027070562056051815,20,34,0.0169338621199131,173.73477819998516,0.8072289156626506,0.8072289156626506
reg3,reg3_m60_s0,es_learned,1,105,5260,1.2164923407210257,67.0,67.0,0.06890606549161893,0.002707056205605112,20,35,0.02066989429295063,183.56336559995543,0.8072289156626506,0.8072289156626506
reg3,reg3_m60_s0,es_learned,1,110,5510,1.2164923407210257,67.0,67.0,0.06890606549161882,0.00270705620560523,20,36,0.023614993318915367,189.16806779999752,0.8072289156626506,0.8072289156626506
reg3,reg3_m60_s0,es_learned,1,115,5760,1.2164923407210257,67.0,67.0,0.06890606549161882,0.00270705620560514,20,34,0.015697062015533447,199.00440099998377,0.8072289156626506,0.8072289156626506
reg3,reg3_m60_s0,es_learned,1,120,6010,1.2164923407210257,67.0,67.0,0.06890606549161886,0.0027070562056051815,20,34,0.020021485164761543,208.9693464000011,0.8072289156626506,0.8072289156626506
reg3,reg3_m60_s0,es_learned,1,125,6260,1.2164923407210257,67.0,67.0,0.06890606549161886,0.0027070562056051815,20,34,0.020411383360624313,214.57901299995137,0.8072289156626506,0.8072289156626506
reg3,reg3_m60_s0,es_learned,1,130,6510,1.2164923407210257,67.0,67.0,0.06890606549161882,0.002707056205605105,20,35,0.022063618525862694,224.40897769998992,0.8072289156626506,0.8072289156626506
reg3,reg3_m60_s0,es_learned,1,135,6760,1.2164923407210257,67.0,67.0,0.06890606549161896,0.0027070562056051815,20,34,0.01826982945203781,234.27777210000204,0.8072289156626506,0.8072289156626506
reg3,reg3_m60_s0,es_learned,1,140,7010,1.2164923407210257,67.0,67.0,0.06890606549161882,0.00270705620560523,20,35,0.016018934547901154,239.81433029996697,0.8072289156626506,0.8072289156626506
reg3,reg3_m60_s0,es_learned,1,145,7260,1.2164923407210257,67.0,67.0,0.06890606549161876,0.002707056205605133,20,35,0.01719098910689354,249.60617649997585,0.8072289156626506,0.8072289156626506
reg3,reg3_m60_s0,es_learned,1,150,7510,1.2164923407210257,67.0,67.0,0.06890606549161887,0.0027070562056052024,20,34,0.015595187433063984,259.4523322999594,0.8072289156626506,0.8072289156626506
reg3,reg3_m60_s0,es_learned,1,155,7760,1.2164923407210257,67.0,67.0,0.06890606549161896,0.002707056205605074,20,35,0.0196001585572958,265.0157713999506,0.8072289156626506,0.8072289156626506
reg3,reg3_m60_s0,es_learned,1,160,8010,1.2164923407210257,67.0,67.0,0.06890606549161885,0.0027070562056050983,20,36,0.013680033385753632,274.8400400999817,0.8072289156626506,0.8072289156626506
reg3,reg3_m60_s0,es_learned,1,165,8260,1.2164923407210257,67.0,67.0,0.06890606549161885,0.0027070562056050913,20,35,0.012390794232487679,284.57754199998453,0.8072289156626506,0.8072289156626506
reg3,reg3_m60_s0,es_learned,1,170,8510,1.2164923407210257,67.0,67.0,0.06890606549161879,0.0027070562056051503,20,35,0.014926422387361526,290.1141642999719,0.8072289156626506,0.8072289156626506
reg3,reg3_m60_s0,es_learned,1,175,8760,1.2164923407210257,67.0,67.0,0.06890606549161883,0.0027070562056051885,20,35,0.013114949688315392,299.96387809998123,0.8072289156626506,0.8072289156626506
reg3,reg3_m60_s0,es_learned,1,180,9010,1.2164923407210257,67.0,67.0,0.06890606549161885,0.0027070562056051815,20,36,0.011446711607277393,309.79302759998245,0.8072289156626506,0.8072289156626506
reg3,reg3_m60_s0,es_learned,1,185,9260,1.2164923407210257,67.0,67.0,0.0689060654916189,0.002707056205605119,20,35,0.013817270286381245,315.40387109998846,0.8072289156626506,0.8072289156626506
reg3,reg3_m60_s0,es_learned,1,190,9510,1.2164923407210257,67.0,67.0,0.06890606549161885,0.002707056205605074,20,36,0.01216807495802641,325.32952589995693,0.8072289156626506,0.8072289156626506
reg3,reg3_m60_s0,es_learned,1,195,9760,1.2164923407210257,67.0,67.0,0.06890606549161876,0.0027070562056050775,20,34,0.01192629337310791,334.93915489997016,0.8072289156626506,0.8072289156626506
reg3,reg3_m60_s0,es_learned,1,200,10010,1.2164923407210257,67.0,67.0,0.0689060654916189,0.002707056205605147,20,33,0.016298269852995872,340.4546788999578,0.8072289156626506,0.8072289156626506
reg3,reg3_m60_s0,es_learned,1,205,10260,1.2164923407210257,67.0,67.0,0.0689060654916189,0.0027070562056051815,20,35,0.011687073856592178,350.2731994999922,0.8072289156626506,0.8072289156626506
reg3,reg3_m60_s0,es_learned,1,210,10510,1.2164923407210257,67.0,67.0,0.06890606549161887,0.0027070562056051677,20,34,0.010767826810479164,359.86135259998264,0.8072289156626506,0.8072289156626506
reg3,reg3_m60_s0,es_learned,1,215,10760,1.2164923407210257,67.0,67.0,0.06890606549161885,0.0027070562056050913,20,35,0.013574294745922089,365.3480114999693,0.8072289156626506,0.8072289156626506
reg3,reg3_m60_s0,es_learned,1,220,11010,1.2164923407210257,67.0,67.0,0.06890606549161878,0.002707056205605147,20,35,0.011054285801947117,375.65704829996685,0.8072289156626506,0.8072289156626506
reg3,reg3_m60_s0,es_learned,1,225,11260,1.2164923407210257,67.0,67.0,0.06890606549161891,0.002707056205605178,20,34,0.00843212753534317,385.517630599963,0.8072289156626506,0.8072289156626506
reg3,reg3_m60_s0,es_learned,1,230,11510,1.2164923407210257,67.0,67.0,0.06890606549161883,0.0027070562056051885,20,35,0.010861259885132313,391.16653009998845,0.8072289156626506,0.8072289156626506
reg3,reg3_m60_s0,es_learned,1,235,11760,1.2164923407210257,67.0,67.0,0.06890606549161887,0.0027070562056051677,20,34,0.011815299279987812,400.90809869999066,0.8072289156626506,0.8072289156626506
reg3,reg3_m60_s0,es_learned,1,240,12010,1.2164923407210257,67.0,67.0,0.06890606549161886,0.0027070562056052024,20,35,0.01112245861440897,410.656912299979,0.8072289156626506,0.8072289156626506
reg3,reg3_m60_s0,es_learned,1,245,12260,1.2164923407210257,67.0,67.0,0.06890606549161896,0.0027070562056051815,20,34,0.009410282596945763,416.1364429999958,0.8072289156626506,0.8072289156626506
reg3,reg3_m60_s0,es_learned,1,250,12510,1.2164923407210257,67.0,67.0,0.06890606549161887,0.0027070562056051573,20,36,0.008627969771623611,425.9020344999735,0.8072289156626506,0.8072289156626506
reg3,reg3_m60_s0,es_learned,1,255,12760,1.2164923407210257,67.0,67.0,0.06890606549161882,0.0027070562056052405,20,35,0.012175953015685081,435.63514839997515,0.8072289156626506,0.8072289156626506
reg3,reg3_m60_s0,es_learned,1,260,13010,1.2164923407210257,67.0,67.0,0.06890606549161887,0.0027070562056051954,20,36,0.011183544993400574,441.23697089997586,0.8072289156626506,0.8072289156626506
reg3,reg3_m60_s0,es_learned,1,265,13260,1.2164923407210257,67.0,67.0,0.06890606549161887,0.0027070562056051573,20,36,0.009378394111990929,451.0578998999554,0.8072289156626506,0.8072289156626506
reg3,reg3_m60_s0,es_learned,1,270,13510,1.2164923407210257,67.0,67.0,0.06890606549161885,0.0027070562056050844,20,35,0.008656574413180351,460.819414699974,0.8072289156626506,0.8072289156626506
reg3,reg3_m60_s0,es_learned,1,275,13760,1.2164923407210257,67.0,67.0,0.06890606549161893,0.0027070562056052475,20,35,0.0077046859078109264,466.4107641999726,0.8072289156626506,0.8072289156626506
reg3,reg3_m60_s0,es_learned,1,280,14010,1.2164923407210257,67.0,67.0,0.06890606549161885,0.002707056205605001,20,35,0.006413647904992104,476.40096669999184,0.8072289156626506,0.8072289156626506
reg3,reg3_m60_s0,es_learned,1,285,14260,1.2164923407210257,67.0,67.0,0.06890606549161882,0.0027070562056052405,20,35,0.009700382128357887,486.35120969999116,0.8072289156626506,0.8072289156626506
reg3,reg3_m60_s0,es_learned,1,290,14510,1.2164923407210257,67.0,67.0,0.06890606549161896,0.0027070562056050983,20,35,0.009516095742583275,491.9234384999727,0.8072289156626506,0.8072289156626506
reg3,reg3_m60_s0,es_learned,1,295,14760,1.2164923407210257,67.0,67.0,0.06890606549161896,0.002707056205605074,20,35,0.008251967839896679,501.8421584999887,0.8072289156626506,0.8072289156626506
reg3,reg3_m60_s0,es_learned,1,300,15010,1.2164923407210257,67.0,67.0,0.06890606549161887,0.0027070562056051087,20,36,0.010429725050926208,511.69999269995606,0.8072289156626506,0.8072289156626506
reg3,reg3_m60_s0,es_learned,1,305,15260,1.2164923407210257,67.0,67.0,0.0689060654916189,0.002707056205605147,20,33,0.007383488118648529,517.2700252999784,0.8072289156626506,0.8072289156626506
reg3,reg3_m60_s0,es_learned,1,310,15510,1.2164923407210257,67.0,67.0,0.06890606549161887,0.002707056205605133,20,35,0.010241423733532429,527.2567584999488,0.8072289156626506,0.8072289156626506
reg3,reg3_m60_s0,es_learned,1,315,15760,1.2164923407210257,67.0,67.0,0.06890606549161876,0.002707056205605133,20,35,0.008634475991129875,537.1014840999851,0.8072289156626506,0.8072289156626506
reg3,reg3_m60_s0,es_learned,1,320,16010,1.2164923407210257,67.0,67.0,0.06890606549161896,0.0027070562056050983,20,35,0.008366042748093605,542.5549448999809,0.8072289156626506,0.8072289156626506
reg3,reg3_m60_s0,es_learned,1,325,16260,1.2164923407210257,67.0,67.0,0.06890606549161886,0.002707056205605171,20,35,0.008213129825890064,552.0644224999705,0.8072289156626506,0.8072289156626506
reg3,reg3_m60_s0,es_learned,1,330,16510,1.2164923407210257,67.0,67.0,0.0689060654916189,0.002707056205605289,20,36,0.008227861486375332,561.8869753999752,0.8072289156626506,0.8072289156626506
reg3,reg3_m60_s0,es_learned,1,335,16760,1.2164923407210257,67.0,67.0,0.06890606549161879,0.002707056205605237,20,35,0.009099641814827919,567.4875052999705,0.8072289156626506,0.8072289156626506
reg3,reg3_m60_s0,es_learned,1,340,17010,1.2164923407210257,67.0,67.0,0.06890606549161886,0.0027070562056051885,20,36,0.008540449663996696,577.3749802999664,0.8072289156626506,0.8072289156626506
reg3,reg3_m60_s0,es_learned,1,345,17260,1.2164923407210257,67.0,67.0,0.06890606549161893,0.002707056205605081,20,36,0.008088244125247002,587.1499699999695,0.8072289156626506,0.8072289156626506
reg3,reg3_m60_s0,es_learned,1,350,17510,1.2164923407210257,67.0,67.0,0.06890606549161889,0.0027070562056050983,20,34,0.009365447796881199,592.647673600004,0.8072289156626506,0.8072289156626506
reg3,reg3_m60_s0,es_learned,1,355,17760,1.2164923407210257,67.0,67.0,0.06890606549161886,0.0027070562056052024,20,35,0.00720085809007287,602.3190645999857,0.8072289156626506,0.8072289156626506
reg3,reg3_m60_s0,es_learned,1,360,18010,1.2164923407210257,67.0,67.0,0.06890606549161873,0.002707056205605237,20,36,0.006982157472521067,611.9500140000018,0.8072289156626506,0.8072289156626506
reg3,reg3_m60_s0,es_learned,1,365,18260,1.2164923407210257,67.0,67.0,0.06890606549161903,0.002707056205605119,20,35,0.006941924802958965,617.56448859995,0.8072289156626506,0.8072289156626506
reg3,reg3_m60_s0,es_learned,1,370,18510,1.2164923407210257,67.0,67.0,0.06890606549161893,0.0027070562056051815,20,36,0.007544262334704399,627.0721947999555,0.8072289156626506,0.8072289156626506
reg3,reg3_m60_s0,es_learned,1,375,18760,1.2164923407210257,67.0,67.0,0.06890606549161885,0.0027070562056050913,20,36,0.0063267480581998825,636.82217639999,0.8072289156626506,0.8072289156626506
reg3,reg3_m60_s0,es_learned,1,380,19010,1.2164923407210257,67.0,67.0,0.06890606549161885,0.0027070562056050913,20,36,0.006347901187837124,642.5849570999853,0.8072289156626506,0.8072289156626506
reg3,reg3_m60_s0,es_learned,1,385,19260,1.2164923407210257,67.0,67.0,0.06890606549161879,0.002707056205605164,20,35,0.006764499470591545,652.4346481999964,0.8072289156626506,0.8072289156626506
reg3,reg3_m60_s0,es_learned,1,390,19510,1.2164923407210257,67.0,67.0,0.0689060654916188,0.0027070562056050254,20,36,0.007062781602144241,662.0160745999892,0.8072289156626506,0.8072289156626506
reg3,reg3_m60_s0,es_learned,1,395,19760,1.2164923407210257,67.0,67.0,0.0689060654916189,0.002707056205605147,20,33,0.0051431660540401936,667.5564413999673,0.8072289156626506,0.8072289156626506
reg3,reg3_m60_s0,es_learned,1,400,20010,1.2164923407210257,67.0,67.0,0.06890606549161896,0.002707056205605074,20,33,0.006100891623646021,677.571557599993,0.8072289156626506,0.8072289156626506
reg3,reg3_m60_s0,es_learned,2,0,10,0.6212453794867391,38.0,44.9,0.03190252217659621,0.0017974010528312402,20,35,,0.04104370001005009,0.4578313253012048,0.5409638554216867
reg3,reg3_m60_s0,es_learned,2,5,260,1.0571486139019117,60.0,58.9,0.05246682271712083,0.001698874454830912,20,32,0.13623511791229248,5.686747599975206,0.7228915662650602,0.7096385542168675
reg3,reg3_m60_s0,es_learned,2,10,510,1.1032541626314856,63.0,61.1,0.031869829697790994,0.0023270806979114114,20,32,0.12247589975595474,15.454859299992677,0.7590361445783133,0.7361445783132531
reg3,reg3_m60_s0,es_learned,2,15,760,1.1469926621943225,65.0,63.5,0.040339357559123185,3.213818110977054e-05,20,32,0.08571204543113708,25.293590300017968,0.7831325301204819,0.7650602409638554
reg3,reg3_m60_s0,es_learned,2,20,1010,1.1786101041303232,66.0,65.5,0.06150486350271972,0.004954434872058405,20,31,0.0773581862449646,30.958670100022573,0.7951807228915663,0.7891566265060241
reg3,reg3_m60_s0,es_learned,2,25,1260,1.21145999416281,68.0,66.3,0.07522596025147865,0.005182051747622485,20,30,0.09247478097677231,40.8394554000115,0.8192771084337349,0.7987951807228916
reg3,reg3_m60_s0,es_learned,2,30,1510,1.2150704548580693,68.0,67.5,0.08259972667399068,0.00339187852323267,20,33,0.05310798063874245,50.702423400012776,0.8192771084337349,0.8132530120481928
reg3,reg3_m60_s0,es_learned,2,35,1760,1.235225622321367,68.0,68.0,0.10054662929213681,0.0008109609641285265,20,33,0.04644419997930527,56.29784750001272,0.8192771084337349,0.8192771084337349
reg3,reg3_m60_s0,es_learned,2,40,2010,1.2359043467920736,67.0,67.4,0.11206369888079021,0.003709497006164901,20,33,0.037486426532268524,66.13409609999508,0.8072289156626506,0.8120481927710844
reg3,reg3_m60_s0,es_learned,2,45,2260,1.2365056670465426,67.0,67.5,0.12566841367606232,0.002380058250605003,20,33,0.03396032750606537,75.97722030000295,0.8072289156626506,0.8132530120481928
reg3,reg3_m60_s0,es_learned,2,50,2510,1.2390251133469663,67.0,67.3,0.11813048189732309,0.0014138977731134178,20,33,0.026733264327049255,81.7528953999863,0.8072289156626506,0.8108433734939758
reg3,reg3_m60_s0,es_learned,2,55,2760,1.2390251133469663,67.0,67.0,0.11813048189732309,0.0014138977731134178,20,33,0.039278920739889145,91.76620940002613,0.8072289156626506,0.8072289156626506
reg3,reg3_m60_s0,es_learned,2,60,3010,1.2390251133469663,67.0,67.0,0.11813048189732309,0.0014138977731134178,20,33,0.027071617543697357,101.48958230001153,0.8072289156626506,0.8072289156626506
reg3,reg3_m60_s0,es_learned,2,65,3260,1.2438263901923663,67.0,67.0,0.11631204712796431,0.006316782830504394,20,33,0.03289133310317993,107.0418812999851,0.8072289156626506,0.8072289156626506
reg3,reg3_m60_s0,es_learned,2,70,3510,1.2471644102431778,68.0,67.3,0.09056475761593177,0.0037498934391230615,20,33,0.025564340874552727,116.89501679997193,0.8192771084337349,0.8108433734939758
reg3,reg3_m60_s0,es_learned,2,75,3760,1.255606509247443,69.0,67.8,0.07925419083845525,0.0043786320438042575,20,32,0.02112298272550106,126.88469470001291,0.8313253012048193,0.8168674698795181
reg3,reg3_m60_s0,es_learned,2,80,4010,1.265079459995549,69.0,68.8,0.09919687868027773,0.0017045251974474526,20,32,0.02626911737024784,132.5660910999868,0.8313253012048193,0.8289156626506023
reg3,reg3_m60_s0,es_learned,2,85,4260,1.265079459995549,69.0,68.8,0.09919687868027773,0.0017045251974474526,20,32,0.021102216094732285,142.56998839997686,0.8313253012048193,0.8289156626506023
reg3,reg3_m60_s0,es_learned,2,90,4510,1.2722190227000898,69.0,69.0,0.09092144222473256,0.0025680789044583777,20,33,0.01943962089717388,152.51941980002448,0.8313253012048193,0.8313253012048193
reg3,reg3_m60_s0,es_learned,2,95,4760,1.2722190227000898,69.0,69.0,0.09092144222473256,0.0025680789044583777,20,33,0.01972014084458351,158.03140929999063,0.8313253012048193,0.8313253012048193
reg3,reg3_m60_s0,es_learned,2,100,5010,1.2722190227000898,69.0,69.0,0.09092144222473256,0.0025680789044583777,20,33,0.026245279237627983,167.83670290000737,0.8313253012048193,0.8313253012048193
reg3,reg3_m60_s0,es_learned,2,105,5260,1.2722190227000898,69.0,69.0,0.09092144222473256,0.002568078904458395,20,32,0.020224129781126976,177.70885980001185,0.8313253012048193,0.8313253012048193
reg3,reg3_m60_s0,es_learned,2,110,5510,1.2727431678099923,69.0,69.0,0.08935338043477555,0.003155779082155377,20,34,0.01578621007502079,183.44000669999514,0.8313253012048193,0.8313253012048193
reg3,reg3_m60_s0,es_learned,2,115,5760,1.275072043435359,69.0,69.0,0.08810948336703925,0.0044962384762722955,20,33,0.018049754202365875,193.4526796999853,0.8313253012048193,0.8313253012048193
reg3,reg3_m60_s0,es_learned,2,120,6010,1.2750720434353593,69.0,69.0,0.08810948336703928,0.004496238476272542,20,33,0.020960956811904907,203.24675990000833,0.8313253012048193,0.8313253012048193
reg3,reg3_m60_s0,es_learned,2,125,6260,1.2773388202633522,69.0,69.0,0.10061933766861655,0.00449623847627223,20,32,0.015932101756334305,208.88335770001868,0.8313253012048193,0.8313253012048193
reg3,reg3_m60_s0,es_learned,2,130,6510,1.2773388202633522,69.0,69.0,0.10061933766861642,0.004496238476272375,20,32,0.01944885216653347,218.8522440000088,0.8313253012048193,0.8313253012048193
reg3,reg3_m60_s0,es_learned,2,135,6760,1.2773388202633522,69.0,69.0,0.1006193376686165,0.004496238476272438,20,33,0.013401180505752563,228.5823183999746,0.8313253012048193,0.8313253012048193
reg3,reg3_m60_s0,es_learned,2,140,7010,1.2773388202633522,69.0,69.0,0.10061933766861642,0.004496238476272375,20,32,0.018693499267101288,234.1403403999866,0.8313253012048193,0.8313253012048193
reg3,reg3_m60_s0,es_learned,2,145,7260,1.2775786310295698,69.0,69.0,0.10635114643211904,0.003760705288386571,20,32,0.02054535783827305,244.12024860002566,0.8313253012048193,0.8313253012048193
reg3,reg3_m60_s0,es_learned,2,150,7510,1.2775786310295698,69.0,69.0,0.10635114643211904,0.003760705288386571,20,32,0.01652800850570202,254.09571720001986,0.8313253012048193,0.8313253012048193
reg3,reg3_m60_s0,es_learned,2,155,7760,1.27757863102957,69.0,69.0,0.10635114643211911,0.0037607052883868695,20,32,0.015482264570891857,259.72644360002596,0.8313253012048193,0.8313253012048193
reg3,reg3_m60_s0,es_learned,2,160,8010,1.27757863102957,69.0,69.0,0.10635114643211911,0.0037607052883868695,20,32,0.01328443642705679,269.5823822999955,0.8313253012048193,0.8313253012048193
reg3,reg3_m60_s0,es_learned,2,165,8260,1.27757863102957,69.0,69.0,0.10635114643211911,0.0037607052883868695,20,32,0.014857806265354156,279.7055163999903,0.8313253012048193,0.8313253012048193
reg3,reg3_m60_s0,es_learned,2,170,8510,1.2783408370589575,69.0,69.0,0.09832388174657135,0.0029433902987792415,20,32,0.013266029767692089,285.2853769999929,0.8313253012048193,0.8313253012048193
reg3,reg3_m60_s0,es_learned,2,175,8760,1.2783408370589577,69.0,69.0,0.09832388174657147,0.0029433902987791097,20,32,0.011761728674173355,295.09280629997374,0.8313253012048193,0.8313253012048193
reg3,reg3_m60_s0,es_learned,2,180,9010,1.2805557215391579,69.0,69.0,0.10098093633756233,0.009251337188188406,20,32,0.012931069359183311,305.0704506000038,0.8313253012048193,0.8313253012048193
reg3,reg3_m60_s0,es_learned,2,185,9260,1.2809108740529567,69.0,69.0,0.09307674529060847,0.002943390298779061,20,32,0.015147726982831955,310.6845451000263,0.8313253012048193,0.8313253012048193
reg3,reg3_m60_s0,es_learned,2,190,9510,1.2809108740529567,69.0,69.0,0.0930767452906085,0.002943390298779061,20,33,0.016002392396330833,320.6620951999794,0.8313253012048193,0.8313253012048193
reg3,reg3_m60_s0,es_learned,2,195,9760,1.2809108740529567,69.0,69.0,0.0930767452906085,0.002943390298779061,20,33,0.013291595503687859,330.5538878000225,0.8313253012048193,0.8313253012048193
reg3,reg3_m60_s0,es_learned,2,200,10010,1.2819594263308811,69.0,69.0,0.0966527796292724,0.010582035006811763,20,33,0.01227954775094986,336.2156859000097,0.8313253012048193,0.8313253012048193
reg3,reg3_m60_s0,es_learned,2,205,10260,1.2819594263308811,69.0,69.0,0.0966527796292724,0.010582035006811763,20,33,0.013115715235471725,346.1742547000176,0.8313253012048193,0.8313253012048193
reg3,reg3_m60_s0,es_learned,2,210,10510,1.2819594263308811,69.0,69.0,0.0966527796292724,0.010582035006811763,20,33,0.013983714394271374,356.10442410001997,0.8313253012048193,0.8313253012048193
reg3,reg3_m60_s0,es_learned,2,215,10760,1.2819594263308811,69.0,69.0,0.0966527796292724,0.010582035006811846,20,34,0.014148807153105736,361.7745793000213,0.8313253012048193,0.8313253012048193
reg3,reg3_m60_s0,es_learned,2,220,11010,1.2819594263308811,69.0,69.0,0.09665277962927238,0.010582035006811985,20,33,0.01219819113612175,371.6586861999822,0.8313253012048193,0.8313253012048193
reg3,reg3_m60_s0,es_learned,2,225,11260,1.2819594263308811,69.0,69.0,0.09665277962927232,0.010582035006811846,20,34,0.012811965309083462,381.64663969998946,0.8313253012048193,0.8313253012048193
reg3,reg3_m60_s0,es_learned,2,230,11510,1.2819594263308811,69.0,69.0,0.0966527796292724,0.010582035006811763,20,33,0.01228414848446846,387.3563243999961,0.8313253012048193,0.8313253012048193
reg3,reg3_m60_s0,es_learned,2,235,11760,1.2819594263308813,69.0,69.0,0.09665277962927246,0.010582035006811846,20,33,0.01402690727263689,397.2133305000025,0.8313253012048193,0.8313253012048193
reg3,reg3_m60_s0,es_learned,2,240,12010,1.2819594263308813,69.0,69.0,0.09665277962927238,0.010582035006811957,20,33,0.011740205809473991,407.0832643000176,0.8313253012048193,0.8313253012048193
reg3,reg3_m60_s0,es_learned,2,245,12260,1.2819594263308813,69.0,69.0,0.09665277962927238,0.010582035006811957,20,33,0.012280803173780441,413.16891840001335,0.8313253012048193,0.8313253012048193
reg3,reg3_m60_s0,es_learned,2,250,12510,1.2819594263308813,69.0,69.0,0.09665277962927238,0.010582035006811957,20,33,0.012209002859890461,422.87591010000324,0.8313253012048193,0.8313253012048193
reg3,reg3_m60_s0,es_learned,2,255,12760,1.2819594263308813,69.0,69.0,0.09665277962927246,0.010582035006811846,20,33,0.009399929083883762,432.7755720000132,0.8313253012048193,0.8313253012048193
reg3,reg3_m60_s0,es_learned,2,260,13010,1.2819594263308813,69.0,69.0,0.09665277962927236,0.010582035006811902,20,33,0.010503025725483894,438.21712709998246,0.8313253012048193,0.8313253012048193
reg3,reg3_m60_s0,es_learned,2,265,13260,1.2819594263308813,69.0,69.0,0.09665277962927246,0.010582035006811846,20,33,0.010057124309241772,447.95772220002254,0.8313253012048193,0.8313253012048193
reg3,reg3_m60_s0,es_learned,2,270,13510,1.2819594263308813,69.0,69.0,0.09665277962927239,0.01058203500681193,20,33,0.010234692133963108,457.74715800001286,0.8313253012048193,0.8313253012048193
reg3,reg3_m60_s0,es_learned,2,275,13760,1.2819594263308813,69.0,69.0,0.09665277962927236,0.010582035006811902,20,33,0.00729075912386179,463.1999808999826,0.8313253012048193,0.8313253012048193
reg3,reg3_m60_s0,es_learned,2,280,14010,1.2819594263308813,69.0,69.0,0.0966527796292723,0.010582035006811985,20,34,0.01258228812366724,472.8113389000064,0.8313253012048193,0.8313253012048193
reg3,reg3_m60_s0,es_learned,2,285,14260,1.2819594263308813,69.0,69.0,0.09665277962927236,0.010582035006811902,20,33,0.009758931584656239,482.68349429999944,0.8313253012048193,0.8313253012048193
reg3,reg3_m60_s0,es_learned,2,290,14510,1.2819594263308813,69.0,69.0,0.09665277962927236,0.010582035006811902,20,33,0.00715144956484437,488.17620699998224,0.8313253012048193,0.8313253012048193
reg3,reg3_m60_s0,es_learned,2,295,14760,1.2819594263308813,69.0,69.0,0.09665277962927239,0.01058203500681193,20,33,0.010952474549412727,498.0174152000109,0.8313253012048193,0.8313253012048193
reg3,reg3_m60_s0,es_learned,2,300,15010,1.2819594263308813,69.0,69.0,0.09665277962927246,0.010582035006811846,20,33,0.010702860541641712,507.96642549999524,0.8313253012048193,0.8313253012048193
reg3,reg3_m60_s0,es_learned,2,305,15260,1.2819594263308813,69.0,69.0,0.09665277962927246,0.010582035006811846,20,33,0.01200776919722557,513.5504363999935,0.8313253012048193,0.8313253012048193
reg3,reg3_m60_s0,es_learned,2,310,15510,1.2819594263308813,69.0,69.0,0.09665277962927236,0.010582035006811902,20,33,0.008937993086874485,523.2422933999915,0.8313253012048193,0.8313253012048193
reg3,reg3_m60_s0,es_learned,2,315,15760,1.2819594263308813,69.0,69.0,0.09665277962927239,0.010582035006812013,20,34,0.009175349026918411,533.0557506000041,0.8313253012048193,0.8313253012048193
reg3,reg3_m60_s0,es_learned,2,320,16010,1.2819594263308813,69.0,69.0,0.09665277962927238,0.010582035006811957,20,33,0.009612501598894596,538.462178900023,0.8313253012048193,0.8313253012048193
reg3,reg3_m60_s0,es_learned,2,325,16260,1.2819594263308813,69.0,69.0,0.09665277962927246,0.010582035006811846,20,33,0.009800121188163757,548.3348793999758,0.8313253012048193,0.8313253012048193
reg3,reg3_m60_s0,es_learned,2,330,16510,1.2819594263308813,69.0,69.0,0.09665277962927234,0.010582035006812096,20,34,0.008413540199398994,558.0428710000124,0.8313253012048193,0.8313253012048193
reg3,reg3_m60_s0,es_learned,2,335,16760,1.2819594263308813,69.0,69.0,0.09665277962927239,0.010582035006812013,20,34,0.008563758805394173,563.7200644999975,0.8313253012048193,0.8313253012048193
reg3,reg3_m60_s0,es_learned,2,340,17010,1.2819594263308813,69.0,69.0,0.09665277962927238,0.010582035006811957,20,33,0.008533126674592495,573.5097753999871,0.8313253012048193,0.8313253012048193
reg3,reg3_m60_s0,es_learned,2,345,17260,1.2819594263308813,69.0,69.0,0.09665277962927252,0.010582035006811874,20,33,0.008029480464756489,583.2413587999763,0.8313253012048193,0.8313253012048193
reg3,reg3_m60_s0,es_learned,2,350,17510,1.2819594263308813,69.0,69.0,0.09665277962927252,0.010582035006811874,20,33,0.010700848884880543,588.7459042000119,0.8313253012048193,0.8313253012048193
reg3,reg3_m60_s0,es_learned,2,355,17760,1.2819594263308813,69.0,69.0,0.09665277962927243,0.010582035006811874,20,34,0.010654817335307598,598.3844492000062,0.8313253012048193,0.8313253012048193
reg3,reg3_m60_s0,es_learned,2,360,18010,1.2819594263308813,69.0,69.0,0.09665277962927238,0.010582035006811957,20,33,0.004747398197650909,608.1898901999812,0.8313253012048193,0.8313253012048193
reg3,reg3_m60_s0,es_learned,2,365,18260,1.2819594263308813,69.0,69.0,0.09665277962927246,0.010582035006812068,20,34,0.008809852413833141,613.7592481999891,0.8313253012048193,0.8313253012048193
reg3,reg3_m60_s0,es_learned,2,370,18510,1.2819594263308813,69.0,69.0,0.0966527796292723,0.010582035006811985,20,34,0.008447842672467232,623.6397083000047,0.8313253012048193,0.8313253012048193
reg3,reg3_m60_s0,es_learned,2,375,18760,1.2819594263308813,69.0,69.0,0.09665277962927243,0.010582035006811985,20,34,0.007149633020162582,633.325427600008,0.8313253012048193,0.8313253012048193
reg3,reg3_m60_s0,es_learned,2,380,19010,1.2819594263308813,69.0,69.0,0.09665277962927252,0.010582035006811874,20,33,0.008410516194999218,638.7494680000236,0.8313253012048193,0.8313253012048193
reg3,reg3_m60_s0,es_learned,2,385,19260,1.2819594263308813,69.0,69.0,0.09665277962927252,0.010582035006811874,20,33,0.01083744503557682,648.5653979000053,0.8313253012048193,0.8313253012048193
reg3,reg3_m60_s0,es_learned,2,390,19510,1.2819594263308813,69.0,69.0,0.09665277962927243,0.010582035006811874,20,34,0.00858630333095789,658.2154093999998,0.8313253012048193,0.8313253012048193
reg3,reg3_m60_s0,es_learned,2,395,19760,1.2819594263308813,69.0,69.0,0.09665277962927246,0.010582035006811846,20,33,0.007919982075691223,663.640116799972,0.8313253012048193,0.8313253012048193
reg3,reg3_m60_s0,es_learned,2,400,20010,1.2819594263308813,69.0,69.0,0.09665277962927234,0.010582035006812096,20,34,0.006742366123944521,673.3715177999693,0.8313253012048193,0.8313253012048193
reg3,reg3_m60_s0,es_learned,3,0,10,0.510890886101881,31.0,44.4,0.043618584570616764,1.984089975648473e-17,20,32,,0.04617269994923845,0.37349397590361444,0.5349397590361445
reg3,reg3_m60_s0,es_learned,3,5,260,1.1681474187327647,67.0,63.1,0.06005641678029071,8.500145032286355e-17,20,33,0.20112496614456177,5.686142699967604,0.8072289156626506,0.7602409638554217
reg3,reg3_m60_s0,es_learned,3,10,510,1.1681474187327647,67.0,64.3,0.06005641678029071,8.500145032286355e-17,20,33,0.12038209289312363,15.756024899950717,0.8072289156626506,0.7746987951807228
reg3,reg3_m60_s0,es_learned,3,15,760,1.1681474187327647,67.0,65.1,0.06005641678029071,8.500145032286355e-17,20,33,0.08465534448623657,25.52479429997038,0.8072289156626506,0.7843373493975903
reg3,reg3_m60_s0,es_learned,3,20,1010,1.1681474187327647,67.0,65.7,0.06005641678029071,8.500145032286355e-17,20,33,0.07289860397577286,30.950440099986736,0.8072289156626506,0.791566265060241
reg3,reg3_m60_s0,es_learned,3,25,1260,1.1681474187327647,67.0,66.1,0.06005641678029071,8.500145032286355e-17,20,33,0.07180847227573395,40.8049143999815,0.8072289156626506,0.7963855421686746
reg3,reg3_m60_s0,es_learned,3,30,1510,1.1681474187327647,67.0,66.4,0.06005641678029071,8.500145032286355e-17,20,33,0.047728244215250015,50.5875896999496,0.8072289156626506,0.8
reg3,reg3_m60_s0,es_learned,3,35,1760,1.174700887494567,67.0,66.7,0.06186128722666737,5.377642775528102e-17,20,32,0.046893566846847534,56.098356599977706,0.8072289156626506,0.8036144578313253
reg3,reg3_m60_s0,es_learned,3,40,2010,1.1760100817552768,67.0,67.0,0.05710154591988857,3.469446951953614e-18,20,33,0.037187036126852036,65.88903339998797,0.8072289156626506,0.8072289156626506
reg3,reg3_m60_s0,es_learned,3,45,2260,1.180895550350268,67.0,67.0,0.06283205830989844,3.642919299551295e-17,20,33,0.03743637353181839,75.6764290999854,0.8072289156626506,0.8072289156626506
reg3,reg3_m60_s0,es_learned,3,50,2510,1.2093483126603686,69.0,67.3,0.05395664663233081,6.765421556309548e-17,20,33,0.03542852774262428,81.1441226999741,0.8313253012048193,0.8108433734939758
reg3,reg3_m60_s0,es_learned,3,55,2760,1.2093483126603686,69.0,67.4,0.05395664663233081,6.765421556309548e-17,20,33,0.022760966792702675,90.91639499994926,0.8313253012048193,0.8120481927710844
reg3,reg3_m60_s0,es_learned,3,60,3010,1.2093483126603686,69.0,67.5,0.05395664663233081,6.765421556309548e-17,20,33,0.027818985283374786,100.62714659998892,0.8313253012048193,0.8132530120481928
reg3,reg3_m60_s0,es_learned,3,65,3260,1.2093483126603686,69.0,67.7,0.05395664663233081,6.765421556309548e-17,20,33,0.020113863050937653,106.01769670000067,0.8313253012048193,0.8156626506024097
reg3,reg3_m60_s0,es_learned,3,70,3510,1.2093483126603686,69.0,67.9,0.05395664663233081,6.765421556309548e-17,20,33,0.02620549499988556,115.70932929997798,0.8313253012048193,0.8180722891566266
reg3,reg3_m60_s0,es_learned,3,75,3760,1.2093483126603686,69.0,68.1,0.05395664663233081,6.765421556309548e-17,20,33,0.02137766219675541,125.80329189996701,0.8313253012048193,0.8204819277108433
reg3,reg3_m60_s0,es_learned,3,80,4010,1.228514370310234,70.0,68.5,0.05232765790503281,0.0004395542817586147,20,35,0.02245219051837921,131.53743859997485,0.8433734939759037,0.8253012048192772
reg3,reg3_m60_s0,es_learned,3,85,4260,1.2339302930276321,70.0,69.0,0.056868476247232014,0.0013165463398815413,20,33,0.021372389048337936,141.38395679998212,0.8433734939759037,0.8313253012048193
reg3,reg3_m60_s0,es_learned,3,90,4510,1.2339302930276321,70.0,69.4,0.056868476247232014,0.0013165463398815413,20,33,0.018636073917150497,151.25969569996232,0.8433734939759037,0.8361445783132531
reg3,reg3_m60_s0,es_learned,3,95,4760,1.2339302930276321,70.0,69.8,0.056868476247232014,0.0013165463398815413,20,33,0.01858224906027317,156.69351779995486,0.8433734939759037,0.8409638554216867
reg3,reg3_m60_s0,es_learned,3,100,5010,1.2537157644732146,71.0,70.1,0.06258868562062418,0.0014252909828441455,20,34,0.019488057121634483,166.64931809995323,0.8554216867469879,0.844578313253012
reg3,reg3_m60_s0,es_learned,3,105,5260,1.2537157644732146,71.0,70.6,0.06258868562062418,0.0014252909828441455,20,34,0.02452201209962368,176.55785139999352,0.8554216867469879,0.8506024096385542
reg3,reg3_m60_s0,es_learned,3,110,5510,1.2537157644732146,71.0,71.0,0.06258868562062408,0.001425290982844201,20,34,0.018543129786849022,182.12497679999797,0.8554216867469879,0.8554216867469879
reg3,reg3_m60_s0,es_learned,3,115,5760,1.2642853465605217,72.0,71.1,0.04792884721767771,0.00021052624619388727,20,35,0.02197994664311409,191.99717869999586,0.8674698795180723,0.8566265060240963
reg3,reg3_m60_s0,es_learned,3,120,6010,1.2642853465605217,72.0,71.1,0.04792884721767771,0.00021052624619388727,20,35,0.022778911516070366,201.764260499971,0.8674698795180723,0.8566265060240963
reg3,reg3_m60_s0,es_learned,3,125,6260,1.2642853465605217,72.0,71.1,0.04792884721767771,0.00021052624619388727,20,35,0.01782030239701271,207.3083005999797,0.8674698795180723,0.8566265060240963
reg3,reg3_m60_s0,es_learned,3,130,6510,1.2642853465605217,72.0,71.1,0.04792884721767771,0.00021052624619388727,20,35,0.022009698674082756,217.36815989995375,0.8674698795180723,0.8566265060240963
reg3,reg3_m60_s0,es_learned,3,135,6760,1.2642853465605217,72.0,71.1,0.04792884721767771,0.00021052624619388727,20,35,0.01790977455675602,227.19978450000053,0.8674698795180723,0.8566265060240963
reg3,reg3_m60_s0,es_learned,3,140,7010,1.2642853465605217,72.0,71.1,0.04792884721767771,0.00021052624619388727,20,35,0.018505647778511047,232.70783349999692,0.8674698795180723,0.8566265060240963
reg3,reg3_m60_s0,es_learned,3,145,7260,1.2642853465605217,72.0,71.3,0.047928847217677664,0.0002105262461941093,20,35,0.018581321462988853,242.76702879997902,0.8674698795180723,0.8590361445783132
reg3,reg3_m60_s0,es_learned,3,150,7510,1.2642853465605217,72.0,71.4,0.04792884721767771,0.00021052624619388727,20,35,0.017941849306225777,252.5540833999985,0.8674698795180723,0.8602409638554217
reg3,reg3_m60_s0,es_learned,3,155,7760,1.2642853465605217,72.0,71.9,0.047928847217677616,0.00021052624619397053,20,34,0.01877540908753872,258.0242715999484,0.8674698795180723,0.866265060240964
reg3,reg3_m60_s0,es_learned,3,160,8010,1.2803732113160826,73.0,72.1,0.051357295880952475,0.00021052624619402605,20,34,0.01787973940372467,267.74681359995157,0.8795180722891566,0.8686746987951807
reg3,reg3_m60_s0,es_learned,3,165,8260,1.2803732113160826,73.0,72.3,0.051357295880952475,0.00021052624619402605,20,34,0.014987454749643803,277.634195599996,0.8795180722891566,0.8710843373493976
reg3,reg3_m60_s0,es_learned,3,170,8510,1.280473586285559,73.0,72.5,0.054866976393431195,0.0003233504147245325,20,35,0.015166603960096836,283.13068929995643,0.8795180722891566,0.8734939759036144
reg3,reg3_m60_s0,es_learned,3,175,8760,1.280473586285559,73.0,72.9,0.054866976393431195,0.0003233504147245325,20,35,0.02248181402683258,293.07586729998,0.8795180722891566,0.8783132530120482
reg3,reg3_m60_s0,es_learned,3,180,9010,1.280473586285559,73.0,73.0,0.054866976393431195,0.0003233504147245325,20,35,0.016412997618317604,302.83004390000133,0.8795180722891566,0.8795180722891566
reg3,reg3_m60_s0,es_learned,3,185,9260,1.280473586285559,73.0,73.0,0.054866976393431195,0.0003233504147245325,20,35,0.01626076176762581,308.4144371000002,0.8795180722891566,0.8795180722891566
reg3,reg3_m60_s0,es_learned,3,190,9510,1.2804735862855592,73.0,73.0,0.054866976393431126,0.00032335041472450476,20,34,0.010391484946012497,318.50428019999526,0.8795180722891566,0.8795180722891566
reg3,reg3_m60_s0,es_learned,3,195,9760,1.2804735862855592,73.0,73.0,0.05486697639343115,0.000323350414724477,20,35,0.018209047615528107,328.30413109995425,0.8795180722891566,0.8795180722891566
reg3,reg3_m60_s0,es_learned,3,200,10010,1.2804735862855592,73.0,73.0,0.05486697639343115,0.000323350414724477,20,35,0.015049559995532036,333.87207389995456,0.8795180722891566,0.8795180722891566
reg3,reg3_m60_s0,es_learned,3,205,10260,1.2804735862855592,73.0,73.0,0.05486697639343115,0.000323350414724477,20,35,0.015495740808546543,343.82004279998364,0.8795180722891566,0.8795180722891566
reg3,reg3_m60_s0,es_learned,3,210,10510,1.2804735862855592,73.0,73.0,0.05486697639343115,0.000323350414724477,20,35,0.014785612002015114,353.70824889995856,0.8795180722891566,0.8795180722891566
reg3,reg3_m60_s0,es_learned,3,215,10760,1.2804735862855592,73.0,73.0,0.05486697639343115,0.000323350414724477,20,35,0.017040640115737915,359.48656959994696,0.8795180722891566,0.8795180722891566
reg3,reg3_m60_s0,es_learned,3,220,11010,1.2804735862855592,73.0,73.0,0.05486697639343115,0.000323350414724477,20,35,0.014758836477994919,369.467254499963,0.8795180722891566,0.8795180722891566
reg3,reg3_m60_s0,es_learned,3,225,11260,1.2804735862855592,73.0,73.0,0.05486697639343115,0.000323350414724477,20,35,0.012494467198848724,379.21828129998175,0.8795180722891566,0.8795180722891566
reg3,reg3_m60_s0,es_learned,3,230,11510,1.2804735862855592,73.0,73.0,0.05486697639343115,0.000323350414724477,20,35,0.01779995858669281,384.8985249999678,0.8795180722891566,0.8795180722891566
reg3,reg3_m60_s0,es_learned,3,235,11760,1.2804735862855592,73.0,73.0,0.05486697639343115,0.000323350414724477,20,35,0.011444555595517159,394.9882263999898,0.8795180722891566,0.8795180722891566
reg3,reg3_m60_s0,es_learned,3,240,12010,1.2804735862855592,73.0,73.0,0.05486697639343115,0.000323350414724477,20,35,0.01499228086322546,405.023326799972,0.8795180722891566,0.8795180722891566
reg3,reg3_m60_s0,es_learned,3,245,12260,1.2804735862855592,73.0,73.0,0.05486697639343115,0.000323350414724477,20,35,0.012821339070796967,410.4385710999486,0.8795180722891566,0.8795180722891566
reg3,reg3_m60_s0,es_learned,3,250,12510,1.2804735862855592,73.0,73.0,0.05486697639343115,0.000323350414724477,20,35,0.015926465392112732,420.0169496999588,0.8795180722891566,0.8795180722891566
reg3,reg3_m60_s0,es_learned,3,255,12760,1.2804735862855592,73.0,73.0,0.05486697639343115,0.000323350414724477,20,35,0.015384042635560036,429.56383179995464,0.8795180722891566,0.8795180722891566
reg3,reg3_m60_s0,es_learned,3,260,13010,1.2804735862855592,73.0,73.0,0.05486697639343115,0.000323350414724477,20,35,0.011429180391132832,435.2166475999984,0.8795180722891566,0.8795180722891566
reg3,reg3_m60_s0,es_learned,3,265,13260,1.2804735862855592,73.0,73.0,0.054866976393431126,0.00032335041472450476,20,34,0.012844841927289963,446.2154653999605,0.8795180722891566,0.8795180722891566
reg3,reg3_m60_s0,es_learned,3,270,13510,1.2804735862855592,73.0,73.0,0.054866976393431126,0.00032335041472450476,20,34,0.011429181322455406,458.7570877999533,0.8795180722891566,0.8795180722891566
reg3,reg3_m60_s0,es_learned,3,275,13760,1.2804735862855592,73.0,73.0,0.05486697639343119,0.0003233504147245603,20,35,0.012473691254854202,464.7225086999824,0.8795180722891566,0.8795180722891566
reg3,reg3_m60_s0,es_learned,3,280,14010,1.2804735862855592,73.0,73.0,0.05486697639343115,0.000323350414724477,20,35,0.012424626387655735,475.3836701999535,0.8795180722891566,0.8795180722891566
reg3,reg3_m60_s0,es_learned,3,285,14260,1.2804735862855592,73.0,73.0,0.054866976393431126,0.00032335041472450476,20,34,0.009455946274101734,486.16990879998775,0.8795180722891566,0.8795180722891566
reg3,reg3_m60_s0,es_learned,3,290,14510,1.2804735862855592,73.0,73.0,0.054866976393431126,0.00032335041472450476,20,34,0.011749637313187122,492.32464399997843,0.8795180722891566,0.8795180722891566
reg3,reg3_m60_s0,es_learned,3,295,14760,1.2804735862855592,73.0,73.0,0.05486697639343115,0.000323350414724477,20,35,0.013501083478331566,502.1476147999638,0.8795180722891566,0.8795180722891566
reg3,reg3_m60_s0,es_learned,3,300,15010,1.2804735862855592,73.0,73.0,0.05486697639343115,0.000323350414724477,20,35,0.012931614182889462,512.0600095999544,0.8795180722891566,0.8795180722891566
reg3,reg3_m60_s0,es_learned,3,305,15260,1.2804735862855592,73.0,73.0,0.054866976393431126,0.00032335041472450476,20,34,0.011829623952507973,517.7162993999664,0.8795180722891566,0.8795180722891566
reg3,reg3_m60_s0,es_learned,3,310,15510,1.2804735862855592,73.0,73.0,0.054866976393431126,0.00032335041472450476,20,34,0.009989216923713684,527.5483335999888,0.8795180722891566,0.8795180722891566
reg3,reg3_m60_s0,es_learned,3,315,15760,1.2804735862855592,73.0,73.0,0.05486697639343115,0.000323350414724477,20,35,0.013610485941171646,537.4756253999658,0.8795180722891566,0.8795180722891566
reg3,reg3_m60_s0,es_learned,3,320,16010,1.2804735862855592,73.0,73.0,0.05486697639343115,0.000323350414724477,20,35,0.01382521353662014,543.0795041999663,0.8795180722891566,0.8795180722891566
reg3,reg3_m60_s0,es_learned,3,325,16260,1.2804735862855592,73.0,73.0,0.05486697639343119,0.0003233504147245603,20,35,0.01410682313144207,552.8864272999926,0.8795180722891566,0.8795180722891566
reg3,reg3_m60_s0,es_learned,3,330,16510,1.2804735862855592,73.0,73.0,0.05486697639343119,0.0003233504147245603,20,35,0.011709907092154026,562.8769445999642,0.8795180722891566,0.8795180722891566
reg3,reg3_m60_s0,es_learned,3,335,16760,1.2804735862855592,73.0,73.0,0.05486697639343115,0.000323350414724477,20,35,0.011050263419747353,568.4573272999842,0.8795180722891566,0.8795180722891566
reg3,reg3_m60_s0,es_learned,3,340,17010,1.2804735862855592,73.0,73.0,0.05486697639343115,0.000323350414724477,20,35,0.010040275752544403,578.4296876000008,0.8795180722891566,0.8795180722891566
reg3,reg3_m60_s0,es_learned,3,345,17260,1.2804735862855592,73.0,73.0,0.054866976393431126,0.00032335041472450476,20,34,0.009226790629327297,588.3648907999741,0.8795180722891566,0.8795180722891566
reg3,reg3_m60_s0,es_learned,3,350,17510,1.2804735862855592,73.0,73.0,0.054866976393431126,0.00032335041472450476,20,34,0.010800733231008053,593.9074213999556,0.8795180722891566,0.8795180722891566
reg3,reg3_m60_s0,es_learned,3,355,17760,1.2804735862855592,73.0,73.0,0.05486697639343115,0.000323350414724477,20,35,0.00912732444703579,603.860809899983,0.8795180722891566,0.8795180722891566
reg3,reg3_m60_s0,es_learned,3,360,18010,1.2804735862855592,73.0,73.0,0.054866976393431126,0.00032335041472450476,20,34,0.009142906405031681,613.8370193999726,0.8795180722891566,0.8795180722891566
reg3,reg3_m60_s0,es_learned,3,365,18260,1.2804735862855592,73.0,73.0,0.054866976393431126,0.00032335041472450476,20,34,0.00896423403173685,619.3643408999778,0.8795180722891566,0.8795180722891566
reg3,reg3_m60_s0,es_learned,3,370,18510,1.2804735862855592,73.0,73.0,0.054866976393431126,0.00032335041472450476,20,34,0.01321299560368061,629.2294221999473,0.8795180722891566,0.8795180722891566
reg3,reg3_m60_s0,es_learned,3,375,18760,1.2804735862855592,73.0,73.0,0.054866976393431126,0.00032335041472450476,20,34,0.009332984685897827,638.8886581999832,0.8795180722891566,0.8795180722891566
reg3,reg3_m60_s0,es_learned,3,380,19010,1.2804735862855592,73.0,73.0,0.054866976393431126,0.00032335041472450476,20,34,0.008542811498045921,644.5132164999959,0.8795180722891566,0.8795180722891566
reg3,reg3_m60_s0,es_learned,3,385,19260,1.2804735862855592,73.0,73.0,0.05486697639343119,0.0003233504147245603,20,35,0.01006946712732315,654.5993285999866,0.8795180722891566,0.8795180722891566
reg3,reg3_m60_s0,es_learned,3,390,19510,1.2804735862855592,73.0,73.0,0.05486697639343115,0.000323350414724477,20,35,0.01059432327747345,664.597286299977,0.8795180722891566,0.8795180722891566
reg3,reg3_m60_s0,es_learned,3,395,19760,1.2804735862855592,73.0,73.0,0.054866976393431126,0.00032335041472450476,20,34,0.010941036976873875,670.2596812999691,0.8795180722891566,0.8795180722891566
reg3,reg3_m60_s0,es_learned,3,400,20010,1.2804735862855592,73.0,73.0,0.054866976393431126,0.00032335041472450476,20,34,0.008927513845264912,680.1523783999728,0.8795180722891566,0.8795180722891566
reg3,reg3_m60_s0,es_learned,4,0,10,0.6376665406417732,38.0,42.3,0.067840025423876,0.0028286894968670324,20,38,,0.04038110002875328,0.4578313253012048,0.5096385542168674
reg3,reg3_m60_s0,es_learned,4,5,260,1.0386417111801576,60.0,57.5,0.05465970769192266,0.0011622438146086248,20,34,0.11946231871843338,5.497805500053801,0.7228915662650602,0.6927710843373494
reg3,reg3_m60_s0,es_learned,4,10,510,1.0722438950667275,63.0,61.1,0.027173868572071536,0.0007135625478959311,20,32,0.11918346583843231,15.344067100028042,0.7590361445783133,0.7361445783132531
reg3,reg3_m60_s0,es_learned,4,15,760,1.1072550396351928,65.0,63.1,0.020159941431905568,3.099400703302315e-05,20,33,0.12393120676279068,25.153630800021347,0.7831325301204819,0.7602409638554217
reg3,reg3_m60_s0,es_learned,4,20,1010,1.1240592800358662,62.0,62.1,0.06733606763259847,0.0004949242135169306,20,34,0.09033481776714325,30.634910100023262,0.7469879518072289,0.7481927710843373
reg3,reg3_m60_s0,es_learned,4,25,1260,1.1834110346196132,65.0,64.3,0.07151797018295925,0.00048218698821514763,20,34,0.0821601152420044,40.58426600001985,0.7831325301204819,0.7746987951807228
reg3,reg3_m60_s0,es_learned,4,30,1510,1.1834110346196132,65.0,64.8,0.07151797018295925,0.00048218698821514763,20,34,0.061043426394462585,50.80102910002461,0.7831325301204819,0.7807228915662651
reg3,reg3_m60_s0,es_learned,4,35,1760,1.1928806422945575,66.0,65.3,0.06786641794832976,3.870879065837052e-05,20,33,0.0724865198135376,56.34054060000926,0.7951807228915663,0.7867469879518072
reg3,reg3_m60_s0,es_learned,4,40,2010,1.1928806422945575,66.0,65.8,0.06786641794832976,3.870879065837052e-05,20,33,0.05393277481198311,66.41511770000216,0.7951807228915663,0.7927710843373493
reg3,reg3_m60_s0,es_learned,4,45,2260,1.2270486725970473,68.0,66.4,0.06296542638137402,0.0014733023371032508,20,33,0.05544251203536987,76.48114680004073,0.8192771084337349,0.8
reg3,reg3_m60_s0,es_learned,4,50,2510,1.2446327186203114,69.0,68.1,0.04527151659643163,0.0014793060540479954,20,33,0.04496394842863083,82.07960720005212,0.8313253012048193,0.8204819277108433
reg3,reg3_m60_s0,es_learned,4,55,2760,1.2483917397590005,69.0,68.5,0.05866792487854647,0.0007161931513684143,20,31,0.035588134080171585,91.79369610000867,0.8313253012048193,0.8253012048192772
reg3,reg3_m60_s0,es_learned,4,60,3010,1.2483917397590008,69.0,69.0,0.058667924878546426,0.0007161931513686806,20,32,0.031015269458293915,101.58542580000358,0.8313253012048193,0.8313253012048193
reg3,reg3_m60_s0,es_learned,4,65,3260,1.2666150320719536,70.0,69.9,0.05226842253479562,0.0006919293519475997,20,33,0.026153773069381714,107.22274180001114,0.8433734939759037,0.8421686746987952
reg3,reg3_m60_s0,es_learned,4,70,3510,1.2666150320719536,70.0,70.0,0.05226842253479562,0.0006919293519475997,20,33,0.03316999226808548,117.18399500002852,0.8433734939759037,0.8433734939759037
reg3,reg3_m60_s0,es_learned,4,75,3760,1.2666150320719536,70.0,70.0,0.05226842253479562,0.0006919293519475997,20,33,0.030311238020658493,127.28658170002745,0.8433734939759037,0.8433734939759037
reg3,reg3_m60_s0,es_learned,4,80,4010,1.2666150320719536,70.0,70.0,0.05226842253479562,0.0006919293519475997,20,33,0.026796558871865273,133.03753000003053,0.8433734939759037,0.8433734939759037
reg3,reg3_m60_s0,es_learned,4,85,4260,1.2666150320719536,70.0,70.0,0.052268422534795154,0.0006919293519470379,20,34,0.025903921574354172,143.02868030004902,0.8433734939759037,0.8433734939759037
reg3,reg3_m60_s0,es_learned,4,90,4510,1.2666150320719536,70.0,70.0,0.05226842253479559,0.000691929351947601,20,34,0.022994328290224075,153.0514144000481,0.8433734939759037,0.8433734939759037
reg3,reg3_m60_s0,es_learned,4,95,4760,1.2666150320719536,70.0,70.0,0.0522684225347954,0.0006919293519475353,20,34,0.023078812286257744,158.70438740000827,0.8433734939759037,0.8433734939759037
reg3,reg3_m60_s0,es_learned,4,100,5010,1.2666150320719536,70.0,70.0,0.05226842253479575,0.0006919293519476654,20,33,0.01789277233183384,168.60796900000423,0.8433734939759037,0.8433734939759037
reg3,reg3_m60_s0,es_learned,4,105,5260,1.2666150320719536,70.0,70.0,0.05226842253479565,0.0006919293519474772,20,34,0.021054040640592575,178.3284466000041,0.8433734939759037,0.8433734939759037
reg3,reg3_m60_s0,es_learned,4,110,5510,1.2666150320719536,70.0,70.0,0.05226842253479547,0.000691929351947613,20,33,0.021593555808067322,183.77710680000018,0.8433734939759037,0.8433734939759037
reg3,reg3_m60_s0,es_learned,4,115,5760,1.2666150320719536,70.0,70.0,0.05226842253479541,0.0006919293519472591,20,32,0.01609036512672901,193.8680444000056,0.8433734939759037,0.8433734939759037
reg3,reg3_m60_s0,es_learned,4,120,6010,1.2666150320719536,70.0,70.0,0.052268422534795286,0.0006919293519472638,20,33,0.016169888898730278,204.28311270003906,0.8433734939759037,0.8433734939759037
reg3,reg3_m60_s0,es_learned,4,125,6260,1.2666150320719536,70.0,70.0,0.05226842253479547,0.0006919293519474577,20,31,0.01656452938914299,210.68083970004227,0.8433734939759037,0.8433734939759037
reg3,reg3_m60_s0,es_learned,4,130,6510,1.2666150320719536,70.0,70.0,0.052268422534795286,0.0006919293519472638,20,33,0.01831914111971855,220.75997380004264,0.8433734939759037,0.8433734939759037
reg3,reg3_m60_s0,es_learned,4,135,6760,1.2666150320719536,70.0,70.0,0.05226842253479549,0.0006919293519476166,20,32,0.01722049154341221,231.4600617000251,0.8433734939759037,0.8433734939759037
reg3,reg3_m60_s0,es_learned,4,140,7010,1.2666150320719536,70.0,70.0,0.052268422534795536,0.0006919293519474232,20,32,0.015461470931768417,237.30517150001833,0.8433734939759037,0.8433734939759037
reg3,reg3_m60_s0,es_learned,4,145,7260,1.2666150320719536,70.0,70.0,0.05226842253479562,0.0006919293519478649,20,32,0.016705624759197235,248.11105030000908,0.8433734939759037,0.8433734939759037
reg3,reg3_m60_s0,es_learned,4,150,7510,1.2666150320719536,70.0,70.0,0.052268422534795383,0.0006919293519474087,20,31,0.016133073717355728,258.18440210004337,0.8433734939759037,0.8433734939759037
reg3,reg3_m60_s0,es_learned,4,155,7760,1.2666150320719536,70.0,70.0,0.05226842253479559,0.000691929351947601,20,33,0.016310248523950577,263.8866372000193,0.8433734939759037,0.8433734939759037
reg3,reg3_m60_s0,es_learned,4,160,8010,1.2666150320719536,70.0,70.0,0.05226842253479534,0.0006919293519475362,20,33,0.01517258770763874,273.993745600048,0.8433734939759037,0.8433734939759037
reg3,reg3_m60_s0,es_learned,4,165,8260,1.2666150320719536,70.0,70.0,0.052268422534795425,0.0006919293519476078,20,34,0.01442345604300499,284.49884420004673,0.8433734939759037,0.8433734939759037
reg3,reg3_m60_s0,es_learned,4,170,8510,1.2666150320719536,70.0,70.0,0.05226842253479565,0.0006919293519474772,20,33,0.011319482699036598,290.28451500000665,0.8433734939759037,0.8433734939759037
reg3,reg3_m60_s0,es_learned,4,175,8760,1.2666150320719536,70.0,70.0,0.05226842253479551,0.0006919293519477548,20,33,0.012378381565213203,300.0939575000084,0.8433734939759037,0.8433734939759037
reg3,reg3_m60_s0,es_learned,4,180,9010,1.2666150320719536,70.0,70.0,0.05226842253479534,0.0006919293519476438,20,31,0.012601176276803017,310.72898200002965,0.8433734939759037,0.8433734939759037
reg3,reg3_m60_s0,es_learned,4,185,9260,1.2666150320719536,70.0,70.0,0.05226842253479543,0.0006919293519473549,20,33,0.014129796996712685,316.47026470000856,0.8433734939759037,0.8433734939759037
reg3,reg3_m60_s0,es_learned,4,190,9510,1.2666150320719536,70.0,70.0,0.05226842253479499,0.0006919293519474922,20,32,0.01232079602777958,326.77816899999743,0.8433734939759037,0.8433734939759037
reg3,reg3_m60_s0,es_learned,4,195,9760,1.2666150320719536,70.0,70.0,0.052268422534795536,0.0006919293519474768,20,33,0.01057870127260685,336.9400029000244,0.8433734939759037,0.8433734939759037
reg3,reg3_m60_s0,es_learned,4,200,10010,1.2666150320719536,70.0,70.0,0.05226842253479557,0.0006919293519472929,20,33,0.016187122091650963,342.8142943000421,0.8433734939759037,0.8433734939759037
reg3,reg3_m60_s0,es_learned,4,205,10260,1.2666150320719536,70.0,70.0,0.05226842253479552,0.0006919293519474792,20,34,0.013512379489839077,352.92452550004236,0.8433734939759037,0.8433734939759037
reg3,reg3_m60_s0,es_learned,4,210,10510,1.2666150320719536,70.0,70.0,0.0522684225347956,0.000691929351947737,20,34,0.011945557780563831,363.1256179000484,0.8433734939759037,0.8433734939759037
reg3,reg3_m60_s0,es_learned,4,215,10760,1.2666150320719536,70.0,70.0,0.052268422534795606,0.0006919293519474742,20,32,0.011139526963233948,368.8694172000396,0.8433734939759037,0.8433734939759037
reg3,reg3_m60_s0,es_learned,4,220,11010,1.2666150320719536,70.0,70.0,0.05226842253479559,0.0006919293519473822,20,33,0.011210694909095764,379.08957890002057,0.8433734939759037,0.8433734939759037
reg3,reg3_m60_s0,es_learned,4,225,11260,1.2666150320719536,70.0,70.0,0.0522684225347954,0.0006919293519473647,20,34,0.01245896890759468,388.72558020002907,0.8433734939759037,0.8433734939759037
reg3,reg3_m60_s0,es_learned,4,230,11510,1.2666150320719536,70.0,70.0,0.05226842253479544,0.0006919293519475,20,33,0.012010977603495121,394.26804500003345,0.8433734939759037,0.8433734939759037
reg3,reg3_m60_s0,es_learned,4,235,11760,1.2666150320719536,70.0,70.0,0.05226842253479557,0.0006919293519475579,20,33,0.011156891472637653,404.02958860003855,0.8433734939759037,0.8433734939759037
reg3,reg3_m60_s0,es_learned,4,240,12010,1.2666150320719536,70.0,70.0,0.05226842253479517,0.0006919293519473796,20,32,0.009399435482919216,413.6872426000191,0.8433734939759037,0.8433734939759037
reg3,reg3_m60_s0,es_learned,4,245,12260,1.2666150320719536,70.0,70.0,0.0522684225347954,0.0006919293519476702,20,34,0.010354581288993359,419.2959871000494,0.8433734939759037,0.8433734939759037
reg3,reg3_m60_s0,es_learned,4,250,12510,1.2666150320719536,70.0,70.0,0.05226842253479519,0.0006919293519474946,20,34,0.009292997419834137,428.93071630003396,0.8433734939759037,0.8433734939759037
reg3,reg3_m60_s0,es_learned,4,255,12760,1.2666150320719536,70.0,70.0,0.05226842253479548,0.0006919293519474529,20,32,0.013021696358919144,438.7233822999988,0.8433734939759037,0.8433734939759037
reg3,reg3_m60_s0,es_learned,4,260,13010,1.2666150320719536,70.0,70.0,0.05226842253479558,0.0006919293519475676,20,34,0.009184352122247219,444.3279708000482,0.8433734939759037,0.8433734939759037
reg3,reg3_m60_s0,es_learned,4,265,13260,1.2666150320719536,70.0,70.0,0.05226842253479548,0.0006919293519476702,20,32,0.009126014076173306,454.0577185000293,0.8433734939759037,0.8433734939759037
reg3,reg3_m60_s0,es_learned,4,270,13510,1.2666150320719536,70.0,70.0,0.05226842253479552,0.0006919293519473172,20,31,0.009163164533674717,463.7841863000067,0.8433734939759037,0.8433734939759037
reg3,reg3_m60_s0,es_learned,4,275,13760,1.2666150320719536,70.0,70.0,0.05226842253479559,0.0006919293519478771,20,34,0.01245507225394249,469.3376629000413,0.8433734939759037,0.8433734939759037
reg3,reg3_m60_s0,es_learned,4,280,14010,1.2666150320719536,70.0,70.0,0.05226842253479559,0.0006919293519478771,20,32,0.008342108689248562,479.0420216000057,0.8433734939759037,0.8433734939759037
reg3,reg3_m60_s0,es_learned,4,285,14260,1.2666150320719536,70.0,70.0,0.05226842253479559,0.000691929351947601,20,33,0.009268791414797306,489.00128060003044,0.8433734939759037,0.8433734939759037
reg3,reg3_m60_s0,es_learned,4,290,14510,1.2666150320719536,70.0,70.0,0.052268422534795404,0.0006919293519474993,20,32,0.00940378662198782,494.9477055000025,0.8433734939759037,0.8433734939759037
reg3,reg3_m60_s0,es_learned,4,295,14760,1.2666150320719536,70.0,70.0,0.052268422534795404,0.0006919293519474993,20,32,0.007801389321684837,507.11968200001866,0.8433734939759037,0.8433734939759037
reg3,reg3_m60_s0,es_learned,4,300,15010,1.2666150320719536,70.0,70.0,0.05226842253479562,0.0006919293519475006,20,31,0.008588584139943123,517.5776203999994,0.8433734939759037,0.8433734939759037
reg3,reg3_m60_s0,es_learned,4,305,15260,1.2666150320719536,70.0,70.0,0.052268422534795404,0.0006919293519476138,20,34,0.008696811273694038,523.5129215000197,0.8433734939759037,0.8433734939759037
reg3,reg3_m60_s0,es_learned,4,310,15510,1.2666150320719536,70.0,70.0,0.052268422534795536,0.0006919293519477253,20,33,0.007460859604179859,533.6571517999982,0.8433734939759037,0.8433734939759037
reg3,reg3_m60_s0,es_learned,4,315,15760,1.2666150320719536,70.0,70.0,0.05226842253479562,0.0006919293519476288,20,32,0.006639072671532631,543.7617829000228,0.8433734939759037,0.8433734939759037
reg3,reg3_m60_s0,es_learned,4,320,16010,1.2666150320719536,70.0,70.0,0.05226842253479545,0.0006919293519475028,20,32,0.007055595982819796,549.6190638000262,0.8433734939759037,0.8433734939759037
reg3,reg3_m60_s0,es_learned,4,325,16260,1.2666150320719536,70.0,70.0,0.052268422534795626,0.0006919293519474759,20,34,0.009502430446445942,559.8753062000033,0.8433734939759037,0.8433734939759037
reg3,reg3_m60_s0,es_learned,4,330,16510,1.2666150320719536,70.0,70.0,0.052268422534795425,0.0006919293519473176,20,34,0.007484477944672108,569.9354938000324,0.8433734939759037,0.8433734939759037
reg3,reg3_m60_s0,es_learned,4,335,16760,1.2666150320719536,70.0,70.0,0.05226842253479519,0.0006919293519472547,20,33,0.006119030527770519,575.5995342000388,0.8433734939759037,0.8433734939759037
reg3,reg3_m60_s0,es_learned,4,340,17010,1.2666150320719536,70.0,70.0,0.052268422534795606,0.0006919293519475735,20,34,0.007867993786931038,585.4348551000003,0.8433734939759037,0.8433734939759037
reg3,reg3_m60_s0,es_learned,4,345,17260,1.2666150320719536,70.0,70.0,0.05226842253479513,0.000691929351947387,20,34,0.007651524618268013,595.2961785000516,0.8433734939759037,0.8433734939759037
reg3,reg3_m60_s0,es_learned,4,350,17510,1.2666150320719536,70.0,70.0,0.05226842253479545,0.0006919293519475722,20,34,0.008140334859490395,601.1377689000219,0.8433734939759037,0.8433734939759037
reg3,reg3_m60_s0,es_learned,4,355,17760,1.2666150320719536,70.0,70.0,0.05226842253479553,0.0006919293519477361,20,35,0.007511446252465248,611.7530287000118,0.8433734939759037,0.8433734939759037
reg3,reg3_m60_s0,es_learned,4,360,18010,1.2666150320719536,70.0,70.0,0.05226842253479537,0.0006919293519475355,20,35,0.007289006374776363,621.5874783000327,0.8433734939759037,0.8433734939759037
reg3,reg3_m60_s0,es_learned,4,365,18260,1.2666150320719536,70.0,70.0,0.05226842253479562,0.0006919293519478649,20,32,0.007624311838299036,627.0940603000345,0.8433734939759037,0.8433734939759037
reg3,reg3_m60_s0,es_learned,4,370,18510,1.2666150320719536,70.0,70.0,0.05226842253479545,0.0006919293519474499,20,33,0.007113665342330933,636.6987847000128,0.8433734939759037,0.8433734939759037
reg3,reg3_m60_s0,es_learned,4,375,18760,1.2666150320719536,70.0,70.0,0.05226842253479576,0.0006919293519476672,20,33,0.007197586353868246,646.5277895000181,0.8433734939759037,0.8433734939759037
reg3,reg3_m60_s0,es_learned,4,380,19010,1.2666150320719536,70.0,70.0,0.052268422534795383,0.0006919293519475275,20,33,0.006926460657268763,652.0622358000255,0.8433734939759037,0.8433734939759037
reg3,reg3_m60_s0,es_learned,4,385,19260,1.2666150320719536,70.0,70.0,0.05226842253479539,0.0006919293519473632,20,33,0.006697901524603367,662.3523838000256,0.8433734939759037,0.8433734939759037
reg3,reg3_m60_s0,es_learned,4,390,19510,1.2666150320719536,70.0,70.0,0.05226842253479552,0.0006919293519474382,20,33,0.00829346664249897,4828.440037400054,0.8433734939759037,0.8433734939759037
reg3,reg3_m60_s0,es_learned,4,395,19760,1.2666150320719536,70.0,70.0,0.052268422534795383,0.0006919293519475275,20,33,0.00764817651361227,4836.246118900017,0.8433734939759037,0.8433734939759037
reg3,reg3_m60_s0,es_learned,4,400,20010,1.2666150320719536,70.0,70.0,0.052268422534795585,0.0006919293519475713,20,34,0.007898780517280102,4848.210282200016,0.8433734939759037,0.8433734939759037
reg3,reg3_m60_s0,es_transfer_dc,0,0,10,0.8309630285234236,49.0,45.8,0.03422181726598081,1.0842021724855044e-18,20,32,,0.055073299969080836,0.5903614457831325,0.5518072289156626
reg3,reg3_m60_s0,es_transfer_dc,0,5,260,1.0007011003316737,58.0,56.0,0.041377629027148255,0.001935110508632992,20,41,0.015104660764336586,5.456521700019948,0.6987951807228916,0.6746987951807228
reg3,reg3_m60_s0,es_transfer_dc,0,10,510,1.0639765067267348,62.0,59.8,0.05182013735639486,0.0009310617048998021,20,41,0.010895549319684505,14.989901099994313,0.7469879518072289,0.7204819277108433
reg3,reg3_m60_s0,es_transfer_dc,0,15,760,1.1016307621881982,63.0,62.3,0.054861813887047944,9.340011362712897e-05,20,41,0.01608462631702423,24.537737799983006,0.7590361445783133,0.7506024096385542
reg3,reg3_m60_s0,es_transfer_dc,0,20,1010,1.1554161759384844,65.0,63.7,0.0786598879590669,0.0008684117854993387,20,41,0.013225354254245758,30.02717090002261,0.7831325301204819,0.7674698795180723
reg3,reg3_m60_s0,es_transfer_dc,0,25,1260,1.1595555879282387,65.0,64.4,0.07136663277527037,0.002920291578211845,20,42,0.014173747971653938,39.61498349998146,0.7831325301204819,0.7759036144578314
reg3,reg3_m60_s0,es_transfer_dc,0,30,1510,1.2035909825770554,66.0,64.8,0.11030054405179321,0.00039173582576816635,20,41,0.011261130683124065,49.639878700021654,0.7951807228915663,0.7807228915662651
reg3,reg3_m60_s0,es_transfer_dc,0,35,1760,1.2206487880342676,67.0,66.2,0.11242897310644968,0.0021126287222032383,20,40,0.012738445773720741,55.17281369998818,0.8072289156626506,0.7975903614457832
reg3,reg3_m60_s0,es_transfer_dc,0,40,2010,1.2326841294484203,66.0,66.2,0.11531583498467879,0.0002861086959722939,20,40,0.01411596778780222,64.81054249999579,0.7951807228915663,0.7975903614457832
reg3,reg3_m60_s0,es_transfer_dc,0,45,2260,1.2495232946127397,67.0,66.5,0.10171019706005952,0.004076843989956058,20,40,0.009101033210754395,74.44761370000197,0.8072289156626506,0.8012048192771084
reg3,reg3_m60_s0,es_transfer_dc,0,50,2510,1.2683251169462,68.0,67.2,0.11141207319911231,0.005605252273453987,20,40,0.010758009739220142,79.93685830000322,0.8192771084337349,0.8096385542168675
reg3,reg3_m60_s0,es_transfer_dc,0,55,2760,1.268582276767879,67.0,67.7,0.11883213778887244,0.0023278781418894206,20,41,0.013571880757808685,90.4463742999942,0.8072289156626506,0.8156626506024097
reg3,reg3_m60_s0,es_transfer_dc,0,60,3010,1.270920793315506,67.0,67.4,0.1104291477107109,0.008743459320808514,20,41,0.00891402829438448,100.67132680001669,0.8072289156626506,0.8120481927710844
reg3,reg3_m60_s0,es_transfer_dc,0,65,3260,1.2909386247248738,68.0,67.8,0.11951125928501298,0.0004636650199164108,20,41,0.01149138156324625,106.54831209999975,0.8192771084337349,0.8168674698795181
reg3,reg3_m60_s0,es_transfer_dc,0,70,3510,1.3054344824655464,70.0,68.4,0.08923156945134189,0.0017030648253730275,20,41,0.010212174616754055,116.45405349996872,0.8433734939759037,0.8240963855421688
reg3,reg3_m60_s0,es_transfer_dc,0,75,3760,1.3054344824655464,70.0,68.9,0.08923156945134189,0.0017030648253730275,20,41,0.012415161356329918,126.41305769997416,0.8433734939759037,0.8301204819277109
reg3,reg3_m60_s0,es_transfer_dc,0,80,4010,1.3106686097207882,71.0,70.3,0.09027834063806617,0.0014975957198328782,20,41,0.011720450595021248,131.92225730000064,0.8554216867469879,0.8469879518072289
reg3,reg3_m60_s0,es_transfer_dc,0,85,4260,1.32226219189659,70.0,70.5,0.11996895191432753,0.0011152029508790656,20,41,0.012491735629737377,141.78132800001185,0.8433734939759037,0.8493975903614458
reg3,reg3_m60_s0,es_transfer_dc,0,90,4510,1.3249388867500642,72.0,70.8,0.09877920622921949,0.0035752533307682743,20,40,0.009187346324324608,151.48387729999376,0.8674698795180723,0.8530120481927711
reg3,reg3_m60_s0,es_transfer_dc,0,95,4760,1.3320684467894113,72.0,71.3,0.09090067018752841,0.0006737082017697488,20,40,0.010631730780005455,156.90607109997654,0.8674698795180723,0.8590361445783132
reg3,reg3_m60_s0,es_transfer_dc,0,100,5010,1.3320684467894113,72.0,70.9,0.09090067018752841,0.0006737082017697488,20,40,0.009547331370413303,166.63327079999726,0.8674698795180723,0.8542168674698796
reg3,reg3_m60_s0,es_transfer_dc,0,105,5260,1.3442139364817176,71.0,71.2,0.11803038869114345,0.00437510626892143,20,41,0.00998548325151205,176.35582860000432,0.8554216867469879,0.8578313253012049
reg3,reg3_m60_s0,es_transfer_dc,0,110,5510,1.3442139364817176,71.0,71.5,0.11803038869114345,0.00437510626892143,20,41,0.008191125467419624,181.88456310000038,0.8554216867469879,0.8614457831325302
reg3,reg3_m60_s0,es_transfer_dc,0,115,5760,1.3442139364817176,71.0,71.2,0.11803038869114345,0.00437510626892143,20,41,0.012018987908959389,191.60604639997473,0.8554216867469879,0.8578313253012049
reg3,reg3_m60_s0,es_transfer_dc,0,120,6010,1.3442139364817176,71.0,71.2,0.11803038869114345,0.00437510626892143,20,41,0.011391494423151016,201.3125361999846,0.8554216867469879,0.8578313253012049
reg3,reg3_m60_s0,es_transfer_dc,0,125,6260,1.3442139364817176,71.0,71.2,0.11803038869114345,0.00437510626892143,20,41,0.008964457549154758,206.79247799998848,0.8554216867469879,0.8578313253012049
reg3,reg3_m60_s0,es_transfer_dc,0,130,6510,1.3467234900642149,71.0,71.1,0.12231658335721343,0.006411041672136977,20,41,0.008707716129720211,216.45935630000895,0.8554216867469879,0.8566265060240963
reg3,reg3_m60_s0,es_transfer_dc,0,135,6760,1.3467234900642149,71.0,71.3,0.12231658335721343,0.006411041672136977,20,41,0.010621616616845131,225.95886610000161,0.8554216867469879,0.8590361445783132
reg3,reg3_m60_s0,es_transfer_dc,0,140,7010,1.3467234900642149,71.0,71.3,0.12231658335721343,0.006411041672136977,20,41,0.008201824501156807,231.4529094999889,0.8554216867469879,0.8590361445783132
reg3,reg3_m60_s0,es_transfer_dc,0,145,7260,1.3467234900642149,71.0,71.4,0.12231658335721343,0.006411041672136977,20,41,0.009846435859799385,241.23168680001982,0.8554216867469879,0.8602409638554217
reg3,reg3_m60_s0,es_transfer_dc,0,150,7510,1.3467234900642149,71.0,71.2,0.12231658335721343,0.006411041672136977,20,41,0.010109766386449337,250.82945660001133,0.8554216867469879,0.8578313253012049
reg3,reg3_m60_s0,es_transfer_dc,0,155,7760,1.3589762837225297,73.0,71.2,0.11161322698233794,0.0017302818221132913,20,41,0.005816912278532982,256.25109249999514,0.8795180722891566,0.8578313253012049
reg3,reg3_m60_s0,es_transfer_dc,0,160,8010,1.3589762837225297,73.0,71.4,0.11161322698233794,0.0017302818221132913,20,41,0.0076028467155992985,265.7890578000224,0.8795180722891566,0.8602409638554217
reg3,reg3_m60_s0,es_transfer_dc,0,165,8260,1.3589762837225297,73.0,71.5,0.11161322698233794,0.0017302818221132913,20,41,0.009105189703404903,275.4236480999971,0.8795180722891566,0.8614457831325302
reg3,reg3_m60_s0,es_transfer_dc,0,170,8510,1.37714425658982,74.0,72.2,0.1116132269823381,0.001730281822113208,20,41,0.00834155734628439,280.9371292999713,0.891566265060241,0.8698795180722891
reg3,reg3_m60_s0,es_transfer_dc,0,175,8760,1.37714425658982,74.0,72.8,0.1116132269823381,0.001730281822113208,20,41,0.010542782954871655,290.63441519998014,0.891566265060241,0.8771084337349397
reg3,reg3_m60_s0,es_transfer_dc,0,180,9010,1.37714425658982,74.0,73.8,0.1116132269823381,0.001730281822113208,20,41,0.009455791674554348,300.26905319996877,0.891566265060241,0.8891566265060241
reg3,reg3_m60_s0,es_transfer_dc,0,185,9260,1.37714425658982,74.0,74.0,0.1116132269823381,0.001730281822113208,20,41,0.010291298851370811,305.74985259998357,0.891566265060241,0.891566265060241
reg3,reg3_m60_s0,es_transfer_dc,0,190,9510,1.37714425658982,74.0,74.0,0.1116132269823381,0.001730281822113208,20,41,0.008762484416365623,315.2354277999839,0.891566265060241,0.891566265060241
reg3,reg3_m60_s0,es_transfer_dc,0,195,9760,1.3778984886496595,74.0,74.0,0.09456571586679045,0.000540160795677827,20,40,0.007064725272357464,324.84259730001213,0.891566265060241,0.891566265060241
reg3,reg3_m60_s0,es_transfer_dc,0,200,10010,1.3792560300609829,74.0,74.0,0.10821755884701006,0.0005813327430659807,20,41,0.008774302899837494,330.34830349998083,0.891566265060241,0.891566265060241
reg3,reg3_m60_s0,es_transfer_dc,0,205,10260,1.3792560300609829,74.0,74.0,0.10821755884701006,0.0005813327430659807,20,41,0.007517994847148657,339.9621565999696,0.891566265060241,0.891566265060241
reg3,reg3_m60_s0,es_transfer_dc,0,210,10510,1.3792560300609829,74.0,74.0,0.10821755884701006,0.0005813327430659807,20,41,0.007512116804718971,349.48678079998353,0.891566265060241,0.891566265060241
reg3,reg3_m60_s0,es_transfer_dc,0,215,10760,1.3792560300609829,74.0,74.0,0.10821755884701006,0.0005813327430659807,20,41,0.007835072465240955,355.0143626999925,0.891566265060241,0.891566265060241
reg3,reg3_m60_s0,es_transfer_dc,0,220,11010,1.3792560300609829,74.0,74.0,0.10821755884701006,0.0005813327430659807,20,41,0.008379429578781128,364.57031749997986,0.891566265060241,0.891566265060241
reg3,reg3_m60_s0,es_transfer_dc,0,225,11260,1.3792560300609829,74.0,74.0,0.10821755884701006,0.0005813327430659807,20,41,0.008087451569736004,374.0764053000021,0.891566265060241,0.891566265060241
reg3,reg3_m60_s0,es_transfer_dc,0,230,11510,1.3792560300609829,74.0,74.0,0.10821755884701006,0.0005813327430659807,20,41,0.006734413094818592,379.3296554000117,0.891566265060241,0.891566265060241
reg3,reg3_m60_s0,es_transfer_dc,0,235,11760,1.379256030060983,74.0,74.0,0.10821755884701001,0.0005813327430661819,20,41,0.006910810712724924,388.5576896999846,0.891566265060241,0.891566265060241
reg3,reg3_m60_s0,es_transfer_dc,0,240,12010,1.379256030060983,74.0,74.0,0.10821755884701001,0.0005813327430661819,20,41,0.007467258255928755,398.13859849999426,0.891566265060241,0.891566265060241
reg3,reg3_m60_s0,es_transfer_dc,0,245,12260,1.379256030060983,74.0,74.0,0.10821755884701001,0.0005813327430661819,20,41,0.0074272602796554565,403.8579631000175,0.891566265060241,0.891566265060241
reg3,reg3_m60_s0,es_transfer_dc,0,250,12510,1.379256030060983,74.0,74.0,0.10821755884701001,0.0005813327430661819,20,41,0.008262875489890575,413.63126240001293,0.891566265060241,0.891566265060241
reg3,reg3_m60_s0,es_transfer_dc,0,255,12760,1.379256030060983,74.0,74.0,0.10821755884701001,0.0005813327430661819,20,41,0.0060500032268464565,423.32171599997673,0.891566265060241,0.891566265060241
reg3,reg3_m60_s0,es_transfer_dc,0,260,13010,1.379256030060983,74.0,74.0,0.10821755884701001,0.0005813327430661819,20,41,0.006707478314638138,428.9719899999909,0.891566265060241,0.891566265060241
reg3,reg3_m60_s0,es_transfer_dc,0,265,13260,1.379256030060983,74.0,74.0,0.10821755884701001,0.0005813327430661819,20,41,0.0053648073226213455,438.59767420002026,0.891566265060241,0.891566265060241
reg3,reg3_m60_s0,es_transfer_dc,0,270,13510,1.379256030060983,74.0,74.0,0.1082175588470099,0.0005813327430661125,20,41,0.008233744651079178,447.9420837999787,0.891566265060241,0.891566265060241
reg3,reg3_m60_s0,es_transfer_dc,0,275,13760,1.379256030060983,74.0,74.0,0.1082175588470099,0.0005813327430660847,20,40,0.006326589733362198,453.29887820000295,0.891566265060241,0.891566265060241
reg3,reg3_m60_s0,es_transfer_dc,0,280,14010,1.379256030060983,74.0,74.0,0.1082175588470099,0.0005813327430661125,20,41,0.005599565804004669,462.8480560000171,0.891566265060241,0.891566265060241
reg3,reg3_m60_s0,es_transfer_dc,0,285,14260,1.379256030060983,74.0,74.0,0.1082175588470099,0.0005813327430660847,20,40,0.006127655040472746,472.4411711000139,0.891566265060241,0.891566265060241
reg3,reg3_m60_s0,es_transfer_dc,0,290,14510,1.379256030060983,74.0,74.0,0.1082175588470099,0.0005813327430661125,20,41,0.007210711482912302,477.917374200013,0.891566265060241,0.891566265060241
reg3,reg3_m60_s0,es_transfer_dc,0,295,14760,1.379256030060983,74.0,74.0,0.1082175588470099,0.0005813327430660847,20,40,0.004419141914695501,487.7068311999901,0.891566265060241,0.891566265060241
reg3,reg3_m60_s0,es_transfer_dc,0,300,15010,1.379256030060983,74.0,74.0,0.1082175588470099,0.0005813327430660847,20,40,0.00701792910695076,497.575858999975,0.891566265060241,0.891566265060241
reg3,reg3_m60_s0,es_transfer_dc,0,305,15260,1.379256030060983,74.0,74.0,0.1082175588470099,0.0005813327430660847,20,40,0.007457428611814976,503.15512780001154,0.891566265060241,0.891566265060241
reg3,reg3_m60_s0,es_transfer_dc,0,310,15510,1.379256030060983,74.0,74.0,0.1082175588470099,0.0005813327430661125,20,41,0.005149089265614748,512.854011700023,0.891566265060241,0.891566265060241
reg3,reg3_m60_s0,es_transfer_dc,0,315,15760,1.379256030060983,74.0,74.0,0.1082175588470099,0.0005813327430660847,20,40,0.0057058571837842464,522.3879726000014,0.891566265060241,0.891566265060241
reg3,reg3_m60_s0,es_transfer_dc,0,320,16010,1.379256030060983,74.0,74.0,0.1082175588470099,0.0005813327430660847,20,40,0.006245247088372707,528.324078399979,0.891566265060241,0.891566265060241
reg3,reg3_m60_s0,es_transfer_dc,0,325,16260,1.379256030060983,74.0,74.0,0.1082175588470099,0.0005813327430661125,20,41,0.005665559321641922,538.1347339000204,0.891566265060241,0.891566265060241
reg3,reg3_m60_s0,es_transfer_dc,0,330,16510,1.379256030060983,74.0,74.0,0.1082175588470099,0.0005813327430660847,20,40,0.004139269702136517,547.7852460999857,0.891566265060241,0.891566265060241
reg3,reg3_m60_s0,es_transfer_dc,0,335,16760,1.379256030060983,74.0,74.0,0.10821755884701001,0.0005813327430661819,20,41,0.0057173073291778564,553.2006440999685,0.891566265060241,0.891566265060241
reg3,reg3_m60_s0,es_transfer_dc,0,340,17010,1.379256030060983,74.0,74.0,0.10821755884701001,0.0005813327430661819,20,41,0.005165227688848972,562.837079400022,0.891566265060241,0.891566265060241
reg3,reg3_m60_s0,es_transfer_dc,0,345,17260,1.379256030060983,74.0,74.0,0.1082175588470099,0.0005813327430660847,20,40,0.005875112023204565,572.3188944999711,0.891566265060241,0.891566265060241
reg3,reg3_m60_s0,es_transfer_dc,0,350,17510,1.379256030060983,74.0,74.0,0.1082175588470099,0.0005813327430661125,20,41,0.005235925316810608,577.8169308999786,0.891566265060241,0.891566265060241
reg3,reg3_m60_s0,es_transfer_dc,0,355,17760,1.379256030060983,74.0,74.0,0.1082175588470099,0.0005813327430660847,20,40,0.005277271382510662,587.3984725999762,0.891566265060241,0.891566265060241
reg3,reg3_m60_s0,es_transfer_dc,0,360,18010,1.379256030060983,74.0,74.0,0.10821755884700995,0.0005813327430660292,20,41,0.005683303810656071,596.9380433000042,0.891566265060241,0.891566265060241
reg3,reg3_m60_s0,es_transfer_dc,0,365,18260,1.379256030060983,74.0,74.0,0.1082175588470099,0.0005813327430661125,20,41,0.004368982277810574,602.3915719999932,0.891566265060241,0.891566265060241
reg3,reg3_m60_s0,es_transfer_dc,0,370,18510,1.379256030060983,74.0,74.0,0.10821755884701001,0.0005813327430661819,20,41,0.0040344600565731525,611.9767869000207,0.891566265060241,0.891566265060241
reg3,reg3_m60_s0,es_transfer_dc,0,375,18760,1.379256030060983,74.0,74.0,0.1082175588470099,0.0005813327430660847,20,40,0.005746420472860336,621.4555769999861,0.891566265060241,0.891566265060241
reg3,reg3_m60_s0,es_transfer_dc,0,380,19010,1.379256030060983,74.0,74.0,0.10821755884700995,0.0005813327430660292,20,41,0.005500434897840023,626.7912976000225,0.891566265060241,0.891566265060241
reg3,reg3_m60_s0,es_transfer_dc,0,385,19260,1.379256030060983,74.0,74.0,0.1082175588470099,0.0005813327430661125,20,41,0.004655733238905668,636.2959640999907,0.891566265060241,0.891566265060241
reg3,reg3_m60_s0,es_transfer_dc,0,390,19510,1.379256030060983,74.0,74.0,0.1082175588470099,0.0005813327430661125,20,41,0.005579038523137569,645.7629561999929,0.891566265060241,0.891566265060241
reg3,reg3_m60_s0,es_transfer_dc,0,395,19760,1.379256030060983,74.0,74.0,0.1082175588470099,0.0005813327430660847,20,40,0.004658096469938755,651.068256700004,0.891566265060241,0.891566265060241
reg3,reg3_m60_s0,es_transfer_dc,0,400,20010,1.379256030060983,74.0,74.0,0.10821755884700995,0.0005813327430660292,20,41,0.0032194596715271473,660.4958683999721,0.891566265060241,0.891566265060241
reg3,reg3_m60_s0,es_transfer_dc,1,0,10,0.736444777344415,44.0,46.3,0.07304383663338695,0.00098649445651193,20,35,,0.055303099972661585,0.5301204819277109,0.5578313253012048
reg3,reg3_m60_s0,es_transfer_dc,1,5,260,1.0067474516463815,58.0,55.7,0.07336340700323829,3.7053739091663304e-05,20,35,0.009628960862755775,5.091017699975055,0.6987951807228916,0.6710843373493977
reg3,reg3_m60_s0,es_transfer_dc,1,10,510,1.040453665900448,60.0,58.1,0.0629770304678735,0.002466991239336795,20,36,0.006657803431153297,14.298196999996435,0.7228915662650602,0.7000000000000001
reg3,reg3_m60_s0,es_transfer_dc,1,15,760,1.080971787274081,62.0,61.0,0.06850336013394902,0.0014088601097778514,20,36,0.008801328018307686,23.7822906000074,0.7469879518072289,0.7349397590361446
reg3,reg3_m60_s0,es_transfer_dc,1,20,1010,1.1235611844366062,64.0,62.3,0.06025592701741585,0.0017986514910273352,20,38,0.010894743725657463,29.28862800000934,0.7710843373493976,0.7506024096385542
reg3,reg3_m60_s0,es_transfer_dc,1,25,1260,1.1235611844366062,64.0,63.7,0.06025592701741596,0.0017986514910274531,20,37,0.008790943771600723,38.82880409999052,0.7710843373493976,0.7674698795180723
reg3,reg3_m60_s0,es_transfer_dc,1,30,1510,1.12659194210416,64.0,64.0,0.06595052465782904,0.004765801008136082,20,38,0.007991588674485683,48.32383770000888,0.7710843373493976,0.7710843373493976
reg3,reg3_m60_s0,es_transfer_dc,1,35,1760,1.1467311797930735,65.0,64.3,0.07614822752067624,0.0013320916737480856,20,38,0.009832421317696571,53.70512020000024,0.7831325301204819,0.7746987951807228
reg3,reg3_m60_s0,es_transfer_dc,1,40,2010,1.146934474813461,65.0,65.0,0.07594264604210058,0.0007193861409428154,20,38,0.008696537464857101,63.34833040001104,0.7831325301204819,0.7831325301204819
reg3,reg3_m60_s0,es_transfer_dc,1,45,2260,1.146934474813461,65.0,65.0,0.07594264604210058,0.0007193861409428154,20,38,0.008550193160772324,73.00650600000517,0.7831325301204819,0.7831325301204819
reg3,reg3_m60_s0,es_transfer_dc,1,50,2510,1.146934474813461,65.0,65.0,0.07594264604210067,0.0007193861409427009,20,38,0.007394321262836456,78.4886101000011,0.7831325301204819,0.7831325301204819
reg3,reg3_m60_s0,es_transfer_dc,1,55,2760,1.1685057129106566,66.0,65.1,0.07486315100066757,0.0008219972761702235,20,39,0.007231140974909067,88.09028709999984,0.7951807228915663,0.7843373493975903
reg3,reg3_m60_s0,es_transfer_dc,1,60,3010,1.168903562720811,66.0,65.5,0.08107735861270553,0.0012025576675989934,20,38,0.00891144946217537,97.62003109999932,0.7951807228915663,0.7891566265060241
reg3,reg3_m60_s0,es_transfer_dc,1,65,3260,1.168903562720811,66.0,66.0,0.08107735861270543,0.0012025576675990524,20,39,0.00860830768942833,103.07228819996817,0.7951807228915663,0.7951807228915663
reg3,reg3_m60_s0,es_transfer_dc,1,70,3510,1.168903562720811,66.0,66.0,0.08107735861270539,0.001202557667599028,20,37,0.006542314775288105,112.65097449999303,0.7951807228915663,0.7951807228915663
reg3,reg3_m60_s0,es_transfer_dc,1,75,3760,1.168903562720811,66.0,66.0,0.08107735861270537,0.0012025576675988824,20,38,0.005742288660258055,122.13542939996114,0.7951807228915663,0.7951807228915663
reg3,reg3_m60_s0,es_transfer_dc,1,80,4010,1.168903562720811,66.0,66.0,0.08107735861270539,0.001202557667599028,20,37,0.004484261851757765,127.6804721999797,0.7951807228915663,0.7951807228915663
reg3,reg3_m60_s0,es_transfer_dc,1,85,4260,1.168903562720811,66.0,66.0,0.08107735861270535,0.0012025576675989517,20,39,0.005789243616163731,137.2292451999965,0.7951807228915663,0.7951807228915663
reg3,reg3_m60_s0,es_transfer_dc,1,90,4510,1.168903562720811,66.0,66.0,0.08107735861270537,0.0012025576675988824,20,38,0.005971656180918217,146.79964059998747,0.7951807228915663,0.7951807228915663
reg3,reg3_m60_s0,es_transfer_dc,1,95,4760,1.168903562720811,66.0,66.0,0.08107735861270535,0.0012025576675989517,20,39,0.004729765467345715,152.00663729995722,0.7951807228915663,0.7951807228915663
reg3,reg3_m60_s0,es_transfer_dc,1,100,5010,1.168903562720811,66.0,66.0,0.08107735861270543,0.0012025576675990142,20,38,0.0051465886645019054,161.27398279996123,0.7951807228915663,0.7951807228915663
reg3,reg3_m60_s0,es_transfer_dc,1,105,5260,1.168903562720811,66.0,66.0,0.08107735861270544,0.00120255766759878,20,36,0.005744032561779022,170.36968449997948,0.7951807228915663,0.7951807228915663
reg3,reg3_m60_s0,es_transfer_dc,1,110,5510,1.168903562720811,66.0,66.0,0.0810773586127054,0.0012025576675990905,20,38,0.004516229964792728,175.64955249999184,0.7951807228915663,0.7951807228915663
reg3,reg3_m60_s0,es_transfer_dc,1,115,5760,1.168903562720811,66.0,66.0,0.08107735861270537,0.0012025576675988824,20,38,0.005317951552569866,184.74870279995957,0.7951807228915663,0.7951807228915663
reg3,reg3_m60_s0,es_transfer_dc,1,120,6010,1.168903562720811,66.0,66.0,0.08107735861270535,0.0012025576675989535,20,39,0.0045287758111953735,193.8841439000098,0.7951807228915663,0.7951807228915663
reg3,reg3_m60_s0,es_transfer_dc,1,125,6260,1.168903562720811,66.0,66.0,0.0810773586127054,0.001202557667599075,20,39,0.004951511509716511,199.40577849996043,0.7951807228915663,0.7951807228915663
reg3,reg3_m60_s0,es_transfer_dc,1,130,6510,1.168903562720811,66.0,66.0,0.08107735861270537,0.0012025576675989916,20,36,0.004776628687977791,209.0714844999602,0.7951807228915663,0.7951807228915663
reg3,reg3_m60_s0,es_transfer_dc,1,135,6760,1.168903562720811,66.0,66.0,0.08107735861270551,0.0012025576675989101,20,36,0.004217227455228567,218.64478450000752,0.7951807228915663,0.7951807228915663
reg3,reg3_m60_s0,es_transfer_dc,1,140,7010,1.168903562720811,66.0,66.0,0.08107735861270543,0.001202557667598976,20,39,0.003980484791100025,223.90854500001296,0.7951807228915663,0.7951807228915663
reg3,reg3_m60_s0,es_transfer_dc,1,145,7260,1.168903562720811,66.0,66.0,0.08107735861270551,0.001202557667599035,20,38,0.0033864809665828943,233.2191717000096,0.7951807228915663,0.7951807228915663
reg3,reg3_m60_s0,es_transfer_dc,1,150,7510,1.168903562720811,66.0,66.0,0.08107735861270537,0.0012025576675989726,20,38,0.003312524640932679,242.77449939999497,0.7951807228915663,0.7951807228915663
reg3,reg3_m60_s0,es_transfer_dc,1,155,7760,1.168903562720811,66.0,66.0,0.08107735861270546,0.001202557667598983,20,38,0.0032741038594394922,248.10931819997495,0.7951807228915663,0.7951807228915663
reg3,reg3_m60_s0,es_transfer_dc,1,160,8010,1.168903562720811,66.0,66.0,0.08107735861270543,0.0012025576675991252,20,39,0.004721672274172306,257.7218830999918,0.7951807228915663,0.7951807228915663
reg3,reg3_m60_s0,es_transfer_dc,1,165,8260,1.1692404716110507,66.0,66.0,0.08050437843779942,0.0015469398538111995,20,39,0.002877695020288229,267.17085729999235,0.7951807228915663,0.7951807228915663
reg3,reg3_m60_s0,es_transfer_dc,1,170,8510,1.169240471611051,66.0,66.0,0.0805043784377995,0.0015469398538112637,20,39,0.0030134995467960835,272.50932509999257,0.7951807228915663,0.7951807228915663
reg3,reg3_m60_s0,es_transfer_dc,1,175,8760,1.169240471611051,66.0,66.0,0.0805043784377994,0.0015469398538113487,20,39,0.002993885427713394,282.0233186999685,0.7951807228915663,0.7951807228915663
reg3,reg3_m60_s0,es_transfer_dc,1,180,9010,1.169240471611051,66.0,66.0,0.08050437843779953,0.001546939853811517,20,39,0.003300851210951805,291.49685609998414,0.7951807228915663,0.7951807228915663
reg3,reg3_m60_s0,es_transfer_dc,1,185,9260,1.169240471611051,66.0,66.0,0.08050437843779949,0.0015469398538113903,20,38,0.0033774180337786674,296.9534058999852,0.7951807228915663,0.7951807228915663
reg3,reg3_m60_s0,es_transfer_dc,1,190,9510,1.169240471611051,66.0,66.0,0.08050437843779942,0.0015469398538113348,20,37,0.003114157821983099,306.5301790999947,0.7951807228915663,0.7951807228915663
reg3,reg3_m60_s0,es_transfer_dc,1,195,9760,1.169240471611051,66.0,66.0,0.0805043784377994,0.0015469398538113313,20,38,0.0027648580726236105,316.0523350999574,0.7951807228915663,0.7951807228915663
reg3,reg3_m60_s0,es_transfer_dc,1,200,10010,1.1849570017845301,67.0,66.1,0.07882326782558008,0.0006302735220886403,20,39,0.0021109366789460182,321.22352930001216,0.8072289156626506,0.7963855421686746
reg3,reg3_m60_s0,es_transfer_dc,1,205,10260,1.1849570017845301,67.0,66.1,0.07882326782558008,0.0006302735220886403,20,39,0.0024564892519265413,330.5978292999789,0.8072289156626506,0.7963855421686746
reg3,reg3_m60_s0,es_transfer_dc,1,210,10510,1.1849570017845301,67.0,66.2,0.07882326782558016,0.0006302735220887375,20,37,0.0024121603928506374,340.3532062000013,0.8072289156626506,0.7975903614457832
reg3,reg3_m60_s0,es_transfer_dc,1,215,10760,1.1849570017845301,67.0,66.6,0.07882326782558016,0.0006302735220887375,20,37,0.0026243182364851236,345.90113169996766,0.8072289156626506,0.8024096385542168
reg3,reg3_m60_s0,es_transfer_dc,1,220,11010,1.1849570017845301,67.0,66.9,0.07882326782558016,0.0006302735220885935,20,38,0.003373894840478897,355.5439556000056,0.8072289156626506,0.8060240963855423
reg3,reg3_m60_s0,es_transfer_dc,1,225,11260,1.1849570017845301,67.0,67.0,0.07882326782558018,0.0006302735220885518,20,38,0.002506585093215108,365.1329834999633,0.8072289156626506,0.8072289156626506
reg3,reg3_m60_s0,es_transfer_dc,1,230,11510,1.1849570017845301,67.0,67.0,0.07882326782558008,0.0006302735220886403,20,39,0.0022585962433367968,370.46379760000855,0.8072289156626506,0.8072289156626506
reg3,reg3_m60_s0,es_transfer_dc,1,235,11760,1.1849570017845301,67.0,67.0,0.07882326782558019,0.0006302735220887019,20,39,0.0022166010458022356,379.92418380000163,0.8072289156626506,0.8072289156626506
reg3,reg3_m60_s0,es_transfer_dc,1,240,12010,1.1849570017845301,67.0,67.0,0.07882326782558019,0.0006302735220887383,20,39,0.0026358221657574177,389.4212162999902,0.8072289156626506,0.8072289156626506
reg3,reg3_m60_s0,es_transfer_dc,1,245,12260,1.1849570017845301,67.0,67.0,0.07882326782558019,0.0006302735220887323,20,38,0.0019516575848683715,394.89206909999484,0.8072289156626506,0.8072289156626506
reg3,reg3_m60_s0,es_transfer_dc,1,250,12510,1.1849570017845301,67.0,67.0,0.0788232678255801,0.0006302735220886507,20,39,0.0030194162391126156,404.4685698999674,0.8072289156626506,0.8072289156626506
reg3,reg3_m60_s0,es_transfer_dc,1,255,12760,1.1849570017845301,67.0,67.0,0.0788232678255801,0.0006302735220888797,20,39,0.00241589592769742,414.0098892999813,0.8072289156626506,0.8072289156626506
reg3,reg3_m60_s0,es_transfer_dc,1,260,13010,1.1849570017845301,67.0,67.0,0.0788232678255801,0.0006302735220888797,20,39,0.0033301294315606356,419.465371600003,0.8072289156626506,0.8072289156626506
reg3,reg3_m60_s0,es_transfer_dc,1,265,13260,1.1849570017845301,67.0,67.0,0.07882326782558027,0.0006302735220885796,20,39,0.0027805643621832132,428.9331222999608,0.8072289156626506,0.8072289156626506
reg3,reg3_m60_s0,es_transfer_dc,1,270,13510,1.1849570017845301,67.0,67.0,0.07882326782558018,0.0006302735220887097,20,39,0.0018213987350463867,438.18833370000357,0.8072289156626506,0.8072289156626506
reg3,reg3_m60_s0,es_transfer_dc,1,275,13760,1.1849570017845301,67.0,67.0,0.07882326782558019,0.0006302735220885484,20,37,0.0021403362043201923,443.5187493999838,0.8072289156626506,0.8072289156626506
reg3,reg3_m60_s0,es_transfer_dc,1,280,14010,1.1849570017845301,67.0,67.0,0.07882326782558016,0.0006302735220885796,20,39,0.0034064536448568106,453.28608669998357,0.8072289156626506,0.8072289156626506
reg3,reg3_m60_s0,es_transfer_dc,1,285,14260,1.1849570017845301,67.0,67.0,0.07882326782558018,0.0006302735220887097,20,39,0.00290531013160944,462.7131673999829,0.8072289156626506,0.8072289156626506
reg3,reg3_m60_s0,es_transfer_dc,1,290,14510,1.1849570017845301,67.0,67.0,0.07882326782558001,0.0006302735220887175,20,38,0.0023260365705937147,468.061710399983,0.8072289156626506,0.8072289156626506
reg3,reg3_m60_s0,es_transfer_dc,1,295,14760,1.1849570017845301,67.0,67.0,0.07882326782558002,0.0006302735220888971,20,39,0.0018334445776417851,477.70121550001204,0.8072289156626506,0.8072289156626506
reg3,reg3_m60_s0,es_transfer_dc,1,300,15010,1.1849570017845301,67.0,67.0,0.07882326782558019,0.0006302735220885553,20,39,0.0017663318431004882,487.2072770000086,0.8072289156626506,0.8072289156626506
reg3,reg3_m60_s0,es_transfer_dc,1,305,15260,1.1849570017845301,67.0,67.0,0.07882326782558001,0.0006302735220887175,20,38,0.0018893927335739136,492.4142810999765,0.8072289156626506,0.8072289156626506
reg3,reg3_m60_s0,es_transfer_dc,1,310,15510,1.1849570017845301,67.0,67.0,0.07882326782558027,0.000630273522088623,20,39,0.0023358501493930817,502.10524589999113,0.8072289156626506,0.8072289156626506
reg3,reg3_m60_s0,es_transfer_dc,1,315,15760,1.1849570017845301,67.0,67.0,0.07882326782558025,0.0006302735220887713,20,38,0.0019224460702389479,511.8021544999792,0.8072289156626506,0.8072289156626506
reg3,reg3_m60_s0,es_transfer_dc,1,320,16010,1.1849570017845301,67.0,67.0,0.07882326782558001,0.0006302735220887175,20,38,0.0018906260374933481,517.266220199992,0.8072289156626506,0.8072289156626506
reg3,reg3_m60_s0,es_transfer_dc,1,325,16260,1.1849570017845301,67.0,67.0,0.07882326782558027,0.0006302735220886733,20,38,0.0021614893339574337,526.9562975000008,0.8072289156626506,0.8072289156626506
reg3,reg3_m60_s0,es_transfer_dc,1,330,16510,1.1849570017845301,67.0,67.0,0.07882326782558027,0.0006302735220884486,20,39,0.0016042449278756976,536.6583022999694,0.8072289156626506,0.8072289156626506
reg3,reg3_m60_s0,es_transfer_dc,1,335,16760,1.1849570017845301,67.0,67.0,0.07882326782558018,0.0006302735220887427,20,39,0.0018794056959450245,542.118611599959,0.8072289156626506,0.8072289156626506
reg3,reg3_m60_s0,es_transfer_dc,1,340,17010,1.1849570017845301,67.0,67.0,0.07882326782558012,0.0006302735220888016,20,39,0.001927405595779419,551.6945573000121,0.8072289156626506,0.8072289156626506
reg3,reg3_m60_s0,es_transfer_dc,1,345,17260,1.1849570017845301,67.0,67.0,0.07882326782558027,0.0006302735220886733,20,38,0.0013684658333659172,561.6547766999574,0.8072289156626506,0.8072289156626506
reg3,reg3_m60_s0,es_transfer_dc,1,350,17510,1.1849570017845301,67.0,67.0,0.07882326782558029,0.0006302735220886126,20,38,0.0018315846100449562,567.1791004000115,0.8072289156626506,0.8072289156626506
reg3,reg3_m60_s0,es_transfer_dc,1,355,17760,1.1849570017845301,67.0,67.0,0.0788232678255802,0.0006302735220886585,20,39,0.0022445127833634615,576.8618904000032,0.8072289156626506,0.8072289156626506
reg3,reg3_m60_s0,es_transfer_dc,1,360,18010,1.1849570017845301,67.0,67.0,0.07882326782558019,0.0006302735220886637,20,38,0.0015190838603302836,586.4302908999962,0.8072289156626506,0.8072289156626506
reg3,reg3_m60_s0,es_transfer_dc,1,365,18260,1.1849570017845301,67.0,67.0,0.07882326782558027,0.0006302735220884486,20,39,0.0022644007112830877,591.8237701999606,0.8072289156626506,0.8072289156626506
reg3,reg3_m60_s0,es_transfer_dc,1,370,18510,1.1849570017845301,67.0,67.0,0.07882326782558019,0.0006302735220886637,20,38,0.0017316993325948715,601.4477195999934,0.8072289156626506,0.8072289156626506
reg3,reg3_m60_s0,es_transfer_dc,1,375,18760,1.1849570017845301,67.0,67.0,0.07882326782558029,0.0006302735220886828,20,38,0.0012305480195209384,610.9481336000026,0.8072289156626506,0.8072289156626506
reg3,reg3_m60_s0,es_transfer_dc,1,380,19010,1.1849570017845301,67.0,67.0,0.07882326782558016,0.0006302735220885935,20,38,0.0016711128409951925,616.3855214999639,0.8072289156626506,0.8072289156626506
reg3,reg3_m60_s0,es_transfer_dc,1,385,19260,1.1849570017845301,67.0,67.0,0.07882326782558019,0.0006302735220887088,20,39,0.0015384042635560036,625.9613468999742,0.8072289156626506,0.8072289156626506
reg3,reg3_m60_s0,es_transfer_dc,1,390,19510,1.1849570017845301,67.0,67.0,0.07882326782558027,0.0006302735220886733,20,38,0.0015809241449460387,635.5278961000149,0.8072289156626506,0.8072289156626506
reg3,reg3_m60_s0,es_transfer_dc,1,395,19760,1.1849570017845301,67.0,67.0,0.07882326782558019,0.0006302735220886715,20,39,0.0014502358390018344,640.9706894999836,0.8072289156626506,0.8072289156626506
reg3,reg3_m60_s0,es_transfer_dc,1,400,20010,1.1849570017845301,67.0,67.0,0.07882326782558016,0.0006302735220887912,20,38,0.0022359194699674845,650.3881914999802,0.8072289156626506,0.8072289156626506
reg3,reg3_m60_s0,es_transfer_dc,2,0,10,0.6212453794867391,38.0,44.9,0.03190252217659621,0.0017974010528312402,20,35,,0.047219700005371124,0.4578313253012048,0.5409638554216867
reg3,reg3_m60_s0,es_transfer_dc,2,5,260,1.0329950850758947,60.0,58.8,0.038261827790656636,0.0005284496923914361,20,32,0.011762103997170925,5.249946099997032,0.7228915662650602,0.708433734939759
reg3,reg3_m60_s0,es_transfer_dc,2,10,510,1.1051684265203534,64.0,63.5,0.03745021194954046,0.0037968364836085088,20,30,0.009446501731872559,14.314512500015553,0.7710843373493976,0.7650602409638554
reg3,reg3_m60_s0,es_transfer_dc,2,15,760,1.1180377285231,65.0,64.1,0.03755445490068692,0.0006290375498706723,20,30,0.010168638080358505,23.258123499981593,0.7831325301204819,0.772289156626506
reg3,reg3_m60_s0,es_transfer_dc,2,20,1010,1.1273399998913842,65.0,64.3,0.04122450574719803,0.0006483110520886168,20,32,0.008512881584465504,28.511868499976117,0.7831325301204819,0.7746987951807228
reg3,reg3_m60_s0,es_transfer_dc,2,25,1260,1.1337928574920693,63.0,64.4,0.06671252306903339,0.000393525474837151,20,32,0.008673621341586113,37.68826769996667,0.7590361445783133,0.7759036144578314
reg3,reg3_m60_s0,es_transfer_dc,2,30,1510,1.1473977436330431,64.0,63.9,0.04493472973242249,0.0012156346883882502,20,30,0.007521437481045723,46.692943100002594,0.7710843373493976,0.7698795180722892
reg3,reg3_m60_s0,es_transfer_dc,2,35,1760,1.1932767341161483,68.0,66.5,0.05150785396851473,0.0016730442872729852,20,30,0.0068736607208848,52.01207539997995,0.8192771084337349,0.8012048192771084
reg3,reg3_m60_s0,es_transfer_dc,2,40,2010,1.2051303692128363,68.0,67.8,0.06981215067391536,0.00042990744106013654,20,30,0.0073072342202067375,61.12090169999283,0.8192771084337349,0.8168674698795181
reg3,reg3_m60_s0,es_transfer_dc,2,45,2260,1.2051303692128363,68.0,68.0,0.06981215067391544,0.00042990744106015735,20,30,0.007910996675491333,70.19260919996304,0.8192771084337349,0.8192771084337349
reg3,reg3_m60_s0,es_transfer_dc,2,50,2510,1.2193221156531702,69.0,68.1,0.056621197023498236,0.00042990744106022674,20,29,0.007341536693274975,75.40422819997184,0.8313253012048193,0.8204819277108433
reg3,reg3_m60_s0,es_transfer_dc,2,55,2760,1.2193221156531702,69.0,68.5,0.0566211970234983,0.0004299074410602337,20,29,0.006484491750597954,84.67528259998653,0.8313253012048193,0.8253012048192772
reg3,reg3_m60_s0,es_transfer_dc,2,60,3010,1.2452433504853615,71.0,69.6,0.053176456202623054,0.00016451845514424326,20,29,0.00719304196536541,94.19570959999692,0.8554216867469879,0.8385542168674698
reg3,reg3_m60_s0,es_transfer_dc,2,65,3260,1.2452433504853615,71.0,70.4,0.05317645620262301,0.00016451845514426407,20,30,0.005932308733463287,99.73695419996511,0.8554216867469879,0.8481927710843374
reg3,reg3_m60_s0,es_transfer_dc,2,70,3510,1.2452433504853615,71.0,71.0,0.05317645620262308,0.0001645184551442051,20,30,0.006418733857572079,109.5128137000138,0.8554216867469879,0.8554216867469879
reg3,reg3_m60_s0,es_transfer_dc,2,75,3760,1.2452433504853615,71.0,71.0,0.05317645620262305,0.00016451845514420423,20,30,0.008441241458058357,118.94736619998002,0.8554216867469879,0.8554216867469879
reg3,reg3_m60_s0,es_transfer_dc,2,80,4010,1.2452433504853615,71.0,71.0,0.05317645620262312,0.0001645184551443057,20,29,0.008095045574009418,124.23931009997614,0.8554216867469879,0.8554216867469879
reg3,reg3_m60_s0,es_transfer_dc,2,85,4260,1.2584105886368708,72.0,71.1,0.04464646624847489,0.00016451845514423198,20,29,0.005163124762475491,133.75160580000374,0.8674698795180723,0.8566265060240963
reg3,reg3_m60_s0,es_transfer_dc,2,90,4510,1.2584105886368708,72.0,71.3,0.044646466248474875,0.00016451845514432913,20,28,0.005422268528491259,143.20840760000283,0.8674698795180723,0.8590361445783132
reg3,reg3_m60_s0,es_transfer_dc,2,95,4760,1.2584105886368708,72.0,71.4,0.044646466248474875,0.00016451845514432913,20,28,0.00720239570364356,148.52482539997436,0.8674698795180723,0.8602409638554217
reg3,reg3_m60_s0,es_transfer_dc,2,100,5010,1.2584105886368708,72.0,71.5,0.04464646624847489,0.00016451845514407846,20,28,0.006414421834051609,157.8198273999733,0.8674698795180723,0.8614457831325302
reg3,reg3_m60_s0,es_transfer_dc,2,105,5260,1.2584105886368708,72.0,72.0,0.04464646624847489,0.00016451845514424066,20,27,0.0063230739906430244,167.44202919997042,0.8674698795180723,0.8674698795180723
reg3,reg3_m60_s0,es_transfer_dc,2,110,5510,1.2584105886368708,72.0,72.0,0.04464646624847467,0.00016451845514425367,20,30,0.004385817795991898,172.76044059998821,0.8674698795180723,0.8674698795180723
reg3,reg3_m60_s0,es_transfer_dc,2,115,5760,1.2584105886368708,72.0,72.0,0.04464646624847487,0.00016451845514418514,20,28,0.005125588737428188,182.24285019998206,0.8674698795180723,0.8674698795180723
reg3,reg3_m60_s0,es_transfer_dc,2,120,6010,1.2584105886368708,72.0,72.0,0.044646466248474924,0.00016451845514415305,20,28,0.00559734832495451,191.5528454000014,0.8674698795180723,0.8674698795180723
reg3,reg3_m60_s0,es_transfer_dc,2,125,6260,1.2584105886368708,72.0,72.0,0.044646466248474764,0.0001645184551442658,20,29,0.0037130091805011034,196.79052939999383,0.8674698795180723,0.8674698795180723
reg3,reg3_m60_s0,es_transfer_dc,2,130,6510,1.2584105886368708,72.0,72.0,0.04464646624847474,0.00016451845514424152,20,30,0.004394211806356907,206.1184661000152,0.8674698795180723,0.8674698795180723
reg3,reg3_m60_s0,es_transfer_dc,2,135,6760,1.2584105886368708,72.0,72.0,0.04464646624847493,0.00016451845514414871,20,28,0.00407005287706852,215.76483489997918,0.8674698795180723,0.8674698795180723
reg3,reg3_m60_s0,es_transfer_dc,2,140,7010,1.2584105886368708,72.0,72.0,0.044646466248474743,0.00016451845514435515,20,27,0.006193788256496191,221.13515589997405,0.8674698795180723,0.8674698795180723
reg3,reg3_m60_s0,es_transfer_dc,2,145,7260,1.2584105886368708,72.0,72.0,0.044646466248474855,0.0001645184551443456,20,30,0.0047503309324383736,230.46486279997043,0.8674698795180723,0.8674698795180723
reg3,reg3_m60_s0,es_transfer_dc,2,150,7510,1.2584105886368708,72.0,72.0,0.04464646624847487,0.00016451845514422678,20,28,0.004326034802943468,239.80286669998895,0.8674698795180723,0.8674698795180723
reg3,reg3_m60_s0,es_transfer_dc,2,155,7760,1.2584105886368708,72.0,72.0,0.044646466248474986,0.00016451845514431872,20,29,0.002363814739510417,244.93081459996756,0.8674698795180723,0.8674698795180723
reg3,reg3_m60_s0,es_transfer_dc,2,160,8010,1.2584105886368708,72.0,72.0,0.04464646624847484,0.00016451845514423372,20,26,0.004452674183994532,253.88005559996236,0.8674698795180723,0.8674698795180723
reg3,reg3_m60_s0,es_transfer_dc,2,165,8260,1.2584105886368708,72.0,72.0,0.044646466248474924,0.00016451845514411315,20,27,0.004596758168190718,262.78722719999496,0.8674698795180723,0.8674698795180723
reg3,reg3_m60_s0,es_transfer_dc,2,170,8510,1.2584105886368708,72.0,72.0,0.044646466248474806,0.00016451845514429356,20,30,0.0049335649237036705,267.86032589996466,0.8674698795180723,0.8674698795180723
reg3,reg3_m60_s0,es_transfer_dc,2,175,8760,1.2584105886368708,72.0,72.0,0.04464646624847481,0.0001645184551441704,20,30,0.004200944676995277,276.7548658999731,0.8674698795180723,0.8674698795180723
reg3,reg3_m60_s0,es_transfer_dc,2,180,9010,1.2584105886368708,72.0,72.0,0.04464646624847486,0.00016451845514416953,20,29,0.003967990633100271,285.7564534000121,0.8674698795180723,0.8674698795180723
reg3,reg3_m60_s0,es_transfer_dc,2,185,9260,1.2584105886368708,72.0,72.0,0.04464646624847482,0.00016451845514426407,20,28,0.004327333066612482,290.95527049998054,0.8674698795180723,0.8674698795180723
reg3,reg3_m60_s0,es_transfer_dc,2,190,9510,1.2584105886368708,72.0,72.0,0.04464646624847491,0.00016451845514431785,20,28,0.004366958513855934,300.1825813999749,0.8674698795180723,0.8674698795180723
reg3,reg3_m60_s0,es_transfer_dc,2,195,9760,1.2584105886368708,72.0,72.0,0.04464646624847484,0.0001645184551443057,20,28,0.004041495732963085,309.1366790999891,0.8674698795180723,0.8674698795180723
reg3,reg3_m60_s0,es_transfer_dc,2,200,10010,1.2584105886368708,72.0,72.0,0.04464646624847479,0.00016451845514438204,20,27,0.003584503661841154,314.16294569999445,0.8674698795180723,0.8674698795180723
reg3,reg3_m60_s0,es_transfer_dc,2,205,10260,1.2584105886368708,72.0,72.0,0.04464646624847486,0.00016451845514414958,20,28,0.0023960694670677185,323.3549120000098,0.8674698795180723,0.8674698795180723
reg3,reg3_m60_s0,es_transfer_dc,2,210,10510,1.2584105886368708,72.0,72.0,0.044646466248474875,0.00016451845514437423,20,27,0.0032684546895325184,332.72973179997643,0.8674698795180723,0.8674698795180723
reg3,reg3_m60_s0,es_transfer_dc,2,215,10760,1.2584105886368708,72.0,72.0,0.04464646624847479,0.00016451845514424066,20,29,0.004348185379058123,338.0294242000091,0.8674698795180723,0.8674698795180723
reg3,reg3_m60_s0,es_transfer_dc,2,220,11010,1.2584105886368708,72.0,72.0,0.044646466248474806,0.00016451845514430657,20,27,0.0024175781290978193,347.3420008000103,0.8674698795180723,0.8674698795180723
reg3,reg3_m60_s0,es_transfer_dc,2,225,11260,1.2584105886368708,72.0,72.0,0.044646466248474834,0.00016451845514423892,20,28,0.0036310842260718346,356.5803067999659,0.8674698795180723,0.8674698795180723
reg3,reg3_m60_s0,es_transfer_dc,2,230,11510,1.2584105886368708,72.0,72.0,0.04464646624847482,0.00016451845514421637,20,28,0.003571494249626994,361.94876329996623,0.8674698795180723,0.8674698795180723
reg3,reg3_m60_s0,es_transfer_dc,2,235,11760,1.2584105886368708,72.0,72.0,0.04464646624847485,0.00016451845514424326,20,28,0.0025841793976724148,371.18762559996685,0.8674698795180723,0.8674698795180723
reg3,reg3_m60_s0,es_transfer_dc,2,240,12010,1.2584105886368708,72.0,72.0,0.044646466248474785,0.0001645184551442259,20,28,0.002190039027482271,380.4197562999907,0.8674698795180723,0.8674698795180723
reg3,reg3_m60_s0,es_transfer_dc,2,245,12260,1.2584105886368708,72.0,72.0,0.04464646624847482,0.00016451845514427015,20,28,0.0030515047255903482,385.767122499994,0.8674698795180723,0.8674698795180723
reg3,reg3_m60_s0,es_transfer_dc,2,250,12510,1.2584105886368708,72.0,72.0,0.04464646624847491,0.00016451845514416433,20,27,0.002888601506128907,395.2281782999635,0.8674698795180723,0.8674698795180723
reg3,reg3_m60_s0,es_transfer_dc,2,255,12760,1.2584105886368708,72.0,72.0,0.04464646624847489,0.00016451845514423285,20,27,0.0034833033569157124,404.52456649998203,0.8674698795180723,0.8674698795180723
reg3,reg3_m60_s0,es_transfer_dc,2,260,13010,1.2584105886368708,72.0,72.0,0.04464646624847489,0.0001645184551441036,20,29,0.0023361516650766134,409.8438544999808,0.8674698795180723,0.8674698795180723
reg3,reg3_m60_s0,es_transfer_dc,2,265,13260,1.2584105886368708,72.0,72.0,0.04464646624847484,0.00016451845514425887,20,25,0.0024152554105967283,419.2473741999711,0.8674698795180723,0.8674698795180723
reg3,reg3_m60_s0,es_transfer_dc,2,270,13510,1.2584105886368708,72.0,72.0,0.044646466248474806,0.00016451845514438117,20,29,0.002767447382211685,428.46767849999014,0.8674698795180723,0.8674698795180723
reg3,reg3_m60_s0,es_transfer_dc,2,275,13760,1.2584105886368708,72.0,72.0,0.044646466248474875,0.0001645184551442476,20,27,0.0028613561298698187,433.8372226000065,0.8674698795180723,0.8674698795180723
reg3,reg3_m60_s0,es_transfer_dc,2,280,14010,1.2584105886368708,72.0,72.0,0.04464646624847489,0.0001645184551442901,20,28,0.0029290523380041122,443.10744890000205,0.8674698795180723,0.8674698795180723
reg3,reg3_m60_s0,es_transfer_dc,2,285,14260,1.2584105886368708,72.0,72.0,0.04464646624847482,0.00016451845514416173,20,27,0.002907568123191595,452.55027249996783,0.8674698795180723,0.8674698795180723
reg3,reg3_m60_s0,es_transfer_dc,2,290,14510,1.2584105886368708,72.0,72.0,0.04464646624847482,0.00016451845514423025,20,28,0.0019350156653672457,457.88795299996855,0.8674698795180723,0.8674698795180723
reg3,reg3_m60_s0,es_transfer_dc,2,295,14760,1.2584105886368708,72.0,72.0,0.04464646624847476,0.00016451845514436556,20,30,0.002299887128174305,467.22722110000905,0.8674698795180723,0.8674698795180723
reg3,reg3_m60_s0,es_transfer_dc,2,300,15010,1.2584105886368708,72.0,72.0,0.04464646624847484,0.00016451845514424673,20,29,0.002076975302770734,476.4900845999946,0.8674698795180723,0.8674698795180723
reg3,reg3_m60_s0,es_transfer_dc,2,305,15260,1.2584105886368708,72.0,72.0,0.044646466248474875,0.0001645184551440854,20,28,0.0017555876402184367,481.791193299985,0.8674698795180723,0.8674698795180723
reg3,reg3_m60_s0,es_transfer_dc,2,310,15510,1.2584105886368708,72.0,72.0,0.04464646624847487,0.0001645184551441149,20,30,0.0023534800857305527,491.0493301000097,0.8674698795180723,0.8674698795180723
reg3,reg3_m60_s0,es_transfer_dc,2,315,15760,1.2584105886368708,72.0,72.0,0.0446464662484749,0.0001645184551441331,20,29,0.0026884484104812145,500.32047460001195,0.8674698795180723,0.8674698795180723
reg3,reg3_m60_s0,es_transfer_dc,2,320,16010,1.2584105886368708,72.0,72.0,0.04464646624847486,0.00016451845514416086,20,28,0.002199743874371052,505.66912609996507,0.8674698795180723,0.8674698795180723
reg3,reg3_m60_s0,es_transfer_dc,2,325,16260,1.2584105886368708,72.0,72.0,0.04464646624847489,0.00016451845514420683,20,30,0.002413930604234338,515.0555032999837,0.8674698795180723,0.8674698795180723
reg3,reg3_m60_s0,es_transfer_dc,2,330,16510,1.2584105886368708,72.0,72.0,0.04464646624847489,0.00016451845514419555,20,29,0.002631782554090023,524.3784273999627,0.8674698795180723,0.8674698795180723
reg3,reg3_m60_s0,es_transfer_dc,2,335,16760,1.2584105886368708,72.0,72.0,0.04464646624847482,0.00016451845514413223,20,30,0.0025241035036742687,529.7218955999706,0.8674698795180723,0.8674698795180723
reg3,reg3_m60_s0,es_transfer_dc,2,340,17010,1.2584105886368708,72.0,72.0,0.044646466248474743,0.00016451845514418775,20,29,0.002749968785792589,539.0846787000191,0.8674698795180723,0.8674698795180723
reg3,reg3_m60_s0,es_transfer_dc,2,345,17260,1.2584105886368708,72.0,72.0,0.04464646624847484,0.00016451845514434214,20,28,0.0026811694260686636,548.4936808999628,0.8674698795180723,0.8674698795180723
reg3,reg3_m60_s0,es_transfer_dc,2,350,17510,1.2584105886368708,72.0,72.0,0.044646466248474834,0.00016451845514429096,20,29,0.0021291605662554502,553.8132665000157,0.8674698795180723,0.8674698795180723
reg3,reg3_m60_s0,es_transfer_dc,2,355,17760,1.2584105886368708,72.0,72.0,0.04464646624847486,0.00016451845514431959,20,29,0.0017754582222551107,563.219205899979,0.8674698795180723,0.8674698795180723
reg3,reg3_m60_s0,es_transfer_dc,2,360,18010,1.2584105886368708,72.0,72.0,0.044646466248474806,0.00016451845514432045,20,28,0.002312740311026573,572.561337399995,0.8674698795180723,0.8674698795180723
reg3,reg3_m60_s0,es_transfer_dc,2,365,18260,1.2584105886368708,72.0,72.0,0.044646466248474806,0.00016451845514423198,20,30,0.001836316310800612,577.985692999966,0.8674698795180723,0.8674698795180723
reg3,reg3_m60_s0,es_transfer_dc,2,370,18510,1.2584105886368708,72.0,72.0,0.044646466248474855,0.00016451845514434474,20,30,0.002298203995451331,587.2937054999638,0.8674698795180723,0.8674698795180723
reg3,reg3_m60_s0,es_transfer_dc,2,375,18760,1.2584105886368708,72.0,72.0,0.04464646624847492,0.0001645184551441409,20,28,0.002274524886161089,597.1499515000032,0.8674698795180723,0.8674698795180723
reg3,reg3_m60_s0,es_transfer_dc,2,380,19010,1.2584105886368708,72.0,72.0,0.04464646624847479,0.0001645184551442103,20,28,0.0016470984555780888,602.6436256999732,0.8674698795180723,0.8674698795180723
reg3,reg3_m60_s0,es_transfer_dc,2,385,19260,1.2584105886368708,72.0,72.0,0.04464646624847487,0.0001645184551441808,20,30,0.002153933048248291,612.129038700019,0.8674698795180723,0.8674698795180723
reg3,reg3_m60_s0,es_transfer_dc,2,390,19510,1.2584105886368708,72.0,72.0,0.04464646624847481,0.0001645184551442207,20,29,0.002033270662650466,621.6980627999874,0.8674698795180723,0.8674698795180723
reg3,reg3_m60_s0,es_transfer_dc,2,395,19760,1.2584105886368708,72.0,72.0,0.04464646624847473,0.00016451845514412703,20,26,0.0013583709951490164,626.8692045999924,0.8674698795180723,0.8674698795180723
reg3,reg3_m60_s0,es_transfer_dc,2,400,20010,1.2584105886368708,72.0,72.0,0.04464646624847488,0.00016451845514423632,20,29,0.002026980509981513,636.4789528999827,0.8674698795180723,0.8674698795180723
reg3,reg3_m60_s0,es_transfer_dc,3,0,10,0.510890886101881,31.0,44.4,0.043618584570616764,1.984089975648473e-17,20,32,,0.05061710003064945,0.37349397590361444,0.5349397590361445
reg3,reg3_m60_s0,es_transfer_dc,3,5,260,1.1591288789979042,66.0,62.1,0.05634546235764151,4.336808689942018e-17,20,33,0.011792652308940887,5.281066299998201,0.7951807228915663,0.7481927710843373
reg3,reg3_m60_s0,es_transfer_dc,3,10,510,1.1591288789979042,66.0,64.6,0.05634546235764151,4.336808689942018e-17,20,33,0.015766266733407974,14.351524199999403,0.7951807228915663,0.7783132530120481
reg3,reg3_m60_s0,es_transfer_dc,3,15,760,1.1591288789979042,66.0,65.4,0.05634546235764151,4.336808689942018e-17,20,33,0.012242402881383896,23.485833100043237,0.7951807228915663,0.7879518072289158
reg3,reg3_m60_s0,es_transfer_dc,3,20,1010,1.1619734461063416,67.0,66.1,0.05217401703020717,1.1275702593849246e-17,20,33,0.012161481194198132,28.688552300038282,0.8072289156626506,0.7963855421686746
reg3,reg3_m60_s0,es_transfer_dc,3,25,1260,1.1624195037881402,66.0,66.1,0.07217524725590146,3.122502256758253e-17,20,33,0.01223431434482336,38.18231940001715,0.7951807228915663,0.7963855421686746
reg3,reg3_m60_s0,es_transfer_dc,3,30,1510,1.1624195037881402,66.0,66.1,0.07217524725590163,2.0816681711721685e-17,20,32,0.009491795673966408,47.70944920001784,0.7951807228915663,0.7963855421686746
reg3,reg3_m60_s0,es_transfer_dc,3,35,1760,1.1834467290768287,68.0,66.7,0.05360614755655653,3.2959746043559335e-17,20,32,0.008255983702838421,53.06158290000167,0.8192771084337349,0.8036144578313253
reg3,reg3_m60_s0,es_transfer_dc,3,40,2010,1.1834467290768287,68.0,66.7,0.05360614755655653,3.2959746043559335e-17,20,32,0.009430678561329842,62.94816230004653,0.8192771084337349,0.8036144578313253
reg3,reg3_m60_s0,es_transfer_dc,3,45,2260,1.1834467290768287,68.0,67.0,0.05360614755655653,3.2959746043559335e-17,20,32,0.006828371901065111,72.80355210002745,0.8192771084337349,0.8072289156626506
reg3,reg3_m60_s0,es_transfer_dc,3,50,2510,1.1834467290768287,68.0,67.1,0.05360614755655653,3.2959746043559335e-17,20,32,0.007773944176733494,78.30084060004447,0.8192771084337349,0.808433734939759
reg3,reg3_m60_s0,es_transfer_dc,3,55,2760,1.1834467290768287,68.0,67.2,0.05360614755655653,3.2959746043559335e-17,20,32,0.007126783486455679,88.04739960003644,0.8192771084337349,0.8096385542168675
reg3,reg3_m60_s0,es_transfer_dc,3,60,3010,1.1834467290768287,68.0,67.6,0.05360614755655653,3.2959746043559335e-17,20,32,0.009398149326443672,97.89326580002671,0.8192771084337349,0.8144578313253011
reg3,reg3_m60_s0,es_transfer_dc,3,65,3260,1.1834467290768287,68.0,67.7,0.05360614755655653,3.2959746043559335e-17,20,32,0.006190428975969553,103.3254728000029,0.8192771084337349,0.8156626506024097
reg3,reg3_m60_s0,es_transfer_dc,3,70,3510,1.1834467290768287,68.0,67.7,0.05360614755655653,3.2959746043559335e-17,20,32,0.007119452580809593,113.06384990003426,0.8192771084337349,0.8156626506024097
reg3,reg3_m60_s0,es_transfer_dc,3,75,3760,1.1834467290768287,68.0,67.7,0.05360614755655653,3.2959746043559335e-17,20,32,0.007717509288340807,122.90654570003971,0.8192771084337349,0.8156626506024097
reg3,reg3_m60_s0,es_transfer_dc,3,80,4010,1.1862676652704636,67.0,67.6,0.0725067372836157,0.0009308310516594892,20,33,0.008171895518898964,128.39477700000862,0.8072289156626506,0.8144578313253011
reg3,reg3_m60_s0,es_transfer_dc,3,85,4260,1.1862676652704638,67.0,67.4,0.07250673728361577,0.0009308310516594476,20,34,0.006874341983348131,137.9028793000034,0.8072289156626506,0.8120481927710844
reg3,reg3_m60_s0,es_transfer_dc,3,90,4510,1.1862676652704638,67.0,67.4,0.07250673728361577,0.0009308310516594476,20,34,0.006422947160899639,147.59539230004884,0.8072289156626506,0.8120481927710844
reg3,reg3_m60_s0,es_transfer_dc,3,95,4760,1.1880027459360303,68.0,67.5,0.05424339231404362,4.683753385137379e-17,20,32,0.007008174899965525,152.9864461000543,0.8192771084337349,0.8132530120481928
reg3,reg3_m60_s0,es_transfer_dc,3,100,5010,1.1880027459360303,68.0,67.3,0.05424339231404362,4.683753385137379e-17,20,32,0.00829219724982977,163.26713680004468,0.8192771084337349,0.8108433734939758
reg3,reg3_m60_s0,es_transfer_dc,3,105,5260,1.1895868535115193,67.0,67.2,0.0757775484599702,0.001178780351602052,20,34,0.005476944614201784,173.07879810000304,0.8072289156626506,0.8096385542168675
reg3,reg3_m60_s0,es_transfer_dc,3,110,5510,1.1895868535115193,67.0,67.2,0.0757775484599702,0.001178780351602052,20,34,0.00674841832369566,178.5190578000038,0.8072289156626506,0.8096385542168675
reg3,reg3_m60_s0,es_transfer_dc,3,115,5760,1.2212956770493575,69.0,67.7,0.06887215179383463,0.000346036699053448,20,34,0.006527863442897797,189.1807268000557,0.8313253012048193,0.8156626506024097
reg3,reg3_m60_s0,es_transfer_dc,3,120,6010,1.2212956770493575,69.0,67.9,0.06887215179383456,0.00034603669905343415,20,33,0.006223137024790049,200.2733788000187,0.8313253012048193,0.8180722891566266
reg3,reg3_m60_s0,es_transfer_dc,3,125,6260,1.2212956770493575,69.0,68.7,0.06887215179383449,0.00034603669905346884,20,34,0.006759139243513346,206.24144490004983,0.8313253012048193,0.827710843373494
reg3,reg3_m60_s0,es_transfer_dc,3,130,6510,1.225718027124787,69.0,69.0,0.06931388606334601,0.0003460366990535729,20,34,0.005383006762713194,216.40109110000776,0.8313253012048193,0.8313253012048193
reg3,reg3_m60_s0,es_transfer_dc,3,135,6760,1.225718027124787,69.0,69.0,0.06931388606334601,0.0003460366990535729,20,34,0.0042414674535393715,226.4133131999988,0.8313253012048193,0.8313253012048193
reg3,reg3_m60_s0,es_transfer_dc,3,140,7010,1.225718027124787,69.0,69.0,0.06931388606334601,0.0003460366990535729,20,34,0.004760408308357,231.89603560004616,0.8313253012048193,0.8313253012048193
reg3,reg3_m60_s0,es_transfer_dc,3,145,7260,1.225718027124787,69.0,69.0,0.06931388606334624,0.00034603669905342027,20,34,0.006123628932982683,242.05744390003383,0.8313253012048193,0.8313253012048193
reg3,reg3_m60_s0,es_transfer_dc,3,150,7510,1.225718027124787,69.0,69.0,0.06931388606334607,0.0003460366990533925,20,34,0.005623311270028353,251.92564140004106,0.8313253012048193,0.8313253012048193
reg3,reg3_m60_s0,es_transfer_dc,3,155,7760,1.225718027124787,69.0,69.0,0.06931388606334607,0.0003460366990533925,20,34,0.0068634431809186935,257.57738620002056,0.8313253012048193,0.8313253012048193
reg3,reg3_m60_s0,es_transfer_dc,3,160,8010,1.225718027124787,69.0,69.0,0.06931388606334617,0.0003460366990533578,20,33,0.0049117919988930225,267.4344693000312,0.8313253012048193,0.8313253012048193
reg3,reg3_m60_s0,es_transfer_dc,3,165,8260,1.225718027124787,69.0,69.0,0.06931388606334606,0.00034603669905361456,20,34,0.005177711136639118,277.27036890003365,0.8313253012048193,0.8313253012048193
reg3,reg3_m60_s0,es_transfer_dc,3,170,8510,1.225718027124787,69.0,69.0,0.06931388606334617,0.00034603669905330925,20,33,0.006349795497953892,282.8843620000407,0.8313253012048193,0.8313253012048193
reg3,reg3_m60_s0,es_transfer_dc,3,175,8760,1.225718027124787,69.0,69.0,0.06931388606334601,0.0003460366990535729,20,34,0.00509520573541522,292.833013400028,0.8313253012048193,0.8313253012048193
reg3,reg3_m60_s0,es_transfer_dc,3,180,9010,1.225718027124787,69.0,69.0,0.06931388606334624,0.00034603669905342027,20,34,0.0056463126093149185,302.6866385000176,0.8313253012048193,0.8313253012048193
reg3,reg3_m60_s0,es_transfer_dc,3,185,9260,1.225718027124787,69.0,69.0,0.06931388606334606,0.00034603669905361456,20,34,0.0054284995421767235,308.3419916999992,0.8313253012048193,0.8313253012048193
reg3,reg3_m60_s0,es_transfer_dc,3,190,9510,1.225718027124787,69.0,69.0,0.06931388606334617,0.00034603669905330925,20,33,0.006364406552165747,318.23845190001884,0.8313253012048193,0.8313253012048193
reg3,reg3_m60_s0,es_transfer_dc,3,195,9760,1.225718027124787,69.0,69.0,0.06931388606334624,0.00034603669905342027,20,34,0.0052915895357728004,328.04500530002406,0.8313253012048193,0.8313253012048193
reg3,reg3_m60_s0,es_transfer_dc,3,200,10010,1.225718027124787,69.0,69.0,0.06931388606334624,0.00034603669905341333,20,33,0.005237406585365534,333.5542854000232,0.8313253012048193,0.8313253012048193
reg3,reg3_m60_s0,es_transfer_dc,3,205,10260,1.225718027124787,69.0,69.0,0.06931388606334607,0.0003460366990533925,20,34,0.005240058060735464,343.5830623000511,0.8313253012048193,0.8313253012048193
reg3,reg3_m60_s0,es_transfer_dc,3,210,10510,1.225718027124787,69.0,69.0,0.06931388606334607,0.0003460366990533925,20,34,0.004683639854192734,353.52601280005183,0.8313253012048193,0.8313253012048193
reg3,reg3_m60_s0,es_transfer_dc,3,215,10760,1.225718027124787,69.0,69.0,0.06931388606334607,0.0003460366990533925,20,34,0.0054522790014743805,359.11697130004177,0.8313253012048193,0.8313253012048193
reg3,reg3_m60_s0,es_transfer_dc,3,220,11010,1.225718027124787,69.0,69.0,0.06931388606334606,0.00034603669905361456,20,34,0.004968432243913412,369.15527030004887,0.8313253012048193,0.8313253012048193
reg3,reg3_m60_s0,es_transfer_dc,3,225,11260,1.225718027124787,69.0,69.0,0.06931388606334601,0.0003460366990535729,20,34,0.004181265365332365,379.09175150003284,0.8313253012048193,0.8313253012048193
reg3,reg3_m60_s0,es_transfer_dc,3,230,11510,1.225718027124787,69.0,69.0,0.06931388606334607,0.0003460366990533925,20,34,0.005859183147549629,384.8992059000302,0.8313253012048193,0.8313253012048193
reg3,reg3_m60_s0,es_transfer_dc,3,235,11760,1.225718027124787,69.0,69.0,0.06931388606334606,0.00034603669905361456,20,34,0.003566507715731859,394.5637170000118,0.8313253012048193,0.8313253012048193
reg3,reg3_m60_s0,es_transfer_dc,3,240,12010,1.225718027124787,69.0,69.0,0.06931388606334606,0.00034603669905361456,20,34,0.0064608510583639145,403.9734234000207,0.8313253012048193,0.8313253012048193
reg3,reg3_m60_s0,es_transfer_dc,3,245,12260,1.225718027124787,69.0,69.0,0.06931388606334615,0.00034603669905341333,20,33,0.005005586426705122,409.2736748000025,0.8313253012048193,0.8313253012048193
reg3,reg3_m60_s0,es_transfer_dc,3,250,12510,1.225718027124787,69.0,69.0,0.06931388606334601,0.0003460366990535729,20,34,0.004004074726253748,418.46273860003566,0.8313253012048193,0.8313253012048193
reg3,reg3_m60_s0,es_transfer_dc,3,255,12760,1.225718027124787,69.0,69.0,0.06931388606334624,0.00034603669905341333,20,33,0.004413730930536985,427.7620774000534,0.8313253012048193,0.8313253012048193
reg3,reg3_m60_s0,es_transfer_dc,3,260,13010,1.225718027124787,69.0,69.0,0.06931388606334606,0.00034603669905361456,20,34,0.0037052547559142113,433.0200881000492,0.8313253012048193,0.8313253012048193
reg3,reg3_m60_s0,es_transfer_dc,3,265,13260,1.225718027124787,69.0,69.0,0.06931388606334606,0.00034603669905361456,20,34,0.0031571402214467525,442.2512988000526,0.8313253012048193,0.8313253012048193
reg3,reg3_m60_s0,es_transfer_dc,3,270,13510,1.225718027124787,69.0,69.0,0.06931388606334606,0.00034603669905361456,20,34,0.004046468995511532,451.68824420002056,0.8313253012048193,0.8313253012048193
reg3,reg3_m60_s0,es_transfer_dc,3,275,13760,1.225718027124787,69.0,69.0,0.06931388606334617,0.00034603669905330925,20,33,0.003723674453794956,456.9184497000533,0.8313253012048193,0.8313253012048193
reg3,reg3_m60_s0,es_transfer_dc,3,280,14010,1.225718027124787,69.0,69.0,0.06931388606334624,0.0003460366990533578,20,33,0.004219957627356052,466.33595420001075,0.8313253012048193,0.8313253012048193
reg3,reg3_m60_s0,es_transfer_dc,3,285,14260,1.225718027124787,69.0,69.0,0.06931388606334606,0.00034603669905361456,20,34,0.003263445571064949,475.9058262000326,0.8313253012048193,0.8313253012048193
reg3,reg3_m60_s0,es_transfer_dc,3,290,14510,1.225718027124787,69.0,69.0,0.06931388606334615,0.00034603669905354517,20,34,0.004492931067943573,481.1783748000162,0.8313253012048193,0.8313253012048193
reg3,reg3_m60_s0,es_transfer_dc,3,295,14760,1.225718027124787,69.0,69.0,0.06931388606334601,0.0003460366990535729,20,34,0.0036758717615157366,490.3907714000088,0.8313253012048193,0.8313253012048193
reg3,reg3_m60_s0,es_transfer_dc,3,300,15010,1.225718027124787,69.0,69.0,0.06931388606334615,0.0003460366990535313,20,34,0.0035925081465393305,499.64853570004925,0.8313253012048193,0.8313253012048193
reg3,reg3_m60_s0,es_transfer_dc,3,305,15260,1.225718027124787,69.0,69.0,0.06931388606334607,0.0003460366990533925,20,34,0.003282230580225587,504.9619470000034,0.8313253012048193,0.8313253012048193
reg3,reg3_m60_s0,es_transfer_dc,3,310,15510,1.225718027124787,69.0,69.0,0.06931388606334615,0.00034603669905354517,20,34,0.00392861058935523,514.1969940999988,0.8313253012048193,0.8313253012048193
reg3,reg3_m60_s0,es_transfer_dc,3,315,15760,1.225718027124787,69.0,69.0,0.06931388606334606,0.00034603669905361456,20,34,0.004417399410158396,523.5304724000162,0.8313253012048193,0.8313253012048193
reg3,reg3_m60_s0,es_transfer_dc,3,320,16010,1.225718027124787,69.0,69.0,0.06931388606334617,0.0003460366990533925,20,34,0.002922524232417345,528.7385941000539,0.8313253012048193,0.8313253012048193
reg3,reg3_m60_s0,es_transfer_dc,3,325,16260,1.225718027124787,69.0,69.0,0.06931388606334601,0.0003460366990535729,20,34,0.004032094031572342,537.9968103000429,0.8313253012048193,0.8313253012048193
reg3,reg3_m60_s0,es_transfer_dc,3,330,16510,1.225718027124787,69.0,69.0,0.06931388606334617,0.0003460366990533925,20,34,0.0031859944574534893,547.3721022000536,0.8313253012048193,0.8313253012048193
reg3,reg3_m60_s0,es_transfer_dc,3,335,16760,1.225718027124787,69.0,69.0,0.06931388606334615,0.00034603669905354517,20,34,0.0030983411706984043,552.6321715000086,0.8313253012048193,0.8313253012048193
reg3,reg3_m60_s0,es_transfer_dc,3,340,17010,1.225718027124787,69.0,69.0,0.06931388606334617,0.0003460366990533578,20,33,0.0031333582010120153,561.9881538000191,0.8313253012048193,0.8313253012048193
reg3,reg3_m60_s0,es_transfer_dc,3,345,17260,1.225718027124787,69.0,69.0,0.06931388606334615,0.0003460366990535313,20,34,0.0020475778728723526,571.2599534000037,0.8313253012048193,0.8313253012048193
reg3,reg3_m60_s0,es_transfer_dc,3,350,17510,1.225718027124787,69.0,69.0,0.06931388606334617,0.00034603669905330925,20,33,0.003192427335307002,576.5278381000389,0.8313253012048193,0.8313253012048193
reg3,reg3_m60_s0,es_transfer_dc,3,355,17760,1.225718027124787,69.0,69.0,0.06931388606334606,0.00034603669905361456,20,34,0.0032496366184204817,585.7931253000279,0.8313253012048193,0.8313253012048193
reg3,reg3_m60_s0,es_transfer_dc,3,360,18010,1.225718027124787,69.0,69.0,0.06931388606334624,0.00034603669905342027,20,34,0.0035205422900617123,595.1292024000431,0.8313253012048193,0.8313253012048193
reg3,reg3_m60_s0,es_transfer_dc,3,365,18260,1.225718027124787,69.0,69.0,0.06931388606334601,0.0003460366990535729,20,34,0.003247492015361786,600.3397030000342,0.8313253012048193,0.8313253012048193
reg3,reg3_m60_s0,es_transfer_dc,3,370,18510,1.225718027124787,69.0,69.0,0.06931388606334601,0.0003460366990535729,20,34,0.0032858471386134624,609.6790517000481,0.8313253012048193,0.8313253012048193
reg3,reg3_m60_s0,es_transfer_dc,3,375,18760,1.225718027124787,69.0,69.0,0.06931388606334607,0.0003460366990533925,20,34,0.002976085292175412,618.9941336000338,0.8313253012048193,0.8313253012048193
reg3,reg3_m60_s0,es_transfer_dc,3,380,19010,1.225718027124787,69.0,69.0,0.06931388606334615,0.00034603669905354517,20,34,0.002888138871639967,624.253601400007,0.8313253012048193,0.8313253012048193
reg3,reg3_m60_s0,es_transfer_dc,3,385,19260,1.225718027124787,69.0,69.0,0.06931388606334615,0.00034603669905341333,20,33,0.003112470731139183,633.6135349000106,0.8313253012048193,0.8313253012048193
reg3,reg3_m60_s0,es_transfer_dc,3,390,19510,1.225718027124787,69.0,69.0,0.06931388606334615,0.00034603669905341333,20,33,0.004603433422744274,642.8745728000067,0.8313253012048193,0.8313253012048193
reg3,reg3_m60_s0,es_transfer_dc,3,395,19760,1.225718027124787,69.0,69.0,0.06931388606334607,0.0003460366990533925,20,34,0.003422507317736745,648.229497100052,0.8313253012048193,0.8313253012048193
reg3,reg3_m60_s0,es_transfer_dc,3,400,20010,1.225718027124787,69.0,69.0,0.06931388606334606,0.00034603669905361456,20,34,0.003126697149127722,658.0282104000216,0.8313253012048193,0.8313253012048193
reg3,reg3_m60_s0,es_transfer_dc,4,0,10,0.6376665406417732,38.0,42.3,0.067840025423876,0.0028286894968670324,20,38,,0.0519757000147365,0.4578313253012048,0.5096385542168674
reg3,reg3_m60_s0,es_transfer_dc,4,5,260,1.033932446692708,60.0,58.7,0.02676441594239882,0.0001694192495027315,20,31,0.013837745413184166,5.537592600041535,0.7228915662650602,0.7072289156626507
reg3,reg3_m60_s0,es_transfer_dc,4,10,510,1.1110689086495187,64.0,63.1,0.023190128370522846,0.0002777242474524817,20,31,0.013049291446805,15.03284940001322,0.7710843373493976,0.7602409638554217
reg3,reg3_m60_s0,es_transfer_dc,4,15,760,1.1703449815873603,68.0,65.5,0.020575919540557555,8.061398577476238e-05,20,31,0.015450196340680122,24.76426419999916,0.8192771084337349,0.7891566265060241
reg3,reg3_m60_s0,es_transfer_dc,4,20,1010,1.1703449815873603,68.0,66.4,0.020575919540557555,8.061398577476238e-05,20,31,0.016685890033841133,30.24723510001786,0.8192771084337349,0.8
reg3,reg3_m60_s0,es_transfer_dc,4,25,1260,1.188459042676639,68.0,67.3,0.03913587186557258,0.0003418648273369393,20,31,0.012614134699106216,39.96063829999184,0.8192771084337349,0.8108433734939758
reg3,reg3_m60_s0,es_transfer_dc,4,30,1510,1.188459042676639,68.0,68.0,0.03913587186557258,0.0003418648273369393,20,31,0.013569832779467106,49.57250440004282,0.8192771084337349,0.8192771084337349
reg3,reg3_m60_s0,es_transfer_dc,4,35,1760,1.188459042676639,68.0,67.9,0.03913587186557258,0.0003418648273369393,20,31,0.013105706311762333,54.98411640000995,0.8192771084337349,0.8180722891566266
reg3,reg3_m60_s0,es_transfer_dc,4,40,2010,1.188459042676639,68.0,67.2,0.03913587186557257,0.0003418648273367797,20,31,0.010703963227570057,64.40602140000556,0.8192771084337349,0.8096385542168675
reg3,reg3_m60_s0,es_transfer_dc,4,45,2260,1.2022713981827893,68.0,67.9,0.05725929120322866,2.4777904890194158e-05,20,32,0.01022863108664751,73.68334039999172,0.8192771084337349,0.8180722891566266
reg3,reg3_m60_s0,es_transfer_dc,4,50,2510,1.205620305645231,68.0,67.9,0.05677708290293618,0.0009339121089916164,20,33,0.011132994666695595,79.14156369998818,0.8192771084337349,0.8180722891566266
reg3,reg3_m60_s0,es_transfer_dc,4,55,2760,1.2096588649871218,68.0,68.0,0.053468067727121114,2.477790489017334e-05,20,32,0.0102054663002491,88.34959920000983,0.8192771084337349,0.8192771084337349
reg3,reg3_m60_s0,es_transfer_dc,4,60,3010,1.2096588649871218,68.0,68.0,0.05346806772712096,2.4777904890263547e-05,20,32,0.009260985068976879,97.93171380000422,0.8192771084337349,0.8192771084337349
reg3,reg3_m60_s0,es_transfer_dc,4,65,3260,1.2134970398720302,68.0,68.0,0.0660598853859489,0.001036730812765313,20,32,0.01002233661711216,103.30759510002099,0.8192771084337349,0.8192771084337349
reg3,reg3_m60_s0,es_transfer_dc,4,70,3510,1.2157085707927113,68.0,67.9,0.0689888546557986,0.0010367308127652158,20,33,0.009389504790306091,112.68012880004244,0.8192771084337349,0.8180722891566266
reg3,reg3_m60_s0,es_transfer_dc,4,75,3760,1.2157085707927113,68.0,67.9,0.0689888546557986,0.0010367308127652297,20,33,0.01076952088624239,122.05264160002116,0.8192771084337349,0.8180722891566266
reg3,reg3_m60_s0,es_transfer_dc,4,80,4010,1.2235362071320723,68.0,68.0,0.06820259026387923,0.001036730812765247,20,33,0.008778516203165054,127.39504860003944,0.8192771084337349,0.8192771084337349
reg3,reg3_m60_s0,es_transfer_dc,4,85,4260,1.2424702019033884,69.0,68.1,0.07141603681535313,0.0011061257677472472,20,33,0.010353031568229198,137.25117430003593,0.8313253012048193,0.8204819277108433
reg3,reg3_m60_s0,es_transfer_dc,4,90,4510,1.2424702019033884,69.0,68.4,0.07141603681535313,0.0011061257677472472,20,33,0.008072908036410809,146.39883300004294,0.8313253012048193,0.8240963855421688
reg3,reg3_m60_s0,es_transfer_dc,4,95,4760,1.2424702019033884,69.0,69.0,0.07141603681535313,0.0011061257677472472,20,33,0.009543322026729584,151.46492490003584,0.8313253012048193,0.8313253012048193
reg3,reg3_m60_s0,es_transfer_dc,4,100,5010,1.2424702019033884,69.0,69.1,0.07141603681535313,0.0011061257677472472,20,33,0.010444468818604946,160.52809090004303,0.8313253012048193,0.8325301204819276
reg3,reg3_m60_s0,es_transfer_dc,4,105,5260,1.2424702019033884,69.0,69.1,0.0714160368153531,0.0011061257677471882,20,33,0.007474992424249649,169.56325170001946,0.8313253012048193,0.8325301204819276
reg3,reg3_m60_s0,es_transfer_dc,4,110,5510,1.2424702019033884,69.0,69.1,0.07141603681535293,0.001106125767747334,20,33,0.010248227044939995,174.7408024999895,0.8313253012048193,0.8325301204819276
reg3,reg3_m60_s0,es_transfer_dc,4,115,5760,1.2465142066863082,69.0,69.0,0.06707566390605799,0.0012245972857994891,20,33,0.00877378974109888,184.22806460002903,0.8313253012048193,0.8313253012048193
reg3,reg3_m60_s0,es_transfer_dc,4,120,6010,1.2465142066863082,69.0,69.0,0.06707566390605799,0.0012245972857994891,20,33,0.007556138560175896,193.59022110002115,0.8313253012048193,0.8313253012048193
reg3,reg3_m60_s0,es_transfer_dc,4,125,6260,1.2465142066863082,69.0,69.0,0.06707566390605796,0.001224597285799274,20,33,0.007287696469575167,199.031550100015,0.8313253012048193,0.8313253012048193
reg3,reg3_m60_s0,es_transfer_dc,4,130,6510,1.256776897094855,70.0,69.1,0.07056088609258292,0.0020308333107136763,20,33,0.008450374007225037,208.51307460002135,0.8433734939759037,0.8325301204819276
reg3,reg3_m60_s0,es_transfer_dc,4,135,6760,1.256776897094855,70.0,69.2,0.07056088609258294,0.0020308333107138324,20,33,0.005735806655138731,218.00120220001554,0.8433734939759037,0.8337349397590362
reg3,reg3_m60_s0,es_transfer_dc,4,140,7010,1.256776897094855,70.0,69.8,0.07056088609258294,0.0020308333107138324,20,33,0.007820924744009972,223.3408924000105,0.8433734939759037,0.8409638554216867
reg3,reg3_m60_s0,es_transfer_dc,4,145,7260,1.256776897094855,70.0,69.9,0.07056088609258294,0.0020308333107138324,20,33,0.008103886619210243,232.83149940002477,0.8433734939759037,0.8421686746987952
reg3,reg3_m60_s0,es_transfer_dc,4,150,7510,1.256776897094855,70.0,70.0,0.07056088609258292,0.0020308333107136763,20,33,0.009906674735248089,242.21226100000786,0.8433734939759037,0.8433734939759037
reg3,reg3_m60_s0,es_transfer_dc,4,155,7760,1.256776897094855,70.0,70.0,0.0705608860925829,0.002030833310713697,20,33,0.007799764629453421,247.6745945000439,0.8433734939759037,0.8433734939759037
reg3,reg3_m60_s0,es_transfer_dc,4,160,8010,1.256776897094855,70.0,70.0,0.0705608860925829,0.0020308333107137283,20,34,0.007165062241256237,257.25271989998873,0.8433734939759037,0.8433734939759037
reg3,reg3_m60_s0,es_transfer_dc,4,165,8260,1.256776897094855,70.0,70.0,0.07056088609258299,0.00203083331071377,20,34,0.007807358168065548,266.7026740000001,0.8433734939759037,0.8433734939759037
reg3,reg3_m60_s0,es_transfer_dc,4,170,8510,1.256776897094855,70.0,70.0,0.07056088609258294,0.0020308333107138324,20,33,0.006700954400002956,272.1524550000322,0.8433734939759037,0.8433734939759037
reg3,reg3_m60_s0,es_transfer_dc,4,175,8760,1.256776897094855,70.0,70.0,0.0705608860925829,0.0020308333107137283,20,34,0.006895334459841251,281.61169769999105,0.8433734939759037,0.8433734939759037
reg3,reg3_m60_s0,es_transfer_dc,4,180,9010,1.256776897094855,70.0,70.0,0.0705608860925829,0.002030833310713697,20,33,0.0056810700334608555,291.17262339999434,0.8433734939759037,0.8433734939759037
reg3,reg3_m60_s0,es_transfer_dc,4,185,9260,1.256776897094855,70.0,70.0,0.07056088609258299,0.00203083331071377,20,34,0.005475444719195366,296.7162490999908,0.8433734939759037,0.8433734939759037
reg3,reg3_m60_s0,es_transfer_dc,4,190,9510,1.256776897094855,70.0,70.0,0.0705608860925829,0.002030833310713697,20,33,0.0061838203109800816,306.3960894999909,0.8433734939759037,0.8433734939759037
reg3,reg3_m60_s0,es_transfer_dc,4,195,9760,1.256776897094855,70.0,70.0,0.0705608860925829,0.0020308333107137283,20,34,0.004583946894854307,315.79695380001795,0.8433734939759037,0.8433734939759037
reg3,reg3_m60_s0,es_transfer_dc,4,200,10010,1.256776897094855,70.0,70.0,0.07056088609258294,0.0020308333107138324,20,33,0.006212412845343351,321.29270550003275,0.8433734939759037,0.8433734939759037
reg3,reg3_m60_s0,es_transfer_dc,4,205,10260,1.256776897094855,70.0,70.0,0.07056088609258292,0.0020308333107136763,20,33,0.0067059374414384365,330.7033028000151,0.8433734939759037,0.8433734939759037
reg3,reg3_m60_s0,es_transfer_dc,4,210,10510,1.256776897094855,70.0,70.0,0.0705608860925829,0.002030833310713829,20,32,0.004904631990939379,340.1766445999965,0.8433734939759037,0.8433734939759037
reg3,reg3_m60_s0,es_transfer_dc,4,215,10760,1.256776897094855,70.0,70.0,0.07056088609258299,0.00203083331071369,20,34,0.005711247678846121,345.5924142000149,0.8433734939759037,0.8433734939759037
reg3,reg3_m60_s0,es_transfer_dc,4,220,11010,1.256776897094855,70.0,70.0,0.07056088609258294,0.0020308333107138324,20,33,0.0043562669306993484,355.0725008000154,0.8433734939759037,0.8433734939759037
reg3,reg3_m60_s0,es_transfer_dc,4,225,11260,1.256776897094855,70.0,70.0,0.07056088609258294,0.002030833310713725,20,34,0.004774576984345913,364.4651069000247,0.8433734939759037,0.8433734939759037
reg3,reg3_m60_s0,es_transfer_dc,4,230,11510,1.256776897094855,70.0,70.0,0.07056088609258299,0.0020308333107137908,20,34,0.00614623399451375,369.8573039000039,0.8433734939759037,0.8433734939759037
reg3,reg3_m60_s0,es_transfer_dc,4,235,11760,1.256776897094855,70.0,70.0,0.07056088609258294,0.0020308333107138324,20,33,0.005623383913189173,379.1436584999901,0.8433734939759037,0.8433734939759037
reg3,reg3_m60_s0,es_transfer_dc,4,240,12010,1.256776897094855,70.0,70.0,0.0705608860925829,0.002030833310713697,20,33,0.0044931648299098015,388.4932192999986,0.8433734939759037,0.8433734939759037
reg3,reg3_m60_s0,es_transfer_dc,4,245,12260,1.256776897094855,70.0,70.0,0.07056088609258299,0.00203083331071369,20,34,0.00417558616027236,393.9084383000154,0.8433734939759037,0.8433734939759037
reg3,reg3_m60_s0,es_transfer_dc,4,250,12510,1.256776897094855,70.0,70.0,0.07056088609258294,0.0020308333107138324,20,33,0.005087551660835743,403.1726434000302,0.8433734939759037,0.8433734939759037
reg3,reg3_m60_s0,es_transfer_dc,4,255,12760,1.256776897094855,70.0,70.0,0.07056088609258301,0.0020308333107138636,20,33,0.005657664500176907,412.52889320004033,0.8433734939759037,0.8433734939759037
reg3,reg3_m60_s0,es_transfer_dc,4,260,13010,1.256776897094855,70.0,70.0,0.07056088609258292,0.0020308333107136763,20,33,0.004602939821779728,418.0155037000077,0.8433734939759037,0.8433734939759037
reg3,reg3_m60_s0,es_transfer_dc,4,265,13260,1.256776897094855,70.0,70.0,0.07056088609258292,0.0020308333107136763,20,33,0.004721933044493198,427.58419120003236,0.8433734939759037,0.8433734939759037
reg3,reg3_m60_s0,es_transfer_dc,4,270,13510,1.256776897094855,70.0,70.0,0.07056088609258299,0.0020308333107137908,20,34,0.004374014679342508,437.0696908000391,0.8433734939759037,0.8433734939759037
reg3,reg3_m60_s0,es_transfer_dc,4,275,13760,1.256776897094855,70.0,70.0,0.07056088609258292,0.0020308333107136763,20,33,0.005251043010503054,442.549978199997,0.8433734939759037,0.8433734939759037
reg3,reg3_m60_s0,es_transfer_dc,4,280,14010,1.256776897094855,70.0,70.0,0.07056088609258299,0.0020308333107137908,20,34,0.005546423140913248,452.07565579999937,0.8433734939759037,0.8433734939759037
reg3,reg3_m60_s0,es_transfer_dc,4,285,14260,1.256776897094855,70.0,70.0,0.07056088609258296,0.0020308333107136207,20,32,0.005069450009614229,461.7629754000227,0.8433734939759037,0.8433734939759037
reg3,reg3_m60_s0,es_transfer_dc,4,290,14510,1.256776897094855,70.0,70.0,0.07056088609258292,0.0020308333107136763,20,33,0.0061841607093811035,467.43086530000437,0.8433734939759037,0.8433734939759037
reg3,reg3_m60_s0,es_transfer_dc,4,295,14760,1.256776897094855,70.0,70.0,0.07056088609258294,0.0020308333107138324,20,33,0.004726212937384844,476.92414540000027,0.8433734939759037,0.8433734939759037
reg3,reg3_m60_s0,es_transfer_dc,4,300,15010,1.256776897094855,70.0,70.0,0.07056088609258299,0.0020308333107137908,20,34,0.004041992127895355,486.6288938000216,0.8433734939759037,0.8433734939759037
reg3,reg3_m60_s0,es_transfer_dc,4,305,15260,1.256776897094855,70.0,70.0,0.07056088609258296,0.0020308333107136207,20,32,0.004283564165234566,492.15959490003297,0.8433734939759037,0.8433734939759037
reg3,reg3_m60_s0,es_transfer_dc,4,310,15510,1.256776897094855,70.0,70.0,0.07056088609258292,0.0020308333107136763,20,33,0.0037400531582534313,501.79164579999633,0.8433734939759037,0.8433734939759037
reg3,reg3_m60_s0,es_transfer_dc,4,315,15760,1.256776897094855,70.0,70.0,0.07056088609258299,0.0020308333107137908,20,34,0.003930100705474615,511.3028871000279,0.8433734939759037,0.8433734939759037
reg3,reg3_m60_s0,es_transfer_dc,4,320,16010,1.256776897094855,70.0,70.0,0.07056088609258296,0.0020308333107136207,20,32,0.004503840580582619,516.5078990000184,0.8433734939759037,0.8433734939759037
reg3,reg3_m60_s0,es_transfer_dc,4,325,16260,1.256776897094855,70.0,70.0,0.07056088609258299,0.0020308333107137908,20,34,0.004496180918067694,525.4655764999916,0.8433734939759037,0.8433734939759037
reg3,reg3_m60_s0,es_transfer_dc,4,330,16510,1.256776897094855,70.0,70.0,0.07056088609258301,0.002030833310713749,20,33,0.005357267800718546,534.3822993999929,0.8433734939759037,0.8433734939759037
reg3,reg3_m60_s0,es_transfer_dc,4,335,16760,1.256776897094855,70.0,70.0,0.07056088609258294,0.0020308333107138324,20,33,0.004369909409433603,539.3422450000071,0.8433734939759037,0.8433734939759037
reg3,reg3_m60_s0,es_transfer_dc,4,340,17010,1.256776897094855,70.0,70.0,0.07056088609258301,0.0020308333107138636,20,33,0.003978278487920761,548.1446597999893,0.8433734939759037,0.8433734939759037
reg3,reg3_m60_s0,es_transfer_dc,4,345,17260,1.256776897094855,70.0,70.0,0.07056088609258301,0.002030833310713749,20,33,0.004993261303752661,557.0411461000331,0.8433734939759037,0.8433734939759037
reg3,reg3_m60_s0,es_transfer_dc,4,350,17510,1.256776897094855,70.0,70.0,0.07056088609258301,0.002030833310713749,20,33,0.003593084868043661,562.0190621000365,0.8433734939759037,0.8433734939759037
reg3,reg3_m60_s0,es_transfer_dc,4,355,17760,1.256776897094855,70.0,70.0,0.07056088609258292,0.0020308333107138046,20,34,0.004364971537142992,570.793417900044,0.8433734939759037,0.8433734939759037
reg3,reg3_m60_s0,es_transfer_dc,4,360,18010,1.256776897094855,70.0,70.0,0.07056088609258296,0.0020308333107136207,20,32,0.0036541211884468794,578.3673451000359,0.8433734939759037,0.8433734939759037
reg3,reg3_m60_s0,es_transfer_dc,4,365,18260,1.256776897094855,70.0,70.0,0.07056088609258296,0.0020308333107136207,20,32,0.003943762741982937,582.6735196000081,0.8433734939759037,0.8433734939759037
reg3,reg3_m60_s0,es_transfer_dc,4,370,18510,1.256776897094855,70.0,70.0,0.07056088609258301,0.0020308333107138636,20,33,0.0031010343227535486,590.375829400029,0.8433734939759037,0.8433734939759037
reg3,reg3_m60_s0,es_transfer_dc,4,375,18760,1.256776897094855,70.0,70.0,0.07056088609258299,0.00203083331071377,20,34,0.00418461300432682,598.0172782000154,0.8433734939759037,0.8433734939759037
reg3,reg3_m60_s0,es_transfer_dc,4,380,19010,1.256776897094855,70.0,70.0,0.07056088609258294,0.002030833310713725,20,34,0.004577315412461758,602.3148977000383,0.8433734939759037,0.8433734939759037
reg3,reg3_m60_s0,es_transfer_dc,4,385,19260,1.256776897094855,70.0,70.0,0.07056088609258301,0.0020308333107138636,20,33,0.003557713935151696,610.5573424000177,0.8433734939759037,0.8433734939759037
reg3,reg3_m60_s0,es_transfer_dc,4,390,19510,1.256776897094855,70.0,70.0,0.07056088609258296,0.0020308333107136207,20,32,0.0036952756345272064,618.3132891000132,0.8433734939759037,0.8433734939759037
reg3,reg3_m60_s0,es_transfer_dc,4,395,19760,1.256776897094855,70.0,70.0,0.07056088609258296,0.0020308333107136207,20,32,0.003347274847328663,622.6265269000432,0.8433734939759037,0.8433734939759037
reg3,reg3_m60_s0,es_transfer_dc,4,400,20010,1.256776897094855,70.0,70.0,0.07056088609258294,0.0020308333107138324,20,33,0.0037244486156851053,630.3494183000294,0.8433734939759037,0.8433734939759037
reg3,reg3_m60_s1,es_1_2,0,0,10,0.7912441782925166,47.0,43.4,0.03422181726598081,1.0842021724855044e-18,20,32,,0.03346160001819953,0.5802469135802469,0.5358024691358024
reg3,reg3_m60_s1,es_1_2,0,5,260,1.0385694782170836,59.0,56.9,0.058350348065041774,3.642919299551295e-17,20,32,,0.8745800000033341,0.7283950617283951,0.7024691358024692
reg3,reg3_m60_s1,es_1_2,0,10,510,1.0689583825819347,60.0,59.5,0.08968032228110417,8.933825901280557e-17,20,32,,1.7120696000056341,0.7407407407407407,0.7345679012345679
reg3,reg3_m60_s1,es_1_2,0,15,760,1.1947116264555557,67.0,65.3,0.06598720649397946,3.5561831257524545e-17,20,33,,2.565834500011988,0.8271604938271605,0.8061728395061728
reg3,reg3_m60_s1,es_1_2,0,20,1010,1.201346710406014,68.0,67.1,0.06890176826579344,6.245004513516506e-17,20,33,,3.413417699979618,0.8395061728395061,0.8283950617283949
reg3,reg3_m60_s1,es_1_2,0,25,1260,1.201346710406014,68.0,67.2,0.06890176826579344,6.245004513516506e-17,20,33,,4.610860000015236,0.8395061728395061,0.8296296296296297
reg3,reg3_m60_s1,es_1_2,0,30,1510,1.213921071345151,68.0,67.4,0.06598720649397952,7.719519468096792e-17,20,33,,5.492442699964158,0.8395061728395061,0.8320987654320988
reg3,reg3_m60_s1,es_1_2,0,35,1760,1.213921071345151,68.0,67.6,0.06598720649397952,7.719519468096792e-17,20,33,,6.34618930000579,0.8395061728395061,0.8345679012345678
reg3,reg3_m60_s1,es_1_2,0,40,2010,1.213921071345151,68.0,68.0,0.06598720649397952,7.719519468096792e-17,20,33,,7.190540999989025,0.8395061728395061,0.8395061728395061
reg3,reg3_m60_s1,es_1_2,0,45,2260,1.2187171822766054,69.0,68.5,0.06905976553246403,1.734723475976807e-18,20,33,,8.057199199975003,0.8518518518518519,0.845679012345679
reg3,reg3_m60_s1,es_1_2,0,50,2510,1.2187171822766054,69.0,68.7,0.06905976553246403,1.734723475976807e-18,20,33,,8.905868600006215,0.8518518518518519,0.8481481481481482
reg3,reg3_m60_s1,es_1_2,0,55,2760,1.2187171822766054,69.0,69.0,0.06905976553246403,1.734723475976807e-18,20,33,,9.769788799982052,0.8518518518518519,0.8518518518518519
reg3,reg3_m60_s1,es_1_2,0,60,3010,1.2195078677439146,69.0,69.0,0.06426812303978027,6.938893903907228e-18,20,34,,10.59795359999407,0.8518518518518519,0.8518518518518519
reg3,reg3_m60_s1,es_1_2,0,65,3260,1.253677426699926,71.0,69.2,0.07299338989891463,0.0006890253405500632,20,33,,11.472814399981871,0.8765432098765432,0.8543209876543211
reg3,reg3_m60_s1,es_1_2,0,70,3510,1.253677426699926,71.0,69.6,0.07299338989891463,0.0006890253405500632,20,33,,12.400383299973328,0.8765432098765432,0.8592592592592592
reg3,reg3_m60_s1,es_1_2,0,75,3760,1.253677426699926,71.0,71.0,0.07299338989891463,0.0006890253405500632,20,33,,13.252095200004987,0.8765432098765432,0.8765432098765432
reg3,reg3_m60_s1,es_1_2,0,80,4010,1.2721956533330914,72.0,71.4,0.058778565125015884,0.0016437532422935545,20,33,,14.115516899968497,0.8888888888888888,0.8814814814814815
reg3,reg3_m60_s1,es_1_2,0,85,4260,1.2721956533330914,72.0,71.8,0.058778565125015884,0.0016437532422935545,20,33,,14.997925699979533,0.8888888888888888,0.8864197530864197
reg3,reg3_m60_s1,es_1_2,0,90,4510,1.2721956533330914,72.0,72.0,0.058778565125015884,0.0016437532422935545,20,33,,15.851981099986006,0.8888888888888888,0.8888888888888888
reg3,reg3_m60_s1,es_1_2,0,95,4760,1.2721956533330914,72.0,72.0,0.058778565125015884,0.0016437532422935545,20,33,,16.697188000020105,0.8888888888888888,0.8888888888888888
reg3,reg3_m60_s1,es_1_2,0,100,5010,1.2759158943919715,72.0,72.0,0.05917592909750892,0.0006313650658107128,20,33,,17.55839580000611,0.8888888888888888,0.8888888888888888
reg3,reg3_m60_s1,es_1_2,0,105,5260,1.2759158943919715,72.0,72.0,0.05917592909750892,0.0006313650658107128,20,33,,18.43061189999571,0.8888888888888888,0.8888888888888888
reg3,reg3_m60_s1,es_1_2,0,110,5510,1.2759158943919715,72.0,72.0,0.05917592909750892,0.0006313650658107128,20,33,,19.28675839997595,0.8888888888888888,0.8888888888888888
reg3,reg3_m60_s1,es_1_2,0,115,5760,1.2759158943919715,72.0,72.0,0.05917592909750892,0.0006313650658107128,20,33,,20.380728699965402,0.8888888888888888,0.8888888888888888
reg3,reg3_m60_s1,es_1_2,0,120,6010,1.2762742082372502,72.0,72.0,0.06198684904008435,0.00014573693676488836,20,33,,21.27662339998642,0.8888888888888888,0.8888888888888888
reg3,reg3_m60_s1,es_1_2,0,125,6260,1.2762742082372502,72.0,72.0,0.06198684904008435,0.00014573693676488836,20,33,,22.123697599978186,0.8888888888888888,0.8888888888888888
reg3,reg3_m60_s1,es_1_2,0,130,6510,1.2762742082372502,72.0,72.0,0.06198684904008435,0.00014573693676488836,20,33,,23.01392220001435,0.8888888888888888,0.8888888888888888
reg3,reg3_m60_s1,es_1_2,0,135,6760,1.2762742082372502,72.0,72.0,0.06198684904008435,0.00014573693676488836,20,33,,23.855710999981966,0.8888888888888888,0.8888888888888888
reg3,reg3_m60_s1,es_1_2,0,140,7010,1.2894850974361862,73.0,72.3,0.05917592909750897,0.0009118864514257585,20,33,,24.715065199998207,0.9012345679012346,0.8925925925925926
reg3,reg3_m60_s1,es_1_2,0,145,7260,1.2894850974361862,73.0,72.5,0.05917592909750897,0.0009118864514257585,20,33,,25.617839400016237,0.9012345679012346,0.8950617283950617
reg3,reg3_m60_s1,es_1_2,0,150,7510,1.2894850974361862,73.0,72.5,0.05917592909750897,0.0009118864514257585,20,33,,26.48586700001033,0.9012345679012346,0.8950617283950617
reg3,reg3_m60_s1,es_1_2,0,155,7760,1.2894850974361862,73.0,72.9,0.05917592909750897,0.0009118864514257585,20,33,,27.35329559998354,0.9012345679012346,0.9
reg3,reg3_m60_s1,es_1_2,0,160,8010,1.2898151363818193,73.0,73.0,0.05917535517107611,0.0006811559888734303,20,34,,28.214719799987506,0.9012345679012346,0.9012345679012346
reg3,reg3_m60_s1,es_1_2,0,165,8260,1.2898151363818193,73.0,73.0,0.05917535517107611,0.0006811559888734303,20,34,,29.0717874999973,0.9012345679012346,0.9012345679012346
reg3,reg3_m60_s1,es_1_2,0,170,8510,1.2898151363818193,73.0,73.0,0.05917535517107611,0.0006811559888734303,20,34,,29.92295350000495,0.9012345679012346,0.9012345679012346
reg3,reg3_m60_s1,es_1_2,0,175,8760,1.2898151363818193,73.0,73.0,0.05917535517107611,0.0006811559888734303,20,34,,30.76184370002011,0.9012345679012346,0.9012345679012346
reg3,reg3_m60_s1,es_1_2,0,180,9010,1.2898151363818193,73.0,73.0,0.05917535517107611,0.0006811559888734303,20,34,,31.60869249998359,0.9012345679012346,0.9012345679012346
reg3,reg3_m60_s1,es_1_2,0,185,9260,1.2898151363818193,73.0,73.0,0.05917535517107611,0.0006811559888734303,20,34,,32.53458540001884,0.9012345679012346,0.9012345679012346
reg3,reg3_m60_s1,es_1_2,0,190,9510,1.2898151363818193,73.0,73.0,0.05917535517107611,0.0006811559888734303,20,34,,33.4093647999689,0.9012345679012346,0.9012345679012346
reg3,reg3_m60_s1,es_1_2,0,195,9760,1.2898151363818193,73.0,73.0,0.05917535517107611,0.0006811559888734303,20,34,,34.251262600009795,0.9012345679012346,0.9012345679012346
reg3,reg3_m60_s1,es_1_2,0,200,10010,1.2898151363818193,73.0,73.0,0.05917535517107611,0.0006811559888734303,20,34,,35.10639829997672,0.9012345679012346,0.9012345679012346
reg3,reg3_m60_s1,es_1_2,0,205,10260,1.2898151363818193,73.0,73.0,0.05917535517107611,0.0006811559888734303,20,34,,35.95770829997491,0.9012345679012346,0.9012345679012346
reg3,reg3_m60_s1,es_1_2,0,210,10510,1.2898151363818193,73.0,73.0,0.05917535517107611,0.0006811559888734303,20,34,,36.81879679998383,0.9012345679012346,0.9012345679012346
reg3,reg3_m60_s1,es_1_2,0,215,10760,1.2919480697203523,73.0,73.0,0.058235646549004795,0.00034093575835091386,20,33,,37.674507300020196,0.9012345679012346,0.9012345679012346
reg3,reg3_m60_s1,es_1_2,0,220,11010,1.2919480697203523,73.0,73.0,0.058235646549004795,0.00034093575835091386,20,33,,38.525015599967446,0.9012345679012346,0.9012345679012346
reg3,reg3_m60_s1,es_1_2,0,225,11260,1.2920275362439517,73.0,73.0,0.05917592909750882,0.0007799466118414283,20,33,,39.392840999993496,0.9012345679012346,0.9012345679012346
reg3,reg3_m60_s1,es_1_2,0,230,11510,1.2920275362439517,73.0,73.0,0.05917592909750882,0.0007799466118414283,20,33,,40.23874910001177,0.9012345679012346,0.9012345679012346
reg3,reg3_m60_s1,es_1_2,0,235,11760,1.2920275362439517,73.0,73.0,0.05917592909750882,0.0007799466118414283,20,33,,41.107674599974416,0.9012345679012346,0.9012345679012346
reg3,reg3_m60_s1,es_1_2,0,240,12010,1.2920275362439517,73.0,73.0,0.05917592909750882,0.0007799466118414283,20,33,,41.94588339998154,0.9012345679012346,0.9012345679012346
reg3,reg3_m60_s1,es_1_2,0,245,12260,1.2920275362439517,73.0,73.0,0.05917592909750882,0.0007799466118414283,20,33,,42.811122599989176,0.9012345679012346,0.9012345679012346
reg3,reg3_m60_s1,es_1_2,0,250,12510,1.2920275362439517,73.0,73.0,0.05917592909750882,0.0007799466118414283,20,33,,43.700971900019795,0.9012345679012346,0.9012345679012346
reg3,reg3_m60_s1,es_1_2,0,255,12760,1.2920275362439517,73.0,73.0,0.05917592909750882,0.0007799466118414283,20,33,,44.56741149997106,0.9012345679012346,0.9012345679012346
reg3,reg3_m60_s1,es_1_2,0,260,13010,1.2920275362439517,73.0,73.0,0.05917592909750882,0.0007799466118414283,20,33,,45.58245099999476,0.9012345679012346,0.9012345679012346
reg3,reg3_m60_s1,es_1_2,0,265,13260,1.2920275362439517,73.0,73.0,0.05917592909750882,0.0007799466118414283,20,33,,46.47523119999096,0.9012345679012346,0.9012345679012346
reg3,reg3_m60_s1,es_1_2,0,270,13510,1.2920275362439517,73.0,73.0,0.05917592909750882,0.0007799466118414283,20,33,,47.341167200007476,0.9012345679012346,0.9012345679012346
reg3,reg3_m60_s1,es_1_2,0,275,13760,1.2920275362439517,73.0,73.0,0.05917592909750882,0.0007799466118414283,20,33,,48.20128490001662,0.9012345679012346,0.9012345679012346
reg3,reg3_m60_s1,es_1_2,0,280,14010,1.2920275362439517,73.0,73.0,0.05917592909750882,0.0007799466118414283,20,33,,49.06534819997614,0.9012345679012346,0.9012345679012346
reg3,reg3_m60_s1,es_1_2,0,285,14260,1.2920275362439517,73.0,73.0,0.05917592909750882,0.0007799466118414283,20,33,,49.91908369999146,0.9012345679012346,0.9012345679012346
reg3,reg3_m60_s1,es_1_2,0,290,14510,1.2920275362439517,73.0,73.0,0.05917592909750882,0.0007799466118414283,20,33,,50.79502770002,0.9012345679012346,0.9012345679012346
reg3,reg3_m60_s1,es_1_2,0,295,14760,1.2920275362439517,73.0,73.0,0.05917592909750882,0.0007799466118414283,20,33,,51.69951479998417,0.9012345679012346,0.9012345679012346
reg3,reg3_m60_s1,es_1_2,0,300,15010,1.2920275362439517,73.0,73.0,0.05917592909750882,0.0007799466118414283,20,33,,52.60882779996609,0.9012345679012346,0.9012345679012346
reg3,reg3_m60_s1,es_1_2,0,305,15260,1.2920275362439517,73.0,73.0,0.05917592909750882,0.0007799466118414283,20,33,,53.44411119999131,0.9012345679012346,0.9012345679012346
reg3,reg3_m60_s1,es_1_2,0,310,15510,1.2920275362439517,73.0,73.0,0.05917592909750882,0.0007799466118414283,20,33,,54.30675400001928,0.9012345679012346,0.9012345679012346
reg3,reg3_m60_s1,es_1_2,0,315,15760,1.2920275362439517,73.0,73.0,0.05917592909750882,0.0007799466118414283,20,33,,55.166843299986795,0.9012345679012346,0.9012345679012346
reg3,reg3_m60_s1,es_1_2,0,320,16010,1.2920275362439517,73.0,73.0,0.05917592909750882,0.0007799466118414283,20,33,,56.04938699997729,0.9012345679012346,0.9012345679012346
reg3,reg3_m60_s1,es_1_2,0,325,16260,1.2920275362439517,73.0,73.0,0.05917592909750882,0.0007799466118414283,20,33,,56.91806759999599,0.9012345679012346,0.9012345679012346
reg3,reg3_m60_s1,es_1_2,0,330,16510,1.2920275362439517,73.0,73.0,0.05917592909750882,0.0007799466118414283,20,33,,57.76708229997894,0.9012345679012346,0.9012345679012346
reg3,reg3_m60_s1,es_1_2,0,335,16760,1.2920275362439517,73.0,73.0,0.05917592909750882,0.0007799466118414283,20,33,,58.631904700014275,0.9012345679012346,0.9012345679012346
reg3,reg3_m60_s1,es_1_2,0,340,17010,1.2920275362439517,73.0,73.0,0.05917592909750882,0.0007799466118414283,20,33,,59.49633569997968,0.9012345679012346,0.9012345679012346
reg3,reg3_m60_s1,es_1_2,0,345,17260,1.2920275362439517,73.0,73.0,0.05917592909750882,0.0007799466118414283,20,33,,60.35153280000668,0.9012345679012346,0.9012345679012346
reg3,reg3_m60_s1,es_1_2,0,350,17510,1.2920275362439517,73.0,73.0,0.05917592909750882,0.0007799466118414283,20,33,,61.23984589998145,0.9012345679012346,0.9012345679012346
reg3,reg3_m60_s1,es_1_2,0,355,17760,1.2920275362439517,73.0,73.0,0.05917592909750882,0.0007799466118414283,20,33,,62.14572179998504,0.9012345679012346,0.9012345679012346
reg3,reg3_m60_s1,es_1_2,0,360,18010,1.2920275362439517,73.0,73.0,0.05917592909750882,0.0007799466118414283,20,33,,62.99755309999455,0.9012345679012346,0.9012345679012346
reg3,reg3_m60_s1,es_1_2,0,365,18260,1.2920275362439517,73.0,73.0,0.05917592909750882,0.0007799466118414283,20,33,,63.872623200004455,0.9012345679012346,0.9012345679012346
reg3,reg3_m60_s1,es_1_2,0,370,18510,1.2920275362439517,73.0,73.0,0.05917592909750882,0.0007799466118414283,20,33,,64.76771949999966,0.9012345679012346,0.9012345679012346
reg3,reg3_m60_s1,es_1_2,0,375,18760,1.2920275362439517,73.0,73.0,0.05917592909750882,0.0007799466118414283,20,33,,65.62000920000719,0.9012345679012346,0.9012345679012346
reg3,reg3_m60_s1,es_1_2,0,380,19010,1.2920275362439517,73.0,73.0,0.05917592909750882,0.0007799466118414283,20,33,,66.48597559996415,0.9012345679012346,0.9012345679012346
reg3,reg3_m60_s1,es_1_2,0,385,19260,1.2920275362439517,73.0,73.0,0.05917592909750882,0.0007799466118414283,20,33,,67.36605700000655,0.9012345679012346,0.9012345679012346
reg3,reg3_m60_s1,es_1_2,0,390,19510,1.2920275362439517,73.0,73.0,0.05917592909750882,0.0007799466118414283,20,33,,68.24450600001728,0.9012345679012346,0.9012345679012346
reg3,reg3_m60_s1,es_1_2,0,395,19760,1.2920275362439517,73.0,73.0,0.05917592909750882,0.0007799466118414283,20,33,,69.10164519998943,0.9012345679012346,0.9012345679012346
reg3,reg3_m60_s1,es_1_2,0,400,20010,1.2920275362439517,73.0,73.0,0.05917592909750882,0.0007799466118414283,20,33,,69.99243169999681,0.9012345679012346,0.9012345679012346
reg3,reg3_m60_s1,es_1_2,1,0,10,0.6998357169175002,44.0,43.5,0.07304383663338695,0.00098649445651193,20,35,,0.03794680000282824,0.5432098765432098,0.5370370370370371
reg3,reg3_m60_s1,es_1_2,1,5,260,1.0381534224453142,61.0,58.4,0.07177355802618715,0.0025094883922141854,20,32,,0.9194264999823645,0.7530864197530864,0.7209876543209877
reg3,reg3_m60_s1,es_1_2,1,10,510,1.174998933585818,66.0,62.2,0.0722831684704866,0.001745523456161066,20,33,,1.7967026999685913,0.8148148148148148,0.7679012345679013
reg3,reg3_m60_s1,es_1_2,1,15,760,1.1829571571224407,66.0,65.8,0.07330489214951094,0.002463982398092146,20,33,,2.6986886999802664,0.8148148148148148,0.8123456790123457
reg3,reg3_m60_s1,es_1_2,1,20,1010,1.1967897469185569,67.0,66.1,0.07071651425282624,0.00019979203223021574,20,34,,3.5940716000040993,0.8271604938271605,0.8160493827160493
reg3,reg3_m60_s1,es_1_2,1,25,1260,1.1967897469185569,67.0,66.3,0.07071651425282624,0.00019979203223021574,20,34,,4.479283399996348,0.8271604938271605,0.8185185185185185
reg3,reg3_m60_s1,es_1_2,1,30,1510,1.2101107761434053,68.0,66.9,0.0658302960548585,0.001365669822834991,20,34,,5.355397499981336,0.8395061728395061,0.825925925925926
reg3,reg3_m60_s1,es_1_2,1,35,1760,1.210884190715151,68.0,67.4,0.06723027668340192,0.0018927554443572345,20,34,,6.224689800001215,0.8395061728395061,0.8320987654320988
reg3,reg3_m60_s1,es_1_2,1,40,2010,1.210884190715151,68.0,67.5,0.06723027668340192,0.0018927554443572345,20,34,,7.102258200000506,0.8395061728395061,0.8333333333333334
reg3,reg3_m60_s1,es_1_2,1,45,2260,1.2200034031589853,68.0,68.0,0.07007591636071758,7.237073115670678e-05,20,34,,7.978941999957897,0.8395061728395061,0.8395061728395061
reg3,reg3_m60_s1,es_1_2,1,50,2510,1.2200034031589853,68.0,68.0,0.07007591636071758,7.237073115670678e-05,20,34,,9.175767400010955,0.8395061728395061,0.8395061728395061
reg3,reg3_m60_s1,es_1_2,1,55,2760,1.2559576544999138,70.0,69.3,0.07306226754238929,0.006564240942682938,20,32,,10.093267299991567,0.8641975308641975,0.8555555555555555
reg3,reg3_m60_s1,es_1_2,1,60,3010,1.2692791285081837,70.0,70.0,0.07446061912685861,8.746283004227098e-05,20,33,,10.972628599964082,0.8641975308641975,0.8641975308641975
reg3,reg3_m60_s1,es_1_2,1,65,3260,1.2692791285081837,70.0,70.0,0.07446061912685861,8.746283004227098e-05,20,33,,11.849465399980545,0.8641975308641975,0.8641975308641975
reg3,reg3_m60_s1,es_1_2,1,70,3510,1.2692791285081837,70.0,70.0,0.07446061912685861,8.746283004227098e-05,20,33,,12.74563749996014,0.8641975308641975,0.8641975308641975
reg3,reg3_m60_s1,es_1_2,1,75,3760,1.2692791285081837,70.0,70.0,0.07446061912685867,8.746283004189975e-05,20,33,,13.624909200007096,0.8641975308641975,0.8641975308641975
reg3,reg3_m60_s1,es_1_2,1,80,4010,1.2711784668622508,70.0,70.0,0.07670241509111271,0.003190304931487753,20,35,,14.469501200015657,0.8641975308641975,0.8641975308641975
reg3,reg3_m60_s1,es_1_2,1,85,4260,1.2711784668622508,70.0,70.0,0.07670241509111261,0.003190304931487871,20,34,,15.337641399994027,0.8641975308641975,0.8641975308641975
reg3,reg3_m60_s1,es_1_2,1,90,4510,1.2711784668622508,70.0,70.0,0.07670241509111267,0.0031903049314878917,20,33,,16.2085778999608,0.8641975308641975,0.8641975308641975
reg3,reg3_m60_s1,es_1_2,1,95,4760,1.2711784668622508,70.0,70.0,0.07670241509111264,0.003190304931487843,20,33,,17.07179710001219,0.8641975308641975,0.8641975308641975
reg3,reg3_m60_s1,es_1_2,1,100,5010,1.2711784668622508,70.0,70.0,0.07670241509111256,0.003190304931487975,20,34,,17.908563199976925,0.8641975308641975,0.8641975308641975
reg3,reg3_m60_s1,es_1_2,1,105,5260,1.2711784668622508,70.0,70.0,0.07670241509111254,0.003190304931487878,20,33,,18.74576129997149,0.8641975308641975,0.8641975308641975
reg3,reg3_m60_s1,es_1_2,1,110,5510,1.2749263939748525,70.0,70.0,0.07580453000998011,0.005267676906375189,20,33,,19.604034299962223,0.8641975308641975,0.8641975308641975
reg3,reg3_m60_s1,es_1_2,1,115,5760,1.2864508887726394,71.0,70.1,0.07643485959141488,0.0019298212618964403,20,33,,20.44871530000819,0.8765432098765432,0.865432098765432
reg3,reg3_m60_s1,es_1_2,1,120,6010,1.302211317725897,72.0,70.7,0.058200212348981886,0.004187683988191977,20,33,,21.328751799999736,0.8888888888888888,0.8728395061728396
reg3,reg3_m60_s1,es_1_2,1,125,6260,1.302211317725897,72.0,71.1,0.058200212348981886,0.004187683988191977,20,33,,22.188114299962763,0.8888888888888888,0.8777777777777777
reg3,reg3_m60_s1,es_1_2,1,130,6510,1.302211317725897,72.0,71.1,0.058200212348981886,0.004187683988191977,20,33,,23.03546569996979,0.8888888888888888,0.8777777777777777
reg3,reg3_m60_s1,es_1_2,1,135,6760,1.3066852723566185,72.0,71.5,0.07572399034585131,0.0008525367544963639,20,33,,23.8965981999645,0.8888888888888888,0.8827160493827161
reg3,reg3_m60_s1,es_1_2,1,140,7010,1.3066852723566185,72.0,72.0,0.07572399034585131,0.0008525367544963639,20,33,,24.907250399992336,0.8888888888888888,0.8888888888888888
reg3,reg3_m60_s1,es_1_2,1,145,7260,1.3066852723566185,72.0,72.0,0.07572399034585131,0.0008525367544963639,20,33,,25.77161920000799,0.8888888888888888,0.8888888888888888
reg3,reg3_m60_s1,es_1_2,1,150,7510,1.3067165400527245,72.0,72.0,0.06378168080258984,0.00014929380632237518,20,33,,26.638823899964336,0.8888888888888888,0.8888888888888888
reg3,reg3_m60_s1,es_1_2,1,155,7760,1.3067165400527245,72.0,72.0,0.06378168080258982,0.0001492938063225764,20,34,,27.492713999992702,0.8888888888888888,0.8888888888888888
reg3,reg3_m60_s1,es_1_2,1,160,8010,1.3067165400527245,72.0,72.0,0.06378168080258982,0.0001492938063225764,20,34,,28.33796869998332,0.8888888888888888,0.8888888888888888
reg3,reg3_m60_s1,es_1_2,1,165,8260,1.3070218333466062,72.0,72.0,0.05843129905858771,0.0001492938063222659,20,34,,29.21420919999946,0.8888888888888888,0.8888888888888888
reg3,reg3_m60_s1,es_1_2,1,170,8510,1.3070218333466062,72.0,72.0,0.05843129905858771,0.0001492938063222659,20,34,,30.11665430001449,0.8888888888888888,0.8888888888888888
reg3,reg3_m60_s1,es_1_2,1,175,8760,1.3070218333466062,72.0,72.0,0.05843129905858772,0.00014929380632253825,20,34,,30.994674999965355,0.8888888888888888,0.8888888888888888
reg3,reg3_m60_s1,es_1_2,1,180,9010,1.3070218333466062,72.0,72.0,0.058431299058587904,0.00014929380632235784,20,34,,31.84775419998914,0.8888888888888888,0.8888888888888888
reg3,reg3_m60_s1,es_1_2,1,185,9260,1.3070218333466062,72.0,72.0,0.058431299058587766,0.00014929380632222947,20,34,,32.72620039997855,0.8888888888888888,0.8888888888888888
reg3,reg3_m60_s1,es_1_2,1,190,9510,1.3070218333466062,72.0,72.0,0.05843129905858772,0.00014929380632253825,20,34,,33.59554109995952,0.8888888888888888,0.8888888888888888
reg3,reg3_m60_s1,es_1_2,1,195,9760,1.3070218333466062,72.0,72.0,0.05843129905858772,0.00014929380632253825,20,34,,34.478083800000604,0.8888888888888888,0.8888888888888888
reg3,reg3_m60_s1,es_1_2,1,200,10010,1.3070218333466062,72.0,72.0,0.05843129905858771,0.0001492938063222659,20,34,,35.323403999966104,0.8888888888888888,0.8888888888888888
reg3,reg3_m60_s1,es_1_2,1,205,10260,1.3070218333466062,72.0,72.0,0.05843129905858772,0.00014929380632253825,20,34,,36.188237399968784,0.8888888888888888,0.8888888888888888
reg3,reg3_m60_s1,es_1_2,1,210,10510,1.3070218333466062,72.0,72.0,0.05843129905858771,0.0001492938063222659,20,34,,37.151270999980625,0.8888888888888888,0.8888888888888888
reg3,reg3_m60_s1,es_1_2,1,215,10760,1.3070218333466062,72.0,72.0,0.05843129905858772,0.00014929380632253825,20,34,,38.0269025999587,0.8888888888888888,0.8888888888888888
reg3,reg3_m60_s1,es_1_2,1,220,11010,1.3070218333466062,72.0,72.0,0.058431299058587696,0.0001492938063223856,20,34,,38.89248809998389,0.8888888888888888,0.8888888888888888
reg3,reg3_m60_s1,es_1_2,1,225,11260,1.3070218333466062,72.0,72.0,0.0584312990585877,0.00014929380632226416,20,34,,39.76770789996954,0.8888888888888888,0.8888888888888888
reg3,reg3_m60_s1,es_1_2,1,230,11510,1.3088122501572916,72.0,72.0,0.06330288286822133,0.00014929380632225202,20,34,,40.662685799994506,0.8888888888888888,0.8888888888888888
reg3,reg3_m60_s1,es_1_2,1,235,11760,1.3088122501572916,72.0,72.0,0.06330288286822133,0.00014929380632225202,20,34,,41.51277199998731,0.8888888888888888,0.8888888888888888
reg3,reg3_m60_s1,es_1_2,1,240,12010,1.3102790318643376,72.0,72.0,0.0696057978960013,0.005861742185994175,20,34,,42.388077899988275,0.8888888888888888,0.8888888888888888
reg3,reg3_m60_s1,es_1_2,1,245,12260,1.3102790318643376,72.0,72.0,0.0696057978960013,0.005861742185994175,20,34,,43.295297599979676,0.8888888888888888,0.8888888888888888
reg3,reg3_m60_s1,es_1_2,1,250,12510,1.3102790318643376,72.0,72.0,0.0696057978960013,0.005861742185994175,20,34,,44.13740179996239,0.8888888888888888,0.8888888888888888
reg3,reg3_m60_s1,es_1_2,1,255,12760,1.3126677755192084,72.0,72.0,0.07097076375463408,0.005322324521076366,20,35,,44.98788129998138,0.8888888888888888,0.8888888888888888
reg3,reg3_m60_s1,es_1_2,1,260,13010,1.3139978541820225,72.0,72.0,0.06808433047014173,0.000295835708017363,20,33,,45.852627100015525,0.8888888888888888,0.8888888888888888
reg3,reg3_m60_s1,es_1_2,1,265,13260,1.3139978541820225,72.0,72.0,0.06808433047014173,0.000295835708017363,20,33,,46.707544400007464,0.8888888888888888,0.8888888888888888
reg3,reg3_m60_s1,es_1_2,1,270,13510,1.3139978541820225,72.0,72.0,0.06808433047014173,0.000295835708017363,20,33,,47.563669900002424,0.8888888888888888,0.8888888888888888
reg3,reg3_m60_s1,es_1_2,1,275,13760,1.3152182501809342,72.0,72.0,0.06757612795496463,0.0026266223980609925,20,34,,48.41858299996238,0.8888888888888888,0.8888888888888888
reg3,reg3_m60_s1,es_1_2,1,280,14010,1.3178373652570572,72.0,72.0,0.06808433047014172,0.00029583570801738554,20,33,,49.27029219997348,0.8888888888888888,0.8888888888888888
reg3,reg3_m60_s1,es_1_2,1,285,14260,1.3195522782850648,72.0,72.0,0.07708629798510745,0.0065345930016529885,20,33,,50.14376349997474,0.8888888888888888,0.8888888888888888
reg3,reg3_m60_s1,es_1_2,1,290,14510,1.3195522782850648,72.0,72.0,0.07708629798510745,0.0065345930016529885,20,33,,51.01053689996479,0.8888888888888888,0.8888888888888888
reg3,reg3_m60_s1,es_1_2,1,295,14760,1.3195522782850648,72.0,72.0,0.07708629798510745,0.0065345930016529885,20,33,,51.86626499996055,0.8888888888888888,0.8888888888888888
reg3,reg3_m60_s1,es_1_2,1,300,15010,1.3195522782850648,72.0,72.0,0.07708629798510745,0.0065345930016529885,20,33,,52.707380099978764,0.8888888888888888,0.8888888888888888
reg3,reg3_m60_s1,es_1_2,1,305,15260,1.3228577556398942,72.0,72.0,0.10059832280262127,0.004579638799111288,20,34,,53.55731579998974,0.8888888888888888,0.8888888888888888
reg3,reg3_m60_s1,es_1_2,1,310,15510,1.3228577556398942,72.0,72.0,0.10059832280262127,0.004579638799111288,20,34,,54.428300499974284,0.8888888888888888,0.8888888888888888
reg3,reg3_m60_s1,es_1_2,1,315,15760,1.3228577556398942,72.0,72.0,0.10059832280262127,0.004579638799111288,20,34,,55.29877799999667,0.8888888888888888,0.8888888888888888
reg3,reg3_m60_s1,es_1_2,1,320,16010,1.3228577556398942,72.0,72.0,0.10059832280262127,0.004579638799111288,20,34,,56.153527199989185,0.8888888888888888,0.8888888888888888
reg3,reg3_m60_s1,es_1_2,1,325,16260,1.3228577556398942,72.0,72.0,0.10059832280262127,0.004579638799111288,20,34,,57.030598299985286,0.8888888888888888,0.8888888888888888
reg3,reg3_m60_s1,es_1_2,1,330,16510,1.3228577556398942,72.0,72.0,0.10059832280262127,0.004579638799111288,20,34,,57.88893620000454,0.8888888888888888,0.8888888888888888
reg3,reg3_m60_s1,es_1_2,1,335,16760,1.3228577556398942,72.0,72.0,0.10059832280262127,0.004579638799111288,20,34,,58.74011979997158,0.8888888888888888,0.8888888888888888
reg3,reg3_m60_s1,es_1_2,1,340,17010,1.3228577556398942,72.0,72.0,0.10059832280262127,0.004579638799111288,20,34,,59.57254179997835,0.8888888888888888,0.8888888888888888
reg3,reg3_m60_s1,es_1_2,1,345,17260,1.3228577556398942,72.0,72.0,0.10059832280262127,0.004579638799111288,20,34,,60.43649659998482,0.8888888888888888,0.8888888888888888
reg3,reg3_m60_s1,es_1_2,1,350,17510,1.3228577556398942,72.0,72.0,0.10059832280262127,0.004579638799111288,20,34,,61.30345519998809,0.8888888888888888,0.8888888888888888
reg3,reg3_m60_s1,es_1_2,1,355,17760,1.3228577556398942,72.0,72.0,0.10059832280262127,0.004579638799111288,20,34,,62.15445390000241,0.8888888888888888,0.8888888888888888
reg3,reg3_m60_s1,es_1_2,1,360,18010,1.327431262653088,72.0,72.0,0.0806027311424296,0.0017658742139476588,20,35,,63.02417930000229,0.8888888888888888,0.8888888888888888
reg3,reg3_m60_s1,es_1_2,1,365,18260,1.327431262653088,72.0,72.0,0.0806027311424296,0.0017658742139476588,20,35,,63.89806169999065,0.8888888888888888,0.8888888888888888
reg3,reg3_m60_s1,es_1_2,1,370,18510,1.3282789831747595,72.0,72.0,0.09261011731117771,0.0017658742139477213,20,35,,64.74989380000625,0.8888888888888888,0.8888888888888888
reg3,reg3_m60_s1,es_1_2,1,375,18760,1.3282789831747595,72.0,72.0,0.09261011731117771,0.0017658742139477213,20,35,,65.62891129998025,0.8888888888888888,0.8888888888888888
reg3,reg3_m60_s1,es_1_2,1,380,19010,1.3282789831747595,72.0,72.0,0.09261011731117771,0.0017658742139477213,20,35,,66.62084260000847,0.8888888888888888,0.8888888888888888
reg3,reg3_m60_s1,es_1_2,1,385,19260,1.3282789831747595,72.0,72.0,0.09261011731117771,0.0017658742139477213,20,35,,67.58744669996668,0.8888888888888888,0.8888888888888888
reg3,reg3_m60_s1,es_1_2,1,390,19510,1.3282789831747595,72.0,72.0,0.09261011731117771,0.0017658742139477213,20,35,,68.54688769998029,0.8888888888888888,0.8888888888888888
reg3,reg3_m60_s1,es_1_2,1,395,19760,1.3296256049917903,72.0,72.0,0.08644403152960753,0.006270681182575066,20,35,,69.48378889996093,0.8888888888888888,0.8888888888888888
reg3,reg3_m60_s1,es_1_2,1,400,20010,1.3296256049917903,72.0,72.0,0.08644403152960753,0.006270681182575066,20,35,,70.39661769999657,0.8888888888888888,0.8888888888888888
reg3,reg3_m60_s1,es_1_2,2,0,10,0.7742332023138776,46.0,46.1,0.03190252217659621,0.0017974010528312402,20,35,,0.04060030000982806,0.5679012345679012,0.5691358024691359
reg3,reg3_m60_s1,es_1_2,2,5,260,0.9836952895996014,58.0,55.8,0.034383105024289,0.0010366836460414808,20,30,,0.9490886999992654,0.7160493827160493,0.6888888888888889
reg3,reg3_m60_s1,es_1_2,2,10,510,1.0751983859153171,61.0,59.8,0.04821865293991664,0.0010569390955813985,20,32,,1.8682644999935292,0.7530864197530864,0.7382716049382716
reg3,reg3_m60_s1,es_1_2,2,15,760,1.1243013633651218,64.0,62.3,0.05506959179259389,0.0014393138531129807,20,33,,2.75159130000975,0.7901234567901234,0.7691358024691358
reg3,reg3_m60_s1,es_1_2,2,20,1010,1.1840444015128184,66.0,63.6,0.0714259572277938,0.0001716993287617756,20,33,,3.607949599972926,0.8148148148148148,0.7851851851851852
reg3,reg3_m60_s1,es_1_2,2,25,1260,1.1840444015128184,66.0,65.0,0.0714259572277938,0.0001716993287617756,20,33,,4.470321299973875,0.8148148148148148,0.8024691358024691
reg3,reg3_m60_s1,es_1_2,2,30,1510,1.2115436926519203,68.0,66.5,0.05441716028265451,0.001174879865707218,20,33,,5.334734299976844,0.8395061728395061,0.8209876543209876
reg3,reg3_m60_s1,es_1_2,2,35,1760,1.2255450060970388,69.0,68.1,0.056967208035182515,0.0005877902937536268,20,33,,6.2086010000202805,0.8518518518518519,0.8407407407407407
reg3,reg3_m60_s1,es_1_2,2,40,2010,1.2379423463034929,70.0,68.8,0.04024302395903002,0.0016298204461982907,20,33,,7.080941199965309,0.8641975308641975,0.8493827160493826
reg3,reg3_m60_s1,es_1_2,2,45,2260,1.2379423463034929,70.0,69.4,0.04024302395903002,0.0016298204461982907,20,33,,7.939892099995632,0.8641975308641975,0.8567901234567902
reg3,reg3_m60_s1,es_1_2,2,50,2510,1.2379423463034929,70.0,69.6,0.04024302395903008,0.0016298204461984277,20,34,,8.789215500000864,0.8641975308641975,0.8592592592592592
reg3,reg3_m60_s1,es_1_2,2,55,2760,1.2379423463034929,70.0,69.4,0.04024302395903008,0.0016298204461984277,20,34,,9.646889199968427,0.8641975308641975,0.8567901234567902
reg3,reg3_m60_s1,es_1_2,2,60,3010,1.2379423463034929,70.0,69.6,0.04024302395903005,0.0016298204461985613,20,33,,10.504626800015103,0.8641975308641975,0.8592592592592592
reg3,reg3_m60_s1,es_1_2,2,65,3260,1.2435635233159508,70.0,70.0,0.05496118949603826,5.598452669652518e-05,20,34,,11.363809500006028,0.8641975308641975,0.8641975308641975
reg3,reg3_m60_s1,es_1_2,2,70,3510,1.2654782626447758,71.0,70.1,0.05309308649122499,0.001546189548481361,20,34,,12.227108999970369,0.8765432098765432,0.865432098765432
reg3,reg3_m60_s1,es_1_2,2,75,3760,1.2654782626447758,71.0,70.2,0.05309308649122499,0.001546189548481361,20,34,,13.484607799968217,0.8765432098765432,0.8666666666666667
reg3,reg3_m60_s1,es_1_2,2,80,4010,1.2654782626447758,71.0,70.3,0.05309308649122499,0.001546189548481361,20,34,,14.340867899998557,0.8765432098765432,0.8679012345679012
reg3,reg3_m60_s1,es_1_2,2,85,4260,1.2654782626447758,71.0,71.0,0.05309308649122499,0.001546189548481361,20,34,,15.21644920000108,0.8765432098765432,0.8765432098765432
reg3,reg3_m60_s1,es_1_2,2,90,4510,1.2654782626447758,71.0,71.0,0.05309308649122499,0.001546189548481361,20,34,,16.14751310000429,0.8765432098765432,0.8765432098765432
reg3,reg3_m60_s1,es_1_2,2,95,4760,1.2654782626447758,71.0,71.0,0.05309308649122499,0.001546189548481361,20,34,,17.028690600011032,0.8765432098765432,0.8765432098765432
reg3,reg3_m60_s1,es_1_2,2,100,5010,1.2678860881998828,71.0,71.0,0.06012711994159159,0.0015461895484813644,20,34,,17.915181599964853,0.8765432098765432,0.8765432098765432
reg3,reg3_m60_s1,es_1_2,2,105,5260,1.2678860881998828,71.0,71.0,0.06012711994159159,0.0015461895484813644,20,34,,18.779627899988554,0.8765432098765432,0.8765432098765432
reg3,reg3_m60_s1,es_1_2,2,110,5510,1.2678860881998828,71.0,71.0,0.06012711994159159,0.0015461895484813644,20,34,,19.637145299988333,0.8765432098765432,0.8765432098765432
reg3,reg3_m60_s1,es_1_2,2,115,5760,1.2678860881998828,71.0,71.0,0.06012711994159159,0.0015461895484813644,20,34,,20.509957299975213,0.8765432098765432,0.8765432098765432
reg3,reg3_m60_s1,es_1_2,2,120,6010,1.2678860881998828,71.0,71.0,0.06012711994159159,0.0015461895484813644,20,34,,21.38912830001209,0.8765432098765432,0.8765432098765432
reg3,reg3_m60_s1,es_1_2,2,125,6260,1.2678860881998828,71.0,71.0,0.060127119941591665,0.0015461895484812152,20,34,,22.253873399982695,0.8765432098765432,0.8765432098765432
reg3,reg3_m60_s1,es_1_2,2,130,6510,1.2678860881998828,71.0,71.0,0.06012711994159163,0.0015461895484813262,20,34,,23.136576899967622,0.8765432098765432,0.8765432098765432
reg3,reg3_m60_s1,es_1_2,2,135,6760,1.2678860881998828,71.0,71.0,0.06012711994159159,0.0015461895484813644,20,34,,23.9795543999644,0.8765432098765432,0.8765432098765432
reg3,reg3_m60_s1,es_1_2,2,140,7010,1.2678860881998828,71.0,71.0,0.06012711994159154,0.0015461895484812915,20,35,,24.80854030000046,0.8765432098765432,0.8765432098765432
reg3,reg3_m60_s1,es_1_2,2,145,7260,1.2678860881998828,71.0,71.0,0.06012711994159157,0.0015461895484814234,20,35,,25.68176940002013,0.8765432098765432,0.8765432098765432
reg3,reg3_m60_s1,es_1_2,2,150,7510,1.2678860881998828,71.0,71.0,0.06012711994159159,0.0015461895484813644,20,34,,26.527986700006295,0.8765432098765432,0.8765432098765432
reg3,reg3_m60_s1,es_1_2,2,155,7760,1.2678860881998828,71.0,71.0,0.06012711994159157,0.0015461895484814234,20,35,,27.398557499982417,0.8765432098765432,0.8765432098765432
reg3,reg3_m60_s1,es_1_2,2,160,8010,1.2678860881998828,71.0,71.0,0.06012711994159163,0.0015461895484812742,20,35,,28.25942459999351,0.8765432098765432,0.8765432098765432
reg3,reg3_m60_s1,es_1_2,2,165,8260,1.2678860881998828,71.0,71.0,0.06012711994159159,0.0015461895484813644,20,34,,29.236892500019167,0.8765432098765432,0.8765432098765432
reg3,reg3_m60_s1,es_1_2,2,170,8510,1.268406922107618,71.0,71.0,0.05672882778634781,0.001897261267202216,20,36,,30.118856300017796,0.8765432098765432,0.8765432098765432
reg3,reg3_m60_s1,es_1_2,2,175,8760,1.2684069221076182,71.0,71.0,0.05672882778634785,0.0018972612672022784,20,35,,30.981627799978014,0.8765432098765432,0.8765432098765432
reg3,reg3_m60_s1,es_1_2,2,180,9010,1.2684069221076182,71.0,71.0,0.05672882778634785,0.0018972612672022784,20,35,,31.8535934999818,0.8765432098765432,0.8765432098765432
reg3,reg3_m60_s1,es_1_2,2,185,9260,1.2781487004222738,72.0,71.2,0.055282639641371346,0.00018008315092256713,20,36,,32.72036829998251,0.8888888888888888,0.8790123456790124
reg3,reg3_m60_s1,es_1_2,2,190,9510,1.2781487004222738,72.0,72.0,0.055282639641371444,0.0001800831509224804,20,35,,33.57418910000706,0.8888888888888888,0.8888888888888888
reg3,reg3_m60_s1,es_1_2,2,195,9760,1.2781487004222738,72.0,72.0,0.055282639641371346,0.00018008315092256713,20,36,,34.46563029999379,0.8888888888888888,0.8888888888888888
reg3,reg3_m60_s1,es_1_2,2,200,10010,1.2781487004222738,72.0,72.0,0.055282639641371346,0.00018008315092256713,20,36,,35.33875719999196,0.8888888888888888,0.8888888888888888
reg3,reg3_m60_s1,es_1_2,2,205,10260,1.2781487004222738,72.0,72.0,0.055282639641371444,0.00018008315092246045,20,35,,36.21750600001542,0.8888888888888888,0.8888888888888888
reg3,reg3_m60_s1,es_1_2,2,210,10510,1.2781487004222738,72.0,72.0,0.055282639641371346,0.00018008315092256713,20,36,,37.11262969998643,0.8888888888888888,0.8888888888888888
reg3,reg3_m60_s1,es_1_2,2,215,10760,1.2781487004222738,72.0,72.0,0.055282639641371346,0.00018008315092256713,20,36,,37.99328230001265,0.8888888888888888,0.8888888888888888
reg3,reg3_m60_s1,es_1_2,2,220,11010,1.2781487004222738,72.0,72.0,0.055282639641371305,0.00018008315092249948,20,36,,38.85975000000326,0.8888888888888888,0.8888888888888888
reg3,reg3_m60_s1,es_1_2,2,225,11260,1.2781487004222738,72.0,72.0,0.055282639641371395,0.00018008315092243703,20,35,,39.7423509999644,0.8888888888888888,0.8888888888888888
reg3,reg3_m60_s1,es_1_2,2,230,11510,1.2781487004222738,72.0,72.0,0.055282639641371305,0.00018008315092249948,20,36,,40.62920159997884,0.8888888888888888,0.8888888888888888
reg3,reg3_m60_s1,es_1_2,2,235,11760,1.2781487004222738,72.0,72.0,0.05528263964137137,0.00018008315092252116,20,36,,41.544633899990004,0.8888888888888888,0.8888888888888888
reg3,reg3_m60_s1,es_1_2,2,240,12010,1.2781487004222738,72.0,72.0,0.05528263964137138,0.00018008315092246652,20,36,,42.39235209999606,0.8888888888888888,0.8888888888888888
reg3,reg3_m60_s1,es_1_2,2,245,12260,1.2781487004222738,72.0,72.0,0.055282639641371305,0.00018008315092249948,20,36,,43.261808899987955,0.8888888888888888,0.8888888888888888
reg3,reg3_m60_s1,es_1_2,2,250,12510,1.2781487004222738,72.0,72.0,0.05528263964137137,0.00018008315092252116,20,36,,44.132196000020485,0.8888888888888888,0.8888888888888888
reg3,reg3_m60_s1,es_1_2,2,255,12760,1.2781487004222738,72.0,72.0,0.05528263964137137,0.00018008315092252116,20,36,,44.99695870000869,0.8888888888888888,0.8888888888888888
reg3,reg3_m60_s1,es_1_2,2,260,13010,1.2781487004222738,72.0,72.0,0.05528263964137137,0.00018008315092254631,20,36,,45.883577100001276,0.8888888888888888,0.8888888888888888
reg3,reg3_m60_s1,es_1_2,2,265,13260,1.2781487004222738,72.0,72.0,0.05528263964137137,0.00018008315092254631,20,36,,46.74785240000347,0.8888888888888888,0.8888888888888888
reg3,reg3_m60_s1,es_1_2,2,270,13510,1.2781487004222738,72.0,72.0,0.05528263964137131,0.00018008315092257754,20,36,,47.60217779997038,0.8888888888888888,0.8888888888888888
reg3,reg3_m60_s1,es_1_2,2,275,13760,1.2781487004222738,72.0,72.0,0.05528263964137131,0.00018008315092257754,20,36,,48.47334490000503,0.8888888888888888,0.8888888888888888
reg3,reg3_m60_s1,es_1_2,2,280,14010,1.2781487004222738,72.0,72.0,0.055282639641371346,0.00018008315092240233,20,35,,49.380742500012275,0.8888888888888888,0.8888888888888888
reg3,reg3_m60_s1,es_1_2,2,285,14260,1.2781487004222738,72.0,72.0,0.055282639641371346,0.00018008315092240233,20,35,,50.412381000001915,0.8888888888888888,0.8888888888888888
reg3,reg3_m60_s1,es_1_2,2,290,14510,1.2781487004222738,72.0,72.0,0.055282639641371346,0.00018008315092240233,20,35,,51.27624360000482,0.8888888888888888,0.8888888888888888
reg3,reg3_m60_s1,es_1_2,2,295,14760,1.2781487004222738,72.0,72.0,0.05528263964137131,0.00018008315092256887,20,34,,52.13007389998529,0.8888888888888888,0.8888888888888888
reg3,reg3_m60_s1,es_1_2,2,300,15010,1.2781487004222738,72.0,72.0,0.05528263964137131,0.00018008315092257754,20,36,,53.04105379997054,0.8888888888888888,0.8888888888888888
reg3,reg3_m60_s1,es_1_2,2,305,15260,1.2781487004222738,72.0,72.0,0.055282639641371346,0.00018008315092240233,20,35,,53.97012840001844,0.8888888888888888,0.8888888888888888
reg3,reg3_m60_s1,es_1_2,2,310,15510,1.2781487004222738,72.0,72.0,0.055282639641371346,0.00018008315092240233,20,35,,54.88012310001068,0.8888888888888888,0.8888888888888888
reg3,reg3_m60_s1,es_1_2,2,315,15760,1.2781487004222738,72.0,72.0,0.0552826396413713,0.0001800831509223737,20,36,,55.73323179996805,0.8888888888888888,0.8888888888888888
reg3,reg3_m60_s1,es_1_2,2,320,16010,1.2781487004222738,72.0,72.0,0.0552826396413713,0.0001800831509223737,20,36,,56.60852539999178,0.8888888888888888,0.8888888888888888
reg3,reg3_m60_s1,es_1_2,2,325,16260,1.2781487004222738,72.0,72.0,0.0552826396413713,0.0001800831509223737,20,36,,57.50310189998709,0.8888888888888888,0.8888888888888888
reg3,reg3_m60_s1,es_1_2,2,330,16510,1.2781487004222738,72.0,72.0,0.05528263964137138,0.00018008315092255412,20,35,,58.36468719999539,0.8888888888888888,0.8888888888888888
reg3,reg3_m60_s1,es_1_2,2,335,16760,1.2781487004222738,72.0,72.0,0.05528263964137138,0.00018008315092255412,20,35,,59.242987099976745,0.8888888888888888,0.8888888888888888
reg3,reg3_m60_s1,es_1_2,2,340,17010,1.2781487004222738,72.0,72.0,0.0552826396413713,0.0001800831509223737,20,36,,60.129597699968144,0.8888888888888888,0.8888888888888888
reg3,reg3_m60_s1,es_1_2,2,345,17260,1.2781487004222738,72.0,72.0,0.05528263964137138,0.00018008315092255412,20,35,,60.982146099966485,0.8888888888888888,0.8888888888888888
reg3,reg3_m60_s1,es_1_2,2,350,17510,1.2781487004222738,72.0,72.0,0.0552826396413713,0.0001800831509223737,20,36,,61.95846559997881,0.8888888888888888,0.8888888888888888
reg3,reg3_m60_s1,es_1_2,2,355,17760,1.2781487004222738,72.0,72.0,0.05528263964137131,0.00018008315092257754,20,36,,62.908611299993936,0.8888888888888888,0.8888888888888888
reg3,reg3_m60_s1,es_1_2,2,360,18010,1.2781487004222738,72.0,72.0,0.05528263964137136,0.00018008315092242402,20,36,,63.76796430000104,0.8888888888888888,0.8888888888888888
reg3,reg3_m60_s1,es_1_2,2,365,18260,1.2781487004222738,72.0,72.0,0.05528263964137136,0.00018008315092242402,20,36,,64.67691619996913,0.8888888888888888,0.8888888888888888
reg3,reg3_m60_s1,es_1_2,2,370,18510,1.2781487004222738,72.0,72.0,0.05528263964137142,0.00018008315092253244,20,36,,65.57747459999518,0.8888888888888888,0.8888888888888888
reg3,reg3_m60_s1,es_1_2,2,375,18760,1.2781487004222738,72.0,72.0,0.05528263964137136,0.00018008315092242402,20,36,,66.47256319998996,0.8888888888888888,0.8888888888888888
reg3,reg3_m60_s1,es_1_2,2,380,19010,1.2781487004222738,72.0,72.0,0.05528263964137131,0.00018008315092257754,20,36,,67.38347940001404,0.8888888888888888,0.8888888888888888
reg3,reg3_m60_s1,es_1_2,2,385,19260,1.2781487004222738,72.0,72.0,0.05528263964137135,0.0001800831509225281,20,35,,68.28406759997597,0.8888888888888888,0.8888888888888888
reg3,reg3_m60_s1,es_1_2,2,390,19510,1.2781487004222738,72.0,72.0,0.05528263964137142,0.00018008315092253244,20,36,,69.21038259996567,0.8888888888888888,0.8888888888888888
reg3,reg3_m60_s1,es_1_2,2,395,19760,1.2781487004222738,72.0,72.0,0.055282639641371256,0.00018008315092248733,20,35,,70.17089189996477,0.8888888888888888,0.8888888888888888
reg3,reg3_m60_s1,es_1_2,2,400,20010,1.2781487004222738,72.0,72.0,0.05528263964137131,0.00018008315092257754,20,36,,71.12915619998239,0.8888888888888888,0.8888888888888888
reg3,reg3_m60_s1,es_1_2,3,0,10,0.6895079475397997,41.0,44.8,0.043618584570616764,1.984089975648473e-17,20,32,,0.0435989000252448,0.5061728395061729,0.5530864197530864
reg3,reg3_m60_s1,es_1_2,3,5,260,1.0295361698151317,58.0,57.6,0.033814524746040825,1.43982048506075e-16,20,31,,1.002493100007996,0.7160493827160493,0.7111111111111111
reg3,reg3_m60_s1,es_1_2,3,10,510,1.1341110343017318,64.0,61.6,0.0326331558050242,2.7007476116613915e-16,20,31,,1.9225305000436492,0.7901234567901234,0.7604938271604939
reg3,reg3_m60_s1,es_1_2,3,15,760,1.1495451129338052,65.0,63.8,0.03686758453504044,3.4575207280562736e-16,20,31,,2.8487802000017837,0.8024691358024691,0.7876543209876543
reg3,reg3_m60_s1,es_1_2,3,20,1010,1.1864201368892702,67.0,66.0,0.041994089584567545,1.8323016715005025e-17,20,30,,3.825476800033357,0.8271604938271605,0.8148148148148148
reg3,reg3_m60_s1,es_1_2,3,25,1260,1.1864201368892702,67.0,67.0,0.041994089584567545,1.8323016715005025e-17,20,30,,4.783065500028897,0.8271604938271605,0.8271604938271605
reg3,reg3_m60_s1,es_1_2,3,30,1510,1.2149835221843632,68.0,67.6,0.04198606968008256,9.793789188059648e-07,20,33,,5.727923700003885,0.8395061728395061,0.8345679012345678
reg3,reg3_m60_s1,es_1_2,3,35,1760,1.2149835221843632,68.0,67.3,0.04198606968008256,9.793789188059648e-07,20,33,,6.694160600018222,0.8395061728395061,0.8308641975308642
reg3,reg3_m60_s1,es_1_2,3,40,2010,1.2149835221843632,68.0,67.4,0.04198606968008256,9.793789188059648e-07,20,33,,7.6081424000440165,0.8395061728395061,0.8320987654320988
reg3,reg3_m60_s1,es_1_2,3,45,2260,1.2624991563681125,71.0,68.6,0.03679674132466661,0.00024981966353952376,20,33,,8.496817300037947,0.8765432098765432,0.8469135802469135
reg3,reg3_m60_s1,es_1_2,3,50,2510,1.2624991563681125,71.0,70.3,0.036796741324666635,0.00024981966353956886,20,33,,9.370057200023439,0.8765432098765432,0.8679012345679012
reg3,reg3_m60_s1,es_1_2,3,55,2760,1.2658627685635337,71.0,71.0,0.03790191796623941,0.0001688108883215675,20,34,,10.264528000028804,0.8765432098765432,0.8765432098765432
reg3,reg3_m60_s1,es_1_2,3,60,3010,1.2658627685635337,71.0,71.0,0.03790191796623936,0.0001688108883215328,20,35,,11.201021299988497,0.8765432098765432,0.8765432098765432
reg3,reg3_m60_s1,es_1_2,3,65,3260,1.2658627685635337,71.0,71.0,0.03790191796623933,0.0001688108883215085,20,34,,12.09765489998972,0.8765432098765432,0.8765432098765432
reg3,reg3_m60_s1,es_1_2,3,70,3510,1.2658627685635337,71.0,71.0,0.0379019179662394,0.000168810888321453,20,34,,12.943008800037205,0.8765432098765432,0.8765432098765432
reg3,reg3_m60_s1,es_1_2,3,75,3760,1.2658627685635337,71.0,71.0,0.03790191796623941,0.0001688108883215675,20,34,,13.821122199995443,0.8765432098765432,0.8765432098765432
reg3,reg3_m60_s1,es_1_2,3,80,4010,1.2658627685635337,71.0,71.0,0.037901917966239256,0.00016881088832153626,20,35,,14.730161499988753,0.8765432098765432,0.8765432098765432
reg3,reg3_m60_s1,es_1_2,3,85,4260,1.2658627685635337,71.0,71.0,0.03790191796623937,0.00016881088832151545,20,34,,15.61010550003266,0.8765432098765432,0.8765432098765432
reg3,reg3_m60_s1,es_1_2,3,90,4510,1.2667708784366205,71.0,71.0,0.037378995718829314,0.00032590191732605363,20,35,,16.62107960000867,0.8765432098765432,0.8765432098765432
reg3,reg3_m60_s1,es_1_2,3,95,4760,1.2667708784366205,71.0,71.0,0.037378995718829314,0.00032590191732605363,20,35,,17.510045300005004,0.8765432098765432,0.8765432098765432
reg3,reg3_m60_s1,es_1_2,3,100,5010,1.2680908482424298,71.0,71.0,0.04355797876305802,0.0005810884046215953,20,32,,18.79985559999477,0.8765432098765432,0.8765432098765432
reg3,reg3_m60_s1,es_1_2,3,105,5260,1.2680908482424298,71.0,71.0,0.04355797876305802,0.0005810884046215953,20,32,,19.751179400016554,0.8765432098765432,0.8765432098765432
reg3,reg3_m60_s1,es_1_2,3,110,5510,1.2687255481525856,71.0,71.0,0.03943451386146808,0.0008283429204872621,20,32,,20.723777000035625,0.8765432098765432,0.8765432098765432
reg3,reg3_m60_s1,es_1_2,3,115,5760,1.2687255481525856,71.0,71.0,0.03943451386146808,0.0008283429204872621,20,32,,21.65322959999321,0.8765432098765432,0.8765432098765432
reg3,reg3_m60_s1,es_1_2,3,120,6010,1.2688811917457643,71.0,71.0,0.04157787594059544,0.0010283831818579843,20,32,,22.57732700003544,0.8765432098765432,0.8765432098765432
reg3,reg3_m60_s1,es_1_2,3,125,6260,1.2697361343159614,71.0,71.0,0.0427691837559421,0.0008590310494048653,20,32,,23.48474179999903,0.8765432098765432,0.8765432098765432
reg3,reg3_m60_s1,es_1_2,3,130,6510,1.2697361343159614,71.0,71.0,0.0427691837559421,0.0008590310494048653,20,32,,24.364815700042527,0.8765432098765432,0.8765432098765432
reg3,reg3_m60_s1,es_1_2,3,135,6760,1.2697361343159614,71.0,71.0,0.042769183755942144,0.0008590310494048653,20,34,,25.255492000025697,0.8765432098765432,0.8765432098765432
reg3,reg3_m60_s1,es_1_2,3,140,7010,1.2699195521672781,71.0,71.0,0.04419687944376577,0.0008401799844864333,20,33,,26.14695510000456,0.8765432098765432,0.8765432098765432
reg3,reg3_m60_s1,es_1_2,3,145,7260,1.2699195521672781,71.0,71.0,0.04419687944376575,0.0008401799844864367,20,35,,27.005326899990905,0.8765432098765432,0.8765432098765432
reg3,reg3_m60_s1,es_1_2,3,150,7510,1.2721786689235302,72.0,71.2,0.032208526895280254,9.098088707833445e-05,20,34,,27.87919950002106,0.8888888888888888,0.8790123456790124
reg3,reg3_m60_s1,es_1_2,3,155,7760,1.2721786689235302,72.0,71.2,0.032208526895280254,9.098088707833445e-05,20,34,,28.807861700013746,0.8888888888888888,0.8790123456790124
reg3,reg3_m60_s1,es_1_2,3,160,8010,1.2721786689235302,72.0,71.7,0.03220852689528056,9.09808870783917e-05,20,34,,29.737353100033943,0.8888888888888888,0.8851851851851852
reg3,reg3_m60_s1,es_1_2,3,165,8260,1.2738825197068333,72.0,72.0,0.03306874617433545,0.00023917475173132908,20,36,,30.68608050001785,0.8888888888888888,0.8888888888888888
reg3,reg3_m60_s1,es_1_2,3,170,8510,1.2738825197068333,72.0,72.0,0.03306874617433545,0.00023917475173132908,20,36,,31.65470000001369,0.8888888888888888,0.8888888888888888
reg3,reg3_m60_s1,es_1_2,3,175,8760,1.2738825197068333,72.0,72.0,0.03306874617433545,0.00023917475173132908,20,36,,32.523950700007845,0.8888888888888888,0.8888888888888888
reg3,reg3_m60_s1,es_1_2,3,180,9010,1.2738825197068333,72.0,72.0,0.03306874617433545,0.00023917475173132908,20,36,,33.41542690002825,0.8888888888888888,0.8888888888888888
reg3,reg3_m60_s1,es_1_2,3,185,9260,1.2738825197068333,72.0,72.0,0.03306874617433539,0.00023917475173131347,20,36,,34.490879699995276,0.8888888888888888,0.8888888888888888
reg3,reg3_m60_s1,es_1_2,3,190,9510,1.2738825197068333,72.0,72.0,0.03306874617433538,0.00023917475173128484,20,36,,35.44444510003086,0.8888888888888888,0.8888888888888888
reg3,reg3_m60_s1,es_1_2,3,195,9760,1.2738825197068333,72.0,72.0,0.033068746174335445,0.0002391747517313308,20,36,,36.298352500016335,0.8888888888888888,0.8888888888888888
reg3,reg3_m60_s1,es_1_2,3,200,10010,1.2738825197068333,72.0,72.0,0.03306874617433534,0.00023917475173131347,20,35,,37.18188869999722,0.8888888888888888,0.8888888888888888
reg3,reg3_m60_s1,es_1_2,3,205,10260,1.2738825197068333,72.0,72.0,0.03306874617433551,0.00023917475173125275,20,36,,38.0924498999957,0.8888888888888888,0.8888888888888888
reg3,reg3_m60_s1,es_1_2,3,210,10510,1.2738825197068333,72.0,72.0,0.03306874617433555,0.00023917475173130046,20,36,,38.92236140003661,0.8888888888888888,0.8888888888888888
reg3,reg3_m60_s1,es_1_2,3,215,10760,1.2738825197068333,72.0,72.0,0.03306874617433542,0.00023917475173129352,20,35,,39.77382960001705,0.8888888888888888,0.8888888888888888
reg3,reg3_m60_s1,es_1_2,3,220,11010,1.2738825197068333,72.0,72.0,0.03306874617433555,0.00023917475173130046,20,36,,40.60828089999268,0.8888888888888888,0.8888888888888888
reg3,reg3_m60_s1,es_1_2,3,225,11260,1.2738825197068333,72.0,72.0,0.03306874617433527,0.00023917475173134382,20,34,,41.465871900029015,0.8888888888888888,0.8888888888888888
reg3,reg3_m60_s1,es_1_2,3,230,11510,1.2738825197068333,72.0,72.0,0.033068746174335646,0.00023917475173137245,20,34,,42.313801100011915,0.8888888888888888,0.8888888888888888
reg3,reg3_m60_s1,es_1_2,3,235,11760,1.2738825197068333,72.0,72.0,0.03306874617433571,0.00023917475173125535,20,35,,43.17690580000635,0.8888888888888888,0.8888888888888888
reg3,reg3_m60_s1,es_1_2,3,240,12010,1.2738825197068333,72.0,72.0,0.033068746174335584,0.00023917475173129005,20,35,,43.99831230001291,0.8888888888888888,0.8888888888888888
reg3,reg3_m60_s1,es_1_2,3,245,12260,1.2738825197068333,72.0,72.0,0.03306874617433561,0.00023917475173129178,20,35,,44.80046580004273,0.8888888888888888,0.8888888888888888
reg3,reg3_m60_s1,es_1_2,3,250,12510,1.2738825197068333,72.0,72.0,0.033068746174335625,0.00023917475173133688,20,35,,45.609709699987434,0.8888888888888888,0.8888888888888888
reg3,reg3_m60_s1,es_1_2,3,255,12760,1.2738825197068333,72.0,72.0,0.03306874617433542,0.0002391747517313256,20,35,,46.50423459999729,0.8888888888888888,0.8888888888888888
reg3,reg3_m60_s1,es_1_2,3,260,13010,1.2738825197068333,72.0,72.0,0.03306874617433541,0.00023917475173132734,20,36,,47.33368700003484,0.8888888888888888,0.8888888888888888
reg3,reg3_m60_s1,es_1_2,3,265,13260,1.2738825197068333,72.0,72.0,0.03306874617433541,0.00023917475173132734,20,36,,48.16727929998888,0.8888888888888888,0.8888888888888888
reg3,reg3_m60_s1,es_1_2,3,270,13510,1.2738825197068333,72.0,72.0,0.033068746174335625,0.00023917475173136377,20,34,,48.98665040003834,0.8888888888888888,0.8888888888888888
reg3,reg3_m60_s1,es_1_2,3,275,13760,1.2738825197068333,72.0,72.0,0.03306874617433561,0.00023917475173135423,20,34,,49.81453189998865,0.8888888888888888,0.8888888888888888
reg3,reg3_m60_s1,es_1_2,3,280,14010,1.2738825197068333,72.0,72.0,0.03306874617433557,0.00023917475173124841,20,34,,50.656558600021526,0.8888888888888888,0.8888888888888888
reg3,reg3_m60_s1,es_1_2,3,285,14260,1.2738825197068333,72.0,72.0,0.03306874617433544,0.00023917475173131433,20,36,,51.49403970001731,0.8888888888888888,0.8888888888888888
reg3,reg3_m60_s1,es_1_2,3,290,14510,1.2738825197068333,72.0,72.0,0.03306874617433557,0.00023917475173124841,20,34,,52.31698870001128,0.8888888888888888,0.8888888888888888
reg3,reg3_m60_s1,es_1_2,3,295,14760,1.2738825197068333,72.0,72.0,0.03306874617433554,0.0002391747517312779,20,34,,53.135360900021624,0.8888888888888888,0.8888888888888888
reg3,reg3_m60_s1,es_1_2,3,300,15010,1.2738825197068333,72.0,72.0,0.03306874617433543,0.00023917475173133515,20,34,,53.995727200002875,0.8888888888888888,0.8888888888888888
reg3,reg3_m60_s1,es_1_2,3,305,15260,1.2738825197068333,72.0,72.0,0.03306874617433545,0.00023917475173133862,20,35,,54.79360900004394,0.8888888888888888,0.8888888888888888
reg3,reg3_m60_s1,es_1_2,3,310,15510,1.2738825197068333,72.0,72.0,0.03306874617433557,0.00023917475173124841,20,34,,55.61315900000045,0.8888888888888888,0.8888888888888888
reg3,reg3_m60_s1,es_1_2,3,315,15760,1.2738825197068333,72.0,72.0,0.033068746174335514,0.00023917475173135944,20,33,,56.42989229998784,0.8888888888888888,0.8888888888888888
reg3,reg3_m60_s1,es_1_2,3,320,16010,1.2738825197068333,72.0,72.0,0.033068746174335556,0.00023917475173127183,20,34,,57.240469500015024,0.8888888888888888,0.8888888888888888
reg3,reg3_m60_s1,es_1_2,3,325,16260,1.2738825197068333,72.0,72.0,0.033068746174335556,0.00023917475173127183,20,34,,58.03778449998936,0.8888888888888888,0.8888888888888888
reg3,reg3_m60_s1,es_1_2,3,330,16510,1.2738825197068333,72.0,72.0,0.03306874617433556,0.00023917475173132214,20,34,,58.859768600028474,0.8888888888888888,0.8888888888888888
reg3,reg3_m60_s1,es_1_2,3,335,16760,1.2738825197068333,72.0,72.0,0.03306874617433536,0.00023917475173132648,20,34,,59.6403060000157,0.8888888888888888,0.8888888888888888
reg3,reg3_m60_s1,es_1_2,3,340,17010,1.2738825197068333,72.0,72.0,0.03306874617433539,0.0002391747517313074,20,34,,60.47381160000805,0.8888888888888888,0.8888888888888888
reg3,reg3_m60_s1,es_1_2,3,345,17260,1.2738825197068333,72.0,72.0,0.03306874617433556,0.00023917475173132214,20,34,,61.30676260002656,0.8888888888888888,0.8888888888888888
reg3,reg3_m60_s1,es_1_2,3,350,17510,1.2738825197068333,72.0,72.0,0.03306874617433556,0.00023917475173132214,20,34,,62.13583580002887,0.8888888888888888,0.8888888888888888
reg3,reg3_m60_s1,es_1_2,3,355,17760,1.2738825197068333,72.0,72.0,0.03306874617433552,0.0002391747517313178,20,33,,62.965905699995346,0.8888888888888888,0.8888888888888888
reg3,reg3_m60_s1,es_1_2,3,360,18010,1.2738825197068333,72.0,72.0,0.03306874617433552,0.00023917475173135944,20,33,,63.810085300006904,0.8888888888888888,0.8888888888888888
reg3,reg3_m60_s1,es_1_2,3,365,18260,1.2738825197068333,72.0,72.0,0.03306874617433543,0.00023917475173130132,20,35,,64.63937129999977,0.8888888888888888,0.8888888888888888
reg3,reg3_m60_s1,es_1_2,3,370,18510,1.2738825197068333,72.0,72.0,0.03306874617433553,0.0002391747517312432,20,34,,65.46338860003743,0.8888888888888888,0.8888888888888888
reg3,reg3_m60_s1,es_1_2,3,375,18760,1.2738825197068333,72.0,72.0,0.03306874617433562,0.00023917475173128484,20,35,,66.36064010002883,0.8888888888888888,0.8888888888888888
reg3,reg3_m60_s1,es_1_2,3,380,19010,1.2738825197068333,72.0,72.0,0.033068746174335466,0.00023917475173123887,20,35,,67.28635240002768,0.8888888888888888,0.8888888888888888
reg3,reg3_m60_s1,es_1_2,3,385,19260,1.2738825197068333,72.0,72.0,0.033068746174335584,0.00023917475173124408,20,34,,68.16546779999044,0.8888888888888888,0.8888888888888888
reg3,reg3_m60_s1,es_1_2,3,390,19510,1.2738825197068333,72.0,72.0,0.03306874617433542,0.00023917475173130826,20,35,,69.14927090000128,0.8888888888888888,0.8888888888888888
reg3,reg3_m60_s1,es_1_2,3,395,19760,1.2738825197068333,72.0,72.0,0.0330687461743354,0.00023917475173135423,20,34,,70.1245704999892,0.8888888888888888,0.8888888888888888
reg3,reg3_m60_s1,es_1_2,3,400,20010,1.2738825197068333,72.0,72.0,0.03306874617433552,0.0002391747517313178,20,33,,71.07593320001615,0.8888888888888888,0.8888888888888888
reg3,reg3_m60_s1,es_1_2,4,0,10,0.6510657522752402,40.0,44.7,0.067840025423876,0.0028286894968670324,20,38,,0.03387550002662465,0.49382716049382713,0.5518518518518519
reg3,reg3_m60_s1,es_1_2,4,5,260,1.0189656184169251,58.0,56.0,0.0777268371295504,0.0007105558578078819,20,40,,1.0029794999863952,0.7160493827160493,0.691358024691358
reg3,reg3_m60_s1,es_1_2,4,10,510,1.0772020383275926,61.0,58.5,0.0683919937792776,0.002868431202388746,20,40,,1.960644799983129,0.7530864197530864,0.7222222222222222
reg3,reg3_m60_s1,es_1_2,4,15,760,1.187536669633803,66.0,65.2,0.06920715573301207,3.9869475836840085e-05,20,40,,2.9137598000233993,0.8148148148148148,0.8049382716049384
reg3,reg3_m60_s1,es_1_2,4,20,1010,1.219089361515698,68.0,66.3,0.0686783044074667,3.986947583700662e-05,20,39,,3.8401294000213966,0.8395061728395061,0.8185185185185185
reg3,reg3_m60_s1,es_1_2,4,25,1260,1.2204501958714375,68.0,67.2,0.0796845067907373,0.0003760478687219043,20,37,,4.743346300034318,0.8395061728395061,0.8296296296296297
reg3,reg3_m60_s1,es_1_2,4,30,1510,1.2204501958714375,68.0,68.0,0.07968450679073737,0.00037604786872176554,20,37,,5.617462900001556,0.8395061728395061,0.8395061728395061
reg3,reg3_m60_s1,es_1_2,4,35,1760,1.2215917060451846,68.0,68.0,0.07757402239955244,0.0017592216274698383,20,37,,6.653044999984559,0.8395061728395061,0.8395061728395061
reg3,reg3_m60_s1,es_1_2,4,40,2010,1.2215917060451846,68.0,68.0,0.07757402239955244,0.0017592216274698383,20,37,,7.605314199987333,0.8395061728395061,0.8395061728395061
reg3,reg3_m60_s1,es_1_2,4,45,2260,1.2215917060451846,68.0,68.0,0.07757402239955244,0.0017592216274698383,20,37,,8.695110100030433,0.8395061728395061,0.8395061728395061
reg3,reg3_m60_s1,es_1_2,4,50,2510,1.252597569112338,70.0,68.2,0.06546751418912133,0.0008764569414446075,20,36,,9.74666340003023,0.8641975308641975,0.8419753086419753
reg3,reg3_m60_s1,es_1_2,4,55,2760,1.252597569112338,70.0,68.2,0.06546751418912133,0.0008764569414446075,20,36,,10.749511100002564,0.8641975308641975,0.8419753086419753
reg3,reg3_m60_s1,es_1_2,4,60,3010,1.2571921357352627,70.0,68.8,0.07599027046057032,0.00205555108257832,20,37,,11.99960869998904,0.8641975308641975,0.8493827160493826
reg3,reg3_m60_s1,es_1_2,4,65,3260,1.2571921357352627,70.0,69.2,0.07599027046057032,0.00205555108257832,20,37,,13.091221900016535,0.8641975308641975,0.8543209876543211
reg3,reg3_m60_s1,es_1_2,4,70,3510,1.2571921357352627,70.0,70.0,0.07599027046057032,0.00205555108257832,20,37,,14.225331599998754,0.8641975308641975,0.8641975308641975
reg3,reg3_m60_s1,es_1_2,4,75,3760,1.2571921357352627,70.0,70.0,0.07599027046057032,0.00205555108257832,20,37,,15.231502900016494,0.8641975308641975,0.8641975308641975
reg3,reg3_m60_s1,es_1_2,4,80,4010,1.2751399349953552,71.0,70.3,0.0626374113373178,0.0008829549441503465,20,38,,16.18135590001475,0.8765432098765432,0.8679012345679012
reg3,reg3_m60_s1,es_1_2,4,85,4260,1.2751399349953552,71.0,70.8,0.0626374113373178,0.0008829549441503465,20,38,,17.245082599984016,0.8765432098765432,0.874074074074074
reg3,reg3_m60_s1,es_1_2,4,90,4510,1.2751399349953552,71.0,71.0,0.0626374113373178,0.0008829549441503465,20,38,,18.12805559998378,0.8765432098765432,0.8765432098765432
reg3,reg3_m60_s1,es_1_2,4,95,4760,1.2751399349953552,71.0,71.0,0.06263741133731797,0.0008829549441503846,20,38,,19.256302100024186,0.8765432098765432,0.8765432098765432
reg3,reg3_m60_s1,es_1_2,4,100,5010,1.276010274873146,71.0,71.0,0.05709398828836454,0.0032591622479412954,20,39,,20.397810900001787,0.8765432098765432,0.8765432098765432
reg3,reg3_m60_s1,es_1_2,4,105,5260,1.276010274873146,71.0,71.0,0.05709398828836454,0.0032591622479412954,20,39,,21.354227400035597,0.8765432098765432,0.8765432098765432
reg3,reg3_m60_s1,es_1_2,4,110,5510,1.2949395077015846,72.0,71.2,0.06368495794516493,0.00204130944457352,20,39,,22.564394999993965,0.8888888888888888,0.8790123456790124
reg3,reg3_m60_s1,es_1_2,4,115,5760,1.2949395077015846,72.0,71.4,0.06368495794516493,0.00204130944457352,20,39,,23.74840410001343,0.8888888888888888,0.8814814814814815
reg3,reg3_m60_s1,es_1_2,4,120,6010,1.2949395077015846,72.0,71.9,0.06368495794516493,0.00204130944457352,20,39,,25.33820850000484,0.8888888888888888,0.8876543209876544
reg3,reg3_m60_s1,es_1_2,4,125,6260,1.2949395077015846,72.0,72.0,0.06368495794516493,0.00204130944457352,20,39,,26.464823900023475,0.8888888888888888,0.8888888888888888
reg3,reg3_m60_s1,es_1_2,4,130,6510,1.2949395077015846,72.0,72.0,0.06368495794516493,0.00204130944457352,20,39,,27.752862200024538,0.8888888888888888,0.8888888888888888
reg3,reg3_m60_s1,es_1_2,4,135,6760,1.2949395077015846,72.0,72.0,0.06368495794516493,0.00204130944457352,20,39,,28.918694799998775,0.8888888888888888,0.8888888888888888
reg3,reg3_m60_s1,es_1_2,4,140,7010,1.2957323882792928,72.0,72.0,0.06334586681829242,0.0033656300293968197,20,39,,30.044476700015366,0.8888888888888888,0.8888888888888888
reg3,reg3_m60_s1,es_1_2,4,145,7260,1.2957323882792928,72.0,72.0,0.06334586681829242,0.0033656300293968197,20,39,,30.936394300020766,0.8888888888888888,0.8888888888888888
reg3,reg3_m60_s1,es_1_2,4,150,7510,1.2957323882792928,72.0,72.0,0.06334586681829242,0.0033656300293968197,20,39,,31.890968099993188,0.8888888888888888,0.8888888888888888
reg3,reg3_m60_s1,es_1_2,4,155,7760,1.2957323882792928,72.0,72.0,0.06334586681829242,0.0033656300293968197,20,39,,32.76478740002494,0.8888888888888888,0.8888888888888888
reg3,reg3_m60_s1,es_1_2,4,160,8010,1.2991340460402536,72.0,72.0,0.07918636550868836,0.00013994737055363776,20,39,,33.747086599993054,0.8888888888888888,0.8888888888888888
reg3,reg3_m60_s1,es_1_2,4,165,8260,1.2991340460402536,72.0,72.0,0.07918636550868836,0.00013994737055363776,20,39,,34.70501289999811,0.8888888888888888,0.8888888888888888
reg3,reg3_m60_s1,es_1_2,4,170,8510,1.2991340460402536,72.0,72.0,0.07918636550868836,0.00013994737055363776,20,39,,35.72989600000437,0.8888888888888888,0.8888888888888888
reg3,reg3_m60_s1,es_1_2,4,175,8760,1.2991340460402536,72.0,72.0,0.07918636550868836,0.00013994737055363776,20,39,,36.70978249999462,0.8888888888888888,0.8888888888888888
reg3,reg3_m60_s1,es_1_2,4,180,9010,1.2991340460402536,72.0,72.0,0.07918636550868835,0.0001399473705537245,20,39,,37.86637350003002,0.8888888888888888,0.8888888888888888
reg3,reg3_m60_s1,es_1_2,4,185,9260,1.2991340460402536,72.0,72.0,0.07918636550868832,0.00013994737055375572,20,38,,38.94537470000796,0.8888888888888888,0.8888888888888888
reg3,reg3_m60_s1,es_1_2,4,190,9510,1.2991340460402536,72.0,72.0,0.07918636550868836,0.00013994737055363776,20,39,,40.0533265999984,0.8888888888888888,0.8888888888888888
reg3,reg3_m60_s1,es_1_2,4,195,9760,1.2991340460402536,72.0,72.0,0.07918636550868835,0.00013994737055358572,20,39,,41.11473259999184,0.8888888888888888,0.8888888888888888
reg3,reg3_m60_s1,es_1_2,4,200,10010,1.2991340460402536,72.0,72.0,0.07918636550868835,0.0001399473705537245,20,39,,42.177503400016576,0.8888888888888888,0.8888888888888888
reg3,reg3_m60_s1,es_1_2,4,205,10260,1.2991340460402536,72.0,72.0,0.07918636550868835,0.0001399473705537245,20,39,,43.270758100028615,0.8888888888888888,0.8888888888888888
reg3,reg3_m60_s1,es_1_2,4,210,10510,1.2991340460402536,72.0,72.0,0.07918636550868832,0.0001399473705536898,20,38,,44.4633315000101,0.8888888888888888,0.8888888888888888
reg3,reg3_m60_s1,es_1_2,4,215,10760,1.2991340460402536,72.0,72.0,0.07918636550868828,0.00013994737055371062,20,39,,45.57851900003152,0.8888888888888888,0.8888888888888888
reg3,reg3_m60_s1,es_1_2,4,220,11010,1.2991340460402536,72.0,72.0,0.0791863655086883,0.0001399473705537696,20,39,,46.69805860001361,0.8888888888888888,0.8888888888888888
reg3,reg3_m60_s1,es_1_2,4,225,11260,1.2991340460402536,72.0,72.0,0.0791863655086883,0.0001399473705537696,20,39,,47.81150730000809,0.8888888888888888,0.8888888888888888
reg3,reg3_m60_s1,es_1_2,4,230,11510,1.2991340460402536,72.0,72.0,0.0791863655086883,0.0001399473705537696,20,39,,48.83459540002514,0.8888888888888888,0.8888888888888888
reg3,reg3_m60_s1,es_1_2,4,235,11760,1.2991340460402536,72.0,72.0,0.07918636550868832,0.0001399473705536898,20,38,,49.939007200009655,0.8888888888888888,0.8888888888888888
reg3,reg3_m60_s1,es_1_2,4,240,12010,1.2991340460402536,72.0,72.0,0.07918636550868835,0.00013994737055358572,20,39,,51.091141999990214,0.8888888888888888,0.8888888888888888
reg3,reg3_m60_s1,es_1_2,4,245,12260,1.2991340460402536,72.0,72.0,0.07918636550868834,0.00013994737055361348,20,39,,52.186709800036624,0.8888888888888888,0.8888888888888888
reg3,reg3_m60_s1,es_1_2,4,250,12510,1.2991340460402538,72.0,72.0,0.07918636550868832,0.00013994737055353715,20,39,,53.31521020003129,0.8888888888888888,0.8888888888888888
reg3,reg3_m60_s1,es_1_2,4,255,12760,1.2991340460402538,72.0,72.0,0.07918636550868832,0.00013994737055353715,20,39,,54.56633669999428,0.8888888888888888,0.8888888888888888
reg3,reg3_m60_s1,es_1_2,4,260,13010,1.2991340460402538,72.0,72.0,0.07918636550868832,0.00013994737055353715,20,39,,55.76300600002287,0.8888888888888888,0.8888888888888888
reg3,reg3_m60_s1,es_1_2,4,265,13260,1.2991340460402538,72.0,72.0,0.07918636550868832,0.00013994737055353715,20,39,,56.815965900023,0.8888888888888888,0.8888888888888888
reg3,reg3_m60_s1,es_1_2,4,270,13510,1.2991340460402538,72.0,72.0,0.07918636550868832,0.00013994737055353715,20,39,,57.847228099999484,0.8888888888888888,0.8888888888888888
reg3,reg3_m60_s1,es_1_2,4,275,13760,1.2991340460402538,72.0,72.0,0.07918636550868832,0.00013994737055353715,20,39,,58.91632890002802,0.8888888888888888,0.8888888888888888
reg3,reg3_m60_s1,es_1_2,4,280,14010,1.2991340460402538,72.0,72.0,0.07918636550868832,0.00013994737055353715,20,39,,60.09715280000819,0.8888888888888888,0.8888888888888888
reg3,reg3_m60_s1,es_1_2,4,285,14260,1.2991340460402538,72.0,72.0,0.07918636550868832,0.00013994737055353715,20,39,,61.164896600006614,0.8888888888888888,0.8888888888888888
reg3,reg3_m60_s1,es_1_2,4,290,14510,1.2991340460402538,72.0,72.0,0.07918636550868832,0.00013994737055353715,20,39,,62.272808100038674,0.8888888888888888,0.8888888888888888
reg3,reg3_m60_s1,es_1_2,4,295,14760,1.2991340460402538,72.0,72.0,0.07918636550868832,0.00013994737055353715,20,39,,63.32348770002136,0.8888888888888888,0.8888888888888888
reg3,reg3_m60_s1,es_1_2,4,300,15010,1.2991340460402538,72.0,72.0,0.07918636550868832,0.00013994737055353715,20,39,,64.21539590001339,0.8888888888888888,0.8888888888888888
reg3,reg3_m60_s1,es_1_2,4,305,15260,1.2991340460402538,72.0,72.0,0.07918636550868832,0.00013994737055353715,20,39,,65.34905640000943,0.8888888888888888,0.8888888888888888
reg3,reg3_m60_s1,es_1_2,4,310,15510,1.2991340460402538,72.0,72.0,0.07918636550868832,0.00013994737055353715,20,39,,66.29581600002712,0.8888888888888888,0.8888888888888888
reg3,reg3_m60_s1,es_1_2,4,315,15760,1.2991340460402538,72.0,72.0,0.07918636550868832,0.00013994737055353715,20,39,,67.2745150999981,0.8888888888888888,0.8888888888888888
reg3,reg3_m60_s1,es_1_2,4,320,16010,1.2991340460402538,72.0,72.0,0.07918636550868832,0.00013994737055353715,20,39,,68.18371870002011,0.8888888888888888,0.8888888888888888
reg3,reg3_m60_s1,es_1_2,4,325,16260,1.2991340460402538,72.0,72.0,0.07918636550868832,0.00013994737055353715,20,39,,69.0859683000017,0.8888888888888888,0.8888888888888888
reg3,reg3_m60_s1,es_1_2,4,330,16510,1.2991340460402538,72.0,72.0,0.07918636550868832,0.00013994737055353715,20,39,,70.09101780003402,0.8888888888888888,0.8888888888888888
reg3,reg3_m60_s1,es_1_2,4,335,16760,1.2991340460402538,72.0,72.0,0.07918636550868832,0.00013994737055353715,20,39,,71.01543359999778,0.8888888888888888,0.8888888888888888
reg3,reg3_m60_s1,es_1_2,4,340,17010,1.2991340460402538,72.0,72.0,0.07918636550868832,0.00013994737055353715,20,39,,72.05838000000222,0.8888888888888888,0.8888888888888888
reg3,reg3_m60_s1,es_1_2,4,345,17260,1.2991340460402538,72.0,72.0,0.07918636550868832,0.00013994737055353715,20,39,,72.90485900000203,0.8888888888888888,0.8888888888888888
reg3,reg3_m60_s1,es_1_2,4,350,17510,1.2991340460402538,72.0,72.0,0.07918636550868832,0.00013994737055353715,20,39,,73.89682490000268,0.8888888888888888,0.8888888888888888
reg3,reg3_m60_s1,es_1_2,4,355,17760,1.2991340460402538,72.0,72.0,0.07918636550868832,0.00013994737055353715,20,39,,74.83948470000178,0.8888888888888888,0.8888888888888888
reg3,reg3_m60_s1,es_1_2,4,360,18010,1.2991340460402538,72.0,72.0,0.07918636550868832,0.00013994737055353715,20,39,,75.78881790000014,0.8888888888888888,0.8888888888888888
reg3,reg3_m60_s1,es_1_2,4,365,18260,1.2991340460402538,72.0,72.0,0.07918636550868832,0.00013994737055353715,20,39,,76.84454520000145,0.8888888888888888,0.8888888888888888
reg3,reg3_m60_s1,es_1_2,4,370,18510,1.2991340460402538,72.0,72.0,0.07918636550868832,0.00013994737055353715,20,39,,77.73790469998494,0.8888888888888888,0.8888888888888888
reg3,reg3_m60_s1,es_1_2,4,375,18760,1.2991340460402538,72.0,72.0,0.07918636550868832,0.00013994737055353715,20,39,,78.76481910003349,0.8888888888888888,0.8888888888888888
reg3,reg3_m60_s1,es_1_2,4,380,19010,1.2991340460402538,72.0,72.0,0.07918636550868832,0.00013994737055353715,20,39,,79.719891500019,0.8888888888888888,0.8888888888888888
reg3,reg3_m60_s1,es_1_2,4,385,19260,1.2991340460402538,72.0,72.0,0.07918636550868832,0.00013994737055353715,20,39,,80.69701519998489,0.8888888888888888,0.8888888888888888
reg3,reg3_m60_s1,es_1_2,4,390,19510,1.2991340460402538,72.0,72.0,0.07918636550868832,0.00013994737055353715,20,39,,81.73478270001942,0.8888888888888888,0.8888888888888888
reg3,reg3_m60_s1,es_1_2,4,395,19760,1.2991340460402538,72.0,72.0,0.07918636550868832,0.00013994737055353715,20,39,,82.79827219998697,0.8888888888888888,0.8888888888888888
reg3,reg3_m60_s1,es_1_2,4,400,20010,1.2991340460402538,72.0,72.0,0.07918636550868832,0.00013994737055353715,20,39,,83.75825070001883,0.8888888888888888,0.8888888888888888
reg3,reg3_m60_s1,es_single,0,0,10,0.7912441782925166,47.0,43.4,0.03422181726598081,1.0842021724855044e-18,20,32,,0.0347633000346832,0.5802469135802469,0.5358024691358024
reg3,reg3_m60_s1,es_single,0,5,260,1.126415721594801,64.0,62.1,0.04083950851963648,1.2305694657710475e-17,20,32,,1.0691639000433497,0.7901234567901234,0.7666666666666667
reg3,reg3_m60_s1,es_single,0,10,510,1.1923759607083488,67.0,65.3,0.05479823711919146,0.00031204438413377604,20,36,,2.0748499000328593,0.8271604938271605,0.8061728395061728
reg3,reg3_m60_s1,es_single,0,15,760,1.2076189132855213,68.0,66.7,0.06605717037260768,0.0015141689479734287,20,36,,3.2288310000440106,0.8395061728395061,0.8234567901234568
reg3,reg3_m60_s1,es_single,0,20,1010,1.2336145195085786,69.0,68.3,0.06627256664551537,0.003030013057790007,20,36,,4.275663600012194,0.8518518518518519,0.8432098765432099
reg3,reg3_m60_s1,es_single,0,25,1260,1.24066515321312,70.0,69.0,0.06297412872693564,0.002314805208590894,20,37,,5.412624200049322,0.8641975308641975,0.8518518518518519
reg3,reg3_m60_s1,es_single,0,30,1510,1.2556417696421758,70.0,69.3,0.07712160840539593,0.00034132994222996205,20,37,,6.5777481000404805,0.8641975308641975,0.8555555555555555
reg3,reg3_m60_s1,es_single,0,35,1760,1.273764586430719,70.0,69.9,0.09246069784034291,0.0013257477049883806,20,37,,7.678980000026058,0.8641975308641975,0.862962962962963
reg3,reg3_m60_s1,es_single,0,40,2010,1.2860888828529802,71.0,70.4,0.0810502605858606,0.0018252610383209383,20,37,,8.809424500039313,0.8765432098765432,0.8691358024691359
reg3,reg3_m60_s1,es_single,0,45,2260,1.30679431983337,72.0,72.0,0.07355707715905499,0.0026417741930561886,20,37,,9.680405999999493,0.8888888888888888,0.8888888888888888
reg3,reg3_m60_s1,es_single,0,50,2510,1.30679431983337,72.0,72.0,0.07355707715905499,0.0026417741930561886,20,37,,10.7175177000463,0.8888888888888888,0.8888888888888888
reg3,reg3_m60_s1,es_single,0,55,2760,1.3116409894179797,72.0,72.0,0.07800493244589127,0.00022865682083976144,20,37,,11.594750899996143,0.8888888888888888,0.8888888888888888
reg3,reg3_m60_s1,es_single,0,60,3010,1.3116409894179797,72.0,72.0,0.07800493244589127,0.00022865682083976144,20,37,,12.513972200045828,0.8888888888888888,0.8888888888888888
reg3,reg3_m60_s1,es_single,0,65,3260,1.31381397707979,72.0,72.0,0.08257291545298713,0.00034187450084812235,20,38,,13.564094700035639,0.8888888888888888,0.8888888888888888
reg3,reg3_m60_s1,es_single,0,70,3510,1.3169458048988267,72.0,72.0,0.09045228572685268,0.001093245427806061,20,36,,14.53794500004733,0.8888888888888888,0.8888888888888888
reg3,reg3_m60_s1,es_single,0,75,3760,1.3169458048988267,72.0,72.0,0.09045228572685268,0.001093245427806061,20,36,,15.503373300016392,0.8888888888888888,0.8888888888888888
reg3,reg3_m60_s1,es_single,0,80,4010,1.3187686118355564,72.0,72.0,0.08516458770052515,0.000779481476385277,20,37,,16.50182530004531,0.8888888888888888,0.8888888888888888
reg3,reg3_m60_s1,es_single,0,85,4260,1.3199384135687628,72.0,72.0,0.0895122226068615,0.00037883308408207493,20,37,,17.445879000006244,0.8888888888888888,0.8888888888888888
reg3,reg3_m60_s1,es_single,0,90,4510,1.3199384135687628,72.0,72.0,0.0895122226068615,0.00037883308408207493,20,37,,18.513564000022598,0.8888888888888888,0.8888888888888888
reg3,reg3_m60_s1,es_single,0,95,4760,1.3209610829040925,72.0,72.0,0.0758602557593922,0.0015905865542031345,20,35,,19.569717100006528,0.8888888888888888,0.8888888888888888
reg3,reg3_m60_s1,es_single,0,100,5010,1.3287607339910945,73.0,72.3,0.06966210245858172,0.0021435400843698715,20,35,,20.583275100041647,0.9012345679012346,0.8925925925925926
reg3,reg3_m60_s1,es_single,0,105,5260,1.3287607339910945,73.0,72.6,0.06966210245858172,0.0021435400843698715,20,35,,21.62135130004026,0.9012345679012346,0.8962962962962963
reg3,reg3_m60_s1,es_single,0,110,5510,1.3303003269221896,73.0,72.9,0.06269795245072116,0.003069310313449841,20,35,,22.64034250000259,0.9012345679012346,0.9
reg3,reg3_m60_s1,es_single,0,115,5760,1.3310213790489402,73.0,73.0,0.08064038144413235,0.0013180026546372667,20,35,,23.647758200007956,0.9012345679012346,0.9012345679012346
reg3,reg3_m60_s1,es_single,0,120,6010,1.3325116317583101,73.0,73.0,0.07521880638079412,0.0010822031554378608,20,35,,24.619609700050205,0.9012345679012346,0.9012345679012346
reg3,reg3_m60_s1,es_single,0,125,6260,1.3325116317583101,73.0,73.0,0.07521880638079412,0.0010822031554378608,20,35,,25.503048500046134,0.9012345679012346,0.9012345679012346
reg3,reg3_m60_s1,es_single,0,130,6510,1.3325116317583101,73.0,73.0,0.07521880638079412,0.0010822031554378608,20,35,,26.49456810002448,0.9012345679012346,0.9012345679012346
reg3,reg3_m60_s1,es_single,0,135,6760,1.3325116317583101,73.0,73.0,0.07521880638079412,0.0010822031554378608,20,35,,27.530673900037073,0.9012345679012346,0.9012345679012346
reg3,reg3_m60_s1,es_single,0,140,7010,1.3325116317583101,73.0,73.0,0.07521880638079412,0.0010822031554378608,20,35,,28.588623800023925,0.9012345679012346,0.9012345679012346
reg3,reg3_m60_s1,es_single,0,145,7260,1.3376946918412955,73.0,73.0,0.0723224686665026,0.0004717555890649816,20,35,,30.297991400002502,0.9012345679012346,0.9012345679012346
reg3,reg3_m60_s1,es_single,0,150,7510,1.3376946918412955,73.0,73.0,0.0723224686665026,0.0004717555890649816,20,35,,31.276770199998282,0.9012345679012346,0.9012345679012346
reg3,reg3_m60_s1,es_single,0,155,7760,1.3376946918412955,73.0,73.0,0.0723224686665026,0.0004717555890649816,20,35,,32.1830344000482,0.9012345679012346,0.9012345679012346
reg3,reg3_m60_s1,es_single,0,160,8010,1.3376946918412955,73.0,73.0,0.0723224686665026,0.0004717555890649816,20,35,,33.15762660000473,0.9012345679012346,0.9012345679012346
reg3,reg3_m60_s1,es_single,0,165,8260,1.3376946918412955,73.0,73.0,0.0723224686665026,0.0004717555890649816,20,35,,34.21398180001415,0.9012345679012346,0.9012345679012346
reg3,reg3_m60_s1,es_single,0,170,8510,1.3382777303981876,73.0,73.0,0.06567661886808107,0.000942112491793495,20,35,,35.03885640000226,0.9012345679012346,0.9012345679012346
reg3,reg3_m60_s1,es_single,0,175,8760,1.3382777303981879,73.0,73.0,0.0656766188680812,0.0009421124917936095,20,35,,36.092577400035225,0.9012345679012346,0.9012345679012346
reg3,reg3_m60_s1,es_single,0,180,9010,1.3383068030861296,73.0,73.0,0.06763277382903769,0.0010822031554377984,20,34,,37.32978930004174,0.9012345679012346,0.9012345679012346
reg3,reg3_m60_s1,es_single,0,185,9260,1.33992014402149,73.0,73.0,0.0705018135155109,0.0009602220905930714,20,34,,38.44240890000947,0.9012345679012346,0.9012345679012346
reg3,reg3_m60_s1,es_single,0,190,9510,1.33992014402149,73.0,73.0,0.0705018135155109,0.0009602220905930714,20,34,,39.62250690005021,0.9012345679012346,0.9012345679012346
reg3,reg3_m60_s1,es_single,0,195,9760,1.33992014402149,73.0,73.0,0.0705018135155109,0.0009602220905930714,20,34,,40.752128100022674,0.9012345679012346,0.9012345679012346
reg3,reg3_m60_s1,es_single,0,200,10010,1.3399201440214903,73.0,73.0,0.07050181351551077,0.0009602220905929656,20,36,,41.78953240002738,0.9012345679012346,0.9012345679012346
reg3,reg3_m60_s1,es_single,0,205,10260,1.3399201440214903,73.0,73.0,0.07050181351551077,0.0009602220905929656,20,36,,42.79912640003022,0.9012345679012346,0.9012345679012346
reg3,reg3_m60_s1,es_single,0,210,10510,1.3399201440214903,73.0,73.0,0.07050181351551069,0.0009602220905929985,20,35,,43.817867500009015,0.9012345679012346,0.9012345679012346
reg3,reg3_m60_s1,es_single,0,215,10760,1.3399201440214903,73.0,73.0,0.07050181351551069,0.0009602220905929985,20,35,,44.83825460000662,0.9012345679012346,0.9012345679012346
reg3,reg3_m60_s1,es_single,0,220,11010,1.3399201440214903,73.0,73.0,0.0705018135155109,0.0009602220905930263,20,35,,45.76837340003112,0.9012345679012346,0.9012345679012346
reg3,reg3_m60_s1,es_single,0,225,11260,1.3399201440214903,73.0,73.0,0.0705018135155109,0.0009602220905930263,20,35,,46.80509650002932,0.9012345679012346,0.9012345679012346
reg3,reg3_m60_s1,es_single,0,230,11510,1.3399201440214903,73.0,73.0,0.0705018135155109,0.0009602220905930263,20,35,,47.76059970003553,0.9012345679012346,0.9012345679012346
reg3,reg3_m60_s1,es_single,0,235,11760,1.3399201440214903,73.0,73.0,0.0705018135155109,0.0009602220905930263,20,35,,48.83756420004647,0.9012345679012346,0.9012345679012346
reg3,reg3_m60_s1,es_single,0,240,12010,1.3399201440214903,73.0,73.0,0.0705018135155109,0.0009602220905930263,20,35,,49.70497520000208,0.9012345679012346,0.9012345679012346
reg3,reg3_m60_s1,es_single,0,245,12260,1.3399201440214903,73.0,73.0,0.0705018135155109,0.0009602220905930263,20,35,,50.73179260001052,0.9012345679012346,0.9012345679012346
reg3,reg3_m60_s1,es_single,0,250,12510,1.3399201440214903,73.0,73.0,0.0705018135155109,0.0009602220905930263,20,35,,51.68599930003984,0.9012345679012346,0.9012345679012346
reg3,reg3_m60_s1,es_single,0,255,12760,1.3399201440214903,73.0,73.0,0.0705018135155109,0.0009602220905930263,20,35,,52.54943940002704,0.9012345679012346,0.9012345679012346
reg3,reg3_m60_s1,es_single,0,260,13010,1.3399201440214903,73.0,73.0,0.07050181351551077,0.0009602220905930645,20,35,,53.4559291000478,0.9012345679012346,0.9012345679012346
reg3,reg3_m60_s1,es_single,0,265,13260,1.3399201440214903,73.0,73.0,0.0705018135155109,0.0009602220905930263,20,35,,54.32491470000241,0.9012345679012346,0.9012345679012346
reg3,reg3_m60_s1,es_single,0,270,13510,1.3399201440214903,73.0,73.0,0.07050181351551069,0.0009602220905929985,20,35,,55.18648200004827,0.9012345679012346,0.9012345679012346
reg3,reg3_m60_s1,es_single,0,275,13760,1.3399201440214903,73.0,73.0,0.07050181351551071,0.0009602220905930506,20,36,,56.083160100039095,0.9012345679012346,0.9012345679012346
reg3,reg3_m60_s1,es_single,0,280,14010,1.3399201440214903,73.0,73.0,0.07050181351551099,0.0009602220905929708,20,35,,56.99939990002895,0.9012345679012346,0.9012345679012346
reg3,reg3_m60_s1,es_single,0,285,14260,1.3399201440214903,73.0,73.0,0.07050181351551077,0.0009602220905929656,20,36,,57.825465800007805,0.9012345679012346,0.9012345679012346
reg3,reg3_m60_s1,es_single,0,290,14510,1.3399201440214903,73.0,73.0,0.07050181351551077,0.0009602220905930645,20,35,,58.703826200042386,0.9012345679012346,0.9012345679012346
reg3,reg3_m60_s1,es_single,0,295,14760,1.3399201440214903,73.0,73.0,0.07050181351551071,0.0009602220905930506,20,36,,59.618687300011516,0.9012345679012346,0.9012345679012346
reg3,reg3_m60_s1,es_single,0,300,15010,1.3399201440214903,73.0,73.0,0.07050181351551099,0.0009602220905929708,20,35,,60.541818500030786,0.9012345679012346,0.9012345679012346
reg3,reg3_m60_s1,es_single,0,305,15260,1.3399201440214903,73.0,73.0,0.07050181351551077,0.0009602220905929656,20,36,,61.51756370003568,0.9012345679012346,0.9012345679012346
reg3,reg3_m60_s1,es_single,0,310,15510,1.3399201440214903,73.0,73.0,0.07050181351551071,0.0009602220905929101,20,35,,62.5075719000306,0.9012345679012346,0.9012345679012346
reg3,reg3_m60_s1,es_single,0,315,15760,1.3399201440214903,73.0,73.0,0.07050181351551084,0.0009602220905931252,20,36,,63.431434600031935,0.9012345679012346,0.9012345679012346
reg3,reg3_m60_s1,es_single,0,320,16010,1.3399201440214903,73.0,73.0,0.07050181351551071,0.0009602220905930055,20,36,,64.32027660001768,0.9012345679012346,0.9012345679012346
reg3,reg3_m60_s1,es_single,0,325,16260,1.3399201440214903,73.0,73.0,0.07050181351551077,0.0009602220905929656,20,36,,65.30325940001057,0.9012345679012346,0.9012345679012346
reg3,reg3_m60_s1,es_single,0,330,16510,1.3399201440214903,73.0,73.0,0.07050181351551071,0.0009602220905929101,20,35,,66.1187422000221,0.9012345679012346,0.9012345679012346
reg3,reg3_m60_s1,es_single,0,335,16760,1.3399201440214903,73.0,73.0,0.07050181351551084,0.0009602220905931252,20,36,,67.01403250003932,0.9012345679012346,0.9012345679012346
reg3,reg3_m60_s1,es_single,0,340,17010,1.3399201440214903,73.0,73.0,0.07050181351551071,0.0009602220905930506,20,36,,67.90510650002398,0.9012345679012346,0.9012345679012346
reg3,reg3_m60_s1,es_single,0,345,17260,1.3399201440214903,73.0,73.0,0.07050181351551084,0.0009602220905931252,20,36,,68.76653150003403,0.9012345679012346,0.9012345679012346
reg3,reg3_m60_s1,es_single,0,350,17510,1.3399201440214903,73.0,73.0,0.07050181351551071,0.0009602220905929101,20,35,,69.53491370001575,0.9012345679012346,0.9012345679012346
reg3,reg3_m60_s1,es_single,0,355,17760,1.3399201440214903,73.0,73.0,0.07050181351551077,0.0009602220905929656,20,36,,70.39862600003835,0.9012345679012346,0.9012345679012346
reg3,reg3_m60_s1,es_single,0,360,18010,1.3399201440214903,73.0,73.0,0.07050181351551071,0.0009602220905930506,20,36,,71.28910370002268,0.9012345679012346,0.9012345679012346
reg3,reg3_m60_s1,es_single,0,365,18260,1.3399201440214903,73.0,73.0,0.07050181351551084,0.0009602220905931252,20,36,,72.21447820001049,0.9012345679012346,0.9012345679012346
reg3,reg3_m60_s1,es_single,0,370,18510,1.3399201440214903,73.0,73.0,0.07050181351551099,0.0009602220905929708,20,35,,73.05799110000953,0.9012345679012346,0.9012345679012346
reg3,reg3_m60_s1,es_single,0,375,18760,1.3399201440214903,73.0,73.0,0.07050181351551071,0.0009602220905930506,20,36,,73.95202210004209,0.9012345679012346,0.9012345679012346
reg3,reg3_m60_s1,es_single,0,380,19010,1.3399201440214903,73.0,73.0,0.07050181351551071,0.0009602220905930506,20,36,,74.86070290004136,0.9012345679012346,0.9012345679012346
reg3,reg3_m60_s1,es_single,0,385,19260,1.3399201440214903,73.0,73.0,0.0705018135155109,0.0009602220905930263,20,35,,75.70632370002568,0.9012345679012346,0.9012345679012346
reg3,reg3_m60_s1,es_single,0,390,19510,1.3399201440214903,73.0,73.0,0.07050181351551074,0.0009602220905929985,20,36,,76.57928830001038,0.9012345679012346,0.9012345679012346
reg3,reg3_m60_s1,es_single,0,395,19760,1.3399201440214903,73.0,73.0,0.07050181351551077,0.0009602220905929656,20,36,,77.43502600002103,0.9012345679012346,0.9012345679012346
reg3,reg3_m60_s1,es_single,0,400,20010,1.3399201440214903,73.0,73.0,0.07050181351551077,0.0009602220905929656,20,36,,78.29169949999778,0.9012345679012346,0.9012345679012346
reg3,reg3_m60_s1,es_single,1,0,10,0.6998357169175002,44.0,43.5,0.07304383663338695,0.00098649445651193,20,35,,0.04302420001477003,0.5432098765432098,0.5370370370370371
reg3,reg3_m60_s1,es_single,1,5,260,1.0930614463880177,62.0,58.7,0.06132129253773336,0.0013365913182886695,20,35,,0.9249309999868274,0.7654320987654321,0.7246913580246914
reg3,reg3_m60_s1,es_single,1,10,510,1.1895144135254543,66.0,65.2,0.05691126551724669,0.001480674654781515,20,33,,1.8784289000323042,0.8148148148148148,0.8049382716049384
reg3,reg3_m60_s1,es_single,1,15,760,1.2357996610653224,69.0,67.5,0.05365941977596107,0.0009146476033707607,20,34,,2.7804077999899164,0.8518518518518519,0.8333333333333334
reg3,reg3_m60_s1,es_single,1,20,1010,1.2841641460806212,72.0,69.3,0.05346095528155889,0.0003608854144312723,20,34,,3.726003799994942,0.8888888888888888,0.8555555555555555
reg3,reg3_m60_s1,es_single,1,25,1260,1.3170950438018454,72.0,70.9,0.07001203200751646,0.0014071800816962514,20,33,,4.696569700026885,0.8888888888888888,0.8753086419753087
reg3,reg3_m60_s1,es_single,1,30,1510,1.3242474253453274,72.0,72.0,0.07467785003788036,0.0032189392229525493,20,33,,5.708823200024199,0.8888888888888888,0.8888888888888888
reg3,reg3_m60_s1,es_single,1,35,1760,1.3242474253453274,72.0,72.0,0.07467785003788047,0.0032189392229526187,20,34,,6.646449699997902,0.8888888888888888,0.8888888888888888
reg3,reg3_m60_s1,es_single,1,40,2010,1.3364808328729285,73.0,72.2,0.06689725101151409,0.0020841924670395445,20,34,,7.605620499991346,0.9012345679012346,0.891358024691358
reg3,reg3_m60_s1,es_single,1,45,2260,1.3364808328729285,73.0,72.2,0.06689725101151409,0.0020841924670395445,20,34,,8.643056600005366,0.9012345679012346,0.891358024691358
reg3,reg3_m60_s1,es_single,1,50,2510,1.3364808328729285,73.0,72.2,0.06689725101151409,0.0020841924670395445,20,34,,9.619952000037301,0.9012345679012346,0.891358024691358
reg3,reg3_m60_s1,es_single,1,55,2760,1.3364808328729285,73.0,72.3,0.06689725101151409,0.0020841924670395445,20,34,,10.65936970000621,0.9012345679012346,0.8925925925925926
reg3,reg3_m60_s1,es_single,1,60,3010,1.3364808328729285,73.0,72.9,0.06689725101151403,0.0020841924670396174,20,34,,11.667114100011531,0.9012345679012346,0.9
reg3,reg3_m60_s1,es_single,1,65,3260,1.3364808328729285,73.0,73.0,0.06689725101151411,0.0020841924670395202,20,33,,12.588221699988935,0.9012345679012346,0.9012345679012346
reg3,reg3_m60_s1,es_single,1,70,3510,1.3364808328729285,73.0,73.0,0.06689725101151395,0.002084192467039673,20,34,,13.46370790002402,0.9012345679012346,0.9012345679012346
reg3,reg3_m60_s1,es_single,1,75,3760,1.3364808328729285,73.0,73.0,0.06689725101151413,0.0020841924670396035,20,34,,14.368213500012644,0.9012345679012346,0.9012345679012346
reg3,reg3_m60_s1,es_single,1,80,4010,1.3364808328729285,73.0,73.0,0.066897251011514,0.0020841924670395844,20,33,,15.249071800033562,0.9012345679012346,0.9012345679012346
reg3,reg3_m60_s1,es_single,1,85,4260,1.3364808328729285,73.0,73.0,0.0668972510115142,0.002084192467039621,20,33,,16.203956599987578,0.9012345679012346,0.9012345679012346
reg3,reg3_m60_s1,es_single,1,90,4510,1.3364808328729285,73.0,73.0,0.06689725101151411,0.002084192467039548,20,32,,17.176877800025977,0.9012345679012346,0.9012345679012346
reg3,reg3_m60_s1,es_single,1,95,4760,1.3364808328729285,73.0,73.0,0.06689725101151403,0.0020841924670396174,20,34,,18.059322700020857,0.9012345679012346,0.9012345679012346
reg3,reg3_m60_s1,es_single,1,100,5010,1.3364808328729285,73.0,73.0,0.06689725101151411,0.002084192467039442,20,33,,18.947686700033955,0.9012345679012346,0.9012345679012346
reg3,reg3_m60_s1,es_single,1,105,5260,1.3364808328729285,73.0,73.0,0.06689725101151414,0.002084192467039503,20,33,,19.86980330001097,0.9012345679012346,0.9012345679012346
reg3,reg3_m60_s1,es_single,1,110,5510,1.3364808328729285,73.0,73.0,0.066897251011514,0.0020841924670397163,20,35,,20.695503499999177,0.9012345679012346,0.9012345679012346
reg3,reg3_m60_s1,es_single,1,115,5760,1.3364808328729285,73.0,73.0,0.06689725101151409,0.0020841924670395705,20,33,,21.56946169998264,0.9012345679012346,0.9012345679012346
reg3,reg3_m60_s1,es_single,1,120,6010,1.3364808328729285,73.0,73.0,0.06689725101151395,0.002084192467039673,20,34,,22.520082200004254,0.9012345679012346,0.9012345679012346
reg3,reg3_m60_s1,es_single,1,125,6260,1.3364808328729285,73.0,73.0,0.06689725101151414,0.0020841924670394647,20,34,,23.488383200019598,0.9012345679012346,0.9012345679012346
reg3,reg3_m60_s1,es_single,1,130,6510,1.3364808328729285,73.0,73.0,0.06689725101151411,0.002084192467039628,20,33,,24.472816199995577,0.9012345679012346,0.9012345679012346
reg3,reg3_m60_s1,es_single,1,135,6760,1.3364808328729285,73.0,73.0,0.06689725101151403,0.0020841924670396157,20,32,,25.369009400019422,0.9012345679012346,0.9012345679012346
reg3,reg3_m60_s1,es_single,1,140,7010,1.3364808328729285,73.0,73.0,0.06689725101151403,0.0020841924670396157,20,32,,26.349371500022244,0.9012345679012346,0.9012345679012346
reg3,reg3_m60_s1,es_single,1,145,7260,1.3364808328729285,73.0,73.0,0.06689725101151403,0.0020841924670396157,20,32,,27.27527350001037,0.9012345679012346,0.9012345679012346
reg3,reg3_m60_s1,es_single,1,150,7510,1.3364808328729285,73.0,73.0,0.0668972510115141,0.0020841924670397007,20,34,,28.244132000021636,0.9012345679012346,0.9012345679012346
reg3,reg3_m60_s1,es_single,1,155,7760,1.3364808328729285,73.0,73.0,0.06689725101151418,0.0020841924670396694,20,34,,29.155081500008237,0.9012345679012346,0.9012345679012346
reg3,reg3_m60_s1,es_single,1,160,8010,1.3364808328729285,73.0,73.0,0.06689725101151417,0.002084192467039501,20,34,,30.091013700002804,0.9012345679012346,0.9012345679012346
reg3,reg3_m60_s1,es_single,1,165,8260,1.3364808328729285,73.0,73.0,0.06689725101151409,0.0020841924670395705,20,33,,30.967243499995675,0.9012345679012346,0.9012345679012346
reg3,reg3_m60_s1,es_single,1,170,8510,1.3364808328729285,73.0,73.0,0.06689725101151406,0.0020841924670395584,20,33,,32.3022115000058,0.9012345679012346,0.9012345679012346
reg3,reg3_m60_s1,es_single,1,175,8760,1.3364808328729285,73.0,73.0,0.06689725101151411,0.002084192467039529,20,33,,33.32846540003084,0.9012345679012346,0.9012345679012346
reg3,reg3_m60_s1,es_single,1,180,9010,1.3364808328729285,73.0,73.0,0.06689725101151411,0.002084192467039442,20,33,,34.19835469999816,0.9012345679012346,0.9012345679012346
reg3,reg3_m60_s1,es_single,1,185,9260,1.3364808328729285,73.0,73.0,0.06689725101151407,0.002084192467039593,20,34,,35.09721570002148,0.9012345679012346,0.9012345679012346
reg3,reg3_m60_s1,es_single,1,190,9510,1.3364808328729285,73.0,73.0,0.06689725101151414,0.0020841924670394647,20,34,,36.02128059999086,0.9012345679012346,0.9012345679012346
reg3,reg3_m60_s1,es_single,1,195,9760,1.3364808328729285,73.0,73.0,0.0668972510115141,0.0020841924670397007,20,34,,36.88985600002343,0.9012345679012346,0.9012345679012346
reg3,reg3_m60_s1,es_single,1,200,10010,1.3364808328729285,73.0,73.0,0.06689725101151411,0.0020841924670395653,20,35,,37.85343150002882,0.9012345679012346,0.9012345679012346
reg3,reg3_m60_s1,es_single,1,205,10260,1.3364808328729285,73.0,73.0,0.06689725101151403,0.0020841924670396174,20,34,,38.77384949999396,0.9012345679012346,0.9012345679012346
reg3,reg3_m60_s1,es_single,1,210,10510,1.3364808328729285,73.0,73.0,0.06689725101151403,0.0020841924670396174,20,34,,39.69461950002005,0.9012345679012346,0.9012345679012346
reg3,reg3_m60_s1,es_single,1,215,10760,1.3364808328729285,73.0,73.0,0.06689725101151417,0.002084192467039586,20,33,,40.63159040000755,0.9012345679012346,0.9012345679012346
reg3,reg3_m60_s1,es_single,1,220,11010,1.3364808328729285,73.0,73.0,0.06689725101151403,0.0020841924670396157,20,32,,41.55734080000548,0.9012345679012346,0.9012345679012346
reg3,reg3_m60_s1,es_single,1,225,11260,1.3364808328729285,73.0,73.0,0.06689725101151411,0.0020841924670395202,20,33,,42.50526629999513,0.9012345679012346,0.9012345679012346
reg3,reg3_m60_s1,es_single,1,230,11510,1.3364808328729285,73.0,73.0,0.06689725101151403,0.0020841924670396174,20,34,,43.38397770002484,0.9012345679012346,0.9012345679012346
reg3,reg3_m60_s1,es_single,1,235,11760,1.3364808328729285,73.0,73.0,0.0668972510115141,0.0020841924670396555,20,34,,44.3370653000311,0.9012345679012346,0.9012345679012346
reg3,reg3_m60_s1,es_single,1,240,12010,1.3364808328729285,73.0,73.0,0.066897251011514,0.0020841924670396174,20,35,,45.44049690000247,0.9012345679012346,0.9012345679012346
reg3,reg3_m60_s1,es_single,1,245,12260,1.3364808328729285,73.0,73.0,0.06689725101151406,0.0020841924670394803,20,35,,46.416949999984354,0.9012345679012346,0.9012345679012346
reg3,reg3_m60_s1,es_single,1,250,12510,1.3364808328729285,73.0,73.0,0.06689725101151403,0.0020841924670396157,20,32,,47.31762929999968,0.9012345679012346,0.9012345679012346
reg3,reg3_m60_s1,es_single,1,255,12760,1.3364808328729285,73.0,73.0,0.06689725101151404,0.0020841924670395775,20,34,,48.26168090000283,0.9012345679012346,0.9012345679012346
reg3,reg3_m60_s1,es_single,1,260,13010,1.3364808328729285,73.0,73.0,0.06689725101151417,0.0020841924670395237,20,34,,49.29919570003403,0.9012345679012346,0.9012345679012346
reg3,reg3_m60_s1,es_single,1,265,13260,1.3364808328729285,73.0,73.0,0.06689725101151411,0.002084192467039548,20,32,,50.252986899984535,0.9012345679012346,0.9012345679012346
reg3,reg3_m60_s1,es_single,1,270,13510,1.3364808328729285,73.0,73.0,0.06689725101151403,0.0020841924670396157,20,32,,51.15441100002499,0.9012345679012346,0.9012345679012346
reg3,reg3_m60_s1,es_single,1,275,13760,1.3364808328729285,73.0,73.0,0.06689725101151411,0.002084192467039628,20,33,,52.11223670002073,0.9012345679012346,0.9012345679012346
reg3,reg3_m60_s1,es_single,1,280,14010,1.3364808328729285,73.0,73.0,0.066897251011514,0.0020841924670397007,20,34,,53.1019925000146,0.9012345679012346,0.9012345679012346
reg3,reg3_m60_s1,es_single,1,285,14260,1.3364808328729285,73.0,73.0,0.06689725101151414,0.0020841924670394855,20,33,,53.898986399988644,0.9012345679012346,0.9012345679012346
reg3,reg3_m60_s1,es_single,1,290,14510,1.3364808328729285,73.0,73.0,0.06689725101151414,0.0020841924670396035,20,34,,54.90772429999197,0.9012345679012346,0.9012345679012346
reg3,reg3_m60_s1,es_single,1,295,14760,1.3364808328729285,73.0,73.0,0.06689725101151403,0.0020841924670396174,20,34,,55.87868110003183,0.9012345679012346,0.9012345679012346
reg3,reg3_m60_s1,es_single,1,300,15010,1.3364808328729285,73.0,73.0,0.06689725101151411,0.002084192467039548,20,32,,56.881966900022235,0.9012345679012346,0.9012345679012346
reg3,reg3_m60_s1,es_single,1,305,15260,1.3364808328729285,73.0,73.0,0.06689725101151417,0.002084192467039501,20,34,,57.85281449998729,0.9012345679012346,0.9012345679012346
reg3,reg3_m60_s1,es_single,1,310,15510,1.3364808328729285,73.0,73.0,0.06689725101151404,0.002084192467039732,20,34,,58.83521739998832,0.9012345679012346,0.9012345679012346
reg3,reg3_m60_s1,es_single,1,315,15760,1.3364808328729285,73.0,73.0,0.06689725101151411,0.002084192467039548,20,32,,59.79919649998192,0.9012345679012346,0.9012345679012346
reg3,reg3_m60_s1,es_single,1,320,16010,1.3364808328729285,73.0,73.0,0.06689725101151411,0.0020841924670396226,20,34,,60.750157800037414,0.9012345679012346,0.9012345679012346
reg3,reg3_m60_s1,es_single,1,325,16260,1.3364808328729285,73.0,73.0,0.06689725101151417,0.0020841924670395827,20,34,,61.79114220000338,0.9012345679012346,0.9012345679012346
reg3,reg3_m60_s1,es_single,1,330,16510,1.3364808328729285,73.0,73.0,0.06689725101151409,0.0020841924670395705,20,33,,62.84043039998505,0.9012345679012346,0.9012345679012346
reg3,reg3_m60_s1,es_single,1,335,16760,1.3364808328729285,73.0,73.0,0.06689725101151411,0.0020841924670395202,20,34,,63.753407899988815,0.9012345679012346,0.9012345679012346
reg3,reg3_m60_s1,es_single,1,340,17010,1.3364808328729285,73.0,73.0,0.0668972510115142,0.002084192467039527,20,34,,64.74348559998907,0.9012345679012346,0.9012345679012346
reg3,reg3_m60_s1,es_single,1,345,17260,1.3364808328729285,73.0,73.0,0.06689725101151407,0.002084192467039593,20,34,,65.62642970000161,0.9012345679012346,0.9012345679012346
reg3,reg3_m60_s1,es_single,1,350,17510,1.3364808328729285,73.0,73.0,0.06689725101151418,0.0020841924670396694,20,34,,66.56619510002201,0.9012345679012346,0.9012345679012346
reg3,reg3_m60_s1,es_single,1,355,17760,1.3364808328729285,73.0,73.0,0.06689725101151409,0.0020841924670395792,20,35,,67.53701369999908,0.9012345679012346,0.9012345679012346
reg3,reg3_m60_s1,es_single,1,360,18010,1.3364808328729285,73.0,73.0,0.06689725101151407,0.002084192467039593,20,34,,68.46247820003191,0.9012345679012346,0.9012345679012346
reg3,reg3_m60_s1,es_single,1,365,18260,1.3364808328729285,73.0,73.0,0.06689725101151414,0.002084192467039496,20,34,,69.46739639999578,0.9012345679012346,0.9012345679012346
reg3,reg3_m60_s1,es_single,1,370,18510,1.3364808328729285,73.0,73.0,0.0668972510115142,0.002084192467039527,20,34,,70.31164660002105,0.9012345679012346,0.9012345679012346
reg3,reg3_m60_s1,es_single,1,375,18760,1.3364808328729285,73.0,73.0,0.06689725101151409,0.0020841924670397007,20,34,,71.18638820003252,0.9012345679012346,0.9012345679012346
reg3,reg3_m60_s1,es_single,1,380,19010,1.3364808328729285,73.0,73.0,0.06689725101151411,0.0020841924670395202,20,34,,72.06965080002556,0.9012345679012346,0.9012345679012346
reg3,reg3_m60_s1,es_single,1,385,19260,1.3364808328729285,73.0,73.0,0.06689725101151416,0.0020841924670395653,20,33,,72.88807069999166,0.9012345679012346,0.9012345679012346
reg3,reg3_m60_s1,es_single,1,390,19510,1.3364808328729285,73.0,73.0,0.06689725101151409,0.0020841924670395705,20,33,,73.7703452000278,0.9012345679012346,0.9012345679012346
reg3,reg3_m60_s1,es_single,1,395,19760,1.3364808328729285,73.0,73.0,0.06689725101151403,0.0020841924670396035,20,33,,74.62602419999894,0.9012345679012346,0.9012345679012346
reg3,reg3_m60_s1,es_single,1,400,20010,1.3364808328729285,73.0,73.0,0.06689725101151404,0.002084192467039458,20,33,,75.47467880003387,0.9012345679012346,0.9012345679012346
reg3,reg3_m60_s1,es_single,2,0,10,0.7742332023138776,46.0,46.1,0.03190252217659621,0.0017974010528312402,20,35,,0.04264800000237301,0.5679012345679012,0.5691358024691359
reg3,reg3_m60_s1,es_single,2,5,260,1.038604616557316,59.0,57.2,0.058295588734073873,0.00018952051087585062,20,38,,1.0415178000112064,0.7283950617283951,0.7061728395061728
reg3,reg3_m60_s1,es_single,2,10,510,1.1076361171308375,63.0,59.5,0.05365908712073471,0.006019430574131894,20,37,,1.9672724999836646,0.7777777777777778,0.7345679012345679
reg3,reg3_m60_s1,es_single,2,15,760,1.1721481330962022,67.0,63.7,0.051025607999300115,0.004722412805024778,20,35,,2.9251152999931946,0.8271604938271605,0.7864197530864198
reg3,reg3_m60_s1,es_single,2,20,1010,1.1891715425596534,68.0,67.0,0.060332826664517794,0.0027177162477266537,20,33,,3.8605610000086017,0.8395061728395061,0.8271604938271605
reg3,reg3_m60_s1,es_single,2,25,1260,1.2027678279706642,69.0,67.8,0.048495719345654595,6.012110059150366e-05,20,35,,4.777382400003262,0.8518518518518519,0.837037037037037
reg3,reg3_m60_s1,es_single,2,30,1510,1.2238074579656208,70.0,68.8,0.04490882021504735,0.002060042617246561,20,34,,5.675388499977998,0.8641975308641975,0.8493827160493826
reg3,reg3_m60_s1,es_single,2,35,1760,1.2310500642298823,70.0,69.6,0.0494447204181402,0.0002846355995486001,20,34,,6.646261300018523,0.8641975308641975,0.8592592592592592
reg3,reg3_m60_s1,es_single,2,40,2010,1.2310500642298823,70.0,69.9,0.0494447204181402,0.0002846355995486001,20,34,,7.473322600009851,0.8641975308641975,0.862962962962963
reg3,reg3_m60_s1,es_single,2,45,2260,1.2310500642298823,70.0,70.0,0.0494447204181402,0.0002846355995486001,20,34,,8.356787299970165,0.8641975308641975,0.8641975308641975
reg3,reg3_m60_s1,es_single,2,50,2510,1.2310500642298823,70.0,70.0,0.0494447204181402,0.0002846355995486001,20,34,,9.348257999983616,0.8641975308641975,0.8641975308641975
reg3,reg3_m60_s1,es_single,2,55,2760,1.233876988742574,71.0,70.1,0.039035934920202374,0.000942548280368008,20,36,,10.263096400012728,0.8765432098765432,0.865432098765432
reg3,reg3_m60_s1,es_single,2,60,3010,1.233876988742574,71.0,70.1,0.039035934920202374,0.000942548280368008,20,36,,11.12961499998346,0.8765432098765432,0.865432098765432
reg3,reg3_m60_s1,es_single,2,65,3260,1.2339605292054132,70.0,70.1,0.04914299858471789,0.006167507115557951,20,35,,12.07007319998229,0.8641975308641975,0.865432098765432
reg3,reg3_m60_s1,es_single,2,70,3510,1.2339605292054132,70.0,70.3,0.04914299858471789,0.006167507115557951,20,35,,13.033523799967952,0.8641975308641975,0.8679012345679012
reg3,reg3_m60_s1,es_single,2,75,3760,1.2353481023246613,70.0,70.3,0.05122506038405235,0.006158961345257244,20,36,,14.02146790002007,0.8641975308641975,0.8679012345679012
reg3,reg3_m60_s1,es_single,2,80,4010,1.2353481023246613,70.0,70.1,0.05122506038405235,0.006158961345257251,20,36,,15.091700399992988,0.8641975308641975,0.865432098765432
reg3,reg3_m60_s1,es_single,2,85,4260,1.2439551725666678,71.0,70.3,0.04825889868882747,0.0006573041838733064,20,36,,16.157324799976777,0.8765432098765432,0.8679012345679012
reg3,reg3_m60_s1,es_single,2,90,4510,1.2439551725666678,71.0,70.1,0.04825889868882747,0.0006573041838733064,20,36,,17.27058670000406,0.8765432098765432,0.865432098765432
reg3,reg3_m60_s1,es_single,2,95,4760,1.2439551725666678,71.0,70.2,0.04825889868882747,0.0006573041838733064,20,36,,18.353598100016825,0.8765432098765432,0.8666666666666667
reg3,reg3_m60_s1,es_single,2,100,5010,1.2439551725666678,71.0,70.2,0.04825889868882747,0.0006573041838733064,20,36,,19.42465830000583,0.8765432098765432,0.8666666666666667
reg3,reg3_m60_s1,es_single,2,105,5260,1.2459091130214348,71.0,70.6,0.05345725765617965,0.0013736807438285894,20,36,,20.43856759998016,0.8765432098765432,0.8716049382716049
reg3,reg3_m60_s1,es_single,2,110,5510,1.2459091130214348,71.0,70.9,0.05345725765617965,0.0013736807438285894,20,36,,21.425141000014264,0.8765432098765432,0.8753086419753087
reg3,reg3_m60_s1,es_single,2,115,5760,1.2461626192257371,71.0,71.0,0.05639122294056607,0.0013736807438287143,20,36,,22.352770199999213,0.8765432098765432,0.8765432098765432
reg3,reg3_m60_s1,es_single,2,120,6010,1.2461626192257371,71.0,71.0,0.05639122294056607,0.0013736807438287143,20,36,,23.218181399977766,0.8765432098765432,0.8765432098765432
reg3,reg3_m60_s1,es_single,2,125,6260,1.2461626192257371,71.0,71.0,0.05639122294056607,0.0013736807438287143,20,36,,24.15091849997407,0.8765432098765432,0.8765432098765432
reg3,reg3_m60_s1,es_single,2,130,6510,1.2461626192257371,71.0,71.0,0.05639122294056607,0.0013736807438287143,20,36,,25.092650300008245,0.8765432098765432,0.8765432098765432
reg3,reg3_m60_s1,es_single,2,135,6760,1.2461626192257371,71.0,71.0,0.05639122294056607,0.0013736807438287143,20,36,,25.96975599997677,0.8765432098765432,0.8765432098765432
reg3,reg3_m60_s1,es_single,2,140,7010,1.2461626192257371,71.0,71.0,0.05639122294056607,0.0013736807438287143,20,36,,26.822271100012586,0.8765432098765432,0.8765432098765432
reg3,reg3_m60_s1,es_single,2,145,7260,1.2461626192257371,71.0,71.0,0.05639122294056607,0.0013736807438287143,20,36,,27.819728999980725,0.8765432098765432,0.8765432098765432
reg3,reg3_m60_s1,es_single,2,150,7510,1.2461626192257371,71.0,71.0,0.05639122294056607,0.0013736807438287143,20,36,,28.77591399999801,0.8765432098765432,0.8765432098765432
reg3,reg3_m60_s1,es_single,2,155,7760,1.2461626192257371,71.0,71.0,0.05639122294056607,0.0013736807438287143,20,36,,29.719784400018398,0.8765432098765432,0.8765432098765432
reg3,reg3_m60_s1,es_single,2,160,8010,1.2461626192257371,71.0,71.0,0.05639122294056607,0.0013736807438287143,20,36,,30.617091199965216,0.8765432098765432,0.8765432098765432
reg3,reg3_m60_s1,es_single,2,165,8260,1.2461626192257371,71.0,71.0,0.05639122294056606,0.00137368074382873,20,36,,31.5237339999876,0.8765432098765432,0.8765432098765432
reg3,reg3_m60_s1,es_single,2,170,8510,1.2461626192257371,71.0,71.0,0.05639122294056616,0.001373680743828749,20,36,,32.46123249997618,0.8765432098765432,0.8765432098765432
reg3,reg3_m60_s1,es_single,2,175,8760,1.2462853703282746,71.0,71.0,0.056616694603329284,0.0007895743575475553,20,35,,33.36991880001733,0.8765432098765432,0.8765432098765432
reg3,reg3_m60_s1,es_single,2,180,9010,1.2462853703282746,71.0,71.0,0.056616694603329284,0.0007895743575475553,20,35,,34.28390069998568,0.8765432098765432,0.8765432098765432
reg3,reg3_m60_s1,es_single,2,185,9260,1.2462853703282746,71.0,71.0,0.056616694603329284,0.0007895743575475553,20,35,,35.236910499981605,0.8765432098765432,0.8765432098765432
reg3,reg3_m60_s1,es_single,2,190,9510,1.2462853703282746,71.0,71.0,0.056616694603329284,0.0007895743575475553,20,35,,36.20967979996931,0.8765432098765432,0.8765432098765432
reg3,reg3_m60_s1,es_single,2,195,9760,1.2462853703282746,71.0,71.0,0.056616694603329284,0.0007895743575475553,20,35,,37.56467499997234,0.8765432098765432,0.8765432098765432
reg3,reg3_m60_s1,es_single,2,200,10010,1.2462853703282746,71.0,71.0,0.056616694603329284,0.0007895743575475553,20,35,,38.512512299988884,0.8765432098765432,0.8765432098765432
reg3,reg3_m60_s1,es_single,2,205,10260,1.2462853703282746,71.0,71.0,0.056616694603329284,0.0007895743575475553,20,35,,39.339306899986695,0.8765432098765432,0.8765432098765432
reg3,reg3_m60_s1,es_single,2,210,10510,1.2462853703282746,71.0,71.0,0.05661669460332935,0.0007895743575474096,20,34,,40.33069209998939,0.8765432098765432,0.8765432098765432
reg3,reg3_m60_s1,es_single,2,215,10760,1.2462853703282746,71.0,71.0,0.056616694603329284,0.0007895743575475518,20,34,,41.27183149999473,0.8765432098765432,0.8765432098765432
reg3,reg3_m60_s1,es_single,2,220,11010,1.2462853703282746,71.0,71.0,0.05661669460332926,0.0007895743575476889,20,35,,42.17300549999345,0.8765432098765432,0.8765432098765432
reg3,reg3_m60_s1,es_single,2,225,11260,1.2462853703282746,71.0,71.0,0.05661669460332925,0.0007895743575474495,20,35,,42.99396310001612,0.8765432098765432,0.8765432098765432
reg3,reg3_m60_s1,es_single,2,230,11510,1.2462853703282746,71.0,71.0,0.05661669460332921,0.0007895743575474599,20,34,,43.90075779997278,0.8765432098765432,0.8765432098765432
reg3,reg3_m60_s1,es_single,2,235,11760,1.248789292228213,71.0,71.0,0.051974588170868,0.0009826384009175007,20,35,,44.76434210001025,0.8765432098765432,0.8765432098765432
reg3,reg3_m60_s1,es_single,2,240,12010,1.248789292228213,71.0,71.0,0.05197458817086811,0.0009826384009174933,20,35,,45.65912919997936,0.8765432098765432,0.8765432098765432
reg3,reg3_m60_s1,es_single,2,245,12260,1.2487892922282133,71.0,71.0,0.05197458817086801,0.0009826384009174092,20,34,,46.57326340000145,0.8765432098765432,0.8765432098765432
reg3,reg3_m60_s1,es_single,2,250,12510,1.2487892922282133,71.0,71.0,0.05197458817086801,0.0009826384009174092,20,34,,47.46429530001478,0.8765432098765432,0.8765432098765432
reg3,reg3_m60_s1,es_single,2,255,12760,1.2487892922282133,71.0,71.0,0.05197458817086801,0.0009826384009174092,20,34,,48.40676939999685,0.8765432098765432,0.8765432098765432
reg3,reg3_m60_s1,es_single,2,260,13010,1.2487892922282133,71.0,71.0,0.05197458817086801,0.0009826384009174092,20,34,,49.29835870000534,0.8765432098765432,0.8765432098765432
reg3,reg3_m60_s1,es_single,2,265,13260,1.2487892922282133,71.0,71.0,0.05197458817086801,0.0009826384009174092,20,34,,50.28610699996352,0.8765432098765432,0.8765432098765432
reg3,reg3_m60_s1,es_single,2,270,13510,1.2487892922282133,71.0,71.0,0.05197458817086801,0.0009826384009174092,20,34,,51.160804499988444,0.8765432098765432,0.8765432098765432
reg3,reg3_m60_s1,es_single,2,275,13760,1.2487892922282133,71.0,71.0,0.05197458817086814,0.0009826384009175406,20,35,,52.04962110001361,0.8765432098765432,0.8765432098765432
reg3,reg3_m60_s1,es_single,2,280,14010,1.2487892922282133,71.0,71.0,0.05197458817086802,0.0009826384009175714,20,35,,52.962600599974394,0.8765432098765432,0.8765432098765432
reg3,reg3_m60_s1,es_single,2,285,14260,1.2487892922282133,71.0,71.0,0.05197458817086801,0.0009826384009174092,20,34,,54.01806450000731,0.8765432098765432,0.8765432098765432
reg3,reg3_m60_s1,es_single,2,290,14510,1.2487892922282133,71.0,71.0,0.05197458817086801,0.0009826384009174092,20,34,,55.01062000001548,0.8765432098765432,0.8765432098765432
reg3,reg3_m60_s1,es_single,2,295,14760,1.2487892922282133,71.0,71.0,0.05197458817086813,0.0009826384009175492,20,34,,55.991726899985224,0.8765432098765432,0.8765432098765432
reg3,reg3_m60_s1,es_single,2,300,15010,1.2487892922282133,71.0,71.0,0.05197458817086813,0.0009826384009175492,20,34,,56.902925800008234,0.8765432098765432,0.8765432098765432
reg3,reg3_m60_s1,es_single,2,305,15260,1.2487892922282133,71.0,71.0,0.05197458817086813,0.0009826384009175492,20,34,,57.889545599988196,0.8765432098765432,0.8765432098765432
reg3,reg3_m60_s1,es_single,2,310,15510,1.2487892922282133,71.0,71.0,0.05197458817086814,0.0009826384009175406,20,35,,58.83340569998836,0.8765432098765432,0.8765432098765432
reg3,reg3_m60_s1,es_single,2,315,15760,1.2487892922282133,71.0,71.0,0.05197458817086802,0.0009826384009175714,20,35,,59.73332220001612,0.8765432098765432,0.8765432098765432
reg3,reg3_m60_s1,es_single,2,320,16010,1.2487892922282133,71.0,71.0,0.05197458817086801,0.0009826384009174092,20,34,,60.62399910000386,0.8765432098765432,0.8765432098765432
reg3,reg3_m60_s1,es_single,2,325,16260,1.2487892922282133,71.0,71.0,0.05197458817086813,0.0009826384009175492,20,34,,61.52659159997711,0.8765432098765432,0.8765432098765432
reg3,reg3_m60_s1,es_single,2,330,16510,1.2487892922282133,71.0,71.0,0.05197458817086814,0.0009826384009175406,20,35,,62.55277800001204,0.8765432098765432,0.8765432098765432
reg3,reg3_m60_s1,es_single,2,335,16760,1.2487892922282133,71.0,71.0,0.05197458817086813,0.0009826384009175492,20,34,,63.435471899982076,0.8765432098765432,0.8765432098765432
reg3,reg3_m60_s1,es_single,2,340,17010,1.2487892922282133,71.0,71.0,0.05197458817086814,0.0009826384009175406,20,35,,64.28556589997606,0.8765432098765432,0.8765432098765432
reg3,reg3_m60_s1,es_single,2,345,17260,1.2487892922282133,71.0,71.0,0.05197458817086813,0.0009826384009175492,20,34,,65.24628359999042,0.8765432098765432,0.8765432098765432
reg3,reg3_m60_s1,es_single,2,350,17510,1.2487892922282133,71.0,71.0,0.05197458817086814,0.0009826384009175406,20,35,,66.161150800006,0.8765432098765432,0.8765432098765432
reg3,reg3_m60_s1,es_single,2,355,17760,1.2487892922282133,71.0,71.0,0.05197458817086813,0.0009826384009175492,20,34,,67.06999779999023,0.8765432098765432,0.8765432098765432
reg3,reg3_m60_s1,es_single,2,360,18010,1.2487892922282133,71.0,71.0,0.05197458817086801,0.0009826384009174092,20,34,,68.11613799998304,0.8765432098765432,0.8765432098765432
reg3,reg3_m60_s1,es_single,2,365,18260,1.2487892922282133,71.0,71.0,0.05197458817086813,0.0009826384009175492,20,34,,69.05228459998034,0.8765432098765432,0.8765432098765432
reg3,reg3_m60_s1,es_single,2,370,18510,1.2487892922282133,71.0,71.0,0.05197458817086802,0.0009826384009175714,20,35,,69.88938790000975,0.8765432098765432,0.8765432098765432
reg3,reg3_m60_s1,es_single,2,375,18760,1.2487892922282133,71.0,71.0,0.05197458817086813,0.0009826384009175492,20,34,,70.87162709998665,0.8765432098765432,0.8765432098765432
reg3,reg3_m60_s1,es_single,2,380,19010,1.2487892922282133,71.0,71.0,0.05197458817086801,0.0009826384009174092,20,34,,71.78203539998503,0.8765432098765432,0.8765432098765432
reg3,reg3_m60_s1,es_single,2,385,19260,1.2487892922282133,71.0,71.0,0.05197458817086814,0.0009826384009175406,20,35,,72.63603619998321,0.8765432098765432,0.8765432098765432
reg3,reg3_m60_s1,es_single,2,390,19510,1.2487892922282133,71.0,71.0,0.05197458817086813,0.0009826384009175492,20,34,,73.62196650000988,0.8765432098765432,0.8765432098765432
reg3,reg3_m60_s1,es_single,2,395,19760,1.2487892922282133,71.0,71.0,0.05197458817086813,0.0009826384009175492,20,34,,74.6582972999895,0.8765432098765432,0.8765432098765432
reg3,reg3_m60_s1,es_single,2,400,20010,1.2487892922282133,71.0,71.0,0.05197458817086801,0.0009826384009174092,20,34,,75.5101211000001,0.8765432098765432,0.8765432098765432
reg3,reg3_m60_s1,es_single,3,0,10,0.6895079475397997,41.0,44.8,0.043618584570616764,1.984089975648473e-17,20,32,,0.027621999965049326,0.5061728395061729,0.5530864197530864
reg3,reg3_m60_s1,es_single,3,5,260,1.0341085173743134,60.0,57.4,0.022849201892818007,1.584019374001322e-16,20,30,,0.8885296999942511,0.7407407407407407,0.7086419753086419
reg3,reg3_m60_s1,es_single,3,10,510,1.0655339049822026,61.0,60.4,0.04914224672067943,0.0005936030226628541,20,31,,1.8071060999645852,0.7530864197530864,0.745679012345679
reg3,reg3_m60_s1,es_single,3,15,760,1.1027439402871533,63.0,62.0,0.02559225923005697,1.6631661325927638e-16,20,31,,2.746996300003957,0.7777777777777778,0.7654320987654321
reg3,reg3_m60_s1,es_single,3,20,1010,1.1302013929238732,64.0,63.5,0.0371220516696914,0.00011303090773654746,20,32,,3.6940518000046723,0.7901234567901234,0.7839506172839507
reg3,reg3_m60_s1,es_single,3,25,1260,1.1482717051180362,66.0,64.6,0.015310501685013907,7.806255641895632e-18,20,32,,4.503090399957728,0.8148148148148148,0.7975308641975308
reg3,reg3_m60_s1,es_single,3,30,1510,1.1482717051180362,66.0,65.2,0.015310501685013907,7.806255641895632e-18,20,32,,5.363796799967531,0.8148148148148148,0.8049382716049384
reg3,reg3_m60_s1,es_single,3,35,1760,1.1905206074419652,67.0,65.7,0.042390867011054364,0.00011919644469272905,20,32,,6.24336249998305,0.8271604938271605,0.8111111111111111
reg3,reg3_m60_s1,es_single,3,40,2010,1.2124265223571118,69.0,67.8,0.044658151524665186,0.0004737231241359052,20,31,,7.1213442999869585,0.8518518518518519,0.837037037037037
reg3,reg3_m60_s1,es_single,3,45,2260,1.2366434104338022,70.0,69.2,0.052631535713101495,0.0008576093469545298,20,31,,7.9544514999724925,0.8641975308641975,0.8543209876543211
reg3,reg3_m60_s1,es_single,3,50,2510,1.2366434104338022,70.0,69.7,0.052631535713101495,0.0008576093469545298,20,31,,8.758759399992414,0.8641975308641975,0.8604938271604938
reg3,reg3_m60_s1,es_single,3,55,2760,1.2411609810438617,70.0,70.3,0.037585460120027406,0.00017685780618711955,20,33,,9.747125099995174,0.8641975308641975,0.8679012345679012
reg3,reg3_m60_s1,es_single,3,60,3010,1.294272119204599,75.0,73.1,0.014030780409267515,7.259798976002284e-05,20,33,,10.59625939995749,0.9259259259259259,0.902469135802469
reg3,reg3_m60_s1,es_single,3,65,3260,1.2968567230278156,75.0,74.8,0.01751027751545077,0.00010865056983281902,20,33,,11.523275199986529,0.9259259259259259,0.9234567901234567
reg3,reg3_m60_s1,es_single,3,70,3510,1.2968567230278156,75.0,75.0,0.01751027751545077,0.00010865056983281902,20,33,,12.406988199974876,0.9259259259259259,0.9259259259259259
reg3,reg3_m60_s1,es_single,3,75,3760,1.2968567230278156,75.0,75.0,0.01751027751545077,0.00010865056983281902,20,33,,13.327119899971876,0.9259259259259259,0.9259259259259259
reg3,reg3_m60_s1,es_single,3,80,4010,1.2968567230278156,75.0,75.0,0.01751027751545077,0.00010865056983281902,20,33,,14.229827100003604,0.9259259259259259,0.9259259259259259
reg3,reg3_m60_s1,es_single,3,85,4260,1.2968567230278156,75.0,75.0,0.017510277515450638,0.00010865056983282596,20,33,,15.082675999961793,0.9259259259259259,0.9259259259259259
reg3,reg3_m60_s1,es_single,3,90,4510,1.300221094719954,76.0,75.1,0.01751027751545072,0.00010865056983282335,20,33,,15.996929999964777,0.9382716049382716,0.9271604938271604
reg3,reg3_m60_s1,es_single,3,95,4760,1.300221094719954,76.0,75.2,0.01751027751545072,0.00010865056983282335,20,33,,16.923421799961943,0.9382716049382716,0.9283950617283951
reg3,reg3_m60_s1,es_single,3,100,5010,1.300221094719954,76.0,75.5,0.0175102775154508,0.00010865056983282682,20,33,,17.710932499961928,0.9382716049382716,0.9320987654320988
reg3,reg3_m60_s1,es_single,3,105,5260,1.3011078095088235,76.0,75.6,0.01721275991138412,0.00011492000606312745,20,33,,18.70274449995486,0.9382716049382716,0.9333333333333332
reg3,reg3_m60_s1,es_single,3,110,5510,1.3025153077910188,76.0,76.0,0.017277126069322125,0.00031190313354621454,20,33,,19.55279220000375,0.9382716049382716,0.9382716049382716
reg3,reg3_m60_s1,es_single,3,115,5760,1.3025153077910188,76.0,76.0,0.017277126069322017,0.0003119031335460983,20,32,,20.35908769996604,0.9382716049382716,0.9382716049382716
reg3,reg3_m60_s1,es_single,3,120,6010,1.3025153077910188,76.0,76.0,0.01727712606932204,0.0003119031335461599,20,32,,21.246478299959563,0.9382716049382716,0.9382716049382716
reg3,reg3_m60_s1,es_single,3,125,6260,1.3067588456100103,76.0,76.0,0.016559167419019104,0.0003119031335461729,20,31,,22.062700899958145,0.9382716049382716,0.9382716049382716
reg3,reg3_m60_s1,es_single,3,130,6510,1.3067588456100103,76.0,76.0,0.01655916741901919,0.000311903133546192,20,32,,22.88967879995471,0.9382716049382716,0.9382716049382716
reg3,reg3_m60_s1,es_single,3,135,6760,1.3067588456100103,76.0,76.0,0.01655916741901919,0.000311903133546192,20,32,,23.748003699991386,0.9382716049382716,0.9382716049382716
reg3,reg3_m60_s1,es_single,3,140,7010,1.3067588456100103,76.0,76.0,0.01655916741901919,0.000311903133546192,20,32,,24.693179800000507,0.9382716049382716,0.9382716049382716
reg3,reg3_m60_s1,es_single,3,145,7260,1.3067588456100103,76.0,76.0,0.016559167419019145,0.0003119031335461703,20,31,,25.613164599984884,0.9382716049382716,0.9382716049382716
reg3,reg3_m60_s1,es_single,3,150,7510,1.3074501553073727,76.0,75.9,0.016302334024221734,0.00036649151612840926,20,32,,26.47561239998322,0.9382716049382716,0.9370370370370371
reg3,reg3_m60_s1,es_single,3,155,7760,1.3074501553073727,76.0,75.9,0.01630233402422153,0.0003664915161287549,20,31,,27.306519599980675,0.9382716049382716,0.9370370370370371
reg3,reg3_m60_s1,es_single,3,160,8010,1.3131126958497215,76.0,76.0,0.021365524959675822,0.0001926223199771107,20,32,,28.226992499956395,0.9382716049382716,0.9382716049382716
reg3,reg3_m60_s1,es_single,3,165,8260,1.3131126958497215,76.0,75.9,0.02136552495967587,0.00019262231997714194,20,32,,29.180775799963158,0.9382716049382716,0.9370370370370371
reg3,reg3_m60_s1,es_single,3,170,8510,1.3131126958497215,76.0,76.0,0.02136552495967587,0.00019262231997714194,20,32,,30.113131999969482,0.9382716049382716,0.9382716049382716
reg3,reg3_m60_s1,es_single,3,175,8760,1.3151699611479801,75.0,75.9,0.022530492058065794,0.00019262231997701097,20,33,,30.916683899995405,0.9259259259259259,0.9370370370370371
reg3,reg3_m60_s1,es_single,3,180,9010,1.3156756158146863,76.0,75.9,0.019631245872101997,4.717733425705327e-05,20,33,,31.7512053999817,0.9382716049382716,0.9370370370370371
reg3,reg3_m60_s1,es_single,3,185,9260,1.3156756158146863,76.0,75.9,0.019631245872101997,4.717733425705327e-05,20,33,,32.699221599963494,0.9382716049382716,0.9370370370370371
reg3,reg3_m60_s1,es_single,3,190,9510,1.3156756158146863,76.0,75.8,0.019631245872102,4.71773342571773e-05,20,32,,33.477010799979325,0.9382716049382716,0.9358024691358025
reg3,reg3_m60_s1,es_single,3,195,9760,1.3156756158146863,76.0,75.7,0.019631245872102,4.71773342571773e-05,20,32,,34.40932729997439,0.9382716049382716,0.9345679012345679
reg3,reg3_m60_s1,es_single,3,200,10010,1.3535426982771221,77.0,76.0,0.021309783719922294,5.859113374212608e-05,20,34,,35.24889930000063,0.9506172839506173,0.9382716049382716
reg3,reg3_m60_s1,es_single,3,205,10260,1.3535426982771221,77.0,76.1,0.021309783719922294,5.859113374212608e-05,20,34,,36.18217349995393,0.9506172839506173,0.9395061728395061
reg3,reg3_m60_s1,es_single,3,210,10510,1.3535426982771221,77.0,76.0,0.021309783719922294,5.859113374212608e-05,20,34,,37.16393999999855,0.9506172839506173,0.9382716049382716
reg3,reg3_m60_s1,es_single,3,215,10760,1.3535426982771221,77.0,76.0,0.021309783719922294,5.859113374212608e-05,20,34,,38.12777009996353,0.9506172839506173,0.9382716049382716
reg3,reg3_m60_s1,es_single,3,220,11010,1.3535426982771221,77.0,76.1,0.021309783719922294,5.859113374212608e-05,20,34,,39.130128199991304,0.9506172839506173,0.9395061728395061
reg3,reg3_m60_s1,es_single,3,225,11260,1.3535426982771221,77.0,76.2,0.021309783719922294,5.859113374212608e-05,20,34,,40.5643027999904,0.9506172839506173,0.9407407407407408
reg3,reg3_m60_s1,es_single,3,230,11510,1.3535426982771221,77.0,76.2,0.021309783719922294,5.859113374212608e-05,20,34,,41.4787093999912,0.9506172839506173,0.9407407407407408
reg3,reg3_m60_s1,es_single,3,235,11760,1.3535426982771221,77.0,76.3,0.021309783719922263,5.85911337418199e-05,20,34,,42.58421780000208,0.9506172839506173,0.9419753086419753
reg3,reg3_m60_s1,es_single,3,240,12010,1.3535426982771221,77.0,76.3,0.021309783719922263,5.85911337418199e-05,20,34,,43.7036946999724,0.9506172839506173,0.9419753086419753
reg3,reg3_m60_s1,es_single,3,245,12260,1.3535426982771221,77.0,76.4,0.021309783719922263,5.85911337418199e-05,20,34,,44.708390299987514,0.9506172839506173,0.94320987654321
reg3,reg3_m60_s1,es_single,3,250,12510,1.3535426982771221,77.0,76.6,0.021309783719922263,5.85911337418199e-05,20,34,,45.75920400000177,0.9506172839506173,0.945679012345679
reg3,reg3_m60_s1,es_single,3,255,12760,1.3535426982771221,77.0,77.0,0.021309783719922263,5.85911337418199e-05,20,34,,46.79170649999287,0.9506172839506173,0.9506172839506173
reg3,reg3_m60_s1,es_single,3,260,13010,1.3535426982771221,77.0,77.0,0.02130978371992233,5.859113374195781e-05,20,33,,47.86901389999548,0.9506172839506173,0.9506172839506173
reg3,reg3_m60_s1,es_single,3,265,13260,1.3535426982771221,77.0,77.0,0.021309783719922263,5.85911337418199e-05,20,34,,48.948711499979254,0.9506172839506173,0.9506172839506173
reg3,reg3_m60_s1,es_single,3,270,13510,1.3535426982771221,77.0,77.0,0.021309783719922187,5.8591133742302154e-05,20,33,,49.99537759996019,0.9506172839506173,0.9506172839506173
reg3,reg3_m60_s1,es_single,3,275,13760,1.3535426982771221,77.0,77.0,0.021309783719922263,5.85911337418199e-05,20,34,,51.048608399985824,0.9506172839506173,0.9506172839506173
reg3,reg3_m60_s1,es_single,3,280,14010,1.3535426982771221,77.0,77.0,0.021309783719922294,5.859113374212608e-05,20,34,,52.127484299999196,0.9506172839506173,0.9506172839506173
reg3,reg3_m60_s1,es_single,3,285,14260,1.3535426982771221,77.0,77.0,0.021309783719922308,5.859113374191444e-05,20,34,,53.197229099983815,0.9506172839506173,0.9506172839506173
reg3,reg3_m60_s1,es_single,3,290,14510,1.3535426982771221,77.0,77.0,0.021309783719922235,5.8591133741976026e-05,20,34,,54.31736419996014,0.9506172839506173,0.9506172839506173
reg3,reg3_m60_s1,es_single,3,295,14760,1.3535426982771221,77.0,77.0,0.02130978371992228,5.8591133742157304e-05,20,34,,55.29415929998504,0.9506172839506173,0.9506172839506173
reg3,reg3_m60_s1,es_single,3,300,15010,1.3574378213597291,77.0,77.0,0.02482554311722042,5.8591133741897096e-05,20,33,,56.54808729997603,0.9506172839506173,0.9506172839506173
reg3,reg3_m60_s1,es_single,3,305,15260,1.3574378213597291,77.0,77.0,0.02482554311722044,5.859113374190924e-05,20,34,,57.772494399978314,0.9506172839506173,0.9506172839506173
reg3,reg3_m60_s1,es_single,3,310,15510,1.3574378213597291,77.0,77.0,0.024825543117220378,5.859113374226399e-05,20,33,,59.1955125000095,0.9506172839506173,0.9506172839506173
reg3,reg3_m60_s1,es_single,3,315,15760,1.3574378213597291,77.0,77.0,0.02482554311722042,5.8591133741897096e-05,20,33,,60.47129389998736,0.9506172839506173,0.9506172839506173
reg3,reg3_m60_s1,es_single,3,320,16010,1.3574378213597291,77.0,77.0,0.02482554311722042,5.8591133741897096e-05,20,33,,61.632444499991834,0.9506172839506173,0.9506172839506173
reg3,reg3_m60_s1,es_single,3,325,16260,1.3574378213597291,77.0,77.0,0.02482554311722044,5.859113374190924e-05,20,34,,62.8241132000112,0.9506172839506173,0.9506172839506173
reg3,reg3_m60_s1,es_single,3,330,16510,1.3574378213597291,77.0,77.0,0.02482554311722042,5.8591133741897096e-05,20,33,,63.98059110000031,0.9506172839506173,0.9506172839506173
reg3,reg3_m60_s1,es_single,3,335,16760,1.3574378213597291,77.0,77.0,0.02482554311722042,5.8591133741897096e-05,20,33,,65.24512109998614,0.9506172839506173,0.9506172839506173
reg3,reg3_m60_s1,es_single,3,340,17010,1.3574378213597291,77.0,77.0,0.02482554311722044,5.859113374203154e-05,20,34,,66.50133519998053,0.9506172839506173,0.9506172839506173
reg3,reg3_m60_s1,es_single,3,345,17260,1.3574378213597291,77.0,77.0,0.02482554311722044,5.859113374190924e-05,20,34,,67.67711089999648,0.9506172839506173,0.9506172839506173
reg3,reg3_m60_s1,es_single,3,350,17510,1.3574378213597291,77.0,77.0,0.02482554311722044,5.859113374203154e-05,20,34,,68.75568569998723,0.9506172839506173,0.9506172839506173
reg3,reg3_m60_s1,es_single,3,355,17760,1.3574378213597291,77.0,77.0,0.02482554311722042,5.8591133741897096e-05,20,33,,69.83709019998787,0.9506172839506173,0.9506172839506173
reg3,reg3_m60_s1,es_single,3,360,18010,1.3574378213597291,77.0,77.0,0.02482554311722042,5.8591133741897096e-05,20,33,,70.99791949999053,0.9506172839506173,0.9506172839506173
reg3,reg3_m60_s1,es_single,3,365,18260,1.3574378213597291,77.0,77.0,0.02482554311722044,5.859113374190924e-05,20,34,,72.18172589997994,0.9506172839506173,0.9506172839506173
reg3,reg3_m60_s1,es_single,3,370,18510,1.3574378213597291,77.0,77.0,0.024825543117220364,5.8591133741900565e-05,20,34,,73.51529999997001,0.9506172839506173,0.9506172839506173
reg3,reg3_m60_s1,es_single,3,375,18760,1.3574378213597291,77.0,77.0,0.024825543117220447,5.859113374208358e-05,20,34,,74.69696609996026,0.9506172839506173,0.9506172839506173
reg3,reg3_m60_s1,es_single,3,380,19010,1.3574378213597291,77.0,77.0,0.02482554311722044,5.859113374203154e-05,20,34,,75.81450239999685,0.9506172839506173,0.9506172839506173
reg3,reg3_m60_s1,es_single,3,385,19260,1.3574378213597291,77.0,77.0,0.02482554311722044,5.859113374190924e-05,20,34,,77.03880009998102,0.9506172839506173,0.9506172839506173
reg3,reg3_m60_s1,es_single,3,390,19510,1.3574378213597291,77.0,77.0,0.02482554311722044,5.859113374203154e-05,20,34,,78.32056049996754,0.9506172839506173,0.9506172839506173
reg3,reg3_m60_s1,es_single,3,395,19760,1.3574378213597291,77.0,77.0,0.024825543117220364,5.8591133741900565e-05,20,34,,79.34294919995591,0.9506172839506173,0.9506172839506173
reg3,reg3_m60_s1,es_single,3,400,20010,1.3574378213597291,77.0,77.0,0.024825543117220378,5.859113374226399e-05,20,33,,80.40259660000447,0.9506172839506173,0.9506172839506173
reg3,reg3_m60_s1,es_single,4,0,10,0.6510657522752402,40.0,44.7,0.067840025423876,0.0028286894968670324,20,38,,0.043810500006657094,0.49382716049382713,0.5518518518518519
reg3,reg3_m60_s1,es_single,4,5,260,1.0368370165042173,61.0,57.9,0.031160888671513298,0.00014058221235054014,20,34,,1.1776850000023842,0.7530864197530864,0.7148148148148148
reg3,reg3_m60_s1,es_single,4,10,510,1.0964066821685408,62.0,60.8,0.0733910500610804,0.0033190182682930613,20,36,,2.373552200035192,0.7654320987654321,0.7506172839506172
reg3,reg3_m60_s1,es_single,4,15,760,1.1032349696940391,63.0,62.3,0.07872865966183568,0.0017867185858099683,20,36,,3.3570656000520103,0.7777777777777778,0.7691358024691358
reg3,reg3_m60_s1,es_single,4,20,1010,1.138526862023335,65.0,63.6,0.054689631479195255,0.0009022048499063573,20,36,,4.414321999996901,0.8024691358024691,0.7851851851851852
reg3,reg3_m60_s1,es_single,4,25,1260,1.1549924364215,64.0,63.7,0.057071101807919064,0.0006414693248445597,20,34,,5.396572900004685,0.7901234567901234,0.7864197530864198
reg3,reg3_m60_s1,es_single,4,30,1510,1.1882682688107689,68.0,65.5,0.08053586149092246,2.2615797965490694e-05,20,35,,6.496610700036399,0.8395061728395061,0.808641975308642
reg3,reg3_m60_s1,es_single,4,35,1760,1.2082970772102333,69.0,68.0,0.08099607323494712,0.0009326265117999902,20,35,,7.3998229000135325,0.8518518518518519,0.8395061728395061
reg3,reg3_m60_s1,es_single,4,40,2010,1.2306165971802783,70.0,68.8,0.08649737162121643,0.0022419589105503457,20,35,,8.510649600008037,0.8641975308641975,0.8493827160493826
reg3,reg3_m60_s1,es_single,4,45,2260,1.2306165971802783,70.0,69.8,0.08649737162121643,0.002241958910550304,20,35,,9.552357800013851,0.8641975308641975,0.8617283950617284
reg3,reg3_m60_s1,es_single,4,50,2510,1.2379440994158248,70.0,70.0,0.07836247818592337,0.0003479913962057407,20,35,,10.683689900033642,0.8641975308641975,0.8641975308641975
reg3,reg3_m60_s1,es_single,4,55,2760,1.2379440994158248,70.0,70.0,0.07836247818592339,0.0003479913962056956,20,36,,11.894069500034675,0.8641975308641975,0.8641975308641975
reg3,reg3_m60_s1,es_single,4,60,3010,1.2379440994158248,70.0,70.0,0.07836247818592337,0.0003479913962057407,20,35,,13.173213800007943,0.8641975308641975,0.8641975308641975
reg3,reg3_m60_s1,es_single,4,65,3260,1.2379440994158248,70.0,70.0,0.07836247818592335,0.00034799139620568867,20,35,,14.277570000034757,0.8641975308641975,0.8641975308641975
reg3,reg3_m60_s1,es_single,4,70,3510,1.2379440994158248,70.0,70.0,0.07836247818592339,0.0003479913962056956,20,36,,15.492021100013517,0.8641975308641975,0.8641975308641975
reg3,reg3_m60_s1,es_single,4,75,3760,1.2379440994158248,70.0,70.0,0.07836247818592335,0.00034799139620568867,20,35,,16.650349600007758,0.8641975308641975,0.8641975308641975
reg3,reg3_m60_s1,es_single,4,80,4010,1.2379440994158248,70.0,70.0,0.07836247818592339,0.0003479913962056956,20,36,,17.90065460000187,0.8641975308641975,0.8641975308641975
reg3,reg3_m60_s1,es_single,4,85,4260,1.2379440994158248,70.0,70.0,0.07836247818592339,0.0003479913962056956,20,36,,19.07892100000754,0.8641975308641975,0.8641975308641975
reg3,reg3_m60_s1,es_single,4,90,4510,1.2379440994158248,70.0,70.0,0.07836247818592337,0.0003479913962057407,20,35,,20.367512200027704,0.8641975308641975,0.8641975308641975
reg3,reg3_m60_s1,es_single,4,95,4760,1.2379440994158248,70.0,70.0,0.07836247818592337,0.0003479913962057407,20,35,,21.46563040005276,0.8641975308641975,0.8641975308641975
reg3,reg3_m60_s1,es_single,4,100,5010,1.2379440994158248,70.0,70.0,0.07836247818592332,0.0003479913962056609,20,36,,22.71384040004341,0.8641975308641975,0.8641975308641975
reg3,reg3_m60_s1,es_single,4,105,5260,1.2379440994158248,70.0,70.0,0.0783624781859234,0.00034799139620578234,20,36,,23.9825026000035,0.8641975308641975,0.8641975308641975
reg3,reg3_m60_s1,es_single,4,110,5510,1.2379440994158248,70.0,70.0,0.07836247818592335,0.0003479913962056991,20,36,,25.236484200053383,0.8641975308641975,0.8641975308641975
reg3,reg3_m60_s1,es_single,4,115,5760,1.2379440994158248,70.0,70.0,0.07836247818592332,0.0003479913962056609,20,36,,26.293372000043746,0.8641975308641975,0.8641975308641975
reg3,reg3_m60_s1,es_single,4,120,6010,1.2379440994158248,70.0,70.0,0.07836247818592347,0.00034799139620573724,20,35,,27.55381330003729,0.8641975308641975,0.8641975308641975
reg3,reg3_m60_s1,es_single,4,125,6260,1.2379440994158248,70.0,70.0,0.07836247818592347,0.00034799139620577194,20,35,,28.72681530000409,0.8641975308641975,0.8641975308641975
reg3,reg3_m60_s1,es_single,4,130,6510,1.2379440994158248,70.0,70.0,0.07836247818592335,0.0003479913962056991,20,36,,29.9162296000286,0.8641975308641975,0.8641975308641975
reg3,reg3_m60_s1,es_single,4,135,6760,1.2379440994158248,70.0,70.0,0.07836247818592348,0.0003479913962057997,20,36,,31.025023200025316,0.8641975308641975,0.8641975308641975
reg3,reg3_m60_s1,es_single,4,140,7010,1.2379440994158248,70.0,70.0,0.07836247818592347,0.00034799139620577194,20,35,,32.23176059999969,0.8641975308641975,0.8641975308641975
reg3,reg3_m60_s1,es_single,4,145,7260,1.2379440994158248,70.0,70.0,0.0783624781859234,0.0003479913962057095,20,34,,33.36812759999884,0.8641975308641975,0.8641975308641975
reg3,reg3_m60_s1,es_single,4,150,7510,1.2379440994158248,70.0,70.0,0.07836247818592335,0.0003479913962056991,20,36,,34.55538160004653,0.8641975308641975,0.8641975308641975
reg3,reg3_m60_s1,es_single,4,155,7760,1.2379440994158248,70.0,70.0,0.0783624781859234,0.00034799139620573377,20,35,,35.67498420004267,0.8641975308641975,0.8641975308641975
reg3,reg3_m60_s1,es_single,4,160,8010,1.2379440994158248,70.0,70.0,0.07836247818592339,0.00034799139620568867,20,35,,36.83045740000671,0.8641975308641975,0.8641975308641975
reg3,reg3_m60_s1,es_single,4,165,8260,1.2379440994158248,70.0,70.0,0.0783624781859234,0.0003479913962057095,20,34,,37.93878320005024,0.8641975308641975,0.8641975308641975
reg3,reg3_m60_s1,es_single,4,170,8510,1.2379440994158248,70.0,70.0,0.07836247818592351,0.0003479913962056852,20,36,,39.16125699999975,0.8641975308641975,0.8641975308641975
reg3,reg3_m60_s1,es_single,4,175,8760,1.2379440994158248,70.0,70.0,0.0783624781859234,0.0003479913962058309,20,36,,40.288975000032224,0.8641975308641975,0.8641975308641975
reg3,reg3_m60_s1,es_single,4,180,9010,1.2379440994158248,70.0,70.0,0.07836247818592346,0.00034799139620570255,20,35,,41.46805810002843,0.8641975308641975,0.8641975308641975
reg3,reg3_m60_s1,es_single,4,185,9260,1.2379440994158248,70.0,70.0,0.0783624781859234,0.00034799139620573377,20,35,,42.6812453000457,0.8641975308641975,0.8641975308641975
reg3,reg3_m60_s1,es_single,4,190,9510,1.2379440994158248,70.0,70.0,0.07836247818592332,0.0003479913962057095,20,36,,43.874488800007384,0.8641975308641975,0.8641975308641975
reg3,reg3_m60_s1,es_single,4,195,9760,1.2379440994158248,70.0,70.0,0.0783624781859234,0.0003479913962057095,20,34,,45.06880500004627,0.8641975308641975,0.8641975308641975
reg3,reg3_m60_s1,es_single,4,200,10010,1.2379440994158248,70.0,70.0,0.07836247818592341,0.0003479913962057303,20,36,,46.27353490004316,0.8641975308641975,0.8641975308641975
reg3,reg3_m60_s1,es_single,4,205,10260,1.2379440994158248,70.0,70.0,0.07836247818592337,0.00034799139620572683,20,35,,47.53818810003577,0.8641975308641975,0.8641975308641975
reg3,reg3_m60_s1,es_single,4,210,10510,1.2379440994158248,70.0,70.0,0.0783624781859234,0.00034799139620573377,20,35,,48.76919200003613,0.8641975308641975,0.8641975308641975
reg3,reg3_m60_s1,es_single,4,215,10760,1.2379440994158248,70.0,70.0,0.0783624781859234,0.0003479913962057095,20,34,,49.98310360003961,0.8641975308641975,0.8641975308641975
reg3,reg3_m60_s1,es_single,4,220,11010,1.2379440994158248,70.0,70.0,0.07836247818592336,0.00034799139620573377,20,36,,51.13840350002283,0.8641975308641975,0.8641975308641975
reg3,reg3_m60_s1,es_single,4,225,11260,1.2379440994158248,70.0,70.0,0.07836247818592348,0.0003479913962057511,20,35,,52.43611150002107,0.8641975308641975,0.8641975308641975
reg3,reg3_m60_s1,es_single,4,230,11510,1.2379440994158248,70.0,70.0,0.07836247818592351,0.0003479913962056852,20,36,,53.59815890004393,0.8641975308641975,0.8641975308641975
reg3,reg3_m60_s1,es_single,4,235,11760,1.2379440994158248,70.0,70.0,0.07836247818592335,0.0003479913962056713,20,36,,54.82299060001969,0.8641975308641975,0.8641975308641975
reg3,reg3_m60_s1,es_single,4,240,12010,1.2379440994158248,70.0,70.0,0.07836247818592341,0.00034799139620568173,20,36,,55.942037200031336,0.8641975308641975,0.8641975308641975
reg3,reg3_m60_s1,es_single,4,245,12260,1.2379440994158248,70.0,70.0,0.07836247818592337,0.00034799139620572683,20,35,,57.17639300000155,0.8641975308641975,0.8641975308641975
reg3,reg3_m60_s1,es_single,4,250,12510,1.2379440994158248,70.0,70.0,0.0783624781859234,0.00034799139620573377,20,35,,58.922008500027005,0.8641975308641975,0.8641975308641975
reg3,reg3_m60_s1,es_single,4,255,12760,1.2379440994158248,70.0,70.0,0.07836247818592341,0.00034799139620568173,20,36,,60.1026714000036,0.8641975308641975,0.8641975308641975
reg3,reg3_m60_s1,es_single,4,260,13010,1.2379440994158248,70.0,70.0,0.07836247818592337,0.0003479913962056991,20,35,,61.275727200030815,0.8641975308641975,0.8641975308641975
reg3,reg3_m60_s1,es_single,4,265,13260,1.2379440994158248,70.0,70.0,0.07836247818592339,0.00034799139620568867,20,35,,62.43215659999987,0.8641975308641975,0.8641975308641975
reg3,reg3_m60_s1,es_single,4,270,13510,1.2379440994158248,70.0,70.0,0.07836247818592348,0.00034799139620577194,20,36,,63.534112700028345,0.8641975308641975,0.8641975308641975
reg3,reg3_m60_s1,es_single,4,275,13760,1.2379440994158248,70.0,70.0,0.07836247818592343,0.00034799139620575806,20,35,,64.72873010003241,0.8641975308641975,0.8641975308641975
reg3,reg3_m60_s1,es_single,4,280,14010,1.2379440994158248,70.0,70.0,0.07836247818592348,0.0003479913962056748,20,35,,65.86255970003549,0.8641975308641975,0.8641975308641975
reg3,reg3_m60_s1,es_single,4,285,14260,1.2379440994158248,70.0,70.0,0.07836247818592341,0.00034799139620568173,20,36,,67.02670930000022,0.8641975308641975,0.8641975308641975
reg3,reg3_m60_s1,es_single,4,290,14510,1.2379440994158248,70.0,70.0,0.07836247818592337,0.00034799139620574765,20,35,,68.13275700004306,0.8641975308641975,0.8641975308641975
reg3,reg3_m60_s1,es_single,4,295,14760,1.2379440994158248,70.0,70.0,0.07836247818592343,0.00034799139620575806,20,35,,69.30243860004703,0.8641975308641975,0.8641975308641975
reg3,reg3_m60_s1,es_single,4,300,15010,1.2379440994158248,70.0,70.0,0.07836247818592343,0.00034799139620585867,20,36,,70.47141880000709,0.8641975308641975,0.8641975308641975
reg3,reg3_m60_s1,es_single,4,305,15260,1.2379440994158248,70.0,70.0,0.07836247818592341,0.00034799139620568173,20,36,,71.63091830001213,0.8641975308641975,0.8641975308641975
reg3,reg3_m60_s1,es_single,4,310,15510,1.2379440994158248,70.0,70.0,0.07836247818592336,0.00034799139620573377,20,36,,72.77717010001652,0.8641975308641975,0.8641975308641975
reg3,reg3_m60_s1,es_single,4,315,15760,1.2379440994158248,70.0,70.0,0.07836247818592337,0.0003479913962057407,20,35,,74.01367130002473,0.8641975308641975,0.8641975308641975
reg3,reg3_m60_s1,es_single,4,320,16010,1.2379440994158248,70.0,70.0,0.07836247818592337,0.0003479913962057407,20,35,,75.21583660005126,0.8641975308641975,0.8641975308641975
reg3,reg3_m60_s1,es_single,4,325,16260,1.2379440994158248,70.0,70.0,0.07836247818592325,0.0003479913962056713,20,34,,76.39704140002141,0.8641975308641975,0.8641975308641975
reg3,reg3_m60_s1,es_single,4,330,16510,1.2379440994158248,70.0,70.0,0.0783624781859234,0.00034799139620573377,20,35,,77.53412880003452,0.8641975308641975,0.8641975308641975
reg3,reg3_m60_s1,es_single,4,335,16760,1.2379440994158248,70.0,70.0,0.07836247818592341,0.0003479913962057303,20,36,,78.74992760003079,0.8641975308641975,0.8641975308641975
reg3,reg3_m60_s1,es_single,4,340,17010,1.2379440994158248,70.0,70.0,0.07836247818592337,0.00034799139620574765,20,35,,80.18072510004276,0.8641975308641975,0.8641975308641975
reg3,reg3_m60_s1,es_single,4,345,17260,1.2379440994158248,70.0,70.0,0.0783624781859234,0.00034799139620573377,20,35,,81.3599887000164,0.8641975308641975,0.8641975308641975
reg3,reg3_m60_s1,es_single,4,350,17510,1.2379440994158248,70.0,70.0,0.0783624781859234,0.0003479913962057095,20,34,,82.5828196000075,0.8641975308641975,0.8641975308641975
reg3,reg3_m60_s1,es_single,4,355,17760,1.2379440994158248,70.0,70.0,0.0783624781859234,0.0003479913962057095,20,34,,83.79926680005156,0.8641975308641975,0.8641975308641975
reg3,reg3_m60_s1,es_single,4,360,18010,1.2379440994158248,70.0,70.0,0.07836247818592348,0.0003479913962056748,20,35,,84.986109999998,0.8641975308641975,0.8641975308641975
reg3,reg3_m60_s1,es_single,4,365,18260,1.2379440994158248,70.0,70.0,0.0783624781859234,0.00034799139620573377,20,35,,86.17247530003078,0.8641975308641975,0.8641975308641975
reg3,reg3_m60_s1,es_single,4,370,18510,1.2379440994158248,70.0,70.0,0.07836247818592325,0.0003479913962056713,20,34,,87.36091670003952,0.8641975308641975,0.8641975308641975
reg3,reg3_m60_s1,es_single,4,375,18760,1.2379440994158248,70.0,70.0,0.0783624781859234,0.0003479913962057095,20,34,,88.46047839999665,0.8641975308641975,0.8641975308641975
reg3,reg3_m60_s1,es_single,4,380,19010,1.2379440994158248,70.0,70.0,0.07836247818592337,0.0003479913962057095,20,36,,89.66232699999819,0.8641975308641975,0.8641975308641975
reg3,reg3_m60_s1,es_single,4,385,19260,1.2379440994158248,70.0,70.0,0.0783624781859234,0.00034799139620573377,20,35,,90.77474580000853,0.8641975308641975,0.8641975308641975
reg3,reg3_m60_s1,es_single,4,390,19510,1.2379440994158248,70.0,70.0,0.07836247818592348,0.0003479913962057997,20,36,,91.86323310004082,0.8641975308641975,0.8641975308641975
reg3,reg3_m60_s1,es_single,4,395,19760,1.2379440994158248,70.0,70.0,0.07836247818592337,0.0003479913962056991,20,35,,92.85185990005266,0.8641975308641975,0.8641975308641975
reg3,reg3_m60_s1,es_single,4,400,20010,1.2379440994158248,70.0,70.0,0.07836247818592348,0.0003479913962056748,20,35,,93.88405350001995,0.8641975308641975,0.8641975308641975
reg3,reg3_m60_s1,es_learned,0,0,10,0.7912441782925166,47.0,43.4,0.03422181726598081,1.0842021724855044e-18,20,32,,0.04296089999843389,0.5802469135802469,0.5358024691358024
reg3,reg3_m60_s1,es_learned,0,5,260,1.0340611004952958,60.0,57.2,0.03630058815360007,3.5128150388530344e-17,20,37,0.1615121215581894,5.345459399977699,0.7407407407407407,0.7061728395061728
reg3,reg3_m60_s1,es_learned,0,10,510,1.0686504395296328,62.0,60.0,0.05444561576395364,0.0015377764203581938,20,37,0.14947353303432465,14.378044600016437,0.7654320987654321,0.7407407407407407
reg3,reg3_m60_s1,es_learned,0,15,760,1.103111280951777,62.0,61.6,0.06256237131786428,3.048089407331131e-05,20,36,0.11713395267724991,23.491892599966377,0.7654320987654321,0.7604938271604939
reg3,reg3_m60_s1,es_learned,0,20,1010,1.1219665523014537,62.0,62.2,0.07386282393996176,3.0480894073392842e-05,20,36,0.09809292107820511,28.666579100012314,0.7654320987654321,0.7679012345679013
reg3,reg3_m60_s1,es_learned,0,25,1260,1.1970423639787344,66.0,64.3,0.07340293272198445,0.0004241879907075502,20,36,0.12020543217658997,38.09078149998095,0.8148148148148148,0.7938271604938272
reg3,reg3_m60_s1,es_learned,0,30,1510,1.2257325304067048,67.0,66.3,0.07449560757594104,0.0023904229382188027,20,36,0.0668846070766449,47.25998360000085,0.8271604938271605,0.8185185185185185
reg3,reg3_m60_s1,es_learned,0,35,1760,1.2425159724301924,69.0,67.2,0.09729737313280336,1.987695209797885e-05,20,35,0.07004569470882416,52.29359509999631,0.8518518518518519,0.8296296296296297
reg3,reg3_m60_s1,es_learned,0,40,2010,1.2587176198241896,67.0,68.2,0.11398691159025978,0.0035079581247455943,20,34,0.04486463963985443,61.48981250001816,0.8271604938271605,0.8419753086419753
reg3,reg3_m60_s1,es_learned,0,45,2260,1.2587176198241896,67.0,68.5,0.11398691159025978,0.0035079581247455943,20,34,0.04008156433701515,70.6105094999657,0.8271604938271605,0.845679012345679
reg3,reg3_m60_s1,es_learned,0,50,2510,1.2587176198241896,67.0,67.2,0.11398691159025992,0.0035079581247456568,20,34,0.04134527966380119,75.83345510001527,0.8271604938271605,0.8296296296296297
reg3,reg3_m60_s1,es_learned,0,55,2760,1.261302531548725,67.0,67.0,0.11776549167392998,1.3577383639606921e-07,20,34,0.032624486833810806,84.69945299997926,0.8271604938271605,0.8271604938271605
reg3,reg3_m60_s1,es_learned,0,60,3010,1.261302531548725,67.0,67.0,0.11776549167392998,1.3577383639606921e-07,20,34,0.026738416403532028,93.80304859997705,0.8271604938271605,0.8271604938271605
reg3,reg3_m60_s1,es_learned,0,65,3260,1.2831824201605464,68.0,67.3,0.11929667815659722,0.003257895777492942,20,35,0.035828687250614166,99.11026200000197,0.8395061728395061,0.8308641975308642
reg3,reg3_m60_s1,es_learned,0,70,3510,1.2831824201605464,68.0,68.1,0.11929667815659727,0.003257895777492942,20,34,0.0296049602329731,108.13523569999961,0.8395061728395061,0.8407407407407407
reg3,reg3_m60_s1,es_learned,0,75,3760,1.2831824201605464,68.0,68.0,0.11929667815659742,0.0032578957774929834,20,35,0.02229345589876175,117.31963689997792,0.8395061728395061,0.8395061728395061
reg3,reg3_m60_s1,es_learned,0,80,4010,1.2934528624248092,69.0,68.1,0.11548230767693579,0.0013655512567668088,20,36,0.026425117626786232,122.42706289998023,0.8518518518518519,0.8407407407407407
reg3,reg3_m60_s1,es_learned,0,85,4260,1.293819693212993,69.0,68.7,0.12400248616925444,0.002007158533801623,20,36,0.024646034464240074,131.54113319999306,0.8518518518518519,0.8481481481481482
reg3,reg3_m60_s1,es_learned,0,90,4510,1.2943138030824302,69.0,69.0,0.1136703280786538,0.0032578957774929695,20,35,0.021861109882593155,140.84169239999028,0.8518518518518519,0.8518518518518519
reg3,reg3_m60_s1,es_learned,0,95,4760,1.2943138030824302,69.0,69.0,0.11367032807865375,0.0032578957774930875,20,35,0.02267766371369362,145.9956663000048,0.8518518518518519,0.8518518518518519
reg3,reg3_m60_s1,es_learned,0,100,5010,1.2950017930364062,69.0,69.0,0.11420326585263885,0.002474237345343737,20,35,0.0289034154266119,154.8921867000172,0.8518518518518519,0.8518518518518519
reg3,reg3_m60_s1,es_learned,0,105,5260,1.2950017930364062,69.0,69.0,0.11420326585263868,0.002474237345343737,20,36,0.02090301550924778,163.93348309997236,0.8518518518518519,0.8518518518518519
reg3,reg3_m60_s1,es_learned,0,110,5510,1.2950017930364062,69.0,69.0,0.11420326585263885,0.002474237345343723,20,35,0.017986755818128586,169.03207409998868,0.8518518518518519,0.8518518518518519
reg3,reg3_m60_s1,es_learned,0,115,5760,1.2950017930364064,69.0,69.0,0.11420326585263874,0.0024742373453437577,20,34,0.02577374503016472,177.89929999999003,0.8518518518518519,0.8518518518518519
reg3,reg3_m60_s1,es_learned,0,120,6010,1.2950017930364064,69.0,69.0,0.11420326585263885,0.0024742373453437716,20,35,0.01957959495484829,186.93394570000237,0.8518518518518519,0.8518518518518519
reg3,reg3_m60_s1,es_learned,0,125,6260,1.2950017930364064,69.0,69.0,0.11420326585263876,0.0024742373453437994,20,34,0.02010933868587017,192.07513060001656,0.8518518518518519,0.8518518518518519
reg3,reg3_m60_s1,es_learned,0,130,6510,1.2950017930364064,69.0,69.0,0.11420326585263886,0.0024742373453436883,20,34,0.018927663564682007,201.2613510999945,0.8518518518518519,0.8518518518518519
reg3,reg3_m60_s1,es_learned,0,135,6760,1.2950017930364064,69.0,69.0,0.11420326585263875,0.0024742373453436953,20,33,0.019507071003317833,209.9297464999836,0.8518518518518519,0.8518518518518519
reg3,reg3_m60_s1,es_learned,0,140,7010,1.2950017930364064,69.0,69.0,0.11420326585263874,0.0024742373453436398,20,34,0.019780870527029037,214.97393709997414,0.8518518518518519,0.8518518518518519
reg3,reg3_m60_s1,es_learned,0,145,7260,1.2950017930364064,69.0,69.0,0.11420326585263879,0.0024742373453436745,20,34,0.0175439715385437,224.07634620001772,0.8518518518518519,0.8518518518518519
reg3,reg3_m60_s1,es_learned,0,150,7510,1.3038001988144456,70.0,69.6,0.09991135642064876,0.0007472822150211143,20,34,0.016431713476777077,233.040655699966,0.8641975308641975,0.8592592592592592
reg3,reg3_m60_s1,es_learned,0,155,7760,1.3038001988144456,70.0,70.0,0.09991135642064869,0.0007472822150212024,20,34,0.02027982845902443,238.09603730001254,0.8641975308641975,0.8641975308641975
reg3,reg3_m60_s1,es_learned,0,160,8010,1.3038001988144456,70.0,70.0,0.09991135642064876,0.0007472822150211248,20,33,0.01277325302362442,247.04103259998374,0.8641975308641975,0.8641975308641975
reg3,reg3_m60_s1,es_learned,0,165,8260,1.3038001988144456,70.0,70.0,0.09991135642064876,0.0007472822150211143,20,34,0.013357976451516151,256.03378880000673,0.8641975308641975,0.8641975308641975
reg3,reg3_m60_s1,es_learned,0,170,8510,1.3038001988144456,70.0,70.0,0.09991135642064872,0.0007472822150212353,20,35,0.011360610835254192,261.0825681000133,0.8641975308641975,0.8641975308641975
reg3,reg3_m60_s1,es_learned,0,175,8760,1.3038001988144456,70.0,70.0,0.09991135642064866,0.0007472822150211534,20,34,0.021914351731538773,270.04300800000783,0.8641975308641975,0.8641975308641975
reg3,reg3_m60_s1,es_learned,0,180,9010,1.3038001988144456,70.0,70.0,0.09991135642064866,0.0007472822150211941,20,34,0.016170790418982506,279.1279851999716,0.8641975308641975,0.8641975308641975
reg3,reg3_m60_s1,es_learned,0,185,9260,1.3069204937980614,70.0,70.0,0.1046657745109888,0.0007109736335345618,20,34,0.012560405768454075,284.4220625999733,0.8641975308641975,0.8641975308641975
reg3,reg3_m60_s1,es_learned,0,190,9510,1.3069204937980614,70.0,70.0,0.1046657745109888,0.0007109736335345618,20,34,0.017308689653873444,293.6051983999787,0.8641975308641975,0.8641975308641975
reg3,reg3_m60_s1,es_learned,0,195,9760,1.3069204937980614,70.0,70.0,0.10466577451098866,0.0007109736335347214,20,33,0.012602187693119049,302.6792515999987,0.8641975308641975,0.8641975308641975
reg3,reg3_m60_s1,es_learned,0,200,10010,1.3090590780989853,70.0,70.0,0.1155061629194541,0.0003933869724054295,20,33,0.014528395608067513,307.8707914999686,0.8641975308641975,0.8641975308641975
reg3,reg3_m60_s1,es_learned,0,205,10260,1.3090590780989853,70.0,70.0,0.11550616291945406,0.00039338697240540177,20,33,0.012789363972842693,316.9731851000106,0.8641975308641975,0.8641975308641975
reg3,reg3_m60_s1,es_learned,0,210,10510,1.3097379187612848,70.0,70.0,0.11608376626898756,0.00028833525001005153,20,34,0.016147766262292862,325.97680689999834,0.8641975308641975,0.8641975308641975
reg3,reg3_m60_s1,es_learned,0,215,10760,1.3097379187612848,70.0,70.0,0.11608376626898767,0.0002883352500100862,20,34,0.01574005000293255,331.21793749998324,0.8641975308641975,0.8641975308641975
reg3,reg3_m60_s1,es_learned,0,220,11010,1.3097379187612848,70.0,70.0,0.11608376626898761,0.0002883352500100342,20,33,0.015222135931253433,340.1267016999773,0.8641975308641975,0.8641975308641975
reg3,reg3_m60_s1,es_learned,0,225,11260,1.3097379187612848,70.0,70.0,0.11608376626898755,0.00028833525001007235,20,35,0.0147116519510746,349.2251946000033,0.8641975308641975,0.8641975308641975
reg3,reg3_m60_s1,es_learned,0,230,11510,1.3099228500502302,70.0,70.0,0.11933747206633166,0.0003693629826435167,20,33,0.0137429004535079,354.3687837999896,0.8641975308641975,0.8641975308641975
reg3,reg3_m60_s1,es_learned,0,235,11760,1.3099228500502302,70.0,70.0,0.11933747206633163,0.0003693629826434716,20,32,0.01496990118175745,363.44875909999246,0.8641975308641975,0.8641975308641975
reg3,reg3_m60_s1,es_learned,0,240,12010,1.3099228500502302,70.0,70.0,0.11933747206633166,0.0003693629826435167,20,33,0.014875322580337524,372.5444586999947,0.8641975308641975,0.8641975308641975
reg3,reg3_m60_s1,es_learned,0,245,12260,1.3099228500502302,70.0,70.0,0.11933747206633172,0.00036936298264342304,20,32,0.012482309713959694,377.6949735999806,0.8641975308641975,0.8641975308641975
reg3,reg3_m60_s1,es_learned,0,250,12510,1.3099228500502302,70.0,70.0,0.11933747206633158,0.0003693629826434161,20,32,0.016814827919006348,386.84127899998566,0.8641975308641975,0.8641975308641975
reg3,reg3_m60_s1,es_learned,0,255,12760,1.3099228500502302,70.0,70.0,0.11933747206633158,0.0003693629826433918,20,31,0.011453148908913136,395.84226940001827,0.8641975308641975,0.8641975308641975
reg3,reg3_m60_s1,es_learned,0,260,13010,1.3099228500502302,70.0,70.0,0.1193374720663315,0.00036936298264339876,20,32,0.012726408429443836,401.0410337999929,0.8641975308641975,0.8641975308641975
reg3,reg3_m60_s1,es_learned,0,265,13260,1.3099228500502302,70.0,70.0,0.11933747206633159,0.000369362982643482,20,33,0.00902605801820755,410.0715903000091,0.8641975308641975,0.8641975308641975
reg3,reg3_m60_s1,es_learned,0,270,13510,1.3099228500502302,70.0,70.0,0.11933747206633166,0.0003693629826435063,20,33,0.01225291471928358,419.70261520001804,0.8641975308641975,0.8641975308641975
reg3,reg3_m60_s1,es_learned,0,275,13760,1.3099228500502302,70.0,70.0,0.1193374720663316,0.00036936298264346815,20,34,0.010327150113880634,424.8211236000061,0.8641975308641975,0.8641975308641975
reg3,reg3_m60_s1,es_learned,0,280,14010,1.3099228500502302,70.0,70.0,0.11933747206633162,0.0003693629826436069,20,33,0.009642379358410835,433.70504410000285,0.8641975308641975,0.8641975308641975
reg3,reg3_m60_s1,es_learned,0,285,14260,1.3099228500502302,70.0,70.0,0.11933747206633158,0.0003693629826434161,20,32,0.013465501368045807,442.8113719999674,0.8641975308641975,0.8641975308641975
reg3,reg3_m60_s1,es_learned,0,290,14510,1.3099228500502302,70.0,70.0,0.11933747206633158,0.0003693629826435757,20,33,0.01501593366265297,448.001193300006,0.8641975308641975,0.8641975308641975
reg3,reg3_m60_s1,es_learned,0,295,14760,1.3099228500502302,70.0,70.0,0.1193374720663316,0.00036936298264343,20,33,0.012646568939089775,457.2166234999895,0.8641975308641975,0.8641975308641975
reg3,reg3_m60_s1,es_learned,0,300,15010,1.3099228500502302,70.0,70.0,0.11933747206633166,0.0003693629826435271,20,33,0.010813863016664982,466.3837787999655,0.8641975308641975,0.8641975308641975
reg3,reg3_m60_s1,es_learned,0,305,15260,1.3099228500502302,70.0,70.0,0.11933747206633169,0.0003693629826434647,20,34,0.01001695729792118,471.4518740999629,0.8641975308641975,0.8641975308641975
reg3,reg3_m60_s1,es_learned,0,310,15510,1.3099228500502302,70.0,70.0,0.11933747206633166,0.0003693629826435896,20,34,0.009379799477756023,480.4366870999802,0.8641975308641975,0.8641975308641975
reg3,reg3_m60_s1,es_learned,0,315,15760,1.3099228500502302,70.0,70.0,0.11933747206633163,0.0003693629826434716,20,33,0.008944505825638771,489.39645399997244,0.8641975308641975,0.8641975308641975
reg3,reg3_m60_s1,es_learned,0,320,16010,1.3099228500502302,70.0,70.0,0.11933747206633166,0.0003693629826434716,20,34,0.009206005372107029,494.5894023000146,0.8641975308641975,0.8641975308641975
reg3,reg3_m60_s1,es_learned,0,325,16260,1.3099228500502302,70.0,70.0,0.11933747206633165,0.0003693629826434855,20,34,0.010968056507408619,503.574957099976,0.8641975308641975,0.8641975308641975
reg3,reg3_m60_s1,es_learned,0,330,16510,1.3099228500502302,70.0,70.0,0.11933747206633175,0.00036936298264353407,20,33,0.010676063597202301,512.5109977999819,0.8641975308641975,0.8641975308641975
reg3,reg3_m60_s1,es_learned,0,335,16760,1.3099228500502302,70.0,70.0,0.11933747206633163,0.00036936298264349937,20,34,0.011346268467605114,517.6269189000013,0.8641975308641975,0.8641975308641975
reg3,reg3_m60_s1,es_learned,0,340,17010,1.3099228500502302,70.0,70.0,0.11933747206633159,0.00036936298264356876,20,32,0.00826371368020773,526.7411927999929,0.8641975308641975,0.8641975308641975
reg3,reg3_m60_s1,es_learned,0,345,17260,1.3099228500502302,70.0,70.0,0.11933747206633151,0.0003693629826435757,20,34,0.011118732392787933,535.9752563000075,0.8641975308641975,0.8641975308641975
reg3,reg3_m60_s1,es_learned,0,350,17510,1.3099228500502302,70.0,70.0,0.1193374720663315,0.0003693629826435757,20,33,0.009652893990278244,541.1882047000108,0.8641975308641975,0.8641975308641975
reg3,reg3_m60_s1,es_learned,0,355,17760,1.3099228500502302,70.0,70.0,0.1193374720663315,0.0003693629826435757,20,33,0.011165296658873558,550.1695666000014,0.8641975308641975,0.8641975308641975
reg3,reg3_m60_s1,es_learned,0,360,18010,1.3099228500502302,70.0,70.0,0.11933747206633169,0.0003693629826434716,20,33,0.00976871233433485,559.4555546999909,0.8641975308641975,0.8641975308641975
reg3,reg3_m60_s1,es_learned,0,365,18260,1.3099228500502302,70.0,70.0,0.1193374720663316,0.00036936298264338835,20,34,0.008609589189291,564.5791610999731,0.8641975308641975,0.8641975308641975
reg3,reg3_m60_s1,es_learned,0,370,18510,1.3099228500502302,70.0,70.0,0.11933747206633173,0.0003693629826434369,20,34,0.009004037827253342,573.7708324000123,0.8641975308641975,0.8641975308641975
reg3,reg3_m60_s1,es_learned,0,375,18760,1.3099228500502302,70.0,70.0,0.11933747206633172,0.0003693629826435271,20,34,0.007847923785448074,582.8625584999681,0.8641975308641975,0.8641975308641975
reg3,reg3_m60_s1,es_learned,0,380,19010,1.3099228500502302,70.0,70.0,0.11933747206633175,0.00036936298264353407,20,33,0.008586823008954525,587.9301129999803,0.8641975308641975,0.8641975308641975
reg3,reg3_m60_s1,es_learned,0,385,19260,1.3099228500502302,70.0,70.0,0.11933747206633163,0.0003693629826435861,20,33,0.009757748804986477,596.9788004999864,0.8641975308641975,0.8641975308641975
reg3,reg3_m60_s1,es_learned,0,390,19510,1.3099228500502302,70.0,70.0,0.11933747206633162,0.0003693629826435896,20,34,0.009035111404955387,606.203984599968,0.8641975308641975,0.8641975308641975
reg3,reg3_m60_s1,es_learned,0,395,19760,1.3099228500502302,70.0,70.0,0.11933747206633172,0.0003693629826435271,20,34,0.00935246143490076,611.3425506000058,0.8641975308641975,0.8641975308641975
reg3,reg3_m60_s1,es_learned,0,400,20010,1.3099228500502302,70.0,70.0,0.11933747206633155,0.00036936298264360345,20,33,0.008673044852912426,620.3154062000103,0.8641975308641975,0.8641975308641975
reg3,reg3_m60_s1,es_learned,1,0,10,0.6998357169175002,44.0,43.5,0.07304383663338695,0.00098649445651193,20,35,,0.041230700036976486,0.5432098765432098,0.5370370370370371
reg3,reg3_m60_s1,es_learned,1,5,260,1.0443964666578398,60.0,57.6,0.06542508641702835,0.0016549458343483245,20,35,0.13296468555927277,5.051931600028183,0.7407407407407407,0.7111111111111111
reg3,reg3_m60_s1,es_learned,1,10,510,1.109808656590666,63.0,62.1,0.06295435851203254,0.0026109841428075126,20,36,0.13186484575271606,13.970848600030877,0.7777777777777778,0.7666666666666667
reg3,reg3_m60_s1,es_learned,1,15,760,1.175907341267402,65.0,63.5,0.10097937086954467,0.00237881765182402,20,36,0.10553893446922302,23.016856600006577,0.8024691358024691,0.7839506172839507
reg3,reg3_m60_s1,es_learned,1,20,1010,1.2072767901783832,66.0,65.4,0.08866457649453974,0.0010679554060780347,20,36,0.11708411574363708,28.093519600050058,0.8148148148148148,0.8074074074074075
reg3,reg3_m60_s1,es_learned,1,25,1260,1.240520793607545,67.0,66.5,0.09731780970945439,0.0008650452397219489,20,35,0.08517235517501831,37.1180963999941,0.8271604938271605,0.8209876543209876
reg3,reg3_m60_s1,es_learned,1,30,1510,1.2482942291722345,68.0,67.2,0.09057678795163332,0.0005527058012113617,20,36,0.08759601414203644,46.62294000003021,0.8395061728395061,0.8296296296296297
reg3,reg3_m60_s1,es_learned,1,35,1760,1.2482942291722345,68.0,67.2,0.09057678795163332,0.0005527058012113617,20,36,0.07303046435117722,51.82319100003224,0.8395061728395061,0.8296296296296297
reg3,reg3_m60_s1,es_learned,1,40,2010,1.2513705266237114,68.0,67.9,0.09272060563913916,0.0005527058012113981,20,34,0.04353455454111099,61.01183550001588,0.8395061728395061,0.8382716049382717
reg3,reg3_m60_s1,es_learned,1,45,2260,1.2546740879131455,68.0,68.1,0.09651810928879412,0.00233307479834146,20,35,0.03281436860561371,70.16217080003116,0.8395061728395061,0.8407407407407407
reg3,reg3_m60_s1,es_learned,1,50,2510,1.2546740879131455,68.0,67.9,0.09651810928879412,0.00233307479834146,20,35,0.03710842877626419,75.344995499996,0.8395061728395061,0.8382716049382717
reg3,reg3_m60_s1,es_learned,1,55,2760,1.2609177741599658,68.0,68.1,0.09974638133688768,0.003427211610824309,20,35,0.01966574415564537,84.36415920004947,0.8395061728395061,0.8407407407407407
reg3,reg3_m60_s1,es_learned,1,60,3010,1.2657855250025418,68.0,68.4,0.10547048891298653,0.0014292616374342523,20,35,0.019492818042635918,93.62769540003501,0.8395061728395061,0.8444444444444446
reg3,reg3_m60_s1,es_learned,1,65,3260,1.2686337785765474,69.0,68.7,0.09321441993396831,0.00235012422866512,20,34,0.026728156954050064,98.8050880000228,0.8518518518518519,0.8481481481481482
reg3,reg3_m60_s1,es_learned,1,70,3510,1.2721904700758686,69.0,69.0,0.10310322718206454,0.0016819495851365628,20,34,0.023500043898820877,107.98318260000087,0.8518518518518519,0.8518518518518519
reg3,reg3_m60_s1,es_learned,1,75,3760,1.2827702701475716,69.0,69.0,0.09070243314368912,0.0020946838049813107,20,36,0.026575282216072083,117.26090660004411,0.8518518518518519,0.8518518518518519
reg3,reg3_m60_s1,es_learned,1,80,4010,1.285994682442086,69.0,69.0,0.09229146244101433,0.00993951423223019,20,35,0.021821241825819016,122.41451480000978,0.8518518518518519,0.8518518518518519
reg3,reg3_m60_s1,es_learned,1,85,4260,1.2902781569692803,69.0,69.0,0.09555112896542867,7.115461378550368e-05,20,35,0.02581723779439926,131.5539512000396,0.8518518518518519,0.8518518518518519
reg3,reg3_m60_s1,es_learned,1,90,4510,1.296981499428657,69.0,69.0,0.09813167332100918,0.0027530505289123696,20,37,0.018076423555612564,140.65209810005035,0.8518518518518519,0.8518518518518519
reg3,reg3_m60_s1,es_learned,1,95,4760,1.296981499428657,69.0,69.0,0.09813167332100918,0.0027530505289123696,20,37,0.02258976362645626,145.77333510003518,0.8518518518518519,0.8518518518518519
reg3,reg3_m60_s1,es_learned,1,100,5010,1.2991573861158114,69.0,69.0,0.10053174243141455,0.007220461017781495,20,37,0.022035660222172737,154.70982839999488,0.8518518518518519,0.8518518518518519
reg3,reg3_m60_s1,es_learned,1,105,5260,1.2991573861158114,69.0,69.0,0.10053174243141455,0.007220461017781495,20,37,0.024717116728425026,163.65840280003613,0.8518518518518519,0.8518518518518519
reg3,reg3_m60_s1,es_learned,1,110,5510,1.301843683784865,69.0,69.0,0.10998483230213085,0.004625784736296502,20,37,0.020447246730327606,168.74854990001768,0.8518518518518519,0.8518518518518519
reg3,reg3_m60_s1,es_learned,1,115,5760,1.301843683784865,69.0,69.0,0.10998483230213085,0.004625784736296502,20,37,0.02248680219054222,177.6753691000049,0.8518518518518519,0.8518518518518519
reg3,reg3_m60_s1,es_learned,1,120,6010,1.3057700915365853,70.0,69.1,0.09962204187114876,0.006817319500418084,20,37,0.022418834269046783,186.96222139999736,0.8641975308641975,0.8530864197530863
reg3,reg3_m60_s1,es_learned,1,125,6260,1.3057700915365853,70.0,69.7,0.09962204187114876,0.006817319500418084,20,37,0.01978679932653904,192.2914715000079,0.8641975308641975,0.8604938271604938
reg3,reg3_m60_s1,es_learned,1,130,6510,1.3109411636130834,70.0,70.0,0.10769694958499097,0.0034409219280519786,20,37,0.01635645516216755,201.44251040002564,0.8641975308641975,0.8641975308641975
reg3,reg3_m60_s1,es_learned,1,135,6760,1.312660041586199,70.0,70.0,0.10037066544936932,0.00553624939716937,20,37,0.015157414600253105,210.68318640004145,0.8641975308641975,0.8641975308641975
reg3,reg3_m60_s1,es_learned,1,140,7010,1.312660041586199,70.0,70.0,0.10037066544936932,0.00553624939716937,20,37,0.015863794833421707,215.86939170002006,0.8641975308641975,0.8641975308641975
reg3,reg3_m60_s1,es_learned,1,145,7260,1.3138961044223236,70.0,70.0,0.10429053044057159,0.005393720061232624,20,38,0.012769571505486965,224.9270185000496,0.8641975308641975,0.8641975308641975
reg3,reg3_m60_s1,es_learned,1,150,7510,1.3142886462829648,70.0,70.0,0.10156854955148525,0.000802132477070585,20,38,0.019402094185352325,233.9643610000494,0.8641975308641975,0.8641975308641975
reg3,reg3_m60_s1,es_learned,1,155,7760,1.3142886462829648,70.0,70.0,0.1015685495514852,0.0008021324770707133,20,38,0.01605597510933876,239.10038050002186,0.8641975308641975,0.8641975308641975
reg3,reg3_m60_s1,es_learned,1,160,8010,1.3149560331643229,70.0,70.0,0.11222407636636156,0.00608762283602584,20,37,0.018225498497486115,248.13908890000312,0.8641975308641975,0.8641975308641975
reg3,reg3_m60_s1,es_learned,1,165,8260,1.3149560331643229,70.0,70.0,0.1122240763663615,0.006087622836025869,20,38,0.014275260269641876,257.3287740999949,0.8641975308641975,0.8641975308641975
reg3,reg3_m60_s1,es_learned,1,170,8510,1.3149560331643229,70.0,70.0,0.11222407636636156,0.00608762283602584,20,37,0.012925568036735058,262.287412900012,0.8641975308641975,0.8641975308641975
reg3,reg3_m60_s1,es_learned,1,175,8760,1.314956033164323,70.0,70.0,0.11222407636636164,0.00608762283602594,20,38,0.012011634185910225,271.54526790004456,0.8641975308641975,0.8641975308641975
reg3,reg3_m60_s1,es_learned,1,180,9010,1.314956033164323,70.0,70.0,0.1122240763663617,0.006087622836025871,20,36,0.01316426694393158,280.6497043000418,0.8641975308641975,0.8641975308641975
reg3,reg3_m60_s1,es_learned,1,185,9260,1.3150560158651252,70.0,70.0,0.10631207678519364,0.004120255491123274,20,38,0.013618731871247292,285.7529321000329,0.8641975308641975,0.8641975308641975
reg3,reg3_m60_s1,es_learned,1,190,9510,1.3150560158651252,70.0,70.0,0.10631207678519364,0.004120255491123274,20,38,0.01428412925451994,294.85646189999534,0.8641975308641975,0.8641975308641975
reg3,reg3_m60_s1,es_learned,1,195,9760,1.3158737470391304,70.0,70.0,0.10648565287974705,0.00460161406273699,20,38,0.015547228045761585,303.9952656000387,0.8641975308641975,0.8641975308641975
reg3,reg3_m60_s1,es_learned,1,200,10010,1.3158737470391304,70.0,70.0,0.10648565287974705,0.00460161406273699,20,38,0.0163559652864933,309.24214440002106,0.8641975308641975,0.8641975308641975
reg3,reg3_m60_s1,es_learned,1,205,10260,1.3158737470391304,70.0,70.0,0.10648565287974705,0.00460161406273699,20,38,0.014484664425253868,318.43125580000924,0.8641975308641975,0.8641975308641975
reg3,reg3_m60_s1,es_learned,1,210,10510,1.3158737470391304,70.0,70.0,0.10648565287974705,0.00460161406273699,20,38,0.014617402106523514,327.5948583999998,0.8641975308641975,0.8641975308641975
reg3,reg3_m60_s1,es_learned,1,215,10760,1.3158737470391304,70.0,70.0,0.10648565287974725,0.004601614062736962,20,36,0.016249429434537888,332.8384586000466,0.8641975308641975,0.8641975308641975
reg3,reg3_m60_s1,es_learned,1,220,11010,1.3158737470391304,70.0,70.0,0.10648565287974726,0.004601614062736934,20,38,0.010437024757266045,342.09047160000773,0.8641975308641975,0.8641975308641975
reg3,reg3_m60_s1,es_learned,1,225,11260,1.3158737470391304,70.0,70.0,0.10648565287974734,0.004601614062737054,20,37,0.01380238588899374,351.03548810002394,0.8641975308641975,0.8641975308641975
reg3,reg3_m60_s1,es_learned,1,230,11510,1.3176895134332998,70.0,70.0,0.11644700065207789,0.0018399077895185703,20,37,0.010152038186788559,356.29272050003055,0.8641975308641975,0.8641975308641975
reg3,reg3_m60_s1,es_learned,1,235,11760,1.3176895134332998,70.0,70.0,0.11644700065207789,0.0018399077895185703,20,37,0.011574730277061462,365.5389023000025,0.8641975308641975,0.8641975308641975
reg3,reg3_m60_s1,es_learned,1,240,12010,1.3176895134332998,70.0,70.0,0.11644700065207789,0.0018399077895185703,20,37,0.013848821632564068,374.5578333000303,0.8641975308641975,0.8641975308641975
reg3,reg3_m60_s1,es_learned,1,245,12260,1.318595401389538,71.0,70.1,0.09028208879918012,0.0015761648207229893,20,38,0.011954958550632,379.7644530000398,0.8765432098765432,0.865432098765432
reg3,reg3_m60_s1,es_learned,1,250,12510,1.318595401389538,71.0,70.1,0.09028208879918012,0.0015761648207229893,20,38,0.014009295962750912,389.00783950003097,0.8765432098765432,0.865432098765432
reg3,reg3_m60_s1,es_learned,1,255,12760,1.318595401389538,71.0,70.2,0.09028208879918012,0.0015761648207229893,20,38,0.011747277341783047,398.19352380000055,0.8765432098765432,0.8666666666666667
reg3,reg3_m60_s1,es_learned,1,260,13010,1.3235760213983125,72.0,70.4,0.08443620248155427,0.00026190981349134314,20,37,0.01194295845925808,403.41620360000525,0.8888888888888888,0.8691358024691359
reg3,reg3_m60_s1,es_learned,1,265,13260,1.3348582704294085,72.0,71.6,0.09194864183266481,0.0005968282588599827,20,38,0.014768633991479874,412.7553748000064,0.8888888888888888,0.8839506172839505
reg3,reg3_m60_s1,es_learned,1,270,13510,1.3349290682581338,72.0,72.0,0.09534531627136268,0.0006246967602782441,20,38,0.009626206010580063,421.90201220003655,0.8888888888888888,0.8888888888888888
reg3,reg3_m60_s1,es_learned,1,275,13760,1.3384726724749165,72.0,72.0,0.10513324328147106,0.00040850969480449827,20,38,0.012948385439813137,427.1134070000262,0.8888888888888888,0.8888888888888888
reg3,reg3_m60_s1,es_learned,1,280,14010,1.3548444964740707,73.0,72.2,0.10412477783524157,0.0007013897084823788,20,38,0.00890556164085865,436.1546107000322,0.9012345679012346,0.891358024691358
reg3,reg3_m60_s1,es_learned,1,285,14260,1.3570116397718612,73.0,72.5,0.10448014456993746,0.0010670411513825648,20,38,0.012767856009304523,445.3283392000012,0.9012345679012346,0.8950617283950617
reg3,reg3_m60_s1,es_learned,1,290,14510,1.3570116397718612,73.0,72.9,0.10448014456993746,0.0010670411513825648,20,38,0.008953518234193325,450.4888781000045,0.9012345679012346,0.9
reg3,reg3_m60_s1,es_learned,1,295,14760,1.3593092419651012,73.0,73.0,0.10076459187869188,0.0011326401754044868,20,38,0.012047383934259415,459.61610360001214,0.9012345679012346,0.9012345679012346
reg3,reg3_m60_s1,es_learned,1,300,15010,1.364491866582154,73.0,73.0,0.10256790686382478,0.005519543685764686,20,38,0.011938584968447685,469.10703940002713,0.9012345679012346,0.9012345679012346
reg3,reg3_m60_s1,es_learned,1,305,15260,1.3694811129215172,73.0,73.0,0.11030616123971504,0.006002901294704793,20,38,0.011168482713401318,474.23604750004597,0.9012345679012346,0.9012345679012346
reg3,reg3_m60_s1,es_learned,1,310,15510,1.3694811129215172,73.0,73.0,0.11030616123971501,0.0060029012947047725,20,38,0.011463728733360767,483.16585480002686,0.9012345679012346,0.9012345679012346
reg3,reg3_m60_s1,es_learned,1,315,15760,1.3694811129215172,73.0,73.0,0.11030616123971501,0.0060029012947048,20,38,0.012724252417683601,492.30742750002537,0.9012345679012346,0.9012345679012346
reg3,reg3_m60_s1,es_learned,1,320,16010,1.3702459145659744,73.0,73.0,0.1238208017963211,0.003118526479217381,20,38,0.011452345177531242,497.39157910004724,0.9012345679012346,0.9012345679012346
reg3,reg3_m60_s1,es_learned,1,325,16260,1.3706964046282453,73.0,73.0,0.10666601164562284,0.001185159330566305,20,37,0.010119698941707611,506.5129342,0.9012345679012346,0.9012345679012346
reg3,reg3_m60_s1,es_learned,1,330,16510,1.3713494694268082,73.0,73.0,0.11395751250478303,0.0005360299547304105,20,38,0.010707197710871696,515.6757266000495,0.9012345679012346,0.9012345679012346
reg3,reg3_m60_s1,es_learned,1,335,16760,1.3753838761496038,73.0,73.0,0.09993196393711457,0.004785288528599073,20,37,0.011181922629475594,520.8477792000049,0.9012345679012346,0.9012345679012346
reg3,reg3_m60_s1,es_learned,1,340,17010,1.3753838761496038,73.0,73.0,0.09993196393711457,0.004785288528599073,20,37,0.011545983143150806,530.2181469000061,0.9012345679012346,0.9012345679012346
reg3,reg3_m60_s1,es_learned,1,345,17260,1.3753838761496038,73.0,73.0,0.09993196393711457,0.004785288528599073,20,37,0.009774691425263882,539.3113035000279,0.9012345679012346,0.9012345679012346
reg3,reg3_m60_s1,es_learned,1,350,17510,1.3753838761496038,73.0,73.0,0.09993196393711457,0.004785288528599073,20,37,0.012097545899450779,544.420920900011,0.9012345679012346,0.9012345679012346
reg3,reg3_m60_s1,es_learned,1,355,17760,1.375768921343695,73.0,73.0,0.09981143272722913,0.00202518924686209,20,37,0.01235155388712883,553.6342594000162,0.9012345679012346,0.9012345679012346
reg3,reg3_m60_s1,es_learned,1,360,18010,1.3774189560367307,73.0,73.0,0.10569316001177795,0.0024774889462607814,20,37,0.009890818037092686,562.8467840999947,0.9012345679012346,0.9012345679012346
reg3,reg3_m60_s1,es_learned,1,365,18260,1.3783574090485033,73.0,73.0,0.10878064780693689,0.000625909389890985,20,37,0.0077739255502820015,568.1955717999954,0.9012345679012346,0.9012345679012346
reg3,reg3_m60_s1,es_learned,1,370,18510,1.3789166478677037,73.0,73.0,0.09829653324773041,0.002025189246861979,20,37,0.010234839282929897,577.467032000015,0.9012345679012346,0.9012345679012346
reg3,reg3_m60_s1,es_learned,1,375,18760,1.3789166478677037,73.0,73.0,0.09829653324773041,0.002025189246861979,20,37,0.010300341993570328,586.4196861000382,0.9012345679012346,0.9012345679012346
reg3,reg3_m60_s1,es_learned,1,380,19010,1.3793118860465534,73.0,73.0,0.10735637766216909,0.0038057403529298314,20,37,0.008498157374560833,591.5613212000462,0.9012345679012346,0.9012345679012346
reg3,reg3_m60_s1,es_learned,1,385,19260,1.3793118860465534,73.0,73.0,0.10735637766216909,0.0038057403529298314,20,37,0.008046012371778488,601.110903599998,0.9012345679012346,0.9012345679012346
reg3,reg3_m60_s1,es_learned,1,390,19510,1.3793118860465534,73.0,73.0,0.10735637766216909,0.0038057403529298314,20,37,0.00942276045680046,610.5610711000045,0.9012345679012346,0.9012345679012346
reg3,reg3_m60_s1,es_learned,1,395,19760,1.3793118860465534,73.0,73.0,0.10735637766216909,0.0038057403529298314,20,37,0.01103967521339655,615.647648000042,0.9012345679012346,0.9012345679012346
reg3,reg3_m60_s1,es_learned,1,400,20010,1.3793118860465534,73.0,73.0,0.10735637766216909,0.0038057403529298314,20,37,0.009966242127120495,624.9336628000019,0.9012345679012346,0.9012345679012346
reg3,reg3_m60_s1,es_learned,2,0,10,0.7742332023138776,46.0,46.1,0.03190252217659621,0.0017974010528312402,20,35,,0.04329300002427772,0.5679012345679012,0.5691358024691359
reg3,reg3_m60_s1,es_learned,2,5,260,1.0481534516851647,59.0,57.2,0.062055072232368454,0.002398771845854023,20,34,0.13769377768039703,5.242887899978086,0.7283950617283951,0.7061728395061728
reg3,reg3_m60_s1,es_learned,2,10,510,1.0862763800268842,61.0,60.5,0.06794094705229742,0.0004015759956967442,20,33,0.14117057621479034,14.44616649998352,0.7530864197530864,0.7469135802469136
reg3,reg3_m60_s1,es_learned,2,15,760,1.1756847428904598,65.0,62.4,0.07110576975315056,8.496953582881606e-05,20,34,0.1141747310757637,23.609977299987804,0.8024691358024691,0.7703703703703704
reg3,reg3_m60_s1,es_learned,2,20,1010,1.212949385602455,68.0,65.1,0.05840791680354292,0.0005234974065116312,20,33,0.10370705276727676,28.850315499992575,0.8395061728395061,0.8037037037037036
reg3,reg3_m60_s1,es_learned,2,25,1260,1.2407188863523102,70.0,68.1,0.04766809061306776,0.00102151991788077,20,34,0.08385024964809418,38.046615200000815,0.8641975308641975,0.8407407407407407
reg3,reg3_m60_s1,es_learned,2,30,1510,1.2407188863523102,70.0,69.3,0.04766809061306776,0.00102151991788077,20,34,0.06066369637846947,47.26263199996902,0.8641975308641975,0.8555555555555555
reg3,reg3_m60_s1,es_learned,2,35,1760,1.2490443309306751,70.0,70.0,0.062439083030528544,0.0010010777346047533,20,34,0.06193958967924118,52.40083840000443,0.8641975308641975,0.8641975308641975
reg3,reg3_m60_s1,es_learned,2,40,2010,1.2633104614131312,71.0,70.1,0.05954655261373428,0.0006290318382194682,20,33,0.04895994812250137,61.54660469997907,0.8765432098765432,0.865432098765432
reg3,reg3_m60_s1,es_learned,2,45,2260,1.2633104614131312,71.0,70.2,0.05954655261373428,0.0006290318382194682,20,33,0.03859543055295944,70.69407399999909,0.8765432098765432,0.8666666666666667
reg3,reg3_m60_s1,es_learned,2,50,2510,1.2633104614131312,71.0,70.4,0.05954655261373428,0.0006290318382194682,20,33,0.03672437369823456,75.93631600000663,0.8765432098765432,0.8691358024691359
reg3,reg3_m60_s1,es_learned,2,55,2760,1.2633104614131312,71.0,70.9,0.05954655261373428,0.0006290318382194682,20,33,0.03126281499862671,85.08237149997149,0.8765432098765432,0.8753086419753087
reg3,reg3_m60_s1,es_learned,2,60,3010,1.2679962845506156,71.0,71.0,0.07034246559897517,0.0005312794814016711,20,33,0.03015110082924366,94.38317889999598,0.8765432098765432,0.8765432098765432
reg3,reg3_m60_s1,es_learned,2,65,3260,1.269378352025702,71.0,71.0,0.076655425937103,0.0011596869705439265,20,32,0.03608937934041023,99.52234440000029,0.8765432098765432,0.8765432098765432
reg3,reg3_m60_s1,es_learned,2,70,3510,1.269378352025702,71.0,71.0,0.076655425937103,0.0011596869705439265,20,32,0.023462792858481407,108.792963600019,0.8765432098765432,0.8765432098765432
reg3,reg3_m60_s1,es_learned,2,75,3760,1.269378352025702,71.0,71.0,0.076655425937103,0.0011596869705439265,20,32,0.02690516784787178,117.97720939997816,0.8765432098765432,0.8765432098765432
reg3,reg3_m60_s1,es_learned,2,80,4010,1.269378352025702,71.0,71.0,0.076655425937103,0.0011596869705439265,20,32,0.04056462645530701,123.25097769999411,0.8765432098765432,0.8765432098765432
reg3,reg3_m60_s1,es_learned,2,85,4260,1.2701447378068635,71.0,71.0,0.0656754781608739,0.001361693212192483,20,32,0.028124026954174042,132.49739059997955,0.8765432098765432,0.8765432098765432
reg3,reg3_m60_s1,es_learned,2,90,4510,1.2701447378068635,71.0,71.0,0.0656754781608739,0.001361693212192483,20,32,0.023421362042427063,141.64830950001488,0.8765432098765432,0.8765432098765432
reg3,reg3_m60_s1,es_learned,2,95,4760,1.2701447378068635,71.0,71.0,0.0656754781608739,0.001361693212192594,20,32,0.023697398602962494,146.8248828999931,0.8765432098765432,0.8765432098765432
reg3,reg3_m60_s1,es_learned,2,100,5010,1.2719228475099686,71.0,71.0,0.06298361623487206,0.0028567637903953967,20,34,0.02265438251197338,155.94426660001045,0.8765432098765432,0.8765432098765432
reg3,reg3_m60_s1,es_learned,2,105,5260,1.2719228475099689,71.0,71.0,0.06298361623487224,0.002856763790395428,20,34,0.019306626170873642,164.94890720001422,0.8765432098765432,0.8765432098765432
reg3,reg3_m60_s1,es_learned,2,110,5510,1.2759815655989288,71.0,71.0,0.06416497311920047,0.0012383604557426424,20,34,0.020824935287237167,170.25963099999353,0.8765432098765432,0.8765432098765432
reg3,reg3_m60_s1,es_learned,2,115,5760,1.2759815655989288,71.0,71.0,0.06416497311920047,0.0012383604557426424,20,34,0.02116934210062027,179.6282825000235,0.8765432098765432,0.8765432098765432
reg3,reg3_m60_s1,es_learned,2,120,6010,1.2759815655989288,71.0,71.0,0.06416497311920047,0.0012383604557426424,20,34,0.014175204560160637,188.85140949999914,0.8765432098765432,0.8765432098765432
reg3,reg3_m60_s1,es_learned,2,125,6260,1.2759815655989288,71.0,71.0,0.06416497311920047,0.0012383604557426424,20,34,0.020970914512872696,194.18042709998554,0.8765432098765432,0.8765432098765432
reg3,reg3_m60_s1,es_learned,2,130,6510,1.2776433616413583,71.0,71.0,0.06125777220059821,0.0013889456930230894,20,35,0.017747897654771805,203.40574249997735,0.8765432098765432,0.8765432098765432
reg3,reg3_m60_s1,es_learned,2,135,6760,1.2776433616413583,71.0,71.0,0.06125777220059821,0.0013889456930230894,20,35,0.018289703875780106,212.67038590001175,0.8765432098765432,0.8765432098765432
reg3,reg3_m60_s1,es_learned,2,140,7010,1.2776433616413585,71.0,71.0,0.06125777220059839,0.001388945693023072,20,34,0.017176322638988495,217.88150999997742,0.8765432098765432,0.8765432098765432
reg3,reg3_m60_s1,es_learned,2,145,7260,1.2776433616413585,71.0,71.0,0.06125777220059839,0.001388945693023072,20,34,0.013800758868455887,226.89954479999142,0.8765432098765432,0.8765432098765432
reg3,reg3_m60_s1,es_learned,2,150,7510,1.2839422984047477,71.0,71.0,0.07593808031096684,0.0009506278689279599,20,34,0.013877260498702526,236.06171560002258,0.8765432098765432,0.8765432098765432
reg3,reg3_m60_s1,es_learned,2,155,7760,1.283942298404748,71.0,71.0,0.07593808031096688,0.0009506278689278419,20,34,0.014697039499878883,241.28139730001567,0.8765432098765432,0.8765432098765432
reg3,reg3_m60_s1,es_learned,2,160,8010,1.287208649261221,71.0,71.0,0.07712387648012123,0.0006145415007339713,20,34,0.01367190945893526,250.21418229996925,0.8765432098765432,0.8765432098765432
reg3,reg3_m60_s1,es_learned,2,165,8260,1.2872086492612211,71.0,71.0,0.07712387648012137,0.0006145415007338915,20,33,0.01494662556797266,259.43927319999784,0.8765432098765432,0.8765432098765432
reg3,reg3_m60_s1,es_learned,2,170,8510,1.2910511049905915,71.0,71.0,0.07507828785868381,0.0011142655163693255,20,33,0.014310487546026707,264.595341200009,0.8765432098765432,0.8765432098765432
reg3,reg3_m60_s1,es_learned,2,175,8760,1.2910511049905917,71.0,71.0,0.07507828785868387,0.0011142655163694226,20,33,0.016527928411960602,273.35824630002026,0.8765432098765432,0.8765432098765432
reg3,reg3_m60_s1,es_learned,2,180,9010,1.2935421753152154,71.0,71.0,0.07512438795784893,0.0017568994933837428,20,33,0.01370268315076828,282.4027015999891,0.8765432098765432,0.8765432098765432
reg3,reg3_m60_s1,es_learned,2,185,9260,1.2935421753152154,71.0,71.0,0.0751243879578489,0.0017568994933837498,20,32,0.015071104280650616,287.50737740000477,0.8765432098765432,0.8765432098765432
reg3,reg3_m60_s1,es_learned,2,190,9510,1.2935421753152154,71.0,71.0,0.07512438795784893,0.0017568994933837428,20,33,0.015163436532020569,296.7032617999939,0.8765432098765432,0.8765432098765432
reg3,reg3_m60_s1,es_learned,2,195,9760,1.2935421753152156,71.0,71.0,0.07512438795784895,0.0017568994933836526,20,31,0.014496594667434692,305.7858668999979,0.8765432098765432,0.8765432098765432
reg3,reg3_m60_s1,es_learned,2,200,10010,1.2935421753152156,71.0,71.0,0.07512438795784895,0.0017568994933836526,20,31,0.012443050742149353,311.1077884999686,0.8765432098765432,0.8765432098765432
reg3,reg3_m60_s1,es_learned,2,205,10260,1.2941553736875897,71.0,71.0,0.07791280696272396,8.30460718702214e-05,20,34,0.013974693603813648,320.379679900012,0.8765432098765432,0.8765432098765432
reg3,reg3_m60_s1,es_learned,2,210,10510,1.295199607191336,71.0,71.0,0.078549733682847,2.1037671188647855e-06,20,34,0.011304544284939766,329.5812946999795,0.8765432098765432,0.8765432098765432
reg3,reg3_m60_s1,es_learned,2,215,10760,1.295199607191336,71.0,71.0,0.078549733682847,2.1037671188647855e-06,20,34,0.013824798166751862,334.93509189999895,0.8765432098765432,0.8765432098765432
reg3,reg3_m60_s1,es_learned,2,220,11010,1.2967451747125165,71.0,71.0,0.08170641794221001,0.0001731703371016212,20,35,0.014445031993091106,344.28904120001243,0.8765432098765432,0.8765432098765432
reg3,reg3_m60_s1,es_learned,2,225,11260,1.2967451747125165,71.0,71.0,0.08170641794221001,0.0001731703371016212,20,35,0.012755878269672394,353.66351829998894,0.8765432098765432,0.8765432098765432
reg3,reg3_m60_s1,es_learned,2,230,11510,1.2967451747125165,71.0,71.0,0.08170641794220988,0.00017317033710177038,20,35,0.014513363130390644,358.8138167000143,0.8765432098765432,0.8765432098765432
reg3,reg3_m60_s1,es_learned,2,235,11760,1.2979139191444973,71.0,71.0,0.08318230706201567,0.000663217606511007,20,35,0.011820551007986069,367.9434248000034,0.8765432098765432,0.8765432098765432
reg3,reg3_m60_s1,es_learned,2,240,12010,1.2979139191444975,71.0,71.0,0.08318230706201565,0.0006632176065109498,20,34,0.011781235225498676,377.0470637999824,0.8765432098765432,0.8765432098765432
reg3,reg3_m60_s1,es_learned,2,245,12260,1.2979139191444975,71.0,71.0,0.08318230706201565,0.0006632176065109498,20,34,0.012674949131906033,382.34748150000814,0.8765432098765432,0.8765432098765432
reg3,reg3_m60_s1,es_learned,2,250,12510,1.2979139191444975,71.0,71.0,0.08318230706201558,0.0006632176065109255,20,34,0.013520542532205582,391.45296189998044,0.8765432098765432,0.8765432098765432
reg3,reg3_m60_s1,es_learned,2,255,12760,1.2979139191444975,71.0,71.0,0.0831823070620156,0.0006632176065109185,20,32,0.011419718153774738,400.66056230000686,0.8765432098765432,0.8765432098765432
reg3,reg3_m60_s1,es_learned,2,260,13010,1.2981162535511608,71.0,71.0,0.08257385111956872,0.0010282776173370436,20,34,0.009756610728800297,405.96004729997367,0.8765432098765432,0.8765432098765432
reg3,reg3_m60_s1,es_learned,2,265,13260,1.305115439654541,71.0,71.0,0.08636836070474521,0.001081476852310359,20,33,0.009226866997778416,414.99564340000506,0.8765432098765432,0.8765432098765432
reg3,reg3_m60_s1,es_learned,2,270,13510,1.305115439654541,71.0,71.0,0.08636836070474527,0.001081476852310458,20,33,0.01120136771351099,424.38438699999824,0.8765432098765432,0.8765432098765432
reg3,reg3_m60_s1,es_learned,2,275,13760,1.3052876719907773,71.0,71.0,0.08635490534575568,0.0003740096279496799,20,33,0.012814868241548538,429.7207820999902,0.8765432098765432,0.8765432098765432
reg3,reg3_m60_s1,es_learned,2,280,14010,1.3052876719907773,71.0,71.0,0.08635490534575567,0.0003740096279496903,20,34,0.011782592162489891,438.88190729997586,0.8765432098765432,0.8765432098765432
reg3,reg3_m60_s1,es_learned,2,285,14260,1.3052876719907773,71.0,71.0,0.08635490534575568,0.00037400962794971807,20,34,0.010948100127279758,448.1139474000083,0.8765432098765432,0.8765432098765432
reg3,reg3_m60_s1,es_learned,2,290,14510,1.3052876719907776,71.0,71.0,0.08635490534575571,0.0003740096279496105,20,35,0.01114546600729227,453.3749680999899,0.8765432098765432,0.8765432098765432
reg3,reg3_m60_s1,es_learned,2,295,14760,1.3052876719907776,71.0,71.0,0.08635490534575571,0.0003740096279496105,20,35,0.008622514083981514,462.4089188000071,0.8765432098765432,0.8765432098765432
reg3,reg3_m60_s1,es_learned,2,300,15010,1.3052876719907776,71.0,71.0,0.0863549053457558,0.0003740096279496244,20,35,0.008615233935415745,471.51312299998244,0.8765432098765432,0.8765432098765432
reg3,reg3_m60_s1,es_learned,2,305,15260,1.3052876719907776,71.0,71.0,0.08635490534575566,0.00037400962794960704,20,34,0.01415063813328743,476.6443749999744,0.8765432098765432,0.8765432098765432
reg3,reg3_m60_s1,es_learned,2,310,15510,1.3052876719907776,71.0,71.0,0.0863549053457558,0.0003740096279496244,20,35,0.01260446198284626,485.63772509997943,0.8765432098765432,0.8765432098765432
reg3,reg3_m60_s1,es_learned,2,315,15760,1.3052876719907776,71.0,71.0,0.08635490534575566,0.0003740096279496452,20,35,0.007516651879996061,494.70091379998485,0.8765432098765432,0.8765432098765432
reg3,reg3_m60_s1,es_learned,2,320,16010,1.3052876719907776,71.0,71.0,0.0863549053457557,0.00037400962794972153,20,34,0.013843584805727005,499.8885743999854,0.8765432098765432,0.8765432098765432
reg3,reg3_m60_s1,es_learned,2,325,16260,1.3052876719907776,71.0,71.0,0.08635490534575571,0.0003740096279496105,20,35,0.010055714286863804,509.4837832999765,0.8765432098765432,0.8765432098765432
reg3,reg3_m60_s1,es_learned,2,330,16510,1.3052876719907776,71.0,71.0,0.0863549053457557,0.00037400962794972153,20,34,0.008363286964595318,518.698480400024,0.8765432098765432,0.8765432098765432
reg3,reg3_m60_s1,es_learned,2,335,16760,1.3052876719907776,71.0,71.0,0.08635490534575566,0.00037400962794960704,20,34,0.009984830394387245,523.8819135000231,0.8765432098765432,0.8765432098765432
reg3,reg3_m60_s1,es_learned,2,340,17010,1.3052876719907776,71.0,71.0,0.08635490534575566,0.00037400962794982215,20,34,0.008169649168848991,533.0096816999721,0.8765432098765432,0.8765432098765432
reg3,reg3_m60_s1,es_learned,2,345,17260,1.3052876719907776,71.0,71.0,0.08635490534575574,0.0003740096279498256,20,34,0.008104391396045685,541.9880613000132,0.8765432098765432,0.8765432098765432
reg3,reg3_m60_s1,es_learned,2,350,17510,1.3052876719907776,71.0,71.0,0.08635490534575567,0.00037400962794968337,20,34,0.011179075576364994,547.1831830000156,0.8765432098765432,0.8765432098765432
reg3,reg3_m60_s1,es_learned,2,355,17760,1.3052876719907776,71.0,71.0,0.08635490534575573,0.00037400962794976664,20,34,0.01116370689123869,556.4050761999679,0.8765432098765432,0.8765432098765432
reg3,reg3_m60_s1,es_learned,2,360,18010,1.3052876719907776,71.0,71.0,0.08635490534575568,0.0003740096279496209,20,33,0.009121347218751907,565.6062660000171,0.8765432098765432,0.8765432098765432
reg3,reg3_m60_s1,es_learned,2,365,18260,1.3052876719907776,71.0,71.0,0.08635490534575574,0.0003740096279498256,20,34,0.009965980425477028,570.8586252999958,0.8765432098765432,0.8765432098765432
reg3,reg3_m60_s1,es_learned,2,370,18510,1.3052876719907776,71.0,71.0,0.08635490534575573,0.00037400962794976664,20,34,0.008423961699008942,580.1235982999788,0.8765432098765432,0.8765432098765432
reg3,reg3_m60_s1,es_learned,2,375,18760,1.3052876719907776,71.0,71.0,0.08635490534575563,0.0003740096279494613,20,34,0.00827993918210268,589.151982099982,0.8765432098765432,0.8765432098765432
reg3,reg3_m60_s1,es_learned,2,380,19010,1.3052876719907776,71.0,71.0,0.08635490534575567,0.00037400962794968337,20,34,0.009730041027069092,594.447651399998,0.8765432098765432,0.8765432098765432
reg3,reg3_m60_s1,es_learned,2,385,19260,1.3052876719907776,71.0,71.0,0.08635490534575574,0.0003740096279498256,20,34,0.01322165597230196,603.5374332999927,0.8765432098765432,0.8765432098765432
reg3,reg3_m60_s1,es_learned,2,390,19510,1.3052876719907776,71.0,71.0,0.08635490534575573,0.00037400962794976664,20,34,0.010230652987957,612.6373492999701,0.8765432098765432,0.8765432098765432
reg3,reg3_m60_s1,es_learned,2,395,19760,1.3052876719907776,71.0,71.0,0.0863549053457557,0.00037400962794972153,20,34,0.010422389954328537,617.9183768000221,0.8765432098765432,0.8765432098765432
reg3,reg3_m60_s1,es_learned,2,400,20010,1.3052876719907776,71.0,71.0,0.08635490534575566,0.0003740096279497458,20,33,0.00897951889783144,627.0520617999719,0.8765432098765432,0.8765432098765432
reg3,reg3_m60_s1,es_learned,3,0,10,0.6895079475397997,41.0,44.8,0.043618584570616764,1.984089975648473e-17,20,32,,0.03724159998819232,0.5061728395061729,0.5530864197530864
reg3,reg3_m60_s1,es_learned,3,5,260,1.1173143673478307,64.0,58.9,0.04789508580006005,6.299214622140781e-17,20,35,0.14279364049434662,5.169234699977096,0.7901234567901234,0.7271604938271605
reg3,reg3_m60_s1,es_learned,3,10,510,1.1769392796173253,67.0,66.0,0.04891940052930603,0.0004635964906577472,20,35,0.14004017412662506,14.514970900025219,0.8271604938271605,0.8148148148148148
reg3,reg3_m60_s1,es_learned,3,15,760,1.2306446781395297,69.0,67.5,0.06324714179514976,0.004393551097918552,20,35,0.1147516667842865,23.618688800022937,0.8518518518518519,0.8333333333333334
reg3,reg3_m60_s1,es_learned,3,20,1010,1.2467866662562994,70.0,69.0,0.06056150552654792,0.002302077157595603,20,35,0.09728964418172836,28.846919499977957,0.8641975308641975,0.8518518518518519
reg3,reg3_m60_s1,es_learned,3,25,1260,1.253040004006822,70.0,69.5,0.06817046548313233,0.002428602749983466,20,35,0.06523938477039337,38.02325630001724,0.8641975308641975,0.8580246913580247
reg3,reg3_m60_s1,es_learned,3,30,1510,1.253040004006822,70.0,70.0,0.06817046548313235,0.00242860274998348,20,34,0.06628262251615524,47.24754249997204,0.8641975308641975,0.8641975308641975
reg3,reg3_m60_s1,es_learned,3,35,1760,1.253040004006822,70.0,70.0,0.06817046548313235,0.00242860274998348,20,34,0.0851328894495964,52.48221470002318,0.8641975308641975,0.8641975308641975
reg3,reg3_m60_s1,es_learned,3,40,2010,1.253040004006822,70.0,70.0,0.06817046548313244,0.002428602749983369,20,34,0.0635579451918602,61.65188630000921,0.8641975308641975,0.8641975308641975
reg3,reg3_m60_s1,es_learned,3,45,2260,1.2605998579797557,70.0,70.0,0.06918599111184404,0.0008131716424756019,20,35,0.05118776112794876,70.84100239997497,0.8641975308641975,0.8641975308641975
reg3,reg3_m60_s1,es_learned,3,50,2510,1.2610062452223092,70.0,70.0,0.06922489058626874,0.005311006415306768,20,36,0.04041583836078644,75.98571999999695,0.8641975308641975,0.8641975308641975
reg3,reg3_m60_s1,es_learned,3,55,2760,1.2610062452223092,70.0,70.0,0.06922489058626874,0.005311006415306768,20,36,0.029726704582571983,85.11838260001969,0.8641975308641975,0.8641975308641975
reg3,reg3_m60_s1,es_learned,3,60,3010,1.2610062452223092,70.0,70.0,0.06922489058626874,0.005311006415306768,20,36,0.03354385867714882,94.28573050000705,0.8641975308641975,0.8641975308641975
reg3,reg3_m60_s1,es_learned,3,65,3260,1.2610062452223092,70.0,70.0,0.06922489058626881,0.00531100641530699,20,36,0.025563430041074753,99.58033430000069,0.8641975308641975,0.8641975308641975
reg3,reg3_m60_s1,es_learned,3,70,3510,1.2619999273665807,70.0,70.0,0.0780619065332401,0.0015164321056258048,20,35,0.02719133347272873,108.69908360001864,0.8641975308641975,0.8641975308641975
reg3,reg3_m60_s1,es_learned,3,75,3760,1.2766147702544772,70.0,70.0,0.08369953699589949,0.0015156973996103855,20,37,0.025674881413578987,117.62195780000184,0.8641975308641975,0.8641975308641975
reg3,reg3_m60_s1,es_learned,3,80,4010,1.2766147702544772,70.0,70.0,0.08369953699589947,0.0015156973996106118,20,37,0.02861728146672249,122.74082509998698,0.8641975308641975,0.8641975308641975
reg3,reg3_m60_s1,es_learned,3,85,4260,1.2766147702544772,70.0,70.0,0.08369953699589955,0.0015156973996104583,20,36,0.03094160556793213,132.03972760000033,0.8641975308641975,0.8641975308641975
reg3,reg3_m60_s1,es_learned,3,90,4510,1.2775069767290392,70.0,70.0,0.08820594142517893,0.0015156973996104514,20,36,0.021481953561306,141.4299360999721,0.8641975308641975,0.8641975308641975
reg3,reg3_m60_s1,es_learned,3,95,4760,1.2957698398239488,71.0,70.1,0.07502935935640523,0.0015156973996105203,20,37,0.025049718096852303,146.7572072999901,0.8765432098765432,0.865432098765432
reg3,reg3_m60_s1,es_learned,3,100,5010,1.2957698398239488,71.0,70.1,0.07502935935640523,0.0015156973996105203,20,37,0.018978683277964592,155.68508289998863,0.8765432098765432,0.865432098765432
reg3,reg3_m60_s1,es_learned,3,105,5260,1.2957698398239488,71.0,70.2,0.07502935935640523,0.0015156973996105203,20,37,0.0193575881421566,164.85360169998603,0.8765432098765432,0.8666666666666667
reg3,reg3_m60_s1,es_learned,3,110,5510,1.2957698398239488,71.0,70.8,0.07502935935640524,0.0015156973996104375,20,37,0.017577895894646645,169.959700300009,0.8765432098765432,0.874074074074074
reg3,reg3_m60_s1,es_learned,3,115,5760,1.2959123360460663,71.0,71.0,0.07889448708160912,0.000925486313457527,20,37,0.01892143301665783,178.93353849998675,0.8765432098765432,0.8765432098765432
reg3,reg3_m60_s1,es_learned,3,120,6010,1.2993657279430644,71.0,71.0,0.08526468864884519,0.0036037824843326294,20,36,0.016505781561136246,187.94065790000604,0.8765432098765432,0.8765432098765432
reg3,reg3_m60_s1,es_learned,3,125,6260,1.2993657279430644,71.0,71.0,0.08526468864884519,0.0036037824843326294,20,36,0.015232705511152744,193.13788729999214,0.8765432098765432,0.8765432098765432
reg3,reg3_m60_s1,es_learned,3,130,6510,1.2993657279430644,71.0,71.0,0.08526468864884519,0.0036037824843326294,20,36,0.01879967749118805,202.3659548999858,0.8765432098765432,0.8765432098765432
reg3,reg3_m60_s1,es_learned,3,135,6760,1.2993657279430644,71.0,71.0,0.08526468864884519,0.0036037824843326294,20,36,0.018898263573646545,212.7946678000153,0.8765432098765432,0.8765432098765432
reg3,reg3_m60_s1,es_learned,3,140,7010,1.3044909986916104,72.0,71.1,0.07689175735264037,0.0018856725334849417,20,35,0.01721195876598358,218.48351970000658,0.8888888888888888,0.8777777777777777
reg3,reg3_m60_s1,es_learned,3,145,7260,1.3051427913966482,71.0,71.1,0.08020408006738784,0.003750997592084901,20,36,0.020707249641418457,228.4240968999802,0.8765432098765432,0.8777777777777777
reg3,reg3_m60_s1,es_learned,3,150,7510,1.3102027829243132,71.0,71.0,0.08006817759687204,0.008280015420488923,20,37,0.015905609354376793,238.077320899989,0.8765432098765432,0.8765432098765432
reg3,reg3_m60_s1,es_learned,3,155,7760,1.3104223085951834,71.0,71.0,0.08885786457546851,0.0007128773997567422,20,36,0.013698991388082504,243.71560100000352,0.8765432098765432,0.8765432098765432
reg3,reg3_m60_s1,es_learned,3,160,8010,1.3210277922928018,72.0,71.1,0.07920420160622998,0.00023951312568318284,20,37,0.014942813664674759,253.7407006000285,0.8888888888888888,0.8777777777777777
reg3,reg3_m60_s1,es_learned,3,165,8260,1.3210277922928018,72.0,71.2,0.07920420160622998,0.00023951312568318284,20,37,0.015427322126924992,263.7346761000226,0.8888888888888888,0.8790123456790124
reg3,reg3_m60_s1,es_learned,3,170,8510,1.3210277922928018,72.0,71.5,0.07920420160622998,0.00023951312568318284,20,37,0.013380052521824837,269.31159800000023,0.8888888888888888,0.8827160493827161
reg3,reg3_m60_s1,es_learned,3,175,8760,1.321027792292802,72.0,72.0,0.07920420160623007,0.00023951312568312733,20,37,0.014040098525583744,278.39988779998384,0.8888888888888888,0.8888888888888888
reg3,reg3_m60_s1,es_learned,3,180,9010,1.321654608102594,72.0,72.0,0.08328748262158886,0.0006379789776237016,20,36,0.016245903447270393,287.7669890000252,0.8888888888888888,0.8888888888888888
reg3,reg3_m60_s1,es_learned,3,185,9260,1.321654608102594,72.0,72.0,0.08328748262158886,0.0006379789776236461,20,37,0.014549532905220985,293.01539539999794,0.8888888888888888,0.8888888888888888
reg3,reg3_m60_s1,es_learned,3,190,9510,1.321654608102594,72.0,72.0,0.08328748262158894,0.0006379789776236461,20,36,0.014078660868108273,302.0204811000149,0.8888888888888888,0.8888888888888888
reg3,reg3_m60_s1,es_learned,3,195,9760,1.321654608102594,72.0,72.0,0.08328748262158894,0.0006379789776236461,20,36,0.012225785292685032,311.9793569999747,0.8888888888888888,0.8888888888888888
reg3,reg3_m60_s1,es_learned,3,200,10010,1.3260383347929492,73.0,72.1,0.07850708672776868,0.0006603354248098936,20,37,0.0123380022123456,317.21619569999166,0.9012345679012346,0.8901234567901234
reg3,reg3_m60_s1,es_learned,3,205,10260,1.3260383347929492,73.0,72.1,0.07850708672776868,0.0006603354248098936,20,37,0.01694777049124241,326.3834171000053,0.9012345679012346,0.8901234567901234
reg3,reg3_m60_s1,es_learned,3,210,10510,1.3260383347929492,73.0,72.1,0.07850708672776868,0.0006603354248098936,20,37,0.01671086996793747,335.588067899982,0.9012345679012346,0.8901234567901234
reg3,reg3_m60_s1,es_learned,3,215,10760,1.3260383347929492,73.0,72.2,0.07850708672776872,0.0006603354248100324,20,37,0.011587407439947128,341.44367960002273,0.9012345679012346,0.891358024691358
reg3,reg3_m60_s1,es_learned,3,220,11010,1.3260383347929492,73.0,72.3,0.07850708672776872,0.0006603354248100324,20,37,0.011528536677360535,351.6315549000283,0.9012345679012346,0.8925925925925926
reg3,reg3_m60_s1,es_learned,3,225,11260,1.3260383347929492,73.0,72.9,0.07850708672776872,0.0006603354248100324,20,37,0.013032834976911545,361.6908017999958,0.9012345679012346,0.9
reg3,reg3_m60_s1,es_learned,3,230,11510,1.3260383347929492,73.0,73.0,0.07850708672776872,0.0006603354248100324,20,37,0.0112872663885355,367.32119360001525,0.9012345679012346,0.9012345679012346
reg3,reg3_m60_s1,es_learned,3,235,11760,1.3271260285491608,73.0,73.0,0.08158712278767707,0.0022101186658132765,20,37,0.012024122290313244,376.7865597999771,0.9012345679012346,0.9012345679012346
reg3,reg3_m60_s1,es_learned,3,240,12010,1.3274740759148624,73.0,73.0,0.08517094371889561,0.0022101186658131794,20,37,0.01138206385076046,386.12455030001,0.9012345679012346,0.9012345679012346
reg3,reg3_m60_s1,es_learned,3,245,12260,1.3274740759148624,73.0,73.0,0.08517094371889561,0.0022101186658131794,20,37,0.012291749007999897,391.34454570000526,0.9012345679012346,0.9012345679012346
reg3,reg3_m60_s1,es_learned,3,250,12510,1.3274740759148624,73.0,73.0,0.08517094371889561,0.0022101186658131794,20,37,0.014846675097942352,400.7533778999932,0.9012345679012346,0.9012345679012346
reg3,reg3_m60_s1,es_learned,3,255,12760,1.341648910795515,74.0,73.1,0.06641108721413545,0.007649893560434322,20,36,0.01055607944726944,410.0410116999992,0.9135802469135802,0.902469135802469
reg3,reg3_m60_s1,es_learned,3,260,13010,1.341648910795515,74.0,73.2,0.06641108721413548,0.007649893560434334,20,37,0.01134977862238884,415.28168529999675,0.9135802469135802,0.9037037037037038
reg3,reg3_m60_s1,es_learned,3,265,13260,1.345205755063948,74.0,73.4,0.07751695141939635,0.0004852717310583621,20,36,0.011921942234039307,424.728053800005,0.9135802469135802,0.9061728395061729
reg3,reg3_m60_s1,es_learned,3,270,13510,1.345205755063948,74.0,73.5,0.07751695141939635,0.0004852717310583621,20,36,0.008804423734545708,434.1476010999759,0.9135802469135802,0.9074074074074074
reg3,reg3_m60_s1,es_learned,3,275,13760,1.345205755063948,74.0,73.9,0.07751695141939635,0.0004852717310583621,20,36,0.010868752375245094,439.36897439998575,0.9135802469135802,0.9123456790123458
reg3,reg3_m60_s1,es_learned,3,280,14010,1.368335098825824,75.0,74.1,0.07689298446807047,0.003461029778731653,20,37,0.01019667275249958,448.72256640001433,0.9259259259259259,0.9148148148148147
reg3,reg3_m60_s1,es_learned,3,285,14260,1.368335098825824,75.0,74.2,0.07689298446807048,0.003461029778731882,20,36,0.012074227444827557,458.1692499999772,0.9259259259259259,0.9160493827160494
reg3,reg3_m60_s1,es_learned,3,290,14510,1.368335098825824,75.0,74.3,0.07689298446807048,0.003461029778731882,20,36,0.011198936030268669,463.5801394999726,0.9259259259259259,0.917283950617284
reg3,reg3_m60_s1,es_learned,3,295,14760,1.368335098825824,75.0,74.6,0.07689298446807058,0.0034610297787318264,20,37,0.011124087497591972,472.8918260000064,0.9259259259259259,0.9209876543209876
reg3,reg3_m60_s1,es_learned,3,300,15010,1.3689018454101647,74.0,74.5,0.09251560329867985,0.002751130682396392,20,37,0.010815487243235111,482.28761350002605,0.9135802469135802,0.9197530864197531
reg3,reg3_m60_s1,es_learned,3,305,15260,1.3802924759694821,74.0,74.4,0.09743721201772193,0.00513279836215122,20,37,0.009546088986098766,487.74174879997736,0.9135802469135802,0.9185185185185186
reg3,reg3_m60_s1,es_learned,3,310,15510,1.3802924759694823,74.0,74.0,0.09743721201772183,0.005132798362151303,20,37,0.010881182737648487,497.2388266000198,0.9135802469135802,0.9135802469135802
reg3,reg3_m60_s1,es_learned,3,315,15760,1.3817066822765356,74.0,74.0,0.10134348154576266,0.005132798362151206,20,37,0.011718501336872578,506.54537710000295,0.9135802469135802,0.9135802469135802
reg3,reg3_m60_s1,es_learned,3,320,16010,1.3817066822765356,74.0,74.0,0.10134348154576266,0.005132798362151206,20,37,0.012656495906412601,511.9967620000243,0.9135802469135802,0.9135802469135802
reg3,reg3_m60_s1,es_learned,3,325,16260,1.3817066822765356,74.0,74.0,0.10134348154576266,0.005132798362151206,20,37,0.01100956555455923,521.2761625000276,0.9135802469135802,0.9135802469135802
reg3,reg3_m60_s1,es_learned,3,330,16510,1.3842399177440545,74.0,74.0,0.09539531168550096,0.000711355228982774,20,37,0.011994455009698868,530.556712199992,0.9135802469135802,0.9135802469135802
reg3,reg3_m60_s1,es_learned,3,335,16760,1.3876258217040123,74.0,74.0,0.09945142026058262,0.00540041987060692,20,37,0.011427326127886772,535.877553600003,0.9135802469135802,0.9135802469135802
reg3,reg3_m60_s1,es_learned,3,340,17010,1.3876258217040123,74.0,74.0,0.09945142026058262,0.00540041987060692,20,37,0.008224477991461754,545.373304800014,0.9135802469135802,0.9135802469135802
reg3,reg3_m60_s1,es_learned,3,345,17260,1.393163172416383,75.0,74.2,0.10377998501920357,0.002766365161575954,20,37,0.00786079466342926,554.6512348999968,0.9259259259259259,0.9160493827160494
reg3,reg3_m60_s1,es_learned,3,350,17510,1.393163172416383,75.0,74.2,0.10377998501920357,0.002766365161575954,20,37,0.015179061330854893,560.8583239999716,0.9259259259259259,0.9160493827160494
reg3,reg3_m60_s1,es_learned,3,355,17760,1.3956742729374367,75.0,74.5,0.09151955125738234,0.001678488152322988,20,37,0.010707675479352474,570.3002228999976,0.9259259259259259,0.9197530864197531
reg3,reg3_m60_s1,es_learned,3,360,18010,1.3956742729374367,75.0,74.8,0.09151955125738234,0.001678488152322988,20,37,0.011530185118317604,579.6678178000147,0.9259259259259259,0.9234567901234567
reg3,reg3_m60_s1,es_learned,3,365,18260,1.3956742729374367,75.0,74.9,0.09151955125738234,0.001678488152322988,20,37,0.010789968073368073,585.0070383999846,0.9259259259259259,0.9246913580246914
reg3,reg3_m60_s1,es_learned,3,370,18510,1.3956742729374367,75.0,75.0,0.09151955125738234,0.001678488152322988,20,37,0.012703475542366505,594.2987523999764,0.9259259259259259,0.9259259259259259
reg3,reg3_m60_s1,es_learned,3,375,18760,1.3956742729374367,75.0,75.0,0.09151955125738234,0.001678488152322988,20,37,0.009822821244597435,603.5238588000066,0.9259259259259259,0.9259259259259259
reg3,reg3_m60_s1,es_learned,3,380,19010,1.3956742729374367,75.0,75.0,0.09151955125738234,0.001678488152322988,20,37,0.010966630652546883,608.9034992000088,0.9259259259259259,0.9259259259259259
reg3,reg3_m60_s1,es_learned,3,385,19260,1.3956742729374367,75.0,75.0,0.09151955125738231,0.0016784881523231408,20,37,0.011025096289813519,618.1006615000078,0.9259259259259259,0.9259259259259259
reg3,reg3_m60_s1,es_learned,3,390,19510,1.3956742729374367,75.0,75.0,0.09151955125738234,0.001678488152322988,20,37,0.009329386055469513,627.5301434000139,0.9259259259259259,0.9259259259259259
reg3,reg3_m60_s1,es_learned,3,395,19760,1.3970017444336151,75.0,75.0,0.09264576152358403,0.0016754320949553744,20,37,0.01142675057053566,632.7960749000194,0.9259259259259259,0.9259259259259259
reg3,reg3_m60_s1,es_learned,3,400,20010,1.4062487021572128,76.0,75.1,0.09779563716186856,0.010847506717362482,20,37,0.01052536629140377,641.8518346999772,0.9382716049382716,0.9271604938271604
reg3,reg3_m60_s1,es_learned,4,0,10,0.6510657522752402,40.0,44.7,0.067840025423876,0.0028286894968670324,20,38,,0.04793830000562593,0.49382716049382713,0.5518518518518519
reg3,reg3_m60_s1,es_learned,4,5,260,1.0289330652229658,60.0,58.4,0.05549819656517527,0.0019264722069673272,20,38,0.13351809978485107,5.478398600011133,0.7407407407407407,0.7209876543209877
reg3,reg3_m60_s1,es_learned,4,10,510,1.0675250231545983,60.0,60.4,0.07829439660615892,0.0028349899729091174,20,36,0.1226058378815651,15.1381283000228,0.7407407407407407,0.745679012345679
reg3,reg3_m60_s1,es_learned,4,15,760,1.1373050335750865,65.0,62.5,0.05992652311155268,0.0014223835197704384,20,35,0.11152239143848419,24.273640399973374,0.8024691358024691,0.7716049382716049
reg3,reg3_m60_s1,es_learned,4,20,1010,1.146427351699537,65.0,64.7,0.06014475985313929,0.001289047052496568,20,35,0.08916977047920227,29.453648899972904,0.8024691358024691,0.7987654320987655
reg3,reg3_m60_s1,es_learned,4,25,1260,1.183412565542308,67.0,65.6,0.060665385442263936,7.92514086327134e-05,20,37,0.05393920838832855,38.323702200024854,0.8271604938271605,0.8098765432098765
reg3,reg3_m60_s1,es_learned,4,30,1510,1.2334327017093092,70.0,66.8,0.058678120383372584,0.00010493945329584082,20,36,0.07257059216499329,47.26418040000135,0.8641975308641975,0.8246913580246913
reg3,reg3_m60_s1,es_learned,4,35,1760,1.2334327017093092,70.0,67.6,0.0586781203833726,0.00010493945329584993,20,37,0.05068749189376831,52.328119200014044,0.8641975308641975,0.8345679012345678
reg3,reg3_m60_s1,es_learned,4,40,2010,1.2334327017093092,70.0,69.4,0.0586781203833726,0.00010493945329584993,20,37,0.046132758259773254,61.317493200011086,0.8641975308641975,0.8567901234567902
reg3,reg3_m60_s1,es_learned,4,45,2260,1.2436101203194982,70.0,70.0,0.06394920535597767,0.0004756216194949925,20,36,0.04592875391244888,70.30084300000453,0.8641975308641975,0.8641975308641975
reg3,reg3_m60_s1,es_learned,4,50,2510,1.246229835294035,70.0,70.1,0.05850584404206449,5.999094550971067e-05,20,36,0.04278337582945824,75.3789038999821,0.8641975308641975,0.865432098765432
reg3,reg3_m60_s1,es_learned,4,55,2760,1.2495617181663896,70.0,70.2,0.06339195939128196,1.6839449454449616e-05,20,37,0.03366916999220848,84.35448799998267,0.8641975308641975,0.8666666666666667
reg3,reg3_m60_s1,es_learned,4,60,3010,1.2495617181663896,70.0,70.0,0.06339195939128196,1.6839449454449616e-05,20,37,0.028847552835941315,93.34242340002675,0.8641975308641975,0.8641975308641975
reg3,reg3_m60_s1,es_learned,4,65,3260,1.2495617181663896,70.0,70.0,0.06339195939128196,1.6839449454449616e-05,20,37,0.024804363027215004,98.6311114000273,0.8641975308641975,0.8641975308641975
reg3,reg3_m60_s1,es_learned,4,70,3510,1.2495617181663896,70.0,70.0,0.06339195939128162,1.6839449454259664e-05,20,37,0.02715853787958622,107.75042499997653,0.8641975308641975,0.8641975308641975
reg3,reg3_m60_s1,es_learned,4,75,3760,1.2495617181663896,70.0,70.0,0.06339195939128159,1.6839449454626558e-05,20,37,0.02525216154754162,116.78605910000624,0.8641975308641975,0.8641975308641975
reg3,reg3_m60_s1,es_learned,4,80,4010,1.250766183340609,70.0,70.0,0.06656943773406485,0.00011035541638454438,20,37,0.020503170788288116,121.87424779997673,0.8641975308641975,0.8641975308641975
reg3,reg3_m60_s1,es_learned,4,85,4260,1.250766183340609,70.0,70.0,0.06656943773406485,0.00011035541638454438,20,37,0.01684660091996193,130.89038170001004,0.8641975308641975,0.8641975308641975
reg3,reg3_m60_s1,es_learned,4,90,4510,1.2522628048167819,70.0,70.0,0.06193674905134723,0.0001400692651050365,20,38,0.020488109439611435,139.824282400019,0.8641975308641975,0.8641975308641975
reg3,reg3_m60_s1,es_learned,4,95,4760,1.2522628048167819,70.0,70.0,0.06193674905134726,0.0001400692651051718,20,36,0.021193742752075195,144.98046270001214,0.8641975308641975,0.8641975308641975
reg3,reg3_m60_s1,es_learned,4,100,5010,1.252262804816782,70.0,70.0,0.061936749051347315,0.00014006926510492373,20,37,0.02384045161306858,154.00397389999125,0.8641975308641975,0.8641975308641975
reg3,reg3_m60_s1,es_learned,4,105,5260,1.252262804816782,70.0,70.0,0.061936749051347315,0.00014006926510492373,20,37,0.018562134355306625,162.98148770001717,0.8641975308641975,0.8641975308641975
reg3,reg3_m60_s1,es_learned,4,110,5510,1.25338998024215,70.0,70.0,0.07275054182155472,0.00011535322468561593,20,38,0.02018802985548973,168.33631260000402,0.8641975308641975,0.8641975308641975
reg3,reg3_m60_s1,es_learned,4,115,5760,1.254619883722801,70.0,70.0,0.06747770933502248,0.00029471777721409853,20,36,0.024487774819135666,177.3932737999712,0.8641975308641975,0.8641975308641975
reg3,reg3_m60_s1,es_learned,4,120,6010,1.254619883722801,70.0,70.0,0.06747770933502248,0.00029471777721409853,20,36,0.018684137612581253,186.19319840002572,0.8641975308641975,0.8641975308641975
reg3,reg3_m60_s1,es_learned,4,125,6260,1.254619883722801,70.0,70.0,0.06747770933502248,0.00029471777721409853,20,36,0.018141621723771095,191.3727032999741,0.8641975308641975,0.8641975308641975
reg3,reg3_m60_s1,es_learned,4,130,6510,1.254619883722801,70.0,70.0,0.06747770933502242,0.00029471777721406904,20,37,0.017340954393148422,200.40776959998766,0.8641975308641975,0.8641975308641975
reg3,reg3_m60_s1,es_learned,4,135,6760,1.2546198837228013,70.0,70.0,0.06747770933502248,0.0002947177772141332,20,36,0.02196265384554863,209.27404380001826,0.8641975308641975,0.8641975308641975
reg3,reg3_m60_s1,es_learned,4,140,7010,1.2546198837228013,70.0,70.0,0.06747770933502246,0.00029471777721422343,20,38,0.01873285137116909,214.36856350000016,0.8641975308641975,0.8641975308641975
reg3,reg3_m60_s1,es_learned,4,145,7260,1.2546198837228013,70.0,70.0,0.06747770933502246,0.00029471777721422343,20,38,0.016344986855983734,223.4134682000149,0.8641975308641975,0.8641975308641975
reg3,reg3_m60_s1,es_learned,4,150,7510,1.2546198837228013,70.0,70.0,0.06747770933502246,0.000294717777214161,20,35,0.013290881179273129,232.5883012000122,0.8641975308641975,0.8641975308641975
reg3,reg3_m60_s1,es_learned,4,155,7760,1.2546198837228013,70.0,70.0,0.06747770933502253,0.0002947177772140465,20,37,0.01603330485522747,237.79012359998887,0.8641975308641975,0.8641975308641975
reg3,reg3_m60_s1,es_learned,4,160,8010,1.2546198837228013,70.0,70.0,0.06747770933502253,0.0002947177772140465,20,37,0.014644324779510498,246.96895589999622,0.8641975308641975,0.8641975308641975
reg3,reg3_m60_s1,es_learned,4,165,8260,1.2546198837228013,70.0,70.0,0.06747770933502246,0.000294717777214161,20,35,0.015415246598422527,256.3710480000009,0.8641975308641975,0.8641975308641975
reg3,reg3_m60_s1,es_learned,4,170,8510,1.2546198837228013,70.0,70.0,0.06747770933502244,0.00029471777721419914,20,36,0.017625177279114723,261.7021984999883,0.8641975308641975,0.8641975308641975
reg3,reg3_m60_s1,es_learned,4,175,8760,1.2546198837228013,70.0,70.0,0.06747770933502248,0.00029471777721423037,20,36,0.01396921370178461,270.8802534000133,0.8641975308641975,0.8641975308641975
reg3,reg3_m60_s1,es_learned,4,180,9010,1.2546198837228013,70.0,70.0,0.06747770933502255,0.00029471777721407945,20,36,0.016193266957998276,279.877551499987,0.8641975308641975,0.8641975308641975
reg3,reg3_m60_s1,es_learned,4,185,9260,1.2546198837228013,70.0,70.0,0.06747770933502253,0.000294717777214246,20,38,0.01614815555512905,285.02433829999063,0.8641975308641975,0.8641975308641975
reg3,reg3_m60_s1,es_learned,4,190,9510,1.2546198837228013,70.0,70.0,0.06747770933502246,0.00029471777721416445,20,36,0.015184685587882996,294.0216085999855,0.8641975308641975,0.8641975308641975
reg3,reg3_m60_s1,es_learned,4,195,9760,1.2546198837228013,70.0,70.0,0.06747770933502253,0.000294717777214246,20,38,0.018854495137929916,303.06532029999653,0.8641975308641975,0.8641975308641975
reg3,reg3_m60_s1,es_learned,4,200,10010,1.2546198837228013,70.0,70.0,0.06747770933502255,0.00029471777721415925,20,38,0.013353018090128899,308.22345900000073,0.8641975308641975,0.8641975308641975
reg3,reg3_m60_s1,es_learned,4,205,10260,1.2546198837228013,70.0,70.0,0.06747770933502253,0.000294717777214246,20,38,0.0136306993663311,317.2870095000253,0.8641975308641975,0.8641975308641975
reg3,reg3_m60_s1,es_learned,4,210,10510,1.2546198837228013,70.0,70.0,0.06747770933502255,0.00029471777721415925,20,38,0.01354254875332117,326.39602350001223,0.8641975308641975,0.8641975308641975
reg3,reg3_m60_s1,es_learned,4,215,10760,1.2546198837228013,70.0,70.0,0.06747770933502246,0.00029471777721422343,20,38,0.012516018003225327,331.8181013999856,0.8641975308641975,0.8641975308641975
reg3,reg3_m60_s1,es_learned,4,220,11010,1.2546198837228013,70.0,70.0,0.06747770933502244,0.00029471777721419914,20,36,0.010955951176583767,341.14032940001925,0.8641975308641975,0.8641975308641975
reg3,reg3_m60_s1,es_learned,4,225,11260,1.2546198837228013,70.0,70.0,0.06747770933502256,0.0002947177772142078,20,36,0.012371101416647434,350.33461139997235,0.8641975308641975,0.8641975308641975
reg3,reg3_m60_s1,es_learned,4,230,11510,1.2546198837228013,70.0,70.0,0.06747770933502255,0.00029471777721415925,20,38,0.011044716462492943,355.56405639997683,0.8641975308641975,0.8641975308641975
reg3,reg3_m60_s1,es_learned,4,235,11760,1.2546198837228013,70.0,70.0,0.06747770933502253,0.0002947177772140465,20,37,0.01390048861503601,364.9106398000149,0.8641975308641975,0.8641975308641975
reg3,reg3_m60_s1,es_learned,4,240,12010,1.2546198837228013,70.0,70.0,0.06747770933502253,0.0002947177772140465,20,37,0.01334861759096384,374.33831790002296,0.8641975308641975,0.8641975308641975
reg3,reg3_m60_s1,es_learned,4,245,12260,1.2546198837228013,70.0,70.0,0.06747770933502253,0.0002947177772140465,20,37,0.012162575498223305,379.77945859998,0.8641975308641975,0.8641975308641975
reg3,reg3_m60_s1,es_learned,4,250,12510,1.2546198837228013,70.0,70.0,0.06747770933502255,0.00029471777721415925,20,38,0.012395537458360195,389.2486005999963,0.8641975308641975,0.8641975308641975
reg3,reg3_m60_s1,es_learned,4,255,12760,1.2546198837228013,70.0,70.0,0.06747770933502244,0.00029471777721419914,20,36,0.010478593409061432,398.65859940001974,0.8641975308641975,0.8641975308641975
reg3,reg3_m60_s1,es_learned,4,260,13010,1.2546198837228013,70.0,70.0,0.06747770933502245,0.0002947177772142564,20,38,0.011686398647725582,404.0399745000177,0.8641975308641975,0.8641975308641975
reg3,reg3_m60_s1,es_learned,4,265,13260,1.2546198837228013,70.0,70.0,0.06747770933502253,0.000294717777214246,20,38,0.011740874499082565,413.3491744999774,0.8641975308641975,0.8641975308641975
reg3,reg3_m60_s1,es_learned,4,270,13510,1.2546198837228013,70.0,70.0,0.06747770933502244,0.00029471777721419914,20,36,0.012467035092413425,422.7770718000247,0.8641975308641975,0.8641975308641975
reg3,reg3_m60_s1,es_learned,4,275,13760,1.2546198837228013,70.0,70.0,0.06747770933502245,0.0002947177772142564,20,38,0.008319064043462276,428.2191297999816,0.8641975308641975,0.8641975308641975
reg3,reg3_m60_s1,es_learned,4,280,14010,1.2546198837228013,70.0,70.0,0.06747770933502248,0.00029471777721411414,20,38,0.008200987242162228,437.8900035999832,0.8641975308641975,0.8641975308641975
reg3,reg3_m60_s1,es_learned,4,285,14260,1.2546198837228013,70.0,70.0,0.06747770933502244,0.00029471777721419914,20,36,0.011032342910766602,447.23239429999376,0.8641975308641975,0.8641975308641975
reg3,reg3_m60_s1,es_learned,4,290,14510,1.2546198837228013,70.0,70.0,0.06747770933502246,0.0002947177772141332,20,38,0.010645033791661263,452.65151569998125,0.8641975308641975,0.8641975308641975
reg3,reg3_m60_s1,es_learned,4,295,14760,1.2546198837228013,70.0,70.0,0.06747770933502245,0.0002947177772142564,20,38,0.008548621088266373,462.02252529998077,0.8641975308641975,0.8641975308641975
reg3,reg3_m60_s1,es_learned,4,300,15010,1.2546198837228013,70.0,70.0,0.06747770933502249,0.00029471777721417486,20,37,0.009793023578822613,471.4974993999931,0.8641975308641975,0.8641975308641975
reg3,reg3_m60_s1,es_learned,4,305,15260,1.2546198837228013,70.0,70.0,0.06747770933502245,0.0002947177772141263,20,37,0.008750352077186108,476.84149530000286,0.8641975308641975,0.8641975308641975
reg3,reg3_m60_s1,es_learned,4,310,15510,1.2546198837228013,70.0,70.0,0.06747770933502253,0.0002947177772140465,20,37,0.011417236179113388,485.77255870000226,0.8641975308641975,0.8641975308641975
reg3,reg3_m60_s1,es_learned,4,315,15760,1.2546198837228013,70.0,70.0,0.06747770933502237,0.00029471777721419047,20,37,0.008103270083665848,494.592897799972,0.8641975308641975,0.8641975308641975
reg3,reg3_m60_s1,es_learned,4,320,16010,1.2546198837228013,70.0,70.0,0.06747770933502253,0.0002947177772141731,20,38,0.009333096444606781,499.59743279998656,0.8641975308641975,0.8641975308641975
reg3,reg3_m60_s1,es_learned,4,325,16260,1.2546198837228013,70.0,70.0,0.06747770933502244,0.00029471777721419914,20,36,0.007871707901358604,508.43793499999447,0.8641975308641975,0.8641975308641975
reg3,reg3_m60_s1,es_learned,4,330,16510,1.2546198837228013,70.0,70.0,0.06747770933502244,0.00029471777721419914,20,36,0.009253032505512238,517.3933297999902,0.8641975308641975,0.8641975308641975
reg3,reg3_m60_s1,es_learned,4,335,16760,1.2546198837228013,70.0,70.0,0.06747770933502248,0.00029471777721415404,20,38,0.009188761003315449,522.3035078999819,0.8641975308641975,0.8641975308641975
reg3,reg3_m60_s1,es_learned,4,340,17010,1.2546198837228013,70.0,70.0,0.06747770933502258,0.00029471777721406904,20,35,0.009389558807015419,530.8431586999795,0.8641975308641975,0.8641975308641975
reg3,reg3_m60_s1,es_learned,4,345,17260,1.2546198837228013,70.0,70.0,0.06747770933502258,0.00029471777721406904,20,35,0.010113362222909927,539.5338936999906,0.8641975308641975,0.8641975308641975
reg3,reg3_m60_s1,es_learned,4,350,17510,1.2546198837228013,70.0,70.0,0.06747770933502253,0.0002947177772142373,20,38,0.007895848713815212,544.4658621000126,0.8641975308641975,0.8641975308641975
reg3,reg3_m60_s1,es_learned,4,355,17760,1.2546198837228013,70.0,70.0,0.06747770933502253,0.0002947177772140465,20,37,0.008916606195271015,553.1939916000119,0.8641975308641975,0.8641975308641975
reg3,reg3_m60_s1,es_learned,4,360,18010,1.2546198837228013,70.0,70.0,0.06747770933502253,0.0002947177772141731,20,38,0.008675524033606052,562.702437400003,0.8641975308641975,0.8641975308641975
reg3,reg3_m60_s1,es_learned,4,365,18260,1.2546198837228013,70.0,70.0,0.06747770933502253,0.0002947177772141731,20,38,0.008355299942195415,568.1141333000269,0.8641975308641975,0.8641975308641975
reg3,reg3_m60_s1,es_learned,4,370,18510,1.2546198837228013,70.0,70.0,0.0674777093350225,0.0002947177772141627,20,36,0.010410195216536522,577.6591605999856,0.8641975308641975,0.8641975308641975
reg3,reg3_m60_s1,es_learned,4,375,18760,1.2546198837228013,70.0,70.0,0.06747770933502256,0.00029471777721405343,20,37,0.008395753800868988,587.5684527999838,0.8641975308641975,0.8641975308641975
reg3,reg3_m60_s1,es_learned,4,380,19010,1.2546198837228013,70.0,70.0,0.06747770933502253,0.0002947177772142373,20,38,0.008781371638178825,593.0292916999897,0.8641975308641975,0.8641975308641975
reg3,reg3_m60_s1,es_learned,4,385,19260,1.2546198837228013,70.0,70.0,0.06747770933502245,0.00029471777721418353,20,37,0.007399407215416431,602.4285882000113,0.8641975308641975,0.8641975308641975
reg3,reg3_m60_s1,es_learned,4,390,19510,1.2546198837228013,70.0,70.0,0.06747770933502233,0.0002947177772142564,20,36,0.006970167625695467,612.062153899984,0.8641975308641975,0.8641975308641975
reg3,reg3_m60_s1,es_learned,4,395,19760,1.2546198837228013,70.0,70.0,0.0674777093350225,0.0002947177772141627,20,36,0.0073789432644844055,617.6047719999915,0.8641975308641975,0.8641975308641975
reg3,reg3_m60_s1,es_learned,4,400,20010,1.2546198837228013,70.0,70.0,0.06747770933502253,0.00029471777721414363,20,37,0.0054614972323179245,627.2662926000194,0.8641975308641975,0.8641975308641975
reg3,reg3_m60_s1,es_transfer_dc,0,0,10,0.7912441782925166,47.0,43.4,0.03422181726598081,1.0842021724855044e-18,20,32,,0.04846489999908954,0.5802469135802469,0.5358024691358024
reg3,reg3_m60_s1,es_transfer_dc,0,5,260,1.0340611004952958,60.0,57.5,0.03630058815360007,3.5128150388530344e-17,20,37,0.011246779933571815,5.617783599998802,0.7407407407407407,0.7098765432098766
reg3,reg3_m60_s1,es_transfer_dc,0,10,510,1.0340611004952958,60.0,59.4,0.03630058815360007,3.5128150388530344e-17,20,37,0.015707893297076225,15.56089919997612,0.7407407407407407,0.7333333333333333
reg3,reg3_m60_s1,es_transfer_dc,0,15,760,1.0845444287437533,61.0,60.1,0.05680232669575127,0.0011076263463538627,20,36,0.010881579481065273,25.32702209998388,0.7530864197530864,0.7419753086419754
reg3,reg3_m60_s1,es_transfer_dc,0,20,1010,1.1356087186137411,64.0,62.0,0.05577670493204154,2.6460516914475485e-05,20,36,0.008912493474781513,30.962962199992035,0.7901234567901234,0.7654320987654321
reg3,reg3_m60_s1,es_transfer_dc,0,25,1260,1.1409809730170337,65.0,63.7,0.04655926448469952,0.0008374829792709704,20,35,0.010937860235571861,40.66874689998804,0.8024691358024691,0.7864197530864198
reg3,reg3_m60_s1,es_transfer_dc,0,30,1510,1.1759231579576968,65.0,64.9,0.07398647724794907,0.00045185092662130676,20,36,0.010811828076839447,50.4625213999534,0.8024691358024691,0.8012345679012346
reg3,reg3_m60_s1,es_transfer_dc,0,35,1760,1.2032965871079966,67.0,65.2,0.07368628045173634,8.483497264821088e-05,20,34,0.010576731525361538,56.098270099959336,0.8271604938271605,0.8049382716049384
reg3,reg3_m60_s1,es_transfer_dc,0,40,2010,1.2067410731479349,67.0,66.4,0.05961146916928613,0.003240044163028394,20,35,0.009108655154705048,65.77363279997371,0.8271604938271605,0.8197530864197532
reg3,reg3_m60_s1,es_transfer_dc,0,45,2260,1.21639594481033,67.0,67.0,0.06929891426240245,0.00015920949322900668,20,35,0.007939568720757961,75.34206189995166,0.8271604938271605,0.8271604938271605
reg3,reg3_m60_s1,es_transfer_dc,0,50,2510,1.216530369746184,67.0,67.0,0.06907208098811618,0.0004642393607573298,20,35,0.008288109675049782,80.84780359995784,0.8271604938271605,0.8271604938271605
reg3,reg3_m60_s1,es_transfer_dc,0,55,2760,1.2288115017637105,68.0,67.2,0.05909194266098088,0.0015006013864315958,20,35,0.00787497591227293,90.36465949995909,0.8395061728395061,0.8296296296296297
reg3,reg3_m60_s1,es_transfer_dc,0,60,3010,1.2288115017637105,68.0,67.4,0.05909194266098097,0.0015006013864317293,20,36,0.008112192153930664,100.19901679997565,0.8395061728395061,0.8320987654320988
reg3,reg3_m60_s1,es_transfer_dc,0,65,3260,1.2288115017637105,68.0,67.5,0.05909194266098097,0.0015006013864317293,20,36,0.008143046870827675,105.92974319995847,0.8395061728395061,0.8333333333333334
reg3,reg3_m60_s1,es_transfer_dc,0,70,3510,1.2442943181740458,69.0,68.2,0.08534399586572074,0.0005996028066111228,20,36,0.00746532529592514,115.51520889997482,0.8518518518518519,0.8419753086419753
reg3,reg3_m60_s1,es_transfer_dc,0,75,3760,1.2644450614448004,70.0,68.4,0.06501718145356015,5.4478545269835525e-05,20,35,0.00694818701595068,125.16834909998579,0.8641975308641975,0.8444444444444446
reg3,reg3_m60_s1,es_transfer_dc,0,80,4010,1.2644450614448004,70.0,68.7,0.06501718145356015,5.4478545269835525e-05,20,35,0.008849946781992912,130.68935589998728,0.8641975308641975,0.8481481481481482
reg3,reg3_m60_s1,es_transfer_dc,0,85,4260,1.2644450614448004,70.0,69.1,0.06501718145356004,5.447854526999165e-05,20,36,0.006952729541808367,140.4294067999581,0.8641975308641975,0.8530864197530863
reg3,reg3_m60_s1,es_transfer_dc,0,90,4510,1.2644450614448004,70.0,69.4,0.06501718145356004,5.447854526999165e-05,20,36,0.006191525142639875,150.06524009996792,0.8641975308641975,0.8567901234567902
reg3,reg3_m60_s1,es_transfer_dc,0,95,4760,1.2644450614448004,70.0,69.5,0.06501718145356004,5.447854526999165e-05,20,36,0.007810952607542276,155.58146089996444,0.8641975308641975,0.8580246913580247
reg3,reg3_m60_s1,es_transfer_dc,0,100,5010,1.2644450614448004,70.0,69.7,0.06501718145356003,5.447854526982425e-05,20,35,0.008072378113865852,165.03614809998544,0.8641975308641975,0.8604938271604938
reg3,reg3_m60_s1,es_transfer_dc,0,105,5260,1.2707278050710413,70.0,70.0,0.074907901869503,0.0025089029498237547,20,35,0.009171795099973679,174.62657929997658,0.8641975308641975,0.8641975308641975
reg3,reg3_m60_s1,es_transfer_dc,0,110,5510,1.2707278050710413,70.0,70.0,0.074907901869503,0.0025089029498237547,20,35,0.007160346955060959,180.06636349996552,0.8641975308641975,0.8641975308641975
reg3,reg3_m60_s1,es_transfer_dc,0,115,5760,1.2707278050710413,70.0,70.0,0.074907901869503,0.0025089029498237547,20,35,0.006186661310493946,189.82521029998315,0.8641975308641975,0.8641975308641975
reg3,reg3_m60_s1,es_transfer_dc,0,120,6010,1.2743345590986583,70.0,70.0,0.08611472837566528,0.0010496386354704804,20,35,0.007859400473535061,199.49781859997893,0.8641975308641975,0.8641975308641975
reg3,reg3_m60_s1,es_transfer_dc,0,125,6260,1.2743345590986583,70.0,70.0,0.08611472837566528,0.0010496386354704804,20,35,0.004601759370416403,204.7957880999893,0.8641975308641975,0.8641975308641975
reg3,reg3_m60_s1,es_transfer_dc,0,130,6510,1.2743345590986583,70.0,70.0,0.08611472837566528,0.0010496386354704804,20,35,0.006788128986954689,214.39946009998675,0.8641975308641975,0.8641975308641975
reg3,reg3_m60_s1,es_transfer_dc,0,135,6760,1.2743345590986583,70.0,70.0,0.08611472837566528,0.0010496386354704804,20,35,0.007481818087399006,224.10515679995297,0.8641975308641975,0.8641975308641975
reg3,reg3_m60_s1,es_transfer_dc,0,140,7010,1.2743345590986583,70.0,70.0,0.08611472837566528,0.0010496386354704804,20,35,0.00565651711076498,229.4951547999517,0.8641975308641975,0.8641975308641975
reg3,reg3_m60_s1,es_transfer_dc,0,145,7260,1.2743345590986583,70.0,70.0,0.08611472837566528,0.0010496386354704804,20,35,0.0047597941011190414,238.89865579997422,0.8641975308641975,0.8641975308641975
reg3,reg3_m60_s1,es_transfer_dc,0,150,7510,1.2743345590986583,70.0,70.0,0.08611472837566539,0.0010496386354704908,20,35,0.007053154520690441,248.1646254999796,0.8641975308641975,0.8641975308641975
reg3,reg3_m60_s1,es_transfer_dc,0,155,7760,1.2743345590986583,70.0,70.0,0.08611472837566539,0.0010496386354704908,20,35,0.005673298146575689,253.5722270999686,0.8641975308641975,0.8641975308641975
reg3,reg3_m60_s1,es_transfer_dc,0,160,8010,1.2743345590986583,70.0,70.0,0.08611472837566539,0.0010496386354704908,20,35,0.00707240030169487,262.7799990999629,0.8641975308641975,0.8641975308641975
reg3,reg3_m60_s1,es_transfer_dc,0,165,8260,1.2743345590986583,70.0,70.0,0.08611472837566539,0.0010496386354704908,20,35,0.00457627372816205,272.08512519998476,0.8641975308641975,0.8641975308641975
reg3,reg3_m60_s1,es_transfer_dc,0,170,8510,1.2743345590986583,70.0,70.0,0.08611472837566536,0.0010496386354705636,20,35,0.00566383870318532,277.53924109996296,0.8641975308641975,0.8641975308641975
reg3,reg3_m60_s1,es_transfer_dc,0,175,8760,1.2743345590986583,70.0,70.0,0.08611472837566528,0.0010496386354704804,20,35,0.0049660662189126015,287.1343154999777,0.8641975308641975,0.8641975308641975
reg3,reg3_m60_s1,es_transfer_dc,0,180,9010,1.2743345590986583,70.0,70.0,0.08611472837566538,0.0010496386354706053,20,36,0.004399837460368872,296.7326846999931,0.8641975308641975,0.8641975308641975
reg3,reg3_m60_s1,es_transfer_dc,0,185,9260,1.2743345590986583,70.0,70.0,0.08611472837566528,0.0010496386354704804,20,35,0.006412991788238287,302.24777119996725,0.8641975308641975,0.8641975308641975
reg3,reg3_m60_s1,es_transfer_dc,0,190,9510,1.2743345590986583,70.0,70.0,0.08611472837566539,0.0010496386354704908,20,35,0.004550054669380188,311.8054907999467,0.8641975308641975,0.8641975308641975
reg3,reg3_m60_s1,es_transfer_dc,0,195,9760,1.2743345590986583,70.0,70.0,0.0861147283756653,0.0010496386354705255,20,36,0.004736070521175861,321.477103799989,0.8641975308641975,0.8641975308641975
reg3,reg3_m60_s1,es_transfer_dc,0,200,10010,1.2743345590986583,70.0,70.0,0.08611472837566532,0.001049638635470522,20,36,0.005019046366214752,326.899351799977,0.8641975308641975,0.8641975308641975
reg3,reg3_m60_s1,es_transfer_dc,0,205,10260,1.2743345590986583,70.0,70.0,0.08611472837566528,0.0010496386354704804,20,35,0.0048398831859230995,336.6329971999512,0.8641975308641975,0.8641975308641975
reg3,reg3_m60_s1,es_transfer_dc,0,210,10510,1.2743345590986583,70.0,70.0,0.08611472837566538,0.0010496386354706053,20,36,0.0039159017615020275,346.258014299965,0.8641975308641975,0.8641975308641975
reg3,reg3_m60_s1,es_transfer_dc,0,215,10760,1.2743345590986583,70.0,70.0,0.08611472837566542,0.0010496386354704665,20,34,0.005466415546834469,351.66055169998435,0.8641975308641975,0.8641975308641975
reg3,reg3_m60_s1,es_transfer_dc,0,220,11010,1.2743345590986583,70.0,70.0,0.08611472837566536,0.0010496386354705636,20,35,0.004381213802844286,361.2311876999447,0.8641975308641975,0.8641975308641975
reg3,reg3_m60_s1,es_transfer_dc,0,225,11260,1.2743345590986583,70.0,70.0,0.08611472837566528,0.0010496386354704804,20,35,0.004399773199111223,371.019548799959,0.8641975308641975,0.8641975308641975
reg3,reg3_m60_s1,es_transfer_dc,0,230,11510,1.2743345590986583,70.0,70.0,0.08611472837566542,0.0010496386354704665,20,34,0.005210895091295242,376.4889104999602,0.8641975308641975,0.8641975308641975
reg3,reg3_m60_s1,es_transfer_dc,0,235,11760,1.2743345590986583,70.0,70.0,0.08611472837566529,0.0010496386354704838,20,35,0.00391340022906661,386.03142039995873,0.8641975308641975,0.8641975308641975
reg3,reg3_m60_s1,es_transfer_dc,0,240,12010,1.2743345590986583,70.0,70.0,0.08611472837566532,0.001049638635470522,20,36,0.0047958227805793285,395.51334859995404,0.8641975308641975,0.8641975308641975
reg3,reg3_m60_s1,es_transfer_dc,0,245,12260,1.2743345590986583,70.0,70.0,0.08611472837566538,0.0010496386354706053,20,36,0.004728835076093674,400.70246949995635,0.8641975308641975,0.8641975308641975
reg3,reg3_m60_s1,es_transfer_dc,0,250,12510,1.2743345590986583,70.0,70.0,0.08611472837566542,0.0010496386354704665,20,34,0.0052615986205637455,410.18571649998194,0.8641975308641975,0.8641975308641975
reg3,reg3_m60_s1,es_transfer_dc,0,255,12760,1.2743345590986583,70.0,70.0,0.08611472837566533,0.001049638635470581,20,36,0.00372314709238708,419.5292337999563,0.8641975308641975,0.8641975308641975
reg3,reg3_m60_s1,es_transfer_dc,0,260,13010,1.2743345590986583,70.0,70.0,0.08611472837566532,0.001049638635470522,20,36,0.0049967640079557896,424.91348279995145,0.8641975308641975,0.8641975308641975
reg3,reg3_m60_s1,es_transfer_dc,0,265,13260,1.2743345590986583,70.0,70.0,0.0861147283756653,0.0010496386354705255,20,36,0.004239329136908054,434.4182608999545,0.8641975308641975,0.8641975308641975
reg3,reg3_m60_s1,es_transfer_dc,0,270,13510,1.2743345590986583,70.0,70.0,0.08611472837566542,0.0010496386354704665,20,34,0.004151951055973768,444.0670201999601,0.8641975308641975,0.8641975308641975
reg3,reg3_m60_s1,es_transfer_dc,0,275,13760,1.2743345590986583,70.0,70.0,0.08611472837566528,0.0010496386354705012,20,36,0.003784446744248271,449.5084576999652,0.8641975308641975,0.8641975308641975
reg3,reg3_m60_s1,es_transfer_dc,0,280,14010,1.2743345590986583,70.0,70.0,0.08611472837566536,0.0010496386354705636,20,35,0.004898594226688147,459.041771899967,0.8641975308641975,0.8641975308641975
reg3,reg3_m60_s1,es_transfer_dc,0,285,14260,1.2743345590986583,70.0,70.0,0.08611472837566542,0.0010496386354704665,20,34,0.0041960179805755615,468.6686022999929,0.8641975308641975,0.8641975308641975
reg3,reg3_m60_s1,es_transfer_dc,0,290,14510,1.2743345590986583,70.0,70.0,0.08611472837566536,0.0010496386354705636,20,35,0.004784781485795975,474.1536841999623,0.8641975308641975,0.8641975308641975
reg3,reg3_m60_s1,es_transfer_dc,0,295,14760,1.2743345590986583,70.0,70.0,0.08611472837566528,0.0010496386354704804,20,35,0.003655839478597045,483.7242496999679,0.8641975308641975,0.8641975308641975
reg3,reg3_m60_s1,es_transfer_dc,0,300,15010,1.2743345590986583,70.0,70.0,0.0861147283756652,0.001049638635470418,20,36,0.003466824535280466,493.25972119998187,0.8641975308641975,0.8641975308641975
reg3,reg3_m60_s1,es_transfer_dc,0,305,15260,1.2743345590986583,70.0,70.0,0.08611472837566542,0.0010496386354704665,20,34,0.003145781811326742,498.7203238999937,0.8641975308641975,0.8641975308641975
reg3,reg3_m60_s1,es_transfer_dc,0,310,15510,1.2743345590986583,70.0,70.0,0.08611472837566528,0.0010496386354704804,20,35,0.003699021879583597,508.29100539995125,0.8641975308641975,0.8641975308641975
reg3,reg3_m60_s1,es_transfer_dc,0,315,15760,1.2743345590986583,70.0,70.0,0.0861147283756652,0.001049638635470418,20,36,0.003677701111882925,517.8086266999599,0.8641975308641975,0.8641975308641975
reg3,reg3_m60_s1,es_transfer_dc,0,320,16010,1.2743345590986583,70.0,70.0,0.08611472837566542,0.0010496386354704665,20,34,0.003687724471092224,523.232010799984,0.8641975308641975,0.8641975308641975
reg3,reg3_m60_s1,es_transfer_dc,0,325,16260,1.2743345590986583,70.0,70.0,0.08611472837566542,0.0010496386354704665,20,34,0.004046155139803886,532.7244267999777,0.8641975308641975,0.8641975308641975
reg3,reg3_m60_s1,es_transfer_dc,0,330,16510,1.2743345590986583,70.0,70.0,0.08611472837566538,0.0010496386354706053,20,36,0.003248166060075164,542.1721928999759,0.8641975308641975,0.8641975308641975
reg3,reg3_m60_s1,es_transfer_dc,0,335,16760,1.2743345590986583,70.0,70.0,0.08611472837566538,0.0010496386354706053,20,36,0.003220984013751149,547.6989281999995,0.8641975308641975,0.8641975308641975
reg3,reg3_m60_s1,es_transfer_dc,0,340,17010,1.2743345590986583,70.0,70.0,0.08611472837566538,0.0010496386354706053,20,36,0.0029193684458732605,557.1170138999587,0.8641975308641975,0.8641975308641975
reg3,reg3_m60_s1,es_transfer_dc,0,345,17260,1.2743345590986583,70.0,70.0,0.08611472837566546,0.0010496386354705636,20,36,0.003677323693409562,566.5227545999805,0.8641975308641975,0.8641975308641975
reg3,reg3_m60_s1,es_transfer_dc,0,350,17510,1.2743345590986583,70.0,70.0,0.0861147283756652,0.001049638635470418,20,36,0.0033156885765492916,571.9383804999525,0.8641975308641975,0.8641975308641975
reg3,reg3_m60_s1,es_transfer_dc,0,355,17760,1.2743345590986583,70.0,70.0,0.08611472837566536,0.0010496386354705636,20,35,0.004831779282540083,581.1664914999856,0.8641975308641975,0.8641975308641975
reg3,reg3_m60_s1,es_transfer_dc,0,360,18010,1.2743345590986583,70.0,70.0,0.08611472837566546,0.0010496386354705636,20,36,0.003185261506587267,590.4750245999894,0.8641975308641975,0.8641975308641975
reg3,reg3_m60_s1,es_transfer_dc,0,365,18260,1.2743345590986583,70.0,70.0,0.08611472837566529,0.0010496386354705012,20,36,0.003333345288410783,595.8042239999631,0.8641975308641975,0.8641975308641975
reg3,reg3_m60_s1,es_transfer_dc,0,370,18510,1.2743345590986583,70.0,70.0,0.08611472837566546,0.0010496386354705636,20,36,0.0030113414395600557,605.1549934999784,0.8641975308641975,0.8641975308641975
reg3,reg3_m60_s1,es_transfer_dc,0,375,18760,1.2743345590986583,70.0,70.0,0.08611472837566536,0.0010496386354705636,20,35,0.0027258603367954493,614.4868131999974,0.8641975308641975,0.8641975308641975
reg3,reg3_m60_s1,es_transfer_dc,0,380,19010,1.2743345590986583,70.0,70.0,0.08611472837566518,0.00104963863547047,20,36,0.0033691348508000374,619.7715362999588,0.8641975308641975,0.8641975308641975
reg3,reg3_m60_s1,es_transfer_dc,0,385,19260,1.2743345590986583,70.0,70.0,0.0861147283756652,0.001049638635470418,20,36,0.0031237411312758923,629.1239122999832,0.8641975308641975,0.8641975308641975
reg3,reg3_m60_s1,es_transfer_dc,0,390,19510,1.2743345590986583,70.0,70.0,0.08611472837566546,0.0010496386354705636,20,36,0.0035509567242115736,638.5287178999861,0.8641975308641975,0.8641975308641975
reg3,reg3_m60_s1,es_transfer_dc,0,395,19760,1.2743345590986583,70.0,70.0,0.08611472837566536,0.0010496386354705636,20,35,0.0031043291091918945,643.7690796999959,0.8641975308641975,0.8641975308641975
reg3,reg3_m60_s1,es_transfer_dc,0,400,20010,1.2743345590986583,70.0,70.0,0.08611472837566528,0.0010496386354705012,20,36,0.0025979101192206144,653.4911646999535,0.8641975308641975,0.8641975308641975
reg3,reg3_m60_s1,es_transfer_dc,1,0,10,0.6998357169175002,44.0,43.5,0.07304383663338695,0.00098649445651193,20,35,,0.04054459999315441,0.5432098765432098,0.5370370370370371
reg3,reg3_m60_s1,es_transfer_dc,1,5,260,1.0169735842511773,58.0,56.4,0.0867021014866384,0.0009446368085915535,20,35,0.010690685361623764,5.16025279997848,0.7160493827160493,0.6962962962962963
reg3,reg3_m60_s1,es_transfer_dc,1,10,510,1.086547264157979,61.0,60.3,0.0858019490959395,0.0005708474524245949,20,34,0.009104717522859573,14.144974399998318,0.7530864197530864,0.7444444444444445
reg3,reg3_m60_s1,es_transfer_dc,1,15,760,1.136111807001791,64.0,63.2,0.07683393829583895,0.0006964829965502226,20,35,0.013044660910964012,23.182387999957427,0.7901234567901234,0.780246913580247
reg3,reg3_m60_s1,es_transfer_dc,1,20,1010,1.2268055766263593,68.0,65.3,0.07137293399484682,0.0019292812047801214,20,36,0.010582933202385902,28.35367139999289,0.8395061728395061,0.8061728395061728
reg3,reg3_m60_s1,es_transfer_dc,1,25,1260,1.2704332188505156,70.0,68.3,0.07852074870245589,0.0004655391315654374,20,36,0.011813032440841198,37.30474289995618,0.8641975308641975,0.8432098765432099
reg3,reg3_m60_s1,es_transfer_dc,1,30,1510,1.2704332188505156,70.0,69.2,0.07852074870245589,0.0004655391315654374,20,36,0.009249826893210411,46.30654309998499,0.8641975308641975,0.8543209876543211
reg3,reg3_m60_s1,es_transfer_dc,1,35,1760,1.317541363984387,73.0,70.9,0.07046209806455095,0.0004126803669207077,20,36,0.013016773387789726,51.45949059998384,0.9012345679012346,0.8753086419753087
reg3,reg3_m60_s1,es_transfer_dc,1,40,2010,1.3183148156592774,73.0,73.0,0.07264706081891484,0.0004295053692373735,20,36,0.009979698807001114,60.33580589998746,0.9012345679012346,0.9012345679012346
reg3,reg3_m60_s1,es_transfer_dc,1,45,2260,1.3233402190178976,73.0,73.0,0.06895024106919899,0.0011621123055570873,20,36,0.010170486755669117,69.52709269995103,0.9012345679012346,0.9012345679012346
reg3,reg3_m60_s1,es_transfer_dc,1,50,2510,1.32363736942288,73.0,73.0,0.07694753173178429,0.0012616946176926703,20,36,0.012755028903484344,75.03266739996616,0.9012345679012346,0.9012345679012346
reg3,reg3_m60_s1,es_transfer_dc,1,55,2760,1.3268582559194126,73.0,73.0,0.06433217801362302,0.0036738712006866075,20,36,0.01186413038522005,84.12171479995595,0.9012345679012346,0.9012345679012346
reg3,reg3_m60_s1,es_transfer_dc,1,60,3010,1.3275082309143817,73.0,73.0,0.07057679914820858,0.0006157173176708011,20,36,0.011486130766570568,93.12550149997696,0.9012345679012346,0.9012345679012346
reg3,reg3_m60_s1,es_transfer_dc,1,65,3260,1.3382635408401453,73.0,73.0,0.08244048765348239,0.001500392310717573,20,36,0.009585574269294739,98.28201889997581,0.9012345679012346,0.9012345679012346
reg3,reg3_m60_s1,es_transfer_dc,1,70,3510,1.3382635408401455,73.0,73.0,0.08244048765348247,0.001500392310717514,20,36,0.010739707387983799,107.34219099994516,0.9012345679012346,0.9012345679012346
reg3,reg3_m60_s1,es_transfer_dc,1,75,3760,1.3382635408401455,73.0,73.0,0.08244048765348247,0.001500392310717514,20,36,0.008357703685760498,116.49031269998522,0.9012345679012346,0.9012345679012346
reg3,reg3_m60_s1,es_transfer_dc,1,80,4010,1.340341474920496,73.0,73.0,0.08393612533483391,0.0007759898597237483,20,35,0.01047067902982235,121.6720710999798,0.9012345679012346,0.9012345679012346
reg3,reg3_m60_s1,es_transfer_dc,1,85,4260,1.3411612471807781,73.0,73.0,0.07890366126093262,0.001680232791458746,20,37,0.009083754383027554,130.87371009995695,0.9012345679012346,0.9012345679012346
reg3,reg3_m60_s1,es_transfer_dc,1,90,4510,1.3411612471807781,73.0,73.0,0.07890366126093262,0.001680232791458746,20,37,0.00731569342315197,140.0673722999636,0.9012345679012346,0.9012345679012346
reg3,reg3_m60_s1,es_transfer_dc,1,95,4760,1.3411612471807781,73.0,73.0,0.07890366126093268,0.001680232791458595,20,37,0.007559053599834442,145.21352479996858,0.9012345679012346,0.9012345679012346
reg3,reg3_m60_s1,es_transfer_dc,1,100,5010,1.3411612471807781,73.0,73.0,0.07890366126093264,0.0016802327914585509,20,36,0.009718261659145355,154.13270469999406,0.9012345679012346,0.9012345679012346
reg3,reg3_m60_s1,es_transfer_dc,1,105,5260,1.3411612471807781,73.0,73.0,0.07890366126093262,0.001680232791458746,20,37,0.006603838875889778,163.04054179997183,0.9012345679012346,0.9012345679012346
reg3,reg3_m60_s1,es_transfer_dc,1,110,5510,1.3411612471807781,73.0,73.0,0.0789036612609326,0.0016802327914586402,20,37,0.00743064284324646,168.21959029999562,0.9012345679012346,0.9012345679012346
reg3,reg3_m60_s1,es_transfer_dc,1,115,5760,1.3411612471807781,73.0,73.0,0.07890366126093264,0.0016802327914586792,20,36,0.008195160888135433,177.2624612999498,0.9012345679012346,0.9012345679012346
reg3,reg3_m60_s1,es_transfer_dc,1,120,6010,1.3411612471807781,73.0,73.0,0.07890366126093273,0.0016802327914586567,20,37,0.007641243748366833,186.3268615999841,0.9012345679012346,0.9012345679012346
reg3,reg3_m60_s1,es_transfer_dc,1,125,6260,1.3415601326552056,73.0,73.0,0.08377773030326008,0.0009689956491561735,20,36,0.006467817351222038,191.4357114000013,0.9012345679012346,0.9012345679012346
reg3,reg3_m60_s1,es_transfer_dc,1,130,6510,1.3415601326552056,73.0,73.0,0.08377773030326008,0.0009689956491561735,20,36,0.007445106282830238,200.31995939998887,0.9012345679012346,0.9012345679012346
reg3,reg3_m60_s1,es_transfer_dc,1,135,6760,1.3415601326552056,73.0,73.0,0.08377773030326008,0.0009689956491561735,20,36,0.007333579007536173,209.40178949997062,0.9012345679012346,0.9012345679012346
reg3,reg3_m60_s1,es_transfer_dc,1,140,7010,1.3417075046600688,73.0,73.0,0.08765611905332064,0.0016329364650202044,20,36,0.00608289148658514,214.56423819996417,0.9012345679012346,0.9012345679012346
reg3,reg3_m60_s1,es_transfer_dc,1,145,7260,1.3417075046600688,73.0,73.0,0.08765611905332064,0.0016329364650202044,20,36,0.004979585763067007,223.64842749998206,0.9012345679012346,0.9012345679012346
reg3,reg3_m60_s1,es_transfer_dc,1,150,7510,1.3417075046600688,73.0,73.0,0.08765611905332064,0.0016329364650202044,20,36,0.0073102917522192,232.69393949996447,0.9012345679012346,0.9012345679012346
reg3,reg3_m60_s1,es_transfer_dc,1,155,7760,1.3417075046600688,73.0,73.0,0.08765611905332064,0.0016329364650202044,20,36,0.005833573639392853,237.91813469998306,0.9012345679012346,0.9012345679012346
reg3,reg3_m60_s1,es_transfer_dc,1,160,8010,1.3417075046600688,73.0,73.0,0.08765611905332064,0.0016329364650202044,20,36,0.004060069564729929,247.0060018999502,0.9012345679012346,0.9012345679012346
reg3,reg3_m60_s1,es_transfer_dc,1,165,8260,1.3417075046600688,73.0,73.0,0.08765611905332064,0.0016329364650202044,20,36,0.006280094385147095,255.97801359998994,0.9012345679012346,0.9012345679012346
reg3,reg3_m60_s1,es_transfer_dc,1,170,8510,1.3417075046600688,73.0,73.0,0.08765611905332064,0.0016329364650202044,20,36,0.005080047063529491,261.32290889997967,0.9012345679012346,0.9012345679012346
reg3,reg3_m60_s1,es_transfer_dc,1,175,8760,1.3417075046600688,73.0,73.0,0.08765611905332064,0.0016329364650202044,20,36,0.005682078655809164,270.3922215999919,0.9012345679012346,0.9012345679012346
reg3,reg3_m60_s1,es_transfer_dc,1,180,9010,1.3417075046600688,73.0,73.0,0.08765611905332064,0.0016329364650202044,20,36,0.004744044970721006,279.4613161999732,0.9012345679012346,0.9012345679012346
reg3,reg3_m60_s1,es_transfer_dc,1,185,9260,1.3417075046600688,73.0,73.0,0.08765611905332064,0.0016329364650202044,20,36,0.0051508513279259205,284.6407064999803,0.9012345679012346,0.9012345679012346
reg3,reg3_m60_s1,es_transfer_dc,1,190,9510,1.3417075046600688,73.0,73.0,0.08765611905332064,0.0016329364650202044,20,36,0.005081481300294399,293.62916849995963,0.9012345679012346,0.9012345679012346
reg3,reg3_m60_s1,es_transfer_dc,1,195,9760,1.3417075046600688,73.0,73.0,0.08765611905332064,0.0016329364650202044,20,36,0.0044096000492572784,302.6391843999736,0.9012345679012346,0.9012345679012346
reg3,reg3_m60_s1,es_transfer_dc,1,200,10010,1.3417075046600688,73.0,73.0,0.08765611905332064,0.0016329364650202044,20,36,0.004982019308954477,307.8000714999507,0.9012345679012346,0.9012345679012346
reg3,reg3_m60_s1,es_transfer_dc,1,205,10260,1.3417075046600688,73.0,73.0,0.08765611905332064,0.0016329364650202044,20,36,0.004167977720499039,317.02661189995706,0.9012345679012346,0.9012345679012346
reg3,reg3_m60_s1,es_transfer_dc,1,210,10510,1.3417075046600688,73.0,73.0,0.08765611905332064,0.0016329364650202044,20,36,0.003933909349143505,326.01893289998407,0.9012345679012346,0.9012345679012346
reg3,reg3_m60_s1,es_transfer_dc,1,215,10760,1.3417075046600688,73.0,73.0,0.08765611905332064,0.0016329364650202044,20,36,0.0054290518164634705,331.1629869999597,0.9012345679012346,0.9012345679012346
reg3,reg3_m60_s1,es_transfer_dc,1,220,11010,1.3417075046600688,73.0,73.0,0.08765611905332064,0.0016329364650202044,20,36,0.004523240961134434,340.0199198999908,0.9012345679012346,0.9012345679012346
reg3,reg3_m60_s1,es_transfer_dc,1,225,11260,1.3417075046600688,73.0,73.0,0.08765611905332064,0.0016329364650202044,20,36,0.0049621788784861565,348.9584829999949,0.9012345679012346,0.9012345679012346
reg3,reg3_m60_s1,es_transfer_dc,1,230,11510,1.3417075046600688,73.0,73.0,0.08765611905332064,0.0016329364650202044,20,36,0.005697233602404594,354.04118569998536,0.9012345679012346,0.9012345679012346
reg3,reg3_m60_s1,es_transfer_dc,1,235,11760,1.3417075046600688,73.0,73.0,0.08765611905332064,0.0016329364650202044,20,36,0.003928602207452059,362.78385959996376,0.9012345679012346,0.9012345679012346
reg3,reg3_m60_s1,es_transfer_dc,1,240,12010,1.3417075046600688,73.0,73.0,0.08765611905332064,0.0016329364650202044,20,36,0.004081171005964279,371.50072769995313,0.9012345679012346,0.9012345679012346
reg3,reg3_m60_s1,es_transfer_dc,1,245,12260,1.3417075046600688,73.0,73.0,0.0876561190533206,0.001632936465020246,20,37,0.0051442841067910194,376.4820456999587,0.9012345679012346,0.9012345679012346
reg3,reg3_m60_s1,es_transfer_dc,1,250,12510,1.3417075046600688,73.0,73.0,0.08765611905332067,0.001632936465020246,20,37,0.004976330325007439,385.1855757999583,0.9012345679012346,0.9012345679012346
reg3,reg3_m60_s1,es_transfer_dc,1,255,12760,1.3417075046600688,73.0,73.0,0.08765611905332064,0.0016329364650202044,20,36,0.003402882721275091,393.92146449995926,0.9012345679012346,0.9012345679012346
reg3,reg3_m60_s1,es_transfer_dc,1,260,13010,1.3417075046600688,73.0,73.0,0.08765611905332067,0.001632936465020246,20,37,0.004143896512687206,398.8756591999554,0.9012345679012346,0.9012345679012346
reg3,reg3_m60_s1,es_transfer_dc,1,265,13260,1.3417075046600688,73.0,73.0,0.0876561190533206,0.001632936465020246,20,37,0.0035713305696845055,407.6532737999805,0.9012345679012346,0.9012345679012346
reg3,reg3_m60_s1,es_transfer_dc,1,270,13510,1.3417075046600688,73.0,73.0,0.08765611905332063,0.0016329364650202877,20,37,0.0030681691132485867,416.41625609999755,0.9012345679012346,0.9012345679012346
reg3,reg3_m60_s1,es_transfer_dc,1,275,13760,1.3420465488390052,73.0,73.0,0.08890752175682046,0.00016618232955016576,20,35,0.004025244154036045,421.6152907999931,0.9012345679012346,0.9012345679012346
reg3,reg3_m60_s1,es_transfer_dc,1,280,14010,1.3420465488390052,73.0,73.0,0.08890752175682046,0.00016618232955016576,20,35,0.005138234235346317,430.4659310999559,0.9012345679012346,0.9012345679012346
reg3,reg3_m60_s1,es_transfer_dc,1,285,14260,1.3420465488390052,73.0,73.0,0.08890752175682046,0.00016618232955016576,20,35,0.002807325217872858,439.16967829997884,0.9012345679012346,0.9012345679012346
reg3,reg3_m60_s1,es_transfer_dc,1,290,14510,1.3420465488390052,73.0,73.0,0.08890752175682046,0.00016618232955016576,20,35,0.0036703820805996656,444.0444103999762,0.9012345679012346,0.9012345679012346
reg3,reg3_m60_s1,es_transfer_dc,1,295,14760,1.3420465488390052,73.0,73.0,0.08890752175682046,0.00016618232955016576,20,35,0.0036817353684455156,452.82715129997814,0.9012345679012346,0.9012345679012346
reg3,reg3_m60_s1,es_transfer_dc,1,300,15010,1.3420465488390052,73.0,73.0,0.08890752175682046,0.00016618232955016576,20,35,0.0037029627710580826,461.61264599999413,0.9012345679012346,0.9012345679012346
reg3,reg3_m60_s1,es_transfer_dc,1,305,15260,1.3420465488390052,73.0,73.0,0.08890752175682048,0.00016618232955019352,20,35,0.003996231593191624,466.6195328999893,0.9012345679012346,0.9012345679012346
reg3,reg3_m60_s1,es_transfer_dc,1,310,15510,1.3420465488390052,73.0,73.0,0.08890752175682051,0.00016618232955019352,20,34,0.002226415788754821,475.3374913999578,0.9012345679012346,0.9012345679012346
reg3,reg3_m60_s1,es_transfer_dc,1,315,15760,1.3420465488390052,73.0,73.0,0.08890752175682048,0.00016618232955019352,20,35,0.003931607585400343,484.09244739997666,0.9012345679012346,0.9012345679012346
reg3,reg3_m60_s1,es_transfer_dc,1,320,16010,1.3420465488390052,73.0,73.0,0.08890752175682051,0.0001661823295502629,20,35,0.003802057122811675,489.17834279994713,0.9012345679012346,0.9012345679012346
reg3,reg3_m60_s1,es_transfer_dc,1,325,16260,1.3420465488390052,73.0,73.0,0.08890752175682046,0.00016618232955016576,20,35,0.0030792327597737312,497.8757236999809,0.9012345679012346,0.9012345679012346
reg3,reg3_m60_s1,es_transfer_dc,1,330,16510,1.3420465488390052,73.0,73.0,0.08890752175682051,0.0001661823295502629,20,35,0.003640964860096574,506.6873617999954,0.9012345679012346,0.9012345679012346
reg3,reg3_m60_s1,es_transfer_dc,1,335,16760,1.3420465488390052,73.0,73.0,0.08890752175682046,0.00016618232955016576,20,35,0.003541875397786498,511.8078785999678,0.9012345679012346,0.9012345679012346
reg3,reg3_m60_s1,es_transfer_dc,1,340,17010,1.3420465488390052,73.0,73.0,0.08890752175682051,0.00016618232955019352,20,34,0.0034379216376692057,520.7164953999454,0.9012345679012346,0.9012345679012346
reg3,reg3_m60_s1,es_transfer_dc,1,345,17260,1.3420465488390052,73.0,73.0,0.08890752175682046,0.00016618232955016576,20,35,0.002843152731657028,529.5895100999624,0.9012345679012346,0.9012345679012346
reg3,reg3_m60_s1,es_transfer_dc,1,350,17510,1.3420465488390052,73.0,73.0,0.08890752175682051,0.00016618232955019352,20,34,0.0034026203211396933,534.5858262999682,0.9012345679012346,0.9012345679012346
reg3,reg3_m60_s1,es_transfer_dc,1,355,17760,1.3420465488390052,73.0,73.0,0.08890752175682048,0.00016618232955019352,20,35,0.0027252144645899534,543.3439232999808,0.9012345679012346,0.9012345679012346
reg3,reg3_m60_s1,es_transfer_dc,1,360,18010,1.3420465488390052,73.0,73.0,0.08890752175682054,0.00016618232955016576,20,35,0.0031568154226988554,552.0986756999628,0.9012345679012346,0.9012345679012346
reg3,reg3_m60_s1,es_transfer_dc,1,365,18260,1.3420465488390052,73.0,73.0,0.08890752175682046,0.00016618232955016576,20,35,0.00359194353222847,557.0813606999582,0.9012345679012346,0.9012345679012346
reg3,reg3_m60_s1,es_transfer_dc,1,370,18510,1.3420465488390052,73.0,73.0,0.08890752175682054,0.00016618232955016576,20,35,0.0032277428545057774,565.7649095999659,0.9012345679012346,0.9012345679012346
reg3,reg3_m60_s1,es_transfer_dc,1,375,18760,1.3420465488390052,73.0,73.0,0.08890752175682051,0.00016618232955027679,20,34,0.0029704859480261803,574.5321850999608,0.9012345679012346,0.9012345679012346
reg3,reg3_m60_s1,es_transfer_dc,1,380,19010,1.3420465488390052,73.0,73.0,0.0889075217568205,0.00016618232955015189,20,35,0.0024245879612863064,579.5661123999744,0.9012345679012346,0.9012345679012346
reg3,reg3_m60_s1,es_transfer_dc,1,385,19260,1.3420465488390052,73.0,73.0,0.08890752175682046,0.00016618232955016576,20,35,0.0028092139400541782,588.4582471999456,0.9012345679012346,0.9012345679012346
reg3,reg3_m60_s1,es_transfer_dc,1,390,19510,1.3420465488390052,73.0,73.0,0.08890752175682046,0.00016618232955016576,20,35,0.00197304948233068,597.7309294999577,0.9012345679012346,0.9012345679012346
reg3,reg3_m60_s1,es_transfer_dc,1,395,19760,1.3420465488390052,73.0,73.0,0.08890752175682051,0.00016618232955027679,20,34,0.003216461045667529,603.136188399978,0.9012345679012346,0.9012345679012346
reg3,reg3_m60_s1,es_transfer_dc,1,400,20010,1.3420465488390052,73.0,73.0,0.08890752175682054,0.00016618232955016576,20,35,0.002311034593731165,612.6627289999742,0.9012345679012346,0.9012345679012346
reg3,reg3_m60_s1,es_transfer_dc,2,0,10,0.7742332023138776,46.0,46.1,0.03190252217659621,0.0017974010528312402,20,35,,0.04849720001220703,0.5679012345679012,0.5691358024691359
reg3,reg3_m60_s1,es_transfer_dc,2,5,260,1.1036335209008294,62.0,57.9,0.08779613810601906,0.005350841318017012,20,34,0.010573233477771282,5.729068299988285,0.7654320987654321,0.7148148148148148
reg3,reg3_m60_s1,es_transfer_dc,2,10,510,1.1318778375986474,65.0,62.5,0.05810943746034446,0.0006498128305402907,20,34,0.013869209215044975,15.455610700009856,0.8024691358024691,0.7716049382716049
reg3,reg3_m60_s1,es_transfer_dc,2,15,760,1.1450937250947366,64.0,62.9,0.09297187611570998,0.002314252706306073,20,34,0.013779225759208202,25.140190300007816,0.7901234567901234,0.7765432098765432
reg3,reg3_m60_s1,es_transfer_dc,2,20,1010,1.173365860479255,65.0,63.5,0.08465586368719871,2.7755575615628914e-17,20,33,0.015830498188734055,30.74968330003321,0.8024691358024691,0.7839506172839507
reg3,reg3_m60_s1,es_transfer_dc,2,25,1260,1.224385346656115,67.0,65.9,0.09337847967729085,0.0002859464709797539,20,32,0.0117183867841959,41.09865440003341,0.8271604938271605,0.8135802469135803
reg3,reg3_m60_s1,es_transfer_dc,2,30,1510,1.2243853466561152,67.0,66.5,0.09337847967729089,0.0002859464709798164,20,31,0.009403027594089508,50.85419759998331,0.8271604938271605,0.8209876543209876
reg3,reg3_m60_s1,es_transfer_dc,2,35,1760,1.2243853466561152,67.0,67.0,0.0933784796772908,0.00028594647097979903,20,31,0.010742422193288803,56.39697010000236,0.8271604938271605,0.8271604938271605
reg3,reg3_m60_s1,es_transfer_dc,2,40,2010,1.2243853466561152,67.0,67.0,0.09337847967729077,0.0002859464709799465,20,32,0.009298841468989849,66.12346040003467,0.8271604938271605,0.8271604938271605
reg3,reg3_m60_s1,es_transfer_dc,2,45,2260,1.2258166240384394,67.0,67.0,0.0892459508942789,0.00026652376144400275,20,31,0.007564302068203688,75.90544110001065,0.8271604938271605,0.8271604938271605
reg3,reg3_m60_s1,es_transfer_dc,2,50,2510,1.2258166240384394,67.0,67.0,0.0892459508942789,0.00026652376144400275,20,31,0.009023250080645084,81.47462599998107,0.8271604938271605,0.8271604938271605
reg3,reg3_m60_s1,es_transfer_dc,2,55,2760,1.2275301585519838,67.0,67.0,0.08755142201483607,1.625558257832213e-06,20,32,0.00943701807409525,91.36801030003699,0.8271604938271605,0.8271604938271605
reg3,reg3_m60_s1,es_transfer_dc,2,60,3010,1.2275301585519838,67.0,67.0,0.08755142201483607,1.625558257832213e-06,20,32,0.0082290293648839,101.240348500025,0.8271604938271605,0.8271604938271605
reg3,reg3_m60_s1,es_transfer_dc,2,65,3260,1.2275301585519838,67.0,67.0,0.0875514220148362,1.625558257807927e-06,20,32,0.006022843532264233,106.90169610001612,0.8271604938271605,0.8271604938271605
reg3,reg3_m60_s1,es_transfer_dc,2,70,3510,1.2403875408269098,68.0,67.1,0.08752364124647245,0.0019408988361163532,20,32,0.005818633828312159,116.76951670000562,0.8395061728395061,0.8283950617283949
reg3,reg3_m60_s1,es_transfer_dc,2,75,3760,1.2403875408269098,68.0,67.1,0.08752364124647245,0.0019408988361163532,20,32,0.004096301272511482,126.60151559999213,0.8395061728395061,0.8283950617283949
reg3,reg3_m60_s1,es_transfer_dc,2,80,4010,1.2403875408269098,68.0,67.2,0.08752364124647245,0.0019408988361163532,20,32,0.007624296937137842,132.1978187999921,0.8395061728395061,0.8296296296296297
reg3,reg3_m60_s1,es_transfer_dc,2,85,4260,1.2413602232911418,68.0,67.7,0.08677421336799065,0.003523706072505031,20,32,0.0037330747582018375,141.93431630003033,0.8395061728395061,0.8358024691358025
reg3,reg3_m60_s1,es_transfer_dc,2,90,4510,1.2413602232911418,68.0,68.0,0.08677421336799065,0.003523706072505031,20,32,0.00588668929412961,151.20217940001749,0.8395061728395061,0.8395061728395061
reg3,reg3_m60_s1,es_transfer_dc,2,95,4760,1.2413602232911418,68.0,68.0,0.08677421336799065,0.003523706072505031,20,32,0.005865622311830521,156.58650139998645,0.8395061728395061,0.8395061728395061
reg3,reg3_m60_s1,es_transfer_dc,2,100,5010,1.2424337117959827,68.0,68.0,0.0937875670718673,0.001322599249549035,20,32,0.005243280436843634,165.8229161000345,0.8395061728395061,0.8395061728395061
reg3,reg3_m60_s1,es_transfer_dc,2,105,5260,1.2424337117959827,68.0,68.0,0.0937875670718673,0.001322599249549035,20,32,0.0063999248668551445,174.9324079999933,0.8395061728395061,0.8395061728395061
reg3,reg3_m60_s1,es_transfer_dc,2,110,5510,1.2424337117959827,68.0,68.0,0.0937875670718673,0.001322599249549035,20,32,0.0056538451462984085,180.0660310999956,0.8395061728395061,0.8395061728395061
reg3,reg3_m60_s1,es_transfer_dc,2,115,5760,1.2424337117959827,68.0,68.0,0.0937875670718673,0.001322599249549035,20,32,0.005488191731274128,189.40974919998553,0.8395061728395061,0.8395061728395061
reg3,reg3_m60_s1,es_transfer_dc,2,120,6010,1.2424337117959827,68.0,68.0,0.0937875670718673,0.001322599249549035,20,32,0.0035294578410685062,198.71757959999377,0.8395061728395061,0.8395061728395061
reg3,reg3_m60_s1,es_transfer_dc,2,125,6260,1.2424337117959827,68.0,68.0,0.09378756707186746,0.001322599249548969,20,32,0.004825417418032885,204.17371629999252,0.8395061728395061,0.8395061728395061
reg3,reg3_m60_s1,es_transfer_dc,2,130,6510,1.2442529419600117,68.0,68.0,0.08153876020707582,0.000542834121683964,20,32,0.0039230636321008205,213.42184870003257,0.8395061728395061,0.8395061728395061
reg3,reg3_m60_s1,es_transfer_dc,2,135,6760,1.2442529419600117,68.0,68.0,0.08153876020707582,0.000542834121683964,20,32,0.0035715140402317047,222.396135899995,0.8395061728395061,0.8395061728395061
reg3,reg3_m60_s1,es_transfer_dc,2,140,7010,1.2442529419600117,68.0,68.0,0.08153876020707582,0.000542834121683964,20,32,0.0042531173676252365,227.59191190003185,0.8395061728395061,0.8395061728395061
reg3,reg3_m60_s1,es_transfer_dc,2,145,7260,1.2442529419600117,68.0,68.0,0.08153876020707582,0.000542834121683964,20,32,0.004048279952257872,236.70903850003378,0.8395061728395061,0.8395061728395061
reg3,reg3_m60_s1,es_transfer_dc,2,150,7510,1.2442529419600117,68.0,68.0,0.08153876020707582,0.000542834121683964,20,32,0.00480191083624959,245.70363920001546,0.8395061728395061,0.8395061728395061
reg3,reg3_m60_s1,es_transfer_dc,2,155,7760,1.2442529419600117,68.0,68.0,0.08153876020707582,0.000542834121683964,20,32,0.003982769325375557,251.103818100004,0.8395061728395061,0.8395061728395061
reg3,reg3_m60_s1,es_transfer_dc,2,160,8010,1.2442529419600117,68.0,68.0,0.08153876020707582,0.000542834121683964,20,32,0.00512230908498168,260.15709460002836,0.8395061728395061,0.8395061728395061
reg3,reg3_m60_s1,es_transfer_dc,2,165,8260,1.2442529419600117,68.0,68.0,0.08153876020707582,0.000542834121683964,20,32,0.004780210088938475,269.2235312000266,0.8395061728395061,0.8395061728395061
reg3,reg3_m60_s1,es_transfer_dc,2,170,8510,1.2442529419600117,68.0,68.0,0.08153876020707582,0.000542834121683964,20,32,0.005148798692971468,274.4674936000374,0.8395061728395061,0.8395061728395061
reg3,reg3_m60_s1,es_transfer_dc,2,175,8760,1.245057404453886,68.0,68.0,0.06928420617266318,0.0025673190253412,20,32,0.00503303948789835,283.89509230002295,0.8395061728395061,0.8395061728395061
reg3,reg3_m60_s1,es_transfer_dc,2,180,9010,1.245057404453886,68.0,68.0,0.06928420617266318,0.0025673190253412,20,32,0.0032807502429932356,293.3030565000372,0.8395061728395061,0.8395061728395061
reg3,reg3_m60_s1,es_transfer_dc,2,185,9260,1.245057404453886,68.0,68.0,0.06928420617266318,0.0025673190253412,20,32,0.0033060996793210506,298.7876154999831,0.8395061728395061,0.8395061728395061
reg3,reg3_m60_s1,es_transfer_dc,2,190,9510,1.245057404453886,68.0,68.0,0.06928420617266318,0.0025673190253412,20,32,0.0038859467022120953,308.22947379999096,0.8395061728395061,0.8395061728395061
reg3,reg3_m60_s1,es_transfer_dc,2,195,9760,1.245057404453886,68.0,68.0,0.06928420617266318,0.0025673190253412,20,32,0.004502478055655956,317.68566760001704,0.8395061728395061,0.8395061728395061
reg3,reg3_m60_s1,es_transfer_dc,2,200,10010,1.245057404453886,68.0,68.0,0.06928420617266318,0.0025673190253412,20,32,0.0033784466795623302,323.2641033999971,0.8395061728395061,0.8395061728395061
reg3,reg3_m60_s1,es_transfer_dc,2,205,10260,1.2569029653114712,69.0,68.2,0.08039384940240636,7.081185527161096e-05,20,33,0.0038334662094712257,332.9106761000003,0.8518518518518519,0.8419753086419753
reg3,reg3_m60_s1,es_transfer_dc,2,210,10510,1.2579411297320742,69.0,68.7,0.08280698829336201,0.0007659114517864132,20,33,0.004596945829689503,342.57705120003084,0.8518518518518519,0.8481481481481482
reg3,reg3_m60_s1,es_transfer_dc,2,215,10760,1.2579411297320742,69.0,69.0,0.08280698829336201,0.0007659114517864132,20,33,0.0037078713066875935,348.18395020003663,0.8518518518518519,0.8518518518518519
reg3,reg3_m60_s1,es_transfer_dc,2,220,11010,1.2579411297320742,69.0,69.0,0.08280698829336205,0.0007659114517864704,20,34,0.003779460908845067,357.91898100002436,0.8518518518518519,0.8518518518518519
reg3,reg3_m60_s1,es_transfer_dc,2,225,11260,1.2579411297320742,69.0,69.0,0.08280698829336208,0.0007659114517864158,20,33,0.003922026604413986,367.65675439999904,0.8518518518518519,0.8518518518518519
reg3,reg3_m60_s1,es_transfer_dc,2,230,11510,1.2579411297320742,69.0,69.0,0.08280698829336201,0.0007659114517864132,20,33,0.00332253216765821,373.18541919998825,0.8518518518518519,0.8518518518518519
reg3,reg3_m60_s1,es_transfer_dc,2,235,11760,1.2579411297320742,69.0,69.0,0.08280698829336208,0.0007659114517864158,20,33,0.0031753492075949907,382.9216819999856,0.8518518518518519,0.8518518518518519
reg3,reg3_m60_s1,es_transfer_dc,2,240,12010,1.2579411297320742,69.0,69.0,0.08280698829336201,0.0007659114517864132,20,33,0.003648958168923855,392.6611551999813,0.8518518518518519,0.8518518518518519
reg3,reg3_m60_s1,es_transfer_dc,2,245,12260,1.2579411297320742,69.0,69.0,0.08280698829336208,0.0007659114517864158,20,33,0.0033308197744190693,398.24160080001457,0.8518518518518519,0.8518518518518519
reg3,reg3_m60_s1,es_transfer_dc,2,250,12510,1.2579411297320742,69.0,69.0,0.08280698829336205,0.0007659114517864704,20,34,0.004005018621683121,407.753632500011,0.8518518518518519,0.8518518518518519
reg3,reg3_m60_s1,es_transfer_dc,2,255,12760,1.2579411297320742,69.0,69.0,0.08280698829336208,0.0007659114517864158,20,33,0.0036953804083168507,417.2579284000094,0.8518518518518519,0.8518518518518519
reg3,reg3_m60_s1,es_transfer_dc,2,260,13010,1.2579411297320742,69.0,69.0,0.08280698829336208,0.0007659114517864158,20,33,0.003174370853230357,422.59115100000054,0.8518518518518519,0.8518518518518519
reg3,reg3_m60_s1,es_transfer_dc,2,265,13260,1.2579411297320744,69.0,69.0,0.08280698829336224,0.0007659114517863906,20,34,0.004278432112187147,431.91698129998986,0.8518518518518519,0.8518518518518519
reg3,reg3_m60_s1,es_transfer_dc,2,270,13510,1.2579411297320744,69.0,69.0,0.08280698829336207,0.000765911451786362,20,34,0.003407742828130722,441.4297802000074,0.8518518518518519,0.8518518518518519
reg3,reg3_m60_s1,es_transfer_dc,2,275,13760,1.2579411297320744,69.0,69.0,0.08280698829336207,0.000765911451786362,20,34,0.005149587988853455,446.7301198000205,0.8518518518518519,0.8518518518518519
reg3,reg3_m60_s1,es_transfer_dc,2,280,14010,1.2579411297320744,69.0,69.0,0.08280698829336207,0.000765911451786362,20,34,0.0029322358313947916,456.2367607000051,0.8518518518518519,0.8518518518518519
reg3,reg3_m60_s1,es_transfer_dc,2,285,14260,1.2579411297320744,69.0,69.0,0.08280698829336224,0.0007659114517863906,20,34,0.0030496567487716675,465.58780510001816,0.8518518518518519,0.8518518518518519
reg3,reg3_m60_s1,es_transfer_dc,2,290,14510,1.2579411297320744,69.0,69.0,0.08280698829336207,0.000765911451786362,20,34,0.0034349802881479263,471.0651861000224,0.8518518518518519,0.8518518518518519
reg3,reg3_m60_s1,es_transfer_dc,2,295,14760,1.2579411297320744,69.0,69.0,0.08280698829336207,0.000765911451786362,20,34,0.0036764207761734724,480.5018420999986,0.8518518518518519,0.8518518518518519
reg3,reg3_m60_s1,es_transfer_dc,2,300,15010,1.2579411297320744,69.0,69.0,0.08280698829336207,0.000765911451786362,20,34,0.0034413773100823164,490.00611459999345,0.8518518518518519,0.8518518518518519
reg3,reg3_m60_s1,es_transfer_dc,2,305,15260,1.2579411297320744,69.0,69.0,0.08280698829336224,0.0007659114517863906,20,34,0.004462717100977898,495.46324599999934,0.8518518518518519,0.8518518518518519
reg3,reg3_m60_s1,es_transfer_dc,2,310,15510,1.2579411297320744,69.0,69.0,0.08280698829336207,0.000765911451786362,20,34,0.004084164276719093,505.12521279999055,0.8518518518518519,0.8518518518518519
reg3,reg3_m60_s1,es_transfer_dc,2,315,15760,1.2579411297320744,69.0,69.0,0.08280698829336207,0.000765911451786362,20,34,0.0028588224668055773,514.7986774999881,0.8518518518518519,0.8518518518518519
reg3,reg3_m60_s1,es_transfer_dc,2,320,16010,1.2579411297320744,69.0,69.0,0.08280698829336224,0.0007659114517863906,20,34,0.0024526759516447783,520.1870178999961,0.8518518518518519,0.8518518518518519
reg3,reg3_m60_s1,es_transfer_dc,2,325,16260,1.2579411297320744,69.0,69.0,0.0828069882933623,0.0007659114517863603,20,34,0.0025367015041410923,529.6273648000206,0.8518518518518519,0.8518518518518519
reg3,reg3_m60_s1,es_transfer_dc,2,330,16510,1.2579411297320744,69.0,69.0,0.08280698829336207,0.000765911451786362,20,34,0.003452646778896451,539.18775859999,0.8518518518518519,0.8518518518518519
reg3,reg3_m60_s1,es_transfer_dc,2,335,16760,1.2579411297320744,69.0,69.0,0.08280698829336207,0.000765911451786362,20,34,0.004678151570260525,544.665822400013,0.8518518518518519,0.8518518518518519
reg3,reg3_m60_s1,es_transfer_dc,2,340,17010,1.2579411297320744,69.0,69.0,0.0828069882933623,0.0007659114517863603,20,34,0.0038520698435604572,554.2856682999991,0.8518518518518519,0.8518518518518519
reg3,reg3_m60_s1,es_transfer_dc,2,345,17260,1.2579411297320744,69.0,69.0,0.0828069882933623,0.0007659114517863603,20,34,0.0034815450198948383,563.8281260000076,0.8518518518518519,0.8518518518518519
reg3,reg3_m60_s1,es_transfer_dc,2,350,17510,1.2579411297320744,69.0,69.0,0.08280698829336207,0.000765911451786362,20,34,0.003262872574850917,569.2849833000218,0.8518518518518519,0.8518518518518519
reg3,reg3_m60_s1,es_transfer_dc,2,355,17760,1.2579411297320744,69.0,69.0,0.08280698829336207,0.000765911451786362,20,34,0.0028200182132422924,578.779181800026,0.8518518518518519,0.8518518518518519
reg3,reg3_m60_s1,es_transfer_dc,2,360,18010,1.2579411297320744,69.0,69.0,0.0828069882933623,0.0007659114517863603,20,34,0.002917660865932703,588.3100238000043,0.8518518518518519,0.8518518518518519
reg3,reg3_m60_s1,es_transfer_dc,2,365,18260,1.2579411297320744,69.0,69.0,0.08280698829336222,0.0007659114517864652,20,34,0.003247197950258851,593.7854361000354,0.8518518518518519,0.8518518518518519
reg3,reg3_m60_s1,es_transfer_dc,2,370,18510,1.2579411297320744,69.0,69.0,0.08280698829336207,0.000765911451786362,20,34,0.002698346972465515,603.3918914999813,0.8518518518518519,0.8518518518518519
reg3,reg3_m60_s1,es_transfer_dc,2,375,18760,1.2579411297320744,69.0,69.0,0.08280698829336207,0.000765911451786362,20,34,0.0029250902589410543,612.8421637000283,0.8518518518518519,0.8518518518518519
reg3,reg3_m60_s1,es_transfer_dc,2,380,19010,1.2579411297320744,69.0,69.0,0.08280698829336222,0.0007659114517864652,20,34,0.003380870446562767,618.3260575000313,0.8518518518518519,0.8518518518518519
reg3,reg3_m60_s1,es_transfer_dc,2,385,19260,1.2579411297320744,69.0,69.0,0.08280698829336207,0.000765911451786362,20,34,0.002483273623511195,627.9817740999861,0.8518518518518519,0.8518518518518519
reg3,reg3_m60_s1,es_transfer_dc,2,390,19510,1.2579411297320744,69.0,69.0,0.08280698829336207,0.000765911451786362,20,34,0.002743355929851532,637.516124900023,0.8518518518518519,0.8518518518518519
reg3,reg3_m60_s1,es_transfer_dc,2,395,19760,1.2579411297320744,69.0,69.0,0.08280698829336224,0.0007659114517863906,20,34,0.0025259465910494328,642.9742028000182,0.8518518518518519,0.8518518518518519
reg3,reg3_m60_s1,es_transfer_dc,2,400,20010,1.2579411297320744,69.0,69.0,0.0828069882933623,0.0007659114517863603,20,34,0.002311229007318616,652.768861300021,0.8518518518518519,0.8518518518518519
reg3,reg3_m60_s1,es_transfer_dc,3,0,10,0.6895079475397997,41.0,44.8,0.043618584570616764,1.984089975648473e-17,20,32,,0.053574200021103024,0.5061728395061729,0.5530864197530864
reg3,reg3_m60_s1,es_transfer_dc,3,5,260,1.1251670620206162,64.0,62.5,0.06858740844866404,0.0026650969930392017,20,34,0.016147805377840996,5.256643500004429,0.7901234567901234,0.7716049382716049
reg3,reg3_m60_s1,es_transfer_dc,3,10,510,1.1843770454060014,67.0,65.9,0.06369810897879608,1.6015249239786228e-05,20,34,0.015820536762475967,14.153400200011674,0.8271604938271605,0.8135802469135803
reg3,reg3_m60_s1,es_transfer_dc,3,15,760,1.2007369151319358,68.0,66.8,0.05863094223858912,0.007447501495668245,20,34,0.013180224224925041,23.296351100027096,0.8395061728395061,0.8246913580246913
reg3,reg3_m60_s1,es_transfer_dc,3,20,1010,1.2386916105286454,69.0,68.6,0.07485845883451045,7.561264188227224e-05,20,34,0.013926196843385696,28.59389270003885,0.8518518518518519,0.8469135802469135
reg3,reg3_m60_s1,es_transfer_dc,3,25,1260,1.281607875235605,71.0,70.2,0.0850323521158318,0.009357156101515635,20,34,0.012858355417847633,37.60504440002842,0.8765432098765432,0.8666666666666667
reg3,reg3_m60_s1,es_transfer_dc,3,30,1510,1.2848819009072232,71.0,71.2,0.08325317027993095,0.0030437700845278304,20,34,0.012153774499893188,47.13420210004551,0.8765432098765432,0.8790123456790124
reg3,reg3_m60_s1,es_transfer_dc,3,35,1760,1.3146609351112977,73.0,71.4,0.07036026156736316,0.0008023441964993272,20,34,0.01128349732607603,52.66648880002322,0.9012345679012346,0.8814814814814815
reg3,reg3_m60_s1,es_transfer_dc,3,40,2010,1.3555138470169656,75.0,72.9,0.07125457847978561,0.00047426810049726667,20,35,0.013789713382720947,62.174326900043525,0.9259259259259259,0.9
reg3,reg3_m60_s1,es_transfer_dc,3,45,2260,1.3555138470169656,75.0,73.6,0.07125457847978561,0.00047426810049726667,20,35,0.011315987445414066,71.80905199999688,0.9259259259259259,0.9086419753086419
reg3,reg3_m60_s1,es_transfer_dc,3,50,2510,1.3555138470169656,75.0,74.3,0.07125457847978561,0.00047426810049726667,20,35,0.00783903244882822,77.81101330003003,0.9259259259259259,0.917283950617284
reg3,reg3_m60_s1,es_transfer_dc,3,55,2760,1.3604581075993034,75.0,74.8,0.07298105692940565,0.002630231040233681,20,35,0.009375514462590218,87.37250410002889,0.9259259259259259,0.9234567901234567
reg3,reg3_m60_s1,es_transfer_dc,3,60,3010,1.3623467562954723,75.0,75.0,0.07390297096509821,0.009413423023464401,20,36,0.011797093786299229,96.81893120001769,0.9259259259259259,0.9259259259259259
reg3,reg3_m60_s1,es_transfer_dc,3,65,3260,1.3633706527884637,75.0,75.0,0.07304972425489915,0.00040599820613231724,20,36,0.009329850785434246,102.3812498000334,0.9259259259259259,0.9259259259259259
reg3,reg3_m60_s1,es_transfer_dc,3,70,3510,1.3633706527884637,75.0,75.0,0.07304972425489915,0.00040599820613231724,20,36,0.012588274665176868,111.85752740001772,0.9259259259259259,0.9259259259259259
reg3,reg3_m60_s1,es_transfer_dc,3,75,3760,1.3646071079392201,75.0,75.0,0.07413130695329773,0.0039148870286051934,20,35,0.010035349987447262,121.49174140003743,0.9259259259259259,0.9259259259259259
reg3,reg3_m60_s1,es_transfer_dc,3,80,4010,1.3662691043963116,75.0,75.0,0.0764490202205151,0.0025544297121660522,20,36,0.009235450997948647,126.94821270002285,0.9259259259259259,0.9259259259259259
reg3,reg3_m60_s1,es_transfer_dc,3,85,4260,1.3814244193193537,75.0,74.8,0.0869868884026782,0.007635910268279783,20,36,0.009668969549238682,136.65771600004518,0.9259259259259259,0.9234567901234567
reg3,reg3_m60_s1,es_transfer_dc,3,90,4510,1.3814244193193537,75.0,75.0,0.0869868884026782,0.007635910268279783,20,36,0.007090629078447819,146.26715790003072,0.9259259259259259,0.9259259259259259
reg3,reg3_m60_s1,es_transfer_dc,3,95,4760,1.3822096524098433,75.0,75.0,0.08594829910304412,0.00437280046736413,20,36,0.008256612345576286,151.77508940000553,0.9259259259259259,0.9259259259259259
reg3,reg3_m60_s1,es_transfer_dc,3,100,5010,1.3822096524098433,75.0,75.0,0.08594829910304412,0.00437280046736413,20,36,0.008862859569489956,161.6134981000214,0.9259259259259259,0.9259259259259259
reg3,reg3_m60_s1,es_transfer_dc,3,105,5260,1.3822096524098433,75.0,75.0,0.08594829910304412,0.00437280046736413,20,36,0.0077551319263875484,171.04211070004385,0.9259259259259259,0.9259259259259259
reg3,reg3_m60_s1,es_transfer_dc,3,110,5510,1.3822096524098433,75.0,75.0,0.08594829910304412,0.00437280046736413,20,36,0.010049865581095219,176.54282860003877,0.9259259259259259,0.9259259259259259
reg3,reg3_m60_s1,es_transfer_dc,3,115,5760,1.3898064466842686,75.0,75.0,0.09796392684152724,0.001652527634071867,20,36,0.008622082881629467,186.1091349000344,0.9259259259259259,0.9259259259259259
reg3,reg3_m60_s1,es_transfer_dc,3,120,6010,1.3898064466842686,75.0,75.0,0.09796392684152724,0.001652527634071867,20,36,0.007177676074206829,195.73639520001598,0.9259259259259259,0.9259259259259259
reg3,reg3_m60_s1,es_transfer_dc,3,125,6260,1.3898064466842686,75.0,75.0,0.09796392684152724,0.001652527634071867,20,36,0.005649904254823923,201.16240890003974,0.9259259259259259,0.9259259259259259
reg3,reg3_m60_s1,es_transfer_dc,3,130,6510,1.3898064466842686,75.0,75.0,0.09796392684152733,0.001652527634071782,20,36,0.0057256282307207584,210.82375550002325,0.9259259259259259,0.9259259259259259
reg3,reg3_m60_s1,es_transfer_dc,3,135,6760,1.3898064466842686,75.0,75.0,0.09796392684152724,0.001652527634071867,20,36,0.008528027683496475,220.28901010000845,0.9259259259259259,0.9259259259259259
reg3,reg3_m60_s1,es_transfer_dc,3,140,7010,1.3898064466842686,75.0,75.0,0.09796392684152733,0.001652527634071782,20,36,0.008279044181108475,225.9684825000004,0.9259259259259259,0.9259259259259259
reg3,reg3_m60_s1,es_transfer_dc,3,145,7260,1.3898064466842686,75.0,75.0,0.0979639268415273,0.001652527634071697,20,35,0.005668161902576685,235.47120990004623,0.9259259259259259,0.9259259259259259
reg3,reg3_m60_s1,es_transfer_dc,3,150,7510,1.3898064466842686,75.0,75.0,0.09796392684152724,0.001652527634071867,20,36,0.006344761699438095,245.1708515000064,0.9259259259259259,0.9259259259259259
reg3,reg3_m60_s1,es_transfer_dc,3,155,7760,1.3908280821652177,75.0,75.0,0.0983119711374221,0.008152231206816504,20,36,0.0077806152403354645,250.71493140002713,0.9259259259259259,0.9259259259259259
reg3,reg3_m60_s1,es_transfer_dc,3,160,8010,1.3955893773592811,75.0,75.0,0.1037475982945376,0.0014450222612052421,20,36,0.006368002854287624,260.11971739999717,0.9259259259259259,0.9259259259259259
reg3,reg3_m60_s1,es_transfer_dc,3,165,8260,1.3955893773592811,75.0,75.0,0.1037475982945376,0.0014450222612052421,20,36,0.005849484354257584,269.64993569999933,0.9259259259259259,0.9259259259259259
reg3,reg3_m60_s1,es_transfer_dc,3,170,8510,1.3955893773592811,75.0,75.0,0.1037475982945376,0.0014450222612052421,20,36,0.005440888460725546,275.24964340002043,0.9259259259259259,0.9259259259259259
reg3,reg3_m60_s1,es_transfer_dc,3,175,8760,1.3955893773592811,75.0,75.0,0.1037475982945376,0.0014450222612052421,20,36,0.005767240654677153,284.7549057000433,0.9259259259259259,0.9259259259259259
reg3,reg3_m60_s1,es_transfer_dc,3,180,9010,1.3971506257159088,75.0,75.0,0.10260108440274944,0.003289480422824516,20,36,0.008350195363163948,294.3439435000182,0.9259259259259259,0.9259259259259259
reg3,reg3_m60_s1,es_transfer_dc,3,185,9260,1.3971506257159088,75.0,75.0,0.10260108440274944,0.003289480422824516,20,36,0.004726975690573454,299.8699487000122,0.9259259259259259,0.9259259259259259
reg3,reg3_m60_s1,es_transfer_dc,3,190,9510,1.397282303682039,75.0,75.0,0.10111188994069738,0.001445022261205537,20,35,0.004976713098585606,309.41220140003134,0.9259259259259259,0.9259259259259259
reg3,reg3_m60_s1,es_transfer_dc,3,195,9760,1.397282303682039,75.0,75.0,0.10111188994069738,0.001445022261205537,20,35,0.006718185730278492,319.02039760001935,0.9259259259259259,0.9259259259259259
reg3,reg3_m60_s1,es_transfer_dc,3,200,10010,1.397282303682039,75.0,75.0,0.10111188994069738,0.001445022261205537,20,35,0.005056810565292835,324.5538751000422,0.9259259259259259,0.9259259259259259
reg3,reg3_m60_s1,es_transfer_dc,3,205,10260,1.4001827178005692,75.0,75.0,0.10376618387284563,0.0032894804228244118,20,34,0.0054361047223210335,334.01993840001523,0.9259259259259259,0.9259259259259259
reg3,reg3_m60_s1,es_transfer_dc,3,210,10510,1.4001827178005692,75.0,75.0,0.10376618387284563,0.0032894804228244187,20,34,0.00520659051835537,343.741067200026,0.9259259259259259,0.9259259259259259
reg3,reg3_m60_s1,es_transfer_dc,3,215,10760,1.4001827178005692,75.0,75.0,0.10376618387284563,0.0032894804228244187,20,34,0.004874593112617731,349.20288380002603,0.9259259259259259,0.9259259259259259
reg3,reg3_m60_s1,es_transfer_dc,3,220,11010,1.401010978498448,75.0,75.0,0.10526630384250091,0.0032894804228244534,20,35,0.006235294975340366,358.7355551000219,0.9259259259259259,0.9259259259259259
reg3,reg3_m60_s1,es_transfer_dc,3,225,11260,1.4022398601643422,75.0,75.0,0.09192368170671208,0.001102616022108066,20,36,0.005434410646557808,368.3164836000069,0.9259259259259259,0.9259259259259259
reg3,reg3_m60_s1,es_transfer_dc,3,230,11510,1.4022398601643422,75.0,75.0,0.09192368170671202,0.0011026160221080522,20,36,0.006311529781669378,373.8050551000051,0.9259259259259259,0.9259259259259259
reg3,reg3_m60_s1,es_transfer_dc,3,235,11760,1.4022398601643422,75.0,75.0,0.091923681706712,0.0011026160221080245,20,36,0.005532406270503998,383.3809706000029,0.9259259259259259,0.9259259259259259
reg3,reg3_m60_s1,es_transfer_dc,3,240,12010,1.4022398601643422,75.0,75.0,0.09192368170671208,0.0011026160221079273,20,36,0.004455989226698875,392.6113405000069,0.9259259259259259,0.9259259259259259
reg3,reg3_m60_s1,es_transfer_dc,3,245,12260,1.4022398601643422,75.0,75.0,0.09192368170671199,0.0011026160221080383,20,35,0.004610988311469555,397.8258177000098,0.9259259259259259,0.9259259259259259
reg3,reg3_m60_s1,es_transfer_dc,3,250,12510,1.4022398601643422,75.0,75.0,0.09192368170671189,0.001102616022107969,20,36,0.004255501553416252,407.1136804000125,0.9259259259259259,0.9259259259259259
reg3,reg3_m60_s1,es_transfer_dc,3,255,12760,1.4022398601643422,75.0,75.0,0.09192368170671204,0.0011026160221079967,20,36,0.003908231854438782,416.3746654000133,0.9259259259259259,0.9259259259259259
reg3,reg3_m60_s1,es_transfer_dc,3,260,13010,1.4055436686930702,75.0,75.0,0.09361632361334327,0.005466777263501407,20,36,0.005397816188633442,421.7594823000254,0.9259259259259259,0.9259259259259259
reg3,reg3_m60_s1,es_transfer_dc,3,265,13260,1.4055436686930702,75.0,75.0,0.09361632361334316,0.005466777263501345,20,37,0.003448864910751581,431.1431986000389,0.9259259259259259,0.9259259259259259
reg3,reg3_m60_s1,es_transfer_dc,3,270,13510,1.4055436686930702,75.0,75.0,0.09361632361334317,0.005466777263501227,20,35,0.005490635056048632,440.5723647000268,0.9259259259259259,0.9259259259259259
reg3,reg3_m60_s1,es_transfer_dc,3,275,13760,1.4055436686930702,75.0,75.0,0.09361632361334322,0.005466777263501331,20,37,0.0031440099701285362,445.8254058000166,0.9259259259259259,0.9259259259259259
reg3,reg3_m60_s1,es_transfer_dc,3,280,14010,1.4055436686930705,75.0,75.0,0.09361632361334322,0.005466777263501345,20,36,0.004784435033798218,455.25988240004517,0.9259259259259259,0.9259259259259259
reg3,reg3_m60_s1,es_transfer_dc,3,285,14260,1.4055436686930705,75.0,75.0,0.09361632361334322,0.005466777263501345,20,36,0.004720187280327082,464.77617680002004,0.9259259259259259,0.9259259259259259
reg3,reg3_m60_s1,es_transfer_dc,3,290,14510,1.4055436686930705,75.0,75.0,0.09361632361334322,0.005466777263501345,20,36,0.004850590601563454,470.24467610003194,0.9259259259259259,0.9259259259259259
reg3,reg3_m60_s1,es_transfer_dc,3,295,14760,1.4055436686930705,75.0,75.0,0.09361632361334322,0.005466777263501345,20,36,0.00617801770567894,479.7504360000021,0.9259259259259259,0.9259259259259259
reg3,reg3_m60_s1,es_transfer_dc,3,300,15010,1.4055436686930705,75.0,75.0,0.09361632361334322,0.005466777263501345,20,36,0.003868392203003168,489.16835600003833,0.9259259259259259,0.9259259259259259
reg3,reg3_m60_s1,es_transfer_dc,3,305,15260,1.4055436686930705,75.0,75.0,0.09361632361334336,0.005466777263501456,20,36,0.004755544010549784,494.62973740004236,0.9259259259259259,0.9259259259259259
reg3,reg3_m60_s1,es_transfer_dc,3,310,15510,1.4055436686930705,75.0,75.0,0.09361632361334336,0.005466777263501456,20,36,0.003619955852627754,503.8936630000244,0.9259259259259259,0.9259259259259259
reg3,reg3_m60_s1,es_transfer_dc,3,315,15760,1.4055436686930705,75.0,75.0,0.09361632361334322,0.005466777263501345,20,36,0.005388387478888035,513.0926849000389,0.9259259259259259,0.9259259259259259
reg3,reg3_m60_s1,es_transfer_dc,3,320,16010,1.4055436686930705,75.0,75.0,0.09361632361334322,0.005466777263501345,20,36,0.0040666586719453335,518.3709624000476,0.9259259259259259,0.9259259259259259
reg3,reg3_m60_s1,es_transfer_dc,3,325,16260,1.4055436686930705,75.0,75.0,0.09361632361334322,0.005466777263501345,20,36,0.0040940456092357635,527.6568835000508,0.9259259259259259,0.9259259259259259
reg3,reg3_m60_s1,es_transfer_dc,3,330,16510,1.4055436686930705,75.0,75.0,0.09361632361334322,0.005466777263501345,20,36,0.0038239164277911186,536.9139907000354,0.9259259259259259,0.9259259259259259
reg3,reg3_m60_s1,es_transfer_dc,3,335,16760,1.4055436686930705,75.0,75.0,0.09361632361334322,0.005466777263501345,20,36,0.0033162273466587067,542.2620230000466,0.9259259259259259,0.9259259259259259
reg3,reg3_m60_s1,es_transfer_dc,3,340,17010,1.4055436686930705,75.0,75.0,0.09361632361334336,0.005466777263501456,20,36,0.002570206532254815,551.4781694000121,0.9259259259259259,0.9259259259259259
reg3,reg3_m60_s1,es_transfer_dc,3,345,17260,1.4055436686930705,75.0,75.0,0.09361632361334322,0.005466777263501345,20,36,0.004817784298211336,560.7471838000347,0.9259259259259259,0.9259259259259259
reg3,reg3_m60_s1,es_transfer_dc,3,350,17510,1.4055436686930705,75.0,75.0,0.09361632361334322,0.005466777263501345,20,36,0.004565862473100424,566.2214448000304,0.9259259259259259,0.9259259259259259
reg3,reg3_m60_s1,es_transfer_dc,3,355,17760,1.4055436686930705,75.0,75.0,0.09361632361334336,0.005466777263501456,20,36,0.003953244537115097,575.8460020000348,0.9259259259259259,0.9259259259259259
reg3,reg3_m60_s1,es_transfer_dc,3,360,18010,1.4055436686930705,75.0,75.0,0.09361632361334336,0.005466777263501456,20,36,0.004169001244008541,585.4959239000455,0.9259259259259259,0.9259259259259259
reg3,reg3_m60_s1,es_transfer_dc,3,365,18260,1.4055436686930705,75.0,75.0,0.09361632361334322,0.005466777263501345,20,36,0.00404775608330965,590.9744434000459,0.9259259259259259,0.9259259259259259
reg3,reg3_m60_s1,es_transfer_dc,3,370,18510,1.4055436686930705,75.0,75.0,0.09361632361334336,0.005466777263501456,20,36,0.003427713643759489,600.5359492000425,0.9259259259259259,0.9259259259259259
reg3,reg3_m60_s1,es_transfer_dc,3,375,18760,1.4055436686930705,75.0,75.0,0.09361632361334336,0.005466777263501456,20,36,0.004536454565823078,610.1361464000074,0.9259259259259259,0.9259259259259259
reg3,reg3_m60_s1,es_transfer_dc,3,380,19010,1.4055436686930705,75.0,75.0,0.09361632361334336,0.005466777263501456,20,36,0.0037395665422081947,615.5951699000434,0.9259259259259259,0.9259259259259259
reg3,reg3_m60_s1,es_transfer_dc,3,385,19260,1.4055436686930705,75.0,75.0,0.0936163236133432,0.005466777263501414,20,36,0.0026332505512982607,625.1657314000186,0.9259259259259259,0.9259259259259259
reg3,reg3_m60_s1,es_transfer_dc,3,390,19510,1.4055436686930705,75.0,75.0,0.0936163236133432,0.005466777263501414,20,36,0.0036146121565252542,634.6959099000087,0.9259259259259259,0.9259259259259259
reg3,reg3_m60_s1,es_transfer_dc,3,395,19760,1.4055436686930705,75.0,75.0,0.09361632361334336,0.005466777263501456,20,36,0.004479821305721998,640.0810555000207,0.9259259259259259,0.9259259259259259
reg3,reg3_m60_s1,es_transfer_dc,3,400,20010,1.4055436686930705,75.0,75.0,0.09361632361334322,0.005466777263501345,20,36,0.002555016428232193,649.5406400000211,0.9259259259259259,0.9259259259259259
reg3,reg3_m60_s1,es_transfer_dc,4,0,10,0.6510657522752402,40.0,44.7,0.067840025423876,0.0028286894968670324,20,38,,0.043766000017058104,0.49382716049382713,0.5518518518518519
reg3,reg3_m60_s1,es_transfer_dc,4,5,260,1.0481947613919578,60.0,58.5,0.0400827547449967,1.1384122811097797e-18,20,34,0.01292640995234251,5.682427100022323,0.7407407407407407,0.7222222222222222
reg3,reg3_m60_s1,es_transfer_dc,4,10,510,1.0868531589799377,62.0,60.2,0.048718617877012635,4.580754178751256e-18,20,34,0.010233400389552116,15.365338200004771,0.7654320987654321,0.7432098765432099
reg3,reg3_m60_s1,es_transfer_dc,4,15,760,1.0902305635459786,62.0,61.1,0.04156627712926271,4.228388472693467e-18,20,34,0.008875355124473572,25.031957700033672,0.7654320987654321,0.754320987654321
reg3,reg3_m60_s1,es_transfer_dc,4,20,1010,1.1756036415992526,66.0,62.0,0.061531937316895255,0.001784502651599823,20,36,0.009710217826068401,30.520997899991926,0.8148148148148148,0.7654320987654321
reg3,reg3_m60_s1,es_transfer_dc,4,25,1260,1.2162800634073898,69.0,66.7,0.051654257658930905,0.0018361308655715485,20,37,0.00932372733950615,40.22033939999528,0.8518518518518519,0.8234567901234568
reg3,reg3_m60_s1,es_transfer_dc,4,30,1510,1.2162800634073898,69.0,67.8,0.051654257658930905,0.0018361308655715485,20,37,0.011518907733261585,49.82552450004732,0.8518518518518519,0.837037037037037
reg3,reg3_m60_s1,es_transfer_dc,4,35,1760,1.2221045427718793,69.0,69.0,0.05289907972353885,3.9348542339320836e-05,20,37,0.012669146992266178,55.445197900000494,0.8518518518518519,0.8518518518518519
reg3,reg3_m60_s1,es_transfer_dc,4,40,2010,1.2350110255602285,70.0,69.1,0.04920591818714514,0.00030093815548533354,20,37,0.011089536361396313,65.30918730003759,0.8641975308641975,0.8530864197530863
reg3,reg3_m60_s1,es_transfer_dc,4,45,2260,1.2350110255602285,70.0,69.2,0.04920591818714514,0.00030093815548533354,20,37,0.010232948698103428,75.15259820001666,0.8641975308641975,0.8543209876543211
reg3,reg3_m60_s1,es_transfer_dc,4,50,2510,1.2350110255602285,70.0,69.4,0.049205918187145134,0.000300938155485278,20,38,0.007844051346182823,80.9033519999939,0.8641975308641975,0.8567901234567902
reg3,reg3_m60_s1,es_transfer_dc,4,55,2760,1.2350110255602285,70.0,69.6,0.04920591818714501,0.0003009381554852633,20,39,0.007361071649938822,90.77186169999186,0.8641975308641975,0.8592592592592592
reg3,reg3_m60_s1,es_transfer_dc,4,60,3010,1.2350110255602285,70.0,69.9,0.04920591818714519,0.00030093815548521644,20,38,0.00726348627358675,100.40616370004136,0.8641975308641975,0.862962962962963
reg3,reg3_m60_s1,es_transfer_dc,4,65,3260,1.2350110255602285,70.0,70.0,0.049205918187144995,0.0003009381554854645,20,38,0.007413371931761503,105.91016830003355,0.8641975308641975,0.8641975308641975
reg3,reg3_m60_s1,es_transfer_dc,4,70,3510,1.2350110255602285,70.0,70.0,0.04920591818714509,0.0003009381554854541,20,39,0.006611444056034088,115.3545909000095,0.8641975308641975,0.8641975308641975
reg3,reg3_m60_s1,es_transfer_dc,4,75,3760,1.2350110255602285,70.0,70.0,0.04920591818714507,0.0003009381554853457,20,38,0.006629197858273983,125.23590650002006,0.8641975308641975,0.8641975308641975
reg3,reg3_m60_s1,es_transfer_dc,4,80,4010,1.2364211645240981,70.0,70.0,0.05113497814757044,0.0001441750724623797,20,38,0.006595207843929529,130.56417870003497,0.8641975308641975,0.8641975308641975
reg3,reg3_m60_s1,es_transfer_dc,4,85,4260,1.2364211645240981,70.0,70.0,0.05113497814757044,0.0001441750724623797,20,38,0.0069658271968364716,139.94447099999525,0.8641975308641975,0.8641975308641975
reg3,reg3_m60_s1,es_transfer_dc,4,90,4510,1.2364211645240981,70.0,70.0,0.051134978147570495,0.00014417507246219582,20,37,0.006210840307176113,148.91987380001228,0.8641975308641975,0.8641975308641975
reg3,reg3_m60_s1,es_transfer_dc,4,95,4760,1.2364211645240981,70.0,70.0,0.05113497814757044,0.0001441750724623797,20,38,0.005043893586844206,153.9785255000461,0.8641975308641975,0.8641975308641975
reg3,reg3_m60_s1,es_transfer_dc,4,100,5010,1.2364211645240981,70.0,70.0,0.05113497814757051,0.00014417507246222705,20,38,0.006259003654122353,163.03660660004243,0.8641975308641975,0.8641975308641975
reg3,reg3_m60_s1,es_transfer_dc,4,105,5260,1.2364211645240981,70.0,70.0,0.05113497814757051,0.00014417507246226,20,39,0.004371569957584143,172.10263989999657,0.8641975308641975,0.8641975308641975
reg3,reg3_m60_s1,es_transfer_dc,4,110,5510,1.2364211645240981,70.0,70.0,0.051134978147570495,0.00014417507246219582,20,37,0.005658500827848911,177.33078250003746,0.8641975308641975,0.8641975308641975
reg3,reg3_m60_s1,es_transfer_dc,4,115,5760,1.2364211645240981,70.0,70.0,0.05113497814757029,0.00014417507246224787,20,39,0.005158746615052223,186.5632762000314,0.8641975308641975,0.8641975308641975
reg3,reg3_m60_s1,es_transfer_dc,4,120,6010,1.236641506048741,70.0,70.0,0.04588116729622367,0.0001441750724622444,20,39,0.005608467385172844,195.64787149999756,0.8641975308641975,0.8641975308641975
reg3,reg3_m60_s1,es_transfer_dc,4,125,6260,1.236641506048741,70.0,70.0,0.04588116729622367,0.0001441750724622444,20,39,0.004804681055247784,200.73811840004055,0.8641975308641975,0.8641975308641975
reg3,reg3_m60_s1,es_transfer_dc,4,130,6510,1.236641506048741,70.0,70.0,0.04588116729622367,0.0001441750724622444,20,39,0.004963517654687166,209.69652960001258,0.8641975308641975,0.8641975308641975
reg3,reg3_m60_s1,es_transfer_dc,4,135,6760,1.236641506048741,70.0,70.0,0.04588116729622367,0.0001441750724622444,20,39,0.004895963706076145,218.69707560003735,0.8641975308641975,0.8641975308641975
reg3,reg3_m60_s1,es_transfer_dc,4,140,7010,1.236641506048741,70.0,70.0,0.04588116729622367,0.0001441750724622444,20,39,0.004189778119325638,223.78585550002754,0.8641975308641975,0.8641975308641975
reg3,reg3_m60_s1,es_transfer_dc,4,145,7260,1.236641506048741,70.0,70.0,0.04588116729622367,0.0001441750724622444,20,39,0.004229700192809105,232.87235980003607,0.8641975308641975,0.8641975308641975
reg3,reg3_m60_s1,es_transfer_dc,4,150,7510,1.236641506048741,70.0,70.0,0.04588116729622367,0.0001441750724622444,20,39,0.0041190143674612045,241.18667220004136,0.8641975308641975,0.8641975308641975
reg3,reg3_m60_s1,es_transfer_dc,4,155,7760,1.236641506048741,70.0,70.0,0.04588116729622367,0.0001441750724622444,20,39,0.004558779299259186,246.09319850004977,0.8641975308641975,0.8641975308641975
reg3,reg3_m60_s1,es_transfer_dc,4,160,8010,1.236641506048741,70.0,70.0,0.04588116729622367,0.0001441750724622444,20,39,0.004391874186694622,255.1089660000289,0.8641975308641975,0.8641975308641975
reg3,reg3_m60_s1,es_transfer_dc,4,165,8260,1.236641506048741,70.0,70.0,0.04588116729622367,0.0001441750724622444,20,39,0.003301383228972554,264.2807846000069,0.8641975308641975,0.8641975308641975
reg3,reg3_m60_s1,es_transfer_dc,4,170,8510,1.236641506048741,70.0,70.0,0.04588116729622367,0.0001441750724622444,20,39,0.0032149406615644693,269.21463200001745,0.8641975308641975,0.8641975308641975
reg3,reg3_m60_s1,es_transfer_dc,4,175,8760,1.236641506048741,70.0,70.0,0.04588116729622367,0.0001441750724622444,20,39,0.0040044900961220264,277.67883250000887,0.8641975308641975,0.8641975308641975
reg3,reg3_m60_s1,es_transfer_dc,4,180,9010,1.236641506048741,70.0,70.0,0.04588116729622367,0.0001441750724622444,20,39,0.004103056620806456,286.3984391000122,0.8641975308641975,0.8641975308641975
reg3,reg3_m60_s1,es_transfer_dc,4,185,9260,1.236641506048741,70.0,70.0,0.04588116729622367,0.0001441750724622444,20,39,0.0026309406384825706,291.1918494999991,0.8641975308641975,0.8641975308641975
reg3,reg3_m60_s1,es_transfer_dc,4,190,9510,1.236641506048741,70.0,70.0,0.04588116729622367,0.0001441750724622444,20,39,0.0043118479661643505,299.8172101000091,0.8641975308641975,0.8641975308641975
reg3,reg3_m60_s1,es_transfer_dc,4,195,9760,1.236641506048741,70.0,70.0,0.04588116729622366,0.00014417507246233113,20,38,0.003686137730255723,308.5422441000119,0.8641975308641975,0.8641975308641975
reg3,reg3_m60_s1,es_transfer_dc,4,200,10010,1.236641506048741,70.0,70.0,0.04588116729622366,0.00014417507246233113,20,38,0.0037963148206472397,313.39597559999675,0.8641975308641975,0.8641975308641975
reg3,reg3_m60_s1,es_transfer_dc,4,205,10260,1.236641506048741,70.0,70.0,0.04588116729622359,0.00014417507246235368,20,39,0.0038232351653277874,322.09336719999555,0.8641975308641975,0.8641975308641975
reg3,reg3_m60_s1,es_transfer_dc,4,210,10510,1.236641506048741,70.0,70.0,0.04588116729622359,0.00014417507246235368,20,39,0.003058141563087702,330.66008320002584,0.8641975308641975,0.8641975308641975
reg3,reg3_m60_s1,es_transfer_dc,4,215,10760,1.236641506048741,70.0,70.0,0.04588116729622366,0.00014417507246233113,20,38,0.0032096088398247957,335.48121630004607,0.8641975308641975,0.8641975308641975
reg3,reg3_m60_s1,es_transfer_dc,4,220,11010,1.236641506048741,70.0,70.0,0.0458811672962236,0.00014417507246239011,20,38,0.003282530466094613,344.0838949000463,0.8641975308641975,0.8641975308641975
reg3,reg3_m60_s1,es_transfer_dc,4,225,11260,1.236641506048741,70.0,70.0,0.04588116729622367,0.00014417507246225307,20,39,0.002702671103179455,352.76521630003117,0.8641975308641975,0.8641975308641975
reg3,reg3_m60_s1,es_transfer_dc,4,230,11510,1.2372389956808052,70.0,70.0,0.05248214425970518,0.00014417507246220623,20,40,0.0027569143567234278,357.58451960003003,0.8641975308641975,0.8641975308641975
reg3,reg3_m60_s1,es_transfer_dc,4,235,11760,1.2524753839323106,71.0,70.1,0.050204625141168774,7.174393627636805e-05,20,38,0.0030871557537466288,366.18722360004904,0.8765432098765432,0.865432098765432
reg3,reg3_m60_s1,es_transfer_dc,4,240,12010,1.2524753839323106,71.0,70.1,0.050204625141168774,7.174393627636805e-05,20,38,0.0026820397470146418,374.845743700047,0.8765432098765432,0.865432098765432
reg3,reg3_m60_s1,es_transfer_dc,4,245,12260,1.2524753839323106,71.0,70.1,0.050204625141168774,7.174393627636805e-05,20,38,0.0031325712334364653,379.6973088000086,0.8765432098765432,0.865432098765432
reg3,reg3_m60_s1,es_transfer_dc,4,250,12510,1.2524753839323106,71.0,70.1,0.050204625141168774,7.174393627636805e-05,20,38,0.003180480096489191,388.3469621000113,0.8765432098765432,0.865432098765432
reg3,reg3_m60_s1,es_transfer_dc,4,255,12760,1.2524753839323106,71.0,70.1,0.050204625141168774,7.174393627636805e-05,20,38,0.00307677173987031,397.03401900001336,0.8765432098765432,0.865432098765432
reg3,reg3_m60_s1,es_transfer_dc,4,260,13010,1.2524753839323106,71.0,70.1,0.050204625141168774,7.174393627636805e-05,20,38,0.003259174060076475,401.89098630001536,0.8765432098765432,0.865432098765432
reg3,reg3_m60_s1,es_transfer_dc,4,265,13260,1.2524753839323108,71.0,70.3,0.05020462514116873,7.174393627642356e-05,20,39,0.002395582851022482,410.619699300034,0.8765432098765432,0.8679012345679012
reg3,reg3_m60_s1,es_transfer_dc,4,270,13510,1.2524753839323108,71.0,70.5,0.05020462514116873,7.174393627642356e-05,20,39,0.0031213851179927588,419.3576275000232,0.8765432098765432,0.8703703703703703
reg3,reg3_m60_s1,es_transfer_dc,4,275,13760,1.2524753839323108,71.0,71.0,0.05020462514116873,7.174393627642356e-05,20,39,0.0019402045290917158,424.2528430999955,0.8765432098765432,0.8765432098765432
reg3,reg3_m60_s1,es_transfer_dc,4,280,14010,1.2524753839323108,71.0,71.0,0.050204625141168704,7.174393627633682e-05,20,38,0.003135424805805087,433.0131087000482,0.8765432098765432,0.8765432098765432
reg3,reg3_m60_s1,es_transfer_dc,4,285,14260,1.2524753839323108,71.0,71.0,0.05020462514116873,7.174393627642356e-05,20,39,0.0033796909265220165,441.69740750000346,0.8765432098765432,0.8765432098765432
reg3,reg3_m60_s1,es_transfer_dc,4,290,14510,1.2524753839323108,71.0,71.0,0.05020462514116876,7.174393627640274e-05,20,39,0.0027093649841845036,446.59755210002186,0.8765432098765432,0.8765432098765432
reg3,reg3_m60_s1,es_transfer_dc,4,295,14760,1.2524753839323108,71.0,71.0,0.05020462514116873,7.17439362763507e-05,20,39,0.002206762321293354,455.48727240000153,0.8765432098765432,0.8765432098765432
reg3,reg3_m60_s1,es_transfer_dc,4,300,15010,1.2524753839323108,71.0,71.0,0.05020462514116873,7.174393627642356e-05,20,39,0.002601032145321369,464.1823291000328,0.8765432098765432,0.8765432098765432
reg3,reg3_m60_s1,es_transfer_dc,4,305,15260,1.2524753839323108,71.0,71.0,0.05020462514116873,7.17439362763854e-05,20,39,0.002445603720843792,468.99594069999876,0.8765432098765432,0.8765432098765432
reg3,reg3_m60_s1,es_transfer_dc,4,310,15510,1.2524753839323108,71.0,71.0,0.05020462514116873,7.174393627634723e-05,20,38,0.0024051161017268896,477.7554160000291,0.8765432098765432,0.8765432098765432
reg3,reg3_m60_s1,es_transfer_dc,4,315,15760,1.2524753839323108,71.0,71.0,0.050204625141168746,7.174393627625703e-05,20,38,0.0017772247083485126,486.3689085000078,0.8765432098765432,0.8765432098765432
reg3,reg3_m60_s1,es_transfer_dc,4,320,16010,1.2524753839323108,71.0,71.0,0.05020462514116872,7.174393627638886e-05,20,39,0.0034084422513842583,491.2027366000111,0.8765432098765432,0.8765432098765432
reg3,reg3_m60_s1,es_transfer_dc,4,325,16260,1.2524753839323108,71.0,71.0,0.05020462514116873,7.174393627640274e-05,20,38,0.0029850355349481106,499.86648110003443,0.8765432098765432,0.8765432098765432
reg3,reg3_m60_s1,es_transfer_dc,4,330,16510,1.2524753839323108,71.0,71.0,0.050204625141168774,7.174393627652764e-05,20,39,0.002317392034456134,508.5024217000464,0.8765432098765432,0.8765432098765432
reg3,reg3_m60_s1,es_transfer_dc,4,335,16760,1.2524753839323108,71.0,71.0,0.05020462514116865,7.174393627647907e-05,20,39,0.0019342293962836266,513.3938861000352,0.8765432098765432,0.8765432098765432
reg3,reg3_m60_s1,es_transfer_dc,4,340,17010,1.2524753839323108,71.0,71.0,0.05020462514116873,7.17439362763507e-05,20,39,0.0033236544113606215,522.0643340999959,0.8765432098765432,0.8765432098765432
reg3,reg3_m60_s1,es_transfer_dc,4,345,17260,1.2524753839323108,71.0,71.0,0.05020462514116873,7.174393627634723e-05,20,38,0.0029669897630810738,530.7425109000178,0.8765432098765432,0.8765432098765432
reg3,reg3_m60_s1,es_transfer_dc,4,350,17510,1.2524753839323108,71.0,71.0,0.05020462514116873,7.174393627640274e-05,20,38,0.003250300185754895,535.6052306000493,0.8765432098765432,0.8765432098765432
reg3,reg3_m60_s1,es_transfer_dc,4,355,17760,1.2524753839323108,71.0,71.0,0.050204625141168746,7.174393627627784e-05,20,39,0.002600928768515587,544.272123200004,0.8765432098765432,0.8765432098765432
reg3,reg3_m60_s1,es_transfer_dc,4,360,18010,1.2524753839323108,71.0,71.0,0.05020462514116865,7.174393627647907e-05,20,39,0.0022047858219593763,552.9581660000258,0.8765432098765432,0.8765432098765432
reg3,reg3_m60_s1,es_transfer_dc,4,365,18260,1.2524753839323108,71.0,71.0,0.05020462514116873,7.174393627640274e-05,20,38,0.0025666167493909597,557.8667553000269,0.8765432098765432,0.8765432098765432
reg3,reg3_m60_s1,es_transfer_dc,4,370,18510,1.2524753839323108,71.0,71.0,0.05020462514116869,7.174393627630213e-05,20,39,0.002535653067752719,566.6520754999947,0.8765432098765432,0.8765432098765432
reg3,reg3_m60_s1,es_transfer_dc,4,375,18760,1.2524753839323108,71.0,71.0,0.050204625141168725,7.174393627650683e-05,20,38,0.0028225122950971127,575.4562565000379,0.8765432098765432,0.8765432098765432
reg3,reg3_m60_s1,es_transfer_dc,4,380,19010,1.2524753839323108,71.0,71.0,0.050204625141168704,7.174393627633682e-05,20,38,0.002239478752017021,580.4145919000148,0.8765432098765432,0.8765432098765432
reg3,reg3_m60_s1,es_transfer_dc,4,385,19260,1.2524753839323108,71.0,71.0,0.05020462514116866,7.174393627642009e-05,20,39,0.002249125624075532,588.9143864000216,0.8765432098765432,0.8765432098765432
reg3,reg3_m60_s1,es_transfer_dc,4,390,19510,1.2524753839323108,71.0,71.0,0.050204625141168774,7.17439362763507e-05,20,39,0.0030860884580761194,597.5217711000005,0.8765432098765432,0.8765432098765432
reg3,reg3_m60_s1,es_transfer_dc,4,395,19760,1.2524753839323108,71.0,71.0,0.050204625141168704,7.174393627633335e-05,20,37,0.002931835362687707,602.2982131000026,0.8765432098765432,0.8765432098765432
reg3,reg3_m60_s1,es_transfer_dc,4,400,20010,1.2524753839323108,71.0,71.0,0.050204625141168774,7.17439362763507e-05,20,39,0.002621034160256386,610.8111817000317,0.8765432098765432,0.8765432098765432
