family,instance,arm,run,generation,evaluations,best_score,best_cut,pop_mean_cut,median_abs_corr,min_abs_corr,two_qubit,non_clifford,scorer_loss,seconds,ratio_best,ratio_pop_mean
er4,er4_m60_s0,es_1_2,0,0,10,0.7710230174381983,57.0,61.4,0.03422181726598081,1.0842021724855044e-18,20,32,,0.0431457000086084,0.5757575757575758,0.6202020202020202
er4,er4_m60_s0,es_1_2,0,5,260,1.1162952455527737,79.0,75.5,0.0528493875061289,1.0234868508263162e-16,20,34,,1.0263564999913797,0.797979797979798,0.7626262626262627
er4,er4_m60_s0,es_1_2,0,10,510,1.1162952455527737,79.0,79.6,0.0528493875061289,1.0234868508263162e-16,20,34,,2.0174583999905735,0.797979797979798,0.804040404040404
er4,er4_m60_s0,es_1_2,0,15,760,1.1512014616013597,82.0,80.4,0.06534770662945803,0.004953130117126523,20,36,,3.007906400016509,0.8282828282828283,0.8121212121212121
er4,er4_m60_s0,es_1_2,0,20,1010,1.1512014616013597,82.0,81.5,0.06534770662945803,0.004953130117126523,20,36,,3.9802297999849543,0.8282828282828283,0.8232323232323232
er4,er4_m60_s0,es_1_2,0,25,1260,1.1813784819481943,85.0,82.3,0.0576680770668086,0.000565913042894186,20,35,,4.917943999986164,0.8585858585858586,0.8313131313131313
er4,er4_m60_s0,es_1_2,0,30,1510,1.1813784819481943,85.0,83.1,0.0576680770668086,0.000565913042894186,20,35,,5.882229399983771,0.8585858585858586,0.8393939393939394
er4,er4_m60_s0,es_1_2,0,35,1760,1.1862971614191389,85.0,84.0,0.06586936611917946,0.001416891659551367,20,35,,6.818209199991543,0.8585858585858586,0.8484848484848485
er4,er4_m60_s0,es_1_2,0,40,2010,1.1862971614191389,85.0,85.0,0.06586936611917946,0.001416891659551367,20,35,,7.697263100009877,0.8585858585858586,0.8585858585858586
er4,er4_m60_s0,es_1_2,0,45,2260,1.1862971614191389,85.0,85.0,0.06586936611917946,0.001416891659551367,20,35,,8.63682269997662,0.8585858585858586,0.8585858585858586
er4,er4_m60_s0,es_1_2,0,50,2510,1.1862971614191389,85.0,85.0,0.06586936611917948,0.0014168916595512625,20,34,,9.568529099982698,0.8585858585858586,0.8585858585858586
er4,er4_m60_s0,es_1_2,0,55,2760,1.1923242442474944,85.0,85.0,0.07273061914186219,0.0015944914859686993,20,34,,10.409442099975422,0.8585858585858586,0.8585858585858586
er4,er4_m60_s0,es_1_2,0,60,3010,1.1923242442474944,85.0,85.0,0.07273061914186219,0.0015944914859686993,20,34,,11.408774200011976,0.8585858585858586,0.8585858585858586
er4,er4_m60_s0,es_1_2,0,65,3260,1.1923242442474944,85.0,85.0,0.07273061914186219,0.0015944914859686993,20,34,,12.356230499979574,0.8585858585858586,0.8585858585858586
er4,er4_m60_s0,es_1_2,0,70,3510,1.1923242442474944,85.0,85.0,0.07273061914186219,0.0015944914859686993,20,34,,13.334689799987245,0.8585858585858586,0.8585858585858586
er4,er4_m60_s0,es_1_2,0,75,3760,1.1950114595017034,85.0,85.0,0.0727306191418623,0.0015944914859686108,20,34,,14.350452899991069,0.8585858585858586,0.8585858585858586
er4,er4_m60_s0,es_1_2,0,80,4010,1.1950114595017034,85.0,85.0,0.0727306191418623,0.0015944914859686108,20,34,,15.293949400016572,0.8585858585858586,0.8585858585858586
er4,er4_m60_s0,es_1_2,0,85,4260,1.2041878279152722,86.0,85.1,0.07136802703625056,0.0010104540424872594,20,34,,16.3692854999681,0.8686868686868687,0.8595959595959596
er4,er4_m60_s0,es_1_2,0,90,4510,1.2041878279152722,86.0,85.3,0.07136802703625046,0.0010104540424871519,20,35,,17.241826499986928,0.8686868686868687,0.8616161616161616
er4,er4_m60_s0,es_1_2,0,95,4760,1.2041878279152722,86.0,85.6,0.07136802703625056,0.0010104540424872594,20,34,,18.124646699987352,0.8686868686868687,0.8646464646464646
er4,er4_m60_s0,es_1_2,0,100,5010,1.2056158490935873,86.0,86.0,0.07016777708601857,0.00025126706071015685,20,34,,19.18636409996543,0.8686868686868687,0.8686868686868687
er4,er4_m60_s0,es_1_2,0,105,5260,1.2056158490935873,86.0,86.0,0.07016777708601857,0.00025126706071015685,20,34,,20.244325099978596,0.8686868686868687,0.8686868686868687
er4,er4_m60_s0,es_1_2,0,110,5510,1.2056158490935873,86.0,86.0,0.07016777708601848,0.00025126706071018287,20,34,,21.229530899960082,0.8686868686868687,0.8686868686868687
er4,er4_m60_s0,es_1_2,0,115,5760,1.2056158490935873,86.0,86.0,0.07016777708601857,0.00025126706071015685,20,34,,22.31449680001242,0.8686868686868687,0.8686868686868687
er4,er4_m60_s0,es_1_2,0,120,6010,1.2056158490935873,86.0,86.0,0.07016777708601857,0.00025126706071015685,20,34,,23.188157299999148,0.8686868686868687,0.8686868686868687
er4,er4_m60_s0,es_1_2,0,125,6260,1.2056158490935873,86.0,86.0,0.07016777708601857,0.00025126706071015685,20,34,,24.10853089997545,0.8686868686868687,0.8686868686868687
er4,er4_m60_s0,es_1_2,0,130,6510,1.2056158490935873,86.0,86.0,0.07016777708601857,0.00025126706071015685,20,34,,25.266759899968747,0.8686868686868687,0.8686868686868687
er4,er4_m60_s0,es_1_2,0,135,6760,1.2056158490935873,86.0,86.0,0.07016777708601848,0.00025126706071018287,20,34,,26.06308719998924,0.8686868686868687,0.8686868686868687
er4,er4_m60_s0,es_1_2,0,140,7010,1.2056158490935873,86.0,86.0,0.07016777708601857,0.00025126706071015685,20,34,,26.923079299973324,0.8686868686868687,0.8686868686868687
er4,er4_m60_s0,es_1_2,0,145,7260,1.2056158490935873,86.0,86.0,0.07016777708601861,0.0002512670607102384,20,34,,27.926701899967156,0.8686868686868687,0.8686868686868687
er4,er4_m60_s0,es_1_2,0,150,7510,1.2056158490935873,86.0,86.0,0.07016777708601858,0.00025126706071027655,20,35,,28.812383299984504,0.8686868686868687,0.8686868686868687
er4,er4_m60_s0,es_1_2,0,155,7760,1.2056158490935873,86.0,86.0,0.07016777708601857,0.00025126706071015685,20,34,,29.610754899971653,0.8686868686868687,0.8686868686868687
er4,er4_m60_s0,es_1_2,0,160,8010,1.2056158490935873,86.0,86.0,0.07016777708601857,0.00025126706071015685,20,34,,30.407691599975806,0.8686868686868687,0.8686868686868687
er4,er4_m60_s0,es_1_2,0,165,8260,1.2056158490935873,86.0,86.0,0.07016777708601854,0.0002512670607101794,20,34,,31.31929770001443,0.8686868686868687,0.8686868686868687
er4,er4_m60_s0,es_1_2,0,170,8510,1.2056158490935873,86.0,86.0,0.07016777708601858,0.00025126706071027655,20,35,,32.22970640001586,0.8686868686868687,0.8686868686868687
er4,er4_m60_s0,es_1_2,0,175,8760,1.2056158490935873,86.0,86.0,0.07016777708601857,0.00025126706071011695,20,35,,33.18364559998736,0.8686868686868687,0.8686868686868687
er4,er4_m60_s0,es_1_2,0,180,9010,1.2056158490935873,86.0,86.0,0.07016777708601857,0.00025126706071011695,20,35,,34.071582500007935,0.8686868686868687,0.8686868686868687
er4,er4_m60_s0,es_1_2,0,185,9260,1.2056158490935873,86.0,86.0,0.07016777708601857,0.00025126706071011695,20,35,,34.91509769996628,0.8686868686868687,0.8686868686868687
er4,er4_m60_s0,es_1_2,0,190,9510,1.2056158490935873,86.0,86.0,0.07016777708601858,0.00025126706071027655,20,35,,35.811667300004046,0.8686868686868687,0.8686868686868687
er4,er4_m60_s0,es_1_2,0,195,9760,1.2056158490935873,86.0,86.0,0.07016777708601857,0.00025126706071011695,20,35,,36.612533000006806,0.8686868686868687,0.8686868686868687
er4,er4_m60_s0,es_1_2,0,200,10010,1.2056158490935873,86.0,86.0,0.07016777708601857,0.00025126706071011695,20,35,,37.44402799999807,0.8686868686868687,0.8686868686868687
er4,er4_m60_s0,es_1_2,0,205,10260,1.2056158490935873,86.0,86.0,0.07016777708601858,0.00025126706071011695,20,34,,38.37287490000017,0.8686868686868687,0.8686868686868687
er4,er4_m60_s0,es_1_2,0,210,10510,1.2056158490935873,86.0,86.0,0.07016777708601858,0.00025126706071011695,20,34,,39.154899499961175,0.8686868686868687,0.8686868686868687
er4,er4_m60_s0,es_1_2,0,215,10760,1.2056158490935873,86.0,86.0,0.07016777708601858,0.00025126706071011695,20,34,,39.97622529999353,0.8686868686868687,0.8686868686868687
er4,er4_m60_s0,es_1_2,0,220,11010,1.2056158490935873,86.0,86.0,0.07016777708601858,0.00025126706071011695,20,34,,40.81113579997327,0.8686868686868687,0.8686868686868687
er4,er4_m60_s0,es_1_2,0,225,11260,1.2056158490935873,86.0,86.0,0.07016777708601858,0.00025126706071011695,20,34,,41.70231719996082,0.8686868686868687,0.8686868686868687
er4,er4_m60_s0,es_1_2,0,230,11510,1.2056158490935873,86.0,86.0,0.07016777708601854,0.00025126706071026267,20,34,,42.47907739999937,0.8686868686868687,0.8686868686868687
er4,er4_m60_s0,es_1_2,0,235,11760,1.2056158490935873,86.0,86.0,0.07016777708601858,0.00025126706071011695,20,34,,43.33641240000725,0.8686868686868687,0.8686868686868687
er4,er4_m60_s0,es_1_2,0,240,12010,1.2056158490935873,86.0,86.0,0.07016777708601858,0.00025126706071011695,20,34,,44.2208210999961,0.8686868686868687,0.8686868686868687
er4,er4_m60_s0,es_1_2,0,245,12260,1.2056158490935873,86.0,86.0,0.07016777708601854,0.00025126706071026267,20,34,,44.96330730000045,0.8686868686868687,0.8686868686868687
er4,er4_m60_s0,es_1_2,0,250,12510,1.2056158490935873,86.0,86.0,0.07016777708601858,0.00025126706071011695,20,34,,45.72808829997666,0.8686868686868687,0.8686868686868687
er4,er4_m60_s0,es_1_2,0,255,12760,1.2056158490935873,86.0,86.0,0.07016777708601854,0.00025126706071026267,20,34,,46.62690470000962,0.8686868686868687,0.8686868686868687
er4,er4_m60_s0,es_1_2,0,260,13010,1.2056158490935873,86.0,86.0,0.07016777708601854,0.00025126706071026267,20,34,,47.453542799979914,0.8686868686868687,0.8686868686868687
er4,er4_m60_s0,es_1_2,0,265,13260,1.2056158490935873,86.0,86.0,0.07016777708601854,0.00025126706071026267,20,34,,48.219488199974876,0.8686868686868687,0.8686868686868687
er4,er4_m60_s0,es_1_2,0,270,13510,1.2056158490935873,86.0,86.0,0.07016777708601854,0.00025126706071026267,20,34,,49.005964100011624,0.8686868686868687,0.8686868686868687
er4,er4_m60_s0,es_1_2,0,275,13760,1.2056158490935873,86.0,86.0,0.07016777708601848,0.00025126706071018287,20,34,,49.8125356999808,0.8686868686868687,0.8686868686868687
er4,er4_m60_s0,es_1_2,0,280,14010,1.2056158490935873,86.0,86.0,0.07016777708601858,0.00025126706071011695,20,34,,50.67821109999204,0.8686868686868687,0.8686868686868687
er4,er4_m60_s0,es_1_2,0,285,14260,1.2056158490935873,86.0,86.0,0.07016777708601858,0.00025126706071011695,20,34,,51.51866229996085,0.8686868686868687,0.8686868686868687
er4,er4_m60_s0,es_1_2,0,290,14510,1.2056158490935873,86.0,86.0,0.07016777708601848,0.00025126706071018287,20,34,,52.31456009997055,0.8686868686868687,0.8686868686868687
er4,er4_m60_s0,es_1_2,0,295,14760,1.2056158490935873,86.0,86.0,0.07016777708601858,0.00025126706071011695,20,34,,53.0740929999738,0.8686868686868687,0.8686868686868687
er4,er4_m60_s0,es_1_2,0,300,15010,1.2056158490935873,86.0,86.0,0.07016777708601858,0.00025126706071011695,20,34,,53.89400699996622,0.8686868686868687,0.8686868686868687
er4,er4_m60_s0,es_1_2,0,305,15260,1.2056158490935873,86.0,86.0,0.07016777708601858,0.00025126706071011695,20,34,,54.620345000003,0.8686868686868687,0.8686868686868687
er4,er4_m60_s0,es_1_2,0,310,15510,1.2056158490935873,86.0,86.0,0.07016777708601858,0.00025126706071011695,20,34,,55.35460109997075,0.8686868686868687,0.8686868686868687
er4,er4_m60_s0,es_1_2,0,315,15760,1.2056158490935873,86.0,86.0,0.07016777708601858,0.00025126706071011695,20,34,,56.28719910001382,0.8686868686868687,0.8686868686868687
er4,er4_m60_s0,es_1_2,0,320,16010,1.2056158490935873,86.0,86.0,0.07016777708601854,0.00025126706071026267,20,34,,57.07034059998114,0.8686868686868687,0.8686868686868687
er4,er4_m60_s0,es_1_2,0,325,16260,1.2056158490935873,86.0,86.0,0.07016777708601848,0.00025126706071018287,20,34,,57.909264100017026,0.8686868686868687,0.8686868686868687
er4,er4_m60_s0,es_1_2,0,330,16510,1.2056158490935873,86.0,86.0,0.07016777708601865,0.00025126706071026267,20,33,,58.7628780999803,0.8686868686868687,0.8686868686868687
er4,er4_m60_s0,es_1_2,0,335,16760,1.2056158490935873,86.0,86.0,0.07016777708601865,0.00025126706071026267,20,33,,59.48817239998607,0.8686868686868687,0.8686868686868687
er4,er4_m60_s0,es_1_2,0,340,17010,1.2056158490935873,86.0,86.0,0.0701677770860185,0.00025126706071012736,20,33,,60.27426320000086,0.8686868686868687,0.8686868686868687
er4,er4_m60_s0,es_1_2,0,345,17260,1.2056158490935873,86.0,86.0,0.07016777708601862,0.0002512670607102037,20,34,,61.12453440000536,0.8686868686868687,0.8686868686868687
er4,er4_m60_s0,es_1_2,0,350,17510,1.2056158490935873,86.0,86.0,0.07016777708601858,0.00025126706071011695,20,34,,61.915018900006544,0.8686868686868687,0.8686868686868687
er4,er4_m60_s0,es_1_2,0,355,17760,1.2056158490935873,86.0,86.0,0.07016777708601854,0.0002512670607101794,20,34,,62.70169369998621,0.8686868686868687,0.8686868686868687
er4,er4_m60_s0,es_1_2,0,360,18010,1.2056158490935873,86.0,86.0,0.07016777708601854,0.0002512670607101794,20,34,,63.48854059999576,0.8686868686868687,0.8686868686868687
er4,er4_m60_s0,es_1_2,0,365,18260,1.2056158490935873,86.0,86.0,0.07016777708601854,0.0002512670607101794,20,34,,64.4087519000168,0.8686868686868687,0.8686868686868687
er4,er4_m60_s0,es_1_2,0,370,18510,1.2056158490935873,86.0,86.0,0.0701677770860186,0.00025126706071018287,20,35,,65.24063079996267,0.8686868686868687,0.8686868686868687
er4,er4_m60_s0,es_1_2,0,375,18760,1.2056158490935873,86.0,86.0,0.07016777708601851,0.00025126706071019675,20,34,,66.0226330999867,0.8686868686868687,0.8686868686868687
er4,er4_m60_s0,es_1_2,0,380,19010,1.2056158490935873,86.0,86.0,0.07016777708601851,0.00025126706071019675,20,34,,67.07243020000169,0.8686868686868687,0.8686868686868687
er4,er4_m60_s0,es_1_2,0,385,19260,1.2056158490935873,86.0,86.0,0.07016777708601851,0.00025126706071019675,20,34,,68.2389485000167,0.8686868686868687,0.8686868686868687
er4,er4_m60_s0,es_1_2,0,390,19510,1.2056158490935873,86.0,86.0,0.07016777708601854,0.0002512670607101794,20,34,,69.48042520001763,0.8686868686868687,0.8686868686868687
er4,er4_m60_s0,es_1_2,0,395,19760,1.2056158490935873,86.0,86.0,0.07016777708601854,0.0002512670607101794,20,34,,70.55397579999408,0.8686868686868687,0.8686868686868687
er4,er4_m60_s0,es_1_2,0,400,20010,1.2056158490935873,86.0,86.0,0.07016777708601854,0.0002512670607102002,20,34,,71.81026369996835,0.8686868686868687,0.8686868686868687
er4,er4_m60_s0,es_1_2,1,0,10,0.6521497513659937,50.0,58.7,0.07304383663338695,0.00098649445651193,20,35,,0.03805989999091253,0.5050505050505051,0.592929292929293
er4,er4_m60_s0,es_1_2,1,5,260,1.1296328433286227,78.0,75.5,0.09495284318955396,0.0021667264571543707,20,36,,1.2407598000136204,0.7878787878787878,0.7626262626262627
er4,er4_m60_s0,es_1_2,1,10,510,1.1632879519486319,81.0,78.1,0.08844955320891959,0.00035889709988130326,20,37,,2.3314551999792457,0.8181818181818182,0.7888888888888889
er4,er4_m60_s0,es_1_2,1,15,760,1.1928043498566034,81.0,80.1,0.09766073162183794,0.003731143480883714,20,37,,3.5068702999851666,0.8181818181818182,0.8090909090909091
er4,er4_m60_s0,es_1_2,1,20,1010,1.2040801957873724,81.0,81.4,0.1234317501485991,0.005067594858848216,20,36,,4.435588199994527,0.8181818181818182,0.8222222222222223
er4,er4_m60_s0,es_1_2,1,25,1260,1.2133034371740896,83.0,81.4,0.08595362327304737,0.004388578007314674,20,37,,5.441939699987415,0.8383838383838383,0.8222222222222223
er4,er4_m60_s0,es_1_2,1,30,1510,1.21446209693385,82.0,82.1,0.13036180566733316,0.007883035937777103,20,36,,6.517354100011289,0.8282828282828283,0.8292929292929292
er4,er4_m60_s0,es_1_2,1,35,1760,1.2717726098998359,86.0,82.8,0.0852322324232132,0.0025319295270380057,20,37,,7.787743100023363,0.8686868686868687,0.8363636363636363
er4,er4_m60_s0,es_1_2,1,40,2010,1.2785734508373272,88.0,85.3,0.0739586914991625,0.00037566823963331233,20,37,,8.797106600017287,0.8888888888888888,0.8616161616161616
er4,er4_m60_s0,es_1_2,1,45,2260,1.2802583302702202,87.0,86.4,0.08527374967189755,0.003550751738562702,20,37,,9.870946899987757,0.8787878787878788,0.8727272727272728
er4,er4_m60_s0,es_1_2,1,50,2510,1.3085825446132202,88.0,86.9,0.09405905001569947,0.0009859292006526889,20,38,,10.890193399973214,0.8888888888888888,0.8777777777777779
er4,er4_m60_s0,es_1_2,1,55,2760,1.3085825446132202,88.0,86.7,0.09405905001569947,0.0009859292006526889,20,38,,11.97744019998936,0.8888888888888888,0.8757575757575757
er4,er4_m60_s0,es_1_2,1,60,3010,1.3108628452924462,87.0,87.3,0.11626377556363449,0.001163983466769828,20,37,,12.972245400014799,0.8787878787878788,0.8818181818181818
er4,er4_m60_s0,es_1_2,1,65,3260,1.3140672459885556,87.0,87.4,0.11303881334770371,0.0002734989499718638,20,37,,13.906981499982066,0.8787878787878788,0.8828282828282829
er4,er4_m60_s0,es_1_2,1,70,3510,1.3335920433431714,88.0,87.5,0.12759482448282977,0.001869514224180132,20,38,,14.867091699969023,0.8888888888888888,0.8838383838383839
er4,er4_m60_s0,es_1_2,1,75,3760,1.3335920433431714,88.0,87.7,0.12759482448282977,0.001869514224180132,20,38,,15.71277879999252,0.8888888888888888,0.8858585858585859
er4,er4_m60_s0,es_1_2,1,80,4010,1.3335920433431714,88.0,88.0,0.12759482448282977,0.001869514224180132,20,38,,16.59070519998204,0.8888888888888888,0.8888888888888888
er4,er4_m60_s0,es_1_2,1,85,4260,1.3335920433431714,88.0,88.0,0.12759482448282977,0.001869514224180132,20,38,,17.380426799994893,0.8888888888888888,0.8888888888888888
er4,er4_m60_s0,es_1_2,1,90,4510,1.3380979648268203,88.0,88.0,0.12257065630068967,0.010822497935001174,20,37,,18.18593989999499,0.8888888888888888,0.8888888888888888
er4,er4_m60_s0,es_1_2,1,95,4760,1.3380979648268203,88.0,88.0,0.12257065630068967,0.010822497935001174,20,37,,18.995234999980312,0.8888888888888888,0.8888888888888888
er4,er4_m60_s0,es_1_2,1,100,5010,1.3380979648268203,88.0,88.0,0.12257065630068967,0.010822497935001174,20,37,,19.804643200011924,0.8888888888888888,0.8888888888888888
er4,er4_m60_s0,es_1_2,1,105,5260,1.3402898422130398,88.0,88.0,0.12157300321034159,0.013617280570546078,20,38,,20.749483000021428,0.8888888888888888,0.8888888888888888
er4,er4_m60_s0,es_1_2,1,110,5510,1.3402898422130398,88.0,88.0,0.12157300321034159,0.013617280570546078,20,38,,21.63183550001122,0.8888888888888888,0.8888888888888888
er4,er4_m60_s0,es_1_2,1,115,5760,1.3451450812221033,88.0,88.0,0.11904551922902076,0.0009397125106985205,20,37,,22.43243360001361,0.8888888888888888,0.8888888888888888
er4,er4_m60_s0,es_1_2,1,120,6010,1.3464208881249071,88.0,88.0,0.1288765204336077,0.002323314917059588,20,37,,23.326968399982434,0.8888888888888888,0.8888888888888888
er4,er4_m60_s0,es_1_2,1,125,6260,1.3484094666258084,88.0,88.0,0.1258413131068234,0.020502452503068178,20,38,,24.17205539997667,0.8888888888888888,0.8888888888888888
er4,er4_m60_s0,es_1_2,1,130,6510,1.3530964383624504,88.0,88.0,0.13381386284464786,0.014676283544087482,20,37,,25.116895699989982,0.8888888888888888,0.8888888888888888
er4,er4_m60_s0,es_1_2,1,135,6760,1.3530964383624504,88.0,88.0,0.13381386284464786,0.014676283544087482,20,37,,25.966732100001536,0.8888888888888888,0.8888888888888888
er4,er4_m60_s0,es_1_2,1,140,7010,1.3530964383624504,88.0,88.0,0.13381386284464786,0.014676283544087482,20,37,,26.928618700010702,0.8888888888888888,0.8888888888888888
er4,er4_m60_s0,es_1_2,1,145,7260,1.3530964383624504,88.0,88.0,0.13381386284464786,0.014676283544087482,20,37,,27.875519099994563,0.8888888888888888,0.8888888888888888
er4,er4_m60_s0,es_1_2,1,150,7510,1.3551033287277818,88.0,88.0,0.1290017221845297,0.006489246671913612,20,38,,28.735518399975263,0.8888888888888888,0.8888888888888888
er4,er4_m60_s0,es_1_2,1,155,7760,1.3560824194683703,88.0,88.0,0.13843450035868476,0.007888831138085431,20,37,,29.510030400007963,0.8888888888888888,0.8888888888888888
er4,er4_m60_s0,es_1_2,1,160,8010,1.3560824194683703,88.0,88.0,0.13843450035868476,0.007888831138085431,20,37,,30.34214600000996,0.8888888888888888,0.8888888888888888
er4,er4_m60_s0,es_1_2,1,165,8260,1.3560824194683703,88.0,88.0,0.13843450035868476,0.007888831138085431,20,37,,31.22239220002666,0.8888888888888888,0.8888888888888888
er4,er4_m60_s0,es_1_2,1,170,8510,1.3625966736179285,88.0,88.0,0.1489883510656567,0.0009854054479956492,20,37,,32.205671400006395,0.8888888888888888,0.8888888888888888
er4,er4_m60_s0,es_1_2,1,175,8760,1.3625966736179285,88.0,88.0,0.1489883510656567,0.0009854054479956492,20,37,,33.00602179998532,0.8888888888888888,0.8888888888888888
er4,er4_m60_s0,es_1_2,1,180,9010,1.3625966736179285,88.0,88.0,0.1489883510656567,0.0009854054479956492,20,37,,33.92027990001952,0.8888888888888888,0.8888888888888888
er4,er4_m60_s0,es_1_2,1,185,9260,1.3625966736179285,88.0,88.0,0.1489883510656567,0.0009854054479956492,20,37,,34.89191170001868,0.8888888888888888,0.8888888888888888
er4,er4_m60_s0,es_1_2,1,190,9510,1.3639651276063047,88.0,88.0,0.14567839003428731,0.0034379536580075483,20,37,,35.744680500007235,0.8888888888888888,0.8888888888888888
er4,er4_m60_s0,es_1_2,1,195,9760,1.3639651276063047,88.0,88.0,0.14567839003428731,0.0034379536580075483,20,37,,36.530857699981425,0.8888888888888888,0.8888888888888888
er4,er4_m60_s0,es_1_2,1,200,10010,1.3641818386054516,88.0,88.0,0.13561282339276548,0.000985405447995552,20,37,,37.31617930001812,0.8888888888888888,0.8888888888888888
er4,er4_m60_s0,es_1_2,1,205,10260,1.3655181308480133,88.0,88.0,0.15689673481139488,0.007125417858296117,20,37,,38.17938019998837,0.8888888888888888,0.8888888888888888
er4,er4_m60_s0,es_1_2,1,210,10510,1.366377979069111,88.0,88.0,0.15040721160713705,0.0029123094434373373,20,37,,38.9716008999967,0.8888888888888888,0.8888888888888888
er4,er4_m60_s0,es_1_2,1,215,10760,1.366377979069111,88.0,88.0,0.15040721160713705,0.0029123094434373373,20,37,,39.94648619997315,0.8888888888888888,0.8888888888888888
er4,er4_m60_s0,es_1_2,1,220,11010,1.3694828132906511,88.0,88.0,0.15191288205181486,0.0013936050240939725,20,37,,40.79048129997682,0.8888888888888888,0.8888888888888888
er4,er4_m60_s0,es_1_2,1,225,11260,1.3694828132906511,88.0,88.0,0.15191288205181486,0.0013936050240939725,20,37,,41.56930380000267,0.8888888888888888,0.8888888888888888
er4,er4_m60_s0,es_1_2,1,230,11510,1.3694828132906511,88.0,88.0,0.15191288205181486,0.0013936050240939725,20,37,,42.3462198000052,0.8888888888888888,0.8888888888888888
er4,er4_m60_s0,es_1_2,1,235,11760,1.3714237429427985,88.0,88.0,0.16444152988972388,0.010867343555346548,20,37,,43.17345419997582,0.8888888888888888,0.8888888888888888
er4,er4_m60_s0,es_1_2,1,240,12010,1.3847359802581918,89.0,88.1,0.1497919033848419,6.874616078969553e-05,20,37,,43.992481599969324,0.898989898989899,0.8898989898989899
er4,er4_m60_s0,es_1_2,1,245,12260,1.3847359802581918,89.0,88.3,0.1497919033848419,6.874616078969553e-05,20,37,,44.83807150000939,0.898989898989899,0.8919191919191919
er4,er4_m60_s0,es_1_2,1,250,12510,1.385753511779888,89.0,88.7,0.15496905264911637,0.0015700767565777624,20,37,,45.7459692999837,0.898989898989899,0.895959595959596
er4,er4_m60_s0,es_1_2,1,255,12760,1.3894508711160034,89.0,89.0,0.12933336923987826,0.010571020096761452,20,39,,46.66609209997114,0.898989898989899,0.898989898989899
er4,er4_m60_s0,es_1_2,1,260,13010,1.39089044725733,89.0,89.0,0.13647818770185474,0.008154690054373456,20,39,,47.40444730001036,0.898989898989899,0.898989898989899
er4,er4_m60_s0,es_1_2,1,265,13260,1.39089044725733,89.0,89.0,0.13647818770185474,0.008154690054373456,20,39,,48.34601069998462,0.898989898989899,0.898989898989899
er4,er4_m60_s0,es_1_2,1,270,13510,1.39089044725733,89.0,89.0,0.13647818770185474,0.008154690054373456,20,39,,49.32096260000253,0.898989898989899,0.898989898989899
er4,er4_m60_s0,es_1_2,1,275,13760,1.396584207705087,89.0,89.0,0.15313849369631413,0.004958724678148882,20,39,,50.225669600011315,0.898989898989899,0.898989898989899
er4,er4_m60_s0,es_1_2,1,280,14010,1.3981072995611314,89.0,89.0,0.16661006270498346,0.007242547567736973,20,39,,51.02738629997475,0.898989898989899,0.898989898989899
er4,er4_m60_s0,es_1_2,1,285,14260,1.3981072995611314,89.0,89.0,0.16661006270498346,0.007242547567736973,20,39,,51.83213049999904,0.898989898989899,0.898989898989899
er4,er4_m60_s0,es_1_2,1,290,14510,1.3981072995611314,89.0,89.0,0.16661006270498346,0.007242547567736973,20,39,,52.74563640000997,0.898989898989899,0.898989898989899
er4,er4_m60_s0,es_1_2,1,295,14760,1.3981072995611314,89.0,89.0,0.16661006270498346,0.007242547567736973,20,39,,53.67405819997657,0.898989898989899,0.898989898989899
er4,er4_m60_s0,es_1_2,1,300,15010,1.3981072995611314,89.0,89.0,0.16661006270498346,0.007242547567736973,20,39,,54.44204599998193,0.898989898989899,0.898989898989899
er4,er4_m60_s0,es_1_2,1,305,15260,1.399006843100378,89.0,89.0,0.1604746273990245,0.003594719289846532,20,39,,55.35040769999614,0.898989898989899,0.898989898989899
er4,er4_m60_s0,es_1_2,1,310,15510,1.3991032812370507,89.0,89.0,0.15558378887815366,0.007397450666011954,20,39,,56.36490990000311,0.898989898989899,0.898989898989899
er4,er4_m60_s0,es_1_2,1,315,15760,1.3991032812370507,89.0,89.0,0.15558378887815366,0.007397450666011954,20,39,,57.21693980001146,0.898989898989899,0.898989898989899
er4,er4_m60_s0,es_1_2,1,320,16010,1.3991032812370507,89.0,89.0,0.15558378887815366,0.007397450666011954,20,39,,58.09592799999518,0.898989898989899,0.898989898989899
er4,er4_m60_s0,es_1_2,1,325,16260,1.399686470542355,89.0,89.0,0.15753939349063706,0.0021922445757447118,20,38,,58.962170300015714,0.898989898989899,0.898989898989899
er4,er4_m60_s0,es_1_2,1,330,16510,1.399686470542355,89.0,89.0,0.15753939349063706,0.0021922445757447118,20,38,,59.81112139998004,0.898989898989899,0.898989898989899
er4,er4_m60_s0,es_1_2,1,335,16760,1.399686470542355,89.0,89.0,0.15753939349063706,0.0021922445757447118,20,38,,60.728502699988894,0.898989898989899,0.898989898989899
er4,er4_m60_s0,es_1_2,1,340,17010,1.399686470542355,89.0,89.0,0.15753939349063706,0.0021922445757447118,20,38,,61.55116630002158,0.898989898989899,0.898989898989899
er4,er4_m60_s0,es_1_2,1,345,17260,1.399686470542355,89.0,89.0,0.15753939349063706,0.0021922445757447118,20,38,,62.52007389999926,0.898989898989899,0.898989898989899
er4,er4_m60_s0,es_1_2,1,350,17510,1.399686470542355,89.0,89.0,0.15753939349063706,0.0021922445757447118,20,38,,63.33464680000907,0.898989898989899,0.898989898989899
er4,er4_m60_s0,es_1_2,1,355,17760,1.4027381656649773,89.0,89.0,0.1627525763290897,0.013511081162156317,20,38,,64.21140879997984,0.898989898989899,0.898989898989899
er4,er4_m60_s0,es_1_2,1,360,18010,1.4027611295716347,89.0,89.0,0.17291865045576157,0.0067105459730248535,20,39,,65.06857020000461,0.898989898989899,0.898989898989899
er4,er4_m60_s0,es_1_2,1,365,18260,1.4027611295716347,89.0,89.0,0.17291865045576157,0.0067105459730248535,20,39,,66.08194840000942,0.898989898989899,0.898989898989899
er4,er4_m60_s0,es_1_2,1,370,18510,1.4027611295716347,89.0,89.0,0.17291865045576157,0.0067105459730248535,20,39,,67.12299010000424,0.898989898989899,0.898989898989899
er4,er4_m60_s0,es_1_2,1,375,18760,1.4027611295716347,89.0,89.0,0.17291865045576157,0.0067105459730248535,20,39,,68.14821600000141,0.898989898989899,0.898989898989899
er4,er4_m60_s0,es_1_2,1,380,19010,1.4027611295716347,89.0,89.0,0.17291865045576157,0.0067105459730248535,20,39,,69.2276299999794,0.898989898989899,0.898989898989899
er4,er4_m60_s0,es_1_2,1,385,19260,1.4027611295716347,89.0,89.0,0.17291865045576157,0.0067105459730248535,20,39,,70.3069572999957,0.898989898989899,0.898989898989899
er4,er4_m60_s0,es_1_2,1,390,19510,1.4027611295716347,89.0,89.0,0.17291865045576157,0.0067105459730248535,20,39,,71.10430730000371,0.898989898989899,0.898989898989899
er4,er4_m60_s0,es_1_2,1,395,19760,1.4027611295716347,89.0,89.0,0.17291865045576157,0.0067105459730248535,20,39,,72.06611870002234,0.898989898989899,0.898989898989899
er4,er4_m60_s0,es_1_2,1,400,20010,1.409676204389353,89.0,89.0,0.17778736371174703,0.0023231298697607896,20,38,,73.08150919998297,0.898989898989899,0.898989898989899
er4,er4_m60_s0,es_1_2,2,0,10,0.7786424105292553,58.0,59.8,0.03190252217659621,0.0017974010528312402,20,35,,0.03823030000785366,0.5858585858585859,0.604040404040404
er4,er4_m60_s0,es_1_2,2,5,260,1.1019443821720796,78.0,73.6,0.08479368349924896,0.001955551870240331,20,29,,0.9581817000289448,0.7878787878787878,0.7434343434343433
er4,er4_m60_s0,es_1_2,2,10,510,1.1566386469867773,78.0,77.5,0.10280148519346208,0.0048254022681486625,20,31,,2.1075101000024006,0.7878787878787878,0.7828282828282829
er4,er4_m60_s0,es_1_2,2,15,760,1.2316992215346116,84.0,82.1,0.09545670473291354,0.00014817629301518837,20,30,,3.1919887000112794,0.8484848484848485,0.8292929292929292
er4,er4_m60_s0,es_1_2,2,20,1010,1.2579696863740344,86.0,84.1,0.0843838020611126,0.0029037348804605984,20,31,,4.317419899976812,0.8686868686868687,0.8494949494949494
er4,er4_m60_s0,es_1_2,2,25,1260,1.2597113989490472,86.0,85.2,0.0944541511435794,0.0028210715652779023,20,31,,5.328045799979009,0.8686868686868687,0.8606060606060606
er4,er4_m60_s0,es_1_2,2,30,1510,1.2704769352125356,87.0,86.1,0.09166300992648964,0.0019976632389999416,20,31,,6.3667081000166945,0.8787878787878788,0.8696969696969696
er4,er4_m60_s0,es_1_2,2,35,1760,1.296038751467693,88.0,86.5,0.09297628219333999,0.005717558110039236,20,31,,7.527235799992923,0.8888888888888888,0.8737373737373737
er4,er4_m60_s0,es_1_2,2,40,2010,1.296038751467693,88.0,87.2,0.09297628219333999,0.005717558110039236,20,31,,8.537116300023627,0.8888888888888888,0.8808080808080808
er4,er4_m60_s0,es_1_2,2,45,2260,1.296038751467693,88.0,87.3,0.09297628219333999,0.005717558110039236,20,31,,9.49291109998012,0.8888888888888888,0.8818181818181818
er4,er4_m60_s0,es_1_2,2,50,2510,1.3078969553029516,89.0,88.1,0.09873486191376696,0.0016634455345179641,20,31,,10.520796800032258,0.898989898989899,0.8898989898989899
er4,er4_m60_s0,es_1_2,2,55,2760,1.3078969553029516,89.0,88.4,0.09873486191376696,0.0016634455345179641,20,31,,11.572846900031436,0.898989898989899,0.892929292929293
er4,er4_m60_s0,es_1_2,2,60,3010,1.3078969553029516,89.0,88.4,0.09873486191376696,0.0016634455345179641,20,31,,12.56147289997898,0.898989898989899,0.892929292929293
er4,er4_m60_s0,es_1_2,2,65,3260,1.3139607727134306,89.0,89.0,0.10156013888632623,0.00023597500580301023,20,31,,13.468563100032043,0.898989898989899,0.898989898989899
er4,er4_m60_s0,es_1_2,2,70,3510,1.3139607727134306,89.0,89.0,0.10156013888632623,0.00023597500580301023,20,31,,14.502617500023916,0.898989898989899,0.898989898989899
er4,er4_m60_s0,es_1_2,2,75,3760,1.3299100779351878,89.0,89.0,0.10853764922842023,0.009849026607297112,20,31,,15.53524140000809,0.898989898989899,0.898989898989899
er4,er4_m60_s0,es_1_2,2,80,4010,1.3299100779351878,89.0,89.0,0.10853764922842023,0.009849026607297112,20,31,,16.490430400008336,0.898989898989899,0.898989898989899
er4,er4_m60_s0,es_1_2,2,85,4260,1.3299100779351878,89.0,89.0,0.10853764922842023,0.009849026607297112,20,31,,17.352908100001514,0.898989898989899,0.898989898989899
er4,er4_m60_s0,es_1_2,2,90,4510,1.3299100779351878,89.0,89.0,0.10853764922842023,0.009849026607297112,20,31,,18.24556870001834,0.898989898989899,0.898989898989899
er4,er4_m60_s0,es_1_2,2,95,4760,1.3299100779351878,89.0,89.0,0.10853764922842023,0.009849026607297112,20,31,,19.18254250002792,0.898989898989899,0.898989898989899
er4,er4_m60_s0,es_1_2,2,100,5010,1.3355492897588146,89.0,89.0,0.10803012190375608,0.0018697091451853887,20,31,,19.992639700009022,0.898989898989899,0.898989898989899
er4,er4_m60_s0,es_1_2,2,105,5260,1.3370218209968292,90.0,89.1,0.12747124131020532,3.363431344525006e-05,20,31,,20.92518880002899,0.9090909090909091,0.8999999999999999
er4,er4_m60_s0,es_1_2,2,110,5510,1.3430679740358797,90.0,89.2,0.11514595614158574,0.0020440598992358255,20,31,,21.840117599989753,0.9090909090909091,0.901010101010101
er4,er4_m60_s0,es_1_2,2,115,5760,1.3430679740358797,90.0,89.5,0.11514595614158574,0.0020440598992358255,20,31,,22.769711600034498,0.9090909090909091,0.9040404040404041
er4,er4_m60_s0,es_1_2,2,120,6010,1.3430679740358797,90.0,89.7,0.11514595614158574,0.0020440598992358255,20,31,,23.58682119997684,0.9090909090909091,0.9060606060606061
er4,er4_m60_s0,es_1_2,2,125,6260,1.3430679740358797,90.0,89.8,0.11514595614158574,0.0020440598992358255,20,31,,24.48612860002322,0.9090909090909091,0.907070707070707
er4,er4_m60_s0,es_1_2,2,130,6510,1.3447498517562873,90.0,90.0,0.10705862927306298,0.001833971014541455,20,31,,25.26074840000365,0.9090909090909091,0.9090909090909091
er4,er4_m60_s0,es_1_2,2,135,6760,1.3447498517562873,90.0,90.0,0.10705862927306298,0.001833971014541455,20,31,,26.092800899990834,0.9090909090909091,0.9090909090909091
er4,er4_m60_s0,es_1_2,2,140,7010,1.3447498517562873,90.0,90.0,0.10705862927306298,0.001833971014541455,20,31,,27.063655900012236,0.9090909090909091,0.9090909090909091
er4,er4_m60_s0,es_1_2,2,145,7260,1.3447498517562873,90.0,90.0,0.10705862927306298,0.001833971014541455,20,31,,28.063377299986314,0.9090909090909091,0.9090909090909091
er4,er4_m60_s0,es_1_2,2,150,7510,1.3447498517562873,90.0,90.0,0.10705862927306298,0.001833971014541455,20,31,,28.99104009999428,0.9090909090909091,0.9090909090909091
er4,er4_m60_s0,es_1_2,2,155,7760,1.3455703551565978,90.0,90.0,0.11741896931080845,0.0020255445712768425,20,31,,29.773008699994534,0.9090909090909091,0.9090909090909091
er4,er4_m60_s0,es_1_2,2,160,8010,1.382315472943876,92.0,90.2,0.11896316416404351,0.0009691746037038818,20,31,,30.585476899985224,0.9292929292929293,0.9111111111111111
er4,er4_m60_s0,es_1_2,2,165,8260,1.3827890513723278,92.0,91.5,0.12093283470632313,0.0009508261633996984,20,31,,31.394050400005654,0.9292929292929293,0.9242424242424242
er4,er4_m60_s0,es_1_2,2,170,8510,1.3827890513723278,92.0,92.0,0.12093283470632313,0.0009508261633996984,20,31,,32.404858299996704,0.9292929292929293,0.9292929292929293
er4,er4_m60_s0,es_1_2,2,175,8760,1.3827890513723278,92.0,92.0,0.12093283470632313,0.0009508261633996984,20,31,,33.21829320001416,0.9292929292929293,0.9292929292929293
er4,er4_m60_s0,es_1_2,2,180,9010,1.3827890513723278,92.0,92.0,0.12093283470632313,0.0009508261633996984,20,31,,34.15139569999883,0.9292929292929293,0.9292929292929293
er4,er4_m60_s0,es_1_2,2,185,9260,1.3827890513723278,92.0,92.0,0.12093283470632313,0.0009508261633996984,20,31,,34.96847570000682,0.9292929292929293,0.9292929292929293
er4,er4_m60_s0,es_1_2,2,190,9510,1.383102068915967,92.0,92.0,0.11265045625357091,0.00011361300214061953,20,31,,35.8625739000272,0.9292929292929293,0.9292929292929293
er4,er4_m60_s0,es_1_2,2,195,9760,1.3875814123936532,92.0,92.0,0.11718748010289004,0.0009508261633997955,20,31,,36.75035869999556,0.9292929292929293,0.9292929292929293
er4,er4_m60_s0,es_1_2,2,200,10010,1.3875814123936532,92.0,92.0,0.11718748010289004,0.0009508261633997955,20,31,,37.635100200015586,0.9292929292929293,0.9292929292929293
er4,er4_m60_s0,es_1_2,2,205,10260,1.3875814123936532,92.0,92.0,0.11718748010289004,0.0009508261633997955,20,31,,38.47897200001171,0.9292929292929293,0.9292929292929293
er4,er4_m60_s0,es_1_2,2,210,10510,1.3875814123936532,92.0,92.0,0.11718748010289004,0.0009508261633997955,20,31,,39.283175499993376,0.9292929292929293,0.9292929292929293
er4,er4_m60_s0,es_1_2,2,215,10760,1.3875814123936532,92.0,92.0,0.11718748010289004,0.0009508261633997955,20,31,,40.18015670002205,0.9292929292929293,0.9292929292929293
er4,er4_m60_s0,es_1_2,2,220,11010,1.397510664894862,93.0,92.1,0.11276582509889482,0.0023942815011926202,20,31,,41.077852300019,0.9393939393939394,0.9303030303030303
er4,er4_m60_s0,es_1_2,2,225,11260,1.397510664894862,93.0,92.1,0.11276582509889482,0.0023942815011926202,20,31,,41.89252619998297,0.9393939393939394,0.9303030303030303
er4,er4_m60_s0,es_1_2,2,230,11510,1.397510664894862,93.0,92.1,0.11276582509889482,0.0023942815011926202,20,31,,42.67861300002551,0.9393939393939394,0.9303030303030303
er4,er4_m60_s0,es_1_2,2,235,11760,1.397510664894862,93.0,92.5,0.11276582509889482,0.0023942815011926202,20,31,,43.574845499999356,0.9393939393939394,0.9343434343434344
er4,er4_m60_s0,es_1_2,2,240,12010,1.397510664894862,93.0,92.7,0.11276582509889482,0.0023942815011926202,20,31,,44.404558399983216,0.9393939393939394,0.9363636363636364
er4,er4_m60_s0,es_1_2,2,245,12260,1.397510664894862,93.0,93.0,0.11276582509889482,0.0023942815011926202,20,31,,45.2806662999792,0.9393939393939394,0.9393939393939394
er4,er4_m60_s0,es_1_2,2,250,12510,1.397510664894862,93.0,93.0,0.11276582509889482,0.0023942815011926202,20,31,,46.16560200002277,0.9393939393939394,0.9393939393939394
er4,er4_m60_s0,es_1_2,2,255,12760,1.397510664894862,93.0,93.0,0.11276582509889482,0.0023942815011926202,20,31,,46.964909100031946,0.9393939393939394,0.9393939393939394
er4,er4_m60_s0,es_1_2,2,260,13010,1.397510664894862,93.0,93.0,0.11276582509889482,0.0023942815011926202,20,31,,47.894180200004485,0.9393939393939394,0.9393939393939394
er4,er4_m60_s0,es_1_2,2,265,13260,1.397510664894862,93.0,93.0,0.11276582509889482,0.0023942815011926202,20,31,,48.78870440000901,0.9393939393939394,0.9393939393939394
er4,er4_m60_s0,es_1_2,2,270,13510,1.4007144673707597,93.0,93.0,0.12199269771613025,0.0023942815011927174,20,31,,49.66668219998246,0.9393939393939394,0.9393939393939394
er4,er4_m60_s0,es_1_2,2,275,13760,1.4007144673707597,93.0,93.0,0.12199269771613025,0.0023942815011927174,20,31,,50.45623379998142,0.9393939393939394,0.9393939393939394
er4,er4_m60_s0,es_1_2,2,280,14010,1.4007144673707597,93.0,93.0,0.12199269771613025,0.0023942815011927174,20,31,,51.26181609998457,0.9393939393939394,0.9393939393939394
er4,er4_m60_s0,es_1_2,2,285,14260,1.4007144673707597,93.0,93.0,0.12199269771613025,0.0023942815011927174,20,31,,52.10805949999485,0.9393939393939394,0.9393939393939394
er4,er4_m60_s0,es_1_2,2,290,14510,1.4007144673707597,93.0,93.0,0.12199269771613025,0.0023942815011927174,20,31,,52.91360289999284,0.9393939393939394,0.9393939393939394
er4,er4_m60_s0,es_1_2,2,295,14760,1.4007144673707597,93.0,93.0,0.12199269771613025,0.0023942815011927174,20,31,,53.73568019998493,0.9393939393939394,0.9393939393939394
er4,er4_m60_s0,es_1_2,2,300,15010,1.4007144673707597,93.0,93.0,0.12199269771613025,0.0023942815011927174,20,31,,54.750966700026765,0.9393939393939394,0.9393939393939394
er4,er4_m60_s0,es_1_2,2,305,15260,1.4007144673707597,93.0,93.0,0.12199269771613025,0.0023942815011927174,20,31,,55.59412169997813,0.9393939393939394,0.9393939393939394
er4,er4_m60_s0,es_1_2,2,310,15510,1.4007144673707597,93.0,93.0,0.12199269771613025,0.0023942815011927174,20,31,,56.522503999993205,0.9393939393939394,0.9393939393939394
er4,er4_m60_s0,es_1_2,2,315,15760,1.4007144673707597,93.0,93.0,0.12199269771613025,0.0023942815011927174,20,31,,57.404798300005496,0.9393939393939394,0.9393939393939394
er4,er4_m60_s0,es_1_2,2,320,16010,1.4007144673707597,93.0,93.0,0.12199269771613025,0.0023942815011927174,20,31,,58.31319220003206,0.9393939393939394,0.9393939393939394
er4,er4_m60_s0,es_1_2,2,325,16260,1.4007144673707597,93.0,93.0,0.12199269771613025,0.0023942815011927174,20,31,,59.19187320000492,0.9393939393939394,0.9393939393939394
er4,er4_m60_s0,es_1_2,2,330,16510,1.4007144673707597,93.0,93.0,0.12199269771613025,0.0023942815011927174,20,31,,60.03169269999489,0.9393939393939394,0.9393939393939394
er4,er4_m60_s0,es_1_2,2,335,16760,1.4007144673707597,93.0,93.0,0.12199269771613025,0.0023942815011927174,20,31,,60.943503400019836,0.9393939393939394,0.9393939393939394
er4,er4_m60_s0,es_1_2,2,340,17010,1.4007144673707597,93.0,93.0,0.12199269771613025,0.0023942815011927174,20,31,,61.75468549999641,0.9393939393939394,0.9393939393939394
er4,er4_m60_s0,es_1_2,2,345,17260,1.4007144673707597,93.0,93.0,0.12199269771613025,0.0023942815011927174,20,31,,62.67990920000011,0.9393939393939394,0.9393939393939394
er4,er4_m60_s0,es_1_2,2,350,17510,1.4007144673707597,93.0,93.0,0.12199269771613025,0.0023942815011927174,20,31,,63.496767700009514,0.9393939393939394,0.9393939393939394
er4,er4_m60_s0,es_1_2,2,355,17760,1.4007144673707597,93.0,93.0,0.12199269771613025,0.0023942815011927174,20,31,,64.3067899000016,0.9393939393939394,0.9393939393939394
er4,er4_m60_s0,es_1_2,2,360,18010,1.4007144673707597,93.0,93.0,0.12199269771613025,0.0023942815011927174,20,31,,65.09466110001085,0.9393939393939394,0.9393939393939394
er4,er4_m60_s0,es_1_2,2,365,18260,1.4007144673707597,93.0,93.0,0.12199269771613025,0.0023942815011927174,20,31,,65.97278260003077,0.9393939393939394,0.9393939393939394
er4,er4_m60_s0,es_1_2,2,370,18510,1.4007144673707597,93.0,93.0,0.12199269771613025,0.0023942815011927174,20,31,,66.80350179999368,0.9393939393939394,0.9393939393939394
er4,er4_m60_s0,es_1_2,2,375,18760,1.4007144673707597,93.0,93.0,0.12199269771613025,0.0023942815011927174,20,31,,67.63148839998757,0.9393939393939394,0.9393939393939394
er4,er4_m60_s0,es_1_2,2,380,19010,1.4007144673707597,93.0,93.0,0.12199269771613025,0.0023942815011927174,20,31,,68.53868290001992,0.9393939393939394,0.9393939393939394
er4,er4_m60_s0,es_1_2,2,385,19260,1.4007144673707597,93.0,93.0,0.12199269771613025,0.0023942815011927174,20,31,,69.36751439998625,0.9393939393939394,0.9393939393939394
er4,er4_m60_s0,es_1_2,2,390,19510,1.4007144673707597,93.0,93.0,0.12199269771613025,0.0023942815011927174,20,31,,70.3070528000244,0.9393939393939394,0.9393939393939394
er4,er4_m60_s0,es_1_2,2,395,19760,1.4007144673707597,93.0,93.0,0.12199269771613025,0.0023942815011927174,20,31,,71.19100759999128,0.9393939393939394,0.9393939393939394
er4,er4_m60_s0,es_1_2,2,400,20010,1.4007144673707597,93.0,93.0,0.12199269771613025,0.0023942815011927174,20,31,,72.03619309997885,0.9393939393939394,0.9393939393939394
er4,er4_m60_s0,es_1_2,3,0,10,0.8266991240769128,61.0,56.5,0.043618584570616764,1.984089975648473e-17,20,32,,0.0265089999884367,0.6161616161616161,0.5707070707070707
er4,er4_m60_s0,es_1_2,3,5,260,1.0634215419114523,75.0,74.5,0.07983976516947802,0.0005744952943509199,20,38,,0.8216206999495625,0.7575757575757576,0.7525252525252525
er4,er4_m60_s0,es_1_2,3,10,510,1.1234428163166175,78.0,78.1,0.08821162767354518,0.003983075351543838,20,35,,1.735510999977123,0.7878787878787878,0.7888888888888889
er4,er4_m60_s0,es_1_2,3,15,760,1.193054361108184,83.0,81.5,0.10454024573912535,0.0020338291575745827,20,33,,2.548508599982597,0.8383838383838383,0.8232323232323232
er4,er4_m60_s0,es_1_2,3,20,1010,1.209816721276278,83.0,82.6,0.0975245314649423,0.0021092057703902684,20,36,,3.380190899944864,0.8383838383838383,0.8343434343434343
er4,er4_m60_s0,es_1_2,3,25,1260,1.2175142743681833,84.0,82.9,0.09778518519664887,0.0014991167757217906,20,36,,4.190976999991108,0.8484848484848485,0.8373737373737374
er4,er4_m60_s0,es_1_2,3,30,1510,1.2175142743681833,84.0,83.0,0.09778518519664887,0.0014991167757217906,20,36,,5.023223099997267,0.8484848484848485,0.8383838383838383
er4,er4_m60_s0,es_1_2,3,35,1760,1.2175142743681833,84.0,83.1,0.09778518519664887,0.0014991167757217906,20,36,,5.902417299977969,0.8484848484848485,0.8393939393939394
er4,er4_m60_s0,es_1_2,3,40,2010,1.2644307707101365,87.0,84.0,0.09302167026785627,0.0008012970797676155,20,36,,6.7061086999601685,0.8787878787878788,0.8484848484848485
er4,er4_m60_s0,es_1_2,3,45,2260,1.2644307707101365,87.0,84.6,0.09302167026785627,0.0008012970797676155,20,36,,7.660135599959176,0.8787878787878788,0.8545454545454545
er4,er4_m60_s0,es_1_2,3,50,2510,1.2644307707101365,87.0,85.4,0.09302167026785627,0.0008012970797676155,20,36,,8.455550299957395,0.8787878787878788,0.8626262626262626
er4,er4_m60_s0,es_1_2,3,55,2760,1.2644307707101365,87.0,86.4,0.09302167026785627,0.0008012970797676155,20,36,,9.247034999949392,0.8787878787878788,0.8727272727272728
er4,er4_m60_s0,es_1_2,3,60,3010,1.2644307707101365,87.0,87.0,0.09302167026785627,0.0008012970797676155,20,36,,10.09800479997648,0.8787878787878788,0.8787878787878788
er4,er4_m60_s0,es_1_2,3,65,3260,1.2644307707101365,87.0,87.0,0.09302167026785627,0.0008012970797676155,20,36,,10.916038999974262,0.8787878787878788,0.8787878787878788
er4,er4_m60_s0,es_1_2,3,70,3510,1.2644307707101365,87.0,87.0,0.09302167026785627,0.0008012970797676155,20,36,,11.745660599961411,0.8787878787878788,0.8787878787878788
er4,er4_m60_s0,es_1_2,3,75,3760,1.2644307707101365,87.0,87.0,0.09302167026785627,0.0008012970797676155,20,36,,12.531108099967241,0.8787878787878788,0.8787878787878788
er4,er4_m60_s0,es_1_2,3,80,4010,1.2686242722056533,87.0,87.0,0.09173277638952845,0.0008012970797676988,20,36,,13.388053599977866,0.8787878787878788,0.8787878787878788
er4,er4_m60_s0,es_1_2,3,85,4260,1.2686242722056533,87.0,87.0,0.09173277638952845,0.0008012970797676988,20,36,,14.228817499999423,0.8787878787878788,0.8787878787878788
er4,er4_m60_s0,es_1_2,3,90,4510,1.269117023486542,87.0,87.0,0.08988059774159986,0.000784976061279731,20,36,,15.081706399971154,0.8787878787878788,0.8787878787878788
er4,er4_m60_s0,es_1_2,3,95,4760,1.269117023486542,87.0,87.0,0.08988059774159986,0.000784976061279731,20,36,,15.87711419997504,0.8787878787878788,0.8787878787878788
er4,er4_m60_s0,es_1_2,3,100,5010,1.269117023486542,87.0,87.0,0.08988059774159986,0.000784976061279731,20,36,,16.80028639995726,0.8787878787878788,0.8787878787878788
er4,er4_m60_s0,es_1_2,3,105,5260,1.269117023486542,87.0,87.0,0.08988059774159986,0.000784976061279731,20,36,,17.65529309998965,0.8787878787878788,0.8787878787878788
er4,er4_m60_s0,es_1_2,3,110,5510,1.269117023486542,87.0,87.0,0.08988059774159986,0.000784976061279731,20,36,,18.451097699988168,0.8787878787878788,0.8787878787878788
er4,er4_m60_s0,es_1_2,3,115,5760,1.269117023486542,87.0,87.0,0.08988059774159986,0.000784976061279731,20,36,,19.27302719996078,0.8787878787878788,0.8787878787878788
er4,er4_m60_s0,es_1_2,3,120,6010,1.2691459971291856,87.0,87.0,0.09743845982577068,0.0007431219330849906,20,36,,20.109994400001597,0.8787878787878788,0.8787878787878788
er4,er4_m60_s0,es_1_2,3,125,6260,1.271119320856547,87.0,87.0,0.09723527671577901,0.0031062648516813236,20,36,,20.994853299984243,0.8787878787878788,0.8787878787878788
er4,er4_m60_s0,es_1_2,3,130,6510,1.271119320856547,87.0,87.0,0.09723527671577901,0.0031062648516813236,20,36,,21.751958299952094,0.8787878787878788,0.8787878787878788
er4,er4_m60_s0,es_1_2,3,135,6760,1.271119320856547,87.0,87.0,0.09723527671577901,0.0031062648516813236,20,36,,22.666636699985247,0.8787878787878788,0.8787878787878788
er4,er4_m60_s0,es_1_2,3,140,7010,1.271119320856547,87.0,87.0,0.09723527671577901,0.0031062648516813236,20,36,,23.524809599970467,0.8787878787878788,0.8787878787878788
er4,er4_m60_s0,es_1_2,3,145,7260,1.271119320856547,87.0,87.0,0.09723527671577901,0.0031062648516813236,20,36,,24.43678569997428,0.8787878787878788,0.8787878787878788
er4,er4_m60_s0,es_1_2,3,150,7510,1.271119320856547,87.0,87.0,0.09723527671577901,0.0031062648516813236,20,36,,25.255757099948823,0.8787878787878788,0.8787878787878788
er4,er4_m60_s0,es_1_2,3,155,7760,1.271119320856547,87.0,87.0,0.09723527671577901,0.0031062648516813236,20,36,,26.079210500000045,0.8787878787878788,0.8787878787878788
er4,er4_m60_s0,es_1_2,3,160,8010,1.271119320856547,87.0,87.0,0.09723527671577901,0.0031062648516813236,20,36,,26.794490000000224,0.8787878787878788,0.8787878787878788
er4,er4_m60_s0,es_1_2,3,165,8260,1.271119320856547,87.0,87.0,0.09723527671577901,0.0031062648516813236,20,36,,27.58163259999128,0.8787878787878788,0.8787878787878788
er4,er4_m60_s0,es_1_2,3,170,8510,1.2711710649099153,86.0,86.9,0.07271731900336503,0.0016117783711931451,20,37,,28.400756099959835,0.8686868686868687,0.8777777777777779
er4,er4_m60_s0,es_1_2,3,175,8760,1.2713449868613538,87.0,86.7,0.092846777950928,0.0015060256241525016,20,36,,29.245208799955435,0.8787878787878788,0.8757575757575757
er4,er4_m60_s0,es_1_2,3,180,9010,1.2713449868613538,87.0,86.4,0.092846777950928,0.0015060256241525016,20,36,,30.11619819997577,0.8787878787878788,0.8727272727272728
er4,er4_m60_s0,es_1_2,3,185,9260,1.2733488058393474,85.0,86.0,0.1117993788124699,0.005298625088122608,20,37,,30.83464199997252,0.8585858585858586,0.8686868686868687
er4,er4_m60_s0,es_1_2,3,190,9510,1.2733488058393474,85.0,86.1,0.1117993788124699,0.005298625088122608,20,37,,31.65330099995481,0.8585858585858586,0.8696969696969696
er4,er4_m60_s0,es_1_2,3,195,9760,1.2787030575282303,87.0,86.1,0.07537418187611283,0.0005073904788394559,20,37,,32.45668259996455,0.8787878787878788,0.8696969696969696
er4,er4_m60_s0,es_1_2,3,200,10010,1.2787030575282303,87.0,85.8,0.07537418187611283,0.0005073904788394559,20,37,,33.2551364999963,0.8787878787878788,0.8666666666666666
er4,er4_m60_s0,es_1_2,3,205,10260,1.2787030575282303,87.0,86.5,0.07537418187611283,0.0005073904788394559,20,37,,34.06254269997589,0.8787878787878788,0.8737373737373737
er4,er4_m60_s0,es_1_2,3,210,10510,1.2809653406170647,87.0,86.6,0.07861196242295355,4.762483765406375e-05,20,37,,34.92802599997958,0.8787878787878788,0.8747474747474747
er4,er4_m60_s0,es_1_2,3,215,10760,1.2897813711993678,87.0,87.0,0.09838693143983882,4.762483765406722e-05,20,37,,35.793014899943955,0.8787878787878788,0.8787878787878788
er4,er4_m60_s0,es_1_2,3,220,11010,1.2989211465339972,88.0,87.4,0.07995501156107863,0.001963293586050567,20,36,,36.648028199968394,0.8888888888888888,0.8828282828282829
er4,er4_m60_s0,es_1_2,3,225,11260,1.3153675672896323,90.0,88.3,0.07603821468007285,0.00031158706300776426,20,37,,37.54027069994481,0.9090909090909091,0.8919191919191919
er4,er4_m60_s0,es_1_2,3,230,11510,1.3153675672896323,90.0,89.5,0.07603821468007285,0.00031158706300776426,20,37,,38.577596299990546,0.9090909090909091,0.9040404040404041
er4,er4_m60_s0,es_1_2,3,235,11760,1.3496310759970598,92.0,90.8,0.07776649832470725,0.0019352181449457523,20,37,,39.36864499998046,0.9292929292929293,0.9171717171717172
er4,er4_m60_s0,es_1_2,3,240,12010,1.3496310759970598,92.0,91.4,0.07776649832470725,0.0019352181449457523,20,37,,40.221876199997496,0.9292929292929293,0.9232323232323233
er4,er4_m60_s0,es_1_2,3,245,12260,1.3496310759970598,92.0,91.7,0.07776649832470725,0.0019352181449457523,20,37,,40.98493699997198,0.9292929292929293,0.9262626262626263
er4,er4_m60_s0,es_1_2,3,250,12510,1.356267701487607,93.0,92.2,0.06902524918543662,0.00018541781538614077,20,37,,41.83083789999364,0.9393939393939394,0.9313131313131313
er4,er4_m60_s0,es_1_2,3,255,12760,1.356267701487607,93.0,92.3,0.06902524918543662,0.00018541781538614077,20,37,,42.741520199982915,0.9393939393939394,0.9323232323232323
er4,er4_m60_s0,es_1_2,3,260,13010,1.3565335785188206,92.0,92.4,0.08996904255125895,0.0024148387289289336,20,37,,43.54642339999555,0.9292929292929293,0.9333333333333333
er4,er4_m60_s0,es_1_2,3,265,13260,1.360215283549042,93.0,92.6,0.07759787232563858,0.0024792837220456443,20,36,,44.357023099961225,0.9393939393939394,0.9353535353535353
er4,er4_m60_s0,es_1_2,3,270,13510,1.3829845157299792,94.0,92.6,0.08776672122382029,0.0009207692533529967,20,38,,45.22266139998101,0.9494949494949495,0.9353535353535353
er4,er4_m60_s0,es_1_2,3,275,13760,1.3829845157299792,94.0,92.7,0.08776672122382029,0.0009207692533529967,20,38,,46.09905009996146,0.9494949494949495,0.9363636363636364
er4,er4_m60_s0,es_1_2,3,280,14010,1.3829845157299792,94.0,93.3,0.08776672122382029,0.0009207692533529967,20,38,,46.84677639999427,0.9494949494949495,0.9424242424242424
er4,er4_m60_s0,es_1_2,3,285,14260,1.3913448588968342,95.0,93.5,0.0904085200895229,0.0022359691182627373,20,37,,47.665929599956144,0.9595959595959596,0.9444444444444444
er4,er4_m60_s0,es_1_2,3,290,14510,1.3913448588968342,95.0,93.8,0.0904085200895229,0.0022359691182627373,20,37,,48.49649869999848,0.9595959595959596,0.9474747474747475
er4,er4_m60_s0,es_1_2,3,295,14760,1.3913448588968342,95.0,94.2,0.0904085200895229,0.0022359691182627373,20,37,,49.410439599945676,0.9595959595959596,0.9515151515151515
er4,er4_m60_s0,es_1_2,3,300,15010,1.3913448588968342,95.0,94.2,0.0904085200895229,0.0022359691182627373,20,37,,50.262587299977895,0.9595959595959596,0.9515151515151515
er4,er4_m60_s0,es_1_2,3,305,15260,1.3913448588968342,95.0,94.9,0.0904085200895229,0.0022359691182627373,20,37,,51.098981599963736,0.9595959595959596,0.9585858585858587
er4,er4_m60_s0,es_1_2,3,310,15510,1.3965301323736676,95.0,95.0,0.08552172716430453,0.0013531954322133222,20,38,,51.98123549995944,0.9595959595959596,0.9595959595959596
er4,er4_m60_s0,es_1_2,3,315,15760,1.3965301323736676,95.0,95.0,0.08552172716430438,0.0013531954322131695,20,39,,52.857690699980594,0.9595959595959596,0.9595959595959596
er4,er4_m60_s0,es_1_2,3,320,16010,1.3965301323736676,95.0,95.0,0.08552172716430438,0.0013531954322131695,20,39,,53.65738019999117,0.9595959595959596,0.9595959595959596
er4,er4_m60_s0,es_1_2,3,325,16260,1.40520635176442,95.0,95.5,0.09780489110487653,0.00010929444831418375,20,37,,54.638109599996824,0.9595959595959596,0.9646464646464646
er4,er4_m60_s0,es_1_2,3,330,16510,1.40520635176442,95.0,95.5,0.09780489110487658,0.00010929444831406579,20,38,,55.48389639996458,0.9595959595959596,0.9646464646464646
er4,er4_m60_s0,es_1_2,3,335,16760,1.408361111221666,95.0,95.0,0.09522563011391999,0.0001092944483140311,20,38,,56.26794749998953,0.9595959595959596,0.9595959595959596
er4,er4_m60_s0,es_1_2,3,340,17010,1.4105588042635118,95.0,95.0,0.10646597791126729,0.003532564600407257,20,38,,57.14786179998191,0.9595959595959596,0.9595959595959596
er4,er4_m60_s0,es_1_2,3,345,17260,1.4111581705851468,95.0,95.0,0.09206464835624809,0.0001445522228155638,20,38,,58.00433529994916,0.9595959595959596,0.9595959595959596
er4,er4_m60_s0,es_1_2,3,350,17510,1.4126123964007478,95.0,95.0,0.09175673302036162,0.0013909050788247848,20,38,,58.89843989996007,0.9595959595959596,0.9595959595959596
er4,er4_m60_s0,es_1_2,3,355,17760,1.4131633270253439,95.0,95.0,0.09632809434999258,0.0005755427639762833,20,38,,59.883174899965525,0.9595959595959596,0.9595959595959596
er4,er4_m60_s0,es_1_2,3,360,18010,1.4131633270253439,95.0,95.0,0.09632809434999258,0.0005755427639762833,20,38,,60.68945269996766,0.9595959595959596,0.9595959595959596
er4,er4_m60_s0,es_1_2,3,365,18260,1.4265759924655264,95.0,95.0,0.10582408571822849,0.00024830881460066734,20,39,,61.70851929998025,0.9595959595959596,0.9595959595959596
er4,er4_m60_s0,es_1_2,3,370,18510,1.4265759924655264,95.0,95.0,0.10582408571822849,0.00024830881460066734,20,39,,62.53729889995884,0.9595959595959596,0.9595959595959596
er4,er4_m60_s0,es_1_2,3,375,18760,1.4265759924655264,95.0,95.0,0.10582408571822849,0.00024830881460066734,20,39,,63.331911199958995,0.9595959595959596,0.9595959595959596
er4,er4_m60_s0,es_1_2,3,380,19010,1.4265759924655264,95.0,95.0,0.10582408571822849,0.00024830881460066734,20,39,,64.27695949998451,0.9595959595959596,0.9595959595959596
er4,er4_m60_s0,es_1_2,3,385,19260,1.4265759924655264,95.0,95.0,0.10582408571822838,0.0002483088146006812,20,38,,64.98218619998079,0.9595959595959596,0.9595959595959596
er4,er4_m60_s0,es_1_2,3,390,19510,1.4430306576770704,96.0,95.2,0.09760325950103868,0.003334649913773362,20,39,,65.5632150999736,0.9696969696969697,0.9616161616161616
er4,er4_m60_s0,es_1_2,3,395,19760,1.4430306576770704,96.0,95.4,0.09760325950103868,0.003334649913773362,20,39,,66.20359089999693,0.9696969696969697,0.9636363636363637
er4,er4_m60_s0,es_1_2,3,400,20010,1.4430306576770704,96.0,96.0,0.09760325950103868,0.003334649913773362,20,39,,66.85820239997702,0.9696969696969697,0.9696969696969697
er4,er4_m60_s0,es_1_2,4,0,10,0.9511306956414519,70.0,60.8,0.067840025423876,0.0028286894968670324,20,38,,0.027408799971453846,0.7070707070707071,0.6141414141414141
er4,er4_m60_s0,es_1_2,4,5,260,1.089463361159662,78.0,77.2,0.06223829410557158,0.001974103332719265,20,33,,0.8816115999943577,0.7878787878787878,0.7797979797979798
er4,er4_m60_s0,es_1_2,4,10,510,1.1744420886776439,83.0,81.6,0.06463565199615688,0.003362202759194385,20,30,,2.012444799998775,0.8383838383838383,0.8242424242424242
er4,er4_m60_s0,es_1_2,4,15,760,1.1926592368856646,84.0,82.8,0.09152688298362852,0.002027232633110482,20,32,,2.8824907999951392,0.8484848484848485,0.8363636363636363
er4,er4_m60_s0,es_1_2,4,20,1010,1.1996096088970443,85.0,84.2,0.05196677352552144,2.183215154656984e-05,20,30,,3.812653200002387,0.8585858585858586,0.8505050505050505
er4,er4_m60_s0,es_1_2,4,25,1260,1.2018727451954736,85.0,84.7,0.06440165910746938,0.001027853178015549,20,30,,4.706579399993643,0.8585858585858586,0.8555555555555556
er4,er4_m60_s0,es_1_2,4,30,1510,1.204242761134849,85.0,85.0,0.06161572407335054,0.0004124982208083619,20,30,,5.727981499978341,0.8585858585858586,0.8585858585858586
er4,er4_m60_s0,es_1_2,4,35,1760,1.2099076740393895,85.0,85.0,0.06609602710367943,0.000620070080420837,20,31,,6.642664999992121,0.8585858585858586,0.8585858585858586
er4,er4_m60_s0,es_1_2,4,40,2010,1.212804965265251,85.0,85.0,0.08576901050117473,0.0006200700804208578,20,31,,7.570981999975629,0.8585858585858586,0.8585858585858586
er4,er4_m60_s0,es_1_2,4,45,2260,1.212804965265251,85.0,85.0,0.08576901050117473,0.0006200700804208578,20,31,,8.510725900006946,0.8585858585858586,0.8585858585858586
er4,er4_m60_s0,es_1_2,4,50,2510,1.2130856872823095,85.0,85.0,0.09361027746585225,0.0006743840963273004,20,30,,9.651663500000723,0.8585858585858586,0.8585858585858586
er4,er4_m60_s0,es_1_2,4,55,2760,1.2130856872823095,85.0,85.0,0.09361027746585225,0.0006743840963273004,20,30,,10.578777600021567,0.8585858585858586,0.8585858585858586
er4,er4_m60_s0,es_1_2,4,60,3010,1.2130856872823095,85.0,85.0,0.09361027746585225,0.0006743840963271824,20,30,,11.54226999997627,0.8585858585858586,0.8585858585858586
er4,er4_m60_s0,es_1_2,4,65,3260,1.2258720316802192,86.0,85.4,0.08467846016774097,0.00039967520718928867,20,30,,12.467261400015559,0.8686868686868687,0.8626262626262626
er4,er4_m60_s0,es_1_2,4,70,3510,1.2258720316802192,86.0,85.7,0.08467846016774097,0.00039967520718928867,20,30,,13.357509800000116,0.8686868686868687,0.8656565656565657
er4,er4_m60_s0,es_1_2,4,75,3760,1.2305712315277069,86.0,86.0,0.08911034751676064,0.0017898758103968085,20,30,,14.263681299984455,0.8686868686868687,0.8686868686868687
er4,er4_m60_s0,es_1_2,4,80,4010,1.2305712315277069,86.0,86.0,0.08911034751676064,0.0017898758103968085,20,30,,15.246483800001442,0.8686868686868687,0.8686868686868687
er4,er4_m60_s0,es_1_2,4,85,4260,1.2367219000346155,86.0,86.0,0.1182268066792517,0.001365719590100515,20,30,,16.23004439997021,0.8686868686868687,0.8686868686868687
er4,er4_m60_s0,es_1_2,4,90,4510,1.2367219000346155,86.0,86.0,0.1182268066792517,0.001365719590100515,20,30,,17.287829699984286,0.8686868686868687,0.8686868686868687
er4,er4_m60_s0,es_1_2,4,95,4760,1.2367219000346155,86.0,86.0,0.1182268066792517,0.001365719590100515,20,30,,18.22185620001983,0.8686868686868687,0.8686868686868687
er4,er4_m60_s0,es_1_2,4,100,5010,1.2367219000346155,86.0,86.0,0.1182268066792517,0.001365719590100515,20,30,,19.019631700008176,0.8686868686868687,0.8686868686868687
er4,er4_m60_s0,es_1_2,4,105,5260,1.2367219000346157,86.0,86.0,0.11822680667925167,0.0013657195901004768,20,31,,19.808058299997356,0.8686868686868687,0.8686868686868687
er4,er4_m60_s0,es_1_2,4,110,5510,1.2375088957145441,86.0,86.0,0.11596969241870722,0.0020831179312723507,20,30,,20.65651760000037,0.8686868686868687,0.8686868686868687
er4,er4_m60_s0,es_1_2,4,115,5760,1.2417927062146616,86.0,86.0,0.12615812124942644,0.002143884136056314,20,29,,21.451273099984974,0.8686868686868687,0.8686868686868687
er4,er4_m60_s0,es_1_2,4,120,6010,1.2417927062146616,86.0,86.0,0.12615812124942644,0.002143884136056314,20,29,,22.338039199996274,0.8686868686868687,0.8686868686868687
er4,er4_m60_s0,es_1_2,4,125,6260,1.2430905548323306,86.0,86.0,0.10508828170071927,0.004254610602036423,20,30,,23.356911899987608,0.8686868686868687,0.8686868686868687
er4,er4_m60_s0,es_1_2,4,130,6510,1.2430905548323306,86.0,86.0,0.10508828170071921,0.0042546106020363945,20,31,,24.36485030001495,0.8686868686868687,0.8686868686868687
er4,er4_m60_s0,es_1_2,4,135,6760,1.2489679120826196,86.0,86.0,0.1187864375072406,0.001960989207447108,20,29,,25.398332600016147,0.8686868686868687,0.8686868686868687
er4,er4_m60_s0,es_1_2,4,140,7010,1.2516660837719802,86.0,86.0,0.12689596343946308,0.0030519543340561334,20,29,,26.34140119998483,0.8686868686868687,0.8686868686868687
er4,er4_m60_s0,es_1_2,4,145,7260,1.2516660837719802,86.0,86.0,0.12689596343946308,0.0030519543340561334,20,29,,27.37055390002206,0.8686868686868687,0.8686868686868687
er4,er4_m60_s0,es_1_2,4,150,7510,1.2516660837719802,86.0,86.0,0.12689596343946308,0.0030519543340561334,20,29,,28.251037999987602,0.8686868686868687,0.8686868686868687
er4,er4_m60_s0,es_1_2,4,155,7760,1.2518137299978538,86.0,86.0,0.11878643750724023,0.001960989207447205,20,29,,29.139006600016728,0.8686868686868687,0.8686868686868687
er4,er4_m60_s0,es_1_2,4,160,8010,1.2518137299978538,86.0,86.0,0.11878643750724023,0.001960989207447205,20,29,,30.21982100000605,0.8686868686868687,0.8686868686868687
er4,er4_m60_s0,es_1_2,4,165,8260,1.2518137299978538,86.0,86.0,0.11878643750724044,0.0019609892074471218,20,30,,31.108162600023206,0.8686868686868687,0.8686868686868687
er4,er4_m60_s0,es_1_2,4,170,8510,1.2518137299978538,86.0,86.0,0.11878643750724044,0.0019609892074471218,20,30,,32.01245410001138,0.8686868686868687,0.8686868686868687
er4,er4_m60_s0,es_1_2,4,175,8760,1.2537228414895,86.0,86.0,0.1170566426240956,0.0001885191165298672,20,29,,32.71448419999797,0.8686868686868687,0.8686868686868687
er4,er4_m60_s0,es_1_2,4,180,9010,1.2537228414895,86.0,86.0,0.1170566426240956,0.0001885191165298672,20,29,,33.45095929998206,0.8686868686868687,0.8686868686868687
er4,er4_m60_s0,es_1_2,4,185,9260,1.2546081184354905,86.0,86.0,0.10931417164538706,0.0008763477350650223,20,29,,34.34635950002121,0.8686868686868687,0.8686868686868687
er4,er4_m60_s0,es_1_2,4,190,9510,1.2546081184354905,86.0,86.0,0.10931417164538706,0.0008763477350650223,20,29,,35.1948468000046,0.8686868686868687,0.8686868686868687
er4,er4_m60_s0,es_1_2,4,195,9760,1.2546081184354905,86.0,86.0,0.10931417164538706,0.0008763477350650223,20,29,,36.15414659999078,0.8686868686868687,0.8686868686868687
er4,er4_m60_s0,es_1_2,4,200,10010,1.2546081184354905,86.0,86.0,0.10931417164538706,0.0008763477350650223,20,29,,37.04562150000129,0.8686868686868687,0.8686868686868687
er4,er4_m60_s0,es_1_2,4,205,10260,1.2546081184354905,86.0,86.0,0.10931417164538718,0.0008763477350650778,20,29,,37.957924899994396,0.8686868686868687,0.8686868686868687
er4,er4_m60_s0,es_1_2,4,210,10510,1.2546081184354905,86.0,86.0,0.10931417164538718,0.0008763477350650778,20,29,,38.96555720001925,0.8686868686868687,0.8686868686868687
er4,er4_m60_s0,es_1_2,4,215,10760,1.2550387682222681,86.0,86.0,0.10829579358527103,0.0009582041695132062,20,29,,39.93129350000527,0.8686868686868687,0.8686868686868687
er4,er4_m60_s0,es_1_2,4,220,11010,1.2550387682222681,86.0,86.0,0.10829579358527103,0.0009582041695132062,20,29,,40.55156180000631,0.8686868686868687,0.8686868686868687
er4,er4_m60_s0,es_1_2,4,225,11260,1.258424516838887,86.0,86.0,0.1061789451552459,0.0008758727343510381,20,29,,41.18619669997133,0.8686868686868687,0.8686868686868687
er4,er4_m60_s0,es_1_2,4,230,11510,1.258424516838887,86.0,86.0,0.1061789451552459,0.0008758727343510381,20,29,,42.40797359996941,0.8686868686868687,0.8686868686868687
er4,er4_m60_s0,es_1_2,4,235,11760,1.258424516838887,86.0,86.0,0.1061789451552459,0.0008758727343510381,20,29,,43.46127119997982,0.8686868686868687,0.8686868686868687
er4,er4_m60_s0,es_1_2,4,240,12010,1.258424516838887,86.0,86.0,0.1061789451552459,0.0008758727343510381,20,29,,44.40821219998179,0.8686868686868687,0.8686868686868687
er4,er4_m60_s0,es_1_2,4,245,12260,1.258424516838887,86.0,86.0,0.10617894515524606,0.0008758727343510103,20,31,,45.31126539997058,0.8686868686868687,0.8686868686868687
er4,er4_m60_s0,es_1_2,4,250,12510,1.258424516838887,86.0,86.0,0.10617894515524606,0.0008758727343510103,20,31,,46.21818299998995,0.8686868686868687,0.8686868686868687
er4,er4_m60_s0,es_1_2,4,255,12760,1.258424516838887,86.0,86.0,0.106178945155246,0.000875872734351052,20,31,,47.21239349996904,0.8686868686868687,0.8686868686868687
er4,er4_m60_s0,es_1_2,4,260,13010,1.258424516838887,86.0,86.0,0.1061789451552459,0.0008758727343510381,20,29,,48.21866760001285,0.8686868686868687,0.8686868686868687
er4,er4_m60_s0,es_1_2,4,265,13260,1.258424516838887,86.0,86.0,0.1061789451552459,0.000875872734351052,20,30,,49.07554099999834,0.8686868686868687,0.8686868686868687
er4,er4_m60_s0,es_1_2,4,270,13510,1.258424516838887,86.0,86.0,0.1061789451552459,0.000875872734351052,20,30,,49.991909999982454,0.8686868686868687,0.8686868686868687
er4,er4_m60_s0,es_1_2,4,275,13760,1.2604114320102806,86.0,86.0,0.13059424903958833,0.0008668904952499612,20,30,,50.943647200008854,0.8686868686868687,0.8686868686868687
er4,er4_m60_s0,es_1_2,4,280,14010,1.2604114320102806,86.0,86.0,0.13059424903958833,0.0008668904952499612,20,30,,52.0285638999776,0.8686868686868687,0.8686868686868687
er4,er4_m60_s0,es_1_2,4,285,14260,1.2604114320102806,86.0,86.0,0.13059424903958833,0.0008668904952499612,20,30,,53.15388479997637,0.8686868686868687,0.8686868686868687
er4,er4_m60_s0,es_1_2,4,290,14510,1.2604114320102806,86.0,86.0,0.13059424903958833,0.0008668904952499612,20,30,,54.29454169998644,0.8686868686868687,0.8686868686868687
er4,er4_m60_s0,es_1_2,4,295,14760,1.2604114320102806,86.0,86.0,0.13059424903958833,0.0008668904952499612,20,30,,55.44401919998927,0.8686868686868687,0.8686868686868687
er4,er4_m60_s0,es_1_2,4,300,15010,1.2604114320102806,86.0,86.0,0.13059424903958833,0.0008668904952499612,20,30,,56.48553289996926,0.8686868686868687,0.8686868686868687
er4,er4_m60_s0,es_1_2,4,305,15260,1.2604114320102806,86.0,86.0,0.13059424903958833,0.0008668904952499612,20,30,,57.448838800017256,0.8686868686868687,0.8686868686868687
er4,er4_m60_s0,es_1_2,4,310,15510,1.2604114320102806,86.0,86.0,0.13059424903958833,0.0008668904952499612,20,30,,58.466008400020655,0.8686868686868687,0.8686868686868687
er4,er4_m60_s0,es_1_2,4,315,15760,1.2604114320102806,86.0,86.0,0.13059424903958833,0.0008668904952499612,20,30,,59.40264659997774,0.8686868686868687,0.8686868686868687
er4,er4_m60_s0,es_1_2,4,320,16010,1.2624767003509048,86.0,86.0,0.10686622938346169,0.0007360174014643542,20,31,,60.3479762999923,0.8686868686868687,0.8686868686868687
er4,er4_m60_s0,es_1_2,4,325,16260,1.2624767003509048,86.0,86.0,0.10686622938346185,0.0007360174014643785,20,30,,61.22464889998082,0.8686868686868687,0.8686868686868687
er4,er4_m60_s0,es_1_2,4,330,16510,1.2624767003509048,86.0,86.0,0.10686622938346185,0.0007360174014643785,20,30,,62.19127219996881,0.8686868686868687,0.8686868686868687
er4,er4_m60_s0,es_1_2,4,335,16760,1.2624767003509048,86.0,86.0,0.10686622938346188,0.0007360174014643967,20,31,,63.20738979999442,0.8686868686868687,0.8686868686868687
er4,er4_m60_s0,es_1_2,4,340,17010,1.2624767003509048,86.0,86.0,0.10686622938346188,0.0007360174014643967,20,31,,64.19972849998157,0.8686868686868687,0.8686868686868687
er4,er4_m60_s0,es_1_2,4,345,17260,1.262614044386275,86.0,86.0,0.11127030131860662,0.0013870890193143845,20,31,,65.14157560002059,0.8686868686868687,0.8686868686868687
er4,er4_m60_s0,es_1_2,4,350,17510,1.262614044386275,86.0,86.0,0.11127030131860643,0.0013870890193143671,20,31,,66.19026309996843,0.8686868686868687,0.8686868686868687
er4,er4_m60_s0,es_1_2,4,355,17760,1.2756882607322562,87.0,86.1,0.11537511636716942,1.7037286810473937e-06,20,31,,67.1591916999896,0.8787878787878788,0.8696969696969696
er4,er4_m60_s0,es_1_2,4,360,18010,1.2756882607322562,87.0,86.2,0.1153751163671693,1.703728681060404e-06,20,30,,68.07914340001298,0.8787878787878788,0.8707070707070708
er4,er4_m60_s0,es_1_2,4,365,18260,1.2756882607322562,87.0,86.5,0.11537511636716942,1.7037286810473937e-06,20,31,,69.0063731999835,0.8787878787878788,0.8737373737373737
er4,er4_m60_s0,es_1_2,4,370,18510,1.2756882607322562,87.0,86.8,0.11537511636716939,1.703728680966729e-06,20,31,,69.99952740001027,0.8787878787878788,0.8767676767676768
er4,er4_m60_s0,es_1_2,4,375,18760,1.2756882607322562,87.0,87.0,0.1153751163671693,1.703728681060404e-06,20,30,,70.98161379998783,0.8787878787878788,0.8787878787878788
er4,er4_m60_s0,es_1_2,4,380,19010,1.2756882607322562,87.0,87.0,0.11537511636716942,1.7037286810473937e-06,20,31,,71.88577059999807,0.8787878787878788,0.8787878787878788
er4,er4_m60_s0,es_1_2,4,385,19260,1.2756882607322562,87.0,87.0,0.11537511636716942,1.7037286810473937e-06,20,31,,72.85254619998159,0.8787878787878788,0.8787878787878788
er4,er4_m60_s0,es_1_2,4,390,19510,1.2756882607322562,87.0,87.0,0.11537511636716942,1.7037286810473937e-06,20,31,,73.74312160001136,0.8787878787878788,0.8787878787878788
er4,er4_m60_s0,es_1_2,4,395,19760,1.2756882607322562,87.0,87.0,0.11537511636716942,1.7037286810473937e-06,20,31,,74.64780719997361,0.8787878787878788,0.8787878787878788
er4,er4_m60_s0,es_1_2,4,400,20010,1.2756882607322562,87.0,87.0,0.11537511636716942,1.7037286810473937e-06,20,31,,75.5467327000224,0.8787878787878788,0.8787878787878788
er4,er4_m60_s0,es_single,0,0,10,0.7710230174381983,57.0,61.4,0.03422181726598081,1.0842021724855044e-18,20,32,,0.0401111000101082,0.5757575757575758,0.6202020202020202
er4,er4_m60_s0,es_single,0,5,260,1.1197489106389975,82.0,75.6,0.0424316748760841,0.0011640942169254525,20,29,,1.0154467999818735,0.8282828282828283,0.7636363636363636
er4,er4_m60_s0,es_single,0,10,510,1.1197489106389975,82.0,78.6,0.0424316748760841,0.0011640942169254525,20,29,,2.0584147999761626,0.8282828282828283,0.7939393939393938
er4,er4_m60_s0,es_single,0,15,760,1.1929730644721592,86.0,83.7,0.03261010223781283,0.00022318579600043992,20,30,,3.0570446000201628,0.8686868686868687,0.8454545454545455
er4,er4_m60_s0,es_single,0,20,1010,1.245035757767751,90.0,86.9,0.03157197114614628,0.0002147626060517993,20,31,,4.063448300003074,0.9090909090909091,0.8777777777777779
er4,er4_m60_s0,es_single,0,25,1260,1.245035757767751,90.0,89.1,0.03157197114614628,0.0002147626060517993,20,31,,5.02778289996786,0.9090909090909091,0.8999999999999999
er4,er4_m60_s0,es_single,0,30,1510,1.2495788191323671,90.0,90.0,0.030582772723084194,0.00021476260605161196,20,29,,5.957469500019215,0.9090909090909091,0.9090909090909091
er4,er4_m60_s0,es_single,0,35,1760,1.2495788191323671,90.0,90.0,0.030582772723084194,0.00021476260605161196,20,29,,6.90743660001317,0.9090909090909091,0.9090909090909091
er4,er4_m60_s0,es_single,0,40,2010,1.2632967247963631,91.0,90.1,0.032919724825611826,0.00011622868485245547,20,30,,7.842323400021996,0.9191919191919192,0.9101010101010101
er4,er4_m60_s0,es_single,0,45,2260,1.2632967247963631,91.0,90.6,0.03291972482561173,0.00011622868485243465,20,29,,8.767281599983107,0.9191919191919192,0.915151515151515
er4,er4_m60_s0,es_single,0,50,2510,1.2632967247963631,91.0,90.9,0.03291972482561173,0.00011622868485243465,20,29,,9.742693400010467,0.9191919191919192,0.9181818181818182
er4,er4_m60_s0,es_single,0,55,2760,1.2632967247963631,91.0,91.0,0.03291972482561181,0.00011622868485247975,20,30,,10.711334499996156,0.9191919191919192,0.9191919191919192
er4,er4_m60_s0,es_single,0,60,3010,1.2639801293821251,91.0,91.0,0.037159208321373795,0.00011622868485241383,20,30,,11.685454400023445,0.9191919191919192,0.9191919191919192
er4,er4_m60_s0,es_single,0,65,3260,1.2639801293821251,91.0,91.0,0.037159208321373795,0.00011622868485241383,20,30,,12.634774599981029,0.9191919191919192,0.9191919191919192
er4,er4_m60_s0,es_single,0,70,3510,1.2639801293821251,91.0,91.0,0.037159208321373795,0.00011622868485241383,20,30,,13.616378500009887,0.9191919191919192,0.9191919191919192
er4,er4_m60_s0,es_single,0,75,3760,1.2639801293821251,91.0,91.0,0.037159208321373795,0.00011622868485241383,20,30,,14.56891450000694,0.9191919191919192,0.9191919191919192
er4,er4_m60_s0,es_single,0,80,4010,1.2639801293821251,91.0,91.0,0.03715920832137355,0.00011622868485239995,20,30,,15.531625900010113,0.9191919191919192,0.9191919191919192
er4,er4_m60_s0,es_single,0,85,4260,1.2639801293821253,91.0,91.0,0.03715920832137371,0.00011622868485245547,20,31,,16.453515700006392,0.9191919191919192,0.9191919191919192
er4,er4_m60_s0,es_single,0,90,4510,1.2639801293821253,91.0,91.0,0.03715920832137371,0.00011622868485245547,20,31,,17.950385299976915,0.9191919191919192,0.9191919191919192
er4,er4_m60_s0,es_single,0,95,4760,1.2639801293821253,91.0,91.0,0.03715920832137371,0.00011622868485245547,20,31,,18.855630100006238,0.9191919191919192,0.9191919191919192
er4,er4_m60_s0,es_single,0,100,5010,1.2639801293821253,91.0,91.0,0.03715920832137371,0.00011622868485245547,20,31,,19.820787900011055,0.9191919191919192,0.9191919191919192
er4,er4_m60_s0,es_single,0,105,5260,1.2639801293821253,91.0,91.0,0.03715920832137371,0.00011622868485245547,20,31,,20.745192800008226,0.9191919191919192,0.9191919191919192
er4,er4_m60_s0,es_single,0,110,5510,1.2639801293821253,91.0,91.0,0.03715920832137371,0.00011622868485245547,20,31,,21.71596130001126,0.9191919191919192,0.9191919191919192
er4,er4_m60_s0,es_single,0,115,5760,1.2639801293821253,91.0,91.0,0.03715920832137371,0.00011622868485245547,20,31,,22.71746549999807,0.9191919191919192,0.9191919191919192
er4,er4_m60_s0,es_single,0,120,6010,1.2639801293821253,91.0,91.0,0.03715920832137371,0.00011622868485245547,20,31,,23.6585387000232,0.9191919191919192,0.9191919191919192
er4,er4_m60_s0,es_single,0,125,6260,1.2639801293821253,91.0,91.0,0.03715920832137367,0.00011622868485242771,20,29,,24.601210799999535,0.9191919191919192,0.9191919191919192
er4,er4_m60_s0,es_single,0,130,6510,1.2639801293821253,91.0,91.0,0.03715920832137371,0.00011622868485245547,20,29,,25.551971999986563,0.9191919191919192,0.9191919191919192
er4,er4_m60_s0,es_single,0,135,6760,1.2639801293821253,91.0,91.0,0.03715920832137367,0.00011622868485242771,20,29,,26.57952839997597,0.9191919191919192,0.9191919191919192
er4,er4_m60_s0,es_single,0,140,7010,1.2639801293821253,91.0,91.0,0.03715920832137371,0.00011622868485245547,20,29,,27.46604849997675,0.9191919191919192,0.9191919191919192
er4,er4_m60_s0,es_single,0,145,7260,1.2639801293821253,91.0,91.0,0.03715920832137367,0.00011622868485242771,20,29,,28.350754200015217,0.9191919191919192,0.9191919191919192
er4,er4_m60_s0,es_single,0,150,7510,1.2639801293821253,91.0,91.0,0.03715920832137366,0.00011622868485245547,20,29,,29.301455200009514,0.9191919191919192,0.9191919191919192
er4,er4_m60_s0,es_single,0,155,7760,1.2639801293821253,91.0,91.0,0.03715920832137366,0.00011622868485245547,20,29,,30.218852799967863,0.9191919191919192,0.9191919191919192
er4,er4_m60_s0,es_single,0,160,8010,1.2639801293821253,91.0,91.0,0.03715920832137366,0.00011622868485245547,20,29,,31.351782999990974,0.9191919191919192,0.9191919191919192
er4,er4_m60_s0,es_single,0,165,8260,1.2639801293821253,91.0,91.0,0.03715920832137367,0.00011622868485242771,20,29,,32.25897189998068,0.9191919191919192,0.9191919191919192
er4,er4_m60_s0,es_single,0,170,8510,1.2639801293821253,91.0,91.0,0.03715920832137366,0.00011622868485245547,20,29,,33.22359219996724,0.9191919191919192,0.9191919191919192
er4,er4_m60_s0,es_single,0,175,8760,1.2639801293821253,91.0,91.0,0.03715920832137372,0.00011622868485238608,20,29,,34.21351420000428,0.9191919191919192,0.9191919191919192
er4,er4_m60_s0,es_single,0,180,9010,1.2639801293821253,91.0,91.0,0.037159208321373684,0.00011622868485241036,20,29,,35.18121000000974,0.9191919191919192,0.9191919191919192
er4,er4_m60_s0,es_single,0,185,9260,1.2639801293821253,91.0,91.0,0.037159208321373684,0.00011622868485241036,20,29,,36.15439709997736,0.9191919191919192,0.9191919191919192
er4,er4_m60_s0,es_single,0,190,9510,1.2639801293821253,91.0,91.0,0.03715920832137366,0.00011622868485245547,20,29,,37.11544600001071,0.9191919191919192,0.9191919191919192
er4,er4_m60_s0,es_single,0,195,9760,1.2639801293821253,91.0,91.0,0.03715920832137367,0.00011622868485242771,20,29,,38.05326329998206,0.9191919191919192,0.9191919191919192
er4,er4_m60_s0,es_single,0,200,10010,1.2639801293821253,91.0,91.0,0.03715920832137372,0.00011622868485238608,20,29,,39.036857999977656,0.9191919191919192,0.9191919191919192
er4,er4_m60_s0,es_single,0,205,10260,1.2639801293821253,91.0,91.0,0.03715920832137366,0.00011622868485245547,20,29,,40.00832209998043,0.9191919191919192,0.9191919191919192
er4,er4_m60_s0,es_single,0,210,10510,1.2639801293821253,91.0,91.0,0.03715920832137366,0.00011622868485245547,20,29,,41.00370900001144,0.9191919191919192,0.9191919191919192
er4,er4_m60_s0,es_single,0,215,10760,1.2639801293821253,91.0,91.0,0.03715920832137367,0.00011622868485242771,20,29,,41.93311729998095,0.9191919191919192,0.9191919191919192
er4,er4_m60_s0,es_single,0,220,11010,1.2639801293821253,91.0,91.0,0.03715920832137372,0.00011622868485238608,20,29,,42.900379800004885,0.9191919191919192,0.9191919191919192
er4,er4_m60_s0,es_single,0,225,11260,1.2639801293821253,91.0,91.0,0.03715920832137371,0.00011622868485245547,20,31,,43.89519090001704,0.9191919191919192,0.9191919191919192
er4,er4_m60_s0,es_single,0,230,11510,1.2639801293821253,91.0,91.0,0.037159208321373705,0.00011622868485238955,20,28,,44.799597000004724,0.9191919191919192,0.9191919191919192
er4,er4_m60_s0,es_single,0,235,11760,1.2639801293821253,91.0,91.0,0.03715920832137366,0.00011622868485245547,20,29,,45.76504109997768,0.9191919191919192,0.9191919191919192
er4,er4_m60_s0,es_single,0,240,12010,1.2639801293821253,91.0,91.0,0.037159208321373705,0.00011622868485238955,20,28,,46.64071619999595,0.9191919191919192,0.9191919191919192
er4,er4_m60_s0,es_single,0,245,12260,1.2639801293821253,91.0,91.0,0.03715920832137371,0.00011622868485245547,20,31,,47.53720979997888,0.9191919191919192,0.9191919191919192
er4,er4_m60_s0,es_single,0,250,12510,1.2639801293821253,91.0,91.0,0.03715920832137372,0.00011622868485238608,20,29,,48.57343759998912,0.9191919191919192,0.9191919191919192
er4,er4_m60_s0,es_single,0,255,12760,1.2639801293821253,91.0,91.0,0.03715920832137366,0.00011622868485245547,20,29,,49.56734960002359,0.9191919191919192,0.9191919191919192
er4,er4_m60_s0,es_single,0,260,13010,1.2639801293821253,91.0,91.0,0.03715920832137366,0.00011622868485245547,20,29,,50.42571959999623,0.9191919191919192,0.9191919191919192
er4,er4_m60_s0,es_single,0,265,13260,1.2639801293821253,91.0,91.0,0.037159208321373705,0.00011622868485238955,20,28,,51.377845100010745,0.9191919191919192,0.9191919191919192
er4,er4_m60_s0,es_single,0,270,13510,1.2639801293821253,91.0,91.0,0.03715920832137372,0.00011622868485238608,20,29,,52.287971000012476,0.9191919191919192,0.9191919191919192
er4,er4_m60_s0,es_single,0,275,13760,1.2639801293821253,91.0,91.0,0.03715920832137359,0.00011622868485238608,20,30,,53.23436669999501,0.9191919191919192,0.9191919191919192
er4,er4_m60_s0,es_single,0,280,14010,1.2639801293821253,91.0,91.0,0.03715920832137366,0.00011622868485245547,20,29,,54.23371489997953,0.9191919191919192,0.9191919191919192
er4,er4_m60_s0,es_single,0,285,14260,1.2639801293821253,91.0,91.0,0.03715920832137359,0.00011622868485238608,20,30,,54.84713199996622,0.9191919191919192,0.9191919191919192
er4,er4_m60_s0,es_single,0,290,14510,1.2639801293821253,91.0,91.0,0.03715920832137367,0.00011622868485242771,20,29,,55.37363039999036,0.9191919191919192,0.9191919191919192
er4,er4_m60_s0,es_single,0,295,14760,1.2639801293821253,91.0,91.0,0.03715920832137359,0.00011622868485238608,20,30,,56.02168329997221,0.9191919191919192,0.9191919191919192
er4,er4_m60_s0,es_single,0,300,15010,1.2639801293821253,91.0,91.0,0.037159208321373705,0.00011622868485238955,20,28,,57.08187019999605,0.9191919191919192,0.9191919191919192
er4,er4_m60_s0,es_single,0,305,15260,1.2639801293821253,91.0,91.0,0.037159208321373705,0.00011622868485238955,20,28,,57.64047420001589,0.9191919191919192,0.9191919191919192
er4,er4_m60_s0,es_single,0,310,15510,1.2639801293821253,91.0,91.0,0.03715920832137367,0.00011622868485242771,20,29,,58.212997899972834,0.9191919191919192,0.9191919191919192
er4,er4_m60_s0,es_single,0,315,15760,1.2639801293821253,91.0,91.0,0.037159208321373684,0.00011622868485241036,20,29,,58.76084040000569,0.9191919191919192,0.9191919191919192
er4,er4_m60_s0,es_single,0,320,16010,1.2639801293821253,91.0,91.0,0.03715920832137366,0.00011622868485245547,20,29,,59.26544990000548,0.9191919191919192,0.9191919191919192
er4,er4_m60_s0,es_single,0,325,16260,1.2639801293821253,91.0,91.0,0.03715920832137367,0.00011622868485242771,20,29,,59.741293900005985,0.9191919191919192,0.9191919191919192
er4,er4_m60_s0,es_single,0,330,16510,1.2639801293821253,91.0,91.0,0.03715920832137374,0.00011622868485239995,20,28,,60.325932100007776,0.9191919191919192,0.9191919191919192
er4,er4_m60_s0,es_single,0,335,16760,1.2639801293821253,91.0,91.0,0.037159208321373684,0.00011622868485241036,20,29,,60.8872141999891,0.9191919191919192,0.9191919191919192
er4,er4_m60_s0,es_single,0,340,17010,1.2639801293821253,91.0,91.0,0.037159208321373705,0.00011622868485238955,20,28,,61.82476180000231,0.9191919191919192,0.9191919191919192
er4,er4_m60_s0,es_single,0,345,17260,1.2639801293821253,91.0,91.0,0.03715920832137374,0.00011622868485239995,20,28,,62.72850730002392,0.9191919191919192,0.9191919191919192
er4,er4_m60_s0,es_single,0,350,17510,1.2639801293821253,91.0,91.0,0.03715920832137366,0.00011622868485245547,20,29,,63.60626109997975,0.9191919191919192,0.9191919191919192
er4,er4_m60_s0,es_single,0,355,17760,1.2639801293821253,91.0,91.0,0.037159208321373594,0.00011622868485238608,20,29,,64.53640979999909,0.9191919191919192,0.9191919191919192
er4,er4_m60_s0,es_single,0,360,18010,1.2639801293821253,91.0,91.0,0.037159208321373594,0.00011622868485238608,20,29,,65.2331343999831,0.9191919191919192,0.9191919191919192
er4,er4_m60_s0,es_single,0,365,18260,1.2639801293821253,91.0,91.0,0.037159208321373684,0.00011622868485241036,20,29,,65.87555369996699,0.9191919191919192,0.9191919191919192
er4,er4_m60_s0,es_single,0,370,18510,1.2639801293821253,91.0,91.0,0.037159208321373705,0.00011622868485238955,20,28,,66.54323160002241,0.9191919191919192,0.9191919191919192
er4,er4_m60_s0,es_single,0,375,18760,1.2639801293821253,91.0,91.0,0.037159208321373705,0.00011622868485238955,20,28,,67.32218089996604,0.9191919191919192,0.9191919191919192
er4,er4_m60_s0,es_single,0,380,19010,1.2639801293821253,91.0,91.0,0.037159208321373594,0.00011622868485238608,20,29,,68.00973579997662,0.9191919191919192,0.9191919191919192
er4,er4_m60_s0,es_single,0,385,19260,1.2639801293821253,91.0,91.0,0.03715920832137366,0.00011622868485245547,20,29,,68.65747649996774,0.9191919191919192,0.9191919191919192
er4,er4_m60_s0,es_single,0,390,19510,1.2639801293821253,91.0,91.0,0.037159208321373594,0.00011622868485238608,20,29,,69.33543059998192,0.9191919191919192,0.9191919191919192
er4,er4_m60_s0,es_single,0,395,19760,1.2639801293821253,91.0,91.0,0.037159208321373705,0.00011622868485242424,20,30,,69.91867519996595,0.9191919191919192,0.9191919191919192
er4,er4_m60_s0,es_single,0,400,20010,1.2639801293821253,91.0,91.0,0.037159208321373594,0.00011622868485238608,20,29,,70.83370620000642,0.9191919191919192,0.9191919191919192
er4,er4_m60_s0,es_single,1,0,10,0.6521497513659937,50.0,58.7,0.07304383663338695,0.00098649445651193,20,35,,0.03223960002651438,0.5050505050505051,0.592929292929293
er4,er4_m60_s0,es_single,1,5,260,1.15770550563681,81.0,77.6,0.06529331122129621,0.0015465428160048242,20,33,,1.0146372000453994,0.8181818181818182,0.7838383838383838
er4,er4_m60_s0,es_single,1,10,510,1.1790303094148695,82.0,81.1,0.0897482809547302,0.0035811589607983307,20,33,,1.992537300044205,0.8282828282828283,0.8191919191919191
er4,er4_m60_s0,es_single,1,15,760,1.2717961539986236,84.0,83.2,0.1354419662280015,0.0025213854052221,20,33,,3.0143169999937527,0.8484848484848485,0.8404040404040405
er4,er4_m60_s0,es_single,1,20,1010,1.3290556366087616,88.0,85.1,0.12192248921391824,0.00033184115652919177,20,35,,4.402818500006106,0.8888888888888888,0.8595959595959596
er4,er4_m60_s0,es_single,1,25,1260,1.332481248835884,88.0,87.3,0.12432686589897812,0.0033879488059947727,20,36,,5.554797300021164,0.8888888888888888,0.8818181818181818
er4,er4_m60_s0,es_single,1,30,1510,1.3442243820529172,89.0,88.1,0.11444208335625702,0.00026713254096303457,20,35,,6.7391167000168934,0.898989898989899,0.8898989898989899
er4,er4_m60_s0,es_single,1,35,1760,1.3442243820529172,89.0,88.1,0.11444208335625702,0.00026713254096303457,20,35,,7.770127600000706,0.898989898989899,0.8898989898989899
er4,er4_m60_s0,es_single,1,40,2010,1.352259371137856,89.0,88.2,0.11503718228900693,0.0013533814081048727,20,35,,8.906634900020435,0.898989898989899,0.890909090909091
er4,er4_m60_s0,es_single,1,45,2260,1.352259371137856,89.0,88.4,0.11503718228900693,0.0013533814081048727,20,35,,10.044088600028772,0.898989898989899,0.892929292929293
er4,er4_m60_s0,es_single,1,50,2510,1.352259371137856,89.0,89.0,0.11503718228900693,0.0013533814081048727,20,35,,11.181279200012796,0.898989898989899,0.898989898989899
er4,er4_m60_s0,es_single,1,55,2760,1.3578294263738453,89.0,89.0,0.11508434410207953,0.00439534212545864,20,35,,12.135392600030173,0.898989898989899,0.898989898989899
er4,er4_m60_s0,es_single,1,60,3010,1.3578294263738453,89.0,89.0,0.11508434410207953,0.00439534212545864,20,35,,13.16151780000655,0.898989898989899,0.898989898989899
er4,er4_m60_s0,es_single,1,65,3260,1.3679652937482372,90.0,89.2,0.12666969389253235,0.0006984018344290896,20,31,,14.158356400032062,0.9090909090909091,0.901010101010101
er4,er4_m60_s0,es_single,1,70,3510,1.3679652937482372,90.0,89.3,0.12666969389253235,0.0006984018344290896,20,31,,15.251761200022884,0.9090909090909091,0.9020202020202019
er4,er4_m60_s0,es_single,1,75,3760,1.3788531316120087,89.0,89.6,0.11998439775605743,0.0020904360621367968,20,33,,16.20620890002465,0.898989898989899,0.905050505050505
er4,er4_m60_s0,es_single,1,80,4010,1.4127415379781056,90.0,90.5,0.14327854813329086,0.0004131925680236452,20,34,,17.149828299996443,0.9090909090909091,0.9141414141414141
er4,er4_m60_s0,es_single,1,85,4260,1.4147247727459868,90.0,90.6,0.1442515472960488,0.0017250532363755136,20,35,,18.127777700021397,0.9090909090909091,0.915151515151515
er4,er4_m60_s0,es_single,1,90,4510,1.4316142036638126,91.0,90.5,0.170477534278682,0.0015761452861735963,20,34,,19.179054100008216,0.9191919191919192,0.9141414141414141
er4,er4_m60_s0,es_single,1,95,4760,1.4316142036638126,91.0,91.0,0.170477534278682,0.0015761452861735963,20,34,,20.15736100001959,0.9191919191919192,0.9191919191919192
er4,er4_m60_s0,es_single,1,100,5010,1.4368895308633545,92.0,91.4,0.16777827392058672,0.0023830186843023324,20,33,,21.034823000023607,0.9292929292929293,0.9232323232323233
er4,er4_m60_s0,es_single,1,105,5260,1.4379571594923095,92.0,92.0,0.1545827066567625,0.0012948166584606843,20,34,,22.00799700000789,0.9292929292929293,0.9292929292929293
er4,er4_m60_s0,es_single,1,110,5510,1.4389080409448423,92.0,92.0,0.140323761394014,0.0021424557018528117,20,35,,23.005821800034028,0.9292929292929293,0.9292929292929293
er4,er4_m60_s0,es_single,1,115,5760,1.4389080409448423,92.0,92.0,0.14032376139401434,0.002142455701852883,20,34,,24.093005100032315,0.9292929292929293,0.9292929292929293
er4,er4_m60_s0,es_single,1,120,6010,1.4398033953226492,92.0,92.0,0.14897534452921127,0.014625653494634468,20,35,,25.09421970002586,0.9292929292929293,0.9292929292929293
er4,er4_m60_s0,es_single,1,125,6260,1.4401835672259378,92.0,92.0,0.14350439559606892,0.0025613049901315656,20,34,,26.12289540003985,0.9292929292929293,0.9292929292929293
er4,er4_m60_s0,es_single,1,130,6510,1.4401835672259378,92.0,92.0,0.14350439559606892,0.0025613049901315656,20,34,,27.19635230000131,0.9292929292929293,0.9292929292929293
er4,er4_m60_s0,es_single,1,135,6760,1.4401835672259378,92.0,92.0,0.14350439559606892,0.0025613049901315656,20,34,,28.32895749999443,0.9292929292929293,0.9292929292929293
er4,er4_m60_s0,es_single,1,140,7010,1.440313410711384,92.0,92.0,0.1519666624486628,0.0012620505474612662,20,34,,29.271061900013592,0.9292929292929293,0.9292929292929293
er4,er4_m60_s0,es_single,1,145,7260,1.440313410711384,92.0,92.0,0.1519666624486628,0.0012620505474612662,20,34,,30.238400400034152,0.9292929292929293,0.9292929292929293
er4,er4_m60_s0,es_single,1,150,7510,1.4403134107113842,92.0,92.0,0.15196666244866291,0.0012620505474614189,20,33,,31.21386870002607,0.9292929292929293,0.9292929292929293
er4,er4_m60_s0,es_single,1,155,7760,1.4403134107113842,92.0,92.0,0.15196666244866297,0.0012620505474614206,20,33,,32.37262760003796,0.9292929292929293,0.9292929292929293
er4,er4_m60_s0,es_single,1,160,8010,1.4403913656786964,92.0,92.0,0.16301021727327492,0.0010447663987183872,20,34,,33.14518180000596,0.9292929292929293,0.9292929292929293
er4,er4_m60_s0,es_single,1,165,8260,1.4403913656786964,92.0,92.0,0.16301021727327492,0.0010447663987183872,20,34,,33.75472750002518,0.9292929292929293,0.9292929292929293
er4,er4_m60_s0,es_single,1,170,8510,1.4403913656786964,92.0,92.0,0.16301021727327492,0.0010447663987183872,20,34,,34.275862900016364,0.9292929292929293,0.9292929292929293
er4,er4_m60_s0,es_single,1,175,8760,1.4403913656786964,92.0,92.0,0.16301021727327492,0.0010447663987183872,20,34,,34.76365630002692,0.9292929292929293,0.9292929292929293
er4,er4_m60_s0,es_single,1,180,9010,1.4404375455118006,92.0,92.0,0.15074535256155444,0.0013607406556959516,20,33,,35.25584200001322,0.9292929292929293,0.9292929292929293
er4,er4_m60_s0,es_single,1,185,9260,1.4404375455118006,92.0,92.0,0.15074535256155444,0.0013607406556959516,20,33,,35.85866890003672,0.9292929292929293,0.9292929292929293
er4,er4_m60_s0,es_single,1,190,9510,1.4404375455118006,92.0,92.0,0.15074535256155444,0.0013607406556959516,20,33,,36.692174200026784,0.9292929292929293,0.9292929292929293
er4,er4_m60_s0,es_single,1,195,9760,1.4404375455118006,92.0,92.0,0.15074535256155436,0.0013607406556957694,20,33,,37.62641030002851,0.9292929292929293,0.9292929292929293
er4,er4_m60_s0,es_single,1,200,10010,1.4404375455118006,92.0,92.0,0.15074535256155447,0.001360740655695922,20,32,,38.52582939999411,0.9292929292929293,0.9292929292929293
er4,er4_m60_s0,es_single,1,205,10260,1.4404375455118006,92.0,92.0,0.15074535256155452,0.0013607406556958024,20,32,,39.3892892000149,0.9292929292929293,0.9292929292929293
er4,er4_m60_s0,es_single,1,210,10510,1.4404375455118006,92.0,92.0,0.15074535256155447,0.001360740655695922,20,32,,40.2383436000091,0.9292929292929293,0.9292929292929293
er4,er4_m60_s0,es_single,1,215,10760,1.4404375455118006,92.0,92.0,0.15074535256155436,0.0013607406556958562,20,32,,41.185547600034624,0.9292929292929293,0.9292929292929293
er4,er4_m60_s0,es_single,1,220,11010,1.4404375455118006,92.0,92.0,0.15074535256155447,0.001360740655695922,20,32,,42.124103200039826,0.9292929292929293,0.9292929292929293
er4,er4_m60_s0,es_single,1,225,11260,1.4404375455118006,92.0,92.0,0.15074535256155447,0.001360740655695858,20,31,,43.053410699998494,0.9292929292929293,0.9292929292929293
er4,er4_m60_s0,es_single,1,230,11510,1.4404375455118006,92.0,92.0,0.15074535256155444,0.0013607406556958041,20,33,,44.115312800044194,0.9292929292929293,0.9292929292929293
er4,er4_m60_s0,es_single,1,235,11760,1.4404375455118006,92.0,92.0,0.15074535256155436,0.0013607406556958562,20,32,,45.1368383000372,0.9292929292929293,0.9292929292929293
er4,er4_m60_s0,es_single,1,240,12010,1.4404375455118006,92.0,92.0,0.15074535256155458,0.0013607406556958874,20,32,,46.0881297000451,0.9292929292929293,0.9292929292929293
er4,er4_m60_s0,es_single,1,245,12260,1.4404375455118006,92.0,92.0,0.15074535256155444,0.0013607406556959516,20,33,,47.11205870000413,0.9292929292929293,0.9292929292929293
er4,er4_m60_s0,es_single,1,250,12510,1.4404375455118006,92.0,92.0,0.1507453525615545,0.0013607406556957035,20,32,,48.04356260003988,0.9292929292929293,0.9292929292929293
er4,er4_m60_s0,es_single,1,255,12760,1.4404375455118006,92.0,92.0,0.15074535256155447,0.001360740655695837,20,33,,48.99607610004023,0.9292929292929293,0.9292929292929293
er4,er4_m60_s0,es_single,1,260,13010,1.4404375455118006,92.0,92.0,0.15074535256155436,0.0013607406556958562,20,32,,50.047917300020345,0.9292929292929293,0.9292929292929293
er4,er4_m60_s0,es_single,1,265,13260,1.4404375455118006,92.0,92.0,0.1507453525615545,0.0013607406556957035,20,32,,51.03273850004189,0.9292929292929293,0.9292929292929293
er4,er4_m60_s0,es_single,1,270,13510,1.4404375455118006,92.0,92.0,0.15074535256155447,0.001360740655695837,20,33,,52.065343800000846,0.9292929292929293,0.9292929292929293
er4,er4_m60_s0,es_single,1,275,13760,1.4404375455118006,92.0,92.0,0.15074535256155436,0.0013607406556958562,20,32,,53.0926155000343,0.9292929292929293,0.9292929292929293
er4,er4_m60_s0,es_single,1,280,14010,1.4404375455118006,92.0,92.0,0.15074535256155436,0.0013607406556958562,20,32,,53.98121340002399,0.9292929292929293,0.9292929292929293
er4,er4_m60_s0,es_single,1,285,14260,1.4404375455118006,92.0,92.0,0.1507453525615544,0.0013607406556958562,20,33,,55.00346560002072,0.9292929292929293,0.9292929292929293
er4,er4_m60_s0,es_single,1,290,14510,1.4404375455118006,92.0,92.0,0.15074535256155447,0.001360740655695858,20,31,,55.905342900019605,0.9292929292929293,0.9292929292929293
er4,er4_m60_s0,es_single,1,295,14760,1.4404375455118006,92.0,92.0,0.15074535256155455,0.0013607406556958215,20,32,,56.847172200039495,0.9292929292929293,0.9292929292929293
er4,er4_m60_s0,es_single,1,300,15010,1.4404375455118006,92.0,92.0,0.15074535256155455,0.0013607406556958215,20,32,,57.73722529999213,0.9292929292929293,0.9292929292929293
er4,er4_m60_s0,es_single,1,305,15260,1.4404375455118006,92.0,92.0,0.15074535256155436,0.0013607406556958562,20,32,,58.68034360004822,0.9292929292929293,0.9292929292929293
er4,er4_m60_s0,es_single,1,310,15510,1.4404375455118006,92.0,92.0,0.15074535256155447,0.001360740655695922,20,32,,59.64053640002385,0.9292929292929293,0.9292929292929293
er4,er4_m60_s0,es_single,1,315,15760,1.4404375455118006,92.0,92.0,0.15074535256155436,0.0013607406556957694,20,33,,60.550227000028826,0.9292929292929293,0.9292929292929293
er4,er4_m60_s0,es_single,1,320,16010,1.4404375455118006,92.0,92.0,0.15074535256155447,0.0013607406556959082,20,33,,61.52616850001505,0.9292929292929293,0.9292929292929293
er4,er4_m60_s0,es_single,1,325,16260,1.4404375455118006,92.0,92.0,0.15074535256155447,0.001360740655695858,20,31,,62.49698230001377,0.9292929292929293,0.9292929292929293
er4,er4_m60_s0,es_single,1,330,16510,1.4404375455118006,92.0,92.0,0.15074535256155436,0.0013607406556958787,20,33,,63.47997420001775,0.9292929292929293,0.9292929292929293
er4,er4_m60_s0,es_single,1,335,16760,1.4404375455118006,92.0,92.0,0.15074535256155436,0.0013607406556958562,20,32,,64.40598370000953,0.9292929292929293,0.9292929292929293
er4,er4_m60_s0,es_single,1,340,17010,1.4404375455118006,92.0,92.0,0.15074535256155447,0.001360740655695837,20,33,,65.46530540002277,0.9292929292929293,0.9292929292929293
er4,er4_m60_s0,es_single,1,345,17260,1.4404375455118006,92.0,92.0,0.15074535256155447,0.001360740655695858,20,31,,66.52181750000454,0.9292929292929293,0.9292929292929293
er4,er4_m60_s0,es_single,1,350,17510,1.4404375455118006,92.0,92.0,0.15074535256155455,0.0013607406556958215,20,32,,67.47536840004614,0.9292929292929293,0.9292929292929293
er4,er4_m60_s0,es_single,1,355,17760,1.4404375455118006,92.0,92.0,0.15074535256155436,0.0013607406556958562,20,32,,68.97047030000249,0.9292929292929293,0.9292929292929293
er4,er4_m60_s0,es_single,1,360,18010,1.4404375455118006,92.0,92.0,0.15074535256155447,0.001360740655695837,20,33,,69.96146469999803,0.9292929292929293,0.9292929292929293
er4,er4_m60_s0,es_single,1,365,18260,1.4404375455118006,92.0,92.0,0.15074535256155455,0.0013607406556958215,20,32,,71.00988590001361,0.9292929292929293,0.9292929292929293
er4,er4_m60_s0,es_single,1,370,18510,1.4404375455118006,92.0,92.0,0.15074535256155455,0.0013607406556958215,20,32,,72.01712110004155,0.9292929292929293,0.9292929292929293
er4,er4_m60_s0,es_single,1,375,18760,1.4404375455118006,92.0,92.0,0.15074535256155436,0.0013607406556958562,20,32,,72.96158260002267,0.9292929292929293,0.9292929292929293
er4,er4_m60_s0,es_single,1,380,19010,1.4404375455118006,92.0,92.0,0.15074535256155447,0.0013607406556959082,20,33,,73.8839289000025,0.9292929292929293,0.9292929292929293
er4,er4_m60_s0,es_single,1,385,19260,1.4404375455118006,92.0,92.0,0.15074535256155455,0.0013607406556958215,20,32,,74.85976340004709,0.9292929292929293,0.9292929292929293
er4,er4_m60_s0,es_single,1,390,19510,1.4404375455118006,92.0,92.0,0.15074535256155447,0.001360740655695858,20,31,,75.80694189999485,0.9292929292929293,0.9292929292929293
er4,er4_m60_s0,es_single,1,395,19760,1.4404375455118006,92.0,92.0,0.15074535256155455,0.0013607406556958215,20,32,,76.7915992999915,0.9292929292929293,0.9292929292929293
er4,er4_m60_s0,es_single,1,400,20010,1.4404375455118006,92.0,92.0,0.15074535256155447,0.001360740655695858,20,31,,77.69242750003468,0.9292929292929293,0.9292929292929293
er4,er4_m60_s0,es_single,2,0,10,0.7786424105292553,58.0,59.8,0.03190252217659621,0.0017974010528312402,20,35,,0.029253099986817688,0.5858585858585859,0.604040404040404
er4,er4_m60_s0,es_single,2,5,260,1.140825618850713,81.0,80.6,0.09301373019855635,0.0006356296709407409,20,39,,1.0145508000277914,0.8181818181818182,0.814141414141414
er4,er4_m60_s0,es_single,2,10,510,1.1447163744631237,82.0,81.3,0.052897667920118026,0.00497750075994112,20,39,,2.062160700035747,0.8282828282828283,0.8212121212121212
er4,er4_m60_s0,es_single,2,15,760,1.1752610414955889,85.0,82.3,0.06079618717205364,0.001209308246619403,20,38,,3.037353100022301,0.8585858585858586,0.8313131313131313
er4,er4_m60_s0,es_single,2,20,1010,1.1782372387661537,83.0,83.0,0.07803006894541231,0.00025388433176019853,20,39,,4.1930688000284135,0.8383838383838383,0.8383838383838383
er4,er4_m60_s0,es_single,2,25,1260,1.2061643056990041,86.0,84.3,0.06436543110666035,0.0015219536057270722,20,38,,5.21636820002459,0.8686868686868687,0.8515151515151514
er4,er4_m60_s0,es_single,2,30,1510,1.2372536900148583,88.0,86.3,0.05851172342762587,0.00023400722809492625,20,38,,6.1056332000298426,0.8888888888888888,0.8717171717171717
er4,er4_m60_s0,es_single,2,35,1760,1.2484832204116254,88.0,87.0,0.06729885074979518,0.000326657254503121,20,38,,7.063003599992953,0.8888888888888888,0.8787878787878788
er4,er4_m60_s0,es_single,2,40,2010,1.2512348190143219,89.0,88.2,0.05949444881763444,0.0004894509030451775,20,39,,8.085872400028165,0.898989898989899,0.890909090909091
er4,er4_m60_s0,es_single,2,45,2260,1.2512348190143219,89.0,88.3,0.05949444881763444,0.0004894509030451775,20,39,,9.028768000018317,0.898989898989899,0.8919191919191919
er4,er4_m60_s0,es_single,2,50,2510,1.252569764347404,90.0,88.9,0.04566268704586937,0.0002586587079893843,20,38,,9.994537200022023,0.9090909090909091,0.897979797979798
er4,er4_m60_s0,es_single,2,55,2760,1.252569764347404,90.0,89.0,0.04566268704586937,0.0002586587079893843,20,38,,11.021028899995144,0.9090909090909091,0.898989898989899
er4,er4_m60_s0,es_single,2,60,3010,1.252569764347404,90.0,89.0,0.04566268704586937,0.0002586587079893843,20,38,,11.922913999995217,0.9090909090909091,0.898989898989899
er4,er4_m60_s0,es_single,2,65,3260,1.252569764347404,90.0,88.8,0.04566268704586937,0.0002586587079893843,20,38,,12.906910600024275,0.9090909090909091,0.896969696969697
er4,er4_m60_s0,es_single,2,70,3510,1.252569764347404,90.0,88.7,0.04566268704586937,0.0002586587079893843,20,38,,13.923802300007083,0.9090909090909091,0.895959595959596
er4,er4_m60_s0,es_single,2,75,3760,1.2525697643474043,90.0,89.5,0.04566268704586945,0.00025865870798941204,20,38,,14.782858800026588,0.9090909090909091,0.9040404040404041
er4,er4_m60_s0,es_single,2,80,4010,1.2525697643474043,90.0,90.0,0.04566268704586945,0.00025865870798941204,20,38,,15.743163999984972,0.9090909090909091,0.9090909090909091
er4,er4_m60_s0,es_single,2,85,4260,1.2525697643474043,90.0,90.0,0.04566268704586945,0.00025865870798941204,20,38,,16.618888600030914,0.9090909090909091,0.9090909090909091
er4,er4_m60_s0,es_single,2,90,4510,1.2550561304725527,90.0,90.0,0.05081497840197195,0.00299117451226834,20,38,,17.645795100019313,0.9090909090909091,0.9090909090909091
er4,er4_m60_s0,es_single,2,95,4760,1.2663486904167176,91.0,90.1,0.04482474274161886,0.0034173272654692017,20,37,,18.51168100000359,0.9191919191919192,0.9101010101010101
er4,er4_m60_s0,es_single,2,100,5010,1.2663486904167176,91.0,90.1,0.04482474274161886,0.0034173272654692017,20,37,,19.55069810000714,0.9191919191919192,0.9101010101010101
er4,er4_m60_s0,es_single,2,105,5260,1.2663486904167176,91.0,90.3,0.04482474274161884,0.003417327265469108,20,38,,20.582316100015305,0.9191919191919192,0.9121212121212121
er4,er4_m60_s0,es_single,2,110,5510,1.2663486904167176,91.0,90.6,0.0448247427416189,0.003417327265469089,20,38,,21.583112700027414,0.9191919191919192,0.915151515151515
er4,er4_m60_s0,es_single,2,115,5760,1.2762319238586584,92.0,91.1,0.03905405890898052,0.004959357968545479,20,38,,22.595272600010503,0.9292929292929293,0.9202020202020201
er4,er4_m60_s0,es_single,2,120,6010,1.2762319238586584,92.0,91.2,0.03905405890898052,0.004959357968545479,20,38,,23.432823000010103,0.9292929292929293,0.9212121212121213
er4,er4_m60_s0,es_single,2,125,6260,1.2762319238586584,92.0,91.4,0.039054058908980505,0.004959357968545585,20,37,,24.438903000031132,0.9292929292929293,0.9232323232323233
er4,er4_m60_s0,es_single,2,130,6510,1.2762319238586584,92.0,91.6,0.039054058908980616,0.004959357968545606,20,38,,25.48842650000006,0.9292929292929293,0.9252525252525252
er4,er4_m60_s0,es_single,2,135,6760,1.2762319238586586,92.0,91.9,0.03905405890898067,0.004959357968545675,20,38,,26.539531200018246,0.9292929292929293,0.9282828282828284
er4,er4_m60_s0,es_single,2,140,7010,1.2786923755407111,92.0,92.0,0.043602777453839656,0.002060800765063095,20,38,,27.46410919999471,0.9292929292929293,0.9292929292929293
er4,er4_m60_s0,es_single,2,145,7260,1.2786923755407111,92.0,92.0,0.043602777453839725,0.0020608007650630656,20,38,,28.40064320003148,0.9292929292929293,0.9292929292929293
er4,er4_m60_s0,es_single,2,150,7510,1.2786923755407111,92.0,92.0,0.04360277745383949,0.002060800765063162,20,38,,29.41796260001138,0.9292929292929293,0.9292929292929293
er4,er4_m60_s0,es_single,2,155,7760,1.2786923755407111,92.0,92.0,0.043602777453839656,0.0020608007650631532,20,37,,30.459597999986727,0.9292929292929293,0.9292929292929293
er4,er4_m60_s0,es_single,2,160,8010,1.2837596814347414,92.0,92.0,0.04678806658965185,0.0036545886243000633,20,38,,31.373322000028566,0.9292929292929293,0.9292929292929293
er4,er4_m60_s0,es_single,2,165,8260,1.2837596814347414,92.0,92.0,0.04678806658965185,0.0036545886243000633,20,38,,32.28410410002107,0.9292929292929293,0.9292929292929293
er4,er4_m60_s0,es_single,2,170,8510,1.2837596814347414,92.0,92.0,0.04678806658965185,0.0036545886243000633,20,38,,33.42281090002507,0.9292929292929293,0.9292929292929293
er4,er4_m60_s0,es_single,2,175,8760,1.2837596814347414,92.0,92.0,0.04678806658965189,0.0036545886242998465,20,38,,34.33416700002272,0.9292929292929293,0.9292929292929293
er4,er4_m60_s0,es_single,2,180,9010,1.2837596814347414,92.0,92.0,0.04678806658965182,0.0036545886243000286,20,39,,35.46167069999501,0.9292929292929293,0.9292929292929293
er4,er4_m60_s0,es_single,2,185,9260,1.2859356024945559,92.0,92.0,0.05521023736568166,0.0015379359301042929,20,38,,36.523169599997345,0.9292929292929293,0.9292929292929293
er4,er4_m60_s0,es_single,2,190,9510,1.2859356024945559,92.0,92.0,0.05521023736568168,0.0015379359301043623,20,38,,37.61518810002599,0.9292929292929293,0.9292929292929293
er4,er4_m60_s0,es_single,2,195,9760,1.2859356024945559,92.0,92.0,0.05521023736568178,0.0015379359301043727,20,37,,38.53656929999124,0.9292929292929293,0.9292929292929293
er4,er4_m60_s0,es_single,2,200,10010,1.2859356024945559,92.0,92.0,0.05521023736568169,0.0015379359301044004,20,37,,39.446720500011,0.9292929292929293,0.9292929292929293
er4,er4_m60_s0,es_single,2,205,10260,1.2859356024945559,92.0,92.0,0.05521023736568169,0.0015379359301044004,20,37,,40.4207572999876,0.9292929292929293,0.9292929292929293
er4,er4_m60_s0,es_single,2,210,10510,1.2859356024945559,92.0,92.0,0.055210237365681765,0.0015379359301043866,20,37,,41.45342690002872,0.9292929292929293,0.9292929292929293
er4,er4_m60_s0,es_single,2,215,10760,1.2859356024945559,92.0,92.0,0.05521023736568164,0.0015379359301042842,20,37,,42.428261400025804,0.9292929292929293,0.9292929292929293
er4,er4_m60_s0,es_single,2,220,11010,1.2859356024945559,92.0,92.0,0.055210237365681744,0.0015379359301042478,20,38,,43.50141369999619,0.9292929292929293,0.9292929292929293
er4,er4_m60_s0,es_single,2,225,11260,1.2859356024945559,92.0,92.0,0.05521023736568173,0.001537935930104404,20,38,,44.61129820003407,0.9292929292929293,0.9292929292929293
er4,er4_m60_s0,es_single,2,230,11510,1.2859356024945559,92.0,92.0,0.05521023736568164,0.0015379359301042842,20,37,,45.513693600019906,0.9292929292929293,0.9292929292929293
er4,er4_m60_s0,es_single,2,235,11760,1.2859356024945559,92.0,92.0,0.05521023736568178,0.0015379359301043727,20,37,,46.45485959999496,0.9292929292929293,0.9292929292929293
er4,er4_m60_s0,es_single,2,240,12010,1.2859356024945559,92.0,92.0,0.05521023736568169,0.0015379359301043519,20,38,,47.47377590002725,0.9292929292929293,0.9292929292929293
er4,er4_m60_s0,es_single,2,245,12260,1.2859356024945559,92.0,92.0,0.05521023736568169,0.001537935930104312,20,38,,48.494731099985074,0.9292929292929293,0.9292929292929293
er4,er4_m60_s0,es_single,2,250,12510,1.2859356024945559,92.0,92.0,0.05521023736568178,0.0015379359301043727,20,37,,49.44085110002197,0.9292929292929293,0.9292929292929293
er4,er4_m60_s0,es_single,2,255,12760,1.2859356024945559,92.0,92.0,0.05521023736568173,0.001537935930104286,20,38,,50.587958200019784,0.9292929292929293,0.9292929292929293
er4,er4_m60_s0,es_single,2,260,13010,1.2859356024945559,92.0,92.0,0.0552102373656817,0.0015379359301044108,20,37,,51.53817580000032,0.9292929292929293,0.9292929292929293
er4,er4_m60_s0,es_single,2,265,13260,1.2859356024945559,92.0,92.0,0.05521023736568163,0.0015379359301042894,20,38,,52.48786689998815,0.9292929292929293,0.9292929292929293
er4,er4_m60_s0,es_single,2,270,13510,1.2859356024945559,92.0,92.0,0.05521023736568169,0.001537935930104397,20,38,,53.51553540001623,0.9292929292929293,0.9292929292929293
er4,er4_m60_s0,es_single,2,275,13760,1.2859356024945559,92.0,92.0,0.05521023736568173,0.001537935930104286,20,38,,54.47780250001233,0.9292929292929293,0.9292929292929293
er4,er4_m60_s0,es_single,2,280,14010,1.2859356024945559,92.0,92.0,0.055210237365681675,0.001537935930104371,20,36,,55.590473200019915,0.9292929292929293,0.9292929292929293
er4,er4_m60_s0,es_single,2,285,14260,1.2859356024945559,92.0,92.0,0.05521023736568169,0.001537935930104312,20,38,,57.03012020001188,0.9292929292929293,0.9292929292929293
er4,er4_m60_s0,es_single,2,290,14510,1.2859356024945559,92.0,92.0,0.05521023736568164,0.0015379359301042842,20,37,,57.96727180003654,0.9292929292929293,0.9292929292929293
er4,er4_m60_s0,es_single,2,295,14760,1.2859356024945559,92.0,92.0,0.055210237365681765,0.0015379359301043866,20,37,,59.042199500021525,0.9292929292929293,0.9292929292929293
er4,er4_m60_s0,es_single,2,300,15010,1.2859356024945559,92.0,92.0,0.055210237365681675,0.001537935930104371,20,36,,60.156562499993015,0.9292929292929293,0.9292929292929293
er4,er4_m60_s0,es_single,2,305,15260,1.2859356024945559,92.0,92.0,0.05521023736568168,0.0015379359301043623,20,38,,61.264821899996605,0.9292929292929293,0.9292929292929293
er4,er4_m60_s0,es_single,2,310,15510,1.2859356024945559,92.0,92.0,0.05521023736568164,0.0015379359301042842,20,37,,62.225227100017946,0.9292929292929293,0.9292929292929293
er4,er4_m60_s0,es_single,2,315,15760,1.2859356024945559,92.0,92.0,0.055210237365681626,0.001537935930104482,20,38,,63.26121979998425,0.9292929292929293,0.9292929292929293
er4,er4_m60_s0,es_single,2,320,16010,1.2859356024945559,92.0,92.0,0.055210237365681765,0.0015379359301043866,20,37,,64.35995730001014,0.9292929292929293,0.9292929292929293
er4,er4_m60_s0,es_single,2,325,16260,1.2859356024945559,92.0,92.0,0.05521023736568164,0.0015379359301042842,20,37,,65.39911230001599,0.9292929292929293,0.9292929292929293
er4,er4_m60_s0,es_single,2,330,16510,1.2859356024945559,92.0,92.0,0.05521023736568173,0.001537935930104286,20,38,,66.35431080003036,0.9292929292929293,0.9292929292929293
er4,er4_m60_s0,es_single,2,335,16760,1.2859356024945559,92.0,92.0,0.05521023736568168,0.0015379359301043623,20,38,,67.36932180001168,0.9292929292929293,0.9292929292929293
er4,er4_m60_s0,es_single,2,340,17010,1.2859356024945559,92.0,92.0,0.05521023736568169,0.001537935930104312,20,38,,68.39697609998984,0.9292929292929293,0.9292929292929293
er4,er4_m60_s0,es_single,2,345,17260,1.2859356024945559,92.0,92.0,0.05521023736568164,0.0015379359301042842,20,37,,69.39781930000754,0.9292929292929293,0.9292929292929293
er4,er4_m60_s0,es_single,2,350,17510,1.2859356024945559,92.0,92.0,0.055210237365681744,0.0015379359301044577,20,37,,70.35907940001925,0.9292929292929293,0.9292929292929293
er4,er4_m60_s0,es_single,2,355,17760,1.2859356024945559,92.0,92.0,0.055210237365681626,0.001537935930104482,20,38,,71.41326659999322,0.9292929292929293,0.9292929292929293
er4,er4_m60_s0,es_single,2,360,18010,1.2859356024945559,92.0,92.0,0.055210237365681626,0.001537935930104482,20,38,,72.3823049000348,0.9292929292929293,0.9292929292929293
er4,er4_m60_s0,es_single,2,365,18260,1.2859356024945559,92.0,92.0,0.05521023736568164,0.0015379359301042842,20,37,,73.40181820001453,0.9292929292929293,0.9292929292929293
er4,er4_m60_s0,es_single,2,370,18510,1.2859356024945559,92.0,92.0,0.05521023736568177,0.0015379359301042773,20,37,,74.38682210003026,0.9292929292929293,0.9292929292929293
er4,er4_m60_s0,es_single,2,375,18760,1.2859356024945559,92.0,92.0,0.055210237365681626,0.001537935930104482,20,38,,75.33754030003911,0.9292929292929293,0.9292929292929293
er4,er4_m60_s0,es_single,2,380,19010,1.2859356024945559,92.0,92.0,0.0552102373656817,0.001537935930104338,20,38,,76.27705949998926,0.9292929292929293,0.9292929292929293
er4,er4_m60_s0,es_single,2,385,19260,1.2859356024945559,92.0,92.0,0.055210237365681744,0.0015379359301044577,20,37,,77.29944239999168,0.9292929292929293,0.9292929292929293
er4,er4_m60_s0,es_single,2,390,19510,1.2859356024945559,92.0,92.0,0.05521023736568177,0.0015379359301042773,20,37,,78.21793179999804,0.9292929292929293,0.9292929292929293
er4,er4_m60_s0,es_single,2,395,19760,1.2859356024945559,92.0,92.0,0.05521023736568163,0.0015379359301042894,20,38,,79.13474060001317,0.9292929292929293,0.9292929292929293
er4,er4_m60_s0,es_single,2,400,20010,1.2859356024945559,92.0,92.0,0.05521023736568175,0.0015379359301043883,20,37,,80.13190079998458,0.9292929292929293,0.9292929292929293
er4,er4_m60_s0,es_single,3,0,10,0.8266991240769128,61.0,56.5,0.043618584570616764,1.984089975648473e-17,20,32,,0.03450820001307875,0.6161616161616161,0.5707070707070707
er4,er4_m60_s0,es_single,3,5,260,1.0897669967783778,77.0,75.5,0.08197257319082002,0.0018387859506367806,20,38,,1.0238740000058897,0.7777777777777778,0.7626262626262627
er4,er4_m60_s0,es_single,3,10,510,1.155058830853985,80.0,79.9,0.07259068090564613,0.00283054889646352,20,37,,2.020597800030373,0.8080808080808081,0.8070707070707072
er4,er4_m60_s0,es_single,3,15,760,1.2439105490967504,84.0,81.8,0.08290739127650402,0.00295460236343828,20,38,,3.0477324000094086,0.8484848484848485,0.8262626262626263
er4,er4_m60_s0,es_single,3,20,1010,1.2578265658533034,85.0,83.7,0.0763042715416872,0.0022167490194013317,20,37,,4.132293400005437,0.8585858585858586,0.8454545454545455
er4,er4_m60_s0,es_single,3,25,1260,1.2749124265450718,85.0,84.9,0.10390900413736684,9.647676093240548e-05,20,37,,5.043706800031941,0.8585858585858586,0.8575757575757577
er4,er4_m60_s0,es_single,3,30,1510,1.2749124265450718,85.0,85.2,0.10390900413736684,9.647676093240548e-05,20,37,,5.993351700017229,0.8585858585858586,0.8606060606060606
er4,er4_m60_s0,es_single,3,35,1760,1.2750708286347483,86.0,85.6,0.10319694218688351,0.002955815749865795,20,37,,6.9428927000262775,0.8686868686868687,0.8646464646464646
er4,er4_m60_s0,es_single,3,40,2010,1.2810447406229906,85.0,85.3,0.10176490995719337,0.0003190705317146457,20,36,,7.870002200012095,0.8585858585858586,0.8616161616161616
er4,er4_m60_s0,es_single,3,45,2260,1.2810447406229906,85.0,85.0,0.10176490995719331,0.0003190705317147671,20,35,,8.736301600001752,0.8585858585858586,0.8585858585858586
er4,er4_m60_s0,es_single,3,50,2510,1.28264243897764,85.0,85.0,0.1091545545419138,0.0030755623306711333,20,38,,9.653850900009274,0.8585858585858586,0.8585858585858586
er4,er4_m60_s0,es_single,3,55,2760,1.2846795391835133,85.0,85.0,0.09329705548236208,8.094608721391505e-05,20,35,,10.688831700012088,0.8585858585858586,0.8585858585858586
er4,er4_m60_s0,es_single,3,60,3010,1.2846795391835133,85.0,85.0,0.09329705548236208,8.094608721391505e-05,20,35,,11.597684300038964,0.8585858585858586,0.8585858585858586
er4,er4_m60_s0,es_single,3,65,3260,1.3084700229111943,87.0,85.6,0.11440423427690144,0.001731364035200824,20,36,,12.550067500036675,0.8787878787878788,0.8646464646464646
er4,er4_m60_s0,es_single,3,70,3510,1.3084700229111943,87.0,86.5,0.11440423427690144,0.001731364035200824,20,36,,13.518060600035824,0.8787878787878788,0.8737373737373737
er4,er4_m60_s0,es_single,3,75,3760,1.3108802835806233,87.0,87.0,0.10894068845729518,0.00034509193487756995,20,37,,14.465888100035954,0.8787878787878788,0.8787878787878788
er4,er4_m60_s0,es_single,3,80,4010,1.3108802835806233,87.0,87.1,0.10894068845729518,0.00034509193487756995,20,37,,15.411962000012863,0.8787878787878788,0.8797979797979797
er4,er4_m60_s0,es_single,3,85,4260,1.3115220899147615,88.0,87.1,0.08626869010413091,0.0030485937423852354,20,36,,16.43087330000708,0.8888888888888888,0.8797979797979797
er4,er4_m60_s0,es_single,3,90,4510,1.3118932328243615,87.0,87.2,0.10440574762430505,0.0029858294612245297,20,35,,17.470533100015018,0.8787878787878788,0.8808080808080808
er4,er4_m60_s0,es_single,3,95,4760,1.3131846393983313,87.0,87.2,0.09836861435176475,0.0030477964541272967,20,35,,18.449648200010415,0.8787878787878788,0.8808080808080808
er4,er4_m60_s0,es_single,3,100,5010,1.3131846393983313,87.0,87.3,0.09836861435176475,0.0030477964541272967,20,35,,19.412951400037855,0.8787878787878788,0.8818181818181818
er4,er4_m60_s0,es_single,3,105,5260,1.3170462864122587,88.0,87.5,0.07913386246931495,0.000593546466551808,20,39,,20.273361300001852,0.8888888888888888,0.8838383838383839
er4,er4_m60_s0,es_single,3,110,5510,1.3170462864122587,88.0,87.9,0.07913386246931495,0.000593546466551808,20,39,,21.128005700011272,0.8888888888888888,0.8878787878787879
er4,er4_m60_s0,es_single,3,115,5760,1.3170462864122587,88.0,88.0,0.07913386246931495,0.000593546466551808,20,39,,22.082759900018573,0.8888888888888888,0.8888888888888888
er4,er4_m60_s0,es_single,3,120,6010,1.3268180456552192,90.0,88.4,0.07250720678147302,0.0037074103133010183,20,39,,22.991146500047762,0.9090909090909091,0.892929292929293
er4,er4_m60_s0,es_single,3,125,6260,1.327105794319432,90.0,88.6,0.07199939579774875,0.004610551420204702,20,39,,23.965912300045602,0.9090909090909091,0.8949494949494949
er4,er4_m60_s0,es_single,3,130,6510,1.3388011132898583,91.0,89.8,0.0684227035140477,0.0007424223164562635,20,39,,24.990712600003462,0.9191919191919192,0.907070707070707
er4,er4_m60_s0,es_single,3,135,6760,1.3574799964222173,92.0,91.2,0.07477659877409021,0.00044020322300553647,20,39,,26.123703200020827,0.9292929292929293,0.9212121212121213
er4,er4_m60_s0,es_single,3,140,7010,1.3574799964222173,92.0,91.2,0.07477659877409021,0.00044020322300553647,20,39,,27.040254299994558,0.9292929292929293,0.9212121212121213
er4,er4_m60_s0,es_single,3,145,7260,1.3574799964222173,92.0,91.4,0.07477659877409021,0.00044020322300553647,20,39,,28.027846100041643,0.9292929292929293,0.9232323232323233
er4,er4_m60_s0,es_single,3,150,7510,1.3581663880269916,92.0,91.5,0.07160211837119414,4.008881767636691e-05,20,38,,29.029400900006294,0.9292929292929293,0.9242424242424242
er4,er4_m60_s0,es_single,3,155,7760,1.3581663880269916,92.0,91.6,0.07160211837119408,4.008881767638903e-05,20,39,,29.993930500000715,0.9292929292929293,0.9252525252525252
er4,er4_m60_s0,es_single,3,160,8010,1.3590092985628661,92.0,92.0,0.0777154040163314,1.21465481297163e-05,20,38,,30.923315400024876,0.9292929292929293,0.9292929292929293
er4,er4_m60_s0,es_single,3,165,8260,1.3590092985628661,92.0,92.0,0.0777154040163314,1.21465481297163e-05,20,38,,31.9142775000073,0.9292929292929293,0.9292929292929293
er4,er4_m60_s0,es_single,3,170,8510,1.3590092985628661,92.0,92.0,0.0777154040163314,1.21465481297163e-05,20,38,,32.904718000034336,0.9292929292929293,0.9292929292929293
er4,er4_m60_s0,es_single,3,175,8760,1.3590092985628661,92.0,92.0,0.0777154040163314,1.21465481297163e-05,20,38,,33.907519400003366,0.9292929292929293,0.9292929292929293
er4,er4_m60_s0,es_single,3,180,9010,1.3590092985628661,92.0,92.0,0.0777154040163314,1.21465481297163e-05,20,38,,34.817126200010534,0.9292929292929293,0.9292929292929293
er4,er4_m60_s0,es_single,3,185,9260,1.361003198646589,92.0,92.0,0.07582506866895682,3.685790200665118e-05,20,38,,35.75933850003639,0.9292929292929293,0.9292929292929293
er4,er4_m60_s0,es_single,3,190,9510,1.361003198646589,92.0,92.0,0.07582506866895682,3.685790200665118e-05,20,38,,36.737025500042364,0.9292929292929293,0.9292929292929293
er4,er4_m60_s0,es_single,3,195,9760,1.3733809288706142,93.0,92.1,0.06628188532979,0.0015344222821834265,20,38,,37.7066367000225,0.9393939393939394,0.9303030303030303
er4,er4_m60_s0,es_single,3,200,10010,1.3733809288706142,93.0,92.1,0.06628188532979,0.0015344222821834265,20,38,,38.68998600001214,0.9393939393939394,0.9303030303030303
er4,er4_m60_s0,es_single,3,205,10260,1.3742176090325409,93.0,92.5,0.07062537403101747,0.0012294683272132817,20,38,,39.67354280001018,0.9393939393939394,0.9343434343434344
er4,er4_m60_s0,es_single,3,210,10510,1.3742176090325409,93.0,92.6,0.0706253740310176,0.0012294683272131741,20,38,,40.653794200043194,0.9393939393939394,0.9353535353535353
er4,er4_m60_s0,es_single,3,215,10760,1.3742176090325409,93.0,92.6,0.0706253740310176,0.0012294683272131741,20,38,,41.8989503000048,0.9393939393939394,0.9353535353535353
er4,er4_m60_s0,es_single,3,220,11010,1.3742176090325409,93.0,92.9,0.07062537403101747,0.0012294683272132817,20,38,,42.95604000001913,0.9393939393939394,0.9383838383838384
er4,er4_m60_s0,es_single,3,225,11260,1.3742176090325409,93.0,92.9,0.0706253740310176,0.0012294683272131741,20,38,,44.0084275000263,0.9393939393939394,0.9383838383838384
er4,er4_m60_s0,es_single,3,230,11510,1.3742176090325409,93.0,92.9,0.07062537403101747,0.0012294683272132817,20,38,,45.0529160000151,0.9393939393939394,0.9383838383838384
er4,er4_m60_s0,es_single,3,235,11760,1.3742176090325409,93.0,93.0,0.0706253740310176,0.0012294683272131741,20,38,,46.06266510003479,0.9393939393939394,0.9393939393939394
er4,er4_m60_s0,es_single,3,240,12010,1.3742176090325409,93.0,93.0,0.07062537403101747,0.0012294683272132817,20,38,,47.03855330002261,0.9393939393939394,0.9393939393939394
er4,er4_m60_s0,es_single,3,245,12260,1.3752999029972774,93.0,93.0,0.07142342679661286,0.0015344222821833675,20,39,,48.09043620002922,0.9393939393939394,0.9393939393939394
er4,er4_m60_s0,es_single,3,250,12510,1.3752999029972774,93.0,93.0,0.07142342679661286,0.0015344222821833675,20,39,,49.135087400034536,0.9393939393939394,0.9393939393939394
er4,er4_m60_s0,es_single,3,255,12760,1.3752999029972774,93.0,93.0,0.07142342679661286,0.0015344222821833675,20,39,,50.1399487000308,0.9393939393939394,0.9393939393939394
er4,er4_m60_s0,es_single,3,260,13010,1.3752999029972774,93.0,93.0,0.0714234267966129,0.001534422282183416,20,39,,51.15241680003237,0.9393939393939394,0.9393939393939394
er4,er4_m60_s0,es_single,3,265,13260,1.3752999029972774,93.0,93.0,0.0714234267966129,0.001534422282183416,20,39,,52.121180600021034,0.9393939393939394,0.9393939393939394
er4,er4_m60_s0,es_single,3,270,13510,1.3752999029972774,93.0,93.0,0.0714234267966129,0.001534422282183416,20,39,,53.11073469999246,0.9393939393939394,0.9393939393939394
er4,er4_m60_s0,es_single,3,275,13760,1.3752999029972774,93.0,93.0,0.07142342679661294,0.0015344222821833328,20,38,,54.20754219999071,0.9393939393939394,0.9393939393939394
er4,er4_m60_s0,es_single,3,280,14010,1.3752999029972774,93.0,93.0,0.07142342679661294,0.001534422282183319,20,39,,55.18610120000085,0.9393939393939394,0.9393939393939394
er4,er4_m60_s0,es_single,3,285,14260,1.3752999029972774,93.0,93.0,0.07142342679661286,0.0015344222821833675,20,39,,56.35617340001045,0.9393939393939394,0.9393939393939394
er4,er4_m60_s0,es_single,3,290,14510,1.3752999029972774,93.0,93.0,0.07142342679661304,0.0015344222821833883,20,38,,57.38971010001842,0.9393939393939394,0.9393939393939394
er4,er4_m60_s0,es_single,3,295,14760,1.3752999029972774,93.0,93.0,0.07142342679661294,0.0015344222821833328,20,38,,58.32757040002616,0.9393939393939394,0.9393939393939394
er4,er4_m60_s0,es_single,3,300,15010,1.3752999029972774,93.0,93.0,0.07142342679661294,0.001534422282183319,20,39,,59.30636520002736,0.9393939393939394,0.9393939393939394
er4,er4_m60_s0,es_single,3,305,15260,1.3752999029972774,93.0,93.0,0.07142342679661286,0.0015344222821833675,20,39,,60.27670450002188,0.9393939393939394,0.9393939393939394
er4,er4_m60_s0,es_single,3,310,15510,1.3752999029972774,93.0,93.0,0.07142342679661284,0.0015344222821833259,20,39,,61.27512669999851,0.9393939393939394,0.9393939393939394
er4,er4_m60_s0,es_single,3,315,15760,1.3752999029972774,93.0,93.0,0.07142342679661291,0.0015344222821832773,20,39,,62.44287319999421,0.9393939393939394,0.9393939393939394
er4,er4_m60_s0,es_single,3,320,16010,1.3752999029972774,93.0,93.0,0.07142342679661286,0.0015344222821833675,20,39,,63.47493450000184,0.9393939393939394,0.9393939393939394
er4,er4_m60_s0,es_single,3,325,16260,1.3752999029972774,93.0,93.0,0.07142342679661294,0.001534422282183319,20,39,,64.48010010004509,0.9393939393939394,0.9393939393939394
er4,er4_m60_s0,es_single,3,330,16510,1.3752999029972774,93.0,93.0,0.07142342679661291,0.0015344222821832773,20,39,,65.48041230003582,0.9393939393939394,0.9393939393939394
er4,er4_m60_s0,es_single,3,335,16760,1.3752999029972774,93.0,93.0,0.07142342679661291,0.0015344222821832773,20,39,,66.4731235000072,0.9393939393939394,0.9393939393939394
er4,er4_m60_s0,es_single,3,340,17010,1.3752999029972774,93.0,93.0,0.07142342679661286,0.0015344222821833675,20,39,,67.43462360004196,0.9393939393939394,0.9393939393939394
er4,er4_m60_s0,es_single,3,345,17260,1.3752999029972774,93.0,93.0,0.07142342679661294,0.001534422282183319,20,39,,68.38614499999676,0.9393939393939394,0.9393939393939394
er4,er4_m60_s0,es_single,3,350,17510,1.3752999029972774,93.0,93.0,0.07142342679661291,0.0015344222821832773,20,39,,69.59308830002556,0.9393939393939394,0.9393939393939394
er4,er4_m60_s0,es_single,3,355,17760,1.3752999029972774,93.0,93.0,0.07142342679661286,0.0015344222821833675,20,39,,70.59916179999709,0.9393939393939394,0.9393939393939394
er4,er4_m60_s0,es_single,3,360,18010,1.3752999029972774,93.0,93.0,0.07142342679661284,0.0015344222821833259,20,39,,71.57604519999586,0.9393939393939394,0.9393939393939394
er4,er4_m60_s0,es_single,3,365,18260,1.3752999029972774,93.0,93.0,0.07142342679661304,0.0015344222821833883,20,38,,72.5038315000129,0.9393939393939394,0.9393939393939394
er4,er4_m60_s0,es_single,3,370,18510,1.3752999029972774,93.0,93.0,0.07142342679661294,0.0015344222821833328,20,38,,73.44507670000894,0.9393939393939394,0.9393939393939394
er4,er4_m60_s0,es_single,3,375,18760,1.3752999029972774,93.0,93.0,0.07142342679661286,0.0015344222821833675,20,39,,74.43069529999048,0.9393939393939394,0.9393939393939394
er4,er4_m60_s0,es_single,3,380,19010,1.3752999029972774,93.0,93.0,0.07142342679661294,0.0015344222821833328,20,38,,75.45014400000218,0.9393939393939394,0.9393939393939394
er4,er4_m60_s0,es_single,3,385,19260,1.3752999029972774,93.0,93.0,0.07142342679661294,0.001534422282183319,20,39,,76.49239339999622,0.9393939393939394,0.9393939393939394
er4,er4_m60_s0,es_single,3,390,19510,1.3752999029972774,93.0,93.0,0.07142342679661294,0.0015344222821833328,20,38,,77.4981139000156,0.9393939393939394,0.9393939393939394
er4,er4_m60_s0,es_single,3,395,19760,1.3752999029972774,93.0,93.0,0.07142342679661298,0.0015344222821832357,20,39,,78.49088340002345,0.9393939393939394,0.9393939393939394
er4,er4_m60_s0,es_single,3,400,20010,1.3752999029972774,93.0,93.0,0.07142342679661304,0.0015344222821833883,20,38,,79.46793949999847,0.9393939393939394,0.9393939393939394
er4,er4_m60_s0,es_single,4,0,10,0.9511306956414519,70.0,60.8,0.067840025423876,0.0028286894968670324,20,38,,0.027373199991416186,0.7070707070707071,0.6141414141414141
er4,er4_m60_s0,es_single,4,5,260,1.100391023130048,76.0,74.9,0.07363789300804834,0.0024261106314127636,20,36,,1.0686739000375383,0.7676767676767676,0.7565656565656567
er4,er4_m60_s0,es_single,4,10,510,1.1957651995126306,83.0,80.1,0.06863528382939083,0.000512989526268888,20,36,,2.097807499987539,0.8383838383838383,0.8090909090909091
er4,er4_m60_s0,es_single,4,15,760,1.2269802242127645,84.0,82.9,0.09173925408260097,0.0018747259655164036,20,37,,3.0967466000001878,0.8484848484848485,0.8373737373737374
er4,er4_m60_s0,es_single,4,20,1010,1.2487613117147427,86.0,84.4,0.09311568931712441,0.006767638464886108,20,34,,4.104366299987305,0.8686868686868687,0.8525252525252526
er4,er4_m60_s0,es_single,4,25,1260,1.2509190396562861,84.0,84.6,0.12357086342102105,0.002590465028656514,20,37,,5.108425300044473,0.8484848484848485,0.8545454545454545
er4,er4_m60_s0,es_single,4,30,1510,1.2798556752949732,87.0,85.0,0.11662605332529909,0.009167027977126211,20,36,,6.136242100037634,0.8787878787878788,0.8585858585858586
er4,er4_m60_s0,es_single,4,35,1760,1.30181574050325,88.0,86.6,0.11811828748013702,0.010807767922831968,20,37,,7.187269199988805,0.8888888888888888,0.8747474747474747
er4,er4_m60_s0,es_single,4,40,2010,1.302778196339871,88.0,88.0,0.12897736797224793,0.012201780192274955,20,36,,8.208330900000874,0.8888888888888888,0.8888888888888888
er4,er4_m60_s0,es_single,4,45,2260,1.321692342284489,90.0,89.1,0.1199700994400041,0.003277317028364042,20,36,,9.121990000014193,0.9090909090909091,0.8999999999999999
er4,er4_m60_s0,es_single,4,50,2510,1.321692342284489,90.0,89.8,0.1199700994400041,0.003277317028364042,20,36,,10.120321900001727,0.9090909090909091,0.907070707070707
er4,er4_m60_s0,es_single,4,55,2760,1.3227197230369998,90.0,90.0,0.12915961946484233,0.003357892453251611,20,36,,11.116746400017291,0.9090909090909091,0.9090909090909091
er4,er4_m60_s0,es_single,4,60,3010,1.322719723037,90.0,90.0,0.1291596194648424,0.003357892453251403,20,37,,12.280192900041584,0.9090909090909091,0.9090909090909091
er4,er4_m60_s0,es_single,4,65,3260,1.3240419626802162,90.0,90.0,0.1177579370240593,0.00213440966499482,20,35,,13.280978900031187,0.9090909090909091,0.9090909090909091
er4,er4_m60_s0,es_single,4,70,3510,1.3240419626802165,90.0,90.0,0.11775793702405926,0.0021344096649949552,20,34,,14.321622000017669,0.9090909090909091,0.9090909090909091
er4,er4_m60_s0,es_single,4,75,3760,1.3240419626802165,90.0,90.0,0.11775793702405926,0.0021344096649949552,20,34,,15.255173999990802,0.9090909090909091,0.9090909090909091
er4,er4_m60_s0,es_single,4,80,4010,1.3240419626802165,90.0,90.0,0.11775793702405943,0.0021344096649948754,20,35,,16.325421800022013,0.9090909090909091,0.9090909090909091
er4,er4_m60_s0,es_single,4,85,4260,1.3240419626802165,90.0,90.0,0.1177579370240593,0.0021344096649948165,20,36,,17.30446260003373,0.9090909090909091,0.9090909090909091
er4,er4_m60_s0,es_single,4,90,4510,1.3330579238092588,90.0,90.0,0.12246336563916184,0.0031160919764993463,20,35,,18.327806400018744,0.9090909090909091,0.9090909090909091
er4,er4_m60_s0,es_single,4,95,4760,1.3330579238092588,90.0,90.0,0.12246336563916184,0.0031160919764993463,20,35,,19.33005809999304,0.9090909090909091,0.9090909090909091
er4,er4_m60_s0,es_single,4,100,5010,1.3330579238092588,90.0,90.0,0.12246336563916171,0.00311609197649952,20,36,,20.36017910001101,0.9090909090909091,0.9090909090909091
er4,er4_m60_s0,es_single,4,105,5260,1.3330579238092588,90.0,90.0,0.12246336563916155,0.003116091976499395,20,36,,21.305342800042126,0.9090909090909091,0.9090909090909091
er4,er4_m60_s0,es_single,4,110,5510,1.3330579238092588,90.0,90.0,0.12246336563916164,0.0031160919764993272,20,36,,22.285620100039523,0.9090909090909091,0.9090909090909091
er4,er4_m60_s0,es_single,4,115,5760,1.3330579238092588,90.0,90.0,0.12246336563916152,0.0031160919764993307,20,35,,23.191476400010288,0.9090909090909091,0.9090909090909091
er4,er4_m60_s0,es_single,4,120,6010,1.3330579238092588,90.0,90.0,0.12246336563916164,0.0031160919764993272,20,36,,24.312575899995863,0.9090909090909091,0.9090909090909091
er4,er4_m60_s0,es_single,4,125,6260,1.335014561586038,90.0,90.0,0.12532524542823514,0.0039059145629426976,20,35,,25.41249409999,0.9090909090909091,0.9090909090909091
er4,er4_m60_s0,es_single,4,130,6510,1.335014561586038,90.0,90.0,0.12532524542823492,0.003905914562942654,20,33,,26.424082200042903,0.9090909090909091,0.9090909090909091
er4,er4_m60_s0,es_single,4,135,6760,1.335892683277124,90.0,90.0,0.11718360713268236,0.00578563312444353,20,36,,27.396575000020675,0.9090909090909091,0.9090909090909091
er4,er4_m60_s0,es_single,4,140,7010,1.3414838483312788,90.0,90.0,0.1258862094651934,0.0032051030116578352,20,35,,28.499597800022457,0.9090909090909091,0.9090909090909091
er4,er4_m60_s0,es_single,4,145,7260,1.3414838483312788,90.0,90.0,0.1258862094651934,0.0032051030116578352,20,35,,30.02504219999537,0.9090909090909091,0.9090909090909091
er4,er4_m60_s0,es_single,4,150,7510,1.3414838483312788,90.0,90.0,0.1258862094651934,0.0032051030116578352,20,35,,31.087947499996517,0.9090909090909091,0.9090909090909091
er4,er4_m60_s0,es_single,4,155,7760,1.3414838483312788,90.0,90.0,0.1258862094651934,0.0032051030116578352,20,35,,32.1350567000336,0.9090909090909091,0.9090909090909091
er4,er4_m60_s0,es_single,4,160,8010,1.3425132204300994,90.0,90.0,0.1334709930284914,0.0012661347967544163,20,35,,33.151070300024,0.9090909090909091,0.9090909090909091
er4,er4_m60_s0,es_single,4,165,8260,1.3425132204300994,90.0,90.0,0.1334709930284914,0.0012661347967544163,20,35,,34.18698470003437,0.9090909090909091,0.9090909090909091
er4,er4_m60_s0,es_single,4,170,8510,1.354953106711869,91.0,90.1,0.12600485983110324,0.0010236065043067663,20,35,,35.23842390003847,0.9191919191919192,0.9101010101010101
er4,er4_m60_s0,es_single,4,175,8760,1.354953106711869,91.0,90.1,0.12600485983110324,0.0010236065043067663,20,35,,36.23417110001901,0.9191919191919192,0.9101010101010101
er4,er4_m60_s0,es_single,4,180,9010,1.354953106711869,91.0,90.4,0.12600485983110335,0.0010236065043067177,20,36,,37.29037090000929,0.9191919191919192,0.9131313131313132
er4,er4_m60_s0,es_single,4,185,9260,1.354953106711869,91.0,91.0,0.1260048598311032,0.0010236065043066102,20,35,,38.248109100037254,0.9191919191919192,0.9191919191919192
er4,er4_m60_s0,es_single,4,190,9510,1.354953106711869,91.0,91.0,0.12600485983110324,0.0010236065043067663,20,35,,39.333656000031624,0.9191919191919192,0.9191919191919192
er4,er4_m60_s0,es_single,4,195,9760,1.3563069658987166,91.0,91.0,0.12863894540416948,0.002404237564551069,20,34,,40.352668400038965,0.9191919191919192,0.9191919191919192
er4,er4_m60_s0,es_single,4,200,10010,1.356831022267821,91.0,91.0,0.11891747392063964,0.0008324133751477104,20,36,,41.394611300027464,0.9191919191919192,0.9191919191919192
er4,er4_m60_s0,es_single,4,205,10260,1.356831022267821,91.0,91.0,0.11891747392063964,0.0008324133751477104,20,36,,42.42547300003935,0.9191919191919192,0.9191919191919192
er4,er4_m60_s0,es_single,4,210,10510,1.3568310222678213,91.0,91.0,0.11891747392063978,0.0008324133751478179,20,37,,43.427649200020824,0.9191919191919192,0.9191919191919192
er4,er4_m60_s0,es_single,4,215,10760,1.357244556738976,91.0,91.0,0.12811566513050343,0.005681261700356641,20,33,,44.47450990002835,0.9191919191919192,0.9191919191919192
er4,er4_m60_s0,es_single,4,220,11010,1.358082527230529,91.0,91.0,0.12922517053306976,0.00313568731763118,20,33,,45.48228840000229,0.9191919191919192,0.9191919191919192
er4,er4_m60_s0,es_single,4,225,11260,1.3580825272305292,91.0,91.0,0.12922517053307,0.0031356873176312874,20,33,,46.41474979999475,0.9191919191919192,0.9191919191919192
er4,er4_m60_s0,es_single,4,230,11510,1.3580825272305292,91.0,91.0,0.12922517053306978,0.0031356873176312493,20,35,,47.333421499992255,0.9191919191919192,0.9191919191919192
er4,er4_m60_s0,es_single,4,235,11760,1.3580825272305292,91.0,91.0,0.1292251705330698,0.0031356873176312527,20,36,,48.28946550004184,0.9191919191919192,0.9191919191919192
er4,er4_m60_s0,es_single,4,240,12010,1.3580825272305292,91.0,91.0,0.1292251705330701,0.003135687317631433,20,36,,49.289125800016336,0.9191919191919192,0.9191919191919192
er4,er4_m60_s0,es_single,4,245,12260,1.3580825272305292,91.0,91.0,0.12922517053306987,0.0031356873176314262,20,34,,50.25444759998936,0.9191919191919192,0.9191919191919192
er4,er4_m60_s0,es_single,4,250,12510,1.3580825272305292,91.0,91.0,0.12922517053307,0.0031356873176312874,20,33,,51.23154440004146,0.9191919191919192,0.9191919191919192
er4,er4_m60_s0,es_single,4,255,12760,1.3580825272305292,91.0,91.0,0.12922517053306987,0.003135687317631329,20,34,,52.30137190001551,0.9191919191919192,0.9191919191919192
er4,er4_m60_s0,es_single,4,260,13010,1.3580825272305295,91.0,91.0,0.12922517053307012,0.003135687317631416,20,35,,53.4053975000279,0.9191919191919192,0.9191919191919192
er4,er4_m60_s0,es_single,4,265,13260,1.3580825272305295,91.0,91.0,0.12922517053307012,0.003135687317631416,20,35,,54.47758340003202,0.9191919191919192,0.9191919191919192
er4,er4_m60_s0,es_single,4,270,13510,1.3580825272305295,91.0,91.0,0.1292251705330701,0.0031356873176313534,20,36,,55.545842099993024,0.9191919191919192,0.9191919191919192
er4,er4_m60_s0,es_single,4,275,13760,1.3580825272305295,91.0,91.0,0.1292251705330701,0.0031356873176313534,20,36,,56.64017890003743,0.9191919191919192,0.9191919191919192
er4,er4_m60_s0,es_single,4,280,14010,1.3580825272305295,91.0,91.0,0.1292251705330701,0.0031356873176313534,20,36,,57.81052310002269,0.9191919191919192,0.9191919191919192
er4,er4_m60_s0,es_single,4,285,14260,1.3580825272305295,91.0,91.0,0.12922517053307012,0.003135687317631416,20,35,,58.839251500030514,0.9191919191919192,0.9191919191919192
er4,er4_m60_s0,es_single,4,290,14510,1.3580825272305295,91.0,91.0,0.1292251705330701,0.0031356873176313534,20,36,,59.88511339999968,0.9191919191919192,0.9191919191919192
er4,er4_m60_s0,es_single,4,295,14760,1.3580825272305295,91.0,91.0,0.12922517053306995,0.0031356873176312805,20,35,,60.89876270003151,0.9191919191919192,0.9191919191919192
er4,er4_m60_s0,es_single,4,300,15010,1.3580825272305295,91.0,91.0,0.12922517053306995,0.0031356873176312805,20,35,,61.917801100004,0.9191919191919192,0.9191919191919192
er4,er4_m60_s0,es_single,4,305,15260,1.3580825272305295,91.0,91.0,0.12922517053307,0.003135687317631454,20,35,,62.93687010003487,0.9191919191919192,0.9191919191919192
er4,er4_m60_s0,es_single,4,310,15510,1.3580825272305295,91.0,91.0,0.1292251705330701,0.0031356873176313534,20,36,,64.01896840002155,0.9191919191919192,0.9191919191919192
er4,er4_m60_s0,es_single,4,315,15760,1.3580825272305295,91.0,91.0,0.12922517053306995,0.0031356873176312805,20,35,,64.96408589999191,0.9191919191919192,0.9191919191919192
er4,er4_m60_s0,es_single,4,320,16010,1.3580825272305295,91.0,91.0,0.1292251705330701,0.0031356873176313534,20,36,,65.94972410000628,0.9191919191919192,0.9191919191919192
er4,er4_m60_s0,es_single,4,325,16260,1.3580825272305295,91.0,91.0,0.12922517053307012,0.003135687317631416,20,35,,67.01606650004396,0.9191919191919192,0.9191919191919192
er4,er4_m60_s0,es_single,4,330,16510,1.3580825272305295,91.0,91.0,0.12922517053306995,0.0031356873176312805,20,35,,68.10231320001185,0.9191919191919192,0.9191919191919192
er4,er4_m60_s0,es_single,4,335,16760,1.3580825272305295,91.0,91.0,0.12922517053307,0.003135687317631454,20,35,,69.22898260003421,0.9191919191919192,0.9191919191919192
er4,er4_m60_s0,es_single,4,340,17010,1.3580825272305295,91.0,91.0,0.12922517053307014,0.0031356873176312597,20,34,,70.25111260003177,0.9191919191919192,0.9191919191919192
er4,er4_m60_s0,es_single,4,345,17260,1.3580825272305295,91.0,91.0,0.12922517053307003,0.0031356873176313603,20,35,,71.32016780000413,0.9191919191919192,0.9191919191919192
er4,er4_m60_s0,es_single,4,350,17510,1.3580825272305295,91.0,91.0,0.12922517053306995,0.0031356873176312805,20,35,,72.34566450002603,0.9191919191919192,0.9191919191919192
er4,er4_m60_s0,es_single,4,355,17760,1.3580825272305295,91.0,91.0,0.12922517053307,0.003135687317631454,20,35,,73.40868530003354,0.9191919191919192,0.9191919191919192
er4,er4_m60_s0,es_single,4,360,18010,1.3580825272305295,91.0,91.0,0.12922517053307014,0.0031356873176312597,20,34,,74.55265550001059,0.9191919191919192,0.9191919191919192
er4,er4_m60_s0,es_single,4,365,18260,1.3580825272305295,91.0,91.0,0.12922517053307012,0.003135687317631416,20,35,,75.7016314000357,0.9191919191919192,0.9191919191919192
er4,er4_m60_s0,es_single,4,370,18510,1.3580825272305295,91.0,91.0,0.12922517053307,0.003135687317631454,20,35,,76.77529270004015,0.9191919191919192,0.9191919191919192
er4,er4_m60_s0,es_single,4,375,18760,1.3580825272305295,91.0,91.0,0.12922517053307012,0.003135687317631416,20,35,,77.77655150002101,0.9191919191919192,0.9191919191919192
er4,er4_m60_s0,es_single,4,380,19010,1.3580825272305295,91.0,91.0,0.12922517053306992,0.003135687317631211,20,36,,78.86371130001498,0.9191919191919192,0.9191919191919192
er4,er4_m60_s0,es_single,4,385,19260,1.3580825272305295,91.0,91.0,0.12922517053307012,0.003135687317631416,20,35,,79.86535040003946,0.9191919191919192,0.9191919191919192
er4,er4_m60_s0,es_single,4,390,19510,1.3580825272305295,91.0,91.0,0.12922517053306998,0.0031356873176312805,20,36,,80.93159049999667,0.9191919191919192,0.9191919191919192
er4,er4_m60_s0,es_single,4,395,19760,1.3580825272305295,91.0,91.0,0.12922517053307,0.003135687317631454,20,35,,81.95689040003344,0.9191919191919192,0.9191919191919192
er4,er4_m60_s0,es_single,4,400,20010,1.3580825272305295,91.0,91.0,0.12922517053306992,0.003135687317631211,20,36,,82.99139929999365,0.9191919191919192,0.9191919191919192
er4,er4_m60_s0,es_learned,0,0,10,0.7710230174381983,57.0,61.4,0.03422181726598081,1.0842021724855044e-18,20,32,,0.050840699987020344,0.5757575757575758,0.6202020202020202
er4,er4_m60_s0,es_learned,0,5,260,1.0920225393021783,80.0,77.7,0.038230279766598166,0.00010514153822971384,20,35,0.10104714334011078,5.581274500000291,0.8080808080808081,0.7848484848484849
er4,er4_m60_s0,es_learned,0,10,510,1.1590804986020544,85.0,83.1,0.037465556979428105,0.00017102828816645266,20,36,0.1301061064004898,15.779434200027026,0.8585858585858586,0.8393939393939394
er4,er4_m60_s0,es_learned,0,15,760,1.1740499654350416,86.0,84.5,0.03666691421322947,0.0008175642693828283,20,36,0.15036743879318237,25.91955120000057,0.8686868686868687,0.8535353535353535
er4,er4_m60_s0,es_learned,0,20,1010,1.185393692248652,87.0,85.7,0.02997781340621463,0.00018070757004121085,20,36,0.10116109997034073,31.473101200012024,0.8787878787878788,0.8656565656565657
er4,er4_m60_s0,es_learned,0,25,1260,1.1863500884385316,87.0,86.2,0.02997781340621468,0.00021900680913404698,20,35,0.08171556890010834,41.3678976999945,0.8787878787878788,0.8707070707070708
er4,er4_m60_s0,es_learned,0,30,1510,1.1907401362844738,87.0,86.8,0.03476336921912317,8.581191046307807e-05,20,36,0.04980141669511795,51.06865560001461,0.8787878787878788,0.8767676767676768
er4,er4_m60_s0,es_learned,0,35,1760,1.1935009400929044,87.0,87.0,0.03278572221587506,0.00031229946938407006,20,35,0.05386487394571304,56.60434920003172,0.8787878787878788,0.8787878787878788
er4,er4_m60_s0,es_learned,0,40,2010,1.1935009400929044,87.0,86.9,0.03278572221587506,0.00031229946938407006,20,35,0.05184348672628403,66.27510440000333,0.8787878787878788,0.8777777777777779
er4,er4_m60_s0,es_learned,0,45,2260,1.1935009400929044,87.0,87.0,0.03278572221587506,0.00031229946938407006,20,35,0.033190544694662094,76.36287140002241,0.8787878787878788,0.8787878787878788
er4,er4_m60_s0,es_learned,0,50,2510,1.2056578104110447,88.0,87.2,0.03626361595173865,0.0009248454054515305,20,34,0.0394773967564106,82.15897119999863,0.8888888888888888,0.8808080808080808
er4,er4_m60_s0,es_learned,0,55,2760,1.2058374100227147,88.0,87.5,0.03537568572702792,0.000817196706614419,20,35,0.026175949722528458,92.1817797999829,0.8888888888888888,0.8838383838383839
er4,er4_m60_s0,es_learned,0,60,3010,1.2058374100227147,88.0,87.6,0.03537568572702792,0.000817196706614419,20,35,0.020055435597896576,102.15857219998725,0.8888888888888888,0.8848484848484848
er4,er4_m60_s0,es_learned,0,65,3260,1.2091872704575497,87.0,87.5,0.06271156548757223,4.93826440456438e-05,20,36,0.030089665204286575,107.80478649999714,0.8787878787878788,0.8838383838383839
er4,er4_m60_s0,es_learned,0,70,3510,1.2097453761628514,87.0,87.4,0.057463102440323065,4.9382644045713187e-05,20,35,0.025748291984200478,117.78581540001323,0.8787878787878788,0.8828282828282829
er4,er4_m60_s0,es_learned,0,75,3760,1.2097453761628514,87.0,87.2,0.057463102440323065,4.9382644045713187e-05,20,35,0.024348417297005653,127.64146359998267,0.8787878787878788,0.8808080808080808
er4,er4_m60_s0,es_learned,0,80,4010,1.210439048646771,87.0,87.0,0.06123327565252354,0.002694030036040334,20,36,0.019502971321344376,133.23320810002042,0.8787878787878788,0.8787878787878788
er4,er4_m60_s0,es_learned,0,85,4260,1.2216171731321184,87.0,86.9,0.05468713453028258,0.002865600434612311,20,36,0.022765494883060455,143.02200450003147,0.8787878787878788,0.8777777777777779
er4,er4_m60_s0,es_learned,0,90,4510,1.2323853504337852,87.0,86.7,0.061889729741717775,0.0013688729227090794,20,36,0.019141729921102524,153.14428170002066,0.8787878787878788,0.8757575757575757
er4,er4_m60_s0,es_learned,0,95,4760,1.2323853504337852,87.0,86.5,0.061889729741717775,0.0013688729227090794,20,36,0.017450077459216118,158.8066519999993,0.8787878787878788,0.8737373737373737
er4,er4_m60_s0,es_learned,0,100,5010,1.2323853504337852,87.0,86.6,0.061889729741717775,0.0013688729227090794,20,36,0.01945289596915245,168.94712389999768,0.8787878787878788,0.8747474747474747
er4,er4_m60_s0,es_learned,0,105,5260,1.2323853504337852,87.0,86.6,0.061889729741717775,0.0013688729227090794,20,36,0.021401481702923775,179.03192779998062,0.8787878787878788,0.8747474747474747
er4,er4_m60_s0,es_learned,0,110,5510,1.2323853504337852,87.0,86.8,0.061889729741717775,0.0013688729227090794,20,36,0.019104354083538055,184.75188470003195,0.8787878787878788,0.8767676767676768
er4,er4_m60_s0,es_learned,0,115,5760,1.2353584942792777,87.0,87.0,0.05837220262010068,0.0002899291719058528,20,35,0.02281658537685871,194.6880063000135,0.8787878787878788,0.8787878787878788
er4,er4_m60_s0,es_learned,0,120,6010,1.242520218895621,87.0,87.0,0.07259956233324413,0.0005233511006051544,20,35,0.020043982192873955,204.66625320003368,0.8787878787878788,0.8787878787878788
er4,er4_m60_s0,es_learned,0,125,6260,1.2450091895198057,87.0,87.1,0.07205283756432813,0.0007086621417126994,20,33,0.019822152331471443,210.25809339998523,0.8787878787878788,0.8797979797979797
er4,er4_m60_s0,es_learned,0,130,6510,1.253919506071553,87.0,87.0,0.08027202394345126,0.003615858806315389,20,34,0.01544737908989191,220.26729679998243,0.8787878787878788,0.8787878787878788
er4,er4_m60_s0,es_learned,0,135,6760,1.253919506071553,87.0,87.0,0.08027202394345126,0.003615858806315389,20,34,0.01670793816447258,230.33755420002853,0.8787878787878788,0.8787878787878788
er4,er4_m60_s0,es_learned,0,140,7010,1.253919506071553,87.0,87.0,0.08027202394345126,0.003615858806315389,20,34,0.01413261704146862,235.89510840002913,0.8787878787878788,0.8787878787878788
er4,er4_m60_s0,es_learned,0,145,7260,1.253919506071553,87.0,87.0,0.08027202394345126,0.003615858806315389,20,34,0.01570410281419754,245.85842479998246,0.8787878787878788,0.8787878787878788
er4,er4_m60_s0,es_learned,0,150,7510,1.266115179543566,87.0,87.0,0.0883976152758012,0.00021462849142603324,20,34,0.01592707633972168,255.9410632000072,0.8787878787878788,0.8787878787878788
er4,er4_m60_s0,es_learned,0,155,7760,1.266115179543566,87.0,87.0,0.0883976152758012,0.00021462849142603324,20,34,0.014744856394827366,261.6341222000192,0.8787878787878788,0.8787878787878788
er4,er4_m60_s0,es_learned,0,160,8010,1.2665618384396247,87.0,87.0,0.08555241492394405,0.0007035714721017883,20,35,0.014320139773190022,271.8475735000102,0.8787878787878788,0.8787878787878788
er4,er4_m60_s0,es_learned,0,165,8260,1.2665618384396247,87.0,87.0,0.08555241492394422,0.000703571472101927,20,35,0.016693994402885437,282.1197812000173,0.8787878787878788,0.8787878787878788
er4,er4_m60_s0,es_learned,0,170,8510,1.268548398565535,88.0,87.2,0.0798862464025718,0.00028455572783137734,20,35,0.01541951671242714,287.82980940002017,0.8888888888888888,0.8808080808080808
er4,er4_m60_s0,es_learned,0,175,8760,1.2749196584425644,88.0,87.9,0.0894161439286131,0.002317422650061473,20,34,0.012367185205221176,297.9110202000011,0.8888888888888888,0.8878787878787879
er4,er4_m60_s0,es_learned,0,180,9010,1.2749196584425644,88.0,88.3,0.0894161439286131,0.002317422650061473,20,34,0.015943948179483414,307.7770623000106,0.8888888888888888,0.8919191919191919
er4,er4_m60_s0,es_learned,0,185,9260,1.2899017254454348,90.0,88.7,0.08409392812098032,0.0020488171156512695,20,34,0.010900013148784637,313.4657125000376,0.9090909090909091,0.895959595959596
er4,er4_m60_s0,es_learned,0,190,9510,1.297154377095354,90.0,90.2,0.0747877449593871,0.0025281503520117564,20,34,0.013914179056882858,323.3893629999948,0.9090909090909091,0.9111111111111111
er4,er4_m60_s0,es_learned,0,195,9760,1.2989148934190566,90.0,90.1,0.08886056884218879,0.0004292617404929727,20,35,0.010776642709970474,333.4144861000241,0.9090909090909091,0.9101010101010101
er4,er4_m60_s0,es_learned,0,200,10010,1.2989148934190566,90.0,90.0,0.08886056884218879,0.0004292617404929727,20,35,0.013439107686281204,339.2590616000234,0.9090909090909091,0.9090909090909091
er4,er4_m60_s0,es_learned,0,205,10260,1.2989148934190566,90.0,90.0,0.08886056884218879,0.0004292617404929727,20,35,0.015166115947067738,349.27250780002214,0.9090909090909091,0.9090909090909091
er4,er4_m60_s0,es_learned,0,210,10510,1.3070084052327244,90.0,90.0,0.09052206319334455,0.0025281503520116627,20,35,0.012764384038746357,359.5637121000327,0.9090909090909091,0.9090909090909091
er4,er4_m60_s0,es_learned,0,215,10760,1.3092855372362946,90.0,90.0,0.08072933811369362,0.0025220073177697443,20,35,0.015006125904619694,365.52840650000144,0.9090909090909091,0.9090909090909091
er4,er4_m60_s0,es_learned,0,220,11010,1.3092855372362946,90.0,90.0,0.08072933811369362,0.0025220073177697443,20,35,0.011829841881990433,375.23350500001106,0.9090909090909091,0.9090909090909091
er4,er4_m60_s0,es_learned,0,225,11260,1.3092855372362946,90.0,90.0,0.08072933811369354,0.0025220073177697026,20,34,0.016139652580022812,385.2171180000296,0.9090909090909091,0.9090909090909091
er4,er4_m60_s0,es_learned,0,230,11510,1.3092855372362946,90.0,90.0,0.08072933811369376,0.0025220073177696437,20,35,0.012483016587793827,391.02541380003095,0.9090909090909091,0.9090909090909091
er4,er4_m60_s0,es_learned,0,235,11760,1.310079130072718,90.0,90.0,0.07884894697736114,0.002528150352011753,20,34,0.01124462578445673,400.7539337000344,0.9090909090909091,0.9090909090909091
er4,er4_m60_s0,es_learned,0,240,12010,1.3117777043423127,90.0,90.0,0.08825087264175902,0.001015176882618013,20,33,0.01368757151067257,410.3100183000206,0.9090909090909091,0.9090909090909091
er4,er4_m60_s0,es_learned,0,245,12260,1.3117777043423127,90.0,90.0,0.08825087264175902,0.001015176882618013,20,33,0.014283791184425354,415.8404797000112,0.9090909090909091,0.9090909090909091
er4,er4_m60_s0,es_learned,0,250,12510,1.3117777043423127,90.0,90.0,0.08825087264175902,0.001015176882618013,20,33,0.014981381595134735,425.9321289000218,0.9090909090909091,0.9090909090909091
er4,er4_m60_s0,es_learned,0,255,12760,1.3117777043423127,90.0,90.0,0.08825087264175902,0.001015176882618013,20,33,0.009334287606179714,435.81256759999087,0.9090909090909091,0.9090909090909091
er4,er4_m60_s0,es_learned,0,260,13010,1.3117777043423127,90.0,90.0,0.08825087264175902,0.001015176882618013,20,33,0.01304913591593504,441.4039017999894,0.9090909090909091,0.9090909090909091
er4,er4_m60_s0,es_learned,0,265,13260,1.3117777043423127,90.0,90.0,0.08825087264175902,0.001015176882618013,20,33,0.0131777198985219,451.37348010001006,0.9090909090909091,0.9090909090909091
er4,er4_m60_s0,es_learned,0,270,13510,1.3117777043423127,90.0,90.0,0.08825087264175902,0.001015176882618013,20,33,0.009933453984558582,461.1344175999984,0.9090909090909091,0.9090909090909091
er4,er4_m60_s0,es_learned,0,275,13760,1.3117777043423127,90.0,90.0,0.08825087264175902,0.001015176882618013,20,33,0.012545282021164894,466.7969368000049,0.9090909090909091,0.9090909090909091
er4,er4_m60_s0,es_learned,0,280,14010,1.3117777043423127,90.0,90.0,0.08825087264175902,0.001015176882618013,20,33,0.011430172249674797,476.7950451000361,0.9090909090909091,0.9090909090909091
er4,er4_m60_s0,es_learned,0,285,14260,1.3117777043423127,90.0,90.0,0.08825087264175902,0.001015176882618013,20,33,0.010899431072175503,486.63870880001923,0.9090909090909091,0.9090909090909091
er4,er4_m60_s0,es_learned,0,290,14510,1.3117777043423127,90.0,90.0,0.0882508726417589,0.0010151768826179436,20,34,0.013116559945046902,492.367806299997,0.9090909090909091,0.9090909090909091
er4,er4_m60_s0,es_learned,0,295,14760,1.3117777043423127,90.0,90.0,0.08825087264175895,0.0010151768826179852,20,34,0.012168705463409424,502.2595814000233,0.9090909090909091,0.9090909090909091
er4,er4_m60_s0,es_learned,0,300,15010,1.313061387848657,90.0,90.0,0.0888552639564221,0.002528150352011791,20,34,0.011190875433385372,512.3045965000056,0.9090909090909091,0.9090909090909091
er4,er4_m60_s0,es_learned,0,305,15260,1.313061387848657,90.0,90.0,0.0888552639564221,0.002528150352011791,20,34,0.009369331412017345,518.0780519000255,0.9090909090909091,0.9090909090909091
er4,er4_m60_s0,es_learned,0,310,15510,1.313061387848657,90.0,90.0,0.08885526395642207,0.002528150352011916,20,34,0.01103621069341898,528.1295262000058,0.9090909090909091,0.9090909090909091
er4,er4_m60_s0,es_learned,0,315,15760,1.313061387848657,90.0,90.0,0.0888552639564221,0.002528150352011791,20,34,0.009801002219319344,538.2388959000236,0.9090909090909091,0.9090909090909091
er4,er4_m60_s0,es_learned,0,320,16010,1.3253644692792674,91.0,90.2,0.08312916109181046,0.0012690715323238188,20,34,0.011201214045286179,544.0352583000204,0.9191919191919192,0.9111111111111111
er4,er4_m60_s0,es_learned,0,325,16260,1.3253644692792674,91.0,90.5,0.08312916109181046,0.0012690715323238188,20,34,0.009800358675420284,554.2724191999878,0.9191919191919192,0.9141414141414141
er4,er4_m60_s0,es_learned,0,330,16510,1.3253644692792674,91.0,91.0,0.08312916109181046,0.0012690715323238188,20,34,0.012389462441205978,564.3673978000297,0.9191919191919192,0.9191919191919192
er4,er4_m60_s0,es_learned,0,335,16760,1.3253644692792677,91.0,91.0,0.08312916109181069,0.00126907153232368,20,34,0.011215428821742535,569.9518873000052,0.9191919191919192,0.9191919191919192
er4,er4_m60_s0,es_learned,0,340,17010,1.3253644692792677,91.0,91.0,0.08312916109181069,0.00126907153232368,20,34,0.010593069717288017,579.9459081999958,0.9191919191919192,0.9191919191919192
er4,er4_m60_s0,es_learned,0,345,17260,1.3253644692792677,91.0,91.0,0.08312916109181069,0.00126907153232368,20,34,0.010595236904919147,589.9503113999963,0.9191919191919192,0.9191919191919192
er4,er4_m60_s0,es_learned,0,350,17510,1.3253644692792677,91.0,91.0,0.08312916109181069,0.00126907153232368,20,34,0.00913466326892376,595.4887546999962,0.9191919191919192,0.9191919191919192
er4,er4_m60_s0,es_learned,0,355,17760,1.3253644692792677,91.0,91.0,0.0831291610918107,0.0012690715323239714,20,33,0.010386990383267403,605.5249994000187,0.9191919191919192,0.9191919191919192
er4,er4_m60_s0,es_learned,0,360,18010,1.3253717793705182,91.0,91.0,0.0858240329090647,0.0030918712488303968,20,34,0.01001163013279438,615.5671666000271,0.9191919191919192,0.9191919191919192
er4,er4_m60_s0,es_learned,0,365,18260,1.3253717793705182,91.0,91.0,0.0858240329090647,0.0030918712488303968,20,34,0.008738596923649311,621.3042252000305,0.9191919191919192,0.9191919191919192
er4,er4_m60_s0,es_learned,0,370,18510,1.3253717793705182,91.0,91.0,0.0858240329090647,0.0030918712488303968,20,34,0.009558575227856636,631.2524012000067,0.9191919191919192,0.9191919191919192
er4,er4_m60_s0,es_learned,0,375,18760,1.3253717793705182,91.0,91.0,0.0858240329090647,0.0030918712488303968,20,34,0.010695558972656727,641.060165300034,0.9191919191919192,0.9191919191919192
er4,er4_m60_s0,es_learned,0,380,19010,1.3253717793705182,91.0,91.0,0.08582403290906462,0.0030918712488305876,20,33,0.01076439954340458,646.6238198000356,0.9191919191919192,0.9191919191919192
er4,er4_m60_s0,es_learned,0,385,19260,1.3253717793705182,91.0,91.0,0.08582403290906462,0.0030918712488305876,20,33,0.011188783682882786,656.4079442000366,0.9191919191919192,0.9191919191919192
er4,er4_m60_s0,es_learned,0,390,19510,1.3253717793705182,91.0,91.0,0.0858240329090647,0.0030918712488303968,20,34,0.008276781998574734,666.260274100001,0.9191919191919192,0.9191919191919192
er4,er4_m60_s0,es_learned,0,395,19760,1.3253717793705182,91.0,91.0,0.0858240329090647,0.0030918712488303968,20,34,0.009885786101222038,672.1984747999813,0.9191919191919192,0.9191919191919192
er4,er4_m60_s0,es_learned,0,400,20010,1.3253717793705182,91.0,91.0,0.0858240329090649,0.0030918712488304592,20,34,0.0082015385851264,682.6059711999842,0.9191919191919192,0.9191919191919192
er4,er4_m60_s0,es_learned,1,0,10,0.6521497513659937,50.0,58.7,0.07304383663338695,0.00098649445651193,20,35,,0.038516400032676756,0.5050505050505051,0.592929292929293
er4,er4_m60_s0,es_learned,1,5,260,1.078497338430913,77.0,75.3,0.07403702492149992,0.0009337806128732994,20,37,0.17138411104679108,5.852511300006881,0.7777777777777778,0.7606060606060606
er4,er4_m60_s0,es_learned,1,10,510,1.100139756244945,79.0,77.2,0.04644960037750524,0.0010546494941682527,20,36,0.12977290153503418,16.549810099997558,0.797979797979798,0.7797979797979798
er4,er4_m60_s0,es_learned,1,15,760,1.1279564553798644,78.0,78.5,0.08278223876758724,0.001361983347889506,20,37,0.12430307269096375,27.15056119998917,0.7878787878787878,0.7929292929292929
er4,er4_m60_s0,es_learned,1,20,1010,1.2090731237100802,84.0,80.8,0.06685984141002285,0.0012328463411655777,20,37,0.13294559717178345,33.38552599999821,0.8484848484848485,0.8161616161616161
er4,er4_m60_s0,es_learned,1,25,1260,1.2393147149818364,84.0,83.6,0.10363454888667697,0.0001085680150965003,20,37,0.10111440718173981,43.14267149998341,0.8484848484848485,0.8444444444444444
er4,er4_m60_s0,es_learned,1,30,1510,1.2850684564875086,87.0,84.7,0.12253385908840124,0.0029491140307279853,20,38,0.07981380075216293,52.890701600001194,0.8787878787878788,0.8555555555555556
er4,er4_m60_s0,es_learned,1,35,1760,1.3071941022472788,90.0,87.9,0.09254193471713373,0.0012235995970607538,20,38,0.05350280925631523,58.7165709999972,0.9090909090909091,0.8878787878787879
er4,er4_m60_s0,es_learned,1,40,2010,1.323361923999321,91.0,90.3,0.09176156076170347,0.0028030480721092377,20,38,0.04122774302959442,69.82586169999558,0.9191919191919192,0.9121212121212121
er4,er4_m60_s0,es_learned,1,45,2260,1.3434337731086865,91.0,90.6,0.10206050692366683,0.0010579462058630529,20,38,0.04655563831329346,81.46773329999996,0.9191919191919192,0.915151515151515
er4,er4_m60_s0,es_learned,1,50,2510,1.3434337731086865,91.0,90.8,0.10206050692366683,0.0010579462058630529,20,38,0.039519693702459335,87.20887149998453,0.9191919191919192,0.9171717171717172
er4,er4_m60_s0,es_learned,1,55,2760,1.3441731162947474,91.0,91.1,0.11011168403906316,0.0009805023944270317,20,38,0.03428135812282562,97.43009179999353,0.9191919191919192,0.9202020202020201
er4,er4_m60_s0,es_learned,1,60,3010,1.356454365056271,91.0,91.0,0.11683691293626378,0.002510942581459674,20,38,0.029167890548706055,107.43821970000863,0.9191919191919192,0.9191919191919192
er4,er4_m60_s0,es_learned,1,65,3260,1.360850325575484,92.0,91.2,0.0941302685949609,0.0019140718519056674,20,38,0.02603447064757347,112.97250510001322,0.9292929292929293,0.9212121212121213
er4,er4_m60_s0,es_learned,1,70,3510,1.3744724583675036,92.0,91.6,0.10219809932441637,0.008442154316133817,20,38,0.024697255343198776,122.96633110003313,0.9292929292929293,0.9252525252525252
er4,er4_m60_s0,es_learned,1,75,3760,1.3744724583675036,92.0,91.8,0.10219809932441637,0.008442154316133817,20,38,0.02579750306904316,132.61980410001706,0.9292929292929293,0.9272727272727272
er4,er4_m60_s0,es_learned,1,80,4010,1.3765254032986924,92.0,92.0,0.10302014907048873,0.004880249514845336,20,38,0.02098514512181282,138.05803790001664,0.9292929292929293,0.9292929292929293
er4,er4_m60_s0,es_learned,1,85,4260,1.378040738916043,92.0,92.0,0.10252634432413775,0.005100445796279794,20,38,0.02424784190952778,147.98532179999165,0.9292929292929293,0.9292929292929293
er4,er4_m60_s0,es_learned,1,90,4510,1.378040738916043,92.0,92.0,0.10252634432413775,0.005100445796279794,20,38,0.02525428682565689,157.97721520002233,0.9292929292929293,0.9292929292929293
er4,er4_m60_s0,es_learned,1,95,4760,1.378040738916043,92.0,92.0,0.10252634432413775,0.005100445796279794,20,38,0.022387709468603134,163.56505219999235,0.9292929292929293,0.9292929292929293
er4,er4_m60_s0,es_learned,1,100,5010,1.378040738916043,92.0,92.0,0.10252634432413782,0.0051004457962799225,20,38,0.02976921759545803,173.61652019998292,0.9292929292929293,0.9292929292929293
er4,er4_m60_s0,es_learned,1,105,5260,1.378040738916043,92.0,92.0,0.10252634432413782,0.0051004457962799225,20,38,0.023566309362649918,183.44663960003527,0.9292929292929293,0.9292929292929293
er4,er4_m60_s0,es_learned,1,110,5510,1.3789025055002053,92.0,92.0,0.09909238215200315,0.002561591488982001,20,38,0.027594296261668205,189.11005060002208,0.9292929292929293,0.9292929292929293
er4,er4_m60_s0,es_learned,1,115,5760,1.387990352236346,94.0,92.2,0.1085795702684556,0.00047943492812877603,20,37,0.026535434648394585,199.0746017000056,0.9494949494949495,0.9313131313131313
er4,er4_m60_s0,es_learned,1,120,6010,1.387990352236346,94.0,92.2,0.1085795702684556,0.00047943492812877603,20,37,0.025245031341910362,208.85103369998978,0.9494949494949495,0.9313131313131313
er4,er4_m60_s0,es_learned,1,125,6260,1.387990352236346,94.0,92.4,0.1085795702684556,0.00047943492812877603,20,37,0.023107189685106277,214.5600186000229,0.9494949494949495,0.9333333333333333
er4,er4_m60_s0,es_learned,1,130,6510,1.387990352236346,94.0,92.4,0.1085795702684556,0.00047943492812877603,20,37,0.024227764457464218,224.39192209998146,0.9494949494949495,0.9333333333333333
er4,er4_m60_s0,es_learned,1,135,6760,1.387990352236346,94.0,92.6,0.1085795702684556,0.00047943492812877603,20,37,0.021503416821360588,234.24670299998252,0.9494949494949495,0.9353535353535353
er4,er4_m60_s0,es_learned,1,140,7010,1.387990352236346,94.0,92.8,0.10857957026845565,0.0004794349281286858,20,38,0.025722604244947433,239.70576059998712,0.9494949494949495,0.9373737373737373
er4,er4_m60_s0,es_learned,1,145,7260,1.387990352236346,94.0,93.4,0.10857957026845563,0.00047943492812872746,20,38,0.021755121648311615,249.52213890000712,0.9494949494949495,0.9434343434343435
er4,er4_m60_s0,es_learned,1,150,7510,1.3914076690834976,94.0,94.0,0.10208847683304381,0.00047943492812876215,20,37,0.0194985531270504,259.3263034999836,0.9494949494949495,0.9494949494949495
er4,er4_m60_s0,es_learned,1,155,7760,1.3922720864045142,94.0,94.0,0.10917812556784114,0.0018216102534665268,20,38,0.019802125170826912,264.8727993000066,0.9494949494949495,0.9494949494949495
er4,er4_m60_s0,es_learned,1,160,8010,1.3922720864045142,94.0,94.0,0.10917812556784114,0.0018216102534665268,20,38,0.017158864066004753,274.66653839999344,0.9494949494949495,0.9494949494949495
er4,er4_m60_s0,es_learned,1,165,8260,1.3922720864045142,94.0,94.0,0.10917812556784114,0.0018216102534665268,20,38,0.018345074728131294,284.5845219999901,0.9494949494949495,0.9494949494949495
er4,er4_m60_s0,es_learned,1,170,8510,1.3922720864045142,94.0,94.0,0.10917812556784114,0.0018216102534665268,20,38,0.01968209818005562,290.1735395999858,0.9494949494949495,0.9494949494949495
er4,er4_m60_s0,es_learned,1,175,8760,1.3922720864045142,94.0,94.0,0.10917812556784114,0.0018216102534665268,20,38,0.015971066430211067,300.04786560003413,0.9494949494949495,0.9494949494949495
er4,er4_m60_s0,es_learned,1,180,9010,1.3952806462029061,94.0,94.0,0.10189607225974917,0.0018216102534664436,20,37,0.017559513449668884,309.82722059998196,0.9494949494949495,0.9494949494949495
er4,er4_m60_s0,es_learned,1,185,9260,1.4056736010600837,95.0,94.1,0.0923680882983357,0.001409474982222863,20,37,0.014155973680317402,315.4163161999895,0.9595959595959596,0.9505050505050504
er4,er4_m60_s0,es_learned,1,190,9510,1.4056736010600837,95.0,94.1,0.0923680882983357,0.001409474982222863,20,37,0.015973763540387154,325.1037766999798,0.9595959595959596,0.9505050505050504
er4,er4_m60_s0,es_learned,1,195,9760,1.4056736010600837,95.0,94.1,0.0923680882983357,0.001409474982222863,20,37,0.017402395606040955,334.95766810001805,0.9595959595959596,0.9505050505050504
er4,er4_m60_s0,es_learned,1,200,10010,1.4056736010600837,95.0,94.1,0.0923680882983357,0.001409474982222863,20,37,0.016626529395580292,340.4513468000223,0.9595959595959596,0.9505050505050504
er4,er4_m60_s0,es_learned,1,205,10260,1.4056736010600837,95.0,94.1,0.0923680882983357,0.001409474982222863,20,37,0.019308149814605713,350.2511115000234,0.9595959595959596,0.9505050505050504
er4,er4_m60_s0,es_learned,1,210,10510,1.4056736010600837,95.0,94.2,0.0923680882983357,0.001409474982222863,20,37,0.021087098866701126,359.9880649999832,0.9595959595959596,0.9515151515151515
er4,er4_m60_s0,es_learned,1,215,10760,1.4056736010600837,95.0,94.3,0.0923680882983357,0.001409474982222863,20,37,0.0205533429980278,365.45417859999,0.9595959595959596,0.9525252525252524
er4,er4_m60_s0,es_learned,1,220,11010,1.4056736010600837,95.0,94.3,0.0923680882983357,0.001409474982222863,20,37,0.018077444285154343,375.67442049999954,0.9595959595959596,0.9525252525252524
er4,er4_m60_s0,es_learned,1,225,11260,1.4056736010600837,95.0,94.4,0.0923680882983357,0.0014094749822229913,20,38,0.01122826524078846,385.18793610000284,0.9595959595959596,0.9535353535353536
er4,er4_m60_s0,es_learned,1,230,11510,1.4056736010600837,95.0,94.8,0.0923680882983357,0.001409474982222863,20,37,0.014635603874921799,390.771531699982,0.9595959595959596,0.9575757575757575
er4,er4_m60_s0,es_learned,1,235,11760,1.4056736010600837,95.0,95.0,0.0923680882983357,0.001409474982222863,20,37,0.016838986426591873,400.6218634999823,0.9595959595959596,0.9595959595959596
er4,er4_m60_s0,es_learned,1,240,12010,1.413080217865324,95.0,95.0,0.10046985924796484,0.0018216102534667489,20,37,0.011581288650631905,410.4280770000187,0.9595959595959596,0.9595959595959596
er4,er4_m60_s0,es_learned,1,245,12260,1.413080217865324,95.0,95.0,0.10046985924796484,0.0018216102534667489,20,37,0.015955965965986252,415.974038299988,0.9595959595959596,0.9595959595959596
er4,er4_m60_s0,es_learned,1,250,12510,1.413080217865324,95.0,95.0,0.10046985924796484,0.0018216102534667489,20,37,0.015475676394999027,425.8756175999879,0.9595959595959596,0.9595959595959596
er4,er4_m60_s0,es_learned,1,255,12760,1.413080217865324,95.0,95.0,0.10046985924796484,0.0018216102534667489,20,37,0.010771721601486206,435.59028320002835,0.9595959595959596,0.9595959595959596
er4,er4_m60_s0,es_learned,1,260,13010,1.413080217865324,95.0,95.0,0.10046985924796484,0.0018216102534664713,20,37,0.014098617248237133,441.07407969998894,0.9595959595959596,0.9595959595959596
er4,er4_m60_s0,es_learned,1,265,13260,1.4137777160539877,95.0,95.0,0.10079748018438808,0.00013791998823121931,20,37,0.015406361781060696,450.9374330000137,0.9595959595959596,0.9595959595959596
er4,er4_m60_s0,es_learned,1,270,13510,1.4137777160539877,95.0,95.0,0.10079748018438808,0.00013791998823121931,20,37,0.011579718440771103,460.7251349000144,0.9595959595959596,0.9595959595959596
er4,er4_m60_s0,es_learned,1,275,13760,1.4137777160539877,95.0,95.0,0.10079748018438808,0.00013791998823121931,20,37,0.012622160837054253,466.1873026000103,0.9595959595959596,0.9595959595959596
er4,er4_m60_s0,es_learned,1,280,14010,1.4137777160539877,95.0,95.0,0.10079748018438808,0.00013791998823121931,20,37,0.013763315975666046,476.0312401999836,0.9595959595959596,0.9595959595959596
er4,er4_m60_s0,es_learned,1,285,14260,1.4137777160539877,95.0,95.0,0.10079748018438808,0.00013791998823121931,20,37,0.011936992406845093,485.9152410000097,0.9595959595959596,0.9595959595959596
er4,er4_m60_s0,es_learned,1,290,14510,1.4137777160539877,95.0,95.0,0.10079748018438808,0.00013791998823121931,20,37,0.012873543426394463,491.54507749999175,0.9595959595959596,0.9595959595959596
er4,er4_m60_s0,es_learned,1,295,14760,1.4137777160539877,95.0,95.0,0.10079748018438808,0.00013791998823121931,20,37,0.013422643765807152,501.3382299999939,0.9595959595959596,0.9595959595959596
er4,er4_m60_s0,es_learned,1,300,15010,1.4137777160539877,95.0,95.0,0.10079748018438808,0.00013791998823121931,20,37,0.008822162635624409,511.00368470000103,0.9595959595959596,0.9595959595959596
er4,er4_m60_s0,es_learned,1,305,15260,1.4137777160539877,95.0,95.0,0.10079748018438815,0.00013791998823152463,20,36,0.01247360184788704,516.7104285000241,0.9595959595959596,0.9595959595959596
er4,er4_m60_s0,es_learned,1,310,15510,1.4137777160539877,95.0,95.0,0.10079748018438814,0.00013791998823117074,20,37,0.011237428523600101,526.8524993000319,0.9595959595959596,0.9595959595959596
er4,er4_m60_s0,es_learned,1,315,15760,1.4137777160539877,95.0,95.0,0.10079748018438821,0.00013791998823137197,20,37,0.012860712595283985,536.6069944000337,0.9595959595959596,0.9595959595959596
er4,er4_m60_s0,es_learned,1,320,16010,1.4137777160539877,95.0,95.0,0.10079748018438815,0.00013791998823152463,20,36,0.012390381656587124,542.0568907000124,0.9595959595959596,0.9595959595959596
er4,er4_m60_s0,es_learned,1,325,16260,1.4137777160539877,95.0,95.0,0.10079748018438822,0.00013791998823130952,20,37,0.011087331920862198,551.677221800026,0.9595959595959596,0.9595959595959596
er4,er4_m60_s0,es_learned,1,330,16510,1.4137777160539877,95.0,95.0,0.10079748018438821,0.00013791998823137197,20,37,0.011859611608088017,561.3340661000111,0.9595959595959596,0.9595959595959596
er4,er4_m60_s0,es_learned,1,335,16760,1.4137777160539877,95.0,95.0,0.10079748018438822,0.00013791998823130952,20,37,0.010431877337396145,566.8501633999986,0.9595959595959596,0.9595959595959596
er4,er4_m60_s0,es_learned,1,340,17010,1.4137777160539877,95.0,95.0,0.10079748018438822,0.00013791998823130952,20,37,0.0111568383872509,576.7756354000303,0.9595959595959596,0.9595959595959596
er4,er4_m60_s0,es_learned,1,345,17260,1.4137777160539877,95.0,95.0,0.10079748018438821,0.00013791998823137197,20,37,0.012574749067425728,586.5468556000269,0.9595959595959596,0.9595959595959596
er4,er4_m60_s0,es_learned,1,350,17510,1.4153082040049294,95.0,95.0,0.0980290506676457,0.0001379199882311638,20,37,0.010428502224385738,592.2543257999932,0.9595959595959596,0.9595959595959596
er4,er4_m60_s0,es_learned,1,355,17760,1.4153082040049294,95.0,95.0,0.0980290506676457,0.0001379199882311638,20,37,0.011876438744366169,602.3497281000018,0.9595959595959596,0.9595959595959596
er4,er4_m60_s0,es_learned,1,360,18010,1.4153082040049294,95.0,95.0,0.0980290506676457,0.0001379199882311638,20,37,0.009675952605903149,612.2848132000072,0.9595959595959596,0.9595959595959596
er4,er4_m60_s0,es_learned,1,365,18260,1.4153082040049294,95.0,95.0,0.0980290506676457,0.0001379199882311638,20,37,0.010962829925119877,617.7145198999788,0.9595959595959596,0.9595959595959596
er4,er4_m60_s0,es_learned,1,370,18510,1.4153082040049294,95.0,95.0,0.0980290506676457,0.0001379199882311638,20,37,0.008261701092123985,627.5599471000023,0.9595959595959596,0.9595959595959596
er4,er4_m60_s0,es_learned,1,375,18760,1.4153082040049294,95.0,95.0,0.0980290506676457,0.00013791998823131646,20,36,0.008730411529541016,637.3225794000318,0.9595959595959596,0.9595959595959596
er4,er4_m60_s0,es_learned,1,380,19010,1.4153082040049294,95.0,95.0,0.0980290506676457,0.00013791998823131646,20,36,0.008279948495328426,643.0970631000237,0.9595959595959596,0.9595959595959596
er4,er4_m60_s0,es_learned,1,385,19260,1.4153082040049294,95.0,95.0,0.0980290506676457,0.00013791998823131646,20,36,0.009358520619571209,653.0339712999994,0.9595959595959596,0.9595959595959596
er4,er4_m60_s0,es_learned,1,390,19510,1.4153082040049294,95.0,95.0,0.09802905066764564,0.00013791998823138585,20,37,0.010095231235027313,663.0387338,0.9595959595959596,0.9595959595959596
er4,er4_m60_s0,es_learned,1,395,19760,1.4153082040049294,95.0,95.0,0.0980290506676457,0.00013791998823114993,20,37,0.009098710492253304,668.8577013000031,0.9595959595959596,0.9595959595959596
er4,er4_m60_s0,es_learned,1,400,20010,1.4153082040049296,95.0,95.0,0.0980290506676458,0.00013791998823119156,20,37,0.008439569734036922,678.7135144000058,0.9595959595959596,0.9595959595959596
er4,er4_m60_s0,es_learned,2,0,10,0.7786424105292553,58.0,59.8,0.03190252217659621,0.0017974010528312402,20,35,,0.050253599998541176,0.5858585858585859,0.604040404040404
er4,er4_m60_s0,es_learned,2,5,260,1.0709008167784964,77.0,74.5,0.04251737869700535,0.0014613738522493234,20,31,0.14842379093170166,5.680050700029824,0.7777777777777778,0.7525252525252525
er4,er4_m60_s0,es_learned,2,10,510,1.1132413387678306,80.0,77.2,0.057909917063743994,0.0034200003186489435,20,32,0.10557179152965546,15.562575399992056,0.8080808080808081,0.7797979797979798
er4,er4_m60_s0,es_learned,2,15,760,1.2141622992868768,84.0,82.4,0.09574883783682347,0.0010393331325897759,20,33,0.09068773686885834,25.359683300019242,0.8484848484848485,0.8323232323232324
er4,er4_m60_s0,es_learned,2,20,1010,1.2531958391481137,87.0,85.3,0.09743900416724509,0.004989563965647811,20,33,0.08984875679016113,31.0553280999884,0.8787878787878788,0.8616161616161616
er4,er4_m60_s0,es_learned,2,25,1260,1.2539877927181515,87.0,85.8,0.09232441075922107,0.004311316250175201,20,33,0.08169558644294739,40.88585750001948,0.8787878787878788,0.8666666666666666
er4,er4_m60_s0,es_learned,2,30,1510,1.2597691329248046,87.0,86.9,0.0858840695285894,0.000745337029475001,20,33,0.047359783202409744,50.60115479998058,0.8787878787878788,0.8777777777777779
er4,er4_m60_s0,es_learned,2,35,1760,1.280039955733057,88.0,87.6,0.10296241613454049,0.0016056181938548728,20,33,0.05162643641233444,56.11504910001531,0.8888888888888888,0.8848484848484848
er4,er4_m60_s0,es_learned,2,40,2010,1.3014460888586865,89.0,87.9,0.10968400873058119,0.0009611198442686271,20,34,0.04312080144882202,65.96452350000618,0.898989898989899,0.8878787878787879
er4,er4_m60_s0,es_learned,2,45,2260,1.3014460888586865,89.0,88.2,0.10968400873058119,0.0009611198442686271,20,34,0.04285198077559471,75.75359510001726,0.898989898989899,0.890909090909091
er4,er4_m60_s0,es_learned,2,50,2510,1.3014460888586865,89.0,88.2,0.10968400873058119,0.0009611198442686271,20,34,0.034074150025844574,81.37367770000128,0.898989898989899,0.890909090909091
er4,er4_m60_s0,es_learned,2,55,2760,1.3014460888586865,89.0,88.2,0.10968400873058119,0.0009611198442686271,20,34,0.032063379883766174,91.19281869998667,0.898989898989899,0.890909090909091
er4,er4_m60_s0,es_learned,2,60,3010,1.306336130751218,90.0,89.1,0.09569561577960477,0.0009611198442685612,20,34,0.03689233958721161,101.05942150001647,0.9090909090909091,0.8999999999999999
er4,er4_m60_s0,es_learned,2,65,3260,1.3132341815593516,90.0,89.8,0.11645855869998478,9.960677589990197e-05,20,33,0.023869886994361877,106.82865829998627,0.9090909090909091,0.907070707070707
er4,er4_m60_s0,es_learned,2,70,3510,1.3136154503570845,90.0,89.9,0.10960298395063288,0.0002721915116052215,20,34,0.02842293307185173,116.55598830000963,0.9090909090909091,0.9080808080808082
er4,er4_m60_s0,es_learned,2,75,3760,1.3136154503570845,90.0,90.0,0.10960298395063288,0.0002721915116052215,20,34,0.02070952020585537,126.40998280001804,0.9090909090909091,0.9090909090909091
er4,er4_m60_s0,es_learned,2,80,4010,1.3136154503570847,90.0,90.0,0.10960298395063317,0.00027219151160539495,20,33,0.022311458364129066,131.99590550002176,0.9090909090909091,0.9090909090909091
er4,er4_m60_s0,es_learned,2,85,4260,1.3136154503570847,90.0,90.0,0.10960298395063317,0.00027219151160539495,20,33,0.025938112288713455,141.76250230002915,0.9090909090909091,0.9090909090909091
er4,er4_m60_s0,es_learned,2,90,4510,1.3136154503570847,90.0,90.0,0.10960298395063317,0.00027219151160539495,20,33,0.02124752849340439,151.7325555999996,0.9090909090909091,0.9090909090909091
er4,er4_m60_s0,es_learned,2,95,4760,1.3136154503570847,90.0,90.0,0.10960298395063317,0.00027219151160539495,20,33,0.025291811674833298,157.42192480002996,0.9090909090909091,0.9090909090909091
er4,er4_m60_s0,es_learned,2,100,5010,1.3136154503570847,90.0,90.0,0.10960298395063317,0.00027219151160539495,20,33,0.021976783871650696,167.42038480000338,0.9090909090909091,0.9090909090909091
er4,er4_m60_s0,es_learned,2,105,5260,1.3180847544109733,90.0,90.0,0.09516879119235738,0.0009041133768597004,20,33,0.01790880411863327,177.42736139998306,0.9090909090909091,0.9090909090909091
er4,er4_m60_s0,es_learned,2,110,5510,1.3180847544109733,90.0,90.0,0.09516879119235738,0.0009041133768597004,20,33,0.024975493550300598,183.14166939997813,0.9090909090909091,0.9090909090909091
er4,er4_m60_s0,es_learned,2,115,5760,1.3180847544109733,90.0,90.0,0.09516879119235738,0.0009041133768597004,20,33,0.021407485008239746,192.99092850001762,0.9090909090909091,0.9090909090909091
er4,er4_m60_s0,es_learned,2,120,6010,1.3180847544109733,90.0,90.0,0.09516879119235738,0.0009041133768597004,20,33,0.01850205846130848,202.76356729998952,0.9090909090909091,0.9090909090909091
er4,er4_m60_s0,es_learned,2,125,6260,1.3188374048792664,90.0,90.0,0.10695622567890908,0.0004993858830417766,20,34,0.018420536071062088,208.35464610002236,0.9090909090909091,0.9090909090909091
er4,er4_m60_s0,es_learned,2,130,6510,1.3188374048792664,90.0,90.0,0.10695622567890908,0.0004993858830417766,20,34,0.016523651778697968,218.10826319997432,0.9090909090909091,0.9090909090909091
er4,er4_m60_s0,es_learned,2,135,6760,1.3188374048792664,90.0,90.0,0.10695622567890908,0.0004993858830417766,20,34,0.01832660101354122,228.13014860003022,0.9090909090909091,0.9090909090909091
er4,er4_m60_s0,es_learned,2,140,7010,1.3188374048792664,90.0,90.0,0.10695622567890908,0.0004993858830417766,20,34,0.023737264797091484,233.74732199998107,0.9090909090909091,0.9090909090909091
er4,er4_m60_s0,es_learned,2,145,7260,1.3188374048792664,90.0,90.0,0.10695622567890908,0.0004993858830417766,20,34,0.01793041080236435,243.7073877999792,0.9090909090909091,0.9090909090909091
er4,er4_m60_s0,es_learned,2,150,7510,1.3216869407147795,90.0,90.0,0.10870563562430645,1.874717506440693e-05,20,34,0.017781725153326988,253.63560739997774,0.9090909090909091,0.9090909090909091
er4,er4_m60_s0,es_learned,2,155,7760,1.3216869407147795,90.0,90.0,0.10870563562430645,1.874717506440693e-05,20,34,0.01659678854048252,259.2539621000178,0.9090909090909091,0.9090909090909091
er4,er4_m60_s0,es_learned,2,160,8010,1.3216869407147795,90.0,90.0,0.10870563562430645,1.874717506440693e-05,20,34,0.016367372125387192,269.1575812000083,0.9090909090909091,0.9090909090909091
er4,er4_m60_s0,es_learned,2,165,8260,1.3216869407147795,90.0,90.0,0.10870563562430641,1.874717506426815e-05,20,34,0.017069056630134583,279.24739269999554,0.9090909090909091,0.9090909090909091
er4,er4_m60_s0,es_learned,2,170,8510,1.322058450861628,90.0,90.0,0.10643950979909228,0.0003637275658447039,20,34,0.012006619945168495,284.70329929998843,0.9090909090909091,0.9090909090909091
er4,er4_m60_s0,es_learned,2,175,8760,1.322058450861628,90.0,90.0,0.10643950979909242,0.00036372756584473684,20,34,0.016374744474887848,294.63579369999934,0.9090909090909091,0.9090909090909091
er4,er4_m60_s0,es_learned,2,180,9010,1.322058450861628,90.0,90.0,0.10643950979909242,0.00036372756584473684,20,34,0.017146240919828415,304.3933288999833,0.9090909090909091,0.9090909090909091
er4,er4_m60_s0,es_learned,2,185,9260,1.3220584508616282,90.0,90.0,0.10643950979909249,0.00036372756584475766,20,34,0.012637917883694172,310.0147913999972,0.9090909090909091,0.9090909090909091
er4,er4_m60_s0,es_learned,2,190,9510,1.3220584508616282,90.0,90.0,0.10643950979909249,0.00036372756584475766,20,34,0.0121912881731987,319.8988563999883,0.9090909090909091,0.9090909090909091
er4,er4_m60_s0,es_learned,2,195,9760,1.3220584508616282,90.0,90.0,0.10643950979909249,0.00036372756584475766,20,34,0.016912125051021576,329.57899499998894,0.9090909090909091,0.9090909090909091
er4,er4_m60_s0,es_learned,2,200,10010,1.3220584508616282,90.0,90.0,0.10643950979909246,0.0003637275658446605,20,34,0.019495932385325432,335.14006940001855,0.9090909090909091,0.9090909090909091
er4,er4_m60_s0,es_learned,2,205,10260,1.3220584508616282,90.0,90.0,0.10643950979909249,0.00036372756584475766,20,34,0.013968905434012413,344.924107800005,0.9090909090909091,0.9090909090909091
er4,er4_m60_s0,es_learned,2,210,10510,1.3223391376579419,90.0,90.0,0.1094075833602505,0.002109415709233788,20,33,0.010739714838564396,354.8705884999945,0.9090909090909091,0.9090909090909091
er4,er4_m60_s0,es_learned,2,215,10760,1.3223391376579419,90.0,90.0,0.1094075833602505,0.002109415709233788,20,33,0.01151006855070591,360.3719913000241,0.9090909090909091,0.9090909090909091
er4,er4_m60_s0,es_learned,2,220,11010,1.3223391376579419,90.0,90.0,0.1094075833602505,0.002109415709233788,20,33,0.008515458554029465,370.2481643999927,0.9090909090909091,0.9090909090909091
er4,er4_m60_s0,es_learned,2,225,11260,1.3223391376579419,90.0,90.0,0.1094075833602505,0.002109415709233788,20,33,0.01261807419359684,380.19787059997907,0.9090909090909091,0.9090909090909091
er4,er4_m60_s0,es_learned,2,230,11510,1.3223391376579419,90.0,90.0,0.1094075833602506,0.0021094157092338417,20,33,0.013250861316919327,385.7378651999752,0.9090909090909091,0.9090909090909091
er4,er4_m60_s0,es_learned,2,235,11760,1.3223391376579419,90.0,90.0,0.10940758336025047,0.0021094157092338,20,33,0.011117353104054928,395.4951669999864,0.9090909090909091,0.9090909090909091
er4,er4_m60_s0,es_learned,2,240,12010,1.322339137657942,90.0,90.0,0.10940758336025061,0.0021094157092337584,20,32,0.012130651623010635,405.61941809998825,0.9090909090909091,0.9090909090909091
er4,er4_m60_s0,es_learned,2,245,12260,1.322339137657942,90.0,90.0,0.10940758336025061,0.0021094157092337584,20,32,0.011953427456319332,411.5785743999877,0.9090909090909091,0.9090909090909091
er4,er4_m60_s0,es_learned,2,250,12510,1.322339137657942,90.0,90.0,0.10940758336025061,0.0021094157092337584,20,32,0.010538584552705288,421.2611457000021,0.9090909090909091,0.9090909090909091
er4,er4_m60_s0,es_learned,2,255,12760,1.322339137657942,90.0,90.0,0.10940758336025071,0.0021094157092338417,20,32,0.01228928193449974,430.9816576000303,0.9090909090909091,0.9090909090909091
er4,er4_m60_s0,es_learned,2,260,13010,1.3226176666321592,90.0,90.0,0.10659470911285648,0.0014567349886177895,20,32,0.010173937305808067,436.6276197999832,0.9090909090909091,0.9090909090909091
er4,er4_m60_s0,es_learned,2,265,13260,1.3226176666321592,90.0,90.0,0.10659470911285648,0.0014567349886177895,20,32,0.011530661024153233,446.4482943000039,0.9090909090909091,0.9090909090909091
er4,er4_m60_s0,es_learned,2,270,13510,1.3226176666321592,90.0,90.0,0.10659470911285648,0.0014567349886177895,20,32,0.011064967140555382,456.1025195000111,0.9090909090909091,0.9090909090909091
er4,er4_m60_s0,es_learned,2,275,13760,1.3226176666321592,90.0,90.0,0.10659470911285648,0.0014567349886177895,20,32,0.009384284727275372,461.6279663000023,0.9090909090909091,0.9090909090909091
er4,er4_m60_s0,es_learned,2,280,14010,1.3226176666321592,90.0,90.0,0.10659470911285648,0.0014567349886177895,20,32,0.010428179055452347,471.34496870002476,0.9090909090909091,0.9090909090909091
er4,er4_m60_s0,es_learned,2,285,14260,1.3226176666321592,90.0,90.0,0.10659470911285648,0.0014567349886177895,20,32,0.009504791349172592,481.0082690999843,0.9090909090909091,0.9090909090909091
er4,er4_m60_s0,es_learned,2,290,14510,1.3226176666321592,90.0,90.0,0.10659470911285648,0.0014567349886177895,20,32,0.009160165674984455,486.5357584999874,0.9090909090909091,0.9090909090909091
er4,er4_m60_s0,es_learned,2,295,14760,1.3226176666321592,90.0,90.0,0.10659470911285648,0.0014567349886177895,20,32,0.009908482432365417,496.387499000004,0.9090909090909091,0.9090909090909091
er4,er4_m60_s0,es_learned,2,300,15010,1.3226176666321592,90.0,90.0,0.10659470911285648,0.0014567349886177895,20,32,0.008967001922428608,506.11500320001505,0.9090909090909091,0.9090909090909091
er4,er4_m60_s0,es_learned,2,305,15260,1.3226176666321592,90.0,90.0,0.10659470911285648,0.0014567349886177895,20,32,0.008586711250245571,511.6585583999986,0.9090909090909091,0.9090909090909091
er4,er4_m60_s0,es_learned,2,310,15510,1.3226176666321592,90.0,90.0,0.10659470911285648,0.0014567349886177895,20,32,0.010900327935814857,521.5931642000214,0.9090909090909091,0.9090909090909091
er4,er4_m60_s0,es_learned,2,315,15760,1.3226176666321592,90.0,90.0,0.10659470911285648,0.0014567349886177895,20,32,0.011571009643375874,531.3618127999944,0.9090909090909091,0.9090909090909091
er4,er4_m60_s0,es_learned,2,320,16010,1.3226176666321592,90.0,90.0,0.10659470911285648,0.0014567349886177895,20,32,0.008641703054308891,536.8910724000307,0.9090909090909091,0.9090909090909091
er4,er4_m60_s0,es_learned,2,325,16260,1.3226176666321592,90.0,90.0,0.10659470911285648,0.0014567349886177895,20,32,0.007605147082358599,546.5865881000063,0.9090909090909091,0.9090909090909091
er4,er4_m60_s0,es_learned,2,330,16510,1.3226176666321592,90.0,90.0,0.10659470911285648,0.0014567349886177895,20,32,0.009842981584370136,556.357703000016,0.9090909090909091,0.9090909090909091
er4,er4_m60_s0,es_learned,2,335,16760,1.3226176666321592,90.0,90.0,0.10659470911285648,0.0014567349886177895,20,32,0.008970864117145538,562.3047627999913,0.9090909090909091,0.9090909090909091
er4,er4_m60_s0,es_learned,2,340,17010,1.3226176666321592,90.0,90.0,0.10659470911285653,0.001456734988617897,20,33,0.008993884548544884,572.0049333000206,0.9090909090909091,0.9090909090909091
er4,er4_m60_s0,es_learned,2,345,17260,1.3226176666321592,90.0,90.0,0.10659470911285648,0.0014567349886177895,20,32,0.007550724782049656,581.6454813000164,0.9090909090909091,0.9090909090909091
er4,er4_m60_s0,es_learned,2,350,17510,1.3226176666321592,90.0,90.0,0.10659470911285648,0.0014567349886177895,20,32,0.008928542956709862,587.140479499998,0.9090909090909091,0.9090909090909091
er4,er4_m60_s0,es_learned,2,355,17760,1.3226176666321592,90.0,90.0,0.10659470911285648,0.0014567349886177895,20,32,0.008851288817822933,596.7475211999845,0.9090909090909091,0.9090909090909091
er4,er4_m60_s0,es_learned,2,360,18010,1.3226176666321592,90.0,90.0,0.10659470911285648,0.0014567349886177895,20,32,0.007263501640409231,606.3798792000161,0.9090909090909091,0.9090909090909091
er4,er4_m60_s0,es_learned,2,365,18260,1.3226176666321592,90.0,90.0,0.10659470911285648,0.0014567349886177895,20,32,0.0077789234928786755,612.1179837000091,0.9090909090909091,0.9090909090909091
er4,er4_m60_s0,es_learned,2,370,18510,1.3226176666321592,90.0,90.0,0.10659470911285648,0.0014567349886177895,20,32,0.00838699471205473,621.8891245999839,0.9090909090909091,0.9090909090909091
er4,er4_m60_s0,es_learned,2,375,18760,1.3226176666321592,90.0,90.0,0.10659470911285657,0.0014567349886178,20,33,0.007413550280034542,631.6477038000012,0.9090909090909091,0.9090909090909091
er4,er4_m60_s0,es_learned,2,380,19010,1.3226176666321592,90.0,90.0,0.10659470911285657,0.0014567349886178,20,33,0.007318535819649696,637.1135817000177,0.9090909090909091,0.9090909090909091
er4,er4_m60_s0,es_learned,2,385,19260,1.3226176666321592,90.0,90.0,0.10659470911285648,0.0014567349886177895,20,32,0.0065678623504936695,646.7336077999789,0.9090909090909091,0.9090909090909091
er4,er4_m60_s0,es_learned,2,390,19510,1.3226176666321592,90.0,90.0,0.10659470911285657,0.0014567349886178,20,33,0.00761666614562273,656.5709408000112,0.9090909090909091,0.9090909090909091
er4,er4_m60_s0,es_learned,2,395,19760,1.3226176666321592,90.0,90.0,0.10659470911285648,0.0014567349886177895,20,32,0.006929785944521427,662.1402428000001,0.9090909090909091,0.9090909090909091
er4,er4_m60_s0,es_learned,2,400,20010,1.3226176666321592,90.0,90.0,0.10659470911285648,0.0014567349886177895,20,32,0.007712149992585182,671.9291207999922,0.9090909090909091,0.9090909090909091
er4,er4_m60_s0,es_learned,3,0,10,0.8266991240769128,61.0,56.5,0.043618584570616764,1.984089975648473e-17,20,32,,0.041683999996166676,0.6161616161616161,0.5707070707070707
er4,er4_m60_s0,es_learned,3,5,260,0.9957680876923607,73.0,71.9,0.06557076223384384,0.0008343510812398383,20,35,0.08013343065977097,5.590284199977759,0.7373737373737373,0.7262626262626263
er4,er4_m60_s0,es_learned,3,10,510,1.113697710931977,78.0,79.2,0.07705475059466667,0.0026390952996730773,20,39,0.10880431532859802,15.281700599996839,0.7878787878787878,0.8
er4,er4_m60_s0,es_learned,3,15,760,1.2117397838846078,84.0,81.0,0.07513722496087372,0.0012222684384167737,20,38,0.09465228021144867,25.002647499961313,0.8484848484848485,0.8181818181818182
er4,er4_m60_s0,es_learned,3,20,1010,1.263064058645963,88.0,84.3,0.0933428220717703,0.00043831041024611217,20,37,0.08778345584869385,30.71577069995692,0.8888888888888888,0.8515151515151514
er4,er4_m60_s0,es_learned,3,25,1260,1.263064058645963,88.0,85.9,0.0933428220717703,0.00043831041024611217,20,37,0.0825648382306099,40.55133609997574,0.8888888888888888,0.8676767676767677
er4,er4_m60_s0,es_learned,3,30,1510,1.2800574442931238,89.0,87.9,0.09540472632069577,0.001052263062043205,20,38,0.053909484297037125,50.138111000007484,0.898989898989899,0.8878787878787879
er4,er4_m60_s0,es_learned,3,35,1760,1.280057444293124,89.0,88.3,0.09540472632069584,0.0010522630620431982,20,38,0.055282846093177795,55.66096379997907,0.898989898989899,0.8919191919191919
er4,er4_m60_s0,es_learned,3,40,2010,1.280057444293124,89.0,88.5,0.09540472632069584,0.0010522630620431982,20,38,0.031156664714217186,65.47875449998537,0.898989898989899,0.8939393939393939
er4,er4_m60_s0,es_learned,3,45,2260,1.280357617757786,89.0,89.0,0.09618276477096907,0.0012658062483472399,20,36,0.03721129521727562,75.11364779999712,0.898989898989899,0.898989898989899
er4,er4_m60_s0,es_learned,3,50,2510,1.2803576177577862,89.0,89.0,0.09618276477096899,0.0012658062483471982,20,36,0.0424547977745533,80.6748263000045,0.898989898989899,0.898989898989899
er4,er4_m60_s0,es_learned,3,55,2760,1.2803576177577862,89.0,89.0,0.09618276477096899,0.0012658062483471982,20,36,0.03019474446773529,90.44881319999695,0.898989898989899,0.898989898989899
er4,er4_m60_s0,es_learned,3,60,3010,1.2803576177577862,89.0,89.0,0.09618276477096904,0.0012658062483471566,20,36,0.027473201975226402,100.14902780001285,0.898989898989899,0.898989898989899
er4,er4_m60_s0,es_learned,3,65,3260,1.2803576177577862,89.0,89.0,0.09618276477096904,0.0012658062483471566,20,36,0.033574510365724564,105.656691399985,0.898989898989899,0.898989898989899
er4,er4_m60_s0,es_learned,3,70,3510,1.2803576177577862,89.0,89.0,0.09618276477096899,0.0012658062483471982,20,36,0.02576247602701187,115.45006649999414,0.898989898989899,0.898989898989899
er4,er4_m60_s0,es_learned,3,75,3760,1.2803576177577862,89.0,89.0,0.09618276477096899,0.0012658062483471982,20,36,0.021510904654860497,125.29809379996732,0.898989898989899,0.898989898989899
er4,er4_m60_s0,es_learned,3,80,4010,1.2803576177577862,89.0,89.0,0.09618276477096897,0.0012658062483471288,20,35,0.021750787273049355,131.00258380000014,0.898989898989899,0.898989898989899
er4,er4_m60_s0,es_learned,3,85,4260,1.2803576177577862,89.0,89.0,0.09618276477096899,0.0012658062483471982,20,36,0.019962172955274582,141.1014612999861,0.898989898989899,0.898989898989899
er4,er4_m60_s0,es_learned,3,90,4510,1.2803576177577862,89.0,89.0,0.09618276477096901,0.001265806248347226,20,36,0.01684572547674179,150.7405323999701,0.898989898989899,0.898989898989899
er4,er4_m60_s0,es_learned,3,95,4760,1.2803576177577862,89.0,89.0,0.09618276477096897,0.0012658062483471288,20,35,0.01850026659667492,156.35590969998157,0.898989898989899,0.898989898989899
er4,er4_m60_s0,es_learned,3,100,5010,1.2803576177577862,89.0,89.0,0.09618276477096899,0.0012658062483471982,20,36,0.021343089640140533,166.19179620000068,0.898989898989899,0.898989898989899
er4,er4_m60_s0,es_learned,3,105,5260,1.2803576177577862,89.0,89.0,0.09618276477096906,0.0012658062483471705,20,35,0.018254736438393593,175.68479019997176,0.898989898989899,0.898989898989899
er4,er4_m60_s0,es_learned,3,110,5510,1.2803576177577862,89.0,89.0,0.09618276477096897,0.0012658062483471288,20,35,0.016464851796627045,181.28554969996912,0.898989898989899,0.898989898989899
er4,er4_m60_s0,es_learned,3,115,5760,1.2803576177577862,89.0,89.0,0.09618276477096899,0.0012658062483471982,20,36,0.014210348948836327,191.14246050000656,0.898989898989899,0.898989898989899
er4,er4_m60_s0,es_learned,3,120,6010,1.2803576177577862,89.0,89.0,0.09618276477096903,0.001265806248347226,20,35,0.014259064570069313,201.0780328999972,0.898989898989899,0.898989898989899
er4,er4_m60_s0,es_learned,3,125,6260,1.2803576177577862,89.0,89.0,0.09618276477096899,0.0012658062483471982,20,36,0.018486125394701958,206.60846109996783,0.898989898989899,0.898989898989899
er4,er4_m60_s0,es_learned,3,130,6510,1.2803576177577862,89.0,89.0,0.09618276477096899,0.0012658062483471982,20,36,0.01478888001292944,216.5188044999959,0.898989898989899,0.898989898989899
er4,er4_m60_s0,es_learned,3,135,6760,1.2803576177577862,89.0,89.0,0.09618276477096901,0.0012658062483471566,20,35,0.013560418970882893,226.310527499998,0.898989898989899,0.898989898989899
er4,er4_m60_s0,es_learned,3,140,7010,1.2803576177577862,89.0,89.0,0.09618276477096913,0.0012658062483471566,20,35,0.016607940196990967,231.82113609998487,0.898989898989899,0.898989898989899
er4,er4_m60_s0,es_learned,3,145,7260,1.2803576177577862,89.0,89.0,0.09618276477096911,0.0012658062483471427,20,36,0.016902079805731773,241.80587459995877,0.898989898989899,0.898989898989899
er4,er4_m60_s0,es_learned,3,150,7510,1.2803576177577862,89.0,89.0,0.09618276477096913,0.0012658062483471566,20,35,0.017159266397356987,251.63822329998948,0.898989898989899,0.898989898989899
er4,er4_m60_s0,es_learned,3,155,7760,1.2803576177577862,89.0,89.0,0.09618276477096913,0.0012658062483471566,20,34,0.014008842408657074,257.21496809995733,0.898989898989899,0.898989898989899
er4,er4_m60_s0,es_learned,3,160,8010,1.2803576177577862,89.0,89.0,0.09618276477096904,0.0012658062483471566,20,36,0.013907897286117077,267.1485504999873,0.898989898989899,0.898989898989899
er4,er4_m60_s0,es_learned,3,165,8260,1.2803576177577862,89.0,89.0,0.09618276477096907,0.0012658062483471705,20,35,0.013295145705342293,276.98298059997614,0.898989898989899,0.898989898989899
er4,er4_m60_s0,es_learned,3,170,8510,1.2803576177577862,89.0,89.0,0.09618276477096899,0.0012658062483471427,20,36,0.011866483837366104,282.6631568999728,0.898989898989899,0.898989898989899
er4,er4_m60_s0,es_learned,3,175,8760,1.2803576177577862,89.0,89.0,0.09618276477096907,0.0012658062483471705,20,35,0.010680016130208969,292.35563339997316,0.898989898989899,0.898989898989899
er4,er4_m60_s0,es_learned,3,180,9010,1.2803576177577862,89.0,89.0,0.09618276477096913,0.0012658062483471566,20,34,0.011920315213501453,302.2694238999975,0.898989898989899,0.898989898989899
er4,er4_m60_s0,es_learned,3,185,9260,1.2803576177577862,89.0,89.0,0.09618276477096913,0.0012658062483471566,20,34,0.014554984867572784,307.8623873000033,0.898989898989899,0.898989898989899
er4,er4_m60_s0,es_learned,3,190,9510,1.2803576177577862,89.0,89.0,0.0961827647709691,0.0012658062483472815,20,35,0.011778677813708782,317.8454548000009,0.898989898989899,0.898989898989899
er4,er4_m60_s0,es_learned,3,195,9760,1.2803576177577862,89.0,89.0,0.09618276477096904,0.0012658062483471566,20,36,0.012584495358169079,327.74554380000336,0.898989898989899,0.898989898989899
er4,er4_m60_s0,es_learned,3,200,10010,1.2803576177577862,89.0,89.0,0.09618276477096908,0.0012658062483472121,20,34,0.010029386729001999,333.4655785000068,0.898989898989899,0.898989898989899
er4,er4_m60_s0,es_learned,3,205,10260,1.2803576177577862,89.0,89.0,0.09618276477096908,0.001265806248347101,20,35,0.01333621609956026,343.25137829995947,0.898989898989899,0.898989898989899
er4,er4_m60_s0,es_learned,3,210,10510,1.2803576177577862,89.0,89.0,0.09618276477096901,0.0012658062483471566,20,35,0.00874098390340805,353.1597958999919,0.898989898989899,0.898989898989899
er4,er4_m60_s0,es_learned,3,215,10760,1.2803576177577862,89.0,89.0,0.09618276477096908,0.001265806248347101,20,34,0.009205838665366173,358.82861490000505,0.898989898989899,0.898989898989899
er4,er4_m60_s0,es_learned,3,220,11010,1.2803576177577862,89.0,89.0,0.09618276477096915,0.0012658062483472399,20,34,0.010510530322790146,369.07268589996966,0.898989898989899,0.898989898989899
er4,er4_m60_s0,es_learned,3,225,11260,1.2803576177577862,89.0,89.0,0.09618276477096915,0.0012658062483472399,20,34,0.00922291912138462,378.9916736999876,0.898989898989899,0.898989898989899
er4,er4_m60_s0,es_learned,3,230,11510,1.2803576177577862,89.0,89.0,0.09618276477096915,0.0012658062483472399,20,34,0.008078022859990597,384.6171062999638,0.898989898989899,0.898989898989899
er4,er4_m60_s0,es_learned,3,235,11760,1.2803576177577862,89.0,89.0,0.09618276477096908,0.001265806248347101,20,35,0.008746756240725517,394.4532988999854,0.898989898989899,0.898989898989899
er4,er4_m60_s0,es_learned,3,240,12010,1.2803576177577862,89.0,89.0,0.0961827647709691,0.0012658062483472121,20,36,0.007845979183912277,404.3997773999581,0.898989898989899,0.898989898989899
er4,er4_m60_s0,es_learned,3,245,12260,1.2803576177577862,89.0,89.0,0.0961827647709691,0.0012658062483471844,20,33,0.008380953222513199,410.0672265999601,0.898989898989899,0.898989898989899
er4,er4_m60_s0,es_learned,3,250,12510,1.2803576177577862,89.0,89.0,0.09618276477096908,0.001265806248347101,20,35,0.011659950017929077,420.164568600012,0.898989898989899,0.898989898989899
er4,er4_m60_s0,es_learned,3,255,12760,1.2803576177577862,89.0,89.0,0.0961827647709691,0.0012658062483472121,20,36,0.009741517715156078,429.5526062999852,0.898989898989899,0.898989898989899
er4,er4_m60_s0,es_learned,3,260,13010,1.2803576177577862,89.0,89.0,0.096182764770969,0.0012658062483471288,20,34,0.01137852668762207,435.0706404999946,0.898989898989899,0.898989898989899
er4,er4_m60_s0,es_learned,3,265,13260,1.2803576177577862,89.0,89.0,0.0961827647709691,0.0012658062483471844,20,33,0.008288190700113773,444.52115129999584,0.898989898989899,0.898989898989899
er4,er4_m60_s0,es_learned,3,270,13510,1.2803576177577862,89.0,89.0,0.0961827647709691,0.0012658062483471982,20,34,0.00871104933321476,455.3003527999972,0.898989898989899,0.898989898989899
er4,er4_m60_s0,es_learned,3,275,13760,1.2803576177577862,89.0,89.0,0.09618276477096915,0.0012658062483472399,20,34,0.010917182080447674,461.6718720999779,0.898989898989899,0.898989898989899
er4,er4_m60_s0,es_learned,3,280,14010,1.2803576177577862,89.0,89.0,0.09618276477096913,0.0012658062483471566,20,35,0.0064719547517597675,473.61345830000937,0.898989898989899,0.898989898989899
er4,er4_m60_s0,es_learned,3,285,14260,1.2803576177577862,89.0,89.0,0.09618276477096908,0.0012658062483472121,20,34,0.008127681910991669,484.5098439999856,0.898989898989899,0.898989898989899
er4,er4_m60_s0,es_learned,3,290,14510,1.2803576177577862,89.0,89.0,0.09618276477096908,0.0012658062483472121,20,34,0.009199926629662514,490.43377369997324,0.898989898989899,0.898989898989899
er4,er4_m60_s0,es_learned,3,295,14760,1.2803576177577862,89.0,89.0,0.09618276477096901,0.0012658062483471566,20,35,0.009773545898497105,501.0421590000042,0.898989898989899,0.898989898989899
er4,er4_m60_s0,es_learned,3,300,15010,1.2803576177577862,89.0,89.0,0.0961827647709691,0.0012658062483471982,20,34,0.006479479838162661,511.3067456000135,0.898989898989899,0.898989898989899
er4,er4_m60_s0,es_learned,3,305,15260,1.2803576177577862,89.0,89.0,0.09618276477096908,0.0012658062483472121,20,34,0.006415322422981262,517.0235535000102,0.898989898989899,0.898989898989899
er4,er4_m60_s0,es_learned,3,310,15510,1.2803576177577862,89.0,89.0,0.0961827647709691,0.0012658062483471982,20,34,0.006603695452213287,527.0008633999969,0.898989898989899,0.898989898989899
er4,er4_m60_s0,es_learned,3,315,15760,1.2803576177577862,89.0,89.0,0.09618276477096903,0.0012658062483471566,20,35,0.006475299131125212,536.9711320999777,0.898989898989899,0.898989898989899
er4,er4_m60_s0,es_learned,3,320,16010,1.2803576177577862,89.0,89.0,0.0961827647709691,0.0012658062483471705,20,34,0.006673966534435749,542.5908995000063,0.898989898989899,0.898989898989899
er4,er4_m60_s0,es_learned,3,325,16260,1.2803576177577862,89.0,89.0,0.09618276477096908,0.0012658062483472121,20,34,0.008508139289915562,552.3574611999793,0.898989898989899,0.898989898989899
er4,er4_m60_s0,es_learned,3,330,16510,1.2803576177577862,89.0,89.0,0.09618276477096908,0.0012658062483472121,20,34,0.007700460497289896,562.2426224999945,0.898989898989899,0.898989898989899
er4,er4_m60_s0,es_learned,3,335,16760,1.2803576177577862,89.0,89.0,0.09618276477096904,0.0012658062483471288,20,35,0.007153170183300972,567.7392386000138,0.898989898989899,0.898989898989899
er4,er4_m60_s0,es_learned,3,340,17010,1.2803576177577862,89.0,89.0,0.09618276477096913,0.0012658062483471288,20,35,0.007994252257049084,577.5234537000069,0.898989898989899,0.898989898989899
er4,er4_m60_s0,es_learned,3,345,17260,1.2803576177577862,89.0,89.0,0.09618276477096908,0.0012658062483472121,20,34,0.006181361619383097,587.2321976000094,0.898989898989899,0.898989898989899
er4,er4_m60_s0,es_learned,3,350,17510,1.2803576177577862,89.0,89.0,0.09618276477096915,0.0012658062483472399,20,34,0.007333309855312109,592.9094687000033,0.898989898989899,0.898989898989899
er4,er4_m60_s0,es_learned,3,355,17760,1.2803576177577862,89.0,89.0,0.09618276477096908,0.0012658062483472121,20,34,0.007065801881253719,602.6248721999582,0.898989898989899,0.898989898989899
er4,er4_m60_s0,es_learned,3,360,18010,1.2803576177577862,89.0,89.0,0.09618276477096903,0.0012658062483471566,20,35,0.007343911100178957,612.7277087999973,0.898989898989899,0.898989898989899
er4,er4_m60_s0,es_learned,3,365,18260,1.2803576177577862,89.0,89.0,0.09618276477096907,0.001265806248347115,20,34,0.004669475369155407,618.1861481000087,0.898989898989899,0.898989898989899
er4,er4_m60_s0,es_learned,3,370,18510,1.2803576177577862,89.0,89.0,0.096182764770969,0.0012658062483471288,20,35,0.006832261104136705,628.0064860999701,0.898989898989899,0.898989898989899
er4,er4_m60_s0,es_learned,3,375,18760,1.2803576177577862,89.0,89.0,0.09618276477096907,0.0012658062483471705,20,35,0.004954459145665169,637.6514553999878,0.898989898989899,0.898989898989899
er4,er4_m60_s0,es_learned,3,380,19010,1.2803576177577862,89.0,89.0,0.096182764770969,0.001265806248347101,20,36,0.006975362543016672,643.1967265999992,0.898989898989899,0.898989898989899
er4,er4_m60_s0,es_learned,3,385,19260,1.2803576177577862,89.0,89.0,0.09618276477096904,0.0012658062483472399,20,33,0.005746760871261358,652.9490003999672,0.898989898989899,0.898989898989899
er4,er4_m60_s0,es_learned,3,390,19510,1.2803576177577862,89.0,89.0,0.09618276477096913,0.0012658062483471566,20,34,0.005565696861594915,662.7242450999911,0.898989898989899,0.898989898989899
er4,er4_m60_s0,es_learned,3,395,19760,1.2803576177577862,89.0,89.0,0.09618276477096904,0.0012658062483471566,20,36,0.00754761416465044,668.3567247999599,0.898989898989899,0.898989898989899
er4,er4_m60_s0,es_learned,3,400,20010,1.2803576177577862,89.0,89.0,0.09618276477096901,0.0012658062483471566,20,35,0.005032610613852739,678.3133565000026,0.898989898989899,0.898989898989899
er4,er4_m60_s0,es_learned,4,0,10,0.9511306956414519,70.0,60.8,0.067840025423876,0.0028286894968670324,20,38,,0.047791299992240965,0.7070707070707071,0.6141414141414141
er4,er4_m60_s0,es_learned,4,5,260,1.1386824703534761,79.0,76.7,0.0819919785769049,0.005327127491663475,20,41,0.16096097230911255,5.620342399983201,0.797979797979798,0.7747474747474747
er4,er4_m60_s0,es_learned,4,10,510,1.210191834844424,83.0,81.7,0.08945141002835791,0.0007281179973129895,20,42,0.12252841144800186,15.467245100007858,0.8383838383838383,0.8252525252525252
er4,er4_m60_s0,es_learned,4,15,760,1.2804578109247031,87.0,85.0,0.09310316445330534,0.005045282414546895,20,42,0.12350296229124069,25.20825819997117,0.8787878787878788,0.8585858585858586
er4,er4_m60_s0,es_learned,4,20,1010,1.2968975130971792,87.0,87.2,0.0975099954263352,0.0054989898533909926,20,42,0.11910577118396759,30.79742780001834,0.8787878787878788,0.8808080808080808
er4,er4_m60_s0,es_learned,4,25,1260,1.2968975130971792,87.0,87.0,0.0975099954263352,0.0054989898533909926,20,42,0.07017534226179123,40.5606985000195,0.8787878787878788,0.8787878787878788
er4,er4_m60_s0,es_learned,4,30,1510,1.2996111008513318,87.0,87.0,0.0936143373681652,0.009990110734092915,20,42,0.06802438199520111,50.429589200008195,0.8787878787878788,0.8787878787878788
er4,er4_m60_s0,es_learned,4,35,1760,1.3233197801414076,91.0,87.8,0.07026634303172263,0.00010142541790043869,20,41,0.051503002643585205,56.10256879997905,0.9191919191919192,0.8868686868686868
er4,er4_m60_s0,es_learned,4,40,2010,1.3466504611586356,89.0,89.8,0.11280642986202893,0.0021618716250113197,20,41,0.0336705818772316,65.94474269996863,0.898989898989899,0.907070707070707
er4,er4_m60_s0,es_learned,4,45,2260,1.3514528847123168,89.0,89.7,0.12510420643396936,0.0023617506036984134,20,39,0.030075613409280777,75.87272109999321,0.898989898989899,0.9060606060606061
er4,er4_m60_s0,es_learned,4,50,2510,1.3573163112228532,90.0,90.0,0.12504716539937635,0.0009536967463158706,20,39,0.035672012716531754,81.43067069997778,0.9090909090909091,0.9090909090909091
er4,er4_m60_s0,es_learned,4,55,2760,1.3636184998082808,91.0,90.6,0.12125583838286334,0.00016425702912646958,20,41,0.041087985038757324,91.35319459997118,0.9191919191919192,0.915151515151515
er4,er4_m60_s0,es_learned,4,60,3010,1.3636184998082808,91.0,90.6,0.12125583838286334,0.00016425702912646958,20,41,0.027287557721138,101.16117839998333,0.9191919191919192,0.915151515151515
er4,er4_m60_s0,es_learned,4,65,3260,1.3636184998082808,91.0,90.5,0.12125583838286334,0.00016425702912646958,20,41,0.03883591294288635,106.70425950002391,0.9191919191919192,0.9141414141414141
er4,er4_m60_s0,es_learned,4,70,3510,1.3636184998082808,91.0,90.7,0.12125583838286334,0.00016425702912646958,20,41,0.02138296328485012,116.55792099999962,0.9191919191919192,0.9161616161616162
er4,er4_m60_s0,es_learned,4,75,3760,1.3636184998082808,91.0,91.0,0.12125583838286334,0.00016425702912646958,20,41,0.02924574725329876,126.18369480001274,0.9191919191919192,0.9191919191919192
er4,er4_m60_s0,es_learned,4,80,4010,1.363618499808281,91.0,91.0,0.12125583838286337,0.00016425702912634468,20,41,0.02235722728073597,131.88017859996762,0.9191919191919192,0.9191919191919192
er4,er4_m60_s0,es_learned,4,85,4260,1.363618499808281,91.0,91.0,0.12125583838286338,0.00016425702912642795,20,40,0.023898446932435036,141.77172949997475,0.9191919191919192,0.9191919191919192
er4,er4_m60_s0,es_learned,4,90,4510,1.363618499808281,91.0,91.0,0.12125583838286327,0.00016425702912631346,20,42,0.022382298484444618,151.75767439999618,0.9191919191919192,0.9191919191919192
er4,er4_m60_s0,es_learned,4,95,4760,1.363618499808281,91.0,91.0,0.12125583838286336,0.00016425702912635162,20,42,0.030612364411354065,157.44890740001574,0.9191919191919192,0.9191919191919192
er4,er4_m60_s0,es_learned,4,100,5010,1.363618499808281,91.0,91.0,0.12125583838286336,0.00016425702912638979,20,41,0.01864568516612053,167.3075608999934,0.9191919191919192,0.9191919191919192
er4,er4_m60_s0,es_learned,4,105,5260,1.363618499808281,91.0,91.0,0.12125583838286327,0.00016425702912631346,20,42,0.023846782743930817,177.19187989999773,0.9191919191919192,0.9191919191919192
er4,er4_m60_s0,es_learned,4,110,5510,1.363618499808281,91.0,91.0,0.12125583838286333,0.00016425702912654244,20,40,0.02240273915231228,182.7737537000212,0.9191919191919192,0.9191919191919192
er4,er4_m60_s0,es_learned,4,115,5760,1.363618499808281,91.0,91.0,0.12125583838286327,0.0001642570291264453,20,41,0.013908829540014267,192.67831019998994,0.9191919191919192,0.9191919191919192
er4,er4_m60_s0,es_learned,4,120,6010,1.363618499808281,91.0,91.0,0.12125583838286336,0.00016425702912638979,20,41,0.017545562237501144,202.69495279999683,0.9191919191919192,0.9191919191919192
er4,er4_m60_s0,es_learned,4,125,6260,1.363618499808281,91.0,91.0,0.12125583838286334,0.00016425702912654938,20,41,0.01828807219862938,208.51525880000554,0.9191919191919192,0.9191919191919192
er4,er4_m60_s0,es_learned,4,130,6510,1.363618499808281,91.0,91.0,0.12125583838286323,0.00016425702912652856,20,40,0.021692955866456032,218.89964409999084,0.9191919191919192,0.9191919191919192
er4,er4_m60_s0,es_learned,4,135,6760,1.363618499808281,91.0,91.0,0.12125583838286333,0.00016425702912636203,20,41,0.02011466957628727,229.86414209997747,0.9191919191919192,0.9191919191919192
er4,er4_m60_s0,es_learned,4,140,7010,1.363618499808281,91.0,91.0,0.12125583838286344,0.00016425702912638632,20,41,0.01625760830938816,235.65795560000697,0.9191919191919192,0.9191919191919192
er4,er4_m60_s0,es_learned,4,145,7260,1.363618499808281,91.0,91.0,0.1212558383828633,0.0001642570291264904,20,41,0.016876203939318657,246.31358159997035,0.9191919191919192,0.9191919191919192
er4,er4_m60_s0,es_learned,4,150,7510,1.363618499808281,91.0,91.0,0.12125583838286354,0.0001642570291264453,20,39,0.011877309530973434,256.74470530002145,0.9191919191919192,0.9191919191919192
er4,er4_m60_s0,es_learned,4,155,7760,1.363618499808281,91.0,91.0,0.12125583838286338,0.00016425702912643142,20,40,0.016376258805394173,262.9718791000196,0.9191919191919192,0.9191919191919192
er4,er4_m60_s0,es_learned,4,160,8010,1.363618499808281,91.0,91.0,0.12125583838286333,0.00016425702912654244,20,40,0.016641218215227127,272.9638343999977,0.9191919191919192,0.9191919191919192
er4,er4_m60_s0,es_learned,4,165,8260,1.363618499808281,91.0,91.0,0.12125583838286327,0.00016425702912648,20,42,0.01399481762200594,282.7358310999698,0.9191919191919192,0.9191919191919192
er4,er4_m60_s0,es_learned,4,170,8510,1.363618499808281,91.0,91.0,0.12125583838286344,0.00016425702912642448,20,42,0.017725957557559013,288.4146404999774,0.9191919191919192,0.9191919191919192
er4,er4_m60_s0,es_learned,4,175,8760,1.363618499808281,91.0,91.0,0.12125583838286333,0.00016425702912633428,20,40,0.01622154377400875,298.6716733999783,0.9191919191919192,0.9191919191919192
er4,er4_m60_s0,es_learned,4,180,9010,1.363618499808281,91.0,91.0,0.12125583838286347,0.00016425702912642795,20,39,0.016582626849412918,308.83497129997704,0.9191919191919192,0.9191919191919192
er4,er4_m60_s0,es_learned,4,185,9260,1.363618499808281,91.0,91.0,0.1212558383828633,0.0001642570291264904,20,41,0.010587592609226704,314.42335300002014,0.9191919191919192,0.9191919191919192
er4,er4_m60_s0,es_learned,4,190,9510,1.363618499808281,91.0,91.0,0.1212558383828633,0.00016425702912637938,20,40,0.009422176517546177,324.87754339998355,0.9191919191919192,0.9191919191919192
er4,er4_m60_s0,es_learned,4,195,9760,1.363618499808281,91.0,91.0,0.12125583838286338,0.00016425702912643142,20,40,0.01418282836675644,335.17593480000505,0.9191919191919192,0.9191919191919192
er4,er4_m60_s0,es_learned,4,200,10010,1.363618499808281,91.0,91.0,0.1212558383828633,0.00016425702912637938,20,40,0.010325880721211433,341.1336922000046,0.9191919191919192,0.9191919191919192
er4,er4_m60_s0,es_learned,4,205,10260,1.363618499808281,91.0,91.0,0.12125583838286347,0.00016425702912642795,20,39,0.01410842128098011,351.40173199999845,0.9191919191919192,0.9191919191919192
er4,er4_m60_s0,es_learned,4,210,10510,1.363618499808281,91.0,91.0,0.12125583838286327,0.00016425702912648,20,42,0.013140551745891571,361.45023539999966,0.9191919191919192,0.9191919191919192
er4,er4_m60_s0,es_learned,4,215,10760,1.363618499808281,91.0,91.0,0.12125583838286333,0.00016425702912633428,20,40,0.014021812006831169,367.23052859999007,0.9191919191919192,0.9191919191919192
er4,er4_m60_s0,es_learned,4,220,11010,1.363618499808281,91.0,91.0,0.12125583838286333,0.00016425702912637244,20,40,0.012129423208534718,377.39832249999745,0.9191919191919192,0.9191919191919192
er4,er4_m60_s0,es_learned,4,225,11260,1.363618499808281,91.0,91.0,0.12125583838286334,0.00016425702912654938,20,41,0.011947844177484512,387.5075615000096,0.9191919191919192,0.9191919191919192
er4,er4_m60_s0,es_learned,4,230,11510,1.363618499808281,91.0,91.0,0.12125583838286333,0.00016425702912633428,20,40,0.011624174192547798,393.60366089997115,0.9191919191919192,0.9191919191919192
er4,er4_m60_s0,es_learned,4,235,11760,1.363618499808281,91.0,91.0,0.12125583838286332,0.00016425702912642448,20,40,0.013034668751060963,403.47649719996843,0.9191919191919192,0.9191919191919192
er4,er4_m60_s0,es_learned,4,240,12010,1.363618499808281,91.0,91.0,0.12125583838286323,0.00016425702912652856,20,40,0.012691804207861423,413.36707919999026,0.9191919191919192,0.9191919191919192
er4,er4_m60_s0,es_learned,4,245,12260,1.363618499808281,91.0,91.0,0.12125583838286338,0.00016425702912638285,20,40,0.008730926550924778,419.0714803999872,0.9191919191919192,0.9191919191919192
er4,er4_m60_s0,es_learned,4,250,12510,1.363618499808281,91.0,91.0,0.12125583838286332,0.00016425702912642448,20,40,0.011913263238966465,428.9632464000024,0.9191919191919192,0.9191919191919192
er4,er4_m60_s0,es_learned,4,255,12760,1.363618499808281,91.0,91.0,0.12125583838286327,0.0001642570291264453,20,41,0.010399209335446358,438.90500769997016,0.9191919191919192,0.9191919191919192
er4,er4_m60_s0,es_learned,4,260,13010,1.363618499808281,91.0,91.0,0.12125583838286347,0.00016425702912642795,20,39,0.009994049556553364,444.5847522999975,0.9191919191919192,0.9191919191919192
er4,er4_m60_s0,es_learned,4,265,13260,1.363618499808281,91.0,91.0,0.12125583838286354,0.0001642570291264453,20,39,0.010840963572263718,454.4573836000054,0.9191919191919192,0.9191919191919192
er4,er4_m60_s0,es_learned,4,270,13510,1.363618499808281,91.0,91.0,0.12125583838286325,0.00016425702912647652,20,41,0.010396149940788746,464.26461999997264,0.9191919191919192,0.9191919191919192
er4,er4_m60_s0,es_learned,4,275,13760,1.363618499808281,91.0,91.0,0.12125583838286332,0.00016425702912631346,20,42,0.010830206796526909,469.7425661999732,0.9191919191919192,0.9191919191919192
er4,er4_m60_s0,es_learned,4,280,14010,1.363618499808281,91.0,91.0,0.12125583838286333,0.00016425702912648693,20,42,0.007597355172038078,479.45707349997247,0.9191919191919192,0.9191919191919192
er4,er4_m60_s0,es_learned,4,285,14260,1.363618499808281,91.0,91.0,0.1212558383828634,0.00016425702912631693,20,42,0.0103388000279665,489.300284500001,0.9191919191919192,0.9191919191919192
er4,er4_m60_s0,es_learned,4,290,14510,1.363618499808281,91.0,91.0,0.12125583838286323,0.0001642570291265459,20,41,0.010102365165948868,494.8464230999816,0.9191919191919192,0.9191919191919192
er4,er4_m60_s0,es_learned,4,295,14760,1.363618499808281,91.0,91.0,0.12125583838286323,0.00016425702912652856,20,40,0.00761811388656497,505.2175088999793,0.9191919191919192,0.9191919191919192
er4,er4_m60_s0,es_learned,4,300,15010,1.363618499808281,91.0,91.0,0.12125583838286338,0.00016425702912632734,20,41,0.008596776984632015,515.8986453000107,0.9191919191919192,0.9191919191919192
er4,er4_m60_s0,es_learned,4,305,15260,1.363618499808281,91.0,91.0,0.12125583838286332,0.00016425702912630652,20,41,0.007827277295291424,522.3100727999699,0.9191919191919192,0.9191919191919192
er4,er4_m60_s0,es_learned,4,310,15510,1.363618499808281,91.0,91.0,0.12125583838286332,0.00016425702912642448,20,40,0.009361663833260536,533.071468900016,0.9191919191919192,0.9191919191919192
er4,er4_m60_s0,es_learned,4,315,15760,1.363618499808281,91.0,91.0,0.12125583838286323,0.00016425702912652856,20,40,0.007798300590366125,543.3427556999959,0.9191919191919192,0.9191919191919192
er4,er4_m60_s0,es_learned,4,320,16010,1.363618499808281,91.0,91.0,0.12125583838286333,0.0001642570291264453,20,41,0.0075048282742500305,549.1729907999979,0.9191919191919192,0.9191919191919192
er4,er4_m60_s0,es_learned,4,325,16260,1.363618499808281,91.0,91.0,0.12125583838286332,0.00016425702912642448,20,40,0.010082719847559929,559.2839442999684,0.9191919191919192,0.9191919191919192
er4,er4_m60_s0,es_learned,4,330,16510,1.363618499808281,91.0,91.0,0.12125583838286336,0.00016425702912642448,20,40,0.009798204526305199,569.3842988999677,0.9191919191919192,0.9191919191919192
er4,er4_m60_s0,es_learned,4,335,16760,1.363618499808281,91.0,91.0,0.1212558383828633,0.00016425702912637938,20,40,0.007398307789117098,575.1121778999805,0.9191919191919192,0.9191919191919192
er4,er4_m60_s0,es_learned,4,340,17010,1.363618499808281,91.0,91.0,0.12125583838286327,0.0001642570291264453,20,41,0.013055128045380116,585.3914011999732,0.9191919191919192,0.9191919191919192
er4,er4_m60_s0,es_learned,4,345,17260,1.363618499808281,91.0,91.0,0.12125583838286354,0.0001642570291264453,20,39,0.006781404837965965,595.207942500012,0.9191919191919192,0.9191919191919192
er4,er4_m60_s0,es_learned,4,350,17510,1.363618499808281,91.0,91.0,0.12125583838286341,0.00016425702912651122,20,41,0.008031360805034637,600.9959508000175,0.9191919191919192,0.9191919191919192
er4,er4_m60_s0,es_learned,4,355,17760,1.363618499808281,91.0,91.0,0.12125583838286338,0.0001642570291263655,20,40,0.008253330364823341,611.0008119000122,0.9191919191919192,0.9191919191919192
er4,er4_m60_s0,es_learned,4,360,18010,1.363618499808281,91.0,91.0,0.12125583838286338,0.00016425702912643142,20,40,0.011043510399758816,621.5142670000205,0.9191919191919192,0.9191919191919192
er4,er4_m60_s0,es_learned,4,365,18260,1.363618499808281,91.0,91.0,0.12125583838286332,0.00016425702912642448,20,40,0.008934222161769867,627.888577500009,0.9191919191919192,0.9191919191919192
er4,er4_m60_s0,es_learned,4,370,18510,1.363618499808281,91.0,91.0,0.12125583838286341,0.00016425702912651122,20,41,0.008676357567310333,637.7252270000172,0.9191919191919192,0.9191919191919192
er4,er4_m60_s0,es_learned,4,375,18760,1.363618499808281,91.0,91.0,0.12125583838286338,0.0001642570291263655,20,40,0.0068259467370808125,647.6382126000244,0.9191919191919192,0.9191919191919192
er4,er4_m60_s0,es_learned,4,380,19010,1.363618499808281,91.0,91.0,0.1212558383828633,0.0001642570291264453,20,41,0.008362880907952785,653.2794211999862,0.9191919191919192,0.9191919191919192
er4,er4_m60_s0,es_learned,4,385,19260,1.363618499808281,91.0,91.0,0.12125583838286333,0.0001642570291264453,20,41,0.006284419447183609,663.3018504999927,0.9191919191919192,0.9191919191919192
er4,er4_m60_s0,es_learned,4,390,19510,1.363618499808281,91.0,91.0,0.12125583838286333,0.00016425702912654244,20,40,0.0062500787898898125,673.1011523000197,0.9191919191919192,0.9191919191919192
er4,er4_m60_s0,es_learned,4,395,19760,1.363618499808281,91.0,91.0,0.12125583838286333,0.00016425702912654244,20,40,0.008447363041341305,678.7299002999789,0.9191919191919192,0.9191919191919192
er4,er4_m60_s0,es_learned,4,400,20010,1.363618499808281,91.0,91.0,0.12125583838286333,0.0001642570291264453,20,41,0.006130586843937635,4844.355257100018,0.9191919191919192,0.9191919191919192
er4,er4_m60_s0,es_transfer_dc,0,0,10,0.7710230174381983,57.0,61.4,0.03422181726598081,1.0842021724855044e-18,20,32,,0.05828749999636784,0.5757575757575758,0.6202020202020202
er4,er4_m60_s0,es_transfer_dc,0,5,260,1.091966893691356,79.0,77.1,0.036409657390467004,0.000808399918725564,20,32,0.017764151096343994,5.2300464999862015,0.797979797979798,0.7787878787878787
er4,er4_m60_s0,es_transfer_dc,0,10,510,1.1186680256494748,81.0,79.9,0.045612223496776946,0.0021624721147682976,20,34,0.014752785675227642,14.29252900002757,0.8181818181818182,0.8070707070707072
er4,er4_m60_s0,es_transfer_dc,0,15,760,1.1554412090115975,84.0,81.5,0.0329386962180982,0.0006703864691585092,20,34,0.01094195805490017,23.45956580003258,0.8484848484848485,0.8232323232323232
er4,er4_m60_s0,es_transfer_dc,0,20,1010,1.1764613007160143,86.0,84.1,0.021070878996986182,0.0003396307354196818,20,34,0.013159666210412979,28.815574800013565,0.8686868686868687,0.8494949494949494
er4,er4_m60_s0,es_transfer_dc,0,25,1260,1.1984116548159947,87.0,85.8,0.03054057577609351,0.0003632252502276945,20,34,0.011800076812505722,37.93746490002377,0.8787878787878788,0.8666666666666666
er4,er4_m60_s0,es_transfer_dc,0,30,1510,1.2027248745992052,88.0,87.1,0.024487026417885693,0.00022705855236310885,20,34,0.01544475369155407,47.53556580003351,0.8888888888888888,0.8797979797979797
er4,er4_m60_s0,es_transfer_dc,0,35,1760,1.2027248745992052,88.0,87.2,0.02448702641788565,0.0002270585523631262,20,33,0.0127291614189744,52.64326829998754,0.8888888888888888,0.8808080808080808
er4,er4_m60_s0,es_transfer_dc,0,40,2010,1.2027248745992052,88.0,87.3,0.02448702641788561,0.00022705855236316436,20,33,0.008954185992479324,62.49455340002896,0.8888888888888888,0.8818181818181818
er4,er4_m60_s0,es_transfer_dc,0,45,2260,1.204803292660833,87.0,87.3,0.039778546073563646,0.00018254900045837352,20,35,0.010972990654408932,72.03540370002156,0.8787878787878788,0.8818181818181818
er4,er4_m60_s0,es_transfer_dc,0,50,2510,1.2068008581913372,87.0,87.2,0.04043086954343783,0.0005544079866613219,20,35,0.009362434037029743,77.76379619998625,0.8787878787878788,0.8808080808080808
er4,er4_m60_s0,es_transfer_dc,0,55,2760,1.2168512192793903,87.0,87.0,0.04864965896632753,0.0017890285067211076,20,34,0.012149053625762463,88.34150919999229,0.8787878787878788,0.8787878787878788
er4,er4_m60_s0,es_transfer_dc,0,60,3010,1.2196337097212202,87.0,87.0,0.05214171138185153,0.0008361721392093346,20,33,0.010603224858641624,97.95389320002869,0.8787878787878788,0.8787878787878788
er4,er4_m60_s0,es_transfer_dc,0,65,3260,1.220145088086964,87.0,87.0,0.05159110903985416,0.0010974779414780218,20,34,0.012400556355714798,103.52792860002955,0.8787878787878788,0.8787878787878788
er4,er4_m60_s0,es_transfer_dc,0,70,3510,1.2235687056987705,87.0,87.0,0.054685033638602644,0.0013016263531924754,20,34,0.012458532117307186,113.07005109998863,0.8787878787878788,0.8787878787878788
er4,er4_m60_s0,es_transfer_dc,0,75,3760,1.2237784905368498,87.0,87.0,0.05963883169198977,0.0005414406840275419,20,33,0.009367257356643677,122.56197029998293,0.8787878787878788,0.8787878787878788
er4,er4_m60_s0,es_transfer_dc,0,80,4010,1.2237784905368498,87.0,87.0,0.05963883169198977,0.0005414406840275419,20,33,0.009799012914299965,128.01759940001648,0.8787878787878788,0.8787878787878788
er4,er4_m60_s0,es_transfer_dc,0,85,4260,1.2257097453742227,87.0,87.0,0.06268823569689384,0.0014093631430558175,20,34,0.012638479471206665,137.3818578000064,0.8787878787878788,0.8787878787878788
er4,er4_m60_s0,es_transfer_dc,0,90,4510,1.2279804604782325,87.0,87.0,0.06428251993103186,0.0010004519320839962,20,33,0.011090647429227829,147.2251940999995,0.8787878787878788,0.8787878787878788
er4,er4_m60_s0,es_transfer_dc,0,95,4760,1.2279804604782325,87.0,87.0,0.06428251993103186,0.0010004519320839962,20,33,0.010374438017606735,153.0516885999823,0.8787878787878788,0.8787878787878788
er4,er4_m60_s0,es_transfer_dc,0,100,5010,1.2279804604782325,87.0,87.0,0.06428251993103186,0.0010004519320839962,20,33,0.00959767960011959,163.0162628000253,0.8787878787878788,0.8787878787878788
er4,er4_m60_s0,es_transfer_dc,0,105,5260,1.2290527596066572,87.0,87.0,0.07307273167660545,0.001938937718762558,20,34,0.010315860621631145,172.70203069999116,0.8787878787878788,0.8787878787878788
er4,er4_m60_s0,es_transfer_dc,0,110,5510,1.2290527596066572,87.0,87.0,0.07307273167660545,0.001938937718762558,20,34,0.008702674880623817,178.21964690001914,0.8787878787878788,0.8787878787878788
er4,er4_m60_s0,es_transfer_dc,0,115,5760,1.2290527596066572,87.0,87.0,0.07307273167660545,0.001938937718762558,20,34,0.007407418452203274,187.93296370003372,0.8787878787878788,0.8787878787878788
er4,er4_m60_s0,es_transfer_dc,0,120,6010,1.2290527596066572,87.0,87.0,0.07307273167660545,0.001938937718762558,20,34,0.009004333056509495,197.6925853000139,0.8787878787878788,0.8787878787878788
er4,er4_m60_s0,es_transfer_dc,0,125,6260,1.2303257704672461,87.0,87.0,0.06474893636942596,0.0006406974100048972,20,33,0.008710443042218685,203.24254669999937,0.8787878787878788,0.8787878787878788
er4,er4_m60_s0,es_transfer_dc,0,130,6510,1.2303257704672461,87.0,87.0,0.06474893636942589,0.000640697410005095,20,32,0.005857190117239952,212.88270760001615,0.8787878787878788,0.8787878787878788
er4,er4_m60_s0,es_transfer_dc,0,135,6760,1.257782189364013,89.0,87.2,0.05144634515417448,0.005202346420222527,20,34,0.007515832781791687,222.54422049998539,0.898989898989899,0.8808080808080808
er4,er4_m60_s0,es_transfer_dc,0,140,7010,1.257782189364013,89.0,87.2,0.05144634515417448,0.005202346420222527,20,34,0.006069881841540337,228.1033537000185,0.898989898989899,0.8808080808080808
er4,er4_m60_s0,es_transfer_dc,0,145,7260,1.2665283927298805,89.0,88.9,0.06619145697256681,0.007723764671737195,20,34,0.007949693128466606,237.79271449998487,0.898989898989899,0.897979797979798
er4,er4_m60_s0,es_transfer_dc,0,150,7510,1.2665283927298805,89.0,88.9,0.06619145697256681,0.007723764671737195,20,34,0.006496558431535959,247.5776205000002,0.898989898989899,0.897979797979798
er4,er4_m60_s0,es_transfer_dc,0,155,7760,1.2871072923285514,90.0,89.2,0.07947481717982058,0.001468090365646938,20,33,0.008700772188603878,253.0826910000178,0.9090909090909091,0.901010101010101
er4,er4_m60_s0,es_transfer_dc,0,160,8010,1.2932087490913244,90.0,89.9,0.0794901651969168,0.0033146888705817487,20,34,0.007162677124142647,262.71481670002686,0.9090909090909091,0.9080808080808082
er4,er4_m60_s0,es_transfer_dc,0,165,8260,1.2932087490913244,90.0,90.0,0.0794901651969168,0.0033146888705817487,20,34,0.007965653203427792,272.2417404000298,0.9090909090909091,0.9090909090909091
er4,er4_m60_s0,es_transfer_dc,0,170,8510,1.296128243246634,90.0,90.0,0.0856040414165227,0.009946540056647302,20,34,0.006463582161813974,277.6661187999998,0.9090909090909091,0.9090909090909091
er4,er4_m60_s0,es_transfer_dc,0,175,8760,1.3067019837902154,91.0,90.1,0.07709269290649601,0.0015355078557669176,20,35,0.006769509520381689,287.40984460001346,0.9191919191919192,0.9101010101010101
er4,er4_m60_s0,es_transfer_dc,0,180,9010,1.3070016054716098,91.0,91.0,0.08400929523166725,0.0030492315250908106,20,35,0.006002710200846195,297.2073962999857,0.9191919191919192,0.9191919191919192
er4,er4_m60_s0,es_transfer_dc,0,185,9260,1.3070016054716098,91.0,91.0,0.08400929523166725,0.0030492315250908106,20,35,0.009535778313875198,302.86396230000537,0.9191919191919192,0.9191919191919192
er4,er4_m60_s0,es_transfer_dc,0,190,9510,1.3077200273062484,91.0,91.0,0.08123460421540335,0.001021469414693641,20,35,0.0071280403062701225,312.4406653000042,0.9191919191919192,0.9191919191919192
er4,er4_m60_s0,es_transfer_dc,0,195,9760,1.3077200273062484,91.0,91.0,0.08123460421540335,0.001021469414693641,20,35,0.006898101419210434,322.05700139998225,0.9191919191919192,0.9191919191919192
er4,er4_m60_s0,es_transfer_dc,0,200,10010,1.3077200273062484,91.0,91.0,0.08123460421540335,0.001021469414693641,20,35,0.006838844157755375,327.587828800024,0.9191919191919192,0.9191919191919192
er4,er4_m60_s0,es_transfer_dc,0,205,10260,1.3096092921671885,91.0,91.0,0.08076211081398874,0.0010214694146936133,20,35,0.005639490205794573,337.35272590001114,0.9191919191919192,0.9191919191919192
er4,er4_m60_s0,es_transfer_dc,0,210,10510,1.3096092921671885,91.0,91.0,0.08076211081398874,0.0010214694146936133,20,35,0.0065978760831058025,347.05536160001066,0.9191919191919192,0.9191919191919192
er4,er4_m60_s0,es_transfer_dc,0,215,10760,1.3096092921671885,91.0,91.0,0.08076211081398874,0.0010214694146936133,20,35,0.00849222019314766,352.5559979000245,0.9191919191919192,0.9191919191919192
er4,er4_m60_s0,es_transfer_dc,0,220,11010,1.3096092921671885,91.0,91.0,0.08076211081398874,0.0010214694146936133,20,35,0.006713776383548975,362.007212800032,0.9191919191919192,0.9191919191919192
er4,er4_m60_s0,es_transfer_dc,0,225,11260,1.3096092921671885,91.0,91.0,0.08076211081398872,0.0010214694146937538,20,35,0.008119405247271061,371.589338699996,0.9191919191919192,0.9191919191919192
er4,er4_m60_s0,es_transfer_dc,0,230,11510,1.3096092921671885,91.0,91.0,0.08076211081398872,0.0010214694146937538,20,35,0.0059839352034032345,377.05513679998694,0.9191919191919192,0.9191919191919192
er4,er4_m60_s0,es_transfer_dc,0,235,11760,1.3096092921671885,91.0,91.0,0.08076211081398871,0.0010214694146936862,20,35,0.00921432301402092,386.55325140000787,0.9191919191919192,0.9191919191919192
er4,er4_m60_s0,es_transfer_dc,0,240,12010,1.3096092921671885,91.0,91.0,0.08076211081398879,0.0010214694146933809,20,35,0.006409228779375553,396.0049497000291,0.9191919191919192,0.9191919191919192
er4,er4_m60_s0,es_transfer_dc,0,245,12260,1.3108645245727968,91.0,91.0,0.07621220367773994,0.002703933618247084,20,35,0.006904594134539366,401.4455741000129,0.9191919191919192,0.9191919191919192
er4,er4_m60_s0,es_transfer_dc,0,250,12510,1.3108645245727968,91.0,91.0,0.07621220367773994,0.002703933618247084,20,35,0.007546986453235149,410.9663099999889,0.9191919191919192,0.9191919191919192
er4,er4_m60_s0,es_transfer_dc,0,255,12760,1.3108645245727968,91.0,91.0,0.07621220367773994,0.002703933618247084,20,35,0.005972272716462612,420.23449030000484,0.9191919191919192,0.9191919191919192
er4,er4_m60_s0,es_transfer_dc,0,260,13010,1.3108645245727968,91.0,91.0,0.07621220367773984,0.0027039336182470564,20,36,0.005321149714291096,425.63930099998834,0.9191919191919192,0.9191919191919192
er4,er4_m60_s0,es_transfer_dc,0,265,13260,1.3108645245727968,91.0,91.0,0.07621220367773979,0.0027039336182470286,20,35,0.006638745777308941,435.07974469999317,0.9191919191919192,0.9191919191919192
er4,er4_m60_s0,es_transfer_dc,0,270,13510,1.3108645245727968,91.0,91.0,0.07621220367773979,0.0027039336182470286,20,35,0.0061905598267912865,444.58099210000364,0.9191919191919192,0.9191919191919192
er4,er4_m60_s0,es_transfer_dc,0,275,13760,1.3108645245727968,91.0,91.0,0.07621220367773997,0.0027039336182471813,20,35,0.0059880162589251995,450.24944650003454,0.9191919191919192,0.9191919191919192
er4,er4_m60_s0,es_transfer_dc,0,280,14010,1.3108645245727968,91.0,91.0,0.07621220367773994,0.002703933618247084,20,35,0.005447867792099714,460.15512389998185,0.9191919191919192,0.9191919191919192
er4,er4_m60_s0,es_transfer_dc,0,285,14260,1.3108645245727968,91.0,91.0,0.07621220367773997,0.0027039336182471813,20,35,0.005483353976160288,469.943265400012,0.9191919191919192,0.9191919191919192
er4,er4_m60_s0,es_transfer_dc,0,290,14510,1.3122244811692636,91.0,91.0,0.08195899191068169,0.0006910528463247301,20,36,0.00593146588653326,475.36098440003116,0.9191919191919192,0.9191919191919192
er4,er4_m60_s0,es_transfer_dc,0,295,14760,1.3141127159616004,91.0,91.0,0.08297407030618607,0.0015763242297147512,20,35,0.00596256460994482,485.0863201000029,0.9191919191919192,0.9191919191919192
er4,er4_m60_s0,es_transfer_dc,0,300,15010,1.3141127159616004,91.0,91.0,0.08297407030618607,0.0015763242297147512,20,35,0.005396024789661169,494.4928776000161,0.9191919191919192,0.9191919191919192
er4,er4_m60_s0,es_transfer_dc,0,305,15260,1.3141127159616004,91.0,91.0,0.08297407030618607,0.0015763242297147512,20,35,0.00609976751729846,499.8670284000109,0.9191919191919192,0.9191919191919192
er4,er4_m60_s0,es_transfer_dc,0,310,15510,1.3141127159616004,91.0,91.0,0.08297407030618607,0.0015763242297147512,20,35,0.005802304483950138,509.2886291000177,0.9191919191919192,0.9191919191919192
er4,er4_m60_s0,es_transfer_dc,0,315,15760,1.3145276645707205,91.0,91.0,0.07999911118099745,9.56026345837191e-06,20,35,0.005318132229149342,519.0844793000142,0.9191919191919192,0.9191919191919192
er4,er4_m60_s0,es_transfer_dc,0,320,16010,1.3145276645707205,91.0,91.0,0.07999911118099745,9.56026345837191e-06,20,35,0.0044287750497460365,525.0356648000306,0.9191919191919192,0.9191919191919192
er4,er4_m60_s0,es_transfer_dc,0,325,16260,1.3145276645707205,91.0,91.0,0.07999911118099735,9.560263458455176e-06,20,35,0.005796094890683889,534.7127660000115,0.9191919191919192,0.9191919191919192
er4,er4_m60_s0,es_transfer_dc,0,330,16510,1.3145276645707205,91.0,91.0,0.07999911118099735,9.560263458455176e-06,20,35,0.006006473675370216,544.4580431000213,0.9191919191919192,0.9191919191919192
er4,er4_m60_s0,es_transfer_dc,0,335,16760,1.3145276645707205,91.0,91.0,0.07999911118099744,9.560263458413543e-06,20,35,0.006453849375247955,549.8684308000375,0.9191919191919192,0.9191919191919192
er4,er4_m60_s0,es_transfer_dc,0,340,17010,1.3145276645707205,91.0,91.0,0.07999911118099734,9.56026345830252e-06,20,36,0.0049909865483641624,559.4335284000263,0.9191919191919192,0.9191919191919192
er4,er4_m60_s0,es_transfer_dc,0,345,17260,1.3145276645707205,91.0,91.0,0.07999911118099733,9.560263458441298e-06,20,36,0.005300670862197876,568.9860808000085,0.9191919191919192,0.9191919191919192
er4,er4_m60_s0,es_transfer_dc,0,350,17510,1.3149011820996561,91.0,91.0,0.0757331735365343,0.00027496906959032646,20,34,0.0058601778000593185,574.4305779000279,0.9191919191919192,0.9191919191919192
er4,er4_m60_s0,es_transfer_dc,0,355,17760,1.3156381578148515,91.0,91.0,0.08216054612836453,0.00498993453086621,20,33,0.005349432118237019,584.0415458999923,0.9191919191919192,0.9191919191919192
er4,er4_m60_s0,es_transfer_dc,0,360,18010,1.3156381578148515,91.0,91.0,0.08216054612836445,0.004989934530866241,20,32,0.0044314684346318245,593.8148157999967,0.9191919191919192,0.9191919191919192
er4,er4_m60_s0,es_transfer_dc,0,365,18260,1.3156381578148515,91.0,91.0,0.08216054612836445,0.004989934530866241,20,32,0.005624706391245127,599.0808612999972,0.9191919191919192,0.9191919191919192
er4,er4_m60_s0,es_transfer_dc,0,370,18510,1.3156381578148515,91.0,91.0,0.08216054612836463,0.004989934530866248,20,34,0.005241589620709419,608.4508561000112,0.9191919191919192,0.9191919191919192
er4,er4_m60_s0,es_transfer_dc,0,375,18760,1.3179578969199324,91.0,91.0,0.08447930094309114,0.002614020682382784,20,34,0.0068048229441046715,617.9912908999831,0.9191919191919192,0.9191919191919192
er4,er4_m60_s0,es_transfer_dc,0,380,19010,1.3179578969199324,91.0,91.0,0.08447930094309114,0.002614020682382784,20,34,0.006945353467017412,623.2804787000059,0.9191919191919192,0.9191919191919192
er4,er4_m60_s0,es_transfer_dc,0,385,19260,1.3185184177549794,91.0,91.0,0.08525090293545066,0.000882152214706524,20,35,0.005069958511739969,632.8043748000055,0.9191919191919192,0.9191919191919192
er4,er4_m60_s0,es_transfer_dc,0,390,19510,1.3185184177549794,91.0,91.0,0.08525090293545066,0.000882152214706524,20,35,0.0055052004754543304,642.3581290000002,0.9191919191919192,0.9191919191919192
er4,er4_m60_s0,es_transfer_dc,0,395,19760,1.3185184177549794,91.0,91.0,0.08525090293545066,0.000882152214706524,20,35,0.004501128103584051,647.7672220999957,0.9191919191919192,0.9191919191919192
er4,er4_m60_s0,es_transfer_dc,0,400,20010,1.3185184177549794,91.0,91.0,0.08525090293545066,0.000882152214706524,20,35,0.0050618406385183334,657.3744635999901,0.9191919191919192,0.9191919191919192
er4,er4_m60_s0,es_transfer_dc,1,0,10,0.6521497513659937,50.0,58.7,0.07304383663338695,0.00098649445651193,20,35,,0.04599509999388829,0.5050505050505051,0.592929292929293
er4,er4_m60_s0,es_transfer_dc,1,5,260,1.0455810837302544,75.0,73.3,0.06662070636092676,0.0016134541164287697,20,37,0.010146093554794788,5.065850999963004,0.7575757575757576,0.7404040404040404
er4,er4_m60_s0,es_transfer_dc,1,10,510,1.1770555392371251,85.0,80.1,0.04512621882468228,0.00061594733600185,20,38,0.009681744500994682,14.162333899992518,0.8585858585858586,0.8090909090909091
er4,er4_m60_s0,es_transfer_dc,1,15,760,1.177577630402725,85.0,84.5,0.043953932436407855,0.0005803480486015773,20,38,0.00910717062652111,23.504786199948285,0.8585858585858586,0.8535353535353535
er4,er4_m60_s0,es_transfer_dc,1,20,1010,1.187443125250576,85.0,84.8,0.05520904150027228,0.0008276480025755026,20,36,0.008461820892989635,28.94431439996697,0.8585858585858586,0.8565656565656565
er4,er4_m60_s0,es_transfer_dc,1,25,1260,1.2052488559735974,86.0,85.0,0.05907666088835176,0.0025040599504703095,20,36,0.006842003203928471,38.44405909994384,0.8686868686868687,0.8585858585858586
er4,er4_m60_s0,es_transfer_dc,1,30,1510,1.2078565764150133,86.0,85.4,0.060195787074683746,0.001337266029683315,20,36,0.007727921009063721,48.02567179995822,0.8686868686868687,0.8626262626262626
er4,er4_m60_s0,es_transfer_dc,1,35,1760,1.2255216074607032,87.0,85.9,0.06525050235257299,0.0013372660296834538,20,37,0.006028059404343367,53.53966179996496,0.8787878787878788,0.8676767676767677
er4,er4_m60_s0,es_transfer_dc,1,40,2010,1.247375885970595,88.0,87.3,0.0720861005074998,0.00021041822257693993,20,37,0.006731437519192696,62.9712986999657,0.8888888888888888,0.8818181818181818
er4,er4_m60_s0,es_transfer_dc,1,45,2260,1.247974018536928,89.0,88.0,0.04401895813575652,0.000451169864530164,20,37,0.008701041340827942,72.43118169996887,0.898989898989899,0.8888888888888888
er4,er4_m60_s0,es_transfer_dc,1,50,2510,1.2623113792253668,89.0,88.5,0.06553116522488005,0.001375619748122038,20,37,0.006408913992345333,77.97653069999069,0.898989898989899,0.8939393939393939
er4,er4_m60_s0,es_transfer_dc,1,55,2760,1.2623113792253668,89.0,89.0,0.06553116522488005,0.001375619748122038,20,37,0.006324752699583769,87.5569961000001,0.898989898989899,0.898989898989899
er4,er4_m60_s0,es_transfer_dc,1,60,3010,1.2623113792253668,89.0,89.0,0.06553116522488005,0.001375619748122038,20,37,0.006421644706279039,97.13854580000043,0.898989898989899,0.898989898989899
er4,er4_m60_s0,es_transfer_dc,1,65,3260,1.2623113792253668,89.0,89.0,0.06553116522488005,0.001375619748122038,20,37,0.005045967176556587,102.75281219999306,0.898989898989899,0.898989898989899
er4,er4_m60_s0,es_transfer_dc,1,70,3510,1.2632290743265993,89.0,89.0,0.0685916380205448,0.0006182365148957869,20,37,0.0058578625321388245,112.30533769994508,0.898989898989899,0.898989898989899
er4,er4_m60_s0,es_transfer_dc,1,75,3760,1.2632290743265993,89.0,89.0,0.0685916380205451,0.0006182365148957418,20,35,0.006522888783365488,121.90074639994418,0.898989898989899,0.898989898989899
er4,er4_m60_s0,es_transfer_dc,1,80,4010,1.2632290743265993,89.0,89.0,0.0685916380205451,0.0006182365148957418,20,35,0.006510118488222361,127.57408880000003,0.898989898989899,0.898989898989899
er4,er4_m60_s0,es_transfer_dc,1,85,4260,1.263338031550133,89.0,89.0,0.06859163802054477,0.0017460542611566487,20,36,0.005373233463615179,136.93484189995797,0.898989898989899,0.898989898989899
er4,er4_m60_s0,es_transfer_dc,1,90,4510,1.2633380315501332,89.0,89.0,0.06859163802054502,0.0017460542611562255,20,37,0.0052826860919594765,146.3621973999543,0.898989898989899,0.898989898989899
er4,er4_m60_s0,es_transfer_dc,1,95,4760,1.2633380315501332,89.0,89.0,0.06859163802054502,0.0017460542611562255,20,37,0.004551050253212452,151.57721239997772,0.898989898989899,0.898989898989899
er4,er4_m60_s0,es_transfer_dc,1,100,5010,1.2633380315501332,89.0,89.0,0.06859163802054502,0.0017460542611562255,20,37,0.005718979984521866,160.63377719995333,0.898989898989899,0.898989898989899
er4,er4_m60_s0,es_transfer_dc,1,105,5260,1.2633380315501332,89.0,89.0,0.06859163802054502,0.0017460542611562255,20,37,0.0049545601941645145,169.60364619997563,0.898989898989899,0.898989898989899
er4,er4_m60_s0,es_transfer_dc,1,110,5510,1.2633380315501332,89.0,89.0,0.06859163802054502,0.0017460542611562255,20,37,0.004526444710791111,174.67619099997682,0.898989898989899,0.898989898989899
er4,er4_m60_s0,es_transfer_dc,1,115,5760,1.2633380315501332,89.0,89.0,0.06859163802054502,0.0017460542611562255,20,37,0.005154026672244072,183.76818449998973,0.898989898989899,0.898989898989899
er4,er4_m60_s0,es_transfer_dc,1,120,6010,1.2633380315501332,89.0,89.0,0.06859163802054502,0.0017460542611562255,20,37,0.0051933350041508675,192.94404979998944,0.898989898989899,0.898989898989899
er4,er4_m60_s0,es_transfer_dc,1,125,6260,1.2633380315501332,89.0,89.0,0.06859163802054502,0.0017460542611562255,20,37,0.004762907978147268,198.0568408999825,0.898989898989899,0.898989898989899
er4,er4_m60_s0,es_transfer_dc,1,130,6510,1.2633380315501332,89.0,89.0,0.06859163802054502,0.0017460542611562255,20,37,0.004374176729470491,207.53635539999232,0.898989898989899,0.898989898989899
er4,er4_m60_s0,es_transfer_dc,1,135,6760,1.2633380315501332,89.0,89.0,0.06859163802054502,0.0017460542611562255,20,37,0.004348255228251219,217.16647059994284,0.898989898989899,0.898989898989899
er4,er4_m60_s0,es_transfer_dc,1,140,7010,1.2633380315501332,89.0,89.0,0.06859163802054502,0.0017460542611562255,20,37,0.004027496557682753,222.47373219998553,0.898989898989899,0.898989898989899
er4,er4_m60_s0,es_transfer_dc,1,145,7260,1.2633380315501332,89.0,89.0,0.06859163802054502,0.0017460542611562255,20,37,0.004310489632189274,231.77884599997196,0.898989898989899,0.898989898989899
er4,er4_m60_s0,es_transfer_dc,1,150,7510,1.2633380315501332,89.0,89.0,0.068591638020545,0.0017460542611561491,20,37,0.0033668274991214275,241.10096349997912,0.898989898989899,0.898989898989899
er4,er4_m60_s0,es_transfer_dc,1,155,7760,1.2633380315501332,89.0,89.0,0.06859163802054502,0.0017460542611562255,20,37,0.003976969979703426,246.42849719995866,0.898989898989899,0.898989898989899
er4,er4_m60_s0,es_transfer_dc,1,160,8010,1.2633380315501332,89.0,89.0,0.06859163802054492,0.0017460542611562047,20,38,0.0035885642282664776,255.99513769999612,0.898989898989899,0.898989898989899
er4,er4_m60_s0,es_transfer_dc,1,165,8260,1.2633380315501332,89.0,89.0,0.068591638020545,0.0017460542611561491,20,37,0.003953936509788036,265.34956989996135,0.898989898989899,0.898989898989899
er4,er4_m60_s0,es_transfer_dc,1,170,8510,1.2633380315501332,89.0,89.0,0.06859163802054502,0.0017460542611562255,20,37,0.004046597983688116,270.7102745999582,0.898989898989899,0.898989898989899
er4,er4_m60_s0,es_transfer_dc,1,175,8760,1.2633380315501332,89.0,89.0,0.068591638020545,0.0017460542611561491,20,37,0.003812032751739025,279.95852449996164,0.898989898989899,0.898989898989899
er4,er4_m60_s0,es_transfer_dc,1,180,9010,1.2633380315501332,89.0,89.0,0.06859163802054492,0.0017460542611562047,20,38,0.00317224464379251,289.4312025999534,0.898989898989899,0.898989898989899
er4,er4_m60_s0,es_transfer_dc,1,185,9260,1.2633380315501332,89.0,89.0,0.06859163802054502,0.0017460542611562255,20,37,0.0033629601821303368,294.8504993999959,0.898989898989899,0.898989898989899
er4,er4_m60_s0,es_transfer_dc,1,190,9510,1.2633380315501332,89.0,89.0,0.06859163802054502,0.0017460542611563781,20,37,0.003182201413437724,304.23235529998783,0.898989898989899,0.898989898989899
er4,er4_m60_s0,es_transfer_dc,1,195,9760,1.2633380315501332,89.0,89.0,0.06859163802054502,0.0017460542611562255,20,37,0.0023364280350506306,313.73579289996997,0.898989898989899,0.898989898989899
er4,er4_m60_s0,es_transfer_dc,1,200,10010,1.2633380315501332,89.0,89.0,0.068591638020545,0.0017460542611561491,20,37,0.003432017983868718,319.1598019999801,0.898989898989899,0.898989898989899
er4,er4_m60_s0,es_transfer_dc,1,205,10260,1.2633380315501332,89.0,89.0,0.06859163802054502,0.0017460542611562255,20,37,0.0029769365210086107,328.27379849995486,0.898989898989899,0.898989898989899
er4,er4_m60_s0,es_transfer_dc,1,210,10510,1.2633380315501332,89.0,89.0,0.06859163802054492,0.0017460542611562047,20,38,0.003008174942806363,337.76191889995243,0.898989898989899,0.898989898989899
er4,er4_m60_s0,es_transfer_dc,1,215,10760,1.2633380315501332,89.0,89.0,0.06859163802054502,0.0017460542611562255,20,37,0.0030268626287579536,343.3417199999676,0.898989898989899,0.898989898989899
er4,er4_m60_s0,es_transfer_dc,1,220,11010,1.2633380315501332,89.0,89.0,0.06859163802054492,0.0017460542611562047,20,38,0.0029028821736574173,353.02140249998774,0.898989898989899,0.898989898989899
er4,er4_m60_s0,es_transfer_dc,1,225,11260,1.2633380315501332,89.0,89.0,0.06859163802054502,0.0017460542611562255,20,37,0.0032387699466198683,362.41683689999627,0.898989898989899,0.898989898989899
er4,er4_m60_s0,es_transfer_dc,1,230,11510,1.2633380315501332,89.0,89.0,0.06859163802054492,0.0017460542611562047,20,38,0.002743667922914028,367.8097634999431,0.898989898989899,0.898989898989899
er4,er4_m60_s0,es_transfer_dc,1,235,11760,1.2633380315501332,89.0,89.0,0.06859163802054502,0.0017460542611562255,20,37,0.0026571154594421387,377.01968069997383,0.898989898989899,0.898989898989899
er4,er4_m60_s0,es_transfer_dc,1,240,12010,1.2633380315501332,89.0,89.0,0.06859163802054502,0.0017460542611562255,20,37,0.0023969030007719994,386.2516342999879,0.898989898989899,0.898989898989899
er4,er4_m60_s0,es_transfer_dc,1,245,12260,1.2633380315501332,89.0,89.0,0.06859163802054502,0.0017460542611563781,20,37,0.0028339435812085867,391.7050612999592,0.898989898989899,0.898989898989899
er4,er4_m60_s0,es_transfer_dc,1,250,12510,1.2633380315501332,89.0,89.0,0.06859163802054492,0.0017460542611562047,20,38,0.002513442886993289,401.33683279994875,0.898989898989899,0.898989898989899
er4,er4_m60_s0,es_transfer_dc,1,255,12760,1.2633380315501332,89.0,89.0,0.06859163802054502,0.0017460542611562255,20,37,0.0021147155202925205,410.8763315999531,0.898989898989899,0.898989898989899
er4,er4_m60_s0,es_transfer_dc,1,260,13010,1.2633380315501332,89.0,89.0,0.06859163802054502,0.0017460542611562255,20,37,0.002508117351680994,416.3479392999434,0.898989898989899,0.898989898989899
er4,er4_m60_s0,es_transfer_dc,1,265,13260,1.2633380315501332,89.0,89.0,0.06859163802054502,0.0017460542611563781,20,37,0.002327763242647052,425.73125819995767,0.898989898989899,0.898989898989899
er4,er4_m60_s0,es_transfer_dc,1,270,13510,1.2633380315501332,89.0,89.0,0.0685916380205451,0.0017460542611561145,20,37,0.0022711839992552996,435.08060089999344,0.898989898989899,0.898989898989899
er4,er4_m60_s0,es_transfer_dc,1,275,13760,1.2633380315501332,89.0,89.0,0.06859163802054502,0.0017460542611562255,20,37,0.002031475305557251,440.33366859995294,0.898989898989899,0.898989898989899
er4,er4_m60_s0,es_transfer_dc,1,280,14010,1.2633380315501332,89.0,89.0,0.06859163802054502,0.0017460542611562255,20,37,0.0016424059867858887,449.79470699996455,0.898989898989899,0.898989898989899
er4,er4_m60_s0,es_transfer_dc,1,285,14260,1.2633380315501332,89.0,89.0,0.06859163802054502,0.0017460542611563781,20,37,0.002415645634755492,459.40575799997896,0.898989898989899,0.898989898989899
er4,er4_m60_s0,es_transfer_dc,1,290,14510,1.2633380315501332,89.0,89.0,0.0685916380205451,0.0017460542611561145,20,37,0.001761830411851406,464.82382509997115,0.898989898989899,0.898989898989899
er4,er4_m60_s0,es_transfer_dc,1,295,14760,1.2633380315501332,89.0,89.0,0.06859163802054502,0.0017460542611562255,20,37,0.0018564775818958879,474.2082868999569,0.898989898989899,0.898989898989899
er4,er4_m60_s0,es_transfer_dc,1,300,15010,1.2633380315501332,89.0,89.0,0.06859163802054502,0.0017460542611562255,20,37,0.0024847337044775486,483.7065333999926,0.898989898989899,0.898989898989899
er4,er4_m60_s0,es_transfer_dc,1,305,15260,1.2633380315501332,89.0,89.0,0.06859163802054502,0.0017460542611563781,20,37,0.001522253267467022,489.07654609996825,0.898989898989899,0.898989898989899
er4,er4_m60_s0,es_transfer_dc,1,310,15510,1.2633380315501332,89.0,89.0,0.0685916380205451,0.0017460542611561145,20,37,0.0021165702491998672,498.48750409996137,0.898989898989899,0.898989898989899
er4,er4_m60_s0,es_transfer_dc,1,315,15760,1.2633380315501332,89.0,89.0,0.06859163802054502,0.0017460542611562255,20,37,0.0022767314221709967,508.21152979996987,0.898989898989899,0.898989898989899
er4,er4_m60_s0,es_transfer_dc,1,320,16010,1.2633380315501332,89.0,89.0,0.06859163802054502,0.0017460542611562255,20,37,0.0018265875987708569,513.7775829999591,0.898989898989899,0.898989898989899
er4,er4_m60_s0,es_transfer_dc,1,325,16260,1.2633380315501332,89.0,89.0,0.06859163802054502,0.0017460542611563781,20,37,0.0017535784281790257,523.4737228999729,0.898989898989899,0.898989898989899
er4,er4_m60_s0,es_transfer_dc,1,330,16510,1.2633380315501332,89.0,89.0,0.06859163802054492,0.0017460542611562047,20,38,0.0018029364291578531,533.1739864999545,0.898989898989899,0.898989898989899
er4,er4_m60_s0,es_transfer_dc,1,335,16760,1.2633380315501332,89.0,89.0,0.068591638020545,0.0017460542611561491,20,37,0.0018804376013576984,538.7471181000001,0.898989898989899,0.898989898989899
er4,er4_m60_s0,es_transfer_dc,1,340,17010,1.2633380315501332,89.0,89.0,0.068591638020545,0.0017460542611561491,20,37,0.0018503963947296143,548.3999778999714,0.898989898989899,0.898989898989899
er4,er4_m60_s0,es_transfer_dc,1,345,17260,1.2633380315501332,89.0,89.0,0.06859163802054502,0.0017460542611563781,20,37,0.0017182461451739073,558.6166520999977,0.898989898989899,0.898989898989899
er4,er4_m60_s0,es_transfer_dc,1,350,17510,1.2633380315501332,89.0,89.0,0.06859163802054492,0.0017460542611562047,20,38,0.0016702560242265463,564.0224545999663,0.898989898989899,0.898989898989899
er4,er4_m60_s0,es_transfer_dc,1,355,17760,1.2633380315501332,89.0,89.0,0.068591638020545,0.0017460542611561491,20,37,0.0017206997144967318,573.6036640999955,0.898989898989899,0.898989898989899
er4,er4_m60_s0,es_transfer_dc,1,360,18010,1.2633380315501332,89.0,89.0,0.068591638020545,0.0017460542611561491,20,37,0.001658887485973537,583.0663318999577,0.898989898989899,0.898989898989899
er4,er4_m60_s0,es_transfer_dc,1,365,18260,1.2633380315501332,89.0,89.0,0.06859163802054502,0.0017460542611563781,20,37,0.0012113997945562005,588.4882902999525,0.898989898989899,0.898989898989899
er4,er4_m60_s0,es_transfer_dc,1,370,18510,1.2633380315501332,89.0,89.0,0.06859163802054492,0.0017460542611562047,20,38,0.0012954063713550568,598.0222359999898,0.898989898989899,0.898989898989899
er4,er4_m60_s0,es_transfer_dc,1,375,18760,1.2633380315501332,89.0,89.0,0.068591638020545,0.0017460542611561491,20,37,0.0016509899869561195,607.5821234999457,0.898989898989899,0.898989898989899
er4,er4_m60_s0,es_transfer_dc,1,380,19010,1.2633380315501332,89.0,89.0,0.068591638020545,0.0017460542611561491,20,37,0.001597912167198956,613.0555891999975,0.898989898989899,0.898989898989899
er4,er4_m60_s0,es_transfer_dc,1,385,19260,1.2633380315501332,89.0,89.0,0.06859163802054502,0.0017460542611563781,20,37,0.0016791853122413158,622.5696483999491,0.898989898989899,0.898989898989899
er4,er4_m60_s0,es_transfer_dc,1,390,19510,1.2633380315501332,89.0,89.0,0.0685916380205451,0.0017460542611561145,20,37,0.0017167727928608656,632.0921146999463,0.898989898989899,0.898989898989899
er4,er4_m60_s0,es_transfer_dc,1,395,19760,1.2633380315501332,89.0,89.0,0.068591638020545,0.0017460542611561491,20,37,0.0018689553253352642,637.5448039999465,0.898989898989899,0.898989898989899
er4,er4_m60_s0,es_transfer_dc,1,400,20010,1.2633380315501332,89.0,89.0,0.068591638020545,0.0017460542611561491,20,37,0.0013402224285528064,647.0988607999752,0.898989898989899,0.898989898989899
er4,er4_m60_s0,es_transfer_dc,2,0,10,0.7786424105292553,58.0,59.8,0.03190252217659621,0.0017974010528312402,20,35,,0.052465899963863194,0.5858585858585859,0.604040404040404
er4,er4_m60_s0,es_transfer_dc,2,5,260,1.0948682069684976,77.0,74.8,0.046612579478738016,0.00013426832138302425,20,31,0.01115426979959011,5.436878099979367,0.7777777777777778,0.7555555555555555
er4,er4_m60_s0,es_transfer_dc,2,10,510,1.1917430199052255,83.0,79.0,0.07316165005106517,0.00036648008999921183,20,31,0.014704112894833088,14.981098799966276,0.8383838383838383,0.797979797979798
er4,er4_m60_s0,es_transfer_dc,2,15,760,1.2272308722880125,86.0,81.2,0.09060375534820966,0.002580158257868243,20,31,0.013203268870711327,24.361578799958806,0.8686868686868687,0.8202020202020203
er4,er4_m60_s0,es_transfer_dc,2,20,1010,1.2272308722880125,86.0,81.9,0.09060375534820966,0.002580158257868243,20,31,0.012728732079267502,29.838263399957214,0.8686868686868687,0.8272727272727274
er4,er4_m60_s0,es_transfer_dc,2,25,1260,1.2272308722880125,86.0,82.8,0.09060375534820966,0.002580158257868243,20,31,0.016421306878328323,39.27495509997243,0.8686868686868687,0.8363636363636363
er4,er4_m60_s0,es_transfer_dc,2,30,1510,1.2384935416825678,87.0,85.1,0.0866867090923816,0.002349499467792518,20,31,0.01476004347205162,48.744200699962676,0.8787878787878788,0.8595959595959596
er4,er4_m60_s0,es_transfer_dc,2,35,1760,1.3066644424652443,88.0,86.3,0.1061429813636593,0.005379043130422739,20,29,0.020124247297644615,54.40924700000323,0.8888888888888888,0.8717171717171717
er4,er4_m60_s0,es_transfer_dc,2,40,2010,1.3066644424652443,88.0,86.7,0.1061429813636593,0.005379043130422739,20,29,0.011219105683267117,64.00053229997866,0.8888888888888888,0.8757575757575757
er4,er4_m60_s0,es_transfer_dc,2,45,2260,1.31134472542191,88.0,87.6,0.12658557789606537,0.0038363153719432226,20,29,0.01418551430106163,73.62149980000686,0.8888888888888888,0.8848484848484848
er4,er4_m60_s0,es_transfer_dc,2,50,2510,1.316245190219901,88.0,88.0,0.12272461080061085,0.009047289814080327,20,29,0.01192812342196703,79.10840919998009,0.8888888888888888,0.8888888888888888
er4,er4_m60_s0,es_transfer_dc,2,55,2760,1.316245190219901,88.0,88.0,0.12272461080061085,0.009047289814080327,20,29,0.013736446388065815,88.82370589999482,0.8888888888888888,0.8888888888888888
er4,er4_m60_s0,es_transfer_dc,2,60,3010,1.316245190219901,88.0,88.1,0.12272461080061085,0.009047289814080327,20,29,0.013341093435883522,98.3974038999877,0.8888888888888888,0.8898989898989899
er4,er4_m60_s0,es_transfer_dc,2,65,3260,1.3199121726033634,89.0,88.3,0.12135144677259757,0.002721293344745527,20,29,0.015261956490576267,103.9406204999541,0.898989898989899,0.8919191919191919
er4,er4_m60_s0,es_transfer_dc,2,70,3510,1.322869196191759,89.0,88.2,0.11619261992758065,0.0003881004584001084,20,29,0.014672021381556988,113.54940929997247,0.898989898989899,0.890909090909091
er4,er4_m60_s0,es_transfer_dc,2,75,3760,1.3299279456503268,90.0,88.7,0.1076891384330002,0.0002885540677488724,20,29,0.015289785340428352,123.07817349996185,0.9090909090909091,0.895959595959596
er4,er4_m60_s0,es_transfer_dc,2,80,4010,1.3299279456503268,90.0,88.9,0.1076891384330002,0.0002885540677488724,20,29,0.012097123079001904,128.60433379997266,0.9090909090909091,0.897979797979798
er4,er4_m60_s0,es_transfer_dc,2,85,4260,1.3299279456503268,90.0,89.1,0.1076891384330002,0.0002885540677488724,20,29,0.012752678245306015,138.14103279996198,0.9090909090909091,0.8999999999999999
er4,er4_m60_s0,es_transfer_dc,2,90,4510,1.3299279456503268,90.0,89.1,0.1076891384330002,0.0002885540677488724,20,29,0.012187059968709946,147.71584650001023,0.9090909090909091,0.8999999999999999
er4,er4_m60_s0,es_transfer_dc,2,95,4760,1.3366031224555055,89.0,89.2,0.12242514557537912,0.008911126410326778,20,29,0.013592846691608429,153.20507069997257,0.898989898989899,0.901010101010101
er4,er4_m60_s0,es_transfer_dc,2,100,5010,1.3366031224555055,89.0,89.2,0.12242514557537912,0.008911126410326778,20,29,0.01058155670762062,162.69494729995495,0.898989898989899,0.901010101010101
er4,er4_m60_s0,es_transfer_dc,2,105,5260,1.3380317782349402,89.0,89.2,0.12264312893047709,0.010027680007842831,20,29,0.010147255845367908,172.4349879999645,0.898989898989899,0.901010101010101
er4,er4_m60_s0,es_transfer_dc,2,110,5510,1.3457074577507118,90.0,89.2,0.11568485120413238,0.00171987342396894,20,29,0.01098340842872858,177.83696809998946,0.9090909090909091,0.901010101010101
er4,er4_m60_s0,es_transfer_dc,2,115,5760,1.3457074577507118,90.0,89.1,0.11568485120413238,0.00171987342396894,20,29,0.013247780501842499,187.51950860000215,0.9090909090909091,0.8999999999999999
er4,er4_m60_s0,es_transfer_dc,2,120,6010,1.3457074577507118,90.0,89.1,0.11568485120413238,0.00171987342396894,20,29,0.010484494268894196,197.02928539999994,0.9090909090909091,0.8999999999999999
er4,er4_m60_s0,es_transfer_dc,2,125,6260,1.354842140607071,90.0,89.3,0.12592597690046026,0.0006804580435321277,20,29,0.012091383337974548,202.53409279999323,0.9090909090909091,0.9020202020202019
er4,er4_m60_s0,es_transfer_dc,2,130,6510,1.354842140607071,90.0,89.4,0.12592597690046026,0.0006804580435321277,20,29,0.010645399801433086,212.13541639997857,0.9090909090909091,0.9030303030303031
er4,er4_m60_s0,es_transfer_dc,2,135,6760,1.354842140607071,90.0,89.5,0.12592597690046026,0.0006804580435321277,20,29,0.008900638669729233,221.8634364999598,0.9090909090909091,0.9040404040404041
er4,er4_m60_s0,es_transfer_dc,2,140,7010,1.354842140607071,90.0,89.7,0.12592597690046026,0.0006804580435321277,20,29,0.01232871413230896,227.47546310001053,0.9090909090909091,0.9060606060606061
er4,er4_m60_s0,es_transfer_dc,2,145,7260,1.354842140607071,90.0,89.8,0.12592597690046026,0.0006804580435321277,20,29,0.00817462895065546,237.0325356000103,0.9090909090909091,0.907070707070707
er4,er4_m60_s0,es_transfer_dc,2,150,7510,1.354842140607071,90.0,90.0,0.12592597690046026,0.0006804580435321277,20,29,0.008809042163193226,246.60742670000764,0.9090909090909091,0.9090909090909091
er4,er4_m60_s0,es_transfer_dc,2,155,7760,1.3549998776577905,90.0,90.0,0.11930036097308055,0.002923832319707838,20,29,0.010541277006268501,252.03232479997678,0.9090909090909091,0.9090909090909091
er4,er4_m60_s0,es_transfer_dc,2,160,8010,1.359554419155203,90.0,90.0,0.1170766177476173,0.001410497121582678,20,29,0.008669870905578136,261.38508169999113,0.9090909090909091,0.9090909090909091
er4,er4_m60_s0,es_transfer_dc,2,165,8260,1.3625010578806331,90.0,90.0,0.12199038022264513,0.0034845758637549844,20,29,0.010092660784721375,270.83833369996864,0.9090909090909091,0.9090909090909091
er4,er4_m60_s0,es_transfer_dc,2,170,8510,1.3625010578806331,90.0,90.0,0.12199038022264513,0.0034845758637549844,20,29,0.007878168486058712,276.2374232999864,0.9090909090909091,0.9090909090909091
er4,er4_m60_s0,es_transfer_dc,2,175,8760,1.3625010578806331,90.0,90.0,0.12199038022264513,0.0034845758637549844,20,29,0.008751722052693367,285.84079729998484,0.9090909090909091,0.9090909090909091
er4,er4_m60_s0,es_transfer_dc,2,180,9010,1.3625010578806331,90.0,90.0,0.12199038022264513,0.0034845758637549844,20,29,0.008360239677131176,295.4744687000057,0.9090909090909091,0.9090909090909091
er4,er4_m60_s0,es_transfer_dc,2,185,9260,1.3625010578806331,90.0,90.0,0.12199038022264513,0.0034845758637549844,20,29,0.008294587954878807,300.8027731999755,0.9090909090909091,0.9090909090909091
er4,er4_m60_s0,es_transfer_dc,2,190,9510,1.3625010578806331,90.0,90.0,0.12199038022264513,0.0034845758637549844,20,29,0.008972516283392906,310.2364352999721,0.9090909090909091,0.9090909090909091
er4,er4_m60_s0,es_transfer_dc,2,195,9760,1.3625010578806331,90.0,90.0,0.12199038022264513,0.0034845758637549844,20,29,0.009652902372181416,319.80334099999163,0.9090909090909091,0.9090909090909091
er4,er4_m60_s0,es_transfer_dc,2,200,10010,1.3644940216687433,90.0,90.0,0.12597362502204162,0.012153072295984078,20,29,0.0074193160980939865,325.1391345000011,0.9090909090909091,0.9090909090909091
er4,er4_m60_s0,es_transfer_dc,2,205,10260,1.3644940216687433,90.0,90.0,0.12597362502204162,0.012153072295984078,20,29,0.008616422303020954,334.51346089999424,0.9090909090909091,0.9090909090909091
er4,er4_m60_s0,es_transfer_dc,2,210,10510,1.3644940216687433,90.0,90.0,0.12597362502204162,0.012153072295984078,20,29,0.007660163566470146,343.57094469998265,0.9090909090909091,0.9090909090909091
er4,er4_m60_s0,es_transfer_dc,2,215,10760,1.3644940216687433,90.0,90.0,0.12597362502204162,0.012153072295984078,20,29,0.008381552994251251,348.61121880001156,0.9090909090909091,0.9090909090909091
er4,er4_m60_s0,es_transfer_dc,2,220,11010,1.3644940216687433,90.0,90.0,0.12597362502204162,0.012153072295984078,20,29,0.008346661925315857,357.7980946999742,0.9090909090909091,0.9090909090909091
er4,er4_m60_s0,es_transfer_dc,2,225,11260,1.3644940216687433,90.0,90.0,0.12597362502204162,0.012153072295984078,20,29,0.007802544627338648,366.9258589000092,0.9090909090909091,0.9090909090909091
er4,er4_m60_s0,es_transfer_dc,2,230,11510,1.3644940216687433,90.0,90.0,0.12597362502204162,0.012153072295984078,20,29,0.0076166666112840176,371.94894559995737,0.9090909090909091,0.9090909090909091
er4,er4_m60_s0,es_transfer_dc,2,235,11760,1.3644940216687433,90.0,90.0,0.12597362502204162,0.012153072295984078,20,29,0.007429533638060093,380.9975634999573,0.9090909090909091,0.9090909090909091
er4,er4_m60_s0,es_transfer_dc,2,240,12010,1.3644940216687433,90.0,90.0,0.12597362502204162,0.012153072295984078,20,29,0.007202877663075924,390.1557356999838,0.9090909090909091,0.9090909090909091
er4,er4_m60_s0,es_transfer_dc,2,245,12260,1.3644940216687433,90.0,90.0,0.12597362502204162,0.012153072295984078,20,29,0.0068445587530732155,395.5231908999849,0.9090909090909091,0.9090909090909091
er4,er4_m60_s0,es_transfer_dc,2,250,12510,1.3644940216687433,90.0,90.0,0.12597362502204162,0.012153072295984078,20,29,0.008017654530704021,404.7965830999892,0.9090909090909091,0.9090909090909091
er4,er4_m60_s0,es_transfer_dc,2,255,12760,1.364665592555239,90.0,90.0,0.12899967650091748,0.0058277085933684525,20,29,0.006996667943894863,414.07214209996164,0.9090909090909091,0.9090909090909091
er4,er4_m60_s0,es_transfer_dc,2,260,13010,1.364665592555239,90.0,90.0,0.12899967650091748,0.0058277085933684525,20,29,0.008433056995272636,419.28138539998326,0.9090909090909091,0.9090909090909091
er4,er4_m60_s0,es_transfer_dc,2,265,13260,1.364665592555239,90.0,90.0,0.12899967650091748,0.0058277085933684525,20,29,0.008769591338932514,428.62045589997433,0.9090909090909091,0.9090909090909091
er4,er4_m60_s0,es_transfer_dc,2,270,13510,1.364665592555239,90.0,90.0,0.12899967650091748,0.0058277085933684525,20,29,0.007545127999037504,437.96086079999804,0.9090909090909091,0.9090909090909091
er4,er4_m60_s0,es_transfer_dc,2,275,13760,1.366564172918316,90.0,90.0,0.13249663755838573,0.011072274164352386,20,29,0.005874048452824354,443.22708139999304,0.9090909090909091,0.9090909090909091
er4,er4_m60_s0,es_transfer_dc,2,280,14010,1.3675982233372785,90.0,90.0,0.13456774556025144,0.0174152931455119,20,29,0.006002569571137428,452.47659009997733,0.9090909090909091,0.9090909090909091
er4,er4_m60_s0,es_transfer_dc,2,285,14260,1.3675982233372785,90.0,90.0,0.13456774556025144,0.0174152931455119,20,29,0.006815447472035885,462.14714039996034,0.9090909090909091,0.9090909090909091
er4,er4_m60_s0,es_transfer_dc,2,290,14510,1.3677737722538366,90.0,90.0,0.12236620036074017,0.006974735380290524,20,29,0.006407910026609898,467.80914470000425,0.9090909090909091,0.9090909090909091
er4,er4_m60_s0,es_transfer_dc,2,295,14760,1.3677737722538366,90.0,90.0,0.12236620036074017,0.006974735380290524,20,29,0.005395522806793451,477.600266799971,0.9090909090909091,0.9090909090909091
er4,er4_m60_s0,es_transfer_dc,2,300,15010,1.3722130958158563,92.0,90.2,0.11347790775473404,0.0011233365765452447,20,29,0.005919769871979952,487.3991448999732,0.9292929292929293,0.9111111111111111
er4,er4_m60_s0,es_transfer_dc,2,305,15260,1.3722130958158563,92.0,90.2,0.11347790775473404,0.0011233365765452447,20,29,0.006713502109050751,492.9290139999939,0.9292929292929293,0.9111111111111111
er4,er4_m60_s0,es_transfer_dc,2,310,15510,1.3722130958158563,92.0,90.4,0.11347790775473404,0.0011233365765452447,20,29,0.006055877543985844,502.7424177000066,0.9292929292929293,0.9131313131313132
er4,er4_m60_s0,es_transfer_dc,2,315,15760,1.3722130958158563,92.0,90.4,0.11347790775473404,0.0011233365765452447,20,29,0.00623064860701561,512.6112235999899,0.9292929292929293,0.9131313131313132
er4,er4_m60_s0,es_transfer_dc,2,320,16010,1.3758597336907181,91.0,90.5,0.12361263884826489,0.006974735380290489,20,29,0.008043666370213032,518.2009249000112,0.9191919191919192,0.9141414141414141
er4,er4_m60_s0,es_transfer_dc,2,325,16260,1.4027222630322544,93.0,90.8,0.12619235166499299,0.005931612729784572,20,29,0.0076020932756364346,528.0108889999683,0.9393939393939394,0.9171717171717172
er4,er4_m60_s0,es_transfer_dc,2,330,16510,1.4027222630322544,93.0,91.6,0.12619235166499299,0.005931612729784572,20,29,0.006158869713544846,537.832080299966,0.9393939393939394,0.9252525252525252
er4,er4_m60_s0,es_transfer_dc,2,335,16760,1.4027222630322544,93.0,92.1,0.12619235166499299,0.005931612729784572,20,29,0.0078067234717309475,543.4478326999815,0.9393939393939394,0.9303030303030303
er4,er4_m60_s0,es_transfer_dc,2,340,17010,1.4027222630322544,93.0,92.3,0.12619235166499299,0.005931612729784572,20,29,0.007354955188930035,553.0005981999566,0.9393939393939394,0.9323232323232323
er4,er4_m60_s0,es_transfer_dc,2,345,17260,1.4027222630322544,93.0,92.3,0.12619235166499299,0.005931612729784572,20,29,0.007275154814124107,562.5655606999644,0.9393939393939394,0.9323232323232323
er4,er4_m60_s0,es_transfer_dc,2,350,17510,1.4038582239164923,93.0,92.6,0.12705681417632742,0.00783553677457293,20,28,0.006227659061551094,567.9810041000019,0.9393939393939394,0.9353535353535353
er4,er4_m60_s0,es_transfer_dc,2,355,17760,1.4038582239164923,93.0,93.0,0.12705681417632742,0.00783553677457293,20,28,0.006868983618915081,577.6101563999546,0.9393939393939394,0.9393939393939394
er4,er4_m60_s0,es_transfer_dc,2,360,18010,1.4040395747092758,93.0,93.0,0.12211171693247237,0.0008352545602794206,20,28,0.006228418555110693,587.4229493999737,0.9393939393939394,0.9393939393939394
er4,er4_m60_s0,es_transfer_dc,2,365,18260,1.4040395747092758,93.0,93.0,0.12211171693247237,0.0008352545602794206,20,28,0.007267727982252836,592.6639178000041,0.9393939393939394,0.9393939393939394
er4,er4_m60_s0,es_transfer_dc,2,370,18510,1.4040395747092758,93.0,93.0,0.12211171693247237,0.0008352545602794206,20,28,0.005934401415288448,601.8392961999634,0.9393939393939394,0.9393939393939394
er4,er4_m60_s0,es_transfer_dc,2,375,18760,1.4040395747092758,93.0,93.0,0.12211171693247237,0.0008352545602794206,20,28,0.005587125662714243,611.5350236999802,0.9393939393939394,0.9393939393939394
er4,er4_m60_s0,es_transfer_dc,2,380,19010,1.4040395747092758,93.0,93.0,0.12211171693247237,0.0008352545602794206,20,28,0.005015254020690918,616.6608389999601,0.9393939393939394,0.9393939393939394
er4,er4_m60_s0,es_transfer_dc,2,385,19260,1.4040395747092758,93.0,93.0,0.12211171693247237,0.0008352545602794206,20,28,0.004635469987988472,625.6770562999882,0.9393939393939394,0.9393939393939394
er4,er4_m60_s0,es_transfer_dc,2,390,19510,1.4040395747092758,93.0,93.0,0.12211171693247237,0.0008352545602794206,20,28,0.005956466309726238,634.702163000009,0.9393939393939394,0.9393939393939394
er4,er4_m60_s0,es_transfer_dc,2,395,19760,1.4040395747092758,93.0,93.0,0.12211171693247237,0.0008352545602794206,20,28,0.005490120500326157,639.9047392999637,0.9393939393939394,0.9393939393939394
er4,er4_m60_s0,es_transfer_dc,2,400,20010,1.4040395747092758,93.0,93.0,0.12211171693247237,0.0008352545602794206,20,28,0.004679697100073099,648.899786999973,0.9393939393939394,0.9393939393939394
er4,er4_m60_s0,es_transfer_dc,3,0,10,0.8266991240769128,61.0,56.5,0.043618584570616764,1.984089975648473e-17,20,32,,0.05138700001407415,0.6161616161616161,0.5707070707070707
er4,er4_m60_s0,es_transfer_dc,3,5,260,1.11590233711794,79.0,74.7,0.06364651176284039,0.001980584405405551,20,36,0.007470281329005957,5.390077899966855,0.797979797979798,0.7545454545454545
er4,er4_m60_s0,es_transfer_dc,3,10,510,1.1509221170409867,82.0,81.0,0.06642392147646263,0.0019332977665541548,20,36,0.010573177598416805,15.06466570001794,0.8282828282828283,0.8181818181818182
er4,er4_m60_s0,es_transfer_dc,3,15,760,1.1862234914871819,84.0,81.8,0.07625205614055794,0.00043090921526992704,20,36,0.01089179702103138,24.719823799969163,0.8484848484848485,0.8262626262626263
er4,er4_m60_s0,es_transfer_dc,3,20,1010,1.1862234914871819,84.0,83.1,0.07625205614055794,0.00043090921526992704,20,36,0.008059398271143436,30.120392200013157,0.8484848484848485,0.8393939393939394
er4,er4_m60_s0,es_transfer_dc,3,25,1260,1.1950733521345696,84.0,83.3,0.07918595392595112,0.00043090921526994785,20,36,0.008364333771169186,39.75858429999789,0.8484848484848485,0.8414141414141414
er4,er4_m60_s0,es_transfer_dc,3,30,1510,1.1977068926885452,84.0,83.8,0.07825869240192516,0.0005171674846120664,20,37,0.00704361405223608,49.66251190000912,0.8484848484848485,0.8464646464646465
er4,er4_m60_s0,es_transfer_dc,3,35,1760,1.2012287462781064,84.0,84.0,0.08042936970561748,4.336127058759964e-06,20,37,0.007766357623040676,55.12803680001525,0.8484848484848485,0.8484848484848485
er4,er4_m60_s0,es_transfer_dc,3,40,2010,1.2012287462781064,84.0,84.0,0.08042936970561729,4.336127058621186e-06,20,36,0.007194119039922953,64.8252829000121,0.8484848484848485,0.8484848484848485
er4,er4_m60_s0,es_transfer_dc,3,45,2260,1.208014258435565,85.0,84.2,0.07322338013604685,6.052042814218804e-05,20,36,0.00664894375950098,74.38871069997549,0.8585858585858586,0.8505050505050505
er4,er4_m60_s0,es_transfer_dc,3,50,2510,1.2137166760477893,85.0,85.0,0.06697226197200937,4.3361270587460865e-06,20,34,0.007472721394151449,79.77194419997977,0.8585858585858586,0.8585858585858586
er4,er4_m60_s0,es_transfer_dc,3,55,2760,1.2141095998286477,85.0,85.0,0.06306347516794096,4.336127058607309e-06,20,35,0.006603734567761421,89.39049570000498,0.8585858585858586,0.8585858585858586
er4,er4_m60_s0,es_transfer_dc,3,60,3010,1.2212378310970058,85.0,85.0,0.08120979514613308,7.602890241514837e-06,20,35,0.0068265036679804325,99.14959729998372,0.8585858585858586,0.8585858585858586
er4,er4_m60_s0,es_transfer_dc,3,65,3260,1.2212378310970058,85.0,85.0,0.08120979514613301,7.602890241237281e-06,20,35,0.005390736740082502,104.66472739999881,0.8585858585858586,0.8585858585858586
er4,er4_m60_s0,es_transfer_dc,3,70,3510,1.2216735071436302,85.0,85.0,0.07868866062669166,3.979957401452697e-06,20,35,0.004826771095395088,114.72085079998942,0.8585858585858586,0.8585858585858586
er4,er4_m60_s0,es_transfer_dc,3,75,3760,1.2342679312379612,86.0,85.2,0.07936668593588789,7.602890241251159e-06,20,35,0.004804427269846201,124.75096699997084,0.8686868686868687,0.8606060606060606
er4,er4_m60_s0,es_transfer_dc,3,80,4010,1.2342679312379612,86.0,85.3,0.07936668593588789,7.602890241251159e-06,20,35,0.0046153259463608265,130.29191430000355,0.8686868686868687,0.8616161616161616
er4,er4_m60_s0,es_transfer_dc,3,85,4260,1.2342679312379612,86.0,85.8,0.079366685935888,7.602890241223403e-06,20,35,0.005713284946978092,139.87001439998858,0.8686868686868687,0.8666666666666666
er4,er4_m60_s0,es_transfer_dc,3,90,4510,1.2342679312379612,86.0,86.0,0.079366685935888,7.602890241223403e-06,20,35,0.004174230620265007,149.31607459997758,0.8686868686868687,0.8686868686868687
er4,er4_m60_s0,es_transfer_dc,3,95,4760,1.2342679312379612,86.0,86.0,0.07936668593588789,7.602890241251159e-06,20,35,0.004649966023862362,154.71509000001242,0.8686868686868687,0.8686868686868687
er4,er4_m60_s0,es_transfer_dc,3,100,5010,1.2342679312379612,86.0,86.0,0.07936668593588803,7.6028902412789146e-06,20,36,0.005658854730427265,164.12721840001177,0.8686868686868687,0.8686868686868687
er4,er4_m60_s0,es_transfer_dc,3,105,5260,1.2342679312379612,86.0,86.0,0.079366685935888,7.602890241223403e-06,20,35,0.003768105758354068,173.4866579999798,0.8686868686868687,0.8686868686868687
er4,er4_m60_s0,es_transfer_dc,3,110,5510,1.2342679312379612,86.0,86.0,0.07936668593588794,7.602890241237281e-06,20,34,0.003782132174819708,178.8516835999908,0.8686868686868687,0.8686868686868687
er4,er4_m60_s0,es_transfer_dc,3,115,5760,1.2342679312379612,86.0,86.0,0.07936668593588797,7.6028902413483035e-06,20,37,0.0031499946489930153,188.30675330001395,0.8686868686868687,0.8686868686868687
er4,er4_m60_s0,es_transfer_dc,3,120,6010,1.2342679312379612,86.0,86.0,0.07936668593588807,7.602890241376059e-06,20,34,0.003828050335869193,197.63826839998364,0.8686868686868687,0.8686868686868687
er4,er4_m60_s0,es_transfer_dc,3,125,6260,1.2342679312379612,86.0,86.0,0.07936668593588798,7.602890241362181e-06,20,36,0.0034181037917733192,202.95202949998202,0.8686868686868687,0.8686868686868687
er4,er4_m60_s0,es_transfer_dc,3,130,6510,1.2342679312379612,86.0,86.0,0.07936668593588808,7.602890241223403e-06,20,35,0.004939654842019081,212.3701559000183,0.8686868686868687,0.8686868686868687
er4,er4_m60_s0,es_transfer_dc,3,135,6760,1.2342679312379612,86.0,86.0,0.07936668593588794,7.602890241223403e-06,20,36,0.0030526132322847843,221.79457909998018,0.8686868686868687,0.8686868686868687
er4,er4_m60_s0,es_transfer_dc,3,140,7010,1.2342679312379612,86.0,86.0,0.07936668593588808,7.602890241126259e-06,20,36,0.0033054472878575325,227.2519401999889,0.8686868686868687,0.8686868686868687
er4,er4_m60_s0,es_transfer_dc,3,145,7260,1.2342679312379612,86.0,86.0,0.07936668593588803,7.602890241209526e-06,20,37,0.003912222106009722,236.6997085000039,0.8686868686868687,0.8686868686868687
er4,er4_m60_s0,es_transfer_dc,3,150,7510,1.2342679312379612,86.0,86.0,0.07936668593588797,7.6028902412789146e-06,20,36,0.002799462527036667,246.24285789998248,0.8686868686868687,0.8686868686868687
er4,er4_m60_s0,es_transfer_dc,3,155,7760,1.2342679312379612,86.0,86.0,0.07936668593588803,7.602890241403815e-06,20,35,0.004616136662662029,251.796729099995,0.8686868686868687,0.8686868686868687
er4,er4_m60_s0,es_transfer_dc,3,160,8010,1.2342679312379612,86.0,86.0,0.07936668593588808,7.602890241251159e-06,20,35,0.00412009609863162,261.426769600017,0.8686868686868687,0.8686868686868687
er4,er4_m60_s0,es_transfer_dc,3,165,8260,1.2342679312379612,86.0,86.0,0.07936668593588811,7.602890241362181e-06,20,35,0.0025577405467629433,270.609328999999,0.8686868686868687,0.8686868686868687
er4,er4_m60_s0,es_transfer_dc,3,170,8510,1.2342679312379612,86.0,86.0,0.07936668593588808,7.602890241265037e-06,20,36,0.002715308452025056,275.97460299998056,0.8686868686868687,0.8686868686868687
er4,er4_m60_s0,es_transfer_dc,3,175,8760,1.2342679312379612,86.0,86.0,0.07936668593588803,7.6028902412789146e-06,20,33,0.002938906429335475,285.3944313999964,0.8686868686868687,0.8686868686868687
er4,er4_m60_s0,es_transfer_dc,3,180,9010,1.2342679312379614,86.0,86.0,0.07936668593588811,7.602890241334426e-06,20,36,0.0032056490890681744,294.56379809998907,0.8686868686868687,0.8686868686868687
er4,er4_m60_s0,es_transfer_dc,3,185,9260,1.2342679312379614,86.0,86.0,0.07936668593588811,7.602890241334426e-06,20,36,0.003218224737793207,299.9092358999769,0.8686868686868687,0.8686868686868687
er4,er4_m60_s0,es_transfer_dc,3,190,9510,1.2342679312379614,86.0,86.0,0.07936668593588811,7.602890241334426e-06,20,36,0.0019530130084604025,309.54366019996814,0.8686868686868687,0.8686868686868687
er4,er4_m60_s0,es_transfer_dc,3,195,9760,1.2342679312379614,86.0,86.0,0.07936668593588811,7.602890241334426e-06,20,36,0.0027859711553901434,319.2084861000185,0.8686868686868687,0.8686868686868687
er4,er4_m60_s0,es_transfer_dc,3,200,10010,1.2342679312379614,86.0,86.0,0.07936668593588811,7.602890241334426e-06,20,36,0.0035378546454012394,324.5245772000053,0.8686868686868687,0.8686868686868687
er4,er4_m60_s0,es_transfer_dc,3,205,10260,1.2342679312379614,86.0,86.0,0.07936668593588811,7.602890241334426e-06,20,36,0.002565043745562434,334.1207767999731,0.8686868686868687,0.8686868686868687
er4,er4_m60_s0,es_transfer_dc,3,210,10510,1.2342679312379614,86.0,86.0,0.07936668593588811,7.602890241334426e-06,20,36,0.00252367090433836,343.7489194999798,0.8686868686868687,0.8686868686868687
er4,er4_m60_s0,es_transfer_dc,3,215,10760,1.2342679312379614,86.0,86.0,0.07936668593588811,7.602890241334426e-06,20,36,0.0029637510888278484,349.3358355999808,0.8686868686868687,0.8686868686868687
er4,er4_m60_s0,es_transfer_dc,3,220,11010,1.2342679312379614,86.0,86.0,0.07936668593588811,7.602890241334426e-06,20,36,0.0023475883062928915,359.15029770002,0.8686868686868687,0.8686868686868687
er4,er4_m60_s0,es_transfer_dc,3,225,11260,1.2342679312379614,86.0,86.0,0.07936668593588811,7.602890241334426e-06,20,36,0.0024808438029140234,369.04905749997124,0.8686868686868687,0.8686868686868687
er4,er4_m60_s0,es_transfer_dc,3,230,11510,1.2342679312379614,86.0,86.0,0.07936668593588811,7.602890241334426e-06,20,36,0.002218765439465642,374.473794599995,0.8686868686868687,0.8686868686868687
er4,er4_m60_s0,es_transfer_dc,3,235,11760,1.2342679312379614,86.0,86.0,0.07936668593588811,7.602890241334426e-06,20,36,0.0021169818937778473,384.2594004999846,0.8686868686868687,0.8686868686868687
er4,er4_m60_s0,es_transfer_dc,3,240,12010,1.2342679312379614,86.0,86.0,0.07936668593588811,7.602890241334426e-06,20,36,0.00223011476919055,394.1550862999866,0.8686868686868687,0.8686868686868687
er4,er4_m60_s0,es_transfer_dc,3,245,12260,1.2342679312379614,86.0,86.0,0.07936668593588803,7.602890241209526e-06,20,37,0.002375217154622078,399.6286674999865,0.8686868686868687,0.8686868686868687
er4,er4_m60_s0,es_transfer_dc,3,250,12510,1.2342679312379614,86.0,86.0,0.07936668593588804,7.602890241209526e-06,20,35,0.0025900965556502342,409.22379710001405,0.8686868686868687,0.8686868686868687
er4,er4_m60_s0,es_transfer_dc,3,255,12760,1.2342679312379614,86.0,86.0,0.07936668593588803,7.602890241209526e-06,20,37,0.00179937609937042,418.6888317000121,0.8686868686868687,0.8686868686868687
er4,er4_m60_s0,es_transfer_dc,3,260,13010,1.2342679312379614,86.0,86.0,0.07936668593588811,7.60289024118177e-06,20,37,0.002067286055535078,424.14746740000555,0.8686868686868687,0.8686868686868687
er4,er4_m60_s0,es_transfer_dc,3,265,13260,1.2342679312379614,86.0,86.0,0.07936668593588811,7.602890241334426e-06,20,36,0.0022452673874795437,434.3078576999833,0.8686868686868687,0.8686868686868687
er4,er4_m60_s0,es_transfer_dc,3,270,13510,1.2342679312379614,86.0,86.0,0.07936668593588811,7.60289024118177e-06,20,37,0.0019616817589849234,444.1826005000039,0.8686868686868687,0.8686868686868687
er4,er4_m60_s0,es_transfer_dc,3,275,13760,1.2342679312379614,86.0,86.0,0.07936668593588811,7.602890241334426e-06,20,36,0.0017416238551959395,449.65038040000945,0.8686868686868687,0.8686868686868687
er4,er4_m60_s0,es_transfer_dc,3,280,14010,1.2342679312379614,86.0,86.0,0.07936668593588803,7.602890241209526e-06,20,37,0.001683850190602243,459.80900649999967,0.8686868686868687,0.8686868686868687
er4,er4_m60_s0,es_transfer_dc,3,285,14260,1.2342679312379614,86.0,86.0,0.07936668593588811,7.60289024118177e-06,20,37,0.0019632168114185333,470.25007569999434,0.8686868686868687,0.8686868686868687
er4,er4_m60_s0,es_transfer_dc,3,290,14510,1.2342679312379614,86.0,86.0,0.07936668593588811,7.602890241334426e-06,20,36,0.001749713788740337,476.8855766999768,0.8686868686868687,0.8686868686868687
er4,er4_m60_s0,es_transfer_dc,3,295,14760,1.2342679312379614,86.0,86.0,0.07936668593588803,7.602890241209526e-06,20,37,0.001975343097001314,487.17234240000835,0.8686868686868687,0.8686868686868687
er4,er4_m60_s0,es_transfer_dc,3,300,15010,1.2342679312379614,86.0,86.0,0.07936668593588803,7.602890241209526e-06,20,37,0.0018909553764387965,497.2203880000161,0.8686868686868687,0.8686868686868687
er4,er4_m60_s0,es_transfer_dc,3,305,15260,1.2342679312379614,86.0,86.0,0.07936668593588803,7.602890241209526e-06,20,37,0.002407525200396776,502.84717590000946,0.8686868686868687,0.8686868686868687
er4,er4_m60_s0,es_transfer_dc,3,310,15510,1.2342679312379614,86.0,86.0,0.07936668593588803,7.602890241209526e-06,20,37,0.0015800285618752241,512.8326939999824,0.8686868686868687,0.8686868686868687
er4,er4_m60_s0,es_transfer_dc,3,315,15760,1.2342679312379614,86.0,86.0,0.07936668593588811,7.602890241334426e-06,20,36,0.0022139265201985836,522.7567779999808,0.8686868686868687,0.8686868686868687
er4,er4_m60_s0,es_transfer_dc,3,320,16010,1.2342679312379614,86.0,86.0,0.07936668593588803,7.602890241209526e-06,20,37,0.00174212665297091,528.4978752000025,0.8686868686868687,0.8686868686868687
er4,er4_m60_s0,es_transfer_dc,3,325,16260,1.2342679312379614,86.0,86.0,0.07936668593588803,7.602890241209526e-06,20,37,0.0018386503215879202,538.1641025000135,0.8686868686868687,0.8686868686868687
er4,er4_m60_s0,es_transfer_dc,3,330,16510,1.2342679312379614,86.0,86.0,0.07936668593588811,7.60289024118177e-06,20,37,0.0020613116212189198,548.0775155000156,0.8686868686868687,0.8686868686868687
er4,er4_m60_s0,es_transfer_dc,3,335,16760,1.2342679312379614,86.0,86.0,0.07936668593588803,7.602890241209526e-06,20,37,0.0014735717559233308,553.5967203999753,0.8686868686868687,0.8686868686868687
er4,er4_m60_s0,es_transfer_dc,3,340,17010,1.2342679312379614,86.0,86.0,0.07936668593588803,7.602890241209526e-06,20,37,0.0015706581762060523,563.4827936000074,0.8686868686868687,0.8686868686868687
er4,er4_m60_s0,es_transfer_dc,3,345,17260,1.2342679312379614,86.0,86.0,0.07936668593588803,7.602890241209526e-06,20,37,0.00195711781270802,573.5135856000124,0.8686868686868687,0.8686868686868687
er4,er4_m60_s0,es_transfer_dc,3,350,17510,1.2342679312379614,86.0,86.0,0.07936668593588803,7.602890241209526e-06,20,37,0.0023917900398373604,579.0563728999696,0.8686868686868687,0.8686868686868687
er4,er4_m60_s0,es_transfer_dc,3,355,17760,1.2342679312379614,86.0,86.0,0.07936668593588811,7.60289024118177e-06,20,37,0.002035075332969427,589.0543432999984,0.8686868686868687,0.8686868686868687
er4,er4_m60_s0,es_transfer_dc,3,360,18010,1.2342679312379614,86.0,86.0,0.07936668593588803,7.602890241209526e-06,20,37,0.0017423273529857397,598.9492955000023,0.8686868686868687,0.8686868686868687
er4,er4_m60_s0,es_transfer_dc,3,365,18260,1.2342679312379614,86.0,86.0,0.07936668593588803,7.602890241209526e-06,20,37,0.0015595585573464632,604.5259963999852,0.8686868686868687,0.8686868686868687
er4,er4_m60_s0,es_transfer_dc,3,370,18510,1.2342679312379614,86.0,86.0,0.07936668593588811,7.602890241334426e-06,20,36,0.002034109551459551,614.6374086000142,0.8686868686868687,0.8686868686868687
er4,er4_m60_s0,es_transfer_dc,3,375,18760,1.2342679312379614,86.0,86.0,0.07936668593588803,7.602890241209526e-06,20,37,0.0013491542777046561,624.4745915000094,0.8686868686868687,0.8686868686868687
er4,er4_m60_s0,es_transfer_dc,3,380,19010,1.2342679312379614,86.0,86.0,0.07936668593588819,7.602890241223403e-06,20,36,0.0017675409326329827,630.1152739999816,0.8686868686868687,0.8686868686868687
er4,er4_m60_s0,es_transfer_dc,3,385,19260,1.2342679312379614,86.0,86.0,0.07936668593588811,7.602890241334426e-06,20,36,0.0011605317704379559,640.0862037999905,0.8686868686868687,0.8686868686868687
er4,er4_m60_s0,es_transfer_dc,3,390,19510,1.2342679312379614,86.0,86.0,0.07936668593588811,7.60289024118177e-06,20,37,0.0017927426379173994,650.1491841999814,0.8686868686868687,0.8686868686868687
er4,er4_m60_s0,es_transfer_dc,3,395,19760,1.2342679312379614,86.0,86.0,0.07936668593588803,7.602890241209526e-06,20,37,0.0013391930842772126,655.6749334000051,0.8686868686868687,0.8686868686868687
er4,er4_m60_s0,es_transfer_dc,3,400,20010,1.2342679312379614,86.0,86.0,0.07936668593588819,7.602890241223403e-06,20,36,0.0015068069333210588,666.0748762000003,0.8686868686868687,0.8686868686868687
er4,er4_m60_s0,es_transfer_dc,4,0,10,0.9511306956414519,70.0,60.8,0.067840025423876,0.0028286894968670324,20,38,,0.04767329996684566,0.7070707070707071,0.6141414141414141
er4,er4_m60_s0,es_transfer_dc,4,5,260,1.1189197732402032,79.0,76.3,0.07121925748386695,0.0008967397714875099,20,39,0.009850616566836834,5.45094720000634,0.797979797979798,0.7707070707070707
er4,er4_m60_s0,es_transfer_dc,4,10,510,1.1947564633651206,83.0,80.6,0.07089527008669518,0.0021346886501550054,20,39,0.015437327325344086,14.819931700010784,0.8383838383838383,0.814141414141414
er4,er4_m60_s0,es_transfer_dc,4,15,760,1.21076829972772,83.0,83.7,0.07431347235046348,0.0030078236747685533,20,36,0.014220216311514378,24.187728799995966,0.8383838383838383,0.8454545454545455
er4,er4_m60_s0,es_transfer_dc,4,20,1010,1.25150792289118,86.0,84.7,0.07055061323510765,0.0026199114773320514,20,37,0.015407814644277096,29.403982699965127,0.8686868686868687,0.8555555555555556
er4,er4_m60_s0,es_transfer_dc,4,25,1260,1.25150792289118,86.0,86.1,0.07055061323510768,0.0026199114773320514,20,36,0.00843622162938118,38.6673504000064,0.8686868686868687,0.8696969696969696
er4,er4_m60_s0,es_transfer_dc,4,30,1510,1.2624328518666788,88.0,86.7,0.0803880714989453,0.0006909381781929937,20,38,0.012095289304852486,47.8623563000001,0.8888888888888888,0.8757575757575757
er4,er4_m60_s0,es_transfer_dc,4,35,1760,1.2624328518666788,88.0,86.4,0.0803880714989453,0.0006909381781929937,20,38,0.009982766583561897,53.224384300003294,0.8888888888888888,0.8727272727272728
er4,er4_m60_s0,es_transfer_dc,4,40,2010,1.2624328518666788,88.0,86.4,0.0803880714989453,0.0006909381781929937,20,38,0.0071313329972326756,62.76726569997845,0.8888888888888888,0.8727272727272728
er4,er4_m60_s0,es_transfer_dc,4,45,2260,1.2624328518666788,88.0,86.6,0.0803880714989453,0.0006909381781929937,20,38,0.008777095936238766,72.1731944999774,0.8888888888888888,0.8747474747474747
er4,er4_m60_s0,es_transfer_dc,4,50,2510,1.2624328518666788,88.0,86.6,0.0803880714989453,0.0006909381781929937,20,38,0.008831672370433807,77.55757040000753,0.8888888888888888,0.8747474747474747
er4,er4_m60_s0,es_transfer_dc,4,55,2760,1.2624328518666788,88.0,86.7,0.0803880714989453,0.0006909381781929937,20,38,0.009223435074090958,86.98842419998255,0.8888888888888888,0.8757575757575757
er4,er4_m60_s0,es_transfer_dc,4,60,3010,1.2634300203020459,87.0,86.8,0.08158243397924417,0.00043330362031826497,20,38,0.006671411916613579,96.35145740001462,0.8787878787878788,0.8767676767676768
er4,er4_m60_s0,es_transfer_dc,4,65,3260,1.270916223911598,87.0,87.3,0.08795570686791462,0.0006847690402050563,20,38,0.006250700447708368,101.71668169996701,0.8787878787878788,0.8818181818181818
er4,er4_m60_s0,es_transfer_dc,4,70,3510,1.2811779805528736,88.0,87.6,0.07460357926924566,0.0003532140637932668,20,38,0.006028663367033005,110.92077659995994,0.8888888888888888,0.8848484848484848
er4,er4_m60_s0,es_transfer_dc,4,75,3760,1.281418849737101,88.0,87.2,0.07453234192494833,0.0003532140637932876,20,38,0.007710948120802641,120.44051559997024,0.8888888888888888,0.8808080808080808
er4,er4_m60_s0,es_transfer_dc,4,80,4010,1.2846441373614697,88.0,87.5,0.08504579720637173,0.0003532140637933154,20,39,0.006166663486510515,125.93353589996696,0.8888888888888888,0.8838383838383839
er4,er4_m60_s0,es_transfer_dc,4,85,4260,1.2846441373614697,88.0,87.7,0.08504579720637173,0.0003532140637933154,20,39,0.008635444566607475,135.76325519999955,0.8888888888888888,0.8858585858585859
er4,er4_m60_s0,es_transfer_dc,4,90,4510,1.2857024909367405,89.0,88.1,0.06264912658049665,8.907557997364646e-05,20,38,0.004901247099041939,145.50963529996807,0.898989898989899,0.8898989898989899
er4,er4_m60_s0,es_transfer_dc,4,95,4760,1.286541445684729,89.0,88.2,0.06440272528606199,0.0011759319035573174,20,38,0.00692085362970829,151.05867920001037,0.898989898989899,0.890909090909091
er4,er4_m60_s0,es_transfer_dc,4,100,5010,1.2904211269921881,89.0,88.3,0.06589627031584278,0.0002806661661082892,20,39,0.006131351925432682,160.74613809998846,0.898989898989899,0.8919191919191919
er4,er4_m60_s0,es_transfer_dc,4,105,5260,1.2904211269921881,89.0,88.3,0.06589627031584278,0.0002806661661082892,20,39,0.0052376254461705685,170.50467559997924,0.898989898989899,0.8919191919191919
er4,er4_m60_s0,es_transfer_dc,4,110,5510,1.2904211269921881,89.0,88.3,0.06589627031584278,0.0002806661661082892,20,39,0.005504598841071129,175.98864960001083,0.898989898989899,0.8919191919191919
er4,er4_m60_s0,es_transfer_dc,4,115,5760,1.2904211269921881,89.0,88.2,0.06589627031584278,0.0002806661661082892,20,39,0.007423871662467718,185.7810266999877,0.898989898989899,0.890909090909091
er4,er4_m60_s0,es_transfer_dc,4,120,6010,1.3220659165389235,88.0,88.1,0.08977906956717135,0.0017959602067504077,20,39,0.006534862332046032,195.38828760001343,0.8888888888888888,0.8898989898989899
er4,er4_m60_s0,es_transfer_dc,4,125,6260,1.3343964490842615,89.0,88.2,0.08946795095290876,0.004416227924796002,20,39,0.006018215790390968,200.76940789999207,0.898989898989899,0.890909090909091
er4,er4_m60_s0,es_transfer_dc,4,130,6510,1.3343964490842615,89.0,88.4,0.08946795095290876,0.004416227924796002,20,39,0.004164837300777435,210.1649558999925,0.898989898989899,0.892929292929293
er4,er4_m60_s0,es_transfer_dc,4,135,6760,1.3506919590920325,90.0,89.1,0.10225424534692398,0.004044727892274322,20,38,0.00640818290412426,219.5909532000078,0.9090909090909091,0.8999999999999999
er4,er4_m60_s0,es_transfer_dc,4,140,7010,1.3543512297951226,91.0,90.3,0.09955695372694787,0.0018025201287992284,20,38,0.0051863957196474075,225.04492939997,0.9191919191919192,0.9121212121212121
er4,er4_m60_s0,es_transfer_dc,4,145,7260,1.3788875574719062,91.0,90.9,0.10807248366595716,0.004446113159944971,20,37,0.0062675620429217815,234.31155519996537,0.9191919191919192,0.9181818181818182
er4,er4_m60_s0,es_transfer_dc,4,150,7510,1.3788875574719062,91.0,90.9,0.10807248366595716,0.004446113159944971,20,37,0.00577195268124342,243.52621719997842,0.9191919191919192,0.9181818181818182
er4,er4_m60_s0,es_transfer_dc,4,155,7760,1.3815497864290083,91.0,91.0,0.10735086800253255,0.002255655425081892,20,37,0.006683131214231253,248.9949216999812,0.9191919191919192,0.9191919191919192
er4,er4_m60_s0,es_transfer_dc,4,160,8010,1.4019318900468791,92.0,91.1,0.12436702374883508,0.001639537453484493,20,36,0.005887100473046303,258.79348170000594,0.9292929292929293,0.9202020202020201
er4,er4_m60_s0,es_transfer_dc,4,165,8260,1.4019318900468791,92.0,91.2,0.12436702374883508,0.001639537453484493,20,36,0.007007313426584005,268.136136599991,0.9292929292929293,0.9212121212121213
er4,er4_m60_s0,es_transfer_dc,4,170,8510,1.4019318900468791,92.0,91.2,0.12436702374883508,0.001639537453484493,20,36,0.0061196875758469105,273.3459020999726,0.9292929292929293,0.9212121212121213
er4,er4_m60_s0,es_transfer_dc,4,175,8760,1.4019318900468791,92.0,91.6,0.12436702374883508,0.001639537453484493,20,36,0.006781675852835178,282.411610799958,0.9292929292929293,0.9252525252525252
er4,er4_m60_s0,es_transfer_dc,4,180,9010,1.4051675653904951,92.0,92.0,0.12080300825507675,0.0016395374534846179,20,37,0.008625570684671402,291.3229288000148,0.9292929292929293,0.9292929292929293
er4,er4_m60_s0,es_transfer_dc,4,185,9260,1.4051675653904951,92.0,92.0,0.12080300825507675,0.0016395374534846179,20,37,0.009661553427577019,296.49048390000826,0.9292929292929293,0.9292929292929293
er4,er4_m60_s0,es_transfer_dc,4,190,9510,1.4079019668034443,92.0,92.0,0.11486911346936104,0.0021732174211481258,20,38,0.005214274395257235,305.71218440000666,0.9292929292929293,0.9292929292929293
er4,er4_m60_s0,es_transfer_dc,4,195,9760,1.4079019668034443,92.0,92.0,0.11486911346936104,0.0021732174211481258,20,38,0.007324422709643841,315.19864449999295,0.9292929292929293,0.9292929292929293
er4,er4_m60_s0,es_transfer_dc,4,200,10010,1.4079019668034443,92.0,92.0,0.11486911346936104,0.0021732174211481258,20,38,0.005640062503516674,320.6392427000101,0.9292929292929293,0.9292929292929293
er4,er4_m60_s0,es_transfer_dc,4,205,10260,1.4079019668034443,92.0,92.0,0.11486911346936104,0.0021732174211481258,20,38,0.006039978936314583,330.1520200999803,0.9292929292929293,0.9292929292929293
er4,er4_m60_s0,es_transfer_dc,4,210,10510,1.4079019668034443,92.0,92.0,0.11486911346936104,0.0021732174211481258,20,38,0.00739133870229125,339.82944080000743,0.9292929292929293,0.9292929292929293
er4,er4_m60_s0,es_transfer_dc,4,215,10760,1.4131772976837496,92.0,92.0,0.12124041404917749,0.001972187431771355,20,36,0.007321556098759174,345.2534586999682,0.9292929292929293,0.9292929292929293
er4,er4_m60_s0,es_transfer_dc,4,220,11010,1.4131772976837496,92.0,92.0,0.12124041404917749,0.001972187431771355,20,36,0.00959677342325449,354.6654474000097,0.9292929292929293,0.9292929292929293
er4,er4_m60_s0,es_transfer_dc,4,225,11260,1.4131772976837496,92.0,92.0,0.12124041404917749,0.001972187431771355,20,36,0.007343173027038574,364.18627509998623,0.9292929292929293,0.9292929292929293
er4,er4_m60_s0,es_transfer_dc,4,230,11510,1.4134541068206634,92.0,92.0,0.1261415256996679,0.0027681397066395552,20,37,0.005714232102036476,369.59207119996427,0.9292929292929293,0.9292929292929293
er4,er4_m60_s0,es_transfer_dc,4,235,11760,1.4144359767131667,92.0,92.0,0.12255632378217807,0.002376828082255176,20,37,0.005812058690935373,379.1969339000061,0.9292929292929293,0.9292929292929293
er4,er4_m60_s0,es_transfer_dc,4,240,12010,1.4144359767131667,92.0,92.0,0.12255632378217798,0.002376828082255103,20,36,0.005641371011734009,388.5823616000125,0.9292929292929293,0.9292929292929293
er4,er4_m60_s0,es_transfer_dc,4,245,12260,1.4144359767131667,92.0,92.0,0.12255632378217798,0.002376828082255103,20,36,0.007614525966346264,394.0091278000036,0.9292929292929293,0.9292929292929293
er4,er4_m60_s0,es_transfer_dc,4,250,12510,1.4144359767131667,92.0,92.0,0.12255632378217807,0.002376828082255176,20,37,0.006724655628204346,403.47114280000096,0.9292929292929293,0.9292929292929293
er4,er4_m60_s0,es_transfer_dc,4,255,12760,1.4152937865908657,92.0,92.0,0.1274767965994338,0.0013367298962283936,20,37,0.006554778665304184,412.99265390000073,0.9292929292929293,0.9292929292929293
er4,er4_m60_s0,es_transfer_dc,4,260,13010,1.4152937865908657,92.0,92.0,0.1274767965994338,0.0013367298962283936,20,37,0.004782815929502249,418.4190897999797,0.9292929292929293,0.9292929292929293
er4,er4_m60_s0,es_transfer_dc,4,265,13260,1.4152937865908657,92.0,92.0,0.1274767965994338,0.0013367298962283936,20,37,0.0067994133569300175,428.07252290000906,0.9292929292929293,0.9292929292929293
er4,er4_m60_s0,es_transfer_dc,4,270,13510,1.415746156467377,92.0,92.0,0.12591544836372176,0.00022160851908770152,20,37,0.006250145845115185,437.59690399997635,0.9292929292929293,0.9292929292929293
er4,er4_m60_s0,es_transfer_dc,4,275,13760,1.415746156467377,92.0,92.0,0.12591544836372176,0.00022160851908770152,20,37,0.0058247847482562065,442.89736369997263,0.9292929292929293,0.9292929292929293
er4,er4_m60_s0,es_transfer_dc,4,280,14010,1.415746156467377,92.0,92.0,0.12591544836372182,0.0002216085190876009,20,36,0.004864665679633617,452.46389119996456,0.9292929292929293,0.9292929292929293
er4,er4_m60_s0,es_transfer_dc,4,285,14260,1.415746156467377,92.0,92.0,0.12591544836372176,0.00022160851908770152,20,37,0.006278280634433031,461.79203119996237,0.9292929292929293,0.9292929292929293
er4,er4_m60_s0,es_transfer_dc,4,290,14510,1.415746156467377,92.0,92.0,0.12591544836372182,0.0002216085190876009,20,36,0.005207359790802002,467.23713189997943,0.9292929292929293,0.9292929292929293
er4,er4_m60_s0,es_transfer_dc,4,295,14760,1.415746156467377,92.0,92.0,0.12591544836372176,0.00022160851908770152,20,37,0.006071379873901606,476.5756158999866,0.9292929292929293,0.9292929292929293
er4,er4_m60_s0,es_transfer_dc,4,300,15010,1.415746156467377,92.0,92.0,0.12591544836372182,0.0002216085190876009,20,36,0.005018455907702446,486.04494349996094,0.9292929292929293,0.9292929292929293
er4,er4_m60_s0,es_transfer_dc,4,305,15260,1.415746156467377,92.0,92.0,0.12591544836372176,0.00022160851908770152,20,37,0.0051595186814665794,491.410873899993,0.9292929292929293,0.9292929292929293
er4,er4_m60_s0,es_transfer_dc,4,310,15510,1.415746156467377,92.0,92.0,0.12591544836372182,0.0002216085190876009,20,36,0.006407694425433874,500.45956769998884,0.9292929292929293,0.9292929292929293
er4,er4_m60_s0,es_transfer_dc,4,315,15760,1.415746156467377,92.0,92.0,0.12591544836372176,0.00022160851908770152,20,37,0.005108044017106295,509.6705142999999,0.9292929292929293,0.9292929292929293
er4,er4_m60_s0,es_transfer_dc,4,320,16010,1.415926158076952,92.0,92.0,0.12154124022801661,0.002227526026374855,20,37,0.0051547810435295105,514.9769926000154,0.9292929292929293,0.9292929292929293
er4,er4_m60_s0,es_transfer_dc,4,325,16260,1.415926158076952,92.0,92.0,0.1215412402280166,0.0022275260263749756,20,37,0.005658671725541353,524.1739770999993,0.9292929292929293,0.9292929292929293
er4,er4_m60_s0,es_transfer_dc,4,330,16510,1.415926158076952,92.0,92.0,0.1215412402280166,0.0022275260263749756,20,37,0.006030489224940538,533.4223328999942,0.9292929292929293,0.9292929292929293
er4,er4_m60_s0,es_transfer_dc,4,335,16760,1.416630883493299,92.0,92.0,0.12697294472699214,0.0028761035860481897,20,38,0.005121991503983736,538.6719146000105,0.9292929292929293,0.9292929292929293
er4,er4_m60_s0,es_transfer_dc,4,340,17010,1.4172220404813052,92.0,92.0,0.12439936294003856,0.0010070067001893834,20,38,0.004944708663970232,548.1365578999976,0.9292929292929293,0.9292929292929293
er4,er4_m60_s0,es_transfer_dc,4,345,17260,1.417300805331388,92.0,92.0,0.1273513787075472,0.0024847840442641777,20,39,0.004989004693925381,557.8045393999782,0.9292929292929293,0.9292929292929293
er4,er4_m60_s0,es_transfer_dc,4,350,17510,1.417300805331388,92.0,92.0,0.1273513787075472,0.0024847840442641777,20,39,0.004629028029739857,563.2261953999987,0.9292929292929293,0.9292929292929293
er4,er4_m60_s0,es_transfer_dc,4,355,17760,1.417300805331388,92.0,92.0,0.1273513787075472,0.0024847840442641777,20,39,0.005237514153122902,572.699134800001,0.9292929292929293,0.9292929292929293
er4,er4_m60_s0,es_transfer_dc,4,360,18010,1.417300805331388,92.0,92.0,0.1273513787075472,0.0024847840442641777,20,39,0.003986524883657694,582.0659163999953,0.9292929292929293,0.9292929292929293
er4,er4_m60_s0,es_transfer_dc,4,365,18260,1.417300805331388,92.0,92.0,0.1273513787075472,0.0024847840442641777,20,39,0.0042049940675497055,587.5779198000091,0.9292929292929293,0.9292929292929293
er4,er4_m60_s0,es_transfer_dc,4,370,18510,1.417300805331388,92.0,92.0,0.1273513787075472,0.0024847840442641777,20,39,0.004955996293574572,597.2317178999656,0.9292929292929293,0.9292929292929293
er4,er4_m60_s0,es_transfer_dc,4,375,18760,1.417300805331388,92.0,92.0,0.1273513787075472,0.0024847840442641777,20,39,0.004487995989620686,606.6671541999676,0.9292929292929293,0.9292929292929293
er4,er4_m60_s0,es_transfer_dc,4,380,19010,1.417300805331388,92.0,92.0,0.1273513787075472,0.0024847840442641777,20,39,0.005108486860990524,612.0533910999657,0.9292929292929293,0.9292929292929293
er4,er4_m60_s0,es_transfer_dc,4,385,19260,1.417300805331388,92.0,92.0,0.1273513787075472,0.0024847840442641777,20,39,0.0043266573920845985,621.9000433000037,0.9292929292929293,0.9292929292929293
er4,er4_m60_s0,es_transfer_dc,4,390,19510,1.417300805331388,92.0,92.0,0.1273513787075472,0.0024847840442641777,20,39,0.004198444075882435,631.5432466999628,0.9292929292929293,0.9292929292929293
er4,er4_m60_s0,es_transfer_dc,4,395,19760,1.4174093901369622,92.0,92.0,0.12474680423755942,0.0009697046101396272,20,38,0.0034789596684277058,636.944358800014,0.9292929292929293,0.9292929292929293
er4,er4_m60_s0,es_transfer_dc,4,400,20010,1.4174093901369622,92.0,92.0,0.12474680423755942,0.0009697046101396272,20,38,0.00637675728648901,646.1302976000006,0.9292929292929293,0.9292929292929293
er4,er4_m60_s1,es_1_2,0,0,10,0.7349283781064331,55.0,60.0,0.03422181726598081,1.0842021724855044e-18,20,32,,0.04439809999894351,0.55,0.6
er4,er4_m60_s1,es_1_2,0,5,260,1.0726994888633068,76.0,74.2,0.0679657738575209,0.001586633177469765,20,34,,1.2196292000007816,0.76,0.742
er4,er4_m60_s1,es_1_2,0,10,510,1.1416373567446063,80.0,78.8,0.08789674339944062,0.00023999578552192508,20,36,,2.378681800037157,0.8,0.7879999999999999
er4,er4_m60_s1,es_1_2,0,15,760,1.2123826464951415,85.0,81.9,0.08854992994740095,0.0034371548793793883,20,37,,3.4064271000097506,0.85,0.8190000000000001
er4,er4_m60_s1,es_1_2,0,20,1010,1.2123826464951415,85.0,84.1,0.08854992994740096,0.0034371548793794404,20,36,,4.618433900002856,0.85,0.841
er4,er4_m60_s1,es_1_2,0,25,1260,1.2123826464951415,85.0,84.6,0.08854992994740095,0.0034371548793793883,20,37,,6.3008640999905765,0.85,0.846
er4,er4_m60_s1,es_1_2,0,30,1510,1.2273640594070026,85.0,85.0,0.10336199182795652,0.005244306623728418,20,38,,7.415516600012779,0.85,0.85
er4,er4_m60_s1,es_1_2,0,35,1760,1.2446834383707501,86.0,85.1,0.11049713588087201,0.0055722579316524815,20,38,,8.546220800024457,0.86,0.851
er4,er4_m60_s1,es_1_2,0,40,2010,1.2475406737286163,86.0,85.5,0.10899788063647434,0.00480174951246895,20,38,,9.726222500030417,0.86,0.855
er4,er4_m60_s1,es_1_2,0,45,2260,1.2638534015094913,87.0,86.3,0.10402948912115434,0.007740678002629762,20,37,,10.88568700000178,0.87,0.863
er4,er4_m60_s1,es_1_2,0,50,2510,1.2638534015094913,87.0,87.0,0.10402948912115434,0.007740678002629762,20,37,,12.052432199998293,0.87,0.87
er4,er4_m60_s1,es_1_2,0,55,2760,1.2751868819625192,88.0,87.1,0.09914019388216974,0.00048674861811393716,20,37,,13.104829100018833,0.88,0.871
er4,er4_m60_s1,es_1_2,0,60,3010,1.279663832390308,87.0,87.7,0.10638652340742338,0.0015426832867371822,20,37,,14.140778300003149,0.87,0.877
er4,er4_m60_s1,es_1_2,0,65,3260,1.3111929209442497,90.0,86.4,0.10894036351211508,0.0026977890241757906,20,38,,15.203200099989772,0.9,0.8640000000000001
er4,er4_m60_s1,es_1_2,0,70,3510,1.3403407335995627,89.0,88.6,0.13314764627107545,0.0008123669284325324,20,39,,16.27184679999482,0.89,0.8859999999999999
er4,er4_m60_s1,es_1_2,0,75,3760,1.341368115277417,90.0,89.2,0.11647520930155422,0.0038607085186909904,20,39,,17.335833300021477,0.9,0.892
er4,er4_m60_s1,es_1_2,0,80,4010,1.3779100599854117,90.0,90.0,0.14217987727268538,0.00020461630750344406,20,40,,18.413338400016073,0.9,0.9
er4,er4_m60_s1,es_1_2,0,85,4260,1.3779100599854117,90.0,90.5,0.14217987727268538,0.00020461630750344406,20,40,,19.462829700030852,0.9,0.905
er4,er4_m60_s1,es_1_2,0,90,4510,1.404709859509057,92.0,90.6,0.1392142137365343,0.0008560766649367314,20,38,,20.548545900033787,0.92,0.9059999999999999
er4,er4_m60_s1,es_1_2,0,95,4760,1.404709859509057,92.0,91.2,0.1392142137365343,0.0008560766649367314,20,38,,21.522568200016394,0.92,0.912
er4,er4_m60_s1,es_1_2,0,100,5010,1.4047098595090572,92.0,92.0,0.13921421373653428,0.0008560766649368147,20,38,,22.56913010001881,0.92,0.92
er4,er4_m60_s1,es_1_2,0,105,5260,1.4053614522529718,92.0,92.0,0.14551080190784932,0.002597027098127619,20,37,,23.62585340003716,0.92,0.92
er4,er4_m60_s1,es_1_2,0,110,5510,1.4053614522529718,92.0,92.0,0.14551080190784932,0.002597027098127619,20,37,,24.68263980001211,0.92,0.92
er4,er4_m60_s1,es_1_2,0,115,5760,1.405361452252972,92.0,92.0,0.1455108019078495,0.002597027098127664,20,37,,25.83934629999567,0.92,0.92
er4,er4_m60_s1,es_1_2,0,120,6010,1.405361452252972,92.0,92.0,0.1455108019078495,0.002597027098127664,20,37,,26.88022460002685,0.92,0.92
er4,er4_m60_s1,es_1_2,0,125,6260,1.405361452252972,92.0,92.0,0.14551080190784962,0.0025970270981277056,20,37,,27.92330540000694,0.92,0.92
er4,er4_m60_s1,es_1_2,0,130,6510,1.405361452252972,92.0,92.0,0.14551080190784962,0.0025970270981277056,20,37,,28.939042899990454,0.92,0.92
er4,er4_m60_s1,es_1_2,0,135,6760,1.405361452252972,92.0,92.0,0.14551080190784962,0.0025970270981277056,20,37,,29.93350330000976,0.92,0.92
er4,er4_m60_s1,es_1_2,0,140,7010,1.405361452252972,92.0,92.0,0.14551080190784962,0.0025970270981277056,20,37,,30.945274800003972,0.92,0.92
er4,er4_m60_s1,es_1_2,0,145,7260,1.4058376754477986,92.0,92.0,0.13396338782868525,0.007462121986311118,20,38,,32.05212070001289,0.92,0.92
er4,er4_m60_s1,es_1_2,0,150,7510,1.4058376754477986,92.0,92.0,0.1339633878286854,0.007462121986311271,20,39,,33.088573099987116,0.92,0.92
er4,er4_m60_s1,es_1_2,0,155,7760,1.413857114864831,92.0,92.0,0.14515185681579312,0.0010534488450688329,20,38,,34.114746499981266,0.92,0.92
er4,er4_m60_s1,es_1_2,0,160,8010,1.413857114864831,92.0,92.0,0.14515185681579312,0.0010534488450688329,20,38,,35.08328230003826,0.92,0.92
er4,er4_m60_s1,es_1_2,0,165,8260,1.4300672586748626,94.0,92.4,0.13361488225439033,0.009208871122309704,20,38,,36.11452719999943,0.94,0.924
er4,er4_m60_s1,es_1_2,0,170,8510,1.4300672586748626,94.0,93.4,0.13361488225439033,0.009208871122309814,20,39,,37.18275640002685,0.94,0.934
er4,er4_m60_s1,es_1_2,0,175,8760,1.4349192036893668,94.0,94.0,0.13062494330600466,0.0014483147241760447,20,39,,38.26021560002118,0.94,0.94
er4,er4_m60_s1,es_1_2,0,180,9010,1.4349192036893668,94.0,94.0,0.13062494330600466,0.0014483147241760447,20,39,,39.26194120000582,0.94,0.94
er4,er4_m60_s1,es_1_2,0,185,9260,1.4374878870917147,94.0,94.0,0.13006991424590114,0.00335827471787066,20,39,,40.38361940003233,0.94,0.94
er4,er4_m60_s1,es_1_2,0,190,9510,1.4374878870917147,94.0,94.0,0.13006991424590114,0.00335827471787066,20,39,,41.40866680000909,0.94,0.94
er4,er4_m60_s1,es_1_2,0,195,9760,1.4374878870917147,94.0,94.0,0.13006991424590114,0.00335827471787066,20,39,,42.45021550002275,0.94,0.94
er4,er4_m60_s1,es_1_2,0,200,10010,1.4374878870917147,94.0,94.0,0.13006991424590114,0.00335827471787066,20,39,,43.47657950001303,0.94,0.94
er4,er4_m60_s1,es_1_2,0,205,10260,1.4374878870917147,94.0,94.0,0.13006991424590114,0.00335827471787066,20,39,,44.50697930000024,0.94,0.94
er4,er4_m60_s1,es_1_2,0,210,10510,1.4387864110075914,94.0,94.0,0.12808524666293325,0.007834824426701928,20,39,,45.49023280001711,0.94,0.94
er4,er4_m60_s1,es_1_2,0,215,10760,1.4387864110075914,94.0,94.0,0.12808524666293317,0.007834824426701976,20,38,,46.507893300033174,0.94,0.94
er4,er4_m60_s1,es_1_2,0,220,11010,1.4413115351259556,94.0,94.0,0.12587246377029718,0.01173234126544333,20,39,,47.545562500017695,0.94,0.94
er4,er4_m60_s1,es_1_2,0,225,11260,1.4413115351259556,94.0,94.0,0.12587246377029718,0.01173234126544333,20,39,,48.52026509999996,0.94,0.94
er4,er4_m60_s1,es_1_2,0,230,11510,1.4456663492511534,94.0,94.0,0.14169131190666795,0.009729447030960209,20,40,,49.54469770001015,0.94,0.94
er4,er4_m60_s1,es_1_2,0,235,11760,1.4456663492511534,94.0,94.0,0.14169131190666795,0.009729447030960209,20,40,,50.59094030002598,0.94,0.94
er4,er4_m60_s1,es_1_2,0,240,12010,1.4470756298826424,94.0,94.0,0.14307893044691378,0.009798669285996126,20,40,,51.61449350003386,0.94,0.94
er4,er4_m60_s1,es_1_2,0,245,12260,1.4488994182441728,94.0,94.0,0.13866923162047767,0.009729447030960237,20,40,,52.53282379999291,0.94,0.94
er4,er4_m60_s1,es_1_2,0,250,12510,1.450960913005947,94.0,94.0,0.14352137620104513,0.009729447030960209,20,41,,53.459881599992514,0.94,0.94
er4,er4_m60_s1,es_1_2,0,255,12760,1.450960913005947,94.0,94.0,0.14352137620104513,0.009729447030960209,20,41,,54.401387899997644,0.94,0.94
er4,er4_m60_s1,es_1_2,0,260,13010,1.4526295311936828,94.0,94.0,0.13835883629626228,0.0035503124157208917,20,41,,55.348090999992564,0.94,0.94
er4,er4_m60_s1,es_1_2,0,265,13260,1.4526295311936828,94.0,94.0,0.13835883629626228,0.0035503124157208917,20,41,,56.28952779999236,0.94,0.94
er4,er4_m60_s1,es_1_2,0,270,13510,1.4526295311936828,94.0,94.0,0.13835883629626228,0.0035503124157208917,20,41,,57.217519900004845,0.94,0.94
er4,er4_m60_s1,es_1_2,0,275,13760,1.4559977031625788,94.0,94.0,0.1333997360060384,0.0023370737362834633,20,41,,58.16459569998551,0.94,0.94
er4,er4_m60_s1,es_1_2,0,280,14010,1.4559977031625788,94.0,94.0,0.1333997360060384,0.0023370737362834633,20,41,,59.14583410002524,0.94,0.94
er4,er4_m60_s1,es_1_2,0,285,14260,1.4559977031625788,94.0,94.0,0.1333997360060384,0.0023370737362834633,20,41,,60.09330200002296,0.94,0.94
er4,er4_m60_s1,es_1_2,0,290,14510,1.4570226395569943,94.0,94.0,0.13773335716797092,0.016972599004955846,20,41,,61.0289137000218,0.94,0.94
er4,er4_m60_s1,es_1_2,0,295,14760,1.4570226395569943,94.0,94.0,0.13773335716797092,0.016972599004955846,20,41,,62.01281490002293,0.94,0.94
er4,er4_m60_s1,es_1_2,0,300,15010,1.4570226395569943,94.0,94.0,0.13773335716797092,0.016972599004955846,20,41,,62.99466080003185,0.94,0.94
er4,er4_m60_s1,es_1_2,0,305,15260,1.4570226395569943,94.0,94.0,0.13773335716797092,0.016972599004955846,20,41,,63.93374700000277,0.94,0.94
er4,er4_m60_s1,es_1_2,0,310,15510,1.4575886613500735,94.0,94.0,0.1498882848936988,0.006760043233310307,20,41,,64.85005910001928,0.94,0.94
er4,er4_m60_s1,es_1_2,0,315,15760,1.4575886613500735,94.0,94.0,0.1498882848936988,0.006760043233310307,20,41,,65.81978560000425,0.94,0.94
er4,er4_m60_s1,es_1_2,0,320,16010,1.4575886613500735,94.0,94.0,0.1498882848936988,0.006760043233310307,20,41,,66.77981079998426,0.94,0.94
er4,er4_m60_s1,es_1_2,0,325,16260,1.4575886613500735,94.0,94.0,0.1498882848936988,0.006760043233310307,20,41,,67.74037359998329,0.94,0.94
er4,er4_m60_s1,es_1_2,0,330,16510,1.4575886613500735,94.0,94.0,0.1498882848936988,0.006760043233310307,20,41,,68.64892890001647,0.94,0.94
er4,er4_m60_s1,es_1_2,0,335,16760,1.4575886613500735,94.0,94.0,0.1498882848936988,0.006760043233310307,20,41,,69.66376500000479,0.94,0.94
er4,er4_m60_s1,es_1_2,0,340,17010,1.459920403281624,94.0,94.0,0.1337155169688763,0.016516890305386778,20,40,,70.60963289998472,0.94,0.94
er4,er4_m60_s1,es_1_2,0,345,17260,1.459920403281624,94.0,94.0,0.1337155169688763,0.016516890305386778,20,40,,71.56390870001633,0.94,0.94
er4,er4_m60_s1,es_1_2,0,350,17510,1.459920403281624,94.0,94.0,0.13371551696887626,0.01651689030538675,20,40,,72.46915170003194,0.94,0.94
er4,er4_m60_s1,es_1_2,0,355,17760,1.4599204032816242,94.0,94.0,0.13371551696887618,0.01651689030538686,20,41,,73.40296560002025,0.94,0.94
er4,er4_m60_s1,es_1_2,0,360,18010,1.4614662510406515,94.0,94.0,0.14518216493961972,2.878463678399057e-05,20,40,,74.3473238000297,0.94,0.94
er4,er4_m60_s1,es_1_2,0,365,18260,1.4614662510406515,94.0,94.0,0.14518216493961966,2.8784636783824036e-05,20,41,,75.30814939999254,0.94,0.94
er4,er4_m60_s1,es_1_2,0,370,18510,1.4657251449423092,94.0,94.0,0.15630112954560738,0.0007481454903723386,20,39,,76.2396868999931,0.94,0.94
er4,er4_m60_s1,es_1_2,0,375,18760,1.4657251449423092,94.0,94.0,0.15630112954560738,0.0007481454903723386,20,39,,77.19528290000744,0.94,0.94
er4,er4_m60_s1,es_1_2,0,380,19010,1.4657251449423092,94.0,94.0,0.15630112954560738,0.0007481454903723386,20,39,,78.16945450002095,0.94,0.94
er4,er4_m60_s1,es_1_2,0,385,19260,1.4657251449423092,94.0,94.0,0.15630112954560738,0.0007481454903723386,20,39,,79.23727240000153,0.94,0.94
er4,er4_m60_s1,es_1_2,0,390,19510,1.4657251449423092,94.0,94.0,0.15630112954560738,0.0007481454903723386,20,39,,80.16503490001196,0.94,0.94
er4,er4_m60_s1,es_1_2,0,395,19760,1.4657251449423092,94.0,94.0,0.15630112954560738,0.0007481454903723386,20,39,,81.11926280002808,0.94,0.94
er4,er4_m60_s1,es_1_2,0,400,20010,1.4702716535242206,94.0,94.0,0.16174596599056695,0.0007481454903721999,20,39,,82.04764679999789,0.94,0.94
er4,er4_m60_s1,es_1_2,1,0,10,0.694449319066058,54.0,59.9,0.07304383663338695,0.00098649445651193,20,35,,0.0393972999881953,0.54,0.599
er4,er4_m60_s1,es_1_2,1,5,260,1.0903015976025472,77.0,76.1,0.08493938608441087,0.0051940444628766555,20,39,,0.9968189999926835,0.77,0.7609999999999999
er4,er4_m60_s1,es_1_2,1,10,510,1.2351708283333593,83.0,81.3,0.08192699595280074,1.691355389077387e-17,20,39,,1.9056249000132084,0.83,0.813
er4,er4_m60_s1,es_1_2,1,15,760,1.297834474654969,87.0,85.5,0.09365687808906978,1.231653667943533e-16,20,38,,2.8542159000062384,0.87,0.855
er4,er4_m60_s1,es_1_2,1,20,1010,1.3193949664869087,88.0,87.3,0.10841890861980757,0.00043341533745316213,20,39,,3.8561608999734744,0.88,0.873
er4,er4_m60_s1,es_1_2,1,25,1260,1.3626021774793176,90.0,89.5,0.10673338113944797,0.003572847044669477,20,39,,4.960389600018971,0.9,0.895
er4,er4_m60_s1,es_1_2,1,30,1510,1.3626021774793176,90.0,90.1,0.1067333811394479,0.003572847044669593,20,39,,6.034360799996648,0.9,0.9009999999999999
er4,er4_m60_s1,es_1_2,1,35,1760,1.3865357821889304,92.0,90.5,0.11664915177808718,0.0006919881699515296,20,39,,7.332116800011136,0.92,0.905
er4,er4_m60_s1,es_1_2,1,40,2010,1.3865357821889304,92.0,91.2,0.11664915177808718,0.0006919881699515296,20,39,,8.393861500022467,0.92,0.912
er4,er4_m60_s1,es_1_2,1,45,2260,1.3912766534334458,92.0,91.6,0.12296921790106745,7.719519468096792e-17,20,38,,9.445226899988484,0.92,0.9159999999999999
er4,er4_m60_s1,es_1_2,1,50,2510,1.3963124160950116,93.0,92.1,0.10510439575470941,0.0003040245327869378,20,39,,10.794866500014905,0.93,0.9209999999999999
er4,er4_m60_s1,es_1_2,1,55,2760,1.3999254930111522,93.0,92.4,0.11494838950500325,1.478851763270228e-16,20,37,,11.818511899968144,0.93,0.924
er4,er4_m60_s1,es_1_2,1,60,3010,1.4073198714119952,93.0,93.0,0.12286085921122736,0.0002987282378207022,20,37,,12.773583100002725,0.93,0.93
er4,er4_m60_s1,es_1_2,1,65,3260,1.4073198714119952,93.0,93.0,0.12286085921122736,0.0002987282378207022,20,37,,13.718269000004511,0.93,0.93
er4,er4_m60_s1,es_1_2,1,70,3510,1.4096708395545965,93.0,93.0,0.12316559249035812,0.00029872823782074037,20,37,,14.590796199976467,0.93,0.93
er4,er4_m60_s1,es_1_2,1,75,3760,1.4096708395545967,93.0,93.0,0.12316559249035816,0.00029872823782068486,20,36,,15.517655199975707,0.93,0.93
er4,er4_m60_s1,es_1_2,1,80,4010,1.4096708395545967,93.0,93.0,0.12316559249035816,0.00029872823782068486,20,36,,16.508262199989986,0.93,0.93
er4,er4_m60_s1,es_1_2,1,85,4260,1.4096708395545967,93.0,93.0,0.12316559249035816,0.00029872823782068486,20,36,,17.460182300012093,0.93,0.93
er4,er4_m60_s1,es_1_2,1,90,4510,1.4096708395545967,93.0,93.0,0.12316559249035816,0.00029872823782068486,20,36,,18.341228600009345,0.93,0.93
er4,er4_m60_s1,es_1_2,1,95,4760,1.4096708395545967,93.0,93.0,0.12316559249035816,0.00029872823782068486,20,36,,19.264967800001614,0.93,0.93
er4,er4_m60_s1,es_1_2,1,100,5010,1.4096708395545967,93.0,93.0,0.12316559249035816,0.00029872823782068486,20,36,,20.18724519998068,0.93,0.93
er4,er4_m60_s1,es_1_2,1,105,5260,1.4096708395545967,93.0,93.0,0.12316559249035816,0.00029872823782068486,20,36,,21.132955299981404,0.93,0.93
er4,er4_m60_s1,es_1_2,1,110,5510,1.4096708395545967,93.0,93.0,0.12316559249035816,0.00029872823782068486,20,36,,22.022884599980898,0.93,0.93
er4,er4_m60_s1,es_1_2,1,115,5760,1.4096708395545967,93.0,93.0,0.12316559249035816,0.00029872823782068486,20,36,,22.943150600010995,0.93,0.93
er4,er4_m60_s1,es_1_2,1,120,6010,1.4105833168616506,93.0,93.0,0.12126840224726025,0.0001603770364548493,20,35,,23.877326200017706,0.93,0.93
er4,er4_m60_s1,es_1_2,1,125,6260,1.4105833168616506,93.0,93.0,0.12126840224726021,0.0001603770364545891,20,36,,24.792386799992528,0.93,0.93
er4,er4_m60_s1,es_1_2,1,130,6510,1.4112833483022884,93.0,93.0,0.12283068599831734,0.0009409332246864237,20,35,,25.718808399979025,0.93,0.93
er4,er4_m60_s1,es_1_2,1,135,6760,1.4112833483022884,93.0,93.0,0.12283068599831734,0.0009409332246864237,20,35,,26.621263900015038,0.93,0.93
er4,er4_m60_s1,es_1_2,1,140,7010,1.4112833483022884,93.0,93.0,0.12283068599831731,0.0009409332246862225,20,36,,27.772772399999667,0.93,0.93
er4,er4_m60_s1,es_1_2,1,145,7260,1.4112833483022884,93.0,93.0,0.12283068599831734,0.0009409332246863474,20,36,,28.700264399987645,0.93,0.93
er4,er4_m60_s1,es_1_2,1,150,7510,1.4112833483022884,93.0,93.0,0.12283068599831731,0.0009409332246862225,20,36,,29.634033899987116,0.93,0.93
er4,er4_m60_s1,es_1_2,1,155,7760,1.4112833483022886,93.0,93.0,0.12283068599831734,0.0009409332246863022,20,36,,30.45093709998764,0.93,0.93
er4,er4_m60_s1,es_1_2,1,160,8010,1.4112833483022886,93.0,93.0,0.12283068599831742,0.0009409332246863716,20,34,,31.298851799976546,0.93,0.93
er4,er4_m60_s1,es_1_2,1,165,8260,1.4112833483022886,93.0,93.0,0.12283068599831737,0.0009409332246863369,20,37,,32.12784109998029,0.93,0.93
er4,er4_m60_s1,es_1_2,1,170,8510,1.4112833483022886,93.0,93.0,0.12283068599831734,0.0009409332246863022,20,36,,32.95210539997788,0.93,0.93
er4,er4_m60_s1,es_1_2,1,175,8760,1.4112833483022886,93.0,93.0,0.12283068599831734,0.0009409332246863022,20,36,,33.7806362999836,0.93,0.93
er4,er4_m60_s1,es_1_2,1,180,9010,1.4112833483022886,93.0,93.0,0.12283068599831748,0.0009409332246862294,20,37,,34.59372150001582,0.93,0.93
er4,er4_m60_s1,es_1_2,1,185,9260,1.4112833483022886,93.0,93.0,0.12283068599831751,0.000940933224686271,20,35,,35.43031089997385,0.93,0.93
er4,er4_m60_s1,es_1_2,1,190,9510,1.4112833483022886,93.0,93.0,0.12283068599831734,0.0009409332246863022,20,36,,36.253876100003254,0.93,0.93
er4,er4_m60_s1,es_1_2,1,195,9760,1.4112833483022886,93.0,93.0,0.12283068599831742,0.0009409332246862225,20,32,,37.082133599964436,0.93,0.93
er4,er4_m60_s1,es_1_2,1,200,10010,1.4112833483022886,93.0,93.0,0.1228306859983174,0.0009409332246862571,20,34,,37.912403299997095,0.93,0.93
er4,er4_m60_s1,es_1_2,1,205,10260,1.4112833483022886,93.0,93.0,0.12283068599831751,0.0009409332246862814,20,37,,38.73969149996992,0.93,0.93
er4,er4_m60_s1,es_1_2,1,210,10510,1.4112833483022886,93.0,93.0,0.12283068599831751,0.0009409332246862814,20,37,,39.642057200020645,0.93,0.93
er4,er4_m60_s1,es_1_2,1,215,10760,1.4112833483022886,93.0,93.0,0.12283068599831745,0.000940933224686271,20,37,,40.459099899977446,0.93,0.93
er4,er4_m60_s1,es_1_2,1,220,11010,1.4112833483022886,93.0,93.0,0.12283068599831745,0.000940933224686271,20,37,,41.292350100004114,0.93,0.93
er4,er4_m60_s1,es_1_2,1,225,11260,1.4112833483022886,93.0,93.0,0.12283068599831751,0.0009409332246862814,20,37,,42.15442889998667,0.93,0.93
er4,er4_m60_s1,es_1_2,1,230,11510,1.4112833483022886,93.0,93.0,0.12283068599831744,0.0009409332246862398,20,35,,43.014628699980676,0.93,0.93
er4,er4_m60_s1,es_1_2,1,235,11760,1.4112833483022886,93.0,93.0,0.12283068599831751,0.0009409332246862814,20,37,,43.839325200009625,0.93,0.93
er4,er4_m60_s1,es_1_2,1,240,12010,1.4112833483022886,93.0,93.0,0.12283068599831751,0.0009409332246862814,20,37,,44.702869899978396,0.93,0.93
er4,er4_m60_s1,es_1_2,1,245,12260,1.4112833483022886,93.0,93.0,0.12283068599831751,0.0009409332246862814,20,37,,45.518615400011186,0.93,0.93
er4,er4_m60_s1,es_1_2,1,250,12510,1.4112833483022886,93.0,93.0,0.1228306859983174,0.0009409332246863127,20,38,,46.33010610000929,0.93,0.93
er4,er4_m60_s1,es_1_2,1,255,12760,1.4112833483022886,93.0,93.0,0.12283068599831728,0.0009409332246862051,20,39,,47.14141609997023,0.93,0.93
er4,er4_m60_s1,es_1_2,1,260,13010,1.4112833483022886,93.0,93.0,0.12283068599831728,0.0009409332246862051,20,39,,47.97736379998969,0.93,0.93
er4,er4_m60_s1,es_1_2,1,265,13260,1.4112833483022886,93.0,93.0,0.12283068599831756,0.0009409332246862884,20,37,,48.82128360000206,0.93,0.93
er4,er4_m60_s1,es_1_2,1,270,13510,1.4112833483022886,93.0,93.0,0.1228306859983174,0.0009409332246863127,20,38,,49.709975700010546,0.93,0.93
er4,er4_m60_s1,es_1_2,1,275,13760,1.4112833483022886,93.0,93.0,0.12283068599831728,0.0009409332246862051,20,39,,50.59231759997783,0.93,0.93
er4,er4_m60_s1,es_1_2,1,280,14010,1.4112833483022886,93.0,93.0,0.12283068599831728,0.0009409332246862051,20,39,,51.4167023000191,0.93,0.93
er4,er4_m60_s1,es_1_2,1,285,14260,1.4112833483022886,93.0,93.0,0.1228306859983173,0.0009409332246862676,20,37,,52.250119199976325,0.93,0.93
er4,er4_m60_s1,es_1_2,1,290,14510,1.4112833483022886,93.0,93.0,0.12283068599831735,0.0009409332246862398,20,37,,53.12763609999092,0.93,0.93
er4,er4_m60_s1,es_1_2,1,295,14760,1.4112833483022886,93.0,93.0,0.12283068599831742,0.0009409332246862155,20,37,,53.94142829999328,0.93,0.93
er4,er4_m60_s1,es_1_2,1,300,15010,1.4112833483022886,93.0,93.0,0.1228306859983174,0.0009409332246863127,20,38,,54.81114439998055,0.93,0.93
er4,er4_m60_s1,es_1_2,1,305,15260,1.4112833483022886,93.0,93.0,0.12283068599831747,0.0009409332246862745,20,37,,55.637644200003706,0.93,0.93
er4,er4_m60_s1,es_1_2,1,310,15510,1.4112833483022886,93.0,93.0,0.12283068599831731,0.0009409332246863925,20,37,,56.45614869997371,0.93,0.93
er4,er4_m60_s1,es_1_2,1,315,15760,1.4112833483022886,93.0,93.0,0.12283068599831731,0.0009409332246863925,20,37,,57.27907609997783,0.93,0.93
er4,er4_m60_s1,es_1_2,1,320,16010,1.4112833483022886,93.0,93.0,0.12283068599831731,0.0009409332246863925,20,37,,58.093202899966855,0.93,0.93
er4,er4_m60_s1,es_1_2,1,325,16260,1.4112833483022886,93.0,93.0,0.12283068599831731,0.0009409332246863925,20,37,,58.92084460001206,0.93,0.93
er4,er4_m60_s1,es_1_2,1,330,16510,1.4112833483022886,93.0,93.0,0.12283068599831741,0.00094093322468633,20,37,,59.74780309997732,0.93,0.93
er4,er4_m60_s1,es_1_2,1,335,16760,1.4112833483022886,93.0,93.0,0.12283068599831745,0.0009409332246863231,20,37,,60.56684949999908,0.93,0.93
er4,er4_m60_s1,es_1_2,1,340,17010,1.4112833483022886,93.0,93.0,0.12283068599831745,0.0009409332246863231,20,37,,61.38141299999552,0.93,0.93
er4,er4_m60_s1,es_1_2,1,345,17260,1.4112833483022886,93.0,93.0,0.12283068599831731,0.0009409332246863647,20,38,,62.22117689996958,0.93,0.93
er4,er4_m60_s1,es_1_2,1,350,17510,1.4112833483022886,93.0,93.0,0.12283068599831745,0.0009409332246863231,20,37,,63.0687202999834,0.93,0.93
er4,er4_m60_s1,es_1_2,1,355,17760,1.4112833483022886,93.0,93.0,0.12283068599831745,0.0009409332246863231,20,37,,63.88349679997191,0.93,0.93
er4,er4_m60_s1,es_1_2,1,360,18010,1.4112833483022886,93.0,93.0,0.12283068599831734,0.0009409332246862259,20,37,,64.70233669999288,0.93,0.93
er4,er4_m60_s1,es_1_2,1,365,18260,1.4112833483022886,93.0,93.0,0.12283068599831735,0.0009409332246862398,20,37,,65.53274529997725,0.93,0.93
er4,er4_m60_s1,es_1_2,1,370,18510,1.4112833483022886,93.0,93.0,0.12283068599831735,0.0009409332246862398,20,37,,66.35457349999342,0.93,0.93
er4,er4_m60_s1,es_1_2,1,375,18760,1.4112833483022886,93.0,93.0,0.12283068599831742,0.0009409332246863439,20,38,,67.17012429999886,0.93,0.93
er4,er4_m60_s1,es_1_2,1,380,19010,1.4112833483022886,93.0,93.0,0.12283068599831735,0.0009409332246862398,20,37,,68.01037659996655,0.93,0.93
er4,er4_m60_s1,es_1_2,1,385,19260,1.4112833483022886,93.0,93.0,0.12283068599831731,0.0009409332246863647,20,38,,68.82293919997755,0.93,0.93
er4,er4_m60_s1,es_1_2,1,390,19510,1.4112833483022886,93.0,93.0,0.12283068599831731,0.0009409332246864376,20,39,,69.65177529997891,0.93,0.93
er4,er4_m60_s1,es_1_2,1,395,19760,1.4112833483022886,93.0,93.0,0.12283068599831742,0.0009409332246863439,20,38,,70.47182799997972,0.93,0.93
er4,er4_m60_s1,es_1_2,1,400,20010,1.4112833483022886,93.0,93.0,0.12283068599831728,0.0009409332246862988,20,38,,71.31912629998988,0.93,0.93
er4,er4_m60_s1,es_1_2,2,0,10,0.8149135670679774,61.0,59.2,0.03190252217659621,0.0017974010528312402,20,35,,0.031280199997127056,0.61,0.5920000000000001
er4,er4_m60_s1,es_1_2,2,5,260,1.1929510691534528,84.0,77.4,0.05621066263130693,0.0008451562619871192,20,36,,0.8873426999780349,0.84,0.774
er4,er4_m60_s1,es_1_2,2,10,510,1.1929510691534528,84.0,84.1,0.05621066263130693,0.0008451562619871192,20,36,,1.7399683999828994,0.84,0.841
er4,er4_m60_s1,es_1_2,2,15,760,1.207954434278625,85.0,84.4,0.06079510892321865,0.0010010587606699498,20,36,,2.6005444999900647,0.85,0.8440000000000001
er4,er4_m60_s1,es_1_2,2,20,1010,1.222657596646073,86.0,85.2,0.0653468487693174,0.0012147618250004377,20,36,,3.583093099994585,0.86,0.852
er4,er4_m60_s1,es_1_2,2,25,1260,1.229672282074946,86.0,86.0,0.06881644897358505,0.0009038436121989041,20,36,,4.4854114999761805,0.86,0.86
er4,er4_m60_s1,es_1_2,2,30,1510,1.229672282074946,86.0,86.0,0.06881644897358505,0.0009038436121989041,20,36,,5.360323899949435,0.86,0.86
er4,er4_m60_s1,es_1_2,2,35,1760,1.2533350017038343,88.0,86.2,0.06505814808097597,0.0002781481993440228,20,36,,6.225086199992802,0.88,0.862
er4,er4_m60_s1,es_1_2,2,40,2010,1.2533350017038343,88.0,86.8,0.06505814808097597,0.0002781481993440228,20,36,,7.069356599997263,0.88,0.868
er4,er4_m60_s1,es_1_2,2,45,2260,1.2897008858458128,89.0,88.9,0.06489722983614576,0.0012541018894397307,20,34,,7.916987499978859,0.89,0.889
er4,er4_m60_s1,es_1_2,2,50,2510,1.2900134331893123,89.0,89.0,0.06737661342151716,0.001465987232389285,20,33,,8.767584599961992,0.89,0.89
er4,er4_m60_s1,es_1_2,2,55,2760,1.2914457704900253,89.0,89.0,0.06811336590420326,0.0006552947686135338,20,35,,9.615821599960327,0.89,0.89
er4,er4_m60_s1,es_1_2,2,60,3010,1.2914457704900253,89.0,89.0,0.06811336590420326,0.0006552947686135338,20,35,,10.468287399969995,0.89,0.89
er4,er4_m60_s1,es_1_2,2,65,3260,1.2929336262352786,89.0,89.0,0.0610215565765347,0.002299481507451384,20,33,,11.339100699988194,0.89,0.89
er4,er4_m60_s1,es_1_2,2,70,3510,1.2949538238138827,89.0,89.0,0.07739481870883988,0.00220901840589347,20,33,,12.176950099994428,0.89,0.89
er4,er4_m60_s1,es_1_2,2,75,3760,1.2949538238138827,89.0,89.0,0.07739481870883988,0.00220901840589347,20,33,,13.389575199980754,0.89,0.89
er4,er4_m60_s1,es_1_2,2,80,4010,1.3029427368888955,90.0,89.2,0.06729771255323863,0.0005783705756898794,20,34,,14.233475399960298,0.9,0.892
er4,er4_m60_s1,es_1_2,2,85,4260,1.3039923366875363,90.0,89.8,0.06581082097488428,0.0005783705756896781,20,35,,15.069630199985113,0.9,0.898
er4,er4_m60_s1,es_1_2,2,90,4510,1.3042746606479532,90.0,90.0,0.07047992822288665,0.0002726909628640445,20,34,,15.903805499954615,0.9,0.9
er4,er4_m60_s1,es_1_2,2,95,4760,1.3042746606479532,90.0,90.0,0.07047992822288665,0.0002726909628640445,20,34,,16.733764499949757,0.9,0.9
er4,er4_m60_s1,es_1_2,2,100,5010,1.3057940179077694,90.0,90.0,0.06494991401796066,0.0008695241048051611,20,35,,17.590617499954533,0.9,0.9
er4,er4_m60_s1,es_1_2,2,105,5260,1.3057940179077694,90.0,90.0,0.0649499140179606,0.0008695241048051264,20,35,,18.446720099949744,0.9,0.9
er4,er4_m60_s1,es_1_2,2,110,5510,1.3064749035464165,90.0,90.0,0.07512347625117624,0.0005681948865354641,20,34,,19.28657239995664,0.9,0.9
er4,er4_m60_s1,es_1_2,2,115,5760,1.3064749035464165,90.0,90.0,0.07512347625117624,0.0005681948865354641,20,34,,20.18453619995853,0.9,0.9
er4,er4_m60_s1,es_1_2,2,120,6010,1.3064749035464165,90.0,90.0,0.07512347625117624,0.0005681948865354641,20,34,,21.04288959997939,0.9,0.9
er4,er4_m60_s1,es_1_2,2,125,6260,1.3064825316245248,90.0,90.0,0.06760690580512332,0.0017604148108756948,20,34,,21.869304799998645,0.9,0.9
er4,er4_m60_s1,es_1_2,2,130,6510,1.309172925237982,90.0,90.0,0.0736494702093107,0.0017604148108757503,20,35,,22.72817189997295,0.9,0.9
er4,er4_m60_s1,es_1_2,2,135,6760,1.309172925237982,90.0,90.0,0.0736494702093107,0.0017604148108757503,20,35,,23.56926319998456,0.9,0.9
er4,er4_m60_s1,es_1_2,2,140,7010,1.309172925237982,90.0,90.0,0.0736494702093107,0.0017604148108757503,20,35,,24.407496899948455,0.9,0.9
er4,er4_m60_s1,es_1_2,2,145,7260,1.309172925237982,90.0,90.0,0.0736494702093107,0.0017604148108757503,20,35,,25.2513344999752,0.9,0.9
er4,er4_m60_s1,es_1_2,2,150,7510,1.3119019863657462,90.0,90.0,0.067003673332665,0.00020871633535632112,20,35,,26.0924930999754,0.9,0.9
er4,er4_m60_s1,es_1_2,2,155,7760,1.3119019863657462,90.0,90.0,0.067003673332665,0.00020871633535632112,20,35,,26.931193899945356,0.9,0.9
er4,er4_m60_s1,es_1_2,2,160,8010,1.3125094305705496,90.0,90.0,0.06937680411469231,0.00023592770497252603,20,36,,27.777208199957386,0.9,0.9
er4,er4_m60_s1,es_1_2,2,165,8260,1.31290762901647,90.0,90.0,0.06661991341568595,0.0004625403672953443,20,36,,28.824122899968643,0.9,0.9
er4,er4_m60_s1,es_1_2,2,170,8510,1.3129076290164703,90.0,90.0,0.06661991341568604,0.000462540367295366,20,36,,29.69110129994806,0.9,0.9
er4,er4_m60_s1,es_1_2,2,175,8760,1.3129076290164703,90.0,90.0,0.06661991341568604,0.000462540367295366,20,36,,30.538420199998654,0.9,0.9
er4,er4_m60_s1,es_1_2,2,180,9010,1.3129076290164703,90.0,90.0,0.06661991341568604,0.000462540367295366,20,36,,31.417327699949965,0.9,0.9
er4,er4_m60_s1,es_1_2,2,185,9260,1.3129076290164703,90.0,90.0,0.06661991341568604,0.000462540367295366,20,36,,32.28238999994937,0.9,0.9
er4,er4_m60_s1,es_1_2,2,190,9510,1.3129076290164703,90.0,90.0,0.06661991341568604,0.000462540367295366,20,36,,33.14354489999823,0.9,0.9
er4,er4_m60_s1,es_1_2,2,195,9760,1.3129076290164703,90.0,90.0,0.06661991341568604,0.000462540367295366,20,36,,34.01266549999127,0.9,0.9
er4,er4_m60_s1,es_1_2,2,200,10010,1.3129076290164703,90.0,90.0,0.06661991341568604,0.000462540367295366,20,36,,34.868224999983795,0.9,0.9
er4,er4_m60_s1,es_1_2,2,205,10260,1.3129076290164703,90.0,90.0,0.06661991341568604,0.000462540367295366,20,36,,35.72315219999291,0.9,0.9
er4,er4_m60_s1,es_1_2,2,210,10510,1.3129076290164703,90.0,90.0,0.06661991341568604,0.000462540367295366,20,36,,36.56300409999676,0.9,0.9
er4,er4_m60_s1,es_1_2,2,215,10760,1.3129076290164703,90.0,90.0,0.06661991341568604,0.000462540367295366,20,36,,37.419157599972095,0.9,0.9
er4,er4_m60_s1,es_1_2,2,220,11010,1.3129076290164703,90.0,90.0,0.06661991341568604,0.000462540367295366,20,36,,38.273718999989796,0.9,0.9
er4,er4_m60_s1,es_1_2,2,225,11260,1.3129076290164703,90.0,90.0,0.06661991341568604,0.000462540367295366,20,36,,39.11341509997146,0.9,0.9
er4,er4_m60_s1,es_1_2,2,230,11510,1.3129076290164703,90.0,90.0,0.06661991341568604,0.000462540367295366,20,36,,39.95108349999646,0.9,0.9
er4,er4_m60_s1,es_1_2,2,235,11760,1.3129076290164703,90.0,90.0,0.06661991341568604,0.000462540367295366,20,36,,40.877551799989305,0.9,0.9
er4,er4_m60_s1,es_1_2,2,240,12010,1.3129076290164703,90.0,90.0,0.06661991341568618,0.0004625403672953452,20,35,,41.73296399996616,0.9,0.9
er4,er4_m60_s1,es_1_2,2,245,12260,1.3129076290164703,90.0,90.0,0.06661991341568604,0.000462540367295366,20,36,,42.57910209998954,0.9,0.9
er4,er4_m60_s1,es_1_2,2,250,12510,1.3129076290164703,90.0,90.0,0.06661991341568618,0.0004625403672953452,20,35,,43.41967619996285,0.9,0.9
er4,er4_m60_s1,es_1_2,2,255,12760,1.3129076290164703,90.0,90.0,0.06661991341568604,0.000462540367295366,20,36,,44.26044569996884,0.9,0.9
er4,er4_m60_s1,es_1_2,2,260,13010,1.3129076290164703,90.0,90.0,0.06661991341568618,0.0004625403672953452,20,35,,45.09807239996735,0.9,0.9
er4,er4_m60_s1,es_1_2,2,265,13260,1.3129076290164703,90.0,90.0,0.06661991341568618,0.0004625403672953452,20,35,,45.92747319996124,0.9,0.9
er4,er4_m60_s1,es_1_2,2,270,13510,1.3129076290164703,90.0,90.0,0.06661991341568618,0.0004625403672953452,20,35,,46.75730099994689,0.9,0.9
er4,er4_m60_s1,es_1_2,2,275,13760,1.3129076290164703,90.0,90.0,0.06661991341568604,0.000462540367295366,20,36,,47.598482799949124,0.9,0.9
er4,er4_m60_s1,es_1_2,2,280,14010,1.3129076290164703,90.0,90.0,0.06661991341568618,0.0004625403672953452,20,35,,48.44290159997763,0.9,0.9
er4,er4_m60_s1,es_1_2,2,285,14260,1.3129076290164703,90.0,90.0,0.06661991341568618,0.0004625403672953452,20,35,,49.28284949995577,0.9,0.9
er4,er4_m60_s1,es_1_2,2,290,14510,1.3129076290164703,90.0,90.0,0.06661991341568618,0.0004625403672953452,20,35,,50.145215399970766,0.9,0.9
er4,er4_m60_s1,es_1_2,2,295,14760,1.3129076290164703,90.0,90.0,0.06661991341568613,0.0004625403672953504,20,35,,50.98221589997411,0.9,0.9
er4,er4_m60_s1,es_1_2,2,300,15010,1.3129076290164703,90.0,90.0,0.06661991341568611,0.0004625403672953287,20,36,,51.82422279997263,0.9,0.9
er4,er4_m60_s1,es_1_2,2,305,15260,1.3129076290164703,90.0,90.0,0.06661991341568618,0.0004625403672953452,20,35,,52.67249739996623,0.9,0.9
er4,er4_m60_s1,es_1_2,2,310,15510,1.3129076290164703,90.0,90.0,0.06661991341568611,0.0004625403672953287,20,36,,53.52157259994419,0.9,0.9
er4,er4_m60_s1,es_1_2,2,315,15760,1.3129076290164703,90.0,90.0,0.06661991341568618,0.0004625403672953452,20,35,,54.35104669997236,0.9,0.9
er4,er4_m60_s1,es_1_2,2,320,16010,1.3129076290164703,90.0,90.0,0.06661991341568618,0.0004625403672953452,20,35,,55.21432459994685,0.9,0.9
er4,er4_m60_s1,es_1_2,2,325,16260,1.3129076290164703,90.0,90.0,0.06661991341568611,0.0004625403672954354,20,34,,56.054294599976856,0.9,0.9
er4,er4_m60_s1,es_1_2,2,330,16510,1.3129076290164703,90.0,90.0,0.06661991341568604,0.000462540367295366,20,36,,56.89382899994962,0.9,0.9
er4,er4_m60_s1,es_1_2,2,335,16760,1.3129076290164703,90.0,90.0,0.06661991341568618,0.0004625403672953452,20,35,,57.73982469999464,0.9,0.9
er4,er4_m60_s1,es_1_2,2,340,17010,1.3129076290164703,90.0,90.0,0.06661991341568611,0.0004625403672954354,20,34,,58.57923419994768,0.9,0.9
er4,er4_m60_s1,es_1_2,2,345,17260,1.3129076290164703,90.0,90.0,0.06661991341568618,0.0004625403672953452,20,35,,59.43921919999411,0.9,0.9
er4,er4_m60_s1,es_1_2,2,350,17510,1.3129076290164703,90.0,90.0,0.06661991341568611,0.0004625403672954354,20,34,,60.27005159994587,0.9,0.9
er4,er4_m60_s1,es_1_2,2,355,17760,1.3129076290164703,90.0,90.0,0.06661991341568618,0.0004625403672953452,20,35,,61.098781499953475,0.9,0.9
er4,er4_m60_s1,es_1_2,2,360,18010,1.3129076290164703,90.0,90.0,0.06661991341568611,0.0004625403672954354,20,34,,61.981768500001635,0.9,0.9
er4,er4_m60_s1,es_1_2,2,365,18260,1.3129076290164703,90.0,90.0,0.06661991341568611,0.0004625403672954354,20,34,,62.837943199963775,0.9,0.9
er4,er4_m60_s1,es_1_2,2,370,18510,1.3129076290164703,90.0,90.0,0.06661991341568615,0.0004625403672954085,20,35,,63.6777749999892,0.9,0.9
er4,er4_m60_s1,es_1_2,2,375,18760,1.3129076290164703,90.0,90.0,0.0666199134156861,0.0004625403672953573,20,36,,64.5120845999918,0.9,0.9
er4,er4_m60_s1,es_1_2,2,380,19010,1.3129076290164703,90.0,90.0,0.0666199134156861,0.0004625403672953573,20,36,,65.37786929996219,0.9,0.9
er4,er4_m60_s1,es_1_2,2,385,19260,1.3129076290164703,90.0,90.0,0.06661991341568615,0.0004625403672954085,20,35,,66.24048359994777,0.9,0.9
er4,er4_m60_s1,es_1_2,2,390,19510,1.3129076290164703,90.0,90.0,0.06661991341568618,0.0004625403672953452,20,35,,67.07304389995988,0.9,0.9
er4,er4_m60_s1,es_1_2,2,395,19760,1.3129076290164703,90.0,90.0,0.06661991341568615,0.0004625403672954085,20,35,,67.90613799996208,0.9,0.9
er4,er4_m60_s1,es_1_2,2,400,20010,1.3129076290164703,90.0,90.0,0.0666199134156861,0.0004625403672953573,20,36,,68.76132579997648,0.9,0.9
er4,er4_m60_s1,es_1_2,3,0,10,0.7537623779622079,57.0,60.5,0.043618584570616764,1.984089975648473e-17,20,32,,0.03515349997906014,0.57,0.605
er4,er4_m60_s1,es_1_2,3,5,260,1.0546385068689315,77.0,75.6,0.027890843956214564,0.0008531452780140489,20,33,,0.9059539999580011,0.77,0.7559999999999999
er4,er4_m60_s1,es_1_2,3,10,510,1.143933897047862,79.0,77.5,0.08464980855749048,0.0004297219046530479,20,34,,1.7602735999971628,0.79,0.775
er4,er4_m60_s1,es_1_2,3,15,760,1.2038245369817906,84.0,82.0,0.07895161337940898,1.3877787807814457e-17,20,34,,2.623246199975256,0.84,0.82
er4,er4_m60_s1,es_1_2,3,20,1010,1.2504221690057595,87.0,85.4,0.07917169698434488,7.28583859910259e-17,20,34,,3.459720099985134,0.87,0.8540000000000001
er4,er4_m60_s1,es_1_2,3,25,1260,1.2542557049155127,87.0,86.3,0.08494318256961947,1.457167719820518e-16,20,35,,4.2951553000020795,0.87,0.863
er4,er4_m60_s1,es_1_2,3,30,1510,1.2580061994287228,88.0,86.9,0.07410630458595546,1.734723475976807e-17,20,34,,5.147433499980252,0.88,0.8690000000000001
er4,er4_m60_s1,es_1_2,3,35,1760,1.2580061994287228,88.0,87.4,0.07410630458595546,1.734723475976807e-17,20,34,,5.99217059998773,0.88,0.8740000000000001
er4,er4_m60_s1,es_1_2,3,40,2010,1.2580061994287228,88.0,87.7,0.07410630458595546,1.734723475976807e-17,20,34,,6.825506399967708,0.88,0.877
er4,er4_m60_s1,es_1_2,3,45,2260,1.264992844189889,88.0,87.9,0.06806448076947988,3.469446951953614e-18,20,34,,7.6623244999791496,0.88,0.879
er4,er4_m60_s1,es_1_2,3,50,2510,1.264992844189889,88.0,87.9,0.06806448076947988,3.469446951953614e-18,20,34,,8.482087499985937,0.88,0.879
er4,er4_m60_s1,es_1_2,3,55,2760,1.2652359231098216,88.0,88.0,0.07032330019642805,6.765421556309548e-17,20,34,,9.321363299968652,0.88,0.88
er4,er4_m60_s1,es_1_2,3,60,3010,1.2652359231098216,88.0,88.0,0.07032330019642805,6.765421556309548e-17,20,34,,10.164012299966998,0.88,0.88
er4,er4_m60_s1,es_1_2,3,65,3260,1.2697958891186372,88.0,88.0,0.0825386064440739,3.469446951953614e-17,20,34,,10.99941549997311,0.88,0.88
er4,er4_m60_s1,es_1_2,3,70,3510,1.2697958891186372,88.0,88.0,0.0825386064440739,3.469446951953614e-17,20,34,,11.832049699965864,0.88,0.88
er4,er4_m60_s1,es_1_2,3,75,3760,1.2708813323324009,88.0,88.0,0.07772599209203018,1.0408340855860843e-17,20,34,,12.65536809997866,0.88,0.88
er4,er4_m60_s1,es_1_2,3,80,4010,1.2708813323324009,88.0,88.0,0.07772599209203018,1.0408340855860843e-17,20,34,,13.494795899954624,0.88,0.88
er4,er4_m60_s1,es_1_2,3,85,4260,1.2708813323324009,88.0,88.0,0.07772599209203018,1.0408340855860843e-17,20,34,,14.33523669996066,0.88,0.88
er4,er4_m60_s1,es_1_2,3,90,4510,1.2778440903582433,88.0,88.0,0.07457930257334096,1.0234868508263162e-16,20,33,,15.171635499980766,0.88,0.88
er4,er4_m60_s1,es_1_2,3,95,4760,1.2801470751537052,88.0,88.0,0.0768956809519579,1.5612511283791264e-17,20,33,,16.00296710000839,0.88,0.88
er4,er4_m60_s1,es_1_2,3,100,5010,1.2801470751537052,88.0,88.0,0.0768956809519579,1.5612511283791264e-17,20,33,,17.24182239995571,0.88,0.88
er4,er4_m60_s1,es_1_2,3,105,5260,1.2801470751537052,88.0,88.0,0.0768956809519579,1.5612511283791264e-17,20,33,,18.07404779997887,0.88,0.88
er4,er4_m60_s1,es_1_2,3,110,5510,1.2801470751537052,88.0,88.0,0.0768956809519579,1.5612511283791264e-17,20,33,,18.90528770000674,0.88,0.88
er4,er4_m60_s1,es_1_2,3,115,5760,1.2801470751537052,88.0,88.0,0.0768956809519579,1.5612511283791264e-17,20,33,,19.741499299998395,0.88,0.88
er4,er4_m60_s1,es_1_2,3,120,6010,1.2801470751537052,88.0,88.0,0.0768956809519579,1.5612511283791264e-17,20,33,,20.585904099978507,0.88,0.88
er4,er4_m60_s1,es_1_2,3,125,6260,1.2801470751537052,88.0,88.0,0.0768956809519579,1.5612511283791264e-17,20,33,,21.403823099972215,0.88,0.88
er4,er4_m60_s1,es_1_2,3,130,6510,1.2801470751537052,88.0,88.0,0.0768956809519579,1.5612511283791264e-17,20,33,,22.235236299980897,0.88,0.88
er4,er4_m60_s1,es_1_2,3,135,6760,1.2801470751537052,88.0,88.0,0.0768956809519579,1.5612511283791264e-17,20,33,,23.09658529999433,0.88,0.88
er4,er4_m60_s1,es_1_2,3,140,7010,1.2801470751537052,88.0,88.0,0.0768956809519579,1.5612511283791264e-17,20,33,,23.952486499969382,0.88,0.88
er4,er4_m60_s1,es_1_2,3,145,7260,1.2801470751537052,88.0,88.0,0.0768956809519579,1.5612511283791264e-17,20,33,,24.815837599977385,0.88,0.88
er4,er4_m60_s1,es_1_2,3,150,7510,1.2801470751537052,88.0,88.0,0.0768956809519579,1.5612511283791264e-17,20,33,,25.670365899975877,0.88,0.88
er4,er4_m60_s1,es_1_2,3,155,7760,1.2801470751537052,88.0,88.0,0.0768956809519579,1.5612511283791264e-17,20,33,,26.640373400005046,0.88,0.88
er4,er4_m60_s1,es_1_2,3,160,8010,1.2801470751537052,88.0,88.0,0.0768956809519579,1.5612511283791264e-17,20,33,,27.565569799975492,0.88,0.88
er4,er4_m60_s1,es_1_2,3,165,8260,1.2801470751537052,88.0,88.0,0.0768956809519579,1.5612511283791264e-17,20,33,,28.45799729996361,0.88,0.88
er4,er4_m60_s1,es_1_2,3,170,8510,1.2801470751537052,88.0,88.0,0.0768956809519579,1.5612511283791264e-17,20,33,,29.325531799986493,0.88,0.88
er4,er4_m60_s1,es_1_2,3,175,8760,1.2801470751537052,88.0,88.0,0.0768956809519579,1.5612511283791264e-17,20,33,,30.192388999974355,0.88,0.88
er4,er4_m60_s1,es_1_2,3,180,9010,1.2801470751537052,88.0,88.0,0.0768956809519579,1.5612511283791264e-17,20,33,,31.096278899989557,0.88,0.88
er4,er4_m60_s1,es_1_2,3,185,9260,1.2801470751537052,88.0,88.0,0.0768956809519579,1.5612511283791264e-17,20,33,,32.10921599995345,0.88,0.88
er4,er4_m60_s1,es_1_2,3,190,9510,1.280248567294046,88.0,88.0,0.07439336038479202,2.42861286636753e-17,20,33,,32.996546099951956,0.88,0.88
er4,er4_m60_s1,es_1_2,3,195,9760,1.2820630434503224,88.0,88.0,0.07796688137123325,3.469446951953614e-18,20,33,,33.853417599981185,0.88,0.88
er4,er4_m60_s1,es_1_2,3,200,10010,1.2820630434503224,88.0,88.0,0.07796688137123325,3.469446951953614e-18,20,33,,34.69807789998595,0.88,0.88
er4,er4_m60_s1,es_1_2,3,205,10260,1.2822347974854087,88.0,88.0,0.07932750531699834,4.85722573273506e-17,20,33,,35.53154449997237,0.88,0.88
er4,er4_m60_s1,es_1_2,3,210,10510,1.2822347974854087,88.0,88.0,0.07932750531699834,4.85722573273506e-17,20,33,,36.359090899990406,0.88,0.88
er4,er4_m60_s1,es_1_2,3,215,10760,1.2871122852102455,88.0,88.0,0.08189570250231079,8.847089727481716e-17,20,33,,37.2223049000022,0.88,0.88
er4,er4_m60_s1,es_1_2,3,220,11010,1.2871122852102455,88.0,88.0,0.08189570250231079,8.847089727481716e-17,20,33,,38.05996869999217,0.88,0.88
er4,er4_m60_s1,es_1_2,3,225,11260,1.2871122852102455,88.0,88.0,0.08189570250231079,8.847089727481716e-17,20,33,,38.910132199991494,0.88,0.88
er4,er4_m60_s1,es_1_2,3,230,11510,1.2871122852102455,88.0,88.0,0.08189570250231079,8.847089727481716e-17,20,33,,39.749001599964686,0.88,0.88
er4,er4_m60_s1,es_1_2,3,235,11760,1.2884917891039671,88.0,88.0,0.08904714653999089,4.336808689942018e-17,20,34,,40.61699609999778,0.88,0.88
er4,er4_m60_s1,es_1_2,3,240,12010,1.2884917891039673,88.0,88.0,0.08904714653999099,6.071532165918825e-17,20,33,,41.46525229996769,0.88,0.88
er4,er4_m60_s1,es_1_2,3,245,12260,1.2884917891039673,88.0,88.0,0.08904714653999099,6.071532165918825e-17,20,33,,42.34069759998238,0.88,0.88
er4,er4_m60_s1,es_1_2,3,250,12510,1.2968728958030813,89.0,88.2,0.0942385005039175,3.2959746043559335e-17,20,33,,43.226961399952415,0.89,0.882
er4,er4_m60_s1,es_1_2,3,255,12760,1.2968728958030813,89.0,88.3,0.0942385005039175,3.2959746043559335e-17,20,33,,44.18213609996019,0.89,0.883
er4,er4_m60_s1,es_1_2,3,260,13010,1.2968728958030813,89.0,88.8,0.0942385005039175,3.2959746043559335e-17,20,33,,45.061974499956705,0.89,0.888
er4,er4_m60_s1,es_1_2,3,265,13260,1.300815949568262,89.0,89.0,0.09289871517011378,0.0005109902628276583,20,33,,45.944919599976856,0.89,0.89
er4,er4_m60_s1,es_1_2,3,270,13510,1.300815949568262,89.0,89.0,0.0928987151701137,0.0005109902628276028,20,33,,46.801197099965066,0.89,0.89
er4,er4_m60_s1,es_1_2,3,275,13760,1.300815949568262,89.0,89.0,0.09289871517011383,0.0005109902628277138,20,33,,47.67925149999792,0.89,0.89
er4,er4_m60_s1,es_1_2,3,280,14010,1.300815949568262,89.0,89.0,0.09289871517011378,0.0005109902628276583,20,33,,48.53021150000859,0.89,0.89
er4,er4_m60_s1,es_1_2,3,285,14260,1.3029854407342993,89.0,89.0,0.07353093884864499,0.0017757171873240517,20,33,,49.38605179998558,0.89,0.89
er4,er4_m60_s1,es_1_2,3,290,14510,1.3029854407342993,89.0,89.0,0.07353093884864499,0.0017757171873240517,20,33,,50.25131409999449,0.89,0.89
er4,er4_m60_s1,es_1_2,3,295,14760,1.3029854407342993,89.0,89.0,0.07353093884864499,0.0017757171873240517,20,33,,51.137336699990556,0.89,0.89
er4,er4_m60_s1,es_1_2,3,300,15010,1.3029854407342993,89.0,89.0,0.07353093884864512,0.001775717187323958,20,33,,52.002521399990655,0.89,0.89
er4,er4_m60_s1,es_1_2,3,305,15260,1.3049717999519141,89.0,89.0,0.07983837518371181,0.0007235799700981843,20,33,,52.89213249995373,0.89,0.89
er4,er4_m60_s1,es_1_2,3,310,15510,1.3049717999519141,89.0,89.0,0.07983837518371181,0.0007235799700981843,20,33,,53.752591600001324,0.89,0.89
er4,er4_m60_s1,es_1_2,3,315,15760,1.3049717999519141,89.0,89.0,0.07983837518371187,0.0007235799700982815,20,34,,54.596837599994615,0.89,0.89
er4,er4_m60_s1,es_1_2,3,320,16010,1.305516249572394,89.0,89.0,0.08442474845633849,0.0004598089730553645,20,32,,55.44834439997794,0.89,0.89
er4,er4_m60_s1,es_1_2,3,325,16260,1.305516249572394,89.0,89.0,0.08442474845633842,0.0004598089730552743,20,33,,56.295198799984064,0.89,0.89
er4,er4_m60_s1,es_1_2,3,330,16510,1.305825439636666,89.0,89.0,0.07562292950619734,0.0019322102982586228,20,34,,57.1534748999984,0.89,0.89
er4,er4_m60_s1,es_1_2,3,335,16760,1.305825439636666,89.0,89.0,0.07562292950619734,0.0019322102982586228,20,34,,58.004880199965555,0.89,0.89
er4,er4_m60_s1,es_1_2,3,340,17010,1.305825439636666,89.0,89.0,0.07562292950619734,0.0019322102982586228,20,34,,58.858223099960014,0.89,0.89
er4,er4_m60_s1,es_1_2,3,345,17260,1.3059970199355153,89.0,89.0,0.07682782306714338,0.0018847685318357926,20,32,,59.69050999998581,0.89,0.89
er4,er4_m60_s1,es_1_2,3,350,17510,1.3059970199355153,89.0,89.0,0.07682782306714343,0.0018847685318357163,20,32,,60.536322099971585,0.89,0.89
er4,er4_m60_s1,es_1_2,3,355,17760,1.3081302527988916,89.0,89.0,0.09539356937249692,0.0002671243768228894,20,32,,61.38624520000303,0.89,0.89
er4,er4_m60_s1,es_1_2,3,360,18010,1.3081302527988916,89.0,89.0,0.09539356937249692,0.0002671243768228894,20,32,,62.23825699998997,0.89,0.89
er4,er4_m60_s1,es_1_2,3,365,18260,1.3121762905612084,89.0,89.0,0.10169315620515926,9.442718975082986e-05,20,33,,63.0832513999776,0.89,0.89
er4,er4_m60_s1,es_1_2,3,370,18510,1.3121762905612084,89.0,89.0,0.10169315620515935,9.442718975083766e-05,20,34,,63.91408600000432,0.89,0.89
er4,er4_m60_s1,es_1_2,3,375,18760,1.3121762905612084,89.0,89.0,0.10169315620515935,9.442718975083766e-05,20,34,,64.75968959997408,0.89,0.89
er4,er4_m60_s1,es_1_2,3,380,19010,1.3121762905612087,89.0,89.0,0.10169315620515942,9.442718975071103e-05,20,35,,65.62970779999159,0.89,0.89
er4,er4_m60_s1,es_1_2,3,385,19260,1.3121762905612087,89.0,89.0,0.10169315620515942,9.442718975071103e-05,20,35,,66.47724099998595,0.89,0.89
er4,er4_m60_s1,es_1_2,3,390,19510,1.3121762905612087,89.0,89.0,0.10169315620515942,9.442718975071103e-05,20,35,,67.33731589996023,0.89,0.89
er4,er4_m60_s1,es_1_2,3,395,19760,1.313932847344298,89.0,89.0,0.10895496797333162,6.58919306375759e-05,20,36,,68.1844521999592,0.89,0.89
er4,er4_m60_s1,es_1_2,3,400,20010,1.313932847344298,89.0,89.0,0.10895496797333154,6.589193063759324e-05,20,36,,69.03671899996698,0.89,0.89
er4,er4_m60_s1,es_1_2,4,0,10,0.820919656303584,62.0,59.3,0.067840025423876,0.0028286894968670324,20,38,,0.03424930002074689,0.62,0.593
er4,er4_m60_s1,es_1_2,4,5,260,1.0837999002830059,77.0,74.4,0.08658196382801231,0.00024660646481138027,20,36,,0.894665600033477,0.77,0.7440000000000001
er4,er4_m60_s1,es_1_2,4,10,510,1.1125419889310613,79.0,77.9,0.0664022505347894,0.00620741201809364,20,34,,1.7824234000290744,0.79,0.779
er4,er4_m60_s1,es_1_2,4,15,760,1.1125419889310613,79.0,79.0,0.0664022505347894,0.00620741201809364,20,34,,2.6250272000324912,0.79,0.79
er4,er4_m60_s1,es_1_2,4,20,1010,1.1125419889310613,79.0,79.0,0.0664022505347894,0.00620741201809364,20,34,,3.4688612000318244,0.79,0.79
er4,er4_m60_s1,es_1_2,4,25,1260,1.1439790272986272,81.0,80.5,0.051285924825890526,0.00019549592885606537,20,36,,4.32028760004323,0.81,0.805
er4,er4_m60_s1,es_1_2,4,30,1510,1.1606119255677247,82.0,81.9,0.05432396626749758,0.00011871958468646568,20,35,,5.171993400028441,0.82,0.8190000000000001
er4,er4_m60_s1,es_1_2,4,35,1760,1.1621043053586022,82.0,82.0,0.054813456819887516,0.0035301121103770566,20,36,,6.0203883000067435,0.82,0.82
er4,er4_m60_s1,es_1_2,4,40,2010,1.167894353824499,83.0,82.1,0.04578151549234368,0.00014273168266496633,20,35,,6.856921099999454,0.83,0.821
er4,er4_m60_s1,es_1_2,4,45,2260,1.1842200645034562,83.0,83.0,0.062049763723081075,0.00018564557249317604,20,36,,7.697388100030366,0.83,0.83
er4,er4_m60_s1,es_1_2,4,50,2510,1.2018365892274665,85.0,84.7,0.07807885898556088,0.002200923268547733,20,36,,8.517630400019698,0.85,0.847
er4,er4_m60_s1,es_1_2,4,55,2760,1.2393271126110037,87.0,85.4,0.06962830624607057,0.00026551312835415564,20,35,,9.386072300025262,0.87,0.8540000000000001
er4,er4_m60_s1,es_1_2,4,60,3010,1.2393271126110037,87.0,86.4,0.06962830624607053,0.00026551312835421115,20,36,,10.255079500027932,0.87,0.8640000000000001
er4,er4_m60_s1,es_1_2,4,65,3260,1.2393271126110037,87.0,87.0,0.06962830624607066,0.00026551312835421115,20,36,,11.283036900043953,0.87,0.87
er4,er4_m60_s1,es_1_2,4,70,3510,1.2393271126110037,87.0,87.0,0.06962830624607051,0.0002655131283541695,20,36,,12.148183300043456,0.87,0.87
er4,er4_m60_s1,es_1_2,4,75,3760,1.2393271126110037,87.0,87.0,0.06962830624607055,0.0002655131283541695,20,36,,13.016506100015249,0.87,0.87
er4,er4_m60_s1,es_1_2,4,80,4010,1.2396218970150568,87.0,87.0,0.07333050513377709,0.0002655131283541834,20,35,,13.88868370000273,0.87,0.87
er4,er4_m60_s1,es_1_2,4,85,4260,1.2396218970150568,87.0,87.0,0.07333050513377717,0.0002655131283542528,20,34,,14.805751500010956,0.87,0.87
er4,er4_m60_s1,es_1_2,4,90,4510,1.2396218970150568,87.0,87.0,0.07333050513377717,0.00026551312835428054,20,35,,15.648328400042374,0.87,0.87
er4,er4_m60_s1,es_1_2,4,95,4760,1.2396218970150568,87.0,87.0,0.07333050513377727,0.0002655131283542389,20,34,,16.503487100009806,0.87,0.87
er4,er4_m60_s1,es_1_2,4,100,5010,1.239621897015057,87.0,87.0,0.07333050513377719,0.0002655131283540446,20,34,,17.351613600039855,0.87,0.87
er4,er4_m60_s1,es_1_2,4,105,5260,1.239621897015057,87.0,87.0,0.07333050513377737,0.00026551312835421115,20,34,,18.205329600023106,0.87,0.87
er4,er4_m60_s1,es_1_2,4,110,5510,1.239621897015057,87.0,87.0,0.07333050513377737,0.00026551312835421115,20,34,,19.08134080003947,0.87,0.87
er4,er4_m60_s1,es_1_2,4,115,5760,1.239621897015057,87.0,87.0,0.07333050513377737,0.00026551312835421115,20,34,,19.949246300035156,0.87,0.87
er4,er4_m60_s1,es_1_2,4,120,6010,1.239621897015057,87.0,87.0,0.07333050513377731,0.00026551312835419727,20,35,,21.175425600027665,0.87,0.87
er4,er4_m60_s1,es_1_2,4,125,6260,1.239621897015057,87.0,87.0,0.07333050513377737,0.00026551312835421115,20,34,,22.015241600049194,0.87,0.87
er4,er4_m60_s1,es_1_2,4,130,6510,1.239621897015057,87.0,87.0,0.07333050513377731,0.0002655131283542528,20,35,,22.9701549000456,0.87,0.87
er4,er4_m60_s1,es_1_2,4,135,6760,1.239621897015057,87.0,87.0,0.07333050513377731,0.00026551312835414176,20,35,,23.881685000029393,0.87,0.87
er4,er4_m60_s1,es_1_2,4,140,7010,1.239621897015057,87.0,87.0,0.07333050513377729,0.0002655131283540585,20,35,,24.699814000050537,0.87,0.87
er4,er4_m60_s1,es_1_2,4,145,7260,1.239621897015057,87.0,87.0,0.07333050513377729,0.0002655131283540585,20,35,,25.585791699995752,0.87,0.87
er4,er4_m60_s1,es_1_2,4,150,7510,1.239621897015057,87.0,87.0,0.07333050513377737,0.00026551312835421115,20,34,,26.439908700005617,0.87,0.87
er4,er4_m60_s1,es_1_2,4,155,7760,1.239621897015057,87.0,87.0,0.07333050513377731,0.00026551312835419727,20,35,,27.31456900003832,0.87,0.87
er4,er4_m60_s1,es_1_2,4,160,8010,1.239621897015057,87.0,87.0,0.07333050513377737,0.00026551312835421115,20,34,,28.194231600034982,0.87,0.87
er4,er4_m60_s1,es_1_2,4,165,8260,1.239621897015057,87.0,87.0,0.07333050513377729,0.0002655131283540585,20,35,,29.081343099998776,0.87,0.87
er4,er4_m60_s1,es_1_2,4,170,8510,1.239621897015057,87.0,87.0,0.07333050513377737,0.00026551312835421115,20,34,,29.97768290003296,0.87,0.87
er4,er4_m60_s1,es_1_2,4,175,8760,1.239621897015057,87.0,87.0,0.07333050513377729,0.0002655131283540585,20,35,,30.929337100009434,0.87,0.87
er4,er4_m60_s1,es_1_2,4,180,9010,1.239621897015057,87.0,87.0,0.07333050513377737,0.00026551312835421115,20,34,,31.872612600040156,0.87,0.87
er4,er4_m60_s1,es_1_2,4,185,9260,1.239621897015057,87.0,87.0,0.07333050513377737,0.00026551312835421115,20,34,,32.86285239999415,0.87,0.87
er4,er4_m60_s1,es_1_2,4,190,9510,1.239621897015057,87.0,87.0,0.0733305051337773,0.000265513128354225,20,34,,33.844786900037434,0.87,0.87
er4,er4_m60_s1,es_1_2,4,195,9760,1.239621897015057,87.0,87.0,0.07333050513377731,0.0002655131283542528,20,35,,34.763054300041404,0.87,0.87
er4,er4_m60_s1,es_1_2,4,200,10010,1.239621897015057,87.0,87.0,0.07333050513377737,0.00026551312835421115,20,34,,35.69691930001136,0.87,0.87
er4,er4_m60_s1,es_1_2,4,205,10260,1.239621897015057,87.0,87.0,0.07333050513377731,0.0002655131283541834,20,36,,36.6366709000431,0.87,0.87
er4,er4_m60_s1,es_1_2,4,210,10510,1.239621897015057,87.0,87.0,0.07333050513377737,0.00026551312835421115,20,34,,37.80130079999799,0.87,0.87
er4,er4_m60_s1,es_1_2,4,215,10760,1.239621897015057,87.0,87.0,0.07333050513377737,0.00026551312835421115,20,34,,38.78973420005059,0.87,0.87
er4,er4_m60_s1,es_1_2,4,220,11010,1.239621897015057,87.0,87.0,0.07333050513377737,0.00026551312835421115,20,34,,39.74036110000452,0.87,0.87
er4,er4_m60_s1,es_1_2,4,225,11260,1.239621897015057,87.0,87.0,0.07333050513377726,0.00026551312835421115,20,34,,40.63839600002393,0.87,0.87
er4,er4_m60_s1,es_1_2,4,230,11510,1.239621897015057,87.0,87.0,0.07333050513377737,0.00026551312835421115,20,34,,41.51924530003453,0.87,0.87
er4,er4_m60_s1,es_1_2,4,235,11760,1.239621897015057,87.0,87.0,0.07333050513377737,0.00026551312835421115,20,34,,42.44467520003673,0.87,0.87
er4,er4_m60_s1,es_1_2,4,240,12010,1.239621897015057,87.0,87.0,0.07333050513377731,0.00026551312835414176,20,35,,43.384194700047374,0.87,0.87
er4,er4_m60_s1,es_1_2,4,245,12260,1.239621897015057,87.0,87.0,0.07333050513377731,0.00026551312835414176,20,35,,44.28253270004643,0.87,0.87
er4,er4_m60_s1,es_1_2,4,250,12510,1.239621897015057,87.0,87.0,0.07333050513377737,0.00026551312835421115,20,34,,45.12362960004248,0.87,0.87
er4,er4_m60_s1,es_1_2,4,255,12760,1.239621897015057,87.0,87.0,0.07333050513377737,0.00026551312835421115,20,34,,46.00311240000883,0.87,0.87
er4,er4_m60_s1,es_1_2,4,260,13010,1.239621897015057,87.0,87.0,0.07333050513377731,0.00026551312835414176,20,35,,46.8834363000351,0.87,0.87
er4,er4_m60_s1,es_1_2,4,265,13260,1.239621897015057,87.0,87.0,0.07333050513377737,0.00026551312835421115,20,34,,47.76162960001966,0.87,0.87
er4,er4_m60_s1,es_1_2,4,270,13510,1.239621897015057,87.0,87.0,0.07333050513377737,0.00026551312835421115,20,34,,48.78782389999833,0.87,0.87
er4,er4_m60_s1,es_1_2,4,275,13760,1.239621897015057,87.0,87.0,0.07333050513377737,0.00026551312835421115,20,34,,49.67887740000151,0.87,0.87
er4,er4_m60_s1,es_1_2,4,280,14010,1.239621897015057,87.0,87.0,0.07333050513377737,0.00026551312835421115,20,34,,50.65183490002528,0.87,0.87
er4,er4_m60_s1,es_1_2,4,285,14260,1.239621897015057,87.0,87.0,0.07333050513377737,0.00026551312835421115,20,34,,51.52962450002087,0.87,0.87
er4,er4_m60_s1,es_1_2,4,290,14510,1.239621897015057,87.0,87.0,0.07333050513377737,0.00026551312835421115,20,34,,52.479652900015935,0.87,0.87
er4,er4_m60_s1,es_1_2,4,295,14760,1.239621897015057,87.0,87.0,0.07333050513377737,0.00026551312835421115,20,34,,53.454252400028054,0.87,0.87
er4,er4_m60_s1,es_1_2,4,300,15010,1.239621897015057,87.0,87.0,0.07333050513377737,0.00026551312835421115,20,34,,54.381491200008895,0.87,0.87
er4,er4_m60_s1,es_1_2,4,305,15260,1.239621897015057,87.0,87.0,0.07333050513377738,0.00026551312835426666,20,35,,55.31609400000889,0.87,0.87
er4,er4_m60_s1,es_1_2,4,310,15510,1.239621897015057,87.0,87.0,0.0733305051337773,0.000265513128354225,20,34,,56.25253200001316,0.87,0.87
er4,er4_m60_s1,es_1_2,4,315,15760,1.239621897015057,87.0,87.0,0.0733305051337773,0.000265513128354225,20,34,,57.18782120000105,0.87,0.87
er4,er4_m60_s1,es_1_2,4,320,16010,1.239621897015057,87.0,87.0,0.07333050513377737,0.00026551312835421115,20,34,,58.140809900010936,0.87,0.87
er4,er4_m60_s1,es_1_2,4,325,16260,1.239621897015057,87.0,87.0,0.07333050513377738,0.00026551312835426666,20,35,,59.00537140003871,0.87,0.87
er4,er4_m60_s1,es_1_2,4,330,16510,1.239621897015057,87.0,87.0,0.07333050513377737,0.00026551312835421115,20,34,,59.875734100001864,0.87,0.87
er4,er4_m60_s1,es_1_2,4,335,16760,1.239621897015057,87.0,87.0,0.07333050513377737,0.00026551312835421115,20,34,,60.75826210004743,0.87,0.87
er4,er4_m60_s1,es_1_2,4,340,17010,1.239621897015057,87.0,87.0,0.07333050513377737,0.00026551312835421115,20,34,,61.64134580001701,0.87,0.87
er4,er4_m60_s1,es_1_2,4,345,17260,1.239621897015057,87.0,87.0,0.07333050513377738,0.00026551312835426666,20,35,,62.55770130001474,0.87,0.87
er4,er4_m60_s1,es_1_2,4,350,17510,1.239621897015057,87.0,87.0,0.07333050513377737,0.00026551312835421115,20,34,,63.481907700013835,0.87,0.87
er4,er4_m60_s1,es_1_2,4,355,17760,1.239621897015057,87.0,87.0,0.07333050513377729,0.0002655131283540585,20,35,,64.36098420002963,0.87,0.87
er4,er4_m60_s1,es_1_2,4,360,18010,1.239621897015057,87.0,87.0,0.07333050513377729,0.0002655131283540585,20,35,,65.22743720002472,0.87,0.87
er4,er4_m60_s1,es_1_2,4,365,18260,1.239621897015057,87.0,87.0,0.07333050513377737,0.00026551312835421115,20,34,,66.11762420000741,0.87,0.87
er4,er4_m60_s1,es_1_2,4,370,18510,1.239621897015057,87.0,87.0,0.07333050513377737,0.00026551312835421115,20,34,,66.99215060001006,0.87,0.87
er4,er4_m60_s1,es_1_2,4,375,18760,1.239621897015057,87.0,87.0,0.07333050513377737,0.00026551312835421115,20,34,,67.9008923000074,0.87,0.87
er4,er4_m60_s1,es_1_2,4,380,19010,1.239621897015057,87.0,87.0,0.07333050513377737,0.00026551312835421115,20,34,,68.72887340001762,0.87,0.87
er4,er4_m60_s1,es_1_2,4,385,19260,1.239621897015057,87.0,87.0,0.07333050513377731,0.0002655131283542528,20,35,,69.6043226000038,0.87,0.87
er4,er4_m60_s1,es_1_2,4,390,19510,1.239621897015057,87.0,87.0,0.07333050513377737,0.00026551312835421115,20,34,,70.48051320004743,0.87,0.87
er4,er4_m60_s1,es_1_2,4,395,19760,1.239621897015057,87.0,87.0,0.07333050513377731,0.00026551312835419727,20,35,,71.29794370004674,0.87,0.87
er4,er4_m60_s1,es_1_2,4,400,20010,1.239621897015057,87.0,87.0,0.07333050513377729,0.0002655131283540585,20,35,,72.12222020002082,0.87,0.87
er4,er4_m60_s1,es_single,0,0,10,0.7349283781064331,55.0,60.0,0.03422181726598081,1.0842021724855044e-18,20,32,,0.02705849998164922,0.55,0.6
er4,er4_m60_s1,es_single,0,5,260,1.073166499202388,78.0,75.1,0.04653819769257177,0.00030695436945039553,20,33,,0.8132200000109151,0.78,0.7509999999999999
er4,er4_m60_s1,es_single,0,10,510,1.098745286394836,79.0,78.2,0.03900725808228024,0.0005738756871293098,20,41,,1.6485111999791116,0.79,0.782
er4,er4_m60_s1,es_single,0,15,760,1.1616530813676045,82.0,80.0,0.05573110704684116,6.798257868964597e-05,20,33,,2.4701202000142075,0.82,0.8
er4,er4_m60_s1,es_single,0,20,1010,1.1616530813676045,82.0,80.9,0.05573110704684116,6.798257868964597e-05,20,33,,3.3012437999714166,0.82,0.809
er4,er4_m60_s1,es_single,0,25,1260,1.2123956234257738,84.0,82.8,0.0898463593474716,2.0300886458280917e-05,20,33,,4.08774559997255,0.84,0.828
er4,er4_m60_s1,es_single,0,30,1510,1.2314427038743907,85.0,83.6,0.09734211870944436,0.001026399751752928,20,31,,4.8899956999812275,0.85,0.836
er4,er4_m60_s1,es_single,0,35,1760,1.2544365316564265,86.0,84.5,0.09993332037962427,0.0003260372356750519,20,31,,5.632381199975498,0.86,0.845
er4,er4_m60_s1,es_single,0,40,2010,1.2745063920575217,87.0,86.6,0.10783767376499757,0.0012083108157791827,20,30,,6.421376699989196,0.87,0.866
er4,er4_m60_s1,es_single,0,45,2260,1.2866184203895978,87.0,87.0,0.0982861380835552,0.00010387846350200236,20,32,,7.214127899962477,0.87,0.87
er4,er4_m60_s1,es_single,0,50,2510,1.296423035376129,87.0,86.9,0.12142286621145001,0.005025364829636506,20,29,,8.001293000008445,0.87,0.8690000000000001
er4,er4_m60_s1,es_single,0,55,2760,1.3038131451959147,88.0,87.1,0.1062164525909842,0.004071468398303649,20,33,,8.76757159997942,0.88,0.871
er4,er4_m60_s1,es_single,0,60,3010,1.3057293586914132,87.0,87.1,0.12605906530369915,0.002157401177156751,20,30,,9.549416799971368,0.87,0.871
er4,er4_m60_s1,es_single,0,65,3260,1.3153067928906146,87.0,87.2,0.1230783926288471,0.00218223645022295,20,29,,10.337969099986367,0.87,0.872
er4,er4_m60_s1,es_single,0,70,3510,1.3153067928906146,87.0,87.2,0.1230783926288471,0.00218223645022295,20,29,,11.18181400001049,0.87,0.872
er4,er4_m60_s1,es_single,0,75,3760,1.3153067928906146,87.0,87.0,0.1230783926288471,0.00218223645022295,20,29,,12.007950500003062,0.87,0.87
er4,er4_m60_s1,es_single,0,80,4010,1.3165105123305016,87.0,86.9,0.1263587776430245,0.0011769639506083937,20,31,,12.781102799985092,0.87,0.8690000000000001
er4,er4_m60_s1,es_single,0,85,4260,1.3203004521299992,87.0,87.0,0.12333576498385439,0.0005384894368809998,20,31,,13.560288299981039,0.87,0.87
er4,er4_m60_s1,es_single,0,90,4510,1.3280318163513216,87.0,87.3,0.13640792222810316,0.0006184556819020387,20,32,,14.358687600004487,0.87,0.873
er4,er4_m60_s1,es_single,0,95,4760,1.3368647251363501,89.0,88.8,0.1269207048837131,5.914679767761444e-05,20,32,,15.136825800000224,0.89,0.888
er4,er4_m60_s1,es_single,0,100,5010,1.3368647251363501,89.0,89.0,0.1269207048837131,5.914679767761444e-05,20,32,,15.948191899980884,0.89,0.89
er4,er4_m60_s1,es_single,0,105,5260,1.3385838006014108,89.0,89.0,0.12848513830415634,1.4224732503009818e-16,20,32,,16.709562300005928,0.89,0.89
er4,er4_m60_s1,es_single,0,110,5510,1.3385838006014108,89.0,89.0,0.12848513830415634,1.4224732503009818e-16,20,32,,17.521545999974478,0.89,0.89
er4,er4_m60_s1,es_single,0,115,5760,1.344206157819831,89.0,89.0,0.14304108848791935,0.0017489465474731392,20,32,,18.294275699998252,0.89,0.89
er4,er4_m60_s1,es_single,0,120,6010,1.344206157819831,89.0,89.0,0.14304108848791935,0.0017489465474731392,20,32,,19.079274499963503,0.89,0.89
er4,er4_m60_s1,es_single,0,125,6260,1.344206157819831,89.0,89.0,0.14304108848791935,0.0017489465474731392,20,32,,19.859412399993744,0.89,0.89
er4,er4_m60_s1,es_single,0,130,6510,1.344206157819831,89.0,89.0,0.14304108848791935,0.0017489465474731392,20,32,,20.624100200016983,0.89,0.89
er4,er4_m60_s1,es_single,0,135,6760,1.344206157819831,89.0,89.0,0.14304108848791935,0.0017489465474731392,20,32,,21.43206999998074,0.89,0.89
er4,er4_m60_s1,es_single,0,140,7010,1.344206157819831,89.0,89.0,0.14304108848791935,0.0017489465474731392,20,32,,22.19792549998965,0.89,0.89
er4,er4_m60_s1,es_single,0,145,7260,1.344206157819831,89.0,89.0,0.14304108848791935,0.0017489465474731392,20,32,,23.40681760001462,0.89,0.89
er4,er4_m60_s1,es_single,0,150,7510,1.344206157819831,89.0,89.0,0.14304108848791935,0.0017489465474731392,20,32,,24.275760299991816,0.89,0.89
er4,er4_m60_s1,es_single,0,155,7760,1.3502647580622376,89.0,89.0,0.1479930230303268,0.001431104611280893,20,32,,25.048254199966323,0.89,0.89
er4,er4_m60_s1,es_single,0,160,8010,1.3502647580622376,89.0,89.0,0.1479930230303268,0.001431104611280893,20,32,,25.858481400005985,0.89,0.89
er4,er4_m60_s1,es_single,0,165,8260,1.3502647580622376,89.0,89.0,0.1479930230303268,0.001431104611280893,20,32,,26.67837799998233,0.89,0.89
er4,er4_m60_s1,es_single,0,170,8510,1.3502647580622376,89.0,89.0,0.1479930230303268,0.001431104611280893,20,32,,27.555326799978502,0.89,0.89
er4,er4_m60_s1,es_single,0,175,8760,1.3513910725544354,89.0,89.0,0.15671925550279836,0.0019093081341358398,20,31,,28.405814500001725,0.89,0.89
er4,er4_m60_s1,es_single,0,180,9010,1.3517571467441498,89.0,89.0,0.16843016456485826,0.0007041287558009401,20,32,,29.315147300017998,0.89,0.89
er4,er4_m60_s1,es_single,0,185,9260,1.3517571467441498,89.0,89.0,0.16843016456485826,0.0007041287558009401,20,32,,30.281405000016093,0.89,0.89
er4,er4_m60_s1,es_single,0,190,9510,1.3541056679844357,89.0,89.0,0.15828979374932856,7.473078528902333e-05,20,33,,31.206486999988556,0.89,0.89
er4,er4_m60_s1,es_single,0,195,9760,1.3541056679844357,89.0,89.0,0.15828979374932856,7.473078528902333e-05,20,33,,32.18399370001862,0.89,0.89
er4,er4_m60_s1,es_single,0,200,10010,1.3541056679844357,89.0,89.0,0.15828979374932856,7.473078528902333e-05,20,33,,33.095139499986544,0.89,0.89
er4,er4_m60_s1,es_single,0,205,10260,1.3541056679844357,89.0,89.0,0.15828979374932856,7.473078528902333e-05,20,33,,33.99479229998542,0.89,0.89
er4,er4_m60_s1,es_single,0,210,10510,1.3541056679844357,89.0,89.0,0.15828979374932856,7.473078528902333e-05,20,33,,34.90903510001954,0.89,0.89
er4,er4_m60_s1,es_single,0,215,10760,1.3541056679844357,89.0,89.0,0.15828979374932856,7.473078528902333e-05,20,33,,35.7862873999984,0.89,0.89
er4,er4_m60_s1,es_single,0,220,11010,1.3541056679844357,89.0,89.0,0.15828979374932856,7.473078528902333e-05,20,33,,36.65525860001799,0.89,0.89
er4,er4_m60_s1,es_single,0,225,11260,1.3565405638545391,89.0,89.0,0.15854529654110783,0.0003217535243445098,20,32,,37.8342461999855,0.89,0.89
er4,er4_m60_s1,es_single,0,230,11510,1.3566031885252425,89.0,89.0,0.16845063221945833,0.0018200159457624323,20,34,,38.95550909999292,0.89,0.89
er4,er4_m60_s1,es_single,0,235,11760,1.3566031885252425,89.0,89.0,0.16845063221945833,0.0018200159457624323,20,34,,40.006312099983916,0.89,0.89
er4,er4_m60_s1,es_single,0,240,12010,1.3566031885252425,89.0,89.0,0.16845063221945833,0.0018200159457624323,20,34,,41.06068910000613,0.89,0.89
er4,er4_m60_s1,es_single,0,245,12260,1.3566031885252425,89.0,89.0,0.16845063221945833,0.0018200159457624323,20,34,,41.98286489996826,0.89,0.89
er4,er4_m60_s1,es_single,0,250,12510,1.3566031885252425,89.0,89.0,0.16845063221945833,0.0018200159457624323,20,34,,43.25469149998389,0.89,0.89
er4,er4_m60_s1,es_single,0,255,12760,1.3568633907738263,89.0,89.0,0.16247233031520625,0.0011780008782265724,20,34,,44.33276209997712,0.89,0.89
er4,er4_m60_s1,es_single,0,260,13010,1.3568633907738263,89.0,89.0,0.16247233031520625,0.0011780008782265724,20,34,,45.444713499979116,0.89,0.89
er4,er4_m60_s1,es_single,0,265,13260,1.3568633907738263,89.0,89.0,0.16247233031520625,0.0011780008782265724,20,34,,46.622048899997026,0.89,0.89
er4,er4_m60_s1,es_single,0,270,13510,1.3568633907738263,89.0,89.0,0.16247233031520625,0.0011780008782265724,20,34,,47.59313120000297,0.89,0.89
er4,er4_m60_s1,es_single,0,275,13760,1.3568633907738263,89.0,89.0,0.16247233031520625,0.0011780008782265724,20,34,,48.573775800003204,0.89,0.89
er4,er4_m60_s1,es_single,0,280,14010,1.3568633907738263,89.0,89.0,0.16247233031520625,0.0011780008782265724,20,34,,49.57021799997892,0.89,0.89
er4,er4_m60_s1,es_single,0,285,14260,1.3568633907738263,89.0,89.0,0.16247233031520625,0.0011780008782265724,20,34,,50.6900737999822,0.89,0.89
er4,er4_m60_s1,es_single,0,290,14510,1.3568633907738263,89.0,89.0,0.16247233031520625,0.0011780008782265724,20,34,,51.83823489997303,0.89,0.89
er4,er4_m60_s1,es_single,0,295,14760,1.3568633907738263,89.0,89.0,0.16247233031520625,0.0011780008782265724,20,34,,52.92541109997546,0.89,0.89
er4,er4_m60_s1,es_single,0,300,15010,1.3568633907738263,89.0,89.0,0.16247233031520625,0.0011780008782265724,20,34,,54.20067300001392,0.89,0.89
er4,er4_m60_s1,es_single,0,305,15260,1.3580507298897404,89.0,89.0,0.15774367138424308,0.00041767863634696763,20,34,,55.33380849997047,0.89,0.89
er4,er4_m60_s1,es_single,0,310,15510,1.3580507298897404,89.0,89.0,0.15774367138424308,0.00041767863634696763,20,34,,56.34311969997361,0.89,0.89
er4,er4_m60_s1,es_single,0,315,15760,1.3580507298897404,89.0,89.0,0.15774367138424308,0.00041767863634696763,20,34,,57.33714209997561,0.89,0.89
er4,er4_m60_s1,es_single,0,320,16010,1.3580507298897404,89.0,89.0,0.15774367138424308,0.00041767863634696763,20,34,,58.519688299973495,0.89,0.89
er4,er4_m60_s1,es_single,0,325,16260,1.3580507298897404,89.0,89.0,0.15774367138424308,0.00041767863634696763,20,34,,59.73422949999804,0.89,0.89
er4,er4_m60_s1,es_single,0,330,16510,1.3580507298897404,89.0,89.0,0.15774367138424308,0.00041767863634696763,20,34,,60.82089550001547,0.89,0.89
er4,er4_m60_s1,es_single,0,335,16760,1.3580507298897404,89.0,89.0,0.15774367138424308,0.00041767863634696763,20,34,,61.72005329997046,0.89,0.89
er4,er4_m60_s1,es_single,0,340,17010,1.3580507298897404,89.0,89.0,0.15774367138424308,0.00041767863634696763,20,34,,62.6523734999937,0.89,0.89
er4,er4_m60_s1,es_single,0,345,17260,1.3580507298897404,89.0,89.0,0.15774367138424308,0.00041767863634696763,20,34,,63.65995200001635,0.89,0.89
er4,er4_m60_s1,es_single,0,350,17510,1.3580507298897404,89.0,89.0,0.15774367138424308,0.00041767863634696763,20,34,,64.58514159999322,0.89,0.89
er4,er4_m60_s1,es_single,0,355,17760,1.3580507298897404,89.0,89.0,0.15774367138424308,0.00041767863634696763,20,34,,65.5750432999921,0.89,0.89
er4,er4_m60_s1,es_single,0,360,18010,1.3580507298897404,89.0,89.0,0.15774367138424308,0.00041767863634696763,20,34,,66.59135629999219,0.89,0.89
er4,er4_m60_s1,es_single,0,365,18260,1.3580507298897404,89.0,89.0,0.15774367138424308,0.00041767863634696763,20,34,,67.73976759996731,0.89,0.89
er4,er4_m60_s1,es_single,0,370,18510,1.3580507298897404,89.0,89.0,0.15774367138424308,0.00041767863634696763,20,34,,68.78266299999086,0.89,0.89
er4,er4_m60_s1,es_single,0,375,18760,1.3580507298897404,89.0,89.0,0.15774367138424308,0.00041767863634696763,20,34,,69.82142779999413,0.89,0.89
er4,er4_m60_s1,es_single,0,380,19010,1.3580507298897404,89.0,89.0,0.15774367138424308,0.00041767863634696763,20,34,,70.75585560000036,0.89,0.89
er4,er4_m60_s1,es_single,0,385,19260,1.3580507298897404,89.0,89.0,0.15774367138424308,0.00041767863634696763,20,34,,71.9247778999852,0.89,0.89
er4,er4_m60_s1,es_single,0,390,19510,1.3580507298897404,89.0,89.0,0.15774367138424308,0.00041767863634696763,20,34,,72.9844821000006,0.89,0.89
er4,er4_m60_s1,es_single,0,395,19760,1.3580507298897404,89.0,89.0,0.15774367138424308,0.00041767863634696763,20,34,,74.03148030000739,0.89,0.89
er4,er4_m60_s1,es_single,0,400,20010,1.3580507298897404,89.0,89.0,0.15774367138424308,0.00041767863634696763,20,34,,75.02853369998047,0.89,0.89
er4,er4_m60_s1,es_single,1,0,10,0.694449319066058,54.0,59.9,0.07304383663338695,0.00098649445651193,20,35,,0.038605300011113286,0.54,0.599
er4,er4_m60_s1,es_single,1,5,260,1.173460379247709,81.0,78.6,0.09214603955158104,0.00194115270252443,20,38,,1.1910177000099793,0.81,0.7859999999999999
er4,er4_m60_s1,es_single,1,10,510,1.2081061103042259,83.0,82.5,0.08914290668926012,0.0036166600502448437,20,38,,2.274619799980428,0.83,0.825
er4,er4_m60_s1,es_single,1,15,760,1.2252395306480872,84.0,83.0,0.08953122226025548,0.002143125304695688,20,37,,3.412265599996317,0.84,0.83
er4,er4_m60_s1,es_single,1,20,1010,1.2343755313317786,84.0,83.5,0.07924404257492931,0.00373766699323496,20,38,,4.410126800008584,0.84,0.835
er4,er4_m60_s1,es_single,1,25,1260,1.2824814358294416,86.0,84.5,0.142753545873755,0.0012407858400890759,20,37,,5.420174800034147,0.86,0.845
er4,er4_m60_s1,es_single,1,30,1510,1.287441563981525,85.0,85.7,0.1254151683196761,4.6792198624988346e-05,20,37,,6.635768899985123,0.85,0.857
er4,er4_m60_s1,es_single,1,35,1760,1.287441563981525,85.0,85.8,0.1254151683196761,4.6792198624988346e-05,20,37,,7.767105899984017,0.85,0.858
er4,er4_m60_s1,es_single,1,40,2010,1.2978562592284952,85.0,85.2,0.11241437017878353,0.005281988857927966,20,37,,8.907577799982391,0.85,0.852
er4,er4_m60_s1,es_single,1,45,2260,1.308710039630869,87.0,86.4,0.12458717699688879,4.679219862503692e-05,20,39,,10.161713899986353,0.87,0.8640000000000001
er4,er4_m60_s1,es_single,1,50,2510,1.308710039630869,87.0,87.0,0.12458717699688879,4.679219862503692e-05,20,39,,11.329801200015936,0.87,0.87
er4,er4_m60_s1,es_single,1,55,2760,1.327738018782558,89.0,87.2,0.13251264240744842,0.002275612487582526,20,38,,12.401352100016084,0.89,0.872
er4,er4_m60_s1,es_single,1,60,3010,1.327738018782558,89.0,87.4,0.13251264240744842,0.002275612487582526,20,38,,13.462614200019743,0.89,0.8740000000000001
er4,er4_m60_s1,es_single,1,65,3260,1.327738018782558,89.0,87.4,0.13251264240744842,0.002275612487582526,20,38,,14.566086500009988,0.89,0.8740000000000001
er4,er4_m60_s1,es_single,1,70,3510,1.327738018782558,89.0,88.1,0.13251264240744837,0.0022756124875825436,20,38,,15.627633400028571,0.89,0.8809999999999999
er4,er4_m60_s1,es_single,1,75,3760,1.3280715662000553,89.0,88.6,0.12698210178301927,0.002275612487582561,20,39,,16.769082300015725,0.89,0.8859999999999999
er4,er4_m60_s1,es_single,1,80,4010,1.3280715662000553,89.0,89.0,0.12698210178301933,0.002275612487582627,20,39,,17.868618200009223,0.89,0.89
er4,er4_m60_s1,es_single,1,85,4260,1.3280715662000553,89.0,89.0,0.12698210178301936,0.002275612487582575,20,40,,18.924815099977423,0.89,0.89
er4,er4_m60_s1,es_single,1,90,4510,1.3280715662000555,89.0,89.0,0.12698210178301939,0.002275612487582533,20,40,,19.981345299980603,0.89,0.89
er4,er4_m60_s1,es_single,1,95,4760,1.3309591859598835,89.0,89.0,0.13246515963114563,0.003346114495254071,20,40,,20.979968000028748,0.89,0.89
er4,er4_m60_s1,es_single,1,100,5010,1.3309591859598835,89.0,89.0,0.13246515963114563,0.003346114495254071,20,40,,22.03242240002146,0.89,0.89
er4,er4_m60_s1,es_single,1,105,5260,1.3309591859598837,89.0,89.0,0.13246515963114558,0.0033461144952540434,20,39,,22.985246299998835,0.89,0.89
er4,er4_m60_s1,es_single,1,110,5510,1.3309591859598837,89.0,89.0,0.13246515963114558,0.0033461144952540434,20,39,,24.02290570002515,0.89,0.89
er4,er4_m60_s1,es_single,1,115,5760,1.3309591859598837,89.0,89.0,0.13246515963114558,0.0033461144952540434,20,39,,25.13629709999077,0.89,0.89
er4,er4_m60_s1,es_single,1,120,6010,1.3309591859598837,89.0,89.0,0.13246515963114566,0.003346114495254092,20,40,,26.06604000000516,0.89,0.89
er4,er4_m60_s1,es_single,1,125,6260,1.3323272552775123,89.0,89.0,0.1330100399975579,0.005272683106376762,20,39,,27.178194399981294,0.89,0.89
er4,er4_m60_s1,es_single,1,130,6510,1.3323272552775123,89.0,89.0,0.1330100399975579,0.005272683106376762,20,39,,28.190699100028723,0.89,0.89
er4,er4_m60_s1,es_single,1,135,6760,1.3365880598107054,89.0,89.0,0.13685078755999688,0.0002798410910584172,20,39,,29.278330800007097,0.89,0.89
er4,er4_m60_s1,es_single,1,140,7010,1.336998050233497,89.0,89.0,0.13223832437556937,0.00027984109105837207,20,39,,30.258106300025247,0.89,0.89
er4,er4_m60_s1,es_single,1,145,7260,1.336998050233497,89.0,89.0,0.13223832437556937,0.00027984109105837207,20,39,,31.21009549999144,0.89,0.89
er4,er4_m60_s1,es_single,1,150,7510,1.336998050233497,89.0,89.0,0.13223832437556937,0.00027984109105837207,20,39,,32.137930000026245,0.89,0.89
er4,er4_m60_s1,es_single,1,155,7760,1.336998050233497,89.0,89.0,0.13223832437556926,0.0002798410910585039,20,40,,33.0936359000043,0.89,0.89
er4,er4_m60_s1,es_single,1,160,8010,1.3400185829965792,89.0,89.0,0.13926934077471706,0.001188621865514359,20,39,,34.22775530000217,0.89,0.89
er4,er4_m60_s1,es_single,1,165,8260,1.3400185829965792,89.0,89.0,0.13926934077471675,0.0011886218655141959,20,39,,35.144476199988276,0.89,0.89
er4,er4_m60_s1,es_single,1,170,8510,1.340923049009474,89.0,89.0,0.14194119593350596,0.0001897476439197479,20,40,,36.49173670000164,0.89,0.89
er4,er4_m60_s1,es_single,1,175,8760,1.340923049009474,89.0,89.0,0.14194119593350596,0.0001897476439197479,20,40,,37.52007540001068,0.89,0.89
er4,er4_m60_s1,es_single,1,180,9010,1.340923049009474,89.0,89.0,0.14194119593350596,0.0001897476439197375,20,40,,38.48676110000815,0.89,0.89
er4,er4_m60_s1,es_single,1,185,9260,1.340923049009474,89.0,89.0,0.14194119593350607,0.00018974764391968893,20,39,,39.486822000006214,0.89,0.89
er4,er4_m60_s1,es_single,1,190,9510,1.340923049009474,89.0,89.0,0.14194119593350601,0.00018974764391958138,20,40,,40.44737760000862,0.89,0.89
er4,er4_m60_s1,es_single,1,195,9760,1.340923049009474,89.0,89.0,0.14194119593350596,0.0001897476439197271,20,39,,41.53409520001151,0.89,0.89
er4,er4_m60_s1,es_single,1,200,10010,1.340923049009474,89.0,89.0,0.1419411959335059,0.00018974764391967852,20,39,,42.57645609998144,0.89,0.89
er4,er4_m60_s1,es_single,1,205,10260,1.340923049009474,89.0,89.0,0.1419411959335059,0.00018974764391961607,20,38,,43.6718586999923,0.89,0.89
er4,er4_m60_s1,es_single,1,210,10510,1.340923049009474,89.0,89.0,0.1419411959335059,0.00018974764391967852,20,39,,44.89287149999291,0.89,0.89
er4,er4_m60_s1,es_single,1,215,10760,1.340923049009474,89.0,89.0,0.14194119593350601,0.0001897476439198624,20,37,,46.16023909999058,0.89,0.89
er4,er4_m60_s1,es_single,1,220,11010,1.340923049009474,89.0,89.0,0.1419411959335059,0.00018974764391961607,20,38,,47.29132810002193,0.89,0.89
er4,er4_m60_s1,es_single,1,225,11260,1.340923049009474,89.0,89.0,0.14194119593350607,0.00018974764391970975,20,39,,48.369818300008774,0.89,0.89
er4,er4_m60_s1,es_single,1,230,11510,1.340923049009474,89.0,89.0,0.14194119593350596,0.000189747643919682,20,38,,49.368040599976666,0.89,0.89
er4,er4_m60_s1,es_single,1,235,11760,1.340923049009474,89.0,89.0,0.14194119593350601,0.00018974764391971322,20,39,,50.39919430000009,0.89,0.89
er4,er4_m60_s1,es_single,1,240,12010,1.340923049009474,89.0,89.0,0.14194119593350596,0.00018974764391972362,20,38,,51.36927010002546,0.89,0.89
er4,er4_m60_s1,es_single,1,245,12260,1.340923049009474,89.0,89.0,0.141941195933506,0.00018974764391972015,20,39,,52.24934520001989,0.89,0.89
er4,er4_m60_s1,es_single,1,250,12510,1.340923049009474,89.0,89.0,0.141941195933506,0.00018974764391958138,20,40,,53.306026400008705,0.89,0.89
er4,er4_m60_s1,es_single,1,255,12760,1.340923049009474,89.0,89.0,0.1419411959335059,0.0001897476439198867,20,40,,54.454557900025975,0.89,0.89
er4,er4_m60_s1,es_single,1,260,13010,1.340923049009474,89.0,89.0,0.1419411959335059,0.00018974764391977914,20,40,,55.65240379999159,0.89,0.89
er4,er4_m60_s1,es_single,1,265,13260,1.340923049009474,89.0,89.0,0.14194119593350596,0.00018974764391982077,20,39,,56.743203999998514,0.89,0.89
er4,er4_m60_s1,es_single,1,270,13510,1.340923049009474,89.0,89.0,0.14194119593350585,0.000189747643919852,20,39,,57.90325319999829,0.89,0.89
er4,er4_m60_s1,es_single,1,275,13760,1.340923049009474,89.0,89.0,0.14194119593350596,0.000189747643919793,20,38,,59.12876310001593,0.89,0.89
er4,er4_m60_s1,es_single,1,280,14010,1.340923049009474,89.0,89.0,0.14194119593350585,0.0001897476439197618,20,40,,60.09509519999847,0.89,0.89
er4,er4_m60_s1,es_single,1,285,14260,1.340923049009474,89.0,89.0,0.14194119593350607,0.00018974764391978607,20,39,,61.121120600029826,0.89,0.89
er4,er4_m60_s1,es_single,1,290,14510,1.340923049009474,89.0,89.0,0.14194119593350596,0.000189747643919793,20,38,,62.28336489998037,0.89,0.89
er4,er4_m60_s1,es_single,1,295,14760,1.340923049009474,89.0,89.0,0.141941195933506,0.00018974764391962995,20,39,,63.21878060000017,0.89,0.89
er4,er4_m60_s1,es_single,1,300,15010,1.340923049009474,89.0,89.0,0.1419411959335059,0.0001897476439198867,20,39,,64.29471600003308,0.89,0.89
er4,er4_m60_s1,es_single,1,305,15260,1.340923049009474,89.0,89.0,0.1419411959335061,0.00018974764391991444,20,39,,65.28129279997665,0.89,0.89
er4,er4_m60_s1,es_single,1,310,15510,1.340923049009474,89.0,89.0,0.14194119593350601,0.00018974764391955015,20,40,,66.35024820000399,0.89,0.89
er4,er4_m60_s1,es_single,1,315,15760,1.340923049009474,89.0,89.0,0.14194119593350601,0.00018974764391979995,20,39,,67.5766706999857,0.89,0.89
er4,er4_m60_s1,es_single,1,320,16010,1.340923049009474,89.0,89.0,0.14194119593350585,0.00018974764391967505,20,38,,68.53753349999897,0.89,0.89
er4,er4_m60_s1,es_single,1,325,16260,1.340923049009474,89.0,89.0,0.14194119593350596,0.00018974764391956056,20,38,,69.50271239998983,0.89,0.89
er4,er4_m60_s1,es_single,1,330,16510,1.340923049009474,89.0,89.0,0.14194119593350607,0.00018974764391992485,20,39,,70.61837059998652,0.89,0.89
er4,er4_m60_s1,es_single,1,335,16760,1.340923049009474,89.0,89.0,0.1419411959335061,0.00018974764391966117,20,38,,71.61817410000367,0.89,0.89
er4,er4_m60_s1,es_single,1,340,17010,1.340923049009474,89.0,89.0,0.14194119593350604,0.00018974764391971669,20,39,,72.65783620002912,0.89,0.89
er4,er4_m60_s1,es_single,1,345,17260,1.340923049009474,89.0,89.0,0.14194119593350601,0.0001897476439196577,20,38,,73.69286770001054,0.89,0.89
er4,er4_m60_s1,es_single,1,350,17510,1.340923049009474,89.0,89.0,0.14194119593350596,0.0001897476439196924,20,39,,74.78576460003387,0.89,0.89
er4,er4_m60_s1,es_single,1,355,17760,1.340923049009474,89.0,89.0,0.14194119593350604,0.00018974764391986587,20,39,,75.92937979998533,0.89,0.89
er4,er4_m60_s1,es_single,1,360,18010,1.340923049009474,89.0,89.0,0.14194119593350615,0.00018974764391970975,20,38,,77.18002480000723,0.89,0.89
er4,er4_m60_s1,es_single,1,365,18260,1.340923049009474,89.0,89.0,0.14194119593350604,0.00018974764391971669,20,39,,78.41795550001552,0.89,0.89
er4,er4_m60_s1,es_single,1,370,18510,1.340923049009474,89.0,89.0,0.14194119593350607,0.0001897476439198173,20,39,,79.57974610000383,0.89,0.89
er4,er4_m60_s1,es_single,1,375,18760,1.340923049009474,89.0,89.0,0.14194119593350604,0.00018974764391986587,20,39,,80.71909259998938,0.89,0.89
er4,er4_m60_s1,es_single,1,380,19010,1.340923049009474,89.0,89.0,0.14194119593350601,0.00018974764391985546,20,39,,81.79065789998276,0.89,0.89
er4,er4_m60_s1,es_single,1,385,19260,1.340923049009474,89.0,89.0,0.14194119593350601,0.0001897476439197618,20,40,,82.92150639998727,0.89,0.89
er4,er4_m60_s1,es_single,1,390,19510,1.340923049009474,89.0,89.0,0.14194119593350601,0.00018974764391983465,20,40,,83.9700249999878,0.89,0.89
er4,er4_m60_s1,es_single,1,395,19760,1.340923049009474,89.0,89.0,0.14194119593350604,0.0001897476439196681,20,40,,85.11841300001834,0.89,0.89
er4,er4_m60_s1,es_single,1,400,20010,1.340923049009474,89.0,89.0,0.14194119593350601,0.00018974764391953627,20,39,,86.26087800000096,0.89,0.89
er4,er4_m60_s1,es_single,2,0,10,0.8149135670679774,61.0,59.2,0.03190252217659621,0.0017974010528312402,20,35,,0.0297982000047341,0.61,0.5920000000000001
er4,er4_m60_s1,es_single,2,5,260,1.0613840387241529,75.0,74.4,0.09305169259239882,0.001013609372981339,20,39,,1.0186081999563612,0.75,0.7440000000000001
er4,er4_m60_s1,es_single,2,10,510,1.2079969101616754,86.0,80.2,0.06362151459391177,0.004242021103361973,20,41,,1.976352899975609,0.86,0.802
er4,er4_m60_s1,es_single,2,15,760,1.2104169153529087,86.0,85.7,0.06890955590757034,0.0010993066817451495,20,41,,2.9687591000110842,0.86,0.857
er4,er4_m60_s1,es_single,2,20,1010,1.2293407607908593,88.0,86.6,0.061489764862464207,0.00016342518861369587,20,40,,3.895333099993877,0.88,0.866
er4,er4_m60_s1,es_single,2,25,1260,1.2527830568992593,89.0,87.9,0.05622444669388077,0.0001634251886135224,20,40,,4.960286699992139,0.89,0.879
er4,er4_m60_s1,es_single,2,30,1510,1.2649453748951793,90.0,88.8,0.07069161861056913,0.0003484307428775202,20,40,,5.90744589996757,0.9,0.888
er4,er4_m60_s1,es_single,2,35,1760,1.2649453748951793,90.0,88.8,0.07069161861056913,0.0003484307428775202,20,40,,6.816725299984682,0.9,0.888
er4,er4_m60_s1,es_single,2,40,2010,1.2660304314348256,90.0,89.3,0.053047678681153114,0.00016342518861372363,20,41,,7.730076699983329,0.9,0.893
er4,er4_m60_s1,es_single,2,45,2260,1.2714979445157772,91.0,90.1,0.060101418856207525,0.0016427825211245452,20,40,,8.617854200012516,0.91,0.9009999999999999
er4,er4_m60_s1,es_single,2,50,2510,1.2849435966103402,91.0,90.2,0.053047678681153246,0.0005459110474119594,20,41,,9.581872799957637,0.91,0.902
er4,er4_m60_s1,es_single,2,55,2760,1.2849435966103402,91.0,90.8,0.053047678681153246,0.0005459110474119594,20,41,,10.467505600012373,0.91,0.9079999999999999
er4,er4_m60_s1,es_single,2,60,3010,1.295753005388695,90.0,91.1,0.06683873919055319,0.0021482048303868018,20,41,,11.445419700001366,0.9,0.9109999999999999
er4,er4_m60_s1,es_single,2,65,3260,1.31282100992053,91.0,91.5,0.07147970017735251,0.00159503065859915,20,41,,12.377154299989343,0.91,0.915
er4,er4_m60_s1,es_single,2,70,3510,1.31282100992053,91.0,91.5,0.07147970017735251,0.00159503065859915,20,41,,13.318939499964472,0.91,0.915
er4,er4_m60_s1,es_single,2,75,3760,1.317932042989099,92.0,91.6,0.06355408962370185,0.0015950306585992106,20,40,,14.214829900010955,0.92,0.9159999999999999
er4,er4_m60_s1,es_single,2,80,4010,1.3239880794059349,92.0,91.5,0.06788875997571048,0.00016200896938673576,20,41,,15.1319454999757,0.92,0.915
er4,er4_m60_s1,es_single,2,85,4260,1.3327851968852802,92.0,91.8,0.08115687904416871,0.00154534335573084,20,40,,16.043041899974924,0.92,0.9179999999999999
er4,er4_m60_s1,es_single,2,90,4510,1.3327851968852802,92.0,91.8,0.08115687904416871,0.00154534335573084,20,40,,17.037099999957718,0.92,0.9179999999999999
er4,er4_m60_s1,es_single,2,95,4760,1.3327851968852802,92.0,92.0,0.08115687904416871,0.00154534335573084,20,40,,17.92190549999941,0.92,0.92
er4,er4_m60_s1,es_single,2,100,5010,1.3390407637187232,93.0,92.1,0.07070000463812974,0.0032810168675130556,20,41,,18.78087889996823,0.93,0.9209999999999999
er4,er4_m60_s1,es_single,2,105,5260,1.3412719400923414,93.0,92.4,0.08085884447170552,0.003387974105508739,20,40,,19.675545100006275,0.93,0.924
er4,er4_m60_s1,es_single,2,110,5510,1.3424301980314883,93.0,92.7,0.0880818389643615,0.0021262254911841756,20,40,,20.57710210001096,0.93,0.927
er4,er4_m60_s1,es_single,2,115,5760,1.344010299965606,93.0,92.9,0.08801806921138372,0.0022056646933681923,20,39,,21.556604699988384,0.93,0.929
er4,er4_m60_s1,es_single,2,120,6010,1.344010299965606,93.0,92.9,0.08801806921138372,0.0022056646933681923,20,39,,22.493958299979568,0.93,0.929
er4,er4_m60_s1,es_single,2,125,6260,1.344010299965606,93.0,93.0,0.08801806921138372,0.0022056646933681923,20,39,,23.47807539999485,0.93,0.93
er4,er4_m60_s1,es_single,2,130,6510,1.349343006451642,93.0,93.0,0.0971983595192073,0.002907638369763401,20,39,,24.322412699984852,0.93,0.93
er4,er4_m60_s1,es_single,2,135,6760,1.3513920027904207,94.0,93.1,0.0661110453274094,0.0018411760761791619,20,40,,25.195278999977745,0.94,0.9309999999999999
er4,er4_m60_s1,es_single,2,140,7010,1.3513920027904207,94.0,93.1,0.0661110453274094,0.0018411760761791619,20,40,,26.062841999984812,0.94,0.9309999999999999
er4,er4_m60_s1,es_single,2,145,7260,1.3513920027904207,94.0,93.1,0.0661110453274094,0.0018411760761791619,20,40,,26.938114999968093,0.94,0.9309999999999999
er4,er4_m60_s1,es_single,2,150,7510,1.3562178760723218,93.0,93.2,0.08579442521810285,0.0014973730320667067,20,38,,27.803860899992287,0.93,0.932
er4,er4_m60_s1,es_single,2,155,7760,1.3562178760723218,93.0,93.3,0.08579442521810285,0.0014973730320667067,20,38,,28.695221500005573,0.93,0.9329999999999999
er4,er4_m60_s1,es_single,2,160,8010,1.3562178760723218,93.0,93.3,0.08579442521810285,0.0014973730320667067,20,38,,29.575694700004533,0.93,0.9329999999999999
er4,er4_m60_s1,es_single,2,165,8260,1.3600155009234487,93.0,93.0,0.08802539720066918,0.0011255069596383324,20,37,,30.47629809996579,0.93,0.93
er4,er4_m60_s1,es_single,2,170,8510,1.3600155009234487,93.0,93.0,0.08802539720066918,0.0011255069596383324,20,37,,31.36051570001291,0.93,0.93
er4,er4_m60_s1,es_single,2,175,8760,1.360015500923449,93.0,93.0,0.08802539720066921,0.0011255069596383133,20,36,,32.22487139998702,0.93,0.93
er4,er4_m60_s1,es_single,2,180,9010,1.363162743275089,93.0,93.0,0.08077838402531975,0.0032479309415706266,20,38,,33.056549399974756,0.93,0.93
er4,er4_m60_s1,es_single,2,185,9260,1.363162743275089,93.0,93.0,0.08077838402531975,0.0032479309415706266,20,38,,33.94526659999974,0.93,0.93
er4,er4_m60_s1,es_single,2,190,9510,1.363162743275089,93.0,93.0,0.08077838402531975,0.0032479309415706266,20,38,,34.794007699994836,0.93,0.93
er4,er4_m60_s1,es_single,2,195,9760,1.363162743275089,93.0,93.0,0.08077838402531975,0.0032479309415706266,20,38,,36.124238699965645,0.93,0.93
er4,er4_m60_s1,es_single,2,200,10010,1.363162743275089,93.0,93.0,0.08077838402531975,0.0032479309415706266,20,38,,37.03573609999148,0.93,0.93
er4,er4_m60_s1,es_single,2,205,10260,1.363162743275089,93.0,93.0,0.08077838402531975,0.003247930941570446,20,37,,37.8295172000071,0.93,0.93
er4,er4_m60_s1,es_single,2,210,10510,1.363162743275089,93.0,93.0,0.08077838402531975,0.003247930941570446,20,37,,38.72142829996301,0.93,0.93
er4,er4_m60_s1,es_single,2,215,10760,1.363162743275089,93.0,93.0,0.08077838402531975,0.003247930941570446,20,37,,39.61569710000185,0.93,0.93
er4,er4_m60_s1,es_single,2,220,11010,1.363162743275089,93.0,93.0,0.08077838402531975,0.003247930941570446,20,37,,40.53458169999067,0.93,0.93
er4,er4_m60_s1,es_single,2,225,11260,1.363162743275089,93.0,93.0,0.08077838402531974,0.0032479309415704635,20,38,,41.4992338999873,0.93,0.93
er4,er4_m60_s1,es_single,2,230,11510,1.363162743275089,93.0,93.0,0.08077838402531975,0.003247930941570446,20,37,,42.426553900004365,0.93,0.93
er4,er4_m60_s1,es_single,2,235,11760,1.363162743275089,93.0,93.0,0.08077838402531975,0.0032479309415706266,20,38,,43.34657389996573,0.93,0.93
er4,er4_m60_s1,es_single,2,240,12010,1.363162743275089,93.0,93.0,0.08077838402531975,0.003247930941570446,20,37,,44.19805179996183,0.93,0.93
er4,er4_m60_s1,es_single,2,245,12260,1.363162743275089,93.0,93.0,0.08077838402531974,0.0032479309415704635,20,38,,45.10764850000851,0.93,0.93
er4,er4_m60_s1,es_single,2,250,12510,1.363162743275089,93.0,93.0,0.08077838402531975,0.003247930941570446,20,37,,46.032520700013265,0.93,0.93
er4,er4_m60_s1,es_single,2,255,12760,1.363162743275089,93.0,93.0,0.08077838402531959,0.0032479309415706075,20,38,,46.96657629997935,0.93,0.93
er4,er4_m60_s1,es_single,2,260,13010,1.363162743275089,93.0,93.0,0.08077838402531975,0.0032479309415706266,20,38,,47.8296819999814,0.93,0.93
er4,er4_m60_s1,es_single,2,265,13260,1.363162743275089,93.0,93.0,0.0807783840253196,0.00324793094157054,20,38,,48.8210001999978,0.93,0.93
er4,er4_m60_s1,es_single,2,270,13510,1.363162743275089,93.0,93.0,0.08077838402531957,0.003247930941570547,20,38,,49.65125809999881,0.93,0.93
er4,er4_m60_s1,es_single,2,275,13760,1.3646195139984525,93.0,93.0,0.08362319500481727,0.0013824356906587988,20,37,,50.53750360000413,0.93,0.93
er4,er4_m60_s1,es_single,2,280,14010,1.3646195139984525,93.0,93.0,0.08362319500481727,0.0013824356906587988,20,37,,51.41473869996844,0.93,0.93
er4,er4_m60_s1,es_single,2,285,14260,1.3646195139984525,93.0,93.0,0.08362319500481727,0.0013824356906587988,20,37,,52.37417689996073,0.93,0.93
er4,er4_m60_s1,es_single,2,290,14510,1.3646195139984525,93.0,93.0,0.08362319500481727,0.0013824356906587988,20,37,,53.2793789000134,0.93,0.93
er4,er4_m60_s1,es_single,2,295,14760,1.3646195139984525,93.0,93.0,0.08362319500481727,0.0013824356906587988,20,37,,54.14404659997672,0.93,0.93
er4,er4_m60_s1,es_single,2,300,15010,1.3646195139984525,93.0,93.0,0.08362319500481727,0.0013824356906587988,20,37,,55.06078110000817,0.93,0.93
er4,er4_m60_s1,es_single,2,305,15260,1.3676946351274666,93.0,93.0,0.08876504230144625,6.617491852350943e-05,20,39,,55.930162900011055,0.93,0.93
er4,er4_m60_s1,es_single,2,310,15510,1.3676946351274666,93.0,93.0,0.08876504230144625,6.617491852350943e-05,20,39,,56.87525049998658,0.93,0.93
er4,er4_m60_s1,es_single,2,315,15760,1.3676946351274668,93.0,93.0,0.0887650423014463,6.617491852363433e-05,20,39,,57.77245349995792,0.93,0.93
er4,er4_m60_s1,es_single,2,320,16010,1.3676946351274668,93.0,93.0,0.0887650423014463,6.617491852363433e-05,20,39,,58.6803500999813,0.93,0.93
er4,er4_m60_s1,es_single,2,325,16260,1.3676946351274668,93.0,93.0,0.0887650423014463,6.617491852363433e-05,20,39,,59.54774549999274,0.93,0.93
er4,er4_m60_s1,es_single,2,330,16510,1.3676946351274668,93.0,93.0,0.0887650423014463,6.617491852363433e-05,20,39,,60.4142831999925,0.93,0.93
er4,er4_m60_s1,es_single,2,335,16760,1.3676946351274668,93.0,93.0,0.0887650423014463,6.617491852363433e-05,20,39,,61.29340699996101,0.93,0.93
er4,er4_m60_s1,es_single,2,340,17010,1.3676946351274668,93.0,93.0,0.0887650423014463,6.617491852363433e-05,20,39,,62.22788259998197,0.93,0.93
er4,er4_m60_s1,es_single,2,345,17260,1.3676946351274668,93.0,93.0,0.0887650423014463,6.617491852363433e-05,20,39,,63.186616499966476,0.93,0.93
er4,er4_m60_s1,es_single,2,350,17510,1.3676946351274668,93.0,93.0,0.0887650423014463,6.617491852363433e-05,20,39,,64.06835119996686,0.93,0.93
er4,er4_m60_s1,es_single,2,355,17760,1.3676946351274668,93.0,93.0,0.0887650423014463,6.617491852363433e-05,20,39,,65.00534500001231,0.93,0.93
er4,er4_m60_s1,es_single,2,360,18010,1.3676946351274668,93.0,93.0,0.0887650423014463,6.617491852363433e-05,20,39,,66.0163734999951,0.93,0.93
er4,er4_m60_s1,es_single,2,365,18260,1.3676946351274668,93.0,93.0,0.0887650423014463,6.617491852363433e-05,20,39,,66.9796865999815,0.93,0.93
er4,er4_m60_s1,es_single,2,370,18510,1.3676946351274668,93.0,93.0,0.0887650423014463,6.617491852363433e-05,20,39,,67.7989064999856,0.93,0.93
er4,er4_m60_s1,es_single,2,375,18760,1.3676946351274668,93.0,93.0,0.0887650423014463,6.617491852363433e-05,20,39,,68.59884329995839,0.93,0.93
er4,er4_m60_s1,es_single,2,380,19010,1.3676946351274668,93.0,93.0,0.0887650423014463,6.617491852363433e-05,20,39,,69.48988369997824,0.93,0.93
er4,er4_m60_s1,es_single,2,385,19260,1.3676946351274668,93.0,93.0,0.0887650423014463,6.617491852363433e-05,20,39,,70.43244130001403,0.93,0.93
er4,er4_m60_s1,es_single,2,390,19510,1.3676946351274668,93.0,93.0,0.08876504230144633,6.617491852342616e-05,20,38,,71.30296739999903,0.93,0.93
er4,er4_m60_s1,es_single,2,395,19760,1.3676946351274668,93.0,93.0,0.08876504230144633,6.617491852342616e-05,20,38,,72.143370100006,0.93,0.93
er4,er4_m60_s1,es_single,2,400,20010,1.3676946351274668,93.0,93.0,0.08876504230144633,6.617491852342616e-05,20,38,,73.05867319996469,0.93,0.93
er4,er4_m60_s1,es_single,3,0,10,0.7537623779622079,57.0,60.5,0.043618584570616764,1.984089975648473e-17,20,32,,0.03063980001024902,0.57,0.605
er4,er4_m60_s1,es_single,3,5,260,1.0124774905505465,75.0,73.5,0.03591509811437459,0.0005158043095433371,20,39,,0.9124904000200331,0.75,0.735
er4,er4_m60_s1,es_single,3,10,510,1.158376873225626,81.0,79.3,0.06516043073381908,0.0020616870028240288,20,39,,1.8858042000210844,0.81,0.7929999999999999
er4,er4_m60_s1,es_single,3,15,760,1.230128550349304,85.0,84.0,0.05770679390397915,0.0014289561593141958,20,33,,2.788281699991785,0.85,0.84
er4,er4_m60_s1,es_single,3,20,1010,1.2780932328093482,88.0,87.0,0.07362191590886424,0.00025685404743044926,20,32,,3.746719899994787,0.88,0.87
er4,er4_m60_s1,es_single,3,25,1260,1.2863189886561222,88.0,87.7,0.08771896370897456,0.001318662413806214,20,32,,4.791301199991722,0.88,0.877
er4,er4_m60_s1,es_single,3,30,1510,1.311278359232452,90.0,88.9,0.07697756750073884,0.002894359798484914,20,34,,5.677266900020186,0.9,0.889
er4,er4_m60_s1,es_single,3,35,1760,1.313249850842274,90.0,90.0,0.07441343820409133,0.000653066217740696,20,34,,6.605560099997092,0.9,0.9
er4,er4_m60_s1,es_single,3,40,2010,1.3201075466510206,90.0,90.0,0.10463376881219345,0.0028943597984848472,20,34,,7.618205500009935,0.9,0.9
er4,er4_m60_s1,es_single,3,45,2260,1.3201075466510206,90.0,90.1,0.10463376881219345,0.0028943597984848472,20,34,,8.55018270004075,0.9,0.9009999999999999
er4,er4_m60_s1,es_single,3,50,2510,1.3271950288895233,90.0,90.0,0.10853705499831928,0.00022164655951062602,20,34,,9.479164200020023,0.9,0.9
er4,er4_m60_s1,es_single,3,55,2760,1.3271950288895236,90.0,90.0,0.10853705499831942,0.00022164655951059826,20,33,,10.334914400009438,0.9,0.9
er4,er4_m60_s1,es_single,3,60,3010,1.330112854823313,90.0,90.0,0.10242402031298325,0.0007679248548963635,20,33,,11.165981800004374,0.9,0.9
er4,er4_m60_s1,es_single,3,65,3260,1.3301128548233132,90.0,90.0,0.10242402031298331,0.0007679248548962906,20,34,,12.040129000029992,0.9,0.9
er4,er4_m60_s1,es_single,3,70,3510,1.3313129597386524,90.0,90.0,0.10590740934754263,0.002733177090014868,20,31,,12.977927700034343,0.9,0.9
er4,er4_m60_s1,es_single,3,75,3760,1.3313129597386524,90.0,90.0,0.10590740934754267,0.002733177090014903,20,30,,14.02990399999544,0.9,0.9
er4,er4_m60_s1,es_single,3,80,4010,1.3358794216312333,90.0,90.0,0.10445315257529474,0.0008449165700146781,20,31,,14.985854500031564,0.9,0.9
er4,er4_m60_s1,es_single,3,85,4260,1.3364336027483183,90.0,90.0,0.09648266876406084,0.00404206921747317,20,33,,15.841313100012485,0.9,0.9
er4,er4_m60_s1,es_single,3,90,4510,1.3379501801267093,90.0,90.0,0.1185987705787989,0.004387034898407111,20,35,,16.84302490000846,0.9,0.9
er4,er4_m60_s1,es_single,3,95,4760,1.3391712888290366,90.0,90.0,0.10332925137586799,0.0012384722305119698,20,33,,17.666657400026452,0.9,0.9
er4,er4_m60_s1,es_single,3,100,5010,1.340961461553661,90.0,90.0,0.11362937997671041,0.004761501674618057,20,33,,18.585771500016563,0.9,0.9
er4,er4_m60_s1,es_single,3,105,5260,1.3456784912233672,91.0,90.1,0.11776010638104353,0.00020379506126477764,20,33,,19.474241100018844,0.91,0.9009999999999999
er4,er4_m60_s1,es_single,3,110,5510,1.3462186466484443,90.0,90.5,0.1120989082725575,0.005202015523790703,20,33,,20.400512400025036,0.9,0.905
er4,er4_m60_s1,es_single,3,115,5760,1.3515733093584632,91.0,90.2,0.1153528751383796,0.0006060510132034902,20,31,,21.42474680003943,0.91,0.902
er4,er4_m60_s1,es_single,3,120,6010,1.3636121548125248,92.0,91.5,0.12381281052335248,4.779479051580937e-05,20,32,,22.305775800021365,0.92,0.915
er4,er4_m60_s1,es_single,3,125,6260,1.3643407912825245,92.0,92.0,0.12342885303237525,4.779479051580937e-05,20,32,,23.177960800006986,0.92,0.92
er4,er4_m60_s1,es_single,3,130,6510,1.3669017795545721,92.0,92.0,0.12440359521779482,4.301417505414573e-05,20,31,,24.153404399985448,0.92,0.92
er4,er4_m60_s1,es_single,3,135,6760,1.3700556255264031,92.0,92.0,0.1266949236096069,4.301417505414573e-05,20,31,,25.035061400034465,0.92,0.92
er4,er4_m60_s1,es_single,3,140,7010,1.3800098526609839,94.0,92.2,0.10080038514485315,8.890457814381136e-18,20,31,,25.935360300005414,0.94,0.922
er4,er4_m60_s1,es_single,3,145,7260,1.3800098526609839,94.0,92.2,0.10080038514485315,8.890457814381136e-18,20,31,,26.80657080002129,0.94,0.922
er4,er4_m60_s1,es_single,3,150,7510,1.3800098526609839,94.0,92.2,0.10080038514485315,8.890457814381136e-18,20,31,,27.70355610002298,0.94,0.922
er4,er4_m60_s1,es_single,3,155,7760,1.3800098526609839,94.0,92.2,0.10080038514485315,8.890457814381136e-18,20,31,,28.580084300017916,0.94,0.922
er4,er4_m60_s1,es_single,3,160,8010,1.3800098526609839,94.0,92.2,0.10080038514485315,8.890457814381136e-18,20,31,,29.5286660999991,0.94,0.922
er4,er4_m60_s1,es_single,3,165,8260,1.3800098526609839,94.0,92.2,0.10080038514485315,8.890457814381136e-18,20,31,,30.447944900020957,0.94,0.922
er4,er4_m60_s1,es_single,3,170,8510,1.3800098526609839,94.0,92.2,0.10080038514485315,8.890457814381136e-18,20,31,,31.38467810000293,0.94,0.922
er4,er4_m60_s1,es_single,3,175,8760,1.3800098526609839,94.0,92.2,0.10080038514485315,8.890457814381136e-18,20,31,,32.31457049999153,0.94,0.922
er4,er4_m60_s1,es_single,3,180,9010,1.3800098526609839,94.0,92.2,0.10080038514485315,8.890457814381136e-18,20,31,,33.26884939998854,0.94,0.922
er4,er4_m60_s1,es_single,3,185,9260,1.3800098526609839,94.0,92.2,0.10080038514485315,8.890457814381136e-18,20,31,,34.060975400032476,0.94,0.922
er4,er4_m60_s1,es_single,3,190,9510,1.3800098526609839,94.0,92.2,0.10080038514485315,8.890457814381136e-18,20,31,,34.92361890000757,0.94,0.922
er4,er4_m60_s1,es_single,3,195,9760,1.3800098526609839,94.0,92.4,0.10080038514485315,1.463672932855431e-17,20,31,,35.82193710003048,0.94,0.924
er4,er4_m60_s1,es_single,3,200,10010,1.3800098526609839,94.0,92.4,0.10080038514485315,1.463672932855431e-17,20,31,,36.746655700029805,0.94,0.924
er4,er4_m60_s1,es_single,3,205,10260,1.3800098526609839,94.0,92.6,0.10080038514485315,1.463672932855431e-17,20,31,,37.55803210003069,0.94,0.9259999999999999
er4,er4_m60_s1,es_single,3,210,10510,1.3800098526609839,94.0,92.6,0.10080038514485315,1.463672932855431e-17,20,31,,38.40342149999924,0.94,0.9259999999999999
er4,er4_m60_s1,es_single,3,215,10760,1.3800098526609839,94.0,92.8,0.10080038514485315,1.463672932855431e-17,20,31,,39.30448769999202,0.94,0.9279999999999999
er4,er4_m60_s1,es_single,3,220,11010,1.3800098526609839,94.0,93.0,0.10080038514485315,1.463672932855431e-17,20,31,,40.18162410001969,0.94,0.93
er4,er4_m60_s1,es_single,3,225,11260,1.3800098526609839,94.0,93.0,0.10080038514485315,1.463672932855431e-17,20,31,,41.606909000023734,0.94,0.93
er4,er4_m60_s1,es_single,3,230,11510,1.3805462999879583,94.0,93.4,0.09722023745729273,3.2526065174565133e-19,20,31,,42.62200020003365,0.94,0.934
er4,er4_m60_s1,es_single,3,235,11760,1.3805462999879583,94.0,94.0,0.09722023745729273,3.2526065174565133e-19,20,31,,43.538666200009175,0.94,0.94
er4,er4_m60_s1,es_single,3,240,12010,1.3805462999879583,94.0,94.0,0.09722023745729276,2.2551405187698492e-17,20,31,,44.37332100002095,0.94,0.94
er4,er4_m60_s1,es_single,3,245,12260,1.3805462999879583,94.0,94.0,0.09722023745729276,2.2551405187698492e-17,20,31,,45.21198329998879,0.94,0.94
er4,er4_m60_s1,es_single,3,250,12510,1.3805462999879583,94.0,94.0,0.09722023745729276,2.2551405187698492e-17,20,31,,46.0215787999914,0.94,0.94
er4,er4_m60_s1,es_single,3,255,12760,1.3805462999879583,94.0,94.0,0.09722023745729276,2.2551405187698492e-17,20,31,,46.815312699996866,0.94,0.94
er4,er4_m60_s1,es_single,3,260,13010,1.3819671696117923,94.0,94.0,0.10779020492744718,2.621058751983707e-17,20,30,,47.75645370001439,0.94,0.94
er4,er4_m60_s1,es_single,3,265,13260,1.3819671696117923,94.0,94.0,0.10779020492744718,2.621058751983707e-17,20,30,,48.64704300003359,0.94,0.94
er4,er4_m60_s1,es_single,3,270,13510,1.3819671696117923,94.0,94.0,0.10779020492744718,2.621058751983707e-17,20,30,,49.72870790003799,0.94,0.94
er4,er4_m60_s1,es_single,3,275,13760,1.3819671696117923,94.0,94.0,0.10779020492744718,2.621058751983707e-17,20,30,,50.77718550001737,0.94,0.94
er4,er4_m60_s1,es_single,3,280,14010,1.3819671696117923,94.0,94.0,0.10779020492744718,2.621058751983707e-17,20,30,,51.845836199994665,0.94,0.94
er4,er4_m60_s1,es_single,3,285,14260,1.3819671696117923,94.0,94.0,0.10779020492744718,2.621058751983707e-17,20,30,,52.957939799991436,0.94,0.94
er4,er4_m60_s1,es_single,3,290,14510,1.3819671696117923,94.0,94.0,0.10779020492744718,2.621058751983707e-17,20,30,,53.998745499993674,0.94,0.94
er4,er4_m60_s1,es_single,3,295,14760,1.3819671696117923,94.0,94.0,0.10779020492744701,3.122502256758253e-17,20,29,,54.96470780001255,0.94,0.94
er4,er4_m60_s1,es_single,3,300,15010,1.3819671696117923,94.0,94.0,0.10779020492744701,3.122502256758253e-17,20,29,,55.87359309999738,0.94,0.94
er4,er4_m60_s1,es_single,3,305,15260,1.3819671696117923,94.0,94.0,0.10779020492744718,2.621058751983707e-17,20,30,,56.84820230002515,0.94,0.94
er4,er4_m60_s1,es_single,3,310,15510,1.3822559003638024,94.0,94.0,0.10546755427423135,3.12792326762068e-17,20,32,,57.85856970003806,0.94,0.94
er4,er4_m60_s1,es_single,3,315,15760,1.3822559003638024,94.0,94.0,0.10546755427423135,3.12792326762068e-17,20,32,,58.78256700001657,0.94,0.94
er4,er4_m60_s1,es_single,3,320,16010,1.3822559003638024,94.0,94.0,0.10546755427423135,3.12792326762068e-17,20,32,,59.654088200011756,0.94,0.94
er4,er4_m60_s1,es_single,3,325,16260,1.3822559003638024,94.0,94.0,0.10546755427423135,3.12792326762068e-17,20,32,,60.57449959998485,0.94,0.94
er4,er4_m60_s1,es_single,3,330,16510,1.3822559003638024,94.0,94.0,0.10546755427423142,3.821812658011403e-18,20,32,,61.57057059998624,0.94,0.94
er4,er4_m60_s1,es_single,3,335,16760,1.3822559003638024,94.0,94.0,0.10546755427423142,3.821812658011403e-18,20,32,,62.43402139999671,0.94,0.94
er4,er4_m60_s1,es_single,3,340,17010,1.3855772176669974,94.0,94.0,0.1083099778544723,2.439454888092385e-17,20,29,,63.46857090003323,0.94,0.94
er4,er4_m60_s1,es_single,3,345,17260,1.3855772176669974,94.0,94.0,0.1083099778544723,2.439454888092385e-17,20,29,,64.2781401000102,0.94,0.94
er4,er4_m60_s1,es_single,3,350,17510,1.3855772176669974,94.0,94.0,0.1083099778544723,2.439454888092385e-17,20,29,,65.21319270000095,0.94,0.94
er4,er4_m60_s1,es_single,3,355,17760,1.3855772176669974,94.0,94.0,0.1083099778544723,2.439454888092385e-17,20,29,,66.16244710003957,0.94,0.94
er4,er4_m60_s1,es_single,3,360,18010,1.3855772176669974,94.0,94.0,0.1083099778544723,2.439454888092385e-17,20,29,,67.11485640000319,0.94,0.94
er4,er4_m60_s1,es_single,3,365,18260,1.3855772176669974,94.0,94.0,0.1083099778544723,2.439454888092385e-17,20,29,,68.02693769999314,0.94,0.94
er4,er4_m60_s1,es_single,3,370,18510,1.3855772176669974,94.0,94.0,0.1083099778544723,2.439454888092385e-17,20,29,,68.95116910000797,0.94,0.94
er4,er4_m60_s1,es_single,3,375,18760,1.3855772176669974,94.0,94.0,0.1083099778544723,2.439454888092385e-17,20,29,,69.80437500000698,0.94,0.94
er4,er4_m60_s1,es_single,3,380,19010,1.3855772176669974,94.0,94.0,0.1083099778544723,2.439454888092385e-17,20,29,,70.70287089998601,0.94,0.94
er4,er4_m60_s1,es_single,3,385,19260,1.3855772176669974,94.0,94.0,0.1083099778544723,2.439454888092385e-17,20,29,,71.72742160002235,0.94,0.94
er4,er4_m60_s1,es_single,3,390,19510,1.3855772176669974,94.0,94.0,0.1083099778544723,2.439454888092385e-17,20,29,,72.61562500003492,0.94,0.94
er4,er4_m60_s1,es_single,3,395,19760,1.3855772176669974,94.0,94.0,0.1083099778544723,2.439454888092385e-17,20,29,,73.51813330000732,0.94,0.94
er4,er4_m60_s1,es_single,3,400,20010,1.3855772176669974,94.0,94.0,0.1083099778544723,2.439454888092385e-17,20,29,,74.4088357000146,0.94,0.94
er4,er4_m60_s1,es_single,4,0,10,0.820919656303584,62.0,59.3,0.067840025423876,0.0028286894968670324,20,38,,0.04482290003215894,0.62,0.593
er4,er4_m60_s1,es_single,4,5,260,1.1509440024453415,83.0,79.6,0.035007735993962716,1.5504091066542713e-17,20,33,,0.9137111000018194,0.83,0.7959999999999999
er4,er4_m60_s1,es_single,4,10,510,1.183442987796919,85.0,83.5,0.026808595873255965,8.673617379884035e-19,20,34,,1.86014060000889,0.85,0.835
er4,er4_m60_s1,es_single,4,15,760,1.2275563829845761,89.0,84.7,0.03287119087507919,1.6263032587282567e-18,20,32,,2.6836597000365146,0.89,0.847
er4,er4_m60_s1,es_single,4,20,1010,1.2336451078697535,89.0,86.4,0.03281370113561038,1.0842021724855044e-17,20,34,,3.504890400043223,0.89,0.8640000000000001
er4,er4_m60_s1,es_single,4,25,1260,1.2336451078697535,89.0,86.7,0.03281370113561038,1.0842021724855044e-17,20,34,,4.347347800037824,0.89,0.867
er4,er4_m60_s1,es_single,4,30,1510,1.2336451078697535,89.0,87.2,0.03281370113561038,1.0842021724855044e-17,20,34,,5.214989600004628,0.89,0.872
er4,er4_m60_s1,es_single,4,35,1760,1.2336451078697535,89.0,87.5,0.03281370113561038,1.0842021724855044e-17,20,34,,6.0042203000048175,0.89,0.875
er4,er4_m60_s1,es_single,4,40,2010,1.2336451078697535,89.0,87.8,0.03281370113561038,1.0842021724855044e-17,20,34,,6.8828732999973,0.89,0.878
er4,er4_m60_s1,es_single,4,45,2260,1.2336451078697535,89.0,88.0,0.03281370113561038,1.0842021724855044e-17,20,34,,7.8198296000482515,0.89,0.88
er4,er4_m60_s1,es_single,4,50,2510,1.2443119069260093,89.0,88.7,0.052888472558028976,3.469446951953614e-18,20,32,,8.598983200034127,0.89,0.887
er4,er4_m60_s1,es_single,4,55,2760,1.265396413807614,91.0,89.2,0.04183685588566774,8.673617379884035e-18,20,32,,9.532268400012981,0.91,0.892
er4,er4_m60_s1,es_single,4,60,3010,1.265396413807614,91.0,89.2,0.04183685588566774,8.673617379884035e-18,20,32,,10.350509300013073,0.91,0.892
er4,er4_m60_s1,es_single,4,65,3260,1.265396413807614,91.0,89.0,0.04183685588566774,8.673617379884035e-18,20,32,,11.179735800018534,0.91,0.89
er4,er4_m60_s1,es_single,4,70,3510,1.2706880243709957,91.0,89.6,0.05884221696209712,9.974659986866641e-18,20,33,,11.990545400010888,0.91,0.8959999999999999
er4,er4_m60_s1,es_single,4,75,3760,1.2964107166156942,93.0,90.2,0.05723387934603351,1.3010426069826053e-17,20,32,,12.945754699991085,0.93,0.902
er4,er4_m60_s1,es_single,4,80,4010,1.2964107166156942,93.0,90.4,0.05723387934603351,1.3010426069826053e-17,20,32,,13.896623800043017,0.93,0.904
er4,er4_m60_s1,es_single,4,85,4260,1.2964107166156942,93.0,90.8,0.05723387934603351,1.3010426069826053e-17,20,32,,14.602270400035195,0.93,0.9079999999999999
er4,er4_m60_s1,es_single,4,90,4510,1.2964107166156942,93.0,91.4,0.05723387934603351,1.3010426069826053e-17,20,32,,15.432575899991207,0.93,0.914
er4,er4_m60_s1,es_single,4,95,4760,1.2964107166156942,93.0,91.5,0.05723387934603351,1.3010426069826053e-17,20,32,,16.27387820003787,0.93,0.915
er4,er4_m60_s1,es_single,4,100,5010,1.2964107166156942,93.0,91.5,0.05723387934603351,1.3010426069826053e-17,20,32,,17.0865018000477,0.93,0.915
er4,er4_m60_s1,es_single,4,105,5260,1.2964107166156942,93.0,91.5,0.05723387934603351,1.3010426069826053e-17,20,32,,17.96796100004576,0.93,0.915
er4,er4_m60_s1,es_single,4,110,5510,1.2964107166156942,93.0,91.5,0.05723387934603351,1.3010426069826053e-17,20,32,,18.788562200032175,0.93,0.915
er4,er4_m60_s1,es_single,4,115,5760,1.2964107166156942,93.0,91.5,0.05723387934603351,1.3010426069826053e-17,20,32,,19.701004600035958,0.93,0.915
er4,er4_m60_s1,es_single,4,120,6010,1.2964107166156942,93.0,91.5,0.05723387934603351,1.3010426069826053e-17,20,32,,20.515495600004215,0.93,0.915
er4,er4_m60_s1,es_single,4,125,6260,1.2974438772138053,93.0,91.7,0.05884221696209724,2.7755575615628914e-17,20,34,,21.459822800010443,0.93,0.917
er4,er4_m60_s1,es_single,4,130,6510,1.2974438772138053,93.0,91.9,0.05884221696209724,2.7755575615628914e-17,20,34,,22.298568000027444,0.93,0.919
er4,er4_m60_s1,es_single,4,135,6760,1.2974438772138053,93.0,91.9,0.05884221696209724,2.7755575615628914e-17,20,34,,23.15980550000677,0.93,0.919
er4,er4_m60_s1,es_single,4,140,7010,1.2974438772138053,93.0,91.9,0.05884221696209724,2.7755575615628914e-17,20,34,,24.115950600011274,0.93,0.919
er4,er4_m60_s1,es_single,4,145,7260,1.2974438772138053,93.0,91.9,0.05884221696209724,2.7755575615628914e-17,20,34,,25.022332300024573,0.93,0.919
er4,er4_m60_s1,es_single,4,150,7510,1.2974438772138053,93.0,91.9,0.05884221696209724,2.7755575615628914e-17,20,34,,25.88130100001581,0.93,0.919
er4,er4_m60_s1,es_single,4,155,7760,1.2974438772138053,93.0,91.9,0.05884221696209724,2.7755575615628914e-17,20,34,,26.72414560004836,0.93,0.919
er4,er4_m60_s1,es_single,4,160,8010,1.2974438772138053,93.0,91.9,0.05884221696209724,2.7755575615628914e-17,20,34,,27.587742200004868,0.93,0.919
er4,er4_m60_s1,es_single,4,165,8260,1.2974438772138053,93.0,91.9,0.05884221696209724,2.7755575615628914e-17,20,34,,28.44896810001228,0.93,0.919
er4,er4_m60_s1,es_single,4,170,8510,1.2982164652139725,93.0,92.1,0.04119342831862012,6.7220534694101275e-18,20,34,,29.390480700007174,0.93,0.9209999999999999
er4,er4_m60_s1,es_single,4,175,8760,1.2982164652139725,93.0,92.1,0.04119342831862012,6.7220534694101275e-18,20,34,,30.346828500041738,0.93,0.9209999999999999
er4,er4_m60_s1,es_single,4,180,9010,1.2982164652139725,93.0,92.1,0.04119342831862012,6.7220534694101275e-18,20,34,,31.221274300012738,0.93,0.9209999999999999
er4,er4_m60_s1,es_single,4,185,9260,1.2982164652139725,93.0,92.1,0.04119342831862012,6.7220534694101275e-18,20,34,,32.15555770002538,0.93,0.9209999999999999
er4,er4_m60_s1,es_single,4,190,9510,1.2982164652139725,93.0,92.3,0.04119342831862012,6.7220534694101275e-18,20,34,,33.08622330002254,0.93,0.9229999999999999
er4,er4_m60_s1,es_single,4,195,9760,1.2982164652139725,93.0,92.3,0.04119342831862012,6.7220534694101275e-18,20,34,,33.88645109999925,0.93,0.9229999999999999
er4,er4_m60_s1,es_single,4,200,10010,1.2982164652139725,93.0,92.3,0.04119342831862012,6.7220534694101275e-18,20,34,,34.729938700038474,0.93,0.9229999999999999
er4,er4_m60_s1,es_single,4,205,10260,1.2982164652139725,93.0,92.3,0.04119342831862012,6.7220534694101275e-18,20,34,,35.67494160000933,0.93,0.9229999999999999
er4,er4_m60_s1,es_single,4,210,10510,1.2982164652139725,93.0,92.3,0.04119342831862012,6.7220534694101275e-18,20,34,,36.54717510001501,0.93,0.9229999999999999
er4,er4_m60_s1,es_single,4,215,10760,1.2982164652139725,93.0,92.7,0.04119342831862012,6.7220534694101275e-18,20,34,,37.47011450002901,0.93,0.927
er4,er4_m60_s1,es_single,4,220,11010,1.2982164652139725,93.0,92.7,0.04119342831862012,6.7220534694101275e-18,20,34,,38.363453200028744,0.93,0.927
er4,er4_m60_s1,es_single,4,225,11260,1.2982164652139725,93.0,92.7,0.04119342831862012,6.7220534694101275e-18,20,34,,39.19466470001498,0.93,0.927
er4,er4_m60_s1,es_single,4,230,11510,1.2982164652139725,93.0,92.7,0.04119342831862012,6.7220534694101275e-18,20,34,,40.030861900013406,0.93,0.927
er4,er4_m60_s1,es_single,4,235,11760,1.2982164652139725,93.0,92.7,0.04119342831862012,6.7220534694101275e-18,20,34,,40.976643300033174,0.93,0.927
er4,er4_m60_s1,es_single,4,240,12010,1.2982164652139725,93.0,92.9,0.04119342831862012,6.7220534694101275e-18,20,34,,41.814972100022715,0.93,0.929
er4,er4_m60_s1,es_single,4,245,12260,1.2982164652139725,93.0,92.9,0.04119342831862012,6.7220534694101275e-18,20,34,,42.67236890003551,0.93,0.929
er4,er4_m60_s1,es_single,4,250,12510,1.2982164652139725,93.0,92.9,0.04119342831862012,6.7220534694101275e-18,20,34,,44.059739399992395,0.93,0.929
er4,er4_m60_s1,es_single,4,255,12760,1.2982164652139725,93.0,93.0,0.04119342831862012,6.7220534694101275e-18,20,34,,44.89086580002913,0.93,0.93
er4,er4_m60_s1,es_single,4,260,13010,1.2982164652139725,93.0,93.0,0.04119342831862012,6.7220534694101275e-18,20,34,,45.65308370004641,0.93,0.93
er4,er4_m60_s1,es_single,4,265,13260,1.2982164652139725,93.0,93.0,0.04119342831862012,6.7220534694101275e-18,20,34,,46.524152900034096,0.93,0.93
er4,er4_m60_s1,es_single,4,270,13510,1.2982164652139725,93.0,93.0,0.04119342831862012,6.7220534694101275e-18,20,34,,47.39181760000065,0.93,0.93
er4,er4_m60_s1,es_single,4,275,13760,1.2982164652139725,93.0,93.0,0.04119342831862012,6.7220534694101275e-18,20,34,,48.269193699990865,0.93,0.93
er4,er4_m60_s1,es_single,4,280,14010,1.2982164652139725,93.0,93.0,0.04119342831862012,6.7220534694101275e-18,20,34,,49.15543179999804,0.93,0.93
er4,er4_m60_s1,es_single,4,285,14260,1.2982164652139725,93.0,93.0,0.04119342831862012,6.7220534694101275e-18,20,34,,50.076863800000865,0.93,0.93
er4,er4_m60_s1,es_single,4,290,14510,1.2982164652139725,93.0,93.0,0.04119342831862012,6.7220534694101275e-18,20,34,,50.89967410004465,0.93,0.93
er4,er4_m60_s1,es_single,4,295,14760,1.2982164652139725,93.0,93.0,0.04119342831862012,6.7220534694101275e-18,20,34,,51.83725440001581,0.93,0.93
er4,er4_m60_s1,es_single,4,300,15010,1.2982164652139725,93.0,93.0,0.04119342831862012,6.7220534694101275e-18,20,34,,52.736736199993175,0.93,0.93
er4,er4_m60_s1,es_single,4,305,15260,1.2982164652139725,93.0,93.0,0.04119342831862012,6.7220534694101275e-18,20,34,,53.66246130003128,0.93,0.93
er4,er4_m60_s1,es_single,4,310,15510,1.2982164652139725,93.0,93.0,0.04119342831862012,6.7220534694101275e-18,20,34,,54.54625080002006,0.93,0.93
er4,er4_m60_s1,es_single,4,315,15760,1.2982164652139725,93.0,93.0,0.04119342831862012,6.7220534694101275e-18,20,34,,55.361056399997324,0.93,0.93
er4,er4_m60_s1,es_single,4,320,16010,1.2982164652139725,93.0,93.0,0.04119342831862012,6.7220534694101275e-18,20,34,,56.220531600003596,0.93,0.93
er4,er4_m60_s1,es_single,4,325,16260,1.2982164652139725,93.0,93.0,0.04119342831862012,6.7220534694101275e-18,20,34,,57.138653000001796,0.93,0.93
er4,er4_m60_s1,es_single,4,330,16510,1.2982164652139725,93.0,93.0,0.04119342831862012,6.7220534694101275e-18,20,34,,57.98059610003838,0.93,0.93
er4,er4_m60_s1,es_single,4,335,16760,1.2982164652139725,93.0,93.0,0.04119342831862012,6.7220534694101275e-18,20,34,,58.89365700003691,0.93,0.93
er4,er4_m60_s1,es_single,4,340,17010,1.2982164652139725,93.0,93.0,0.04119342831862012,6.7220534694101275e-18,20,34,,59.95381219999399,0.93,0.93
er4,er4_m60_s1,es_single,4,345,17260,1.2982164652139725,93.0,93.0,0.04119342831862012,6.7220534694101275e-18,20,34,,60.950812400027644,0.93,0.93
er4,er4_m60_s1,es_single,4,350,17510,1.2982164652139725,93.0,93.0,0.04119342831862012,6.7220534694101275e-18,20,34,,61.96690960001433,0.93,0.93
er4,er4_m60_s1,es_single,4,355,17760,1.2982164652139725,93.0,93.0,0.04119342831862012,6.7220534694101275e-18,20,34,,62.924226200033445,0.93,0.93
er4,er4_m60_s1,es_single,4,360,18010,1.2982164652139725,93.0,93.0,0.04119342831862012,6.7220534694101275e-18,20,34,,63.68041720002657,0.93,0.93
er4,er4_m60_s1,es_single,4,365,18260,1.2982164652139725,93.0,93.0,0.04119342831862012,6.7220534694101275e-18,20,34,,64.61849399999483,0.93,0.93
er4,er4_m60_s1,es_single,4,370,18510,1.2982164652139725,93.0,93.0,0.04119342831862012,6.7220534694101275e-18,20,34,,65.51093829999445,0.93,0.93
er4,er4_m60_s1,es_single,4,375,18760,1.2982164652139725,93.0,93.0,0.04119342831862012,6.7220534694101275e-18,20,34,,66.41005220002262,0.93,0.93
er4,er4_m60_s1,es_single,4,380,19010,1.2982164652139725,93.0,93.0,0.04119342831862012,6.7220534694101275e-18,20,34,,67.30746710003586,0.93,0.93
er4,er4_m60_s1,es_single,4,385,19260,1.2982164652139725,93.0,93.0,0.04119342831862012,6.7220534694101275e-18,20,34,,68.12421550002182,0.93,0.93
er4,er4_m60_s1,es_single,4,390,19510,1.2982164652139725,93.0,93.0,0.04119342831862012,6.7220534694101275e-18,20,34,,68.98936970002251,0.93,0.93
er4,er4_m60_s1,es_single,4,395,19760,1.2982164652139725,93.0,93.0,0.04119342831862012,6.7220534694101275e-18,20,34,,69.8166474000318,0.93,0.93
er4,er4_m60_s1,es_single,4,400,20010,1.2982164652139725,93.0,93.0,0.04119342831862012,6.7220534694101275e-18,20,34,,70.6917650999967,0.93,0.93
er4,er4_m60_s1,es_learned,0,0,10,0.7349283781064331,55.0,60.0,0.03422181726598081,1.0842021724855044e-18,20,32,,0.03230600000824779,0.55,0.6
er4,er4_m60_s1,es_learned,0,5,260,1.0757083848220408,78.0,75.4,0.0718957071446487,0.000268246554690061,20,36,0.09785746037960052,5.130068600003142,0.78,0.754
er4,er4_m60_s1,es_learned,0,10,510,1.1211382694894911,82.0,79.3,0.08113097749987495,0.0010356961094991346,20,37,0.15929922461509705,13.857299399969634,0.82,0.7929999999999999
er4,er4_m60_s1,es_learned,0,15,760,1.157755974988279,84.0,81.9,0.06397055650373923,0.00128186861741722,20,35,0.11727981269359589,23.17349680000916,0.84,0.8190000000000001
er4,er4_m60_s1,es_learned,0,20,1010,1.1611956123810492,84.0,83.7,0.0632835642455782,0.002773661212562697,20,35,0.09582772105932236,28.70652639999753,0.84,0.8370000000000001
er4,er4_m60_s1,es_learned,0,25,1260,1.1611956123810492,84.0,84.0,0.06328356424557817,0.00277366121256257,20,35,0.10213696956634521,38.26140999997733,0.84,0.84
er4,er4_m60_s1,es_learned,0,30,1510,1.1684978186988306,84.0,84.0,0.0744169281646896,0.0003027923720531969,20,36,0.07555575668811798,47.55653160001384,0.84,0.84
er4,er4_m60_s1,es_learned,0,35,1760,1.1701136365752576,84.0,84.0,0.07297854282861009,0.0012696792547038389,20,36,0.054712556302547455,52.345520199975,0.84,0.84
er4,er4_m60_s1,es_learned,0,40,2010,1.1711211917868372,84.0,84.0,0.06920624970663766,0.0009058113357407211,20,36,0.032509177923202515,61.40142940002261,0.84,0.84
er4,er4_m60_s1,es_learned,0,45,2260,1.1716275393538316,84.0,84.0,0.07752488906668935,0.0034255435928902053,20,36,0.03869118541479111,70.3601098000072,0.84,0.84
er4,er4_m60_s1,es_learned,0,50,2510,1.202798373883633,86.0,85.0,0.09212807709379008,0.002118475830184402,20,36,0.03895298391580582,75.56360729999142,0.86,0.85
er4,er4_m60_s1,es_learned,0,55,2760,1.2365722484562691,89.0,86.5,0.06931028169209574,0.00018099216214101897,20,36,0.03210388869047165,84.31234130001394,0.89,0.865
er4,er4_m60_s1,es_learned,0,60,3010,1.2365722484562691,89.0,87.8,0.06931028169209569,0.0001809921621410528,20,36,0.026228077709674835,93.42969790002098,0.89,0.878
er4,er4_m60_s1,es_learned,0,65,3260,1.254891467453989,89.0,88.9,0.0812555898512034,0.00018612428817225274,20,35,0.02385876327753067,98.51817900000606,0.89,0.889
er4,er4_m60_s1,es_learned,0,70,3510,1.2583295139523327,89.0,89.0,0.07573430514457166,0.0016195499128813153,20,35,0.025751540437340736,107.63490509998519,0.89,0.89
er4,er4_m60_s1,es_learned,0,75,3760,1.2583295139523327,89.0,89.0,0.07573430514457166,0.0016195499128813153,20,35,0.019687706604599953,116.77594710001722,0.89,0.89
er4,er4_m60_s1,es_learned,0,80,4010,1.2592886690725569,89.0,88.8,0.0726368602419167,0.0004340788374986998,20,34,0.02190321683883667,121.89385579997906,0.89,0.888
er4,er4_m60_s1,es_learned,0,85,4260,1.2790861464376202,91.0,89.3,0.0785768039050802,0.0007343565046978515,20,36,0.022435130551457405,131.032841200009,0.91,0.893
er4,er4_m60_s1,es_learned,0,90,4510,1.2790861464376202,91.0,89.5,0.0785768039050802,0.0007343565046978515,20,36,0.024133607745170593,140.03213170001982,0.91,0.895
er4,er4_m60_s1,es_learned,0,95,4760,1.2790861464376202,91.0,89.8,0.0785768039050802,0.0007343565046978515,20,36,0.02568126656115055,145.143928400008,0.91,0.898
er4,er4_m60_s1,es_learned,0,100,5010,1.2868554558555587,90.0,90.1,0.08654208439905606,0.0004340788374984847,20,37,0.0283324234187603,154.15232120000292,0.9,0.9009999999999999
er4,er4_m60_s1,es_learned,0,105,5260,1.2868554558555587,90.0,90.4,0.08654208439905603,0.000434078837498646,20,37,0.018994424492120743,163.24074969999492,0.9,0.904
er4,er4_m60_s1,es_learned,0,110,5510,1.2868554558555587,90.0,90.0,0.08654208439905603,0.000434078837498646,20,37,0.01999630779027939,168.38873459998285,0.9,0.9
er4,er4_m60_s1,es_learned,0,115,5760,1.2868554558555587,90.0,90.0,0.08654208439905611,0.0004340788374986512,20,37,0.018170710653066635,177.85815179999918,0.9,0.9
er4,er4_m60_s1,es_learned,0,120,6010,1.2868554558555587,90.0,90.0,0.08654208439905611,0.0004340788374986512,20,37,0.01990261673927307,186.99766569997882,0.9,0.9
er4,er4_m60_s1,es_learned,0,125,6260,1.296530014465383,91.0,90.1,0.08701075582435853,0.0004340788374986859,20,37,0.014364142902195454,192.17827679996844,0.91,0.9009999999999999
er4,er4_m60_s1,es_learned,0,130,6510,1.296530014465383,91.0,90.1,0.08701075582435853,0.0004340788374986859,20,37,0.017917847260832787,201.4463729999843,0.91,0.9009999999999999
er4,er4_m60_s1,es_learned,0,135,6760,1.296530014465383,91.0,90.1,0.08701075582435853,0.0004340788374986859,20,37,0.021180978044867516,210.57891869999003,0.91,0.9009999999999999
er4,er4_m60_s1,es_learned,0,140,7010,1.296530014465383,91.0,90.1,0.08701075582435853,0.0004340788374986859,20,37,0.019614553079009056,215.7481495999964,0.91,0.9009999999999999
er4,er4_m60_s1,es_learned,0,145,7260,1.296530014465383,91.0,90.7,0.0870107558243584,0.0004340788374986122,20,37,0.02005069889128208,224.96879910002463,0.91,0.907
er4,er4_m60_s1,es_learned,0,150,7510,1.296530014465383,91.0,91.0,0.08701075582435855,0.0004340788374985541,20,37,0.020659778267145157,233.99329419998685,0.91,0.91
er4,er4_m60_s1,es_learned,0,155,7760,1.3024245572454825,91.0,91.0,0.09243217046450394,0.001972767561815754,20,37,0.016720756888389587,239.19656389998272,0.91,0.91
er4,er4_m60_s1,es_learned,0,160,8010,1.3024245572454825,91.0,91.0,0.09243217046450394,0.001972767561815754,20,37,0.014913160353899002,248.30340670002624,0.91,0.91
er4,er4_m60_s1,es_learned,0,165,8260,1.3024245572454825,91.0,91.0,0.09243217046450394,0.001972767561815754,20,37,0.019458649680018425,257.5451205999707,0.91,0.91
er4,er4_m60_s1,es_learned,0,170,8510,1.3050994416224009,91.0,91.0,0.08259419790085254,0.004526666664476011,20,37,0.0199962817132473,262.7308131000027,0.91,0.91
er4,er4_m60_s1,es_learned,0,175,8760,1.3056431612415098,91.0,91.0,0.08299227170925041,0.0033744034560597713,20,37,0.012443330138921738,271.95764249999775,0.91,0.91
er4,er4_m60_s1,es_learned,0,180,9010,1.3128586312138704,91.0,91.0,0.0865590303246592,0.003611729482873796,20,37,0.017344873398542404,281.08162080001784,0.91,0.91
er4,er4_m60_s1,es_learned,0,185,9260,1.3128586312138704,91.0,91.0,0.0865590303246592,0.003611729482873796,20,37,0.015108325518667698,286.25429630000144,0.91,0.91
er4,er4_m60_s1,es_learned,0,190,9510,1.3130249156104536,91.0,91.0,0.08262506572457812,0.0018903380460690566,20,37,0.014690613374114037,294.89899130002595,0.91,0.91
er4,er4_m60_s1,es_learned,0,195,9760,1.319694491589777,92.0,91.1,0.09105252503923182,0.0003180773654360529,20,37,0.01868327520787716,303.94548360002227,0.92,0.9109999999999999
er4,er4_m60_s1,es_learned,0,200,10010,1.3211865739154613,92.0,91.2,0.06405380130990006,0.0013989356052625905,20,37,0.016012582927942276,308.86683369998354,0.92,0.912
er4,er4_m60_s1,es_learned,0,205,10260,1.3211865739154613,92.0,91.3,0.06405380130990006,0.0013989356052625905,20,37,0.013557936064898968,317.72471580002457,0.92,0.9129999999999999
er4,er4_m60_s1,es_learned,0,210,10510,1.3211865739154613,92.0,91.3,0.06405380130990006,0.0013989356052625905,20,37,0.0159652940928936,326.54151539999293,0.92,0.9129999999999999
er4,er4_m60_s1,es_learned,0,215,10760,1.327750034374128,92.0,91.4,0.09292023241123085,0.00031807736543599044,20,37,0.013893834315240383,331.6337931000162,0.92,0.914
er4,er4_m60_s1,es_learned,0,220,11010,1.327750034374128,92.0,91.8,0.09292023241123085,0.00031807736543599044,20,37,0.012186459265649319,340.65427860000636,0.92,0.9179999999999999
er4,er4_m60_s1,es_learned,0,225,11260,1.327750034374128,92.0,91.9,0.09292023241123085,0.00031807736543599044,20,37,0.01321497093886137,349.49253719998524,0.92,0.919
er4,er4_m60_s1,es_learned,0,230,11510,1.3319023318384389,92.0,92.0,0.09456336511644,9.707563679253739e-06,20,38,0.01291688159108162,354.4751895000227,0.92,0.92
er4,er4_m60_s1,es_learned,0,235,11760,1.3319023318384389,92.0,92.0,0.09456336511644,9.707563679253739e-06,20,38,0.01602129265666008,363.7355660999892,0.92,0.92
er4,er4_m60_s1,es_learned,0,240,12010,1.3319023318384389,92.0,92.0,0.09456336511644,9.707563679253739e-06,20,38,0.015098357573151588,372.7613475000253,0.92,0.92
er4,er4_m60_s1,es_learned,0,245,12260,1.3319023318384389,92.0,92.0,0.09456336511644,9.707563679253739e-06,20,38,0.011606832966208458,377.8374743000022,0.92,0.92
er4,er4_m60_s1,es_learned,0,250,12510,1.3319023318384389,92.0,92.0,0.09456336511644,9.707563679253739e-06,20,38,0.012591355480253696,387.05571839999175,0.92,0.92
er4,er4_m60_s1,es_learned,0,255,12760,1.3319023318384389,92.0,92.0,0.09456336511644,9.707563679253739e-06,20,38,0.017553897574543953,396.11434809997445,0.92,0.92
er4,er4_m60_s1,es_learned,0,260,13010,1.3319023318384389,92.0,92.0,0.09456336511644,9.707563679253739e-06,20,38,0.013864969834685326,401.25236019998556,0.92,0.92
er4,er4_m60_s1,es_learned,0,265,13260,1.3319023318384389,92.0,92.0,0.09456336511644,9.707563679253739e-06,20,38,0.012049924582242966,410.50766770000337,0.92,0.92
er4,er4_m60_s1,es_learned,0,270,13510,1.3331885901499336,92.0,92.0,0.08899033427430098,0.0012425487479341135,20,38,0.014395629055798054,420.48211769998306,0.92,0.92
er4,er4_m60_s1,es_learned,0,275,13760,1.3331885901499336,92.0,92.0,0.08899033427430098,0.0012425487479341135,20,38,0.01010376401245594,425.5494852999691,0.92,0.92
er4,er4_m60_s1,es_learned,0,280,14010,1.3331885901499336,92.0,92.0,0.08899033427430098,0.0012425487479341135,20,38,0.010242599993944168,434.6988997000153,0.92,0.92
er4,er4_m60_s1,es_learned,0,285,14260,1.3331885901499336,92.0,92.0,0.08899033427430098,0.0012425487479341135,20,38,0.013570314273238182,443.7755425000214,0.92,0.92
er4,er4_m60_s1,es_learned,0,290,14510,1.3331885901499336,92.0,92.0,0.08899033427430098,0.0012425487479341135,20,38,0.012826994992792606,448.9834476999822,0.92,0.92
er4,er4_m60_s1,es_learned,0,295,14760,1.3331885901499336,92.0,92.0,0.08899033427430098,0.0012425487479341135,20,38,0.014200268313288689,458.22652899997775,0.92,0.92
er4,er4_m60_s1,es_learned,0,300,15010,1.3335634636654243,92.0,92.0,0.07861602381761301,0.0005679457986508436,20,39,0.01319190301001072,467.3067465000204,0.92,0.92
er4,er4_m60_s1,es_learned,0,305,15260,1.3335634636654243,92.0,92.0,0.07861602381761301,0.0005679457986508436,20,39,0.011897154152393341,472.57126549998065,0.92,0.92
er4,er4_m60_s1,es_learned,0,310,15510,1.3335634636654243,92.0,92.0,0.07861602381761301,0.0005679457986508436,20,39,0.009722074493765831,481.62637630000245,0.92,0.92
er4,er4_m60_s1,es_learned,0,315,15760,1.3354113227627356,92.0,92.0,0.08788570611426319,0.001382310274626061,20,37,0.013860372826457024,490.6927604000084,0.92,0.92
er4,er4_m60_s1,es_learned,0,320,16010,1.3354113227627356,92.0,92.0,0.08788570611426319,0.001382310274626061,20,37,0.010418263264000416,495.87926959997276,0.92,0.92
er4,er4_m60_s1,es_learned,0,325,16260,1.3386363932429965,92.0,92.0,0.08464961833391291,0.0013823102746259933,20,36,0.011531518772244453,505.17254369996954,0.92,0.92
er4,er4_m60_s1,es_learned,0,330,16510,1.3388053416378882,92.0,92.0,0.08986622131004618,8.945236004278927e-05,20,38,0.009040613658726215,514.2041221000254,0.92,0.92
er4,er4_m60_s1,es_learned,0,335,16760,1.3388053416378882,92.0,92.0,0.08986622131004618,8.945236004278927e-05,20,38,0.00982982013374567,519.2679153999779,0.92,0.92
er4,er4_m60_s1,es_learned,0,340,17010,1.3388053416378882,92.0,92.0,0.08986622131004618,8.945236004278927e-05,20,38,0.009661778807640076,528.4537860999699,0.92,0.92
er4,er4_m60_s1,es_learned,0,345,17260,1.3388053416378882,92.0,92.0,0.08986622131004618,8.945236004278927e-05,20,38,0.011107129976153374,537.6358108000131,0.92,0.92
er4,er4_m60_s1,es_learned,0,350,17510,1.3388053416378882,92.0,92.0,0.08986622131004618,8.945236004278927e-05,20,38,0.011797212064266205,542.9074405999854,0.92,0.92
er4,er4_m60_s1,es_learned,0,355,17760,1.3388053416378882,92.0,92.0,0.08986622131004618,8.945236004278927e-05,20,38,0.008847525343298912,552.1555039000232,0.92,0.92
er4,er4_m60_s1,es_learned,0,360,18010,1.3388053416378882,92.0,92.0,0.08986622131004618,8.945236004278927e-05,20,38,0.008489870466291904,561.4995161999832,0.92,0.92
er4,er4_m60_s1,es_learned,0,365,18260,1.3388053416378882,92.0,92.0,0.08986622131004618,8.945236004278927e-05,20,38,0.010125807486474514,566.6288333000266,0.92,0.92
er4,er4_m60_s1,es_learned,0,370,18510,1.3388053416378882,92.0,92.0,0.08986622131004618,8.945236004278927e-05,20,38,0.00855744443833828,575.703260099981,0.92,0.92
er4,er4_m60_s1,es_learned,0,375,18760,1.3388053416378882,92.0,92.0,0.08986622131004618,8.945236004278927e-05,20,38,0.010248638689517975,584.8769525000243,0.92,0.92
er4,er4_m60_s1,es_learned,0,380,19010,1.3388053416378882,92.0,92.0,0.08986622131004618,8.945236004278927e-05,20,38,0.008817379362881184,590.1031522999983,0.92,0.92
er4,er4_m60_s1,es_learned,0,385,19260,1.3388053416378882,92.0,92.0,0.08986622131004618,8.945236004278927e-05,20,38,0.010353022255003452,599.4265434999834,0.92,0.92
er4,er4_m60_s1,es_learned,0,390,19510,1.3388053416378882,92.0,92.0,0.08986622131004618,8.945236004278927e-05,20,38,0.009120779111981392,608.608200000017,0.92,0.92
er4,er4_m60_s1,es_learned,0,395,19760,1.3388053416378882,92.0,92.0,0.08986622131004618,8.945236004278927e-05,20,38,0.007974356412887573,613.951411099988,0.92,0.92
er4,er4_m60_s1,es_learned,0,400,20010,1.3388053416378882,92.0,92.0,0.08986622131004618,8.945236004278927e-05,20,38,0.009749764576554298,622.9724357000086,0.92,0.92
er4,er4_m60_s1,es_learned,1,0,10,0.694449319066058,54.0,59.9,0.07304383663338695,0.00098649445651193,20,35,,0.034816999977920204,0.54,0.599
er4,er4_m60_s1,es_learned,1,5,260,1.174531266902245,81.0,76.1,0.05759440019344927,0.0011665012736154466,20,36,0.0898006483912468,5.1924062999896705,0.81,0.7609999999999999
er4,er4_m60_s1,es_learned,1,10,510,1.2053090937804456,83.0,81.8,0.05785415958347914,3.122502256758253e-17,20,36,0.13426494598388672,14.39181020000251,0.83,0.818
er4,er4_m60_s1,es_learned,1,15,760,1.248877156013231,86.0,84.3,0.09288450399511024,0.0006771982130193144,20,35,0.08220025151968002,23.45614859997295,0.86,0.843
er4,er4_m60_s1,es_learned,1,20,1010,1.283424110531335,87.0,86.8,0.11619829384862071,0.0020221588266797026,20,35,0.09970554709434509,28.555716399976518,0.87,0.868
er4,er4_m60_s1,es_learned,1,25,1260,1.294935519986607,88.0,87.1,0.10734479214779025,0.0001489316434108469,20,34,0.08758386969566345,37.71048660000088,0.88,0.871
er4,er4_m60_s1,es_learned,1,30,1510,1.2991689294337299,88.0,87.8,0.1070565246651867,0.00025681518001594017,20,35,0.07296449691057205,46.64735789998667,0.88,0.878
er4,er4_m60_s1,es_learned,1,35,1760,1.29916892943373,88.0,88.0,0.1070565246651867,0.00025681518001592976,20,35,0.04532869905233383,51.8563571999548,0.88,0.88
er4,er4_m60_s1,es_learned,1,40,2010,1.3015155822410343,88.0,88.0,0.10788836609331459,0.0007407022325254392,20,36,0.04443638399243355,61.03694469999755,0.88,0.88
er4,er4_m60_s1,es_learned,1,45,2260,1.3040880686755671,88.0,88.0,0.12388510266788552,0.0003325907626101842,20,36,0.03206494823098183,70.23929269996006,0.88,0.88
er4,er4_m60_s1,es_learned,1,50,2510,1.3248075617951875,89.0,88.1,0.11634399430517846,0.0007247833260907548,20,37,0.044258251786231995,75.35495999996783,0.89,0.8809999999999999
er4,er4_m60_s1,es_learned,1,55,2760,1.3248075617951875,89.0,88.5,0.11634399430517846,0.0007247833260907548,20,37,0.024145469069480896,84.45039670000551,0.89,0.885
er4,er4_m60_s1,es_learned,1,60,3010,1.3264548249534975,89.0,89.0,0.1107340020778746,0.0004191022520950889,20,37,0.03405946493148804,93.68601810000837,0.89,0.89
er4,er4_m60_s1,es_learned,1,65,3260,1.3297723495022475,89.0,89.0,0.13416107562600646,0.001114372378866857,20,37,0.0313451886177063,98.859129199991,0.89,0.89
er4,er4_m60_s1,es_learned,1,70,3510,1.358766302327333,92.0,89.3,0.11158780408489155,0.00013248150080170593,20,34,0.026128027588129044,107.89335059997393,0.92,0.893
er4,er4_m60_s1,es_learned,1,75,3760,1.358766302327333,92.0,89.6,0.11158780408489155,0.00013248150080170593,20,34,0.026883136481046677,116.9413513999898,0.92,0.8959999999999999
er4,er4_m60_s1,es_learned,1,80,4010,1.3626773515573642,91.0,90.1,0.12101137103390738,0.00015246938032841342,20,34,0.0343962199985981,122.19426909997128,0.91,0.9009999999999999
er4,er4_m60_s1,es_learned,1,85,4260,1.3626773515573642,91.0,91.4,0.12101137103390738,0.00015246938032841342,20,34,0.02369711920619011,131.4066171000013,0.91,0.914
er4,er4_m60_s1,es_learned,1,90,4510,1.372508729540366,92.0,91.4,0.114847714892189,7.821729527238142e-05,20,35,0.020336419343948364,140.52184519998264,0.92,0.914
er4,er4_m60_s1,es_learned,1,95,4760,1.372508729540366,92.0,91.1,0.114847714892189,7.821729527238142e-05,20,35,0.020532429218292236,145.71792949998053,0.92,0.9109999999999999
er4,er4_m60_s1,es_learned,1,100,5010,1.3735017386624297,92.0,91.7,0.11012640439433888,0.00011881483561071828,20,35,0.02390231564640999,154.72607699997025,0.92,0.917
er4,er4_m60_s1,es_learned,1,105,5260,1.3841449262951804,93.0,92.1,0.09900347837552598,0.00045515114166230775,20,35,0.026598379015922546,163.7446820999612,0.93,0.9209999999999999
er4,er4_m60_s1,es_learned,1,110,5510,1.3841449262951804,93.0,92.1,0.09900347837552598,0.00045515114166230775,20,35,0.01869652420282364,168.80271749995882,0.93,0.9209999999999999
er4,er4_m60_s1,es_learned,1,115,5760,1.3853786242935913,92.0,92.4,0.12701854717946476,0.00017480766155735135,20,35,0.021423298865556717,177.81777779996628,0.92,0.924
er4,er4_m60_s1,es_learned,1,120,6010,1.3853786242935913,92.0,92.7,0.12701854717946476,0.00017480766155735135,20,35,0.02452698163688183,186.98442549997708,0.92,0.927
er4,er4_m60_s1,es_learned,1,125,6260,1.3853786242935913,92.0,92.7,0.12701854717946462,0.00017480766155736176,20,35,0.026736736297607422,192.03223559999606,0.92,0.927
er4,er4_m60_s1,es_learned,1,130,6510,1.3853786242935913,92.0,92.6,0.12701854717946462,0.00017480766155736176,20,35,0.02630455233156681,200.94437119999202,0.92,0.9259999999999999
er4,er4_m60_s1,es_learned,1,135,6760,1.3853786242935913,92.0,92.3,0.12701854717946487,0.00017480766155728803,20,34,0.019315682351589203,209.88611139997374,0.92,0.9229999999999999
er4,er4_m60_s1,es_learned,1,140,7010,1.3853786242935913,92.0,92.1,0.12701854717946476,0.00017480766155735135,20,35,0.02491636946797371,215.0620426000096,0.92,0.9209999999999999
er4,er4_m60_s1,es_learned,1,145,7260,1.3853786242935913,92.0,92.0,0.12701854717946462,0.00017480766155736176,20,35,0.017342953011393547,224.04652009997517,0.92,0.92
er4,er4_m60_s1,es_learned,1,150,7510,1.3853786242935913,92.0,92.0,0.12701854717946476,0.00017480766155737563,20,35,0.023905139416456223,233.06131169997388,0.92,0.92
er4,er4_m60_s1,es_learned,1,155,7760,1.3853786242935913,92.0,92.0,0.12701854717946479,0.00017480766155733227,20,35,0.01854313351213932,238.33254889998352,0.92,0.92
er4,er4_m60_s1,es_learned,1,160,8010,1.3853786242935913,92.0,92.0,0.12701854717946465,0.00017480766155729584,20,35,0.01696590706706047,247.42080709995935,0.92,0.92
er4,er4_m60_s1,es_learned,1,165,8260,1.3853786242935913,92.0,92.0,0.12701854717946476,0.00017480766155735135,20,35,0.019434267655014992,256.4977415999747,0.92,0.92
er4,er4_m60_s1,es_learned,1,170,8510,1.3853786242935913,92.0,92.0,0.12701854717946462,0.00017480766155736176,20,35,0.021661143749952316,261.6517602999811,0.92,0.92
er4,er4_m60_s1,es_learned,1,175,8760,1.3853786242935913,92.0,92.0,0.12701854717946465,0.00017480766155729584,20,35,0.018406083807349205,270.76004209998064,0.92,0.92
er4,er4_m60_s1,es_learned,1,180,9010,1.3853786242935913,92.0,92.0,0.12701854717946467,0.00017480766155730017,20,35,0.017430823296308517,279.7556578000076,0.92,0.92
er4,er4_m60_s1,es_learned,1,185,9260,1.3853786242935913,92.0,92.0,0.12701854717946479,0.00017480766155733227,20,35,0.016372457146644592,284.82683099998394,0.92,0.92
er4,er4_m60_s1,es_learned,1,190,9510,1.3853786242935913,92.0,92.0,0.12701854717946479,0.00017480766155733227,20,35,0.013296442106366158,293.68387229996733,0.92,0.92
er4,er4_m60_s1,es_learned,1,195,9760,1.3853786242935913,92.0,92.0,0.12701854717946465,0.00017480766155729584,20,35,0.015266155824065208,302.7821912000072,0.92,0.92
er4,er4_m60_s1,es_learned,1,200,10010,1.3853786242935913,92.0,92.0,0.12701854717946467,0.00017480766155730017,20,35,0.015716612339019775,307.77826059999643,0.92,0.92
er4,er4_m60_s1,es_learned,1,205,10260,1.3853786242935913,92.0,92.0,0.12701854717946479,0.00017480766155733227,20,35,0.013012818992137909,316.7292715999647,0.92,0.92
er4,er4_m60_s1,es_learned,1,210,10510,1.3853786242935913,92.0,92.0,0.12701854717946487,0.00017480766155728803,20,34,0.016443323343992233,326.07046939997235,0.92,0.92
er4,er4_m60_s1,es_learned,1,215,10760,1.3853786242935913,92.0,92.0,0.12701854717946487,0.00017480766155728803,20,34,0.017042681574821472,331.22324079996906,0.92,0.92
er4,er4_m60_s1,es_learned,1,220,11010,1.3853786242935913,92.0,92.0,0.12701854717946467,0.00017480766155730017,20,35,0.011813501827418804,340.53240590001224,0.92,0.92
er4,er4_m60_s1,es_learned,1,225,11260,1.3853786242935913,92.0,92.0,0.1270185471794647,0.00017480766155734268,20,34,0.009748217649757862,349.80920829996467,0.92,0.92
er4,er4_m60_s1,es_learned,1,230,11510,1.3853786242935913,92.0,92.0,0.12701854717946487,0.00017480766155728803,20,34,0.013044781982898712,355.1434025999624,0.92,0.92
er4,er4_m60_s1,es_learned,1,235,11760,1.3853786242935913,92.0,92.0,0.12701854717946476,0.00017480766155735135,20,35,0.015744350850582123,364.3679041999858,0.92,0.92
er4,er4_m60_s1,es_learned,1,240,12010,1.3853786242935913,92.0,92.0,0.12701854717946476,0.00017480766155737563,20,35,0.013183380477130413,373.6164043999743,0.92,0.92
er4,er4_m60_s1,es_learned,1,245,12260,1.3853786242935913,92.0,92.0,0.1270185471794647,0.00017480766155734268,20,34,0.011884712614119053,378.70841659995494,0.92,0.92
er4,er4_m60_s1,es_learned,1,250,12510,1.3853786242935913,92.0,92.0,0.12701854717946476,0.00017480766155735135,20,35,0.009077138267457485,387.85333949996857,0.92,0.92
er4,er4_m60_s1,es_learned,1,255,12760,1.3853786242935913,92.0,92.0,0.1270185471794647,0.00017480766155734268,20,34,0.016400793567299843,396.91838210000424,0.92,0.92
er4,er4_m60_s1,es_learned,1,260,13010,1.3853786242935913,92.0,92.0,0.12701854717946479,0.00017480766155733227,20,35,0.012821042910218239,402.12703089998104,0.92,0.92
er4,er4_m60_s1,es_learned,1,265,13260,1.3853786242935913,92.0,92.0,0.12701854717946462,0.00017480766155736176,20,35,0.01604016125202179,411.24169009999605,0.92,0.92
er4,er4_m60_s1,es_learned,1,270,13510,1.3853786242935913,92.0,92.0,0.12701854717946476,0.00017480766155737563,20,35,0.013248952105641365,420.24315910000587,0.92,0.92
er4,er4_m60_s1,es_learned,1,275,13760,1.3853786242935913,92.0,92.0,0.12701854717946487,0.00017480766155728803,20,34,0.011565382592380047,425.54285349999554,0.92,0.92
er4,er4_m60_s1,es_learned,1,280,14010,1.3853786242935913,92.0,92.0,0.12701854717946476,0.00017480766155737563,20,35,0.012063205242156982,434.47938039997825,0.92,0.92
er4,er4_m60_s1,es_learned,1,285,14260,1.3853786242935913,92.0,92.0,0.1270185471794647,0.00017480766155734268,20,34,0.013658365234732628,443.61887449998176,0.92,0.92
er4,er4_m60_s1,es_learned,1,290,14510,1.3853786242935913,92.0,92.0,0.12701854717946476,0.00017480766155735135,20,35,0.013741791248321533,448.9401438999921,0.92,0.92
er4,er4_m60_s1,es_learned,1,295,14760,1.3853786242935913,92.0,92.0,0.12701854717946476,0.00017480766155737563,20,35,0.012189175002276897,458.141253699956,0.92,0.92
er4,er4_m60_s1,es_learned,1,300,15010,1.3853786242935913,92.0,92.0,0.12701854717946476,0.00017480766155737563,20,35,0.012853980995714664,467.5974135999568,0.92,0.92
er4,er4_m60_s1,es_learned,1,305,15260,1.3853786242935913,92.0,92.0,0.12701854717946476,0.00017480766155737563,20,35,0.009627610445022583,472.7714050000068,0.92,0.92
er4,er4_m60_s1,es_learned,1,310,15510,1.3853786242935913,92.0,92.0,0.1270185471794647,0.00017480766155734268,20,34,0.012661450542509556,481.7194047999801,0.92,0.92
er4,er4_m60_s1,es_learned,1,315,15760,1.3853786242935913,92.0,92.0,0.12701854717946476,0.00017480766155737563,20,35,0.010331569239497185,490.8777776999632,0.92,0.92
er4,er4_m60_s1,es_learned,1,320,16010,1.3853786242935913,92.0,92.0,0.12701854717946465,0.00017480766155729584,20,35,0.009027114138007164,495.9130926000071,0.92,0.92
er4,er4_m60_s1,es_learned,1,325,16260,1.3853786242935913,92.0,92.0,0.12701854717946462,0.00017480766155736176,20,35,0.013781998306512833,505.0934247999685,0.92,0.92
er4,er4_m60_s1,es_learned,1,330,16510,1.3853786242935913,92.0,92.0,0.12701854717946487,0.00017480766155728803,20,34,0.010851116850972176,514.2148543999647,0.92,0.92
er4,er4_m60_s1,es_learned,1,335,16760,1.3853786242935913,92.0,92.0,0.12701854717946476,0.00017480766155737563,20,35,0.011593216098845005,519.2140934999916,0.92,0.92
er4,er4_m60_s1,es_learned,1,340,17010,1.3853786242935913,92.0,92.0,0.12701854717946476,0.00017480766155735135,20,35,0.00897141918540001,528.3319774999982,0.92,0.92
er4,er4_m60_s1,es_learned,1,345,17260,1.3853786242935913,92.0,92.0,0.12701854717946476,0.00017480766155737563,20,35,0.01038134191185236,537.45452259999,0.92,0.92
er4,er4_m60_s1,es_learned,1,350,17510,1.3853786242935913,92.0,92.0,0.12701854717946462,0.00017480766155736176,20,35,0.013153214938938618,542.605136499973,0.92,0.92
er4,er4_m60_s1,es_learned,1,355,17760,1.3853786242935913,92.0,92.0,0.1270185471794647,0.00017480766155734268,20,34,0.010048330761492252,551.8794893999584,0.92,0.92
er4,er4_m60_s1,es_learned,1,360,18010,1.3853786242935913,92.0,92.0,0.12701854717946476,0.00017480766155735135,20,35,0.010693468153476715,560.8021780999843,0.92,0.92
er4,er4_m60_s1,es_learned,1,365,18260,1.3853786242935913,92.0,92.0,0.12701854717946462,0.00017480766155736176,20,35,0.009509943425655365,566.0243644999573,0.92,0.92
er4,er4_m60_s1,es_learned,1,370,18510,1.3853786242935913,92.0,92.0,0.12701854717946462,0.00017480766155736176,20,35,0.011825365014374256,574.9928824999952,0.92,0.92
er4,er4_m60_s1,es_learned,1,375,18760,1.3853786242935913,92.0,92.0,0.12701854717946476,0.00017480766155735135,20,35,0.006182209122925997,584.1229675000068,0.92,0.92
er4,er4_m60_s1,es_learned,1,380,19010,1.3853786242935913,92.0,92.0,0.12701854717946487,0.00017480766155728803,20,34,0.006748702842742205,589.3108131999616,0.92,0.92
er4,er4_m60_s1,es_learned,1,385,19260,1.3853786242935913,92.0,92.0,0.12701854717946462,0.00017480766155736176,20,35,0.009608615189790726,598.6089861000073,0.92,0.92
er4,er4_m60_s1,es_learned,1,390,19510,1.3853786242935913,92.0,92.0,0.12701854717946476,0.00017480766155735135,20,35,0.009059013798832893,607.7129570000106,0.92,0.92
er4,er4_m60_s1,es_learned,1,395,19760,1.3853786242935913,92.0,92.0,0.12701854717946462,0.00017480766155736176,20,35,0.010747757740318775,612.9675238999771,0.92,0.92
er4,er4_m60_s1,es_learned,1,400,20010,1.3853786242935913,92.0,92.0,0.1270185471794647,0.00017480766155734268,20,34,0.011463509872555733,622.0775865999749,0.92,0.92
er4,er4_m60_s1,es_learned,2,0,10,0.8149135670679774,61.0,59.2,0.03190252217659621,0.0017974010528312402,20,35,,0.04400049999821931,0.61,0.5920000000000001
er4,er4_m60_s1,es_learned,2,5,260,1.1464586855407521,80.0,76.1,0.09140844671826232,0.000994065119430551,20,39,0.18251444399356842,5.2961265000049025,0.8,0.7609999999999999
er4,er4_m60_s1,es_learned,2,10,510,1.189834597046175,82.0,80.3,0.09318365690688736,0.0016243390205245359,20,40,0.14818169176578522,14.549126800033264,0.82,0.8029999999999999
er4,er4_m60_s1,es_learned,2,15,760,1.2533719998958543,86.0,84.2,0.0857960484444598,0.005609834034581505,20,40,0.08814721554517746,23.79981230001431,0.86,0.8420000000000001
er4,er4_m60_s1,es_learned,2,20,1010,1.267511668284498,87.0,86.1,0.08360861715286746,0.0012399417210662497,20,40,0.07557640969753265,29.09006000001682,0.87,0.861
er4,er4_m60_s1,es_learned,2,25,1260,1.2839917203160072,86.0,86.5,0.1202298313947385,0.00991082738391193,20,38,0.06059177219867706,38.23710100003518,0.86,0.865
er4,er4_m60_s1,es_learned,2,30,1510,1.3029572052191896,86.0,86.3,0.12244815259829896,0.008092722959868438,20,38,0.059354864060878754,47.37427860003663,0.86,0.863
er4,er4_m60_s1,es_learned,2,35,1760,1.3088132744069456,87.0,86.5,0.1116658082671321,0.006716977655162479,20,38,0.04728773236274719,52.608215100015514,0.87,0.865
er4,er4_m60_s1,es_learned,2,40,2010,1.3146309747393368,87.0,87.0,0.13403149158118782,0.0013284343420751615,20,40,0.04675384238362312,61.778311800037045,0.87,0.87
er4,er4_m60_s1,es_learned,2,45,2260,1.31779821549158,87.0,87.0,0.12451611206294258,0.013849776941685836,20,37,0.03849988430738449,70.99445850000484,0.87,0.87
er4,er4_m60_s1,es_learned,2,50,2510,1.3229456591038342,87.0,87.0,0.12964924009629564,0.001813388035743907,20,38,0.039162877947092056,76.2981945000356,0.87,0.87
er4,er4_m60_s1,es_learned,2,55,2760,1.343613212739309,89.0,87.7,0.13540165743940333,0.006837981075405848,20,39,0.04059313237667084,85.3881468999898,0.89,0.877
er4,er4_m60_s1,es_learned,2,60,3010,1.343613212739309,89.0,88.9,0.13540165743940324,0.006837981075405678,20,40,0.03158027306199074,94.69020710000768,0.89,0.889
er4,er4_m60_s1,es_learned,2,65,3260,1.3439147924966306,89.0,89.0,0.13142880566990597,0.0001254315447434401,20,39,0.03477153554558754,99.87834880000446,0.89,0.89
er4,er4_m60_s1,es_learned,2,70,3510,1.3463125456303864,89.0,89.0,0.13508250396258653,0.0007086605242467552,20,40,0.029509270563721657,109.06876290001674,0.89,0.89
er4,er4_m60_s1,es_learned,2,75,3760,1.3463125456303864,89.0,89.0,0.13508250396258653,0.0007086605242467552,20,40,0.024796919897198677,118.2706712000072,0.89,0.89
er4,er4_m60_s1,es_learned,2,80,4010,1.3463125456303864,89.0,89.0,0.13508250396258653,0.0007086605242467552,20,40,0.027063382789492607,123.4484999999986,0.89,0.89
er4,er4_m60_s1,es_learned,2,85,4260,1.3463125456303864,89.0,89.0,0.13508250396258653,0.0007086605242467552,20,40,0.022817902266979218,132.68299160001334,0.89,0.89
er4,er4_m60_s1,es_learned,2,90,4510,1.3513220007202529,90.0,89.1,0.11050748726095502,0.001312615371918277,20,39,0.022333187982439995,141.82424400001764,0.9,0.8909999999999999
er4,er4_m60_s1,es_learned,2,95,4760,1.3513220007202529,90.0,89.1,0.11050748726095502,0.001312615371918277,20,39,0.02698156237602234,146.98583820002386,0.9,0.8909999999999999
er4,er4_m60_s1,es_learned,2,100,5010,1.3513220007202529,90.0,89.1,0.11050748726095502,0.001312615371918277,20,39,0.03155714273452759,156.27699620003114,0.9,0.8909999999999999
er4,er4_m60_s1,es_learned,2,105,5260,1.35787451824749,91.0,89.7,0.12043602296255751,0.004590314246919434,20,39,0.02664170041680336,165.37538650003262,0.91,0.897
er4,er4_m60_s1,es_learned,2,110,5510,1.3607973551871027,91.0,90.6,0.11288678973267156,0.003092967515368736,20,38,0.02384648472070694,170.63890850002645,0.91,0.9059999999999999
er4,er4_m60_s1,es_learned,2,115,5760,1.3633181613218919,91.0,91.0,0.11302379151399813,0.005520401217176622,20,39,0.022342465817928314,179.94959219999146,0.91,0.91
er4,er4_m60_s1,es_learned,2,120,6010,1.3633181613218919,91.0,91.0,0.11302379151399813,0.005520401217176622,20,39,0.02270449325442314,189.03564150002785,0.91,0.91
er4,er4_m60_s1,es_learned,2,125,6260,1.3633181613218919,91.0,91.0,0.11302379151399813,0.005520401217176622,20,39,0.02198128029704094,194.1202745999908,0.91,0.91
er4,er4_m60_s1,es_learned,2,130,6510,1.3633181613218919,91.0,91.0,0.11302379151399813,0.005520401217176622,20,39,0.023926829919219017,203.28439230000367,0.91,0.91
er4,er4_m60_s1,es_learned,2,135,6760,1.3633181613218919,91.0,91.0,0.11302379151399813,0.005520401217176622,20,39,0.017774121835827827,212.69213089998811,0.91,0.91
er4,er4_m60_s1,es_learned,2,140,7010,1.3633181613218919,91.0,91.0,0.11302379151399813,0.005520401217176622,20,39,0.014910261146724224,217.98093980003614,0.91,0.91
er4,er4_m60_s1,es_learned,2,145,7260,1.3705700707277295,91.0,91.0,0.10933201462880006,0.0006029736710296968,20,39,0.013149704784154892,227.32197829999495,0.91,0.91
er4,er4_m60_s1,es_learned,2,150,7510,1.3705700707277295,91.0,91.0,0.10933201462880006,0.0006029736710296968,20,39,0.013342278078198433,236.51374050002778,0.91,0.91
er4,er4_m60_s1,es_learned,2,155,7760,1.3709343840390271,91.0,91.0,0.10684940374081435,0.003680869059915364,20,39,0.01815931685268879,241.70735010004137,0.91,0.91
er4,er4_m60_s1,es_learned,2,160,8010,1.3726603035326805,91.0,91.0,0.11451883828183573,0.0006965371619825217,20,39,0.017519310116767883,250.92667160002748,0.91,0.91
er4,er4_m60_s1,es_learned,2,165,8260,1.3726603035326805,91.0,91.0,0.11451883828183576,0.0006965371619825668,20,39,0.012851490639150143,260.2624103000271,0.91,0.91
er4,er4_m60_s1,es_learned,2,170,8510,1.3780187542294051,91.0,91.0,0.11024681772794948,0.0008096307053013642,20,39,0.013262594118714333,265.5573123000213,0.91,0.91
er4,er4_m60_s1,es_learned,2,175,8760,1.3780187542294053,91.0,91.0,0.11024681772794953,0.0008096307053012423,20,40,0.015315959230065346,274.72404599998845,0.91,0.91
er4,er4_m60_s1,es_learned,2,180,9010,1.3780187542294053,91.0,91.0,0.11024681772794953,0.0008096307053012336,20,38,0.013551658019423485,283.92604450002545,0.91,0.91
er4,er4_m60_s1,es_learned,2,185,9260,1.3780187542294053,91.0,91.0,0.11024681772794953,0.0008096307053012423,20,40,0.012678374536335468,289.1939349999884,0.91,0.91
er4,er4_m60_s1,es_learned,2,190,9510,1.3780187542294053,91.0,91.0,0.11024681772794939,0.000809630705301146,20,40,0.013330677524209023,298.4227490000194,0.91,0.91
er4,er4_m60_s1,es_learned,2,195,9760,1.3780187542294053,91.0,91.0,0.11024681772794948,0.0008096307053011846,20,39,0.01795320399105549,307.5713846000144,0.91,0.91
er4,er4_m60_s1,es_learned,2,200,10010,1.3780187542294053,91.0,91.0,0.11024681772794948,0.0008096307053011846,20,39,0.014459176920354366,312.8295599000412,0.91,0.91
er4,er4_m60_s1,es_learned,2,205,10260,1.3780187542294053,91.0,91.0,0.11024681772794938,0.0008096307053013767,20,38,0.016576075926423073,322.1776350000291,0.91,0.91
er4,er4_m60_s1,es_learned,2,210,10510,1.3780187542294053,91.0,91.0,0.11024681772794949,0.0008096307053012306,20,40,0.015362069010734558,331.3443260000204,0.91,0.91
er4,er4_m60_s1,es_learned,2,215,10760,1.3780187542294053,91.0,91.0,0.11024681772794939,0.0008096307053011256,20,39,0.01824679970741272,336.69476310000755,0.91,0.91
er4,er4_m60_s1,es_learned,2,220,11010,1.3780187542294053,91.0,91.0,0.11024681772794953,0.0008096307053011647,20,39,0.010417059063911438,345.95438260002993,0.91,0.91
er4,er4_m60_s1,es_learned,2,225,11260,1.3780187542294053,91.0,91.0,0.1102468177279495,0.0008096307053012137,20,40,0.010415362194180489,355.2864064000314,0.91,0.91
er4,er4_m60_s1,es_learned,2,230,11510,1.3780187542294053,91.0,91.0,0.11024681772794945,0.0008096307053011629,20,40,0.014565611258149147,360.4249009999912,0.91,0.91
er4,er4_m60_s1,es_learned,2,235,11760,1.3780187542294053,91.0,91.0,0.1102468177279495,0.0008096307053012753,20,39,0.014246531762182713,369.67821129999356,0.91,0.91
er4,er4_m60_s1,es_learned,2,240,12010,1.3780187542294053,91.0,91.0,0.1102468177279495,0.0008096307053012419,20,39,0.010079451836645603,378.87115680001443,0.91,0.91
er4,er4_m60_s1,es_learned,2,245,12260,1.3780187542294053,91.0,91.0,0.11024681772794964,0.000809630705301153,20,38,0.013670122250914574,384.0001167000155,0.91,0.91
er4,er4_m60_s1,es_learned,2,250,12510,1.3780187542294053,91.0,91.0,0.11024681772794945,0.0008096307053011786,20,39,0.009366795420646667,393.20320970000466,0.91,0.91
er4,er4_m60_s1,es_learned,2,255,12760,1.3780187542294053,91.0,91.0,0.11024681772794934,0.0008096307053012857,20,39,0.008821757510304451,402.2016098999884,0.91,0.91
er4,er4_m60_s1,es_learned,2,260,13010,1.3780187542294053,91.0,91.0,0.11024681772794956,0.0008096307053012779,20,39,0.014462431892752647,407.2753841000376,0.91,0.91
er4,er4_m60_s1,es_learned,2,265,13260,1.3780187542294053,91.0,91.0,0.11024681772794964,0.000809630705301153,20,38,0.012285186909139156,416.13426409999374,0.91,0.91
er4,er4_m60_s1,es_learned,2,270,13510,1.3780187542294053,91.0,91.0,0.11024681772794934,0.0008096307053012857,20,39,0.014855478890240192,425.1610117999953,0.91,0.91
er4,er4_m60_s1,es_learned,2,275,13760,1.3780187542294053,91.0,91.0,0.11024681772794956,0.00080963070530113,20,39,0.011263882741332054,430.4508435000316,0.91,0.91
er4,er4_m60_s1,es_learned,2,280,14010,1.3780187542294056,91.0,91.0,0.1102468177279495,0.0008096307053012744,20,40,0.012343261390924454,439.5561821000301,0.91,0.91
er4,er4_m60_s1,es_learned,2,285,14260,1.3780187542294056,91.0,91.0,0.1102468177279495,0.0008096307053012744,20,40,0.00958064291626215,448.9545972000342,0.91,0.91
er4,er4_m60_s1,es_learned,2,290,14510,1.3780187542294056,91.0,91.0,0.1102468177279495,0.0008096307053012744,20,40,0.012318478897213936,454.1824564000126,0.91,0.91
er4,er4_m60_s1,es_learned,2,295,14760,1.3780187542294056,91.0,91.0,0.1102468177279495,0.0008096307053012744,20,40,0.009441394358873367,463.50820460001705,0.91,0.91
er4,er4_m60_s1,es_learned,2,300,15010,1.3780187542294056,91.0,91.0,0.1102468177279495,0.0008096307053012744,20,40,0.011612164787948132,472.7574370999937,0.91,0.91
er4,er4_m60_s1,es_learned,2,305,15260,1.3780187542294056,91.0,91.0,0.1102468177279495,0.0008096307053012744,20,40,0.011597667820751667,478.10820130002685,0.91,0.91
er4,er4_m60_s1,es_learned,2,310,15510,1.3780187542294056,91.0,91.0,0.1102468177279495,0.0008096307053012744,20,40,0.011266031302511692,487.3730949999881,0.91,0.91
er4,er4_m60_s1,es_learned,2,315,15760,1.3780187542294056,91.0,91.0,0.1102468177279495,0.0008096307053012744,20,40,0.012171979993581772,496.4713391000405,0.91,0.91
er4,er4_m60_s1,es_learned,2,320,16010,1.3780187542294056,91.0,91.0,0.1102468177279495,0.0008096307053012744,20,40,0.010060458444058895,501.6890322000254,0.91,0.91
er4,er4_m60_s1,es_learned,2,325,16260,1.3780187542294056,91.0,91.0,0.1102468177279495,0.0008096307053012744,20,40,0.009524459019303322,511.33042860002024,0.91,0.91
er4,er4_m60_s1,es_learned,2,330,16510,1.3780187542294056,91.0,91.0,0.1102468177279495,0.0008096307053012744,20,40,0.00914045050740242,520.2136525000096,0.91,0.91
er4,er4_m60_s1,es_learned,2,335,16760,1.3780187542294056,91.0,91.0,0.1102468177279495,0.0008096307053012744,20,40,0.009289950132369995,525.2940185000189,0.91,0.91
er4,er4_m60_s1,es_learned,2,340,17010,1.3780187542294056,91.0,91.0,0.1102468177279495,0.0008096307053012744,20,40,0.007886628620326519,534.2920752000064,0.91,0.91
er4,er4_m60_s1,es_learned,2,345,17260,1.3780187542294056,91.0,91.0,0.1102468177279495,0.0008096307053012744,20,40,0.014452315866947174,543.3709971000208,0.91,0.91
er4,er4_m60_s1,es_learned,2,350,17510,1.3780187542294056,91.0,91.0,0.1102468177279495,0.0008096307053012744,20,40,0.008296278305351734,548.4444146000315,0.91,0.91
er4,er4_m60_s1,es_learned,2,355,17760,1.3780187542294056,91.0,91.0,0.1102468177279495,0.0008096307053012744,20,40,0.011070922948420048,557.4891861000215,0.91,0.91
er4,er4_m60_s1,es_learned,2,360,18010,1.3780187542294056,91.0,91.0,0.1102468177279495,0.0008096307053012744,20,40,0.008615085855126381,566.6964060000028,0.91,0.91
er4,er4_m60_s1,es_learned,2,365,18260,1.3780187542294056,91.0,91.0,0.1102468177279495,0.0008096307053012744,20,40,0.008767835795879364,571.8838299000054,0.91,0.91
er4,er4_m60_s1,es_learned,2,370,18510,1.3780187542294056,91.0,91.0,0.1102468177279495,0.0008096307053012744,20,40,0.006456973496824503,580.9509533999953,0.91,0.91
er4,er4_m60_s1,es_learned,2,375,18760,1.3780187542294056,91.0,91.0,0.1102468177279495,0.0008096307053012744,20,40,0.006371653638780117,590.097107700014,0.91,0.91
er4,er4_m60_s1,es_learned,2,380,19010,1.3780187542294056,91.0,91.0,0.1102468177279495,0.0008096307053012744,20,40,0.007701811846345663,595.143605099991,0.91,0.91
er4,er4_m60_s1,es_learned,2,385,19260,1.3780187542294056,91.0,91.0,0.1102468177279495,0.0008096307053012744,20,40,0.010507010854780674,604.158482400002,0.91,0.91
er4,er4_m60_s1,es_learned,2,390,19510,1.3780187542294056,91.0,91.0,0.1102468177279495,0.0008096307053012744,20,40,0.01081851590424776,613.0639545000158,0.91,0.91
er4,er4_m60_s1,es_learned,2,395,19760,1.3780187542294056,91.0,91.0,0.1102468177279495,0.0008096307053012744,20,40,0.00792075414210558,618.1240337000345,0.91,0.91
er4,er4_m60_s1,es_learned,2,400,20010,1.3780187542294056,91.0,91.0,0.1102468177279495,0.0008096307053012744,20,40,0.009655056521296501,627.105453199998,0.91,0.91
er4,er4_m60_s1,es_learned,3,0,10,0.7537623779622079,57.0,60.5,0.043618584570616764,1.984089975648473e-17,20,32,,0.04237250000005588,0.57,0.605
er4,er4_m60_s1,es_learned,3,5,260,1.0776660623086622,78.0,75.7,0.04051518166456704,0.00028012768242933984,20,34,0.17113818228244781,5.1696613999665715,0.78,0.757
er4,er4_m60_s1,es_learned,3,10,510,1.1578931503545469,83.0,81.8,0.04473214840671896,8.256525324350315e-06,20,35,0.1360917091369629,14.240787499991711,0.83,0.818
er4,er4_m60_s1,es_learned,3,15,760,1.1751822134228318,84.0,83.4,0.04493357994071229,7.58053892987165e-05,20,36,0.10701913386583328,23.206457099993713,0.84,0.8340000000000001
er4,er4_m60_s1,es_learned,3,20,1010,1.2158161772631262,87.0,85.1,0.047640641694692454,0.00046160260619410726,20,36,0.10524072498083115,28.338314799999353,0.87,0.851
er4,er4_m60_s1,es_learned,3,25,1260,1.2379085531428338,89.0,87.9,0.06170861501190106,0.0006807006448058955,20,35,0.10049130767583847,37.29046389996074,0.89,0.879
er4,er4_m60_s1,es_learned,3,30,1510,1.2515626966694602,88.0,88.6,0.05218278925851394,0.0036661411467314876,20,36,0.07728922367095947,46.35081179998815,0.88,0.8859999999999999
er4,er4_m60_s1,es_learned,3,35,1760,1.2612614106154019,89.0,88.3,0.06560473173894477,0.0015979598718672966,20,34,0.058794938027858734,51.65668519999599,0.89,0.883
er4,er4_m60_s1,es_learned,3,40,2010,1.2784762074775975,90.0,88.7,0.06228990337711229,0.0006888302665579082,20,37,0.04782504588365555,60.760758199961856,0.9,0.887
er4,er4_m60_s1,es_learned,3,45,2260,1.2890784644839282,91.0,89.7,0.05133367664327488,0.0021704539052415078,20,34,0.03434837609529495,69.86982149997493,0.91,0.897
er4,er4_m60_s1,es_learned,3,50,2510,1.2977870136537812,92.0,91.0,0.058338100110610226,0.0001254434613945435,20,34,0.04127666354179382,75.06639359996188,0.92,0.91
er4,er4_m60_s1,es_learned,3,55,2760,1.2977870136537812,92.0,91.2,0.058338100110610226,0.0001254434613945435,20,34,0.0361393541097641,84.26077669998631,0.92,0.912
er4,er4_m60_s1,es_learned,3,60,3010,1.2977870136537815,92.0,91.5,0.05833810011061046,0.0001254434613946892,20,35,0.03410174697637558,93.2764769999776,0.92,0.915
er4,er4_m60_s1,es_learned,3,65,3260,1.3063686890164334,92.0,91.6,0.058338100110610296,0.00012544346139464757,20,34,0.030657531693577766,98.46251189999748,0.92,0.9159999999999999
er4,er4_m60_s1,es_learned,3,70,3510,1.3063686890164334,92.0,91.9,0.058338100110610296,0.00012544346139464757,20,34,0.02535475604236126,107.59368029999314,0.92,0.919
er4,er4_m60_s1,es_learned,3,75,3760,1.3063686890164334,92.0,92.0,0.058338100110610296,0.00012544346139464757,20,34,0.022410307079553604,116.83442879997892,0.92,0.92
er4,er4_m60_s1,es_learned,3,80,4010,1.3063686890164334,92.0,92.0,0.058338100110610455,0.00012544346139448104,20,35,0.02851329743862152,122.0714966999949,0.92,0.92
er4,er4_m60_s1,es_learned,3,85,4260,1.3063686890164334,92.0,92.0,0.058338100110610455,0.00012544346139448104,20,35,0.024381764233112335,131.21198779996485,0.92,0.92
er4,er4_m60_s1,es_learned,3,90,4510,1.3063686890164334,92.0,92.0,0.058338100110610455,0.00012544346139448104,20,35,0.025202954187989235,140.31234979996225,0.92,0.92
er4,er4_m60_s1,es_learned,3,95,4760,1.3238368418551025,93.0,92.1,0.05915963962527081,0.0001382935377743158,20,34,0.024932751432061195,145.29056150000542,0.93,0.9209999999999999
er4,er4_m60_s1,es_learned,3,100,5010,1.3238368418551025,93.0,92.2,0.05915963962527081,0.0001382935377743158,20,34,0.026591474190354347,154.38982719997875,0.93,0.922
er4,er4_m60_s1,es_learned,3,105,5260,1.3238368418551025,93.0,92.4,0.05915963962527081,0.0001382935377743158,20,34,0.021084317937493324,163.52594879997196,0.93,0.924
er4,er4_m60_s1,es_learned,3,110,5510,1.325293648208332,93.0,93.0,0.059421295466928106,0.0013282271639155283,20,36,0.023275472223758698,168.55082449998008,0.93,0.93
er4,er4_m60_s1,es_learned,3,115,5760,1.3259072166061274,93.0,93.0,0.05779941552318486,0.0008293892630665996,20,36,0.025209276005625725,177.6175474000047,0.93,0.93
er4,er4_m60_s1,es_learned,3,120,6010,1.3285877421612102,93.0,93.0,0.06415136577663066,0.0005759174520198126,20,36,0.023485589772462845,186.9052988999756,0.93,0.93
er4,er4_m60_s1,es_learned,3,125,6260,1.3285877421612102,93.0,93.0,0.06415136577663066,0.0005759174520198126,20,36,0.021439678966999054,192.09873699996388,0.93,0.93
er4,er4_m60_s1,es_learned,3,130,6510,1.3285877421612102,93.0,93.0,0.06415136577663066,0.0005759174520198126,20,36,0.017419196665287018,201.15798610000638,0.93,0.93
er4,er4_m60_s1,es_learned,3,135,6760,1.3285877421612102,93.0,93.0,0.06415136577663066,0.0005759174520198126,20,36,0.019720878452062607,210.35060369997518,0.93,0.93
er4,er4_m60_s1,es_learned,3,140,7010,1.3285877421612102,93.0,93.0,0.06415136577663066,0.0005759174520198126,20,36,0.02103714644908905,215.5070173999993,0.93,0.93
er4,er4_m60_s1,es_learned,3,145,7260,1.3285877421612102,93.0,93.0,0.06415136577663066,0.0005759174520198126,20,36,0.019669776782393456,224.66958869999507,0.93,0.93
er4,er4_m60_s1,es_learned,3,150,7510,1.3285877421612104,93.0,93.0,0.06415136577663055,0.0005759174520198057,20,35,0.020182456821203232,233.79813050001394,0.93,0.93
er4,er4_m60_s1,es_learned,3,155,7760,1.3285877421612104,93.0,93.0,0.0641513657766306,0.0005759174520197502,20,37,0.017917275428771973,238.99463749997085,0.93,0.93
er4,er4_m60_s1,es_learned,3,160,8010,1.3312712093368608,93.0,93.0,0.06577912870155334,0.0012485090726618714,20,36,0.018406962975859642,248.25911739998264,0.93,0.93
er4,er4_m60_s1,es_learned,3,165,8260,1.3312712093368608,93.0,93.0,0.06577912870155334,0.0012485090726618714,20,36,0.01580832153558731,257.2305885999813,0.93,0.93
er4,er4_m60_s1,es_learned,3,170,8510,1.3312712093368608,93.0,93.0,0.06577912870155345,0.0012485090726617881,20,36,0.016349954530596733,262.2564497999847,0.93,0.93
er4,er4_m60_s1,es_learned,3,175,8760,1.3335863175354798,93.0,93.0,0.05971462514901931,0.0020403746740946527,20,34,0.016979610547423363,271.2455193999922,0.93,0.93
er4,er4_m60_s1,es_learned,3,180,9010,1.3335863175354798,93.0,93.0,0.05971462514901931,0.0020403746740946527,20,34,0.01677512563765049,280.47850639995886,0.93,0.93
er4,er4_m60_s1,es_learned,3,185,9260,1.3335863175354798,93.0,93.0,0.05971462514901958,0.00204037467409484,20,35,0.014862379990518093,285.60794389998773,0.93,0.93
er4,er4_m60_s1,es_learned,3,190,9510,1.3335863175354798,93.0,93.0,0.05971462514901958,0.00204037467409484,20,35,0.013692496344447136,294.5404009000049,0.93,0.93
er4,er4_m60_s1,es_learned,3,195,9760,1.3335863175354798,93.0,93.0,0.05971462514901958,0.0020403746740947984,20,36,0.022050511091947556,303.7004118000041,0.93,0.93
er4,er4_m60_s1,es_learned,3,200,10010,1.3364310885967705,93.0,93.0,0.058507946997079396,0.00041907860732628976,20,35,0.015808086842298508,308.84375479997834,0.93,0.93
er4,er4_m60_s1,es_learned,3,205,10260,1.3364310885967705,93.0,93.0,0.058507946997079396,0.00041907860732628976,20,35,0.019330009818077087,317.97111799998675,0.93,0.93
er4,er4_m60_s1,es_learned,3,210,10510,1.3364310885967705,93.0,93.0,0.05850794699707953,0.0004190786073263175,20,36,0.014285818673670292,327.1298164000036,0.93,0.93
er4,er4_m60_s1,es_learned,3,215,10760,1.3364310885967705,93.0,93.0,0.058507946997079396,0.00041907860732628976,20,35,0.01846827194094658,332.3832238999894,0.93,0.93
er4,er4_m60_s1,es_learned,3,220,11010,1.3364310885967705,93.0,93.0,0.058507946997079396,0.00041907860732628976,20,35,0.013484354130923748,341.84894589998294,0.93,0.93
er4,er4_m60_s1,es_learned,3,225,11260,1.3364310885967705,93.0,93.0,0.058507946997079396,0.00041907860732628976,20,35,0.017837921157479286,352.2339859000058,0.93,0.93
er4,er4_m60_s1,es_learned,3,230,11510,1.3364310885967705,93.0,93.0,0.058507946997079514,0.0004190786073261926,20,34,0.013888780027627945,357.91219569998793,0.93,0.93
er4,er4_m60_s1,es_learned,3,235,11760,1.3364310885967705,93.0,93.0,0.058507946997079494,0.0004190786073262759,20,35,0.015621605329215527,367.9171505999984,0.93,0.93
er4,er4_m60_s1,es_learned,3,240,12010,1.3364310885967705,93.0,93.0,0.05850794699707933,0.00041907860732635915,20,35,0.013206216506659985,377.7657765999902,0.93,0.93
er4,er4_m60_s1,es_learned,3,245,12260,1.3364310885967705,93.0,93.0,0.058507946997079494,0.0004190786073264424,20,35,0.012976224534213543,383.33340649999445,0.93,0.93
er4,er4_m60_s1,es_learned,3,250,12510,1.3364310885967705,93.0,93.0,0.058507946997079396,0.00041907860732628976,20,35,0.012135257944464684,393.51642120000906,0.93,0.93
er4,er4_m60_s1,es_learned,3,255,12760,1.3364310885967705,93.0,93.0,0.058507946997079494,0.0004190786073262759,20,35,0.01128516998142004,403.4764273999608,0.93,0.93
er4,er4_m60_s1,es_learned,3,260,13010,1.3364310885967705,93.0,93.0,0.05850794699707957,0.0004190786073262204,20,35,0.015234889462590218,409.0491426999797,0.93,0.93
er4,er4_m60_s1,es_learned,3,265,13260,1.3364310885967705,93.0,93.0,0.05850794699707952,0.0004190786073261926,20,36,0.012788793072104454,418.3254969000118,0.93,0.93
er4,er4_m60_s1,es_learned,3,270,13510,1.3364310885967705,93.0,93.0,0.058507946997079514,0.0004190786073261926,20,34,0.013652386143803596,427.6653147999896,0.93,0.93
er4,er4_m60_s1,es_learned,3,275,13760,1.3364310885967705,93.0,93.0,0.05850794699707952,0.0004190786073261926,20,36,0.016842171549797058,432.80517319997307,0.93,0.93
er4,er4_m60_s1,es_learned,3,280,14010,1.3364310885967705,93.0,93.0,0.058507946997079396,0.00041907860732628976,20,35,0.01030833087861538,441.93276160000823,0.93,0.93
er4,er4_m60_s1,es_learned,3,285,14260,1.3364310885967705,93.0,93.0,0.05850794699707937,0.0004190786073264563,20,35,0.01145560760051012,452.1484242999577,0.93,0.93
er4,er4_m60_s1,es_learned,3,290,14510,1.3364310885967705,93.0,93.0,0.058507946997079355,0.0004190786073263314,20,36,0.011049700900912285,457.27157969999826,0.93,0.93
er4,er4_m60_s1,es_learned,3,295,14760,1.3364310885967705,93.0,93.0,0.05850794699707931,0.000419078607326262,20,36,0.010939166881144047,466.4135796999908,0.93,0.93
er4,er4_m60_s1,es_learned,3,300,15010,1.3364310885967705,93.0,93.0,0.05850794699707959,0.00041907860732635915,20,36,0.012171996757388115,475.58831249998184,0.93,0.93
er4,er4_m60_s1,es_learned,3,305,15260,1.3364310885967705,93.0,93.0,0.05850794699707946,0.00041907860732610935,20,36,0.01190517470240593,481.4012586000026,0.93,0.93
er4,er4_m60_s1,es_learned,3,310,15510,1.3364310885967705,93.0,93.0,0.05850794699707941,0.00041907860732637303,20,35,0.010281654074788094,491.702727099997,0.93,0.93
er4,er4_m60_s1,es_learned,3,315,15760,1.3364310885967705,93.0,93.0,0.05850794699707959,0.00041907860732635915,20,36,0.011877298355102539,501.62000880000414,0.93,0.93
er4,er4_m60_s1,es_learned,3,320,16010,1.3364310885967705,93.0,93.0,0.05850794699707954,0.0004190786073260261,20,36,0.009134186431765556,507.1086561999982,0.93,0.93
er4,er4_m60_s1,es_learned,3,325,16260,1.3364310885967705,93.0,93.0,0.058507946997079514,0.0004190786073261926,20,34,0.012260034680366516,516.4409216999775,0.93,0.93
er4,er4_m60_s1,es_learned,3,330,16510,1.3364310885967705,93.0,93.0,0.05850794699707933,0.00041907860732635915,20,35,0.009000157937407494,525.8373779999674,0.93,0.93
er4,er4_m60_s1,es_learned,3,335,16760,1.3364310885967705,93.0,93.0,0.05850794699707959,0.00041907860732635915,20,36,0.014226489700376987,530.9735368000111,0.93,0.93
er4,er4_m60_s1,es_learned,3,340,17010,1.3364310885967705,93.0,93.0,0.05850794699707941,0.00041907860732637303,20,35,0.009812302887439728,540.3173662999761,0.93,0.93
er4,er4_m60_s1,es_learned,3,345,17260,1.3364310885967705,93.0,93.0,0.058507946997079466,0.0004190786073262759,20,36,0.006965610198676586,549.790641199972,0.93,0.93
er4,er4_m60_s1,es_learned,3,350,17510,1.3364310885967705,93.0,93.0,0.05850794699707945,0.00041907860732617874,20,35,0.011175217106938362,555.72804919997,0.93,0.93
er4,er4_m60_s1,es_learned,3,355,17760,1.3364310885967705,93.0,93.0,0.05850794699707957,0.00041907860732623425,20,34,0.008661249652504921,565.0742270000046,0.93,0.93
er4,er4_m60_s1,es_learned,3,360,18010,1.3364310885967705,93.0,93.0,0.058507946997079514,0.0004190786073261926,20,34,0.01048524770885706,574.3098219999811,0.93,0.93
er4,er4_m60_s1,es_learned,3,365,18260,1.3364310885967705,93.0,93.0,0.05850794699707956,0.0004190786073264008,20,36,0.009228941984474659,579.5176945999847,0.93,0.93
er4,er4_m60_s1,es_learned,3,370,18510,1.3364310885967705,93.0,93.0,0.05850794699707952,0.0004190786073261371,20,36,0.010835171677172184,588.8255772999837,0.93,0.93
er4,er4_m60_s1,es_learned,3,375,18760,1.3364310885967705,93.0,93.0,0.05850794699707946,0.00041907860732610935,20,36,0.009632239118218422,598.1300201999838,0.93,0.93
er4,er4_m60_s1,es_learned,3,380,19010,1.3364310885967705,93.0,93.0,0.058507946997079514,0.0004190786073261926,20,34,0.007191834971308708,603.4455417999998,0.93,0.93
er4,er4_m60_s1,es_learned,3,385,19260,1.3364310885967705,93.0,93.0,0.058507946997079396,0.00041907860732628976,20,35,0.008125705644488335,612.7664043999976,0.93,0.93
er4,er4_m60_s1,es_learned,3,390,19510,1.3364310885967705,93.0,93.0,0.05850794699707957,0.00041907860732623425,20,34,0.009306000545620918,622.1116590999882,0.93,0.93
er4,er4_m60_s1,es_learned,3,395,19760,1.3364310885967705,93.0,93.0,0.05850794699707931,0.000419078607326262,20,36,0.01121673732995987,627.4829526999965,0.93,0.93
er4,er4_m60_s1,es_learned,3,400,20010,1.3364310885967705,93.0,93.0,0.05850794699707937,0.0004190786073264563,20,35,0.011466172523796558,636.8957698000013,0.93,0.93
er4,er4_m60_s1,es_learned,4,0,10,0.820919656303584,62.0,59.3,0.067840025423876,0.0028286894968670324,20,38,,0.049538299965206534,0.62,0.593
er4,er4_m60_s1,es_learned,4,5,260,1.0708834065897084,79.0,74.8,0.02097542452686444,2.7854302592273186e-05,20,30,0.1493949592113495,5.367149400000926,0.79,0.748
er4,er4_m60_s1,es_learned,4,10,510,1.0968614084136972,79.0,78.0,0.062251769572749444,0.0001559190218756168,20,31,0.13655976951122284,14.588717099977657,0.79,0.78
er4,er4_m60_s1,es_learned,4,15,760,1.098403326780441,79.0,79.1,0.05199960292714864,0.0006991292941581828,20,31,0.12679283320903778,23.896971400012262,0.79,0.7909999999999999
er4,er4_m60_s1,es_learned,4,20,1010,1.098403326780441,79.0,79.0,0.05199960292714864,0.0006991292941581828,20,31,0.10692617297172546,29.17460149998078,0.79,0.79
er4,er4_m60_s1,es_learned,4,25,1260,1.0994897378211812,79.0,79.0,0.04615056620458893,0.0006991292941581897,20,31,0.06860622018575668,38.18670309998561,0.79,0.79
er4,er4_m60_s1,es_learned,4,30,1510,1.16853183998138,83.0,80.6,0.07507294201430698,0.0001722253726576528,20,31,0.04967225715517998,47.569105300004594,0.83,0.8059999999999999
er4,er4_m60_s1,es_learned,4,35,1760,1.1783394417599353,83.0,82.3,0.07403416539864198,0.00029319726314380387,20,33,0.057589393109083176,52.747456799959764,0.83,0.823
er4,er4_m60_s1,es_learned,4,40,2010,1.1885069853300048,84.0,83.2,0.07357891684665564,0.0018003875977758285,20,34,0.04509150981903076,62.502713199995924,0.84,0.8320000000000001
er4,er4_m60_s1,es_learned,4,45,2260,1.1970835887543647,84.0,83.6,0.0763757450035343,0.0002931972631436408,20,34,0.040023840963840485,71.81416899996111,0.84,0.836
er4,er4_m60_s1,es_learned,4,50,2510,1.2027390964296334,84.0,83.7,0.07809869557736801,0.001567743609066398,20,36,0.03605051711201668,77.25750710000284,0.84,0.8370000000000001
er4,er4_m60_s1,es_learned,4,55,2760,1.2307681349498643,87.0,85.8,0.058494124263849034,3.6874634206773144e-05,20,37,0.03231245279312134,86.58277889998863,0.87,0.858
er4,er4_m60_s1,es_learned,4,60,3010,1.2307681349498643,87.0,86.2,0.058494124263849034,3.6874634206773144e-05,20,37,0.029175715520977974,95.92942679999396,0.87,0.862
er4,er4_m60_s1,es_learned,4,65,3260,1.2401798498709298,87.0,86.4,0.0720741109567399,0.0009912316422878154,20,35,0.03565389662981033,101.22424469998805,0.87,0.8640000000000001
er4,er4_m60_s1,es_learned,4,70,3510,1.2401798498709298,87.0,86.8,0.07207411095673985,0.0009912316422877165,20,35,0.02250595949590206,110.4744574999786,0.87,0.868
er4,er4_m60_s1,es_learned,4,75,3760,1.2409974824597436,87.0,86.9,0.07277802069954385,3.366050707315042e-05,20,35,0.026533406227827072,119.58607169997413,0.87,0.8690000000000001
er4,er4_m60_s1,es_learned,4,80,4010,1.2409974824597436,87.0,87.0,0.07277802069954385,3.366050707315042e-05,20,35,0.02856714464724064,124.89534190000268,0.87,0.87
er4,er4_m60_s1,es_learned,4,85,4260,1.2474631043465294,88.0,87.1,0.06115146816876621,0.000881087210202712,20,36,0.02594694495201111,134.26200220000464,0.88,0.871
er4,er4_m60_s1,es_learned,4,90,4510,1.2499198865707841,88.0,87.5,0.06928183088417979,0.0015844488061118947,20,33,0.02170119807124138,143.40378210000927,0.88,0.875
er4,er4_m60_s1,es_learned,4,95,4760,1.2499198865707841,88.0,87.8,0.06928183088417972,0.0015844488061119034,20,34,0.022240430116653442,148.77494139998453,0.88,0.878
er4,er4_m60_s1,es_learned,4,100,5010,1.2499198865707841,88.0,88.0,0.06928183088417972,0.0015844488061119034,20,34,0.018656427040696144,158.1738089999999,0.88,0.88
er4,er4_m60_s1,es_learned,4,105,5260,1.2499198865707841,88.0,88.0,0.06928183088417972,0.0015844488061119034,20,34,0.02169177681207657,167.4511870999704,0.88,0.88
er4,er4_m60_s1,es_learned,4,110,5510,1.2501454389972269,88.0,88.0,0.06289727873831233,0.0012807000915654992,20,34,0.021218739449977875,172.82578879996436,0.88,0.88
er4,er4_m60_s1,es_learned,4,115,5760,1.250145438997227,88.0,88.0,0.06289727873831243,0.0012807000915654107,20,33,0.015761135146021843,181.65382359997602,0.88,0.88
er4,er4_m60_s1,es_learned,4,120,6010,1.2583626174097202,89.0,88.2,0.060649052146159683,0.0012652045094459358,20,35,0.01773996092379093,190.5491051999852,0.89,0.882
er4,er4_m60_s1,es_learned,4,125,6260,1.2583626174097202,89.0,88.5,0.06064905214615973,0.0012652045094460607,20,35,0.016395263373851776,195.6824069999857,0.89,0.885
er4,er4_m60_s1,es_learned,4,130,6510,1.2610302409183212,89.0,88.6,0.0631462086534933,0.00030147075081722596,20,36,0.016966747120022774,204.59610969998175,0.89,0.8859999999999999
er4,er4_m60_s1,es_learned,4,135,6760,1.2610302409183212,89.0,89.0,0.0631462086534933,0.00030147075081722596,20,36,0.01697327010333538,213.68162970000412,0.89,0.89
er4,er4_m60_s1,es_learned,4,140,7010,1.2610302409183212,89.0,89.0,0.0631462086534933,0.00030147075081722596,20,36,0.01754862815141678,218.93756200000644,0.89,0.89
er4,er4_m60_s1,es_learned,4,145,7260,1.2610302409183212,89.0,89.0,0.0631462086534933,0.00030147075081722596,20,36,0.015320898965001106,227.926888099988,0.89,0.89
er4,er4_m60_s1,es_learned,4,150,7510,1.2610302409183212,89.0,89.0,0.06314620865349338,0.0003014707508171982,20,35,0.014948185533285141,236.9339067999972,0.89,0.89
er4,er4_m60_s1,es_learned,4,155,7760,1.2610302409183212,89.0,89.0,0.0631462086534933,0.00030147075081722596,20,36,0.01759674772620201,242.10399689996848,0.89,0.89
er4,er4_m60_s1,es_learned,4,160,8010,1.2610302409183212,89.0,89.0,0.06314620865349332,0.0003014707508172815,20,35,0.013098408468067646,250.99089079996338,0.89,0.89
er4,er4_m60_s1,es_learned,4,165,8260,1.2610302409183212,89.0,89.0,0.06314620865349335,0.0003014707508171982,20,35,0.017201349139213562,259.9092553000082,0.89,0.89
er4,er4_m60_s1,es_learned,4,170,8510,1.2610302409183212,89.0,89.0,0.0631462086534933,0.00030147075081722596,20,36,0.014976950362324715,265.10642999998527,0.89,0.89
er4,er4_m60_s1,es_learned,4,175,8760,1.2610302409183212,89.0,89.0,0.06314620865349332,0.0003014707508172815,20,36,0.01393199898302555,274.06270840001525,0.89,0.89
er4,er4_m60_s1,es_learned,4,180,9010,1.2610302409183212,89.0,89.0,0.06314620865349355,0.0003014707508173786,20,35,0.016097933053970337,283.0261801999877,0.89,0.89
er4,er4_m60_s1,es_learned,4,185,9260,1.2610302409183212,89.0,89.0,0.06314620865349331,0.00030147075081729535,20,36,0.018458230420947075,288.1971343999612,0.89,0.89
er4,er4_m60_s1,es_learned,4,190,9510,1.2610302409183212,89.0,89.0,0.06314620865349338,0.0003014707508171982,20,35,0.01349417120218277,297.1298420999665,0.89,0.89
er4,er4_m60_s1,es_learned,4,195,9760,1.2610302409183212,89.0,89.0,0.06314620865349349,0.0003014707508172815,20,35,0.01761477254331112,306.1393667999655,0.89,0.89
er4,er4_m60_s1,es_learned,4,200,10010,1.2610302409183212,89.0,89.0,0.06314620865349355,0.0003014707508173786,20,35,0.01621483638882637,311.2692623999901,0.89,0.89
er4,er4_m60_s1,es_learned,4,205,10260,1.2610302409183212,89.0,89.0,0.06314620865349332,0.0003014707508172815,20,36,0.012068573385477066,320.34818049997557,0.89,0.89
er4,er4_m60_s1,es_learned,4,210,10510,1.2610302409183212,89.0,89.0,0.06314620865349338,0.0003014707508171982,20,35,0.013298177160322666,329.33618420001585,0.89,0.89
er4,er4_m60_s1,es_learned,4,215,10760,1.2610302409183212,89.0,89.0,0.06314620865349335,0.0003014707508171982,20,35,0.010068205185234547,334.51033680001274,0.89,0.89
er4,er4_m60_s1,es_learned,4,220,11010,1.2610302409183212,89.0,89.0,0.06314620865349355,0.0003014707508173786,20,35,0.012856273911893368,343.4712526999647,0.89,0.89
er4,er4_m60_s1,es_learned,4,225,11260,1.2610302409183212,89.0,89.0,0.06314620865349332,0.0003014707508172815,20,36,0.012652603909373283,352.60074510000413,0.89,0.89
er4,er4_m60_s1,es_learned,4,230,11510,1.2610302409183212,89.0,89.0,0.06314620865349335,0.0003014707508171982,20,35,0.00954256672412157,357.7191502999631,0.89,0.89
er4,er4_m60_s1,es_learned,4,235,11760,1.2610302409183212,89.0,89.0,0.06314620865349319,0.0003014707508172676,20,35,0.012982740066945553,366.75910989998374,0.89,0.89
er4,er4_m60_s1,es_learned,4,240,12010,1.2610302409183212,89.0,89.0,0.06314620865349349,0.0003014707508172815,20,35,0.013228700496256351,375.946226799977,0.89,0.89
er4,er4_m60_s1,es_learned,4,245,12260,1.2610302409183212,89.0,89.0,0.06314620865349319,0.0003014707508172676,20,35,0.00978054478764534,381.11813509999774,0.89,0.89
er4,er4_m60_s1,es_learned,4,250,12510,1.2610302409183212,89.0,89.0,0.06314620865349338,0.0003014707508175174,20,34,0.008429240435361862,390.20094050001353,0.89,0.89
er4,er4_m60_s1,es_learned,4,255,12760,1.2610302409183212,89.0,89.0,0.06314620865349335,0.0003014707508171982,20,35,0.010504128411412239,399.498206499964,0.89,0.89
er4,er4_m60_s1,es_learned,4,260,13010,1.2610302409183212,89.0,89.0,0.06314620865349338,0.0003014707508175174,20,34,0.01009775884449482,404.7836486999877,0.89,0.89
er4,er4_m60_s1,es_learned,4,265,13260,1.2610302409183212,89.0,89.0,0.0631462086534933,0.00030147075081730923,20,35,0.008960293605923653,413.92390789999627,0.89,0.89
er4,er4_m60_s1,es_learned,4,270,13510,1.2610302409183212,89.0,89.0,0.06314620865349332,0.0003014707508172815,20,35,0.009946534410119057,423.0503618000075,0.89,0.89
er4,er4_m60_s1,es_learned,4,275,13760,1.2610302409183212,89.0,89.0,0.06314620865349335,0.0003014707508171982,20,35,0.01096061710268259,428.2903948999592,0.89,0.89
er4,er4_m60_s1,es_learned,4,280,14010,1.2610302409183212,89.0,89.0,0.06314620865349338,0.0003014707508171982,20,35,0.011924081481993198,437.3517020000145,0.89,0.89
er4,er4_m60_s1,es_learned,4,285,14260,1.2610302409183212,89.0,89.0,0.06314620865349349,0.0003014707508172815,20,35,0.011357839219272137,446.34544060000917,0.89,0.89
er4,er4_m60_s1,es_learned,4,290,14510,1.2610302409183212,89.0,89.0,0.06314620865349338,0.0003014707508175174,20,34,0.010471483692526817,451.58710649999557,0.89,0.89
er4,er4_m60_s1,es_learned,4,295,14760,1.2610302409183212,89.0,89.0,0.06314620865349335,0.0003014707508171982,20,35,0.010601639747619629,460.6750208999729,0.89,0.89
er4,er4_m60_s1,es_learned,4,300,15010,1.2610302409183212,89.0,89.0,0.06314620865349332,0.0003014707508172815,20,35,0.009692666120827198,469.56313450000016,0.89,0.89
er4,er4_m60_s1,es_learned,4,305,15260,1.2610302409183212,89.0,89.0,0.06314620865349332,0.0003014707508172815,20,35,0.010067228227853775,474.92641959997127,0.89,0.89
er4,er4_m60_s1,es_learned,4,310,15510,1.2610302409183212,89.0,89.0,0.06314620865349338,0.0003014707508171982,20,35,0.009240962564945221,484.3418987999903,0.89,0.89
er4,er4_m60_s1,es_learned,4,315,15760,1.2610302409183212,89.0,89.0,0.06314620865349338,0.0003014707508175174,20,34,0.01027803122997284,493.6016429999727,0.89,0.89
er4,er4_m60_s1,es_learned,4,320,16010,1.2610302409183212,89.0,89.0,0.06314620865349319,0.0003014707508172676,20,35,0.011126243509352207,498.98133199999575,0.89,0.89
er4,er4_m60_s1,es_learned,4,325,16260,1.2610302409183212,89.0,89.0,0.06314620865349349,0.0003014707508172815,20,35,0.009589903056621552,508.3730242999736,0.89,0.89
er4,er4_m60_s1,es_learned,4,330,16510,1.2610302409183212,89.0,89.0,0.06314620865349338,0.0003014707508171982,20,35,0.008897802792489529,517.7939855000004,0.89,0.89
er4,er4_m60_s1,es_learned,4,335,16760,1.2610302409183212,89.0,89.0,0.06314620865349338,0.0003014707508171982,20,35,0.008676894009113312,523.1638692999841,0.89,0.89
er4,er4_m60_s1,es_learned,4,340,17010,1.2610302409183212,89.0,89.0,0.06314620865349319,0.0003014707508172676,20,35,0.009614571928977966,532.5221443999908,0.89,0.89
er4,er4_m60_s1,es_learned,4,345,17260,1.2610302409183212,89.0,89.0,0.06314620865349344,0.0003014707508173786,20,35,0.007201157044619322,541.825858999975,0.89,0.89
er4,er4_m60_s1,es_learned,4,350,17510,1.2610302409183212,89.0,89.0,0.06314620865349346,0.0003014707508174064,20,36,0.007203086744993925,547.2727944999933,0.89,0.89
er4,er4_m60_s1,es_learned,4,355,17760,1.2610302409183212,89.0,89.0,0.06314620865349338,0.0003014707508175174,20,34,0.007298972923308611,556.6447182999691,0.89,0.89
er4,er4_m60_s1,es_learned,4,360,18010,1.2610302409183212,89.0,89.0,0.0631462086534932,0.0003014707508173231,20,34,0.008468377403914928,566.1004368999857,0.89,0.89
er4,er4_m60_s1,es_learned,4,365,18260,1.2610302409183212,89.0,89.0,0.06314620865349338,0.0003014707508175174,20,34,0.007284384220838547,571.5257024000166,0.89,0.89
er4,er4_m60_s1,es_learned,4,370,18510,1.2610302409183212,89.0,89.0,0.06314620865349338,0.0003014707508171982,20,35,0.008081520907580853,581.0907185999677,0.89,0.89
er4,er4_m60_s1,es_learned,4,375,18760,1.2610302409183212,89.0,89.0,0.0631462086534933,0.00030147075081722596,20,36,0.007884014397859573,591.0842275999603,0.89,0.89
er4,er4_m60_s1,es_learned,4,380,19010,1.2610302409183212,89.0,89.0,0.0631462086534933,0.00030147075081747576,20,34,0.008020485751330853,596.5298352999962,0.89,0.89
er4,er4_m60_s1,es_learned,4,385,19260,1.2610302409183212,89.0,89.0,0.06314620865349327,0.0003014707508172537,20,35,0.0076006390154361725,605.839848499978,0.89,0.89
er4,er4_m60_s1,es_learned,4,390,19510,1.2610302409183212,89.0,89.0,0.06314620865349332,0.0003014707508172815,20,36,0.005901947617530823,615.1686745999614,0.89,0.89
er4,er4_m60_s1,es_learned,4,395,19760,1.2610302409183212,89.0,89.0,0.06314620865349327,0.00030147075081735086,20,34,0.006487293168902397,620.516447699978,0.89,0.89
er4,er4_m60_s1,es_learned,4,400,20010,1.2610302409183212,89.0,89.0,0.06314620865349325,0.00030147075081723984,20,35,0.007063552737236023,629.5563941000146,0.89,0.89
er4,er4_m60_s1,es_transfer_dc,0,0,10,0.7349283781064331,55.0,60.0,0.03422181726598081,1.0842021724855044e-18,20,32,,0.04575940000358969,0.55,0.6
er4,er4_m60_s1,es_transfer_dc,0,5,260,1.0507903751667764,77.0,74.0,0.029513359456482313,0.00028220667319400414,20,39,0.012133322656154633,5.50961870001629,0.77,0.74
er4,er4_m60_s1,es_transfer_dc,0,10,510,1.0798578638863963,79.0,77.6,0.021501115153354334,3.450169607640413e-05,20,39,0.017853373661637306,15.185058099974412,0.79,0.7759999999999999
er4,er4_m60_s1,es_transfer_dc,0,15,760,1.1094758692621483,80.0,78.4,0.04774152522137565,0.0005912576136481752,20,32,0.013489816337823868,24.915325000009034,0.8,0.784
er4,er4_m60_s1,es_transfer_dc,0,20,1010,1.1459538483132807,81.0,81.2,0.06467003811718343,0.0011852986189648364,20,33,0.012763096019625664,30.502217200002633,0.81,0.812
er4,er4_m60_s1,es_transfer_dc,0,25,1260,1.1881562388705142,83.0,82.8,0.06128671090597557,0.00012305355928767317,20,33,0.014507903717458248,40.07990820001578,0.83,0.828
er4,er4_m60_s1,es_transfer_dc,0,30,1510,1.1881562388705142,83.0,83.0,0.06128671090597557,0.00012305355928767317,20,33,0.014755931682884693,49.75688130001072,0.83,0.83
er4,er4_m60_s1,es_transfer_dc,0,35,1760,1.1914610975719875,85.0,83.5,0.04006908391287866,0.00011515259032734461,20,33,0.009980563074350357,55.42485900002066,0.85,0.835
er4,er4_m60_s1,es_transfer_dc,0,40,2010,1.1968739671192319,84.0,83.8,0.05297696672810552,0.00041052265004308183,20,33,0.0134425712749362,65.05052140000043,0.84,0.838
er4,er4_m60_s1,es_transfer_dc,0,45,2260,1.2291920733731962,85.0,84.1,0.07718341501596118,0.0017063317952204365,20,33,0.012288554571568966,74.77187190001132,0.85,0.841
er4,er4_m60_s1,es_transfer_dc,0,50,2510,1.2291920733731962,85.0,84.9,0.07718341501596118,0.0017063317952204365,20,33,0.014935307204723358,80.38617820001673,0.85,0.8490000000000001
er4,er4_m60_s1,es_transfer_dc,0,55,2760,1.250233542086371,87.0,86.0,0.06583691300942278,0.000333745663055815,20,32,0.015527497045695782,90.15025519998744,0.87,0.86
er4,er4_m60_s1,es_transfer_dc,0,60,3010,1.2894057827175187,89.0,87.9,0.08660286501229558,0.001261930772279715,20,31,0.008936824277043343,99.79096890002256,0.89,0.879
er4,er4_m60_s1,es_transfer_dc,0,65,3260,1.2901762244825916,89.0,88.8,0.071015404259958,0.0005191364223478892,20,32,0.013163227587938309,105.47880340000847,0.89,0.888
er4,er4_m60_s1,es_transfer_dc,0,70,3510,1.290300528783687,89.0,89.0,0.0923101125026192,0.0021753891127015324,20,31,0.014412401244044304,115.13023640000029,0.89,0.89
er4,er4_m60_s1,es_transfer_dc,0,75,3760,1.300501116649972,89.0,89.0,0.09438886632035448,0.0008883034266125517,20,30,0.01703878864645958,124.86375339998631,0.89,0.89
er4,er4_m60_s1,es_transfer_dc,0,80,4010,1.300501116649972,89.0,89.0,0.09438886632035448,0.0008883034266125517,20,30,0.015026526525616646,130.42247119999956,0.89,0.89
er4,er4_m60_s1,es_transfer_dc,0,85,4260,1.3156349136746184,91.0,89.2,0.08172290332340029,0.0009158321119442665,20,30,0.012522075325250626,140.0369033999741,0.91,0.892
er4,er4_m60_s1,es_transfer_dc,0,90,4510,1.338836223836301,93.0,90.2,0.0875139636066026,0.0007911488818495641,20,30,0.013160153292119503,149.65467439999338,0.93,0.902
er4,er4_m60_s1,es_transfer_dc,0,95,4760,1.3431737675216928,93.0,90.8,0.07989580241608188,0.00068283514268253,20,31,0.010757548734545708,155.3087640000158,0.93,0.9079999999999999
er4,er4_m60_s1,es_transfer_dc,0,100,5010,1.3431737675216928,93.0,92.5,0.07989580241608188,0.00068283514268253,20,31,0.017321772873401642,164.80575439997483,0.93,0.925
er4,er4_m60_s1,es_transfer_dc,0,105,5260,1.3438504103045048,93.0,93.0,0.09097347945386214,0.001191250456616822,20,32,0.014027616940438747,174.48238689999562,0.93,0.93
er4,er4_m60_s1,es_transfer_dc,0,110,5510,1.3438504103045048,93.0,93.0,0.09097347945386214,0.001191250456616822,20,32,0.010051806457340717,179.9948027000064,0.93,0.93
er4,er4_m60_s1,es_transfer_dc,0,115,5760,1.3466999282890244,93.0,93.0,0.08164520009885096,0.002067826940636862,20,31,0.00980367511510849,189.79410599998664,0.93,0.93
er4,er4_m60_s1,es_transfer_dc,0,120,6010,1.3466999282890244,93.0,93.0,0.08164520009885096,0.002067826940636862,20,31,0.010249451734125614,199.50187169999117,0.93,0.93
er4,er4_m60_s1,es_transfer_dc,0,125,6260,1.3466999282890244,93.0,93.0,0.08164520009885096,0.002067826940636862,20,31,0.011147530749440193,205.06879540003138,0.93,0.93
er4,er4_m60_s1,es_transfer_dc,0,130,6510,1.3466999282890244,93.0,93.0,0.08164520009885096,0.0020678269406369312,20,32,0.011643145233392715,214.8008859999827,0.93,0.93
er4,er4_m60_s1,es_transfer_dc,0,135,6760,1.3466999282890244,93.0,93.0,0.08164520009885096,0.0020678269406369312,20,32,0.01341773197054863,224.70359789999202,0.93,0.93
er4,er4_m60_s1,es_transfer_dc,0,140,7010,1.3466999282890244,93.0,93.0,0.08164520009885096,0.002067826940636862,20,31,0.011073075234889984,230.30449700000463,0.93,0.93
er4,er4_m60_s1,es_transfer_dc,0,145,7260,1.347399343252207,93.0,93.0,0.08891315093352058,0.0021586363716066133,20,32,0.009958522394299507,239.87658250000095,0.93,0.93
er4,er4_m60_s1,es_transfer_dc,0,150,7510,1.347399343252207,93.0,93.0,0.08891315093352058,0.0021586363716066133,20,32,0.012980576604604721,249.34837999998126,0.93,0.93
er4,er4_m60_s1,es_transfer_dc,0,155,7760,1.347399343252207,93.0,93.0,0.0889131509335207,0.0021586363716066693,20,32,0.01331513375043869,254.8469934000168,0.93,0.93
er4,er4_m60_s1,es_transfer_dc,0,160,8010,1.349640132827715,93.0,93.0,0.09098504598578293,0.0030056503353458938,20,32,0.012070576660335064,264.48478180001257,0.93,0.93
er4,er4_m60_s1,es_transfer_dc,0,165,8260,1.3496401328277152,93.0,93.0,0.09098504598578289,0.0030056503353459007,20,31,0.011742332018911839,274.09156849997817,0.93,0.93
er4,er4_m60_s1,es_transfer_dc,0,170,8510,1.3498290560719195,93.0,93.0,0.09688670468389776,0.0003654954920220277,20,31,0.00954187847673893,279.6363975999993,0.93,0.93
er4,er4_m60_s1,es_transfer_dc,0,175,8760,1.3498290560719195,93.0,93.0,0.09688670468389776,0.0003654954920220277,20,31,0.01072210818529129,289.4513556000311,0.93,0.93
er4,er4_m60_s1,es_transfer_dc,0,180,9010,1.3498290560719195,93.0,93.0,0.09688670468389776,0.0003654954920220277,20,31,0.009987435303628445,299.12651450000703,0.93,0.93
er4,er4_m60_s1,es_transfer_dc,0,185,9260,1.3498290560719195,93.0,93.0,0.09688670468389789,0.00036549549202203636,20,30,0.009141440503299236,304.70332299999427,0.93,0.93
er4,er4_m60_s1,es_transfer_dc,0,190,9510,1.3498791680775317,93.0,93.0,0.09401640691676458,0.0014775011961966275,20,30,0.009820543229579926,314.5125333999749,0.93,0.93
er4,er4_m60_s1,es_transfer_dc,0,195,9760,1.3498791680775317,93.0,93.0,0.09401640691676466,0.0014775011961965078,20,31,0.010810906998813152,324.21305820002453,0.93,0.93
er4,er4_m60_s1,es_transfer_dc,0,200,10010,1.3498791680775317,93.0,93.0,0.09401640691676459,0.0014775011961964749,20,32,0.009944363497197628,329.6157826000126,0.93,0.93
er4,er4_m60_s1,es_transfer_dc,0,205,10260,1.3498791680775317,93.0,93.0,0.09401640691676454,0.0014775011961966535,20,32,0.008424690924584866,339.30035219999263,0.93,0.93
er4,er4_m60_s1,es_transfer_dc,0,210,10510,1.3498791680775317,93.0,93.0,0.09401640691676459,0.0014775011961964749,20,32,0.010789944790303707,348.9008581999806,0.93,0.93
er4,er4_m60_s1,es_transfer_dc,0,215,10760,1.3498791680775317,93.0,93.0,0.09401640691676458,0.0014775011961966275,20,30,0.008083449676632881,354.6028387999977,0.93,0.93
er4,er4_m60_s1,es_transfer_dc,0,220,11010,1.3498791680775317,93.0,93.0,0.09401640691676458,0.0014775011961966275,20,31,0.008736459538340569,364.35999939998146,0.93,0.93
er4,er4_m60_s1,es_transfer_dc,0,225,11260,1.3498791680775317,93.0,93.0,0.09401640691676458,0.0014775011961965824,20,31,0.008238528855144978,374.06506019999506,0.93,0.93
er4,er4_m60_s1,es_transfer_dc,0,230,11510,1.3498791680775317,93.0,93.0,0.09401640691676466,0.0014775011961965078,20,31,0.009405579417943954,379.61923240002943,0.93,0.93
er4,er4_m60_s1,es_transfer_dc,0,235,11760,1.3498791680775317,93.0,93.0,0.09401640691676459,0.0014775011961965234,20,32,0.00795771088451147,389.4672821999993,0.93,0.93
er4,er4_m60_s1,es_transfer_dc,0,240,12010,1.3498791680775317,93.0,93.0,0.09401640691676456,0.0014775011961965998,20,32,0.0070662833750247955,399.2605806000065,0.93,0.93
er4,er4_m60_s1,es_transfer_dc,0,245,12260,1.3498791680775317,93.0,93.0,0.09401640691676458,0.0014775011961966275,20,30,0.007045230828225613,404.84604430000763,0.93,0.93
er4,er4_m60_s1,es_transfer_dc,0,250,12510,1.3498791680775317,93.0,93.0,0.09401640691676458,0.0014775011961965824,20,31,0.008086849935352802,414.6287091000122,0.93,0.93
er4,er4_m60_s1,es_transfer_dc,0,255,12760,1.3498791680775317,93.0,93.0,0.09401640691676466,0.0014775011961965078,20,31,0.007650365587323904,424.4118513999856,0.93,0.93
er4,er4_m60_s1,es_transfer_dc,0,260,13010,1.3498791680775317,93.0,93.0,0.09401640691676458,0.0014775011961965824,20,31,0.009338561445474625,429.97132210002746,0.93,0.93
er4,er4_m60_s1,es_transfer_dc,0,265,13260,1.3498791680775317,93.0,93.0,0.09401640691676458,0.001477501196196617,20,32,0.006170229986310005,439.7290444999817,0.93,0.93
er4,er4_m60_s1,es_transfer_dc,0,270,13510,1.3498791680775317,93.0,93.0,0.09401640691676452,0.00147750119619652,20,31,0.007580789737403393,449.40500279999105,0.93,0.93
er4,er4_m60_s1,es_transfer_dc,0,275,13760,1.3498791680775317,93.0,93.0,0.0940164069167645,0.0014775011961965998,20,32,0.008762199431657791,454.8153851000243,0.93,0.93
er4,er4_m60_s1,es_transfer_dc,0,280,14010,1.3498791680775317,93.0,93.0,0.09401640691676458,0.001477501196196572,20,31,0.006869832519441843,464.58217549999245,0.93,0.93
er4,er4_m60_s1,es_transfer_dc,0,285,14260,1.3498791680775317,93.0,93.0,0.09401640691676458,0.001477501196196617,20,32,0.008475701324641705,474.16251160000684,0.93,0.93
er4,er4_m60_s1,es_transfer_dc,0,290,14510,1.3498791680775317,93.0,93.0,0.09401640691676452,0.0014775011961965009,20,32,0.007307573687285185,479.58350659999996,0.93,0.93
er4,er4_m60_s1,es_transfer_dc,0,295,14760,1.3498791680775317,93.0,93.0,0.09401640691676452,0.0014775011961965009,20,32,0.006429491098970175,489.24900710000657,0.93,0.93
er4,er4_m60_s1,es_transfer_dc,0,300,15010,1.3498791680775317,93.0,93.0,0.09401640691676463,0.0014775011961965026,20,31,0.00552888261154294,498.95830659999046,0.93,0.93
er4,er4_m60_s1,es_transfer_dc,0,305,15260,1.3498791680775317,93.0,93.0,0.09401640691676455,0.0014775011961966067,20,32,0.006937675178050995,504.39963010000065,0.93,0.93
er4,er4_m60_s1,es_transfer_dc,0,310,15510,1.3498791680775317,93.0,93.0,0.09401640691676463,0.0014775011961964922,20,31,0.008148321881890297,513.9820954999886,0.93,0.93
er4,er4_m60_s1,es_transfer_dc,0,315,15760,1.3498791680775317,93.0,93.0,0.09401640691676463,0.0014775011961965026,20,31,0.006229506339877844,523.5964170999941,0.93,0.93
er4,er4_m60_s1,es_transfer_dc,0,320,16010,1.3498791680775317,93.0,93.0,0.09401640691676463,0.0014775011961964922,20,31,0.006202408112585545,528.96535090002,0.93,0.93
er4,er4_m60_s1,es_transfer_dc,0,325,16260,1.3498791680775317,93.0,93.0,0.09401640691676476,0.0014775011961965304,20,31,0.005963365081697702,538.2182651999756,0.93,0.93
er4,er4_m60_s1,es_transfer_dc,0,330,16510,1.3498791680775317,93.0,93.0,0.09401640691676466,0.0014775011961965078,20,31,0.005576782394200563,547.6151159000001,0.93,0.93
er4,er4_m60_s1,es_transfer_dc,0,335,16760,1.3498791680775317,93.0,93.0,0.09401640691676455,0.0014775011961966483,20,32,0.005759468302130699,553.0433407999808,0.93,0.93
er4,er4_m60_s1,es_transfer_dc,0,340,17010,1.3498791680775317,93.0,93.0,0.09401640691676466,0.0014775011961966258,20,31,0.007482262793928385,562.57964120002,0.93,0.93
er4,er4_m60_s1,es_transfer_dc,0,345,17260,1.3498791680775317,93.0,93.0,0.09401640691676462,0.001477501196196468,20,32,0.007366162724792957,572.2133829999948,0.93,0.93
er4,er4_m60_s1,es_transfer_dc,0,350,17510,1.3498791680775317,93.0,93.0,0.09401640691676472,0.0014775011961966206,20,31,0.006360242143273354,577.6248381999903,0.93,0.93
er4,er4_m60_s1,es_transfer_dc,0,355,17760,1.3498791680775317,93.0,93.0,0.09401640691676466,0.0014775011961966258,20,31,0.00420609675347805,587.3976775999763,0.93,0.93
er4,er4_m60_s1,es_transfer_dc,0,360,18010,1.3498791680775317,93.0,93.0,0.09401640691676456,0.0014775011961965998,20,32,0.005634886212646961,597.0674436999834,0.93,0.93
er4,er4_m60_s1,es_transfer_dc,0,365,18260,1.3498791680775317,93.0,93.0,0.09401640691676452,0.00147750119619652,20,31,0.0064171780832111835,602.5595603000256,0.93,0.93
er4,er4_m60_s1,es_transfer_dc,0,370,18510,1.3498791680775317,93.0,93.0,0.09401640691676466,0.0014775011961966327,20,31,0.004294990096241236,612.2204174000071,0.93,0.93
er4,er4_m60_s1,es_transfer_dc,0,375,18760,1.3498791680775317,93.0,93.0,0.09401640691676452,0.00147750119619652,20,31,0.0049617295153439045,621.775876300002,0.93,0.93
er4,er4_m60_s1,es_transfer_dc,0,380,19010,1.3498791680775317,93.0,93.0,0.0940164069167645,0.0014775011961965963,20,32,0.004926803521811962,627.2229554000078,0.93,0.93
er4,er4_m60_s1,es_transfer_dc,0,385,19260,1.3498791680775317,93.0,93.0,0.09401640691676463,0.0014775011961965026,20,31,0.006113928277045488,636.7965633000131,0.93,0.93
er4,er4_m60_s1,es_transfer_dc,0,390,19510,1.3498791680775317,93.0,93.0,0.09401640691676463,0.0014775011961965026,20,31,0.005153913050889969,646.5947015000274,0.93,0.93
er4,er4_m60_s1,es_transfer_dc,0,395,19760,1.3498791680775317,93.0,93.0,0.09401640691676455,0.001477501196196454,20,31,0.005126387346535921,652.0604515000014,0.93,0.93
er4,er4_m60_s1,es_transfer_dc,0,400,20010,1.3498791680775317,93.0,93.0,0.09401640691676452,0.001477501196196638,20,32,0.005788363516330719,662.2165774999885,0.93,0.93
er4,er4_m60_s1,es_transfer_dc,1,0,10,0.694449319066058,54.0,59.9,0.07304383663338695,0.00098649445651193,20,35,,0.04750039998907596,0.54,0.599
er4,er4_m60_s1,es_transfer_dc,1,5,260,1.1464551959086546,80.0,77.4,0.06895979559139993,0.0029663271123074875,20,38,0.014964789152145386,5.361682899994776,0.8,0.774
er4,er4_m60_s1,es_transfer_dc,1,10,510,1.2320861935006944,83.0,80.7,0.13081138878090848,0.0009970098510269018,20,39,0.014939937740564346,14.665952000010293,0.83,0.807
er4,er4_m60_s1,es_transfer_dc,1,15,760,1.2533408987263503,85.0,83.5,0.10649988851281626,0.0013288720273626,20,37,0.01270575262606144,23.955846400000155,0.85,0.835
er4,er4_m60_s1,es_transfer_dc,1,20,1010,1.26314957803748,86.0,84.9,0.11977543389444469,0.00038159221885761263,20,38,0.011530403979122639,29.25246510002762,0.86,0.8490000000000001
er4,er4_m60_s1,es_transfer_dc,1,25,1260,1.2687696441676217,84.0,85.6,0.12438713873665148,0.001384642463442014,20,38,0.011986236087977886,38.69720789999701,0.84,0.856
er4,er4_m60_s1,es_transfer_dc,1,30,1510,1.2714260029495514,84.0,85.2,0.12184286117300638,0.00058770755678135,20,37,0.011260435916483402,48.17228629998863,0.84,0.852
er4,er4_m60_s1,es_transfer_dc,1,35,1760,1.288538926822704,86.0,85.6,0.149310648501216,0.00045752100427892423,20,38,0.013054238632321358,53.48875910002971,0.86,0.856
er4,er4_m60_s1,es_transfer_dc,1,40,2010,1.3095920770227858,86.0,85.8,0.1479069610035244,0.0013862965145331196,20,41,0.009818409569561481,62.83256409998285,0.86,0.858
er4,er4_m60_s1,es_transfer_dc,1,45,2260,1.3515581420948652,89.0,86.6,0.1390735156120768,0.002031035086377025,20,41,0.01212140079587698,72.1095198999974,0.89,0.866
er4,er4_m60_s1,es_transfer_dc,1,50,2510,1.358192763408104,89.0,87.7,0.13353685499104237,0.0003602292629373378,20,41,0.01316035632044077,77.51337749999948,0.89,0.877
er4,er4_m60_s1,es_transfer_dc,1,55,2760,1.3700826845701066,89.0,88.7,0.14654245582537123,0.0010281332997494272,20,41,0.014123923145234585,86.90438830002677,0.89,0.887
er4,er4_m60_s1,es_transfer_dc,1,60,3010,1.376192938249138,89.0,88.9,0.1689107811535213,0.001183935402202449,20,40,0.010577901266515255,96.44015889998991,0.89,0.889
er4,er4_m60_s1,es_transfer_dc,1,65,3260,1.394343702343193,91.0,89.7,0.13403411285681405,0.000800935723477933,20,39,0.012043267488479614,101.8841752000153,0.91,0.897
er4,er4_m60_s1,es_transfer_dc,1,70,3510,1.394343702343193,91.0,90.2,0.13403411285681405,0.000800935723477933,20,39,0.010111271403729916,111.13535220001359,0.91,0.902
er4,er4_m60_s1,es_transfer_dc,1,75,3760,1.394343702343193,91.0,90.8,0.13403411285681405,0.000800935723477933,20,39,0.007064830511808395,120.58207579998998,0.91,0.9079999999999999
er4,er4_m60_s1,es_transfer_dc,1,80,4010,1.4008115498398168,91.0,91.0,0.1620455678653325,0.002880795720505959,20,40,0.01182902604341507,125.99377569998614,0.91,0.91
er4,er4_m60_s1,es_transfer_dc,1,85,4260,1.4032698326769615,92.0,91.2,0.14483895814890801,0.001005522814547577,20,39,0.013165995478630066,135.51688230002765,0.92,0.912
er4,er4_m60_s1,es_transfer_dc,1,90,4510,1.4117722999973648,92.0,91.9,0.14035424744014485,0.0001828464288966547,20,39,0.01014863234013319,145.159338700003,0.92,0.919
er4,er4_m60_s1,es_transfer_dc,1,95,4760,1.4117722999973648,92.0,91.9,0.14035424744014485,0.0001828464288966547,20,39,0.012136015109717846,150.72020189999603,0.92,0.919
er4,er4_m60_s1,es_transfer_dc,1,100,5010,1.418114815839002,92.0,92.0,0.14927506006465913,0.007231910139888598,20,40,0.009359687566757202,160.2338541999925,0.92,0.92
er4,er4_m60_s1,es_transfer_dc,1,105,5260,1.4256420589451118,92.0,92.0,0.15110298417078505,0.000991490734218628,20,40,0.011455255560576916,169.12652270001126,0.92,0.92
er4,er4_m60_s1,es_transfer_dc,1,110,5510,1.4262548451502444,92.0,92.0,0.1363433956435219,0.0015361109694980724,20,38,0.008955267257988453,174.14404679997824,0.92,0.92
er4,er4_m60_s1,es_transfer_dc,1,115,5760,1.4335459546444165,92.0,92.0,0.15356121404251893,0.0020477961552079482,20,38,0.008838527835905552,183.0236393000232,0.92,0.92
er4,er4_m60_s1,es_transfer_dc,1,120,6010,1.4335459546444165,92.0,92.0,0.15356121404251893,0.0020477961552079482,20,38,0.01029415987432003,191.85706110001775,0.92,0.92
er4,er4_m60_s1,es_transfer_dc,1,125,6260,1.4366147385582517,92.0,92.0,0.12992013918955672,0.010863569877047462,20,38,0.00946025364100933,196.83742280001752,0.92,0.92
er4,er4_m60_s1,es_transfer_dc,1,130,6510,1.4379153057579384,92.0,92.0,0.13114539820787957,0.011002210947778805,20,37,0.009314808063209057,205.7399035000126,0.92,0.92
er4,er4_m60_s1,es_transfer_dc,1,135,6760,1.4412342869129082,92.0,92.0,0.14000290973362164,0.01138190704042099,20,38,0.013386737555265427,214.5638780000154,0.92,0.92
er4,er4_m60_s1,es_transfer_dc,1,140,7010,1.4433015487925986,92.0,92.0,0.13689463626647805,0.014916943260877967,20,38,0.01011626049876213,219.57481209997786,0.92,0.92
er4,er4_m60_s1,es_transfer_dc,1,145,7260,1.4433015487925986,92.0,92.0,0.13689463626647805,0.014916943260877967,20,38,0.009180535562336445,228.36629560001893,0.92,0.92
er4,er4_m60_s1,es_transfer_dc,1,150,7510,1.4490919990298832,92.0,92.0,0.15636875078464613,0.008316717962897714,20,39,0.012919722124934196,237.20603399997344,0.92,0.92
er4,er4_m60_s1,es_transfer_dc,1,155,7760,1.4490919990298832,92.0,92.0,0.15636875078464613,0.008316717962897714,20,39,0.010759801603853703,242.25354549998883,0.92,0.92
er4,er4_m60_s1,es_transfer_dc,1,160,8010,1.4540401347538965,92.0,92.0,0.15800022658249996,0.004979542649982689,20,39,0.008984273299574852,251.08624029997736,0.92,0.92
er4,er4_m60_s1,es_transfer_dc,1,165,8260,1.4540401347538965,92.0,92.0,0.15800022658249996,0.004979542649982689,20,39,0.008797657676041126,259.84391799999867,0.92,0.92
er4,er4_m60_s1,es_transfer_dc,1,170,8510,1.4540401347538965,92.0,92.0,0.15800022658249996,0.004979542649982689,20,39,0.009235271252691746,264.845376799989,0.92,0.92
er4,er4_m60_s1,es_transfer_dc,1,175,8760,1.4540401347538965,92.0,92.0,0.15800022658249996,0.004979542649982689,20,39,0.009561002254486084,273.6287567000254,0.92,0.92
er4,er4_m60_s1,es_transfer_dc,1,180,9010,1.4546916038265831,92.0,92.0,0.16775584160260587,0.007315838619641031,20,37,0.007734081707894802,282.5008381999796,0.92,0.92
er4,er4_m60_s1,es_transfer_dc,1,185,9260,1.4640438836805862,92.0,92.0,0.17361061098685543,0.0017309644640237376,20,37,0.006968941073864698,287.4602956000017,0.92,0.92
er4,er4_m60_s1,es_transfer_dc,1,190,9510,1.4640438836805862,92.0,92.0,0.17361061098685543,0.0017309644640237376,20,37,0.007556383032351732,296.3005460000131,0.92,0.92
er4,er4_m60_s1,es_transfer_dc,1,195,9760,1.4640438836805862,92.0,92.0,0.17361061098685543,0.0017309644640237376,20,37,0.006028787232935429,305.15655409998726,0.92,0.92
er4,er4_m60_s1,es_transfer_dc,1,200,10010,1.4646466210147522,92.0,92.0,0.15921112237835772,0.003835567101756386,20,37,0.010464293882250786,310.2818129999796,0.92,0.92
er4,er4_m60_s1,es_transfer_dc,1,205,10260,1.4646466210147522,92.0,92.0,0.15921112237835772,0.003835567101756386,20,37,0.011040939949452877,319.3259887000313,0.92,0.92
er4,er4_m60_s1,es_transfer_dc,1,210,10510,1.4646991603182191,92.0,92.0,0.1668308307698638,0.0054872212158492695,20,38,0.00749020092189312,328.41003430000274,0.92,0.92
er4,er4_m60_s1,es_transfer_dc,1,215,10760,1.4646991603182191,92.0,92.0,0.1668308307698638,0.0054872212158492695,20,38,0.009099609218537807,333.528557099984,0.92,0.92
er4,er4_m60_s1,es_transfer_dc,1,220,11010,1.4658160016883195,92.0,92.0,0.16015969918881967,0.007841898394451936,20,39,0.0095876669511199,342.49590420001186,0.92,0.92
er4,er4_m60_s1,es_transfer_dc,1,225,11260,1.4658160016883195,92.0,92.0,0.16015969918881967,0.007841898394451936,20,39,0.00892217829823494,351.5220580000314,0.92,0.92
er4,er4_m60_s1,es_transfer_dc,1,230,11510,1.4670827679743121,92.0,92.0,0.16165473144766446,0.0005690301385248113,20,38,0.009030825458467007,356.63064809999196,0.92,0.92
er4,er4_m60_s1,es_transfer_dc,1,235,11760,1.468581562456639,92.0,92.0,0.1649384803321718,0.016818312768488844,20,39,0.009028051048517227,365.67249269998865,0.92,0.92
er4,er4_m60_s1,es_transfer_dc,1,240,12010,1.468581562456639,92.0,92.0,0.1649384803321718,0.016818312768488844,20,39,0.009351636283099651,375.1926921000122,0.92,0.92
er4,er4_m60_s1,es_transfer_dc,1,245,12260,1.468796757962175,92.0,92.0,0.16310890622609636,0.016174067645854218,20,39,0.007563773542642593,380.3226671000011,0.92,0.92
er4,er4_m60_s1,es_transfer_dc,1,250,12510,1.4703454661412447,92.0,92.0,0.17072339384067006,0.008545243484566332,20,37,0.006938227452337742,389.3902774999733,0.92,0.92
er4,er4_m60_s1,es_transfer_dc,1,255,12760,1.4703454661412447,92.0,92.0,0.17072339384067006,0.008545243484566332,20,37,0.007685882970690727,398.55057860002853,0.92,0.92
er4,er4_m60_s1,es_transfer_dc,1,260,13010,1.471836561526305,92.0,92.0,0.1738851562015034,0.012321730803390295,20,39,0.008122480474412441,403.63223440002184,0.92,0.92
er4,er4_m60_s1,es_transfer_dc,1,265,13260,1.471836561526305,92.0,92.0,0.1738851562015034,0.012321730803390295,20,39,0.0072388844564557076,412.77393620001385,0.92,0.92
er4,er4_m60_s1,es_transfer_dc,1,270,13510,1.471836561526305,92.0,92.0,0.1738851562015034,0.012321730803390295,20,39,0.007948899641633034,422.04859830002533,0.92,0.92
er4,er4_m60_s1,es_transfer_dc,1,275,13760,1.472045609635032,92.0,92.0,0.18347278923162874,0.0030522948958804225,20,39,0.008460239507257938,427.2273393999785,0.92,0.92
er4,er4_m60_s1,es_transfer_dc,1,280,14010,1.472045609635032,92.0,92.0,0.18347278923162874,0.0030522948958804225,20,39,0.006372828967869282,436.18655659997603,0.92,0.92
er4,er4_m60_s1,es_transfer_dc,1,285,14260,1.4803746222879783,92.0,92.0,0.1755359249463837,0.0016871706650106524,20,38,0.007646849844604731,445.12866159999976,0.92,0.92
er4,er4_m60_s1,es_transfer_dc,1,290,14510,1.4803746222879783,92.0,92.0,0.1755359249463837,0.0016871706650106524,20,38,0.0075880903750658035,450.2670916999923,0.92,0.92
er4,er4_m60_s1,es_transfer_dc,1,295,14760,1.4803746222879786,92.0,92.0,0.1755359249463837,0.0016871706650107635,20,37,0.006453454028815031,459.30999129998963,0.92,0.92
er4,er4_m60_s1,es_transfer_dc,1,300,15010,1.4803746222879786,92.0,92.0,0.1755359249463837,0.0016871706650107635,20,37,0.007170135620981455,468.3824241000111,0.92,0.92
er4,er4_m60_s1,es_transfer_dc,1,305,15260,1.4805106041652836,92.0,92.0,0.18871338623386386,0.000929805074911836,20,37,0.004781119525432587,473.39510339999106,0.92,0.92
er4,er4_m60_s1,es_transfer_dc,1,310,15510,1.4811034969899923,92.0,92.0,0.18489742161366646,0.0021655424242445383,20,39,0.005592192988842726,482.4100269000046,0.92,0.92
er4,er4_m60_s1,es_transfer_dc,1,315,15760,1.482010601042796,92.0,92.1,0.19204956851238575,0.0009096914671995401,20,38,0.005755878984928131,491.4501123999944,0.92,0.9209999999999999
er4,er4_m60_s1,es_transfer_dc,1,320,16010,1.482010601042796,92.0,92.0,0.19204956851238575,0.0009096914671995401,20,38,0.007017059717327356,496.54742409999017,0.92,0.92
er4,er4_m60_s1,es_transfer_dc,1,325,16260,1.482010601042796,92.0,92.0,0.19204956851238578,0.0009096914671993597,20,38,0.00662694638594985,505.63132159999805,0.92,0.92
er4,er4_m60_s1,es_transfer_dc,1,330,16510,1.4822693197705896,92.0,92.0,0.19021627882823325,0.001721813061038302,20,37,0.006422794423997402,514.5539613000001,0.92,0.92
er4,er4_m60_s1,es_transfer_dc,1,335,16760,1.4822693197705896,92.0,92.0,0.19021627882823325,0.001721813061038302,20,37,0.006419626995921135,519.6007032999769,0.92,0.92
er4,er4_m60_s1,es_transfer_dc,1,340,17010,1.4836444586180575,92.0,92.0,0.19110757520688154,0.0009096914671994569,20,37,0.007816697470843792,528.4430687000277,0.92,0.92
er4,er4_m60_s1,es_transfer_dc,1,345,17260,1.4836444586180575,92.0,92.0,0.19110757520688154,0.0009096914671994569,20,37,0.006765640806406736,537.421262799995,0.92,0.92
er4,er4_m60_s1,es_transfer_dc,1,350,17510,1.4836444586180575,92.0,92.0,0.19110757520688149,0.0009096914671994569,20,37,0.0069228652864694595,542.5860141000012,0.92,0.92
er4,er4_m60_s1,es_transfer_dc,1,355,17760,1.4836444586180575,92.0,92.0,0.19110757520688154,0.0009096914671994569,20,37,0.004460603930056095,551.7956910000066,0.92,0.92
er4,er4_m60_s1,es_transfer_dc,1,360,18010,1.4836444586180575,92.0,92.0,0.19110757520688154,0.0009096914671994846,20,38,0.006823844276368618,561.0196022000164,0.92,0.92
er4,er4_m60_s1,es_transfer_dc,1,365,18260,1.4836444586180575,92.0,92.0,0.19110757520688154,0.0009096914671994846,20,38,0.0065046981908380985,566.27050470002,0.92,0.92
er4,er4_m60_s1,es_transfer_dc,1,370,18510,1.484383399254987,92.0,92.0,0.19768165190260145,0.0013120649187955483,20,37,0.007745136972516775,575.2566161000286,0.92,0.92
er4,er4_m60_s1,es_transfer_dc,1,375,18760,1.484383399254987,92.0,92.0,0.19768165190260145,0.0013120649187955483,20,37,0.005754119250923395,584.3046301000286,0.92,0.92
er4,er4_m60_s1,es_transfer_dc,1,380,19010,1.484383399254987,92.0,92.0,0.19768165190260145,0.0013120649187955483,20,37,0.006253784988075495,589.5801899000071,0.92,0.92
er4,er4_m60_s1,es_transfer_dc,1,385,19260,1.4843833992549873,92.0,92.0,0.1976816519026014,0.0013120649187955483,20,38,0.00605773413553834,598.7303685999941,0.92,0.92
er4,er4_m60_s1,es_transfer_dc,1,390,19510,1.4843833992549873,92.0,92.0,0.1976816519026014,0.0013120649187955483,20,38,0.005664105527102947,607.6081760000088,0.92,0.92
er4,er4_m60_s1,es_transfer_dc,1,395,19760,1.4845777060140009,92.0,92.0,0.19932728496808647,0.002131728971493732,20,36,0.0053062113001942635,613.0028968999977,0.92,0.92
er4,er4_m60_s1,es_transfer_dc,1,400,20010,1.4845777060140009,92.0,92.0,0.19932728496808644,0.002131728971493718,20,36,0.005300971679389477,622.0240079999785,0.92,0.92
er4,er4_m60_s1,es_transfer_dc,2,0,10,0.8149135670679774,61.0,59.2,0.03190252217659621,0.0017974010528312402,20,35,,0.05140570004004985,0.61,0.5920000000000001
er4,er4_m60_s1,es_transfer_dc,2,5,260,1.1629045568794878,80.0,78.2,0.08966697303022703,0.0020318301040357627,20,39,0.008400941267609596,5.508831900020596,0.8,0.782
er4,er4_m60_s1,es_transfer_dc,2,10,510,1.2035940376368959,82.0,82.1,0.09338803952868957,0.001985570923878917,20,39,0.012120951898396015,15.057157300005201,0.82,0.821
er4,er4_m60_s1,es_transfer_dc,2,15,760,1.248959315441956,84.0,83.5,0.10613854619517324,0.006985186982405606,20,39,0.013420884497463703,24.65230660000816,0.84,0.835
er4,er4_m60_s1,es_transfer_dc,2,20,1010,1.2667412685225292,87.0,85.5,0.07973952559558914,0.005548629421016468,20,39,0.009806775487959385,30.24808099999791,0.87,0.855
er4,er4_m60_s1,es_transfer_dc,2,25,1260,1.2881720236477818,88.0,86.9,0.09976281712867317,0.005161564943520897,20,38,0.012530308216810226,40.11116440000478,0.88,0.8690000000000001
er4,er4_m60_s1,es_transfer_dc,2,30,1510,1.297256241510895,88.0,88.2,0.10206304277034711,0.00571206119140245,20,38,0.00877703819423914,49.66205109999282,0.88,0.882
er4,er4_m60_s1,es_transfer_dc,2,35,1760,1.297256241510895,88.0,88.0,0.10206304277034711,0.00571206119140245,20,38,0.008811025880277157,55.15917649999028,0.88,0.88
er4,er4_m60_s1,es_transfer_dc,2,40,2010,1.3089787933051626,89.0,88.2,0.09847440618083722,0.0016183096587494283,20,38,0.007619237527251244,64.74646049999865,0.89,0.882
er4,er4_m60_s1,es_transfer_dc,2,45,2260,1.3089787933051629,89.0,88.7,0.09847440618083705,0.0016183096587493806,20,37,0.0063753859139978886,74.12722140003461,0.89,0.887
er4,er4_m60_s1,es_transfer_dc,2,50,2510,1.3165816654905695,90.0,89.1,0.084950985820449,0.0009640725779087866,20,35,0.007104811258614063,79.56298340001376,0.9,0.8909999999999999
er4,er4_m60_s1,es_transfer_dc,2,55,2760,1.3165816654905695,90.0,89.1,0.084950985820449,0.0009640725779087866,20,35,0.007576545234769583,89.1166041000397,0.9,0.8909999999999999
er4,er4_m60_s1,es_transfer_dc,2,60,3010,1.324577358679134,91.0,89.6,0.0794303424777826,0.0022111629376297404,20,35,0.006749345920979977,98.61378130002413,0.91,0.8959999999999999
er4,er4_m60_s1,es_transfer_dc,2,65,3260,1.324577358679134,91.0,90.3,0.0794303424777826,0.0022111629376297404,20,35,0.0070733074098825455,104.05169500003103,0.91,0.903
er4,er4_m60_s1,es_transfer_dc,2,70,3510,1.324577358679134,91.0,90.5,0.07943034247778263,0.0022111629376297716,20,35,0.006361421197652817,113.53740530001232,0.91,0.905
er4,er4_m60_s1,es_transfer_dc,2,75,3760,1.324577358679134,91.0,91.0,0.07943034247778263,0.0022111629376297716,20,35,0.006827957928180695,123.00646020000568,0.91,0.91
er4,er4_m60_s1,es_transfer_dc,2,80,4010,1.324577358679134,91.0,91.0,0.07943034247778258,0.002211162937629744,20,34,0.005722159054130316,128.48084899998503,0.91,0.91
er4,er4_m60_s1,es_transfer_dc,2,85,4260,1.3344088339869378,91.0,91.0,0.08739356054276795,0.004360392463835343,20,35,0.004909639246761799,137.8099768999964,0.91,0.91
er4,er4_m60_s1,es_transfer_dc,2,90,4510,1.3344088339869378,91.0,91.0,0.08739356054276795,0.004360392463835343,20,35,0.006294592749327421,147.48259480000706,0.91,0.91
er4,er4_m60_s1,es_transfer_dc,2,95,4760,1.3403419843107405,91.0,91.0,0.08955435314078102,0.002029342698696793,20,35,0.0067305052652955055,153.05062270001508,0.91,0.91
er4,er4_m60_s1,es_transfer_dc,2,100,5010,1.3403419843107405,91.0,91.0,0.08955435314078102,0.002029342698696793,20,35,0.005557212512940168,162.60114290000638,0.91,0.91
er4,er4_m60_s1,es_transfer_dc,2,105,5260,1.3403419843107405,91.0,91.0,0.08955435314078106,0.0020293426986968365,20,34,0.005221175961196423,172.04909210000187,0.91,0.91
er4,er4_m60_s1,es_transfer_dc,2,110,5510,1.3403419843107405,91.0,91.0,0.089554353140781,0.0020293426986968174,20,35,0.0055796485394239426,177.47227690002182,0.91,0.91
er4,er4_m60_s1,es_transfer_dc,2,115,5760,1.3403419843107405,91.0,91.0,0.08955435314078106,0.0020293426986968365,20,34,0.006153066176921129,187.3340715999948,0.91,0.91
er4,er4_m60_s1,es_transfer_dc,2,120,6010,1.343782468432822,91.0,91.0,0.09832512254558226,0.0020293426986967428,20,35,0.0043164570815861225,196.84175200003665,0.91,0.91
er4,er4_m60_s1,es_transfer_dc,2,125,6260,1.343782468432822,91.0,91.0,0.09832512254558226,0.0020293426986967428,20,35,0.0062258862890303135,202.3145134000224,0.91,0.91
er4,er4_m60_s1,es_transfer_dc,2,130,6510,1.343782468432822,91.0,91.0,0.09832512254558226,0.0020293426986967428,20,35,0.004852013662457466,211.86916400003247,0.91,0.91
er4,er4_m60_s1,es_transfer_dc,2,135,6760,1.343782468432822,91.0,91.0,0.09832512254558226,0.0020293426986967428,20,35,0.004864483140408993,221.3414405999938,0.91,0.91
er4,er4_m60_s1,es_transfer_dc,2,140,7010,1.343782468432822,91.0,91.0,0.09832512254558226,0.0020293426986967428,20,35,0.0036224783398211002,226.58412040001713,0.91,0.91
er4,er4_m60_s1,es_transfer_dc,2,145,7260,1.343782468432822,91.0,91.0,0.09832512254558226,0.0020293426986967428,20,35,0.004671057220548391,236.05481440003496,0.91,0.91
er4,er4_m60_s1,es_transfer_dc,2,150,7510,1.343782468432822,91.0,91.0,0.09832512254558226,0.0020293426986967428,20,35,0.004481024574488401,245.63764179998543,0.91,0.91
er4,er4_m60_s1,es_transfer_dc,2,155,7760,1.343782468432822,91.0,91.0,0.09832512254558226,0.0020293426986967428,20,35,0.003278065472841263,251.0248613000149,0.91,0.91
er4,er4_m60_s1,es_transfer_dc,2,160,8010,1.343782468432822,91.0,91.0,0.09832512254558219,0.0020293426986967913,20,36,0.003430314129218459,260.7055632999982,0.91,0.91
er4,er4_m60_s1,es_transfer_dc,2,165,8260,1.343782468432822,91.0,91.0,0.09832512254558225,0.002029342698696753,20,36,0.005324224010109901,270.207715800032,0.91,0.91
er4,er4_m60_s1,es_transfer_dc,2,170,8510,1.343782468432822,91.0,91.0,0.09832512254558218,0.0020293426986969267,20,36,0.005489745177328587,275.78332380001666,0.91,0.91
er4,er4_m60_s1,es_transfer_dc,2,175,8760,1.3438562114882848,91.0,91.0,0.09703427359884928,0.0016515252513965538,20,37,0.005549080204218626,285.4489911000128,0.91,0.91
er4,er4_m60_s1,es_transfer_dc,2,180,9010,1.3454498021698684,91.0,91.0,0.09942554359603346,0.001879247931224324,20,37,0.004267237614840269,295.19705570000224,0.91,0.91
er4,er4_m60_s1,es_transfer_dc,2,185,9260,1.3454498021698686,91.0,91.0,0.09942554359603359,0.0018792479312245113,20,37,0.004170035012066364,300.8139269000385,0.91,0.91
er4,er4_m60_s1,es_transfer_dc,2,190,9510,1.3454498021698686,91.0,91.0,0.09942554359603359,0.0018792479312245113,20,37,0.004525558557361364,310.45524899999145,0.91,0.91
er4,er4_m60_s1,es_transfer_dc,2,195,9760,1.3454498021698686,91.0,91.0,0.09942554359603359,0.0018792479312244141,20,36,0.004299295600503683,320.1486704000272,0.91,0.91
er4,er4_m60_s1,es_transfer_dc,2,200,10010,1.3454498021698686,91.0,91.0,0.09942554359603359,0.0018792479312245113,20,37,0.005108202341943979,325.68381660000887,0.91,0.91
er4,er4_m60_s1,es_transfer_dc,2,205,10260,1.3454498021698686,91.0,91.0,0.09942554359603359,0.0018792479312244141,20,36,0.0047905598767101765,335.4318359000026,0.91,0.91
er4,er4_m60_s1,es_transfer_dc,2,210,10510,1.3454498021698686,91.0,91.0,0.09942554359603362,0.0018792479312245251,20,36,0.003750388277694583,345.10441169998376,0.91,0.91
er4,er4_m60_s1,es_transfer_dc,2,215,10760,1.3454498021698686,91.0,91.0,0.09942554359603359,0.0018792479312245113,20,37,0.0047278814017772675,350.6561412999872,0.91,0.91
er4,er4_m60_s1,es_transfer_dc,2,220,11010,1.3454498021698686,91.0,91.0,0.09942554359603356,0.001879247931224303,20,37,0.00276956451125443,360.5946372000035,0.91,0.91
er4,er4_m60_s1,es_transfer_dc,2,225,11260,1.3454498021698686,91.0,91.0,0.09942554359603359,0.0018792479312244141,20,36,0.0034960531629621983,370.53831179998815,0.91,0.91
er4,er4_m60_s1,es_transfer_dc,2,230,11510,1.3454498021698686,91.0,91.0,0.09942554359603356,0.0018792479312246813,20,36,0.005114568397402763,376.008676700003,0.91,0.91
er4,er4_m60_s1,es_transfer_dc,2,235,11760,1.3470607991255568,91.0,91.0,0.10010928425899393,0.0009411997246042041,20,37,0.004553645383566618,385.7384150000289,0.91,0.91
er4,er4_m60_s1,es_transfer_dc,2,240,12010,1.3470607991255568,91.0,91.0,0.10010928425899387,0.0009411997246041425,20,36,0.003375646658241749,394.99365200003376,0.91,0.91
er4,er4_m60_s1,es_transfer_dc,2,245,12260,1.3470607991255568,91.0,91.0,0.10010928425899397,0.0009411997246040575,20,37,0.0035773618146777153,400.2003685000236,0.91,0.91
er4,er4_m60_s1,es_transfer_dc,2,250,12510,1.3470607991255568,91.0,91.0,0.10010928425899406,0.000941199724604113,20,37,0.0032108176965266466,409.5167395999888,0.91,0.91
er4,er4_m60_s1,es_transfer_dc,2,255,12760,1.3470607991255568,91.0,91.0,0.10010928425899387,0.0009411997246041477,20,37,0.003478381782770157,418.59924830001546,0.91,0.91
er4,er4_m60_s1,es_transfer_dc,2,260,13010,1.3470607991255568,91.0,91.0,0.10010928425899399,0.0009411997246041269,20,37,0.0033575003035366535,423.7003150000237,0.91,0.91
er4,er4_m60_s1,es_transfer_dc,2,265,13260,1.3470607991255568,91.0,91.0,0.10010928425899393,0.0009411997246042136,20,36,0.00304375565610826,432.68294550001156,0.91,0.91
er4,er4_m60_s1,es_transfer_dc,2,270,13510,1.3470607991255568,91.0,91.0,0.10010928425899394,0.0009411997246042136,20,36,0.0030168539378792048,442.03841169999214,0.91,0.91
er4,er4_m60_s1,es_transfer_dc,2,275,13760,1.3470607991255568,91.0,91.0,0.10010928425899406,0.000941199724604113,20,37,0.0033962768502533436,447.5431951000355,0.91,0.91
er4,er4_m60_s1,es_transfer_dc,2,280,14010,1.3470607991255568,91.0,91.0,0.10010928425899399,0.0009411997246041269,20,37,0.002870821626856923,456.66010720003396,0.91,0.91
er4,er4_m60_s1,es_transfer_dc,2,285,14260,1.3470607991255568,91.0,91.0,0.10010928425899399,0.0009411997246041269,20,37,0.003710927441716194,465.74183890002314,0.91,0.91
er4,er4_m60_s1,es_transfer_dc,2,290,14510,1.3470607991255568,91.0,91.0,0.10010928425899382,0.0009411997246040844,20,36,0.003499165875837207,470.814853399992,0.91,0.91
er4,er4_m60_s1,es_transfer_dc,2,295,14760,1.3470607991255568,91.0,91.0,0.10010928425899401,0.0009411997246039916,20,36,0.0035138698294758797,479.9473329000175,0.91,0.91
er4,er4_m60_s1,es_transfer_dc,2,300,15010,1.3470607991255568,91.0,91.0,0.10010928425899393,0.0009411997246042136,20,36,0.0030900309793651104,488.9711129000061,0.91,0.91
er4,er4_m60_s1,es_transfer_dc,2,305,15260,1.3470607991255568,91.0,91.0,0.10010928425899382,0.0009411997246040844,20,36,0.003282366320490837,494.3578048000345,0.91,0.91
er4,er4_m60_s1,es_transfer_dc,2,310,15510,1.3470607991255568,91.0,91.0,0.10010928425899399,0.0009411997246041269,20,35,0.003231270471587777,503.51948920002906,0.91,0.91
er4,er4_m60_s1,es_transfer_dc,2,315,15760,1.3470607991255568,91.0,91.0,0.10010928425899387,0.0009411997246042744,20,35,0.003591167740523815,512.658295900037,0.91,0.91
er4,er4_m60_s1,es_transfer_dc,2,320,16010,1.3470607991255568,91.0,91.0,0.10010928425899394,0.0009411997246042136,20,36,0.003123222617432475,517.9213546999963,0.91,0.91
er4,er4_m60_s1,es_transfer_dc,2,325,16260,1.3470607991255568,91.0,91.0,0.10010928425899399,0.0009411997246041269,20,35,0.0032526464201509953,527.5203561999951,0.91,0.91
er4,er4_m60_s1,es_transfer_dc,2,330,16510,1.3470607991255568,91.0,91.0,0.10010928425899393,0.0009411997246042136,20,36,0.003188313217833638,537.0506817999994,0.91,0.91
er4,er4_m60_s1,es_transfer_dc,2,335,16760,1.3470607991255568,91.0,91.0,0.10010928425899387,0.0009411997246042744,20,35,0.0035412274301052094,542.5560974000255,0.91,0.91
er4,er4_m60_s1,es_transfer_dc,2,340,17010,1.3470607991255568,91.0,91.0,0.10010928425899387,0.0009411997246041425,20,36,0.0024345971178263426,552.1202694000094,0.91,0.91
er4,er4_m60_s1,es_transfer_dc,2,345,17260,1.3470607991255568,91.0,91.0,0.1001092842589939,0.0009411997246040714,20,35,0.0034515599254518747,561.797358700016,0.91,0.91
er4,er4_m60_s1,es_transfer_dc,2,350,17510,1.3470607991255568,91.0,91.0,0.10010928425899393,0.0009411997246042041,20,37,0.00292904837988317,567.3733475999907,0.91,0.91
er4,er4_m60_s1,es_transfer_dc,2,355,17760,1.3470607991255568,91.0,91.0,0.10010928425899385,0.0009411997246040237,20,36,0.0036929992493242025,577.2543105999939,0.91,0.91
er4,er4_m60_s1,es_transfer_dc,2,360,18010,1.3470607991255568,91.0,91.0,0.10010928425899393,0.0009411997246042136,20,36,0.002536563668400049,586.9786956000025,0.91,0.91
er4,er4_m60_s1,es_transfer_dc,2,365,18260,1.3470607991255568,91.0,91.0,0.10010928425899396,0.0009411997246040367,20,37,0.002566523617133498,592.6775242000003,0.91,0.91
er4,er4_m60_s1,es_transfer_dc,2,370,18510,1.3470607991255568,91.0,91.0,0.10010928425899393,0.0009411997246042041,20,37,0.0026028729043900967,602.4651150000282,0.91,0.91
er4,er4_m60_s1,es_transfer_dc,2,375,18760,1.3470607991255568,91.0,91.0,0.10010928425899393,0.000941199724604139,20,37,0.002287189941853285,612.3349586999975,0.91,0.91
er4,er4_m60_s1,es_transfer_dc,2,380,19010,1.3470607991255568,91.0,91.0,0.10010928425899406,0.000941199724604113,20,37,0.0029215512331575155,617.7813107999973,0.91,0.91
er4,er4_m60_s1,es_transfer_dc,2,385,19260,1.3470607991255568,91.0,91.0,0.10010928425899387,0.0009411997246042744,20,35,0.0023145428858697414,627.4726728000096,0.91,0.91
er4,er4_m60_s1,es_transfer_dc,2,390,19510,1.3470607991255568,91.0,91.0,0.10010928425899393,0.0009411997246042136,20,36,0.002414993243291974,637.0713547000196,0.91,0.91
er4,er4_m60_s1,es_transfer_dc,2,395,19760,1.3470607991255568,91.0,91.0,0.10010928425899399,0.0009411997246041269,20,37,0.002320823958143592,642.5019055000157,0.91,0.91
er4,er4_m60_s1,es_transfer_dc,2,400,20010,1.3470607991255568,91.0,91.0,0.10010928425899385,0.0009411997246042206,20,37,0.002775793429464102,652.094122999988,0.91,0.91
er4,er4_m60_s1,es_transfer_dc,3,0,10,0.7537623779622079,57.0,60.5,0.043618584570616764,1.984089975648473e-17,20,32,,0.042564100003801286,0.57,0.605
er4,er4_m60_s1,es_transfer_dc,3,5,260,1.0889211885467376,80.0,76.5,0.029771355493806752,0.0005641535467335373,20,34,0.008279271423816681,5.785940900037531,0.8,0.765
er4,er4_m60_s1,es_transfer_dc,3,10,510,1.1581990383371847,84.0,80.9,0.04554153316786315,0.001228256174976124,20,34,0.009689283557236195,15.640529600030277,0.84,0.809
er4,er4_m60_s1,es_transfer_dc,3,15,760,1.1789895912700714,82.0,81.0,0.062290440660521786,0.0020236278484374315,20,38,0.009951489977538586,25.382539300015196,0.82,0.81
er4,er4_m60_s1,es_transfer_dc,3,20,1010,1.2334358120407685,86.0,84.7,0.07209867919406779,0.00023310865102198902,20,38,0.010686728172004223,30.939005799998995,0.86,0.847
er4,er4_m60_s1,es_transfer_dc,3,25,1260,1.2596083911762468,88.0,86.5,0.07354409756229748,0.0012051705856387053,20,38,0.015065775252878666,40.63956350000808,0.88,0.865
er4,er4_m60_s1,es_transfer_dc,3,30,1510,1.2889461168312735,89.0,88.4,0.08364519522957142,0.00040463148712824304,20,38,0.010991854593157768,50.45198449998861,0.89,0.884
er4,er4_m60_s1,es_transfer_dc,3,35,1760,1.3041536947383185,89.0,88.9,0.09213725900569106,0.00041556321712167554,20,38,0.010175048373639584,56.128527600027155,0.89,0.889
er4,er4_m60_s1,es_transfer_dc,3,40,2010,1.3041536947383185,89.0,88.8,0.09213725900569086,0.000415563217121679,20,37,0.011461758986115456,65.81414650002262,0.89,0.888
er4,er4_m60_s1,es_transfer_dc,3,45,2260,1.3082445452265459,89.0,89.0,0.08584223167654419,0.00041556321712170503,20,38,0.011581388302147388,75.44703229999868,0.89,0.89
er4,er4_m60_s1,es_transfer_dc,3,50,2510,1.319534064129896,90.0,89.3,0.10722858323336323,0.0007434474206263059,20,36,0.01063518226146698,81.32411729998421,0.9,0.893
er4,er4_m60_s1,es_transfer_dc,3,55,2760,1.3298094631330393,91.0,89.6,0.09534122434954492,0.01217514734602906,20,37,0.009545370936393738,90.80339549999917,0.91,0.8959999999999999
er4,er4_m60_s1,es_transfer_dc,3,60,3010,1.3384945510731268,91.0,90.9,0.09534341427020315,0.0016574882468647426,20,37,0.00809677504003048,100.46104550000746,0.91,0.909
er4,er4_m60_s1,es_transfer_dc,3,65,3260,1.3416754407265745,91.0,91.0,0.10097012019812773,0.0007784780686184017,20,36,0.009309095330536366,105.96763999998802,0.91,0.91
er4,er4_m60_s1,es_transfer_dc,3,70,3510,1.3430439137857109,91.0,91.0,0.10309518130791696,0.00045522454224253966,20,38,0.009935565292835236,115.48966630001087,0.91,0.91
er4,er4_m60_s1,es_transfer_dc,3,75,3760,1.3461790548661305,91.0,91.1,0.10097012019812757,0.0007784780686182075,20,35,0.0070273964665830135,124.68831350002438,0.91,0.9109999999999999
er4,er4_m60_s1,es_transfer_dc,3,80,4010,1.3512497488983355,91.0,91.0,0.11172844383884489,0.0010564182626374083,20,38,0.006870629731565714,129.7616833000211,0.91,0.91
er4,er4_m60_s1,es_transfer_dc,3,85,4260,1.3582718492819117,91.0,91.0,0.10859581786082874,0.0018995907652843147,20,38,0.007279888726770878,138.71559089998482,0.91,0.91
er4,er4_m60_s1,es_transfer_dc,3,90,4510,1.3582718492819117,91.0,91.0,0.10859581786082874,0.0018995907652843147,20,38,0.005930480547249317,147.4598267999827,0.91,0.91
er4,er4_m60_s1,es_transfer_dc,3,95,4760,1.359555360630689,91.0,91.0,0.10859581786082892,0.0018995907652843008,20,38,0.006425202824175358,152.5610549999983,0.91,0.91
er4,er4_m60_s1,es_transfer_dc,3,100,5010,1.359555360630689,91.0,91.0,0.10859581786082892,0.0018995907652843008,20,38,0.007700345478951931,161.5197813999839,0.91,0.91
er4,er4_m60_s1,es_transfer_dc,3,105,5260,1.359555360630689,91.0,91.0,0.10859581786082892,0.0018995907652843008,20,38,0.007825124077498913,170.40947030001553,0.91,0.91
er4,er4_m60_s1,es_transfer_dc,3,110,5510,1.362202346461618,91.0,91.0,0.10712388282109174,0.0005945598874562471,20,37,0.005201872903853655,175.53290370001923,0.91,0.91
er4,er4_m60_s1,es_transfer_dc,3,115,5760,1.362202346461618,91.0,91.1,0.10712388282109174,0.0005945598874562471,20,37,0.005395428743213415,184.42177300003823,0.91,0.9109999999999999
er4,er4_m60_s1,es_transfer_dc,3,120,6010,1.3624213479663032,91.0,91.1,0.10849318158564628,0.00015372033239141082,20,37,0.008625547401607037,193.27956029999768,0.91,0.9109999999999999
er4,er4_m60_s1,es_transfer_dc,3,125,6260,1.3682561210440563,91.0,91.1,0.10714139446697676,0.001594359950019747,20,37,0.007352016866207123,198.3748854000005,0.91,0.9109999999999999
er4,er4_m60_s1,es_transfer_dc,3,130,6510,1.369522662801636,91.0,91.0,0.11468462197883471,0.0010671548546451887,20,37,0.007591038476675749,207.44242259999737,0.91,0.91
er4,er4_m60_s1,es_transfer_dc,3,135,6760,1.3723004066966455,91.0,91.0,0.11207914386384468,0.0008120590758498997,20,37,0.007477271370589733,216.4891392000136,0.91,0.91
er4,er4_m60_s1,es_transfer_dc,3,140,7010,1.373298246949699,91.0,91.0,0.12702130262706465,0.0017214197212745237,20,37,0.0065610697492957115,221.75543900002958,0.91,0.91
er4,er4_m60_s1,es_transfer_dc,3,145,7260,1.3734782750984231,91.0,91.0,0.11036932953297066,0.002725125265495107,20,38,0.005587783642113209,230.77102570002899,0.91,0.91
er4,er4_m60_s1,es_transfer_dc,3,150,7510,1.3734782750984231,91.0,91.0,0.11036932953297071,0.0027251252654951486,20,37,0.005932854488492012,239.90696210000897,0.91,0.91
er4,er4_m60_s1,es_transfer_dc,3,155,7760,1.3752375898447144,92.0,91.1,0.10113883044972329,0.003261489381787913,20,38,0.006055639125406742,245.05486560001737,0.92,0.9109999999999999
er4,er4_m60_s1,es_transfer_dc,3,160,8010,1.3752375898447144,92.0,91.2,0.10113883044972329,0.003261489381787913,20,38,0.005801021121442318,254.22889760002727,0.92,0.912
er4,er4_m60_s1,es_transfer_dc,3,165,8260,1.3783878572126158,91.0,91.3,0.12209387883804461,0.0020470696319083506,20,38,0.005033131688833237,263.3136833999888,0.91,0.9129999999999999
er4,er4_m60_s1,es_transfer_dc,3,170,8510,1.3796566056501,92.0,91.5,0.11403558883549654,0.003261489381787927,20,38,0.004353863187134266,268.5921105000307,0.92,0.915
er4,er4_m60_s1,es_transfer_dc,3,175,8760,1.3796566056501,92.0,91.5,0.11403558883549654,0.003261489381787927,20,38,0.005785602610558271,277.7648855000152,0.92,0.915
er4,er4_m60_s1,es_transfer_dc,3,180,9010,1.3796566056501,92.0,91.6,0.11403558883549654,0.003261489381787927,20,38,0.004875709768384695,287.07822940003825,0.92,0.9159999999999999
er4,er4_m60_s1,es_transfer_dc,3,185,9260,1.3796566056501,92.0,91.2,0.11403558883549654,0.003261489381787927,20,38,0.004478788934648037,292.5334416999831,0.92,0.912
er4,er4_m60_s1,es_transfer_dc,3,190,9510,1.3796566056501,92.0,91.2,0.11403558883549654,0.003261489381787927,20,38,0.006523074582219124,302.2510377999861,0.92,0.912
er4,er4_m60_s1,es_transfer_dc,3,195,9760,1.381316867036905,92.0,91.4,0.10444695231471687,0.0005588520373807707,20,38,0.004681298043578863,311.90947180002695,0.92,0.914
er4,er4_m60_s1,es_transfer_dc,3,200,10010,1.3887442245843051,92.0,91.7,0.11707626470648165,0.005513405252976805,20,37,0.004592209588736296,317.34317960002227,0.92,0.917
er4,er4_m60_s1,es_transfer_dc,3,205,10260,1.3901309392422914,92.0,91.9,0.10130508025404503,0.00647786002423259,20,38,0.005765948910266161,327.02093960001366,0.92,0.919
er4,er4_m60_s1,es_transfer_dc,3,210,10510,1.3901309392422914,92.0,92.0,0.10130508025404503,0.00647786002423259,20,38,0.005727443844079971,336.77743630000623,0.92,0.92
er4,er4_m60_s1,es_transfer_dc,3,215,10760,1.3901309392422914,92.0,92.0,0.10130508025404503,0.00647786002423259,20,38,0.003675792831927538,342.1487036999897,0.92,0.92
er4,er4_m60_s1,es_transfer_dc,3,220,11010,1.3941627070693758,92.0,92.0,0.12036890487098195,0.0021674432398775118,20,38,0.0038995156064629555,351.77547689998755,0.92,0.92
er4,er4_m60_s1,es_transfer_dc,3,225,11260,1.3941627070693758,92.0,92.0,0.12036890487098195,0.0021674432398775118,20,38,0.004651735536754131,361.3082295000204,0.92,0.92
er4,er4_m60_s1,es_transfer_dc,3,230,11510,1.3941627070693758,92.0,92.0,0.12036890487098195,0.0021674432398775118,20,38,0.004706983454525471,366.78626060002716,0.92,0.92
er4,er4_m60_s1,es_transfer_dc,3,235,11760,1.3991151666720478,92.0,92.0,0.12633351240818597,0.003332262417157429,20,38,0.003452164586633444,376.3421834000037,0.92,0.92
er4,er4_m60_s1,es_transfer_dc,3,240,12010,1.3991151666720478,92.0,92.0,0.12633351240818588,0.0033322624171574083,20,38,0.0052267760038375854,385.78294380003354,0.92,0.92
er4,er4_m60_s1,es_transfer_dc,3,245,12260,1.3991151666720478,92.0,92.0,0.12633351240818624,0.00333226241715754,20,38,0.005639947485178709,391.2837470000377,0.92,0.92
er4,er4_m60_s1,es_transfer_dc,3,250,12510,1.3991151666720478,92.0,92.0,0.12633351240818588,0.0033322624171574083,20,38,0.004264918155968189,401.0240450000274,0.92,0.92
er4,er4_m60_s1,es_transfer_dc,3,255,12760,1.3991151666720478,92.0,92.0,0.12633351240818624,0.0033322624171574222,20,38,0.0048773749731481075,410.7457127000089,0.92,0.92
er4,er4_m60_s1,es_transfer_dc,3,260,13010,1.3991151666720478,92.0,92.0,0.12633351240818597,0.003332262417157429,20,38,0.004548724740743637,416.18862269999227,0.92,0.92
er4,er4_m60_s1,es_transfer_dc,3,265,13260,1.3991151666720478,92.0,92.0,0.12633351240818597,0.003332262417157429,20,38,0.0040300339460372925,425.819681700028,0.92,0.92
er4,er4_m60_s1,es_transfer_dc,3,270,13510,1.3991151666720478,92.0,92.0,0.12633351240818588,0.0033322624171574083,20,38,0.0048123737797141075,435.3575931999949,0.92,0.92
er4,er4_m60_s1,es_transfer_dc,3,275,13760,1.3991151666720478,92.0,92.0,0.12633351240818608,0.0033322624171574014,20,37,0.005343780852854252,440.88342740002554,0.92,0.92
er4,er4_m60_s1,es_transfer_dc,3,280,14010,1.3991151666720478,92.0,92.0,0.12633351240818602,0.0033322624171574396,20,38,0.004742777440696955,450.45428370003356,0.92,0.92
er4,er4_m60_s1,es_transfer_dc,3,285,14260,1.3991151666720478,92.0,92.0,0.12633351240818597,0.003332262417157429,20,38,0.00458748172968626,459.8938893000013,0.92,0.92
er4,er4_m60_s1,es_transfer_dc,3,290,14510,1.3991151666720478,92.0,92.0,0.12633351240818608,0.0033322624171574014,20,37,0.005460665561258793,465.3860649000271,0.92,0.92
er4,er4_m60_s1,es_transfer_dc,3,295,14760,1.3991151666720478,92.0,92.0,0.12633351240818624,0.00333226241715754,20,38,0.004228540230542421,474.9436020000139,0.92,0.92
er4,er4_m60_s1,es_transfer_dc,3,300,15010,1.3991151666720478,92.0,92.0,0.12633351240818588,0.0033322624171574083,20,38,0.004197160713374615,484.68753039999865,0.92,0.92
er4,er4_m60_s1,es_transfer_dc,3,305,15260,1.3991151666720478,92.0,92.0,0.12633351240818624,0.0033322624171574222,20,38,0.004840564448386431,490.21967329998733,0.92,0.92
er4,er4_m60_s1,es_transfer_dc,3,310,15510,1.399115166672048,92.0,92.0,0.12633351240818613,0.003332262417157443,20,38,0.003606628393754363,499.79317200003425,0.92,0.92
er4,er4_m60_s1,es_transfer_dc,3,315,15760,1.399115166672048,92.0,92.0,0.12633351240818613,0.003332262417157443,20,38,0.003958411514759064,509.306313899986,0.92,0.92
er4,er4_m60_s1,es_transfer_dc,3,320,16010,1.399115166672048,92.0,92.0,0.12633351240818613,0.003332262417157443,20,38,0.0039116451516747475,514.7696619000053,0.92,0.92
er4,er4_m60_s1,es_transfer_dc,3,325,16260,1.399115166672048,92.0,92.0,0.12633351240818613,0.003332262417157443,20,38,0.0041412850841879845,524.5427082999959,0.92,0.92
er4,er4_m60_s1,es_transfer_dc,3,330,16510,1.399115166672048,92.0,92.0,0.12633351240818613,0.003332262417157443,20,38,0.004778746515512466,534.0885617000167,0.92,0.92
er4,er4_m60_s1,es_transfer_dc,3,335,16760,1.399115166672048,92.0,92.0,0.12633351240818613,0.003332262417157443,20,38,0.003611072199419141,539.5781874000095,0.92,0.92
er4,er4_m60_s1,es_transfer_dc,3,340,17010,1.399115166672048,92.0,92.0,0.12633351240818613,0.003332262417157443,20,38,0.004879170097410679,549.0637541000033,0.92,0.92
er4,er4_m60_s1,es_transfer_dc,3,345,17260,1.399115166672048,92.0,92.0,0.12633351240818613,0.003332262417157443,20,38,0.004484546836465597,558.6223657000228,0.92,0.92
er4,er4_m60_s1,es_transfer_dc,3,350,17510,1.399115166672048,92.0,92.0,0.12633351240818613,0.003332262417157443,20,38,0.003888868959620595,564.1967200000072,0.92,0.92
er4,er4_m60_s1,es_transfer_dc,3,355,17760,1.399115166672048,92.0,92.0,0.12633351240818613,0.003332262417157443,20,38,0.003162318142130971,573.8438114000019,0.92,0.92
er4,er4_m60_s1,es_transfer_dc,3,360,18010,1.399115166672048,92.0,92.0,0.12633351240818613,0.003332262417157443,20,38,0.004329335410147905,583.5211696000188,0.92,0.92
er4,er4_m60_s1,es_transfer_dc,3,365,18260,1.399115166672048,92.0,92.0,0.12633351240818613,0.003332262417157443,20,38,0.003724179230630398,589.1036625999841,0.92,0.92
er4,er4_m60_s1,es_transfer_dc,3,370,18510,1.399115166672048,92.0,92.0,0.12633351240818613,0.003332262417157443,20,38,0.004132598172873259,598.7638700000243,0.92,0.92
er4,er4_m60_s1,es_transfer_dc,3,375,18760,1.399115166672048,92.0,92.0,0.12633351240818613,0.003332262417157443,20,38,0.0038184388540685177,608.2994495999883,0.92,0.92
er4,er4_m60_s1,es_transfer_dc,3,380,19010,1.399115166672048,92.0,92.0,0.12633351240818613,0.003332262417157443,20,38,0.0033632919657975435,613.7668578000157,0.92,0.92
er4,er4_m60_s1,es_transfer_dc,3,385,19260,1.399115166672048,92.0,92.0,0.12633351240818613,0.003332262417157443,20,38,0.00336333061568439,623.40395300003,0.92,0.92
er4,er4_m60_s1,es_transfer_dc,3,390,19510,1.399115166672048,92.0,92.0,0.12633351240818613,0.003332262417157443,20,38,0.0031436672434210777,632.9815171000082,0.92,0.92
er4,er4_m60_s1,es_transfer_dc,3,395,19760,1.399115166672048,92.0,92.0,0.12633351240818613,0.003332262417157443,20,38,0.003712092526257038,638.4828019000124,0.92,0.92
er4,er4_m60_s1,es_transfer_dc,3,400,20010,1.399115166672048,92.0,92.0,0.12633351240818613,0.003332262417157443,20,38,0.0047216820530593395,647.9143058999907,0.92,0.92
er4,er4_m60_s1,es_transfer_dc,4,0,10,0.820919656303584,62.0,59.3,0.067840025423876,0.0028286894968670324,20,38,,0.055104699975345284,0.62,0.593
er4,er4_m60_s1,es_transfer_dc,4,5,260,1.0850297528841168,77.0,75.7,0.06198189899632689,0.0005405352636854779,20,32,0.01644502766430378,5.423502999998163,0.77,0.757
er4,er4_m60_s1,es_transfer_dc,4,10,510,1.2132958058292314,84.0,81.6,0.11601943252729101,9.367506770274758e-17,20,32,0.017543049529194832,14.579234800010454,0.84,0.816
er4,er4_m60_s1,es_transfer_dc,4,15,760,1.2669035960895723,86.0,85.1,0.11754682660672341,0.0011867952213596763,20,33,0.0192890465259552,23.71053280000342,0.86,0.851
er4,er4_m60_s1,es_transfer_dc,4,20,1010,1.2718199418536196,86.0,85.8,0.12363228497540936,8.673617379884035e-17,20,33,0.02214355766773224,28.947818399989046,0.86,0.858
er4,er4_m60_s1,es_transfer_dc,4,25,1260,1.2927160053420144,86.0,86.0,0.1155737814103957,1.3010426069826053e-17,20,32,0.018082240596413612,38.24924169998849,0.86,0.86
er4,er4_m60_s1,es_transfer_dc,4,30,1510,1.294671341939698,86.0,86.0,0.10499472904410437,0.001395331867819741,20,32,0.023372141644358635,47.630451900011394,0.86,0.86
er4,er4_m60_s1,es_transfer_dc,4,35,1760,1.3003330256128691,86.0,85.9,0.0913729797938182,0.0013523211004854742,20,32,0.01967914216220379,52.94013120001182,0.86,0.8590000000000001
er4,er4_m60_s1,es_transfer_dc,4,40,2010,1.3063707042071029,86.0,85.3,0.14274968601329274,0.0032494474055109537,20,33,0.024678682908415794,62.53852070000721,0.86,0.853
er4,er4_m60_s1,es_transfer_dc,4,45,2260,1.3063707042071029,86.0,86.0,0.14274968601329274,0.0032494474055109537,20,33,0.02207295596599579,71.99327279999852,0.86,0.86
er4,er4_m60_s1,es_transfer_dc,4,50,2510,1.3063707042071029,86.0,86.0,0.14274968601329274,0.0032494474055109537,20,33,0.01622634567320347,77.41097450000234,0.86,0.86
er4,er4_m60_s1,es_transfer_dc,4,55,2760,1.3063707042071029,86.0,86.0,0.14274968601329274,0.0032494474055109537,20,33,0.014791889116168022,86.85433729999932,0.86,0.86
er4,er4_m60_s1,es_transfer_dc,4,60,3010,1.3063707042071029,86.0,86.0,0.14274968601329274,0.0032494474055109537,20,33,0.017414074391126633,96.38967249996495,0.86,0.86
er4,er4_m60_s1,es_transfer_dc,4,65,3260,1.3072203076370452,86.0,86.0,0.1510511196344474,0.0029830360832063044,20,33,0.012633242644369602,101.73060189996613,0.86,0.86
er4,er4_m60_s1,es_transfer_dc,4,70,3510,1.3072203076370452,86.0,86.0,0.1510511196344474,0.002983036083206426,20,33,0.018997719511389732,111.24002209998434,0.86,0.86
er4,er4_m60_s1,es_transfer_dc,4,75,3760,1.3072203076370452,86.0,86.0,0.15105111963444745,0.0029830360832064327,20,33,0.014098506420850754,121.1163310999982,0.86,0.86
er4,er4_m60_s1,es_transfer_dc,4,80,4010,1.3072203076370452,86.0,86.0,0.1510511196344474,0.002983036083206426,20,33,0.015256399288773537,126.44313510000939,0.86,0.86
er4,er4_m60_s1,es_transfer_dc,4,85,4260,1.3072203076370452,86.0,86.0,0.1510511196344474,0.0029830360832063044,20,33,0.011175611987709999,135.71004779997747,0.86,0.86
er4,er4_m60_s1,es_transfer_dc,4,90,4510,1.3076029154192954,86.0,86.0,0.13866605084184724,0.00044896850291001496,20,34,0.011641794815659523,144.94733970001107,0.86,0.86
er4,er4_m60_s1,es_transfer_dc,4,95,4760,1.3113557479051863,86.0,86.0,0.1184010057788708,0.002554631080962719,20,34,0.01090705581009388,150.25391359999776,0.86,0.86
er4,er4_m60_s1,es_transfer_dc,4,100,5010,1.3113557479051863,86.0,86.0,0.1184010057788708,0.002554631080962719,20,34,0.011314968578517437,159.45795479998924,0.86,0.86
er4,er4_m60_s1,es_transfer_dc,4,105,5260,1.3130602984431738,86.0,86.0,0.13327771302598784,0.0022499425038961067,20,34,0.012827623635530472,168.70992519997526,0.86,0.86
er4,er4_m60_s1,es_transfer_dc,4,110,5510,1.3130602984431738,86.0,86.0,0.13327771302598784,0.0022499425038961067,20,34,0.00931667722761631,174.0268395000021,0.86,0.86
er4,er4_m60_s1,es_transfer_dc,4,115,5760,1.3135816614065436,86.0,86.0,0.14440542090214903,9.845121426850512e-05,20,35,0.013256698846817017,183.31328800000483,0.86,0.86
er4,er4_m60_s1,es_transfer_dc,4,120,6010,1.3135816614065436,86.0,86.0,0.14440542090214903,9.845121426850512e-05,20,35,0.009287743829190731,192.52637719997438,0.86,0.86
er4,er4_m60_s1,es_transfer_dc,4,125,6260,1.3135816614065436,86.0,86.0,0.14440542090214903,9.845121426850512e-05,20,35,0.013371054083108902,197.82008599996334,0.86,0.86
er4,er4_m60_s1,es_transfer_dc,4,130,6510,1.3195619462608423,86.0,86.3,0.1345238259467883,0.0012598193354319623,20,35,0.01355697214603424,207.10575220000464,0.86,0.863
er4,er4_m60_s1,es_transfer_dc,4,135,6760,1.3215980203546467,86.0,86.2,0.14117567599380534,0.0006970940622055589,20,35,0.009156920947134495,216.49217079998925,0.86,0.862
er4,er4_m60_s1,es_transfer_dc,4,140,7010,1.3293249594098935,86.0,86.4,0.1480331817146263,0.000763692135846511,20,35,0.011515370570123196,221.86499599996023,0.86,0.8640000000000001
er4,er4_m60_s1,es_transfer_dc,4,145,7260,1.3293249594098935,86.0,86.8,0.1480331817146263,0.000763692135846511,20,35,0.012365777045488358,231.18075349996798,0.86,0.868
er4,er4_m60_s1,es_transfer_dc,4,150,7510,1.3326055305739584,87.0,86.3,0.12926761527227493,0.0010396653000665206,20,34,0.011753453873097897,240.44565539999167,0.87,0.863
er4,er4_m60_s1,es_transfer_dc,4,155,7760,1.3326055305739584,87.0,86.1,0.12926761527227493,0.0010396653000665206,20,34,0.009580651298165321,245.69302080001216,0.87,0.861
er4,er4_m60_s1,es_transfer_dc,4,160,8010,1.335431036498081,87.0,86.4,0.11364770211965725,0.0007324137459437594,20,34,0.008328941650688648,254.9849138999707,0.87,0.8640000000000001
er4,er4_m60_s1,es_transfer_dc,4,165,8260,1.3435610293325584,88.0,87.1,0.14107097616290498,0.0010574204380847524,20,34,0.007899359799921513,264.49054450000403,0.88,0.871
er4,er4_m60_s1,es_transfer_dc,4,170,8510,1.3435610293325584,88.0,87.3,0.1410709761629048,0.0010574204380848044,20,33,0.009703242219984531,269.89432979997946,0.88,0.873
er4,er4_m60_s1,es_transfer_dc,4,175,8760,1.3435610293325584,88.0,87.5,0.1410709761629047,0.0010574204380847767,20,34,0.00830146949738264,279.13373289996525,0.88,0.875
er4,er4_m60_s1,es_transfer_dc,4,180,9010,1.3465335398172777,88.0,88.0,0.15410992998665707,0.0014987349347369248,20,34,0.007106859236955643,288.3342754999758,0.88,0.88
er4,er4_m60_s1,es_transfer_dc,4,185,9260,1.3467066775272032,88.0,88.0,0.14925760934485266,0.0005655330217606488,20,33,0.00919375754892826,293.67576789995655,0.88,0.88
er4,er4_m60_s1,es_transfer_dc,4,190,9510,1.3483148816117343,88.0,88.0,0.1461891164975261,0.0021713109080464775,20,33,0.008714322000741959,303.06677509995643,0.88,0.88
er4,er4_m60_s1,es_transfer_dc,4,195,9760,1.3483148816117343,88.0,88.0,0.1461891164975261,0.0021713109080464775,20,33,0.006998661905527115,312.57585269998526,0.88,0.88
er4,er4_m60_s1,es_transfer_dc,4,200,10010,1.3512325383241444,88.0,88.0,0.1269015810338053,0.0002871514808063663,20,33,0.00855149794369936,317.9462625999586,0.88,0.88
er4,er4_m60_s1,es_transfer_dc,4,205,10260,1.3515710021392155,88.0,88.0,0.13394497701860117,0.0011876499349004425,20,33,0.008287305943667889,327.4601488999906,0.88,0.88
er4,er4_m60_s1,es_transfer_dc,4,210,10510,1.3535453744816863,88.0,88.0,0.12142246280829956,1.1443800076976762e-05,20,35,0.006666555069386959,336.86517529998673,0.88,0.88
er4,er4_m60_s1,es_transfer_dc,4,215,10760,1.3535453744816863,88.0,88.0,0.12142246280829956,1.1443800076976762e-05,20,35,0.008717545308172703,342.1384160000016,0.88,0.88
er4,er4_m60_s1,es_transfer_dc,4,220,11010,1.3541934758856748,88.0,88.0,0.1335504410516378,0.00278500831682299,20,35,0.0077054803259670734,351.5606083999737,0.88,0.88
er4,er4_m60_s1,es_transfer_dc,4,225,11260,1.3543208977264918,88.0,88.0,0.12322843308259879,0.0014446527281115323,20,35,0.00863679964095354,360.8887269999832,0.88,0.88
er4,er4_m60_s1,es_transfer_dc,4,230,11510,1.3554160270175213,88.0,88.0,0.12300777309524842,0.00271189683603844,20,35,0.008116328157484531,366.20205660001375,0.88,0.88
er4,er4_m60_s1,es_transfer_dc,4,235,11760,1.3554160270175213,88.0,88.0,0.12300777309524842,0.00271189683603844,20,35,0.007405620533972979,375.51702949998435,0.88,0.88
er4,er4_m60_s1,es_transfer_dc,4,240,12010,1.355811638511431,88.0,88.0,0.11857495492892876,0.001350129472014093,20,35,0.009919453412294388,385.25599400000647,0.88,0.88
er4,er4_m60_s1,es_transfer_dc,4,245,12260,1.355811638511431,88.0,88.0,0.11857495492892876,0.001350129472014093,20,35,0.008999094367027283,390.58194939995883,0.88,0.88
er4,er4_m60_s1,es_transfer_dc,4,250,12510,1.355811638511431,88.0,88.0,0.11857495492892876,0.001350129472014093,20,35,0.0073834932409226894,399.9724631999852,0.88,0.88
er4,er4_m60_s1,es_transfer_dc,4,255,12760,1.3558503529100217,88.0,88.0,0.12400073231774905,0.0029107766867932684,20,35,0.008645391091704369,409.4135596000124,0.88,0.88
er4,er4_m60_s1,es_transfer_dc,4,260,13010,1.357373659233597,88.0,88.0,0.12380633360786997,0.001768032805566571,20,33,0.008972220122814178,414.81894550001016,0.88,0.88
er4,er4_m60_s1,es_transfer_dc,4,265,13260,1.3573927548961684,88.0,88.0,0.13183289448400015,0.001273555231014193,20,35,0.008503426797688007,424.3148649999639,0.88,0.88
er4,er4_m60_s1,es_transfer_dc,4,270,13510,1.365808675119791,89.0,88.1,0.12143452781882572,0.008277349673905723,20,34,0.008503682911396027,433.93176569999196,0.89,0.8809999999999999
er4,er4_m60_s1,es_transfer_dc,4,275,13760,1.365808675119791,89.0,88.2,0.12143452781882572,0.008277349673905723,20,34,0.008636669255793095,439.3057344999979,0.89,0.882
er4,er4_m60_s1,es_transfer_dc,4,280,14010,1.365808675119791,89.0,88.3,0.12143452781882572,0.008277349673905723,20,34,0.008175498805940151,449.00080109998817,0.89,0.883
er4,er4_m60_s1,es_transfer_dc,4,285,14260,1.370841559839823,89.0,89.0,0.12531450947911402,0.0029112619815791583,20,34,0.007899106480181217,458.56415910000214,0.89,0.89
er4,er4_m60_s1,es_transfer_dc,4,290,14510,1.371400148435674,89.0,89.0,0.11389144840589273,0.0024242742525761134,20,33,0.010035058483481407,464.1673387999763,0.89,0.89
er4,er4_m60_s1,es_transfer_dc,4,295,14760,1.371400148435674,89.0,89.0,0.11389144840589273,0.0024242742525761134,20,33,0.00949886441230774,473.8085037000128,0.89,0.89
er4,er4_m60_s1,es_transfer_dc,4,300,15010,1.3720029174678057,89.0,89.0,0.12936032106160797,0.0021775311362895837,20,33,0.008046876639127731,483.4514448000118,0.89,0.89
er4,er4_m60_s1,es_transfer_dc,4,305,15260,1.3720029174678057,89.0,89.1,0.12936032106160797,0.0021775311362895837,20,33,0.008685831911861897,488.9654545999947,0.89,0.8909999999999999
er4,er4_m60_s1,es_transfer_dc,4,310,15510,1.3720029174678057,89.0,89.1,0.12936032106160794,0.0021775311362894866,20,34,0.007441766560077667,498.46093120001024,0.89,0.8909999999999999
er4,er4_m60_s1,es_transfer_dc,4,315,15760,1.3729768958387076,90.0,89.3,0.12535474549845643,0.0008726719448128133,20,34,0.006575468461960554,508.1145906999591,0.9,0.893
er4,er4_m60_s1,es_transfer_dc,4,320,16010,1.3734631995656827,90.0,89.4,0.13099953132329822,0.001415341175145999,20,34,0.007223605178296566,513.5476751999813,0.9,0.894
er4,er4_m60_s1,es_transfer_dc,4,325,16260,1.3738056022499219,90.0,89.7,0.14076120838190326,0.0009784129897125113,20,34,0.006082059815526009,522.9029503999627,0.9,0.897
er4,er4_m60_s1,es_transfer_dc,4,330,16510,1.376159148934713,90.0,89.5,0.13161905375551433,0.0016700012289037613,20,34,0.009037254378199577,532.224168899993,0.9,0.895
er4,er4_m60_s1,es_transfer_dc,4,335,16760,1.3891611949450196,90.0,89.7,0.14695506088708052,0.005990661201763611,20,35,0.006698869168758392,537.7159659999888,0.9,0.897
er4,er4_m60_s1,es_transfer_dc,4,340,17010,1.3891611949450196,90.0,90.0,0.14695506088708032,0.005990661201763534,20,34,0.006389150861650705,547.1090468000039,0.9,0.9
er4,er4_m60_s1,es_transfer_dc,4,345,17260,1.3910657427120472,90.0,90.0,0.15095117916954573,0.004316129505067169,20,35,0.006280133500695229,555.9217727999785,0.9,0.9
er4,er4_m60_s1,es_transfer_dc,4,350,17510,1.3910657427120472,90.0,90.0,0.15095117916954573,0.004316129505067169,20,35,0.006100054364651442,561.0284288999974,0.9,0.9
er4,er4_m60_s1,es_transfer_dc,4,355,17760,1.3926385614515584,90.0,90.0,0.14716487049062169,0.0072765250561638555,20,35,0.00627285847440362,570.0391518999822,0.9,0.9
er4,er4_m60_s1,es_transfer_dc,4,360,18010,1.3927826106503796,90.0,90.0,0.14715200606117368,0.0018432087494357555,20,35,0.008206754922866821,579.1618136999896,0.9,0.9
er4,er4_m60_s1,es_transfer_dc,4,365,18260,1.3927826106503796,90.0,90.0,0.14715200606117368,0.0018432087494357555,20,35,0.007582448422908783,584.6108368000132,0.9,0.9
er4,er4_m60_s1,es_transfer_dc,4,370,18510,1.3927826106503796,90.0,90.0,0.14715200606117368,0.0018432087494357555,20,35,0.00880314502865076,593.8311877999804,0.9,0.9
er4,er4_m60_s1,es_transfer_dc,4,375,18760,1.3930056092012795,90.0,90.0,0.1453808558600583,0.005437462371563465,20,36,0.00819272268563509,603.0380071999971,0.9,0.9
er4,er4_m60_s1,es_transfer_dc,4,380,19010,1.3931984256509666,90.0,90.0,0.14541493593782104,0.003280690947999137,20,36,0.0074219536036252975,608.1055884999805,0.9,0.9
er4,er4_m60_s1,es_transfer_dc,4,385,19260,1.393450136999367,90.0,90.0,0.14521657596720294,0.003872245044502577,20,34,0.007025863043963909,616.9971998999827,0.9,0.9
er4,er4_m60_s1,es_transfer_dc,4,390,19510,1.393450136999367,90.0,90.0,0.14521657596720297,0.0038722450445025144,20,35,0.00667555769905448,625.8011161999893,0.9,0.9
er4,er4_m60_s1,es_transfer_dc,4,395,19760,1.393450136999367,90.0,90.0,0.14521657596720297,0.0038722450445025144,20,35,0.006543092429637909,631.0294397000107,0.9,0.9
er4,er4_m60_s1,es_transfer_dc,4,400,20010,1.3934501369993673,90.0,90.0,0.145216575967203,0.003872245044502653,20,35,0.006782000418752432,640.1231497999979,0.9,0.9
